date,open,high,low,close,volume
2023-03-23 14:00:00,1.13,1.3276,1.0979,1.2798,20653.98
2023-03-23 15:00:00,1.2798,1.441,1.2466,1.3265,3757831.64
2023-03-23 16:00:00,1.3265,1.3561,1.2131,1.3031,12249810.81
2023-03-23 17:00:00,1.3031,1.3277,1.2692,1.2876,10277395.97
2023-03-23 18:00:00,1.2876,1.3431,1.2754,1.3265,6483945.84
2023-03-23 19:00:00,1.3265,1.4266,1.3212,1.4266,12295499.09
2023-03-23 20:00:00,1.4266,1.4882,1.3867,1.4163,22114425.08
2023-03-23 21:00:00,1.4163,1.4726,1.3859,1.4643,14064686.59
2023-03-23 22:00:00,1.4643,1.4682,1.3503,1.3777,15162355.73
2023-03-23 23:00:00,1.3777,1.3965,1.3112,1.3199,14551577.65
2023-03-24 00:00:00,1.3199,1.3965,1.3199,1.3753,5194663.16
2023-03-24 01:00:00,1.3753,1.4299,1.368,1.4147,4168818.12
2023-03-24 02:00:00,1.4147,1.4243,1.388,1.394,6047918.13
2023-03-24 03:00:00,1.394,1.4121,1.3686,1.3964,4287966.64
2023-03-24 04:00:00,1.3964,1.3971,1.3375,1.3623,7459658.61
2023-03-24 05:00:00,1.3623,1.3909,1.3539,1.3887,2227934.83
2023-03-24 06:00:00,1.3887,1.4243,1.3798,1.4137,7264497.52
2023-03-24 07:00:00,1.4137,1.488,1.4058,1.4803,19030959.66
2023-03-24 08:00:00,1.4803,1.5631,1.4796,1.5218,21099453.64
2023-03-24 09:00:00,1.5218,1.545,1.4691,1.4773,12721122.18
2023-03-24 10:00:00,1.4773,1.5065,1.4542,1.5027,7075051.1
2023-03-24 11:00:00,1.5027,1.5078,1.285,1.4117,15641393.17
2023-03-24 12:00:00,1.4117,1.4594,1.3984,1.4327,12262622.06
2023-03-24 13:00:00,1.4327,1.437,1.3692,1.4137,8905948.19
2023-03-24 14:00:00,1.4137,1.4542,1.3659,1.3713,8378977.54
2023-03-24 15:00:00,1.3713,1.3843,1.3347,1.3763,7394038.65
2023-03-24 16:00:00,1.3763,1.3763,1.3136,1.3254,5333769.87
2023-03-24 17:00:00,1.3254,1.3325,1.2413,1.272,12725248.74
2023-03-24 18:00:00,1.272,1.3026,1.2617,1.2912,7048221.84
2023-03-24 19:00:00,1.2912,1.3184,1.2751,1.3035,3958544.12
2023-03-24 20:00:00,1.3035,1.3035,1.2083,1.2381,10329924.58
2023-03-24 21:00:00,1.2381,1.2567,1.17,1.233,15809370.13
2023-03-24 22:00:00,1.233,1.2511,1.2238,1.2425,6589965.27
2023-03-24 23:00:00,1.2425,1.2852,1.2379,1.272,11679388.12
2023-03-25 00:00:00,1.272,1.2961,1.2312,1.2924,8817600.69
2023-03-25 01:00:00,1.2924,1.3066,1.269,1.2878,7915918.93
2023-03-25 02:00:00,1.2878,1.3136,1.2729,1.2778,5884664.14
2023-03-25 03:00:00,1.2778,1.2795,1.2438,1.2584,7896686.55
2023-03-25 04:00:00,1.2584,1.267,1.244,1.2465,4238275.92
2023-03-25 05:00:00,1.2465,1.2646,1.1985,1.217,8677035.35
2023-03-25 06:00:00,1.217,1.2357,1.182,1.2324,11902191.74
2023-03-25 07:00:00,1.2324,1.2534,1.2226,1.2327,6403291.76
2023-03-25 08:00:00,1.2327,1.2351,1.1945,1.2096,10348267.09
2023-03-25 09:00:00,1.2096,1.2286,1.1834,1.2206,9227793.98
2023-03-25 10:00:00,1.2206,1.2485,1.2067,1.2377,5975547.9
2023-03-25 11:00:00,1.2377,1.2649,1.2305,1.2392,6019810.58
2023-03-25 12:00:00,1.2392,1.2546,1.2236,1.2525,2767036.25
2023-03-25 13:00:00,1.2525,1.2752,1.2376,1.2626,3117564.72
2023-03-25 14:00:00,1.2626,1.2683,1.2305,1.2372,3695691.02
2023-03-25 15:00:00,1.2372,1.2633,1.2307,1.2535,2947589.77
2023-03-25 16:00:00,1.2535,1.2824,1.2454,1.2655,3509894.85
2023-03-25 17:00:00,1.2655,1.2715,1.2294,1.2347,6220952.14
2023-03-25 18:00:00,1.2347,1.2445,1.2102,1.2251,3807306.13
2023-03-25 19:00:00,1.2251,1.2269,1.1837,1.1874,8764866.47
2023-03-25 20:00:00,1.1874,1.2079,1.1779,1.1983,4879691.9
2023-03-25 21:00:00,1.1983,1.2127,1.1863,1.2001,5545863.83
2023-03-25 22:00:00,1.2001,1.2208,1.1978,1.2182,3254884.0
2023-03-25 23:00:00,1.2182,1.2299,1.2093,1.2166,1286265.93
2023-03-26 00:00:00,1.2166,1.236,1.2012,1.2213,4194678.49
2023-03-26 01:00:00,1.2213,1.2331,1.2139,1.2331,2131561.36
2023-03-26 02:00:00,1.2331,1.235,1.2242,1.2273,711495.33
2023-03-26 03:00:00,1.2273,1.2306,1.2124,1.2219,1882408.26
2023-03-26 04:00:00,1.2219,1.2261,1.203,1.2136,1267499.78
2023-03-26 05:00:00,1.2136,1.2291,1.2055,1.2235,1065957.29
2023-03-26 06:00:00,1.2235,1.2485,1.2186,1.2484,2282531.22
2023-03-26 07:00:00,1.2484,1.2717,1.2455,1.2608,4636433.86
2023-03-26 08:00:00,1.2608,1.3127,1.2608,1.3032,4028794.22
2023-03-26 09:00:00,1.3032,1.3087,1.285,1.2942,2795278.15
2023-03-26 10:00:00,1.2942,1.2976,1.279,1.2881,1481022.25
2023-03-26 11:00:00,1.2881,1.3017,1.2636,1.2923,3392697.05
2023-03-26 12:00:00,1.2923,1.302,1.2778,1.2902,3295791.17
2023-03-26 13:00:00,1.2902,1.3422,1.2875,1.3387,5650299.07
2023-03-26 14:00:00,1.3387,1.3452,1.2919,1.3038,5654693.88
2023-03-26 15:00:00,1.3038,1.3164,1.2946,1.3017,2230260.06
2023-03-26 16:00:00,1.3017,1.3075,1.2719,1.2765,2890887.54
2023-03-26 17:00:00,1.2765,1.2917,1.275,1.291,1466916.63
2023-03-26 18:00:00,1.291,1.2954,1.2776,1.2835,1658598.32
2023-03-26 19:00:00,1.2835,1.2885,1.2751,1.2837,1750280.3
2023-03-26 20:00:00,1.2837,1.2927,1.2314,1.2673,4416529.26
2023-03-26 21:00:00,1.2673,1.2679,1.2512,1.2602,1774637.87
2023-03-26 22:00:00,1.2602,1.2803,1.2566,1.2775,1897699.81
2023-03-26 23:00:00,1.2775,1.2911,1.276,1.2808,1386395.29
2023-03-27 00:00:00,1.2808,1.3177,1.2794,1.3154,3727527.56
2023-03-27 01:00:00,1.3154,1.3245,1.2874,1.2887,2851271.3
2023-03-27 02:00:00,1.2887,1.2919,1.2659,1.2771,2803522.99
2023-03-27 03:00:00,1.2771,1.2897,1.2751,1.2871,967425.75
2023-03-27 04:00:00,1.2871,1.2944,1.2751,1.2828,1023139.66
2023-03-27 05:00:00,1.2828,1.2839,1.2466,1.2528,3885744.23
2023-03-27 06:00:00,1.2528,1.265,1.2455,1.2638,1479969.38
2023-03-27 07:00:00,1.2638,1.2656,1.2494,1.256,1173448.65
2023-03-27 08:00:00,1.256,1.2656,1.2466,1.263,1195047.06
2023-03-27 09:00:00,1.263,1.2753,1.2571,1.2709,1100673.19
2023-03-27 10:00:00,1.2709,1.2735,1.2595,1.2647,418176.12
2023-03-27 11:00:00,1.2647,1.274,1.2531,1.2591,1251305.37
2023-03-27 12:00:00,1.2591,1.2633,1.231,1.2414,3579289.51
2023-03-27 13:00:00,1.2414,1.2504,1.2251,1.2359,2831040.8
2023-03-27 14:00:00,1.2359,1.2436,1.2026,1.2028,3865370.86
2023-03-27 15:00:00,1.2028,1.2077,1.1636,1.2039,7999794.06
2023-03-27 16:00:00,1.2039,1.2258,1.1922,1.1987,4032674.33
2023-03-27 17:00:00,1.1987,1.2023,1.1758,1.1774,2395416.22
2023-03-27 18:00:00,1.1774,1.1953,1.1742,1.1884,2181964.56
2023-03-27 19:00:00,1.1884,1.1949,1.1274,1.1499,4865156.91
2023-03-27 20:00:00,1.1499,1.1575,1.1137,1.14,10341901.35
2023-03-27 21:00:00,1.14,1.1542,1.1262,1.139,3744925.24
2023-03-27 22:00:00,1.139,1.1514,1.1354,1.1491,1336342.36
2023-03-27 23:00:00,1.1491,1.1654,1.1459,1.164,1734057.83
2023-03-28 00:00:00,1.164,1.164,1.1291,1.1354,4032410.89
2023-03-28 01:00:00,1.1354,1.1467,1.1082,1.1371,5149257.76
2023-03-28 02:00:00,1.1371,1.1435,1.1319,1.1404,1310890.52
2023-03-28 03:00:00,1.1404,1.1409,1.1197,1.1272,2202416.73
2023-03-28 04:00:00,1.1272,1.137,1.1137,1.1326,2713630.98
2023-03-28 05:00:00,1.1326,1.1456,1.1301,1.1455,4216638.35
2023-03-28 06:00:00,1.1455,1.1567,1.1431,1.1501,2893882.86
2023-03-28 07:00:00,1.1501,1.156,1.1366,1.1398,1802960.89
2023-03-28 08:00:00,1.1398,1.148,1.1353,1.1476,1509168.68
2023-03-28 09:00:00,1.1476,1.1503,1.1292,1.1302,2486787.59
2023-03-28 10:00:00,1.1302,1.1352,1.1164,1.1269,3815267.79
2023-03-28 11:00:00,1.1269,1.1537,1.1248,1.1493,2237599.72
2023-03-28 12:00:00,1.1493,1.1632,1.1419,1.1513,3551895.64
2023-03-28 13:00:00,1.1513,1.1539,1.1347,1.1429,2796299.49
2023-03-28 14:00:00,1.1429,1.1765,1.141,1.159,3687808.84
2023-03-28 15:00:00,1.159,1.1727,1.1581,1.171,2738671.89
2023-03-28 16:00:00,1.171,1.1826,1.1513,1.1562,2612814.98
2023-03-28 17:00:00,1.1562,1.1616,1.1414,1.1498,1928485.91
2023-03-28 18:00:00,1.1498,1.1802,1.1465,1.1784,1581229.61
2023-03-28 19:00:00,1.1784,1.2117,1.1745,1.2066,3700312.94
2023-03-28 20:00:00,1.2066,1.2126,1.1928,1.1969,1234552.61
2023-03-28 21:00:00,1.1969,1.2012,1.1817,1.1863,2188683.15
2023-03-28 22:00:00,1.1863,1.1928,1.1809,1.1918,1871913.89
2023-03-28 23:00:00,1.1918,1.2231,1.1913,1.219,4450385.06
2023-03-29 00:00:00,1.219,1.2399,1.2126,1.2321,3354097.79
2023-03-29 01:00:00,1.2321,1.2444,1.2226,1.2259,2800860.63
2023-03-29 02:00:00,1.2259,1.2319,1.2202,1.2235,1593326.01
2023-03-29 03:00:00,1.2235,1.2292,1.218,1.2266,954327.73
2023-03-29 04:00:00,1.2266,1.2476,1.2251,1.2373,2337393.03
2023-03-29 05:00:00,1.2373,1.2492,1.2296,1.2334,467938.16
2023-03-29 06:00:00,1.2334,1.2611,1.2261,1.252,2254247.11
2023-03-29 07:00:00,1.252,1.2588,1.2452,1.2552,639157.95
2023-03-29 08:00:00,1.2552,1.2752,1.2514,1.2622,881353.04
2023-03-29 09:00:00,1.2622,1.2671,1.2515,1.2515,426521.52
2023-03-29 10:00:00,1.2515,1.2585,1.2417,1.2452,315132.05
2023-03-29 11:00:00,1.2452,1.248,1.2328,1.2407,862302.39
2023-03-29 12:00:00,1.2407,1.2456,1.2211,1.2367,1481612.88
2023-03-29 13:00:00,1.2367,1.24,1.2273,1.2351,497344.61
2023-03-29 14:00:00,1.2351,1.2448,1.1996,1.2017,1375303.8
2023-03-29 15:00:00,1.2017,1.2163,1.1927,1.2147,1001754.53
2023-03-29 16:00:00,1.2147,1.2169,1.1943,1.1964,606189.53
2023-03-29 17:00:00,1.1964,1.2136,1.1959,1.205,751128.43
2023-03-29 18:00:00,1.205,1.2226,1.2046,1.2188,259327.6
2023-03-29 19:00:00,1.2188,1.227,1.2127,1.2232,225316.29
2023-03-29 20:00:00,1.2232,1.2264,1.2126,1.2134,267556.85
2023-03-29 21:00:00,1.2134,1.2237,1.2091,1.219,339961.79
2023-03-29 22:00:00,1.219,1.2257,1.2007,1.2228,412490.4
2023-03-29 23:00:00,1.2228,1.2326,1.2205,1.2242,154715.09
2023-03-30 00:00:00,1.2242,1.2587,1.2215,1.237,1496614.08
2023-03-30 01:00:00,1.237,1.3114,1.2352,1.3032,10022026.47
2023-03-30 02:00:00,1.3032,1.3452,1.3002,1.3043,4892466.24
2023-03-30 03:00:00,1.3043,1.3094,1.2473,1.2908,4993041.84
2023-03-30 04:00:00,1.2908,1.3058,1.2861,1.2988,1319804.22
2023-03-30 05:00:00,1.2988,1.3023,1.283,1.2958,1451346.42
2023-03-30 06:00:00,1.2958,1.3623,1.2919,1.3488,9483472.06
2023-03-30 07:00:00,1.3488,1.3731,1.3363,1.3664,3380677.03
2023-03-30 08:00:00,1.3664,1.4287,1.3624,1.3788,6575092.05
2023-03-30 09:00:00,1.3788,1.395,1.3525,1.3873,3148612.26
2023-03-30 10:00:00,1.3873,1.394,1.3582,1.3663,1943687.67
2023-03-30 11:00:00,1.3663,1.3964,1.3623,1.3798,1257531.35
2023-03-30 12:00:00,1.3798,1.3935,1.3658,1.377,1962577.43
2023-03-30 13:00:00,1.377,1.3777,1.3335,1.3491,2169606.98
2023-03-30 14:00:00,1.3491,1.3588,1.3351,1.3491,1127068.6
2023-03-30 15:00:00,1.3491,1.3575,1.3246,1.3317,1149510.39
2023-03-30 16:00:00,1.3317,1.3418,1.3075,1.3303,1732481.41
2023-03-30 17:00:00,1.3303,1.3326,1.3023,1.3211,1341919.19
2023-03-30 18:00:00,1.3211,1.3418,1.3181,1.3333,793961.41
2023-03-30 19:00:00,1.3333,1.3524,1.3285,1.3426,1497213.1
2023-03-30 20:00:00,1.3426,1.393,1.3416,1.3777,1270980.33
2023-03-30 21:00:00,1.3777,1.3889,1.3693,1.3844,753253.01
2023-03-30 22:00:00,1.3844,1.3875,1.3516,1.3567,1024018.03
2023-03-30 23:00:00,1.3567,1.3845,1.3529,1.3786,981137.77
2023-03-31 00:00:00,1.3786,1.3833,1.3546,1.3783,853097.87
2023-03-31 01:00:00,1.3783,1.4191,1.3773,1.4053,2781832.73
2023-03-31 02:00:00,1.4053,1.414,1.3912,1.3972,1096733.96
2023-03-31 03:00:00,1.3972,1.4422,1.397,1.422,2250912.0
2023-03-31 04:00:00,1.422,1.4231,1.4069,1.4179,742892.03
2023-03-31 05:00:00,1.4179,1.4315,1.3931,1.3977,1182510.92
2023-03-31 06:00:00,1.3977,1.4021,1.3737,1.3798,1486188.86
2023-03-31 07:00:00,1.3798,1.3845,1.3273,1.3545,2588730.77
2023-03-31 08:00:00,1.3545,1.3625,1.3374,1.3507,1016899.46
2023-03-31 09:00:00,1.3507,1.3677,1.3405,1.3475,1204395.26
2023-03-31 10:00:00,1.3475,1.3616,1.3452,1.3456,569819.77
2023-03-31 11:00:00,1.3456,1.3598,1.3322,1.355,776729.26
2023-03-31 12:00:00,1.355,1.3771,1.3419,1.3708,1563477.91
2023-03-31 13:00:00,1.3708,1.41,1.367,1.3855,2354452.74
2023-03-31 14:00:00,1.3855,1.3983,1.3799,1.3816,1076129.04
2023-03-31 15:00:00,1.3816,1.3858,1.3591,1.3686,665999.74
2023-03-31 16:00:00,1.3686,1.3737,1.352,1.3729,434117.97
2023-03-31 17:00:00,1.3729,1.3815,1.369,1.3803,314957.27
2023-03-31 18:00:00,1.3803,1.3803,1.3695,1.3787,322497.55
2023-03-31 19:00:00,1.3787,1.3886,1.3709,1.382,361119.11
2023-03-31 20:00:00,1.382,1.3881,1.3723,1.3729,471701.33
2023-03-31 21:00:00,1.3729,1.4057,1.3722,1.3934,531657.54
2023-03-31 22:00:00,1.3934,1.4059,1.3899,1.401,612620.18
2023-03-31 23:00:00,1.401,1.4065,1.3861,1.3882,377134.71
2023-04-01 00:00:00,1.3882,1.4011,1.3722,1.3761,818008.43
2023-04-01 01:00:00,1.3761,1.3818,1.3592,1.3797,811164.77
2023-04-01 02:00:00,1.3797,1.3893,1.3621,1.368,1052347.87
2023-04-01 03:00:00,1.368,1.3734,1.3537,1.3553,923472.03
2023-04-01 04:00:00,1.3553,1.3655,1.3533,1.3572,1039857.1
2023-04-01 05:00:00,1.3572,1.3585,1.3377,1.3395,1626864.79
2023-04-01 06:00:00,1.3395,1.3418,1.317,1.3386,1912769.14
2023-04-01 07:00:00,1.3386,1.3415,1.3253,1.3338,863627.53
2023-04-01 08:00:00,1.3338,1.3353,1.3166,1.3269,1356278.42
2023-04-01 09:00:00,1.3269,1.3385,1.324,1.3303,384955.51
2023-04-01 10:00:00,1.3303,1.3448,1.3221,1.3404,794234.7
2023-04-01 11:00:00,1.3404,1.3426,1.3303,1.3327,794795.3
2023-04-01 12:00:00,1.3327,1.3436,1.3251,1.3422,863504.68
2023-04-01 13:00:00,1.3422,1.3422,1.3294,1.3331,558697.66
2023-04-01 14:00:00,1.3331,1.3344,1.304,1.3123,1958192.82
2023-04-01 15:00:00,1.3123,1.3204,1.2689,1.2901,4546363.36
2023-04-01 16:00:00,1.2901,1.2926,1.2583,1.2676,2763697.8
2023-04-01 17:00:00,1.2676,1.2748,1.2638,1.2727,1010245.38
2023-04-01 18:00:00,1.2727,1.2803,1.2687,1.2767,1401277.76
2023-04-01 19:00:00,1.2767,1.2822,1.2604,1.2664,711510.09
2023-04-01 20:00:00,1.2664,1.2952,1.2664,1.2835,1402296.82
2023-04-01 21:00:00,1.2835,1.2966,1.2833,1.2952,783537.16
2023-04-01 22:00:00,1.2952,1.301,1.2904,1.2923,398981.34
2023-04-01 23:00:00,1.2923,1.2969,1.2872,1.2913,376141.55
2023-04-02 00:00:00,1.2913,1.2972,1.2663,1.2711,920820.99
2023-04-02 01:00:00,1.2711,1.2775,1.2675,1.2691,507620.82
2023-04-02 02:00:00,1.2691,1.2762,1.2637,1.2682,1027873.89
2023-04-02 03:00:00,1.2682,1.2757,1.2655,1.2733,538928.59
2023-04-02 04:00:00,1.2733,1.2734,1.2262,1.241,3031446.9
2023-04-02 05:00:00,1.241,1.2515,1.241,1.2502,589200.71
2023-04-02 06:00:00,1.2502,1.2687,1.2485,1.2684,685612.32
2023-04-02 07:00:00,1.2684,1.2687,1.2534,1.2632,998857.13
2023-04-02 08:00:00,1.2632,1.2762,1.2522,1.2695,1609599.18
2023-04-02 09:00:00,1.2695,1.2885,1.2665,1.2792,1106913.74
2023-04-02 10:00:00,1.2792,1.2835,1.2711,1.2738,1111758.33
2023-04-02 11:00:00,1.2738,1.2793,1.2643,1.2784,1282412.22
2023-04-02 12:00:00,1.2784,1.2784,1.2543,1.261,1621081.68
2023-04-02 13:00:00,1.261,1.261,1.2084,1.2161,5418402.62
2023-04-02 14:00:00,1.2161,1.2223,1.1645,1.1696,7869366.9
2023-04-02 15:00:00,1.1696,1.187,1.1499,1.1835,5951311.52
2023-04-02 16:00:00,1.1835,1.2107,1.1703,1.1905,7949336.93
2023-04-02 17:00:00,1.1905,1.2075,1.1797,1.1868,2690341.29
2023-04-02 18:00:00,1.1868,1.1872,1.1719,1.1764,1763711.78
2023-04-02 19:00:00,1.1764,1.1807,1.131,1.1493,5473461.17
2023-04-02 20:00:00,1.1493,1.1637,1.1314,1.162,3293598.26
2023-04-02 21:00:00,1.162,1.1621,1.1424,1.1502,1025601.51
2023-04-02 22:00:00,1.1502,1.1966,1.1368,1.1874,5756420.52
2023-04-02 23:00:00,1.1874,1.2025,1.1835,1.1997,2641847.42
2023-04-03 00:00:00,1.1997,1.1997,1.1727,1.1927,3542181.72
2023-04-03 01:00:00,1.1927,1.2061,1.1451,1.1708,5322458.99
2023-04-03 02:00:00,1.1708,1.2059,1.1622,1.2003,3582773.96
2023-04-03 03:00:00,1.2003,1.2063,1.1877,1.1957,1429866.69
2023-04-03 04:00:00,1.1957,1.1963,1.1754,1.1845,1966387.1
2023-04-03 05:00:00,1.1845,1.1863,1.1758,1.1771,836153.27
2023-04-03 06:00:00,1.1771,1.1971,1.176,1.1948,964088.01
2023-04-03 07:00:00,1.1948,1.2181,1.1941,1.2154,1907541.04
2023-04-03 08:00:00,1.2154,1.2267,1.2008,1.2089,2574915.0
2023-04-03 09:00:00,1.2089,1.2198,1.205,1.2175,763882.28
2023-04-03 10:00:00,1.2175,1.2224,1.2014,1.2036,636333.12
2023-04-03 11:00:00,1.2036,1.2076,1.1922,1.1977,740889.85
2023-04-03 12:00:00,1.1977,1.2003,1.1793,1.189,1288238.14
2023-04-03 13:00:00,1.189,1.2005,1.182,1.182,1736605.96
2023-04-03 14:00:00,1.182,1.1863,1.1654,1.1711,1157597.66
2023-04-03 15:00:00,1.1711,1.1846,1.1661,1.1747,1054176.88
2023-04-03 16:00:00,1.1747,1.1793,1.1511,1.1563,1440049.21
2023-04-03 17:00:00,1.1563,1.1741,1.154,1.1643,1236202.04
2023-04-03 18:00:00,1.1643,1.1926,1.1453,1.1826,3267881.79
2023-04-03 19:00:00,1.1826,1.1928,1.162,1.1681,991751.03
2023-04-03 20:00:00,1.1681,1.1714,1.1151,1.1216,3621743.0
2023-04-03 21:00:00,1.1216,1.1449,1.0948,1.1397,2707102.42
2023-04-03 22:00:00,1.1397,1.1679,1.1373,1.1521,1233467.15
2023-04-03 23:00:00,1.1521,1.1605,1.1483,1.151,525819.84
2023-04-04 00:00:00,1.151,1.176,1.151,1.1634,1559046.79
2023-04-04 01:00:00,1.1634,1.1682,1.1541,1.1596,665818.65
2023-04-04 02:00:00,1.1596,1.1667,1.156,1.157,348183.49
2023-04-04 03:00:00,1.157,1.1633,1.147,1.1507,577733.39
2023-04-04 04:00:00,1.1507,1.1556,1.1462,1.1518,580312.36
2023-04-04 05:00:00,1.1518,1.1699,1.1493,1.1687,1001803.61
2023-04-04 06:00:00,1.1687,1.1876,1.1659,1.1781,1519186.42
2023-04-04 07:00:00,1.1781,1.1861,1.169,1.1715,1078581.65
2023-04-04 08:00:00,1.1715,1.1829,1.1652,1.1792,773591.54
2023-04-04 09:00:00,1.1792,1.1882,1.1687,1.1879,659253.89
2023-04-04 10:00:00,1.1879,1.197,1.1841,1.1844,1796460.88
2023-04-04 11:00:00,1.1844,1.2172,1.1807,1.2054,2009266.72
2023-04-04 12:00:00,1.2054,1.215,1.198,1.2149,1036372.8
2023-04-04 13:00:00,1.2149,1.221,1.1952,1.1975,2161635.84
2023-04-04 14:00:00,1.1975,1.2181,1.1966,1.2152,2255775.25
2023-04-04 15:00:00,1.2152,1.237,1.2044,1.23,2091350.23
2023-04-04 16:00:00,1.23,1.2562,1.2241,1.2453,1640418.98
2023-04-04 17:00:00,1.2453,1.2631,1.2405,1.2432,1212643.5
2023-04-04 18:00:00,1.2432,1.2432,1.2304,1.2354,469890.6
2023-04-04 19:00:00,1.2354,1.241,1.2318,1.236,265352.47
2023-04-04 20:00:00,1.236,1.2511,1.2326,1.2497,291584.2
2023-04-04 21:00:00,1.2497,1.2596,1.2418,1.2594,394969.94
2023-04-04 22:00:00,1.2594,1.2594,1.2354,1.2381,396233.34
2023-04-04 23:00:00,1.2381,1.2427,1.224,1.2331,487137.7
2023-04-05 00:00:00,1.2331,1.2679,1.2145,1.2597,1905966.44
2023-04-05 01:00:00,1.2597,1.265,1.2494,1.251,605797.52
2023-04-05 02:00:00,1.251,1.2886,1.251,1.2757,1751934.31
2023-04-05 03:00:00,1.2757,1.2825,1.2691,1.2733,561488.87
2023-04-05 04:00:00,1.2733,1.2772,1.2635,1.2648,319003.45
2023-04-05 05:00:00,1.2648,1.2783,1.2633,1.2675,215739.39
2023-04-05 06:00:00,1.2675,1.2714,1.2592,1.2631,307814.9
2023-04-05 07:00:00,1.2631,1.2675,1.2502,1.2665,474720.84
2023-04-05 08:00:00,1.2665,1.2667,1.255,1.2625,211205.36
2023-04-05 09:00:00,1.2625,1.2864,1.2597,1.2759,665937.24
2023-04-05 10:00:00,1.2759,1.2778,1.2679,1.2745,284054.27
2023-04-05 11:00:00,1.2745,1.2748,1.265,1.2694,391964.62
2023-04-05 12:00:00,1.2694,1.2779,1.2405,1.2697,1234648.98
2023-04-05 13:00:00,1.2697,1.2745,1.2456,1.2531,624662.77
2023-04-05 14:00:00,1.2531,1.2553,1.2293,1.23,1215146.87
2023-04-05 15:00:00,1.23,1.2352,1.2177,1.2268,945725.39
2023-04-05 16:00:00,1.2268,1.2327,1.2143,1.2181,755745.51
2023-04-05 17:00:00,1.2181,1.2281,1.2025,1.2229,576780.22
2023-04-05 18:00:00,1.2229,1.2266,1.2116,1.2236,179066.74
2023-04-05 19:00:00,1.2236,1.263,1.2208,1.2487,1441489.95
2023-04-05 20:00:00,1.2487,1.2577,1.2367,1.2416,430783.38
2023-04-05 21:00:00,1.2416,1.2486,1.2395,1.2479,174377.21
2023-04-05 22:00:00,1.2479,1.2489,1.2345,1.2441,288189.79
2023-04-05 23:00:00,1.2441,1.2495,1.2381,1.2415,297273.46
2023-04-06 00:00:00,1.2415,1.243,1.2169,1.222,895344.16
2023-04-06 01:00:00,1.222,1.2289,1.2105,1.2254,879300.79
2023-04-06 02:00:00,1.2254,1.2275,1.2155,1.2206,348650.1
2023-04-06 03:00:00,1.2206,1.2299,1.2153,1.2294,542286.38
2023-04-06 04:00:00,1.2294,1.2296,1.2189,1.2206,160020.41
2023-04-06 05:00:00,1.2206,1.2224,1.2054,1.2083,774114.56
2023-04-06 06:00:00,1.2083,1.218,1.2074,1.2179,144700.07
2023-04-06 07:00:00,1.2179,1.2184,1.1975,1.1976,484443.44
2023-04-06 08:00:00,1.1976,1.2038,1.1895,1.1993,1026215.87
2023-04-06 09:00:00,1.1993,1.2081,1.1913,1.1913,496155.54
2023-04-06 10:00:00,1.1913,1.1936,1.1785,1.1921,1273655.96
2023-04-06 11:00:00,1.1921,1.2005,1.1911,1.2002,219832.84
2023-04-06 12:00:00,1.2002,1.2045,1.188,1.1899,385250.49
2023-04-06 13:00:00,1.1899,1.2019,1.1861,1.2,1309490.34
2023-04-06 14:00:00,1.2,1.2067,1.1965,1.2011,355515.4
2023-04-06 15:00:00,1.2011,1.2147,1.201,1.2076,587714.16
2023-04-06 16:00:00,1.2076,1.2156,1.2053,1.2083,134986.84
2023-04-06 17:00:00,1.2083,1.212,1.2028,1.2052,325162.23
2023-04-06 18:00:00,1.2052,1.2112,1.1951,1.1985,546119.01
2023-04-06 19:00:00,1.1985,1.2105,1.197,1.2018,260763.58
2023-04-06 20:00:00,1.2018,1.2127,1.1909,1.1941,534643.45
2023-04-06 21:00:00,1.1941,1.2023,1.1914,1.1962,159955.17
2023-04-06 22:00:00,1.1962,1.2069,1.1957,1.2035,75191.18
2023-04-06 23:00:00,1.2035,1.2139,1.2035,1.213,122977.43
2023-04-07 00:00:00,1.213,1.2353,1.2079,1.2294,577679.06
2023-04-07 01:00:00,1.2294,1.2396,1.2252,1.2365,400093.63
2023-04-07 02:00:00,1.2365,1.2411,1.2238,1.2368,795297.5
2023-04-07 03:00:00,1.2368,1.2454,1.2258,1.2275,659433.65
2023-04-07 04:00:00,1.2275,1.2338,1.2228,1.2254,326350.8
2023-04-07 05:00:00,1.2254,1.2272,1.2112,1.2174,632677.84
2023-04-07 06:00:00,1.2174,1.2184,1.1991,1.2022,624665.18
2023-04-07 07:00:00,1.2022,1.2038,1.1917,1.1969,510215.0
2023-04-07 08:00:00,1.1969,1.2041,1.1913,1.1922,662216.14
2023-04-07 09:00:00,1.1922,1.2012,1.1909,1.2008,199478.01
2023-04-07 10:00:00,1.2008,1.2033,1.1976,1.2014,251591.57
2023-04-07 11:00:00,1.2014,1.202,1.1833,1.1863,917931.49
2023-04-07 12:00:00,1.1863,1.1991,1.1831,1.1962,864574.87
2023-04-07 13:00:00,1.1962,1.2023,1.1921,1.1995,502950.53
2023-04-07 14:00:00,1.1995,1.2046,1.1964,1.1973,292907.21
2023-04-07 15:00:00,1.1973,1.2,1.1942,1.1984,183828.6
2023-04-07 16:00:00,1.1984,1.1997,1.1863,1.189,152954.39
2023-04-07 17:00:00,1.189,1.1921,1.187,1.1889,107914.13
2023-04-07 18:00:00,1.1889,1.1937,1.1866,1.1893,151948.63
2023-04-07 19:00:00,1.1893,1.1896,1.1844,1.189,127883.27
2023-04-07 20:00:00,1.189,1.1917,1.18,1.182,220256.2
2023-04-07 21:00:00,1.182,1.1899,1.181,1.1881,65369.04
2023-04-07 22:00:00,1.1881,1.2008,1.1862,1.1988,198181.59
2023-04-07 23:00:00,1.1988,1.1997,1.1932,1.1948,237642.8
2023-04-08 00:00:00,1.1948,1.1954,1.1819,1.1843,333257.74
2023-04-08 01:00:00,1.1843,1.1916,1.182,1.189,237796.72
2023-04-08 02:00:00,1.189,1.1947,1.1877,1.1947,167247.04
2023-04-08 03:00:00,1.1947,1.2017,1.1927,1.2002,190512.05
2023-04-08 04:00:00,1.2002,1.2008,1.1942,1.198,303631.79
2023-04-08 05:00:00,1.198,1.2082,1.1974,1.2076,322873.24
2023-04-08 06:00:00,1.2076,1.2079,1.2028,1.2038,173832.03
2023-04-08 07:00:00,1.2038,1.2067,1.2017,1.203,106753.05
2023-04-08 08:00:00,1.203,1.207,1.1946,1.1953,253279.67
2023-04-08 09:00:00,1.1953,1.1996,1.1942,1.1952,186417.19
2023-04-08 10:00:00,1.1952,1.1975,1.1888,1.1896,193972.49
2023-04-08 11:00:00,1.1896,1.1935,1.1865,1.1888,515727.45
2023-04-08 12:00:00,1.1888,1.1895,1.1857,1.1879,300920.12
2023-04-08 13:00:00,1.1879,1.1894,1.184,1.1851,252544.21
2023-04-08 14:00:00,1.1851,1.1912,1.185,1.188,93467.83
2023-04-08 15:00:00,1.188,1.1883,1.1815,1.1865,223707.07
2023-04-08 16:00:00,1.1865,1.1865,1.1832,1.1845,93414.7
2023-04-08 17:00:00,1.1845,1.1889,1.16,1.1682,927621.32
2023-04-08 18:00:00,1.1682,1.1723,1.1505,1.1587,616868.18
2023-04-08 19:00:00,1.1587,1.1626,1.154,1.1599,298120.07
2023-04-08 20:00:00,1.1599,1.1648,1.1567,1.1567,279967.94
2023-04-08 21:00:00,1.1567,1.1616,1.1564,1.1614,160855.14
2023-04-08 22:00:00,1.1614,1.1614,1.1522,1.1601,373861.63
2023-04-08 23:00:00,1.1601,1.1673,1.159,1.1607,209276.9
2023-04-09 00:00:00,1.1607,1.1759,1.1596,1.1693,325824.37
2023-04-09 01:00:00,1.1693,1.1743,1.1682,1.1722,126436.84
2023-04-09 02:00:00,1.1722,1.1793,1.1712,1.1712,275559.48
2023-04-09 03:00:00,1.1712,1.1715,1.1663,1.1665,154965.11
2023-04-09 04:00:00,1.1665,1.1736,1.1657,1.1721,171630.71
2023-04-09 05:00:00,1.1721,1.1746,1.1664,1.1669,219854.21
2023-04-09 06:00:00,1.1669,1.1669,1.1556,1.1613,676693.41
2023-04-09 07:00:00,1.1613,1.1664,1.1568,1.1614,285689.91
2023-04-09 08:00:00,1.1614,1.1621,1.1544,1.1588,261391.46
2023-04-09 09:00:00,1.1588,1.1648,1.1567,1.158,699305.08
2023-04-09 10:00:00,1.158,1.16,1.153,1.1543,362863.23
2023-04-09 11:00:00,1.1543,1.1621,1.1537,1.162,434189.22
2023-04-09 12:00:00,1.162,1.169,1.1596,1.1639,442307.56
2023-04-09 13:00:00,1.1639,1.1671,1.1572,1.1583,346194.09
2023-04-09 14:00:00,1.1583,1.1604,1.1429,1.1502,1110852.86
2023-04-09 15:00:00,1.1502,1.1572,1.1463,1.1544,390578.76
2023-04-09 16:00:00,1.1544,1.1638,1.1524,1.1631,215092.31
2023-04-09 17:00:00,1.1631,1.1635,1.1525,1.1574,196309.09
2023-04-09 18:00:00,1.1574,1.171,1.1574,1.1696,249893.56
2023-04-09 19:00:00,1.1696,1.1821,1.1675,1.17,1020026.11
2023-04-09 20:00:00,1.17,1.177,1.1692,1.1742,177730.32
2023-04-09 21:00:00,1.1742,1.1881,1.1739,1.1867,486133.12
2023-04-09 22:00:00,1.1867,1.1968,1.1854,1.1875,598335.71
2023-04-09 23:00:00,1.1875,1.1891,1.179,1.1798,249049.49
2023-04-10 00:00:00,1.1798,1.1913,1.177,1.191,222097.02
2023-04-10 01:00:00,1.191,1.191,1.1654,1.1709,361390.25
2023-04-10 02:00:00,1.1709,1.1754,1.169,1.1712,225873.12
2023-04-10 03:00:00,1.1712,1.1806,1.1697,1.1767,137142.23
2023-04-10 04:00:00,1.1767,1.1832,1.1742,1.1754,251135.23
2023-04-10 05:00:00,1.1754,1.1816,1.17,1.1812,262082.76
2023-04-10 06:00:00,1.1812,1.1821,1.1755,1.1777,528612.13
2023-04-10 07:00:00,1.1777,1.1784,1.1697,1.1731,630901.55
2023-04-10 08:00:00,1.1731,1.1778,1.1659,1.1669,675429.78
2023-04-10 09:00:00,1.1669,1.1739,1.1667,1.1694,369385.71
2023-04-10 10:00:00,1.1694,1.1739,1.1676,1.1739,138418.46
2023-04-10 11:00:00,1.1739,1.1742,1.1697,1.1713,159299.23
2023-04-10 12:00:00,1.1713,1.1713,1.1631,1.1691,353155.67
2023-04-10 13:00:00,1.1691,1.1709,1.1612,1.1633,466552.21
2023-04-10 14:00:00,1.1633,1.1743,1.1605,1.1719,774938.62
2023-04-10 15:00:00,1.1719,1.1839,1.1719,1.1791,904144.13
2023-04-10 16:00:00,1.1791,1.2045,1.1771,1.2029,1070897.33
2023-04-10 17:00:00,1.2029,1.2321,1.2029,1.2272,3600330.96
2023-04-10 18:00:00,1.2272,1.236,1.224,1.2346,1254544.7
2023-04-10 19:00:00,1.2346,1.2357,1.2187,1.2255,1458537.85
2023-04-10 20:00:00,1.2255,1.2269,1.2117,1.2174,871937.18
2023-04-10 21:00:00,1.2174,1.2248,1.2168,1.2239,445734.87
2023-04-10 22:00:00,1.2239,1.236,1.2239,1.2312,927902.64
2023-04-10 23:00:00,1.2312,1.2525,1.2312,1.2409,1153427.44
2023-04-11 00:00:00,1.2409,1.247,1.2338,1.2407,817423.67
2023-04-11 01:00:00,1.2407,1.2518,1.2269,1.2483,1133267.49
2023-04-11 02:00:00,1.2483,1.2574,1.2403,1.2438,532667.65
2023-04-11 03:00:00,1.2438,1.2443,1.2331,1.2397,180199.72
2023-04-11 04:00:00,1.2397,1.2408,1.2307,1.2377,162407.05
2023-04-11 05:00:00,1.2377,1.242,1.2244,1.2271,276025.87
2023-04-11 06:00:00,1.2271,1.239,1.2264,1.2377,192536.36
2023-04-11 07:00:00,1.2377,1.2425,1.2357,1.2398,204130.04
2023-04-11 08:00:00,1.2398,1.2411,1.2289,1.2339,231180.67
2023-04-11 09:00:00,1.2339,1.2339,1.2222,1.2327,251461.81
2023-04-11 10:00:00,1.2327,1.2375,1.2297,1.2351,96865.14
2023-04-11 11:00:00,1.2351,1.2358,1.2279,1.2287,100969.58
2023-04-11 12:00:00,1.2287,1.232,1.2211,1.2248,139593.6
2023-04-11 13:00:00,1.2248,1.231,1.2195,1.2305,303170.21
2023-04-11 14:00:00,1.2305,1.2356,1.219,1.2229,682157.69
2023-04-11 15:00:00,1.2229,1.2323,1.219,1.2295,411330.72
2023-04-11 16:00:00,1.2295,1.2336,1.22,1.224,379794.84
2023-04-11 17:00:00,1.224,1.2269,1.2193,1.2262,232281.11
2023-04-11 18:00:00,1.2262,1.2402,1.225,1.2357,398099.33
2023-04-11 19:00:00,1.2357,1.24,1.2088,1.2147,685556.53
2023-04-11 20:00:00,1.2147,1.2158,1.2037,1.214,485597.94
2023-04-11 21:00:00,1.214,1.2174,1.2122,1.2154,78494.81
2023-04-11 22:00:00,1.2154,1.2209,1.2127,1.2172,111229.79
2023-04-11 23:00:00,1.2172,1.2179,1.212,1.2152,228322.0
2023-04-12 00:00:00,1.2152,1.2183,1.1952,1.1993,356280.52
2023-04-12 01:00:00,1.1993,1.2012,1.1808,1.186,532143.37
2023-04-12 02:00:00,1.186,1.186,1.1518,1.1629,2209352.95
2023-04-12 03:00:00,1.1629,1.1673,1.1584,1.1648,289664.05
2023-04-12 04:00:00,1.1648,1.1702,1.1613,1.1693,158720.94
2023-04-12 05:00:00,1.1693,1.1704,1.1658,1.1674,228699.51
2023-04-12 06:00:00,1.1674,1.1737,1.1612,1.1722,184323.69
2023-04-12 07:00:00,1.1722,1.1813,1.1715,1.174,273745.63
2023-04-12 08:00:00,1.174,1.178,1.1655,1.1658,538832.37
2023-04-12 09:00:00,1.1658,1.1724,1.1645,1.1704,115373.3
2023-04-12 10:00:00,1.1704,1.1704,1.163,1.167,112019.21
2023-04-12 11:00:00,1.167,1.1689,1.1637,1.1682,73510.05
2023-04-12 12:00:00,1.1682,1.1935,1.1599,1.179,2321404.62
2023-04-12 13:00:00,1.179,1.1912,1.171,1.1754,263960.17
2023-04-12 14:00:00,1.1754,1.199,1.1734,1.1867,472869.34
2023-04-12 15:00:00,1.1867,1.1989,1.1724,1.1941,447605.92
2023-04-12 16:00:00,1.1941,1.2084,1.1875,1.1912,455067.14
2023-04-12 17:00:00,1.1912,1.2005,1.19,1.19,176071.03
2023-04-12 18:00:00,1.19,1.1972,1.185,1.1889,169047.43
2023-04-12 19:00:00,1.1889,1.1906,1.1808,1.186,117349.21
2023-04-12 20:00:00,1.186,1.1925,1.186,1.1888,80205.65
2023-04-12 21:00:00,1.1888,1.1951,1.1888,1.1947,32642.82
2023-04-12 22:00:00,1.1947,1.1961,1.1849,1.1867,78214.05
2023-04-12 23:00:00,1.1867,1.1966,1.1857,1.1916,72051.4
2023-04-13 00:00:00,1.1916,1.1948,1.1833,1.1843,326504.51
2023-04-13 01:00:00,1.1843,1.1863,1.1765,1.184,102906.96
2023-04-13 02:00:00,1.184,1.1935,1.18,1.1925,110723.84
2023-04-13 03:00:00,1.1925,1.1959,1.1904,1.1935,116344.05
2023-04-13 04:00:00,1.1935,1.1997,1.1919,1.1936,90261.35
2023-04-13 05:00:00,1.1936,1.2011,1.1924,1.2001,122570.32
2023-04-13 06:00:00,1.2001,1.2158,1.1994,1.2044,422873.1
2023-04-13 07:00:00,1.2044,1.246,1.2044,1.2446,1660706.27
2023-04-13 08:00:00,1.2446,1.292,1.244,1.2775,3979341.88
2023-04-13 09:00:00,1.2775,1.3272,1.2733,1.3116,3457016.82
2023-04-13 10:00:00,1.3116,1.3232,1.3029,1.3165,1379477.23
2023-04-13 11:00:00,1.3165,1.3246,1.2996,1.3035,1228729.4
2023-04-13 12:00:00,1.3035,1.3491,1.3035,1.3446,3490482.9
2023-04-13 13:00:00,1.3446,1.3569,1.3208,1.3211,2089402.5
2023-04-13 14:00:00,1.3211,1.338,1.316,1.3327,1526498.34
2023-04-13 15:00:00,1.3327,1.3389,1.3197,1.33,911223.19
2023-04-13 16:00:00,1.33,1.3435,1.3262,1.3409,418789.47
2023-04-13 17:00:00,1.3409,1.3669,1.3387,1.347,1019517.85
2023-04-13 18:00:00,1.347,1.3724,1.3443,1.363,998246.17
2023-04-13 19:00:00,1.363,1.3719,1.3582,1.3662,505297.46
2023-04-13 20:00:00,1.3662,1.3708,1.3469,1.3577,676894.8
2023-04-13 21:00:00,1.3577,1.375,1.356,1.3678,440814.54
2023-04-13 22:00:00,1.3678,1.3754,1.3548,1.3573,611261.83
2023-04-13 23:00:00,1.3573,1.367,1.3493,1.3668,391480.08
2023-04-14 00:00:00,1.3668,1.4907,1.3659,1.4722,7228569.15
2023-04-14 01:00:00,1.4722,1.5925,1.4649,1.5471,7017246.71
2023-04-14 02:00:00,1.5471,1.5665,1.5008,1.5208,3601948.76
2023-04-14 03:00:00,1.5208,1.5372,1.5049,1.5205,1698981.89
2023-04-14 04:00:00,1.5205,1.5421,1.5179,1.5274,1274723.19
2023-04-14 05:00:00,1.5274,1.5906,1.521,1.5599,2872126.58
2023-04-14 06:00:00,1.5599,1.5626,1.5255,1.536,2299278.84
2023-04-14 07:00:00,1.536,1.5413,1.5045,1.5221,1795817.19
2023-04-14 08:00:00,1.5221,1.5474,1.5105,1.5423,1311675.13
2023-04-14 09:00:00,1.5423,1.5571,1.5311,1.5497,1142305.56
2023-04-14 10:00:00,1.5497,1.573,1.5374,1.5442,1687286.91
2023-04-14 11:00:00,1.5442,1.5747,1.539,1.5696,1108315.04
2023-04-14 12:00:00,1.5696,1.5902,1.5133,1.519,2922052.38
2023-04-14 13:00:00,1.519,1.5469,1.5158,1.5397,1277291.98
2023-04-14 14:00:00,1.5397,1.5521,1.5242,1.5329,1432149.68
2023-04-14 15:00:00,1.5329,1.5363,1.4602,1.4677,4602672.55
2023-04-14 16:00:00,1.4677,1.4904,1.4521,1.4896,2249710.6
2023-04-14 17:00:00,1.4896,1.6409,1.4867,1.6142,7220773.0
2023-04-14 18:00:00,1.6142,1.6866,1.6118,1.6378,4913962.55
2023-04-14 19:00:00,1.6378,1.6983,1.6218,1.688,1977111.48
2023-04-14 20:00:00,1.688,1.7456,1.662,1.6782,3700580.75
2023-04-14 21:00:00,1.6782,1.6851,1.6604,1.6848,1077415.82
2023-04-14 22:00:00,1.6848,1.6938,1.6688,1.6846,883484.96
2023-04-14 23:00:00,1.6846,1.7148,1.6609,1.6976,2353249.82
2023-04-15 00:00:00,1.6976,1.72,1.6407,1.6429,4326579.83
2023-04-15 01:00:00,1.6429,1.6651,1.631,1.6435,1741595.3
2023-04-15 02:00:00,1.6435,1.67,1.6435,1.66,1138306.35
2023-04-15 03:00:00,1.66,1.678,1.6214,1.6388,1622880.5
2023-04-15 04:00:00,1.6388,1.6448,1.6291,1.6404,859392.1
2023-04-15 05:00:00,1.6404,1.6693,1.6392,1.6594,1219365.79
2023-04-15 06:00:00,1.6594,1.6637,1.6345,1.6449,1099223.43
2023-04-15 07:00:00,1.6449,1.6868,1.6425,1.671,1637602.69
2023-04-15 08:00:00,1.671,1.6823,1.6502,1.6621,1199402.67
2023-04-15 09:00:00,1.6621,1.6829,1.6619,1.6716,782927.28
2023-04-15 10:00:00,1.6716,1.6734,1.6458,1.6573,995912.12
2023-04-15 11:00:00,1.6573,1.6756,1.6492,1.6539,1059093.41
2023-04-15 12:00:00,1.6539,1.6797,1.65,1.6788,1273531.81
2023-04-15 13:00:00,1.6788,1.7227,1.6644,1.6752,4017752.23
2023-04-15 14:00:00,1.6752,1.7038,1.665,1.6848,1574124.87
2023-04-15 15:00:00,1.6848,1.7429,1.6742,1.7302,3629891.8
2023-04-15 16:00:00,1.7302,1.745,1.691,1.7025,4127093.52
2023-04-15 17:00:00,1.7025,1.7025,1.625,1.6367,3356954.56
2023-04-15 18:00:00,1.6367,1.6666,1.6328,1.6628,1628747.3
2023-04-15 19:00:00,1.6628,1.6665,1.6023,1.6296,2444055.01
2023-04-15 20:00:00,1.6296,1.6442,1.6185,1.6363,1028732.25
2023-04-15 21:00:00,1.6363,1.6495,1.6284,1.6305,904034.21
2023-04-15 22:00:00,1.6305,1.6554,1.6201,1.6486,588633.31
2023-04-15 23:00:00,1.6486,1.6607,1.6445,1.6531,676620.54
2023-04-16 00:00:00,1.6531,1.6549,1.6307,1.6328,734244.82
2023-04-16 01:00:00,1.6328,1.6331,1.5688,1.6063,4275605.19
2023-04-16 02:00:00,1.6063,1.6157,1.601,1.6095,542380.37
2023-04-16 03:00:00,1.6095,1.6223,1.5905,1.6153,1206618.34
2023-04-16 04:00:00,1.6153,1.6349,1.6113,1.6239,916400.96
2023-04-16 05:00:00,1.6239,1.6438,1.6197,1.6277,878253.94
2023-04-16 06:00:00,1.6277,1.6366,1.6241,1.6268,540130.64
2023-04-16 07:00:00,1.6268,1.6592,1.6204,1.6382,1391806.9
2023-04-16 08:00:00,1.6382,1.644,1.6305,1.6351,636460.88
2023-04-16 09:00:00,1.6351,1.6363,1.6048,1.6106,1434491.67
2023-04-16 10:00:00,1.6106,1.6152,1.6003,1.615,1072710.47
2023-04-16 11:00:00,1.615,1.6191,1.602,1.6143,769724.38
2023-04-16 12:00:00,1.6143,1.6248,1.605,1.6192,856403.13
2023-04-16 13:00:00,1.6192,1.6243,1.5767,1.6002,2307301.7
2023-04-16 14:00:00,1.6002,1.6179,1.5933,1.6147,1016741.91
2023-04-16 15:00:00,1.6147,1.6397,1.6105,1.6331,1176051.47
2023-04-16 16:00:00,1.6331,1.6535,1.6213,1.653,1076328.15
2023-04-16 17:00:00,1.653,1.6571,1.629,1.6351,554682.25
2023-04-16 18:00:00,1.6351,1.686,1.632,1.686,1008114.44
2023-04-16 19:00:00,1.686,1.6877,1.64,1.6441,938640.06
2023-04-16 20:00:00,1.6441,1.6666,1.619,1.6583,1225323.99
2023-04-16 21:00:00,1.6583,1.6958,1.6536,1.689,803829.31
2023-04-16 22:00:00,1.689,1.7217,1.6844,1.7062,1984875.75
2023-04-16 23:00:00,1.7062,1.7119,1.6783,1.6955,1111917.28
2023-04-17 00:00:00,1.6955,1.6987,1.626,1.6361,2860219.34
2023-04-17 01:00:00,1.6361,1.6546,1.623,1.6406,1443844.32
2023-04-17 02:00:00,1.6406,1.6543,1.6283,1.6467,873392.25
2023-04-17 03:00:00,1.6467,1.6505,1.6313,1.6326,480996.84
2023-04-17 04:00:00,1.6326,1.6386,1.609,1.63,1165268.33
2023-04-17 05:00:00,1.63,1.6421,1.6246,1.6417,607552.4
2023-04-17 06:00:00,1.6417,1.6452,1.6305,1.6375,812181.38
2023-04-17 07:00:00,1.6375,1.663,1.62,1.6227,1544517.65
2023-04-17 08:00:00,1.6227,1.6397,1.6225,1.6375,897920.21
2023-04-17 09:00:00,1.6375,1.6393,1.6149,1.621,507148.05
2023-04-17 10:00:00,1.621,1.6236,1.6021,1.622,1331226.8
2023-04-17 11:00:00,1.622,1.6227,1.5801,1.6059,2210285.44
2023-04-17 12:00:00,1.6059,1.6178,1.5944,1.6137,1017510.07
2023-04-17 13:00:00,1.6137,1.6291,1.5956,1.6096,1426517.3
2023-04-17 14:00:00,1.6096,1.6227,1.6062,1.6198,736440.07
2023-04-17 15:00:00,1.6198,1.6214,1.593,1.5995,708770.55
2023-04-17 16:00:00,1.5995,1.6298,1.5991,1.6217,777957.64
2023-04-17 17:00:00,1.6217,1.6247,1.6143,1.6189,320398.19
2023-04-17 18:00:00,1.6189,1.6468,1.6166,1.6451,463278.13
2023-04-17 19:00:00,1.6451,1.6555,1.63,1.6358,611393.94
2023-04-17 20:00:00,1.6358,1.6468,1.63,1.6353,228143.48
2023-04-17 21:00:00,1.6353,1.637,1.6197,1.634,333696.86
2023-04-17 22:00:00,1.634,1.6429,1.6322,1.6343,380653.34
2023-04-17 23:00:00,1.6343,1.6354,1.5988,1.6091,860705.08
2023-04-18 00:00:00,1.6091,1.6135,1.5905,1.6053,1117285.28
2023-04-18 01:00:00,1.6053,1.634,1.5828,1.6312,1758185.01
2023-04-18 02:00:00,1.6312,1.6618,1.6292,1.6473,1454348.7
2023-04-18 03:00:00,1.6473,1.6842,1.6432,1.6698,1969980.91
2023-04-18 04:00:00,1.6698,1.7074,1.66,1.702,2369016.39
2023-04-18 05:00:00,1.702,1.8,1.6943,1.7821,6803502.41
2023-04-18 06:00:00,1.7821,1.8094,1.7662,1.79,3393051.26
2023-04-18 07:00:00,1.79,1.7987,1.7525,1.768,2385321.3
2023-04-18 08:00:00,1.768,1.7754,1.7436,1.7586,2100259.71
2023-04-18 09:00:00,1.7586,1.7866,1.7516,1.7748,1988220.68
2023-04-18 10:00:00,1.7748,1.7819,1.7652,1.7662,1141562.6
2023-04-18 11:00:00,1.7662,1.8196,1.7655,1.7922,3156105.43
2023-04-18 12:00:00,1.7922,1.7922,1.7535,1.765,1892633.32
2023-04-18 13:00:00,1.765,1.783,1.7582,1.7774,1251524.07
2023-04-18 14:00:00,1.7774,1.7822,1.732,1.7573,2924530.17
2023-04-18 15:00:00,1.7573,1.7636,1.7158,1.7284,2436234.87
2023-04-18 16:00:00,1.7284,1.7434,1.7182,1.7262,1347496.66
2023-04-18 17:00:00,1.7262,1.7462,1.6238,1.6468,5454316.83
2023-04-18 18:00:00,1.6468,1.6669,1.6314,1.6495,1939690.66
2023-04-18 19:00:00,1.6495,1.6607,1.6416,1.6577,720819.9
2023-04-18 20:00:00,1.6577,1.6817,1.6482,1.68,590281.15
2023-04-18 21:00:00,1.68,1.6812,1.645,1.6574,969235.01
2023-04-18 22:00:00,1.6574,1.6632,1.6323,1.6532,662147.54
2023-04-18 23:00:00,1.6532,1.6778,1.6393,1.6732,1436213.9
2023-04-19 00:00:00,1.6732,1.6811,1.6522,1.6718,1037798.69
2023-04-19 01:00:00,1.6718,1.6963,1.6622,1.6765,1121063.21
2023-04-19 02:00:00,1.6765,1.6799,1.66,1.6709,851995.32
2023-04-19 03:00:00,1.6709,1.6892,1.6628,1.6677,1026858.79
2023-04-19 04:00:00,1.6677,1.6677,1.6392,1.6614,1237942.76
2023-04-19 05:00:00,1.6614,1.6715,1.6544,1.6631,930198.96
2023-04-19 06:00:00,1.6631,1.6639,1.635,1.6403,1121665.99
2023-04-19 07:00:00,1.6403,1.6544,1.6362,1.6362,588058.69
2023-04-19 08:00:00,1.6362,1.6397,1.4496,1.5321,15721980.4
2023-04-19 09:00:00,1.5321,1.5475,1.5238,1.542,1321089.12
2023-04-19 10:00:00,1.542,1.5583,1.5346,1.5511,946514.75
2023-04-19 11:00:00,1.5511,1.5601,1.5391,1.5466,624034.76
2023-04-19 12:00:00,1.5466,1.5557,1.5294,1.552,964217.06
2023-04-19 13:00:00,1.552,1.57,1.5472,1.5681,751344.54
2023-04-19 14:00:00,1.5681,1.601,1.5658,1.5865,1835264.58
2023-04-19 15:00:00,1.5865,1.5933,1.5497,1.563,1772505.23
2023-04-19 16:00:00,1.563,1.5749,1.5561,1.5638,619917.52
2023-04-19 17:00:00,1.5638,1.5683,1.5295,1.5471,861585.91
2023-04-19 18:00:00,1.5471,1.556,1.5345,1.5526,812716.87
2023-04-19 19:00:00,1.5526,1.5575,1.5411,1.5446,280661.24
2023-04-19 20:00:00,1.5446,1.5546,1.5362,1.5378,412918.4
2023-04-19 21:00:00,1.5378,1.5414,1.4946,1.5299,2353108.69
2023-04-19 22:00:00,1.5299,1.5357,1.5111,1.5137,788859.56
2023-04-19 23:00:00,1.5137,1.5143,1.4529,1.4876,3458868.84
2023-04-20 00:00:00,1.4876,1.5212,1.4834,1.52,1399946.42
2023-04-20 01:00:00,1.52,1.5382,1.5086,1.5286,1292505.24
2023-04-20 02:00:00,1.5286,1.5286,1.4946,1.4952,920367.66
2023-04-20 03:00:00,1.4952,1.5215,1.4785,1.5197,1043285.69
2023-04-20 04:00:00,1.5197,1.5318,1.5117,1.5175,685055.04
2023-04-20 05:00:00,1.5175,1.5254,1.5041,1.516,514025.31
2023-04-20 06:00:00,1.516,1.5333,1.5131,1.5171,920761.52
2023-04-20 07:00:00,1.5171,1.5214,1.4983,1.5037,534696.61
2023-04-20 08:00:00,1.5037,1.52,1.4942,1.4991,878894.6
2023-04-20 09:00:00,1.4991,1.5116,1.4935,1.5008,474712.04
2023-04-20 10:00:00,1.5008,1.5071,1.4797,1.4857,699924.85
2023-04-20 11:00:00,1.4857,1.4892,1.4661,1.475,1169324.32
2023-04-20 12:00:00,1.475,1.537,1.4703,1.5262,2915324.37
2023-04-20 13:00:00,1.5262,1.5272,1.4936,1.5099,998424.55
2023-04-20 14:00:00,1.5099,1.5181,1.4985,1.5005,532153.3
2023-04-20 15:00:00,1.5005,1.5065,1.4372,1.4487,2684369.39
2023-04-20 16:00:00,1.4487,1.4651,1.4146,1.4405,3079642.2
2023-04-20 17:00:00,1.4405,1.453,1.4219,1.4304,833060.4
2023-04-20 18:00:00,1.4304,1.4393,1.4011,1.4211,1163366.69
2023-04-20 19:00:00,1.4211,1.434,1.4013,1.42,957077.88
2023-04-20 20:00:00,1.42,1.4437,1.4162,1.429,479998.42
2023-04-20 21:00:00,1.429,1.4345,1.4197,1.4284,482539.05
2023-04-20 22:00:00,1.4284,1.4493,1.4222,1.4373,626702.36
2023-04-20 23:00:00,1.4373,1.4482,1.43,1.44,421141.32
2023-04-21 00:00:00,1.44,1.4621,1.4166,1.4508,1209757.21
2023-04-21 01:00:00,1.4508,1.4567,1.4332,1.4355,409327.95
2023-04-21 02:00:00,1.4355,1.4422,1.4236,1.442,434823.82
2023-04-21 03:00:00,1.442,1.4544,1.4396,1.4517,369941.63
2023-04-21 04:00:00,1.4517,1.4585,1.4388,1.4388,473317.16
2023-04-21 05:00:00,1.4388,1.4432,1.42,1.4219,751861.52
2023-04-21 06:00:00,1.4219,1.4296,1.4079,1.4219,1279325.24
2023-04-21 07:00:00,1.4219,1.4555,1.4167,1.4518,884100.11
2023-04-21 08:00:00,1.4518,1.4652,1.4322,1.4369,874247.35
2023-04-21 09:00:00,1.4369,1.4502,1.4265,1.4431,666762.26
2023-04-21 10:00:00,1.4431,1.4553,1.4342,1.4383,331905.94
2023-04-21 11:00:00,1.4383,1.4412,1.4257,1.4314,316989.2
2023-04-21 12:00:00,1.4314,1.45,1.4108,1.4472,744689.12
2023-04-21 13:00:00,1.4472,1.4622,1.432,1.4361,1021032.87
2023-04-21 14:00:00,1.4361,1.4431,1.4281,1.4306,604033.31
2023-04-21 15:00:00,1.4306,1.465,1.4306,1.4613,769512.75
2023-04-21 16:00:00,1.4613,1.4846,1.4483,1.4656,3484915.91
2023-04-21 17:00:00,1.4656,1.4767,1.4408,1.4676,1762827.16
2023-04-21 18:00:00,1.4676,1.4799,1.4577,1.4631,838201.48
2023-04-21 19:00:00,1.4631,1.4843,1.4219,1.4675,2623764.55
2023-04-21 20:00:00,1.4675,1.5011,1.4501,1.4502,3211747.97
2023-04-21 21:00:00,1.4502,1.4752,1.4256,1.4273,1794854.25
2023-04-21 22:00:00,1.4273,1.4543,1.4188,1.4472,1245247.26
2023-04-21 23:00:00,1.4472,1.474,1.4432,1.4696,887119.16
2023-04-22 00:00:00,1.4696,1.4811,1.445,1.4529,1500713.75
2023-04-22 01:00:00,1.4529,1.4687,1.4355,1.4636,1215809.12
2023-04-22 02:00:00,1.4636,1.4699,1.4513,1.4573,606601.18
2023-04-22 03:00:00,1.4573,1.4855,1.4553,1.4742,853721.29
2023-04-22 04:00:00,1.4742,1.4988,1.4711,1.4875,848655.8
2023-04-22 05:00:00,1.4875,1.4978,1.4809,1.4926,577056.71
2023-04-22 06:00:00,1.4926,1.4932,1.4748,1.4786,451044.92
2023-04-22 07:00:00,1.4786,1.4826,1.466,1.4714,603263.58
2023-04-22 08:00:00,1.4714,1.4773,1.443,1.4488,1322084.8
2023-04-22 09:00:00,1.4488,1.4585,1.4441,1.4476,581507.71
2023-04-22 10:00:00,1.4476,1.4486,1.425,1.4386,2428767.74
2023-04-22 11:00:00,1.4386,1.4469,1.4327,1.4412,668616.15
2023-04-22 12:00:00,1.4412,1.4555,1.4381,1.4515,840884.35
2023-04-22 13:00:00,1.4515,1.4557,1.4228,1.4334,995388.9
2023-04-22 14:00:00,1.4334,1.4674,1.4252,1.4652,1582070.84
2023-04-22 15:00:00,1.4652,1.4775,1.4541,1.462,1290071.31
2023-04-22 16:00:00,1.462,1.4806,1.4572,1.4625,910580.86
2023-04-22 17:00:00,1.4625,1.4775,1.4601,1.4637,544550.51
2023-04-22 18:00:00,1.4637,1.4687,1.44,1.4405,616244.17
2023-04-22 19:00:00,1.4405,1.4481,1.4388,1.4447,191713.83
2023-04-22 20:00:00,1.4447,1.4513,1.4422,1.4427,219886.89
2023-04-22 21:00:00,1.4427,1.4517,1.4394,1.4513,223347.66
2023-04-22 22:00:00,1.4513,1.4635,1.4488,1.4577,374159.75
2023-04-22 23:00:00,1.4577,1.4643,1.4553,1.4622,290589.81
2023-04-23 00:00:00,1.4622,1.4632,1.43,1.4387,1157158.79
2023-04-23 01:00:00,1.4387,1.4444,1.427,1.4316,505304.82
2023-04-23 02:00:00,1.4316,1.4393,1.424,1.4347,372437.96
2023-04-23 03:00:00,1.4347,1.443,1.4332,1.4366,183237.78
2023-04-23 04:00:00,1.4366,1.4449,1.4329,1.444,248905.34
2023-04-23 05:00:00,1.444,1.4484,1.4378,1.4484,157075.64
2023-04-23 06:00:00,1.4484,1.449,1.4367,1.439,291649.7
2023-04-23 07:00:00,1.439,1.4502,1.4355,1.4479,285522.99
2023-04-23 08:00:00,1.4479,1.4493,1.4388,1.444,845667.74
2023-04-23 09:00:00,1.444,1.4466,1.4344,1.4374,471247.62
2023-04-23 10:00:00,1.4374,1.4388,1.4315,1.4352,349409.21
2023-04-23 11:00:00,1.4352,1.445,1.4346,1.4437,302580.22
2023-04-23 12:00:00,1.4437,1.4525,1.4394,1.441,445922.04
2023-04-23 13:00:00,1.441,1.4439,1.435,1.4384,383733.07
2023-04-23 14:00:00,1.4384,1.4408,1.4109,1.4242,1472925.63
2023-04-23 15:00:00,1.4242,1.4247,1.3707,1.3831,5105359.94
2023-04-23 16:00:00,1.3831,1.3941,1.365,1.378,2305599.82
2023-04-23 17:00:00,1.378,1.3853,1.3353,1.3378,2729557.51
2023-04-23 18:00:00,1.3378,1.347,1.295,1.3079,3607346.1
2023-04-23 19:00:00,1.3079,1.325,1.306,1.3124,1020200.49
2023-04-23 20:00:00,1.3124,1.327,1.3052,1.3261,414296.71
2023-04-23 21:00:00,1.3261,1.3308,1.3131,1.3275,577652.84
2023-04-23 22:00:00,1.3275,1.3437,1.316,1.3429,567233.61
2023-04-23 23:00:00,1.3429,1.3451,1.3338,1.3397,486715.34
2023-04-24 00:00:00,1.3397,1.3508,1.318,1.3488,1259697.23
2023-04-24 01:00:00,1.3488,1.3663,1.3444,1.3536,1492439.49
2023-04-24 02:00:00,1.3536,1.3605,1.3495,1.3521,413086.74
2023-04-24 03:00:00,1.3521,1.3557,1.3407,1.3518,579824.27
2023-04-24 04:00:00,1.3518,1.353,1.3372,1.3391,484478.34
2023-04-24 05:00:00,1.3391,1.346,1.33,1.3335,451998.24
2023-04-24 06:00:00,1.3335,1.3395,1.3209,1.3271,530697.45
2023-04-24 07:00:00,1.3271,1.3283,1.3034,1.3152,1008924.05
2023-04-24 08:00:00,1.3152,1.3202,1.2774,1.2968,2197294.17
2023-04-24 09:00:00,1.2968,1.3128,1.2968,1.3027,617968.11
2023-04-24 10:00:00,1.3027,1.3223,1.3026,1.3164,469980.58
2023-04-24 11:00:00,1.3164,1.3339,1.3156,1.3326,798337.15
2023-04-24 12:00:00,1.3326,1.3356,1.3174,1.319,722385.47
2023-04-24 13:00:00,1.319,1.348,1.3142,1.34,1178927.57
2023-04-24 14:00:00,1.34,1.3531,1.3188,1.33,1236424.94
2023-04-24 15:00:00,1.33,1.33,1.3107,1.3143,857083.03
2023-04-24 16:00:00,1.3143,1.3241,1.282,1.2907,1130280.07
2023-04-24 17:00:00,1.2907,1.3319,1.2799,1.3273,960402.69
2023-04-24 18:00:00,1.3273,1.3378,1.319,1.3216,411440.94
2023-04-24 19:00:00,1.3216,1.3248,1.3116,1.3173,224243.24
2023-04-24 20:00:00,1.3173,1.3354,1.314,1.333,287540.75
2023-04-24 21:00:00,1.333,1.3333,1.3207,1.3274,123841.55
2023-04-24 22:00:00,1.3274,1.3377,1.3265,1.3317,279614.41
2023-04-24 23:00:00,1.3317,1.3439,1.3312,1.3361,236189.95
2023-04-25 00:00:00,1.3361,1.3509,1.3254,1.3293,649617.04
2023-04-25 01:00:00,1.3293,1.335,1.3155,1.3179,475840.18
2023-04-25 02:00:00,1.3179,1.3219,1.3043,1.3121,528112.84
2023-04-25 03:00:00,1.3121,1.3209,1.3064,1.3106,349544.58
2023-04-25 04:00:00,1.3106,1.3196,1.307,1.3127,192228.26
2023-04-25 05:00:00,1.3127,1.3137,1.2931,1.3104,546805.07
2023-04-25 06:00:00,1.3104,1.3126,1.3042,1.3048,239626.74
2023-04-25 07:00:00,1.3048,1.3126,1.2957,1.2979,437821.34
2023-04-25 08:00:00,1.2979,1.3245,1.2931,1.3225,587373.25
2023-04-25 09:00:00,1.3225,1.3277,1.3044,1.3045,494196.4
2023-04-25 10:00:00,1.3045,1.3104,1.3022,1.3067,235522.91
2023-04-25 11:00:00,1.3067,1.3305,1.305,1.3213,893715.22
2023-04-25 12:00:00,1.3213,1.3259,1.3175,1.3228,292695.32
2023-04-25 13:00:00,1.3228,1.3327,1.3134,1.3168,942554.49
2023-04-25 14:00:00,1.3168,1.3216,1.2931,1.3069,1276288.31
2023-04-25 15:00:00,1.3069,1.3149,1.2965,1.3026,978677.23
2023-04-25 16:00:00,1.3026,1.3158,1.2983,1.3107,483675.12
2023-04-25 17:00:00,1.3107,1.326,1.2979,1.3226,661451.63
2023-04-25 18:00:00,1.3226,1.3268,1.3138,1.3152,347687.73
2023-04-25 19:00:00,1.3152,1.3184,1.3083,1.3155,432920.96
2023-04-25 20:00:00,1.3155,1.3512,1.3154,1.346,656090.99
2023-04-25 21:00:00,1.346,1.3851,1.346,1.3729,1041841.0
2023-04-25 22:00:00,1.3729,1.3835,1.3629,1.3707,726034.07
2023-04-25 23:00:00,1.3707,1.3842,1.3653,1.3771,615958.87
2023-04-26 00:00:00,1.3771,1.3978,1.3699,1.3727,869557.9
2023-04-26 01:00:00,1.3727,1.3794,1.3677,1.3762,411049.96
2023-04-26 02:00:00,1.3762,1.3776,1.3711,1.3736,255577.94
2023-04-26 03:00:00,1.3736,1.3787,1.3611,1.3619,516082.79
2023-04-26 04:00:00,1.3619,1.3729,1.361,1.3667,288017.79
2023-04-26 05:00:00,1.3667,1.3779,1.3667,1.3758,193105.22
2023-04-26 06:00:00,1.3758,1.3818,1.3662,1.3724,946186.96
2023-04-26 07:00:00,1.3724,1.377,1.365,1.3704,422856.14
2023-04-26 08:00:00,1.3704,1.393,1.368,1.3908,760614.62
2023-04-26 09:00:00,1.3908,1.403,1.3838,1.3989,940863.27
2023-04-26 10:00:00,1.3989,1.4246,1.3926,1.4218,1195872.64
2023-04-26 11:00:00,1.4218,1.4462,1.42,1.4423,1136284.46
2023-04-26 12:00:00,1.4423,1.5023,1.4351,1.4996,2733273.88
2023-04-26 13:00:00,1.4996,1.5019,1.4662,1.4852,1784417.92
2023-04-26 14:00:00,1.4852,1.4874,1.4505,1.4704,1039036.82
2023-04-26 15:00:00,1.4704,1.4834,1.4665,1.4783,691898.47
2023-04-26 16:00:00,1.4783,1.4876,1.4677,1.4797,429988.48
2023-04-26 17:00:00,1.4797,1.4818,1.4588,1.4671,271836.72
2023-04-26 18:00:00,1.4671,1.4752,1.4641,1.4682,149120.58
2023-04-26 19:00:00,1.4682,1.47,1.3459,1.3593,4498818.22
2023-04-26 20:00:00,1.3593,1.3806,1.3143,1.3806,2817618.52
2023-04-26 21:00:00,1.3806,1.4077,1.3611,1.3984,973824.21
2023-04-26 22:00:00,1.3984,1.4039,1.3711,1.376,668693.99
2023-04-26 23:00:00,1.376,1.3913,1.3739,1.3821,403711.24
2023-04-27 00:00:00,1.3821,1.4473,1.3736,1.4303,1644060.76
2023-04-27 01:00:00,1.4303,1.4389,1.3918,1.403,1301873.79
2023-04-27 02:00:00,1.403,1.4219,1.403,1.42,488281.97
2023-04-27 03:00:00,1.42,1.4212,1.4054,1.4099,385184.55
2023-04-27 04:00:00,1.4099,1.4299,1.4074,1.4267,376892.25
2023-04-27 05:00:00,1.4267,1.4451,1.4241,1.4271,430751.8
2023-04-27 06:00:00,1.4271,1.4287,1.4013,1.4104,739513.92
2023-04-27 07:00:00,1.4104,1.417,1.4023,1.4102,405564.81
2023-04-27 08:00:00,1.4102,1.4138,1.3848,1.3979,856681.46
2023-04-27 09:00:00,1.3979,1.4051,1.3877,1.3953,334915.11
2023-04-27 10:00:00,1.3953,1.4106,1.3917,1.4054,313381.33
2023-04-27 11:00:00,1.4054,1.4127,1.3914,1.3998,510322.53
2023-04-27 12:00:00,1.3998,1.4071,1.3745,1.3902,822890.04
2023-04-27 13:00:00,1.3902,1.4011,1.3891,1.3995,345167.88
2023-04-27 14:00:00,1.3995,1.4116,1.3969,1.3979,318603.97
2023-04-27 15:00:00,1.3979,1.4372,1.3958,1.4149,849701.64
2023-04-27 16:00:00,1.4149,1.4217,1.4088,1.4176,225116.54
2023-04-27 17:00:00,1.4176,1.4346,1.4151,1.4283,243576.68
2023-04-27 18:00:00,1.4283,1.4506,1.4222,1.435,363580.67
2023-04-27 19:00:00,1.435,1.4399,1.4196,1.4336,233465.51
2023-04-27 20:00:00,1.4336,1.4411,1.4233,1.4327,306258.15
2023-04-27 21:00:00,1.4327,1.441,1.4237,1.4303,265524.27
2023-04-27 22:00:00,1.4303,1.4329,1.4052,1.4167,323800.91
2023-04-27 23:00:00,1.4167,1.4243,1.4157,1.4212,161291.17
2023-04-28 00:00:00,1.4212,1.4278,1.411,1.4277,201842.11
2023-04-28 01:00:00,1.4277,1.4293,1.4153,1.4252,261581.24
2023-04-28 02:00:00,1.4252,1.4268,1.412,1.4134,246200.49
2023-04-28 03:00:00,1.4134,1.4175,1.409,1.4151,275787.53
2023-04-28 04:00:00,1.4151,1.4229,1.4133,1.4211,186614.92
2023-04-28 05:00:00,1.4211,1.4278,1.4156,1.4218,280928.53
2023-04-28 06:00:00,1.4218,1.426,1.4156,1.4246,245995.48
2023-04-28 07:00:00,1.4246,1.4411,1.4245,1.4372,309141.26
2023-04-28 08:00:00,1.4372,1.4372,1.4154,1.4218,460303.98
2023-04-28 09:00:00,1.4218,1.425,1.4139,1.4148,225713.92
2023-04-28 10:00:00,1.4148,1.4268,1.4132,1.4183,239838.66
2023-04-28 11:00:00,1.4183,1.4191,1.4012,1.4037,358181.74
2023-04-28 12:00:00,1.4037,1.4186,1.3985,1.4043,410405.59
2023-04-28 13:00:00,1.4043,1.4118,1.375,1.3856,943948.72
2023-04-28 14:00:00,1.3856,1.3986,1.3796,1.3823,561166.61
2023-04-28 15:00:00,1.3823,1.3829,1.362,1.3774,618358.31
2023-04-28 16:00:00,1.3774,1.3878,1.3686,1.3824,418622.47
2023-04-28 17:00:00,1.3824,1.383,1.3634,1.3705,240077.65
2023-04-28 18:00:00,1.3705,1.3751,1.3591,1.3747,413769.29
2023-04-28 19:00:00,1.3747,1.385,1.3747,1.3794,199716.38
2023-04-28 20:00:00,1.3794,1.3883,1.378,1.3868,127937.02
2023-04-28 21:00:00,1.3868,1.3879,1.3811,1.3821,137632.67
2023-04-28 22:00:00,1.3821,1.3921,1.3813,1.3825,219545.82
2023-04-28 23:00:00,1.3825,1.3843,1.3758,1.378,337157.37
2023-04-29 00:00:00,1.378,1.3785,1.3692,1.3725,213052.59
2023-04-29 01:00:00,1.3725,1.3829,1.371,1.3781,145806.95
2023-04-29 02:00:00,1.3781,1.3854,1.3757,1.385,173683.8
2023-04-29 03:00:00,1.385,1.387,1.3822,1.3823,200718.84
2023-04-29 04:00:00,1.3823,1.3912,1.3819,1.3865,241771.08
2023-04-29 05:00:00,1.3865,1.3875,1.3769,1.3789,207607.6
2023-04-29 06:00:00,1.3789,1.3826,1.3755,1.3814,208301.81
2023-04-29 07:00:00,1.3814,1.3852,1.3786,1.3807,121802.85
2023-04-29 08:00:00,1.3807,1.3836,1.3662,1.3745,667356.19
2023-04-29 09:00:00,1.3745,1.3806,1.3706,1.3793,272242.04
2023-04-29 10:00:00,1.3793,1.382,1.3727,1.3781,261584.32
2023-04-29 11:00:00,1.3781,1.3801,1.3737,1.3792,275084.65
2023-04-29 12:00:00,1.3792,1.3822,1.3765,1.3778,164306.96
2023-04-29 13:00:00,1.3778,1.39,1.3777,1.3896,439600.72
2023-04-29 14:00:00,1.3896,1.3929,1.3804,1.3819,305876.91
2023-04-29 15:00:00,1.3819,1.3833,1.3725,1.3752,227741.8
2023-04-29 16:00:00,1.3752,1.3757,1.365,1.3697,344550.33
2023-04-29 17:00:00,1.3697,1.371,1.326,1.3472,1637579.98
2023-04-29 18:00:00,1.3472,1.3548,1.3468,1.3517,190102.37
2023-04-29 19:00:00,1.3517,1.3631,1.3498,1.3601,117858.32
2023-04-29 20:00:00,1.3601,1.3621,1.3567,1.3599,71894.18
2023-04-29 21:00:00,1.3599,1.3642,1.357,1.3637,129011.44
2023-04-29 22:00:00,1.3637,1.3642,1.3582,1.3605,115373.95
2023-04-29 23:00:00,1.3605,1.366,1.3544,1.3656,302539.33
2023-04-30 00:00:00,1.3656,1.3656,1.3527,1.3527,203408.16
2023-04-30 01:00:00,1.3527,1.3581,1.345,1.3484,376791.76
2023-04-30 02:00:00,1.3484,1.354,1.3462,1.3533,169009.03
2023-04-30 03:00:00,1.3533,1.3538,1.3483,1.3501,72951.18
2023-04-30 04:00:00,1.3501,1.3573,1.3485,1.3566,105994.13
2023-04-30 05:00:00,1.3566,1.3614,1.3558,1.3614,106920.35
2023-04-30 06:00:00,1.3614,1.3616,1.3564,1.3607,72411.15
2023-04-30 07:00:00,1.3607,1.3633,1.3584,1.3588,79109.54
2023-04-30 08:00:00,1.3588,1.3645,1.357,1.3612,147620.09
2023-04-30 09:00:00,1.3612,1.3641,1.3584,1.3631,44383.66
2023-04-30 10:00:00,1.3631,1.3753,1.3611,1.3651,229495.92
2023-04-30 11:00:00,1.3651,1.3681,1.3626,1.3648,175382.97
2023-04-30 12:00:00,1.3648,1.37,1.3599,1.3678,267448.97
2023-04-30 13:00:00,1.3678,1.3742,1.3674,1.3735,127391.36
2023-04-30 14:00:00,1.3735,1.3838,1.3685,1.3816,239575.61
2023-04-30 15:00:00,1.3816,1.4236,1.3816,1.4007,1603891.69
2023-04-30 16:00:00,1.4007,1.4141,1.3974,1.4086,455970.98
2023-04-30 17:00:00,1.4086,1.4177,1.399,1.399,352093.58
2023-04-30 18:00:00,1.399,1.4023,1.3908,1.3938,358103.39
2023-04-30 19:00:00,1.3938,1.3968,1.3697,1.3809,720279.9
2023-04-30 20:00:00,1.3809,1.3809,1.3595,1.3738,382554.05
2023-04-30 21:00:00,1.3738,1.3805,1.3718,1.3792,92496.1
2023-04-30 22:00:00,1.3792,1.3826,1.3747,1.3773,176246.74
2023-04-30 23:00:00,1.3773,1.3812,1.3632,1.3664,561431.27
2023-05-01 00:00:00,1.3664,1.385,1.3641,1.379,891037.34
2023-05-01 01:00:00,1.379,1.3796,1.3236,1.3431,1452681.67
2023-05-01 02:00:00,1.3431,1.3509,1.3393,1.3421,606078.54
2023-05-01 03:00:00,1.3421,1.3477,1.332,1.3467,295736.34
2023-05-01 04:00:00,1.3467,1.3468,1.3413,1.3448,150455.89
2023-05-01 05:00:00,1.3448,1.3459,1.3289,1.3419,247173.6
2023-05-01 06:00:00,1.3419,1.3492,1.3398,1.3492,78557.78
2023-05-01 07:00:00,1.3492,1.3532,1.3459,1.3481,98301.42
2023-05-01 08:00:00,1.3481,1.3486,1.344,1.3479,67913.21
2023-05-01 09:00:00,1.3479,1.3494,1.3364,1.3429,334520.01
2023-05-01 10:00:00,1.3429,1.3454,1.3396,1.3415,82249.96
2023-05-01 11:00:00,1.3415,1.3442,1.3356,1.3363,199666.87
2023-05-01 12:00:00,1.3363,1.3469,1.3335,1.3445,137371.02
2023-05-01 13:00:00,1.3445,1.3465,1.3359,1.337,93113.24
2023-05-01 14:00:00,1.337,1.341,1.3268,1.3368,338842.13
2023-05-01 15:00:00,1.3368,1.3372,1.31,1.3232,1652201.78
2023-05-01 16:00:00,1.3232,1.3285,1.3099,1.3266,387846.98
2023-05-01 17:00:00,1.3266,1.3281,1.3177,1.3252,169110.75
2023-05-01 18:00:00,1.3252,1.3256,1.3139,1.3139,121544.96
2023-05-01 19:00:00,1.3139,1.3148,1.286,1.2987,1418686.44
2023-05-01 20:00:00,1.2987,1.3087,1.2977,1.3023,302358.89
2023-05-01 21:00:00,1.3023,1.3165,1.3018,1.3135,192466.64
2023-05-01 22:00:00,1.3135,1.3204,1.3107,1.3158,127967.18
2023-05-01 23:00:00,1.3158,1.3197,1.3151,1.3174,80641.92
2023-05-02 00:00:00,1.3174,1.3232,1.3097,1.3172,210960.25
2023-05-02 01:00:00,1.3172,1.3189,1.308,1.3121,161774.59
2023-05-02 02:00:00,1.3121,1.3146,1.3074,1.3115,228596.69
2023-05-02 03:00:00,1.3115,1.3141,1.306,1.3135,102779.6
2023-05-02 04:00:00,1.3135,1.3151,1.3109,1.3111,160603.16
2023-05-02 05:00:00,1.3111,1.3139,1.3087,1.3119,224199.27
2023-05-02 06:00:00,1.3119,1.3174,1.3113,1.3151,99914.46
2023-05-02 07:00:00,1.3151,1.3272,1.3151,1.3209,167215.43
2023-05-02 08:00:00,1.3209,1.3258,1.3174,1.3181,101038.3
2023-05-02 09:00:00,1.3181,1.3191,1.3113,1.3149,102539.1
2023-05-02 10:00:00,1.3149,1.3181,1.3103,1.3138,120904.22
2023-05-02 11:00:00,1.3138,1.319,1.3135,1.3169,44671.58
2023-05-02 12:00:00,1.3169,1.323,1.3125,1.3179,181666.38
2023-05-02 13:00:00,1.3179,1.3226,1.3118,1.3125,210691.16
2023-05-02 14:00:00,1.3125,1.3372,1.306,1.3244,775332.64
2023-05-02 15:00:00,1.3244,1.3447,1.3214,1.3345,303645.4
2023-05-02 16:00:00,1.3345,1.3356,1.3256,1.327,77178.57
2023-05-02 17:00:00,1.327,1.3387,1.3251,1.3362,79415.19
2023-05-02 18:00:00,1.3362,1.3505,1.3327,1.3448,181221.7
2023-05-02 19:00:00,1.3448,1.3531,1.3413,1.3431,200772.6
2023-05-02 20:00:00,1.3431,1.3508,1.3396,1.3453,131368.03
2023-05-02 21:00:00,1.3453,1.3497,1.3416,1.3488,97288.79
2023-05-02 22:00:00,1.3488,1.3575,1.3467,1.3525,158206.5
2023-05-02 23:00:00,1.3525,1.3547,1.345,1.3464,121584.34
2023-05-03 00:00:00,1.3464,1.3474,1.3345,1.3355,348914.15
2023-05-03 01:00:00,1.3355,1.3405,1.328,1.3307,334481.5
2023-05-03 02:00:00,1.3307,1.3308,1.3216,1.3295,226122.23
2023-05-03 03:00:00,1.3295,1.3307,1.3243,1.3279,128319.26
2023-05-03 04:00:00,1.3279,1.3309,1.3246,1.3286,174060.34
2023-05-03 05:00:00,1.3286,1.3289,1.3185,1.3218,222097.61
2023-05-03 06:00:00,1.3218,1.3318,1.3178,1.3277,225394.93
2023-05-03 07:00:00,1.3277,1.329,1.3238,1.326,97846.29
2023-05-03 08:00:00,1.326,1.3353,1.3231,1.3317,119665.12
2023-05-03 09:00:00,1.3317,1.333,1.3294,1.3305,61283.06
2023-05-03 10:00:00,1.3305,1.3336,1.329,1.33,61326.83
2023-05-03 11:00:00,1.33,1.3312,1.314,1.3148,199151.81
2023-05-03 12:00:00,1.3148,1.3155,1.2996,1.3043,853609.88
2023-05-03 13:00:00,1.3043,1.3117,1.3006,1.3097,129020.6
2023-05-03 14:00:00,1.3097,1.3109,1.297,1.3013,409543.66
2023-05-03 15:00:00,1.3013,1.3056,1.2943,1.3047,177097.79
2023-05-03 16:00:00,1.3047,1.314,1.3019,1.3136,143704.75
2023-05-03 17:00:00,1.3136,1.3227,1.3027,1.3098,334072.06
2023-05-03 18:00:00,1.3098,1.3309,1.3069,1.3237,556876.46
2023-05-03 19:00:00,1.3237,1.3278,1.3157,1.3178,128405.97
2023-05-03 20:00:00,1.3178,1.3325,1.3178,1.3252,101832.56
2023-05-03 21:00:00,1.3252,1.3508,1.3252,1.3442,231999.18
2023-05-03 22:00:00,1.3442,1.3621,1.3442,1.3486,373149.35
2023-05-03 23:00:00,1.3486,1.3498,1.3343,1.3411,197689.3
2023-05-04 00:00:00,1.3411,1.3425,1.3251,1.3386,418351.96
2023-05-04 01:00:00,1.3386,1.3427,1.3331,1.3406,84334.85
2023-05-04 02:00:00,1.3406,1.3448,1.3365,1.34,67333.63
2023-05-04 03:00:00,1.34,1.3407,1.333,1.3378,80114.61
2023-05-04 04:00:00,1.3378,1.3421,1.3378,1.3396,74673.63
2023-05-04 05:00:00,1.3396,1.3463,1.3363,1.3462,131066.09
2023-05-04 06:00:00,1.3462,1.3478,1.3377,1.3449,104627.66
2023-05-04 07:00:00,1.3449,1.3457,1.3371,1.3412,132383.76
2023-05-04 08:00:00,1.3412,1.346,1.3376,1.3438,253893.82
2023-05-04 09:00:00,1.3438,1.3453,1.3407,1.3447,130694.85
2023-05-04 10:00:00,1.3447,1.3627,1.3421,1.3574,727656.58
2023-05-04 11:00:00,1.3574,1.3574,1.3449,1.3489,500594.08
2023-05-04 12:00:00,1.3489,1.3543,1.3394,1.3411,640547.8
2023-05-04 13:00:00,1.3411,1.3456,1.3227,1.328,591197.74
2023-05-04 14:00:00,1.328,1.3315,1.3231,1.3241,186011.72
2023-05-04 15:00:00,1.3241,1.332,1.3121,1.3148,465536.69
2023-05-04 16:00:00,1.3148,1.3287,1.31,1.3262,2127356.64
2023-05-04 17:00:00,1.3262,1.3289,1.3191,1.321,140412.85
2023-05-04 18:00:00,1.321,1.3252,1.3164,1.3171,144581.55
2023-05-04 19:00:00,1.3171,1.3172,1.307,1.3123,278311.38
2023-05-04 20:00:00,1.3123,1.3132,1.306,1.3127,158641.3
2023-05-04 21:00:00,1.3127,1.3168,1.3089,1.3166,65787.5
2023-05-04 22:00:00,1.3166,1.3166,1.309,1.3103,96999.37
2023-05-04 23:00:00,1.3103,1.3171,1.3101,1.3166,178014.77
2023-05-05 00:00:00,1.3166,1.3197,1.3129,1.3168,220261.61
2023-05-05 01:00:00,1.3168,1.3313,1.3089,1.3293,697603.28
2023-05-05 02:00:00,1.3293,1.3354,1.32,1.3276,501781.64
2023-05-05 03:00:00,1.3276,1.3287,1.32,1.3237,224100.65
2023-05-05 04:00:00,1.3237,1.3257,1.3211,1.3221,244581.64
2023-05-05 05:00:00,1.3221,1.3221,1.3161,1.3185,188878.16
2023-05-05 06:00:00,1.3185,1.3246,1.3181,1.3207,129277.55
2023-05-05 07:00:00,1.3207,1.3272,1.3168,1.3204,240202.81
2023-05-05 08:00:00,1.3204,1.3241,1.3171,1.3171,323835.45
2023-05-05 09:00:00,1.3171,1.3195,1.3132,1.3153,241083.78
2023-05-05 10:00:00,1.3153,1.3193,1.311,1.3179,183217.64
2023-05-05 11:00:00,1.3179,1.3232,1.3151,1.3182,388076.84
2023-05-05 12:00:00,1.3182,1.3231,1.2876,1.3045,1513977.87
2023-05-05 13:00:00,1.3045,1.3224,1.2988,1.3177,582367.61
2023-05-05 14:00:00,1.3177,1.3372,1.317,1.3314,970121.69
2023-05-05 15:00:00,1.3314,1.3374,1.3234,1.3315,321383.5
2023-05-05 16:00:00,1.3315,1.3644,1.3315,1.3485,901753.88
2023-05-05 17:00:00,1.3485,1.3504,1.3385,1.3393,142759.58
2023-05-05 18:00:00,1.3393,1.3421,1.3251,1.3364,198950.59
2023-05-05 19:00:00,1.3364,1.348,1.3354,1.3472,70518.92
2023-05-05 20:00:00,1.3472,1.3479,1.3424,1.3454,64315.63
2023-05-05 21:00:00,1.3454,1.3502,1.3428,1.3471,92738.63
2023-05-05 22:00:00,1.3471,1.3547,1.3464,1.3539,72110.81
2023-05-05 23:00:00,1.3539,1.3606,1.3512,1.3539,142316.59
2023-05-06 00:00:00,1.3539,1.3659,1.349,1.3524,233154.97
2023-05-06 01:00:00,1.3524,1.3565,1.3313,1.334,259627.28
2023-05-06 02:00:00,1.334,1.334,1.3212,1.325,257862.79
2023-05-06 03:00:00,1.325,1.3255,1.3114,1.3148,414421.03
2023-05-06 04:00:00,1.3148,1.3197,1.3123,1.3148,224042.58
2023-05-06 05:00:00,1.3148,1.3167,1.3071,1.31,131425.8
2023-05-06 06:00:00,1.31,1.3151,1.3045,1.3105,209239.19
2023-05-06 07:00:00,1.3105,1.3136,1.3056,1.3067,163137.89
2023-05-06 08:00:00,1.3067,1.3067,1.2925,1.3002,687554.8
2023-05-06 09:00:00,1.3002,1.3032,1.2975,1.3009,176094.08
2023-05-06 10:00:00,1.3009,1.3043,1.2975,1.2988,337948.9
2023-05-06 11:00:00,1.2988,1.3005,1.293,1.3004,134558.06
2023-05-06 12:00:00,1.3004,1.3004,1.261,1.2737,3131106.31
2023-05-06 13:00:00,1.2737,1.2737,1.2413,1.2517,1173849.32
2023-05-06 14:00:00,1.2517,1.255,1.2157,1.2285,1425050.58
2023-05-06 15:00:00,1.2285,1.2403,1.2201,1.2296,349837.75
2023-05-06 16:00:00,1.2296,1.2376,1.2263,1.2309,328921.07
2023-05-06 17:00:00,1.2309,1.2331,1.2144,1.2179,374616.64
2023-05-06 18:00:00,1.2179,1.2474,1.2173,1.2441,687272.73
2023-05-06 19:00:00,1.2441,1.2529,1.2422,1.2496,460210.63
2023-05-06 20:00:00,1.2496,1.2513,1.242,1.2431,210211.94
2023-05-06 21:00:00,1.2431,1.2502,1.2397,1.2487,123844.28
2023-05-06 22:00:00,1.2487,1.2487,1.24,1.2404,137713.58
2023-05-06 23:00:00,1.2404,1.2443,1.2347,1.2376,145776.17
2023-05-07 00:00:00,1.2376,1.2445,1.2312,1.2422,327702.21
2023-05-07 01:00:00,1.2422,1.2486,1.2303,1.2308,179641.07
2023-05-07 02:00:00,1.2308,1.2352,1.225,1.2268,223856.97
2023-05-07 03:00:00,1.2268,1.2298,1.2233,1.2271,156528.26
2023-05-07 04:00:00,1.2271,1.2353,1.2271,1.235,87453.43
2023-05-07 05:00:00,1.235,1.2443,1.2335,1.2392,96383.01
2023-05-07 06:00:00,1.2392,1.2429,1.2359,1.2407,84356.29
2023-05-07 07:00:00,1.2407,1.2484,1.24,1.2456,124356.5
2023-05-07 08:00:00,1.2456,1.2532,1.2394,1.2435,755710.98
2023-05-07 09:00:00,1.2435,1.2495,1.2409,1.2428,96282.79
2023-05-07 10:00:00,1.2428,1.2449,1.24,1.2444,100124.18
2023-05-07 11:00:00,1.2444,1.2453,1.2346,1.2383,95456.34
2023-05-07 12:00:00,1.2383,1.242,1.2372,1.2412,98218.42
2023-05-07 13:00:00,1.2412,1.2524,1.2403,1.2469,636938.78
2023-05-07 14:00:00,1.2469,1.258,1.2459,1.2546,236107.3
2023-05-07 15:00:00,1.2546,1.2547,1.2383,1.2407,235957.09
2023-05-07 16:00:00,1.2407,1.243,1.2297,1.237,268636.46
2023-05-07 17:00:00,1.237,1.2434,1.2311,1.2325,186089.57
2023-05-07 18:00:00,1.2325,1.2352,1.2279,1.2298,270189.1
2023-05-07 19:00:00,1.2298,1.2345,1.2254,1.2319,156241.16
2023-05-07 20:00:00,1.2319,1.239,1.2318,1.239,69896.15
2023-05-07 21:00:00,1.239,1.2431,1.2305,1.231,164079.26
2023-05-07 22:00:00,1.231,1.2346,1.2212,1.2323,98685.35
2023-05-07 23:00:00,1.2323,1.2431,1.215,1.2188,246789.81
2023-05-08 00:00:00,1.2188,1.2286,1.2,1.2261,946845.98
2023-05-08 01:00:00,1.2261,1.2261,1.1488,1.1657,2080904.42
2023-05-08 02:00:00,1.1657,1.1772,1.152,1.1762,579711.19
2023-05-08 03:00:00,1.1762,1.1762,1.155,1.1686,512751.84
2023-05-08 04:00:00,1.1686,1.172,1.16,1.1603,297417.15
2023-05-08 05:00:00,1.1603,1.1739,1.1601,1.1731,268292.21
2023-05-08 06:00:00,1.1731,1.1745,1.162,1.1643,295710.86
2023-05-08 07:00:00,1.1643,1.1687,1.1523,1.1629,497796.34
2023-05-08 08:00:00,1.1629,1.1657,1.1459,1.1524,512940.17
2023-05-08 09:00:00,1.1524,1.168,1.1515,1.168,200016.55
2023-05-08 10:00:00,1.168,1.1725,1.1653,1.1719,165802.84
2023-05-08 11:00:00,1.1719,1.1756,1.1671,1.1721,171883.14
2023-05-08 12:00:00,1.1721,1.174,1.165,1.1684,291651.84
2023-05-08 13:00:00,1.1684,1.178,1.1656,1.1702,433441.92
2023-05-08 14:00:00,1.1702,1.1764,1.1625,1.176,276053.21
2023-05-08 15:00:00,1.176,1.1843,1.1727,1.1752,190340.94
2023-05-08 16:00:00,1.1752,1.1777,1.1638,1.1654,154808.82
2023-05-08 17:00:00,1.1654,1.1673,1.0541,1.0541,3200663.37
2023-05-08 18:00:00,1.0541,1.0752,1.0,1.057,3753470.29
2023-05-08 19:00:00,1.057,1.0752,1.0508,1.0605,293675.45
2023-05-08 20:00:00,1.0605,1.0827,1.0588,1.0769,320785.03
2023-05-08 21:00:00,1.0769,1.0868,1.0683,1.0786,308535.23
2023-05-08 22:00:00,1.0786,1.0857,1.0747,1.0857,216851.84
2023-05-08 23:00:00,1.0857,1.0937,1.0803,1.0922,101370.61
2023-05-09 00:00:00,1.0922,1.0927,1.0826,1.0871,199332.74
2023-05-09 01:00:00,1.0871,1.0965,1.0845,1.0903,362457.52
2023-05-09 02:00:00,1.0903,1.0903,1.0762,1.0833,131850.12
2023-05-09 03:00:00,1.0833,1.0874,1.0781,1.0868,176289.35
2023-05-09 04:00:00,1.0868,1.0988,1.085,1.0954,295129.51
2023-05-09 05:00:00,1.0954,1.1181,1.0913,1.1138,360998.77
2023-05-09 06:00:00,1.1138,1.1138,1.0864,1.0952,492479.3
2023-05-09 07:00:00,1.0952,1.1093,1.0904,1.1085,205115.78
2023-05-09 08:00:00,1.1085,1.1085,1.0885,1.0908,363710.74
2023-05-09 09:00:00,1.0908,1.0943,1.0839,1.0878,120371.72
2023-05-09 10:00:00,1.0878,1.0979,1.0856,1.0935,82647.02
2023-05-09 11:00:00,1.0935,1.1068,1.0883,1.1036,121215.78
2023-05-09 12:00:00,1.1036,1.1082,1.0987,1.1049,216220.62
2023-05-09 13:00:00,1.1049,1.113,1.0951,1.1012,162327.92
2023-05-09 14:00:00,1.1012,1.1035,1.09,1.0985,132762.74
2023-05-09 15:00:00,1.0985,1.1013,1.0857,1.0902,144966.68
2023-05-09 16:00:00,1.0902,1.1043,1.0851,1.1043,153903.33
2023-05-09 17:00:00,1.1043,1.11,1.1006,1.1028,230975.55
2023-05-09 18:00:00,1.1028,1.1062,1.0959,1.099,147491.72
2023-05-09 19:00:00,1.099,1.1065,1.0977,1.1058,99614.87
2023-05-09 20:00:00,1.1058,1.1143,1.0903,1.0921,113913.76
2023-05-09 21:00:00,1.0921,1.0997,1.0916,1.0932,79555.38
2023-05-09 22:00:00,1.0932,1.0963,1.0906,1.0949,30441.69
2023-05-09 23:00:00,1.0949,1.1034,1.0946,1.1014,158650.65
2023-05-10 00:00:00,1.1014,1.1111,1.098,1.1088,122982.22
2023-05-10 01:00:00,1.1088,1.1318,1.1079,1.125,698521.31
2023-05-10 02:00:00,1.125,1.1295,1.1136,1.1136,154612.22
2023-05-10 03:00:00,1.1136,1.1211,1.1136,1.1159,147824.91
2023-05-10 04:00:00,1.1159,1.1278,1.1149,1.1266,121678.41
2023-05-10 05:00:00,1.1266,1.1324,1.1173,1.1178,206885.47
2023-05-10 06:00:00,1.1178,1.1335,1.1088,1.133,433734.78
2023-05-10 07:00:00,1.133,1.1381,1.1149,1.1219,811204.96
2023-05-10 08:00:00,1.1219,1.1322,1.1157,1.1214,544028.38
2023-05-10 09:00:00,1.1214,1.1219,1.1155,1.1192,274645.34
2023-05-10 10:00:00,1.1192,1.1248,1.1122,1.1203,975381.59
2023-05-10 11:00:00,1.1203,1.121,1.1129,1.1191,261658.17
2023-05-10 12:00:00,1.1191,1.2023,1.1145,1.1906,2345048.15
2023-05-10 13:00:00,1.1906,1.2025,1.1689,1.1783,1164961.85
2023-05-10 14:00:00,1.1783,1.186,1.1592,1.1668,432445.4
2023-05-10 15:00:00,1.1668,1.1893,1.1639,1.1827,302519.83
2023-05-10 16:00:00,1.1827,1.1912,1.1724,1.1747,274498.73
2023-05-10 17:00:00,1.1747,1.1793,1.0847,1.1505,2389658.96
2023-05-10 18:00:00,1.1505,1.154,1.137,1.1472,245780.67
2023-05-10 19:00:00,1.1472,1.1695,1.1462,1.1572,355108.45
2023-05-10 20:00:00,1.1572,1.186,1.1555,1.1819,284223.19
2023-05-10 21:00:00,1.1819,1.1836,1.1525,1.1588,380016.44
2023-05-10 22:00:00,1.1588,1.1701,1.1571,1.1682,142515.78
2023-05-10 23:00:00,1.1682,1.177,1.1659,1.169,213130.64
2023-05-11 00:00:00,1.169,1.1705,1.1336,1.1389,375740.49
2023-05-11 01:00:00,1.1389,1.1519,1.1388,1.1439,77024.72
2023-05-11 02:00:00,1.1439,1.1475,1.1357,1.1418,82888.46
2023-05-11 03:00:00,1.1418,1.1418,1.1237,1.1281,150266.48
2023-05-11 04:00:00,1.1281,1.1372,1.1268,1.1362,82732.0
2023-05-11 05:00:00,1.1362,1.1362,1.1217,1.1332,171605.43
2023-05-11 06:00:00,1.1332,1.1339,1.1209,1.1247,223837.72
2023-05-11 07:00:00,1.1247,1.1335,1.1223,1.1239,173237.48
2023-05-11 08:00:00,1.1239,1.1239,1.1049,1.1093,389190.54
2023-05-11 09:00:00,1.1093,1.1173,1.1078,1.1147,118381.49
2023-05-11 10:00:00,1.1147,1.1216,1.1135,1.1158,78300.54
2023-05-11 11:00:00,1.1158,1.1203,1.1079,1.1116,151041.71
2023-05-11 12:00:00,1.1116,1.1324,1.1112,1.115,402638.98
2023-05-11 13:00:00,1.115,1.1196,1.099,1.1078,531913.84
2023-05-11 14:00:00,1.1078,1.1122,1.0797,1.0984,827776.45
2023-05-11 15:00:00,1.0984,1.1033,1.0875,1.1012,186528.01
2023-05-11 16:00:00,1.1012,1.1078,1.0944,1.097,208969.25
2023-05-11 17:00:00,1.097,1.0977,1.0487,1.0706,872870.49
2023-05-11 18:00:00,1.0706,1.0716,1.055,1.0675,224467.0
2023-05-11 19:00:00,1.0675,1.0729,1.0528,1.058,167777.85
2023-05-11 20:00:00,1.058,1.0806,1.0564,1.0805,133056.71
2023-05-11 21:00:00,1.0805,1.0987,1.0793,1.0899,152106.17
2023-05-11 22:00:00,1.0899,1.0963,1.0841,1.0843,248315.54
2023-05-11 23:00:00,1.0843,1.0957,1.0784,1.0874,336231.92
2023-05-12 00:00:00,1.0874,1.0946,1.0812,1.0944,146852.83
2023-05-12 01:00:00,1.0944,1.1018,1.0801,1.0837,328184.43
2023-05-12 02:00:00,1.0837,1.0871,1.0592,1.0668,386202.59
2023-05-12 03:00:00,1.0668,1.0765,1.0618,1.0703,140346.9
2023-05-12 04:00:00,1.0703,1.0873,1.0629,1.0861,158055.05
2023-05-12 05:00:00,1.0861,1.0882,1.0607,1.0806,496549.53
2023-05-12 06:00:00,1.0806,1.1067,1.0715,1.1045,742209.06
2023-05-12 07:00:00,1.1045,1.1182,1.094,1.1092,470778.65
2023-05-12 08:00:00,1.1092,1.1159,1.0948,1.098,187809.23
2023-05-12 09:00:00,1.098,1.1162,1.098,1.114,213067.27
2023-05-12 10:00:00,1.114,1.1199,1.1067,1.1075,355427.63
2023-05-12 11:00:00,1.1075,1.1154,1.1029,1.1047,207886.52
2023-05-12 12:00:00,1.1047,1.1277,1.1042,1.1188,306971.6
2023-05-12 13:00:00,1.1188,1.1274,1.1112,1.1241,362357.84
2023-05-12 14:00:00,1.1241,1.137,1.1103,1.1128,568783.28
2023-05-12 15:00:00,1.1128,1.1157,1.0965,1.1074,433687.89
2023-05-12 16:00:00,1.1074,1.1241,1.1012,1.1086,370435.72
2023-05-12 17:00:00,1.1086,1.12,1.1069,1.1127,161456.32
2023-05-12 18:00:00,1.1127,1.1228,1.1116,1.1148,232648.12
2023-05-12 19:00:00,1.1148,1.1355,1.0835,1.1355,806151.51
2023-05-12 20:00:00,1.1355,1.1469,1.1248,1.1399,382954.26
2023-05-12 21:00:00,1.1399,1.1673,1.1396,1.1604,381517.98
2023-05-12 22:00:00,1.1604,1.1715,1.1509,1.1575,724582.16
2023-05-12 23:00:00,1.1575,1.1759,1.1567,1.1698,408939.95
2023-05-13 00:00:00,1.1698,1.1713,1.1561,1.1639,237077.29
2023-05-13 01:00:00,1.1639,1.1739,1.1577,1.1577,332410.89
2023-05-13 02:00:00,1.1577,1.1587,1.1522,1.1523,128430.31
2023-05-13 03:00:00,1.1523,1.1617,1.1523,1.155,161169.87
2023-05-13 04:00:00,1.155,1.158,1.1443,1.1467,266643.23
2023-05-13 05:00:00,1.1467,1.1543,1.1424,1.1431,126682.61
2023-05-13 06:00:00,1.1431,1.1483,1.1426,1.1435,100130.55
2023-05-13 07:00:00,1.1435,1.161,1.1435,1.1568,273725.58
2023-05-13 08:00:00,1.1568,1.166,1.1537,1.1633,315911.81
2023-05-13 09:00:00,1.1633,1.1888,1.1617,1.1828,368195.94
2023-05-13 10:00:00,1.1828,1.1899,1.1721,1.1734,303854.8
2023-05-13 11:00:00,1.1734,1.1808,1.1714,1.1786,280288.11
2023-05-13 12:00:00,1.1786,1.1894,1.1723,1.1765,598448.59
2023-05-13 13:00:00,1.1765,1.179,1.1612,1.1695,343764.23
2023-05-13 14:00:00,1.1695,1.1725,1.1593,1.1608,305556.75
2023-05-13 15:00:00,1.1608,1.1706,1.1583,1.1654,164996.0
2023-05-13 16:00:00,1.1654,1.17,1.1629,1.1672,58788.6
2023-05-13 17:00:00,1.1672,1.1748,1.161,1.1694,173519.38
2023-05-13 18:00:00,1.1694,1.1832,1.1652,1.1692,242835.99
2023-05-13 19:00:00,1.1692,1.1771,1.1634,1.1681,143457.3
2023-05-13 20:00:00,1.1681,1.1725,1.1646,1.171,26075.16
2023-05-13 21:00:00,1.171,1.1747,1.1677,1.1699,85998.12
2023-05-13 22:00:00,1.1699,1.1721,1.165,1.1702,66650.86
2023-05-13 23:00:00,1.1702,1.1732,1.1652,1.1679,93473.84
2023-05-14 00:00:00,1.1679,1.168,1.148,1.1638,434849.45
2023-05-14 01:00:00,1.1638,1.1639,1.1407,1.1481,463760.9
2023-05-14 02:00:00,1.1481,1.1552,1.1481,1.1537,186147.6
2023-05-14 03:00:00,1.1537,1.1631,1.1516,1.1611,164175.66
2023-05-14 04:00:00,1.1611,1.1677,1.1581,1.1664,116305.91
2023-05-14 05:00:00,1.1664,1.1679,1.1629,1.1634,210436.09
2023-05-14 06:00:00,1.1634,1.172,1.1634,1.1695,92635.38
2023-05-14 07:00:00,1.1695,1.1738,1.1661,1.1674,67314.63
2023-05-14 08:00:00,1.1674,1.1747,1.166,1.1728,143703.58
2023-05-14 09:00:00,1.1728,1.1788,1.1695,1.171,121244.32
2023-05-14 10:00:00,1.171,1.1721,1.1659,1.1687,151861.38
2023-05-14 11:00:00,1.1687,1.1692,1.1641,1.1684,80775.48
2023-05-14 12:00:00,1.1684,1.1749,1.1606,1.1732,135105.41
2023-05-14 13:00:00,1.1732,1.1958,1.17,1.1939,351446.74
2023-05-14 14:00:00,1.1939,1.1971,1.1825,1.1967,306097.8
2023-05-14 15:00:00,1.1967,1.2055,1.1918,1.1935,378847.42
2023-05-14 16:00:00,1.1935,1.1966,1.1776,1.1796,217150.32
2023-05-14 17:00:00,1.1796,1.1807,1.1724,1.1759,164736.46
2023-05-14 18:00:00,1.1759,1.1765,1.1666,1.1704,110386.22
2023-05-14 19:00:00,1.1704,1.1704,1.1623,1.1659,107063.09
2023-05-14 20:00:00,1.1659,1.1731,1.1636,1.173,66629.3
2023-05-14 21:00:00,1.173,1.1755,1.1703,1.1724,48259.88
2023-05-14 22:00:00,1.1724,1.1782,1.1685,1.1761,76193.69
2023-05-14 23:00:00,1.1761,1.1761,1.1644,1.1692,101193.48
2023-05-15 00:00:00,1.1692,1.1733,1.147,1.1545,449877.9
2023-05-15 01:00:00,1.1545,1.1871,1.1505,1.1858,353010.72
2023-05-15 02:00:00,1.1858,1.1931,1.1775,1.1867,159996.78
2023-05-15 03:00:00,1.1867,1.1972,1.1855,1.1941,194654.9
2023-05-15 04:00:00,1.1941,1.1965,1.1869,1.1917,178934.65
2023-05-15 05:00:00,1.1917,1.2072,1.1882,1.2044,469881.38
2023-05-15 06:00:00,1.2044,1.2243,1.2008,1.2197,726904.67
2023-05-15 07:00:00,1.2197,1.228,1.2158,1.2198,446953.71
2023-05-15 08:00:00,1.2198,1.227,1.2186,1.2246,182252.86
2023-05-15 09:00:00,1.2246,1.2281,1.2169,1.2204,272448.02
2023-05-15 10:00:00,1.2204,1.2218,1.2108,1.2147,168534.26
2023-05-15 11:00:00,1.2147,1.221,1.2036,1.2037,267691.68
2023-05-15 12:00:00,1.2037,1.225,1.203,1.2188,359829.35
2023-05-15 13:00:00,1.2188,1.2212,1.2078,1.21,184896.93
2023-05-15 14:00:00,1.21,1.2203,1.1963,1.214,311774.49
2023-05-15 15:00:00,1.214,1.2196,1.2112,1.2127,161832.89
2023-05-15 16:00:00,1.2127,1.2242,1.2055,1.2099,716557.74
2023-05-15 17:00:00,1.2099,1.2232,1.2083,1.2127,208862.35
2023-05-15 18:00:00,1.2127,1.2131,1.2041,1.2057,48243.18
2023-05-15 19:00:00,1.2057,1.2068,1.1972,1.2011,193812.08
2023-05-15 20:00:00,1.2011,1.204,1.198,1.2013,154042.45
2023-05-15 21:00:00,1.2013,1.2063,1.2,1.2038,50091.61
2023-05-15 22:00:00,1.2038,1.2056,1.1909,1.1965,316407.5
2023-05-15 23:00:00,1.1965,1.2006,1.1841,1.1868,218242.54
2023-05-16 00:00:00,1.1868,1.2016,1.1868,1.1955,280800.91
2023-05-16 01:00:00,1.1955,1.2102,1.1694,1.1806,956991.64
2023-05-16 02:00:00,1.1806,1.1862,1.1767,1.1858,253151.81
2023-05-16 03:00:00,1.1858,1.1858,1.1807,1.1829,97151.48
2023-05-16 04:00:00,1.1829,1.1883,1.18,1.1883,118925.7
2023-05-16 05:00:00,1.1883,1.197,1.184,1.1863,192441.0
2023-05-16 06:00:00,1.1863,1.1881,1.1804,1.1837,140192.06
2023-05-16 07:00:00,1.1837,1.1996,1.1837,1.198,238573.17
2023-05-16 08:00:00,1.198,1.2056,1.1893,1.1927,302017.21
2023-05-16 09:00:00,1.1927,1.1954,1.1867,1.1882,192873.28
2023-05-16 10:00:00,1.1882,1.1899,1.1757,1.1775,157369.53
2023-05-16 11:00:00,1.1775,1.1857,1.1761,1.1812,178585.11
2023-05-16 12:00:00,1.1812,1.1859,1.1776,1.1813,144163.22
2023-05-16 13:00:00,1.1813,1.1827,1.1668,1.1681,197622.66
2023-05-16 14:00:00,1.1681,1.1732,1.1643,1.1717,213474.37
2023-05-16 15:00:00,1.1717,1.1772,1.171,1.1769,94899.49
2023-05-16 16:00:00,1.1769,1.1812,1.1713,1.177,88633.16
2023-05-16 17:00:00,1.177,1.179,1.1676,1.1787,75863.0
2023-05-16 18:00:00,1.1787,1.1804,1.1739,1.1792,97854.81
2023-05-16 19:00:00,1.1792,1.1807,1.1649,1.1658,131633.54
2023-05-16 20:00:00,1.1658,1.1726,1.1617,1.1692,87513.04
2023-05-16 21:00:00,1.1692,1.1796,1.1683,1.1777,79684.74
2023-05-16 22:00:00,1.1777,1.1795,1.1742,1.1753,86082.49
2023-05-16 23:00:00,1.1753,1.1797,1.1708,1.1784,134672.69
2023-05-17 00:00:00,1.1784,1.1834,1.1673,1.1828,133186.42
2023-05-17 01:00:00,1.1828,1.2009,1.1812,1.1974,290899.5
2023-05-17 02:00:00,1.1974,1.2058,1.189,1.1895,206180.27
2023-05-17 03:00:00,1.1895,1.1945,1.1876,1.191,202018.97
2023-05-17 04:00:00,1.191,1.1992,1.1909,1.1962,87824.83
2023-05-17 05:00:00,1.1962,1.1962,1.1833,1.1836,235892.32
2023-05-17 06:00:00,1.1836,1.1836,1.1759,1.1776,244310.96
2023-05-17 07:00:00,1.1776,1.1834,1.1655,1.1697,155047.61
2023-05-17 08:00:00,1.1697,1.1706,1.1625,1.1689,378932.91
2023-05-17 09:00:00,1.1689,1.1747,1.167,1.1742,63383.51
2023-05-17 10:00:00,1.1742,1.1745,1.1693,1.171,181574.9
2023-05-17 11:00:00,1.171,1.171,1.1453,1.1508,687605.09
2023-05-17 12:00:00,1.1508,1.1566,1.1463,1.1481,266888.67
2023-05-17 13:00:00,1.1481,1.1588,1.1435,1.1488,213019.28
2023-05-17 14:00:00,1.1488,1.1556,1.1301,1.1515,459766.44
2023-05-17 15:00:00,1.1515,1.1522,1.1448,1.1502,51573.88
2023-05-17 16:00:00,1.1502,1.1632,1.1476,1.1616,124824.68
2023-05-17 17:00:00,1.1616,1.1743,1.1595,1.1718,187296.67
2023-05-17 18:00:00,1.1718,1.1796,1.1701,1.1773,191247.44
2023-05-17 19:00:00,1.1773,1.2069,1.1773,1.2014,497442.13
2023-05-17 20:00:00,1.2014,1.211,1.1948,1.2024,306503.03
2023-05-17 21:00:00,1.2024,1.2044,1.1936,1.1988,195328.62
2023-05-17 22:00:00,1.1988,1.2006,1.1907,1.1952,128080.55
2023-05-17 23:00:00,1.1952,1.2032,1.195,1.1965,181362.74
2023-05-18 00:00:00,1.1965,1.2126,1.192,1.2064,162553.23
2023-05-18 01:00:00,1.2064,1.2109,1.1952,1.1965,227768.7
2023-05-18 02:00:00,1.1965,1.2061,1.195,1.2052,143275.25
2023-05-18 03:00:00,1.2052,1.2082,1.2024,1.2045,87647.64
2023-05-18 04:00:00,1.2045,1.2054,1.1959,1.1959,132772.58
2023-05-18 05:00:00,1.1959,1.2001,1.1933,1.1944,74828.38
2023-05-18 06:00:00,1.1944,1.1958,1.1843,1.187,199796.5
2023-05-18 07:00:00,1.187,1.2014,1.1866,1.199,181301.89
2023-05-18 08:00:00,1.199,1.2006,1.1947,1.1966,111072.99
2023-05-18 09:00:00,1.1966,1.1986,1.1929,1.1935,57714.26
2023-05-18 10:00:00,1.1935,1.1977,1.1903,1.1938,98090.59
2023-05-18 11:00:00,1.1938,1.1943,1.1891,1.193,105432.24
2023-05-18 12:00:00,1.193,1.1935,1.1767,1.178,368632.2
2023-05-18 13:00:00,1.178,1.1821,1.1716,1.182,184485.87
2023-05-18 14:00:00,1.182,1.1852,1.1705,1.1775,445725.5
2023-05-18 15:00:00,1.1775,1.1823,1.1638,1.1661,328573.27
2023-05-18 16:00:00,1.1661,1.1695,1.1603,1.1679,122232.98
2023-05-18 17:00:00,1.1679,1.1708,1.1352,1.1407,645975.15
2023-05-18 18:00:00,1.1407,1.1509,1.1373,1.1457,352574.24
2023-05-18 19:00:00,1.1457,1.1611,1.1439,1.1555,166124.97
2023-05-18 20:00:00,1.1555,1.1581,1.1517,1.1554,90630.03
2023-05-18 21:00:00,1.1554,1.1773,1.1554,1.1702,140763.92
2023-05-18 22:00:00,1.1702,1.1717,1.1618,1.166,77505.38
2023-05-18 23:00:00,1.166,1.1661,1.1488,1.1543,1555579.95
2023-05-19 00:00:00,1.1543,1.1557,1.1461,1.1527,125118.38
2023-05-19 01:00:00,1.1527,1.1549,1.1446,1.1457,138314.99
2023-05-19 02:00:00,1.1457,1.1487,1.1403,1.1444,114714.54
2023-05-19 03:00:00,1.1444,1.1511,1.1408,1.1492,111284.55
2023-05-19 04:00:00,1.1492,1.1537,1.1438,1.1535,82001.54
2023-05-19 05:00:00,1.1535,1.157,1.1507,1.1562,59330.6
2023-05-19 06:00:00,1.1562,1.1571,1.1502,1.1527,49855.04
2023-05-19 07:00:00,1.1527,1.157,1.1491,1.1522,56681.84
2023-05-19 08:00:00,1.1522,1.1599,1.1518,1.1552,68944.86
2023-05-19 09:00:00,1.1552,1.1613,1.1512,1.1529,48672.43
2023-05-19 10:00:00,1.1529,1.1535,1.1474,1.1492,103911.3
2023-05-19 11:00:00,1.1492,1.1512,1.1468,1.1483,36243.87
2023-05-19 12:00:00,1.1483,1.1584,1.1483,1.1545,65609.08
2023-05-19 13:00:00,1.1545,1.1562,1.1473,1.1478,53452.83
2023-05-19 14:00:00,1.1478,1.1481,1.1431,1.1473,92953.23
2023-05-19 15:00:00,1.1473,1.1714,1.1434,1.1578,585879.1
2023-05-19 16:00:00,1.1578,1.163,1.1539,1.157,124656.58
2023-05-19 17:00:00,1.157,1.1712,1.1564,1.167,69529.52
2023-05-19 18:00:00,1.167,1.1677,1.1606,1.1632,41653.48
2023-05-19 19:00:00,1.1632,1.1633,1.1497,1.1569,101089.69
2023-05-19 20:00:00,1.1569,1.1634,1.1564,1.1587,36564.93
2023-05-19 21:00:00,1.1587,1.1624,1.1567,1.1591,37891.06
2023-05-19 22:00:00,1.1591,1.162,1.1575,1.1619,20299.9
2023-05-19 23:00:00,1.1619,1.1649,1.16,1.1619,64392.43
2023-05-20 00:00:00,1.1619,1.1621,1.1485,1.1502,126019.17
2023-05-20 01:00:00,1.1502,1.1553,1.15,1.1529,29272.17
2023-05-20 02:00:00,1.1529,1.1556,1.1495,1.1505,39817.01
2023-05-20 03:00:00,1.1505,1.1539,1.1492,1.153,37654.19
2023-05-20 04:00:00,1.153,1.1552,1.151,1.1551,27662.61
2023-05-20 05:00:00,1.1551,1.1576,1.152,1.1573,29417.39
2023-05-20 06:00:00,1.1573,1.1594,1.1533,1.1542,48800.0
2023-05-20 07:00:00,1.1542,1.1594,1.1532,1.1589,11765.62
2023-05-20 08:00:00,1.1589,1.1622,1.1583,1.1613,100350.54
2023-05-20 09:00:00,1.1613,1.1614,1.1576,1.1576,52545.68
2023-05-20 10:00:00,1.1576,1.1588,1.1554,1.1566,33128.71
2023-05-20 11:00:00,1.1566,1.1571,1.1544,1.1556,51322.53
2023-05-20 12:00:00,1.1556,1.1591,1.1554,1.1555,64748.36
2023-05-20 13:00:00,1.1555,1.1566,1.151,1.1546,52755.1
2023-05-20 14:00:00,1.1546,1.1575,1.153,1.1561,107018.0
2023-05-20 15:00:00,1.1561,1.16,1.1551,1.1586,147288.97
2023-05-20 16:00:00,1.1586,1.1587,1.1552,1.1571,19530.96
2023-05-20 17:00:00,1.1571,1.1673,1.1541,1.1666,87779.58
2023-05-20 18:00:00,1.1666,1.1668,1.1595,1.1596,81713.23
2023-05-20 19:00:00,1.1596,1.1616,1.1525,1.1612,71312.48
2023-05-20 20:00:00,1.1612,1.1629,1.16,1.1614,31677.91
2023-05-20 21:00:00,1.1614,1.1623,1.1567,1.1583,60217.53
2023-05-20 22:00:00,1.1583,1.1604,1.1571,1.1597,56692.55
2023-05-20 23:00:00,1.1597,1.1626,1.158,1.1623,23832.46
2023-05-21 00:00:00,1.1623,1.1685,1.1587,1.1681,119954.1
2023-05-21 01:00:00,1.1681,1.1694,1.1606,1.1612,75416.52
2023-05-21 02:00:00,1.1612,1.1651,1.161,1.1651,44366.91
2023-05-21 03:00:00,1.1651,1.1669,1.1638,1.1643,32884.35
2023-05-21 04:00:00,1.1643,1.1647,1.1604,1.1606,53376.16
2023-05-21 05:00:00,1.1606,1.1661,1.1596,1.1624,233721.92
2023-05-21 06:00:00,1.1624,1.1629,1.16,1.1616,32594.38
2023-05-21 07:00:00,1.1616,1.1634,1.1577,1.1584,64433.73
2023-05-21 08:00:00,1.1584,1.1608,1.1571,1.16,38994.57
2023-05-21 09:00:00,1.16,1.1611,1.158,1.161,8028.98
2023-05-21 10:00:00,1.161,1.1611,1.1517,1.154,115176.01
2023-05-21 11:00:00,1.154,1.154,1.1491,1.1505,97619.73
2023-05-21 12:00:00,1.1505,1.1525,1.1465,1.1519,94365.91
2023-05-21 13:00:00,1.1519,1.152,1.1492,1.1503,57972.18
2023-05-21 14:00:00,1.1503,1.1557,1.1462,1.147,86512.69
2023-05-21 15:00:00,1.147,1.1531,1.1284,1.1377,339821.46
2023-05-21 16:00:00,1.1377,1.142,1.1074,1.1207,1262852.59
2023-05-21 17:00:00,1.1207,1.1274,1.1172,1.1227,159114.64
2023-05-21 18:00:00,1.1227,1.1261,1.1217,1.1233,80106.15
2023-05-21 19:00:00,1.1233,1.1304,1.123,1.1279,55070.45
2023-05-21 20:00:00,1.1279,1.1313,1.1241,1.1242,38178.66
2023-05-21 21:00:00,1.1242,1.1247,1.115,1.1236,116713.27
2023-05-21 22:00:00,1.1236,1.1302,1.123,1.1276,31840.93
2023-05-21 23:00:00,1.1276,1.1307,1.1233,1.1257,62343.1
2023-05-22 00:00:00,1.1257,1.1301,1.1098,1.1188,125880.64
2023-05-22 01:00:00,1.1188,1.1219,1.105,1.1076,202479.82
2023-05-22 02:00:00,1.1076,1.12,1.1048,1.119,48255.54
2023-05-22 03:00:00,1.119,1.1202,1.1151,1.1168,62556.32
2023-05-22 04:00:00,1.1168,1.1173,1.1126,1.1127,56708.68
2023-05-22 05:00:00,1.1127,1.1179,1.1126,1.1148,45573.48
2023-05-22 06:00:00,1.1148,1.1267,1.1148,1.1196,175732.13
2023-05-22 07:00:00,1.1196,1.1207,1.1168,1.1187,63283.57
2023-05-22 08:00:00,1.1187,1.1246,1.1185,1.1194,108334.5
2023-05-22 09:00:00,1.1194,1.1272,1.1194,1.1237,109522.19
2023-05-22 10:00:00,1.1237,1.1271,1.1213,1.1268,119680.58
2023-05-22 11:00:00,1.1268,1.1277,1.1223,1.1263,32955.46
2023-05-22 12:00:00,1.1263,1.1305,1.1196,1.1196,114626.35
2023-05-22 13:00:00,1.1196,1.1382,1.1178,1.1322,255204.37
2023-05-22 14:00:00,1.1322,1.1341,1.1189,1.1291,186023.94
2023-05-22 15:00:00,1.1291,1.1302,1.1223,1.1241,97263.21
2023-05-22 16:00:00,1.1241,1.1275,1.1194,1.1225,99544.26
2023-05-22 17:00:00,1.1225,1.124,1.1165,1.1214,119191.71
2023-05-22 18:00:00,1.1214,1.1247,1.1194,1.1207,28614.34
2023-05-22 19:00:00,1.1207,1.1245,1.1196,1.1221,22139.05
2023-05-22 20:00:00,1.1221,1.126,1.1205,1.1249,171185.94
2023-05-22 21:00:00,1.1249,1.1273,1.1242,1.1259,70155.23
2023-05-22 22:00:00,1.1259,1.1272,1.1229,1.125,59956.91
2023-05-22 23:00:00,1.125,1.1257,1.1232,1.1239,21768.67
2023-05-23 00:00:00,1.1239,1.1255,1.118,1.1197,60290.32
2023-05-23 01:00:00,1.1197,1.1374,1.1182,1.1321,125317.35
2023-05-23 02:00:00,1.1321,1.1404,1.1321,1.1401,75994.92
2023-05-23 03:00:00,1.1401,1.1651,1.137,1.1576,506738.36
2023-05-23 04:00:00,1.1576,1.161,1.1513,1.1551,250865.99
2023-05-23 05:00:00,1.1551,1.1642,1.1551,1.1642,120196.6
2023-05-23 06:00:00,1.1642,1.1719,1.1541,1.1575,203672.42
2023-05-23 07:00:00,1.1575,1.1638,1.151,1.1613,140196.8
2023-05-23 08:00:00,1.1613,1.1724,1.1602,1.1693,115036.11
2023-05-23 09:00:00,1.1693,1.1779,1.1643,1.1714,235235.28
2023-05-23 10:00:00,1.1714,1.1749,1.165,1.173,363993.89
2023-05-23 11:00:00,1.173,1.175,1.1683,1.1709,112025.03
2023-05-23 12:00:00,1.1709,1.1764,1.1656,1.1705,168150.29
2023-05-23 13:00:00,1.1705,1.171,1.1605,1.1658,292740.48
2023-05-23 14:00:00,1.1658,1.1726,1.1647,1.1701,252372.74
2023-05-23 15:00:00,1.1701,1.1718,1.1659,1.1712,202167.88
2023-05-23 16:00:00,1.1712,1.1713,1.165,1.1651,49988.12
2023-05-23 17:00:00,1.1651,1.1684,1.1624,1.1639,105671.39
2023-05-23 18:00:00,1.1639,1.1673,1.161,1.1623,139763.33
2023-05-23 19:00:00,1.1623,1.17,1.1605,1.1673,58387.49
2023-05-23 20:00:00,1.1673,1.1678,1.1618,1.1644,56572.02
2023-05-23 21:00:00,1.1644,1.1654,1.1616,1.1626,31985.11
2023-05-23 22:00:00,1.1626,1.1648,1.1612,1.1646,24407.53
2023-05-23 23:00:00,1.1646,1.167,1.1643,1.1652,25534.2
2023-05-24 00:00:00,1.1652,1.1659,1.1465,1.1515,211887.01
2023-05-24 01:00:00,1.1515,1.1522,1.141,1.1423,247484.29
2023-05-24 02:00:00,1.1423,1.1449,1.1416,1.1447,63129.05
2023-05-24 03:00:00,1.1447,1.148,1.1171,1.1244,318069.41
2023-05-24 04:00:00,1.1244,1.13,1.1208,1.1298,211926.8
2023-05-24 05:00:00,1.1298,1.1299,1.1215,1.1227,107635.71
2023-05-24 06:00:00,1.1227,1.123,1.1112,1.1156,270874.82
2023-05-24 07:00:00,1.1156,1.1226,1.1156,1.1196,66486.64
2023-05-24 08:00:00,1.1196,1.1227,1.119,1.1227,94277.13
2023-05-24 09:00:00,1.1227,1.1296,1.1217,1.1258,333497.79
2023-05-24 10:00:00,1.1258,1.1268,1.1217,1.1233,99425.56
2023-05-24 11:00:00,1.1233,1.1234,1.1149,1.1173,206766.79
2023-05-24 12:00:00,1.1173,1.1212,1.1161,1.1201,182483.79
2023-05-24 13:00:00,1.1201,1.1214,1.0778,1.0979,864648.08
2023-05-24 14:00:00,1.0979,1.1039,1.0798,1.0972,1701473.06
2023-05-24 15:00:00,1.0972,1.107,1.0896,1.1046,455246.38
2023-05-24 16:00:00,1.1046,1.1046,1.0962,1.0988,211043.35
2023-05-24 17:00:00,1.0988,1.104,1.0908,1.0996,124794.8
2023-05-24 18:00:00,1.0996,1.1016,1.0958,1.0981,136201.44
2023-05-24 19:00:00,1.0981,1.1072,1.0974,1.1007,130138.91
2023-05-24 20:00:00,1.1007,1.1152,1.1007,1.1116,241346.39
2023-05-24 21:00:00,1.1116,1.1166,1.1059,1.1086,256692.34
2023-05-24 22:00:00,1.1086,1.1134,1.1066,1.1088,50542.36
2023-05-24 23:00:00,1.1088,1.1118,1.1072,1.1078,63738.49
2023-05-25 00:00:00,1.1078,1.1121,1.0942,1.0953,347008.38
2023-05-25 01:00:00,1.0953,1.0999,1.0655,1.0816,655020.76
2023-05-25 02:00:00,1.0816,1.0935,1.0804,1.0935,235844.38
2023-05-25 03:00:00,1.0935,1.1015,1.092,1.0922,262657.02
2023-05-25 04:00:00,1.0922,1.1011,1.091,1.1007,516073.87
2023-05-25 05:00:00,1.1007,1.1027,1.0987,1.1007,24416.14
2023-05-25 06:00:00,1.1007,1.105,1.0999,1.102,36118.29
2023-05-25 07:00:00,1.102,1.104,1.0913,1.0914,100856.25
2023-05-25 08:00:00,1.0914,1.0989,1.0914,1.0967,79987.53
2023-05-25 09:00:00,1.0967,1.1,1.096,1.0992,27530.58
2023-05-25 10:00:00,1.0992,1.0997,1.0942,1.0966,43034.72
2023-05-25 11:00:00,1.0966,1.0984,1.0911,1.0981,134079.7
2023-05-25 12:00:00,1.0981,1.1143,1.0981,1.1049,177044.94
2023-05-25 13:00:00,1.1049,1.109,1.0929,1.0992,177745.32
2023-05-25 14:00:00,1.0992,1.1019,1.0929,1.0976,102544.0
2023-05-25 15:00:00,1.0976,1.1036,1.0887,1.0956,192923.33
2023-05-25 16:00:00,1.0956,1.1025,1.0948,1.1006,77896.62
2023-05-25 17:00:00,1.1006,1.106,1.0967,1.1012,82951.73
2023-05-25 18:00:00,1.1012,1.1044,1.0991,1.1027,39813.39
2023-05-25 19:00:00,1.1027,1.1138,1.1014,1.1083,108586.38
2023-05-25 20:00:00,1.1083,1.1112,1.1059,1.106,82550.67
2023-05-25 21:00:00,1.106,1.1067,1.102,1.1041,44520.02
2023-05-25 22:00:00,1.1041,1.1051,1.102,1.1042,19455.49
2023-05-25 23:00:00,1.1042,1.1081,1.1034,1.1051,89954.54
2023-05-26 00:00:00,1.1051,1.11,1.1016,1.1077,125668.3
2023-05-26 01:00:00,1.1077,1.1184,1.105,1.1084,251932.29
2023-05-26 02:00:00,1.1084,1.1125,1.1053,1.1124,24476.19
2023-05-26 03:00:00,1.1124,1.1149,1.1099,1.1118,33684.93
2023-05-26 04:00:00,1.1118,1.1145,1.1095,1.1135,32485.35
2023-05-26 05:00:00,1.1135,1.1148,1.1063,1.1064,84877.31
2023-05-26 06:00:00,1.1064,1.127,1.1053,1.1258,281990.23
2023-05-26 07:00:00,1.1258,1.1349,1.1241,1.1339,314214.63
2023-05-26 08:00:00,1.1339,1.1582,1.1293,1.152,1074884.15
2023-05-26 09:00:00,1.152,1.1568,1.1462,1.1509,290042.9
2023-05-26 10:00:00,1.1509,1.1586,1.1484,1.1539,831633.0
2023-05-26 11:00:00,1.1539,1.1616,1.1425,1.15,1036705.52
2023-05-26 12:00:00,1.15,1.1579,1.1445,1.1486,532394.1
2023-05-26 13:00:00,1.1486,1.1785,1.1486,1.1625,1489763.52
2023-05-26 14:00:00,1.1625,1.1778,1.1625,1.1682,1319604.05
2023-05-26 15:00:00,1.1682,1.1712,1.1615,1.163,565468.21
2023-05-26 16:00:00,1.163,1.1658,1.1591,1.1624,235401.59
2023-05-26 17:00:00,1.1624,1.163,1.1504,1.1555,202270.9
2023-05-26 18:00:00,1.1555,1.1629,1.1528,1.1621,295962.69
2023-05-26 19:00:00,1.1621,1.1704,1.1621,1.167,111471.66
2023-05-26 20:00:00,1.167,1.1709,1.1664,1.1707,221872.37
2023-05-26 21:00:00,1.1707,1.1748,1.1646,1.1661,2250308.14
2023-05-26 22:00:00,1.1661,1.1707,1.1597,1.1597,444535.49
2023-05-26 23:00:00,1.1597,1.1633,1.1557,1.156,172802.43
2023-05-27 00:00:00,1.156,1.1625,1.1542,1.1578,379421.51
2023-05-27 01:00:00,1.1578,1.1604,1.1551,1.156,553420.83
2023-05-27 02:00:00,1.156,1.1573,1.1493,1.1572,485473.71
2023-05-27 03:00:00,1.1572,1.1572,1.1507,1.1529,242465.52
2023-05-27 04:00:00,1.1529,1.1627,1.1522,1.161,305254.62
2023-05-27 05:00:00,1.161,1.1692,1.1563,1.1597,440933.13
2023-05-27 06:00:00,1.1597,1.1676,1.1554,1.1637,233799.98
2023-05-27 07:00:00,1.1637,1.1637,1.1583,1.1593,96614.76
2023-05-27 08:00:00,1.1593,1.1622,1.154,1.154,160510.6
2023-05-27 09:00:00,1.154,1.1616,1.154,1.1576,146493.65
2023-05-27 10:00:00,1.1576,1.1617,1.1564,1.1575,159158.8
2023-05-27 11:00:00,1.1575,1.1575,1.1526,1.1551,115916.85
2023-05-27 12:00:00,1.1551,1.1684,1.1546,1.1652,163222.93
2023-05-27 13:00:00,1.1652,1.168,1.1527,1.1548,204481.52
2023-05-27 14:00:00,1.1548,1.164,1.1538,1.1628,107915.82
2023-05-27 15:00:00,1.1628,1.164,1.1596,1.1628,99977.41
2023-05-27 16:00:00,1.1628,1.1638,1.1557,1.1598,216713.21
2023-05-27 17:00:00,1.1598,1.1624,1.1577,1.1606,26113.09
2023-05-27 18:00:00,1.1606,1.1686,1.1572,1.1576,232032.62
2023-05-27 19:00:00,1.1576,1.1613,1.1576,1.1603,62414.11
2023-05-27 20:00:00,1.1603,1.1626,1.1581,1.1592,29756.93
2023-05-27 21:00:00,1.1592,1.1639,1.1584,1.1639,65177.09
2023-05-27 22:00:00,1.1639,1.1771,1.1632,1.1741,304265.14
2023-05-27 23:00:00,1.1741,1.1762,1.17,1.1706,146281.52
2023-05-28 00:00:00,1.1706,1.2066,1.1634,1.2033,1399615.4
2023-05-28 01:00:00,1.2033,1.2127,1.1967,1.1968,499548.11
2023-05-28 02:00:00,1.1968,1.2026,1.1939,1.1978,238982.33
2023-05-28 03:00:00,1.1978,1.2028,1.1962,1.197,162688.29
2023-05-28 04:00:00,1.197,1.2002,1.1944,1.1965,132055.29
2023-05-28 05:00:00,1.1965,1.2023,1.1957,1.2009,241263.13
2023-05-28 06:00:00,1.2009,1.2031,1.1962,1.2018,96729.94
2023-05-28 07:00:00,1.2018,1.2052,1.1973,1.2002,238892.15
2023-05-28 08:00:00,1.2002,1.2033,1.198,1.2015,258517.25
2023-05-28 09:00:00,1.2015,1.2028,1.1955,1.1968,79880.64
2023-05-28 10:00:00,1.1968,1.2019,1.1961,1.2014,82875.0
2023-05-28 11:00:00,1.2014,1.2066,1.1961,1.1965,199705.56
2023-05-28 12:00:00,1.1965,1.201,1.1881,1.1923,236981.38
2023-05-28 13:00:00,1.1923,1.1929,1.1849,1.1877,459171.49
2023-05-28 14:00:00,1.1877,1.1911,1.1792,1.1876,565507.69
2023-05-28 15:00:00,1.1876,1.1917,1.1855,1.1888,227033.88
2023-05-28 16:00:00,1.1888,1.1922,1.1851,1.191,163771.6
2023-05-28 17:00:00,1.191,1.1992,1.188,1.197,153726.06
2023-05-28 18:00:00,1.197,1.2087,1.1951,1.205,383404.97
2023-05-28 19:00:00,1.205,1.2188,1.2017,1.2091,416298.69
2023-05-28 20:00:00,1.2091,1.2156,1.2048,1.207,125444.93
2023-05-28 21:00:00,1.207,1.2322,1.2053,1.2296,459036.67
2023-05-28 22:00:00,1.2296,1.2577,1.2296,1.2485,641842.01
2023-05-28 23:00:00,1.2485,1.2504,1.2423,1.2463,259933.3
2023-05-29 00:00:00,1.2463,1.268,1.2415,1.2526,543245.45
2023-05-29 01:00:00,1.2526,1.2783,1.2484,1.2642,1192918.71
2023-05-29 02:00:00,1.2642,1.2643,1.2357,1.2437,687312.9
2023-05-29 03:00:00,1.2437,1.2471,1.2386,1.2415,172957.42
2023-05-29 04:00:00,1.2415,1.2444,1.2275,1.2405,581767.95
2023-05-29 05:00:00,1.2405,1.2484,1.2381,1.2478,189145.4
2023-05-29 06:00:00,1.2478,1.2552,1.2433,1.2549,198595.81
2023-05-29 07:00:00,1.2549,1.2549,1.2394,1.2465,151210.9
2023-05-29 08:00:00,1.2465,1.2527,1.2439,1.2527,354567.11
2023-05-29 09:00:00,1.2527,1.2616,1.2473,1.257,188623.72
2023-05-29 10:00:00,1.257,1.2608,1.244,1.2471,241825.64
2023-05-29 11:00:00,1.2471,1.2529,1.2416,1.2508,300917.65
2023-05-29 12:00:00,1.2508,1.2521,1.2433,1.2459,232290.59
2023-05-29 13:00:00,1.2459,1.2523,1.2407,1.2462,305489.95
2023-05-29 14:00:00,1.2462,1.2497,1.2391,1.2471,160516.81
2023-05-29 15:00:00,1.2471,1.2538,1.2262,1.2305,471943.93
2023-05-29 16:00:00,1.2305,1.2381,1.2194,1.2211,937651.73
2023-05-29 17:00:00,1.2211,1.2236,1.2032,1.2236,986612.7
2023-05-29 18:00:00,1.2236,1.2304,1.2165,1.2179,353737.03
2023-05-29 19:00:00,1.2179,1.2219,1.2145,1.2162,72671.0
2023-05-29 20:00:00,1.2162,1.2219,1.2155,1.2198,65510.48
2023-05-29 21:00:00,1.2198,1.2279,1.219,1.2224,100783.72
2023-05-29 22:00:00,1.2224,1.2231,1.2133,1.223,608237.54
2023-05-29 23:00:00,1.223,1.2316,1.2215,1.2252,170357.71
2023-05-30 00:00:00,1.2252,1.2269,1.2106,1.2159,323580.9
2023-05-30 01:00:00,1.2159,1.2379,1.2144,1.2366,473413.55
2023-05-30 02:00:00,1.2366,1.2378,1.2272,1.232,245151.85
2023-05-30 03:00:00,1.232,1.2447,1.2318,1.236,114310.0
2023-05-30 04:00:00,1.236,1.2385,1.2288,1.2352,95194.08
2023-05-30 05:00:00,1.2352,1.2381,1.221,1.2251,253616.18
2023-05-30 06:00:00,1.2251,1.2305,1.2251,1.2279,103682.29
2023-05-30 07:00:00,1.2279,1.2311,1.2056,1.2078,530074.86
2023-05-30 08:00:00,1.2078,1.2179,1.2078,1.2179,192411.31
2023-05-30 09:00:00,1.2179,1.232,1.217,1.2286,205246.78
2023-05-30 10:00:00,1.2286,1.2407,1.2283,1.2302,191457.9
2023-05-30 11:00:00,1.2302,1.2444,1.2279,1.2442,148029.11
2023-05-30 12:00:00,1.2442,1.2467,1.2253,1.2323,502381.3
2023-05-30 13:00:00,1.2323,1.2396,1.2227,1.2251,520475.43
2023-05-30 14:00:00,1.2251,1.2356,1.218,1.218,248257.73
2023-05-30 15:00:00,1.218,1.2323,1.214,1.2285,242920.77
2023-05-30 16:00:00,1.2285,1.2396,1.2179,1.2366,356076.77
2023-05-30 17:00:00,1.2366,1.241,1.2272,1.2331,117091.83
2023-05-30 18:00:00,1.2331,1.2333,1.2253,1.2297,80656.54
2023-05-30 19:00:00,1.2297,1.2319,1.2252,1.2293,39042.0
2023-05-30 20:00:00,1.2293,1.2384,1.2284,1.2303,81777.03
2023-05-30 21:00:00,1.2303,1.2366,1.2251,1.2271,28328.19
2023-05-30 22:00:00,1.2271,1.2302,1.2231,1.2274,36904.21
2023-05-30 23:00:00,1.2274,1.2279,1.2163,1.2163,77091.31
2023-05-31 00:00:00,1.2163,1.2317,1.2146,1.2316,246100.95
2023-05-31 01:00:00,1.2316,1.2344,1.2239,1.2247,203018.52
2023-05-31 02:00:00,1.2247,1.225,1.2113,1.2202,485323.92
2023-05-31 03:00:00,1.2202,1.222,1.2167,1.2209,182460.87
2023-05-31 04:00:00,1.2209,1.2209,1.1785,1.1811,1890645.43
2023-05-31 05:00:00,1.1811,1.184,1.161,1.1655,1143452.94
2023-05-31 06:00:00,1.1655,1.1737,1.1624,1.1731,532812.08
2023-05-31 07:00:00,1.1731,1.1752,1.1652,1.1657,256512.71
2023-05-31 08:00:00,1.1657,1.1701,1.155,1.1584,402925.0
2023-05-31 09:00:00,1.1584,1.1632,1.1543,1.1612,91491.41
2023-05-31 10:00:00,1.1612,1.1614,1.1516,1.1548,174178.97
2023-05-31 11:00:00,1.1548,1.1611,1.1534,1.1552,161286.36
2023-05-31 12:00:00,1.1552,1.1593,1.1522,1.1569,214855.83
2023-05-31 13:00:00,1.1569,1.1629,1.1525,1.1542,545985.3
2023-05-31 14:00:00,1.1542,1.1571,1.1353,1.155,1469502.03
2023-05-31 15:00:00,1.155,1.157,1.143,1.1448,209928.96
2023-05-31 16:00:00,1.1448,1.1497,1.1395,1.1455,140850.26
2023-05-31 17:00:00,1.1455,1.155,1.1419,1.1537,202468.4
2023-05-31 18:00:00,1.1537,1.1551,1.15,1.1539,43934.04
2023-05-31 19:00:00,1.1539,1.1574,1.1515,1.154,120951.24
2023-05-31 20:00:00,1.154,1.1574,1.1514,1.1551,132932.77
2023-05-31 21:00:00,1.1551,1.1559,1.1502,1.1527,94889.15
2023-05-31 22:00:00,1.1527,1.1621,1.1517,1.1616,229375.21
2023-05-31 23:00:00,1.1616,1.1639,1.1563,1.1595,191277.84
2023-06-01 00:00:00,1.1595,1.1654,1.1474,1.1522,340423.72
2023-06-01 01:00:00,1.1522,1.1587,1.152,1.1541,124793.26
2023-06-01 02:00:00,1.1541,1.1572,1.1353,1.1353,360871.33
2023-06-01 03:00:00,1.1353,1.1475,1.1266,1.1464,386364.91
2023-06-01 04:00:00,1.1464,1.1491,1.1431,1.1446,179968.43
2023-06-01 05:00:00,1.1446,1.1474,1.1433,1.1458,75592.67
2023-06-01 06:00:00,1.1458,1.147,1.1394,1.1428,119916.0
2023-06-01 07:00:00,1.1428,1.1444,1.1378,1.1399,88636.26
2023-06-01 08:00:00,1.1399,1.146,1.1379,1.1449,97171.78
2023-06-01 09:00:00,1.1449,1.1524,1.1449,1.1502,85796.36
2023-06-01 10:00:00,1.1502,1.1502,1.1429,1.1459,136605.54
2023-06-01 11:00:00,1.1459,1.1501,1.1454,1.1485,67820.35
2023-06-01 12:00:00,1.1485,1.152,1.1441,1.1506,101802.96
2023-06-01 13:00:00,1.1506,1.155,1.1459,1.148,357028.47
2023-06-01 14:00:00,1.148,1.155,1.1467,1.15,293070.89
2023-06-01 15:00:00,1.15,1.1547,1.148,1.1519,88368.72
2023-06-01 16:00:00,1.1519,1.161,1.146,1.1578,200593.68
2023-06-01 17:00:00,1.1578,1.1638,1.1533,1.1553,395232.18
2023-06-01 18:00:00,1.1553,1.1614,1.1546,1.1585,92806.67
2023-06-01 19:00:00,1.1585,1.1599,1.145,1.1528,100988.49
2023-06-01 20:00:00,1.1528,1.1559,1.1496,1.1503,67361.05
2023-06-01 21:00:00,1.1503,1.1545,1.1483,1.1488,48783.71
2023-06-01 22:00:00,1.1488,1.1515,1.1461,1.15,134377.01
2023-06-01 23:00:00,1.15,1.1507,1.1393,1.1445,141270.19
2023-06-02 00:00:00,1.1445,1.158,1.1329,1.158,690878.81
2023-06-02 01:00:00,1.158,1.1712,1.1503,1.1639,328593.64
2023-06-02 02:00:00,1.1639,1.175,1.163,1.1732,229858.57
2023-06-02 03:00:00,1.1732,1.1746,1.1679,1.1719,116143.77
2023-06-02 04:00:00,1.1719,1.1924,1.1712,1.1869,546401.73
2023-06-02 05:00:00,1.1869,1.2007,1.1849,1.1918,436721.07
2023-06-02 06:00:00,1.1918,1.2008,1.1888,1.1958,215984.19
2023-06-02 07:00:00,1.1958,1.198,1.1865,1.1875,208176.69
2023-06-02 08:00:00,1.1875,1.2326,1.1873,1.2271,1305613.66
2023-06-02 09:00:00,1.2271,1.2473,1.2271,1.2353,850801.49
2023-06-02 10:00:00,1.2353,1.2385,1.23,1.2322,305502.34
2023-06-02 11:00:00,1.2322,1.244,1.2322,1.2379,264015.67
2023-06-02 12:00:00,1.2379,1.255,1.2312,1.2363,1569294.6
2023-06-02 13:00:00,1.2363,1.24,1.215,1.2186,921781.4
2023-06-02 14:00:00,1.2186,1.2318,1.2169,1.2299,622089.6
2023-06-02 15:00:00,1.2299,1.2459,1.2292,1.2453,666604.58
2023-06-02 16:00:00,1.2453,1.25,1.2337,1.2352,883122.15
2023-06-02 17:00:00,1.2352,1.238,1.2311,1.2333,194496.51
2023-06-02 18:00:00,1.2333,1.2449,1.2309,1.2446,240376.61
2023-06-02 19:00:00,1.2446,1.2494,1.2401,1.2459,275026.87
2023-06-02 20:00:00,1.2459,1.2476,1.2394,1.2405,207201.2
2023-06-02 21:00:00,1.2405,1.2443,1.2344,1.2404,290886.32
2023-06-02 22:00:00,1.2404,1.2439,1.239,1.2402,75266.9
2023-06-02 23:00:00,1.2402,1.2415,1.2355,1.2388,116489.01
2023-06-03 00:00:00,1.2388,1.2538,1.2343,1.2387,626006.98
2023-06-03 01:00:00,1.2387,1.2393,1.2278,1.2359,343968.65
2023-06-03 02:00:00,1.2359,1.239,1.2324,1.2329,98888.62
2023-06-03 03:00:00,1.2329,1.2376,1.2294,1.2318,210870.51
2023-06-03 04:00:00,1.2318,1.2378,1.2303,1.2331,366993.66
2023-06-03 05:00:00,1.2331,1.2367,1.2292,1.2299,50106.5
2023-06-03 06:00:00,1.2299,1.2374,1.2299,1.2371,47824.14
2023-06-03 07:00:00,1.2371,1.2431,1.2355,1.2408,121238.65
2023-06-03 08:00:00,1.2408,1.2424,1.2323,1.2324,91623.18
2023-06-03 09:00:00,1.2324,1.2375,1.2314,1.2347,142725.93
2023-06-03 10:00:00,1.2347,1.242,1.231,1.2397,98399.9
2023-06-03 11:00:00,1.2397,1.2467,1.2377,1.2408,151132.3
2023-06-03 12:00:00,1.2408,1.2545,1.2393,1.2403,303864.69
2023-06-03 13:00:00,1.2403,1.2417,1.2327,1.2391,463696.71
2023-06-03 14:00:00,1.2391,1.2465,1.2381,1.2412,141776.72
2023-06-03 15:00:00,1.2412,1.2439,1.2324,1.2405,228486.31
2023-06-03 16:00:00,1.2405,1.2415,1.231,1.2332,60312.63
2023-06-03 17:00:00,1.2332,1.2339,1.2127,1.2147,482385.46
2023-06-03 18:00:00,1.2147,1.2198,1.2084,1.2131,327679.35
2023-06-03 19:00:00,1.2131,1.2153,1.2043,1.2058,389647.59
2023-06-03 20:00:00,1.2058,1.2126,1.2039,1.2085,213741.04
2023-06-03 21:00:00,1.2085,1.2113,1.202,1.2059,150286.16
2023-06-03 22:00:00,1.2059,1.2157,1.2054,1.2149,135194.28
2023-06-03 23:00:00,1.2149,1.2156,1.2111,1.2146,112764.99
2023-06-04 00:00:00,1.2146,1.2174,1.2058,1.2068,117437.71
2023-06-04 01:00:00,1.2068,1.2122,1.1995,1.2108,626827.25
2023-06-04 02:00:00,1.2108,1.2156,1.2088,1.2141,247419.54
2023-06-04 03:00:00,1.2141,1.2203,1.213,1.2167,271776.94
2023-06-04 04:00:00,1.2167,1.2208,1.2136,1.215,87475.43
2023-06-04 05:00:00,1.215,1.2167,1.2106,1.2166,336558.43
2023-06-04 06:00:00,1.2166,1.2256,1.2151,1.2242,259400.45
2023-06-04 07:00:00,1.2242,1.2267,1.2216,1.2267,53793.59
2023-06-04 08:00:00,1.2267,1.2274,1.223,1.2274,67093.61
2023-06-04 09:00:00,1.2274,1.2336,1.2263,1.2265,194687.51
2023-06-04 10:00:00,1.2265,1.2277,1.223,1.2274,100526.21
2023-06-04 11:00:00,1.2274,1.2295,1.2233,1.2248,111813.46
2023-06-04 12:00:00,1.2248,1.2275,1.2223,1.2271,66445.61
2023-06-04 13:00:00,1.2271,1.2324,1.2243,1.2287,165005.61
2023-06-04 14:00:00,1.2287,1.2295,1.2167,1.2216,605765.16
2023-06-04 15:00:00,1.2216,1.2244,1.2185,1.2199,343488.24
2023-06-04 16:00:00,1.2199,1.2208,1.2124,1.216,239224.99
2023-06-04 17:00:00,1.216,1.22,1.2107,1.2111,396395.24
2023-06-04 18:00:00,1.2111,1.2166,1.211,1.2156,67617.96
2023-06-04 19:00:00,1.2156,1.2177,1.2146,1.2175,59120.65
2023-06-04 20:00:00,1.2175,1.2224,1.2166,1.2215,242407.87
2023-06-04 21:00:00,1.2215,1.2254,1.216,1.2198,169401.56
2023-06-04 22:00:00,1.2198,1.2311,1.2196,1.2242,456574.25
2023-06-04 23:00:00,1.2242,1.227,1.2034,1.2053,719474.99
2023-06-05 00:00:00,1.2053,1.2055,1.172,1.1821,1315505.73
2023-06-05 01:00:00,1.1821,1.1835,1.1765,1.1829,171445.02
2023-06-05 02:00:00,1.1829,1.1855,1.165,1.1677,503481.12
2023-06-05 03:00:00,1.1677,1.1716,1.1634,1.1686,1085783.12
2023-06-05 04:00:00,1.1686,1.1725,1.1607,1.1658,266896.05
2023-06-05 05:00:00,1.1658,1.1798,1.161,1.1677,477509.79
2023-06-05 06:00:00,1.1677,1.1784,1.162,1.1671,568138.78
2023-06-05 07:00:00,1.1671,1.1752,1.1671,1.1747,280376.82
2023-06-05 08:00:00,1.1747,1.1761,1.1691,1.1705,41105.09
2023-06-05 09:00:00,1.1705,1.1746,1.167,1.1675,70037.84
2023-06-05 10:00:00,1.1675,1.17,1.156,1.1618,521007.58
2023-06-05 11:00:00,1.1618,1.1751,1.1608,1.1746,369172.93
2023-06-05 12:00:00,1.1746,1.1757,1.1665,1.1706,118714.52
2023-06-05 13:00:00,1.1706,1.1729,1.1612,1.1661,597965.71
2023-06-05 14:00:00,1.1661,1.1711,1.1636,1.1693,151789.65
2023-06-05 15:00:00,1.1693,1.1701,1.1,1.1003,2684162.51
2023-06-05 16:00:00,1.1003,1.1264,1.055,1.1264,3339894.26
2023-06-05 17:00:00,1.1264,1.1347,1.1137,1.1318,599173.03
2023-06-05 18:00:00,1.1318,1.1318,1.1123,1.1161,1007943.58
2023-06-05 19:00:00,1.1161,1.1261,1.1077,1.1229,252368.61
2023-06-05 20:00:00,1.1229,1.126,1.1183,1.1259,44707.15
2023-06-05 21:00:00,1.1259,1.1309,1.117,1.1285,122270.15
2023-06-05 22:00:00,1.1285,1.1331,1.1265,1.1322,109048.07
2023-06-05 23:00:00,1.1322,1.1416,1.1306,1.1344,99082.23
2023-06-06 00:00:00,1.1344,1.1466,1.1307,1.1463,164856.27
2023-06-06 01:00:00,1.1463,1.1529,1.1225,1.1267,858765.23
2023-06-06 02:00:00,1.1267,1.1411,1.124,1.141,246728.94
2023-06-06 03:00:00,1.141,1.1423,1.131,1.134,364892.16
2023-06-06 04:00:00,1.134,1.1373,1.1284,1.1367,271431.66
2023-06-06 05:00:00,1.1367,1.1378,1.1278,1.1331,464849.77
2023-06-06 06:00:00,1.1331,1.1349,1.1276,1.1336,112187.49
2023-06-06 07:00:00,1.1336,1.1405,1.1322,1.1335,96369.0
2023-06-06 08:00:00,1.1335,1.1368,1.1299,1.1335,149050.94
2023-06-06 09:00:00,1.1335,1.1401,1.1319,1.1381,68235.8
2023-06-06 10:00:00,1.1381,1.1401,1.136,1.1372,59473.56
2023-06-06 11:00:00,1.1372,1.1382,1.1249,1.127,110257.67
2023-06-06 12:00:00,1.127,1.1293,1.1027,1.1179,911791.11
2023-06-06 13:00:00,1.1179,1.1474,1.1109,1.1457,332155.87
2023-06-06 14:00:00,1.1457,1.1761,1.1457,1.1642,1700565.63
2023-06-06 15:00:00,1.1642,1.1681,1.1546,1.1651,481909.16
2023-06-06 16:00:00,1.1651,1.1852,1.1635,1.1804,435162.27
2023-06-06 17:00:00,1.1804,1.1831,1.1691,1.1775,289693.46
2023-06-06 18:00:00,1.1775,1.1791,1.1738,1.1776,302790.24
2023-06-06 19:00:00,1.1776,1.1972,1.1769,1.1936,832908.75
2023-06-06 20:00:00,1.1936,1.1949,1.1684,1.1684,649821.94
2023-06-06 21:00:00,1.1684,1.1767,1.1665,1.1731,370560.1
2023-06-06 22:00:00,1.1731,1.1831,1.1723,1.1814,110690.98
2023-06-06 23:00:00,1.1814,1.19,1.1796,1.1873,535193.58
2023-06-07 00:00:00,1.1873,1.1933,1.1788,1.1848,892039.01
2023-06-07 01:00:00,1.1848,1.1853,1.1729,1.1766,547556.57
2023-06-07 02:00:00,1.1766,1.1809,1.1726,1.1755,468648.29
2023-06-07 03:00:00,1.1755,1.1802,1.166,1.1736,445214.59
2023-06-07 04:00:00,1.1736,1.1822,1.1725,1.1802,107181.29
2023-06-07 05:00:00,1.1802,1.1845,1.1761,1.1761,46343.06
2023-06-07 06:00:00,1.1761,1.1822,1.1697,1.1737,219915.44
2023-06-07 07:00:00,1.1737,1.1761,1.1684,1.1684,82897.52
2023-06-07 08:00:00,1.1684,1.1736,1.1679,1.1729,101405.86
2023-06-07 09:00:00,1.1729,1.1729,1.1382,1.1423,700964.8
2023-06-07 10:00:00,1.1423,1.1563,1.1323,1.1551,535637.83
2023-06-07 11:00:00,1.1551,1.173,1.1522,1.1661,308653.02
2023-06-07 12:00:00,1.1661,1.1665,1.1508,1.1583,399498.47
2023-06-07 13:00:00,1.1583,1.1595,1.1466,1.1549,145320.7
2023-06-07 14:00:00,1.1549,1.1551,1.1304,1.1402,435465.75
2023-06-07 15:00:00,1.1402,1.1484,1.1311,1.134,294047.56
2023-06-07 16:00:00,1.134,1.1376,1.1232,1.1282,473904.88
2023-06-07 17:00:00,1.1282,1.1406,1.1246,1.1381,103841.11
2023-06-07 18:00:00,1.1381,1.1402,1.1325,1.1345,71779.05
2023-06-07 19:00:00,1.1345,1.1351,1.1302,1.1326,70104.47
2023-06-07 20:00:00,1.1326,1.1346,1.1268,1.1295,70511.34
2023-06-07 21:00:00,1.1295,1.1328,1.1147,1.1147,169370.21
2023-06-07 22:00:00,1.1147,1.1256,1.1147,1.1195,137077.1
2023-06-07 23:00:00,1.1195,1.1265,1.117,1.1247,31491.83
2023-06-08 00:00:00,1.1247,1.1297,1.1197,1.129,71170.05
2023-06-08 01:00:00,1.129,1.1353,1.1281,1.1322,98233.41
2023-06-08 02:00:00,1.1322,1.1322,1.1225,1.1227,227596.36
2023-06-08 03:00:00,1.1227,1.123,1.1041,1.1073,539820.34
2023-06-08 04:00:00,1.1073,1.1217,1.1063,1.1192,226968.71
2023-06-08 05:00:00,1.1192,1.1255,1.1156,1.1157,79454.37
2023-06-08 06:00:00,1.1157,1.125,1.1092,1.124,204540.32
2023-06-08 07:00:00,1.124,1.1339,1.1217,1.1278,86561.3
2023-06-08 08:00:00,1.1278,1.1325,1.1245,1.1301,75921.87
2023-06-08 09:00:00,1.1301,1.1323,1.124,1.1247,69298.37
2023-06-08 10:00:00,1.1247,1.1311,1.1216,1.1303,242861.69
2023-06-08 11:00:00,1.1303,1.1313,1.127,1.129,116882.62
2023-06-08 12:00:00,1.129,1.1405,1.1254,1.1337,433918.5
2023-06-08 13:00:00,1.1337,1.1374,1.1274,1.1342,222628.81
2023-06-08 14:00:00,1.1342,1.1495,1.131,1.1418,364665.05
2023-06-08 15:00:00,1.1418,1.1429,1.1356,1.1406,169159.35
2023-06-08 16:00:00,1.1406,1.142,1.1214,1.1279,222063.36
2023-06-08 17:00:00,1.1279,1.1279,1.123,1.1238,73865.04
2023-06-08 18:00:00,1.1238,1.1306,1.1192,1.128,407298.67
2023-06-08 19:00:00,1.128,1.131,1.1268,1.1299,57415.36
2023-06-08 20:00:00,1.1299,1.135,1.128,1.1302,232862.46
2023-06-08 21:00:00,1.1302,1.1316,1.1256,1.1287,129481.84
2023-06-08 22:00:00,1.1287,1.1319,1.1271,1.1292,79498.45
2023-06-08 23:00:00,1.1292,1.1312,1.1258,1.1271,80646.19
2023-06-09 00:00:00,1.1271,1.1294,1.1227,1.1232,225617.09
2023-06-09 01:00:00,1.1232,1.1316,1.1225,1.126,92118.77
2023-06-09 02:00:00,1.126,1.1282,1.1127,1.1244,486345.96
2023-06-09 03:00:00,1.1244,1.1347,1.1212,1.1339,82091.15
2023-06-09 04:00:00,1.1339,1.1363,1.1295,1.1326,84890.88
2023-06-09 05:00:00,1.1326,1.135,1.1278,1.1318,371798.46
2023-06-09 06:00:00,1.1318,1.1336,1.1274,1.1301,249457.95
2023-06-09 07:00:00,1.1301,1.1317,1.1237,1.131,338181.72
2023-06-09 08:00:00,1.131,1.1379,1.1293,1.1376,159534.12
2023-06-09 09:00:00,1.1376,1.1427,1.1369,1.1401,120772.07
2023-06-09 10:00:00,1.1401,1.1431,1.1387,1.1401,116546.66
2023-06-09 11:00:00,1.1401,1.1407,1.1336,1.1389,108551.63
2023-06-09 12:00:00,1.1389,1.1482,1.1377,1.1474,84533.9
2023-06-09 13:00:00,1.1474,1.1516,1.1395,1.1396,368535.62
2023-06-09 14:00:00,1.1396,1.1436,1.1342,1.1363,100995.82
2023-06-09 15:00:00,1.1363,1.1397,1.1287,1.1313,185159.91
2023-06-09 16:00:00,1.1313,1.1352,1.1279,1.13,83828.73
2023-06-09 17:00:00,1.13,1.1334,1.1251,1.1329,170471.52
2023-06-09 18:00:00,1.1329,1.1343,1.1279,1.1302,89986.95
2023-06-09 19:00:00,1.1302,1.132,1.1203,1.1217,191881.19
2023-06-09 20:00:00,1.1217,1.1288,1.1193,1.128,132282.88
2023-06-09 21:00:00,1.128,1.1316,1.1272,1.1295,74236.16
2023-06-09 22:00:00,1.1295,1.1312,1.1265,1.1284,277067.21
2023-06-09 23:00:00,1.1284,1.1307,1.1232,1.1298,63331.01
2023-06-10 00:00:00,1.1298,1.1321,1.12,1.121,102603.17
2023-06-10 01:00:00,1.121,1.1305,1.1064,1.1161,408528.18
2023-06-10 02:00:00,1.1161,1.1182,1.0975,1.1051,440141.15
2023-06-10 03:00:00,1.1051,1.1098,1.0862,1.0929,610369.36
2023-06-10 04:00:00,1.0929,1.0985,0.9691,1.02,2790784.98
2023-06-10 05:00:00,1.02,1.0423,0.9979,1.0016,1384083.8
2023-06-10 06:00:00,1.0016,1.0236,0.9879,1.0057,1152628.04
2023-06-10 07:00:00,1.0057,1.0328,1.0013,1.0249,725712.25
2023-06-10 08:00:00,1.0249,1.035,1.005,1.028,546651.93
2023-06-10 09:00:00,1.028,1.028,1.008,1.0089,367469.62
2023-06-10 10:00:00,1.0089,1.0235,1.0059,1.0226,252644.61
2023-06-10 11:00:00,1.0226,1.0226,1.0107,1.0213,144650.97
2023-06-10 12:00:00,1.0213,1.0213,0.9847,0.9883,601052.27
2023-06-10 13:00:00,0.9883,0.9915,0.9481,0.9758,2083766.86
2023-06-10 14:00:00,0.9758,0.9825,0.9603,0.9769,521613.21
2023-06-10 15:00:00,0.9769,0.9883,0.9665,0.9709,530682.76
2023-06-10 16:00:00,0.9709,0.975,0.9499,0.9517,907404.08
2023-06-10 17:00:00,0.9517,1.0087,0.9264,1.0032,2394589.17
2023-06-10 18:00:00,1.0032,1.0066,0.9592,0.9601,650458.17
2023-06-10 19:00:00,0.9601,0.984,0.9598,0.9836,166482.88
2023-06-10 20:00:00,0.9836,0.9854,0.972,0.9799,121649.71
2023-06-10 21:00:00,0.9799,0.9874,0.9718,0.9836,50084.98
2023-06-10 22:00:00,0.9836,0.9974,0.9782,0.9912,331614.8
2023-06-10 23:00:00,0.9912,0.9936,0.9855,0.9916,113191.71
2023-06-11 00:00:00,0.9916,0.9935,0.9772,0.978,119535.69
2023-06-11 01:00:00,0.978,0.9856,0.9733,0.9819,262587.02
2023-06-11 02:00:00,0.9819,0.9962,0.9778,0.9959,69689.28
2023-06-11 03:00:00,0.9959,1.0006,0.9897,0.9921,146624.56
2023-06-11 04:00:00,0.9921,0.9961,0.9803,0.9929,166679.83
2023-06-11 05:00:00,0.9929,1.0,0.9929,0.9964,198911.16
2023-06-11 06:00:00,0.9964,1.0075,0.9944,1.0016,184195.23
2023-06-11 07:00:00,1.0016,1.0032,0.9945,0.9992,233518.85
2023-06-11 08:00:00,0.9992,1.0057,0.9935,0.9972,298250.7
2023-06-11 09:00:00,0.9972,1.0,0.9915,0.9931,421355.92
2023-06-11 10:00:00,0.9931,1.0104,0.9925,1.007,221040.53
2023-06-11 11:00:00,1.007,1.0086,1.0023,1.0034,206562.79
2023-06-11 12:00:00,1.0034,1.0047,0.995,0.9952,123239.71
2023-06-11 13:00:00,0.9952,0.9977,0.9844,0.9858,397331.35
2023-06-11 14:00:00,0.9858,0.9977,0.9858,0.9905,242281.85
2023-06-11 15:00:00,0.9905,0.9958,0.985,0.9868,124863.98
2023-06-11 16:00:00,0.9868,1.0022,0.9843,0.9969,455848.05
2023-06-11 17:00:00,0.9969,1.0031,0.9917,0.9962,143523.33
2023-06-11 18:00:00,0.9962,1.0062,0.9923,0.9945,235068.48
2023-06-11 19:00:00,0.9945,1.0065,0.9924,0.9995,165252.57
2023-06-11 20:00:00,0.9995,1.0159,0.9995,1.0093,312332.46
2023-06-11 21:00:00,1.0093,1.012,0.9985,1.0024,200179.96
2023-06-11 22:00:00,1.0024,1.003,0.9792,0.9904,413457.23
2023-06-11 23:00:00,0.9904,0.9926,0.9835,0.9905,92712.38
2023-06-12 00:00:00,0.9905,0.9942,0.98,0.991,85213.6
2023-06-12 01:00:00,0.991,0.9964,0.9838,0.9896,86338.57
2023-06-12 02:00:00,0.9896,0.995,0.9562,0.9611,1253100.27
2023-06-12 03:00:00,0.9611,0.9738,0.9597,0.9661,159901.42
2023-06-12 04:00:00,0.9661,0.9744,0.9653,0.9713,161065.1
2023-06-12 05:00:00,0.9713,0.9713,0.9554,0.9579,400380.65
2023-06-12 06:00:00,0.9579,0.9718,0.957,0.9677,80691.32
2023-06-12 07:00:00,0.9677,0.9704,0.956,0.9573,426710.1
2023-06-12 08:00:00,0.9573,0.9755,0.9525,0.9746,309659.01
2023-06-12 09:00:00,0.9746,0.9914,0.9745,0.9832,699414.89
2023-06-12 10:00:00,0.9832,0.9911,0.9814,0.9851,161285.3
2023-06-12 11:00:00,0.9851,0.9904,0.9841,0.9895,149382.13
2023-06-12 12:00:00,0.9895,0.9936,0.9851,0.9913,702192.18
2023-06-12 13:00:00,0.9913,0.9915,0.972,0.9799,571977.66
2023-06-12 14:00:00,0.9799,0.9896,0.9748,0.983,301205.8
2023-06-12 15:00:00,0.983,0.983,0.9746,0.9763,246562.49
2023-06-12 16:00:00,0.9763,0.98,0.9663,0.973,580424.04
2023-06-12 17:00:00,0.973,0.9821,0.9615,0.9752,448823.48
2023-06-12 18:00:00,0.9752,0.9752,0.9683,0.9721,154741.51
2023-06-12 19:00:00,0.9721,0.9723,0.9645,0.9679,65256.07
2023-06-12 20:00:00,0.9679,0.9726,0.9655,0.9725,90565.42
2023-06-12 21:00:00,0.9725,0.9795,0.9703,0.979,235669.13
2023-06-12 22:00:00,0.979,0.9818,0.9757,0.9778,176665.6
2023-06-12 23:00:00,0.9778,0.9807,0.9734,0.9772,106447.65
2023-06-13 00:00:00,0.9772,0.9847,0.9686,0.9711,278245.16
2023-06-13 01:00:00,0.9711,0.9877,0.9671,0.9828,140544.6
2023-06-13 02:00:00,0.9828,1.007,0.9807,1.007,475083.76
2023-06-13 03:00:00,1.007,1.0084,0.9974,0.9997,254441.25
2023-06-13 04:00:00,0.9997,1.0011,0.9863,0.9991,150993.58
2023-06-13 05:00:00,0.9991,1.005,0.9972,1.0,201078.28
2023-06-13 06:00:00,1.0,1.0064,0.9994,1.0024,79331.38
2023-06-13 07:00:00,1.0024,1.0166,1.0004,1.0083,356576.18
2023-06-13 08:00:00,1.0083,1.0324,1.0046,1.0257,631527.52
2023-06-13 09:00:00,1.0257,1.0284,1.0009,1.0083,588195.14
2023-06-13 10:00:00,1.0083,1.0089,0.9994,1.0087,188467.36
2023-06-13 11:00:00,1.0087,1.0149,1.0043,1.0149,221074.2
2023-06-13 12:00:00,1.0149,1.0296,0.9889,0.9971,1872128.42
2023-06-13 13:00:00,0.9971,1.0027,0.9875,0.9907,936248.47
2023-06-13 14:00:00,0.9907,0.9952,0.9825,0.9899,293629.12
2023-06-13 15:00:00,0.9899,0.9902,0.967,0.9717,420238.29
2023-06-13 16:00:00,0.9717,0.9798,0.969,0.9786,235501.21
2023-06-13 17:00:00,0.9786,0.9849,0.9784,0.9849,92833.05
2023-06-13 18:00:00,0.9849,0.9936,0.9806,0.9881,497931.89
2023-06-13 19:00:00,0.9881,0.991,0.984,0.9869,158750.39
2023-06-13 20:00:00,0.9869,0.9927,0.9833,0.9864,174943.16
2023-06-13 21:00:00,0.9864,0.9894,0.9837,0.9873,111660.67
2023-06-13 22:00:00,0.9873,0.99,0.9809,0.9845,115637.56
2023-06-13 23:00:00,0.9845,0.9915,0.9842,0.9915,114730.27
2023-06-14 00:00:00,0.9915,1.0008,0.9849,1.0008,379382.51
2023-06-14 01:00:00,1.0008,1.0074,0.9958,1.0073,215740.45
2023-06-14 02:00:00,1.0073,1.0078,0.9997,1.002,168835.68
2023-06-14 03:00:00,1.002,1.0034,0.9965,1.0011,291843.75
2023-06-14 04:00:00,1.0011,1.0043,0.9981,1.0,212810.79
2023-06-14 05:00:00,1.0,1.0007,0.9913,0.9917,295694.67
2023-06-14 06:00:00,0.9917,0.9979,0.99,0.9931,120202.3
2023-06-14 07:00:00,0.9931,0.9957,0.9871,0.99,164763.62
2023-06-14 08:00:00,0.99,0.9963,0.9889,0.9925,85781.26
2023-06-14 09:00:00,0.9925,0.9939,0.9888,0.9924,94883.95
2023-06-14 10:00:00,0.9924,0.9959,0.9901,0.9956,49115.68
2023-06-14 11:00:00,0.9956,0.9997,0.9942,0.9971,136998.25
2023-06-14 12:00:00,0.9971,1.0003,0.9932,0.9978,659161.58
2023-06-14 13:00:00,0.9978,0.9984,0.9899,0.9952,240171.7
2023-06-14 14:00:00,0.9952,0.9982,0.9928,0.9935,53799.01
2023-06-14 15:00:00,0.9935,0.9953,0.9891,0.9931,121636.52
2023-06-14 16:00:00,0.9931,0.9985,0.9911,0.9939,200995.35
2023-06-14 17:00:00,0.9939,1.0036,0.9915,1.0026,245322.79
2023-06-14 18:00:00,1.0026,1.0106,0.9739,0.9973,1236679.39
2023-06-14 19:00:00,0.9973,1.004,0.9906,0.9951,312616.12
2023-06-14 20:00:00,0.9951,0.9956,0.9163,0.9248,1794483.41
2023-06-14 21:00:00,0.9248,0.9458,0.9202,0.945,284158.17
2023-06-14 22:00:00,0.945,0.945,0.932,0.9348,183361.86
2023-06-14 23:00:00,0.9348,0.944,0.931,0.9403,79986.15
2023-06-15 00:00:00,0.9403,0.9499,0.9374,0.9497,195020.25
2023-06-15 01:00:00,0.9497,0.9502,0.9339,0.9394,273117.32
2023-06-15 02:00:00,0.9394,0.9452,0.9368,0.9427,139251.77
2023-06-15 03:00:00,0.9427,0.9446,0.9394,0.9417,70880.29
2023-06-15 04:00:00,0.9417,0.9417,0.9321,0.9322,161610.16
2023-06-15 05:00:00,0.9322,0.9363,0.9244,0.9315,673647.71
2023-06-15 06:00:00,0.9315,0.9337,0.9195,0.9209,412089.66
2023-06-15 07:00:00,0.9209,0.923,0.9067,0.9184,613283.36
2023-06-15 08:00:00,0.9184,0.9258,0.9165,0.9171,107215.13
2023-06-15 09:00:00,0.9171,0.9228,0.9121,0.9178,297573.63
2023-06-15 10:00:00,0.9178,0.9242,0.9166,0.9173,170562.98
2023-06-15 11:00:00,0.9173,0.9291,0.9106,0.9254,519971.91
2023-06-15 12:00:00,0.9254,0.9276,0.9206,0.9239,247084.78
2023-06-15 13:00:00,0.9239,0.9351,0.9212,0.9302,382399.21
2023-06-15 14:00:00,0.9302,0.9323,0.9252,0.9264,84611.3
2023-06-15 15:00:00,0.9264,0.9268,0.9228,0.9239,267988.67
2023-06-15 16:00:00,0.9239,0.9305,0.9193,0.927,186983.96
2023-06-15 17:00:00,0.927,0.9347,0.9229,0.9347,69522.37
2023-06-15 18:00:00,0.9347,0.9459,0.9306,0.9459,366218.31
2023-06-15 19:00:00,0.9459,0.9477,0.9395,0.9442,344483.14
2023-06-15 20:00:00,0.9442,0.9508,0.936,0.9494,532962.37
2023-06-15 21:00:00,0.9494,0.9585,0.947,0.9503,382465.8
2023-06-15 22:00:00,0.9503,0.9525,0.9479,0.9496,46445.03
2023-06-15 23:00:00,0.9496,0.9506,0.9456,0.9489,109626.37
2023-06-16 00:00:00,0.9489,0.9489,0.9383,0.9453,447806.27
2023-06-16 01:00:00,0.9453,0.9538,0.9426,0.9514,98678.29
2023-06-16 02:00:00,0.9514,0.9514,0.948,0.9499,38287.43
2023-06-16 03:00:00,0.9499,0.9526,0.9467,0.9507,41607.02
2023-06-16 04:00:00,0.9507,0.954,0.9451,0.9467,103352.51
2023-06-16 05:00:00,0.9467,0.9511,0.9455,0.9511,40707.12
2023-06-16 06:00:00,0.9511,0.9535,0.9494,0.9515,134580.94
2023-06-16 07:00:00,0.9515,0.9562,0.9515,0.953,184529.1
2023-06-16 08:00:00,0.953,0.962,0.9522,0.9525,196973.91
2023-06-16 09:00:00,0.9525,0.958,0.951,0.9556,162579.83
2023-06-16 10:00:00,0.9556,0.9572,0.9505,0.9517,162808.93
2023-06-16 11:00:00,0.9517,0.952,0.937,0.938,404245.29
2023-06-16 12:00:00,0.938,0.9463,0.9371,0.9427,123693.64
2023-06-16 13:00:00,0.9427,0.9451,0.9364,0.9377,243055.98
2023-06-16 14:00:00,0.9377,0.9453,0.921,0.9417,755320.8
2023-06-16 15:00:00,0.9417,0.9469,0.9358,0.9463,265190.87
2023-06-16 16:00:00,0.9463,0.9602,0.9457,0.9588,271668.71
2023-06-16 17:00:00,0.9588,0.9737,0.9554,0.9711,436198.68
2023-06-16 18:00:00,0.9711,0.9849,0.9675,0.9713,356056.8
2023-06-16 19:00:00,0.9713,0.9744,0.9635,0.9736,179576.3
2023-06-16 20:00:00,0.9736,0.9802,0.9701,0.9799,111694.76
2023-06-16 21:00:00,0.9799,0.9811,0.971,0.9729,83954.65
2023-06-16 22:00:00,0.9729,0.9795,0.9729,0.9773,106347.56
2023-06-16 23:00:00,0.9773,0.9775,0.9722,0.9737,86249.2
2023-06-17 00:00:00,0.9737,0.9743,0.9683,0.9692,194718.1
2023-06-17 01:00:00,0.9692,0.9759,0.9664,0.9674,375226.33
2023-06-17 02:00:00,0.9674,0.9765,0.9652,0.976,82493.01
2023-06-17 03:00:00,0.976,0.977,0.9714,0.9753,77134.26
2023-06-17 04:00:00,0.9753,0.987,0.9719,0.9853,145120.13
2023-06-17 05:00:00,0.9853,1.0054,0.9803,1.0053,698028.63
2023-06-17 06:00:00,1.0053,1.0112,0.9964,0.9978,838428.68
2023-06-17 07:00:00,0.9978,1.0,0.9938,0.9953,166735.14
2023-06-17 08:00:00,0.9953,0.9988,0.9944,0.9964,67243.37
2023-06-17 09:00:00,0.9964,0.9995,0.996,0.9965,38690.19
2023-06-17 10:00:00,0.9965,1.0003,0.9946,0.9984,43928.08
2023-06-17 11:00:00,0.9984,1.0013,0.9942,0.9959,65610.08
2023-06-17 12:00:00,0.9959,1.002,0.9935,0.9997,76519.48
2023-06-17 13:00:00,0.9997,1.0057,0.9987,0.9987,101692.53
2023-06-17 14:00:00,0.9987,0.9987,0.9854,0.9881,341192.55
2023-06-17 15:00:00,0.9881,0.9926,0.9815,0.9849,195291.79
2023-06-17 16:00:00,0.9849,0.9914,0.9803,0.9912,346019.35
2023-06-17 17:00:00,0.9912,0.9923,0.9815,0.9844,248119.06
2023-06-17 18:00:00,0.9844,0.9914,0.9836,0.9905,58350.91
2023-06-17 19:00:00,0.9905,0.9911,0.9858,0.9873,54755.56
2023-06-17 20:00:00,0.9873,0.9904,0.9853,0.9898,44254.46
2023-06-17 21:00:00,0.9898,0.9942,0.9894,0.991,107180.51
2023-06-17 22:00:00,0.991,0.9966,0.9909,0.9953,37204.11
2023-06-17 23:00:00,0.9953,0.9965,0.9904,0.9928,39727.32
2023-06-18 00:00:00,0.9928,0.9932,0.9801,0.9855,127240.95
2023-06-18 01:00:00,0.9855,0.9905,0.9837,0.9898,119999.52
2023-06-18 02:00:00,0.9898,0.9919,0.9864,0.9914,28161.58
2023-06-18 03:00:00,0.9914,0.9987,0.9905,0.9972,32795.45
2023-06-18 04:00:00,0.9972,1.0042,0.9962,1.0024,78078.41
2023-06-18 05:00:00,1.0024,1.0144,1.0001,1.002,331094.29
2023-06-18 06:00:00,1.002,1.003,0.9962,1.0001,305929.88
2023-06-18 07:00:00,1.0001,1.0075,1.0,1.0022,95853.36
2023-06-18 08:00:00,1.0022,1.0036,0.9944,0.9995,538977.46
2023-06-18 09:00:00,0.9995,1.0076,0.9988,1.0075,110356.49
2023-06-18 10:00:00,1.0075,1.0081,1.0013,1.0062,140428.0
2023-06-18 11:00:00,1.0062,1.0136,1.0044,1.0108,154228.57
2023-06-18 12:00:00,1.0108,1.0153,1.0025,1.0125,311440.92
2023-06-18 13:00:00,1.0125,1.0125,1.0026,1.0029,255893.48
2023-06-18 14:00:00,1.0029,1.0109,1.0004,1.0099,136022.57
2023-06-18 15:00:00,1.0099,1.0121,1.0051,1.0116,64161.79
2023-06-18 16:00:00,1.0116,1.0228,1.0098,1.0211,334277.31
2023-06-18 17:00:00,1.0211,1.0217,1.0145,1.0168,206411.42
2023-06-18 18:00:00,1.0168,1.0176,1.0102,1.0118,117986.17
2023-06-18 19:00:00,1.0118,1.0175,1.0112,1.0175,28313.51
2023-06-18 20:00:00,1.0175,1.0179,0.9909,1.0017,702398.15
2023-06-18 21:00:00,1.0017,1.0017,0.996,0.9968,111938.23
2023-06-18 22:00:00,0.9968,1.0013,0.9939,0.9944,150687.31
2023-06-18 23:00:00,0.9944,0.9965,0.9864,0.9929,244545.05
2023-06-19 00:00:00,0.9929,0.9968,0.9843,0.9927,271686.42
2023-06-19 01:00:00,0.9927,1.0007,0.9912,1.0005,377031.29
2023-06-19 02:00:00,1.0005,1.0007,0.997,0.9998,62196.21
2023-06-19 03:00:00,0.9998,0.9999,0.9906,0.9922,102663.77
2023-06-19 04:00:00,0.9922,0.9964,0.9893,0.9948,77557.24
2023-06-19 05:00:00,0.9948,0.9984,0.9927,0.997,65362.69
2023-06-19 06:00:00,0.997,0.9997,0.9957,0.9975,106729.15
2023-06-19 07:00:00,0.9975,1.0041,0.9967,1.0021,100187.83
2023-06-19 08:00:00,1.0021,1.0053,0.9958,0.9976,232550.73
2023-06-19 09:00:00,0.9976,1.0001,0.9936,0.9956,211112.2
2023-06-19 10:00:00,0.9956,0.9998,0.9916,0.9926,181089.9
2023-06-19 11:00:00,0.9926,0.998,0.9915,0.9975,99011.47
2023-06-19 12:00:00,0.9975,1.0038,0.9962,1.002,186028.09
2023-06-19 13:00:00,1.002,1.0055,1.0013,1.0041,229493.66
2023-06-19 14:00:00,1.0041,1.0041,0.9923,0.9936,376515.95
2023-06-19 15:00:00,0.9936,0.9938,0.9861,0.9936,287970.49
2023-06-19 16:00:00,0.9936,0.9972,0.9848,0.9967,695710.72
2023-06-19 17:00:00,0.9967,1.0057,0.9953,1.0029,347514.3
2023-06-19 18:00:00,1.0029,1.0161,0.9946,0.9956,983607.37
2023-06-19 19:00:00,0.9956,1.0028,0.9905,1.0028,242834.13
2023-06-19 20:00:00,1.0028,1.0075,1.0012,1.0021,204504.83
2023-06-19 21:00:00,1.0021,1.0044,0.9966,1.0026,231285.26
2023-06-19 22:00:00,1.0026,1.0057,1.0006,1.0028,163988.74
2023-06-19 23:00:00,1.0028,1.0069,1.0011,1.0058,64434.55
2023-06-20 00:00:00,1.0058,1.0145,1.0031,1.0132,311403.94
2023-06-20 01:00:00,1.0132,1.0221,1.0083,1.0087,710926.21
2023-06-20 02:00:00,1.0087,1.0127,1.0081,1.01,161777.05
2023-06-20 03:00:00,1.01,1.0135,1.0076,1.0076,137281.96
2023-06-20 04:00:00,1.0076,1.0108,1.006,1.0106,96222.85
2023-06-20 05:00:00,1.0106,1.0168,1.0073,1.0097,291465.7
2023-06-20 06:00:00,1.0097,1.0109,1.0057,1.0062,241587.54
2023-06-20 07:00:00,1.0062,1.009,1.0038,1.0066,199516.4
2023-06-20 08:00:00,1.0066,1.0067,0.9972,0.9979,392365.53
2023-06-20 09:00:00,0.9979,1.0013,0.9966,0.9985,150854.51
2023-06-20 10:00:00,0.9985,1.0026,0.9981,0.9986,68239.29
2023-06-20 11:00:00,0.9986,1.0035,0.9966,1.0032,136516.53
2023-06-20 12:00:00,1.0032,1.0065,1.0003,1.0006,447153.25
2023-06-20 13:00:00,1.0006,1.0011,0.9914,0.9925,200729.88
2023-06-20 14:00:00,0.9925,0.9955,0.9814,0.9872,247427.31
2023-06-20 15:00:00,0.9872,1.0058,0.9865,1.004,250614.62
2023-06-20 16:00:00,1.004,1.0152,0.9994,1.0133,676025.1
2023-06-20 17:00:00,1.0133,1.0348,1.0103,1.0298,658596.05
2023-06-20 18:00:00,1.0298,1.0643,1.0298,1.062,1025510.1
2023-06-20 19:00:00,1.062,1.0743,1.0439,1.0729,1141645.9
2023-06-20 20:00:00,1.0729,1.083,1.0632,1.0741,762226.72
2023-06-20 21:00:00,1.0741,1.0758,1.0634,1.0674,242431.23
2023-06-20 22:00:00,1.0674,1.0871,1.0666,1.087,178407.62
2023-06-20 23:00:00,1.087,1.0882,1.0799,1.0818,533771.13
2023-06-21 00:00:00,1.0818,1.0916,1.076,1.0875,415737.04
2023-06-21 01:00:00,1.0875,1.1162,1.0861,1.0899,1283220.68
2023-06-21 02:00:00,1.0899,1.0965,1.0862,1.0961,401737.9
2023-06-21 03:00:00,1.0961,1.0962,1.0883,1.0911,123988.27
2023-06-21 04:00:00,1.0911,1.0923,1.084,1.0907,178706.61
2023-06-21 05:00:00,1.0907,1.0999,1.0866,1.0999,140286.06
2023-06-21 06:00:00,1.0999,1.1006,1.0848,1.0895,176354.35
2023-06-21 07:00:00,1.0895,1.096,1.0874,1.0934,239477.75
2023-06-21 08:00:00,1.0934,1.094,1.0846,1.0888,274279.14
2023-06-21 09:00:00,1.0888,1.1078,1.0888,1.1045,395307.77
2023-06-21 10:00:00,1.1045,1.1091,1.0886,1.0903,393564.64
2023-06-21 11:00:00,1.0903,1.1064,1.0874,1.1053,642127.23
2023-06-21 12:00:00,1.1053,1.1075,1.0906,1.0911,442078.15
2023-06-21 13:00:00,1.0911,1.1041,1.09,1.0976,243959.59
2023-06-21 14:00:00,1.0976,1.1149,1.0917,1.1114,500512.91
2023-06-21 15:00:00,1.1114,1.1283,1.1025,1.1085,979810.62
2023-06-21 16:00:00,1.1085,1.1485,1.1045,1.1229,973441.49
2023-06-21 17:00:00,1.1229,1.1387,1.113,1.128,928500.64
2023-06-21 18:00:00,1.128,1.138,1.1256,1.1344,287545.07
2023-06-21 19:00:00,1.1344,1.1405,1.1273,1.1328,344064.75
2023-06-21 20:00:00,1.1328,1.1455,1.128,1.132,439365.91
2023-06-21 21:00:00,1.132,1.132,1.1188,1.1239,322881.55
2023-06-21 22:00:00,1.1239,1.145,1.1222,1.1435,215336.65
2023-06-21 23:00:00,1.1435,1.1485,1.1376,1.139,184719.16
2023-06-22 00:00:00,1.139,1.1579,1.1327,1.1528,670708.91
2023-06-22 01:00:00,1.1528,1.1676,1.1489,1.1594,286067.02
2023-06-22 02:00:00,1.1594,1.1743,1.1527,1.1722,191211.32
2023-06-22 03:00:00,1.1722,1.1725,1.1568,1.1583,309998.54
2023-06-22 04:00:00,1.1583,1.1651,1.1506,1.1644,198670.28
2023-06-22 05:00:00,1.1644,1.1655,1.1511,1.1523,169819.99
2023-06-22 06:00:00,1.1523,1.1535,1.1378,1.1443,349374.62
2023-06-22 07:00:00,1.1443,1.148,1.1374,1.1465,197791.86
2023-06-22 08:00:00,1.1465,1.148,1.1327,1.137,178823.17
2023-06-22 09:00:00,1.137,1.1458,1.133,1.1454,142690.35
2023-06-22 10:00:00,1.1454,1.1533,1.1425,1.1486,119638.62
2023-06-22 11:00:00,1.1486,1.1494,1.1022,1.1117,1813288.79
2023-06-22 12:00:00,1.1117,1.1238,1.1104,1.1216,155136.55
2023-06-22 13:00:00,1.1216,1.1281,1.1167,1.1227,234495.05
2023-06-22 14:00:00,1.1227,1.1292,1.09,1.0997,727889.95
2023-06-22 15:00:00,1.0997,1.1079,1.0963,1.1054,496987.92
2023-06-22 16:00:00,1.1054,1.1201,1.1018,1.1086,290046.48
2023-06-22 17:00:00,1.1086,1.1167,1.104,1.1153,59658.96
2023-06-22 18:00:00,1.1153,1.1164,1.1027,1.1065,79511.69
2023-06-22 19:00:00,1.1065,1.1093,1.1016,1.1086,65687.49
2023-06-22 20:00:00,1.1086,1.1105,1.1006,1.1078,70766.31
2023-06-22 21:00:00,1.1078,1.1099,1.0955,1.1008,164755.96
2023-06-22 22:00:00,1.1008,1.103,1.084,1.0854,258898.47
2023-06-22 23:00:00,1.0854,1.0914,1.0814,1.086,149874.14
2023-06-23 00:00:00,1.086,1.0983,1.085,1.0952,133100.46
2023-06-23 01:00:00,1.0952,1.1025,1.0934,1.0962,145414.0
2023-06-23 02:00:00,1.0962,1.103,1.0901,1.103,126569.6
2023-06-23 03:00:00,1.103,1.1105,1.1014,1.1072,92242.42
2023-06-23 04:00:00,1.1072,1.1118,1.106,1.1084,40286.44
2023-06-23 05:00:00,1.1084,1.1182,1.106,1.1172,338482.08
2023-06-23 06:00:00,1.1172,1.126,1.1144,1.1177,266683.5
2023-06-23 07:00:00,1.1177,1.1177,1.11,1.1139,185647.12
2023-06-23 08:00:00,1.1139,1.121,1.11,1.1182,177960.34
2023-06-23 09:00:00,1.1182,1.12,1.1053,1.1153,271511.6
2023-06-23 10:00:00,1.1153,1.1181,1.1066,1.111,202261.3
2023-06-23 11:00:00,1.111,1.1156,1.1104,1.1152,93717.26
2023-06-23 12:00:00,1.1152,1.1193,1.0984,1.1063,245671.85
2023-06-23 13:00:00,1.1063,1.1095,1.093,1.0989,196837.41
2023-06-23 14:00:00,1.0989,1.1163,1.094,1.1162,260874.24
2023-06-23 15:00:00,1.1162,1.1479,1.1148,1.143,659654.92
2023-06-23 16:00:00,1.143,1.1599,1.1283,1.1424,909342.99
2023-06-23 17:00:00,1.1424,1.1501,1.1391,1.1499,188584.26
2023-06-23 18:00:00,1.1499,1.1506,1.1346,1.1373,143385.38
2023-06-23 19:00:00,1.1373,1.1414,1.1247,1.1349,294927.6
2023-06-23 20:00:00,1.1349,1.1449,1.1335,1.1446,129100.86
2023-06-23 21:00:00,1.1446,1.1463,1.1285,1.1285,532785.68
2023-06-23 22:00:00,1.1285,1.1361,1.1208,1.1348,332069.25
2023-06-23 23:00:00,1.1348,1.1373,1.1257,1.1336,97953.7
2023-06-24 00:00:00,1.1336,1.1338,1.1135,1.115,451659.89
2023-06-24 01:00:00,1.115,1.1243,1.1118,1.1243,407039.14
2023-06-24 02:00:00,1.1243,1.1332,1.1223,1.1326,94352.59
2023-06-24 03:00:00,1.1326,1.133,1.1266,1.1277,81210.07
2023-06-24 04:00:00,1.1277,1.1306,1.1231,1.1239,87970.63
2023-06-24 05:00:00,1.1239,1.1291,1.1214,1.1252,53091.24
2023-06-24 06:00:00,1.1252,1.1252,1.1159,1.1173,110280.48
2023-06-24 07:00:00,1.1173,1.1174,1.104,1.1059,336842.43
2023-06-24 08:00:00,1.1059,1.1134,1.105,1.107,195814.54
2023-06-24 09:00:00,1.107,1.1128,1.107,1.1103,102073.53
2023-06-24 10:00:00,1.1103,1.1115,1.1075,1.1102,52805.91
2023-06-24 11:00:00,1.1102,1.1104,1.1053,1.1067,670749.38
2023-06-24 12:00:00,1.1067,1.1173,1.1053,1.11,232330.12
2023-06-24 13:00:00,1.11,1.1116,1.0982,1.1019,328985.26
2023-06-24 14:00:00,1.1019,1.105,1.0973,1.1012,208391.47
2023-06-24 15:00:00,1.1012,1.102,1.0561,1.064,1081714.87
2023-06-24 16:00:00,1.064,1.0722,1.0539,1.0706,697819.94
2023-06-24 17:00:00,1.0706,1.0785,1.0693,1.077,307011.06
2023-06-24 18:00:00,1.077,1.0823,1.0749,1.0817,118786.59
2023-06-24 19:00:00,1.0817,1.0855,1.0801,1.0813,42791.94
2023-06-24 20:00:00,1.0813,1.0813,1.0714,1.0728,195382.7
2023-06-24 21:00:00,1.0728,1.0755,1.0627,1.0725,297406.89
2023-06-24 22:00:00,1.0725,1.0778,1.0713,1.0731,124863.37
2023-06-24 23:00:00,1.0731,1.0796,1.073,1.0783,50893.63
2023-06-25 00:00:00,1.0783,1.0846,1.0733,1.0765,311206.43
2023-06-25 01:00:00,1.0765,1.0841,1.072,1.084,226410.69
2023-06-25 02:00:00,1.084,1.099,1.0831,1.0984,385187.49
2023-06-25 03:00:00,1.0984,1.1152,1.0978,1.1133,393639.62
2023-06-25 04:00:00,1.1133,1.123,1.1097,1.1126,302001.16
2023-06-25 05:00:00,1.1126,1.1259,1.1048,1.1185,225710.22
2023-06-25 06:00:00,1.1185,1.1375,1.111,1.1201,364939.14
2023-06-25 07:00:00,1.1201,1.1208,1.113,1.1203,102845.46
2023-06-25 08:00:00,1.1203,1.133,1.1188,1.1291,201333.87
2023-06-25 09:00:00,1.1291,1.1304,1.1163,1.1199,208402.1
2023-06-25 10:00:00,1.1199,1.1215,1.1109,1.1113,135044.96
2023-06-25 11:00:00,1.1113,1.1199,1.11,1.1198,38649.54
2023-06-25 12:00:00,1.1198,1.1212,1.1082,1.1118,157214.56
2023-06-25 13:00:00,1.1118,1.1147,1.0924,1.1052,337966.16
2023-06-25 14:00:00,1.1052,1.11,1.0933,1.0944,140928.26
2023-06-25 15:00:00,1.0944,1.0989,1.0887,1.0939,179076.99
2023-06-25 16:00:00,1.0939,1.1056,1.0908,1.1021,223980.79
2023-06-25 17:00:00,1.1021,1.1068,1.0931,1.0973,152623.69
2023-06-25 18:00:00,1.0973,1.1006,1.0894,1.1006,115281.4
2023-06-25 19:00:00,1.1006,1.1021,1.0916,1.0984,134170.54
2023-06-25 20:00:00,1.0984,1.1057,1.0924,1.0963,283408.28
2023-06-25 21:00:00,1.0963,1.1005,1.0949,1.1002,31328.37
2023-06-25 22:00:00,1.1002,1.1091,1.0974,1.1066,147299.05
2023-06-25 23:00:00,1.1066,1.1141,1.1006,1.1119,117156.21
2023-06-26 00:00:00,1.1119,1.1127,1.093,1.0939,295088.48
2023-06-26 01:00:00,1.0939,1.0985,1.0795,1.0907,466949.31
2023-06-26 02:00:00,1.0907,1.0952,1.0845,1.0942,87428.18
2023-06-26 03:00:00,1.0942,1.0966,1.0905,1.0956,142740.45
2023-06-26 04:00:00,1.0956,1.0968,1.0878,1.0958,34276.43
2023-06-26 05:00:00,1.0958,1.0967,1.0857,1.0964,81438.49
2023-06-26 06:00:00,1.0964,1.1581,1.0921,1.1557,1702914.82
2023-06-26 07:00:00,1.1557,1.1722,1.1343,1.1444,1660124.01
2023-06-26 08:00:00,1.1444,1.1576,1.1365,1.1474,560812.12
2023-06-26 09:00:00,1.1474,1.15,1.1371,1.1428,397518.73
2023-06-26 10:00:00,1.1428,1.15,1.1304,1.1344,437751.23
2023-06-26 11:00:00,1.1344,1.1424,1.1334,1.1422,179967.77
2023-06-26 12:00:00,1.1422,1.1489,1.1343,1.1451,343876.01
2023-06-26 13:00:00,1.1451,1.1732,1.1416,1.1705,667141.29
2023-06-26 14:00:00,1.1705,1.1743,1.1444,1.1492,1093416.38
2023-06-26 15:00:00,1.1492,1.1628,1.144,1.1612,262510.79
2023-06-26 16:00:00,1.1612,1.1622,1.1081,1.1247,785514.68
2023-06-26 17:00:00,1.1247,1.1376,1.1161,1.1303,657473.14
2023-06-26 18:00:00,1.1303,1.1382,1.125,1.1359,243094.36
2023-06-26 19:00:00,1.1359,1.1509,1.1292,1.1467,170049.92
2023-06-26 20:00:00,1.1467,1.1549,1.138,1.1407,368160.63
2023-06-26 21:00:00,1.1407,1.1453,1.126,1.1282,173835.3
2023-06-26 22:00:00,1.1282,1.1453,1.1235,1.1423,280432.76
2023-06-26 23:00:00,1.1423,1.144,1.1356,1.1382,167478.85
2023-06-27 00:00:00,1.1382,1.1579,1.136,1.1533,294078.15
2023-06-27 01:00:00,1.1533,1.1924,1.1461,1.183,1296104.19
2023-06-27 02:00:00,1.183,1.2037,1.177,1.2022,836795.15
2023-06-27 03:00:00,1.2022,1.2212,1.1944,1.2144,1201839.99
2023-06-27 04:00:00,1.2144,1.2312,1.2058,1.2128,975742.59
2023-06-27 05:00:00,1.2128,1.2156,1.1988,1.205,616680.98
2023-06-27 06:00:00,1.205,1.2057,1.1919,1.2018,594540.73
2023-06-27 07:00:00,1.2018,1.2108,1.1961,1.2047,779668.26
2023-06-27 08:00:00,1.2047,1.208,1.1949,1.1955,424025.3
2023-06-27 09:00:00,1.1955,1.2133,1.1929,1.2101,310359.87
2023-06-27 10:00:00,1.2101,1.2183,1.2006,1.2099,700258.43
2023-06-27 11:00:00,1.2099,1.2169,1.205,1.2102,256782.38
2023-06-27 12:00:00,1.2102,1.2274,1.2084,1.2236,464778.77
2023-06-27 13:00:00,1.2236,1.2253,1.2022,1.2065,779276.28
2023-06-27 14:00:00,1.2065,1.225,1.2064,1.2183,544136.82
2023-06-27 15:00:00,1.2183,1.2265,1.1992,1.2063,835371.75
2023-06-27 16:00:00,1.2063,1.2428,1.202,1.2406,1323943.09
2023-06-27 17:00:00,1.2406,1.2435,1.2168,1.2232,952004.97
2023-06-27 18:00:00,1.2232,1.2235,1.2094,1.216,842924.74
2023-06-27 19:00:00,1.216,1.2218,1.2119,1.2154,924227.72
2023-06-27 20:00:00,1.2154,1.217,1.2075,1.2151,1281008.41
2023-06-27 21:00:00,1.2151,1.2151,1.2076,1.2143,243355.97
2023-06-27 22:00:00,1.2143,1.2155,1.2005,1.2007,450007.32
2023-06-27 23:00:00,1.2007,1.2056,1.1957,1.205,436315.93
2023-06-28 00:00:00,1.205,1.2057,1.1795,1.1883,708012.97
2023-06-28 01:00:00,1.1883,1.1944,1.1785,1.1804,345829.4
2023-06-28 02:00:00,1.1804,1.1847,1.1704,1.171,423556.43
2023-06-28 03:00:00,1.171,1.181,1.1694,1.1786,420086.01
2023-06-28 04:00:00,1.1786,1.1786,1.1685,1.1777,317616.21
2023-06-28 05:00:00,1.1777,1.1811,1.1721,1.1801,189161.9
2023-06-28 06:00:00,1.1801,1.1809,1.1615,1.1631,534593.53
2023-06-28 07:00:00,1.1631,1.1665,1.1375,1.1446,1004608.32
2023-06-28 08:00:00,1.1446,1.149,1.14,1.1475,318195.15
2023-06-28 09:00:00,1.1475,1.1534,1.1433,1.1461,445650.84
2023-06-28 10:00:00,1.1461,1.1518,1.1433,1.1503,361965.93
2023-06-28 11:00:00,1.1503,1.1518,1.1426,1.1435,274834.09
2023-06-28 12:00:00,1.1435,1.1464,1.13,1.1328,1386626.35
2023-06-28 13:00:00,1.1328,1.1432,1.1267,1.1429,995660.83
2023-06-28 14:00:00,1.1429,1.1568,1.139,1.1452,1097899.75
2023-06-28 15:00:00,1.1452,1.1575,1.1431,1.1569,362162.68
2023-06-28 16:00:00,1.1569,1.1725,1.1558,1.1558,1086389.73
2023-06-28 17:00:00,1.1558,1.1626,1.1436,1.1525,1368808.27
2023-06-28 18:00:00,1.1525,1.1581,1.1454,1.1458,91472.7
2023-06-28 19:00:00,1.1458,1.1553,1.092,1.1286,1769810.59
2023-06-28 20:00:00,1.1286,1.1307,1.1171,1.1222,198471.44
2023-06-28 21:00:00,1.1222,1.1253,1.1142,1.1213,150913.03
2023-06-28 22:00:00,1.1213,1.1277,1.1157,1.1217,57353.95
2023-06-28 23:00:00,1.1217,1.1341,1.1186,1.12,224639.01
2023-06-29 00:00:00,1.12,1.133,1.1194,1.1261,304334.46
2023-06-29 01:00:00,1.1261,1.1451,1.1244,1.1326,448300.27
2023-06-29 02:00:00,1.1326,1.1352,1.1259,1.1276,152118.0
2023-06-29 03:00:00,1.1276,1.1359,1.1225,1.1351,151151.5
2023-06-29 04:00:00,1.1351,1.1392,1.13,1.1381,135814.43
2023-06-29 05:00:00,1.1381,1.144,1.1359,1.137,213130.53
2023-06-29 06:00:00,1.137,1.14,1.1325,1.1362,177931.39
2023-06-29 07:00:00,1.1362,1.1488,1.1321,1.1454,201531.58
2023-06-29 08:00:00,1.1454,1.1483,1.1348,1.1356,164454.55
2023-06-29 09:00:00,1.1356,1.1435,1.1325,1.1398,379138.31
2023-06-29 10:00:00,1.1398,1.1555,1.1338,1.1519,467695.73
2023-06-29 11:00:00,1.1519,1.1596,1.1477,1.1557,466744.15
2023-06-29 12:00:00,1.1557,1.1662,1.1502,1.1515,489151.21
2023-06-29 13:00:00,1.1515,1.164,1.1396,1.1453,456246.17
2023-06-29 14:00:00,1.1453,1.1536,1.1374,1.1398,918367.72
2023-06-29 15:00:00,1.1398,1.1423,1.1328,1.1361,283107.87
2023-06-29 16:00:00,1.1361,1.1443,1.1307,1.1317,304332.73
2023-06-29 17:00:00,1.1317,1.1399,1.1254,1.1312,385707.75
2023-06-29 18:00:00,1.1312,1.1375,1.1281,1.1375,51295.84
2023-06-29 19:00:00,1.1375,1.1375,1.1294,1.137,107490.92
2023-06-29 20:00:00,1.137,1.1378,1.1172,1.1214,354881.44
2023-06-29 21:00:00,1.1214,1.13,1.1201,1.1242,96421.62
2023-06-29 22:00:00,1.1242,1.1298,1.1239,1.1262,81125.69
2023-06-29 23:00:00,1.1262,1.1336,1.1236,1.1276,69082.84
2023-06-30 00:00:00,1.1276,1.1383,1.1259,1.1332,185572.09
2023-06-30 01:00:00,1.1332,1.1332,1.1223,1.1315,202347.87
2023-06-30 02:00:00,1.1315,1.1602,1.1311,1.1593,892316.47
2023-06-30 03:00:00,1.1593,1.1784,1.1587,1.1732,750206.56
2023-06-30 04:00:00,1.1732,1.1959,1.1657,1.1771,624198.8
2023-06-30 05:00:00,1.1771,1.1846,1.1593,1.1673,616294.97
2023-06-30 06:00:00,1.1673,1.17,1.1599,1.1644,143072.82
2023-06-30 07:00:00,1.1644,1.1754,1.1594,1.1673,669879.71
2023-06-30 08:00:00,1.1673,1.181,1.1639,1.1731,562523.89
2023-06-30 09:00:00,1.1731,1.177,1.165,1.167,202013.29
2023-06-30 10:00:00,1.167,1.1725,1.1564,1.1664,386810.43
2023-06-30 11:00:00,1.1664,1.168,1.1561,1.1666,410315.97
2023-06-30 12:00:00,1.1666,1.1785,1.1643,1.1747,1098054.84
2023-06-30 13:00:00,1.1747,1.1769,1.057,1.1067,4155203.66
2023-06-30 14:00:00,1.1067,1.1218,1.0966,1.1016,1064451.05
2023-06-30 15:00:00,1.1016,1.1146,1.1005,1.1095,490016.04
2023-06-30 16:00:00,1.1095,1.1579,1.1025,1.1472,1871114.71
2023-06-30 17:00:00,1.1472,1.1646,1.144,1.1535,1994015.15
2023-06-30 18:00:00,1.1535,1.1606,1.1311,1.1386,551099.44
2023-06-30 19:00:00,1.1386,1.1476,1.135,1.1443,391151.8
2023-06-30 20:00:00,1.1443,1.1516,1.1414,1.1465,82437.32
2023-06-30 21:00:00,1.1465,1.152,1.1379,1.1493,169611.6
2023-06-30 22:00:00,1.1493,1.1581,1.1493,1.1561,63826.43
2023-06-30 23:00:00,1.1561,1.1641,1.1525,1.1622,182662.76
2023-07-01 00:00:00,1.1622,1.1681,1.149,1.1498,367904.99
2023-07-01 01:00:00,1.1498,1.1539,1.1404,1.1522,226641.04
2023-07-01 02:00:00,1.1522,1.1566,1.1432,1.1444,127904.78
2023-07-01 03:00:00,1.1444,1.1462,1.1399,1.1444,155320.86
2023-07-01 04:00:00,1.1444,1.1457,1.1332,1.1388,290325.14
2023-07-01 05:00:00,1.1388,1.1447,1.1374,1.1444,49878.45
2023-07-01 06:00:00,1.1444,1.1536,1.1419,1.1529,91652.82
2023-07-01 07:00:00,1.1529,1.1533,1.1466,1.1522,62912.64
2023-07-01 08:00:00,1.1522,1.1541,1.1475,1.15,100580.3
2023-07-01 09:00:00,1.15,1.1557,1.1493,1.1517,86709.5
2023-07-01 10:00:00,1.1517,1.1544,1.1476,1.1513,58611.32
2023-07-01 11:00:00,1.1513,1.1554,1.1499,1.154,142431.92
2023-07-01 12:00:00,1.154,1.1558,1.1501,1.1519,57269.29
2023-07-01 13:00:00,1.1519,1.159,1.1494,1.1575,310240.5
2023-07-01 14:00:00,1.1575,1.1705,1.153,1.1562,360236.69
2023-07-01 15:00:00,1.1562,1.1575,1.1472,1.1517,324767.68
2023-07-01 16:00:00,1.1517,1.153,1.1425,1.145,360314.1
2023-07-01 17:00:00,1.145,1.1465,1.1369,1.139,467483.93
2023-07-01 18:00:00,1.139,1.145,1.1385,1.1443,122712.65
2023-07-01 19:00:00,1.1443,1.1458,1.1405,1.1407,68742.14
2023-07-01 20:00:00,1.1407,1.1451,1.1388,1.1451,93040.65
2023-07-01 21:00:00,1.1451,1.146,1.1419,1.146,153437.64
2023-07-01 22:00:00,1.146,1.1494,1.1404,1.1456,171200.75
2023-07-01 23:00:00,1.1456,1.1516,1.1435,1.1505,103918.35
2023-07-02 00:00:00,1.1505,1.1508,1.1378,1.1409,418483.11
2023-07-02 01:00:00,1.1409,1.1483,1.1384,1.1416,39445.48
2023-07-02 02:00:00,1.1416,1.1457,1.131,1.1397,377934.38
2023-07-02 03:00:00,1.1397,1.1399,1.1237,1.1272,396783.79
2023-07-02 04:00:00,1.1272,1.1345,1.1225,1.1316,322707.02
2023-07-02 05:00:00,1.1316,1.1342,1.1286,1.1308,322240.28
2023-07-02 06:00:00,1.1308,1.1375,1.1308,1.1324,155984.75
2023-07-02 07:00:00,1.1324,1.1368,1.1313,1.134,84144.81
2023-07-02 08:00:00,1.134,1.1352,1.1276,1.1276,77011.32
2023-07-02 09:00:00,1.1276,1.1403,1.1272,1.1354,107515.79
2023-07-02 10:00:00,1.1354,1.1398,1.1354,1.1375,86984.2
2023-07-02 11:00:00,1.1375,1.1389,1.1338,1.1388,129596.64
2023-07-02 12:00:00,1.1388,1.1424,1.1356,1.14,122711.2
2023-07-02 13:00:00,1.14,1.1401,1.1292,1.1338,146812.09
2023-07-02 14:00:00,1.1338,1.1425,1.13,1.1423,181382.74
2023-07-02 15:00:00,1.1423,1.1439,1.1136,1.137,855777.9
2023-07-02 16:00:00,1.137,1.1423,1.136,1.1373,146008.11
2023-07-02 17:00:00,1.1373,1.1399,1.126,1.1266,192484.7
2023-07-02 18:00:00,1.1266,1.132,1.1219,1.132,342084.38
2023-07-02 19:00:00,1.132,1.14,1.1307,1.1399,77579.67
2023-07-02 20:00:00,1.1399,1.143,1.1371,1.138,246229.47
2023-07-02 21:00:00,1.138,1.1412,1.1351,1.1362,96523.99
2023-07-02 22:00:00,1.1362,1.1604,1.1355,1.1507,350665.47
2023-07-02 23:00:00,1.1507,1.1543,1.1447,1.1497,253624.99
2023-07-03 00:00:00,1.1497,1.1571,1.1462,1.1504,296184.71
2023-07-03 01:00:00,1.1504,1.1682,1.1504,1.1619,153127.39
2023-07-03 02:00:00,1.1619,1.171,1.1614,1.1648,257823.09
2023-07-03 03:00:00,1.1648,1.1676,1.1619,1.165,58953.81
2023-07-03 04:00:00,1.165,1.1681,1.1594,1.1608,163733.23
2023-07-03 05:00:00,1.1608,1.1614,1.1568,1.1571,56117.89
2023-07-03 06:00:00,1.1571,1.1587,1.1506,1.1547,154158.34
2023-07-03 07:00:00,1.1547,1.1735,1.1541,1.1684,224666.83
2023-07-03 08:00:00,1.1684,1.1793,1.1677,1.1724,246769.21
2023-07-03 09:00:00,1.1724,1.1793,1.1658,1.1666,291186.61
2023-07-03 10:00:00,1.1666,1.1804,1.1627,1.1764,297134.92
2023-07-03 11:00:00,1.1764,1.1824,1.1758,1.1769,153417.46
2023-07-03 12:00:00,1.1769,1.1791,1.1681,1.179,189489.11
2023-07-03 13:00:00,1.179,1.1802,1.1718,1.1741,186654.9
2023-07-03 14:00:00,1.1741,1.1793,1.1724,1.1756,67104.74
2023-07-03 15:00:00,1.1756,1.1819,1.1742,1.1797,123591.98
2023-07-03 16:00:00,1.1797,1.1802,1.1647,1.1692,391899.36
2023-07-03 17:00:00,1.1692,1.1714,1.1652,1.1671,85430.14
2023-07-03 18:00:00,1.1671,1.1712,1.1621,1.1709,177278.8
2023-07-03 19:00:00,1.1709,1.1775,1.169,1.1742,191229.16
2023-07-03 20:00:00,1.1742,1.1763,1.1622,1.1647,94384.49
2023-07-03 21:00:00,1.1647,1.1663,1.1574,1.1623,170039.9
2023-07-03 22:00:00,1.1623,1.1675,1.1611,1.1641,54656.04
2023-07-03 23:00:00,1.1641,1.168,1.157,1.1676,510002.76
2023-07-04 00:00:00,1.1676,1.1681,1.1586,1.1586,73247.97
2023-07-04 01:00:00,1.1586,1.1652,1.1584,1.1603,164901.13
2023-07-04 02:00:00,1.1603,1.1646,1.16,1.1637,120869.66
2023-07-04 03:00:00,1.1637,1.1948,1.1626,1.1902,906493.63
2023-07-04 04:00:00,1.1902,1.1961,1.1719,1.181,680557.79
2023-07-04 05:00:00,1.181,1.1838,1.1763,1.1783,101910.87
2023-07-04 06:00:00,1.1783,1.1847,1.1728,1.182,180036.3
2023-07-04 07:00:00,1.182,1.1821,1.164,1.1651,2122318.95
2023-07-04 08:00:00,1.1651,1.169,1.1611,1.1629,180614.94
2023-07-04 09:00:00,1.1629,1.1722,1.1589,1.1705,294256.18
2023-07-04 10:00:00,1.1705,1.1806,1.1661,1.1781,533436.22
2023-07-04 11:00:00,1.1781,1.1785,1.1701,1.1733,205728.66
2023-07-04 12:00:00,1.1733,1.1744,1.1687,1.1703,171431.74
2023-07-04 13:00:00,1.1703,1.1716,1.165,1.1666,150076.75
2023-07-04 14:00:00,1.1666,1.1728,1.1666,1.169,134583.88
2023-07-04 15:00:00,1.169,1.1712,1.1585,1.1651,287833.95
2023-07-04 16:00:00,1.1651,1.1757,1.1639,1.167,190737.1
2023-07-04 17:00:00,1.167,1.169,1.1575,1.1603,182287.4
2023-07-04 18:00:00,1.1603,1.1629,1.1577,1.1589,52321.33
2023-07-04 19:00:00,1.1589,1.1591,1.1423,1.1478,531900.01
2023-07-04 20:00:00,1.1478,1.1557,1.1465,1.1556,99592.93
2023-07-04 21:00:00,1.1556,1.1578,1.154,1.1561,184918.16
2023-07-04 22:00:00,1.1561,1.1583,1.1547,1.1577,89556.04
2023-07-04 23:00:00,1.1577,1.1583,1.1459,1.1469,257220.06
2023-07-05 00:00:00,1.1469,1.1557,1.1444,1.1452,375570.88
2023-07-05 01:00:00,1.1452,1.1532,1.1447,1.1461,122240.36
2023-07-05 02:00:00,1.1461,1.1525,1.1454,1.1519,105974.14
2023-07-05 03:00:00,1.1519,1.1535,1.1501,1.1534,55607.98
2023-07-05 04:00:00,1.1534,1.1537,1.1472,1.1484,145005.12
2023-07-05 05:00:00,1.1484,1.1509,1.1466,1.1484,143321.01
2023-07-05 06:00:00,1.1484,1.1503,1.1461,1.1477,41941.65
2023-07-05 07:00:00,1.1477,1.1508,1.1468,1.1482,56604.37
2023-07-05 08:00:00,1.1482,1.1488,1.1345,1.1427,877949.53
2023-07-05 09:00:00,1.1427,1.1438,1.1308,1.1312,283365.97
2023-07-05 10:00:00,1.1312,1.135,1.105,1.1084,950925.88
2023-07-05 11:00:00,1.1084,1.1188,1.106,1.1146,284824.58
2023-07-05 12:00:00,1.1146,1.1179,1.1061,1.1076,174451.22
2023-07-05 13:00:00,1.1076,1.1143,1.1056,1.1133,138314.97
2023-07-05 14:00:00,1.1133,1.1152,1.1091,1.1105,152095.53
2023-07-05 15:00:00,1.1105,1.1112,1.091,1.096,779116.23
2023-07-05 16:00:00,1.096,1.1111,1.0928,1.1101,173085.52
2023-07-05 17:00:00,1.1101,1.1144,1.1081,1.1094,252197.2
2023-07-05 18:00:00,1.1094,1.1138,1.1016,1.1051,244510.4
2023-07-05 19:00:00,1.1051,1.1076,1.1007,1.1013,146045.2
2023-07-05 20:00:00,1.1013,1.105,1.0964,1.1026,447035.9
2023-07-05 21:00:00,1.1026,1.1066,1.1011,1.104,73763.47
2023-07-05 22:00:00,1.104,1.1085,1.1015,1.1029,92502.14
2023-07-05 23:00:00,1.1029,1.1125,1.101,1.1101,224769.24
2023-07-06 00:00:00,1.1101,1.1144,1.1058,1.1082,245789.85
2023-07-06 01:00:00,1.1082,1.1122,1.1018,1.112,347792.35
2023-07-06 02:00:00,1.112,1.1185,1.1102,1.1102,360657.3
2023-07-06 03:00:00,1.1102,1.1186,1.1097,1.1157,143714.24
2023-07-06 04:00:00,1.1157,1.1184,1.1068,1.1073,83954.43
2023-07-06 05:00:00,1.1073,1.1186,1.106,1.1186,69664.55
2023-07-06 06:00:00,1.1186,1.1216,1.1153,1.121,82744.28
2023-07-06 07:00:00,1.121,1.1274,1.1191,1.1232,261820.41
2023-07-06 08:00:00,1.1232,1.1382,1.1209,1.1377,212852.14
2023-07-06 09:00:00,1.1377,1.1413,1.1273,1.1283,637698.87
2023-07-06 10:00:00,1.1283,1.1431,1.1232,1.1396,291075.13
2023-07-06 11:00:00,1.1396,1.1412,1.1123,1.1201,796806.39
2023-07-06 12:00:00,1.1201,1.1201,1.1006,1.107,476424.23
2023-07-06 13:00:00,1.107,1.1122,1.0965,1.0981,474441.49
2023-07-06 14:00:00,1.0981,1.1028,1.072,1.0865,951704.91
2023-07-06 15:00:00,1.0865,1.1003,1.083,1.0988,405096.87
2023-07-06 16:00:00,1.0988,1.1015,1.0836,1.0912,385489.02
2023-07-06 17:00:00,1.0912,1.0955,1.0885,1.0954,46597.86
2023-07-06 18:00:00,1.0954,1.1035,1.0941,1.1023,29717.79
2023-07-06 19:00:00,1.1023,1.1027,1.0942,1.0973,29779.96
2023-07-06 20:00:00,1.0973,1.0999,1.094,1.0975,28300.77
2023-07-06 21:00:00,1.0975,1.0991,1.0861,1.0903,270225.87
2023-07-06 22:00:00,1.0903,1.0925,1.0819,1.0877,44682.64
2023-07-06 23:00:00,1.0877,1.0877,1.0647,1.0678,1846252.25
2023-07-07 00:00:00,1.0678,1.078,1.0576,1.0749,2326986.73
2023-07-07 01:00:00,1.0749,1.0811,1.0713,1.079,128042.93
2023-07-07 02:00:00,1.079,1.0852,1.0788,1.0836,49221.46
2023-07-07 03:00:00,1.0836,1.09,1.0815,1.0858,253746.7
2023-07-07 04:00:00,1.0858,1.0915,1.0816,1.0909,75513.57
2023-07-07 05:00:00,1.0909,1.1045,1.0857,1.098,148846.21
2023-07-07 06:00:00,1.098,1.0992,1.0928,1.0937,333838.79
2023-07-07 07:00:00,1.0937,1.0987,1.0895,1.0948,1449572.39
2023-07-07 08:00:00,1.0948,1.0968,1.084,1.0849,514609.45
2023-07-07 09:00:00,1.0849,1.0936,1.0847,1.0903,79029.32
2023-07-07 10:00:00,1.0903,1.094,1.0847,1.094,138829.51
2023-07-07 11:00:00,1.094,1.0987,1.0918,1.0938,46735.05
2023-07-07 12:00:00,1.0938,1.1054,1.0878,1.0967,180988.2
2023-07-07 13:00:00,1.0967,1.1153,1.0929,1.1152,381787.04
2023-07-07 14:00:00,1.1152,1.13,1.1125,1.1217,1053300.81
2023-07-07 15:00:00,1.1217,1.1263,1.1148,1.1166,474218.75
2023-07-07 16:00:00,1.1166,1.1207,1.113,1.1206,122209.66
2023-07-07 17:00:00,1.1206,1.1295,1.117,1.1192,369824.93
2023-07-07 18:00:00,1.1192,1.1208,1.1061,1.1082,336300.92
2023-07-07 19:00:00,1.1082,1.1136,1.1066,1.1135,139312.09
2023-07-07 20:00:00,1.1135,1.1198,1.1121,1.1193,164382.73
2023-07-07 21:00:00,1.1193,1.1304,1.1191,1.1247,765392.97
2023-07-07 22:00:00,1.1247,1.128,1.1232,1.1242,166821.87
2023-07-07 23:00:00,1.1242,1.1324,1.1239,1.1306,367942.92
2023-07-08 00:00:00,1.1306,1.1364,1.129,1.1361,335980.33
2023-07-08 01:00:00,1.1361,1.1397,1.1332,1.1351,165171.76
2023-07-08 02:00:00,1.1351,1.1391,1.1321,1.1372,93564.77
2023-07-08 03:00:00,1.1372,1.1379,1.1262,1.1265,164887.31
2023-07-08 04:00:00,1.1265,1.1285,1.1236,1.1257,117138.58
2023-07-08 05:00:00,1.1257,1.1265,1.1195,1.1253,124829.19
2023-07-08 06:00:00,1.1253,1.1277,1.1216,1.1277,272598.97
2023-07-08 07:00:00,1.1277,1.1345,1.127,1.1339,192791.65
2023-07-08 08:00:00,1.1339,1.1389,1.1318,1.1377,274805.25
2023-07-08 09:00:00,1.1377,1.1487,1.1369,1.1394,728260.24
2023-07-08 10:00:00,1.1394,1.1414,1.134,1.1349,140309.12
2023-07-08 11:00:00,1.1349,1.1372,1.1269,1.1303,314819.16
2023-07-08 12:00:00,1.1303,1.1313,1.123,1.1237,166779.35
2023-07-08 13:00:00,1.1237,1.1342,1.1237,1.1327,213259.68
2023-07-08 14:00:00,1.1327,1.1346,1.1279,1.1287,160322.52
2023-07-08 15:00:00,1.1287,1.1293,1.1242,1.1246,134837.34
2023-07-08 16:00:00,1.1246,1.1331,1.1241,1.1289,102938.28
2023-07-08 17:00:00,1.1289,1.1298,1.1251,1.1283,48170.47
2023-07-08 18:00:00,1.1283,1.1283,1.1231,1.1264,138309.54
2023-07-08 19:00:00,1.1264,1.1264,1.1112,1.1151,349460.87
2023-07-08 20:00:00,1.1151,1.1165,1.1094,1.1145,258366.9
2023-07-08 21:00:00,1.1145,1.1171,1.1095,1.1169,57206.81
2023-07-08 22:00:00,1.1169,1.1234,1.116,1.123,249043.45
2023-07-08 23:00:00,1.123,1.1249,1.1202,1.1234,232011.09
2023-07-09 00:00:00,1.1234,1.131,1.1211,1.1307,211742.03
2023-07-09 01:00:00,1.1307,1.1408,1.1307,1.1322,336153.92
2023-07-09 02:00:00,1.1322,1.1342,1.1273,1.1309,125158.75
2023-07-09 03:00:00,1.1309,1.1337,1.128,1.1315,65671.99
2023-07-09 04:00:00,1.1315,1.1414,1.1283,1.1357,686311.12
2023-07-09 05:00:00,1.1357,1.1367,1.1293,1.1331,98579.24
2023-07-09 06:00:00,1.1331,1.1394,1.1285,1.1305,154238.05
2023-07-09 07:00:00,1.1305,1.1364,1.128,1.1358,158357.74
2023-07-09 08:00:00,1.1358,1.1383,1.1352,1.1369,109475.3
2023-07-09 09:00:00,1.1369,1.1376,1.1305,1.1332,261396.93
2023-07-09 10:00:00,1.1332,1.1354,1.1315,1.1325,18342.4
2023-07-09 11:00:00,1.1325,1.1348,1.1305,1.1333,98964.51
2023-07-09 12:00:00,1.1333,1.1383,1.1307,1.1363,90587.21
2023-07-09 13:00:00,1.1363,1.1372,1.1307,1.1309,159937.43
2023-07-09 14:00:00,1.1309,1.1374,1.1236,1.1321,505752.52
2023-07-09 15:00:00,1.1321,1.1351,1.1286,1.131,95612.84
2023-07-09 16:00:00,1.131,1.1375,1.13,1.131,208939.72
2023-07-09 17:00:00,1.131,1.1314,1.1274,1.1299,116244.81
2023-07-09 18:00:00,1.1299,1.1303,1.1265,1.1297,38885.02
2023-07-09 19:00:00,1.1297,1.1331,1.1262,1.1301,67802.95
2023-07-09 20:00:00,1.1301,1.1328,1.1241,1.1269,86124.47
2023-07-09 21:00:00,1.1269,1.1283,1.1232,1.1248,32072.75
2023-07-09 22:00:00,1.1248,1.129,1.12,1.1264,57885.72
2023-07-09 23:00:00,1.1264,1.1276,1.12,1.1228,14753.15
2023-07-10 00:00:00,1.1228,1.1239,1.102,1.1153,953506.03
2023-07-10 01:00:00,1.1153,1.1153,1.1057,1.1064,178038.49
2023-07-10 02:00:00,1.1064,1.1185,1.1063,1.1169,165970.64
2023-07-10 03:00:00,1.1169,1.1195,1.1151,1.1162,79613.03
2023-07-10 04:00:00,1.1162,1.1174,1.1122,1.1145,86060.1
2023-07-10 05:00:00,1.1145,1.1161,1.1068,1.1073,34820.16
2023-07-10 06:00:00,1.1073,1.1099,1.1055,1.1078,82606.12
2023-07-10 07:00:00,1.1078,1.1124,1.1075,1.1105,299883.52
2023-07-10 08:00:00,1.1105,1.1105,1.0939,1.103,1519209.01
2023-07-10 09:00:00,1.103,1.1108,1.0988,1.1075,105770.44
2023-07-10 10:00:00,1.1075,1.1116,1.1068,1.1081,47295.32
2023-07-10 11:00:00,1.1081,1.1118,1.1072,1.1114,141072.35
2023-07-10 12:00:00,1.1114,1.1142,1.108,1.1094,541751.13
2023-07-10 13:00:00,1.1094,1.1203,1.1086,1.1162,312755.66
2023-07-10 14:00:00,1.1162,1.1242,1.1154,1.1233,111900.23
2023-07-10 15:00:00,1.1233,1.1243,1.1155,1.1179,241949.3
2023-07-10 16:00:00,1.1179,1.1241,1.1111,1.122,857525.06
2023-07-10 17:00:00,1.122,1.1237,1.1178,1.1183,101767.86
2023-07-10 18:00:00,1.1183,1.1356,1.1172,1.1341,916761.14
2023-07-10 19:00:00,1.1341,1.1388,1.1313,1.1377,63558.17
2023-07-10 20:00:00,1.1377,1.1425,1.1284,1.1317,256749.38
2023-07-10 21:00:00,1.1317,1.1325,1.1171,1.1191,257916.33
2023-07-10 22:00:00,1.1191,1.1218,1.114,1.1186,201767.71
2023-07-10 23:00:00,1.1186,1.123,1.1177,1.1179,101247.03
2023-07-11 00:00:00,1.1179,1.124,1.1133,1.117,136676.54
2023-07-11 01:00:00,1.117,1.1249,1.1165,1.1248,121955.35
2023-07-11 02:00:00,1.1248,1.1253,1.1192,1.1206,101549.02
2023-07-11 03:00:00,1.1206,1.1251,1.1196,1.1245,117275.68
2023-07-11 04:00:00,1.1245,1.1258,1.1217,1.123,184246.19
2023-07-11 05:00:00,1.123,1.1254,1.1227,1.1243,107391.57
2023-07-11 06:00:00,1.1243,1.1325,1.1238,1.1312,806821.78
2023-07-11 07:00:00,1.1312,1.1326,1.1288,1.1309,71637.42
2023-07-11 08:00:00,1.1309,1.1317,1.1235,1.1247,137199.14
2023-07-11 09:00:00,1.1247,1.1266,1.1166,1.1209,111679.68
2023-07-11 10:00:00,1.1209,1.1209,1.1134,1.116,39601.26
2023-07-11 11:00:00,1.116,1.1243,1.1157,1.1241,74379.62
2023-07-11 12:00:00,1.1241,1.1241,1.1157,1.1217,171680.08
2023-07-11 13:00:00,1.1217,1.122,1.1107,1.114,213371.63
2023-07-11 14:00:00,1.114,1.1198,1.1094,1.1171,320602.59
2023-07-11 15:00:00,1.1171,1.1233,1.1132,1.1174,242313.21
2023-07-11 16:00:00,1.1174,1.1215,1.1131,1.1189,179892.81
2023-07-11 17:00:00,1.1189,1.1203,1.1167,1.119,75079.14
2023-07-11 18:00:00,1.119,1.1194,1.1121,1.1143,32651.47
2023-07-11 19:00:00,1.1143,1.1177,1.1115,1.1173,16973.63
2023-07-11 20:00:00,1.1173,1.1196,1.1172,1.118,24090.87
2023-07-11 21:00:00,1.118,1.12,1.1148,1.12,11230.85
2023-07-11 22:00:00,1.12,1.1234,1.1191,1.1234,130404.46
2023-07-11 23:00:00,1.1234,1.1259,1.1232,1.1257,77623.78
2023-07-12 00:00:00,1.1257,1.128,1.1228,1.1237,87862.27
2023-07-12 01:00:00,1.1237,1.1294,1.1237,1.127,89480.31
2023-07-12 02:00:00,1.127,1.1286,1.1244,1.1275,30822.52
2023-07-12 03:00:00,1.1275,1.128,1.1239,1.1245,173152.75
2023-07-12 04:00:00,1.1245,1.1254,1.1217,1.1249,160449.87
2023-07-12 05:00:00,1.1249,1.1281,1.1245,1.1255,175629.29
2023-07-12 06:00:00,1.1255,1.1295,1.1223,1.1269,432778.82
2023-07-12 07:00:00,1.1269,1.1336,1.1255,1.1297,244713.35
2023-07-12 08:00:00,1.1297,1.13,1.1237,1.1259,60482.08
2023-07-12 09:00:00,1.1259,1.1277,1.1231,1.1263,72015.41
2023-07-12 10:00:00,1.1263,1.1276,1.1234,1.1239,120936.47
2023-07-12 11:00:00,1.1239,1.1304,1.123,1.1304,218729.23
2023-07-12 12:00:00,1.1304,1.1369,1.124,1.1285,582899.38
2023-07-12 13:00:00,1.1285,1.1326,1.1175,1.1254,772611.75
2023-07-12 14:00:00,1.1254,1.1375,1.1249,1.1336,712446.05
2023-07-12 15:00:00,1.1336,1.1374,1.1219,1.1229,684334.62
2023-07-12 16:00:00,1.1229,1.1238,1.1152,1.1228,334932.15
2023-07-12 17:00:00,1.1228,1.1272,1.1219,1.1233,313837.92
2023-07-12 18:00:00,1.1233,1.127,1.123,1.1239,52686.17
2023-07-12 19:00:00,1.1239,1.1249,1.1072,1.1141,438716.48
2023-07-12 20:00:00,1.1141,1.118,1.1123,1.1179,145722.5
2023-07-12 21:00:00,1.1179,1.118,1.1142,1.1171,193616.21
2023-07-12 22:00:00,1.1171,1.1194,1.1166,1.119,101379.64
2023-07-12 23:00:00,1.119,1.1219,1.1177,1.1205,53996.13
2023-07-13 00:00:00,1.1205,1.1231,1.1172,1.1184,41087.74
2023-07-13 01:00:00,1.1184,1.1208,1.1147,1.1203,111589.57
2023-07-13 02:00:00,1.1203,1.1213,1.1162,1.1171,29055.51
2023-07-13 03:00:00,1.1171,1.1179,1.1119,1.1138,232027.37
2023-07-13 04:00:00,1.1138,1.117,1.1109,1.1145,170494.36
2023-07-13 05:00:00,1.1145,1.118,1.1125,1.1179,55508.58
2023-07-13 06:00:00,1.1179,1.1252,1.1176,1.1242,124792.88
2023-07-13 07:00:00,1.1242,1.1281,1.1207,1.1215,255909.7
2023-07-13 08:00:00,1.1215,1.125,1.1209,1.1247,152769.57
2023-07-13 09:00:00,1.1247,1.1325,1.1234,1.1289,199169.29
2023-07-13 10:00:00,1.1289,1.1307,1.1259,1.1287,195325.54
2023-07-13 11:00:00,1.1287,1.1308,1.1275,1.1293,149836.05
2023-07-13 12:00:00,1.1293,1.1305,1.1214,1.1253,145662.66
2023-07-13 13:00:00,1.1253,1.1335,1.1234,1.1335,84466.93
2023-07-13 14:00:00,1.1335,1.1341,1.1262,1.1287,157484.88
2023-07-13 15:00:00,1.1287,1.1769,1.1285,1.157,1226893.41
2023-07-13 16:00:00,1.157,1.2044,1.1554,1.2016,902063.39
2023-07-13 17:00:00,1.2016,1.2304,1.1913,1.2235,1509775.06
2023-07-13 18:00:00,1.2235,1.2459,1.2171,1.2227,1511194.31
2023-07-13 19:00:00,1.2227,1.2294,1.2161,1.2261,747068.93
2023-07-13 20:00:00,1.2261,1.2262,1.2075,1.2095,248581.33
2023-07-13 21:00:00,1.2095,1.2113,1.2,1.2101,609240.32
2023-07-13 22:00:00,1.2101,1.2187,1.2089,1.2147,125353.32
2023-07-13 23:00:00,1.2147,1.2258,1.2141,1.2228,332003.16
2023-07-14 00:00:00,1.2228,1.2492,1.2193,1.2463,399147.06
2023-07-14 01:00:00,1.2463,1.2517,1.2317,1.2401,532574.84
2023-07-14 02:00:00,1.2401,1.2429,1.2339,1.2398,718101.67
2023-07-14 03:00:00,1.2398,1.2479,1.2302,1.2312,416554.26
2023-07-14 04:00:00,1.2312,1.233,1.2241,1.2277,538758.34
2023-07-14 05:00:00,1.2277,1.228,1.2197,1.2249,80802.95
2023-07-14 06:00:00,1.2249,1.2288,1.2198,1.2211,113788.8
2023-07-14 07:00:00,1.2211,1.2247,1.2087,1.2206,478284.81
2023-07-14 08:00:00,1.2206,1.2367,1.2188,1.2311,414416.43
2023-07-14 09:00:00,1.2311,1.242,1.2205,1.2364,421631.43
2023-07-14 10:00:00,1.2364,1.2402,1.2191,1.2258,130793.05
2023-07-14 11:00:00,1.2258,1.2258,1.2133,1.2146,123316.89
2023-07-14 12:00:00,1.2146,1.2229,1.2068,1.2145,424764.19
2023-07-14 13:00:00,1.2145,1.234,1.208,1.23,300045.95
2023-07-14 14:00:00,1.23,1.2571,1.2241,1.2479,981504.49
2023-07-14 15:00:00,1.2479,1.282,1.2466,1.2753,815704.11
2023-07-14 16:00:00,1.2753,1.3336,1.2615,1.2899,3547293.94
2023-07-14 17:00:00,1.2899,1.2906,1.2513,1.2534,1550343.72
2023-07-14 18:00:00,1.2534,1.2591,1.1641,1.1857,2650890.63
2023-07-14 19:00:00,1.1857,1.1941,1.1707,1.1785,347817.39
2023-07-14 20:00:00,1.1785,1.186,1.1651,1.1799,352486.31
2023-07-14 21:00:00,1.1799,1.1912,1.1794,1.1897,68973.29
2023-07-14 22:00:00,1.1897,1.1974,1.1868,1.1915,61782.14
2023-07-14 23:00:00,1.1915,1.2139,1.1897,1.2132,851589.74
2023-07-15 00:00:00,1.2132,1.2287,1.2028,1.2287,902952.53
2023-07-15 01:00:00,1.2287,1.2305,1.2167,1.217,180325.33
2023-07-15 02:00:00,1.217,1.2243,1.2101,1.2185,223551.95
2023-07-15 03:00:00,1.2185,1.2204,1.2073,1.2114,213815.51
2023-07-15 04:00:00,1.2114,1.2214,1.2109,1.2176,228758.83
2023-07-15 05:00:00,1.2176,1.2244,1.2127,1.2157,78539.31
2023-07-15 06:00:00,1.2157,1.2374,1.211,1.2363,286952.39
2023-07-15 07:00:00,1.2363,1.2824,1.2326,1.2755,1934048.54
2023-07-15 08:00:00,1.2755,1.2799,1.262,1.2691,441263.22
2023-07-15 09:00:00,1.2691,1.3319,1.2654,1.3187,1393607.87
2023-07-15 10:00:00,1.3187,1.3318,1.3036,1.3106,1230010.72
2023-07-15 11:00:00,1.3106,1.3144,1.2944,1.3055,525865.57
2023-07-15 12:00:00,1.3055,1.3188,1.3034,1.3112,422963.44
2023-07-15 13:00:00,1.3112,1.314,1.2752,1.296,854900.72
2023-07-15 14:00:00,1.296,1.2998,1.2762,1.2788,622347.79
2023-07-15 15:00:00,1.2788,1.2896,1.2704,1.2762,847050.51
2023-07-15 16:00:00,1.2762,1.2766,1.2537,1.2575,824607.14
2023-07-15 17:00:00,1.2575,1.2637,1.252,1.2583,510095.39
2023-07-15 18:00:00,1.2583,1.2746,1.2552,1.2709,668186.57
2023-07-15 19:00:00,1.2709,1.2745,1.2633,1.2636,86687.58
2023-07-15 20:00:00,1.2636,1.2671,1.2567,1.2662,305098.23
2023-07-15 21:00:00,1.2662,1.2686,1.259,1.2599,274266.27
2023-07-15 22:00:00,1.2599,1.2672,1.2565,1.2654,65722.23
2023-07-15 23:00:00,1.2654,1.2706,1.2574,1.2702,103795.01
2023-07-16 00:00:00,1.2702,1.2812,1.2677,1.2718,1111807.12
2023-07-16 01:00:00,1.2718,1.2797,1.27,1.2711,273068.86
2023-07-16 02:00:00,1.2711,1.2745,1.2318,1.2568,994482.84
2023-07-16 03:00:00,1.2568,1.2577,1.2475,1.2493,156894.09
2023-07-16 04:00:00,1.2493,1.2649,1.2482,1.2618,133136.18
2023-07-16 05:00:00,1.2618,1.2704,1.2608,1.2678,118098.49
2023-07-16 06:00:00,1.2678,1.2715,1.26,1.2698,159036.27
2023-07-16 07:00:00,1.2698,1.2745,1.2637,1.2641,140245.81
2023-07-16 08:00:00,1.2641,1.2692,1.2611,1.2687,198092.41
2023-07-16 09:00:00,1.2687,1.2915,1.2687,1.286,454906.79
2023-07-16 10:00:00,1.286,1.3007,1.281,1.2854,329229.6
2023-07-16 11:00:00,1.2854,1.3087,1.2837,1.2992,370591.86
2023-07-16 12:00:00,1.2992,1.3028,1.2811,1.2847,290410.56
2023-07-16 13:00:00,1.2847,1.2879,1.2786,1.2834,198186.56
2023-07-16 14:00:00,1.2834,1.3026,1.2805,1.2932,376711.45
2023-07-16 15:00:00,1.2932,1.2992,1.2828,1.284,305451.34
2023-07-16 16:00:00,1.284,1.2841,1.2712,1.2786,215243.81
2023-07-16 17:00:00,1.2786,1.2889,1.2757,1.2885,99330.48
2023-07-16 18:00:00,1.2885,1.291,1.2728,1.275,189225.64
2023-07-16 19:00:00,1.275,1.2769,1.2583,1.2705,356172.01
2023-07-16 20:00:00,1.2705,1.2742,1.2614,1.2627,94867.13
2023-07-16 21:00:00,1.2627,1.2858,1.2627,1.2848,197029.93
2023-07-16 22:00:00,1.2848,1.2915,1.2781,1.2808,138259.34
2023-07-16 23:00:00,1.2808,1.2833,1.2578,1.2702,485477.67
2023-07-17 00:00:00,1.2702,1.3015,1.2656,1.2904,754876.99
2023-07-17 01:00:00,1.2904,1.3164,1.2847,1.3054,1576856.84
2023-07-17 02:00:00,1.3054,1.3284,1.3025,1.3193,594307.66
2023-07-17 03:00:00,1.3193,1.321,1.31,1.312,445610.43
2023-07-17 04:00:00,1.312,1.348,1.3087,1.3381,1164388.67
2023-07-17 05:00:00,1.3381,1.3442,1.3251,1.3269,574321.59
2023-07-17 06:00:00,1.3269,1.3327,1.3132,1.319,450194.87
2023-07-17 07:00:00,1.319,1.3203,1.3108,1.3174,289835.24
2023-07-17 08:00:00,1.3174,1.3217,1.307,1.3079,479071.36
2023-07-17 09:00:00,1.3079,1.3136,1.2861,1.2895,791207.63
2023-07-17 10:00:00,1.2895,1.2938,1.261,1.292,1084629.46
2023-07-17 11:00:00,1.292,1.3048,1.2871,1.2881,505060.07
2023-07-17 12:00:00,1.2881,1.2904,1.269,1.2902,1149466.92
2023-07-17 13:00:00,1.2902,1.3071,1.2884,1.3058,438722.17
2023-07-17 14:00:00,1.3058,1.3166,1.2994,1.3102,492375.62
2023-07-17 15:00:00,1.3102,1.3111,1.2859,1.2914,562429.12
2023-07-17 16:00:00,1.2914,1.3015,1.2735,1.2798,696590.58
2023-07-17 17:00:00,1.2798,1.2889,1.2626,1.2742,661498.31
2023-07-17 18:00:00,1.2742,1.2751,1.2491,1.2628,987990.88
2023-07-17 19:00:00,1.2628,1.2774,1.2589,1.2751,616800.78
2023-07-17 20:00:00,1.2751,1.2837,1.2682,1.2718,86894.74
2023-07-17 21:00:00,1.2718,1.3029,1.2712,1.3021,316515.91
2023-07-17 22:00:00,1.3021,1.3093,1.2957,1.2965,431333.39
2023-07-17 23:00:00,1.2965,1.304,1.2945,1.3035,111102.87
2023-07-18 00:00:00,1.3035,1.3143,1.2994,1.3067,214073.89
2023-07-18 01:00:00,1.3067,1.3261,1.3021,1.3225,701543.03
2023-07-18 02:00:00,1.3225,1.3292,1.3101,1.3125,885447.9
2023-07-18 03:00:00,1.3125,1.3197,1.3081,1.3083,345042.11
2023-07-18 04:00:00,1.3083,1.3137,1.3001,1.3087,549283.71
2023-07-18 05:00:00,1.3087,1.3099,1.2962,1.2971,482841.78
2023-07-18 06:00:00,1.2971,1.3089,1.28,1.2867,850556.64
2023-07-18 07:00:00,1.2867,1.2974,1.2813,1.2825,873001.12
2023-07-18 08:00:00,1.2825,1.2933,1.2672,1.2827,1740421.8
2023-07-18 09:00:00,1.2827,1.2895,1.2733,1.2747,226836.28
2023-07-18 10:00:00,1.2747,1.289,1.2733,1.2851,76097.85
2023-07-18 11:00:00,1.2851,1.293,1.2603,1.2618,2003217.35
2023-07-18 12:00:00,1.2618,1.2683,1.2187,1.2384,2381925.49
2023-07-18 13:00:00,1.2384,1.2512,1.2324,1.2444,392909.62
2023-07-18 14:00:00,1.2444,1.2626,1.2393,1.2626,519311.09
2023-07-18 15:00:00,1.2626,1.263,1.2407,1.251,149945.0
2023-07-18 16:00:00,1.251,1.26,1.2203,1.2352,595593.46
2023-07-18 17:00:00,1.2352,1.2487,1.2347,1.2479,329807.84
2023-07-18 18:00:00,1.2479,1.2575,1.2452,1.2548,76132.55
2023-07-18 19:00:00,1.2548,1.2564,1.2378,1.2387,195054.86
2023-07-18 20:00:00,1.2387,1.2437,1.2344,1.2394,160499.31
2023-07-18 21:00:00,1.2394,1.2494,1.2386,1.2417,104402.53
2023-07-18 22:00:00,1.2417,1.2447,1.2354,1.2442,166284.3
2023-07-18 23:00:00,1.2442,1.2447,1.2354,1.2438,127628.09
2023-07-19 00:00:00,1.2438,1.262,1.2307,1.262,383271.8
2023-07-19 01:00:00,1.262,1.2652,1.2532,1.2638,150847.73
2023-07-19 02:00:00,1.2638,1.2661,1.257,1.2612,229369.68
2023-07-19 03:00:00,1.2612,1.2691,1.2597,1.2656,186849.76
2023-07-19 04:00:00,1.2656,1.2745,1.2603,1.2624,226786.11
2023-07-19 05:00:00,1.2624,1.2679,1.2603,1.2662,172840.31
2023-07-19 06:00:00,1.2662,1.2662,1.2542,1.2581,293212.12
2023-07-19 07:00:00,1.2581,1.2631,1.252,1.2539,335487.59
2023-07-19 08:00:00,1.2539,1.2572,1.2419,1.2437,527776.05
2023-07-19 09:00:00,1.2437,1.2543,1.2404,1.2523,274781.2
2023-07-19 10:00:00,1.2523,1.2555,1.2505,1.2524,170133.74
2023-07-19 11:00:00,1.2524,1.2615,1.2519,1.2603,45155.11
2023-07-19 12:00:00,1.2603,1.2616,1.2481,1.2514,292464.37
2023-07-19 13:00:00,1.2514,1.2739,1.2448,1.262,621161.87
2023-07-19 14:00:00,1.262,1.2639,1.2417,1.247,506483.57
2023-07-19 15:00:00,1.247,1.2682,1.2422,1.2679,263154.24
2023-07-19 16:00:00,1.2679,1.2714,1.2517,1.2534,380831.8
2023-07-19 17:00:00,1.2534,1.2773,1.251,1.2687,214019.04
2023-07-19 18:00:00,1.2687,1.29,1.2644,1.2891,318920.44
2023-07-19 19:00:00,1.2891,1.2958,1.2823,1.2904,284363.26
2023-07-19 20:00:00,1.2904,1.2919,1.2789,1.2805,316497.32
2023-07-19 21:00:00,1.2805,1.2813,1.2603,1.2771,400107.87
2023-07-19 22:00:00,1.2771,1.2788,1.262,1.2653,198720.31
2023-07-19 23:00:00,1.2653,1.2706,1.2596,1.2648,653658.27
2023-07-20 00:00:00,1.2648,1.2765,1.2584,1.2747,420565.25
2023-07-20 01:00:00,1.2747,1.2783,1.2682,1.2692,248491.71
2023-07-20 02:00:00,1.2692,1.2798,1.2692,1.2716,161163.98
2023-07-20 03:00:00,1.2716,1.2731,1.2604,1.2631,61633.88
2023-07-20 04:00:00,1.2631,1.2681,1.2567,1.2595,358671.26
2023-07-20 05:00:00,1.2595,1.275,1.2592,1.2731,268724.85
2023-07-20 06:00:00,1.2731,1.2743,1.2652,1.2705,282432.87
2023-07-20 07:00:00,1.2705,1.2795,1.2674,1.2765,369879.92
2023-07-20 08:00:00,1.2765,1.3044,1.2733,1.2999,1081426.33
2023-07-20 09:00:00,1.2999,1.3059,1.2941,1.2986,324419.35
2023-07-20 10:00:00,1.2986,1.3084,1.2969,1.2995,414361.13
2023-07-20 11:00:00,1.2995,1.3056,1.297,1.3037,127719.61
2023-07-20 12:00:00,1.3037,1.31,1.2896,1.2908,530805.45
2023-07-20 13:00:00,1.2908,1.2986,1.2862,1.2969,484226.48
2023-07-20 14:00:00,1.2969,1.2988,1.251,1.26,2183687.44
2023-07-20 15:00:00,1.26,1.2681,1.2552,1.2624,533957.83
2023-07-20 16:00:00,1.2624,1.2685,1.2523,1.2564,318133.37
2023-07-20 17:00:00,1.2564,1.2653,1.2546,1.2631,278104.17
2023-07-20 18:00:00,1.2631,1.2631,1.2492,1.2534,308008.4
2023-07-20 19:00:00,1.2534,1.26,1.2525,1.2593,40988.45
2023-07-20 20:00:00,1.2593,1.2593,1.2455,1.2555,149956.58
2023-07-20 21:00:00,1.2555,1.2628,1.2542,1.2628,106992.31
2023-07-20 22:00:00,1.2628,1.2629,1.2574,1.2614,321292.99
2023-07-20 23:00:00,1.2614,1.2633,1.2557,1.2595,66078.68
2023-07-21 00:00:00,1.2595,1.2623,1.2529,1.2583,213674.46
2023-07-21 01:00:00,1.2583,1.2875,1.2557,1.2865,346506.12
2023-07-21 02:00:00,1.2865,1.2907,1.279,1.2886,308445.22
2023-07-21 03:00:00,1.2886,1.2962,1.2789,1.2801,417819.12
2023-07-21 04:00:00,1.2801,1.2816,1.273,1.2765,320945.61
2023-07-21 05:00:00,1.2765,1.2777,1.2614,1.2645,557695.86
2023-07-21 06:00:00,1.2645,1.2717,1.2595,1.2689,452527.88
2023-07-21 07:00:00,1.2689,1.27,1.2562,1.2596,132673.15
2023-07-21 08:00:00,1.2596,1.2632,1.2571,1.2581,142175.59
2023-07-21 09:00:00,1.2581,1.2633,1.2497,1.2503,137017.86
2023-07-21 10:00:00,1.2503,1.259,1.2481,1.2544,164115.87
2023-07-21 11:00:00,1.2544,1.2569,1.2495,1.2529,51014.93
2023-07-21 12:00:00,1.2529,1.2607,1.2517,1.2585,98180.98
2023-07-21 13:00:00,1.2585,1.2644,1.2503,1.2514,153848.19
2023-07-21 14:00:00,1.2514,1.252,1.2413,1.2517,495287.97
2023-07-21 15:00:00,1.2517,1.2536,1.2462,1.2487,151338.47
2023-07-21 16:00:00,1.2487,1.2489,1.2416,1.2451,169601.63
2023-07-21 17:00:00,1.2451,1.2555,1.2437,1.2541,166468.16
2023-07-21 18:00:00,1.2541,1.2604,1.2491,1.2509,294064.96
2023-07-21 19:00:00,1.2509,1.2509,1.229,1.2412,606443.91
2023-07-21 20:00:00,1.2412,1.2412,1.2354,1.2379,193425.91
2023-07-21 21:00:00,1.2379,1.2396,1.2342,1.2375,128011.99
2023-07-21 22:00:00,1.2375,1.2422,1.2366,1.2389,57570.1
2023-07-21 23:00:00,1.2389,1.2393,1.2306,1.2317,175354.3
2023-07-22 00:00:00,1.2317,1.2477,1.2304,1.2477,284243.77
2023-07-22 01:00:00,1.2477,1.2477,1.2404,1.2404,149731.21
2023-07-22 02:00:00,1.2404,1.2474,1.2401,1.2461,124253.74
2023-07-22 03:00:00,1.2461,1.2496,1.244,1.2454,140355.61
2023-07-22 04:00:00,1.2454,1.249,1.2442,1.2459,49547.11
2023-07-22 05:00:00,1.2459,1.2469,1.2438,1.2452,88306.78
2023-07-22 06:00:00,1.2452,1.2469,1.2438,1.2466,70193.65
2023-07-22 07:00:00,1.2466,1.2503,1.2445,1.2471,76067.36
2023-07-22 08:00:00,1.2471,1.2503,1.2436,1.2444,83362.77
2023-07-22 09:00:00,1.2444,1.2446,1.2361,1.2362,385844.64
2023-07-22 10:00:00,1.2362,1.2387,1.23,1.2377,361210.17
2023-07-22 11:00:00,1.2377,1.2394,1.236,1.2366,34404.57
2023-07-22 12:00:00,1.2366,1.2383,1.2331,1.2357,42911.94
2023-07-22 13:00:00,1.2357,1.2386,1.2355,1.2382,342878.94
2023-07-22 14:00:00,1.2382,1.2443,1.2382,1.242,260863.9
2023-07-22 15:00:00,1.242,1.2439,1.2372,1.2406,55331.58
2023-07-22 16:00:00,1.2406,1.2416,1.235,1.2402,51557.95
2023-07-22 17:00:00,1.2402,1.2429,1.2379,1.2387,21741.07
2023-07-22 18:00:00,1.2387,1.2387,1.2291,1.2323,194141.57
2023-07-22 19:00:00,1.2323,1.2375,1.2318,1.2364,49604.11
2023-07-22 20:00:00,1.2364,1.24,1.2344,1.2391,18249.06
2023-07-22 21:00:00,1.2391,1.2409,1.2367,1.2386,67046.61
2023-07-22 22:00:00,1.2386,1.2401,1.2321,1.2347,64919.33
2023-07-22 23:00:00,1.2347,1.2347,1.2127,1.2241,456853.75
2023-07-23 00:00:00,1.2241,1.2257,1.2154,1.2205,122563.07
2023-07-23 01:00:00,1.2205,1.2286,1.2205,1.2286,100065.93
2023-07-23 02:00:00,1.2286,1.2342,1.2253,1.2324,86199.16
2023-07-23 03:00:00,1.2324,1.2341,1.2304,1.2323,45142.43
2023-07-23 04:00:00,1.2323,1.2366,1.2302,1.2363,158035.0
2023-07-23 05:00:00,1.2363,1.2406,1.2349,1.2373,116434.63
2023-07-23 06:00:00,1.2373,1.246,1.2352,1.2367,121939.38
2023-07-23 07:00:00,1.2367,1.2387,1.2316,1.2345,88111.45
2023-07-23 08:00:00,1.2345,1.239,1.232,1.2388,85542.51
2023-07-23 09:00:00,1.2388,1.2394,1.2351,1.2352,50599.46
2023-07-23 10:00:00,1.2352,1.2386,1.2346,1.2356,40229.4
2023-07-23 11:00:00,1.2356,1.2369,1.2325,1.2339,48999.87
2023-07-23 12:00:00,1.2339,1.2361,1.2297,1.2339,65172.96
2023-07-23 13:00:00,1.2339,1.2339,1.2277,1.2315,30204.74
2023-07-23 14:00:00,1.2315,1.2329,1.2298,1.2315,53975.44
2023-07-23 15:00:00,1.2315,1.239,1.231,1.2356,79858.82
2023-07-23 16:00:00,1.2356,1.2527,1.2349,1.2505,204229.46
2023-07-23 17:00:00,1.2505,1.2585,1.2488,1.2582,259843.19
2023-07-23 18:00:00,1.2582,1.2604,1.2535,1.2598,245345.63
2023-07-23 19:00:00,1.2598,1.2673,1.2472,1.2497,310947.01
2023-07-23 20:00:00,1.2497,1.2578,1.2497,1.2574,120533.89
2023-07-23 21:00:00,1.2574,1.2574,1.2407,1.2415,552624.86
2023-07-23 22:00:00,1.2415,1.2477,1.2408,1.2443,257806.06
2023-07-23 23:00:00,1.2443,1.2507,1.2443,1.2493,16252.6
2023-07-24 00:00:00,1.2493,1.2522,1.2467,1.2469,28410.32
2023-07-24 01:00:00,1.2469,1.2469,1.2356,1.2373,146336.21
2023-07-24 02:00:00,1.2373,1.2382,1.2273,1.2351,730269.17
2023-07-24 03:00:00,1.2351,1.2366,1.2236,1.2258,140305.25
2023-07-24 04:00:00,1.2258,1.231,1.2183,1.2302,237398.73
2023-07-24 05:00:00,1.2302,1.2311,1.2281,1.2299,86812.17
2023-07-24 06:00:00,1.2299,1.2305,1.2239,1.2239,120852.97
2023-07-24 07:00:00,1.2239,1.2325,1.2228,1.2294,150024.3
2023-07-24 08:00:00,1.2294,1.2294,1.2228,1.2232,94638.85
2023-07-24 09:00:00,1.2232,1.2238,1.1684,1.1851,1232521.05
2023-07-24 10:00:00,1.1851,1.1997,1.1821,1.1986,203100.36
2023-07-24 11:00:00,1.1986,1.2011,1.1908,1.1919,108167.9
2023-07-24 12:00:00,1.1919,1.1946,1.1861,1.1915,80602.22
2023-07-24 13:00:00,1.1915,1.1942,1.1849,1.1887,87914.08
2023-07-24 14:00:00,1.1887,1.192,1.1782,1.1797,136931.2
2023-07-24 15:00:00,1.1797,1.1811,1.1644,1.1777,989041.84
2023-07-24 16:00:00,1.1777,1.1825,1.1701,1.1816,215610.76
2023-07-24 17:00:00,1.1816,1.1826,1.1769,1.1775,59554.1
2023-07-24 18:00:00,1.1775,1.1872,1.1775,1.1864,72216.12
2023-07-24 19:00:00,1.1864,1.1876,1.183,1.1833,125241.7
2023-07-24 20:00:00,1.1833,1.1845,1.1785,1.1832,63685.5
2023-07-24 21:00:00,1.1832,1.1866,1.1832,1.186,48743.68
2023-07-24 22:00:00,1.186,1.1876,1.1814,1.1829,65730.77
2023-07-24 23:00:00,1.1829,1.1894,1.1823,1.1843,638194.71
2023-07-25 00:00:00,1.1843,1.1891,1.1824,1.1846,92774.04
2023-07-25 01:00:00,1.1846,1.1851,1.1811,1.1842,26001.04
2023-07-25 02:00:00,1.1842,1.1939,1.1842,1.1901,85602.31
2023-07-25 03:00:00,1.1901,1.1904,1.186,1.1873,47878.87
2023-07-25 04:00:00,1.1873,1.1877,1.1787,1.1811,115243.74
2023-07-25 05:00:00,1.1811,1.183,1.1773,1.1804,109769.27
2023-07-25 06:00:00,1.1804,1.1811,1.17,1.1752,458338.72
2023-07-25 07:00:00,1.1752,1.1782,1.1712,1.1762,207645.99
2023-07-25 08:00:00,1.1762,1.1841,1.1736,1.184,283663.67
2023-07-25 09:00:00,1.184,1.1895,1.1815,1.1829,437523.71
2023-07-25 10:00:00,1.1829,1.1838,1.177,1.1774,74083.29
2023-07-25 11:00:00,1.1774,1.1783,1.1716,1.1733,91007.24
2023-07-25 12:00:00,1.1733,1.1749,1.1678,1.1692,239623.45
2023-07-25 13:00:00,1.1692,1.1729,1.156,1.1637,687013.83
2023-07-25 14:00:00,1.1637,1.1726,1.1534,1.1582,404134.14
2023-07-25 15:00:00,1.1582,1.1678,1.1565,1.1649,77236.14
2023-07-25 16:00:00,1.1649,1.1719,1.1633,1.1671,71241.31
2023-07-25 17:00:00,1.1671,1.1713,1.1629,1.1711,39517.81
2023-07-25 18:00:00,1.1711,1.1754,1.1687,1.1688,100278.63
2023-07-25 19:00:00,1.1688,1.1706,1.164,1.1644,34728.55
2023-07-25 20:00:00,1.1644,1.1668,1.1615,1.1663,241965.42
2023-07-25 21:00:00,1.1663,1.1702,1.1661,1.1678,57154.85
2023-07-25 22:00:00,1.1678,1.1705,1.1664,1.1667,41617.66
2023-07-25 23:00:00,1.1667,1.1682,1.1641,1.167,56980.69
2023-07-26 00:00:00,1.167,1.1698,1.1598,1.16,150914.05
2023-07-26 01:00:00,1.16,1.1615,1.1484,1.1548,383263.27
2023-07-26 02:00:00,1.1548,1.1633,1.1513,1.1633,211157.1
2023-07-26 03:00:00,1.1633,1.1677,1.1596,1.1597,406845.31
2023-07-26 04:00:00,1.1597,1.16,1.153,1.154,64127.47
2023-07-26 05:00:00,1.154,1.1613,1.1536,1.1604,57775.25
2023-07-26 06:00:00,1.1604,1.1643,1.1563,1.1574,208184.53
2023-07-26 07:00:00,1.1574,1.1616,1.157,1.16,46248.63
2023-07-26 08:00:00,1.16,1.165,1.1597,1.1626,59309.54
2023-07-26 09:00:00,1.1626,1.1663,1.1569,1.1595,94863.64
2023-07-26 10:00:00,1.1595,1.165,1.1559,1.1649,59389.51
2023-07-26 11:00:00,1.1649,1.1659,1.1607,1.1622,98384.6
2023-07-26 12:00:00,1.1622,1.178,1.1599,1.1772,191914.34
2023-07-26 13:00:00,1.1772,1.178,1.1725,1.176,122141.54
2023-07-26 14:00:00,1.176,1.18,1.1699,1.1736,406437.34
2023-07-26 15:00:00,1.1736,1.179,1.1728,1.1782,206617.51
2023-07-26 16:00:00,1.1782,1.1789,1.173,1.1762,582145.29
2023-07-26 17:00:00,1.1762,1.1787,1.1724,1.173,1015306.47
2023-07-26 18:00:00,1.173,1.1941,1.173,1.1892,683594.54
2023-07-26 19:00:00,1.1892,1.1941,1.176,1.1922,881473.87
2023-07-26 20:00:00,1.1922,1.2052,1.1894,1.1994,446549.98
2023-07-26 21:00:00,1.1994,1.202,1.1933,1.1937,98313.63
2023-07-26 22:00:00,1.1937,1.1974,1.1927,1.1966,33161.89
2023-07-26 23:00:00,1.1966,1.2008,1.193,1.1961,293081.25
2023-07-27 00:00:00,1.1961,1.1979,1.1879,1.1909,349963.82
2023-07-27 01:00:00,1.1909,1.1984,1.1881,1.1978,104005.83
2023-07-27 02:00:00,1.1978,1.1993,1.1934,1.1991,99633.79
2023-07-27 03:00:00,1.1991,1.2011,1.1954,1.1958,123592.95
2023-07-27 04:00:00,1.1958,1.2047,1.1958,1.2045,74977.4
2023-07-27 05:00:00,1.2045,1.2073,1.1999,1.1999,66454.95
2023-07-27 06:00:00,1.1999,1.2025,1.195,1.195,232664.41
2023-07-27 07:00:00,1.195,1.2002,1.1943,1.1955,107247.7
2023-07-27 08:00:00,1.1955,1.1985,1.1916,1.1985,482351.08
2023-07-27 09:00:00,1.1985,1.2037,1.1985,1.2023,487080.35
2023-07-27 10:00:00,1.2023,1.2037,1.1963,1.1965,275644.43
2023-07-27 11:00:00,1.1965,1.1994,1.1959,1.1985,82717.8
2023-07-27 12:00:00,1.1985,1.2005,1.1963,1.1987,128108.6
2023-07-27 13:00:00,1.1987,1.1988,1.194,1.1963,505020.39
2023-07-27 14:00:00,1.1963,1.1963,1.1835,1.1854,807877.49
2023-07-27 15:00:00,1.1854,1.1884,1.1795,1.1828,602283.37
2023-07-27 16:00:00,1.1828,1.1871,1.1823,1.1851,46238.24
2023-07-27 17:00:00,1.1851,1.1865,1.1816,1.1817,53406.61
2023-07-27 18:00:00,1.1817,1.1818,1.1672,1.1691,375449.55
2023-07-27 19:00:00,1.1691,1.1725,1.1662,1.1711,87892.19
2023-07-27 20:00:00,1.1711,1.1728,1.1696,1.171,29211.19
2023-07-27 21:00:00,1.171,1.1731,1.1684,1.1706,67415.8
2023-07-27 22:00:00,1.1706,1.1722,1.169,1.1705,122565.62
2023-07-27 23:00:00,1.1705,1.1717,1.1677,1.1714,30343.04
2023-07-28 00:00:00,1.1714,1.1761,1.1686,1.1759,93267.53
2023-07-28 01:00:00,1.1759,1.1759,1.1718,1.173,27168.95
2023-07-28 02:00:00,1.173,1.1735,1.1679,1.1716,40715.41
2023-07-28 03:00:00,1.1716,1.1765,1.1696,1.1726,75261.38
2023-07-28 04:00:00,1.1726,1.1729,1.1681,1.1693,38831.57
2023-07-28 05:00:00,1.1693,1.1696,1.1572,1.162,443089.53
2023-07-28 06:00:00,1.162,1.1658,1.1591,1.161,252069.52
2023-07-28 07:00:00,1.161,1.1633,1.1573,1.1579,206908.26
2023-07-28 08:00:00,1.1579,1.1631,1.1542,1.1619,193147.72
2023-07-28 09:00:00,1.1619,1.1674,1.1595,1.1666,118665.88
2023-07-28 10:00:00,1.1666,1.167,1.1636,1.1654,47450.64
2023-07-28 11:00:00,1.1654,1.1666,1.1633,1.1635,84379.0
2023-07-28 12:00:00,1.1635,1.1718,1.163,1.1716,161633.19
2023-07-28 13:00:00,1.1716,1.1719,1.1669,1.1698,95342.45
2023-07-28 14:00:00,1.1698,1.1784,1.1696,1.1765,244518.18
2023-07-28 15:00:00,1.1765,1.1795,1.1723,1.1728,183068.91
2023-07-28 16:00:00,1.1728,1.178,1.1693,1.1749,148160.22
2023-07-28 17:00:00,1.1749,1.1757,1.1645,1.1684,536202.15
2023-07-28 18:00:00,1.1684,1.1718,1.1679,1.1713,27139.11
2023-07-28 19:00:00,1.1713,1.173,1.1699,1.1723,93215.75
2023-07-28 20:00:00,1.1723,1.173,1.1708,1.1726,21494.64
2023-07-28 21:00:00,1.1726,1.1763,1.1721,1.176,100335.29
2023-07-28 22:00:00,1.176,1.1776,1.173,1.173,23709.08
2023-07-28 23:00:00,1.173,1.1748,1.1714,1.172,23511.29
2023-07-29 00:00:00,1.172,1.1759,1.17,1.1742,213680.73
2023-07-29 01:00:00,1.1742,1.1776,1.173,1.1771,25016.54
2023-07-29 02:00:00,1.1771,1.1785,1.1746,1.1785,48016.8
2023-07-29 03:00:00,1.1785,1.1789,1.1754,1.1756,24962.63
2023-07-29 04:00:00,1.1756,1.1791,1.1756,1.178,59950.53
2023-07-29 05:00:00,1.178,1.1785,1.1761,1.1781,90221.91
2023-07-29 06:00:00,1.1781,1.1781,1.1745,1.1764,42930.11
2023-07-29 07:00:00,1.1764,1.1775,1.173,1.1736,35788.81
2023-07-29 08:00:00,1.1736,1.176,1.1709,1.1726,52633.17
2023-07-29 09:00:00,1.1726,1.176,1.1716,1.1744,54583.9
2023-07-29 10:00:00,1.1744,1.1757,1.1729,1.1732,30163.36
2023-07-29 11:00:00,1.1732,1.1771,1.1725,1.1728,64474.64
2023-07-29 12:00:00,1.1728,1.1771,1.1728,1.174,48337.97
2023-07-29 13:00:00,1.174,1.1769,1.1737,1.1752,39444.57
2023-07-29 14:00:00,1.1752,1.1764,1.1727,1.1731,51052.23
2023-07-29 15:00:00,1.1731,1.1743,1.1724,1.1728,106319.26
2023-07-29 16:00:00,1.1728,1.1737,1.1701,1.1737,225728.88
2023-07-29 17:00:00,1.1737,1.1798,1.173,1.178,113232.88
2023-07-29 18:00:00,1.178,1.179,1.1734,1.1751,154090.43
2023-07-29 19:00:00,1.1751,1.178,1.1749,1.1776,36967.17
2023-07-29 20:00:00,1.1776,1.1804,1.1772,1.1793,55746.76
2023-07-29 21:00:00,1.1793,1.181,1.1788,1.1796,73752.58
2023-07-29 22:00:00,1.1796,1.1826,1.1796,1.1802,45794.57
2023-07-29 23:00:00,1.1802,1.182,1.1798,1.1806,24969.83
2023-07-30 00:00:00,1.1806,1.1811,1.1771,1.1809,69153.71
2023-07-30 01:00:00,1.1809,1.1818,1.176,1.1767,111660.77
2023-07-30 02:00:00,1.1767,1.1777,1.1754,1.1754,76317.8
2023-07-30 03:00:00,1.1754,1.1811,1.175,1.1807,87836.1
2023-07-30 04:00:00,1.1807,1.185,1.1792,1.1846,220726.57
2023-07-30 05:00:00,1.1846,1.1879,1.182,1.1867,143719.62
2023-07-30 06:00:00,1.1867,1.1872,1.1778,1.1794,178477.97
2023-07-30 07:00:00,1.1794,1.1833,1.1789,1.179,86593.94
2023-07-30 08:00:00,1.179,1.1804,1.1781,1.1784,26133.43
2023-07-30 09:00:00,1.1784,1.1784,1.1729,1.1766,301935.36
2023-07-30 10:00:00,1.1766,1.178,1.1712,1.173,176121.59
2023-07-30 11:00:00,1.173,1.1768,1.1719,1.1751,98337.49
2023-07-30 12:00:00,1.1751,1.1777,1.1738,1.1762,299184.33
2023-07-30 13:00:00,1.1762,1.1762,1.1685,1.1711,364257.65
2023-07-30 14:00:00,1.1711,1.1803,1.1705,1.1788,250591.27
2023-07-30 15:00:00,1.1788,1.1826,1.1736,1.1749,209350.46
2023-07-30 16:00:00,1.1749,1.1771,1.1718,1.1741,176696.66
2023-07-30 17:00:00,1.1741,1.1752,1.173,1.1751,12880.73
2023-07-30 18:00:00,1.1751,1.1753,1.1714,1.1728,60432.24
2023-07-30 19:00:00,1.1728,1.1733,1.155,1.1577,371302.95
2023-07-30 20:00:00,1.1577,1.1577,1.1357,1.1554,1334566.86
2023-07-30 21:00:00,1.1554,1.156,1.1496,1.1548,49195.62
2023-07-30 22:00:00,1.1548,1.1548,1.1493,1.1493,53187.98
2023-07-30 23:00:00,1.1493,1.1589,1.1493,1.157,133722.33
2023-07-31 00:00:00,1.157,1.1699,1.1523,1.1695,201181.2
2023-07-31 01:00:00,1.1695,1.1718,1.1627,1.1718,177416.6
2023-07-31 02:00:00,1.1718,1.177,1.1718,1.1737,54318.4
2023-07-31 03:00:00,1.1737,1.1747,1.1657,1.1662,185053.92
2023-07-31 04:00:00,1.1662,1.1682,1.1593,1.161,91844.04
2023-07-31 05:00:00,1.161,1.1656,1.1609,1.1622,47101.72
2023-07-31 06:00:00,1.1622,1.1704,1.1619,1.17,124979.5
2023-07-31 07:00:00,1.17,1.1727,1.1672,1.1676,158611.67
2023-07-31 08:00:00,1.1676,1.1766,1.1662,1.1765,181242.51
2023-07-31 09:00:00,1.1765,1.1776,1.1701,1.1739,246150.4
2023-07-31 10:00:00,1.1739,1.1818,1.1734,1.1771,155415.73
2023-07-31 11:00:00,1.1771,1.1841,1.1771,1.1837,174011.84
2023-07-31 12:00:00,1.1837,1.1943,1.18,1.1881,600848.3
2023-07-31 13:00:00,1.1881,1.1881,1.1715,1.1768,923691.38
2023-07-31 14:00:00,1.1768,1.1821,1.1727,1.1728,391455.13
2023-07-31 15:00:00,1.1728,1.1755,1.1675,1.1687,250898.54
2023-07-31 16:00:00,1.1687,1.178,1.1668,1.1741,128625.85
2023-07-31 17:00:00,1.1741,1.1804,1.1726,1.1785,118748.36
2023-07-31 18:00:00,1.1785,1.1785,1.1735,1.1747,91602.74
2023-07-31 19:00:00,1.1747,1.176,1.1615,1.1644,150316.55
2023-07-31 20:00:00,1.1644,1.1668,1.1537,1.1575,238704.55
2023-07-31 21:00:00,1.1575,1.1652,1.155,1.1646,174240.69
2023-07-31 22:00:00,1.1646,1.1703,1.1635,1.1698,43814.31
2023-07-31 23:00:00,1.1698,1.171,1.1663,1.168,90083.5
2023-08-01 00:00:00,1.168,1.1727,1.165,1.172,172171.09
2023-08-01 01:00:00,1.172,1.1739,1.1567,1.1579,100233.98
2023-08-01 02:00:00,1.1579,1.1591,1.1286,1.1471,714315.58
2023-08-01 03:00:00,1.1471,1.1478,1.1342,1.1357,372988.3
2023-08-01 04:00:00,1.1357,1.1404,1.1343,1.1356,110310.83
2023-08-01 05:00:00,1.1356,1.1409,1.1345,1.1405,76257.6
2023-08-01 06:00:00,1.1405,1.146,1.1381,1.1435,95878.51
2023-08-01 07:00:00,1.1435,1.146,1.1412,1.1456,71599.33
2023-08-01 08:00:00,1.1456,1.1478,1.1423,1.1465,155169.2
2023-08-01 09:00:00,1.1465,1.1465,1.141,1.1423,84143.19
2023-08-01 10:00:00,1.1423,1.1424,1.14,1.1401,234319.18
2023-08-01 11:00:00,1.1401,1.1414,1.135,1.1357,150025.94
2023-08-01 12:00:00,1.1357,1.1408,1.1306,1.1397,384620.23
2023-08-01 13:00:00,1.1397,1.142,1.1383,1.1397,99720.05
2023-08-01 14:00:00,1.1397,1.1427,1.132,1.1338,152361.13
2023-08-01 15:00:00,1.1338,1.1413,1.1191,1.1401,1034469.13
2023-08-01 16:00:00,1.1401,1.1467,1.1352,1.1419,253780.73
2023-08-01 17:00:00,1.1419,1.147,1.1418,1.1428,175783.0
2023-08-01 18:00:00,1.1428,1.1507,1.1428,1.1503,223138.76
2023-08-01 19:00:00,1.1503,1.1524,1.1479,1.1498,128156.52
2023-08-01 20:00:00,1.1498,1.1509,1.1453,1.1465,95447.88
2023-08-01 21:00:00,1.1465,1.1489,1.1445,1.1463,40935.33
2023-08-01 22:00:00,1.1463,1.1488,1.1441,1.1484,58062.6
2023-08-01 23:00:00,1.1484,1.1618,1.1481,1.161,161987.61
2023-08-02 00:00:00,1.161,1.1635,1.1588,1.16,193754.03
2023-08-02 01:00:00,1.16,1.1728,1.1588,1.1657,324344.15
2023-08-02 02:00:00,1.1657,1.1693,1.1628,1.1676,57040.08
2023-08-02 03:00:00,1.1676,1.1676,1.1553,1.1554,89766.73
2023-08-02 04:00:00,1.1554,1.1599,1.1527,1.1577,132527.72
2023-08-02 05:00:00,1.1577,1.1577,1.1516,1.1539,42123.21
2023-08-02 06:00:00,1.1539,1.1553,1.1485,1.1487,129820.16
2023-08-02 07:00:00,1.1487,1.155,1.1455,1.1478,68584.97
2023-08-02 08:00:00,1.1478,1.1516,1.1443,1.1485,93831.63
2023-08-02 09:00:00,1.1485,1.1496,1.1453,1.1456,80435.81
2023-08-02 10:00:00,1.1456,1.1504,1.145,1.1502,49173.31
2023-08-02 11:00:00,1.1502,1.1505,1.148,1.1493,43820.17
2023-08-02 12:00:00,1.1493,1.1506,1.1413,1.1441,201783.18
2023-08-02 13:00:00,1.1441,1.1462,1.1417,1.1451,197983.17
2023-08-02 14:00:00,1.1451,1.146,1.1326,1.1359,372083.28
2023-08-02 15:00:00,1.1359,1.1405,1.131,1.1399,283567.73
2023-08-02 16:00:00,1.1399,1.1406,1.1229,1.1277,341521.79
2023-08-02 17:00:00,1.1277,1.1343,1.1256,1.1312,199981.22
2023-08-02 18:00:00,1.1312,1.1346,1.1284,1.1311,136949.07
2023-08-02 19:00:00,1.1311,1.1365,1.1301,1.1346,48860.76
2023-08-02 20:00:00,1.1346,1.1371,1.1326,1.1343,43403.5
2023-08-02 21:00:00,1.1343,1.1344,1.1294,1.1337,89987.03
2023-08-02 22:00:00,1.1337,1.1379,1.1334,1.1343,65343.15
2023-08-02 23:00:00,1.1343,1.1348,1.13,1.132,45610.34
2023-08-03 00:00:00,1.132,1.1372,1.1301,1.1302,66279.53
2023-08-03 01:00:00,1.1302,1.1373,1.1287,1.1367,98221.36
2023-08-03 02:00:00,1.1367,1.1374,1.1312,1.1338,35030.03
2023-08-03 03:00:00,1.1338,1.1346,1.1303,1.132,51146.82
2023-08-03 04:00:00,1.132,1.1321,1.1276,1.1311,58777.35
2023-08-03 05:00:00,1.1311,1.1316,1.1265,1.1299,106524.54
2023-08-03 06:00:00,1.1299,1.1304,1.1229,1.1247,369313.61
2023-08-03 07:00:00,1.1247,1.1265,1.1174,1.1253,387227.89
2023-08-03 08:00:00,1.1253,1.1278,1.1204,1.1251,125833.12
2023-08-03 09:00:00,1.1251,1.1288,1.124,1.1262,105412.35
2023-08-03 10:00:00,1.1262,1.1304,1.1261,1.1301,49975.52
2023-08-03 11:00:00,1.1301,1.1327,1.1276,1.1308,212961.19
2023-08-03 12:00:00,1.1308,1.1321,1.1268,1.1284,90565.0
2023-08-03 13:00:00,1.1284,1.1363,1.1284,1.1345,74353.1
2023-08-03 14:00:00,1.1345,1.143,1.1343,1.142,136864.59
2023-08-03 15:00:00,1.142,1.143,1.1329,1.1388,103472.09
2023-08-03 16:00:00,1.1388,1.1474,1.1386,1.1466,79347.38
2023-08-03 17:00:00,1.1466,1.149,1.1362,1.137,215996.91
2023-08-03 18:00:00,1.137,1.138,1.1338,1.1362,111527.31
2023-08-03 19:00:00,1.1362,1.1366,1.1327,1.1362,59935.08
2023-08-03 20:00:00,1.1362,1.1417,1.136,1.136,102434.26
2023-08-03 21:00:00,1.136,1.1388,1.1313,1.1327,23422.51
2023-08-03 22:00:00,1.1327,1.1334,1.1221,1.1308,194157.69
2023-08-03 23:00:00,1.1308,1.1318,1.1264,1.1281,23723.88
2023-08-04 00:00:00,1.1281,1.135,1.127,1.1342,67252.84
2023-08-04 01:00:00,1.1342,1.1365,1.1319,1.1327,126008.77
2023-08-04 02:00:00,1.1327,1.1375,1.1312,1.1356,249648.8
2023-08-04 03:00:00,1.1356,1.1393,1.1338,1.1364,502337.95
2023-08-04 04:00:00,1.1364,1.1387,1.1323,1.1387,149741.17
2023-08-04 05:00:00,1.1387,1.1401,1.1371,1.1373,417098.34
2023-08-04 06:00:00,1.1373,1.143,1.1373,1.1378,109787.93
2023-08-04 07:00:00,1.1378,1.1441,1.1368,1.1438,186139.31
2023-08-04 08:00:00,1.1438,1.1479,1.1423,1.1435,284584.34
2023-08-04 09:00:00,1.1435,1.1478,1.1421,1.1473,170226.17
2023-08-04 10:00:00,1.1473,1.1493,1.1421,1.1422,219591.64
2023-08-04 11:00:00,1.1422,1.1446,1.1409,1.1431,201912.12
2023-08-04 12:00:00,1.1431,1.1513,1.1427,1.1492,415594.98
2023-08-04 13:00:00,1.1492,1.1604,1.1492,1.1542,592293.95
2023-08-04 14:00:00,1.1542,1.1622,1.1501,1.1599,642893.95
2023-08-04 15:00:00,1.1599,1.1606,1.1551,1.1574,287683.23
2023-08-04 16:00:00,1.1574,1.163,1.1574,1.1627,374604.19
2023-08-04 17:00:00,1.1627,1.1653,1.156,1.1572,408862.17
2023-08-04 18:00:00,1.1572,1.1592,1.1493,1.1572,865162.87
2023-08-04 19:00:00,1.1572,1.1596,1.1503,1.1512,111457.09
2023-08-04 20:00:00,1.1512,1.1558,1.1422,1.1459,702601.76
2023-08-04 21:00:00,1.1459,1.1534,1.1452,1.1482,348845.25
2023-08-04 22:00:00,1.1482,1.1545,1.1482,1.151,297345.18
2023-08-04 23:00:00,1.151,1.1571,1.1506,1.1559,402878.3
2023-08-05 00:00:00,1.1559,1.1581,1.1522,1.1552,244914.23
2023-08-05 01:00:00,1.1552,1.1563,1.1416,1.1427,527732.39
2023-08-05 02:00:00,1.1427,1.1513,1.1421,1.1509,195473.36
2023-08-05 03:00:00,1.1509,1.1529,1.1501,1.1517,146545.89
2023-08-05 04:00:00,1.1517,1.1522,1.1451,1.1473,148128.7
2023-08-05 05:00:00,1.1473,1.1556,1.145,1.1552,159471.27
2023-08-05 06:00:00,1.1552,1.1557,1.1523,1.1534,144784.12
2023-08-05 07:00:00,1.1534,1.1534,1.1499,1.1509,87688.9
2023-08-05 08:00:00,1.1509,1.1539,1.1486,1.153,187533.79
2023-08-05 09:00:00,1.153,1.1556,1.1514,1.1521,238182.73
2023-08-05 10:00:00,1.1521,1.1534,1.1486,1.1502,54448.52
2023-08-05 11:00:00,1.1502,1.1533,1.1486,1.1488,41656.6
2023-08-05 12:00:00,1.1488,1.1488,1.1413,1.143,802029.05
2023-08-05 13:00:00,1.143,1.1445,1.1402,1.1424,235117.52
2023-08-05 14:00:00,1.1424,1.1458,1.1411,1.1447,300682.74
2023-08-05 15:00:00,1.1447,1.1452,1.1356,1.1372,192372.84
2023-08-05 16:00:00,1.1372,1.1401,1.1308,1.1344,423363.96
2023-08-05 17:00:00,1.1344,1.1401,1.1343,1.138,133237.04
2023-08-05 18:00:00,1.138,1.1419,1.1371,1.1401,99418.15
2023-08-05 19:00:00,1.1401,1.1415,1.1381,1.1389,82979.3
2023-08-05 20:00:00,1.1389,1.1393,1.1357,1.1362,43605.45
2023-08-05 21:00:00,1.1362,1.139,1.1353,1.1356,34822.82
2023-08-05 22:00:00,1.1356,1.1394,1.135,1.1391,22972.0
2023-08-05 23:00:00,1.1391,1.1394,1.1355,1.1357,39942.48
2023-08-06 00:00:00,1.1357,1.1386,1.1337,1.1366,56850.59
2023-08-06 01:00:00,1.1366,1.1374,1.1342,1.1344,80135.54
2023-08-06 02:00:00,1.1344,1.1455,1.1343,1.1421,123384.75
2023-08-06 03:00:00,1.1421,1.143,1.1388,1.141,79647.09
2023-08-06 04:00:00,1.141,1.1431,1.1396,1.1424,43164.57
2023-08-06 05:00:00,1.1424,1.1456,1.1418,1.1455,28511.71
2023-08-06 06:00:00,1.1455,1.1458,1.1392,1.14,97215.73
2023-08-06 07:00:00,1.14,1.1422,1.1391,1.1409,20401.65
2023-08-06 08:00:00,1.1409,1.144,1.1393,1.1431,165394.8
2023-08-06 09:00:00,1.1431,1.1435,1.1371,1.14,93923.64
2023-08-06 10:00:00,1.14,1.1404,1.1333,1.1362,118493.21
2023-08-06 11:00:00,1.1362,1.1397,1.1355,1.1385,61591.47
2023-08-06 12:00:00,1.1385,1.1392,1.135,1.1357,176943.27
2023-08-06 13:00:00,1.1357,1.1361,1.1331,1.1331,297714.63
2023-08-06 14:00:00,1.1331,1.1335,1.1271,1.132,563861.22
2023-08-06 15:00:00,1.132,1.1351,1.1302,1.1316,123483.45
2023-08-06 16:00:00,1.1316,1.1407,1.1291,1.1401,107036.21
2023-08-06 17:00:00,1.1401,1.1407,1.1345,1.1352,197817.39
2023-08-06 18:00:00,1.1352,1.1392,1.1352,1.1389,53241.86
2023-08-06 19:00:00,1.1389,1.1397,1.1369,1.1381,81782.5
2023-08-06 20:00:00,1.1381,1.1398,1.1349,1.1383,26187.36
2023-08-06 21:00:00,1.1383,1.1425,1.1342,1.1351,68667.16
2023-08-06 22:00:00,1.1351,1.1409,1.1341,1.1359,42656.22
2023-08-06 23:00:00,1.1359,1.1371,1.1341,1.1368,27950.97
2023-08-07 00:00:00,1.1368,1.1402,1.1334,1.1344,60632.43
2023-08-07 01:00:00,1.1344,1.1468,1.1344,1.1434,172832.14
2023-08-07 02:00:00,1.1434,1.1509,1.143,1.15,303473.78
2023-08-07 03:00:00,1.15,1.1531,1.1451,1.1458,157751.24
2023-08-07 04:00:00,1.1458,1.1502,1.1451,1.1479,54602.68
2023-08-07 05:00:00,1.1479,1.1483,1.1411,1.1414,117797.11
2023-08-07 06:00:00,1.1414,1.1423,1.1355,1.1358,109898.98
2023-08-07 07:00:00,1.1358,1.1408,1.1353,1.1403,202951.02
2023-08-07 08:00:00,1.1403,1.1415,1.1369,1.1374,33444.66
2023-08-07 09:00:00,1.1374,1.1407,1.136,1.1396,20778.24
2023-08-07 10:00:00,1.1396,1.1444,1.1395,1.1444,63464.28
2023-08-07 11:00:00,1.1444,1.1449,1.141,1.1421,40021.32
2023-08-07 12:00:00,1.1421,1.1425,1.1367,1.1391,159976.27
2023-08-07 13:00:00,1.1391,1.1398,1.1324,1.1324,95721.87
2023-08-07 14:00:00,1.1324,1.1342,1.1281,1.1308,214927.86
2023-08-07 15:00:00,1.1308,1.132,1.1232,1.127,528537.42
2023-08-07 16:00:00,1.127,1.1294,1.1099,1.1244,948120.41
2023-08-07 17:00:00,1.1244,1.127,1.1194,1.1267,73290.66
2023-08-07 18:00:00,1.1267,1.1329,1.1254,1.1267,337728.59
2023-08-07 19:00:00,1.1267,1.1314,1.1248,1.131,55829.8
2023-08-07 20:00:00,1.131,1.1329,1.1283,1.1328,139564.73
2023-08-07 21:00:00,1.1328,1.1336,1.1297,1.1305,154166.48
2023-08-07 22:00:00,1.1305,1.1375,1.1305,1.1333,304563.35
2023-08-07 23:00:00,1.1333,1.1348,1.1292,1.1332,218862.52
2023-08-08 00:00:00,1.1332,1.1386,1.1322,1.1382,126323.64
2023-08-08 01:00:00,1.1382,1.1384,1.1308,1.1316,98290.5
2023-08-08 02:00:00,1.1316,1.1374,1.1301,1.1353,61096.01
2023-08-08 03:00:00,1.1353,1.1383,1.1351,1.1377,78252.33
2023-08-08 04:00:00,1.1377,1.1433,1.1375,1.1433,205754.54
2023-08-08 05:00:00,1.1433,1.1475,1.1396,1.144,311002.3
2023-08-08 06:00:00,1.144,1.1451,1.1402,1.1402,59854.7
2023-08-08 07:00:00,1.1402,1.1417,1.1365,1.1372,85590.47
2023-08-08 08:00:00,1.1372,1.1394,1.1356,1.1357,30404.25
2023-08-08 09:00:00,1.1357,1.1371,1.1321,1.1332,76822.32
2023-08-08 10:00:00,1.1332,1.1394,1.1329,1.1392,63213.53
2023-08-08 11:00:00,1.1392,1.1445,1.1362,1.1445,91601.23
2023-08-08 12:00:00,1.1445,1.147,1.1389,1.1465,269639.47
2023-08-08 13:00:00,1.1465,1.1505,1.1379,1.1384,711616.16
2023-08-08 14:00:00,1.1384,1.1446,1.1379,1.139,156171.56
2023-08-08 15:00:00,1.139,1.1487,1.1383,1.1435,296019.61
2023-08-08 16:00:00,1.1435,1.155,1.1434,1.1515,416552.38
2023-08-08 17:00:00,1.1515,1.154,1.1466,1.1526,297057.64
2023-08-08 18:00:00,1.1526,1.1634,1.1523,1.1579,1371665.27
2023-08-08 19:00:00,1.1579,1.1662,1.1579,1.1627,157888.8
2023-08-08 20:00:00,1.1627,1.1711,1.1618,1.1661,176766.46
2023-08-08 21:00:00,1.1661,1.1721,1.158,1.159,317541.67
2023-08-08 22:00:00,1.159,1.161,1.1544,1.1559,106536.81
2023-08-08 23:00:00,1.1559,1.1613,1.1559,1.1586,114235.68
2023-08-09 00:00:00,1.1586,1.1676,1.1583,1.1648,92500.2
2023-08-09 01:00:00,1.1648,1.1733,1.1645,1.1692,198095.45
2023-08-09 02:00:00,1.1692,1.1708,1.1613,1.1659,94095.47
2023-08-09 03:00:00,1.1659,1.1761,1.1658,1.1697,463102.74
2023-08-09 04:00:00,1.1697,1.1771,1.1694,1.1731,159816.83
2023-08-09 05:00:00,1.1731,1.1734,1.1688,1.171,83846.98
2023-08-09 06:00:00,1.171,1.1723,1.1672,1.1704,131082.19
2023-08-09 07:00:00,1.1704,1.173,1.1696,1.1711,82013.39
2023-08-09 08:00:00,1.1711,1.1768,1.1711,1.1764,139618.05
2023-08-09 09:00:00,1.1764,1.1768,1.1702,1.1708,88489.61
2023-08-09 10:00:00,1.1708,1.1749,1.1697,1.1741,111826.95
2023-08-09 11:00:00,1.1741,1.1755,1.1688,1.1691,330988.67
2023-08-09 12:00:00,1.1691,1.1845,1.1675,1.1807,454414.25
2023-08-09 13:00:00,1.1807,1.1863,1.175,1.181,932307.71
2023-08-09 14:00:00,1.181,1.1861,1.1718,1.1718,426134.29
2023-08-09 15:00:00,1.1718,1.1815,1.1717,1.1814,246378.6
2023-08-09 16:00:00,1.1814,1.1883,1.1771,1.1824,1176381.37
2023-08-09 17:00:00,1.1824,1.1941,1.1775,1.1794,836268.45
2023-08-09 18:00:00,1.1794,1.1853,1.1776,1.1797,361092.94
2023-08-09 19:00:00,1.1797,1.1816,1.1737,1.1747,167237.17
2023-08-09 20:00:00,1.1747,1.1772,1.1733,1.1754,120668.91
2023-08-09 21:00:00,1.1754,1.181,1.1661,1.1797,420294.0
2023-08-09 22:00:00,1.1797,1.1805,1.173,1.1749,74895.37
2023-08-09 23:00:00,1.1749,1.1783,1.1732,1.1752,1001278.7
2023-08-10 00:00:00,1.1752,1.182,1.1751,1.182,275522.45
2023-08-10 01:00:00,1.182,1.1857,1.1787,1.1842,218055.94
2023-08-10 02:00:00,1.1842,1.1875,1.1826,1.1829,351417.54
2023-08-10 03:00:00,1.1829,1.1837,1.1758,1.1762,205719.89
2023-08-10 04:00:00,1.1762,1.177,1.1725,1.1726,184559.42
2023-08-10 05:00:00,1.1726,1.1748,1.1688,1.1731,77614.12
2023-08-10 06:00:00,1.1731,1.1746,1.1682,1.1701,133987.58
2023-08-10 07:00:00,1.1701,1.1732,1.1682,1.1715,89230.31
2023-08-10 08:00:00,1.1715,1.1742,1.1685,1.172,279474.18
2023-08-10 09:00:00,1.172,1.1725,1.1666,1.1714,181332.63
2023-08-10 10:00:00,1.1714,1.1724,1.1683,1.1712,56067.92
2023-08-10 11:00:00,1.1712,1.1713,1.1659,1.166,168377.29
2023-08-10 12:00:00,1.166,1.1741,1.1641,1.1717,751720.62
2023-08-10 13:00:00,1.1717,1.1772,1.1693,1.1768,203493.67
2023-08-10 14:00:00,1.1768,1.1784,1.1658,1.1694,214713.36
2023-08-10 15:00:00,1.1694,1.1705,1.1657,1.1673,56026.71
2023-08-10 16:00:00,1.1673,1.1674,1.1603,1.1613,312646.02
2023-08-10 17:00:00,1.1613,1.1615,1.1573,1.1589,102559.68
2023-08-10 18:00:00,1.1589,1.1615,1.1584,1.1608,52249.7
2023-08-10 19:00:00,1.1608,1.1613,1.1571,1.1608,59340.16
2023-08-10 20:00:00,1.1608,1.1609,1.154,1.1549,79349.93
2023-08-10 21:00:00,1.1549,1.1581,1.1549,1.1566,111360.66
2023-08-10 22:00:00,1.1566,1.16,1.1557,1.159,82898.7
2023-08-10 23:00:00,1.159,1.1602,1.1584,1.1587,42006.94
2023-08-11 00:00:00,1.1587,1.1623,1.1584,1.1621,49340.77
2023-08-11 01:00:00,1.1621,1.1629,1.1568,1.1569,565306.34
2023-08-11 02:00:00,1.1569,1.1582,1.1523,1.1527,275918.23
2023-08-11 03:00:00,1.1527,1.157,1.1526,1.1565,127525.0
2023-08-11 04:00:00,1.1565,1.1585,1.1564,1.1583,170311.2
2023-08-11 05:00:00,1.1583,1.1592,1.1564,1.1592,49459.32
2023-08-11 06:00:00,1.1592,1.1592,1.1567,1.1592,47676.01
2023-08-11 07:00:00,1.1592,1.1595,1.1564,1.1564,32798.04
2023-08-11 08:00:00,1.1564,1.1579,1.1539,1.154,143906.88
2023-08-11 09:00:00,1.154,1.1557,1.1534,1.1537,80738.23
2023-08-11 10:00:00,1.1537,1.1562,1.1531,1.1541,63088.97
2023-08-11 11:00:00,1.1541,1.1563,1.154,1.156,113661.26
2023-08-11 12:00:00,1.156,1.1578,1.1538,1.1543,164694.42
2023-08-11 13:00:00,1.1543,1.1567,1.1542,1.1564,42263.5
2023-08-11 14:00:00,1.1564,1.162,1.1564,1.1596,173752.0
2023-08-11 15:00:00,1.1596,1.1608,1.1514,1.1528,191096.58
2023-08-11 16:00:00,1.1528,1.1555,1.1501,1.1531,62315.33
2023-08-11 17:00:00,1.1531,1.1549,1.1523,1.1537,40447.51
2023-08-11 18:00:00,1.1537,1.156,1.153,1.1558,42649.18
2023-08-11 19:00:00,1.1558,1.1561,1.1536,1.1556,56456.37
2023-08-11 20:00:00,1.1556,1.1569,1.1546,1.1566,67996.7
2023-08-11 21:00:00,1.1566,1.158,1.1564,1.1568,29351.95
2023-08-11 22:00:00,1.1568,1.1584,1.1559,1.1581,21944.05
2023-08-11 23:00:00,1.1581,1.1584,1.1569,1.1576,119939.13
2023-08-12 00:00:00,1.1576,1.1607,1.1558,1.1607,48552.96
2023-08-12 01:00:00,1.1607,1.1609,1.1575,1.1575,24410.68
2023-08-12 02:00:00,1.1575,1.1577,1.1545,1.1554,49784.96
2023-08-12 03:00:00,1.1554,1.1561,1.154,1.1548,45654.56
2023-08-12 04:00:00,1.1548,1.1556,1.1538,1.1553,23262.13
2023-08-12 05:00:00,1.1553,1.1561,1.1553,1.1554,20032.04
2023-08-12 06:00:00,1.1554,1.156,1.1545,1.1557,36666.3
2023-08-12 07:00:00,1.1557,1.1575,1.1553,1.1569,11834.6
2023-08-12 08:00:00,1.1569,1.1572,1.1544,1.1553,14334.43
2023-08-12 09:00:00,1.1553,1.1581,1.1549,1.1579,88513.14
2023-08-12 10:00:00,1.1579,1.1597,1.1578,1.1597,23295.86
2023-08-12 11:00:00,1.1597,1.1603,1.1584,1.1589,72806.41
2023-08-12 12:00:00,1.1589,1.1623,1.1589,1.1618,162527.59
2023-08-12 13:00:00,1.1618,1.1635,1.1617,1.1622,225138.67
2023-08-12 14:00:00,1.1622,1.1624,1.16,1.1618,219500.48
2023-08-12 15:00:00,1.1618,1.1675,1.1614,1.1621,355792.43
2023-08-12 16:00:00,1.1621,1.1661,1.1616,1.1643,60370.23
2023-08-12 17:00:00,1.1643,1.1643,1.1605,1.1608,194341.97
2023-08-12 18:00:00,1.1608,1.161,1.16,1.1607,47920.41
2023-08-12 19:00:00,1.1607,1.1608,1.159,1.1593,31462.41
2023-08-12 20:00:00,1.1593,1.1613,1.1588,1.1588,37205.89
2023-08-12 21:00:00,1.1588,1.1616,1.1585,1.1614,42541.82
2023-08-12 22:00:00,1.1614,1.1649,1.1613,1.1627,84257.36
2023-08-12 23:00:00,1.1627,1.1633,1.161,1.1626,80056.68
2023-08-13 00:00:00,1.1626,1.164,1.16,1.1639,67651.2
2023-08-13 01:00:00,1.1639,1.1667,1.1614,1.1661,146926.52
2023-08-13 02:00:00,1.1661,1.1669,1.1636,1.1636,200331.22
2023-08-13 03:00:00,1.1636,1.1642,1.162,1.1629,97229.74
2023-08-13 04:00:00,1.1629,1.1634,1.1618,1.1625,67047.42
2023-08-13 05:00:00,1.1625,1.1625,1.16,1.1601,56343.4
2023-08-13 06:00:00,1.1601,1.1618,1.16,1.1614,42855.62
2023-08-13 07:00:00,1.1614,1.162,1.1611,1.1616,30749.88
2023-08-13 08:00:00,1.1616,1.165,1.1614,1.1647,55097.6
2023-08-13 09:00:00,1.1647,1.1649,1.1624,1.1633,41774.69
2023-08-13 10:00:00,1.1633,1.1662,1.1619,1.1641,72924.31
2023-08-13 11:00:00,1.1641,1.1641,1.1585,1.16,121328.37
2023-08-13 12:00:00,1.16,1.1634,1.1598,1.1621,43951.01
2023-08-13 13:00:00,1.1621,1.1622,1.1551,1.1555,213202.83
2023-08-13 14:00:00,1.1555,1.1583,1.1554,1.1565,66844.76
2023-08-13 15:00:00,1.1565,1.1566,1.1526,1.153,102014.63
2023-08-13 16:00:00,1.153,1.1542,1.151,1.1534,256698.44
2023-08-13 17:00:00,1.1534,1.1561,1.1534,1.1557,109212.1
2023-08-13 18:00:00,1.1557,1.1573,1.1548,1.1572,55665.59
2023-08-13 19:00:00,1.1572,1.1591,1.1571,1.1579,25334.47
2023-08-13 20:00:00,1.1579,1.1589,1.1554,1.1558,150816.18
2023-08-13 21:00:00,1.1558,1.1562,1.1517,1.1534,37951.96
2023-08-13 22:00:00,1.1534,1.154,1.1382,1.1411,540325.23
2023-08-13 23:00:00,1.1411,1.1431,1.14,1.1401,158829.83
2023-08-14 00:00:00,1.1401,1.1432,1.1371,1.1424,109341.29
2023-08-14 01:00:00,1.1424,1.143,1.14,1.14,45327.68
2023-08-14 02:00:00,1.14,1.1436,1.1308,1.1398,379746.66
2023-08-14 03:00:00,1.1398,1.1431,1.1393,1.1409,44505.56
2023-08-14 04:00:00,1.1409,1.1437,1.1405,1.1419,100429.62
2023-08-14 05:00:00,1.1419,1.1452,1.1418,1.1436,77084.28
2023-08-14 06:00:00,1.1436,1.1444,1.1393,1.1418,142542.49
2023-08-14 07:00:00,1.1418,1.1426,1.139,1.1426,47315.27
2023-08-14 08:00:00,1.1426,1.146,1.1424,1.1436,187631.4
2023-08-14 09:00:00,1.1436,1.144,1.1411,1.1423,132364.31
2023-08-14 10:00:00,1.1423,1.1434,1.1408,1.1434,68635.04
2023-08-14 11:00:00,1.1434,1.1434,1.14,1.1409,155353.62
2023-08-14 12:00:00,1.1409,1.1422,1.1356,1.1421,98084.72
2023-08-14 13:00:00,1.1421,1.1422,1.1391,1.1416,78037.59
2023-08-14 14:00:00,1.1416,1.1478,1.1414,1.1469,123503.03
2023-08-14 15:00:00,1.1469,1.152,1.1449,1.1479,174234.41
2023-08-14 16:00:00,1.1479,1.1491,1.1434,1.1455,319636.62
2023-08-14 17:00:00,1.1455,1.1461,1.1382,1.1385,186266.2
2023-08-14 18:00:00,1.1385,1.1393,1.1322,1.1361,419533.69
2023-08-14 19:00:00,1.1361,1.1392,1.1344,1.1376,29237.45
2023-08-14 20:00:00,1.1376,1.1407,1.137,1.1399,11094.18
2023-08-14 21:00:00,1.1399,1.1415,1.1391,1.1412,21780.68
2023-08-14 22:00:00,1.1412,1.1432,1.141,1.1416,18393.07
2023-08-14 23:00:00,1.1416,1.1428,1.1408,1.1409,12375.28
2023-08-15 00:00:00,1.1409,1.1435,1.14,1.1435,36456.68
2023-08-15 01:00:00,1.1435,1.144,1.1388,1.1401,33232.32
2023-08-15 02:00:00,1.1401,1.1424,1.1393,1.1398,18669.07
2023-08-15 03:00:00,1.1398,1.1406,1.1375,1.1399,14727.11
2023-08-15 04:00:00,1.1399,1.1412,1.1383,1.1396,289263.29
2023-08-15 05:00:00,1.1396,1.14,1.1358,1.1368,51034.22
2023-08-15 06:00:00,1.1368,1.14,1.1365,1.1398,50846.72
2023-08-15 07:00:00,1.1398,1.1405,1.1373,1.1397,79279.65
2023-08-15 08:00:00,1.1397,1.1421,1.1394,1.1394,96470.33
2023-08-15 09:00:00,1.1394,1.1411,1.1387,1.1402,26769.17
2023-08-15 10:00:00,1.1402,1.1402,1.1388,1.1389,20991.6
2023-08-15 11:00:00,1.1389,1.1397,1.136,1.1365,47845.77
2023-08-15 12:00:00,1.1365,1.1434,1.1349,1.1423,218976.69
2023-08-15 13:00:00,1.1423,1.1484,1.1421,1.1456,360154.49
2023-08-15 14:00:00,1.1456,1.1646,1.1426,1.1582,1133488.33
2023-08-15 15:00:00,1.1582,1.1611,1.1494,1.1503,626333.76
2023-08-15 16:00:00,1.1503,1.1541,1.1462,1.1473,189491.57
2023-08-15 17:00:00,1.1473,1.1519,1.1467,1.1519,98022.66
2023-08-15 18:00:00,1.1519,1.1533,1.1447,1.1524,469184.28
2023-08-15 19:00:00,1.1524,1.1531,1.1116,1.1345,1970361.19
2023-08-15 20:00:00,1.1345,1.1413,1.1296,1.1347,244353.52
2023-08-15 21:00:00,1.1347,1.135,1.126,1.1267,346156.99
2023-08-15 22:00:00,1.1267,1.1276,1.1208,1.126,473652.92
2023-08-15 23:00:00,1.126,1.1316,1.126,1.1289,124504.12
2023-08-16 00:00:00,1.1289,1.1342,1.1268,1.1287,144563.95
2023-08-16 01:00:00,1.1287,1.1326,1.127,1.1291,114496.81
2023-08-16 02:00:00,1.1291,1.1307,1.126,1.1294,35236.18
2023-08-16 03:00:00,1.1294,1.1305,1.1254,1.1256,150798.84
2023-08-16 04:00:00,1.1256,1.1302,1.1254,1.1287,181041.89
2023-08-16 05:00:00,1.1287,1.1289,1.1188,1.121,245604.63
2023-08-16 06:00:00,1.121,1.1221,1.117,1.1213,147624.84
2023-08-16 07:00:00,1.1213,1.1229,1.1187,1.1202,262125.49
2023-08-16 08:00:00,1.1202,1.1217,1.115,1.1198,91293.05
2023-08-16 09:00:00,1.1198,1.1205,1.0946,1.1018,2266879.11
2023-08-16 10:00:00,1.1018,1.1078,1.1003,1.1072,173454.47
2023-08-16 11:00:00,1.1072,1.1076,1.0987,1.1009,215761.7
2023-08-16 12:00:00,1.1009,1.1014,1.08,1.0899,1299485.38
2023-08-16 13:00:00,1.0899,1.0914,1.0748,1.0788,537580.11
2023-08-16 14:00:00,1.0788,1.0916,1.0764,1.0873,190799.68
2023-08-16 15:00:00,1.0873,1.0887,1.0774,1.0804,188465.76
2023-08-16 16:00:00,1.0804,1.0869,1.0712,1.0854,307047.8
2023-08-16 17:00:00,1.0854,1.0921,1.0818,1.0921,219710.74
2023-08-16 18:00:00,1.0921,1.0945,1.0871,1.0906,58104.46
2023-08-16 19:00:00,1.0906,1.0912,1.0858,1.0862,79348.58
2023-08-16 20:00:00,1.0862,1.0867,1.0486,1.0592,1374144.87
2023-08-16 21:00:00,1.0592,1.0592,1.0203,1.0328,1836698.67
2023-08-16 22:00:00,1.0328,1.0457,1.0326,1.0441,386317.64
2023-08-16 23:00:00,1.0441,1.0501,1.0385,1.0478,165363.77
2023-08-17 00:00:00,1.0478,1.0479,1.0215,1.0385,667331.06
2023-08-17 01:00:00,1.0385,1.0466,1.0372,1.0446,226986.31
2023-08-17 02:00:00,1.0446,1.0509,1.0438,1.0501,114468.64
2023-08-17 03:00:00,1.0501,1.0574,1.0464,1.0536,103488.58
2023-08-17 04:00:00,1.0536,1.0587,1.053,1.0587,39440.54
2023-08-17 05:00:00,1.0587,1.0662,1.0582,1.0657,137003.8
2023-08-17 06:00:00,1.0657,1.0661,1.0577,1.0597,176627.92
2023-08-17 07:00:00,1.0597,1.0597,1.0542,1.0554,94057.21
2023-08-17 08:00:00,1.0554,1.0555,1.0495,1.0496,140800.5
2023-08-17 09:00:00,1.0496,1.0547,1.0452,1.0455,1003055.86
2023-08-17 10:00:00,1.0455,1.0463,1.0386,1.0418,518281.04
2023-08-17 11:00:00,1.0418,1.043,1.0383,1.0421,58448.24
2023-08-17 12:00:00,1.0421,1.0471,1.0388,1.0439,195605.62
2023-08-17 13:00:00,1.0439,1.0521,1.04,1.0416,435184.97
2023-08-17 14:00:00,1.0416,1.0447,1.0305,1.0376,324674.57
2023-08-17 15:00:00,1.0376,1.0438,1.0137,1.0225,1039876.59
2023-08-17 16:00:00,1.0225,1.036,1.0117,1.028,713669.38
2023-08-17 17:00:00,1.028,1.035,1.0278,1.0337,102533.83
2023-08-17 18:00:00,1.0337,1.0372,1.0291,1.0308,92290.23
2023-08-17 19:00:00,1.0308,1.0367,1.0298,1.0348,41415.53
2023-08-17 20:00:00,1.0348,1.0366,1.015,1.0238,301733.63
2023-08-17 21:00:00,1.0238,1.0264,0.8906,0.9452,3966372.96
2023-08-17 22:00:00,0.9452,0.9932,0.9374,0.9911,1745912.93
2023-08-17 23:00:00,0.9911,0.992,0.9721,0.983,956271.39
2023-08-18 00:00:00,0.983,1.0013,0.9779,1.0013,517290.33
2023-08-18 01:00:00,1.0013,1.003,0.9934,0.9979,446323.02
2023-08-18 02:00:00,0.9979,1.0051,0.9896,0.99,153379.46
2023-08-18 03:00:00,0.99,0.9993,0.99,0.9979,62894.26
2023-08-18 04:00:00,0.9979,1.0001,0.9879,0.993,128987.9
2023-08-18 05:00:00,0.993,1.0062,0.9927,1.0042,113648.67
2023-08-18 06:00:00,1.0042,1.021,1.0036,1.0155,87900.75
2023-08-18 07:00:00,1.0155,1.0245,1.013,1.0194,93812.1
2023-08-18 08:00:00,1.0194,1.0228,1.0098,1.0178,96316.15
2023-08-18 09:00:00,1.0178,1.0179,1.0092,1.0094,83698.25
2023-08-18 10:00:00,1.0094,1.0131,1.0093,1.0111,56774.81
2023-08-18 11:00:00,1.0111,1.02,1.0107,1.0188,69379.01
2023-08-18 12:00:00,1.0188,1.02,1.0103,1.0103,84615.22
2023-08-18 13:00:00,1.0103,1.0119,1.0027,1.0042,229299.33
2023-08-18 14:00:00,1.0042,1.0052,0.9942,0.9951,469813.12
2023-08-18 15:00:00,0.9951,1.0025,0.9921,0.9927,489181.34
2023-08-18 16:00:00,0.9927,1.0013,0.992,0.9964,157549.37
2023-08-18 17:00:00,0.9964,1.0061,0.9816,1.0,368639.63
2023-08-18 18:00:00,1.0,1.0095,0.995,1.0029,82269.09
2023-08-18 19:00:00,1.0029,1.0059,0.998,0.9994,45942.61
2023-08-18 20:00:00,0.9994,1.0085,0.9994,1.0026,45024.62
2023-08-18 21:00:00,1.0026,1.0089,1.0026,1.005,18825.39
2023-08-18 22:00:00,1.005,1.009,1.0043,1.0069,38306.89
2023-08-18 23:00:00,1.0069,1.01,1.0028,1.0053,26322.26
2023-08-19 00:00:00,1.0053,1.0178,1.0038,1.0172,93909.7
2023-08-19 01:00:00,1.0172,1.0172,1.0076,1.0078,96900.62
2023-08-19 02:00:00,1.0078,1.0097,1.0044,1.0066,83648.04
2023-08-19 03:00:00,1.0066,1.009,1.0031,1.0084,31372.64
2023-08-19 04:00:00,1.0084,1.0146,1.0063,1.0131,27863.66
2023-08-19 05:00:00,1.0131,1.0131,1.0076,1.0082,45021.05
2023-08-19 06:00:00,1.0082,1.012,1.008,1.0092,27911.51
2023-08-19 07:00:00,1.0092,1.0119,1.0042,1.0107,55609.34
2023-08-19 08:00:00,1.0107,1.0165,1.0082,1.0112,79704.6
2023-08-19 09:00:00,1.0112,1.0153,1.0098,1.0142,23440.21
2023-08-19 10:00:00,1.0142,1.0152,1.012,1.0134,38888.59
2023-08-19 11:00:00,1.0134,1.0137,1.0099,1.0103,27338.91
2023-08-19 12:00:00,1.0103,1.0109,1.0079,1.0082,115077.53
2023-08-19 13:00:00,1.0082,1.0135,1.0079,1.0097,55132.59
2023-08-19 14:00:00,1.0097,1.0137,1.0094,1.0112,11897.14
2023-08-19 15:00:00,1.0112,1.0218,1.0097,1.0216,297019.65
2023-08-19 16:00:00,1.0216,1.0313,1.0177,1.0303,182570.22
2023-08-19 17:00:00,1.0303,1.0306,1.0181,1.0212,93173.64
2023-08-19 18:00:00,1.0212,1.0216,1.0181,1.0202,61881.95
2023-08-19 19:00:00,1.0202,1.0236,1.0189,1.0206,215686.66
2023-08-19 20:00:00,1.0206,1.0209,1.0105,1.017,76906.23
2023-08-19 21:00:00,1.017,1.0199,1.0162,1.018,27585.76
2023-08-19 22:00:00,1.018,1.0184,1.0132,1.0146,71070.69
2023-08-19 23:00:00,1.0146,1.0198,1.014,1.0197,57528.16
2023-08-20 00:00:00,1.0197,1.0274,1.0188,1.0269,130873.36
2023-08-20 01:00:00,1.0269,1.0279,1.0213,1.0236,68489.17
2023-08-20 02:00:00,1.0236,1.0251,1.0218,1.0243,21119.98
2023-08-20 03:00:00,1.0243,1.0244,1.0195,1.0195,49109.19
2023-08-20 04:00:00,1.0195,1.0229,1.0167,1.0167,230573.74
2023-08-20 05:00:00,1.0167,1.0205,1.0164,1.0168,81463.9
2023-08-20 06:00:00,1.0168,1.018,1.0147,1.0159,61749.65
2023-08-20 07:00:00,1.0159,1.021,1.0156,1.0209,35069.47
2023-08-20 08:00:00,1.0209,1.0244,1.0195,1.0238,45823.52
2023-08-20 09:00:00,1.0238,1.0275,1.0216,1.0265,250540.43
2023-08-20 10:00:00,1.0265,1.0334,1.0256,1.0329,425913.54
2023-08-20 11:00:00,1.0329,1.0363,1.0295,1.0329,60198.81
2023-08-20 12:00:00,1.0329,1.0388,1.0322,1.0367,266489.91
2023-08-20 13:00:00,1.0367,1.039,1.0303,1.0312,216393.47
2023-08-20 14:00:00,1.0312,1.0324,1.0249,1.0256,180804.38
2023-08-20 15:00:00,1.0256,1.032,1.0213,1.0283,203777.87
2023-08-20 16:00:00,1.0283,1.0303,1.0229,1.0255,59853.29
2023-08-20 17:00:00,1.0255,1.0347,1.0236,1.0321,77542.7
2023-08-20 18:00:00,1.0321,1.0343,1.0303,1.0309,191199.97
2023-08-20 19:00:00,1.0309,1.0321,1.0289,1.0317,40106.92
2023-08-20 20:00:00,1.0317,1.038,1.0315,1.037,62284.26
2023-08-20 21:00:00,1.037,1.0373,1.0278,1.0295,80859.46
2023-08-20 22:00:00,1.0295,1.0316,1.028,1.0301,39095.2
2023-08-20 23:00:00,1.0301,1.0308,1.0269,1.0276,181847.65
2023-08-21 00:00:00,1.0276,1.0323,1.0252,1.0313,119137.81
2023-08-21 01:00:00,1.0313,1.0317,1.0251,1.0269,41264.84
2023-08-21 02:00:00,1.0269,1.0282,1.0213,1.0224,93361.42
2023-08-21 03:00:00,1.0224,1.0236,1.0195,1.0196,73636.98
2023-08-21 04:00:00,1.0196,1.0202,1.0156,1.0162,252264.65
2023-08-21 05:00:00,1.0162,1.0286,1.016,1.0237,109832.49
2023-08-21 06:00:00,1.0237,1.0257,1.0136,1.0147,162739.72
2023-08-21 07:00:00,1.0147,1.0166,1.0128,1.0156,94843.38
2023-08-21 08:00:00,1.0156,1.0177,1.0115,1.0141,93371.12
2023-08-21 09:00:00,1.0141,1.0147,1.0056,1.0082,155632.58
2023-08-21 10:00:00,1.0082,1.0082,0.999,1.0016,174051.51
2023-08-21 11:00:00,1.0016,1.008,1.0005,1.0072,165687.71
2023-08-21 12:00:00,1.0072,1.0085,0.9991,0.9999,57705.02
2023-08-21 13:00:00,0.9999,1.0079,0.9913,1.0075,338198.0
2023-08-21 14:00:00,1.0075,1.0129,1.003,1.0096,306953.41
2023-08-21 15:00:00,1.0096,1.0105,0.9696,0.9851,634609.81
2023-08-21 16:00:00,0.9851,0.9913,0.9843,0.9858,77504.01
2023-08-21 17:00:00,0.9858,0.993,0.985,0.989,105496.43
2023-08-21 18:00:00,0.989,0.9901,0.9852,0.9871,60153.66
2023-08-21 19:00:00,0.9871,1.0005,0.9869,0.997,73938.86
2023-08-21 20:00:00,0.997,1.0006,0.9956,0.9974,36930.63
2023-08-21 21:00:00,0.9974,1.0019,0.9929,1.0013,92429.53
2023-08-21 22:00:00,1.0013,1.002,0.9957,0.9957,132540.3
2023-08-21 23:00:00,0.9957,0.9987,0.9922,0.9927,85482.71
2023-08-22 00:00:00,0.9927,0.997,0.9904,0.9931,117629.71
2023-08-22 01:00:00,0.9931,0.9948,0.9902,0.9913,68931.54
2023-08-22 02:00:00,0.9913,0.9969,0.9908,0.9954,76387.25
2023-08-22 03:00:00,0.9954,0.9955,0.9913,0.9945,90642.74
2023-08-22 04:00:00,0.9945,0.9946,0.9901,0.9922,64171.9
2023-08-22 05:00:00,0.9922,0.999,0.9917,0.9989,76704.35
2023-08-22 06:00:00,0.9989,1.0017,0.9961,1.0015,94704.4
2023-08-22 07:00:00,1.0015,1.003,1.0,1.0001,87738.37
2023-08-22 08:00:00,1.0001,1.0014,0.9974,0.9992,146668.96
2023-08-22 09:00:00,0.9992,1.0026,0.9986,0.9994,73821.65
2023-08-22 10:00:00,0.9994,0.9997,0.994,0.9956,96800.17
2023-08-22 11:00:00,0.9956,0.997,0.9921,0.9927,54926.64
2023-08-22 12:00:00,0.9927,0.9983,0.992,0.994,41799.74
2023-08-22 13:00:00,0.994,0.9943,0.9775,0.9789,410366.23
2023-08-22 14:00:00,0.9789,0.9847,0.9737,0.9749,225213.24
2023-08-22 15:00:00,0.9749,0.9821,0.9725,0.9755,167760.71
2023-08-22 16:00:00,0.9755,0.9766,0.9595,0.9718,419597.03
2023-08-22 17:00:00,0.9718,0.9735,0.9515,0.9546,855919.71
2023-08-22 18:00:00,0.9546,0.9678,0.9473,0.9652,250595.3
2023-08-22 19:00:00,0.9652,0.9687,0.9572,0.9582,59738.79
2023-08-22 20:00:00,0.9582,0.9679,0.9582,0.9679,22881.82
2023-08-22 21:00:00,0.9679,0.9685,0.9312,0.9514,502642.17
2023-08-22 22:00:00,0.9514,0.9699,0.9505,0.9689,88357.02
2023-08-22 23:00:00,0.9689,0.983,0.9687,0.9801,332454.71
2023-08-23 00:00:00,0.9801,0.9856,0.9791,0.9833,166040.84
2023-08-23 01:00:00,0.9833,0.99,0.9776,0.9863,137089.88
2023-08-23 02:00:00,0.9863,0.9893,0.9818,0.9823,131170.26
2023-08-23 03:00:00,0.9823,0.9844,0.9776,0.9781,61494.92
2023-08-23 04:00:00,0.9781,0.9826,0.9772,0.981,31029.88
2023-08-23 05:00:00,0.981,0.9816,0.9746,0.9787,106961.27
2023-08-23 06:00:00,0.9787,0.9875,0.978,0.9825,66517.01
2023-08-23 07:00:00,0.9825,0.9875,0.98,0.9869,50384.28
2023-08-23 08:00:00,0.9869,0.9924,0.9861,0.991,138458.39
2023-08-23 09:00:00,0.991,0.9966,0.991,0.9957,147578.21
2023-08-23 10:00:00,0.9957,0.9964,0.99,0.9917,80168.29
2023-08-23 11:00:00,0.9917,0.9936,0.9873,0.9875,115855.03
2023-08-23 12:00:00,0.9875,0.9917,0.9818,0.9831,118862.42
2023-08-23 13:00:00,0.9831,0.9929,0.9785,0.9927,174460.97
2023-08-23 14:00:00,0.9927,0.9975,0.9866,0.9956,176692.72
2023-08-23 15:00:00,0.9956,1.0003,0.994,0.9982,417957.81
2023-08-23 16:00:00,0.9982,1.0234,0.9981,1.0176,354914.44
2023-08-23 17:00:00,1.0176,1.0251,1.0137,1.0153,228258.73
2023-08-23 18:00:00,1.0153,1.0171,1.0074,1.0107,328106.05
2023-08-23 19:00:00,1.0107,1.0219,1.0098,1.0153,107546.38
2023-08-23 20:00:00,1.0153,1.0173,1.0101,1.0105,51030.18
2023-08-23 21:00:00,1.0105,1.0105,0.9942,0.9988,149103.37
2023-08-23 22:00:00,0.9988,1.004,0.9979,1.0017,65271.94
2023-08-23 23:00:00,1.0017,1.0075,1.0011,1.0075,51640.18
2023-08-24 00:00:00,1.0075,1.0107,1.0066,1.0097,52882.78
2023-08-24 01:00:00,1.0097,1.0105,1.0015,1.0018,57203.41
2023-08-24 02:00:00,1.0018,1.0055,1.0018,1.004,30196.7
2023-08-24 03:00:00,1.004,1.0084,1.0038,1.0084,29806.13
2023-08-24 04:00:00,1.0084,1.0087,1.0045,1.0078,16489.78
2023-08-24 05:00:00,1.0078,1.0116,1.0075,1.0078,83292.93
2023-08-24 06:00:00,1.0078,1.0128,1.0062,1.0092,74091.06
2023-08-24 07:00:00,1.0092,1.012,1.0084,1.0109,39409.1
2023-08-24 08:00:00,1.0109,1.0109,1.0043,1.0071,53495.46
2023-08-24 09:00:00,1.0071,1.0095,1.0005,1.0008,93271.84
2023-08-24 10:00:00,1.0008,1.0046,1.0008,1.0043,123721.43
2023-08-24 11:00:00,1.0043,1.008,1.0023,1.0023,116450.84
2023-08-24 12:00:00,1.0023,1.0024,0.9982,0.9992,152296.58
2023-08-24 13:00:00,0.9992,0.9999,0.9928,0.9972,282917.83
2023-08-24 14:00:00,0.9972,0.9976,0.9795,0.9809,333102.72
2023-08-24 15:00:00,0.9809,0.9832,0.9753,0.9756,500347.12
2023-08-24 16:00:00,0.9756,0.9816,0.9756,0.9781,137053.42
2023-08-24 17:00:00,0.9781,0.9781,0.9672,0.9763,337186.21
2023-08-24 18:00:00,0.9763,0.9766,0.971,0.972,57452.19
2023-08-24 19:00:00,0.972,0.9788,0.9719,0.9738,89531.17
2023-08-24 20:00:00,0.9738,0.9763,0.9617,0.9676,165764.23
2023-08-24 21:00:00,0.9676,0.9732,0.9661,0.9731,103639.63
2023-08-24 22:00:00,0.9731,0.9739,0.9705,0.9735,43594.54
2023-08-24 23:00:00,0.9735,0.9815,0.9701,0.9799,147581.04
2023-08-25 00:00:00,0.9799,0.9799,0.9675,0.968,189569.35
2023-08-25 01:00:00,0.968,0.9696,0.9629,0.9696,170439.93
2023-08-25 02:00:00,0.9696,0.971,0.9628,0.9631,126652.16
2023-08-25 03:00:00,0.9631,0.9646,0.9483,0.9603,367581.51
2023-08-25 04:00:00,0.9603,0.9604,0.9485,0.9541,161400.37
2023-08-25 05:00:00,0.9541,0.9624,0.9533,0.96,131147.07
2023-08-25 06:00:00,0.96,0.9602,0.9557,0.959,78097.43
2023-08-25 07:00:00,0.959,0.9595,0.9535,0.9537,145789.32
2023-08-25 08:00:00,0.9537,0.9613,0.9534,0.9587,63998.22
2023-08-25 09:00:00,0.9587,0.9631,0.956,0.9562,140746.66
2023-08-25 10:00:00,0.9562,0.9582,0.9516,0.953,128470.32
2023-08-25 11:00:00,0.953,0.9568,0.953,0.9552,120472.71
2023-08-25 12:00:00,0.9552,0.9584,0.9533,0.9539,59311.76
2023-08-25 13:00:00,0.9539,0.9593,0.9495,0.9498,157739.4
2023-08-25 14:00:00,0.9498,0.9645,0.9357,0.9384,546272.5
2023-08-25 15:00:00,0.9384,0.9505,0.9355,0.9388,336053.55
2023-08-25 16:00:00,0.9388,0.9446,0.9306,0.9341,511678.65
2023-08-25 17:00:00,0.9341,0.9379,0.9318,0.9349,53045.21
2023-08-25 18:00:00,0.9349,0.9426,0.9324,0.9416,56520.58
2023-08-25 19:00:00,0.9416,0.942,0.9346,0.9365,67336.79
2023-08-25 20:00:00,0.9365,0.9409,0.9346,0.9398,50269.34
2023-08-25 21:00:00,0.9398,0.9426,0.9369,0.942,93766.59
2023-08-25 22:00:00,0.942,0.9458,0.9392,0.9436,275707.89
2023-08-25 23:00:00,0.9436,0.9488,0.9427,0.948,36734.3
2023-08-26 00:00:00,0.948,0.9483,0.941,0.9419,86014.13
2023-08-26 01:00:00,0.9419,0.9479,0.9413,0.9447,29531.17
2023-08-26 02:00:00,0.9447,0.9493,0.9439,0.9484,72793.58
2023-08-26 03:00:00,0.9484,0.9541,0.9484,0.9524,64563.17
2023-08-26 04:00:00,0.9524,0.9529,0.9483,0.95,41869.91
2023-08-26 05:00:00,0.95,0.9507,0.9458,0.9458,38028.31
2023-08-26 06:00:00,0.9458,0.9491,0.9438,0.9489,67910.78
2023-08-26 07:00:00,0.9489,0.9499,0.945,0.9457,99534.07
2023-08-26 08:00:00,0.9457,0.9488,0.9415,0.944,143701.89
2023-08-26 09:00:00,0.944,0.944,0.9388,0.9405,248122.5
2023-08-26 10:00:00,0.9405,0.9445,0.9401,0.9441,195942.26
2023-08-26 11:00:00,0.9441,0.9441,0.9392,0.9406,115706.47
2023-08-26 12:00:00,0.9406,0.9406,0.9367,0.9378,99584.76
2023-08-26 13:00:00,0.9378,0.9407,0.9376,0.9407,31155.62
2023-08-26 14:00:00,0.9407,0.9497,0.9405,0.9497,130966.76
2023-08-26 15:00:00,0.9497,0.95,0.945,0.9476,39612.37
2023-08-26 16:00:00,0.9476,0.9491,0.9402,0.9416,203787.51
2023-08-26 17:00:00,0.9416,0.9429,0.9393,0.9422,42882.55
2023-08-26 18:00:00,0.9422,0.9433,0.9402,0.943,49117.75
2023-08-26 19:00:00,0.943,0.9463,0.9425,0.9457,55739.86
2023-08-26 20:00:00,0.9457,0.9489,0.9452,0.9478,19858.49
2023-08-26 21:00:00,0.9478,0.9498,0.9461,0.9495,66821.83
2023-08-26 22:00:00,0.9495,0.95,0.9473,0.949,36110.84
2023-08-26 23:00:00,0.949,0.9511,0.9479,0.9496,28419.24
2023-08-27 00:00:00,0.9496,0.9572,0.9483,0.9509,84530.24
2023-08-27 01:00:00,0.9509,0.9517,0.948,0.9496,38976.62
2023-08-27 02:00:00,0.9496,0.9516,0.945,0.9451,54254.48
2023-08-27 03:00:00,0.9451,0.9492,0.9451,0.9481,39841.03
2023-08-27 04:00:00,0.9481,0.9515,0.9479,0.9512,33493.48
2023-08-27 05:00:00,0.9512,0.9536,0.9503,0.9528,59349.75
2023-08-27 06:00:00,0.9528,0.9537,0.9501,0.9533,24415.93
2023-08-27 07:00:00,0.9533,0.9556,0.9519,0.9526,74998.09
2023-08-27 08:00:00,0.9526,0.962,0.9526,0.9599,255029.32
2023-08-27 09:00:00,0.9599,0.961,0.956,0.9588,104523.82
2023-08-27 10:00:00,0.9588,0.9619,0.9585,0.9587,80244.21
2023-08-27 11:00:00,0.9587,0.96,0.9564,0.957,76597.08
2023-08-27 12:00:00,0.957,0.9597,0.9545,0.9588,84207.35
2023-08-27 13:00:00,0.9588,0.9616,0.9577,0.9578,78665.67
2023-08-27 14:00:00,0.9578,0.9634,0.9578,0.9622,167807.73
2023-08-27 15:00:00,0.9622,0.9636,0.9566,0.9575,86320.93
2023-08-27 16:00:00,0.9575,0.9609,0.9566,0.9606,12267.83
2023-08-27 17:00:00,0.9606,0.9614,0.9526,0.9538,79210.91
2023-08-27 18:00:00,0.9538,0.9538,0.9487,0.9515,129841.07
2023-08-27 19:00:00,0.9515,0.955,0.951,0.9526,53046.48
2023-08-27 20:00:00,0.9526,0.9535,0.9498,0.9516,30152.14
2023-08-27 21:00:00,0.9516,0.9593,0.9506,0.9518,107564.76
2023-08-27 22:00:00,0.9518,0.9547,0.9506,0.9544,84140.74
2023-08-27 23:00:00,0.9544,0.9585,0.9535,0.9577,62783.92
2023-08-28 00:00:00,0.9577,0.9594,0.9443,0.9472,182050.45
2023-08-28 01:00:00,0.9472,0.9487,0.942,0.9442,204640.9
2023-08-28 02:00:00,0.9442,0.9487,0.9434,0.9455,31046.96
2023-08-28 03:00:00,0.9455,0.9506,0.9453,0.9489,39310.62
2023-08-28 04:00:00,0.9489,0.9489,0.9454,0.9471,133330.31
2023-08-28 05:00:00,0.9471,0.9477,0.9329,0.9424,306157.73
2023-08-28 06:00:00,0.9424,0.9451,0.9416,0.9427,105417.4
2023-08-28 07:00:00,0.9427,0.9451,0.9382,0.9403,97635.44
2023-08-28 08:00:00,0.9403,0.9426,0.9378,0.9406,78777.29
2023-08-28 09:00:00,0.9406,0.9413,0.9182,0.9293,1393646.93
2023-08-28 10:00:00,0.9293,0.933,0.9287,0.9315,103088.77
2023-08-28 11:00:00,0.9315,0.9321,0.9284,0.9316,70360.6
2023-08-28 12:00:00,0.9316,0.9432,0.931,0.9385,218276.25
2023-08-28 13:00:00,0.9385,0.9419,0.9348,0.9379,133588.54
2023-08-28 14:00:00,0.9379,0.9418,0.9359,0.9411,77557.89
2023-08-28 15:00:00,0.9411,0.9439,0.9384,0.9407,212809.35
2023-08-28 16:00:00,0.9407,0.9431,0.9391,0.9404,367684.1
2023-08-28 17:00:00,0.9404,0.9474,0.9404,0.9472,338223.0
2023-08-28 18:00:00,0.9472,0.9496,0.9449,0.9485,198820.96
2023-08-28 19:00:00,0.9485,0.9507,0.9384,0.9417,421933.67
2023-08-28 20:00:00,0.9417,0.943,0.9392,0.9397,85782.92
2023-08-28 21:00:00,0.9397,0.9408,0.9382,0.9398,32085.27
2023-08-28 22:00:00,0.9398,0.9455,0.9389,0.9445,48024.75
2023-08-28 23:00:00,0.9445,0.9506,0.9445,0.9483,72829.06
2023-08-29 00:00:00,0.9483,0.9528,0.9461,0.9517,71725.65
2023-08-29 01:00:00,0.9517,0.959,0.9517,0.9548,246138.76
2023-08-29 02:00:00,0.9548,0.9551,0.9477,0.949,97950.17
2023-08-29 03:00:00,0.949,0.9504,0.9444,0.9486,107005.74
2023-08-29 04:00:00,0.9486,0.9513,0.9472,0.9473,109592.79
2023-08-29 05:00:00,0.9473,0.9507,0.9461,0.9493,97784.38
2023-08-29 06:00:00,0.9493,0.9504,0.9414,0.9419,139211.06
2023-08-29 07:00:00,0.9419,0.9451,0.9399,0.9413,123108.58
2023-08-29 08:00:00,0.9413,0.9415,0.9359,0.9398,423138.48
2023-08-29 09:00:00,0.9398,0.9423,0.9378,0.9387,184270.21
2023-08-29 10:00:00,0.9387,0.9388,0.9318,0.9358,386482.93
2023-08-29 11:00:00,0.9358,0.9393,0.9332,0.9357,144147.9
2023-08-29 12:00:00,0.9357,0.9374,0.932,0.9374,57991.45
2023-08-29 13:00:00,0.9374,0.9421,0.9365,0.9381,273539.95
2023-08-29 14:00:00,0.9381,0.9949,0.9381,0.9799,1803159.03
2023-08-29 15:00:00,0.9799,0.9818,0.962,0.9688,504017.27
2023-08-29 16:00:00,0.9688,0.9868,0.9665,0.9815,479778.16
2023-08-29 17:00:00,0.9815,0.9857,0.9768,0.9804,109856.76
2023-08-29 18:00:00,0.9804,0.9825,0.9774,0.9783,89336.5
2023-08-29 19:00:00,0.9783,0.9806,0.9739,0.9762,42995.99
2023-08-29 20:00:00,0.9762,0.9779,0.9678,0.9683,597961.65
2023-08-29 21:00:00,0.9683,0.9722,0.968,0.9713,127078.19
2023-08-29 22:00:00,0.9713,0.9757,0.9699,0.9732,62257.13
2023-08-29 23:00:00,0.9732,0.9732,0.966,0.9698,193584.17
2023-08-30 00:00:00,0.9698,0.971,0.9621,0.9629,135060.08
2023-08-30 01:00:00,0.9629,0.9635,0.9529,0.9611,271100.11
2023-08-30 02:00:00,0.9611,0.9615,0.9567,0.9575,215043.3
2023-08-30 03:00:00,0.9575,0.9575,0.9501,0.9551,44013.81
2023-08-30 04:00:00,0.9551,0.9571,0.9535,0.9571,40010.24
2023-08-30 05:00:00,0.9571,0.9606,0.957,0.9601,48319.19
2023-08-30 06:00:00,0.9601,0.9601,0.9532,0.9532,142156.0
2023-08-30 07:00:00,0.9532,0.9566,0.9525,0.9562,54296.4
2023-08-30 08:00:00,0.9562,0.9682,0.9547,0.9666,118367.79
2023-08-30 09:00:00,0.9666,0.9666,0.9543,0.9585,154664.62
2023-08-30 10:00:00,0.9585,0.9618,0.9584,0.9606,31718.18
2023-08-30 11:00:00,0.9606,0.9607,0.9528,0.9533,178453.08
2023-08-30 12:00:00,0.9533,0.9565,0.9462,0.9499,237158.33
2023-08-30 13:00:00,0.9499,0.9537,0.941,0.9519,161006.95
2023-08-30 14:00:00,0.9519,0.9548,0.9336,0.9415,481938.38
2023-08-30 15:00:00,0.9415,0.9478,0.9371,0.9448,112756.77
2023-08-30 16:00:00,0.9448,0.9483,0.9384,0.9397,189943.88
2023-08-30 17:00:00,0.9397,0.9441,0.9387,0.9405,35629.35
2023-08-30 18:00:00,0.9405,0.9442,0.9385,0.9436,92876.32
2023-08-30 19:00:00,0.9436,0.944,0.9416,0.9416,50699.34
2023-08-30 20:00:00,0.9416,0.945,0.941,0.944,33215.21
2023-08-30 21:00:00,0.944,0.9469,0.9412,0.9428,114688.24
2023-08-30 22:00:00,0.9428,0.9459,0.942,0.9424,66483.17
2023-08-30 23:00:00,0.9424,0.9444,0.9403,0.9413,223720.39
2023-08-31 00:00:00,0.9413,0.9414,0.9379,0.94,249224.41
2023-08-31 01:00:00,0.94,0.9418,0.9381,0.9388,193436.12
2023-08-31 02:00:00,0.9388,0.9424,0.9379,0.9402,38754.73
2023-08-31 03:00:00,0.9402,0.9423,0.9394,0.9415,40760.13
2023-08-31 04:00:00,0.9415,0.9466,0.9401,0.9459,183293.48
2023-08-31 05:00:00,0.9459,0.9473,0.9448,0.9462,56931.38
2023-08-31 06:00:00,0.9462,0.9484,0.9438,0.9469,124493.16
2023-08-31 07:00:00,0.9469,0.9485,0.9455,0.9469,144041.16
2023-08-31 08:00:00,0.9469,0.9472,0.9437,0.9446,115762.91
2023-08-31 09:00:00,0.9446,0.9468,0.9429,0.9456,44997.26
2023-08-31 10:00:00,0.9456,0.9494,0.945,0.949,62106.49
2023-08-31 11:00:00,0.949,0.958,0.9489,0.9502,294773.04
2023-08-31 12:00:00,0.9502,0.9511,0.944,0.9492,224385.9
2023-08-31 13:00:00,0.9492,0.9494,0.9406,0.9445,387202.44
2023-08-31 14:00:00,0.9445,0.947,0.9385,0.9466,279005.66
2023-08-31 15:00:00,0.9466,0.9475,0.923,0.93,841522.91
2023-08-31 16:00:00,0.93,0.9352,0.9112,0.9131,582259.1
2023-08-31 17:00:00,0.9131,0.9185,0.9,0.9183,981088.58
2023-08-31 18:00:00,0.9183,0.9217,0.914,0.9166,129938.12
2023-08-31 19:00:00,0.9166,0.9216,0.9126,0.9201,488533.78
2023-08-31 20:00:00,0.9201,0.9203,0.9091,0.9112,141275.55
2023-08-31 21:00:00,0.9112,0.9145,0.9031,0.9142,246220.81
2023-08-31 22:00:00,0.9142,0.9186,0.9121,0.9185,134119.18
2023-08-31 23:00:00,0.9185,0.9187,0.9123,0.9147,54682.2
2023-09-01 00:00:00,0.9147,0.9247,0.9145,0.9246,82456.4
2023-09-01 01:00:00,0.9246,0.9247,0.9187,0.9193,82577.0
2023-09-01 02:00:00,0.9193,0.9241,0.9191,0.9225,57169.46
2023-09-01 03:00:00,0.9225,0.9274,0.9212,0.9265,58513.44
2023-09-01 04:00:00,0.9265,0.928,0.9226,0.9231,127691.14
2023-09-01 05:00:00,0.9231,0.9255,0.9212,0.923,81205.66
2023-09-01 06:00:00,0.923,0.9244,0.9195,0.9225,24721.86
2023-09-01 07:00:00,0.9225,0.9236,0.9193,0.9214,35323.38
2023-09-01 08:00:00,0.9214,0.9224,0.9178,0.9183,82986.75
2023-09-01 09:00:00,0.9183,0.921,0.9167,0.9189,35091.27
2023-09-01 10:00:00,0.9189,0.919,0.9146,0.9164,112433.92
2023-09-01 11:00:00,0.9164,0.9192,0.9149,0.9178,116577.22
2023-09-01 12:00:00,0.9178,0.9221,0.9155,0.9182,152788.05
2023-09-01 13:00:00,0.9182,0.9187,0.9065,0.9123,736819.02
2023-09-01 14:00:00,0.9123,0.9137,0.896,0.9017,877566.89
2023-09-01 15:00:00,0.9017,0.9074,0.898,0.9024,252528.94
2023-09-01 16:00:00,0.9024,0.9063,0.8959,0.8959,288830.78
2023-09-01 17:00:00,0.8959,0.8967,0.8703,0.8706,2244428.52
2023-09-01 18:00:00,0.8706,0.8823,0.8686,0.8757,787749.83
2023-09-01 19:00:00,0.8757,0.8798,0.8744,0.8794,176672.29
2023-09-01 20:00:00,0.8794,0.8921,0.8787,0.8857,319070.61
2023-09-01 21:00:00,0.8857,0.8894,0.884,0.8864,47135.35
2023-09-01 22:00:00,0.8864,0.8869,0.8778,0.879,127156.92
2023-09-01 23:00:00,0.879,0.8858,0.8763,0.8834,206773.78
2023-09-02 00:00:00,0.8834,0.895,0.8828,0.8894,389252.55
2023-09-02 01:00:00,0.8894,0.8894,0.8849,0.8851,309578.32
2023-09-02 02:00:00,0.8851,0.8894,0.8845,0.8845,81212.58
2023-09-02 03:00:00,0.8845,0.8899,0.8845,0.8891,125858.9
2023-09-02 04:00:00,0.8891,0.893,0.8871,0.8914,211389.19
2023-09-02 05:00:00,0.8914,0.8923,0.8881,0.8882,83234.43
2023-09-02 06:00:00,0.8882,0.891,0.8859,0.8859,94188.23
2023-09-02 07:00:00,0.8859,0.8881,0.8846,0.8875,136120.03
2023-09-02 08:00:00,0.8875,0.8896,0.8809,0.8813,177430.13
2023-09-02 09:00:00,0.8813,0.8865,0.8801,0.886,58340.34
2023-09-02 10:00:00,0.886,0.8897,0.8852,0.8888,117047.18
2023-09-02 11:00:00,0.8888,0.8906,0.884,0.8863,422318.64
2023-09-02 12:00:00,0.8863,0.8887,0.8857,0.886,84955.5
2023-09-02 13:00:00,0.886,0.8881,0.8819,0.8864,122010.79
2023-09-02 14:00:00,0.8864,0.8899,0.8849,0.8888,158703.62
2023-09-02 15:00:00,0.8888,0.8929,0.8881,0.8891,249352.06
2023-09-02 16:00:00,0.8891,0.8905,0.8847,0.8862,103316.49
2023-09-02 17:00:00,0.8862,0.8882,0.8809,0.8822,74863.01
2023-09-02 18:00:00,0.8822,0.8833,0.8735,0.877,300268.86
2023-09-02 19:00:00,0.877,0.8831,0.8767,0.882,37757.72
2023-09-02 20:00:00,0.882,0.8839,0.8802,0.8837,50132.94
2023-09-02 21:00:00,0.8837,0.8871,0.8834,0.8865,38173.7
2023-09-02 22:00:00,0.8865,0.8884,0.8853,0.8883,28911.04
2023-09-02 23:00:00,0.8883,0.8888,0.8862,0.8871,101237.39
2023-09-03 00:00:00,0.8871,0.8893,0.8835,0.889,117945.85
2023-09-03 01:00:00,0.889,0.8905,0.8859,0.8861,34546.31
2023-09-03 02:00:00,0.8861,0.8883,0.8855,0.8859,27924.18
2023-09-03 03:00:00,0.8859,0.8876,0.884,0.8873,40637.08
2023-09-03 04:00:00,0.8873,0.888,0.8845,0.8846,43269.83
2023-09-03 05:00:00,0.8846,0.8885,0.8838,0.8879,37141.29
2023-09-03 06:00:00,0.8879,0.8896,0.8861,0.8884,35337.34
2023-09-03 07:00:00,0.8884,0.8885,0.8844,0.8862,91922.58
2023-09-03 08:00:00,0.8862,0.8879,0.8837,0.8861,250308.62
2023-09-03 09:00:00,0.8861,0.8891,0.8854,0.8868,61118.85
2023-09-03 10:00:00,0.8868,0.8899,0.8864,0.8895,42844.73
2023-09-03 11:00:00,0.8895,0.8943,0.8889,0.8937,228149.31
2023-09-03 12:00:00,0.8937,0.899,0.8904,0.8914,187699.46
2023-09-03 13:00:00,0.8914,0.8914,0.8855,0.887,143632.71
2023-09-03 14:00:00,0.887,0.8911,0.8862,0.8887,84503.32
2023-09-03 15:00:00,0.8887,0.8895,0.8857,0.8873,64986.98
2023-09-03 16:00:00,0.8873,0.8886,0.8781,0.8808,166707.0
2023-09-03 17:00:00,0.8808,0.8848,0.8796,0.8844,266819.99
2023-09-03 18:00:00,0.8844,0.8928,0.884,0.8882,396964.66
2023-09-03 19:00:00,0.8882,0.8936,0.888,0.8931,586127.69
2023-09-03 20:00:00,0.8931,0.8994,0.8898,0.8966,850885.89
2023-09-03 21:00:00,0.8966,0.899,0.8934,0.8965,132352.76
2023-09-03 22:00:00,0.8965,0.9094,0.8957,0.9072,1171453.68
2023-09-03 23:00:00,0.9072,0.908,0.9031,0.9037,328510.06
2023-09-04 00:00:00,0.9037,0.9092,0.9026,0.908,87781.44
2023-09-04 01:00:00,0.908,0.9131,0.9047,0.907,165481.01
2023-09-04 02:00:00,0.907,0.9221,0.9063,0.9198,597360.23
2023-09-04 03:00:00,0.9198,0.9267,0.913,0.9132,846263.99
2023-09-04 04:00:00,0.9132,0.9191,0.9127,0.9152,409313.9
2023-09-04 05:00:00,0.9152,0.9161,0.9063,0.907,97878.85
2023-09-04 06:00:00,0.907,0.9131,0.9066,0.9093,77113.67
2023-09-04 07:00:00,0.9093,0.9144,0.909,0.9121,246497.26
2023-09-04 08:00:00,0.9121,0.9175,0.912,0.9168,382832.21
2023-09-04 09:00:00,0.9168,0.9171,0.9106,0.9128,195142.3
2023-09-04 10:00:00,0.9128,0.914,0.909,0.9099,160308.84
2023-09-04 11:00:00,0.9099,0.9109,0.905,0.9056,76310.9
2023-09-04 12:00:00,0.9056,0.9064,0.899,0.8992,285238.02
2023-09-04 13:00:00,0.8992,0.904,0.8973,0.9016,327891.07
2023-09-04 14:00:00,0.9016,0.9029,0.8948,0.8954,165688.43
2023-09-04 15:00:00,0.8954,0.8986,0.8843,0.8911,882435.3
2023-09-04 16:00:00,0.8911,0.8932,0.8896,0.8927,60509.36
2023-09-04 17:00:00,0.8927,0.8974,0.89,0.8946,61254.53
2023-09-04 18:00:00,0.8946,0.8961,0.8924,0.8953,53355.08
2023-09-04 19:00:00,0.8953,0.8967,0.8925,0.8957,34017.2
2023-09-04 20:00:00,0.8957,0.8962,0.8901,0.8923,42641.23
2023-09-04 21:00:00,0.8923,0.8927,0.8832,0.8847,99290.19
2023-09-04 22:00:00,0.8847,0.8913,0.882,0.8894,357779.55
2023-09-04 23:00:00,0.8894,0.8963,0.8892,0.8956,209303.58
2023-09-05 00:00:00,0.8956,0.8965,0.89,0.8914,60288.01
2023-09-05 01:00:00,0.8914,0.8937,0.889,0.8908,418839.9
2023-09-05 02:00:00,0.8908,0.8931,0.8862,0.8868,642725.88
2023-09-05 03:00:00,0.8868,0.8891,0.8827,0.8888,564436.59
2023-09-05 04:00:00,0.8888,0.8912,0.8888,0.8903,89874.31
2023-09-05 05:00:00,0.8903,0.8918,0.8888,0.8904,161923.88
2023-09-05 06:00:00,0.8904,0.8922,0.8867,0.8868,1072495.0
2023-09-05 07:00:00,0.8868,0.8908,0.8865,0.8904,144562.18
2023-09-05 08:00:00,0.8904,0.8946,0.8874,0.8906,83510.09
2023-09-05 09:00:00,0.8906,0.8968,0.8905,0.8958,95120.52
2023-09-05 10:00:00,0.8958,0.9033,0.8958,0.9,227279.39
2023-09-05 11:00:00,0.9,0.9012,0.898,0.9003,60395.91
2023-09-05 12:00:00,0.9003,0.9016,0.8955,0.9009,153906.75
2023-09-05 13:00:00,0.9009,0.9012,0.8968,0.8968,58110.0
2023-09-05 14:00:00,0.8968,0.9021,0.8935,0.9,471707.16
2023-09-05 15:00:00,0.9,0.9117,0.9,0.9034,444310.29
2023-09-05 16:00:00,0.9034,0.9061,0.898,0.8996,219036.91
2023-09-05 17:00:00,0.8996,0.9017,0.8989,0.9004,59097.6
2023-09-05 18:00:00,0.9004,0.9014,0.8989,0.9003,44558.64
2023-09-05 19:00:00,0.9003,0.9009,0.8964,0.8967,34785.76
2023-09-05 20:00:00,0.8967,0.8988,0.8941,0.8952,182855.79
2023-09-05 21:00:00,0.8952,0.8996,0.8943,0.8972,53405.29
2023-09-05 22:00:00,0.8972,0.8996,0.8965,0.8993,12381.05
2023-09-05 23:00:00,0.8993,0.9,0.8982,0.8998,9694.77
2023-09-06 00:00:00,0.8998,0.9026,0.8972,0.8993,69077.22
2023-09-06 01:00:00,0.8993,0.9033,0.8988,0.9016,72349.59
2023-09-06 02:00:00,0.9016,0.9086,0.9007,0.9082,207922.86
2023-09-06 03:00:00,0.9082,0.9094,0.902,0.9032,72960.82
2023-09-06 04:00:00,0.9032,0.9041,0.8976,0.8984,75200.76
2023-09-06 05:00:00,0.8984,0.8998,0.8928,0.8933,1406929.93
2023-09-06 06:00:00,0.8933,0.8977,0.8931,0.8971,218893.16
2023-09-06 07:00:00,0.8971,0.8997,0.8965,0.8969,54724.83
2023-09-06 08:00:00,0.8969,0.8989,0.8942,0.8979,326720.07
2023-09-06 09:00:00,0.8979,0.8998,0.8959,0.8961,220702.26
2023-09-06 10:00:00,0.8961,0.8976,0.8907,0.8923,363659.68
2023-09-06 11:00:00,0.8923,0.8959,0.8922,0.8949,124632.89
2023-09-06 12:00:00,0.8949,0.8959,0.8921,0.8936,270148.81
2023-09-06 13:00:00,0.8936,0.8967,0.8921,0.8942,108047.65
2023-09-06 14:00:00,0.8942,0.8942,0.8853,0.8894,454670.45
2023-09-06 15:00:00,0.8894,0.8912,0.8852,0.889,473270.7
2023-09-06 16:00:00,0.889,0.8893,0.8856,0.8875,185278.44
2023-09-06 17:00:00,0.8875,0.9092,0.8788,0.9026,1377958.49
2023-09-06 18:00:00,0.9026,0.9094,0.8908,0.891,524463.11
2023-09-06 19:00:00,0.891,0.8967,0.89,0.8944,330125.25
2023-09-06 20:00:00,0.8944,0.8987,0.8943,0.8954,41958.28
2023-09-06 21:00:00,0.8954,0.9013,0.8952,0.9008,45960.81
2023-09-06 22:00:00,0.9008,0.904,0.8998,0.9008,56880.56
2023-09-06 23:00:00,0.9008,0.9036,0.8989,0.9007,123312.73
2023-09-07 00:00:00,0.9007,0.9013,0.8979,0.8994,96729.53
2023-09-07 01:00:00,0.8994,0.9,0.898,0.899,64965.6
2023-09-07 02:00:00,0.899,0.9051,0.8988,0.9029,228617.84
2023-09-07 03:00:00,0.9029,0.9095,0.9016,0.9094,151992.06
2023-09-07 04:00:00,0.9094,0.9116,0.9056,0.9075,58790.33
2023-09-07 05:00:00,0.9075,0.9087,0.9041,0.9044,64984.61
2023-09-07 06:00:00,0.9044,0.9061,0.9032,0.9034,77237.67
2023-09-07 07:00:00,0.9034,0.904,0.9013,0.9033,67314.05
2023-09-07 08:00:00,0.9033,0.9042,0.8986,0.9011,183531.5
2023-09-07 09:00:00,0.9011,0.9035,0.9005,0.9016,67770.92
2023-09-07 10:00:00,0.9016,0.904,0.8988,0.8999,136680.75
2023-09-07 11:00:00,0.8999,0.9004,0.8956,0.898,447010.08
2023-09-07 12:00:00,0.898,0.9006,0.896,0.8994,104147.57
2023-09-07 13:00:00,0.8994,0.904,0.8986,0.9006,153062.3
2023-09-07 14:00:00,0.9006,0.9049,0.8974,0.9049,422513.22
2023-09-07 15:00:00,0.9049,0.9086,0.9039,0.9055,186073.82
2023-09-07 16:00:00,0.9055,0.9105,0.9049,0.9049,162632.13
2023-09-07 17:00:00,0.9049,0.9086,0.9011,0.9071,54936.93
2023-09-07 18:00:00,0.9071,0.9085,0.9025,0.9042,50688.02
2023-09-07 19:00:00,0.9042,0.9063,0.9014,0.9053,47799.58
2023-09-07 20:00:00,0.9053,0.9104,0.9046,0.9101,44749.62
2023-09-07 21:00:00,0.9101,0.9193,0.909,0.9091,237620.22
2023-09-07 22:00:00,0.9091,0.9151,0.9091,0.9129,129953.43
2023-09-07 23:00:00,0.9129,0.9152,0.907,0.9118,110532.78
2023-09-08 00:00:00,0.9118,0.9224,0.9096,0.9188,163366.12
2023-09-08 01:00:00,0.9188,0.92,0.9139,0.9143,49729.95
2023-09-08 02:00:00,0.9143,0.9149,0.9093,0.9104,262429.99
2023-09-08 03:00:00,0.9104,0.9125,0.9099,0.9116,95025.85
2023-09-08 04:00:00,0.9116,0.916,0.911,0.9154,181757.96
2023-09-08 05:00:00,0.9154,0.9169,0.9105,0.9107,165749.7
2023-09-08 06:00:00,0.9107,0.9113,0.9079,0.9099,75214.79
2023-09-08 07:00:00,0.9099,0.9133,0.9097,0.9112,178130.39
2023-09-08 08:00:00,0.9112,0.9115,0.9072,0.9104,48124.65
2023-09-08 09:00:00,0.9104,0.9111,0.9066,0.9066,212406.5
2023-09-08 10:00:00,0.9066,0.9066,0.8888,0.8988,494083.09
2023-09-08 11:00:00,0.8988,0.901,0.8971,0.898,76214.54
2023-09-08 12:00:00,0.898,0.9004,0.8971,0.8993,52155.84
2023-09-08 13:00:00,0.8993,0.9016,0.8976,0.8994,111462.24
2023-09-08 14:00:00,0.8994,0.9014,0.8977,0.8977,53473.49
2023-09-08 15:00:00,0.8977,0.8999,0.8976,0.8992,68098.62
2023-09-08 16:00:00,0.8992,0.9001,0.8939,0.8966,86445.13
2023-09-08 17:00:00,0.8966,0.8979,0.8935,0.8975,67241.33
2023-09-08 18:00:00,0.8975,0.8979,0.8961,0.8973,86558.62
2023-09-08 19:00:00,0.8973,0.8999,0.8962,0.8994,16722.21
2023-09-08 20:00:00,0.8994,0.9008,0.898,0.9005,57126.68
2023-09-08 21:00:00,0.9005,0.9008,0.898,0.8991,21916.67
2023-09-08 22:00:00,0.8991,0.9015,0.8983,0.9011,20541.18
2023-09-08 23:00:00,0.9011,0.9028,0.9005,0.9007,50241.42
2023-09-09 00:00:00,0.9007,0.9008,0.8964,0.8965,25527.7
2023-09-09 01:00:00,0.8965,0.9002,0.8965,0.8998,93207.23
2023-09-09 02:00:00,0.8998,0.9001,0.8971,0.8993,22315.61
2023-09-09 03:00:00,0.8993,0.8993,0.8974,0.8978,13345.57
2023-09-09 04:00:00,0.8978,0.8983,0.8955,0.8969,65195.38
2023-09-09 05:00:00,0.8969,0.8981,0.8938,0.8947,36732.11
2023-09-09 06:00:00,0.8947,0.8984,0.8947,0.8983,205483.8
2023-09-09 07:00:00,0.8983,0.8988,0.8962,0.8965,46726.75
2023-09-09 08:00:00,0.8965,0.8979,0.8958,0.8965,34464.52
2023-09-09 09:00:00,0.8965,0.8998,0.8963,0.8982,63688.83
2023-09-09 10:00:00,0.8982,0.8997,0.8982,0.8991,85893.97
2023-09-09 11:00:00,0.8991,0.9,0.8983,0.899,41107.88
2023-09-09 12:00:00,0.899,0.9006,0.8975,0.898,56936.28
2023-09-09 13:00:00,0.898,0.8988,0.8961,0.8968,207838.08
2023-09-09 14:00:00,0.8968,0.8987,0.896,0.8982,44005.8
2023-09-09 15:00:00,0.8982,0.9017,0.8982,0.9001,106567.2
2023-09-09 16:00:00,0.9001,0.9017,0.8994,0.9001,121224.31
2023-09-09 17:00:00,0.9001,0.9004,0.8969,0.8983,19465.52
2023-09-09 18:00:00,0.8983,0.8986,0.8965,0.8984,37473.83
2023-09-09 19:00:00,0.8984,0.8992,0.8976,0.899,10725.73
2023-09-09 20:00:00,0.899,0.9,0.898,0.8982,6682.58
2023-09-09 21:00:00,0.8982,0.9004,0.898,0.8992,18129.79
2023-09-09 22:00:00,0.8992,0.8999,0.8976,0.8978,13236.27
2023-09-09 23:00:00,0.8978,0.8982,0.8965,0.897,61014.19
2023-09-10 00:00:00,0.897,0.8975,0.8905,0.8958,235160.82
2023-09-10 01:00:00,0.8958,0.8958,0.8887,0.892,327510.15
2023-09-10 02:00:00,0.892,0.8923,0.887,0.8912,111732.95
2023-09-10 03:00:00,0.8912,0.892,0.8887,0.8914,76342.43
2023-09-10 04:00:00,0.8914,0.892,0.8471,0.8648,944040.02
2023-09-10 05:00:00,0.8648,0.8714,0.8631,0.8703,264192.66
2023-09-10 06:00:00,0.8703,0.8712,0.8688,0.8706,43274.9
2023-09-10 07:00:00,0.8706,0.8736,0.8702,0.8717,135015.61
2023-09-10 08:00:00,0.8717,0.8717,0.8676,0.8676,131691.6
2023-09-10 09:00:00,0.8676,0.8677,0.8617,0.8627,93475.28
2023-09-10 10:00:00,0.8627,0.8648,0.8557,0.8567,209170.67
2023-09-10 11:00:00,0.8567,0.8605,0.8564,0.8577,192035.82
2023-09-10 12:00:00,0.8577,0.8602,0.8564,0.8596,78898.25
2023-09-10 13:00:00,0.8596,0.8629,0.8564,0.8604,290619.3
2023-09-10 14:00:00,0.8604,0.8624,0.85,0.8509,432940.63
2023-09-10 15:00:00,0.8509,0.8538,0.8418,0.8507,920104.26
2023-09-10 16:00:00,0.8507,0.8508,0.83,0.8424,788465.19
2023-09-10 17:00:00,0.8424,0.8426,0.8301,0.8341,517270.4
2023-09-10 18:00:00,0.8341,0.8399,0.8336,0.8371,73277.21
2023-09-10 19:00:00,0.8371,0.8436,0.8292,0.8403,326476.36
2023-09-10 20:00:00,0.8403,0.8505,0.839,0.8462,573542.34
2023-09-10 21:00:00,0.8462,0.8494,0.8439,0.8464,62942.01
2023-09-10 22:00:00,0.8464,0.8505,0.8422,0.8422,183547.31
2023-09-10 23:00:00,0.8422,0.8446,0.8414,0.8431,64130.91
2023-09-11 00:00:00,0.8431,0.8475,0.8332,0.837,291588.4
2023-09-11 01:00:00,0.837,0.8408,0.832,0.8321,179942.94
2023-09-11 02:00:00,0.8321,0.8354,0.821,0.8322,578534.06
2023-09-11 03:00:00,0.8322,0.8351,0.8318,0.8347,174630.58
2023-09-11 04:00:00,0.8347,0.8354,0.8294,0.834,111752.58
2023-09-11 05:00:00,0.834,0.84,0.8325,0.84,104346.44
2023-09-11 06:00:00,0.84,0.8416,0.8381,0.8401,123783.02
2023-09-11 07:00:00,0.8401,0.8419,0.8257,0.8274,584582.9
2023-09-11 08:00:00,0.8274,0.8317,0.8042,0.8093,1453663.59
2023-09-11 09:00:00,0.8093,0.8118,0.7957,0.8019,651244.61
2023-09-11 10:00:00,0.8019,0.8026,0.7705,0.7856,1431916.24
2023-09-11 11:00:00,0.7856,0.7909,0.7815,0.7837,253477.46
2023-09-11 12:00:00,0.7837,0.7886,0.7817,0.7869,330856.08
2023-09-11 13:00:00,0.7869,0.7905,0.7774,0.7792,516147.59
2023-09-11 14:00:00,0.7792,0.7806,0.7576,0.7683,3186792.72
2023-09-11 15:00:00,0.7683,0.7762,0.7651,0.774,619160.76
2023-09-11 16:00:00,0.774,0.7783,0.7667,0.7675,620709.07
2023-09-11 17:00:00,0.7675,0.7718,0.7597,0.7713,618424.96
2023-09-11 18:00:00,0.7713,0.7713,0.7499,0.753,713218.57
2023-09-11 19:00:00,0.753,0.7563,0.7388,0.7465,1431830.8
2023-09-11 20:00:00,0.7465,0.7547,0.7444,0.7532,696870.82
2023-09-11 21:00:00,0.7532,0.7574,0.7507,0.7547,627250.3
2023-09-11 22:00:00,0.7547,0.7617,0.7532,0.7593,570767.14
2023-09-11 23:00:00,0.7593,0.7618,0.756,0.7615,203621.84
2023-09-12 00:00:00,0.7615,0.77,0.7529,0.765,1446588.81
2023-09-12 01:00:00,0.765,0.7666,0.7558,0.7615,349469.82
2023-09-12 02:00:00,0.7615,0.7716,0.7615,0.7697,1114628.83
2023-09-12 03:00:00,0.7697,0.796,0.7689,0.7828,1601778.35
2023-09-12 04:00:00,0.7828,0.7868,0.7712,0.7722,878069.99
2023-09-12 05:00:00,0.7722,0.7751,0.7682,0.7743,1062165.6
2023-09-12 06:00:00,0.7743,0.7771,0.7691,0.7691,852031.46
2023-09-12 07:00:00,0.7691,0.7755,0.7661,0.7703,1181545.51
2023-09-12 08:00:00,0.7703,0.778,0.77,0.7711,307134.17
2023-09-12 09:00:00,0.7711,0.782,0.7696,0.7805,442131.69
2023-09-12 10:00:00,0.7805,0.8014,0.7789,0.7874,2132087.68
2023-09-12 11:00:00,0.7874,0.7912,0.7848,0.7895,397889.6
2023-09-12 12:00:00,0.7895,0.7962,0.7805,0.7805,897957.2
2023-09-12 13:00:00,0.7805,0.7877,0.7773,0.7869,521519.54
2023-09-12 14:00:00,0.7869,0.7896,0.7775,0.7799,416185.74
2023-09-12 15:00:00,0.7799,0.7858,0.7794,0.7854,250204.19
2023-09-12 16:00:00,0.7854,0.7915,0.776,0.7777,2884476.07
2023-09-12 17:00:00,0.7777,0.7784,0.767,0.7678,728441.46
2023-09-12 18:00:00,0.7678,0.7741,0.7678,0.7729,107457.45
2023-09-12 19:00:00,0.7729,0.7797,0.7716,0.7772,493772.34
2023-09-12 20:00:00,0.7772,0.7797,0.7761,0.7787,46386.61
2023-09-12 21:00:00,0.7787,0.7829,0.7776,0.7808,105109.87
2023-09-12 22:00:00,0.7808,0.7863,0.7758,0.7845,208193.56
2023-09-12 23:00:00,0.7845,0.7885,0.7811,0.7823,392398.41
2023-09-13 00:00:00,0.7823,0.7939,0.7803,0.7919,272799.82
2023-09-13 01:00:00,0.7919,0.7954,0.7868,0.7879,187017.18
2023-09-13 02:00:00,0.7879,0.7888,0.7825,0.7827,124112.66
2023-09-13 03:00:00,0.7827,0.7842,0.7735,0.778,232934.37
2023-09-13 04:00:00,0.778,0.7819,0.7773,0.7779,386496.46
2023-09-13 05:00:00,0.7779,0.7787,0.7722,0.7758,273765.89
2023-09-13 06:00:00,0.7758,0.7815,0.7734,0.7801,353303.88
2023-09-13 07:00:00,0.7801,0.8212,0.7791,0.7864,2498992.74
2023-09-13 08:00:00,0.7864,0.7981,0.7849,0.7929,402106.51
2023-09-13 09:00:00,0.7929,0.7982,0.7903,0.7915,340464.33
2023-09-13 10:00:00,0.7915,0.7943,0.7793,0.7831,1301513.72
2023-09-13 11:00:00,0.7831,0.7865,0.7797,0.7846,165936.48
2023-09-13 12:00:00,0.7846,0.7855,0.776,0.7842,534300.97
2023-09-13 13:00:00,0.7842,0.7902,0.7826,0.7886,203777.82
2023-09-13 14:00:00,0.7886,0.7958,0.7853,0.7911,291965.33
2023-09-13 15:00:00,0.7911,0.7967,0.7896,0.7907,441203.72
2023-09-13 16:00:00,0.7907,0.7946,0.7859,0.7876,1224104.48
2023-09-13 17:00:00,0.7876,0.7897,0.7797,0.781,1299858.95
2023-09-13 18:00:00,0.781,0.7843,0.7797,0.7805,86186.77
2023-09-13 19:00:00,0.7805,0.7837,0.7788,0.781,107589.43
2023-09-13 20:00:00,0.781,0.7834,0.7789,0.7827,83045.31
2023-09-13 21:00:00,0.7827,0.7862,0.7819,0.7854,135949.55
2023-09-13 22:00:00,0.7854,0.7894,0.7841,0.7859,167141.61
2023-09-13 23:00:00,0.7859,0.788,0.7836,0.7847,318667.35
2023-09-14 00:00:00,0.7847,0.81,0.7811,0.81,1358198.69
2023-09-14 01:00:00,0.81,0.8187,0.8009,0.805,542325.88
2023-09-14 02:00:00,0.805,0.811,0.8018,0.8106,229262.65
2023-09-14 03:00:00,0.8106,0.8126,0.8042,0.8066,134541.06
2023-09-14 04:00:00,0.8066,0.8098,0.7986,0.7998,152752.79
2023-09-14 05:00:00,0.7998,0.8037,0.7956,0.7975,564051.03
2023-09-14 06:00:00,0.7975,0.8071,0.7974,0.806,139351.03
2023-09-14 07:00:00,0.806,0.8093,0.8042,0.8062,256577.28
2023-09-14 08:00:00,0.8062,0.8108,0.8015,0.8052,505249.07
2023-09-14 09:00:00,0.8052,0.8071,0.799,0.8002,396294.42
2023-09-14 10:00:00,0.8002,0.8027,0.7975,0.7999,120065.92
2023-09-14 11:00:00,0.7999,0.8058,0.7998,0.8046,96279.95
2023-09-14 12:00:00,0.8046,0.8065,0.7962,0.8012,215430.2
2023-09-14 13:00:00,0.8012,0.8085,0.7999,0.8059,298353.49
2023-09-14 14:00:00,0.8059,0.815,0.8034,0.8127,220523.93
2023-09-14 15:00:00,0.8127,0.8168,0.805,0.8081,240422.55
2023-09-14 16:00:00,0.8081,0.811,0.8008,0.8044,294821.14
2023-09-14 17:00:00,0.8044,0.8073,0.802,0.8039,1654896.18
2023-09-14 18:00:00,0.8039,0.8132,0.803,0.803,210267.79
2023-09-14 19:00:00,0.803,0.808,0.8018,0.8078,74075.97
2023-09-14 20:00:00,0.8078,0.8092,0.8014,0.8027,131625.75
2023-09-14 21:00:00,0.8027,0.805,0.7997,0.8031,126277.08
2023-09-14 22:00:00,0.8031,0.8096,0.8021,0.8083,187836.19
2023-09-14 23:00:00,0.8083,0.8094,0.8018,0.8023,129342.22
2023-09-15 00:00:00,0.8023,0.8059,0.7965,0.7967,877150.52
2023-09-15 01:00:00,0.7967,0.7982,0.7915,0.7978,2790852.79
2023-09-15 02:00:00,0.7978,0.8092,0.7978,0.8072,126698.16
2023-09-15 03:00:00,0.8072,0.808,0.8038,0.8073,244905.63
2023-09-15 04:00:00,0.8073,0.8114,0.8049,0.8083,289393.07
2023-09-15 05:00:00,0.8083,0.8115,0.8052,0.8061,526102.87
2023-09-15 06:00:00,0.8061,0.8104,0.8049,0.808,299913.98
2023-09-15 07:00:00,0.808,0.8095,0.8018,0.8044,309724.79
2023-09-15 08:00:00,0.8044,0.805,0.8017,0.8037,164557.33
2023-09-15 09:00:00,0.8037,0.8047,0.7997,0.8033,335892.97
2023-09-15 10:00:00,0.8033,0.8053,0.8009,0.8044,135049.93
2023-09-15 11:00:00,0.8044,0.8044,0.7924,0.7937,365263.26
2023-09-15 12:00:00,0.7937,0.7967,0.785,0.7882,1732605.35
2023-09-15 13:00:00,0.7882,0.7937,0.7875,0.7905,248577.63
2023-09-15 14:00:00,0.7905,0.7941,0.7823,0.7853,394721.08
2023-09-15 15:00:00,0.7853,0.7931,0.7845,0.7909,319888.94
2023-09-15 16:00:00,0.7909,0.7931,0.7873,0.7915,402143.1
2023-09-15 17:00:00,0.7915,0.7917,0.7863,0.787,616072.2
2023-09-15 18:00:00,0.787,0.7905,0.785,0.7865,294501.9
2023-09-15 19:00:00,0.7865,0.7916,0.7855,0.7892,50547.41
2023-09-15 20:00:00,0.7892,0.7914,0.7875,0.7905,123724.11
2023-09-15 21:00:00,0.7905,0.7975,0.7905,0.7944,157879.53
2023-09-15 22:00:00,0.7944,0.8138,0.7939,0.8092,752685.88
2023-09-15 23:00:00,0.8092,0.8119,0.8028,0.8071,597509.17
2023-09-16 00:00:00,0.8071,0.8146,0.8052,0.808,1053249.72
2023-09-16 01:00:00,0.808,0.8137,0.8062,0.8115,281216.19
2023-09-16 02:00:00,0.8115,0.8368,0.8112,0.8272,1201975.95
2023-09-16 03:00:00,0.8272,0.8349,0.8214,0.8247,155175.99
2023-09-16 04:00:00,0.8247,0.8293,0.8194,0.8257,251866.94
2023-09-16 05:00:00,0.8257,0.8272,0.8202,0.8231,209182.27
2023-09-16 06:00:00,0.8231,0.8253,0.8177,0.8204,362464.83
2023-09-16 07:00:00,0.8204,0.8242,0.8196,0.8227,149454.09
2023-09-16 08:00:00,0.8227,0.826,0.8189,0.8196,188906.38
2023-09-16 09:00:00,0.8196,0.8261,0.8188,0.82,210846.63
2023-09-16 10:00:00,0.82,0.8245,0.8184,0.8242,71387.61
2023-09-16 11:00:00,0.8242,0.8244,0.8211,0.8239,34597.53
2023-09-16 12:00:00,0.8239,0.8293,0.8228,0.8275,168718.14
2023-09-16 13:00:00,0.8275,0.8304,0.8218,0.8227,571943.73
2023-09-16 14:00:00,0.8227,0.8251,0.8154,0.816,361060.53
2023-09-16 15:00:00,0.816,0.8209,0.8146,0.8162,127461.67
2023-09-16 16:00:00,0.8162,0.8188,0.8118,0.8146,122398.7
2023-09-16 17:00:00,0.8146,0.82,0.8121,0.8192,131851.34
2023-09-16 18:00:00,0.8192,0.821,0.8182,0.8208,26148.59
2023-09-16 19:00:00,0.8208,0.8214,0.8163,0.8198,52148.1
2023-09-16 20:00:00,0.8198,0.8226,0.8194,0.8202,32342.18
2023-09-16 21:00:00,0.8202,0.8276,0.82,0.8262,68476.6
2023-09-16 22:00:00,0.8262,0.8284,0.8234,0.826,296477.43
2023-09-16 23:00:00,0.826,0.8284,0.8227,0.827,181306.29
2023-09-17 00:00:00,0.827,0.827,0.814,0.8165,336177.59
2023-09-17 01:00:00,0.8165,0.8201,0.8097,0.8157,194989.58
2023-09-17 02:00:00,0.8157,0.8185,0.8123,0.8146,34396.04
2023-09-17 03:00:00,0.8146,0.8186,0.8131,0.8179,43194.34
2023-09-17 04:00:00,0.8179,0.8205,0.815,0.8198,95957.63
2023-09-17 05:00:00,0.8198,0.8212,0.8155,0.8168,93045.79
2023-09-17 06:00:00,0.8168,0.8191,0.8156,0.819,155425.41
2023-09-17 07:00:00,0.819,0.819,0.8104,0.811,85685.87
2023-09-17 08:00:00,0.811,0.8132,0.8099,0.8113,109556.85
2023-09-17 09:00:00,0.8113,0.815,0.8062,0.8143,318326.57
2023-09-17 10:00:00,0.8143,0.8161,0.812,0.8161,337484.47
2023-09-17 11:00:00,0.8161,0.8167,0.8116,0.8121,211862.24
2023-09-17 12:00:00,0.8121,0.8145,0.811,0.8122,99454.4
2023-09-17 13:00:00,0.8122,0.8122,0.8081,0.8091,66162.58
2023-09-17 14:00:00,0.8091,0.8117,0.8082,0.8088,136128.94
2023-09-17 15:00:00,0.8088,0.8128,0.808,0.8097,97563.84
2023-09-17 16:00:00,0.8097,0.8112,0.7978,0.7995,594079.03
2023-09-17 17:00:00,0.7995,0.801,0.7946,0.7952,292191.36
2023-09-17 18:00:00,0.7952,0.798,0.792,0.7956,297753.48
2023-09-17 19:00:00,0.7956,0.7968,0.7935,0.7941,94602.84
2023-09-17 20:00:00,0.7941,0.797,0.7793,0.7821,297600.19
2023-09-17 21:00:00,0.7821,0.789,0.7802,0.7869,176591.37
2023-09-17 22:00:00,0.7869,0.7923,0.7859,0.7914,66207.34
2023-09-17 23:00:00,0.7914,0.795,0.7889,0.7939,39175.63
2023-09-18 00:00:00,0.7939,0.7956,0.7837,0.7863,96121.53
2023-09-18 01:00:00,0.7863,0.7926,0.7853,0.792,121336.81
2023-09-18 02:00:00,0.792,0.8087,0.7913,0.806,326252.18
2023-09-18 03:00:00,0.806,0.8122,0.8034,0.8103,175321.73
2023-09-18 04:00:00,0.8103,0.8132,0.8056,0.8086,76871.31
2023-09-18 05:00:00,0.8086,0.8125,0.8073,0.8074,122816.54
2023-09-18 06:00:00,0.8074,0.8128,0.8066,0.8102,376240.09
2023-09-18 07:00:00,0.8102,0.82,0.8102,0.8147,180779.16
2023-09-18 08:00:00,0.8147,0.8166,0.8116,0.8142,88113.36
2023-09-18 09:00:00,0.8142,0.8226,0.814,0.8204,330382.94
2023-09-18 10:00:00,0.8204,0.8264,0.8195,0.824,575001.82
2023-09-18 11:00:00,0.824,0.8287,0.821,0.8283,240029.32
2023-09-18 12:00:00,0.8283,0.8347,0.8234,0.8331,566820.57
2023-09-18 13:00:00,0.8331,0.8345,0.8233,0.8256,329133.89
2023-09-18 14:00:00,0.8256,0.8311,0.8217,0.8303,136016.92
2023-09-18 15:00:00,0.8303,0.8363,0.8303,0.8326,169490.21
2023-09-18 16:00:00,0.8326,0.8398,0.8308,0.8382,174557.14
2023-09-18 17:00:00,0.8382,0.8389,0.8195,0.8232,550965.06
2023-09-18 18:00:00,0.8232,0.8283,0.8201,0.8241,64635.25
2023-09-18 19:00:00,0.8241,0.8347,0.8229,0.8313,97091.54
2023-09-18 20:00:00,0.8313,0.8335,0.827,0.8285,123356.68
2023-09-18 21:00:00,0.8285,0.8325,0.8263,0.8323,82729.25
2023-09-18 22:00:00,0.8323,0.8341,0.8274,0.833,82846.54
2023-09-18 23:00:00,0.833,0.8331,0.8212,0.8226,53588.57
2023-09-19 00:00:00,0.8226,0.8257,0.8176,0.8218,154473.86
2023-09-19 01:00:00,0.8218,0.8287,0.8197,0.8276,237786.4
2023-09-19 02:00:00,0.8276,0.8323,0.8273,0.8313,203620.41
2023-09-19 03:00:00,0.8313,0.8319,0.8272,0.8297,264966.34
2023-09-19 04:00:00,0.8297,0.8341,0.8282,0.834,242988.1
2023-09-19 05:00:00,0.834,0.8346,0.8283,0.8288,99571.52
2023-09-19 06:00:00,0.8288,0.8333,0.8273,0.8329,182928.37
2023-09-19 07:00:00,0.8329,0.8386,0.8322,0.8351,106015.3
2023-09-19 08:00:00,0.8351,0.8415,0.8346,0.8411,267307.61
2023-09-19 09:00:00,0.8411,0.8507,0.8403,0.8459,379549.46
2023-09-19 10:00:00,0.8459,0.8472,0.8375,0.8418,175347.74
2023-09-19 11:00:00,0.8418,0.8446,0.838,0.8446,264746.29
2023-09-19 12:00:00,0.8446,0.8497,0.8399,0.8428,452494.48
2023-09-19 13:00:00,0.8428,0.8452,0.8358,0.8364,235834.93
2023-09-19 14:00:00,0.8364,0.8414,0.8331,0.8375,301551.31
2023-09-19 15:00:00,0.8375,0.8454,0.8367,0.8443,349345.19
2023-09-19 16:00:00,0.8443,0.8453,0.8388,0.8415,302191.27
2023-09-19 17:00:00,0.8415,0.8435,0.8364,0.8425,227885.87
2023-09-19 18:00:00,0.8425,0.8494,0.8411,0.8471,110878.31
2023-09-19 19:00:00,0.8471,0.849,0.8422,0.8481,35286.14
2023-09-19 20:00:00,0.8481,0.849,0.8429,0.849,123954.02
2023-09-19 21:00:00,0.849,0.8576,0.8448,0.8557,244761.56
2023-09-19 22:00:00,0.8557,0.8562,0.8506,0.8546,108341.62
2023-09-19 23:00:00,0.8546,0.8633,0.8543,0.8624,176308.45
2023-09-20 00:00:00,0.8624,0.8675,0.8585,0.8594,214259.46
2023-09-20 01:00:00,0.8594,0.8688,0.8581,0.8684,205126.25
2023-09-20 02:00:00,0.8684,0.8689,0.8546,0.8553,485281.72
2023-09-20 03:00:00,0.8553,0.8579,0.85,0.8541,314138.42
2023-09-20 04:00:00,0.8541,0.859,0.8509,0.8536,471467.38
2023-09-20 05:00:00,0.8536,0.8567,0.8527,0.8531,57905.73
2023-09-20 06:00:00,0.8531,0.8548,0.8479,0.8514,278795.33
2023-09-20 07:00:00,0.8514,0.8529,0.8486,0.8491,182432.92
2023-09-20 08:00:00,0.8491,0.8544,0.8484,0.8525,69272.18
2023-09-20 09:00:00,0.8525,0.8538,0.837,0.8434,615601.55
2023-09-20 10:00:00,0.8434,0.8436,0.8358,0.8399,838044.63
2023-09-20 11:00:00,0.8399,0.8426,0.8379,0.842,179457.16
2023-09-20 12:00:00,0.842,0.8436,0.8333,0.8375,224667.54
2023-09-20 13:00:00,0.8375,0.8459,0.8343,0.8459,190754.27
2023-09-20 14:00:00,0.8459,0.8498,0.8433,0.8467,233932.92
2023-09-20 15:00:00,0.8467,0.8506,0.8461,0.8479,102839.97
2023-09-20 16:00:00,0.8479,0.8483,0.8392,0.8412,381496.67
2023-09-20 17:00:00,0.8412,0.8479,0.8402,0.8452,66611.01
2023-09-20 18:00:00,0.8452,0.8531,0.8415,0.8505,331525.03
2023-09-20 19:00:00,0.8505,0.8517,0.8343,0.8403,529708.04
2023-09-20 20:00:00,0.8403,0.8505,0.8403,0.8504,43165.52
2023-09-20 21:00:00,0.8504,0.8552,0.8477,0.8539,442834.1
2023-09-20 22:00:00,0.8539,0.8555,0.8525,0.8549,98633.34
2023-09-20 23:00:00,0.8549,0.8597,0.8547,0.8591,373641.67
2023-09-21 00:00:00,0.8591,0.8648,0.8567,0.8568,332107.45
2023-09-21 01:00:00,0.8568,0.8588,0.8496,0.85,279235.57
2023-09-21 02:00:00,0.85,0.8536,0.8431,0.8439,282136.66
2023-09-21 03:00:00,0.8439,0.8486,0.843,0.8484,104491.95
2023-09-21 04:00:00,0.8484,0.8486,0.8444,0.8474,75494.35
2023-09-21 05:00:00,0.8474,0.8475,0.8388,0.8419,994615.89
2023-09-21 06:00:00,0.8419,0.842,0.835,0.8397,387433.12
2023-09-21 07:00:00,0.8397,0.84,0.8348,0.8365,193255.12
2023-09-21 08:00:00,0.8365,0.8402,0.834,0.8361,212493.54
2023-09-21 09:00:00,0.8361,0.8365,0.8225,0.8236,701946.73
2023-09-21 10:00:00,0.8236,0.8272,0.813,0.8136,923600.07
2023-09-21 11:00:00,0.8136,0.821,0.8122,0.8192,297812.81
2023-09-21 12:00:00,0.8192,0.8206,0.815,0.8196,91503.57
2023-09-21 13:00:00,0.8196,0.8196,0.8078,0.8162,432957.77
2023-09-21 14:00:00,0.8162,0.8214,0.815,0.8211,221684.37
2023-09-21 15:00:00,0.8211,0.8248,0.8199,0.8233,126099.76
2023-09-21 16:00:00,0.8233,0.8238,0.8206,0.8232,91690.04
2023-09-21 17:00:00,0.8232,0.8299,0.8228,0.8247,115785.04
2023-09-21 18:00:00,0.8247,0.8278,0.8238,0.8265,19587.7
2023-09-21 19:00:00,0.8265,0.8304,0.8244,0.8299,74370.79
2023-09-21 20:00:00,0.8299,0.8302,0.822,0.8271,88681.33
2023-09-21 21:00:00,0.8271,0.8285,0.8208,0.8266,165578.89
2023-09-21 22:00:00,0.8266,0.8267,0.824,0.8256,30430.07
2023-09-21 23:00:00,0.8256,0.8278,0.8205,0.8211,144641.54
2023-09-22 00:00:00,0.8211,0.8256,0.8138,0.8255,67993.46
2023-09-22 01:00:00,0.8255,0.8289,0.8213,0.8275,66965.56
2023-09-22 02:00:00,0.8275,0.8292,0.8247,0.8265,23274.18
2023-09-22 03:00:00,0.8265,0.8344,0.8265,0.8341,250922.96
2023-09-22 04:00:00,0.8341,0.836,0.8323,0.833,160800.49
2023-09-22 05:00:00,0.833,0.8344,0.8301,0.8344,94483.4
2023-09-22 06:00:00,0.8344,0.8347,0.831,0.8324,88711.33
2023-09-22 07:00:00,0.8324,0.8386,0.8308,0.8376,148823.97
2023-09-22 08:00:00,0.8376,0.8439,0.8375,0.8421,518889.27
2023-09-22 09:00:00,0.8421,0.8424,0.8382,0.8401,203837.99
2023-09-22 10:00:00,0.8401,0.8418,0.8352,0.8353,146151.25
2023-09-22 11:00:00,0.8353,0.8416,0.8353,0.8415,98309.07
2023-09-22 12:00:00,0.8415,0.8427,0.8387,0.8392,136634.96
2023-09-22 13:00:00,0.8392,0.8416,0.8373,0.8416,395557.96
2023-09-22 14:00:00,0.8416,0.847,0.8376,0.8399,780083.99
2023-09-22 15:00:00,0.8399,0.843,0.8382,0.8382,261817.99
2023-09-22 16:00:00,0.8382,0.8403,0.8315,0.8329,323434.48
2023-09-22 17:00:00,0.8329,0.835,0.8316,0.8349,180149.99
2023-09-22 18:00:00,0.8349,0.8377,0.8338,0.8377,67759.43
2023-09-22 19:00:00,0.8377,0.8416,0.837,0.838,175033.77
2023-09-22 20:00:00,0.838,0.842,0.8336,0.8356,101183.84
2023-09-22 21:00:00,0.8356,0.8405,0.8327,0.8399,77477.38
2023-09-22 22:00:00,0.8399,0.8425,0.8381,0.8417,47913.19
2023-09-22 23:00:00,0.8417,0.8422,0.8383,0.839,66828.64
2023-09-23 00:00:00,0.839,0.848,0.839,0.8435,399898.54
2023-09-23 01:00:00,0.8435,0.8455,0.8395,0.8434,170937.34
2023-09-23 02:00:00,0.8434,0.8435,0.8336,0.8361,228602.53
2023-09-23 03:00:00,0.8361,0.8369,0.8316,0.8339,110522.97
2023-09-23 04:00:00,0.8339,0.8361,0.8317,0.8355,40295.49
2023-09-23 05:00:00,0.8355,0.8373,0.834,0.8344,82572.75
2023-09-23 06:00:00,0.8344,0.8362,0.8331,0.8337,151874.71
2023-09-23 07:00:00,0.8337,0.8337,0.8298,0.8323,327288.3
2023-09-23 08:00:00,0.8323,0.8327,0.8298,0.8315,217747.7
2023-09-23 09:00:00,0.8315,0.8326,0.8296,0.8303,109535.62
2023-09-23 10:00:00,0.8303,0.8316,0.8296,0.83,18619.32
2023-09-23 11:00:00,0.83,0.8302,0.8278,0.8298,80836.5
2023-09-23 12:00:00,0.8298,0.8307,0.8274,0.8284,62250.6
2023-09-23 13:00:00,0.8284,0.8289,0.8237,0.824,290202.93
2023-09-23 14:00:00,0.824,0.8255,0.8214,0.8223,128558.33
2023-09-23 15:00:00,0.8223,0.8227,0.8192,0.8205,207164.32
2023-09-23 16:00:00,0.8205,0.8225,0.816,0.8224,296080.48
2023-09-23 17:00:00,0.8224,0.824,0.8198,0.8233,251924.13
2023-09-23 18:00:00,0.8233,0.8256,0.8198,0.821,150809.65
2023-09-23 19:00:00,0.821,0.8231,0.8203,0.8219,29356.84
2023-09-23 20:00:00,0.8219,0.8224,0.819,0.8194,46306.55
2023-09-23 21:00:00,0.8194,0.8217,0.8181,0.8207,21971.61
2023-09-23 22:00:00,0.8207,0.8225,0.8192,0.8196,44534.53
2023-09-23 23:00:00,0.8196,0.8209,0.8179,0.82,39931.57
2023-09-24 00:00:00,0.82,0.82,0.8137,0.817,132316.57
2023-09-24 01:00:00,0.817,0.819,0.8141,0.819,100737.57
2023-09-24 02:00:00,0.819,0.8205,0.8165,0.8171,85350.39
2023-09-24 03:00:00,0.8171,0.8185,0.8162,0.8166,31254.96
2023-09-24 04:00:00,0.8166,0.8177,0.8147,0.8164,32009.86
2023-09-24 05:00:00,0.8164,0.8219,0.8161,0.8214,47990.07
2023-09-24 06:00:00,0.8214,0.8236,0.8201,0.8223,143560.64
2023-09-24 07:00:00,0.8223,0.8238,0.8209,0.8228,82999.24
2023-09-24 08:00:00,0.8228,0.8272,0.8226,0.8272,104590.03
2023-09-24 09:00:00,0.8272,0.8278,0.8242,0.8245,78539.1
2023-09-24 10:00:00,0.8245,0.8258,0.823,0.8244,22617.32
2023-09-24 11:00:00,0.8244,0.8285,0.8244,0.8282,67656.24
2023-09-24 12:00:00,0.8282,0.831,0.8241,0.8267,877385.82
2023-09-24 13:00:00,0.8267,0.8269,0.8199,0.8203,195414.32
2023-09-24 14:00:00,0.8203,0.8211,0.8185,0.8207,143564.61
2023-09-24 15:00:00,0.8207,0.8207,0.817,0.8195,151715.08
2023-09-24 16:00:00,0.8195,0.8201,0.8177,0.8184,49612.93
2023-09-24 17:00:00,0.8184,0.8238,0.8171,0.8226,108555.33
2023-09-24 18:00:00,0.8226,0.8263,0.8146,0.8197,628752.77
2023-09-24 19:00:00,0.8197,0.8201,0.8119,0.8148,180198.78
2023-09-24 20:00:00,0.8148,0.8175,0.8097,0.8167,214961.8
2023-09-24 21:00:00,0.8167,0.819,0.8143,0.8189,69668.57
2023-09-24 22:00:00,0.8189,0.8193,0.8154,0.8163,86393.01
2023-09-24 23:00:00,0.8163,0.8163,0.8005,0.8069,303790.42
2023-09-25 00:00:00,0.8069,0.8145,0.798,0.8143,448068.73
2023-09-25 01:00:00,0.8143,0.8191,0.8102,0.8102,301510.12
2023-09-25 02:00:00,0.8102,0.814,0.8095,0.8129,43718.71
2023-09-25 03:00:00,0.8129,0.8172,0.8095,0.8102,113658.41
2023-09-25 04:00:00,0.8102,0.814,0.8093,0.8125,83089.99
2023-09-25 05:00:00,0.8125,0.8126,0.8074,0.8093,61695.42
2023-09-25 06:00:00,0.8093,0.8109,0.8053,0.8105,110092.4
2023-09-25 07:00:00,0.8105,0.8149,0.808,0.8149,170721.98
2023-09-25 08:00:00,0.8149,0.8173,0.8116,0.816,107807.85
2023-09-25 09:00:00,0.816,0.8162,0.8119,0.8122,82447.57
2023-09-25 10:00:00,0.8122,0.8147,0.8117,0.8138,29191.6
2023-09-25 11:00:00,0.8138,0.8142,0.8073,0.8093,168125.53
2023-09-25 12:00:00,0.8093,0.8121,0.8051,0.808,98473.44
2023-09-25 13:00:00,0.808,0.8103,0.8061,0.8101,347800.8
2023-09-25 14:00:00,0.8101,0.8116,0.8056,0.806,239302.45
2023-09-25 15:00:00,0.806,0.8134,0.806,0.8103,155638.99
2023-09-25 16:00:00,0.8103,0.8165,0.8103,0.8135,310190.79
2023-09-25 17:00:00,0.8135,0.8162,0.81,0.8122,91573.1
2023-09-25 18:00:00,0.8122,0.8132,0.8105,0.812,22666.85
2023-09-25 19:00:00,0.812,0.8122,0.8087,0.8104,67312.89
2023-09-25 20:00:00,0.8104,0.8127,0.807,0.807,70991.28
2023-09-25 21:00:00,0.807,0.8074,0.8024,0.8028,98946.08
2023-09-25 22:00:00,0.8028,0.8054,0.8027,0.8028,89506.56
2023-09-25 23:00:00,0.8028,0.8068,0.8027,0.8059,254139.53
2023-09-26 00:00:00,0.8059,0.809,0.8042,0.8081,120840.72
2023-09-26 01:00:00,0.8081,0.8166,0.8067,0.8164,163193.48
2023-09-26 02:00:00,0.8164,0.8188,0.8145,0.8185,189575.36
2023-09-26 03:00:00,0.8185,0.8208,0.8169,0.8179,126098.05
2023-09-26 04:00:00,0.8179,0.8189,0.815,0.8173,28432.52
2023-09-26 05:00:00,0.8173,0.8201,0.8156,0.818,58434.56
2023-09-26 06:00:00,0.818,0.8201,0.8155,0.8166,73163.69
2023-09-26 07:00:00,0.8166,0.8171,0.8137,0.8153,54022.0
2023-09-26 08:00:00,0.8153,0.8202,0.8138,0.8178,70137.68
2023-09-26 09:00:00,0.8178,0.8227,0.8111,0.8206,276896.99
2023-09-26 10:00:00,0.8206,0.8208,0.8155,0.816,71873.75
2023-09-26 11:00:00,0.816,0.8175,0.8134,0.8172,251639.15
2023-09-26 12:00:00,0.8172,0.8241,0.8155,0.8196,1215838.73
2023-09-26 13:00:00,0.8196,0.8251,0.8177,0.8199,311120.91
2023-09-26 14:00:00,0.8199,0.8205,0.8157,0.8187,110492.17
2023-09-26 15:00:00,0.8187,0.819,0.8125,0.8147,138176.17
2023-09-26 16:00:00,0.8147,0.8205,0.8133,0.8191,181711.12
2023-09-26 17:00:00,0.8191,0.8206,0.8151,0.8174,123007.58
2023-09-26 18:00:00,0.8174,0.8194,0.8155,0.8177,35582.88
2023-09-26 19:00:00,0.8177,0.8229,0.8167,0.8223,43270.32
2023-09-26 20:00:00,0.8223,0.8232,0.8187,0.8191,183964.42
2023-09-26 21:00:00,0.8191,0.8219,0.8144,0.8214,94188.82
2023-09-26 22:00:00,0.8214,0.8245,0.8194,0.8194,91191.91
2023-09-26 23:00:00,0.8194,0.8262,0.8188,0.8256,113229.02
2023-09-27 00:00:00,0.8256,0.8306,0.8243,0.8298,324947.98
2023-09-27 01:00:00,0.8298,0.8301,0.8228,0.8228,205219.54
2023-09-27 02:00:00,0.8228,0.8239,0.8205,0.8206,60031.56
2023-09-27 03:00:00,0.8206,0.8251,0.8206,0.8242,208818.25
2023-09-27 04:00:00,0.8242,0.8249,0.8199,0.8211,109483.18
2023-09-27 05:00:00,0.8211,0.8215,0.8197,0.8213,71000.72
2023-09-27 06:00:00,0.8213,0.8228,0.8198,0.8223,93617.84
2023-09-27 07:00:00,0.8223,0.825,0.8209,0.8243,105689.79
2023-09-27 08:00:00,0.8243,0.8245,0.8206,0.8215,120302.72
2023-09-27 09:00:00,0.8215,0.8361,0.8213,0.8339,267145.78
2023-09-27 10:00:00,0.8339,0.8387,0.8329,0.8347,256680.1
2023-09-27 11:00:00,0.8347,0.8428,0.8336,0.8426,187477.76
2023-09-27 12:00:00,0.8426,0.8428,0.8382,0.8387,217522.15
2023-09-27 13:00:00,0.8387,0.8425,0.8335,0.8349,107373.75
2023-09-27 14:00:00,0.8349,0.837,0.8164,0.8184,524218.14
2023-09-27 15:00:00,0.8184,0.8242,0.817,0.8223,81255.39
2023-09-27 16:00:00,0.8223,0.8239,0.8186,0.8195,138541.23
2023-09-27 17:00:00,0.8195,0.8205,0.8152,0.8161,105700.55
2023-09-27 18:00:00,0.8161,0.8185,0.8102,0.8176,163976.52
2023-09-27 19:00:00,0.8176,0.8217,0.8171,0.8205,96847.38
2023-09-27 20:00:00,0.8205,0.8217,0.8148,0.8165,48525.65
2023-09-27 21:00:00,0.8165,0.8167,0.8131,0.8141,51238.85
2023-09-27 22:00:00,0.8141,0.8164,0.8137,0.8163,59790.43
2023-09-27 23:00:00,0.8163,0.8179,0.8138,0.8179,143042.02
2023-09-28 00:00:00,0.8179,0.8231,0.8155,0.8215,209987.16
2023-09-28 01:00:00,0.8215,0.8258,0.818,0.8258,92936.23
2023-09-28 02:00:00,0.8258,0.829,0.8197,0.821,163472.18
2023-09-28 03:00:00,0.821,0.8223,0.8177,0.8186,31884.93
2023-09-28 04:00:00,0.8186,0.8223,0.8167,0.8214,24956.33
2023-09-28 05:00:00,0.8214,0.8263,0.8208,0.8238,63869.86
2023-09-28 06:00:00,0.8238,0.8295,0.8236,0.8288,70123.42
2023-09-28 07:00:00,0.8288,0.8323,0.8271,0.8319,150908.95
2023-09-28 08:00:00,0.8319,0.832,0.8269,0.8296,87493.31
2023-09-28 09:00:00,0.8296,0.834,0.8293,0.8335,105081.84
2023-09-28 10:00:00,0.8335,0.84,0.832,0.8366,303432.71
2023-09-28 11:00:00,0.8366,0.8384,0.8309,0.832,92335.93
2023-09-28 12:00:00,0.832,0.8383,0.832,0.8332,159786.32
2023-09-28 13:00:00,0.8332,0.8359,0.832,0.8358,71646.75
2023-09-28 14:00:00,0.8358,0.8594,0.8347,0.8549,862143.8
2023-09-28 15:00:00,0.8549,0.881,0.8516,0.8765,604097.35
2023-09-28 16:00:00,0.8765,0.9019,0.8765,0.8968,1226273.88
2023-09-28 17:00:00,0.8968,0.8986,0.8891,0.8957,405619.98
2023-09-28 18:00:00,0.8957,0.8969,0.8767,0.8812,436347.59
2023-09-28 19:00:00,0.8812,0.8926,0.8808,0.8906,924886.29
2023-09-28 20:00:00,0.8906,0.895,0.8841,0.8875,861983.23
2023-09-28 21:00:00,0.8875,0.8888,0.8798,0.8845,205634.73
2023-09-28 22:00:00,0.8845,0.8874,0.8809,0.8841,306575.15
2023-09-28 23:00:00,0.8841,0.8925,0.8811,0.8917,467801.76
2023-09-29 00:00:00,0.8917,0.8936,0.8813,0.8855,487319.88
2023-09-29 01:00:00,0.8855,0.9013,0.8811,0.9006,566631.66
2023-09-29 02:00:00,0.9006,0.9064,0.8867,0.8867,857582.44
2023-09-29 03:00:00,0.8867,0.8952,0.8861,0.8922,202075.9
2023-09-29 04:00:00,0.8922,0.9005,0.8893,0.9002,137664.31
2023-09-29 05:00:00,0.9002,0.9051,0.896,0.9037,571072.41
2023-09-29 06:00:00,0.9037,0.9129,0.8958,0.9008,964901.64
2023-09-29 07:00:00,0.9008,0.9125,0.8984,0.9106,572721.94
2023-09-29 08:00:00,0.9106,0.9113,0.897,0.897,499975.55
2023-09-29 09:00:00,0.897,0.8991,0.8926,0.8952,529795.75
2023-09-29 10:00:00,0.8952,0.8956,0.8915,0.8919,224757.5
2023-09-29 11:00:00,0.8919,0.8934,0.8875,0.8887,435397.82
2023-09-29 12:00:00,0.8887,0.8977,0.8857,0.8973,619156.5
2023-09-29 13:00:00,0.8973,0.9052,0.8937,0.8989,539994.17
2023-09-29 14:00:00,0.8989,0.9111,0.8868,0.9071,669438.27
2023-09-29 15:00:00,0.9071,0.9106,0.8983,0.9,175453.78
2023-09-29 16:00:00,0.9,0.9045,0.8935,0.8963,186084.71
2023-09-29 17:00:00,0.8963,0.8982,0.8944,0.8946,135809.91
2023-09-29 18:00:00,0.8946,0.9032,0.8912,0.9009,283550.53
2023-09-29 19:00:00,0.9009,0.9061,0.8996,0.9032,61777.23
2023-09-29 20:00:00,0.9032,0.9072,0.9,0.9046,170859.03
2023-09-29 21:00:00,0.9046,0.9067,0.899,0.8993,813588.41
2023-09-29 22:00:00,0.8993,0.9039,0.8993,0.9031,102707.71
2023-09-29 23:00:00,0.9031,0.9043,0.9008,0.9016,164631.23
2023-09-30 00:00:00,0.9016,0.915,0.9012,0.9108,185303.75
2023-09-30 01:00:00,0.9108,0.9112,0.8951,0.8955,214952.23
2023-09-30 02:00:00,0.8955,0.899,0.8934,0.8986,156702.42
2023-09-30 03:00:00,0.8986,0.9022,0.8969,0.8982,101665.83
2023-09-30 04:00:00,0.8982,0.8989,0.896,0.8981,33830.89
2023-09-30 05:00:00,0.8981,0.8989,0.8922,0.8949,180403.7
2023-09-30 06:00:00,0.8949,0.8975,0.8929,0.8932,110426.17
2023-09-30 07:00:00,0.8932,0.8957,0.8907,0.895,793620.22
2023-09-30 08:00:00,0.895,0.8961,0.8917,0.8957,107610.12
2023-09-30 09:00:00,0.8957,0.9025,0.8941,0.9022,102485.76
2023-09-30 10:00:00,0.9022,0.9039,0.8998,0.9034,115939.54
2023-09-30 11:00:00,0.9034,0.9056,0.8978,0.9,473731.48
2023-09-30 12:00:00,0.9,0.9071,0.8999,0.9056,375851.41
2023-09-30 13:00:00,0.9056,0.915,0.905,0.9133,474030.11
2023-09-30 14:00:00,0.9133,0.9175,0.9111,0.9143,620080.74
2023-09-30 15:00:00,0.9143,0.9226,0.9131,0.9156,443525.0
2023-09-30 16:00:00,0.9156,0.9228,0.9154,0.9191,174136.35
2023-09-30 17:00:00,0.9191,0.9218,0.9122,0.92,316616.98
2023-09-30 18:00:00,0.92,0.9236,0.915,0.9175,244456.49
2023-09-30 19:00:00,0.9175,0.9188,0.9139,0.9139,52377.34
2023-09-30 20:00:00,0.9139,0.9166,0.912,0.9161,58315.06
2023-09-30 21:00:00,0.9161,0.9168,0.9065,0.9088,345769.87
2023-09-30 22:00:00,0.9088,0.915,0.9074,0.9119,392113.29
2023-09-30 23:00:00,0.9119,0.9124,0.9051,0.9071,218022.49
2023-10-01 00:00:00,0.9071,0.9114,0.9057,0.9112,90631.66
2023-10-01 01:00:00,0.9112,0.9148,0.911,0.9131,90047.34
2023-10-01 02:00:00,0.9131,0.9185,0.9117,0.9156,133235.73
2023-10-01 03:00:00,0.9156,0.9234,0.9128,0.9233,142769.51
2023-10-01 04:00:00,0.9233,0.9268,0.9203,0.9222,341194.09
2023-10-01 05:00:00,0.9222,0.9443,0.9213,0.9358,519783.13
2023-10-01 06:00:00,0.9358,0.9367,0.9316,0.9339,103641.0
2023-10-01 07:00:00,0.9339,0.935,0.9289,0.929,232953.3
2023-10-01 08:00:00,0.929,0.9351,0.9268,0.9327,335544.03
2023-10-01 09:00:00,0.9327,0.9567,0.9326,0.9561,1998643.62
2023-10-01 10:00:00,0.9561,0.967,0.9485,0.9547,1152659.14
2023-10-01 11:00:00,0.9547,0.9586,0.9505,0.9505,335006.21
2023-10-01 12:00:00,0.9505,0.9524,0.9448,0.946,515768.77
2023-10-01 13:00:00,0.946,0.9484,0.9425,0.947,263682.12
2023-10-01 14:00:00,0.947,0.9488,0.9383,0.943,893149.66
2023-10-01 15:00:00,0.943,0.9464,0.942,0.9463,215623.19
2023-10-01 16:00:00,0.9463,0.9469,0.94,0.9436,347933.44
2023-10-01 17:00:00,0.9436,0.9477,0.9307,0.9335,359629.03
2023-10-01 18:00:00,0.9335,0.939,0.933,0.9376,115381.83
2023-10-01 19:00:00,0.9376,0.9395,0.9347,0.9381,56181.83
2023-10-01 20:00:00,0.9381,0.9453,0.9324,0.943,121746.33
2023-10-01 21:00:00,0.943,0.9491,0.9421,0.9491,75940.85
2023-10-01 22:00:00,0.9491,0.9837,0.9482,0.9783,964847.44
2023-10-01 23:00:00,0.9783,0.9792,0.9635,0.9679,372937.45
2023-10-02 00:00:00,0.9679,0.9706,0.9588,0.9611,541228.98
2023-10-02 01:00:00,0.9611,0.9646,0.954,0.9575,271473.14
2023-10-02 02:00:00,0.9575,0.9618,0.9557,0.9604,202342.02
2023-10-02 03:00:00,0.9604,0.9656,0.9579,0.9636,228411.11
2023-10-02 04:00:00,0.9636,0.9636,0.9489,0.954,468857.65
2023-10-02 05:00:00,0.954,0.9567,0.9448,0.95,327178.19
2023-10-02 06:00:00,0.95,0.9575,0.9487,0.9572,225657.86
2023-10-02 07:00:00,0.9572,0.969,0.9557,0.9663,309147.57
2023-10-02 08:00:00,0.9663,0.9736,0.9618,0.9661,355532.03
2023-10-02 09:00:00,0.9661,0.9715,0.9627,0.9695,202022.61
2023-10-02 10:00:00,0.9695,0.9838,0.9695,0.9754,541898.67
2023-10-02 11:00:00,0.9754,0.983,0.9703,0.972,1296196.95
2023-10-02 12:00:00,0.972,0.9864,0.9699,0.981,1187950.35
2023-10-02 13:00:00,0.981,0.982,0.9709,0.9753,1144013.94
2023-10-02 14:00:00,0.9753,0.9761,0.9603,0.9688,1405429.94
2023-10-02 15:00:00,0.9688,0.9716,0.946,0.9509,726091.75
2023-10-02 16:00:00,0.9509,0.9539,0.9392,0.9471,498581.16
2023-10-02 17:00:00,0.9471,0.9482,0.9391,0.9439,258840.24
2023-10-02 18:00:00,0.9439,0.9439,0.9087,0.9237,1518131.2
2023-10-02 19:00:00,0.9237,0.934,0.9189,0.9339,430345.44
2023-10-02 20:00:00,0.9339,0.9339,0.9269,0.9288,224037.46
2023-10-02 21:00:00,0.9288,0.9315,0.9154,0.9259,537491.69
2023-10-02 22:00:00,0.9259,0.9298,0.9239,0.9278,131832.72
2023-10-02 23:00:00,0.9278,0.9339,0.9268,0.9302,146673.59
2023-10-03 00:00:00,0.9302,0.9352,0.9278,0.9351,315486.94
2023-10-03 01:00:00,0.9351,0.9425,0.9304,0.9416,375679.35
2023-10-03 02:00:00,0.9416,0.9438,0.9382,0.9399,191724.24
2023-10-03 03:00:00,0.9399,0.9401,0.9332,0.9367,146566.1
2023-10-03 04:00:00,0.9367,0.9383,0.9286,0.9347,228031.98
2023-10-03 05:00:00,0.9347,0.9353,0.9232,0.9232,300839.95
2023-10-03 06:00:00,0.9232,0.9315,0.9214,0.9291,218354.45
2023-10-03 07:00:00,0.9291,0.9299,0.92,0.9209,190170.57
2023-10-03 08:00:00,0.9209,0.9307,0.9208,0.9286,155277.88
2023-10-03 09:00:00,0.9286,0.9312,0.9261,0.9266,133661.44
2023-10-03 10:00:00,0.9266,0.929,0.922,0.9252,100671.96
2023-10-03 11:00:00,0.9252,0.9255,0.9141,0.9212,522022.98
2023-10-03 12:00:00,0.9212,0.9213,0.911,0.9191,313213.36
2023-10-03 13:00:00,0.9191,0.9257,0.9169,0.9198,271778.0
2023-10-03 14:00:00,0.9198,0.9198,0.9031,0.909,617674.82
2023-10-03 15:00:00,0.909,0.9142,0.9011,0.905,385702.8
2023-10-03 16:00:00,0.905,0.9111,0.9029,0.9077,340178.26
2023-10-03 17:00:00,0.9077,0.9131,0.9074,0.9102,77893.58
2023-10-03 18:00:00,0.9102,0.9116,0.9031,0.9031,135635.47
2023-10-03 19:00:00,0.9031,0.9095,0.9019,0.9038,83378.98
2023-10-03 20:00:00,0.9038,0.911,0.8969,0.9078,471270.81
2023-10-03 21:00:00,0.9078,0.9104,0.906,0.9072,30841.86
2023-10-03 22:00:00,0.9072,0.909,0.9008,0.9089,233347.83
2023-10-03 23:00:00,0.9089,0.9118,0.9038,0.9046,255832.7
2023-10-04 00:00:00,0.9046,0.9064,0.8533,0.8702,1778312.41
2023-10-04 01:00:00,0.8702,0.879,0.8668,0.8749,145546.72
2023-10-04 02:00:00,0.8749,0.8829,0.8737,0.8762,85635.92
2023-10-04 03:00:00,0.8762,0.883,0.8762,0.8786,92542.99
2023-10-04 04:00:00,0.8786,0.88,0.8761,0.8776,82473.13
2023-10-04 05:00:00,0.8776,0.8813,0.8751,0.8813,84582.61
2023-10-04 06:00:00,0.8813,0.8849,0.8752,0.8847,97217.91
2023-10-04 07:00:00,0.8847,0.887,0.8817,0.8844,66741.17
2023-10-04 08:00:00,0.8844,0.8907,0.8826,0.8886,146338.87
2023-10-04 09:00:00,0.8886,0.8907,0.8866,0.8905,65614.08
2023-10-04 10:00:00,0.8905,0.8914,0.882,0.8825,151245.25
2023-10-04 11:00:00,0.8825,0.8851,0.8806,0.882,131669.4
2023-10-04 12:00:00,0.882,0.8884,0.8802,0.886,298236.77
2023-10-04 13:00:00,0.886,0.886,0.8744,0.8756,351871.48
2023-10-04 14:00:00,0.8756,0.8777,0.8677,0.8707,474745.45
2023-10-04 15:00:00,0.8707,0.8757,0.8669,0.8677,279975.64
2023-10-04 16:00:00,0.8677,0.8793,0.8667,0.8737,357675.53
2023-10-04 17:00:00,0.8737,0.8797,0.8731,0.876,468967.9
2023-10-04 18:00:00,0.876,0.8787,0.8718,0.8764,114995.45
2023-10-04 19:00:00,0.8764,0.8862,0.8745,0.8794,183716.39
2023-10-04 20:00:00,0.8794,0.8832,0.8766,0.8811,105013.06
2023-10-04 21:00:00,0.8811,0.8855,0.8806,0.8827,34384.34
2023-10-04 22:00:00,0.8827,0.8875,0.8824,0.8867,248530.77
2023-10-04 23:00:00,0.8867,0.8896,0.882,0.8825,216612.8
2023-10-05 00:00:00,0.8825,0.8919,0.8801,0.8892,214544.3
2023-10-05 01:00:00,0.8892,0.8896,0.878,0.8809,146900.87
2023-10-05 02:00:00,0.8809,0.8812,0.8741,0.8771,37726.09
2023-10-05 03:00:00,0.8771,0.8794,0.8747,0.8778,117943.28
2023-10-05 04:00:00,0.8778,0.8815,0.8771,0.8815,24034.63
2023-10-05 05:00:00,0.8815,0.8852,0.8801,0.8801,283705.92
2023-10-05 06:00:00,0.8801,0.8809,0.8736,0.8765,289464.96
2023-10-05 07:00:00,0.8765,0.8766,0.8709,0.8766,260719.39
2023-10-05 08:00:00,0.8766,0.8772,0.873,0.875,45333.62
2023-10-05 09:00:00,0.875,0.8809,0.8741,0.8768,426711.49
2023-10-05 10:00:00,0.8768,0.8819,0.8768,0.8819,147053.62
2023-10-05 11:00:00,0.8819,0.8831,0.8787,0.8787,292743.73
2023-10-05 12:00:00,0.8787,0.8805,0.8722,0.8746,144581.15
2023-10-05 13:00:00,0.8746,0.8857,0.8741,0.8804,435978.43
2023-10-05 14:00:00,0.8804,0.885,0.8777,0.8793,463178.34
2023-10-05 15:00:00,0.8793,0.8796,0.8584,0.8644,436504.89
2023-10-05 16:00:00,0.8644,0.8658,0.8565,0.8588,262828.83
2023-10-05 17:00:00,0.8588,0.8624,0.8558,0.86,198508.4
2023-10-05 18:00:00,0.86,0.8606,0.8553,0.8591,159963.08
2023-10-05 19:00:00,0.8591,0.861,0.8579,0.8604,104081.4
2023-10-05 20:00:00,0.8604,0.8628,0.856,0.8582,152036.21
2023-10-05 21:00:00,0.8582,0.8592,0.8561,0.8566,20011.94
2023-10-05 22:00:00,0.8566,0.8604,0.8514,0.8594,229066.45
2023-10-05 23:00:00,0.8594,0.8626,0.8558,0.8564,169414.99
2023-10-06 00:00:00,0.8564,0.8634,0.8564,0.8622,156352.51
2023-10-06 01:00:00,0.8622,0.8699,0.8618,0.8695,251065.73
2023-10-06 02:00:00,0.8695,0.8725,0.8683,0.8703,114627.0
2023-10-06 03:00:00,0.8703,0.8743,0.869,0.8727,78514.39
2023-10-06 04:00:00,0.8727,0.8734,0.8682,0.8696,83733.44
2023-10-06 05:00:00,0.8696,0.8705,0.868,0.8691,325451.58
2023-10-06 06:00:00,0.8691,0.873,0.8673,0.8726,156774.37
2023-10-06 07:00:00,0.8726,0.8813,0.8713,0.8778,529625.52
2023-10-06 08:00:00,0.8778,0.8836,0.8771,0.8774,365370.42
2023-10-06 09:00:00,0.8774,0.8801,0.8765,0.8792,120091.64
2023-10-06 10:00:00,0.8792,0.8831,0.875,0.8751,171282.66
2023-10-06 11:00:00,0.8751,0.8777,0.8738,0.876,199884.14
2023-10-06 12:00:00,0.876,0.8795,0.8622,0.8646,565569.88
2023-10-06 13:00:00,0.8646,0.8787,0.8616,0.8731,442866.07
2023-10-06 14:00:00,0.8731,0.8809,0.8722,0.8765,324675.98
2023-10-06 15:00:00,0.8765,0.8931,0.8758,0.8892,511089.29
2023-10-06 16:00:00,0.8892,0.8924,0.8819,0.8864,311627.58
2023-10-06 17:00:00,0.8864,0.8921,0.8836,0.8876,199573.8
2023-10-06 18:00:00,0.8876,0.8892,0.8851,0.8879,43930.95
2023-10-06 19:00:00,0.8879,0.8926,0.8864,0.8864,43789.82
2023-10-06 20:00:00,0.8864,0.8888,0.8848,0.8874,18444.49
2023-10-06 21:00:00,0.8874,0.8956,0.8857,0.8923,266471.79
2023-10-06 22:00:00,0.8923,0.894,0.8886,0.8886,97629.29
2023-10-06 23:00:00,0.8886,0.8888,0.8856,0.8884,75973.66
2023-10-07 00:00:00,0.8884,0.894,0.8873,0.8882,143384.43
2023-10-07 01:00:00,0.8882,0.8895,0.8823,0.8833,125634.36
2023-10-07 02:00:00,0.8833,0.8849,0.8824,0.8832,198411.15
2023-10-07 03:00:00,0.8832,0.8903,0.8827,0.8865,213477.68
2023-10-07 04:00:00,0.8865,0.8921,0.8865,0.8908,224875.54
2023-10-07 05:00:00,0.8908,0.8932,0.8867,0.8907,224894.86
2023-10-07 06:00:00,0.8907,0.8922,0.888,0.8884,315369.51
2023-10-07 07:00:00,0.8884,0.891,0.8853,0.8857,420838.23
2023-10-07 08:00:00,0.8857,0.8919,0.884,0.8916,186290.66
2023-10-07 09:00:00,0.8916,0.8918,0.8799,0.8812,326625.8
2023-10-07 10:00:00,0.8812,0.8824,0.8784,0.881,195962.35
2023-10-07 11:00:00,0.881,0.8843,0.8785,0.879,335565.11
2023-10-07 12:00:00,0.879,0.8823,0.8783,0.8802,120520.15
2023-10-07 13:00:00,0.8802,0.8816,0.8788,0.8808,130469.17
2023-10-07 14:00:00,0.8808,0.8808,0.8766,0.8802,96278.1
2023-10-07 15:00:00,0.8802,0.8805,0.8746,0.8759,289787.91
2023-10-07 16:00:00,0.8759,0.8767,0.8736,0.8736,191823.77
2023-10-07 17:00:00,0.8736,0.8762,0.8704,0.8745,267910.92
2023-10-07 18:00:00,0.8745,0.8756,0.8698,0.87,167920.62
2023-10-07 19:00:00,0.87,0.87,0.8638,0.8648,258789.91
2023-10-07 20:00:00,0.8648,0.8696,0.8646,0.8694,127799.2
2023-10-07 21:00:00,0.8694,0.8718,0.8692,0.8718,35059.37
2023-10-07 22:00:00,0.8718,0.8721,0.8684,0.8691,34935.32
2023-10-07 23:00:00,0.8691,0.8691,0.8659,0.8675,74828.17
2023-10-08 00:00:00,0.8675,0.8735,0.8656,0.8723,129103.32
2023-10-08 01:00:00,0.8723,0.873,0.8655,0.8702,136136.74
2023-10-08 02:00:00,0.8702,0.874,0.8694,0.8709,118797.19
2023-10-08 03:00:00,0.8709,0.8712,0.8679,0.8685,69362.0
2023-10-08 04:00:00,0.8685,0.8695,0.8616,0.8625,279172.98
2023-10-08 05:00:00,0.8625,0.8632,0.8575,0.8628,134705.56
2023-10-08 06:00:00,0.8628,0.8648,0.8584,0.8584,443993.65
2023-10-08 07:00:00,0.8584,0.8613,0.8576,0.8602,102830.41
2023-10-08 08:00:00,0.8602,0.8642,0.8588,0.8627,67456.21
2023-10-08 09:00:00,0.8627,0.864,0.8556,0.8572,302218.41
2023-10-08 10:00:00,0.8572,0.8584,0.8437,0.8444,480786.23
2023-10-08 11:00:00,0.8444,0.8474,0.8369,0.8401,280910.3
2023-10-08 12:00:00,0.8401,0.8452,0.8394,0.841,203998.18
2023-10-08 13:00:00,0.841,0.8533,0.8378,0.85,840777.49
2023-10-08 14:00:00,0.85,0.8542,0.8474,0.8517,236161.49
2023-10-08 15:00:00,0.8517,0.8529,0.8454,0.8471,536148.07
2023-10-08 16:00:00,0.8471,0.8496,0.8445,0.8479,75282.51
2023-10-08 17:00:00,0.8479,0.8492,0.8467,0.8474,133212.46
2023-10-08 18:00:00,0.8474,0.8478,0.8449,0.8478,31956.15
2023-10-08 19:00:00,0.8478,0.8506,0.8478,0.8496,320008.96
2023-10-08 20:00:00,0.8496,0.853,0.8478,0.8523,167763.58
2023-10-08 21:00:00,0.8523,0.8534,0.8476,0.8476,71201.96
2023-10-08 22:00:00,0.8476,0.8495,0.8454,0.8467,29562.28
2023-10-08 23:00:00,0.8467,0.8488,0.8437,0.8463,46893.74
2023-10-09 00:00:00,0.8463,0.8463,0.8393,0.8411,289818.87
2023-10-09 01:00:00,0.8411,0.8481,0.8396,0.8463,185955.02
2023-10-09 02:00:00,0.8463,0.8486,0.8457,0.8476,65066.37
2023-10-09 03:00:00,0.8476,0.8526,0.8476,0.8507,159406.49
2023-10-09 04:00:00,0.8507,0.8551,0.8507,0.8531,364480.9
2023-10-09 05:00:00,0.8531,0.8554,0.8481,0.8482,119922.39
2023-10-09 06:00:00,0.8482,0.8504,0.8473,0.8495,111773.66
2023-10-09 07:00:00,0.8495,0.8513,0.8421,0.8436,113433.61
2023-10-09 08:00:00,0.8436,0.8448,0.8342,0.8382,250268.9
2023-10-09 09:00:00,0.8382,0.8408,0.7945,0.8137,1591075.99
2023-10-09 10:00:00,0.8137,0.8194,0.8104,0.8127,233097.88
2023-10-09 11:00:00,0.8127,0.8139,0.8068,0.8091,249492.41
2023-10-09 12:00:00,0.8091,0.813,0.8053,0.8082,156945.35
2023-10-09 13:00:00,0.8082,0.8138,0.8066,0.8125,75629.73
2023-10-09 14:00:00,0.8125,0.8159,0.8073,0.8089,207078.73
2023-10-09 15:00:00,0.8089,0.81,0.8058,0.8066,97342.71
2023-10-09 16:00:00,0.8066,0.8114,0.7856,0.8038,908084.89
2023-10-09 17:00:00,0.8038,0.8116,0.7978,0.8115,977500.22
2023-10-09 18:00:00,0.8115,0.8162,0.8096,0.8118,122496.9
2023-10-09 19:00:00,0.8118,0.8193,0.8111,0.8176,395227.31
2023-10-09 20:00:00,0.8176,0.8229,0.8132,0.814,818048.93
2023-10-09 21:00:00,0.814,0.8192,0.8091,0.8165,199267.17
2023-10-09 22:00:00,0.8165,0.8183,0.8139,0.8142,41039.3
2023-10-09 23:00:00,0.8142,0.8199,0.8142,0.8178,38772.64
2023-10-10 00:00:00,0.8178,0.8219,0.8144,0.8172,59793.25
2023-10-10 01:00:00,0.8172,0.8181,0.8132,0.8156,50627.47
2023-10-10 02:00:00,0.8156,0.824,0.8137,0.8231,22472.17
2023-10-10 03:00:00,0.8231,0.8242,0.8208,0.8222,126443.83
2023-10-10 04:00:00,0.8222,0.8225,0.8192,0.8193,76092.3
2023-10-10 05:00:00,0.8193,0.8231,0.8193,0.8225,100879.8
2023-10-10 06:00:00,0.8225,0.8277,0.8221,0.8258,53763.47
2023-10-10 07:00:00,0.8258,0.8278,0.8247,0.8249,30780.41
2023-10-10 08:00:00,0.8249,0.829,0.8236,0.8243,137178.84
2023-10-10 09:00:00,0.8243,0.826,0.8226,0.825,283759.63
2023-10-10 10:00:00,0.825,0.8275,0.8225,0.8231,67300.57
2023-10-10 11:00:00,0.8231,0.8237,0.8181,0.8187,198455.69
2023-10-10 12:00:00,0.8187,0.8215,0.8128,0.8141,129669.94
2023-10-10 13:00:00,0.8141,0.8205,0.8133,0.8172,113618.23
2023-10-10 14:00:00,0.8172,0.8286,0.8154,0.8208,170704.55
2023-10-10 15:00:00,0.8208,0.8236,0.8166,0.8169,114701.82
2023-10-10 16:00:00,0.8169,0.8218,0.8133,0.8186,212378.32
2023-10-10 17:00:00,0.8186,0.8208,0.8147,0.8171,48272.39
2023-10-10 18:00:00,0.8171,0.8207,0.8164,0.8201,48633.69
2023-10-10 19:00:00,0.8201,0.8231,0.819,0.8214,34208.84
2023-10-10 20:00:00,0.8214,0.8221,0.8102,0.8171,114583.47
2023-10-10 21:00:00,0.8171,0.8227,0.8154,0.8218,168793.74
2023-10-10 22:00:00,0.8218,0.8273,0.8218,0.8262,146135.17
2023-10-10 23:00:00,0.8262,0.8275,0.8216,0.8222,47627.26
2023-10-11 00:00:00,0.8222,0.8256,0.8209,0.8252,40878.58
2023-10-11 01:00:00,0.8252,0.8257,0.8215,0.8228,39733.26
2023-10-11 02:00:00,0.8228,0.8239,0.802,0.81,231470.09
2023-10-11 03:00:00,0.81,0.8133,0.8074,0.8077,169410.32
2023-10-11 04:00:00,0.8077,0.8149,0.8065,0.8146,70740.39
2023-10-11 05:00:00,0.8146,0.8146,0.807,0.8075,115329.99
2023-10-11 06:00:00,0.8075,0.8089,0.8034,0.8075,249223.6
2023-10-11 07:00:00,0.8075,0.8086,0.8046,0.8063,112017.76
2023-10-11 08:00:00,0.8063,0.811,0.805,0.8106,39968.43
2023-10-11 09:00:00,0.8106,0.8203,0.8095,0.8189,240749.96
2023-10-11 10:00:00,0.8189,0.8206,0.8167,0.819,120807.2
2023-10-11 11:00:00,0.819,0.8212,0.8152,0.8158,166570.54
2023-10-11 12:00:00,0.8158,0.8208,0.8116,0.8144,955608.11
2023-10-11 13:00:00,0.8144,0.8154,0.8101,0.8139,108320.23
2023-10-11 14:00:00,0.8139,0.8158,0.809,0.8093,82013.95
2023-10-11 15:00:00,0.8093,0.8105,0.7967,0.8035,284354.39
2023-10-11 16:00:00,0.8035,0.8066,0.7981,0.8024,447773.87
2023-10-11 17:00:00,0.8024,0.8073,0.7997,0.8059,317963.89
2023-10-11 18:00:00,0.8059,0.811,0.8023,0.8094,262876.76
2023-10-11 19:00:00,0.8094,0.8139,0.8075,0.8115,110172.71
2023-10-11 20:00:00,0.8115,0.815,0.81,0.815,210555.77
2023-10-11 21:00:00,0.815,0.817,0.8136,0.817,152100.69
2023-10-11 22:00:00,0.817,0.818,0.8127,0.8127,134992.73
2023-10-11 23:00:00,0.8127,0.8151,0.8118,0.8151,32812.37
2023-10-12 00:00:00,0.8151,0.8151,0.8099,0.8101,37751.91
2023-10-12 01:00:00,0.8101,0.8103,0.8053,0.8058,112816.92
2023-10-12 02:00:00,0.8058,0.8149,0.804,0.8119,56223.12
2023-10-12 03:00:00,0.8119,0.813,0.8079,0.8092,169278.15
2023-10-12 04:00:00,0.8092,0.8098,0.8071,0.8072,103481.64
2023-10-12 05:00:00,0.8072,0.8126,0.8057,0.8126,62456.67
2023-10-12 06:00:00,0.8126,0.8281,0.8103,0.8153,378948.92
2023-10-12 07:00:00,0.8153,0.8153,0.8074,0.8082,172815.67
2023-10-12 08:00:00,0.8082,0.8093,0.8046,0.805,202770.79
2023-10-12 09:00:00,0.805,0.8071,0.7893,0.7954,766172.26
2023-10-12 10:00:00,0.7954,0.8011,0.7943,0.798,287146.93
2023-10-12 11:00:00,0.798,0.8047,0.798,0.8034,58115.77
2023-10-12 12:00:00,0.8034,0.8064,0.7978,0.8046,649455.63
2023-10-12 13:00:00,0.8046,0.8053,0.7955,0.7993,190609.83
2023-10-12 14:00:00,0.7993,0.8012,0.7944,0.7982,64002.41
2023-10-12 15:00:00,0.7982,0.8,0.7966,0.7981,37386.28
2023-10-12 16:00:00,0.7981,0.8011,0.7867,0.7927,474987.94
2023-10-12 17:00:00,0.7927,0.7954,0.7898,0.7943,292395.48
2023-10-12 18:00:00,0.7943,0.7967,0.7927,0.7939,342249.88
2023-10-12 19:00:00,0.7939,0.7978,0.7932,0.7973,403582.02
2023-10-12 20:00:00,0.7973,0.8002,0.796,0.8002,131314.77
2023-10-12 21:00:00,0.8002,0.8025,0.799,0.8024,34758.94
2023-10-12 22:00:00,0.8024,0.8038,0.8008,0.8026,97666.79
2023-10-12 23:00:00,0.8026,0.804,0.8013,0.8033,14424.74
2023-10-13 00:00:00,0.8033,0.8076,0.802,0.806,92489.28
2023-10-13 01:00:00,0.806,0.8075,0.8033,0.8033,28920.78
2023-10-13 02:00:00,0.8033,0.8043,0.7996,0.8007,34319.7
2023-10-13 03:00:00,0.8007,0.8021,0.7971,0.7982,119181.07
2023-10-13 04:00:00,0.7982,0.8011,0.7977,0.8009,7483.52
2023-10-13 05:00:00,0.8009,0.8033,0.7998,0.8003,81928.23
2023-10-13 06:00:00,0.8003,0.8016,0.7989,0.7995,128041.86
2023-10-13 07:00:00,0.7995,0.8069,0.7995,0.8043,244861.21
2023-10-13 08:00:00,0.8043,0.8156,0.8013,0.8019,810643.29
2023-10-13 09:00:00,0.8019,0.8043,0.8005,0.8011,77526.21
2023-10-13 10:00:00,0.8011,0.8033,0.8011,0.8024,28341.22
2023-10-13 11:00:00,0.8024,0.805,0.8022,0.8029,29126.23
2023-10-13 12:00:00,0.8029,0.8084,0.8012,0.8081,106075.32
2023-10-13 13:00:00,0.8081,0.8087,0.8042,0.8059,500887.36
2023-10-13 14:00:00,0.8059,0.8059,0.8001,0.801,40371.82
2023-10-13 15:00:00,0.801,0.8035,0.797,0.7981,336580.83
2023-10-13 16:00:00,0.7981,0.8025,0.7972,0.8016,41718.04
2023-10-13 17:00:00,0.8016,0.8022,0.7995,0.8012,33630.24
2023-10-13 18:00:00,0.8012,0.8023,0.8001,0.802,27104.73
2023-10-13 19:00:00,0.802,0.8043,0.8016,0.8039,24892.87
2023-10-13 20:00:00,0.8039,0.8126,0.8033,0.811,455763.27
2023-10-13 21:00:00,0.811,0.8182,0.8071,0.8096,239982.47
2023-10-13 22:00:00,0.8096,0.814,0.8052,0.8072,279198.99
2023-10-13 23:00:00,0.8072,0.8081,0.8052,0.8061,135692.85
2023-10-14 00:00:00,0.8061,0.8104,0.805,0.8097,518549.45
2023-10-14 01:00:00,0.8097,0.8122,0.8076,0.812,243758.52
2023-10-14 02:00:00,0.812,0.8123,0.8086,0.8086,27356.86
2023-10-14 03:00:00,0.8086,0.8111,0.8086,0.8105,119445.84
2023-10-14 04:00:00,0.8105,0.8113,0.8093,0.8095,33438.94
2023-10-14 05:00:00,0.8095,0.8099,0.8053,0.8057,234965.21
2023-10-14 06:00:00,0.8057,0.8061,0.8037,0.8039,131823.03
2023-10-14 07:00:00,0.8039,0.8064,0.8037,0.8053,104584.87
2023-10-14 08:00:00,0.8053,0.806,0.8038,0.8052,259404.1
2023-10-14 09:00:00,0.8052,0.8073,0.8042,0.806,84933.44
2023-10-14 10:00:00,0.806,0.8068,0.8045,0.8053,54774.18
2023-10-14 11:00:00,0.8053,0.8056,0.8028,0.8046,43155.34
2023-10-14 12:00:00,0.8046,0.8053,0.8038,0.8047,98565.62
2023-10-14 13:00:00,0.8047,0.8067,0.804,0.8065,113864.53
2023-10-14 14:00:00,0.8065,0.8069,0.8021,0.8025,71522.69
2023-10-14 15:00:00,0.8025,0.807,0.8021,0.8067,34075.31
2023-10-14 16:00:00,0.8067,0.8078,0.8041,0.8058,233686.4
2023-10-14 17:00:00,0.8058,0.8058,0.8042,0.8048,13899.02
2023-10-14 18:00:00,0.8048,0.8053,0.8042,0.8051,5447.9
2023-10-14 19:00:00,0.8051,0.8053,0.8034,0.805,24253.26
2023-10-14 20:00:00,0.805,0.8054,0.8035,0.8042,8652.48
2023-10-14 21:00:00,0.8042,0.806,0.8025,0.8026,20723.8
2023-10-14 22:00:00,0.8026,0.8041,0.8012,0.8022,43381.59
2023-10-14 23:00:00,0.8022,0.8039,0.8022,0.8024,4249.24
2023-10-15 00:00:00,0.8024,0.8038,0.7996,0.803,38956.38
2023-10-15 01:00:00,0.803,0.8091,0.8028,0.8069,41273.09
2023-10-15 02:00:00,0.8069,0.8079,0.8034,0.8046,96871.84
2023-10-15 03:00:00,0.8046,0.8055,0.8027,0.8034,31682.92
2023-10-15 04:00:00,0.8034,0.8046,0.8029,0.8046,10172.49
2023-10-15 05:00:00,0.8046,0.8049,0.8033,0.8041,10684.71
2023-10-15 06:00:00,0.8041,0.8053,0.8038,0.8049,20052.27
2023-10-15 07:00:00,0.8049,0.8056,0.8041,0.8052,10654.13
2023-10-15 08:00:00,0.8052,0.8089,0.8047,0.8089,32928.22
2023-10-15 09:00:00,0.8089,0.81,0.8062,0.8064,35873.9
2023-10-15 10:00:00,0.8064,0.8099,0.805,0.8083,61567.66
2023-10-15 11:00:00,0.8083,0.8083,0.8034,0.8038,23437.2
2023-10-15 12:00:00,0.8038,0.8042,0.8012,0.8013,122759.31
2023-10-15 13:00:00,0.8013,0.8056,0.7965,0.7984,215032.67
2023-10-15 14:00:00,0.7984,0.8013,0.7977,0.7986,48794.6
2023-10-15 15:00:00,0.7986,0.8,0.7974,0.7981,23531.62
2023-10-15 16:00:00,0.7981,0.8012,0.7973,0.8008,30424.98
2023-10-15 17:00:00,0.8008,0.8024,0.8003,0.802,69668.06
2023-10-15 18:00:00,0.802,0.8056,0.8007,0.8054,34007.07
2023-10-15 19:00:00,0.8054,0.8054,0.803,0.8038,75997.94
2023-10-15 20:00:00,0.8038,0.8088,0.803,0.8083,121799.21
2023-10-15 21:00:00,0.8083,0.8091,0.8025,0.8026,99412.24
2023-10-15 22:00:00,0.8026,0.8055,0.8001,0.8012,81307.54
2023-10-15 23:00:00,0.8012,0.8029,0.7995,0.8029,32460.53
2023-10-16 00:00:00,0.8029,0.807,0.8024,0.8067,24912.24
2023-10-16 01:00:00,0.8067,0.8131,0.8067,0.8116,258849.58
2023-10-16 02:00:00,0.8116,0.8141,0.8102,0.8106,110317.36
2023-10-16 03:00:00,0.8106,0.8138,0.8086,0.8133,192481.01
2023-10-16 04:00:00,0.8133,0.814,0.8108,0.8133,79347.85
2023-10-16 05:00:00,0.8133,0.8276,0.8133,0.8236,403832.18
2023-10-16 06:00:00,0.8236,0.8269,0.821,0.8216,143863.15
2023-10-16 07:00:00,0.8216,0.8243,0.8199,0.8211,61838.2
2023-10-16 08:00:00,0.8211,0.8227,0.8192,0.8193,43457.01
2023-10-16 09:00:00,0.8193,0.8194,0.8147,0.8189,192786.63
2023-10-16 10:00:00,0.8189,0.8194,0.8164,0.8178,89326.8
2023-10-16 11:00:00,0.8178,0.8185,0.8165,0.8179,61231.61
2023-10-16 12:00:00,0.8179,0.8216,0.8174,0.8216,159613.18
2023-10-16 13:00:00,0.8216,0.8453,0.8071,0.814,1608156.32
2023-10-16 14:00:00,0.814,0.8159,0.8092,0.812,372035.86
2023-10-16 15:00:00,0.812,0.8143,0.8056,0.8057,198867.73
2023-10-16 16:00:00,0.8057,0.8085,0.8053,0.8062,80952.78
2023-10-16 17:00:00,0.8062,0.8083,0.8051,0.8078,96467.59
2023-10-16 18:00:00,0.8078,0.8139,0.8078,0.8132,238181.74
2023-10-16 19:00:00,0.8132,0.8177,0.8115,0.8117,97159.35
2023-10-16 20:00:00,0.8117,0.8152,0.8108,0.8131,37947.29
2023-10-16 21:00:00,0.8131,0.8195,0.812,0.8193,63172.17
2023-10-16 22:00:00,0.8193,0.8235,0.8181,0.8231,92091.73
2023-10-16 23:00:00,0.8231,0.824,0.818,0.818,107253.93
2023-10-17 00:00:00,0.818,0.8202,0.8133,0.8143,213585.12
2023-10-17 01:00:00,0.8143,0.8163,0.8133,0.8133,54454.43
2023-10-17 02:00:00,0.8133,0.8159,0.8108,0.8157,54241.45
2023-10-17 03:00:00,0.8157,0.8157,0.8098,0.8106,70107.71
2023-10-17 04:00:00,0.8106,0.813,0.8078,0.812,39795.41
2023-10-17 05:00:00,0.812,0.8132,0.8097,0.8106,42968.06
2023-10-17 06:00:00,0.8106,0.8106,0.8073,0.809,24498.02
2023-10-17 07:00:00,0.809,0.8114,0.8066,0.8099,34441.1
2023-10-17 08:00:00,0.8099,0.8122,0.8076,0.8087,335897.7
2023-10-17 09:00:00,0.8087,0.8123,0.8074,0.8114,66294.24
2023-10-17 10:00:00,0.8114,0.8137,0.8078,0.8088,73035.5
2023-10-17 11:00:00,0.8088,0.8098,0.8074,0.8088,29847.74
2023-10-17 12:00:00,0.8088,0.8103,0.8002,0.8002,416801.7
2023-10-17 13:00:00,0.8002,0.8036,0.7777,0.7901,637839.09
2023-10-17 14:00:00,0.7901,0.7933,0.7888,0.7893,107069.22
2023-10-17 15:00:00,0.7893,0.7947,0.7893,0.791,161542.5
2023-10-17 16:00:00,0.791,0.7957,0.7903,0.7942,63454.81
2023-10-17 17:00:00,0.7942,0.7942,0.7868,0.7897,106279.24
2023-10-17 18:00:00,0.7897,0.7903,0.78,0.7815,348688.09
2023-10-17 19:00:00,0.7815,0.7854,0.781,0.7852,148810.66
2023-10-17 20:00:00,0.7852,0.7852,0.7823,0.7832,26206.15
2023-10-17 21:00:00,0.7832,0.7883,0.7814,0.7855,102393.48
2023-10-17 22:00:00,0.7855,0.7865,0.7836,0.7849,131774.21
2023-10-17 23:00:00,0.7849,0.7853,0.7821,0.7826,82311.85
2023-10-18 00:00:00,0.7826,0.785,0.778,0.7805,244331.44
2023-10-18 01:00:00,0.7805,0.7854,0.7799,0.7836,135835.09
2023-10-18 02:00:00,0.7836,0.786,0.7823,0.7841,24211.01
2023-10-18 03:00:00,0.7841,0.7865,0.7828,0.7864,61047.02
2023-10-18 04:00:00,0.7864,0.7956,0.785,0.7912,94155.13
2023-10-18 05:00:00,0.7912,0.7963,0.7902,0.7923,361792.36
2023-10-18 06:00:00,0.7923,0.7944,0.7907,0.791,22546.32
2023-10-18 07:00:00,0.791,0.7918,0.787,0.7883,230721.9
2023-10-18 08:00:00,0.7883,0.7917,0.7882,0.7917,60134.17
2023-10-18 09:00:00,0.7917,0.7934,0.7852,0.7852,159489.98
2023-10-18 10:00:00,0.7852,0.7891,0.7848,0.7877,559305.85
2023-10-18 11:00:00,0.7877,0.7896,0.786,0.7874,32791.4
2023-10-18 12:00:00,0.7874,0.7881,0.7836,0.7853,74654.42
2023-10-18 13:00:00,0.7853,0.7853,0.7803,0.7819,79447.25
2023-10-18 14:00:00,0.7819,0.7839,0.7782,0.782,235568.42
2023-10-18 15:00:00,0.782,0.7836,0.7803,0.7805,343370.52
2023-10-18 16:00:00,0.7805,0.7858,0.7803,0.7855,313501.52
2023-10-18 17:00:00,0.7855,0.7878,0.7827,0.784,99202.22
2023-10-18 18:00:00,0.784,0.7847,0.7817,0.7822,55348.24
2023-10-18 19:00:00,0.7822,0.7822,0.7718,0.7775,292781.09
2023-10-18 20:00:00,0.7775,0.7816,0.7763,0.7782,221399.02
2023-10-18 21:00:00,0.7782,0.7785,0.7752,0.777,190107.9
2023-10-18 22:00:00,0.777,0.7841,0.7766,0.7838,76818.12
2023-10-18 23:00:00,0.7838,0.784,0.7809,0.7811,176838.23
2023-10-19 00:00:00,0.7811,0.7836,0.7791,0.7824,398842.56
2023-10-19 01:00:00,0.7824,0.7829,0.7621,0.7698,612457.65
2023-10-19 02:00:00,0.7698,0.7722,0.7656,0.7714,369632.26
2023-10-19 03:00:00,0.7714,0.774,0.7688,0.7718,487646.13
2023-10-19 04:00:00,0.7718,0.7743,0.77,0.7739,65583.17
2023-10-19 05:00:00,0.7739,0.7775,0.7739,0.7766,53363.99
2023-10-19 06:00:00,0.7766,0.7772,0.7745,0.7745,28585.01
2023-10-19 07:00:00,0.7745,0.7754,0.7722,0.7737,188793.57
2023-10-19 08:00:00,0.7737,0.7775,0.7736,0.7745,286781.61
2023-10-19 09:00:00,0.7745,0.7746,0.7645,0.766,264985.89
2023-10-19 10:00:00,0.766,0.7714,0.7652,0.7703,214626.25
2023-10-19 11:00:00,0.7703,0.7726,0.7696,0.7716,39255.48
2023-10-19 12:00:00,0.7716,0.7736,0.7684,0.77,58985.53
2023-10-19 13:00:00,0.77,0.779,0.7697,0.7751,120238.47
2023-10-19 14:00:00,0.7751,0.7778,0.7738,0.7769,171783.04
2023-10-19 15:00:00,0.7769,0.778,0.7729,0.7751,189589.53
2023-10-19 16:00:00,0.7751,0.7802,0.7732,0.7737,80171.95
2023-10-19 17:00:00,0.7737,0.774,0.768,0.7707,63995.95
2023-10-19 18:00:00,0.7707,0.7731,0.7689,0.7689,166521.54
2023-10-19 19:00:00,0.7689,0.7723,0.7688,0.7713,68238.65
2023-10-19 20:00:00,0.7713,0.775,0.7699,0.7707,46450.35
2023-10-19 21:00:00,0.7707,0.7709,0.7635,0.7646,170122.12
2023-10-19 22:00:00,0.7646,0.7691,0.7645,0.7658,68233.18
2023-10-19 23:00:00,0.7658,0.7685,0.7653,0.7685,187153.4
2023-10-20 00:00:00,0.7685,0.7712,0.7683,0.7711,279392.31
2023-10-20 01:00:00,0.7711,0.7729,0.7662,0.7729,35975.95
2023-10-20 02:00:00,0.7729,0.7874,0.7718,0.7854,224523.28
2023-10-20 03:00:00,0.7854,0.7926,0.782,0.7863,167207.84
2023-10-20 04:00:00,0.7863,0.7906,0.784,0.7893,905365.38
2023-10-20 05:00:00,0.7893,0.7911,0.7867,0.7897,135567.73
2023-10-20 06:00:00,0.7897,0.7912,0.7878,0.7904,377096.03
2023-10-20 07:00:00,0.7904,0.7949,0.7894,0.7936,310320.01
2023-10-20 08:00:00,0.7936,0.8099,0.7936,0.8034,1172826.85
2023-10-20 09:00:00,0.8034,0.8054,0.8009,0.8043,259676.64
2023-10-20 10:00:00,0.8043,0.8082,0.7979,0.7986,999525.65
2023-10-20 11:00:00,0.7986,0.8016,0.7932,0.7948,703847.3
2023-10-20 12:00:00,0.7948,0.7971,0.7907,0.7931,427265.41
2023-10-20 13:00:00,0.7931,0.7968,0.7902,0.796,151268.94
2023-10-20 14:00:00,0.796,0.7975,0.7908,0.7934,59673.72
2023-10-20 15:00:00,0.7934,0.7934,0.7907,0.7928,153204.68
2023-10-20 16:00:00,0.7928,0.7946,0.791,0.7925,121673.46
2023-10-20 17:00:00,0.7925,0.7993,0.7887,0.7984,223117.1
2023-10-20 18:00:00,0.7984,0.8004,0.7954,0.7954,155650.87
2023-10-20 19:00:00,0.7954,0.7976,0.7944,0.7971,39137.56
2023-10-20 20:00:00,0.7971,0.7997,0.7953,0.7954,201823.61
2023-10-20 21:00:00,0.7954,0.7989,0.7952,0.7982,16292.56
2023-10-20 22:00:00,0.7982,0.8011,0.7979,0.8011,33474.03
2023-10-20 23:00:00,0.8011,0.8026,0.7985,0.799,58898.0
2023-10-21 00:00:00,0.799,0.8016,0.7979,0.7996,36963.31
2023-10-21 01:00:00,0.7996,0.7996,0.7964,0.7971,11633.82
2023-10-21 02:00:00,0.7971,0.7989,0.7951,0.7971,26017.63
2023-10-21 03:00:00,0.7971,0.8018,0.794,0.8009,148666.18
2023-10-21 04:00:00,0.8009,0.807,0.8009,0.8055,35575.03
2023-10-21 05:00:00,0.8055,0.8091,0.8055,0.8081,84006.03
2023-10-21 06:00:00,0.8081,0.8214,0.8076,0.8177,992140.74
2023-10-21 07:00:00,0.8177,0.8187,0.8146,0.8183,86283.69
2023-10-21 08:00:00,0.8183,0.8189,0.8137,0.8147,65838.6
2023-10-21 09:00:00,0.8147,0.8181,0.8134,0.8174,169649.82
2023-10-21 10:00:00,0.8174,0.8185,0.8142,0.8171,74305.22
2023-10-21 11:00:00,0.8171,0.8246,0.8169,0.8229,187854.74
2023-10-21 12:00:00,0.8229,0.8236,0.8187,0.8187,75180.28
2023-10-21 13:00:00,0.8187,0.8279,0.8172,0.8279,569827.37
2023-10-21 14:00:00,0.8279,0.8315,0.8245,0.8296,240795.8
2023-10-21 15:00:00,0.8296,0.8307,0.8216,0.8306,163963.19
2023-10-21 16:00:00,0.8306,0.8355,0.8289,0.8296,186384.47
2023-10-21 17:00:00,0.8296,0.8402,0.8294,0.836,395657.9
2023-10-21 18:00:00,0.836,0.8389,0.828,0.8345,638830.32
2023-10-21 19:00:00,0.8345,0.8363,0.8284,0.8332,59872.75
2023-10-21 20:00:00,0.8332,0.8338,0.8261,0.8338,1052950.31
2023-10-21 21:00:00,0.8338,0.8382,0.8332,0.8351,42141.95
2023-10-21 22:00:00,0.8351,0.8366,0.8318,0.8342,28315.05
2023-10-21 23:00:00,0.8342,0.8346,0.8282,0.8316,86763.32
2023-10-22 00:00:00,0.8316,0.8384,0.8289,0.8358,77693.2
2023-10-22 01:00:00,0.8358,0.842,0.8309,0.8337,159629.62
2023-10-22 02:00:00,0.8337,0.8338,0.8279,0.8292,312687.6
2023-10-22 03:00:00,0.8292,0.8292,0.8239,0.8269,741249.04
2023-10-22 04:00:00,0.8269,0.8335,0.8258,0.8329,167684.5
2023-10-22 05:00:00,0.8329,0.8442,0.8327,0.841,630598.56
2023-10-22 06:00:00,0.841,0.851,0.8401,0.8458,238956.88
2023-10-22 07:00:00,0.8458,0.8458,0.8154,0.8271,594652.67
2023-10-22 08:00:00,0.8271,0.83,0.818,0.8217,282184.98
2023-10-22 09:00:00,0.8217,0.8303,0.8216,0.8241,178507.67
2023-10-22 10:00:00,0.8241,0.8305,0.8227,0.8274,387669.56
2023-10-22 11:00:00,0.8274,0.8276,0.8202,0.8229,459714.5
2023-10-22 12:00:00,0.8229,0.8292,0.8226,0.8264,223168.72
2023-10-22 13:00:00,0.8264,0.8305,0.826,0.8279,71167.28
2023-10-22 14:00:00,0.8279,0.8298,0.8219,0.8236,84393.77
2023-10-22 15:00:00,0.8236,0.8262,0.8207,0.8251,167722.52
2023-10-22 16:00:00,0.8251,0.8338,0.8241,0.8313,155180.23
2023-10-22 17:00:00,0.8313,0.8368,0.8303,0.8341,190937.25
2023-10-22 18:00:00,0.8341,0.8357,0.8309,0.8322,63493.63
2023-10-22 19:00:00,0.8322,0.834,0.8298,0.8318,122442.1
2023-10-22 20:00:00,0.8318,0.8349,0.8317,0.8338,80242.02
2023-10-22 21:00:00,0.8338,0.8338,0.829,0.829,34579.42
2023-10-22 22:00:00,0.829,0.8475,0.8278,0.8468,439328.76
2023-10-22 23:00:00,0.8468,0.8521,0.8424,0.8516,217947.19
2023-10-23 00:00:00,0.8516,0.8548,0.8457,0.8525,125919.72
2023-10-23 01:00:00,0.8525,0.8659,0.8492,0.8576,305244.64
2023-10-23 02:00:00,0.8576,0.8608,0.8538,0.8584,128644.7
2023-10-23 03:00:00,0.8584,0.8592,0.8513,0.8549,950928.9
2023-10-23 04:00:00,0.8549,0.8594,0.8525,0.859,88889.02
2023-10-23 05:00:00,0.859,0.8609,0.8525,0.8527,284459.34
2023-10-23 06:00:00,0.8527,0.8581,0.8424,0.8424,301614.35
2023-10-23 07:00:00,0.8424,0.8438,0.829,0.8347,3298906.4
2023-10-23 08:00:00,0.8347,0.8423,0.8326,0.8423,508992.87
2023-10-23 09:00:00,0.8423,0.8423,0.8277,0.8352,408155.47
2023-10-23 10:00:00,0.8352,0.8408,0.8346,0.8378,72653.89
2023-10-23 11:00:00,0.8378,0.8425,0.8375,0.8399,108626.58
2023-10-23 12:00:00,0.8399,0.8414,0.8364,0.8395,106424.8
2023-10-23 13:00:00,0.8395,0.84,0.8287,0.8347,117889.37
2023-10-23 14:00:00,0.8347,0.839,0.8339,0.8366,136827.42
2023-10-23 15:00:00,0.8366,0.8401,0.835,0.8369,231081.14
2023-10-23 16:00:00,0.8369,0.8475,0.8312,0.8454,355526.15
2023-10-23 17:00:00,0.8454,0.8466,0.8341,0.8413,262035.65
2023-10-23 18:00:00,0.8413,0.8499,0.8413,0.8499,457690.6
2023-10-23 19:00:00,0.8499,0.856,0.8469,0.8552,137531.64
2023-10-23 20:00:00,0.8552,0.8595,0.8504,0.8518,204566.6
2023-10-23 21:00:00,0.8518,0.8565,0.8499,0.8549,94792.68
2023-10-23 22:00:00,0.8549,0.888,0.8544,0.8808,676694.8
2023-10-23 23:00:00,0.8808,0.8859,0.8671,0.8829,701776.48
2023-10-24 00:00:00,0.8829,0.9193,0.8805,0.9136,950042.52
2023-10-24 01:00:00,0.9136,0.9194,0.902,0.9106,929246.9
2023-10-24 02:00:00,0.9106,0.9476,0.9083,0.9344,1491691.89
2023-10-24 03:00:00,0.9344,0.9358,0.9112,0.9127,858047.22
2023-10-24 04:00:00,0.9127,0.9237,0.9116,0.9172,220275.3
2023-10-24 05:00:00,0.9172,0.9251,0.9024,0.9064,528597.87
2023-10-24 06:00:00,0.9064,0.91,0.8917,0.8992,610548.1
2023-10-24 07:00:00,0.8992,0.9035,0.8947,0.9031,116822.72
2023-10-24 08:00:00,0.9031,0.9136,0.9024,0.9132,100806.46
2023-10-24 09:00:00,0.9132,0.9272,0.9078,0.9181,407274.85
2023-10-24 10:00:00,0.9181,0.9238,0.9171,0.922,600516.22
2023-10-24 11:00:00,0.922,0.9259,0.9129,0.9219,205103.44
2023-10-24 12:00:00,0.9219,0.9358,0.9208,0.9262,293455.33
2023-10-24 13:00:00,0.9262,0.9262,0.9086,0.9174,385592.04
2023-10-24 14:00:00,0.9174,0.9181,0.9007,0.9124,217185.58
2023-10-24 15:00:00,0.9124,0.9174,0.8605,0.8753,1293276.18
2023-10-24 16:00:00,0.8753,0.8939,0.8669,0.8841,220430.15
2023-10-24 17:00:00,0.8841,0.8915,0.8818,0.8825,69952.0
2023-10-24 18:00:00,0.8825,0.8869,0.87,0.8851,120596.97
2023-10-24 19:00:00,0.8851,0.8882,0.882,0.8837,81235.29
2023-10-24 20:00:00,0.8837,0.8889,0.8774,0.8787,145853.88
2023-10-24 21:00:00,0.8787,0.8933,0.8756,0.8915,62680.87
2023-10-24 22:00:00,0.8915,0.9049,0.8885,0.9049,551975.58
2023-10-24 23:00:00,0.9049,0.9087,0.8949,0.8988,155862.02
2023-10-25 00:00:00,0.8988,0.9138,0.896,0.9124,156567.84
2023-10-25 01:00:00,0.9124,0.9196,0.9102,0.9128,158859.72
2023-10-25 02:00:00,0.9128,0.9133,0.9026,0.9044,46331.67
2023-10-25 03:00:00,0.9044,0.9051,0.8964,0.8994,82639.74
2023-10-25 04:00:00,0.8994,0.9058,0.8966,0.9052,82798.31
2023-10-25 05:00:00,0.9052,0.9093,0.8927,0.8953,238821.27
2023-10-25 06:00:00,0.8953,0.904,0.8953,0.9007,86510.45
2023-10-25 07:00:00,0.9007,0.9026,0.8699,0.8799,554363.05
2023-10-25 08:00:00,0.8799,0.8853,0.8711,0.8812,95678.28
2023-10-25 09:00:00,0.8812,0.8944,0.8792,0.8845,387727.09
2023-10-25 10:00:00,0.8845,0.8919,0.8817,0.8907,94227.6
2023-10-25 11:00:00,0.8907,0.8937,0.8851,0.887,234757.04
2023-10-25 12:00:00,0.887,0.8961,0.8867,0.8907,4220456.32
2023-10-25 13:00:00,0.8907,0.9005,0.8873,0.8943,1670106.78
2023-10-25 14:00:00,0.8943,0.9066,0.8914,0.9056,387487.05
2023-10-25 15:00:00,0.9056,0.9165,0.903,0.9148,471347.51
2023-10-25 16:00:00,0.9148,0.9216,0.8928,0.8939,690861.34
2023-10-25 17:00:00,0.8939,0.9036,0.8883,0.9007,289331.38
2023-10-25 18:00:00,0.9007,0.9063,0.8908,0.9036,147585.56
2023-10-25 19:00:00,0.9036,0.9083,0.8982,0.9057,43483.0
2023-10-25 20:00:00,0.9057,0.9087,0.8985,0.8992,80436.69
2023-10-25 21:00:00,0.8992,0.9033,0.8945,0.9007,208965.38
2023-10-25 22:00:00,0.9007,0.9172,0.9003,0.9172,198681.67
2023-10-25 23:00:00,0.9172,0.9266,0.9076,0.9231,310476.81
2023-10-26 00:00:00,0.9231,0.9324,0.9172,0.9284,766266.5
2023-10-26 01:00:00,0.9284,0.9316,0.9196,0.9256,448067.22
2023-10-26 02:00:00,0.9256,0.9328,0.9208,0.9262,188041.74
2023-10-26 03:00:00,0.9262,0.9754,0.9262,0.974,1469038.21
2023-10-26 04:00:00,0.974,0.98,0.9523,0.9608,936380.9
2023-10-26 05:00:00,0.9608,0.9637,0.9513,0.9517,565612.26
2023-10-26 06:00:00,0.9517,0.9703,0.9426,0.9692,750341.19
2023-10-26 07:00:00,0.9692,0.9942,0.9628,0.9882,1169636.07
2023-10-26 08:00:00,0.9882,0.9971,0.9751,0.9798,1029781.8
2023-10-26 09:00:00,0.9798,0.9848,0.964,0.9741,673138.31
2023-10-26 10:00:00,0.9741,0.9749,0.9562,0.9694,583894.96
2023-10-26 11:00:00,0.9694,0.9734,0.9473,0.9593,1068020.52
2023-10-26 12:00:00,0.9593,0.9677,0.9586,0.9647,483813.73
2023-10-26 13:00:00,0.9647,0.9693,0.9516,0.9516,679305.77
2023-10-26 14:00:00,0.9516,0.9595,0.9098,0.9395,2190497.77
2023-10-26 15:00:00,0.9395,0.941,0.9148,0.9318,1587590.77
2023-10-26 16:00:00,0.9318,0.9403,0.9172,0.9178,955893.67
2023-10-26 17:00:00,0.9178,0.9362,0.916,0.936,537958.03
2023-10-26 18:00:00,0.936,0.9381,0.9331,0.9331,108265.1
2023-10-26 19:00:00,0.9331,0.9461,0.9323,0.9456,349616.85
2023-10-26 20:00:00,0.9456,0.9485,0.9411,0.9472,92566.52
2023-10-26 21:00:00,0.9472,0.9472,0.9392,0.9451,195540.26
2023-10-26 22:00:00,0.9451,0.9504,0.9448,0.9491,150323.54
2023-10-26 23:00:00,0.9491,0.95,0.9302,0.9371,455983.85
2023-10-27 00:00:00,0.9371,0.938,0.9275,0.9314,197134.09
2023-10-27 01:00:00,0.9314,0.9323,0.9076,0.9112,456595.2
2023-10-27 02:00:00,0.9112,0.9254,0.9056,0.9219,267069.74
2023-10-27 03:00:00,0.9219,0.9225,0.9172,0.919,280630.76
2023-10-27 04:00:00,0.919,0.9214,0.9101,0.9189,196892.09
2023-10-27 05:00:00,0.9189,0.9189,0.9076,0.9155,365707.53
2023-10-27 06:00:00,0.9155,0.9223,0.9117,0.922,325558.21
2023-10-27 07:00:00,0.922,0.922,0.903,0.9042,283843.6
2023-10-27 08:00:00,0.9042,0.9151,0.9038,0.9126,193090.3
2023-10-27 09:00:00,0.9126,0.9191,0.9126,0.9189,56953.94
2023-10-27 10:00:00,0.9189,0.9189,0.912,0.9144,96225.23
2023-10-27 11:00:00,0.9144,0.9148,0.9055,0.9126,111258.29
2023-10-27 12:00:00,0.9126,0.9262,0.9091,0.924,476132.76
2023-10-27 13:00:00,0.924,0.9267,0.916,0.9182,883003.83
2023-10-27 14:00:00,0.9182,0.9182,0.9001,0.9066,397832.69
2023-10-27 15:00:00,0.9066,0.9179,0.9023,0.9131,238745.13
2023-10-27 16:00:00,0.9131,0.9164,0.9008,0.9042,203489.31
2023-10-27 17:00:00,0.9042,0.9084,0.8791,0.9047,1141705.03
2023-10-27 18:00:00,0.9047,0.9092,0.8838,0.8963,608044.92
2023-10-27 19:00:00,0.8963,0.9062,0.8963,0.9041,180672.28
2023-10-27 20:00:00,0.9041,0.9123,0.9041,0.9103,384579.05
2023-10-27 21:00:00,0.9103,0.9119,0.906,0.9116,151101.01
2023-10-27 22:00:00,0.9116,0.9127,0.9073,0.9078,117163.98
2023-10-27 23:00:00,0.9078,0.9175,0.9075,0.9145,61866.2
2023-10-28 00:00:00,0.9145,0.9209,0.9142,0.9163,132824.27
2023-10-28 01:00:00,0.9163,0.9178,0.9126,0.917,91070.74
2023-10-28 02:00:00,0.917,0.9245,0.9135,0.9225,723273.5
2023-10-28 03:00:00,0.9225,0.923,0.9165,0.9197,130041.58
2023-10-28 04:00:00,0.9197,0.9243,0.9158,0.9243,176315.83
2023-10-28 05:00:00,0.9243,0.9283,0.92,0.9201,513846.07
2023-10-28 06:00:00,0.9201,0.9225,0.9154,0.9173,197133.0
2023-10-28 07:00:00,0.9173,0.9208,0.9152,0.9183,223360.4
2023-10-28 08:00:00,0.9183,0.9233,0.9162,0.919,628373.23
2023-10-28 09:00:00,0.919,0.9223,0.915,0.9206,355040.55
2023-10-28 10:00:00,0.9206,0.9283,0.919,0.9281,432095.3
2023-10-28 11:00:00,0.9281,0.9347,0.9204,0.9211,408993.65
2023-10-28 12:00:00,0.9211,0.9224,0.906,0.9131,475084.57
2023-10-28 13:00:00,0.9131,0.9179,0.91,0.9175,126576.65
2023-10-28 14:00:00,0.9175,0.92,0.915,0.917,89461.07
2023-10-28 15:00:00,0.917,0.9226,0.9163,0.921,103514.63
2023-10-28 16:00:00,0.921,0.9235,0.916,0.9211,65862.77
2023-10-28 17:00:00,0.9211,0.9231,0.9196,0.9219,72116.98
2023-10-28 18:00:00,0.9219,0.9244,0.9176,0.9239,73864.01
2023-10-28 19:00:00,0.9239,0.9249,0.9181,0.9189,200956.42
2023-10-28 20:00:00,0.9189,0.9233,0.9187,0.9232,101020.77
2023-10-28 21:00:00,0.9232,0.9261,0.9203,0.9261,76592.08
2023-10-28 22:00:00,0.9261,0.9261,0.9163,0.9218,186617.36
2023-10-28 23:00:00,0.9218,0.922,0.9153,0.919,281351.41
2023-10-29 00:00:00,0.919,0.9281,0.9165,0.9191,106617.45
2023-10-29 01:00:00,0.9191,0.9212,0.9024,0.9111,533233.08
2023-10-29 02:00:00,0.9111,0.9136,0.9072,0.9136,106030.14
2023-10-29 03:00:00,0.9136,0.9158,0.9055,0.9086,143597.4
2023-10-29 04:00:00,0.9086,0.914,0.9065,0.9117,154426.5
2023-10-29 05:00:00,0.9117,0.9124,0.9073,0.9104,47451.66
2023-10-29 06:00:00,0.9104,0.915,0.9082,0.9121,22591.54
2023-10-29 07:00:00,0.9121,0.918,0.9115,0.9169,109934.92
2023-10-29 08:00:00,0.9169,0.922,0.9164,0.9213,225608.13
2023-10-29 09:00:00,0.9213,0.9236,0.9176,0.9197,188122.54
2023-10-29 10:00:00,0.9197,0.92,0.9161,0.9188,217325.73
2023-10-29 11:00:00,0.9188,0.9242,0.9176,0.9228,139815.43
2023-10-29 12:00:00,0.9228,0.9355,0.9228,0.9355,515655.4
2023-10-29 13:00:00,0.9355,0.9387,0.9306,0.9333,533075.79
2023-10-29 14:00:00,0.9333,0.9346,0.9283,0.9336,411135.3
2023-10-29 15:00:00,0.9336,0.9371,0.9322,0.9363,213792.77
2023-10-29 16:00:00,0.9363,0.9391,0.9321,0.9335,87669.12
2023-10-29 17:00:00,0.9335,0.9431,0.9311,0.9365,189541.21
2023-10-29 18:00:00,0.9365,0.9406,0.9315,0.9353,348074.77
2023-10-29 19:00:00,0.9353,0.9354,0.9292,0.9316,135919.24
2023-10-29 20:00:00,0.9316,0.9363,0.9307,0.935,64195.9
2023-10-29 21:00:00,0.935,0.9444,0.9312,0.9332,431204.48
2023-10-29 22:00:00,0.9332,0.9561,0.932,0.9561,824042.39
2023-10-29 23:00:00,0.9561,0.9567,0.9425,0.9482,589120.4
2023-10-30 00:00:00,0.9482,0.9519,0.9397,0.9436,897303.23
2023-10-30 01:00:00,0.9436,0.9511,0.9436,0.9441,130430.97
2023-10-30 02:00:00,0.9441,0.9489,0.9365,0.9408,128195.48
2023-10-30 03:00:00,0.9408,0.9415,0.9331,0.9341,181347.24
2023-10-30 04:00:00,0.9341,0.939,0.9331,0.9372,100918.89
2023-10-30 05:00:00,0.9372,0.9385,0.9315,0.9333,161477.0
2023-10-30 06:00:00,0.9333,0.9343,0.9233,0.9327,293097.09
2023-10-30 07:00:00,0.9327,0.9366,0.9277,0.9294,272609.36
2023-10-30 08:00:00,0.9294,0.9564,0.9269,0.9542,632212.56
2023-10-30 09:00:00,0.9542,0.9647,0.9528,0.9533,438558.37
2023-10-30 10:00:00,0.9533,0.9556,0.9474,0.9541,288150.66
2023-10-30 11:00:00,0.9541,0.9656,0.9541,0.9639,196382.71
2023-10-30 12:00:00,0.9639,0.9683,0.9533,0.9548,444408.02
2023-10-30 13:00:00,0.9548,0.9586,0.9496,0.957,453163.07
2023-10-30 14:00:00,0.957,0.9632,0.9463,0.9502,330036.24
2023-10-30 15:00:00,0.9502,0.9543,0.9481,0.953,163989.39
2023-10-30 16:00:00,0.953,0.9544,0.9482,0.9519,116159.21
2023-10-30 17:00:00,0.9519,0.952,0.9332,0.9437,523511.56
2023-10-30 18:00:00,0.9437,0.9453,0.9407,0.9421,59748.03
2023-10-30 19:00:00,0.9421,0.9509,0.941,0.949,43274.31
2023-10-30 20:00:00,0.949,0.9492,0.945,0.9478,69484.82
2023-10-30 21:00:00,0.9478,0.9632,0.9474,0.961,834373.42
2023-10-30 22:00:00,0.961,0.9649,0.9578,0.9645,237998.81
2023-10-30 23:00:00,0.9645,0.9661,0.9612,0.9642,151582.99
2023-10-31 00:00:00,0.9642,0.9832,0.9631,0.971,660298.44
2023-10-31 01:00:00,0.971,0.9735,0.9651,0.9713,290501.11
2023-10-31 02:00:00,0.9713,0.974,0.9556,0.9593,284349.37
2023-10-31 03:00:00,0.9593,0.9681,0.954,0.9545,336186.37
2023-10-31 04:00:00,0.9545,0.9619,0.9522,0.9597,263995.61
2023-10-31 05:00:00,0.9597,0.9653,0.9545,0.963,155447.3
2023-10-31 06:00:00,0.963,0.968,0.9556,0.9573,187325.37
2023-10-31 07:00:00,0.9573,0.9605,0.9464,0.9479,366804.09
2023-10-31 08:00:00,0.9479,0.9578,0.94,0.9578,315191.9
2023-10-31 09:00:00,0.9578,0.9633,0.9542,0.9616,538342.42
2023-10-31 10:00:00,0.9616,0.971,0.9592,0.9639,400850.59
2023-10-31 11:00:00,0.9639,0.9732,0.9617,0.968,660505.23
2023-10-31 12:00:00,0.968,0.9716,0.947,0.9487,603668.3
2023-10-31 13:00:00,0.9487,0.9522,0.9354,0.9414,750609.81
2023-10-31 14:00:00,0.9414,0.9487,0.933,0.9405,499513.43
2023-10-31 15:00:00,0.9405,0.9423,0.9069,0.9266,939343.69
2023-10-31 16:00:00,0.9266,0.9391,0.9232,0.9367,245590.08
2023-10-31 17:00:00,0.9367,0.9375,0.9325,0.9363,80626.06
2023-10-31 18:00:00,0.9363,0.9408,0.9338,0.9385,52963.44
2023-10-31 19:00:00,0.9385,0.9417,0.933,0.936,115642.4
2023-10-31 20:00:00,0.936,0.943,0.935,0.9423,265415.7
2023-10-31 21:00:00,0.9423,0.9431,0.9329,0.9366,62856.1
2023-10-31 22:00:00,0.9366,0.9409,0.9361,0.9393,55247.71
2023-10-31 23:00:00,0.9393,0.9453,0.938,0.9446,143365.9
2023-11-01 00:00:00,0.9446,0.9658,0.9409,0.9553,760437.53
2023-11-01 01:00:00,0.9553,0.9658,0.9507,0.9553,819399.98
2023-11-01 02:00:00,0.9553,0.957,0.9514,0.9517,139033.2
2023-11-01 03:00:00,0.9517,0.9548,0.9482,0.949,65875.23
2023-11-01 04:00:00,0.949,0.9553,0.9481,0.9511,105011.84
2023-11-01 05:00:00,0.9511,0.9523,0.9335,0.9344,1077951.29
2023-11-01 06:00:00,0.9344,0.9414,0.9311,0.9412,98517.45
2023-11-01 07:00:00,0.9412,0.9468,0.9387,0.9427,128765.02
2023-11-01 08:00:00,0.9427,0.9541,0.9417,0.9506,427120.43
2023-11-01 09:00:00,0.9506,0.9556,0.9485,0.9517,155923.11
2023-11-01 10:00:00,0.9517,0.9525,0.9346,0.9356,352307.54
2023-11-01 11:00:00,0.9356,0.9432,0.9325,0.943,235340.7
2023-11-01 12:00:00,0.943,0.9544,0.9337,0.9507,416644.75
2023-11-01 13:00:00,0.9507,0.958,0.9339,0.9411,756454.62
2023-11-01 14:00:00,0.9411,0.944,0.9222,0.9254,616281.29
2023-11-01 15:00:00,0.9254,0.9338,0.9239,0.9315,386363.48
2023-11-01 16:00:00,0.9315,0.9364,0.9288,0.9318,118855.31
2023-11-01 17:00:00,0.9318,0.941,0.9313,0.941,258437.96
2023-11-01 18:00:00,0.941,0.9644,0.9359,0.9602,596522.85
2023-11-01 19:00:00,0.9602,0.9947,0.9602,0.9931,1767747.65
2023-11-01 20:00:00,0.9931,1.0388,0.991,1.0374,2780114.7
2023-11-01 21:00:00,1.0374,1.0412,1.0188,1.0283,1230434.46
2023-11-01 22:00:00,1.0283,1.0362,1.0211,1.0238,461505.85
2023-11-01 23:00:00,1.0238,1.0442,1.0191,1.04,1168162.69
2023-11-02 00:00:00,1.04,1.0442,1.0219,1.0282,620640.57
2023-11-02 01:00:00,1.0282,1.039,1.0238,1.024,379402.0
2023-11-02 02:00:00,1.024,1.031,1.0181,1.027,381744.69
2023-11-02 03:00:00,1.027,1.0325,1.0195,1.0199,490025.41
2023-11-02 04:00:00,1.0199,1.0216,1.0001,1.0051,687111.52
2023-11-02 05:00:00,1.0051,1.0061,0.9874,0.9887,1302057.34
2023-11-02 06:00:00,0.9887,0.9975,0.9863,0.9945,862941.31
2023-11-02 07:00:00,0.9945,1.0072,0.9945,1.0023,253691.39
2023-11-02 08:00:00,1.0023,1.0133,0.9885,1.0129,468146.03
2023-11-02 09:00:00,1.0129,1.0136,1.0028,1.0108,179542.51
2023-11-02 10:00:00,1.0108,1.0173,1.0058,1.0089,389770.13
2023-11-02 11:00:00,1.0089,1.0176,1.0052,1.0134,178638.47
2023-11-02 12:00:00,1.0134,1.0189,1.009,1.0145,679813.28
2023-11-02 13:00:00,1.0145,1.0157,0.9858,0.994,1817809.18
2023-11-02 14:00:00,0.994,0.9996,0.9761,0.9878,1127522.27
2023-11-02 15:00:00,0.9878,0.9885,0.9656,0.9678,741489.66
2023-11-02 16:00:00,0.9678,0.9754,0.9488,0.9742,1009674.48
2023-11-02 17:00:00,0.9742,0.9845,0.9682,0.9843,515458.98
2023-11-02 18:00:00,0.9843,0.9843,0.9758,0.9767,224675.81
2023-11-02 19:00:00,0.9767,0.9945,0.9751,0.993,277973.12
2023-11-02 20:00:00,0.993,0.9987,0.9873,0.9963,296746.23
2023-11-02 21:00:00,0.9963,1.0008,0.9896,1.0008,222501.18
2023-11-02 22:00:00,1.0008,1.0008,0.9856,0.9867,196587.37
2023-11-02 23:00:00,0.9867,0.9948,0.9829,0.9905,193775.88
2023-11-03 00:00:00,0.9905,0.9905,0.9576,0.9653,669320.03
2023-11-03 01:00:00,0.9653,0.9662,0.9344,0.9427,1326519.11
2023-11-03 02:00:00,0.9427,0.9516,0.9395,0.9515,249785.12
2023-11-03 03:00:00,0.9515,0.9548,0.9473,0.9509,216095.05
2023-11-03 04:00:00,0.9509,0.9537,0.9368,0.9428,342701.49
2023-11-03 05:00:00,0.9428,0.954,0.9399,0.9538,202155.15
2023-11-03 06:00:00,0.9538,0.9604,0.9524,0.9528,103131.61
2023-11-03 07:00:00,0.9528,0.9579,0.95,0.954,133300.47
2023-11-03 08:00:00,0.954,0.962,0.9446,0.9552,408167.05
2023-11-03 09:00:00,0.9552,0.9552,0.9402,0.9421,289265.5
2023-11-03 10:00:00,0.9421,0.9486,0.9362,0.9485,436847.63
2023-11-03 11:00:00,0.9485,0.9531,0.9442,0.9531,93468.35
2023-11-03 12:00:00,0.9531,0.9632,0.9455,0.9589,342189.01
2023-11-03 13:00:00,0.9589,0.9674,0.9546,0.9669,469860.32
2023-11-03 14:00:00,0.9669,0.974,0.9604,0.9713,384161.07
2023-11-03 15:00:00,0.9713,0.985,0.9685,0.9845,718175.23
2023-11-03 16:00:00,0.9845,1.0179,0.9817,1.0122,1709582.01
2023-11-03 17:00:00,1.0122,1.0193,0.9931,1.003,1042254.53
2023-11-03 18:00:00,1.003,1.0369,0.9976,1.0344,874137.94
2023-11-03 19:00:00,1.0344,1.0503,1.0256,1.0415,1388900.27
2023-11-03 20:00:00,1.0415,1.0656,1.0384,1.0544,822511.0
2023-11-03 21:00:00,1.0544,1.0672,1.0544,1.0586,595313.21
2023-11-03 22:00:00,1.0586,1.0639,1.0538,1.0602,422179.46
2023-11-03 23:00:00,1.0602,1.0775,1.0579,1.0595,1252653.17
2023-11-04 00:00:00,1.0595,1.063,1.0456,1.0498,723891.51
2023-11-04 01:00:00,1.0498,1.0767,1.0489,1.0752,915078.89
2023-11-04 02:00:00,1.0752,1.0873,1.0658,1.0724,1490054.27
2023-11-04 03:00:00,1.0724,1.0737,1.0567,1.0637,714761.89
2023-11-04 04:00:00,1.0637,1.0654,1.0505,1.054,608135.56
2023-11-04 05:00:00,1.054,1.0547,1.0464,1.0505,305606.86
2023-11-04 06:00:00,1.0505,1.0573,1.0465,1.0564,316709.02
2023-11-04 07:00:00,1.0564,1.0729,1.0563,1.0621,927739.19
2023-11-04 08:00:00,1.0621,1.0719,1.0572,1.0673,389110.5
2023-11-04 09:00:00,1.0673,1.0818,1.0656,1.0659,824387.07
2023-11-04 10:00:00,1.0659,1.0759,1.0617,1.0646,458729.67
2023-11-04 11:00:00,1.0646,1.0791,1.0632,1.0663,546013.48
2023-11-04 12:00:00,1.0663,1.0747,1.0632,1.072,291570.15
2023-11-04 13:00:00,1.072,1.0736,1.0545,1.0608,613021.01
2023-11-04 14:00:00,1.0608,1.0642,1.0545,1.0584,345785.21
2023-11-04 15:00:00,1.0584,1.0596,1.0476,1.0556,467622.23
2023-11-04 16:00:00,1.0556,1.0647,1.0487,1.0615,796363.29
2023-11-04 17:00:00,1.0615,1.0783,1.0596,1.073,862602.77
2023-11-04 18:00:00,1.073,1.0888,1.07,1.0789,806285.92
2023-11-04 19:00:00,1.0789,1.0838,1.0746,1.0826,551145.83
2023-11-04 20:00:00,1.0826,1.0897,1.0794,1.0883,285359.53
2023-11-04 21:00:00,1.0883,1.0985,1.0859,1.0972,454974.57
2023-11-04 22:00:00,1.0972,1.1046,1.0907,1.1043,902204.87
2023-11-04 23:00:00,1.1043,1.1176,1.091,1.0964,1566228.01
2023-11-05 00:00:00,1.0964,1.0988,1.0804,1.0836,586928.71
2023-11-05 01:00:00,1.0836,1.0917,1.0816,1.0917,128291.19
2023-11-05 02:00:00,1.0917,1.0921,1.0774,1.0907,175885.99
2023-11-05 03:00:00,1.0907,1.1055,1.0877,1.1014,236318.98
2023-11-05 04:00:00,1.1014,1.1035,1.0837,1.0888,657820.52
2023-11-05 05:00:00,1.0888,1.103,1.0888,1.0994,253134.92
2023-11-05 06:00:00,1.0994,1.1,1.0846,1.0871,138224.57
2023-11-05 07:00:00,1.0871,1.0954,1.0852,1.0923,233136.01
2023-11-05 08:00:00,1.0923,1.1036,1.085,1.0858,348018.19
2023-11-05 09:00:00,1.0858,1.0988,1.0846,1.0985,185356.3
2023-11-05 10:00:00,1.0985,1.0991,1.0899,1.0932,203076.25
2023-11-05 11:00:00,1.0932,1.1112,1.0888,1.0981,549600.43
2023-11-05 12:00:00,1.0981,1.107,1.0947,1.0963,414024.08
2023-11-05 13:00:00,1.0963,1.099,1.056,1.0609,969860.9
2023-11-05 14:00:00,1.0609,1.0783,1.0604,1.0755,699153.53
2023-11-05 15:00:00,1.0755,1.0796,1.0687,1.0746,260805.78
2023-11-05 16:00:00,1.0746,1.0971,1.0728,1.0902,489388.41
2023-11-05 17:00:00,1.0902,1.1095,1.0883,1.1052,656561.96
2023-11-05 18:00:00,1.1052,1.1151,1.1004,1.1008,729263.48
2023-11-05 19:00:00,1.1008,1.1051,1.0924,1.093,445389.78
2023-11-05 20:00:00,1.093,1.1006,1.0855,1.0874,299179.7
2023-11-05 21:00:00,1.0874,1.0899,1.0655,1.0761,698767.76
2023-11-05 22:00:00,1.0761,1.089,1.0752,1.0889,220852.92
2023-11-05 23:00:00,1.0889,1.1098,1.0889,1.0901,823244.55
2023-11-06 00:00:00,1.0901,1.1024,1.0868,1.1013,286424.63
2023-11-06 01:00:00,1.1013,1.1074,1.087,1.0906,385733.99
2023-11-06 02:00:00,1.0906,1.0978,1.0869,1.0974,963514.07
2023-11-06 03:00:00,1.0974,1.0988,1.0874,1.0922,209770.68
2023-11-06 04:00:00,1.0922,1.0928,1.0718,1.0771,237853.01
2023-11-06 05:00:00,1.0771,1.08,1.0631,1.0719,800119.17
2023-11-06 06:00:00,1.0719,1.0781,1.0689,1.0776,227423.2
2023-11-06 07:00:00,1.0776,1.0823,1.0748,1.0808,219164.28
2023-11-06 08:00:00,1.0808,1.0895,1.0733,1.0895,192218.95
2023-11-06 09:00:00,1.0895,1.109,1.0876,1.1089,1813930.01
2023-11-06 10:00:00,1.1089,1.1347,1.1026,1.1326,904067.04
2023-11-06 11:00:00,1.1326,1.1443,1.1179,1.1343,1270079.72
2023-11-06 12:00:00,1.1343,1.1379,1.1192,1.1378,930959.22
2023-11-06 13:00:00,1.1378,1.1394,1.1133,1.1246,1173251.15
2023-11-06 14:00:00,1.1246,1.1323,1.1221,1.1298,563746.37
2023-11-06 15:00:00,1.1298,1.1306,1.11,1.112,879527.77
2023-11-06 16:00:00,1.112,1.117,1.1014,1.1061,511872.56
2023-11-06 17:00:00,1.1061,1.1108,1.0947,1.1054,1228371.32
2023-11-06 18:00:00,1.1054,1.1121,1.102,1.1072,138669.23
2023-11-06 19:00:00,1.1072,1.1168,1.1022,1.1142,216431.08
2023-11-06 20:00:00,1.1142,1.1157,1.1054,1.1157,114929.28
2023-11-06 21:00:00,1.1157,1.1176,1.1031,1.1175,375042.37
2023-11-06 22:00:00,1.1175,1.128,1.1152,1.1276,426827.25
2023-11-06 23:00:00,1.1276,1.1295,1.1178,1.1243,305285.28
2023-11-07 00:00:00,1.1243,1.1246,1.0976,1.109,566757.12
2023-11-07 01:00:00,1.109,1.1151,1.1035,1.1119,234154.17
2023-11-07 02:00:00,1.1119,1.1166,1.0806,1.0823,1140181.21
2023-11-07 03:00:00,1.0823,1.0984,1.0804,1.0982,274196.29
2023-11-07 04:00:00,1.0982,1.0993,1.087,1.0927,274284.4
2023-11-07 05:00:00,1.0927,1.0989,1.0881,1.0989,193421.96
2023-11-07 06:00:00,1.0989,1.1046,1.0945,1.1034,244277.74
2023-11-07 07:00:00,1.1034,1.1067,1.0935,1.0992,272626.7
2023-11-07 08:00:00,1.0992,1.1027,1.0921,1.0969,135110.41
2023-11-07 09:00:00,1.0969,1.097,1.0672,1.0707,511865.34
2023-11-07 10:00:00,1.0707,1.082,1.0662,1.0724,352971.38
2023-11-07 11:00:00,1.0724,1.0829,1.0704,1.0762,290053.61
2023-11-07 12:00:00,1.0762,1.0864,1.0704,1.0854,402020.35
2023-11-07 13:00:00,1.0854,1.0856,1.0693,1.0777,610816.15
2023-11-07 14:00:00,1.0777,1.0889,1.0755,1.084,676079.03
2023-11-07 15:00:00,1.084,1.0846,1.0501,1.0603,1137832.02
2023-11-07 16:00:00,1.0603,1.0659,1.0551,1.0557,377935.39
2023-11-07 17:00:00,1.0557,1.0739,1.0443,1.0738,556871.74
2023-11-07 18:00:00,1.0738,1.0997,1.0728,1.0971,595540.98
2023-11-07 19:00:00,1.0971,1.1007,1.0839,1.0891,603153.21
2023-11-07 20:00:00,1.0891,1.103,1.0864,1.0989,184793.47
2023-11-07 21:00:00,1.0989,1.0989,1.0896,1.0926,125425.87
2023-11-07 22:00:00,1.0926,1.0926,1.0772,1.08,456255.4
2023-11-07 23:00:00,1.08,1.0846,1.0786,1.0834,95205.5
2023-11-08 00:00:00,1.0834,1.0834,1.0685,1.0775,788503.71
2023-11-08 01:00:00,1.0775,1.086,1.0744,1.0805,212527.63
2023-11-08 02:00:00,1.0805,1.0834,1.0759,1.0763,174826.21
2023-11-08 03:00:00,1.0763,1.079,1.0722,1.0757,169307.34
2023-11-08 04:00:00,1.0757,1.0793,1.0735,1.0772,161411.75
2023-11-08 05:00:00,1.0772,1.0784,1.0693,1.0701,106455.94
2023-11-08 06:00:00,1.0701,1.0754,1.0632,1.0747,367183.22
2023-11-08 07:00:00,1.0747,1.0786,1.0718,1.0726,213577.88
2023-11-08 08:00:00,1.0726,1.0792,1.0638,1.0652,382918.05
2023-11-08 09:00:00,1.0652,1.0737,1.0652,1.0734,197537.58
2023-11-08 10:00:00,1.0734,1.0802,1.072,1.0793,222047.28
2023-11-08 11:00:00,1.0793,1.0816,1.0679,1.0679,350886.9
2023-11-08 12:00:00,1.0679,1.0728,1.0667,1.0714,138001.39
2023-11-08 13:00:00,1.0714,1.0764,1.0637,1.0762,241466.05
2023-11-08 14:00:00,1.0762,1.0795,1.0667,1.0707,295167.4
2023-11-08 15:00:00,1.0707,1.0723,1.0595,1.0693,541393.06
2023-11-08 16:00:00,1.0693,1.0915,1.0675,1.0858,569079.82
2023-11-08 17:00:00,1.0858,1.0876,1.0763,1.0813,515255.71
2023-11-08 18:00:00,1.0813,1.0909,1.0791,1.0856,478915.46
2023-11-08 19:00:00,1.0856,1.0932,1.0816,1.0852,582897.68
2023-11-08 20:00:00,1.0852,1.0901,1.081,1.09,141826.16
2023-11-08 21:00:00,1.09,1.0952,1.0807,1.0911,338005.19
2023-11-08 22:00:00,1.0911,1.0924,1.0816,1.0874,384289.87
2023-11-08 23:00:00,1.0874,1.0993,1.0843,1.0922,706146.52
2023-11-09 00:00:00,1.0922,1.0938,1.0833,1.0938,426028.74
2023-11-09 01:00:00,1.0938,1.1006,1.0873,1.0999,191690.55
2023-11-09 02:00:00,1.0999,1.1203,1.0984,1.1097,557190.42
2023-11-09 03:00:00,1.1097,1.1162,1.1012,1.1105,469879.98
2023-11-09 04:00:00,1.1105,1.1184,1.1098,1.1144,276135.62
2023-11-09 05:00:00,1.1144,1.1148,1.1025,1.1065,193459.71
2023-11-09 06:00:00,1.1065,1.1196,1.1064,1.1184,452515.9
2023-11-09 07:00:00,1.1184,1.1184,1.1001,1.1014,628365.87
2023-11-09 08:00:00,1.1014,1.1085,1.1014,1.1041,240173.03
2023-11-09 09:00:00,1.1041,1.1053,1.097,1.1008,437972.57
2023-11-09 10:00:00,1.1008,1.1061,1.0969,1.0987,226309.19
2023-11-09 11:00:00,1.0987,1.0987,1.0813,1.0923,837157.8
2023-11-09 12:00:00,1.0923,1.0984,1.0878,1.0933,559198.61
2023-11-09 13:00:00,1.0933,1.0991,1.0802,1.0986,554534.1
2023-11-09 14:00:00,1.0986,1.1421,1.091,1.1391,1933779.11
2023-11-09 15:00:00,1.1391,1.1554,1.1037,1.1328,2580059.94
2023-11-09 16:00:00,1.1328,1.1463,0.9272,1.0752,5707906.04
2023-11-09 17:00:00,1.0752,1.1297,1.0686,1.1222,1548239.83
2023-11-09 18:00:00,1.1222,1.1237,1.091,1.0921,1471250.06
2023-11-09 19:00:00,1.0921,1.1143,1.0849,1.1053,1968612.0
2023-11-09 20:00:00,1.1053,1.1054,1.0803,1.1053,816422.22
2023-11-09 21:00:00,1.1053,1.1477,1.1005,1.121,1443303.03
2023-11-09 22:00:00,1.121,1.1691,1.1188,1.1688,1270336.21
2023-11-09 23:00:00,1.1688,1.2224,1.1607,1.2071,1594090.86
2023-11-10 00:00:00,1.2071,1.2248,1.1785,1.1805,1533982.81
2023-11-10 01:00:00,1.1805,1.2001,1.1745,1.195,452610.1
2023-11-10 02:00:00,1.195,1.2085,1.1833,1.2051,199203.37
2023-11-10 03:00:00,1.2051,1.2069,1.1864,1.1929,286056.8
2023-11-10 04:00:00,1.1929,1.2059,1.1866,1.2029,260929.41
2023-11-10 05:00:00,1.2029,1.2088,1.192,1.1952,446170.25
2023-11-10 06:00:00,1.1952,1.1973,1.1813,1.1825,671802.18
2023-11-10 07:00:00,1.1825,1.1875,1.1703,1.1744,484582.24
2023-11-10 08:00:00,1.1744,1.179,1.15,1.1673,1026431.55
2023-11-10 09:00:00,1.1673,1.1771,1.1628,1.175,360403.45
2023-11-10 10:00:00,1.175,1.1756,1.1577,1.1685,377138.36
2023-11-10 11:00:00,1.1685,1.1766,1.1644,1.1683,356365.21
2023-11-10 12:00:00,1.1683,1.1688,1.1424,1.1605,652320.03
2023-11-10 13:00:00,1.1605,1.1605,1.1316,1.1358,457918.2
2023-11-10 14:00:00,1.1358,1.1453,1.1205,1.136,750204.38
2023-11-10 15:00:00,1.136,1.1594,1.1353,1.1535,313000.26
2023-11-10 16:00:00,1.1535,1.1654,1.1533,1.1614,392118.72
2023-11-10 17:00:00,1.1614,1.1705,1.1564,1.1607,331188.92
2023-11-10 18:00:00,1.1607,1.1705,1.1568,1.1641,336941.12
2023-11-10 19:00:00,1.1641,1.1728,1.1641,1.1668,240081.19
2023-11-10 20:00:00,1.1668,1.1717,1.1578,1.1707,408181.38
2023-11-10 21:00:00,1.1707,1.1831,1.1682,1.182,236277.21
2023-11-10 22:00:00,1.182,1.1832,1.1677,1.1755,353395.31
2023-11-10 23:00:00,1.1755,1.1838,1.171,1.1746,286665.18
2023-11-11 00:00:00,1.1746,1.1823,1.1583,1.1658,237804.74
2023-11-11 01:00:00,1.1658,1.1697,1.1368,1.144,827928.42
2023-11-11 02:00:00,1.144,1.1543,1.132,1.1477,423199.14
2023-11-11 03:00:00,1.1477,1.1488,1.1327,1.136,233992.19
2023-11-11 04:00:00,1.136,1.1391,1.1121,1.1259,815698.42
2023-11-11 05:00:00,1.1259,1.1402,1.1239,1.1386,299899.78
2023-11-11 06:00:00,1.1386,1.144,1.1294,1.1419,165690.09
2023-11-11 07:00:00,1.1419,1.1454,1.1323,1.1369,156784.45
2023-11-11 08:00:00,1.1369,1.1406,1.1309,1.1389,77198.19
2023-11-11 09:00:00,1.1389,1.1508,1.1344,1.1501,207361.36
2023-11-11 10:00:00,1.1501,1.1504,1.1371,1.1451,403778.98
2023-11-11 11:00:00,1.1451,1.1484,1.1406,1.1421,415833.02
2023-11-11 12:00:00,1.1421,1.149,1.1351,1.148,284207.62
2023-11-11 13:00:00,1.148,1.1526,1.1437,1.1499,259631.14
2023-11-11 14:00:00,1.1499,1.1711,1.1478,1.1684,769194.31
2023-11-11 15:00:00,1.1684,1.1693,1.1511,1.1563,458345.78
2023-11-11 16:00:00,1.1563,1.18,1.1558,1.1759,259620.27
2023-11-11 17:00:00,1.1759,1.1806,1.1556,1.1667,303974.13
2023-11-11 18:00:00,1.1667,1.1786,1.1588,1.1738,279931.82
2023-11-11 19:00:00,1.1738,1.1814,1.1701,1.1744,296439.58
2023-11-11 20:00:00,1.1744,1.1744,1.1543,1.157,169861.7
2023-11-11 21:00:00,1.157,1.1619,1.1405,1.1452,536152.01
2023-11-11 22:00:00,1.1452,1.1454,1.1256,1.1339,1313743.85
2023-11-11 23:00:00,1.1339,1.1385,1.1219,1.1381,415650.54
2023-11-12 00:00:00,1.1381,1.1408,1.091,1.1048,1152189.63
2023-11-12 01:00:00,1.1048,1.1128,1.0964,1.1094,433429.09
2023-11-12 02:00:00,1.1094,1.1121,1.1001,1.1058,200150.84
2023-11-12 03:00:00,1.1058,1.1208,1.1028,1.1193,160081.09
2023-11-12 04:00:00,1.1193,1.1223,1.1132,1.1206,397681.65
2023-11-12 05:00:00,1.1206,1.1263,1.1157,1.1259,205283.86
2023-11-12 06:00:00,1.1259,1.1329,1.1209,1.1327,230087.12
2023-11-12 07:00:00,1.1327,1.1493,1.1326,1.1446,514288.92
2023-11-12 08:00:00,1.1446,1.1527,1.135,1.1467,378044.43
2023-11-12 09:00:00,1.1467,1.1512,1.1359,1.141,277867.36
2023-11-12 10:00:00,1.141,1.1455,1.1341,1.1369,267056.22
2023-11-12 11:00:00,1.1369,1.1436,1.1346,1.1382,189498.28
2023-11-12 12:00:00,1.1382,1.1428,1.1254,1.128,522585.12
2023-11-12 13:00:00,1.128,1.1355,1.1162,1.133,631069.11
2023-11-12 14:00:00,1.133,1.1606,1.133,1.1551,798300.64
2023-11-12 15:00:00,1.1551,1.1605,1.141,1.1483,476946.68
2023-11-12 16:00:00,1.1483,1.1534,1.1364,1.1383,377336.68
2023-11-12 17:00:00,1.1383,1.1411,1.1311,1.1383,564102.61
2023-11-12 18:00:00,1.1383,1.1479,1.1291,1.1423,252183.84
2023-11-12 19:00:00,1.1423,1.1519,1.1417,1.1476,251540.16
2023-11-12 20:00:00,1.1476,1.1547,1.1432,1.1531,328951.05
2023-11-12 21:00:00,1.1531,1.1682,1.1526,1.1667,507623.0
2023-11-12 22:00:00,1.1667,1.172,1.1603,1.1665,252724.17
2023-11-12 23:00:00,1.1665,1.171,1.1443,1.1554,737375.93
2023-11-13 00:00:00,1.1554,1.1721,1.1475,1.169,624838.38
2023-11-13 01:00:00,1.169,1.1816,1.1664,1.1709,670713.29
2023-11-13 02:00:00,1.1709,1.1786,1.162,1.1699,799724.04
2023-11-13 03:00:00,1.1699,1.1721,1.1312,1.135,819865.22
2023-11-13 04:00:00,1.135,1.1416,1.1251,1.1303,949356.22
2023-11-13 05:00:00,1.1303,1.1382,1.1254,1.1382,236438.46
2023-11-13 06:00:00,1.1382,1.1395,1.1236,1.1395,583596.14
2023-11-13 07:00:00,1.1395,1.1566,1.1366,1.1461,260305.46
2023-11-13 08:00:00,1.1461,1.1722,1.1449,1.1703,585042.81
2023-11-13 09:00:00,1.1703,1.1724,1.1595,1.1614,277236.74
2023-11-13 10:00:00,1.1614,1.163,1.148,1.1528,283668.61
2023-11-13 11:00:00,1.1528,1.1539,1.1283,1.136,1150494.22
2023-11-13 12:00:00,1.136,1.1454,1.127,1.1448,540962.76
2023-11-13 13:00:00,1.1448,1.1459,1.1344,1.1419,281623.52
2023-11-13 14:00:00,1.1419,1.1646,1.1215,1.1585,1437765.85
2023-11-13 15:00:00,1.1585,1.1831,1.1482,1.1831,1005083.04
2023-11-13 16:00:00,1.1831,1.1978,1.1595,1.1664,1556625.4
2023-11-13 17:00:00,1.1664,1.1664,1.1357,1.1497,999347.6
2023-11-13 18:00:00,1.1497,1.1611,1.1454,1.1585,353376.0
2023-11-13 19:00:00,1.1585,1.1651,1.1545,1.1638,188729.14
2023-11-13 20:00:00,1.1638,1.1664,1.1494,1.1521,361997.99
2023-11-13 21:00:00,1.1521,1.1527,1.1115,1.1291,1044978.91
2023-11-13 22:00:00,1.1291,1.1356,1.1167,1.1182,461778.11
2023-11-13 23:00:00,1.1182,1.1284,1.1143,1.1143,495040.53
2023-11-14 00:00:00,1.1143,1.1157,1.0704,1.0847,1073666.29
2023-11-14 01:00:00,1.0847,1.1026,1.0826,1.0911,277574.03
2023-11-14 02:00:00,1.0911,1.1067,1.0908,1.1055,155103.8
2023-11-14 03:00:00,1.1055,1.1099,1.1,1.1002,187103.62
2023-11-14 04:00:00,1.1002,1.1059,1.0934,1.104,175988.75
2023-11-14 05:00:00,1.104,1.1125,1.1039,1.1099,113379.33
2023-11-14 06:00:00,1.1099,1.1119,1.1015,1.104,193696.24
2023-11-14 07:00:00,1.104,1.1135,1.1021,1.1112,140147.47
2023-11-14 08:00:00,1.1112,1.1122,1.1071,1.1119,124495.14
2023-11-14 09:00:00,1.1119,1.1123,1.097,1.0989,473391.46
2023-11-14 10:00:00,1.0989,1.1029,1.0912,1.0957,282338.63
2023-11-14 11:00:00,1.0957,1.0957,1.0726,1.0795,964138.86
2023-11-14 12:00:00,1.0795,1.0896,1.0742,1.0857,323703.46
2023-11-14 13:00:00,1.0857,1.1125,1.0844,1.1012,496595.94
2023-11-14 14:00:00,1.1012,1.1133,1.0978,1.1082,350678.23
2023-11-14 15:00:00,1.1082,1.1088,1.0788,1.0937,843648.61
2023-11-14 16:00:00,1.0937,1.1048,1.0928,1.0983,515215.06
2023-11-14 17:00:00,1.0983,1.1,1.0838,1.0856,187686.23
2023-11-14 18:00:00,1.0856,1.0918,1.0166,1.0486,2559771.07
2023-11-14 19:00:00,1.0486,1.0696,1.045,1.0647,1410693.41
2023-11-14 20:00:00,1.0647,1.0792,1.0626,1.0643,1639476.95
2023-11-14 21:00:00,1.0643,1.0727,1.0639,1.071,467712.99
2023-11-14 22:00:00,1.071,1.0802,1.071,1.0787,455974.65
2023-11-14 23:00:00,1.0787,1.0809,1.0749,1.0759,244123.46
2023-11-15 00:00:00,1.0759,1.0897,1.0751,1.0844,642651.22
2023-11-15 01:00:00,1.0844,1.0909,1.0784,1.0809,217652.34
2023-11-15 02:00:00,1.0809,1.0839,1.075,1.0799,76250.85
2023-11-15 03:00:00,1.0799,1.0808,1.0732,1.0733,125539.53
2023-11-15 04:00:00,1.0733,1.0865,1.0733,1.0861,178530.42
2023-11-15 05:00:00,1.0861,1.0887,1.0819,1.0865,244474.73
2023-11-15 06:00:00,1.0865,1.0934,1.0839,1.0896,157426.97
2023-11-15 07:00:00,1.0896,1.0952,1.0888,1.0924,168816.45
2023-11-15 08:00:00,1.0924,1.1008,1.0924,1.0993,259361.04
2023-11-15 09:00:00,1.0993,1.1086,1.0953,1.0987,355753.88
2023-11-15 10:00:00,1.0987,1.1058,1.0962,1.1058,301926.27
2023-11-15 11:00:00,1.1058,1.1249,1.1058,1.1232,288891.43
2023-11-15 12:00:00,1.1232,1.1279,1.1163,1.1217,354059.31
2023-11-15 13:00:00,1.1217,1.1279,1.1124,1.118,895833.81
2023-11-15 14:00:00,1.118,1.13,1.117,1.1188,464112.11
2023-11-15 15:00:00,1.1188,1.1353,1.1183,1.1352,211299.62
2023-11-15 16:00:00,1.1352,1.1402,1.1247,1.1335,485567.3
2023-11-15 17:00:00,1.1335,1.1344,1.1234,1.127,278863.13
2023-11-15 18:00:00,1.127,1.1455,1.1231,1.1393,1005554.77
2023-11-15 19:00:00,1.1393,1.1489,1.1298,1.1489,295411.22
2023-11-15 20:00:00,1.1489,1.1504,1.1345,1.1364,368998.65
2023-11-15 21:00:00,1.1364,1.1382,1.13,1.1316,299537.97
2023-11-15 22:00:00,1.1316,1.143,1.13,1.1402,286433.62
2023-11-15 23:00:00,1.1402,1.1442,1.1328,1.142,84015.94
2023-11-16 00:00:00,1.142,1.1623,1.1416,1.1615,459340.46
2023-11-16 01:00:00,1.1615,1.1634,1.1494,1.1502,393326.52
2023-11-16 02:00:00,1.1502,1.1577,1.1474,1.1519,155410.28
2023-11-16 03:00:00,1.1519,1.1521,1.1454,1.1496,120986.34
2023-11-16 04:00:00,1.1496,1.1534,1.1452,1.1527,130294.45
2023-11-16 05:00:00,1.1527,1.1547,1.1468,1.1545,161332.54
2023-11-16 06:00:00,1.1545,1.1562,1.1454,1.1562,370226.91
2023-11-16 07:00:00,1.1562,1.1714,1.152,1.1639,350807.31
2023-11-16 08:00:00,1.1639,1.1742,1.1503,1.156,389580.55
2023-11-16 09:00:00,1.156,1.1658,1.1459,1.1652,408032.92
2023-11-16 10:00:00,1.1652,1.168,1.1523,1.1535,135352.18
2023-11-16 11:00:00,1.1535,1.1801,1.1516,1.1665,494011.24
2023-11-16 12:00:00,1.1665,1.1665,1.144,1.1442,699729.69
2023-11-16 13:00:00,1.1442,1.1495,1.1122,1.1363,1365207.51
2023-11-16 14:00:00,1.1363,1.1391,1.1196,1.1365,650127.71
2023-11-16 15:00:00,1.1365,1.1423,1.1026,1.1162,919309.44
2023-11-16 16:00:00,1.1162,1.1298,1.115,1.1215,410962.59
2023-11-16 17:00:00,1.1215,1.1265,1.1093,1.1102,202601.51
2023-11-16 18:00:00,1.1102,1.1119,1.0945,1.0989,480841.25
2023-11-16 19:00:00,1.0989,1.099,1.0625,1.0898,1514997.51
2023-11-16 20:00:00,1.0898,1.0905,1.0747,1.0752,253120.47
2023-11-16 21:00:00,1.0752,1.0812,1.071,1.0758,355584.59
2023-11-16 22:00:00,1.0758,1.0876,1.0758,1.0822,306170.11
2023-11-16 23:00:00,1.0822,1.0855,1.0667,1.078,487601.92
2023-11-17 00:00:00,1.078,1.0984,1.0764,1.0983,160618.3
2023-11-17 01:00:00,1.0983,1.1044,1.089,1.1043,180470.47
2023-11-17 02:00:00,1.1043,1.1043,1.0932,1.0985,117404.2
2023-11-17 03:00:00,1.0985,1.099,1.0883,1.0925,163501.36
2023-11-17 04:00:00,1.0925,1.095,1.088,1.0928,93931.29
2023-11-17 05:00:00,1.0928,1.0947,1.0886,1.093,383965.76
2023-11-17 06:00:00,1.093,1.095,1.0875,1.0882,253400.79
2023-11-17 07:00:00,1.0882,1.0894,1.075,1.0771,545050.49
2023-11-17 08:00:00,1.0771,1.0846,1.074,1.0834,150341.6
2023-11-17 09:00:00,1.0834,1.0841,1.0719,1.0786,214198.38
2023-11-17 10:00:00,1.0786,1.0789,1.044,1.0569,894550.3
2023-11-17 11:00:00,1.0569,1.0592,1.0489,1.0494,418018.21
2023-11-17 12:00:00,1.0494,1.0513,1.0296,1.0488,693822.14
2023-11-17 13:00:00,1.0488,1.0584,1.032,1.032,290450.68
2023-11-17 14:00:00,1.032,1.0399,1.0138,1.0233,572027.29
2023-11-17 15:00:00,1.0233,1.0267,0.9991,1.0035,654759.68
2023-11-17 16:00:00,1.0035,1.0213,1.0005,1.0118,371540.81
2023-11-17 17:00:00,1.0118,1.0377,1.0098,1.036,472235.58
2023-11-17 18:00:00,1.036,1.0376,1.0296,1.0364,86646.37
2023-11-17 19:00:00,1.0364,1.0374,1.0254,1.0269,106660.18
2023-11-17 20:00:00,1.0269,1.0344,1.0234,1.0259,172896.82
2023-11-17 21:00:00,1.0259,1.0299,1.0225,1.0293,157884.24
2023-11-17 22:00:00,1.0293,1.0443,1.0287,1.0439,655065.93
2023-11-17 23:00:00,1.0439,1.0467,1.0373,1.0423,249250.61
2023-11-18 00:00:00,1.0423,1.0423,1.0285,1.0298,143840.86
2023-11-18 01:00:00,1.0298,1.0324,1.0226,1.0226,371376.82
2023-11-18 02:00:00,1.0226,1.0288,1.0226,1.0237,90949.47
2023-11-18 03:00:00,1.0237,1.0252,1.0127,1.014,162187.91
2023-11-18 04:00:00,1.014,1.0229,1.0136,1.0174,314970.16
2023-11-18 05:00:00,1.0174,1.0184,1.0018,1.0036,212024.2
2023-11-18 06:00:00,1.0036,1.0085,0.992,0.9921,259409.07
2023-11-18 07:00:00,0.9921,1.0096,0.98,1.0091,489131.43
2023-11-18 08:00:00,1.0091,1.0162,1.0049,1.0147,154972.33
2023-11-18 09:00:00,1.0147,1.0176,1.0124,1.0155,115914.04
2023-11-18 10:00:00,1.0155,1.0272,1.0138,1.0265,354349.1
2023-11-18 11:00:00,1.0265,1.0268,1.0175,1.0186,162969.41
2023-11-18 12:00:00,1.0186,1.0252,1.0171,1.0217,186595.55
2023-11-18 13:00:00,1.0217,1.0256,1.0063,1.0153,292922.69
2023-11-18 14:00:00,1.0153,1.0252,1.0137,1.0221,182657.94
2023-11-18 15:00:00,1.0221,1.0376,1.0212,1.0364,161907.64
2023-11-18 16:00:00,1.0364,1.0414,1.0334,1.0363,312060.29
2023-11-18 17:00:00,1.0363,1.0458,1.0321,1.0375,360383.69
2023-11-18 18:00:00,1.0375,1.0415,1.0334,1.0402,93861.61
2023-11-18 19:00:00,1.0402,1.0436,1.0361,1.039,72585.9
2023-11-18 20:00:00,1.039,1.0416,1.0334,1.0343,112852.93
2023-11-18 21:00:00,1.0343,1.0376,1.0294,1.0313,233777.14
2023-11-18 22:00:00,1.0313,1.0338,1.0226,1.029,163779.9
2023-11-18 23:00:00,1.029,1.032,1.0276,1.0319,23288.43
2023-11-19 00:00:00,1.0319,1.0324,1.0118,1.016,158465.09
2023-11-19 01:00:00,1.016,1.0199,1.0075,1.0171,242017.63
2023-11-19 02:00:00,1.0171,1.0198,1.0115,1.0169,82587.75
2023-11-19 03:00:00,1.0169,1.0237,1.0108,1.0234,167946.27
2023-11-19 04:00:00,1.0234,1.0243,1.0162,1.0199,108584.34
2023-11-19 05:00:00,1.0199,1.0246,1.0185,1.0209,100023.5
2023-11-19 06:00:00,1.0209,1.035,1.0209,1.0323,95686.72
2023-11-19 07:00:00,1.0323,1.0368,1.0309,1.0338,94720.54
2023-11-19 08:00:00,1.0338,1.0393,1.0292,1.03,192872.52
2023-11-19 09:00:00,1.03,1.033,1.0271,1.0325,179733.96
2023-11-19 10:00:00,1.0325,1.033,1.0233,1.0241,328746.38
2023-11-19 11:00:00,1.0241,1.0253,1.0141,1.02,146000.89
2023-11-19 12:00:00,1.02,1.0221,1.0129,1.0204,181256.99
2023-11-19 13:00:00,1.0204,1.025,1.0199,1.0228,85570.14
2023-11-19 14:00:00,1.0228,1.0249,1.0168,1.0203,429249.1
2023-11-19 15:00:00,1.0203,1.0283,1.017,1.0277,297284.8
2023-11-19 16:00:00,1.0277,1.032,1.0197,1.0213,265126.25
2023-11-19 17:00:00,1.0213,1.0268,1.0203,1.0245,139534.13
2023-11-19 18:00:00,1.0245,1.038,1.0245,1.0359,417583.07
2023-11-19 19:00:00,1.0359,1.0453,1.0332,1.0438,209535.46
2023-11-19 20:00:00,1.0438,1.0472,1.034,1.0385,247435.81
2023-11-19 21:00:00,1.0385,1.0402,1.0341,1.0352,243379.42
2023-11-19 22:00:00,1.0352,1.038,1.0265,1.0294,201647.06
2023-11-19 23:00:00,1.0294,1.05,1.0286,1.0454,463800.91
2023-11-20 00:00:00,1.0454,1.0532,1.0402,1.0503,782380.02
2023-11-20 01:00:00,1.0503,1.0528,1.0459,1.0491,296032.47
2023-11-20 02:00:00,1.0491,1.0515,1.0439,1.0513,142329.08
2023-11-20 03:00:00,1.0513,1.0518,1.0409,1.0443,243549.38
2023-11-20 04:00:00,1.0443,1.0483,1.0407,1.0483,185605.31
2023-11-20 05:00:00,1.0483,1.0483,1.0382,1.0423,380235.9
2023-11-20 06:00:00,1.0423,1.0476,1.0398,1.0473,370548.98
2023-11-20 07:00:00,1.0473,1.0621,1.0414,1.0602,369858.91
2023-11-20 08:00:00,1.0602,1.0642,1.055,1.0596,364219.77
2023-11-20 09:00:00,1.0596,1.0701,1.0561,1.0694,213931.3
2023-11-20 10:00:00,1.0694,1.0743,1.064,1.0685,245030.3
2023-11-20 11:00:00,1.0685,1.0697,1.053,1.057,301082.15
2023-11-20 12:00:00,1.057,1.0577,1.0479,1.0513,435835.48
2023-11-20 13:00:00,1.0513,1.0582,1.0449,1.0476,359630.61
2023-11-20 14:00:00,1.0476,1.0606,1.028,1.0592,1010180.43
2023-11-20 15:00:00,1.0592,1.071,1.055,1.0614,427637.42
2023-11-20 16:00:00,1.0614,1.0667,1.036,1.0365,553981.68
2023-11-20 17:00:00,1.0365,1.0694,1.0342,1.067,908166.38
2023-11-20 18:00:00,1.067,1.0685,1.0443,1.0516,370765.62
2023-11-20 19:00:00,1.0516,1.0586,1.0465,1.0484,201178.49
2023-11-20 20:00:00,1.0484,1.0534,1.0428,1.0462,131381.21
2023-11-20 21:00:00,1.0462,1.0462,1.0201,1.0329,678948.41
2023-11-20 22:00:00,1.0329,1.0399,1.0278,1.0331,376352.05
2023-11-20 23:00:00,1.0331,1.0375,1.0256,1.0272,418827.37
2023-11-21 00:00:00,1.0272,1.036,1.0208,1.0315,425613.56
2023-11-21 01:00:00,1.0315,1.0513,1.0283,1.0494,1722650.25
2023-11-21 02:00:00,1.0494,1.0499,1.0132,1.0193,1460752.22
2023-11-21 03:00:00,1.0193,1.0281,1.0189,1.0281,309328.62
2023-11-21 04:00:00,1.0281,1.0281,1.0219,1.0242,124935.31
2023-11-21 05:00:00,1.0242,1.0266,1.0153,1.0217,237338.34
2023-11-21 06:00:00,1.0217,1.0281,1.0211,1.0235,144848.91
2023-11-21 07:00:00,1.0235,1.0238,1.0141,1.0152,516496.83
2023-11-21 08:00:00,1.0152,1.024,1.0148,1.0235,166446.3
2023-11-21 09:00:00,1.0235,1.0298,1.0226,1.0229,196631.55
2023-11-21 10:00:00,1.0229,1.0333,1.0229,1.0295,237713.95
2023-11-21 11:00:00,1.0295,1.0301,1.0161,1.0168,301182.97
2023-11-21 12:00:00,1.0168,1.0225,1.0157,1.0209,136444.47
2023-11-21 13:00:00,1.0209,1.0222,1.0132,1.0154,305260.22
2023-11-21 14:00:00,1.0154,1.0154,1.0024,1.0115,511970.01
2023-11-21 15:00:00,1.0115,1.0198,0.9833,1.0139,1766912.31
2023-11-21 16:00:00,1.0139,1.0288,1.0063,1.0238,660912.08
2023-11-21 17:00:00,1.0238,1.035,0.9728,0.9897,2251505.78
2023-11-21 18:00:00,0.9897,0.9916,0.9678,0.983,754101.78
2023-11-21 19:00:00,0.983,1.0006,0.9816,0.9973,315659.83
2023-11-21 20:00:00,0.9973,1.0107,0.9876,1.0044,211530.83
2023-11-21 21:00:00,1.0044,1.0086,0.9946,0.9963,167283.35
2023-11-21 22:00:00,0.9963,0.9967,0.9411,0.9542,820268.09
2023-11-21 23:00:00,0.9542,0.9651,0.9494,0.9499,987890.22
2023-11-22 00:00:00,0.9499,0.9682,0.9469,0.9672,522475.3
2023-11-22 01:00:00,0.9672,0.9756,0.9659,0.9708,161105.5
2023-11-22 02:00:00,0.9708,0.9836,0.9707,0.9831,159157.28
2023-11-22 03:00:00,0.9831,0.9884,0.9801,0.9872,151386.49
2023-11-22 04:00:00,0.9872,0.9927,0.9856,0.9897,250023.13
2023-11-22 05:00:00,0.9897,0.9944,0.9836,0.9843,228070.74
2023-11-22 06:00:00,0.9843,0.9954,0.9843,0.9915,141650.0
2023-11-22 07:00:00,0.9915,0.994,0.9863,0.9865,100995.0
2023-11-22 08:00:00,0.9865,0.9982,0.9863,0.9982,133180.13
2023-11-22 09:00:00,0.9982,1.0038,0.995,1.0,256882.39
2023-11-22 10:00:00,1.0,1.0099,0.9951,1.0067,152388.39
2023-11-22 11:00:00,1.0067,1.0114,0.9983,0.9983,405669.76
2023-11-22 12:00:00,0.9983,1.0048,0.9971,1.003,116442.3
2023-11-22 13:00:00,1.003,1.0113,0.9998,1.0089,93943.5
2023-11-22 14:00:00,1.0089,1.0122,0.993,0.998,157190.65
2023-11-22 15:00:00,0.998,1.0047,0.9898,0.9989,206056.2
2023-11-22 16:00:00,0.9989,1.0087,0.9939,0.9978,186030.16
2023-11-22 17:00:00,0.9978,1.0049,0.9973,1.0049,77613.1
2023-11-22 18:00:00,1.0049,1.0208,1.0029,1.0186,890918.11
2023-11-22 19:00:00,1.0186,1.0248,1.0148,1.0248,312347.44
2023-11-22 20:00:00,1.0248,1.0324,1.0248,1.0318,304558.96
2023-11-22 21:00:00,1.0318,1.0346,1.0236,1.0253,484435.27
2023-11-22 22:00:00,1.0253,1.0298,1.0188,1.0202,187974.34
2023-11-22 23:00:00,1.0202,1.0218,1.014,1.0183,211350.79
2023-11-23 00:00:00,1.0183,1.0216,1.0129,1.014,115525.21
2023-11-23 01:00:00,1.014,1.0273,1.0131,1.0243,147273.71
2023-11-23 02:00:00,1.0243,1.0267,1.0193,1.0253,158258.67
2023-11-23 03:00:00,1.0253,1.0268,1.0205,1.0208,52801.49
2023-11-23 04:00:00,1.0208,1.028,1.0194,1.0259,35618.57
2023-11-23 05:00:00,1.0259,1.0328,1.0259,1.0265,105490.7
2023-11-23 06:00:00,1.0265,1.0283,1.0221,1.0261,82851.7
2023-11-23 07:00:00,1.0261,1.0327,1.0261,1.0323,195558.06
2023-11-23 08:00:00,1.0323,1.0416,1.0302,1.0402,230359.97
2023-11-23 09:00:00,1.0402,1.0462,1.0364,1.0462,107642.53
2023-11-23 10:00:00,1.0462,1.0462,1.0321,1.0328,156165.77
2023-11-23 11:00:00,1.0328,1.0328,1.0179,1.025,286967.25
2023-11-23 12:00:00,1.025,1.0289,1.0177,1.0198,318571.46
2023-11-23 13:00:00,1.0198,1.0228,1.0142,1.0177,124184.77
2023-11-23 14:00:00,1.0177,1.0231,1.0163,1.0195,90384.7
2023-11-23 15:00:00,1.0195,1.0219,1.005,1.0064,199329.92
2023-11-23 16:00:00,1.0064,1.017,1.0061,1.0153,114825.62
2023-11-23 17:00:00,1.0153,1.0207,1.0153,1.0162,39507.92
2023-11-23 18:00:00,1.0162,1.0204,1.0148,1.0182,29360.44
2023-11-23 19:00:00,1.0182,1.019,1.0128,1.0143,29019.13
2023-11-23 20:00:00,1.0143,1.0196,1.0138,1.0166,48531.91
2023-11-23 21:00:00,1.0166,1.022,1.0162,1.0182,51687.06
2023-11-23 22:00:00,1.0182,1.0204,1.0161,1.02,38268.37
2023-11-23 23:00:00,1.02,1.0221,1.0151,1.016,70037.58
2023-11-24 00:00:00,1.016,1.0227,1.0134,1.0214,80360.16
2023-11-24 01:00:00,1.0214,1.0287,1.0209,1.0245,222673.13
2023-11-24 02:00:00,1.0245,1.0304,1.0225,1.0281,153674.67
2023-11-24 03:00:00,1.0281,1.0289,1.0232,1.0243,139538.72
2023-11-24 04:00:00,1.0243,1.0261,1.0224,1.0252,59835.24
2023-11-24 05:00:00,1.0252,1.0296,1.0219,1.0296,63902.81
2023-11-24 06:00:00,1.0296,1.0373,1.0294,1.0337,270158.98
2023-11-24 07:00:00,1.0337,1.0429,1.0288,1.0405,169938.59
2023-11-24 08:00:00,1.0405,1.0433,1.037,1.0397,117321.09
2023-11-24 09:00:00,1.0397,1.0584,1.0382,1.0545,417568.39
2023-11-24 10:00:00,1.0545,1.0604,1.0418,1.0427,299216.0
2023-11-24 11:00:00,1.0427,1.0514,1.0408,1.045,219110.26
2023-11-24 12:00:00,1.045,1.0523,1.0423,1.0477,319294.3
2023-11-24 13:00:00,1.0477,1.0506,1.0428,1.0503,195428.59
2023-11-24 14:00:00,1.0503,1.0563,1.0443,1.0563,437169.33
2023-11-24 15:00:00,1.0563,1.074,1.0558,1.0688,447074.36
2023-11-24 16:00:00,1.0688,1.0785,1.051,1.0561,501393.2
2023-11-24 17:00:00,1.0561,1.0677,1.054,1.0586,110442.45
2023-11-24 18:00:00,1.0586,1.061,1.0528,1.0549,114339.21
2023-11-24 19:00:00,1.0549,1.0555,1.0472,1.0523,76878.01
2023-11-24 20:00:00,1.0523,1.0549,1.0467,1.0534,93481.12
2023-11-24 21:00:00,1.0534,1.0579,1.0486,1.0488,117559.8
2023-11-24 22:00:00,1.0488,1.0491,1.0402,1.0445,114202.23
2023-11-24 23:00:00,1.0445,1.0491,1.0402,1.0489,202016.35
2023-11-25 00:00:00,1.0489,1.0528,1.0432,1.051,73188.83
2023-11-25 01:00:00,1.051,1.0645,1.0507,1.0643,165152.41
2023-11-25 02:00:00,1.0643,1.0678,1.0582,1.0669,233409.26
2023-11-25 03:00:00,1.0669,1.0831,1.0649,1.0805,314978.09
2023-11-25 04:00:00,1.0805,1.0811,1.0692,1.0737,303627.37
2023-11-25 05:00:00,1.0737,1.0744,1.0653,1.0691,118820.09
2023-11-25 06:00:00,1.0691,1.072,1.0672,1.0706,114351.72
2023-11-25 07:00:00,1.0706,1.0794,1.0706,1.0745,281382.58
2023-11-25 08:00:00,1.0745,1.075,1.0667,1.067,58085.32
2023-11-25 09:00:00,1.067,1.0673,1.0629,1.0643,107031.17
2023-11-25 10:00:00,1.0643,1.0664,1.055,1.0571,229540.49
2023-11-25 11:00:00,1.0571,1.0603,1.0477,1.0543,398166.32
2023-11-25 12:00:00,1.0543,1.0589,1.0525,1.0586,127855.21
2023-11-25 13:00:00,1.0586,1.0612,1.0544,1.059,149644.45
2023-11-25 14:00:00,1.059,1.0599,1.0542,1.0572,121079.31
2023-11-25 15:00:00,1.0572,1.0625,1.0534,1.0608,96975.81
2023-11-25 16:00:00,1.0608,1.0658,1.0592,1.0606,156202.37
2023-11-25 17:00:00,1.0606,1.0646,1.0599,1.0602,169978.56
2023-11-25 18:00:00,1.0602,1.0652,1.0588,1.0618,97672.4
2023-11-25 19:00:00,1.0618,1.0629,1.0581,1.0608,45154.49
2023-11-25 20:00:00,1.0608,1.063,1.057,1.0598,98239.1
2023-11-25 21:00:00,1.0598,1.0642,1.0595,1.0629,78238.39
2023-11-25 22:00:00,1.0629,1.0648,1.0607,1.0613,95715.61
2023-11-25 23:00:00,1.0613,1.0671,1.0596,1.066,130096.23
2023-11-26 00:00:00,1.066,1.0715,1.0626,1.0699,113702.91
2023-11-26 01:00:00,1.0699,1.0699,1.0556,1.0557,107857.72
2023-11-26 02:00:00,1.0557,1.0634,1.0548,1.0632,104773.72
2023-11-26 03:00:00,1.0632,1.066,1.062,1.0631,94003.27
2023-11-26 04:00:00,1.0631,1.0714,1.0604,1.0711,84531.19
2023-11-26 05:00:00,1.0711,1.0718,1.0668,1.0684,195818.01
2023-11-26 06:00:00,1.0684,1.069,1.0618,1.0682,184368.72
2023-11-26 07:00:00,1.0682,1.0691,1.0625,1.063,122062.84
2023-11-26 08:00:00,1.063,1.0675,1.0611,1.0637,113154.85
2023-11-26 09:00:00,1.0637,1.0639,1.0573,1.0617,168781.25
2023-11-26 10:00:00,1.0617,1.0618,1.051,1.0528,328806.54
2023-11-26 11:00:00,1.0528,1.0559,1.0501,1.0502,300435.95
2023-11-26 12:00:00,1.0502,1.0549,1.0407,1.0549,464390.91
2023-11-26 13:00:00,1.0549,1.055,1.0431,1.0517,272375.22
2023-11-26 14:00:00,1.0517,1.0517,1.0337,1.0364,336981.83
2023-11-26 15:00:00,1.0364,1.0431,1.0272,1.0294,327068.32
2023-11-26 16:00:00,1.0294,1.0344,1.0071,1.0219,633458.47
2023-11-26 17:00:00,1.0219,1.0286,1.0196,1.025,245378.93
2023-11-26 18:00:00,1.025,1.0298,1.0209,1.024,136650.33
2023-11-26 19:00:00,1.024,1.0308,1.0224,1.0301,101778.84
2023-11-26 20:00:00,1.0301,1.0404,1.028,1.0368,119051.47
2023-11-26 21:00:00,1.0368,1.0387,1.0326,1.0376,73569.0
2023-11-26 22:00:00,1.0376,1.0435,1.0376,1.0424,92853.72
2023-11-26 23:00:00,1.0424,1.0424,1.0334,1.0361,73505.77
2023-11-27 00:00:00,1.0361,1.0417,1.0347,1.0397,139847.6
2023-11-27 01:00:00,1.0397,1.0422,1.0283,1.0305,111725.29
2023-11-27 02:00:00,1.0305,1.0308,1.0213,1.024,177005.8
2023-11-27 03:00:00,1.024,1.0246,1.0123,1.0195,240132.76
2023-11-27 04:00:00,1.0195,1.0251,1.017,1.0245,141564.4
2023-11-27 05:00:00,1.0245,1.0253,1.0192,1.02,102979.5
2023-11-27 06:00:00,1.02,1.0256,1.0144,1.0148,103195.48
2023-11-27 07:00:00,1.0148,1.0188,1.0004,1.0113,563709.05
2023-11-27 08:00:00,1.0113,1.0165,1.0082,1.0102,89897.86
2023-11-27 09:00:00,1.0102,1.0177,1.0102,1.0114,81923.97
2023-11-27 10:00:00,1.0114,1.0124,0.9935,1.0005,542064.73
2023-11-27 11:00:00,1.0005,1.0061,0.9969,1.0009,351736.28
2023-11-27 12:00:00,1.0009,1.005,0.9996,1.001,69785.31
2023-11-27 13:00:00,1.001,1.0051,0.9954,1.0038,103815.57
2023-11-27 14:00:00,1.0038,1.0053,0.9911,0.9934,178231.54
2023-11-27 15:00:00,0.9934,1.0069,0.9912,0.9933,238080.7
2023-11-27 16:00:00,0.9933,1.0064,0.9924,1.0064,150153.24
2023-11-27 17:00:00,1.0064,1.009,1.0,1.0001,161452.14
2023-11-27 18:00:00,1.0001,1.0101,1.0001,1.0027,101859.21
2023-11-27 19:00:00,1.0027,1.0083,0.99,0.9991,216503.49
2023-11-27 20:00:00,0.9991,1.0007,0.994,0.9973,103590.66
2023-11-27 21:00:00,0.9973,1.0099,0.9965,1.0052,113881.0
2023-11-27 22:00:00,1.0052,1.0093,1.0032,1.009,44326.57
2023-11-27 23:00:00,1.009,1.0193,1.009,1.0167,165245.07
2023-11-28 00:00:00,1.0167,1.0214,1.013,1.0176,122073.66
2023-11-28 01:00:00,1.0176,1.0177,1.0115,1.0119,169422.39
2023-11-28 02:00:00,1.0119,1.0139,1.0059,1.0121,82915.03
2023-11-28 03:00:00,1.0121,1.0146,1.0077,1.0099,49102.96
2023-11-28 04:00:00,1.0099,1.0122,1.001,1.0016,92555.01
2023-11-28 05:00:00,1.0016,1.0024,0.9871,0.9871,355118.87
2023-11-28 06:00:00,0.9871,0.9984,0.985,0.9977,326431.73
2023-11-28 07:00:00,0.9977,0.9984,0.9876,0.9977,69876.87
2023-11-28 08:00:00,0.9977,0.9978,0.9913,0.9916,46027.35
2023-11-28 09:00:00,0.9916,1.0018,0.9902,1.0009,73754.09
2023-11-28 10:00:00,1.0009,1.0045,0.9967,1.0036,72319.19
2023-11-28 11:00:00,1.0036,1.0119,1.0023,1.011,193722.4
2023-11-28 12:00:00,1.011,1.012,1.0052,1.0079,63815.47
2023-11-28 13:00:00,1.0079,1.0127,1.0028,1.0113,71771.01
2023-11-28 14:00:00,1.0113,1.0125,1.007,1.0083,199363.43
2023-11-28 15:00:00,1.0083,1.0117,1.0012,1.0104,242188.93
2023-11-28 16:00:00,1.0104,1.025,1.0096,1.0216,321425.87
2023-11-28 17:00:00,1.0216,1.0308,1.0171,1.0298,289287.2
2023-11-28 18:00:00,1.0298,1.0307,1.0177,1.0217,159497.52
2023-11-28 19:00:00,1.0217,1.0272,1.0203,1.0217,128393.6
2023-11-28 20:00:00,1.0217,1.0271,1.0187,1.0259,64037.97
2023-11-28 21:00:00,1.0259,1.0262,1.0187,1.0196,41594.19
2023-11-28 22:00:00,1.0196,1.0214,1.0134,1.0154,110858.28
2023-11-28 23:00:00,1.0154,1.0188,1.0127,1.0168,56210.99
2023-11-29 00:00:00,1.0168,1.0193,1.0107,1.0175,264810.58
2023-11-29 01:00:00,1.0175,1.0211,1.0174,1.0179,338439.58
2023-11-29 02:00:00,1.0179,1.0205,1.0148,1.0167,124347.79
2023-11-29 03:00:00,1.0167,1.0188,1.0141,1.0185,103324.76
2023-11-29 04:00:00,1.0185,1.019,1.0143,1.0172,85037.48
2023-11-29 05:00:00,1.0172,1.0186,1.0137,1.0186,168234.27
2023-11-29 06:00:00,1.0186,1.026,1.0172,1.0248,89011.78
2023-11-29 07:00:00,1.0248,1.0272,1.0202,1.0212,190547.19
2023-11-29 08:00:00,1.0212,1.0294,1.019,1.0283,172542.68
2023-11-29 09:00:00,1.0283,1.0299,1.0222,1.0235,281364.94
2023-11-29 10:00:00,1.0235,1.024,1.005,1.0101,609682.91
2023-11-29 11:00:00,1.0101,1.0164,1.0076,1.0129,296634.51
2023-11-29 12:00:00,1.0129,1.018,1.0107,1.0137,266032.56
2023-11-29 13:00:00,1.0137,1.0171,1.0101,1.0123,208083.78
2023-11-29 14:00:00,1.0123,1.0148,1.002,1.0023,543464.57
2023-11-29 15:00:00,1.0023,1.0051,0.9925,1.0032,625563.3
2023-11-29 16:00:00,1.0032,1.0047,0.9961,0.9991,111762.85
2023-11-29 17:00:00,0.9991,1.0061,0.9956,1.004,138651.77
2023-11-29 18:00:00,1.004,1.0065,1.0012,1.0065,84310.31
2023-11-29 19:00:00,1.0065,1.0097,1.004,1.0087,44938.07
2023-11-29 20:00:00,1.0087,1.0087,0.9996,1.0007,46378.5
2023-11-29 21:00:00,1.0007,1.004,0.9998,1.0017,45520.03
2023-11-29 22:00:00,1.0017,1.0087,1.0017,1.007,121860.29
2023-11-29 23:00:00,1.007,1.0119,1.0029,1.0074,1340071.93
2023-11-30 00:00:00,1.0074,1.0107,1.0037,1.0072,120602.16
2023-11-30 01:00:00,1.0072,1.0074,1.0008,1.0008,105694.7
2023-11-30 02:00:00,1.0008,1.0108,1.0007,1.0107,113630.44
2023-11-30 03:00:00,1.0107,1.0141,1.0067,1.0136,61503.68
2023-11-30 04:00:00,1.0136,1.0168,1.0092,1.0098,54327.05
2023-11-30 05:00:00,1.0098,1.0128,1.0061,1.0078,146544.43
2023-11-30 06:00:00,1.0078,1.0123,1.0064,1.0103,203025.01
2023-11-30 07:00:00,1.0103,1.0125,1.0063,1.0077,81682.31
2023-11-30 08:00:00,1.0077,1.0085,0.9977,1.0016,321772.92
2023-11-30 09:00:00,1.0016,1.0053,0.9985,1.0029,229419.17
2023-11-30 10:00:00,1.0029,1.0074,1.001,1.0049,71775.75
2023-11-30 11:00:00,1.0049,1.0135,1.0041,1.0134,49259.77
2023-11-30 12:00:00,1.0134,1.0163,1.0092,1.0108,134936.81
2023-11-30 13:00:00,1.0108,1.0109,1.0018,1.0045,326136.45
2023-11-30 14:00:00,1.0045,1.0049,0.9989,1.0022,342977.15
2023-11-30 15:00:00,1.0022,1.0092,1.0015,1.0075,203477.84
2023-11-30 16:00:00,1.0075,1.0101,1.0042,1.0074,85973.36
2023-11-30 17:00:00,1.0074,1.0074,1.0038,1.0062,40110.43
2023-11-30 18:00:00,1.0062,1.0093,1.0049,1.0076,45202.31
2023-11-30 19:00:00,1.0076,1.0099,1.0057,1.0076,110007.41
2023-11-30 20:00:00,1.0076,1.0089,1.0051,1.0072,69355.35
2023-11-30 21:00:00,1.0072,1.0087,1.0044,1.0066,113397.87
2023-11-30 22:00:00,1.0066,1.0092,1.0043,1.0043,68312.83
2023-11-30 23:00:00,1.0043,1.006,1.0021,1.0055,105161.82
2023-12-01 00:00:00,1.0055,1.0063,0.9999,1.0016,139604.71
2023-12-01 01:00:00,1.0016,1.0279,1.0002,1.0272,552157.97
2023-12-01 02:00:00,1.0272,1.0277,1.0221,1.0236,251646.65
2023-12-01 03:00:00,1.0236,1.0252,1.0215,1.0238,102684.5
2023-12-01 04:00:00,1.0238,1.0315,1.0227,1.0278,212768.55
2023-12-01 05:00:00,1.0278,1.0296,1.0252,1.0252,106350.89
2023-12-01 06:00:00,1.0252,1.0271,1.0215,1.0266,182262.93
2023-12-01 07:00:00,1.0266,1.0319,1.0258,1.028,297191.23
2023-12-01 08:00:00,1.028,1.0369,1.028,1.0359,254993.18
2023-12-01 09:00:00,1.0359,1.0478,1.0359,1.0435,486538.22
2023-12-01 10:00:00,1.0435,1.0452,1.0339,1.0339,430201.82
2023-12-01 11:00:00,1.0339,1.0377,1.033,1.0368,135465.45
2023-12-01 12:00:00,1.0368,1.0373,1.0278,1.0316,277445.86
2023-12-01 13:00:00,1.0316,1.0355,1.0274,1.03,463455.14
2023-12-01 14:00:00,1.03,1.031,1.0236,1.0261,301169.49
2023-12-01 15:00:00,1.0261,1.031,1.024,1.0289,61077.28
2023-12-01 16:00:00,1.0289,1.0388,1.0289,1.0372,169900.08
2023-12-01 17:00:00,1.0372,1.0395,1.0315,1.0342,318513.59
2023-12-01 18:00:00,1.0342,1.0385,1.0315,1.0328,164733.78
2023-12-01 19:00:00,1.0328,1.0357,1.0297,1.0354,219330.78
2023-12-01 20:00:00,1.0354,1.0365,1.0336,1.0338,101098.29
2023-12-01 21:00:00,1.0338,1.0414,1.0337,1.0377,35154.87
2023-12-01 22:00:00,1.0377,1.0378,1.0297,1.0313,104912.74
2023-12-01 23:00:00,1.0313,1.0332,1.0299,1.0332,100314.48
2023-12-02 00:00:00,1.0332,1.0363,1.0306,1.0344,327434.87
2023-12-02 01:00:00,1.0344,1.0352,1.0316,1.033,82126.58
2023-12-02 02:00:00,1.033,1.0352,1.031,1.0346,96636.71
2023-12-02 03:00:00,1.0346,1.0394,1.0338,1.0388,156380.19
2023-12-02 04:00:00,1.0388,1.0421,1.0376,1.0395,126207.09
2023-12-02 05:00:00,1.0395,1.0404,1.0378,1.038,60014.72
2023-12-02 06:00:00,1.038,1.0453,1.0374,1.0444,103678.82
2023-12-02 07:00:00,1.0444,1.0456,1.0395,1.0411,119322.15
2023-12-02 08:00:00,1.0411,1.0491,1.0411,1.0483,83879.37
2023-12-02 09:00:00,1.0483,1.0556,1.0477,1.054,313643.81
2023-12-02 10:00:00,1.054,1.0572,1.0518,1.0527,309591.01
2023-12-02 11:00:00,1.0527,1.068,1.0491,1.0658,514228.9
2023-12-02 12:00:00,1.0658,1.0787,1.0658,1.0783,767554.74
2023-12-02 13:00:00,1.0783,1.0805,1.0731,1.0786,461405.2
2023-12-02 14:00:00,1.0786,1.0973,1.0734,1.0814,1258918.57
2023-12-02 15:00:00,1.0814,1.0852,1.0744,1.0827,303862.57
2023-12-02 16:00:00,1.0827,1.0859,1.078,1.0819,282367.2
2023-12-02 17:00:00,1.0819,1.0914,1.0789,1.0913,379872.75
2023-12-02 18:00:00,1.0913,1.1074,1.0907,1.1046,596572.48
2023-12-02 19:00:00,1.1046,1.1211,1.0959,1.1086,818058.75
2023-12-02 20:00:00,1.1086,1.1133,1.1034,1.1081,427359.05
2023-12-02 21:00:00,1.1081,1.1151,1.1036,1.1139,194628.76
2023-12-02 22:00:00,1.1139,1.1157,1.1009,1.1029,268325.45
2023-12-02 23:00:00,1.1029,1.1106,1.1029,1.1103,158762.89
2023-12-03 00:00:00,1.1103,1.1149,1.1072,1.1099,133333.16
2023-12-03 01:00:00,1.1099,1.1125,1.1056,1.1125,200468.12
2023-12-03 02:00:00,1.1125,1.1245,1.1061,1.1067,362760.41
2023-12-03 03:00:00,1.1067,1.108,1.0944,1.1007,330842.5
2023-12-03 04:00:00,1.1007,1.1023,1.0954,1.0991,86995.71
2023-12-03 05:00:00,1.0991,1.1022,1.0963,1.1012,94379.51
2023-12-03 06:00:00,1.1012,1.1016,1.0917,1.096,216673.8
2023-12-03 07:00:00,1.096,1.1007,1.0943,1.1002,343429.97
2023-12-03 08:00:00,1.1002,1.1072,1.0995,1.1029,191758.44
2023-12-03 09:00:00,1.1029,1.1151,1.1029,1.1116,122010.47
2023-12-03 10:00:00,1.1116,1.1141,1.1054,1.1095,335217.78
2023-12-03 11:00:00,1.1095,1.1116,1.0984,1.1031,198559.75
2023-12-03 12:00:00,1.1031,1.1031,1.0842,1.0895,543777.15
2023-12-03 13:00:00,1.0895,1.0978,1.087,1.0915,211948.09
2023-12-03 14:00:00,1.0915,1.0931,1.0809,1.0841,298640.61
2023-12-03 15:00:00,1.0841,1.0897,1.0825,1.0875,111049.83
2023-12-03 16:00:00,1.0875,1.0962,1.087,1.0936,54725.47
2023-12-03 17:00:00,1.0936,1.0941,1.0862,1.089,144984.71
2023-12-03 18:00:00,1.089,1.0925,1.088,1.0894,78059.95
2023-12-03 19:00:00,1.0894,1.0928,1.0862,1.0905,41487.95
2023-12-03 20:00:00,1.0905,1.093,1.0869,1.0886,57529.58
2023-12-03 21:00:00,1.0886,1.0967,1.088,1.0967,78663.64
2023-12-03 22:00:00,1.0967,1.1176,1.0956,1.112,644299.18
2023-12-03 23:00:00,1.112,1.1165,1.0894,1.0969,394629.81
2023-12-04 00:00:00,1.0969,1.1049,1.0924,1.1041,1679825.3
2023-12-04 01:00:00,1.1041,1.124,1.1023,1.1135,460409.04
2023-12-04 02:00:00,1.1135,1.116,1.1093,1.112,294957.1
2023-12-04 03:00:00,1.112,1.1206,1.1098,1.1099,447278.47
2023-12-04 04:00:00,1.1099,1.1248,1.1099,1.1202,379428.62
2023-12-04 05:00:00,1.1202,1.1276,1.1081,1.1108,693331.92
2023-12-04 06:00:00,1.1108,1.1186,1.1061,1.1145,326438.84
2023-12-04 07:00:00,1.1145,1.1294,1.113,1.1194,782387.07
2023-12-04 08:00:00,1.1194,1.1499,1.1182,1.143,741094.16
2023-12-04 09:00:00,1.143,1.146,1.1207,1.1207,488263.55
2023-12-04 10:00:00,1.1207,1.1316,1.1207,1.1227,272437.21
2023-12-04 11:00:00,1.1227,1.1255,1.0098,1.0873,4295754.58
2023-12-04 12:00:00,1.0873,1.1106,1.0772,1.1064,565094.68
2023-12-04 13:00:00,1.1064,1.1089,1.0815,1.0847,671642.14
2023-12-04 14:00:00,1.0847,1.0876,1.0648,1.0755,824542.36
2023-12-04 15:00:00,1.0755,1.078,1.061,1.07,453292.26
2023-12-04 16:00:00,1.07,1.0827,1.0668,1.0826,405901.07
2023-12-04 17:00:00,1.0826,1.0834,1.0703,1.0726,120630.8
2023-12-04 18:00:00,1.0726,1.0758,1.0683,1.0694,197148.67
2023-12-04 19:00:00,1.0694,1.0811,1.0684,1.0806,140977.86
2023-12-04 20:00:00,1.0806,1.0806,1.0723,1.0742,143032.66
2023-12-04 21:00:00,1.0742,1.0823,1.0735,1.0815,153771.94
2023-12-04 22:00:00,1.0815,1.0866,1.0681,1.075,244186.59
2023-12-04 23:00:00,1.075,1.0928,1.0723,1.0928,269719.43
2023-12-05 00:00:00,1.0928,1.1085,1.0857,1.1071,440717.41
2023-12-05 01:00:00,1.1071,1.109,1.0864,1.0917,482729.08
2023-12-05 02:00:00,1.0917,1.0927,1.0727,1.0744,495763.54
2023-12-05 03:00:00,1.0744,1.0832,1.0743,1.0786,245404.07
2023-12-05 04:00:00,1.0786,1.0805,1.0709,1.0764,164963.58
2023-12-05 05:00:00,1.0764,1.0859,1.0725,1.0851,164675.8
2023-12-05 06:00:00,1.0851,1.0898,1.0755,1.0803,217543.88
2023-12-05 07:00:00,1.0803,1.0825,1.0537,1.0646,814316.3
2023-12-05 08:00:00,1.0646,1.0683,1.0564,1.0644,130976.24
2023-12-05 09:00:00,1.0644,1.0727,1.0634,1.07,137501.11
2023-12-05 10:00:00,1.07,1.0716,1.0577,1.0587,357296.4
2023-12-05 11:00:00,1.0587,1.0669,1.0545,1.0637,227688.1
2023-12-05 12:00:00,1.0637,1.0682,1.06,1.0607,88024.66
2023-12-05 13:00:00,1.0607,1.0661,1.0498,1.0507,261943.23
2023-12-05 14:00:00,1.0507,1.0692,1.0476,1.0677,345847.55
2023-12-05 15:00:00,1.0677,1.0784,1.065,1.075,245891.63
2023-12-05 16:00:00,1.075,1.0767,1.0656,1.0723,144814.15
2023-12-05 17:00:00,1.0723,1.0991,1.0705,1.095,1242336.18
2023-12-05 18:00:00,1.095,1.104,1.0838,1.0862,714124.06
2023-12-05 19:00:00,1.0862,1.0895,1.0791,1.0829,304496.89
2023-12-05 20:00:00,1.0829,1.0862,1.074,1.0808,444137.78
2023-12-05 21:00:00,1.0808,1.0885,1.0769,1.0868,128110.76
2023-12-05 22:00:00,1.0868,1.092,1.0799,1.0846,182005.48
2023-12-05 23:00:00,1.0846,1.1019,1.0833,1.0901,361939.24
2023-12-06 00:00:00,1.0901,1.1104,1.0899,1.1095,600412.96
2023-12-06 01:00:00,1.1095,1.1128,1.0925,1.1013,313569.89
2023-12-06 02:00:00,1.1013,1.1032,1.0821,1.0937,269815.84
2023-12-06 03:00:00,1.0937,1.0942,1.0756,1.084,504847.9
2023-12-06 04:00:00,1.084,1.0876,1.0804,1.0875,169837.19
2023-12-06 05:00:00,1.0875,1.0905,1.0568,1.0715,626916.45
2023-12-06 06:00:00,1.0715,1.0736,1.057,1.0697,219520.95
2023-12-06 07:00:00,1.0697,1.0776,1.0661,1.0731,339595.44
2023-12-06 08:00:00,1.0731,1.088,1.0698,1.088,487453.93
2023-12-06 09:00:00,1.088,1.0902,1.0797,1.0799,315165.3
2023-12-06 10:00:00,1.0799,1.0882,1.0771,1.0798,373727.1
2023-12-06 11:00:00,1.0798,1.0801,1.05,1.0673,705605.36
2023-12-06 12:00:00,1.0673,1.0797,1.0659,1.0772,165465.84
2023-12-06 13:00:00,1.0772,1.0802,1.0697,1.0739,260028.62
2023-12-06 14:00:00,1.0739,1.0785,1.0635,1.0635,309349.52
2023-12-06 15:00:00,1.0635,1.0735,1.062,1.0692,151464.66
2023-12-06 16:00:00,1.0692,1.0773,1.0677,1.0751,282796.94
2023-12-06 17:00:00,1.0751,1.0828,1.0727,1.0766,167904.75
2023-12-06 18:00:00,1.0766,1.0809,1.0739,1.0797,95291.84
2023-12-06 19:00:00,1.0797,1.0825,1.0779,1.0811,92191.4
2023-12-06 20:00:00,1.0811,1.0829,1.0693,1.0699,97245.98
2023-12-06 21:00:00,1.0699,1.0759,1.0601,1.0676,229084.28
2023-12-06 22:00:00,1.0676,1.0715,1.0556,1.063,116748.06
2023-12-06 23:00:00,1.063,1.063,1.0555,1.0592,235749.44
2023-12-07 00:00:00,1.0592,1.0676,1.0573,1.0634,145440.6
2023-12-07 01:00:00,1.0634,1.0668,1.0589,1.066,218152.73
2023-12-07 02:00:00,1.066,1.0691,1.0637,1.0681,109698.97
2023-12-07 03:00:00,1.0681,1.0713,1.0622,1.0712,63046.73
2023-12-07 04:00:00,1.0712,1.0912,1.0703,1.0898,200387.82
2023-12-07 05:00:00,1.0898,1.0963,1.0884,1.0902,149285.5
2023-12-07 06:00:00,1.0902,1.091,1.078,1.0791,172174.24
2023-12-07 07:00:00,1.0791,1.084,1.0774,1.0801,59913.35
2023-12-07 08:00:00,1.0801,1.0851,1.0576,1.0584,593697.69
2023-12-07 09:00:00,1.0584,1.0614,1.0352,1.0532,1382215.42
2023-12-07 10:00:00,1.0532,1.0568,1.0471,1.0492,388243.89
2023-12-07 11:00:00,1.0492,1.055,1.0443,1.0493,249266.74
2023-12-07 12:00:00,1.0493,1.0694,1.0456,1.0676,645730.68
2023-12-07 13:00:00,1.0676,1.0713,1.0594,1.0647,318373.11
2023-12-07 14:00:00,1.0647,1.0694,1.0602,1.0671,142833.73
2023-12-07 15:00:00,1.0671,1.143,1.0669,1.1381,1956033.73
2023-12-07 16:00:00,1.1381,1.198,1.128,1.1925,4214967.1
2023-12-07 17:00:00,1.1925,1.1945,1.1638,1.1762,2227891.1
2023-12-07 18:00:00,1.1762,1.1822,1.1623,1.1737,695607.89
2023-12-07 19:00:00,1.1737,1.1787,1.1415,1.1456,963456.31
2023-12-07 20:00:00,1.1456,1.1593,1.1455,1.1564,390458.36
2023-12-07 21:00:00,1.1564,1.1719,1.1559,1.1642,429216.01
2023-12-07 22:00:00,1.1642,1.1694,1.1494,1.1494,778319.77
2023-12-07 23:00:00,1.1494,1.174,1.1494,1.1706,1398645.36
2023-12-08 00:00:00,1.1706,1.1804,1.1638,1.1696,701234.19
2023-12-08 01:00:00,1.1696,1.1741,1.1596,1.1738,508108.37
2023-12-08 02:00:00,1.1738,1.1981,1.1738,1.1913,689573.99
2023-12-08 03:00:00,1.1913,1.1918,1.1732,1.1777,608402.64
2023-12-08 04:00:00,1.1777,1.1925,1.1754,1.1767,352427.52
2023-12-08 05:00:00,1.1767,1.1797,1.168,1.1766,426069.69
2023-12-08 06:00:00,1.1766,1.1929,1.1747,1.1884,384440.09
2023-12-08 07:00:00,1.1884,1.1891,1.1588,1.1604,932956.78
2023-12-08 08:00:00,1.1604,1.1631,1.1506,1.1511,594319.17
2023-12-08 09:00:00,1.1511,1.1568,1.1483,1.1507,493098.66
2023-12-08 10:00:00,1.1507,1.1621,1.149,1.1617,248649.64
2023-12-08 11:00:00,1.1617,1.1726,1.1601,1.1684,531996.77
2023-12-08 12:00:00,1.1684,1.1771,1.1627,1.1666,432878.38
2023-12-08 13:00:00,1.1666,1.1693,1.1512,1.1512,527868.87
2023-12-08 14:00:00,1.1512,1.1742,1.1501,1.1701,1060519.9
2023-12-08 15:00:00,1.1701,1.1731,1.1556,1.1569,422133.12
2023-12-08 16:00:00,1.1569,1.1684,1.1566,1.159,460510.2
2023-12-08 17:00:00,1.159,1.1632,1.1501,1.1596,340925.75
2023-12-08 18:00:00,1.1596,1.1636,1.1571,1.1596,113745.17
2023-12-08 19:00:00,1.1596,1.1664,1.1596,1.166,174442.48
2023-12-08 20:00:00,1.166,1.1723,1.1651,1.1705,280096.95
2023-12-08 21:00:00,1.1705,1.1753,1.165,1.1752,426836.3
2023-12-08 22:00:00,1.1752,1.1758,1.1669,1.1696,186794.22
2023-12-08 23:00:00,1.1696,1.1743,1.1649,1.1662,317100.9
2023-12-09 00:00:00,1.1662,1.1829,1.1662,1.1805,337156.6
2023-12-09 01:00:00,1.1805,1.1816,1.1599,1.1692,481158.02
2023-12-09 02:00:00,1.1692,1.1692,1.1593,1.1611,239764.32
2023-12-09 03:00:00,1.1611,1.1754,1.1611,1.1725,139628.77
2023-12-09 04:00:00,1.1725,1.1929,1.1725,1.1889,247036.85
2023-12-09 05:00:00,1.1889,1.2139,1.1889,1.206,1136066.66
2023-12-09 06:00:00,1.206,1.226,1.2054,1.2145,1384920.73
2023-12-09 07:00:00,1.2145,1.2283,1.2113,1.2209,332208.93
2023-12-09 08:00:00,1.2209,1.2427,1.1761,1.1961,2009224.53
2023-12-09 09:00:00,1.1961,1.206,1.1753,1.1803,970648.61
2023-12-09 10:00:00,1.1803,1.1924,1.1803,1.1902,440476.86
2023-12-09 11:00:00,1.1902,1.1915,1.1794,1.1901,250648.22
2023-12-09 12:00:00,1.1901,1.1977,1.1821,1.1908,443175.69
2023-12-09 13:00:00,1.1908,1.1935,1.1777,1.1869,442706.16
2023-12-09 14:00:00,1.1869,1.1961,1.1544,1.1775,1609850.4
2023-12-09 15:00:00,1.1775,1.1883,1.1635,1.1869,518071.93
2023-12-09 16:00:00,1.1869,1.1912,1.1649,1.17,1022912.29
2023-12-09 17:00:00,1.17,1.1704,1.155,1.1597,632073.76
2023-12-09 18:00:00,1.1597,1.1735,1.1584,1.172,312398.56
2023-12-09 19:00:00,1.172,1.1766,1.168,1.1707,207615.6
2023-12-09 20:00:00,1.1707,1.1729,1.1606,1.1672,102130.04
2023-12-09 21:00:00,1.1672,1.1729,1.1568,1.1688,171990.02
2023-12-09 22:00:00,1.1688,1.1729,1.1614,1.1632,122118.34
2023-12-09 23:00:00,1.1632,1.1663,1.1219,1.1395,1260484.01
2023-12-10 00:00:00,1.1395,1.1557,1.1394,1.1551,434615.1
2023-12-10 01:00:00,1.1551,1.1579,1.1478,1.1546,149995.28
2023-12-10 02:00:00,1.1546,1.1568,1.1473,1.1487,104196.41
2023-12-10 03:00:00,1.1487,1.1532,1.1482,1.1532,77183.94
2023-12-10 04:00:00,1.1532,1.1605,1.1521,1.1596,299453.51
2023-12-10 05:00:00,1.1596,1.1618,1.1571,1.1617,98678.16
2023-12-10 06:00:00,1.1617,1.1623,1.151,1.153,239380.59
2023-12-10 07:00:00,1.153,1.1543,1.1406,1.1495,592678.54
2023-12-10 08:00:00,1.1495,1.1512,1.1381,1.1407,570700.35
2023-12-10 09:00:00,1.1407,1.1463,1.1133,1.1143,1150346.02
2023-12-10 10:00:00,1.1143,1.133,1.1143,1.1322,355328.41
2023-12-10 11:00:00,1.1322,1.134,1.129,1.1297,196918.07
2023-12-10 12:00:00,1.1297,1.1484,1.1291,1.1477,340291.99
2023-12-10 13:00:00,1.1477,1.1502,1.1387,1.146,334408.56
2023-12-10 14:00:00,1.146,1.1517,1.1435,1.1472,181409.0
2023-12-10 15:00:00,1.1472,1.1565,1.1463,1.1514,329492.76
2023-12-10 16:00:00,1.1514,1.1536,1.1439,1.1465,281663.31
2023-12-10 17:00:00,1.1465,1.1465,1.1369,1.141,579278.16
2023-12-10 18:00:00,1.141,1.1532,1.1402,1.1502,118574.68
2023-12-10 19:00:00,1.1502,1.1515,1.1465,1.1509,43016.92
2023-12-10 20:00:00,1.1509,1.1657,1.1499,1.1643,423721.0
2023-12-10 21:00:00,1.1643,1.1655,1.1537,1.1537,321534.26
2023-12-10 22:00:00,1.1537,1.1611,1.151,1.157,132771.75
2023-12-10 23:00:00,1.157,1.1599,1.1456,1.1559,165107.96
2023-12-11 00:00:00,1.1559,1.1627,1.1466,1.1473,485605.84
2023-12-11 01:00:00,1.1473,1.1473,1.1305,1.1446,535069.26
2023-12-11 02:00:00,1.1446,1.1446,0.9849,1.071,5499205.62
2023-12-11 03:00:00,1.071,1.0861,1.0689,1.081,335757.15
2023-12-11 04:00:00,1.081,1.0849,1.0694,1.0778,398745.05
2023-12-11 05:00:00,1.0778,1.0891,1.0693,1.0871,256650.3
2023-12-11 06:00:00,1.0871,1.0871,1.0611,1.0743,391429.77
2023-12-11 07:00:00,1.0743,1.0808,1.0693,1.0707,300763.67
2023-12-11 08:00:00,1.0707,1.0857,1.0653,1.0824,383272.71
2023-12-11 09:00:00,1.0824,1.0864,1.0798,1.0842,249962.7
2023-12-11 10:00:00,1.0842,1.1023,1.0827,1.0954,279380.61
2023-12-11 11:00:00,1.0954,1.1168,1.0951,1.1149,459908.92
2023-12-11 12:00:00,1.1149,1.1268,1.1045,1.1055,625450.06
2023-12-11 13:00:00,1.1055,1.1075,1.081,1.0938,1419630.62
2023-12-11 14:00:00,1.0938,1.1021,1.0843,1.096,757014.73
2023-12-11 15:00:00,1.096,1.1086,1.0912,1.1024,519077.33
2023-12-11 16:00:00,1.1024,1.1024,1.087,1.1019,541632.51
2023-12-11 17:00:00,1.1019,1.1021,1.0838,1.085,219671.14
2023-12-11 18:00:00,1.085,1.085,1.0568,1.0786,927845.43
2023-12-11 19:00:00,1.0786,1.0799,1.0604,1.0786,262135.98
2023-12-11 20:00:00,1.0786,1.086,1.0752,1.0853,101505.16
2023-12-11 21:00:00,1.0853,1.0935,1.0842,1.0935,122274.02
2023-12-11 22:00:00,1.0935,1.0975,1.0889,1.0939,108361.14
2023-12-11 23:00:00,1.0939,1.0988,1.0884,1.0962,84729.15
2023-12-12 00:00:00,1.0962,1.1037,1.0943,1.1006,151096.07
2023-12-12 01:00:00,1.1006,1.111,1.0992,1.11,392581.15
2023-12-12 02:00:00,1.11,1.1582,1.11,1.1565,1103903.26
2023-12-12 03:00:00,1.1565,1.173,1.1457,1.1467,723168.35
2023-12-12 04:00:00,1.1467,1.1524,1.1333,1.1339,414521.3
2023-12-12 05:00:00,1.1339,1.1569,1.1339,1.1563,324295.5
2023-12-12 06:00:00,1.1563,1.1616,1.1393,1.1518,337802.91
2023-12-12 07:00:00,1.1518,1.168,1.1506,1.1577,291311.54
2023-12-12 08:00:00,1.1577,1.1753,1.1468,1.1679,722019.05
2023-12-12 09:00:00,1.1679,1.1679,1.153,1.1559,646167.96
2023-12-12 10:00:00,1.1559,1.17,1.1559,1.1696,477277.66
2023-12-12 11:00:00,1.1696,1.1715,1.1495,1.1517,607283.67
2023-12-12 12:00:00,1.1517,1.1731,1.1495,1.1716,331156.46
2023-12-12 13:00:00,1.1716,1.1834,1.1561,1.1622,1377115.2
2023-12-12 14:00:00,1.1622,1.1709,1.1516,1.1591,517457.9
2023-12-12 15:00:00,1.1591,1.1696,1.1353,1.1474,964248.66
2023-12-12 16:00:00,1.1474,1.1519,1.129,1.1381,1484085.56
2023-12-12 17:00:00,1.1381,1.1405,1.108,1.1139,1076246.36
2023-12-12 18:00:00,1.1139,1.1376,1.113,1.1349,453133.49
2023-12-12 19:00:00,1.1349,1.1356,1.1204,1.1294,149176.43
2023-12-12 20:00:00,1.1294,1.1366,1.1214,1.1351,274538.85
2023-12-12 21:00:00,1.1351,1.203,1.1345,1.1717,2901117.4
2023-12-12 22:00:00,1.1717,1.2203,1.1698,1.2179,1481844.53
2023-12-12 23:00:00,1.2179,1.2593,1.2083,1.253,1733410.39
2023-12-13 00:00:00,1.253,1.2552,1.2289,1.2356,923305.99
2023-12-13 01:00:00,1.2356,1.2426,1.1789,1.1799,1795426.63
2023-12-13 02:00:00,1.1799,1.1941,1.1447,1.1664,1720651.08
2023-12-13 03:00:00,1.1664,1.1675,1.1304,1.136,611743.8
2023-12-13 04:00:00,1.136,1.1401,1.1219,1.1286,845923.0
2023-12-13 05:00:00,1.1286,1.1461,1.1084,1.1453,691180.98
2023-12-13 06:00:00,1.1453,1.1482,1.1175,1.1214,600727.46
2023-12-13 07:00:00,1.1214,1.142,1.1113,1.1366,625297.52
2023-12-13 08:00:00,1.1366,1.1433,1.1327,1.1427,297682.21
2023-12-13 09:00:00,1.1427,1.1427,1.1282,1.1376,289692.52
2023-12-13 10:00:00,1.1376,1.1398,1.1231,1.1323,408196.95
2023-12-13 11:00:00,1.1323,1.1356,1.1171,1.1202,335541.26
2023-12-13 12:00:00,1.1202,1.1332,1.1189,1.1294,332006.08
2023-12-13 13:00:00,1.1294,1.1538,1.1282,1.1529,624569.02
2023-12-13 14:00:00,1.1529,1.1534,1.1352,1.1375,527205.86
2023-12-13 15:00:00,1.1375,1.1635,1.1367,1.155,641706.87
2023-12-13 16:00:00,1.155,1.1614,1.1326,1.1352,433381.2
2023-12-13 17:00:00,1.1352,1.1445,1.1322,1.1428,183979.22
2023-12-13 18:00:00,1.1428,1.1508,1.1397,1.1452,208076.51
2023-12-13 19:00:00,1.1452,1.1925,1.1452,1.1895,552555.31
2023-12-13 20:00:00,1.1895,1.197,1.1813,1.1843,646583.08
2023-12-13 21:00:00,1.1843,1.1878,1.1753,1.185,357962.08
2023-12-13 22:00:00,1.185,1.2011,1.1799,1.1841,564218.17
2023-12-13 23:00:00,1.1841,1.1892,1.1766,1.1852,311256.46
2023-12-14 00:00:00,1.1852,1.1882,1.1607,1.1694,752408.45
2023-12-14 01:00:00,1.1694,1.1729,1.1614,1.1709,209233.36
2023-12-14 02:00:00,1.1709,1.172,1.1615,1.1694,242167.4
2023-12-14 03:00:00,1.1694,1.1721,1.1519,1.1528,380479.9
2023-12-14 04:00:00,1.1528,1.1608,1.1488,1.1514,243097.37
2023-12-14 05:00:00,1.1514,1.1654,1.1508,1.165,204429.21
2023-12-14 06:00:00,1.165,1.1746,1.1638,1.1734,342862.79
2023-12-14 07:00:00,1.1734,1.1769,1.1637,1.1767,254673.18
2023-12-14 08:00:00,1.1767,1.1822,1.171,1.1721,266637.27
2023-12-14 09:00:00,1.1721,1.1817,1.1682,1.1812,810980.59
2023-12-14 10:00:00,1.1812,1.1957,1.1758,1.1925,371738.3
2023-12-14 11:00:00,1.1925,1.2041,1.1844,1.2012,512665.62
2023-12-14 12:00:00,1.2012,1.2031,1.1839,1.1888,384342.37
2023-12-14 13:00:00,1.1888,1.1897,1.1108,1.1697,2613636.32
2023-12-14 14:00:00,1.1697,1.179,1.1584,1.1743,982779.41
2023-12-14 15:00:00,1.1743,1.1793,1.1625,1.1688,630042.12
2023-12-14 16:00:00,1.1688,1.1774,1.1644,1.1702,177137.09
2023-12-14 17:00:00,1.1702,1.1837,1.1684,1.1776,426057.86
2023-12-14 18:00:00,1.1776,1.178,1.1647,1.1658,166444.08
2023-12-14 19:00:00,1.1658,1.1705,1.1644,1.1672,150777.46
2023-12-14 20:00:00,1.1672,1.1673,1.1552,1.1661,175889.17
2023-12-14 21:00:00,1.1661,1.1865,1.1637,1.1797,198521.04
2023-12-14 22:00:00,1.1797,1.1856,1.177,1.1832,201787.59
2023-12-14 23:00:00,1.1832,1.1899,1.177,1.1836,332163.07
2023-12-15 00:00:00,1.1836,1.1849,1.1666,1.1671,352637.42
2023-12-15 01:00:00,1.1671,1.172,1.166,1.1671,97948.84
2023-12-15 02:00:00,1.1671,1.1695,1.1613,1.1628,201886.36
2023-12-15 03:00:00,1.1628,1.1674,1.1568,1.1622,389848.91
2023-12-15 04:00:00,1.1622,1.1643,1.1526,1.1582,231366.08
2023-12-15 05:00:00,1.1582,1.1603,1.1423,1.1428,372809.88
2023-12-15 06:00:00,1.1428,1.1498,1.1413,1.143,200241.54
2023-12-15 07:00:00,1.143,1.1481,1.138,1.1416,277812.56
2023-12-15 08:00:00,1.1416,1.1485,1.1361,1.1473,287898.21
2023-12-15 09:00:00,1.1473,1.1548,1.1453,1.1463,182646.81
2023-12-15 10:00:00,1.1463,1.1512,1.1429,1.1494,151310.74
2023-12-15 11:00:00,1.1494,1.1505,1.1439,1.1449,139693.49
2023-12-15 12:00:00,1.1449,1.1461,1.134,1.137,232866.94
2023-12-15 13:00:00,1.137,1.137,1.1201,1.1273,720581.95
2023-12-15 14:00:00,1.1273,1.1329,1.1202,1.1287,216934.24
2023-12-15 15:00:00,1.1287,1.1323,1.1111,1.1265,410833.52
2023-12-15 16:00:00,1.1265,1.1321,1.1156,1.1208,453154.06
2023-12-15 17:00:00,1.1208,1.1322,1.1205,1.1243,251220.6
2023-12-15 18:00:00,1.1243,1.1351,1.1236,1.1344,180871.37
2023-12-15 19:00:00,1.1344,1.1375,1.1291,1.1303,177959.46
2023-12-15 20:00:00,1.1303,1.1337,1.1254,1.1292,1294963.38
2023-12-15 21:00:00,1.1292,1.1309,1.1233,1.1247,136593.36
2023-12-15 22:00:00,1.1247,1.1259,1.1107,1.1116,300210.45
2023-12-15 23:00:00,1.1116,1.1157,1.0936,1.0998,594622.23
2023-12-16 00:00:00,1.0998,1.1084,1.08,1.0975,637243.73
2023-12-16 01:00:00,1.0975,1.1152,1.0975,1.1111,185554.11
2023-12-16 02:00:00,1.1111,1.1179,1.1099,1.1168,97639.12
2023-12-16 03:00:00,1.1168,1.1192,1.1135,1.1171,127151.71
2023-12-16 04:00:00,1.1171,1.1182,1.111,1.114,108709.09
2023-12-16 05:00:00,1.114,1.1185,1.113,1.1185,96551.34
2023-12-16 06:00:00,1.1185,1.1198,1.1128,1.115,141258.09
2023-12-16 07:00:00,1.115,1.1166,1.1069,1.1106,81420.77
2023-12-16 08:00:00,1.1106,1.1155,1.1042,1.1062,77090.96
2023-12-16 09:00:00,1.1062,1.1148,1.1062,1.1118,103409.48
2023-12-16 10:00:00,1.1118,1.1153,1.1084,1.1145,145915.28
2023-12-16 11:00:00,1.1145,1.1231,1.1116,1.123,370462.83
2023-12-16 12:00:00,1.123,1.1247,1.119,1.1243,245604.28
2023-12-16 13:00:00,1.1243,1.13,1.1163,1.1234,264537.8
2023-12-16 14:00:00,1.1234,1.1274,1.1218,1.127,121530.15
2023-12-16 15:00:00,1.127,1.1337,1.1256,1.1326,166670.56
2023-12-16 16:00:00,1.1326,1.1601,1.1293,1.1415,289410.92
2023-12-16 17:00:00,1.1415,1.1514,1.1353,1.1472,177623.55
2023-12-16 18:00:00,1.1472,1.1473,1.1314,1.1402,225380.2
2023-12-16 19:00:00,1.1402,1.1424,1.1244,1.1324,268950.05
2023-12-16 20:00:00,1.1324,1.1398,1.1291,1.133,228253.5
2023-12-16 21:00:00,1.133,1.137,1.1238,1.1266,88219.27
2023-12-16 22:00:00,1.1266,1.1284,1.1154,1.1255,155653.06
2023-12-16 23:00:00,1.1255,1.1268,1.119,1.1245,156127.56
2023-12-17 00:00:00,1.1245,1.1299,1.122,1.1227,220849.45
2023-12-17 01:00:00,1.1227,1.1289,1.1149,1.1195,212490.03
2023-12-17 02:00:00,1.1195,1.1262,1.1109,1.1119,234600.87
2023-12-17 03:00:00,1.1119,1.1155,1.1077,1.1131,156204.76
2023-12-17 04:00:00,1.1131,1.1201,1.1125,1.1182,48719.88
2023-12-17 05:00:00,1.1182,1.121,1.0993,1.1064,364674.31
2023-12-17 06:00:00,1.1064,1.1105,1.0957,1.1064,311388.58
2023-12-17 07:00:00,1.1064,1.109,1.0968,1.0982,193197.81
2023-12-17 08:00:00,1.0982,1.1132,1.0968,1.1101,187031.29
2023-12-17 09:00:00,1.1101,1.117,1.1086,1.1167,242565.95
2023-12-17 10:00:00,1.1167,1.1171,1.1106,1.1125,124772.73
2023-12-17 11:00:00,1.1125,1.1156,1.1071,1.1118,130808.1
2023-12-17 12:00:00,1.1118,1.1153,1.1057,1.1111,81685.73
2023-12-17 13:00:00,1.1111,1.1119,1.0967,1.1002,299664.08
2023-12-17 14:00:00,1.1002,1.1059,1.0886,1.0975,265940.28
2023-12-17 15:00:00,1.0975,1.1096,1.0947,1.1048,102416.72
2023-12-17 16:00:00,1.1048,1.1167,1.0994,1.1167,127377.35
2023-12-17 17:00:00,1.1167,1.1231,1.1109,1.1134,169713.12
2023-12-17 18:00:00,1.1134,1.1235,1.1032,1.1215,271324.38
2023-12-17 19:00:00,1.1215,1.1287,1.1202,1.1284,331975.73
2023-12-17 20:00:00,1.1284,1.1384,1.1281,1.1349,296548.58
2023-12-17 21:00:00,1.1349,1.1362,1.1244,1.1273,136328.34
2023-12-17 22:00:00,1.1273,1.1275,1.1078,1.1126,224715.75
2023-12-17 23:00:00,1.1126,1.1154,1.1011,1.1058,220480.64
2023-12-18 00:00:00,1.1058,1.1156,1.1044,1.1085,228602.42
2023-12-18 01:00:00,1.1085,1.1136,1.0809,1.0811,328982.61
2023-12-18 02:00:00,1.0811,1.0908,1.0699,1.0751,623606.29
2023-12-18 03:00:00,1.0751,1.0873,1.0717,1.0866,215136.16
2023-12-18 04:00:00,1.0866,1.0884,1.0822,1.0876,140875.36
2023-12-18 05:00:00,1.0876,1.0893,1.0775,1.0793,172252.72
2023-12-18 06:00:00,1.0793,1.0875,1.0765,1.0866,127566.66
2023-12-18 07:00:00,1.0866,1.0886,1.068,1.0722,236732.91
2023-12-18 08:00:00,1.0722,1.0799,1.0576,1.074,437977.25
2023-12-18 09:00:00,1.074,1.0742,1.0496,1.0646,475660.72
2023-12-18 10:00:00,1.0646,1.066,1.0335,1.0508,788221.61
2023-12-18 11:00:00,1.0508,1.0632,1.0502,1.0614,330069.15
2023-12-18 12:00:00,1.0614,1.0653,1.0556,1.0572,188990.34
2023-12-18 13:00:00,1.0572,1.0775,1.0566,1.0748,157502.09
2023-12-18 14:00:00,1.0748,1.0813,1.0682,1.0765,236645.11
2023-12-18 15:00:00,1.0765,1.0779,1.0619,1.0636,188573.43
2023-12-18 16:00:00,1.0636,1.0716,1.0602,1.0713,261774.45
2023-12-18 17:00:00,1.0713,1.077,1.069,1.0717,143468.92
2023-12-18 18:00:00,1.0717,1.0766,1.0684,1.0766,87619.76
2023-12-18 19:00:00,1.0766,1.0798,1.0741,1.0763,164333.34
2023-12-18 20:00:00,1.0763,1.0854,1.0715,1.0848,242359.67
2023-12-18 21:00:00,1.0848,1.1028,1.0844,1.0999,408367.89
2023-12-18 22:00:00,1.0999,1.103,1.0955,1.1008,306960.54
2023-12-18 23:00:00,1.1008,1.1066,1.0986,1.1008,297367.98
2023-12-19 00:00:00,1.1008,1.1047,1.0961,1.1012,76099.17
2023-12-19 01:00:00,1.1012,1.1207,1.0992,1.1204,141162.24
2023-12-19 02:00:00,1.1204,1.1225,1.1043,1.1057,247014.24
2023-12-19 03:00:00,1.1057,1.1067,1.1006,1.1016,151355.74
2023-12-19 04:00:00,1.1016,1.1056,1.0962,1.102,74488.05
2023-12-19 05:00:00,1.102,1.1029,1.0983,1.102,80392.6
2023-12-19 06:00:00,1.102,1.103,1.0978,1.1016,147233.03
2023-12-19 07:00:00,1.1016,1.1118,1.1004,1.1065,143226.87
2023-12-19 08:00:00,1.1065,1.1156,1.104,1.1069,93683.92
2023-12-19 09:00:00,1.1069,1.1106,1.0984,1.1043,180970.14
2023-12-19 10:00:00,1.1043,1.1069,1.0988,1.1044,50463.02
2023-12-19 11:00:00,1.1044,1.1063,1.0993,1.1027,80725.38
2023-12-19 12:00:00,1.1027,1.1247,1.1027,1.108,389549.16
2023-12-19 13:00:00,1.108,1.1165,1.1066,1.1115,148571.99
2023-12-19 14:00:00,1.1115,1.114,1.0862,1.0901,595760.38
2023-12-19 15:00:00,1.0901,1.1011,1.083,1.0899,403459.3
2023-12-19 16:00:00,1.0899,1.1036,1.0882,1.0951,105157.36
2023-12-19 17:00:00,1.0951,1.0964,1.0663,1.0668,719901.73
2023-12-19 18:00:00,1.0668,1.0828,1.0624,1.0825,377753.04
2023-12-19 19:00:00,1.0825,1.0875,1.078,1.0833,193009.03
2023-12-19 20:00:00,1.0833,1.0859,1.0764,1.0781,49140.82
2023-12-19 21:00:00,1.0781,1.0878,1.0771,1.0876,107489.62
2023-12-19 22:00:00,1.0876,1.0876,1.0688,1.0724,289447.07
2023-12-19 23:00:00,1.0724,1.0754,1.0654,1.0735,164808.29
2023-12-20 00:00:00,1.0735,1.0823,1.0715,1.0817,106557.5
2023-12-20 01:00:00,1.0817,1.0848,1.0702,1.0767,123078.57
2023-12-20 02:00:00,1.0767,1.0832,1.0684,1.0831,124283.11
2023-12-20 03:00:00,1.0831,1.086,1.0815,1.0852,42169.3
2023-12-20 04:00:00,1.0852,1.0996,1.0833,1.0995,172000.38
2023-12-20 05:00:00,1.0995,1.0995,1.0923,1.0977,155280.5
2023-12-20 06:00:00,1.0977,1.1023,1.0939,1.0954,131880.02
2023-12-20 07:00:00,1.0954,1.1192,1.094,1.1185,193998.1
2023-12-20 08:00:00,1.1185,1.119,1.1077,1.1118,264070.64
2023-12-20 09:00:00,1.1118,1.1183,1.1094,1.1133,171995.93
2023-12-20 10:00:00,1.1133,1.1154,1.1067,1.1128,113648.11
2023-12-20 11:00:00,1.1128,1.1141,1.1044,1.1105,142325.51
2023-12-20 12:00:00,1.1105,1.1129,1.1048,1.1128,159805.04
2023-12-20 13:00:00,1.1128,1.1274,1.1127,1.1256,517824.99
2023-12-20 14:00:00,1.1256,1.1301,1.1141,1.116,462914.21
2023-12-20 15:00:00,1.116,1.1295,1.112,1.1233,266972.02
2023-12-20 16:00:00,1.1233,1.1242,1.11,1.1153,358864.38
2023-12-20 17:00:00,1.1153,1.1295,1.1152,1.1279,134248.7
2023-12-20 18:00:00,1.1279,1.1322,1.1223,1.125,159833.12
2023-12-20 19:00:00,1.125,1.1271,1.1074,1.1085,136673.3
2023-12-20 20:00:00,1.1085,1.111,1.0864,1.095,520268.52
2023-12-20 21:00:00,1.095,1.1048,1.0906,1.0958,110415.0
2023-12-20 22:00:00,1.0958,1.1056,1.0935,1.1028,51431.86
2023-12-20 23:00:00,1.1028,1.1055,1.0988,1.1052,109122.22
2023-12-21 00:00:00,1.1052,1.1093,1.1026,1.1051,96438.82
2023-12-21 01:00:00,1.1051,1.1051,1.0966,1.1025,88199.66
2023-12-21 02:00:00,1.1025,1.1055,1.0955,1.1017,291902.12
2023-12-21 03:00:00,1.1017,1.1063,1.0996,1.1042,62267.11
2023-12-21 04:00:00,1.1042,1.106,1.1024,1.1035,173567.04
2023-12-21 05:00:00,1.1035,1.1086,1.0955,1.0969,272866.56
2023-12-21 06:00:00,1.0969,1.1078,1.0951,1.1078,209043.65
2023-12-21 07:00:00,1.1078,1.1278,1.1064,1.123,425286.4
2023-12-21 08:00:00,1.123,1.1288,1.1186,1.1193,199223.8
2023-12-21 09:00:00,1.1193,1.123,1.1118,1.1229,265127.52
2023-12-21 10:00:00,1.1229,1.1383,1.1221,1.1383,429548.17
2023-12-21 11:00:00,1.1383,1.1407,1.13,1.1386,504085.35
2023-12-21 12:00:00,1.1386,1.1518,1.1378,1.1412,561650.3
2023-12-21 13:00:00,1.1412,1.1412,1.1307,1.1389,420473.65
2023-12-21 14:00:00,1.1389,1.1402,1.1167,1.117,514534.03
2023-12-21 15:00:00,1.117,1.1338,1.1123,1.1327,435745.35
2023-12-21 16:00:00,1.1327,1.1453,1.1318,1.1448,378244.33
2023-12-21 17:00:00,1.1448,1.1525,1.1379,1.1468,314540.1
2023-12-21 18:00:00,1.1468,1.1626,1.1468,1.1502,270012.71
2023-12-21 19:00:00,1.1502,1.1583,1.1434,1.1504,328818.46
2023-12-21 20:00:00,1.1504,1.1563,1.1484,1.1545,183790.97
2023-12-21 21:00:00,1.1545,1.1592,1.1483,1.1514,238781.11
2023-12-21 22:00:00,1.1514,1.1574,1.147,1.1564,361387.19
2023-12-21 23:00:00,1.1564,1.1586,1.1479,1.1581,260270.15
2023-12-22 00:00:00,1.1581,1.1689,1.1478,1.1678,333401.26
2023-12-22 01:00:00,1.1678,1.1809,1.1616,1.1659,700685.26
2023-12-22 02:00:00,1.1659,1.1659,1.1486,1.1493,347906.78
2023-12-22 03:00:00,1.1493,1.1531,1.1432,1.1505,224911.55
2023-12-22 04:00:00,1.1505,1.157,1.1488,1.1569,210234.15
2023-12-22 05:00:00,1.1569,1.1629,1.1541,1.1607,151017.53
2023-12-22 06:00:00,1.1607,1.1921,1.1528,1.1859,650776.97
2023-12-22 07:00:00,1.1859,1.3076,1.1721,1.2823,3994918.67
2023-12-22 08:00:00,1.2823,1.3374,1.281,1.3249,3534893.21
2023-12-22 09:00:00,1.3249,1.3562,1.3111,1.314,2867034.56
2023-12-22 10:00:00,1.314,1.3185,1.2811,1.312,2370446.5
2023-12-22 11:00:00,1.312,1.3346,1.3107,1.3331,742176.89
2023-12-22 12:00:00,1.3331,1.3529,1.3087,1.3266,1919337.75
2023-12-22 13:00:00,1.3266,1.3723,1.3208,1.3653,2820368.49
2023-12-22 14:00:00,1.3653,1.3877,1.327,1.3727,2592589.59
2023-12-22 15:00:00,1.3727,1.3792,1.3382,1.3485,1344067.79
2023-12-22 16:00:00,1.3485,1.3706,1.3269,1.3384,1208381.56
2023-12-22 17:00:00,1.3384,1.3811,1.3384,1.3792,1539520.49
2023-12-22 18:00:00,1.3792,1.4024,1.3611,1.3695,1345909.21
2023-12-22 19:00:00,1.3695,1.3729,1.3542,1.3584,433973.55
2023-12-22 20:00:00,1.3584,1.3792,1.3555,1.3786,433568.17
2023-12-22 21:00:00,1.3786,1.421,1.3702,1.4165,1237959.17
2023-12-22 22:00:00,1.4165,1.4261,1.3951,1.4093,1379376.15
2023-12-22 23:00:00,1.4093,1.4432,1.4077,1.42,1880777.7
2023-12-23 00:00:00,1.42,1.4572,1.364,1.3717,2627154.79
2023-12-23 01:00:00,1.3717,1.3807,1.3435,1.3504,1478210.13
2023-12-23 02:00:00,1.3504,1.3637,1.3314,1.3372,1318937.72
2023-12-23 03:00:00,1.3372,1.3516,1.3122,1.3249,1725400.52
2023-12-23 04:00:00,1.3249,1.333,1.3061,1.3323,1711528.49
2023-12-23 05:00:00,1.3323,1.3344,1.3179,1.3288,562000.45
2023-12-23 06:00:00,1.3288,1.3447,1.324,1.337,628601.55
2023-12-23 07:00:00,1.337,1.3408,1.3264,1.3299,371988.51
2023-12-23 08:00:00,1.3299,1.35,1.3268,1.3453,487222.7
2023-12-23 09:00:00,1.3453,1.3582,1.3376,1.3565,459938.7
2023-12-23 10:00:00,1.3565,1.3577,1.3297,1.341,586400.45
2023-12-23 11:00:00,1.341,1.3482,1.3296,1.3356,527459.44
2023-12-23 12:00:00,1.3356,1.3456,1.3292,1.3346,290279.39
2023-12-23 13:00:00,1.3346,1.3507,1.3158,1.3275,1290299.92
2023-12-23 14:00:00,1.3275,1.3365,1.3193,1.3322,1109423.94
2023-12-23 15:00:00,1.3322,1.3465,1.3307,1.3391,468950.54
2023-12-23 16:00:00,1.3391,1.3672,1.3293,1.3659,746024.2
2023-12-23 17:00:00,1.3659,1.3859,1.3595,1.3703,1149775.76
2023-12-23 18:00:00,1.3703,1.3861,1.3661,1.375,367102.67
2023-12-23 19:00:00,1.375,1.39,1.3639,1.3738,664941.03
2023-12-23 20:00:00,1.3738,1.3797,1.3617,1.3688,266926.16
2023-12-23 21:00:00,1.3688,1.3762,1.3612,1.3699,188505.18
2023-12-23 22:00:00,1.3699,1.3879,1.3612,1.3879,222384.31
2023-12-23 23:00:00,1.3879,1.4056,1.3808,1.3948,547949.37
2023-12-24 00:00:00,1.3948,1.3955,1.3581,1.37,683255.67
2023-12-24 01:00:00,1.37,1.3935,1.3667,1.3667,584308.93
2023-12-24 02:00:00,1.3667,1.4186,1.3634,1.4186,684746.0
2023-12-24 03:00:00,1.4186,1.4186,1.3762,1.3932,578669.63
2023-12-24 04:00:00,1.3932,1.4274,1.378,1.4263,706382.77
2023-12-24 05:00:00,1.4263,1.4643,1.3858,1.405,1602321.64
2023-12-24 06:00:00,1.405,1.4269,1.388,1.4106,855015.8
2023-12-24 07:00:00,1.4106,1.4551,1.4028,1.4534,922949.96
2023-12-24 08:00:00,1.4534,1.4534,1.4203,1.4243,799894.71
2023-12-24 09:00:00,1.4243,1.4301,1.405,1.4096,533600.66
2023-12-24 10:00:00,1.4096,1.4119,1.3606,1.3717,1694563.7
2023-12-24 11:00:00,1.3717,1.3771,1.3634,1.3715,654684.53
2023-12-24 12:00:00,1.3715,1.3791,1.3592,1.3776,478738.13
2023-12-24 13:00:00,1.3776,1.3855,1.372,1.3838,246617.46
2023-12-24 14:00:00,1.3838,1.3988,1.3771,1.3859,545107.76
2023-12-24 15:00:00,1.3859,1.3936,1.38,1.3826,177511.69
2023-12-24 16:00:00,1.3826,1.402,1.3795,1.3975,356968.12
2023-12-24 17:00:00,1.3975,1.4075,1.3922,1.398,145215.09
2023-12-24 18:00:00,1.398,1.4003,1.3845,1.3921,176803.3
2023-12-24 19:00:00,1.3921,1.3943,1.3709,1.3837,530761.53
2023-12-24 20:00:00,1.3837,1.3848,1.365,1.3737,236780.96
2023-12-24 21:00:00,1.3737,1.3797,1.3653,1.3663,190124.99
2023-12-24 22:00:00,1.3663,1.3681,1.33,1.3555,1371369.22
2023-12-24 23:00:00,1.3555,1.3662,1.3513,1.3524,179365.03
2023-12-25 00:00:00,1.3524,1.3624,1.3368,1.3509,1034313.72
2023-12-25 01:00:00,1.3509,1.3779,1.3509,1.3763,780144.53
2023-12-25 02:00:00,1.3763,1.3783,1.3491,1.3585,439343.88
2023-12-25 03:00:00,1.3585,1.3675,1.3526,1.3606,431006.86
2023-12-25 04:00:00,1.3606,1.3922,1.3601,1.3811,707314.14
2023-12-25 05:00:00,1.3811,1.3897,1.3769,1.3879,226205.45
2023-12-25 06:00:00,1.3879,1.3924,1.3808,1.3808,377977.04
2023-12-25 07:00:00,1.3808,1.3838,1.3718,1.3755,373704.18
2023-12-25 08:00:00,1.3755,1.3905,1.3621,1.363,625054.9
2023-12-25 09:00:00,1.363,1.3719,1.3528,1.3528,406174.25
2023-12-25 10:00:00,1.3528,1.3596,1.3454,1.3569,165284.58
2023-12-25 11:00:00,1.3569,1.3635,1.3505,1.3526,201987.25
2023-12-25 12:00:00,1.3526,1.3866,1.3428,1.3836,606297.19
2023-12-25 13:00:00,1.3836,1.3871,1.3635,1.3725,337626.39
2023-12-25 14:00:00,1.3725,1.3757,1.3627,1.3726,117718.41
2023-12-25 15:00:00,1.3726,1.3825,1.3688,1.3749,469239.63
2023-12-25 16:00:00,1.3749,1.3827,1.3498,1.3615,339097.09
2023-12-25 17:00:00,1.3615,1.371,1.359,1.3642,172517.74
2023-12-25 18:00:00,1.3642,1.38,1.3642,1.3712,153316.32
2023-12-25 19:00:00,1.3712,1.3848,1.3708,1.3752,247025.71
2023-12-25 20:00:00,1.3752,1.3773,1.3532,1.3653,215140.9
2023-12-25 21:00:00,1.3653,1.3747,1.3575,1.3746,113016.88
2023-12-25 22:00:00,1.3746,1.398,1.3715,1.3971,482852.49
2023-12-25 23:00:00,1.3971,1.4026,1.3875,1.3875,221764.94
2023-12-26 00:00:00,1.3875,1.4096,1.3843,1.3899,559273.49
2023-12-26 01:00:00,1.3899,1.3923,1.3774,1.3822,257985.06
2023-12-26 02:00:00,1.3822,1.3925,1.377,1.3774,145901.29
2023-12-26 03:00:00,1.3774,1.3818,1.3657,1.3714,456875.4
2023-12-26 04:00:00,1.3714,1.3716,1.361,1.3657,361379.79
2023-12-26 05:00:00,1.3657,1.3668,1.3189,1.3299,1634984.69
2023-12-26 06:00:00,1.3299,1.3315,1.312,1.3184,676975.24
2023-12-26 07:00:00,1.3184,1.3345,1.3093,1.3316,275695.0
2023-12-26 08:00:00,1.3316,1.3374,1.325,1.3322,122414.33
2023-12-26 09:00:00,1.3322,1.338,1.3173,1.3219,425092.73
2023-12-26 10:00:00,1.3219,1.3401,1.3198,1.3353,372210.6
2023-12-26 11:00:00,1.3353,1.339,1.3287,1.3381,205268.35
2023-12-26 12:00:00,1.3381,1.3521,1.3357,1.3515,264812.36
2023-12-26 13:00:00,1.3515,1.3531,1.3402,1.3415,268275.47
2023-12-26 14:00:00,1.3415,1.3431,1.3284,1.3354,341024.42
2023-12-26 15:00:00,1.3354,1.3373,1.3131,1.3131,352117.08
2023-12-26 16:00:00,1.3131,1.3279,1.3087,1.3199,378532.26
2023-12-26 17:00:00,1.3199,1.3211,1.216,1.2755,2496269.45
2023-12-26 18:00:00,1.2755,1.2896,1.2709,1.2886,686026.3
2023-12-26 19:00:00,1.2886,1.2943,1.281,1.2867,281896.63
2023-12-26 20:00:00,1.2867,1.3005,1.286,1.2966,147718.93
2023-12-26 21:00:00,1.2966,1.3099,1.294,1.3088,272314.56
2023-12-26 22:00:00,1.3088,1.3252,1.3081,1.3225,259798.54
2023-12-26 23:00:00,1.3225,1.3282,1.3181,1.3267,242408.93
2023-12-27 00:00:00,1.3267,1.3275,1.3137,1.3137,228324.55
2023-12-27 01:00:00,1.3137,1.3191,1.296,1.3064,255923.86
2023-12-27 02:00:00,1.3064,1.3068,1.2786,1.2819,480393.28
2023-12-27 03:00:00,1.2819,1.2895,1.2665,1.2856,267476.37
2023-12-27 04:00:00,1.2856,1.3066,1.2856,1.3034,153382.05
2023-12-27 05:00:00,1.3034,1.312,1.2968,1.3053,164758.65
2023-12-27 06:00:00,1.3053,1.3084,1.3001,1.3001,110508.02
2023-12-27 07:00:00,1.3001,1.3019,1.2932,1.2938,114109.4
2023-12-27 08:00:00,1.2938,1.3283,1.2906,1.3211,354781.19
2023-12-27 09:00:00,1.3211,1.3305,1.3139,1.3298,352531.34
2023-12-27 10:00:00,1.3298,1.365,1.325,1.3649,300947.93
2023-12-27 11:00:00,1.3649,1.3973,1.3574,1.3923,947084.69
2023-12-27 12:00:00,1.3923,1.3952,1.3656,1.3783,500912.32
2023-12-27 13:00:00,1.3783,1.488,1.3745,1.4805,1763028.1
2023-12-27 14:00:00,1.4805,1.5246,1.4529,1.4832,2704200.7
2023-12-27 15:00:00,1.4832,1.5116,1.4712,1.5064,1695229.83
2023-12-27 16:00:00,1.5064,1.5437,1.4937,1.519,2128361.88
2023-12-27 17:00:00,1.519,1.5234,1.4801,1.484,1464904.0
2023-12-27 18:00:00,1.484,1.494,1.4729,1.4772,358191.95
2023-12-27 19:00:00,1.4772,1.4838,1.4584,1.4767,850556.85
2023-12-27 20:00:00,1.4767,1.488,1.4765,1.4813,333042.69
2023-12-27 21:00:00,1.4813,1.497,1.4787,1.4949,454949.29
2023-12-27 22:00:00,1.4949,1.5079,1.4867,1.4916,944273.88
2023-12-27 23:00:00,1.4916,1.5155,1.4836,1.5054,766014.96
2023-12-28 00:00:00,1.5054,1.5899,1.5006,1.5844,1607905.66
2023-12-28 01:00:00,1.5844,1.6515,1.5766,1.6253,2593043.13
2023-12-28 02:00:00,1.6253,1.6694,1.5955,1.6436,1127373.27
2023-12-28 03:00:00,1.6436,1.6504,1.6077,1.6226,1046723.36
2023-12-28 04:00:00,1.6226,1.6404,1.601,1.6034,1013009.54
2023-12-28 05:00:00,1.6034,1.6082,1.5653,1.5953,1353141.81
2023-12-28 06:00:00,1.5953,1.5966,1.5511,1.5527,1086424.95
2023-12-28 07:00:00,1.5527,1.5917,1.5482,1.5908,1216432.56
2023-12-28 08:00:00,1.5908,1.5942,1.5621,1.5647,578390.52
2023-12-28 09:00:00,1.5647,1.5885,1.5647,1.5681,506097.98
2023-12-28 10:00:00,1.5681,1.5949,1.565,1.5796,654771.73
2023-12-28 11:00:00,1.5796,1.5873,1.5535,1.563,742347.74
2023-12-28 12:00:00,1.563,1.5678,1.5096,1.5115,1554031.95
2023-12-28 13:00:00,1.5115,1.5559,1.4994,1.544,1235203.36
2023-12-28 14:00:00,1.544,1.5486,1.4878,1.5095,1619391.0
2023-12-28 15:00:00,1.5095,1.5196,1.4854,1.5115,901922.28
2023-12-28 16:00:00,1.5115,1.5327,1.5005,1.5144,467533.6
2023-12-28 17:00:00,1.5144,1.5329,1.5083,1.5159,268605.06
2023-12-28 18:00:00,1.5159,1.5306,1.5039,1.5164,313247.35
2023-12-28 19:00:00,1.5164,1.5325,1.5138,1.5189,378306.01
2023-12-28 20:00:00,1.5189,1.5195,1.486,1.4992,449640.64
2023-12-28 21:00:00,1.4992,1.5119,1.479,1.4843,654760.12
2023-12-28 22:00:00,1.4843,1.4931,1.4756,1.4931,294835.0
2023-12-28 23:00:00,1.4931,1.4937,1.4641,1.4683,340840.51
2023-12-29 00:00:00,1.4683,1.4835,1.4431,1.4486,855921.69
2023-12-29 01:00:00,1.4486,1.4594,1.4178,1.441,1193227.31
2023-12-29 02:00:00,1.441,1.4605,1.4341,1.4544,262993.79
2023-12-29 03:00:00,1.4544,1.4699,1.4466,1.4617,206942.39
2023-12-29 04:00:00,1.4617,1.4684,1.457,1.4676,399647.23
2023-12-29 05:00:00,1.4676,1.4693,1.4511,1.4692,309530.18
2023-12-29 06:00:00,1.4692,1.4706,1.46,1.4611,192483.2
2023-12-29 07:00:00,1.4611,1.4679,1.44,1.4425,323446.04
2023-12-29 08:00:00,1.4425,1.4652,1.4418,1.4625,369784.41
2023-12-29 09:00:00,1.4625,1.51,1.4547,1.5081,1170328.17
2023-12-29 10:00:00,1.5081,1.52,1.496,1.501,855115.45
2023-12-29 11:00:00,1.501,1.544,1.4987,1.5383,584862.45
2023-12-29 12:00:00,1.5383,1.5493,1.5107,1.5203,615517.25
2023-12-29 13:00:00,1.5203,1.5289,1.4995,1.5133,518624.74
2023-12-29 14:00:00,1.5133,1.5409,1.5031,1.533,379848.84
2023-12-29 15:00:00,1.533,1.533,1.4493,1.465,1570392.55
2023-12-29 16:00:00,1.465,1.4733,1.4383,1.4458,730502.11
2023-12-29 17:00:00,1.4458,1.4708,1.4408,1.4561,418099.36
2023-12-29 18:00:00,1.4561,1.475,1.4536,1.4712,244388.92
2023-12-29 19:00:00,1.4712,1.473,1.4513,1.4694,232811.55
2023-12-29 20:00:00,1.4694,1.4695,1.448,1.4556,169105.0
2023-12-29 21:00:00,1.4556,1.4638,1.4389,1.4453,267381.65
2023-12-29 22:00:00,1.4453,1.457,1.4196,1.4546,650112.27
2023-12-29 23:00:00,1.4546,1.5126,1.4546,1.51,839676.3
2023-12-30 00:00:00,1.51,1.5182,1.4983,1.5007,675830.17
2023-12-30 01:00:00,1.5007,1.5104,1.4968,1.497,290664.02
2023-12-30 02:00:00,1.497,1.499,1.4666,1.47,517153.02
2023-12-30 03:00:00,1.47,1.4832,1.47,1.4748,226355.54
2023-12-30 04:00:00,1.4748,1.4837,1.4698,1.4803,127815.48
2023-12-30 05:00:00,1.4803,1.4933,1.4779,1.4933,141901.29
2023-12-30 06:00:00,1.4933,1.4966,1.4818,1.482,166851.91
2023-12-30 07:00:00,1.482,1.4857,1.4632,1.4685,357941.33
2023-12-30 08:00:00,1.4685,1.4716,1.4326,1.4351,648863.83
2023-12-30 09:00:00,1.4351,1.4465,1.4301,1.4426,183194.96
2023-12-30 10:00:00,1.4426,1.4465,1.4376,1.4403,123437.66
2023-12-30 11:00:00,1.4403,1.4502,1.4402,1.4477,576226.23
2023-12-30 12:00:00,1.4477,1.456,1.4429,1.4444,129053.17
2023-12-30 13:00:00,1.4444,1.4471,1.4321,1.4372,173281.62
2023-12-30 14:00:00,1.4372,1.4537,1.4368,1.4528,210627.7
2023-12-30 15:00:00,1.4528,1.4836,1.4494,1.4828,328532.27
2023-12-30 16:00:00,1.4828,1.5095,1.4776,1.501,765225.12
2023-12-30 17:00:00,1.501,1.5345,1.4805,1.5137,1105692.84
2023-12-30 18:00:00,1.5137,1.5265,1.4938,1.5188,619968.95
2023-12-30 19:00:00,1.5188,1.5188,1.488,1.4893,516237.31
2023-12-30 20:00:00,1.4893,1.495,1.4853,1.492,145806.69
2023-12-30 21:00:00,1.492,1.5036,1.492,1.501,56489.64
2023-12-30 22:00:00,1.501,1.5014,1.4805,1.4841,127924.24
2023-12-30 23:00:00,1.4841,1.492,1.4773,1.48,137229.9
2023-12-31 00:00:00,1.48,1.5321,1.4788,1.5256,429696.95
2023-12-31 01:00:00,1.5256,1.55,1.5243,1.5259,791607.23
2023-12-31 02:00:00,1.5259,1.5378,1.5009,1.5046,469637.8
2023-12-31 03:00:00,1.5046,1.5123,1.4949,1.5114,249546.43
2023-12-31 04:00:00,1.5114,1.5274,1.5061,1.5167,230910.46
2023-12-31 05:00:00,1.5167,1.5215,1.505,1.5074,112475.93
2023-12-31 06:00:00,1.5074,1.5164,1.5046,1.5101,90054.11
2023-12-31 07:00:00,1.5101,1.5422,1.5101,1.5315,283601.03
2023-12-31 08:00:00,1.5315,1.545,1.5261,1.54,385004.06
2023-12-31 09:00:00,1.54,1.5694,1.5348,1.5668,655179.74
2023-12-31 10:00:00,1.5668,1.5919,1.5556,1.5822,759008.76
2023-12-31 11:00:00,1.5822,1.65,1.5739,1.6251,2135745.92
2023-12-31 12:00:00,1.6251,1.6673,1.6113,1.622,1958695.52
2023-12-31 13:00:00,1.622,1.6411,1.6055,1.6106,1327528.58
2023-12-31 14:00:00,1.6106,1.6215,1.6041,1.6112,769749.66
2023-12-31 15:00:00,1.6112,1.6236,1.5774,1.5838,997424.41
2023-12-31 16:00:00,1.5838,1.5961,1.5752,1.5838,482867.71
2023-12-31 17:00:00,1.5838,1.5905,1.5635,1.5728,545368.33
2023-12-31 18:00:00,1.5728,1.588,1.5656,1.5874,497726.8
2023-12-31 19:00:00,1.5874,1.5881,1.565,1.5753,276130.99
2023-12-31 20:00:00,1.5753,1.5754,1.556,1.5594,356679.23
2023-12-31 21:00:00,1.5594,1.5733,1.5584,1.5615,87656.87
2023-12-31 22:00:00,1.5615,1.5728,1.5109,1.542,718357.73
2023-12-31 23:00:00,1.542,1.5642,1.5406,1.5618,417017.86
2024-01-01 00:00:00,1.5618,1.584,1.5604,1.5749,317607.02
2024-01-01 01:00:00,1.5749,1.5905,1.5699,1.5853,356249.57
2024-01-01 02:00:00,1.5853,1.6026,1.5773,1.5776,253152.6
2024-01-01 03:00:00,1.5776,1.5796,1.53,1.5314,745318.89
2024-01-01 04:00:00,1.5314,1.539,1.5114,1.5389,337464.63
2024-01-01 05:00:00,1.5389,1.5406,1.5285,1.5386,178157.4
2024-01-01 06:00:00,1.5386,1.5465,1.5353,1.5446,178335.94
2024-01-01 07:00:00,1.5446,1.5508,1.5384,1.5462,461903.22
2024-01-01 08:00:00,1.5462,1.5511,1.5297,1.5457,205844.63
2024-01-01 09:00:00,1.5457,1.5733,1.5439,1.573,420878.03
2024-01-01 10:00:00,1.573,1.5795,1.5629,1.578,342817.26
2024-01-01 11:00:00,1.578,1.5848,1.5658,1.5759,278793.52
2024-01-01 12:00:00,1.5759,1.5905,1.566,1.5742,368881.37
2024-01-01 13:00:00,1.5742,1.588,1.5635,1.5635,315488.33
2024-01-01 14:00:00,1.5635,1.5644,1.5502,1.5531,380250.38
2024-01-01 15:00:00,1.5531,1.5891,1.5472,1.5806,615469.76
2024-01-01 16:00:00,1.5806,1.5996,1.5786,1.5875,883020.17
2024-01-01 17:00:00,1.5875,1.6159,1.5845,1.6132,540679.97
2024-01-01 18:00:00,1.6132,1.7274,1.6086,1.717,2094512.87
2024-01-01 19:00:00,1.717,1.7329,1.6858,1.7235,811829.23
2024-01-01 20:00:00,1.7235,1.7299,1.6899,1.7141,634316.0
2024-01-01 21:00:00,1.7141,1.7209,1.6943,1.7088,394709.86
2024-01-01 22:00:00,1.7088,1.728,1.6958,1.7177,339048.58
2024-01-01 23:00:00,1.7177,1.7486,1.7177,1.7343,864893.09
2024-01-02 00:00:00,1.7343,1.7719,1.712,1.7606,852917.14
2024-01-02 01:00:00,1.7606,1.7746,1.7316,1.7421,733077.8
2024-01-02 02:00:00,1.7421,1.75,1.7299,1.75,470970.86
2024-01-02 03:00:00,1.75,1.75,1.7228,1.7338,396830.26
2024-01-02 04:00:00,1.7338,1.7518,1.7249,1.7502,229038.86
2024-01-02 05:00:00,1.7502,1.759,1.7181,1.7212,304358.66
2024-01-02 06:00:00,1.7212,1.7245,1.7025,1.7057,301173.96
2024-01-02 07:00:00,1.7057,1.7322,1.7057,1.7299,299906.16
2024-01-02 08:00:00,1.7299,1.8168,1.7218,1.8162,1759915.49
2024-01-02 09:00:00,1.8162,1.8413,1.793,1.8047,1633975.49
2024-01-02 10:00:00,1.8047,1.8074,1.7656,1.777,841323.73
2024-01-02 11:00:00,1.777,1.7965,1.7572,1.775,920651.61
2024-01-02 12:00:00,1.775,1.805,1.7638,1.7689,822433.56
2024-01-02 13:00:00,1.7689,1.7853,1.7621,1.7743,526522.4
2024-01-02 14:00:00,1.7743,1.7943,1.7087,1.7263,1865361.65
2024-01-02 15:00:00,1.7263,1.7345,1.7042,1.7144,1279581.63
2024-01-02 16:00:00,1.7144,1.7507,1.7051,1.7483,580862.96
2024-01-02 17:00:00,1.7483,1.749,1.7174,1.7251,473242.43
2024-01-02 18:00:00,1.7251,1.747,1.7216,1.737,193041.94
2024-01-02 19:00:00,1.737,1.7699,1.7238,1.7468,837019.56
2024-01-02 20:00:00,1.7468,1.7775,1.7162,1.7184,994454.67
2024-01-02 21:00:00,1.7184,1.7638,1.7064,1.7635,428802.81
2024-01-02 22:00:00,1.7635,1.7938,1.7573,1.7781,487422.64
2024-01-02 23:00:00,1.7781,1.7868,1.7541,1.7701,495645.86
2024-01-03 00:00:00,1.7701,1.8219,1.7476,1.7915,1195506.51
2024-01-03 01:00:00,1.7915,1.92,1.7914,1.9165,1559392.2
2024-01-03 02:00:00,1.9165,1.9473,1.8783,1.8955,2062673.4
2024-01-03 03:00:00,1.8955,1.9059,1.8734,1.882,837091.61
2024-01-03 04:00:00,1.882,1.9019,1.8715,1.8877,868029.66
2024-01-03 05:00:00,1.8877,1.9436,1.875,1.9291,1225920.93
2024-01-03 06:00:00,1.9291,1.9822,1.9094,1.9251,2201449.16
2024-01-03 07:00:00,1.9251,1.9414,1.8936,1.9062,1273476.98
2024-01-03 08:00:00,1.9062,1.9322,1.9032,1.9267,594904.52
2024-01-03 09:00:00,1.9267,1.996,1.9141,1.9658,2163683.71
2024-01-03 10:00:00,1.9658,2.0126,1.9343,1.9402,2204106.62
2024-01-03 11:00:00,1.9402,1.9451,1.8337,1.8686,3440909.17
2024-01-03 12:00:00,1.8686,1.9428,1.3903,1.9207,12396817.72
2024-01-03 13:00:00,1.9207,1.9207,1.7614,1.8143,4303292.77
2024-01-03 14:00:00,1.8143,1.833,1.7202,1.7971,2288202.73
2024-01-03 15:00:00,1.7971,1.882,1.7971,1.8815,1795558.55
2024-01-03 16:00:00,1.8815,2.09,1.8647,2.0463,4129418.36
2024-01-03 17:00:00,2.0463,2.0814,1.9777,2.0126,2351952.33
2024-01-03 18:00:00,2.0126,2.0811,1.9184,1.9391,2329209.32
2024-01-03 19:00:00,1.9391,2.0138,1.938,1.9661,1492406.18
2024-01-03 20:00:00,1.9661,1.9799,1.943,1.9607,532145.77
2024-01-03 21:00:00,1.9607,1.9901,1.9336,1.9728,675086.1
2024-01-03 22:00:00,1.9728,1.9762,1.9054,1.9104,604311.25
2024-01-03 23:00:00,1.9104,1.9184,1.8789,1.9126,555505.62
2024-01-04 00:00:00,1.9126,1.9649,1.9001,1.9431,933311.83
2024-01-04 01:00:00,1.9431,1.9555,1.8454,1.8512,1319556.53
2024-01-04 02:00:00,1.8512,1.9177,1.8503,1.9157,684743.37
2024-01-04 03:00:00,1.9157,1.9419,1.9093,1.9372,485260.52
2024-01-04 04:00:00,1.9372,1.9924,1.9241,1.9904,760756.99
2024-01-04 05:00:00,1.9904,1.991,1.9464,1.9467,863658.61
2024-01-04 06:00:00,1.9467,1.984,1.9426,1.9525,616153.49
2024-01-04 07:00:00,1.9525,1.97,1.9118,1.92,803551.23
2024-01-04 08:00:00,1.92,1.9281,1.874,1.9066,1016511.89
2024-01-04 09:00:00,1.9066,1.9172,1.8801,1.8846,579363.89
2024-01-04 10:00:00,1.8846,1.8852,1.8089,1.8289,1423262.55
2024-01-04 11:00:00,1.8289,1.8607,1.8178,1.8307,887229.61
2024-01-04 12:00:00,1.8307,1.8947,1.8279,1.8808,946110.15
2024-01-04 13:00:00,1.8808,1.9156,1.8749,1.9093,835541.59
2024-01-04 14:00:00,1.9093,2.044,1.8681,2.0392,1608714.22
2024-01-04 15:00:00,2.0392,2.0728,1.9825,2.0498,2114309.71
2024-01-04 16:00:00,2.0498,2.0571,1.9902,2.0266,1475957.22
2024-01-04 17:00:00,2.0266,2.1148,2.0065,2.0267,1681177.8
2024-01-04 18:00:00,2.0267,2.1065,2.0267,2.0938,728959.72
2024-01-04 19:00:00,2.0938,2.1185,2.0582,2.0688,897943.86
2024-01-04 20:00:00,2.0688,2.095,2.0464,2.0527,435878.93
2024-01-04 21:00:00,2.0527,2.0826,2.0248,2.0357,396477.88
2024-01-04 22:00:00,2.0357,2.0507,2.0093,2.0155,282602.79
2024-01-04 23:00:00,2.0155,2.0242,1.9948,2.0035,501214.84
2024-01-05 00:00:00,2.0035,2.0168,1.9673,1.9821,560685.38
2024-01-05 01:00:00,1.9821,1.9935,1.8762,1.9343,1186688.63
2024-01-05 02:00:00,1.9343,1.9564,1.9092,1.9238,623913.53
2024-01-05 03:00:00,1.9238,1.9511,1.9119,1.9222,434775.71
2024-01-05 04:00:00,1.9222,1.9305,1.887,1.8923,524380.71
2024-01-05 05:00:00,1.8923,1.9398,1.8884,1.9336,469687.35
2024-01-05 06:00:00,1.9336,1.9646,1.9223,1.9569,511510.2
2024-01-05 07:00:00,1.9569,1.9688,1.9335,1.9432,470339.43
2024-01-05 08:00:00,1.9432,1.9566,1.9125,1.9268,573312.39
2024-01-05 09:00:00,1.9268,2.012,1.9268,2.0078,1770601.43
2024-01-05 10:00:00,2.0078,2.0092,1.9044,1.929,1841830.37
2024-01-05 11:00:00,1.929,1.9523,1.9073,1.9176,1111990.27
2024-01-05 12:00:00,1.9176,1.9475,1.8964,1.9399,803592.51
2024-01-05 13:00:00,1.9399,1.9491,1.9106,1.9337,621887.97
2024-01-05 14:00:00,1.9337,1.9438,1.85,1.8679,1952068.81
2024-01-05 15:00:00,1.8679,1.9013,1.8568,1.87,843809.91
2024-01-05 16:00:00,1.87,1.9053,1.8249,1.8321,1319039.17
2024-01-05 17:00:00,1.8321,1.8742,1.8182,1.8726,819669.21
2024-01-05 18:00:00,1.8726,1.8981,1.8694,1.8892,292413.04
2024-01-05 19:00:00,1.8892,1.9099,1.8831,1.8935,241491.12
2024-01-05 20:00:00,1.8935,1.9187,1.8924,1.9094,367589.21
2024-01-05 21:00:00,1.9094,1.9094,1.8823,1.9008,359466.55
2024-01-05 22:00:00,1.9008,1.9026,1.8807,1.9009,254827.02
2024-01-05 23:00:00,1.9009,1.9508,1.9006,1.9494,837972.22
2024-01-06 00:00:00,1.9494,1.9618,1.9188,1.9262,566396.26
2024-01-06 01:00:00,1.9262,1.9273,1.8781,1.8848,579335.67
2024-01-06 02:00:00,1.8848,1.8905,1.8356,1.8629,988698.64
2024-01-06 03:00:00,1.8629,1.8639,1.846,1.8498,197268.28
2024-01-06 04:00:00,1.8498,1.865,1.7899,1.8086,1235702.79
2024-01-06 05:00:00,1.8086,1.8227,1.7018,1.7358,2099171.95
2024-01-06 06:00:00,1.7358,1.7364,1.6907,1.7183,1658629.91
2024-01-06 07:00:00,1.7183,1.7623,1.7124,1.7611,1267254.2
2024-01-06 08:00:00,1.7611,1.7746,1.7418,1.7744,776436.9
2024-01-06 09:00:00,1.7744,1.7761,1.7559,1.7572,428203.79
2024-01-06 10:00:00,1.7572,1.7628,1.744,1.7515,531666.63
2024-01-06 11:00:00,1.7515,1.7868,1.7389,1.7845,970304.32
2024-01-06 12:00:00,1.7845,1.7928,1.7482,1.7558,1109424.0
2024-01-06 13:00:00,1.7558,1.773,1.7427,1.7573,638658.61
2024-01-06 14:00:00,1.7573,1.788,1.7552,1.7668,500085.02
2024-01-06 15:00:00,1.7668,1.7722,1.7483,1.7631,595381.53
2024-01-06 16:00:00,1.7631,1.7727,1.7442,1.7553,672467.85
2024-01-06 17:00:00,1.7553,1.7731,1.749,1.7696,570876.49
2024-01-06 18:00:00,1.7696,1.7878,1.7574,1.7676,716368.95
2024-01-06 19:00:00,1.7676,1.7705,1.7429,1.7636,391871.04
2024-01-06 20:00:00,1.7636,1.773,1.7474,1.7617,425392.83
2024-01-06 21:00:00,1.7617,1.7627,1.7456,1.7552,421066.92
2024-01-06 22:00:00,1.7552,1.7563,1.7195,1.7356,403461.89
2024-01-06 23:00:00,1.7356,1.7514,1.7138,1.7514,357544.16
2024-01-07 00:00:00,1.7514,1.7958,1.7458,1.7824,521889.02
2024-01-07 01:00:00,1.7824,1.7999,1.7689,1.7698,447285.39
2024-01-07 02:00:00,1.7698,1.7846,1.7515,1.7719,435756.32
2024-01-07 03:00:00,1.7719,1.8206,1.7719,1.8112,861234.8
2024-01-07 04:00:00,1.8112,1.8396,1.798,1.812,844794.73
2024-01-07 05:00:00,1.812,1.8203,1.787,1.791,494816.06
2024-01-07 06:00:00,1.791,1.8146,1.7877,1.8064,229637.7
2024-01-07 07:00:00,1.8064,1.8116,1.7925,1.8008,383411.74
2024-01-07 08:00:00,1.8008,1.8212,1.7705,1.7749,781212.45
2024-01-07 09:00:00,1.7749,1.7839,1.7538,1.7657,524064.79
2024-01-07 10:00:00,1.7657,1.7993,1.7657,1.7866,758442.04
2024-01-07 11:00:00,1.7866,1.8359,1.775,1.8146,875067.53
2024-01-07 12:00:00,1.8146,1.8488,1.799,1.8284,1051819.47
2024-01-07 13:00:00,1.8284,1.8743,1.8255,1.8647,902897.32
2024-01-07 14:00:00,1.8647,1.8788,1.8344,1.8459,855447.52
2024-01-07 15:00:00,1.8459,1.8517,1.807,1.823,740695.54
2024-01-07 16:00:00,1.823,1.8541,1.8213,1.8283,921558.91
2024-01-07 17:00:00,1.8283,1.8873,1.8085,1.8704,1082269.44
2024-01-07 18:00:00,1.8704,1.8783,1.8569,1.861,353739.24
2024-01-07 19:00:00,1.861,1.8666,1.8449,1.8565,260496.19
2024-01-07 20:00:00,1.8565,1.8711,1.8393,1.841,253508.69
2024-01-07 21:00:00,1.841,1.85,1.8302,1.8337,275523.37
2024-01-07 22:00:00,1.8337,1.8337,1.7479,1.7605,1673209.95
2024-01-07 23:00:00,1.7605,1.7843,1.668,1.7191,2267986.25
2024-01-08 00:00:00,1.7191,1.7339,1.6346,1.6359,1476925.18
2024-01-08 01:00:00,1.6359,1.6796,1.63,1.6589,1029470.25
2024-01-08 02:00:00,1.6589,1.6712,1.595,1.6211,1232488.13
2024-01-08 03:00:00,1.6211,1.6335,1.5667,1.625,1033249.73
2024-01-08 04:00:00,1.625,1.6507,1.6104,1.6435,800689.36
2024-01-08 05:00:00,1.6435,1.6487,1.624,1.645,404923.53
2024-01-08 06:00:00,1.645,1.6795,1.6291,1.6488,1114266.83
2024-01-08 07:00:00,1.6488,1.6983,1.648,1.6751,650945.54
2024-01-08 08:00:00,1.6751,1.7176,1.6718,1.6748,1049022.7
2024-01-08 09:00:00,1.6748,1.689,1.6506,1.6603,528309.78
2024-01-08 10:00:00,1.6603,1.6897,1.6507,1.6745,477255.29
2024-01-08 11:00:00,1.6745,1.7013,1.6721,1.6967,535592.33
2024-01-08 12:00:00,1.6967,1.7488,1.6925,1.7402,2235270.17
2024-01-08 13:00:00,1.7402,1.7743,1.7186,1.7621,1545972.92
2024-01-08 14:00:00,1.7621,1.7881,1.7368,1.7403,1143401.17
2024-01-08 15:00:00,1.7403,1.7892,1.7337,1.771,766394.49
2024-01-08 16:00:00,1.771,1.7801,1.7477,1.7508,482120.48
2024-01-08 17:00:00,1.7508,1.7981,1.75,1.7977,267908.76
2024-01-08 18:00:00,1.7977,1.8401,1.7896,1.8066,1609721.19
2024-01-08 19:00:00,1.8066,1.8618,1.7906,1.8447,1064832.33
2024-01-08 20:00:00,1.8447,1.8503,1.8058,1.8102,710190.63
2024-01-08 21:00:00,1.8102,1.8296,1.8018,1.8048,386206.27
2024-01-08 22:00:00,1.8048,1.8298,1.8048,1.8295,418572.05
2024-01-08 23:00:00,1.8295,1.8387,1.81,1.8211,498024.88
2024-01-09 00:00:00,1.8211,1.8456,1.7718,1.8058,1048522.85
2024-01-09 01:00:00,1.8058,1.8395,1.788,1.7985,666646.86
2024-01-09 02:00:00,1.7985,1.8153,1.7937,1.8066,350576.84
2024-01-09 03:00:00,1.8066,1.8066,1.7879,1.7936,216670.47
2024-01-09 04:00:00,1.7936,1.8127,1.7751,1.8115,280590.49
2024-01-09 05:00:00,1.8115,1.8319,1.7964,1.824,647339.26
2024-01-09 06:00:00,1.824,1.8308,1.7965,1.804,404451.89
2024-01-09 07:00:00,1.804,1.8205,1.7954,1.8178,236702.2
2024-01-09 08:00:00,1.8178,1.8239,1.7752,1.7785,542693.35
2024-01-09 09:00:00,1.7785,1.7915,1.753,1.7632,820919.67
2024-01-09 10:00:00,1.7632,1.7883,1.7632,1.7673,338471.97
2024-01-09 11:00:00,1.7673,1.7797,1.7549,1.7671,222632.65
2024-01-09 12:00:00,1.7671,1.7823,1.6587,1.7118,1597762.55
2024-01-09 13:00:00,1.7118,1.7492,1.7056,1.7395,1067676.79
2024-01-09 14:00:00,1.7395,1.7493,1.6904,1.6904,757327.43
2024-01-09 15:00:00,1.6904,1.7102,1.6784,1.6963,487693.08
2024-01-09 16:00:00,1.6963,1.7014,1.6574,1.6851,575902.3
2024-01-09 17:00:00,1.6851,1.6908,1.672,1.6782,252273.15
2024-01-09 18:00:00,1.6782,1.7029,1.6738,1.6952,281617.72
2024-01-09 19:00:00,1.6952,1.6958,1.6414,1.662,702594.68
2024-01-09 20:00:00,1.662,1.6663,1.623,1.6277,302038.47
2024-01-09 21:00:00,1.6277,1.7985,1.6217,1.7249,3113410.7
2024-01-09 22:00:00,1.7249,1.8493,1.7173,1.7839,2210430.15
2024-01-09 23:00:00,1.7839,1.8432,1.7626,1.8409,1097621.93
2024-01-10 00:00:00,1.8409,1.9317,1.828,1.9242,2573755.96
2024-01-10 01:00:00,1.9242,1.9357,1.8741,1.8979,1706933.95
2024-01-10 02:00:00,1.8979,1.913,1.8635,1.8662,928703.42
2024-01-10 03:00:00,1.8662,1.9089,1.8598,1.8981,888197.93
2024-01-10 04:00:00,1.8981,1.9367,1.8835,1.9284,1173854.54
2024-01-10 05:00:00,1.9284,1.9554,1.9261,1.9513,1194055.1
2024-01-10 06:00:00,1.9513,1.9559,1.9059,1.9122,823557.18
2024-01-10 07:00:00,1.9122,1.93,1.8922,1.9042,725365.41
2024-01-10 08:00:00,1.9042,1.9314,1.8832,1.8895,926068.02
2024-01-10 09:00:00,1.8895,2.0186,1.8895,2.0076,3171155.15
2024-01-10 10:00:00,2.0076,2.0323,1.9587,1.966,1561128.64
2024-01-10 11:00:00,1.966,1.9982,1.9599,1.9922,1748445.61
2024-01-10 12:00:00,1.9922,2.0057,1.8783,1.9126,2831862.17
2024-01-10 13:00:00,1.9126,1.969,1.9011,1.935,1680973.11
2024-01-10 14:00:00,1.935,1.9647,1.915,1.9504,1001728.69
2024-01-10 15:00:00,1.9504,2.0294,1.94,2.0111,2490704.12
2024-01-10 16:00:00,2.0111,2.0406,1.9623,1.9718,1469870.72
2024-01-10 17:00:00,1.9718,2.033,1.9627,2.0148,1081514.38
2024-01-10 18:00:00,2.0148,2.025,1.98,2.0058,1144626.16
2024-01-10 19:00:00,2.0058,2.0758,2.0035,2.0701,2387181.56
2024-01-10 20:00:00,2.0701,2.1361,2.0069,2.1324,3318019.89
2024-01-10 21:00:00,2.1324,2.228,2.1146,2.1764,5384836.67
2024-01-10 22:00:00,2.1764,2.219,2.151,2.2177,1392847.65
2024-01-10 23:00:00,2.2177,2.2737,2.1905,2.2284,2920594.64
2024-01-11 00:00:00,2.2284,2.3933,2.1815,2.3644,3306229.4
2024-01-11 01:00:00,2.3644,2.3759,2.2918,2.3195,1757617.02
2024-01-11 02:00:00,2.3195,2.3489,2.3184,2.3225,632375.42
2024-01-11 03:00:00,2.3225,2.3463,2.298,2.3441,768840.8
2024-01-11 04:00:00,2.3441,2.3777,2.3117,2.3365,821327.9
2024-01-11 05:00:00,2.3365,2.349,2.2772,2.3036,1090814.82
2024-01-11 06:00:00,2.3036,2.3073,2.2224,2.2238,1348360.57
2024-01-11 07:00:00,2.2238,2.2941,2.2224,2.2897,801651.86
2024-01-11 08:00:00,2.2897,2.3242,2.2703,2.3163,637583.44
2024-01-11 09:00:00,2.3163,2.3222,2.2662,2.2678,441688.35
2024-01-11 10:00:00,2.2678,2.346,2.2673,2.314,696984.1
2024-01-11 11:00:00,2.314,2.3565,2.301,2.3352,1109658.13
2024-01-11 12:00:00,2.3352,2.3398,2.3041,2.3137,685591.52
2024-01-11 13:00:00,2.3137,2.3343,2.2481,2.2581,1391793.1
2024-01-11 14:00:00,2.2581,2.3025,2.1974,2.2698,1953975.88
2024-01-11 15:00:00,2.2698,2.2978,2.1586,2.1923,1694121.12
2024-01-11 16:00:00,2.1923,2.2143,2.1274,2.1964,1611796.16
2024-01-11 17:00:00,2.1964,2.2334,2.164,2.2022,706804.03
2024-01-11 18:00:00,2.2022,2.2313,2.1911,2.2224,478565.77
2024-01-11 19:00:00,2.2224,2.2567,2.2101,2.2459,638226.68
2024-01-11 20:00:00,2.2459,2.2719,2.1971,2.2063,650788.6
2024-01-11 21:00:00,2.2063,2.2492,2.205,2.2225,417819.52
2024-01-11 22:00:00,2.2225,2.2414,2.211,2.2408,185511.38
2024-01-11 23:00:00,2.2408,2.2748,2.2322,2.2578,303417.13
2024-01-12 00:00:00,2.2578,2.268,2.2031,2.2284,480260.06
2024-01-12 01:00:00,2.2284,2.2342,2.1914,2.2188,367569.91
2024-01-12 02:00:00,2.2188,2.249,2.218,2.2436,220554.58
2024-01-12 03:00:00,2.2436,2.245,2.1828,2.1835,323182.94
2024-01-12 04:00:00,2.1835,2.2147,2.1805,2.1925,203898.92
2024-01-12 05:00:00,2.1925,2.2109,2.1805,2.2028,193225.18
2024-01-12 06:00:00,2.2028,2.2666,2.2018,2.2662,461462.6
2024-01-12 07:00:00,2.2662,2.276,2.2141,2.2243,538609.85
2024-01-12 08:00:00,2.2243,2.2524,2.1937,2.2489,467610.59
2024-01-12 09:00:00,2.2489,2.301,2.2235,2.2842,962215.89
2024-01-12 10:00:00,2.2842,2.3037,2.2651,2.2896,569001.57
2024-01-12 11:00:00,2.2896,2.3918,2.2896,2.3439,1401144.35
2024-01-12 12:00:00,2.3439,2.4057,2.3,2.33,1588525.23
2024-01-12 13:00:00,2.33,2.3919,2.3171,2.3601,751152.55
2024-01-12 14:00:00,2.3601,2.3857,2.3287,2.3793,989939.58
2024-01-12 15:00:00,2.3793,2.4001,2.2747,2.293,1736194.54
2024-01-12 16:00:00,2.293,2.3487,2.2176,2.2477,1457991.79
2024-01-12 17:00:00,2.2477,2.2696,2.159,2.2657,1349160.51
2024-01-12 18:00:00,2.2657,2.2857,2.2204,2.2405,808493.82
2024-01-12 19:00:00,2.2405,2.2443,2.1981,2.2075,396641.96
2024-01-12 20:00:00,2.2075,2.2364,2.1982,2.2043,248457.06
2024-01-12 21:00:00,2.2043,2.2138,2.1261,2.1568,694516.05
2024-01-12 22:00:00,2.1568,2.1744,2.0965,2.1671,1293079.5
2024-01-12 23:00:00,2.1671,2.2105,2.1629,2.2008,466610.94
2024-01-13 00:00:00,2.2008,2.2182,2.1441,2.1466,411054.25
2024-01-13 01:00:00,2.1466,2.1489,2.0703,2.1343,1194403.12
2024-01-13 02:00:00,2.1343,2.157,2.1079,2.1429,372006.69
2024-01-13 03:00:00,2.1429,2.1767,2.1315,2.1594,249250.91
2024-01-13 04:00:00,2.1594,2.1609,2.1431,2.1498,190093.95
2024-01-13 05:00:00,2.1498,2.1958,2.1379,2.1827,363596.48
2024-01-13 06:00:00,2.1827,2.1879,2.1613,2.1721,365097.06
2024-01-13 07:00:00,2.1721,2.187,2.1626,2.1696,283775.66
2024-01-13 08:00:00,2.1696,2.1942,2.1679,2.1822,183383.47
2024-01-13 09:00:00,2.1822,2.1841,2.147,2.1555,434239.43
2024-01-13 10:00:00,2.1555,2.1769,2.1384,2.1714,240578.67
2024-01-13 11:00:00,2.1714,2.1968,2.1587,2.162,325129.27
2024-01-13 12:00:00,2.162,2.1692,2.1498,2.1549,277350.91
2024-01-13 13:00:00,2.1549,2.1684,2.1412,2.1463,210304.23
2024-01-13 14:00:00,2.1463,2.1515,2.1225,2.1273,301515.43
2024-01-13 15:00:00,2.1273,2.1805,2.1252,2.1435,558654.64
2024-01-13 16:00:00,2.1435,2.1461,2.1076,2.1374,447638.27
2024-01-13 17:00:00,2.1374,2.1487,2.1214,2.1455,179172.1
2024-01-13 18:00:00,2.1455,2.1691,2.1345,2.1514,272354.49
2024-01-13 19:00:00,2.1514,2.1848,2.1514,2.1681,310360.17
2024-01-13 20:00:00,2.1681,2.1755,2.1545,2.1613,175671.22
2024-01-13 21:00:00,2.1613,2.1843,2.144,2.1811,465947.7
2024-01-13 22:00:00,2.1811,2.1939,2.1716,2.1841,223931.96
2024-01-13 23:00:00,2.1841,2.1907,2.1702,2.1752,334238.37
2024-01-14 00:00:00,2.1752,2.1758,2.139,2.1437,376865.88
2024-01-14 01:00:00,2.1437,2.1661,2.1417,2.1609,168423.97
2024-01-14 02:00:00,2.1609,2.1647,2.134,2.1497,161001.7
2024-01-14 03:00:00,2.1497,2.175,2.1465,2.1724,193122.0
2024-01-14 04:00:00,2.1724,2.1907,2.1609,2.1609,271608.49
2024-01-14 05:00:00,2.1609,2.1861,2.1593,2.1788,113396.02
2024-01-14 06:00:00,2.1788,2.1934,2.1657,2.1723,154689.78
2024-01-14 07:00:00,2.1723,2.1723,2.1476,2.1598,196184.55
2024-01-14 08:00:00,2.1598,2.1681,2.1509,2.1667,180942.51
2024-01-14 09:00:00,2.1667,2.1667,2.1359,2.1601,203062.66
2024-01-14 10:00:00,2.1601,2.1662,2.1353,2.1374,290279.56
2024-01-14 11:00:00,2.1374,2.1412,2.12,2.1289,372194.66
2024-01-14 12:00:00,2.1289,2.145,2.1215,2.1254,213047.69
2024-01-14 13:00:00,2.1254,2.1338,2.1037,2.1311,273277.82
2024-01-14 14:00:00,2.1311,2.1483,2.1302,2.1381,204119.34
2024-01-14 15:00:00,2.1381,2.1478,2.1323,2.1347,160712.08
2024-01-14 16:00:00,2.1347,2.1417,2.0975,2.1066,343376.43
2024-01-14 17:00:00,2.1066,2.1245,2.1054,2.1143,168277.4
2024-01-14 18:00:00,2.1143,2.1259,2.0986,2.1093,200464.04
2024-01-14 19:00:00,2.1093,2.1098,2.0414,2.0503,860410.83
2024-01-14 20:00:00,2.0503,2.0758,2.035,2.053,624358.91
2024-01-14 21:00:00,2.053,2.0812,2.0389,2.0808,369607.27
2024-01-14 22:00:00,2.0808,2.0859,2.0474,2.0556,481439.88
2024-01-14 23:00:00,2.0556,2.0601,2.0177,2.0294,610259.27
2024-01-15 00:00:00,2.0294,2.0548,2.027,2.0488,234129.89
2024-01-15 01:00:00,2.0488,2.0733,2.0428,2.0664,197335.61
2024-01-15 02:00:00,2.0664,2.0725,2.056,2.0706,151684.89
2024-01-15 03:00:00,2.0706,2.0823,2.0684,2.0707,126153.1
2024-01-15 04:00:00,2.0707,2.0788,2.0643,2.0729,114127.2
2024-01-15 05:00:00,2.0729,2.096,2.0723,2.0925,246337.97
2024-01-15 06:00:00,2.0925,2.1055,2.0802,2.0847,218925.81
2024-01-15 07:00:00,2.0847,2.0909,2.0662,2.0772,242727.98
2024-01-15 08:00:00,2.0772,2.0944,2.062,2.0916,130905.19
2024-01-15 09:00:00,2.0916,2.138,2.0733,2.1309,415967.65
2024-01-15 10:00:00,2.1309,2.1571,2.1309,2.1364,544899.87
2024-01-15 11:00:00,2.1364,2.1534,2.1343,2.1446,280196.93
2024-01-15 12:00:00,2.1446,2.172,2.1388,2.1569,584037.5
2024-01-15 13:00:00,2.1569,2.1716,2.141,2.1502,510859.38
2024-01-15 14:00:00,2.1502,2.154,2.1039,2.1077,462750.8
2024-01-15 15:00:00,2.1077,2.1253,2.0853,2.0911,241646.3
2024-01-15 16:00:00,2.0911,2.1073,2.0821,2.1002,194190.27
2024-01-15 17:00:00,2.1002,2.1296,2.0974,2.1245,195688.87
2024-01-15 18:00:00,2.1245,2.1576,2.1231,2.1317,275824.78
2024-01-15 19:00:00,2.1317,2.1436,2.1158,2.1216,203970.36
2024-01-15 20:00:00,2.1216,2.1345,2.1102,2.1175,104001.87
2024-01-15 21:00:00,2.1175,2.1176,2.1052,2.1098,77536.6
2024-01-15 22:00:00,2.1098,2.1158,2.085,2.1004,204247.13
2024-01-15 23:00:00,2.1004,2.1165,2.1001,2.1075,114015.62
2024-01-16 00:00:00,2.1075,2.1266,2.1075,2.1221,166316.52
2024-01-16 01:00:00,2.1221,2.1451,2.1214,2.1301,221980.14
2024-01-16 02:00:00,2.1301,2.1496,2.1282,2.1449,163250.38
2024-01-16 03:00:00,2.1449,2.1739,2.1445,2.1735,204698.79
2024-01-16 04:00:00,2.1735,2.2043,2.1644,2.1701,496666.37
2024-01-16 05:00:00,2.1701,2.1746,2.1465,2.1474,208116.61
2024-01-16 06:00:00,2.1474,2.1565,2.1382,2.1541,143042.73
2024-01-16 07:00:00,2.1541,2.1628,2.135,2.1525,105880.95
2024-01-16 08:00:00,2.1525,2.178,2.1401,2.1772,197636.0
2024-01-16 09:00:00,2.1772,2.1878,2.1658,2.1709,294996.82
2024-01-16 10:00:00,2.1709,2.1744,2.1423,2.1518,159331.39
2024-01-16 11:00:00,2.1518,2.1626,2.1377,2.1409,165799.69
2024-01-16 12:00:00,2.1409,2.1487,2.1282,2.1442,209596.4
2024-01-16 13:00:00,2.1442,2.1576,2.0778,2.0828,848247.04
2024-01-16 14:00:00,2.0828,2.0907,2.0427,2.0816,846678.0
2024-01-16 15:00:00,2.0816,2.1401,2.0686,2.1172,649369.42
2024-01-16 16:00:00,2.1172,2.1524,2.1101,2.1385,425349.67
2024-01-16 17:00:00,2.1385,2.1434,2.1227,2.1274,153503.14
2024-01-16 18:00:00,2.1274,2.1312,2.1089,2.1098,158620.63
2024-01-16 19:00:00,2.1098,2.125,2.1033,2.1235,89154.86
2024-01-16 20:00:00,2.1235,2.1702,2.1192,2.163,299740.7
2024-01-16 21:00:00,2.163,2.1921,2.1582,2.1783,371664.63
2024-01-16 22:00:00,2.1783,2.1844,2.161,2.1612,190574.94
2024-01-16 23:00:00,2.1612,2.1712,2.1481,2.1487,288083.41
2024-01-17 00:00:00,2.1487,2.1607,2.1405,2.1569,199723.54
2024-01-17 01:00:00,2.1569,2.1639,2.1347,2.1369,188873.75
2024-01-17 02:00:00,2.1369,2.1421,2.1266,2.1292,187607.18
2024-01-17 03:00:00,2.1292,2.1333,2.1178,2.1193,128502.07
2024-01-17 04:00:00,2.1193,2.1225,2.1039,2.1114,138675.64
2024-01-17 05:00:00,2.1114,2.1204,2.0982,2.1017,181876.94
2024-01-17 06:00:00,2.1017,2.1105,2.0909,2.0916,209586.17
2024-01-17 07:00:00,2.0916,2.097,2.0644,2.0676,300886.0
2024-01-17 08:00:00,2.0676,2.081,2.0545,2.079,363209.12
2024-01-17 09:00:00,2.079,2.0933,2.0736,2.0773,211959.63
2024-01-17 10:00:00,2.0773,2.0969,2.0742,2.0958,202564.52
2024-01-17 11:00:00,2.0958,2.0958,2.0741,2.0745,169714.54
2024-01-17 12:00:00,2.0745,2.0777,2.0512,2.0774,537786.07
2024-01-17 13:00:00,2.0774,2.0783,2.0518,2.0551,243579.53
2024-01-17 14:00:00,2.0551,2.0879,2.0394,2.0601,834160.82
2024-01-17 15:00:00,2.0601,2.0732,2.0222,2.028,759933.62
2024-01-17 16:00:00,2.028,2.0409,2.0188,2.0293,352823.64
2024-01-17 17:00:00,2.0293,2.0293,2.004,2.0146,668924.43
2024-01-17 18:00:00,2.0146,2.0301,1.9985,2.0286,419416.52
2024-01-17 19:00:00,2.0286,2.0332,2.0165,2.0179,157209.97
2024-01-17 20:00:00,2.0179,2.0468,2.0168,2.0408,256370.75
2024-01-17 21:00:00,2.0408,2.0479,2.0301,2.0319,246425.33
2024-01-17 22:00:00,2.0319,2.0405,2.0017,2.0387,549216.02
2024-01-17 23:00:00,2.0387,2.0397,2.0224,2.0372,278760.62
2024-01-18 00:00:00,2.0372,2.0407,2.0193,2.0215,158614.12
2024-01-18 01:00:00,2.0215,2.0286,1.9725,1.9896,798159.34
2024-01-18 02:00:00,1.9896,1.9989,1.9691,1.9763,214153.75
2024-01-18 03:00:00,1.9763,1.9804,1.9544,1.9579,309860.0
2024-01-18 04:00:00,1.9579,1.969,1.9492,1.9514,294943.55
2024-01-18 05:00:00,1.9514,1.9678,1.9434,1.9663,220171.77
2024-01-18 06:00:00,1.9663,1.9758,1.9548,1.967,328025.55
2024-01-18 07:00:00,1.967,1.9819,1.967,1.9778,253085.91
2024-01-18 08:00:00,1.9778,1.98,1.9653,1.9659,129892.89
2024-01-18 09:00:00,1.9659,1.9821,1.9659,1.9682,184808.56
2024-01-18 10:00:00,1.9682,1.97,1.9319,1.9422,525299.4
2024-01-18 11:00:00,1.9422,1.9589,1.9402,1.9579,425910.72
2024-01-18 12:00:00,1.9579,1.9584,1.9285,1.9416,317544.62
2024-01-18 13:00:00,1.9416,1.9511,1.9192,1.943,436624.61
2024-01-18 14:00:00,1.943,1.9742,1.9401,1.9736,249316.12
2024-01-18 15:00:00,1.9736,1.9763,1.9564,1.9701,287332.01
2024-01-18 16:00:00,1.9701,1.9754,1.8757,1.9019,1104139.96
2024-01-18 17:00:00,1.9019,1.9074,1.8666,1.8877,640797.21
2024-01-18 18:00:00,1.8877,1.8933,1.8565,1.8832,461247.59
2024-01-18 19:00:00,1.8832,1.8943,1.8369,1.8556,723980.99
2024-01-18 20:00:00,1.8556,1.8987,1.8546,1.8831,484413.87
2024-01-18 21:00:00,1.8831,1.918,1.879,1.9036,287708.55
2024-01-18 22:00:00,1.9036,1.9161,1.8846,1.9,315351.29
2024-01-18 23:00:00,1.9,1.9,1.8841,1.89,112592.42
2024-01-19 00:00:00,1.89,1.9023,1.8673,1.8837,223598.38
2024-01-19 01:00:00,1.8837,1.8845,1.8555,1.8701,240464.37
2024-01-19 02:00:00,1.8701,1.8745,1.831,1.8399,264272.27
2024-01-19 03:00:00,1.8399,1.8535,1.8138,1.8499,371012.48
2024-01-19 04:00:00,1.8499,1.8776,1.8453,1.8733,277314.02
2024-01-19 05:00:00,1.8733,1.8893,1.8675,1.8876,191009.0
2024-01-19 06:00:00,1.8876,1.9,1.8806,1.8957,238700.46
2024-01-19 07:00:00,1.8957,1.8968,1.8624,1.8634,187438.71
2024-01-19 08:00:00,1.8634,1.8786,1.8536,1.8738,226152.02
2024-01-19 09:00:00,1.8738,1.8869,1.8683,1.8784,134140.69
2024-01-19 10:00:00,1.8784,1.89,1.8713,1.884,244357.75
2024-01-19 11:00:00,1.884,1.893,1.8772,1.8894,278637.74
2024-01-19 12:00:00,1.8894,1.8909,1.8701,1.8758,174840.87
2024-01-19 13:00:00,1.8758,1.881,1.8657,1.8774,100116.97
2024-01-19 14:00:00,1.8774,1.8801,1.8417,1.846,411207.4
2024-01-19 15:00:00,1.846,1.8507,1.8158,1.8183,530052.18
2024-01-19 16:00:00,1.8183,1.8249,1.7232,1.7468,1790334.05
2024-01-19 17:00:00,1.7468,1.8107,1.7379,1.8095,760100.52
2024-01-19 18:00:00,1.8095,1.8535,1.7903,1.8377,479069.85
2024-01-19 19:00:00,1.8377,1.8424,1.817,1.834,453294.77
2024-01-19 20:00:00,1.834,1.85,1.815,1.8207,358764.02
2024-01-19 21:00:00,1.8207,1.8481,1.8184,1.8451,275286.48
2024-01-19 22:00:00,1.8451,1.8521,1.8315,1.8482,141460.63
2024-01-19 23:00:00,1.8482,1.8627,1.8412,1.8542,230203.27
2024-01-20 00:00:00,1.8542,1.8542,1.8227,1.8237,197351.83
2024-01-20 01:00:00,1.8237,1.8518,1.8216,1.8518,68393.64
2024-01-20 02:00:00,1.8518,1.8531,1.8307,1.8331,105379.5
2024-01-20 03:00:00,1.8331,1.836,1.8216,1.8337,77449.17
2024-01-20 04:00:00,1.8337,1.8349,1.8193,1.8277,141712.73
2024-01-20 05:00:00,1.8277,1.8402,1.8049,1.8127,219845.46
2024-01-20 06:00:00,1.8127,1.8407,1.8127,1.8288,301444.53
2024-01-20 07:00:00,1.8288,1.8384,1.818,1.8189,148708.98
2024-01-20 08:00:00,1.8189,1.8237,1.8065,1.8081,140750.09
2024-01-20 09:00:00,1.8081,1.8138,1.7759,1.7796,469280.2
2024-01-20 10:00:00,1.7796,1.7999,1.7688,1.7703,543764.55
2024-01-20 11:00:00,1.7703,1.7838,1.7601,1.7807,263968.71
2024-01-20 12:00:00,1.7807,1.791,1.7738,1.7793,169872.69
2024-01-20 13:00:00,1.7793,1.7977,1.7766,1.7949,154614.47
2024-01-20 14:00:00,1.7949,1.7954,1.7681,1.7828,226514.46
2024-01-20 15:00:00,1.7828,1.7944,1.7635,1.7644,237644.89
2024-01-20 16:00:00,1.7644,1.776,1.7563,1.7592,261851.08
2024-01-20 17:00:00,1.7592,1.7829,1.7577,1.779,196646.93
2024-01-20 18:00:00,1.779,1.7904,1.7689,1.7859,167160.2
2024-01-20 19:00:00,1.7859,1.7945,1.784,1.7889,144347.23
2024-01-20 20:00:00,1.7889,1.8045,1.7864,1.7957,212870.92
2024-01-20 21:00:00,1.7957,1.8107,1.7941,1.7956,178436.0
2024-01-20 22:00:00,1.7956,1.8186,1.7912,1.8168,211099.09
2024-01-20 23:00:00,1.8168,1.819,1.8028,1.8153,178286.11
2024-01-21 00:00:00,1.8153,1.8153,1.7837,1.7876,282452.08
2024-01-21 01:00:00,1.7876,1.8094,1.7815,1.8057,107190.6
2024-01-21 02:00:00,1.8057,1.8333,1.8051,1.8287,236126.47
2024-01-21 03:00:00,1.8287,1.8446,1.8285,1.8419,247426.44
2024-01-21 04:00:00,1.8419,1.8423,1.8319,1.8326,96113.23
2024-01-21 05:00:00,1.8326,1.84,1.8274,1.8279,86356.25
2024-01-21 06:00:00,1.8279,1.8353,1.8201,1.8244,106134.76
2024-01-21 07:00:00,1.8244,1.8575,1.8188,1.8542,275408.96
2024-01-21 08:00:00,1.8542,1.8725,1.8458,1.8559,336462.26
2024-01-21 09:00:00,1.8559,1.8924,1.8549,1.8866,303903.62
2024-01-21 10:00:00,1.8866,1.9005,1.8747,1.8991,359945.83
2024-01-21 11:00:00,1.8991,1.8991,1.8655,1.8697,429019.15
2024-01-21 12:00:00,1.8697,1.8737,1.8574,1.8594,374644.41
2024-01-21 13:00:00,1.8594,1.8845,1.8593,1.8828,242677.99
2024-01-21 14:00:00,1.8828,1.888,1.8696,1.8759,178880.85
2024-01-21 15:00:00,1.8759,1.883,1.84,1.846,489686.57
2024-01-21 16:00:00,1.846,1.8576,1.8318,1.8453,376950.96
2024-01-21 17:00:00,1.8453,1.8541,1.8403,1.8449,255644.76
2024-01-21 18:00:00,1.8449,1.8505,1.834,1.8435,200447.55
2024-01-21 19:00:00,1.8435,1.8482,1.836,1.8475,92397.08
2024-01-21 20:00:00,1.8475,1.8523,1.8242,1.8287,319271.52
2024-01-21 21:00:00,1.8287,1.8427,1.8247,1.8426,90635.84
2024-01-21 22:00:00,1.8426,1.843,1.8188,1.8244,253782.48
2024-01-21 23:00:00,1.8244,1.8283,1.8077,1.8148,442750.07
2024-01-22 00:00:00,1.8148,1.832,1.8016,1.8173,215458.63
2024-01-22 01:00:00,1.8173,1.8291,1.7749,1.7813,660952.15
2024-01-22 02:00:00,1.7813,1.7931,1.76,1.7699,364659.86
2024-01-22 03:00:00,1.7699,1.7828,1.76,1.7792,204408.47
2024-01-22 04:00:00,1.7792,1.7814,1.7582,1.7598,172804.43
2024-01-22 05:00:00,1.7598,1.7995,1.7492,1.7945,521888.39
2024-01-22 06:00:00,1.7945,1.7959,1.7773,1.7847,198992.81
2024-01-22 07:00:00,1.7847,1.806,1.7709,1.7804,301233.51
2024-01-22 08:00:00,1.7804,1.7804,1.7431,1.7529,519159.29
2024-01-22 09:00:00,1.7529,1.7646,1.7306,1.7406,569240.35
2024-01-22 10:00:00,1.7406,1.7466,1.705,1.7327,843393.05
2024-01-22 11:00:00,1.7327,1.7438,1.7243,1.7298,257842.36
2024-01-22 12:00:00,1.7298,1.7343,1.7116,1.7221,232593.05
2024-01-22 13:00:00,1.7221,1.7663,1.7221,1.7352,543798.26
2024-01-22 14:00:00,1.7352,1.7406,1.691,1.7055,833426.88
2024-01-22 15:00:00,1.7055,1.7179,1.6698,1.711,651544.58
2024-01-22 16:00:00,1.711,1.7201,1.6886,1.6979,620352.25
2024-01-22 17:00:00,1.6979,1.7085,1.68,1.701,258148.67
2024-01-22 18:00:00,1.701,1.712,1.6812,1.7042,400221.4
2024-01-22 19:00:00,1.7042,1.726,1.6496,1.6882,1078408.55
2024-01-22 20:00:00,1.6882,1.7309,1.6858,1.7164,592578.54
2024-01-22 21:00:00,1.7164,1.7164,1.6916,1.6989,194935.04
2024-01-22 22:00:00,1.6989,1.7106,1.6794,1.695,217149.4
2024-01-22 23:00:00,1.695,1.7048,1.6785,1.6875,120892.03
2024-01-23 00:00:00,1.6875,1.7006,1.6703,1.7004,225320.52
2024-01-23 01:00:00,1.7004,1.7144,1.6939,1.7081,180395.57
2024-01-23 02:00:00,1.7081,1.7325,1.7051,1.7297,206794.23
2024-01-23 03:00:00,1.7297,1.733,1.7178,1.7242,176061.51
2024-01-23 04:00:00,1.7242,1.7366,1.7146,1.7171,112867.54
2024-01-23 05:00:00,1.7171,1.7318,1.715,1.7229,171694.36
2024-01-23 06:00:00,1.7229,1.727,1.712,1.7138,231823.47
2024-01-23 07:00:00,1.7138,1.7206,1.6591,1.6656,589358.4
2024-01-23 08:00:00,1.6656,1.6756,1.6075,1.6216,1006883.44
2024-01-23 09:00:00,1.6216,1.6329,1.5624,1.5861,1121749.18
2024-01-23 10:00:00,1.5861,1.616,1.5842,1.5921,504158.57
2024-01-23 11:00:00,1.5921,1.6049,1.5735,1.5876,521363.58
2024-01-23 12:00:00,1.5876,1.6026,1.566,1.5963,631205.21
2024-01-23 13:00:00,1.5963,1.5965,1.5652,1.5687,648921.25
2024-01-23 14:00:00,1.5687,1.5904,1.543,1.5882,1057180.58
2024-01-23 15:00:00,1.5882,1.639,1.5882,1.6261,763697.3
2024-01-23 16:00:00,1.6261,1.6274,1.5992,1.6226,451411.95
2024-01-23 17:00:00,1.6226,1.6579,1.6226,1.6336,534055.3
2024-01-23 18:00:00,1.6336,1.6612,1.6127,1.6138,362356.13
2024-01-23 19:00:00,1.6138,1.6316,1.6122,1.6167,198513.53
2024-01-23 20:00:00,1.6167,1.6474,1.6159,1.6381,158892.47
2024-01-23 21:00:00,1.6381,1.6489,1.6229,1.6477,170402.74
2024-01-23 22:00:00,1.6477,1.6738,1.6443,1.6671,266163.42
2024-01-23 23:00:00,1.6671,1.6957,1.6666,1.6894,285561.47
2024-01-24 00:00:00,1.6894,1.6992,1.6707,1.6903,221958.86
2024-01-24 01:00:00,1.6903,1.6903,1.6558,1.657,162441.67
2024-01-24 02:00:00,1.657,1.6677,1.6509,1.6572,134754.3
2024-01-24 03:00:00,1.6572,1.6654,1.644,1.647,250714.43
2024-01-24 04:00:00,1.647,1.6559,1.6404,1.6427,144100.7
2024-01-24 05:00:00,1.6427,1.6629,1.6374,1.6453,148096.75
2024-01-24 06:00:00,1.6453,1.6629,1.6308,1.6622,185495.51
2024-01-24 07:00:00,1.6622,1.6828,1.6551,1.6665,211109.95
2024-01-24 08:00:00,1.6665,1.6768,1.6595,1.67,213544.84
2024-01-24 09:00:00,1.67,1.6846,1.6625,1.6738,237941.81
2024-01-24 10:00:00,1.6738,1.7169,1.6681,1.7089,465335.16
2024-01-24 11:00:00,1.7089,1.7141,1.6909,1.7076,264788.63
2024-01-24 12:00:00,1.7076,1.7196,1.6945,1.6946,269836.3
2024-01-24 13:00:00,1.6946,1.7041,1.6748,1.6827,285311.56
2024-01-24 14:00:00,1.6827,1.7143,1.6699,1.6987,422421.85
2024-01-24 15:00:00,1.6987,1.7309,1.6847,1.7176,347251.59
2024-01-24 16:00:00,1.7176,1.7427,1.699,1.7396,327737.61
2024-01-24 17:00:00,1.7396,1.7413,1.7093,1.7167,310502.25
2024-01-24 18:00:00,1.7167,1.717,1.6812,1.696,273769.63
2024-01-24 19:00:00,1.696,1.7041,1.6844,1.6947,197682.89
2024-01-24 20:00:00,1.6947,1.7115,1.6783,1.6834,266830.43
2024-01-24 21:00:00,1.6834,1.6987,1.6818,1.6952,104952.47
2024-01-24 22:00:00,1.6952,1.7135,1.6899,1.7097,225593.75
2024-01-24 23:00:00,1.7097,1.7391,1.7089,1.7354,498952.82
2024-01-25 00:00:00,1.7354,1.736,1.7174,1.7296,351416.37
2024-01-25 01:00:00,1.7296,1.7306,1.701,1.7051,217663.68
2024-01-25 02:00:00,1.7051,1.7121,1.6946,1.6979,264693.95
2024-01-25 03:00:00,1.6979,1.7121,1.6971,1.7064,173104.62
2024-01-25 04:00:00,1.7064,1.7118,1.6972,1.7018,226993.56
2024-01-25 05:00:00,1.7018,1.7023,1.6837,1.6894,314507.55
2024-01-25 06:00:00,1.6894,1.7146,1.6856,1.7125,154328.32
2024-01-25 07:00:00,1.7125,1.7142,1.6965,1.7021,217521.73
2024-01-25 08:00:00,1.7021,1.7114,1.6934,1.6954,165465.36
2024-01-25 09:00:00,1.6954,1.7044,1.6789,1.6813,303990.11
2024-01-25 10:00:00,1.6813,1.6938,1.6672,1.6937,325372.45
2024-01-25 11:00:00,1.6937,1.7041,1.6842,1.6886,206463.61
2024-01-25 12:00:00,1.6886,1.6947,1.6435,1.6514,839564.65
2024-01-25 13:00:00,1.6514,1.6676,1.65,1.6618,296749.99
2024-01-25 14:00:00,1.6618,1.6828,1.6558,1.6817,250811.49
2024-01-25 15:00:00,1.6817,1.6818,1.6496,1.6547,184283.98
2024-01-25 16:00:00,1.6547,1.664,1.6485,1.6515,118354.66
2024-01-25 17:00:00,1.6515,1.677,1.6375,1.6755,451135.97
2024-01-25 18:00:00,1.6755,1.719,1.6755,1.6989,623919.57
2024-01-25 19:00:00,1.6989,1.7314,1.6912,1.7283,511640.16
2024-01-25 20:00:00,1.7283,1.7475,1.7198,1.7469,721785.15
2024-01-25 21:00:00,1.7469,1.7712,1.7412,1.7417,532936.8
2024-01-25 22:00:00,1.7417,1.743,1.7197,1.7322,178498.6
2024-01-25 23:00:00,1.7322,1.7348,1.7222,1.7301,113510.8
2024-01-26 00:00:00,1.7301,1.7326,1.7142,1.7207,161341.78
2024-01-26 01:00:00,1.7207,1.7342,1.7102,1.7289,168943.06
2024-01-26 02:00:00,1.7289,1.7733,1.7272,1.7525,344716.14
2024-01-26 03:00:00,1.7525,1.7621,1.7491,1.75,325455.53
2024-01-26 04:00:00,1.75,1.7727,1.7498,1.7639,163950.46
2024-01-26 05:00:00,1.7639,1.7855,1.7552,1.7701,373459.57
2024-01-26 06:00:00,1.7701,1.7764,1.7482,1.7486,431338.97
2024-01-26 07:00:00,1.7486,1.7537,1.7282,1.7324,242513.26
2024-01-26 08:00:00,1.7324,1.7488,1.7283,1.7306,215872.43
2024-01-26 09:00:00,1.7306,1.7483,1.7214,1.7248,346694.73
2024-01-26 10:00:00,1.7248,1.7715,1.7229,1.7691,647019.41
2024-01-26 11:00:00,1.7691,1.7938,1.7685,1.7838,699786.95
2024-01-26 12:00:00,1.7838,1.7977,1.767,1.7711,445328.72
2024-01-26 13:00:00,1.7711,1.783,1.7532,1.7599,306697.93
2024-01-26 14:00:00,1.7599,1.7876,1.7596,1.7876,259025.33
2024-01-26 15:00:00,1.7876,1.7879,1.7636,1.7696,225735.06
2024-01-26 16:00:00,1.7696,1.7987,1.7665,1.7916,276996.06
2024-01-26 17:00:00,1.7916,1.7982,1.7819,1.7862,175369.33
2024-01-26 18:00:00,1.7862,1.808,1.781,1.8021,295741.4
2024-01-26 19:00:00,1.8021,1.8074,1.791,1.8033,153248.63
2024-01-26 20:00:00,1.8033,1.8109,1.7756,1.7814,417676.34
2024-01-26 21:00:00,1.7814,1.798,1.7741,1.7937,219371.82
2024-01-26 22:00:00,1.7937,1.8112,1.7833,1.8112,112753.28
2024-01-26 23:00:00,1.8112,1.8196,1.8052,1.8146,195313.16
2024-01-27 00:00:00,1.8146,1.839,1.8055,1.8355,470537.23
2024-01-27 01:00:00,1.8355,1.8399,1.813,1.8173,183998.73
2024-01-27 02:00:00,1.8173,1.8311,1.8154,1.8264,71192.23
2024-01-27 03:00:00,1.8264,1.8291,1.8142,1.8185,71112.64
2024-01-27 04:00:00,1.8185,1.8253,1.814,1.8172,90896.2
2024-01-27 05:00:00,1.8172,1.8174,1.7935,1.7982,244129.23
2024-01-27 06:00:00,1.7982,1.8041,1.7909,1.7946,157445.76
2024-01-27 07:00:00,1.7946,1.7984,1.7821,1.7887,181419.09
2024-01-27 08:00:00,1.7887,1.7889,1.7712,1.7745,195873.46
2024-01-27 09:00:00,1.7745,1.8002,1.7703,1.7987,148955.73
2024-01-27 10:00:00,1.7987,1.7999,1.7876,1.7879,137151.34
2024-01-27 11:00:00,1.7879,1.7951,1.784,1.7882,97755.17
2024-01-27 12:00:00,1.7882,1.7968,1.7841,1.787,107056.19
2024-01-27 13:00:00,1.787,1.7905,1.782,1.7867,63215.31
2024-01-27 14:00:00,1.7867,1.7996,1.784,1.7882,155256.83
2024-01-27 15:00:00,1.7882,1.802,1.7873,1.7958,121296.86
2024-01-27 16:00:00,1.7958,1.8076,1.7866,1.7876,208731.64
2024-01-27 17:00:00,1.7876,1.7966,1.7847,1.7882,190972.42
2024-01-27 18:00:00,1.7882,1.7972,1.782,1.7835,168633.33
2024-01-27 19:00:00,1.7835,1.7984,1.7835,1.794,137484.18
2024-01-27 20:00:00,1.794,1.7993,1.7898,1.7925,92237.02
2024-01-27 21:00:00,1.7925,1.7995,1.7866,1.7925,125261.9
2024-01-27 22:00:00,1.7925,1.7998,1.7854,1.795,70114.81
2024-01-27 23:00:00,1.795,1.7964,1.7892,1.7946,109604.16
2024-01-28 00:00:00,1.7946,1.8031,1.7898,1.7984,132127.63
2024-01-28 01:00:00,1.7984,1.8206,1.7984,1.8042,114795.11
2024-01-28 02:00:00,1.8042,1.8145,1.8035,1.8082,54651.39
2024-01-28 03:00:00,1.8082,1.8357,1.8071,1.8337,252149.37
2024-01-28 04:00:00,1.8337,1.8571,1.825,1.8526,283600.25
2024-01-28 05:00:00,1.8526,1.8538,1.8281,1.8365,337778.52
2024-01-28 06:00:00,1.8365,1.8447,1.8301,1.8389,111019.72
2024-01-28 07:00:00,1.8389,1.8662,1.8359,1.8474,305572.38
2024-01-28 08:00:00,1.8474,1.8806,1.8429,1.8764,495928.25
2024-01-28 09:00:00,1.8764,1.8933,1.8726,1.8873,376329.35
2024-01-28 10:00:00,1.8873,1.8943,1.8723,1.8723,323364.76
2024-01-28 11:00:00,1.8723,1.8825,1.8479,1.8531,347590.51
2024-01-28 12:00:00,1.8531,1.8551,1.8254,1.8376,425018.81
2024-01-28 13:00:00,1.8376,1.8484,1.8303,1.8408,296408.1
2024-01-28 14:00:00,1.8408,1.8504,1.8181,1.823,368349.38
2024-01-28 15:00:00,1.823,1.8319,1.8137,1.8249,497396.28
2024-01-28 16:00:00,1.8249,1.842,1.8238,1.8403,165750.75
2024-01-28 17:00:00,1.8403,1.8429,1.8205,1.8309,186231.08
2024-01-28 18:00:00,1.8309,1.8336,1.8125,1.8179,274661.73
2024-01-28 19:00:00,1.8179,1.8263,1.8002,1.808,413703.99
2024-01-28 20:00:00,1.808,1.8219,1.7954,1.8175,368631.93
2024-01-28 21:00:00,1.8175,1.8211,1.8043,1.813,225930.26
2024-01-28 22:00:00,1.813,1.8146,1.7853,1.7901,392847.29
2024-01-28 23:00:00,1.7901,1.8017,1.7823,1.7964,199750.25
2024-01-29 00:00:00,1.7964,1.8055,1.7867,1.7922,201231.27
2024-01-29 01:00:00,1.7922,1.8229,1.7918,1.8122,232716.31
2024-01-29 02:00:00,1.8122,1.8289,1.8096,1.8246,123929.4
2024-01-29 03:00:00,1.8246,1.8357,1.8201,1.8205,222961.53
2024-01-29 04:00:00,1.8205,1.8237,1.8156,1.8215,142203.79
2024-01-29 05:00:00,1.8215,1.8282,1.8117,1.8125,143955.89
2024-01-29 06:00:00,1.8125,1.8264,1.8123,1.8152,160390.31
2024-01-29 07:00:00,1.8152,1.8281,1.8037,1.806,253356.18
2024-01-29 08:00:00,1.806,1.8116,1.7936,1.809,306101.82
2024-01-29 09:00:00,1.809,1.8226,1.798,1.8191,255413.63
2024-01-29 10:00:00,1.8191,1.826,1.8127,1.8197,122166.03
2024-01-29 11:00:00,1.8197,1.822,1.7989,1.8031,167863.12
2024-01-29 12:00:00,1.8031,1.8137,1.789,1.7956,366812.64
2024-01-29 13:00:00,1.7956,1.797,1.7736,1.7784,401699.29
2024-01-29 14:00:00,1.7784,1.7872,1.7688,1.7806,220770.83
2024-01-29 15:00:00,1.7806,1.811,1.7699,1.8108,363370.87
2024-01-29 16:00:00,1.8108,1.8363,1.7989,1.8354,696522.74
2024-01-29 17:00:00,1.8354,1.8568,1.8328,1.8419,357905.83
2024-01-29 18:00:00,1.8419,1.8477,1.8267,1.8336,126240.21
2024-01-29 19:00:00,1.8336,1.8415,1.8244,1.8261,116443.27
2024-01-29 20:00:00,1.8261,1.8348,1.8177,1.8327,429520.01
2024-01-29 21:00:00,1.8327,1.8379,1.8264,1.8352,150308.81
2024-01-29 22:00:00,1.8352,1.8533,1.8323,1.8444,154634.72
2024-01-29 23:00:00,1.8444,1.8559,1.842,1.8525,151497.18
2024-01-30 00:00:00,1.8525,1.8526,1.8349,1.8358,142671.77
2024-01-30 01:00:00,1.8358,1.869,1.8347,1.8544,143975.39
2024-01-30 02:00:00,1.8544,1.884,1.8544,1.8749,170559.15
2024-01-30 03:00:00,1.8749,1.8876,1.8652,1.8688,329693.22
2024-01-30 04:00:00,1.8688,1.898,1.8643,1.8978,339936.3
2024-01-30 05:00:00,1.8978,1.9028,1.8762,1.8863,448552.15
2024-01-30 06:00:00,1.8863,1.9138,1.871,1.8778,513437.63
2024-01-30 07:00:00,1.8778,1.8899,1.8723,1.8792,334944.66
2024-01-30 08:00:00,1.8792,1.8888,1.8726,1.8788,433419.45
2024-01-30 09:00:00,1.8788,1.881,1.8671,1.8694,186428.02
2024-01-30 10:00:00,1.8694,1.8846,1.868,1.8838,190952.85
2024-01-30 11:00:00,1.8838,1.8879,1.8766,1.8861,317633.72
2024-01-30 12:00:00,1.8861,1.9081,1.8577,1.8679,597606.31
2024-01-30 13:00:00,1.8679,1.8765,1.8419,1.8533,377413.14
2024-01-30 14:00:00,1.8533,1.8619,1.8416,1.8614,122416.28
2024-01-30 15:00:00,1.8614,1.8978,1.8528,1.889,351443.47
2024-01-30 16:00:00,1.889,1.9638,1.8834,1.9601,1226430.02
2024-01-30 17:00:00,1.9601,1.97,1.944,1.9498,667374.97
2024-01-30 18:00:00,1.9498,1.9531,1.9286,1.9476,413498.91
2024-01-30 19:00:00,1.9476,1.9491,1.9357,1.939,169624.59
2024-01-30 20:00:00,1.939,1.9529,1.9381,1.9381,213387.62
2024-01-30 21:00:00,1.9381,1.944,1.9259,1.9339,264996.89
2024-01-30 22:00:00,1.9339,1.9348,1.9033,1.9036,364624.55
2024-01-30 23:00:00,1.9036,1.9113,1.8717,1.883,487509.73
2024-01-31 00:00:00,1.883,1.889,1.8457,1.865,469107.84
2024-01-31 01:00:00,1.865,1.875,1.8466,1.8559,403839.92
2024-01-31 02:00:00,1.8559,1.8733,1.8433,1.8714,276769.04
2024-01-31 03:00:00,1.8714,1.876,1.8629,1.8695,479446.37
2024-01-31 04:00:00,1.8695,1.8712,1.8562,1.8686,419084.68
2024-01-31 05:00:00,1.8686,1.8776,1.8503,1.8584,236005.47
2024-01-31 06:00:00,1.8584,1.8615,1.8447,1.8483,214561.1
2024-01-31 07:00:00,1.8483,1.8615,1.8451,1.8588,89360.47
2024-01-31 08:00:00,1.8588,1.8606,1.8436,1.8467,171175.56
2024-01-31 09:00:00,1.8467,1.8469,1.8038,1.8064,665672.81
2024-01-31 10:00:00,1.8064,1.813,1.7791,1.7831,468066.23
2024-01-31 11:00:00,1.7831,1.8059,1.7813,1.8055,338216.2
2024-01-31 12:00:00,1.8055,1.8114,1.7967,1.7988,247937.28
2024-01-31 13:00:00,1.7988,1.8139,1.791,1.7978,314605.61
2024-01-31 14:00:00,1.7978,1.8052,1.7819,1.7948,289235.09
2024-01-31 15:00:00,1.7948,1.8176,1.7663,1.8142,626014.93
2024-01-31 16:00:00,1.8142,1.8369,1.8071,1.8314,400436.94
2024-01-31 17:00:00,1.8314,1.8359,1.8202,1.8353,94736.28
2024-01-31 18:00:00,1.8353,1.8369,1.8167,1.8222,166864.76
2024-01-31 19:00:00,1.8222,1.8325,1.8017,1.8182,221224.2
2024-01-31 20:00:00,1.8182,1.8211,1.78,1.7803,275674.74
2024-01-31 21:00:00,1.7803,1.7886,1.7503,1.759,428199.36
2024-01-31 22:00:00,1.759,1.7689,1.7397,1.765,324457.15
2024-01-31 23:00:00,1.765,1.7703,1.7569,1.7616,98252.75
2024-02-01 00:00:00,1.7616,1.7663,1.7353,1.747,230719.09
2024-02-01 01:00:00,1.747,1.747,1.6883,1.6921,613733.71
2024-02-01 02:00:00,1.6921,1.7098,1.6895,1.7095,181707.3
2024-02-01 03:00:00,1.7095,1.7144,1.7001,1.7004,129592.5
2024-02-01 04:00:00,1.7004,1.7117,1.6902,1.7033,204369.15
2024-02-01 05:00:00,1.7033,1.7097,1.6929,1.7046,106934.78
2024-02-01 06:00:00,1.7046,1.7166,1.6985,1.7158,93053.41
2024-02-01 07:00:00,1.7158,1.734,1.7132,1.725,256529.73
2024-02-01 08:00:00,1.725,1.7295,1.7175,1.729,156415.99
2024-02-01 09:00:00,1.729,1.7318,1.7164,1.7221,110077.98
2024-02-01 10:00:00,1.7221,1.7301,1.7123,1.7149,226534.47
2024-02-01 11:00:00,1.7149,1.7199,1.708,1.7103,259159.09
2024-02-01 12:00:00,1.7103,1.7212,1.7061,1.7193,126638.38
2024-02-01 13:00:00,1.7193,1.7256,1.7061,1.717,239583.6
2024-02-01 14:00:00,1.717,1.7509,1.7138,1.7475,380799.0
2024-02-01 15:00:00,1.7475,1.7632,1.732,1.732,557355.7
2024-02-01 16:00:00,1.732,1.7381,1.712,1.7325,331563.21
2024-02-01 17:00:00,1.7325,1.7596,1.7313,1.7482,354301.19
2024-02-01 18:00:00,1.7482,1.7504,1.7335,1.7423,148786.81
2024-02-01 19:00:00,1.7423,1.7617,1.7391,1.7568,203017.26
2024-02-01 20:00:00,1.7568,1.7723,1.7507,1.764,329485.15
2024-02-01 21:00:00,1.764,1.7758,1.7601,1.7719,253510.83
2024-02-01 22:00:00,1.7719,1.7729,1.7545,1.7648,153487.83
2024-02-01 23:00:00,1.7648,1.785,1.7615,1.782,240460.48
2024-02-02 00:00:00,1.782,1.8041,1.779,1.7945,397032.35
2024-02-02 01:00:00,1.7945,1.8072,1.7923,1.7981,326111.9
2024-02-02 02:00:00,1.7981,1.802,1.7831,1.7918,155385.29
2024-02-02 03:00:00,1.7918,1.7952,1.7866,1.7887,68653.8
2024-02-02 04:00:00,1.7887,1.7899,1.7754,1.7788,77778.94
2024-02-02 05:00:00,1.7788,1.7949,1.7732,1.7927,164804.47
2024-02-02 06:00:00,1.7927,1.8064,1.7915,1.8017,168027.54
2024-02-02 07:00:00,1.8017,1.8057,1.7954,1.8011,96700.49
2024-02-02 08:00:00,1.8011,1.8028,1.7825,1.7915,190125.98
2024-02-02 09:00:00,1.7915,1.797,1.7837,1.789,291430.52
2024-02-02 10:00:00,1.789,1.7991,1.782,1.7982,139944.53
2024-02-02 11:00:00,1.7982,1.8012,1.7916,1.7943,79968.12
2024-02-02 12:00:00,1.7943,1.8021,1.7872,1.788,111260.87
2024-02-02 13:00:00,1.788,1.7922,1.755,1.7618,479629.76
2024-02-02 14:00:00,1.7618,1.7747,1.7558,1.7738,333136.11
2024-02-02 15:00:00,1.7738,1.8055,1.7726,1.8055,444833.41
2024-02-02 16:00:00,1.8055,1.8145,1.7906,1.7958,471354.87
2024-02-02 17:00:00,1.7958,1.8013,1.7787,1.7822,230353.65
2024-02-02 18:00:00,1.7822,1.7855,1.7731,1.7823,122810.46
2024-02-02 19:00:00,1.7823,1.7903,1.7772,1.788,154711.82
2024-02-02 20:00:00,1.788,1.7901,1.778,1.7812,54461.39
2024-02-02 21:00:00,1.7812,1.7869,1.7773,1.7786,35860.55
2024-02-02 22:00:00,1.7786,1.7952,1.7769,1.7946,204505.18
2024-02-02 23:00:00,1.7946,1.7988,1.7873,1.7895,101996.09
2024-02-03 00:00:00,1.7895,1.8021,1.7851,1.7899,214403.36
2024-02-03 01:00:00,1.7899,1.8073,1.7886,1.8064,90531.52
2024-02-03 02:00:00,1.8064,1.8095,1.7969,1.8,65045.5
2024-02-03 03:00:00,1.8,1.8034,1.7942,1.8015,98880.64
2024-02-03 04:00:00,1.8015,1.8307,1.8006,1.8209,305618.41
2024-02-03 05:00:00,1.8209,1.8304,1.8167,1.8295,126941.58
2024-02-03 06:00:00,1.8295,1.8348,1.8216,1.8318,224148.23
2024-02-03 07:00:00,1.8318,1.8338,1.8116,1.8173,136984.58
2024-02-03 08:00:00,1.8173,1.8189,1.8011,1.8026,155589.88
2024-02-03 09:00:00,1.8026,1.8134,1.7991,1.8077,188942.81
2024-02-03 10:00:00,1.8077,1.8107,1.8022,1.8066,131062.93
2024-02-03 11:00:00,1.8066,1.8068,1.7897,1.7911,264467.26
2024-02-03 12:00:00,1.7911,1.7975,1.7875,1.7933,176861.18
2024-02-03 13:00:00,1.7933,1.7958,1.7885,1.7889,107272.68
2024-02-03 14:00:00,1.7889,1.7896,1.7792,1.7811,432725.45
2024-02-03 15:00:00,1.7811,1.7906,1.7692,1.7844,452089.82
2024-02-03 16:00:00,1.7844,1.7958,1.7817,1.7844,104169.54
2024-02-03 17:00:00,1.7844,1.7931,1.7818,1.7888,96779.77
2024-02-03 18:00:00,1.7888,1.789,1.7733,1.775,83313.16
2024-02-03 19:00:00,1.775,1.7813,1.7729,1.7809,68248.85
2024-02-03 20:00:00,1.7809,1.7813,1.7732,1.7785,57559.75
2024-02-03 21:00:00,1.7785,1.7815,1.7706,1.7734,145349.24
2024-02-03 22:00:00,1.7734,1.7749,1.7687,1.7701,49149.04
2024-02-03 23:00:00,1.7701,1.7771,1.7618,1.7635,169138.93
2024-02-04 00:00:00,1.7635,1.7642,1.7468,1.7589,276310.84
2024-02-04 01:00:00,1.7589,1.7702,1.7548,1.7696,97041.35
2024-02-04 02:00:00,1.7696,1.7735,1.7663,1.7671,96328.86
2024-02-04 03:00:00,1.7671,1.7741,1.7662,1.7708,55229.31
2024-02-04 04:00:00,1.7708,1.7711,1.7535,1.7601,277960.04
2024-02-04 05:00:00,1.7601,1.7658,1.7576,1.7578,99990.84
2024-02-04 06:00:00,1.7578,1.7621,1.7426,1.7434,133203.23
2024-02-04 07:00:00,1.7434,1.7496,1.7401,1.7456,61328.11
2024-02-04 08:00:00,1.7456,1.7492,1.7401,1.743,83576.77
2024-02-04 09:00:00,1.743,1.7615,1.7361,1.7591,125789.78
2024-02-04 10:00:00,1.7591,1.7603,1.7483,1.7549,114476.52
2024-02-04 11:00:00,1.7549,1.7684,1.7525,1.7651,165757.91
2024-02-04 12:00:00,1.7651,1.772,1.7603,1.7605,123548.1
2024-02-04 13:00:00,1.7605,1.7635,1.7587,1.7614,61750.9
2024-02-04 14:00:00,1.7614,1.7677,1.7543,1.7558,116144.73
2024-02-04 15:00:00,1.7558,1.7593,1.7504,1.7531,195541.57
2024-02-04 16:00:00,1.7531,1.757,1.746,1.7542,242017.26
2024-02-04 17:00:00,1.7542,1.766,1.7482,1.7644,326788.4
2024-02-04 18:00:00,1.7644,1.7661,1.7432,1.7461,260802.22
2024-02-04 19:00:00,1.7461,1.7483,1.7273,1.7354,288270.4
2024-02-04 20:00:00,1.7354,1.7586,1.7309,1.7529,171484.43
2024-02-04 21:00:00,1.7529,1.7636,1.7475,1.7478,183160.79
2024-02-04 22:00:00,1.7478,1.7517,1.72,1.7299,283837.02
2024-02-04 23:00:00,1.7299,1.7353,1.7255,1.7293,152859.7
2024-02-05 00:00:00,1.7293,1.7348,1.7188,1.719,212691.62
2024-02-05 01:00:00,1.719,1.7222,1.6972,1.7222,384749.35
2024-02-05 02:00:00,1.7222,1.725,1.7151,1.7228,47530.41
2024-02-05 03:00:00,1.7228,1.7406,1.7221,1.7397,69627.73
2024-02-05 04:00:00,1.7397,1.7487,1.7357,1.7406,201690.21
2024-02-05 05:00:00,1.7406,1.7413,1.7327,1.7362,276219.19
2024-02-05 06:00:00,1.7362,1.7418,1.7344,1.7407,108591.25
2024-02-05 07:00:00,1.7407,1.7522,1.7371,1.7495,108280.71
2024-02-05 08:00:00,1.7495,1.7641,1.7495,1.7616,318955.24
2024-02-05 09:00:00,1.7616,1.7625,1.7482,1.7548,157336.43
2024-02-05 10:00:00,1.7548,1.7661,1.7548,1.7588,138383.05
2024-02-05 11:00:00,1.7588,1.7672,1.7588,1.7661,89026.31
2024-02-05 12:00:00,1.7661,1.7692,1.7599,1.7657,107974.9
2024-02-05 13:00:00,1.7657,1.7812,1.7632,1.7809,227946.8
2024-02-05 14:00:00,1.7809,1.7861,1.7675,1.7698,317150.14
2024-02-05 15:00:00,1.7698,1.7698,1.7382,1.7422,473460.55
2024-02-05 16:00:00,1.7422,1.756,1.7352,1.7539,338375.48
2024-02-05 17:00:00,1.7539,1.757,1.7475,1.751,153680.88
2024-02-05 18:00:00,1.751,1.7525,1.7416,1.7476,69898.67
2024-02-05 19:00:00,1.7476,1.7547,1.7443,1.7447,70148.4
2024-02-05 20:00:00,1.7447,1.7461,1.7232,1.7397,165543.61
2024-02-05 21:00:00,1.7397,1.7401,1.725,1.727,85367.39
2024-02-05 22:00:00,1.727,1.7313,1.7141,1.7231,155983.83
2024-02-05 23:00:00,1.7231,1.7367,1.7167,1.7325,97187.45
2024-02-06 00:00:00,1.7325,1.7344,1.727,1.7308,128175.87
2024-02-06 01:00:00,1.7308,1.7466,1.7268,1.7405,148813.41
2024-02-06 02:00:00,1.7405,1.798,1.738,1.7828,549005.24
2024-02-06 03:00:00,1.7828,1.8006,1.7708,1.7744,605274.82
2024-02-06 04:00:00,1.7744,1.7887,1.7716,1.7762,241606.17
2024-02-06 05:00:00,1.7762,1.7789,1.7665,1.7784,199806.82
2024-02-06 06:00:00,1.7784,1.7917,1.7726,1.7881,286769.16
2024-02-06 07:00:00,1.7881,1.8127,1.7803,1.8115,495677.58
2024-02-06 08:00:00,1.8115,1.8208,1.8034,1.8197,336748.43
2024-02-06 09:00:00,1.8197,1.8204,1.8005,1.8059,193068.86
2024-02-06 10:00:00,1.8059,1.8165,1.792,1.8111,248699.81
2024-02-06 11:00:00,1.8111,1.8149,1.7953,1.8121,210681.2
2024-02-06 12:00:00,1.8121,1.8258,1.7962,1.8067,429909.23
2024-02-06 13:00:00,1.8067,1.8182,1.7972,1.8091,284893.31
2024-02-06 14:00:00,1.8091,1.833,1.8083,1.8219,503512.96
2024-02-06 15:00:00,1.8219,1.8349,1.8094,1.831,346175.66
2024-02-06 16:00:00,1.831,1.8522,1.8226,1.8345,388493.32
2024-02-06 17:00:00,1.8345,1.8547,1.83,1.8357,209390.92
2024-02-06 18:00:00,1.8357,1.8403,1.823,1.8388,217279.04
2024-02-06 19:00:00,1.8388,1.8522,1.8288,1.8503,126615.01
2024-02-06 20:00:00,1.8503,1.8736,1.8478,1.854,443064.41
2024-02-06 21:00:00,1.854,1.86,1.8481,1.8521,331892.18
2024-02-06 22:00:00,1.8521,1.8527,1.8384,1.8428,101784.62
2024-02-06 23:00:00,1.8428,1.8462,1.8267,1.8282,162680.59
2024-02-07 00:00:00,1.8282,1.8598,1.8282,1.8573,382755.98
2024-02-07 01:00:00,1.8573,1.8714,1.854,1.857,196785.64
2024-02-07 02:00:00,1.857,1.8684,1.857,1.8632,208689.35
2024-02-07 03:00:00,1.8632,1.8652,1.8459,1.8495,375417.36
2024-02-07 04:00:00,1.8495,1.8541,1.8302,1.8309,283732.05
2024-02-07 05:00:00,1.8309,1.8432,1.8221,1.838,321176.54
2024-02-07 06:00:00,1.838,1.8494,1.831,1.8461,191786.62
2024-02-07 07:00:00,1.8461,1.8466,1.8336,1.8371,171760.9
2024-02-07 08:00:00,1.8371,1.838,1.8276,1.8351,139097.48
2024-02-07 09:00:00,1.8351,1.85,1.8308,1.841,188126.69
2024-02-07 10:00:00,1.841,1.8419,1.806,1.8106,397463.14
2024-02-07 11:00:00,1.8106,1.8197,1.8097,1.8122,260117.7
2024-02-07 12:00:00,1.8122,1.8345,1.8121,1.8334,160585.03
2024-02-07 13:00:00,1.8334,1.8397,1.8233,1.8275,263836.51
2024-02-07 14:00:00,1.8275,1.8393,1.8184,1.8218,295382.11
2024-02-07 15:00:00,1.8218,1.8309,1.8112,1.8214,255644.73
2024-02-07 16:00:00,1.8214,1.8595,1.8195,1.8595,533763.3
2024-02-07 17:00:00,1.8595,1.8975,1.8574,1.8825,1259591.4
2024-02-07 18:00:00,1.8825,1.8945,1.8753,1.894,178074.97
2024-02-07 19:00:00,1.894,1.9015,1.8872,1.8969,265376.99
2024-02-07 20:00:00,1.8969,1.9299,1.8969,1.9206,636857.78
2024-02-07 21:00:00,1.9206,1.9257,1.9129,1.9165,415199.92
2024-02-07 22:00:00,1.9165,1.9188,1.8964,1.8993,256354.02
2024-02-07 23:00:00,1.8993,1.8993,1.8881,1.896,237252.87
2024-02-08 00:00:00,1.896,1.9066,1.8893,1.9016,156171.29
2024-02-08 01:00:00,1.9016,1.918,1.8931,1.9155,314516.06
2024-02-08 02:00:00,1.9155,1.9155,1.9015,1.9118,139153.88
2024-02-08 03:00:00,1.9118,1.9161,1.9048,1.9054,148064.12
2024-02-08 04:00:00,1.9054,1.9077,1.892,1.8926,348784.95
2024-02-08 05:00:00,1.8926,1.8967,1.8825,1.8837,327915.76
2024-02-08 06:00:00,1.8837,1.8926,1.8757,1.8758,319386.38
2024-02-08 07:00:00,1.8758,1.8841,1.8635,1.8834,383617.51
2024-02-08 08:00:00,1.8834,1.8934,1.883,1.8915,163080.76
2024-02-08 09:00:00,1.8915,1.8937,1.883,1.885,221432.96
2024-02-08 10:00:00,1.885,1.8921,1.8815,1.8865,191761.66
2024-02-08 11:00:00,1.8865,1.8885,1.874,1.8812,120635.38
2024-02-08 12:00:00,1.8812,1.8886,1.8687,1.8773,249678.76
2024-02-08 13:00:00,1.8773,1.8914,1.8711,1.8914,292332.42
2024-02-08 14:00:00,1.8914,1.9145,1.8896,1.9029,604632.15
2024-02-08 15:00:00,1.9029,1.9259,1.8951,1.9143,520816.98
2024-02-08 16:00:00,1.9143,1.9184,1.8537,1.8674,952251.38
2024-02-08 17:00:00,1.8674,1.8825,1.8556,1.8676,556241.15
2024-02-08 18:00:00,1.8676,1.8775,1.8643,1.8754,146719.81
2024-02-08 19:00:00,1.8754,1.878,1.8651,1.8666,208937.6
2024-02-08 20:00:00,1.8666,1.878,1.8601,1.8686,169114.6
2024-02-08 21:00:00,1.8686,1.8708,1.8606,1.8661,145212.93
2024-02-08 22:00:00,1.8661,1.872,1.8651,1.8651,70873.83
2024-02-08 23:00:00,1.8651,1.8731,1.8603,1.8609,92996.46
2024-02-09 00:00:00,1.8609,1.8708,1.8609,1.8704,89887.6
2024-02-09 01:00:00,1.8704,1.8803,1.8643,1.8803,144359.0
2024-02-09 02:00:00,1.8803,1.9057,1.8754,1.9035,407369.21
2024-02-09 03:00:00,1.9035,1.9108,1.8928,1.8937,217927.41
2024-02-09 04:00:00,1.8937,1.9015,1.8774,1.882,266926.52
2024-02-09 05:00:00,1.882,1.8966,1.8784,1.8941,244174.12
2024-02-09 06:00:00,1.8941,1.8944,1.8839,1.8895,168069.58
2024-02-09 07:00:00,1.8895,1.9089,1.8864,1.8987,218583.89
2024-02-09 08:00:00,1.8987,1.9174,1.8951,1.9165,233690.92
2024-02-09 09:00:00,1.9165,1.9183,1.9024,1.9048,162624.64
2024-02-09 10:00:00,1.9048,1.9131,1.899,1.9063,200722.04
2024-02-09 11:00:00,1.9063,1.9295,1.9,1.9295,315800.21
2024-02-09 12:00:00,1.9295,1.9574,1.9181,1.9517,849254.51
2024-02-09 13:00:00,1.9517,1.9617,1.9457,1.9484,416550.01
2024-02-09 14:00:00,1.9484,1.9555,1.9102,1.9217,708762.98
2024-02-09 15:00:00,1.9217,1.9317,1.9042,1.9282,439786.9
2024-02-09 16:00:00,1.9282,1.941,1.9198,1.9258,260755.28
2024-02-09 17:00:00,1.9258,1.9513,1.9226,1.9459,241046.09
2024-02-09 18:00:00,1.9459,1.9608,1.9393,1.9447,315147.11
2024-02-09 19:00:00,1.9447,1.9452,1.9276,1.942,358956.16
2024-02-09 20:00:00,1.942,1.9794,1.942,1.9687,382557.55
2024-02-09 21:00:00,1.9687,1.9894,1.9647,1.9857,324185.69
2024-02-09 22:00:00,1.9857,1.9961,1.9775,1.9869,440326.3
2024-02-09 23:00:00,1.9869,1.9879,1.9771,1.9788,114291.54
2024-02-10 00:00:00,1.9788,1.995,1.9742,1.975,150276.69
2024-02-10 01:00:00,1.975,1.9925,1.9689,1.9896,156396.08
2024-02-10 02:00:00,1.9896,1.9986,1.9869,1.9979,187202.06
2024-02-10 03:00:00,1.9979,2.0172,1.9976,2.0056,294231.38
2024-02-10 04:00:00,2.0056,2.0132,1.9975,1.9977,150861.71
2024-02-10 05:00:00,1.9977,2.0028,1.9883,1.9908,451558.8
2024-02-10 06:00:00,1.9908,1.9932,1.9819,1.9839,130467.46
2024-02-10 07:00:00,1.9839,1.9867,1.969,1.9705,167466.16
2024-02-10 08:00:00,1.9705,1.9794,1.9524,1.9547,354317.16
2024-02-10 09:00:00,1.9547,1.9658,1.9471,1.9493,268875.76
2024-02-10 10:00:00,1.9493,1.9598,1.933,1.9399,331573.94
2024-02-10 11:00:00,1.9399,1.9558,1.9392,1.9553,183720.72
2024-02-10 12:00:00,1.9553,1.9642,1.9505,1.9582,145132.71
2024-02-10 13:00:00,1.9582,1.9608,1.9444,1.9561,206381.99
2024-02-10 14:00:00,1.9561,1.9639,1.9541,1.9618,157271.05
2024-02-10 15:00:00,1.9618,1.969,1.9591,1.964,72660.82
2024-02-10 16:00:00,1.964,1.965,1.9515,1.9549,145207.39
2024-02-10 17:00:00,1.9549,1.9579,1.9461,1.9475,79434.38
2024-02-10 18:00:00,1.9475,1.9605,1.9458,1.9551,32607.73
2024-02-10 19:00:00,1.9551,1.9646,1.9528,1.9617,80575.7
2024-02-10 20:00:00,1.9617,1.9778,1.9553,1.9686,157491.5
2024-02-10 21:00:00,1.9686,1.9842,1.9686,1.9734,159440.59
2024-02-10 22:00:00,1.9734,1.9739,1.954,1.9601,212408.99
2024-02-10 23:00:00,1.9601,1.9668,1.9506,1.9589,83970.56
2024-02-11 00:00:00,1.9589,1.9697,1.953,1.9696,116404.12
2024-02-11 01:00:00,1.9696,1.9762,1.964,1.9674,146727.0
2024-02-11 02:00:00,1.9674,1.9742,1.963,1.968,97363.8
2024-02-11 03:00:00,1.968,1.9974,1.9664,1.9974,230319.21
2024-02-11 04:00:00,1.9974,2.0079,1.9759,1.9798,339325.52
2024-02-11 05:00:00,1.9798,1.9891,1.9798,1.984,60737.72
2024-02-11 06:00:00,1.984,1.9999,1.984,1.9996,134657.26
2024-02-11 07:00:00,1.9996,2.0008,1.9895,1.9989,208847.99
2024-02-11 08:00:00,1.9989,2.0042,1.9837,1.9868,224207.25
2024-02-11 09:00:00,1.9868,1.993,1.9789,1.9817,107250.54
2024-02-11 10:00:00,1.9817,1.9845,1.97,1.9807,252782.63
2024-02-11 11:00:00,1.9807,1.9965,1.9794,1.995,197496.65
2024-02-11 12:00:00,1.995,1.9984,1.982,1.982,187072.52
2024-02-11 13:00:00,1.982,1.988,1.9614,1.9623,292569.39
2024-02-11 14:00:00,1.9623,1.9684,1.9488,1.964,310053.42
2024-02-11 15:00:00,1.964,1.9645,1.9543,1.9571,107889.04
2024-02-11 16:00:00,1.9571,1.9603,1.9449,1.9537,154615.86
2024-02-11 17:00:00,1.9537,1.9704,1.9528,1.9627,88746.86
2024-02-11 18:00:00,1.9627,1.9632,1.942,1.9551,159227.37
2024-02-11 19:00:00,1.9551,1.9574,1.9485,1.9521,60761.59
2024-02-11 20:00:00,1.9521,1.96,1.9289,1.9369,370725.45
2024-02-11 21:00:00,1.9369,1.9424,1.9322,1.9385,92313.17
2024-02-11 22:00:00,1.9385,1.9435,1.9328,1.9351,107361.41
2024-02-11 23:00:00,1.9351,1.9405,1.9318,1.9405,61695.05
2024-02-12 00:00:00,1.9405,1.961,1.9365,1.9557,258104.37
2024-02-12 01:00:00,1.9557,1.968,1.9459,1.9643,141365.13
2024-02-12 02:00:00,1.9643,1.9674,1.9225,1.9326,349795.23
2024-02-12 03:00:00,1.9326,1.9415,1.9285,1.9334,150218.87
2024-02-12 04:00:00,1.9334,1.9356,1.9248,1.9291,98426.02
2024-02-12 05:00:00,1.9291,1.9369,1.9281,1.9288,187990.19
2024-02-12 06:00:00,1.9288,1.9363,1.9112,1.9267,284907.69
2024-02-12 07:00:00,1.9267,1.9527,1.9261,1.944,178549.77
2024-02-12 08:00:00,1.944,1.9526,1.9386,1.9388,218388.81
2024-02-12 09:00:00,1.9388,1.9388,1.9111,1.9178,222810.61
2024-02-12 10:00:00,1.9178,1.9368,1.9139,1.9268,220995.97
2024-02-12 11:00:00,1.9268,1.9345,1.9142,1.9345,120717.02
2024-02-12 12:00:00,1.9345,1.9394,1.9203,1.9325,239436.64
2024-02-12 13:00:00,1.9325,1.9339,1.9248,1.9318,67755.97
2024-02-12 14:00:00,1.9318,1.9716,1.93,1.9711,320184.06
2024-02-12 15:00:00,1.9711,2.0145,1.9592,2.0043,875076.46
2024-02-12 16:00:00,2.0043,2.0241,1.988,2.0241,570103.41
2024-02-12 17:00:00,2.0241,2.0759,2.0235,2.0502,1153480.56
2024-02-12 18:00:00,2.0502,2.069,2.0458,2.0579,236756.8
2024-02-12 19:00:00,2.0579,2.0653,2.0323,2.0354,361295.95
2024-02-12 20:00:00,2.0354,2.0726,2.0354,2.0679,490411.78
2024-02-12 21:00:00,2.0679,2.0766,2.0504,2.052,556765.52
2024-02-12 22:00:00,2.052,2.0814,2.052,2.0771,189782.87
2024-02-12 23:00:00,2.0771,2.0796,2.0606,2.0748,120151.11
2024-02-13 00:00:00,2.0748,2.1084,2.0748,2.0864,472621.86
2024-02-13 01:00:00,2.0864,2.1045,2.0825,2.1018,264368.5
2024-02-13 02:00:00,2.1018,2.1018,2.0765,2.0773,119577.65
2024-02-13 03:00:00,2.0773,2.0804,2.0463,2.0516,432506.44
2024-02-13 04:00:00,2.0516,2.0738,2.0493,2.0724,227957.15
2024-02-13 05:00:00,2.0724,2.0786,2.0648,2.0785,75580.74
2024-02-13 06:00:00,2.0785,2.0785,2.0641,2.0654,99467.44
2024-02-13 07:00:00,2.0654,2.0737,2.0603,2.0678,142614.23
2024-02-13 08:00:00,2.0678,2.0857,2.0659,2.085,200979.02
2024-02-13 09:00:00,2.085,2.0891,2.0753,2.0889,180489.67
2024-02-13 10:00:00,2.0889,2.0889,2.069,2.0695,154031.98
2024-02-13 11:00:00,2.0695,2.0831,2.0596,2.0803,210827.31
2024-02-13 12:00:00,2.0803,2.0855,2.0686,2.073,203804.88
2024-02-13 13:00:00,2.073,2.0753,2.0098,2.0384,1133458.09
2024-02-13 14:00:00,2.0384,2.0469,1.9828,2.0146,1299797.57
2024-02-13 15:00:00,2.0146,2.0407,2.0017,2.0306,421496.33
2024-02-13 16:00:00,2.0306,2.0407,2.011,2.0111,298637.23
2024-02-13 17:00:00,2.0111,2.0332,2.005,2.0329,121734.51
2024-02-13 18:00:00,2.0329,2.0456,2.0294,2.0355,233362.72
2024-02-13 19:00:00,2.0355,2.0414,2.0252,2.0252,123112.29
2024-02-13 20:00:00,2.0252,2.0471,2.0251,2.0443,77139.34
2024-02-13 21:00:00,2.0443,2.0561,2.0408,2.0423,206013.45
2024-02-13 22:00:00,2.0423,2.0456,2.0319,2.0449,61339.19
2024-02-13 23:00:00,2.0449,2.0464,2.035,2.0452,106166.52
2024-02-14 00:00:00,2.0452,2.0472,2.019,2.0257,207390.36
2024-02-14 01:00:00,2.0257,2.0305,2.0168,2.0202,63341.33
2024-02-14 02:00:00,2.0202,2.0242,2.013,2.0225,107528.88
2024-02-14 03:00:00,2.0225,2.0323,2.0207,2.0311,52541.27
2024-02-14 04:00:00,2.0311,2.0339,2.015,2.0168,101699.24
2024-02-14 05:00:00,2.0168,2.0335,2.0164,2.0297,75147.01
2024-02-14 06:00:00,2.0297,2.0373,2.0278,2.0306,74601.49
2024-02-14 07:00:00,2.0306,2.0441,2.0306,2.0407,89193.56
2024-02-14 08:00:00,2.0407,2.0826,2.0353,2.0818,290063.59
2024-02-14 09:00:00,2.0818,2.1155,2.0772,2.1094,687498.28
2024-02-14 10:00:00,2.1094,2.1191,2.0977,2.1159,274385.36
2024-02-14 11:00:00,2.1159,2.1241,2.101,2.1201,357526.41
2024-02-14 12:00:00,2.1201,2.1242,2.0918,2.0969,254923.72
2024-02-14 13:00:00,2.0969,2.1264,2.0969,2.1203,302078.5
2024-02-14 14:00:00,2.1203,2.1203,2.099,2.1021,239662.39
2024-02-14 15:00:00,2.1021,2.1063,2.0715,2.0886,471939.14
2024-02-14 16:00:00,2.0886,2.0901,2.0586,2.0673,303580.06
2024-02-14 17:00:00,2.0673,2.0709,2.0592,2.067,200368.07
2024-02-14 18:00:00,2.067,2.089,2.0669,2.0851,154696.64
2024-02-14 19:00:00,2.0851,2.091,2.0804,2.0892,53387.09
2024-02-14 20:00:00,2.0892,2.0908,2.0806,2.0835,85038.14
2024-02-14 21:00:00,2.0835,2.1012,2.0764,2.0973,170958.94
2024-02-14 22:00:00,2.0973,2.102,2.0919,2.1014,92008.81
2024-02-14 23:00:00,2.1014,2.1157,2.0978,2.1101,108637.53
2024-02-15 00:00:00,2.1101,2.1726,2.1088,2.1667,505124.66
2024-02-15 01:00:00,2.1667,2.167,2.1134,2.1303,386078.49
2024-02-15 02:00:00,2.1303,2.1444,2.1266,2.1275,165589.27
2024-02-15 03:00:00,2.1275,2.1386,2.1239,2.1378,99184.17
2024-02-15 04:00:00,2.1378,2.1382,2.1155,2.122,202746.45
2024-02-15 05:00:00,2.122,2.122,2.0804,2.0921,434651.44
2024-02-15 06:00:00,2.0921,2.1045,2.0832,2.0954,220615.15
2024-02-15 07:00:00,2.0954,2.1068,2.0832,2.0955,184378.68
2024-02-15 08:00:00,2.0955,2.1039,2.0861,2.0965,87083.04
2024-02-15 09:00:00,2.0965,2.1142,2.0917,2.1141,143016.17
2024-02-15 10:00:00,2.1141,2.1345,2.1081,2.1274,301574.92
2024-02-15 11:00:00,2.1274,2.1326,2.105,2.1137,270637.96
2024-02-15 12:00:00,2.1137,2.1237,2.0945,2.1096,370799.5
2024-02-15 13:00:00,2.1096,2.1196,2.0932,2.1149,193507.02
2024-02-15 14:00:00,2.1149,2.1444,2.1041,2.1367,305779.98
2024-02-15 15:00:00,2.1367,2.1484,2.0834,2.0978,580468.07
2024-02-15 16:00:00,2.0978,2.1039,2.0707,2.0946,475521.69
2024-02-15 17:00:00,2.0946,2.1007,2.0844,2.0854,149197.37
2024-02-15 18:00:00,2.0854,2.0961,2.0808,2.0866,73513.37
2024-02-15 19:00:00,2.0866,2.0936,2.0745,2.0914,202880.78
2024-02-15 20:00:00,2.0914,2.0919,2.069,2.0725,169269.22
2024-02-15 21:00:00,2.0725,2.0836,2.0368,2.0407,478577.31
2024-02-15 22:00:00,2.0407,2.0637,2.0407,2.0558,198980.23
2024-02-15 23:00:00,2.0558,2.0719,2.0527,2.0706,104418.83
2024-02-16 00:00:00,2.0706,2.0774,2.0577,2.0737,104446.36
2024-02-16 01:00:00,2.0737,2.0945,2.0713,2.0849,130647.49
2024-02-16 02:00:00,2.0849,2.0868,2.0783,2.085,292144.6
2024-02-16 03:00:00,2.085,2.0883,2.0706,2.0719,145487.67
2024-02-16 04:00:00,2.0719,2.083,2.0719,2.072,87916.29
2024-02-16 05:00:00,2.072,2.0778,2.0696,2.0707,107012.08
2024-02-16 06:00:00,2.0707,2.0792,2.0501,2.0529,224880.18
2024-02-16 07:00:00,2.0529,2.0564,2.0261,2.0283,472500.89
2024-02-16 08:00:00,2.0283,2.0431,2.0243,2.0312,312322.33
2024-02-16 09:00:00,2.0312,2.0312,2.0033,2.0228,660228.16
2024-02-16 10:00:00,2.0228,2.0505,2.0185,2.0446,320076.15
2024-02-16 11:00:00,2.0446,2.0535,2.0394,2.0454,189154.63
2024-02-16 12:00:00,2.0454,2.0641,2.0386,2.0618,237416.5
2024-02-16 13:00:00,2.0618,2.0624,2.0338,2.0414,311685.62
2024-02-16 14:00:00,2.0414,2.0461,1.9843,1.9985,785212.69
2024-02-16 15:00:00,1.9985,2.0014,1.9563,2.0011,997709.5
2024-02-16 16:00:00,2.0011,2.0177,1.996,2.0065,251345.55
2024-02-16 17:00:00,2.0065,2.0118,1.9851,1.9926,138009.44
2024-02-16 18:00:00,1.9926,1.9957,1.9765,1.9927,119586.14
2024-02-16 19:00:00,1.9927,1.997,1.9775,1.9836,108779.9
2024-02-16 20:00:00,1.9836,2.0038,1.9799,2.0012,99826.78
2024-02-16 21:00:00,2.0012,2.0094,1.9938,2.0073,106773.5
2024-02-16 22:00:00,2.0073,2.0109,1.9997,2.0024,135446.76
2024-02-16 23:00:00,2.0024,2.0165,2.0007,2.0099,57757.55
2024-02-17 00:00:00,2.0099,2.0179,2.0049,2.0132,99289.87
2024-02-17 01:00:00,2.0132,2.0132,1.9833,1.9915,197590.75
2024-02-17 02:00:00,1.9915,2.0001,1.9851,1.9917,255400.52
2024-02-17 03:00:00,1.9917,1.998,1.9895,1.9955,56898.13
2024-02-17 04:00:00,1.9955,2.0,1.9902,1.995,31404.65
2024-02-17 05:00:00,1.995,1.9968,1.977,1.9835,126339.06
2024-02-17 06:00:00,1.9835,1.9869,1.9736,1.9764,151330.51
2024-02-17 07:00:00,1.9764,1.9814,1.9745,1.977,94367.59
2024-02-17 08:00:00,1.977,1.9773,1.957,1.9592,205496.0
2024-02-17 09:00:00,1.9592,1.964,1.9486,1.9504,324768.36
2024-02-17 10:00:00,1.9504,1.9593,1.9428,1.9589,283785.96
2024-02-17 11:00:00,1.9589,1.963,1.9559,1.9576,185706.09
2024-02-17 12:00:00,1.9576,1.9622,1.949,1.9589,103197.31
2024-02-17 13:00:00,1.9589,1.959,1.9221,1.9319,450018.21
2024-02-17 14:00:00,1.9319,1.9415,1.902,1.9259,752758.61
2024-02-17 15:00:00,1.9259,1.9422,1.9195,1.9405,241701.66
2024-02-17 16:00:00,1.9405,1.9514,1.9307,1.9505,116330.66
2024-02-17 17:00:00,1.9505,1.9575,1.9488,1.9544,148760.55
2024-02-17 18:00:00,1.9544,1.9559,1.9505,1.9546,34790.26
2024-02-17 19:00:00,1.9546,1.9629,1.9523,1.9591,124524.03
2024-02-17 20:00:00,1.9591,1.9657,1.957,1.9633,54990.31
2024-02-17 21:00:00,1.9633,1.9778,1.9587,1.9693,126311.8
2024-02-17 22:00:00,1.9693,1.9752,1.9656,1.9736,58031.81
2024-02-17 23:00:00,1.9736,1.9739,1.9661,1.9693,69780.61
2024-02-18 00:00:00,1.9693,1.9764,1.9615,1.9705,167766.5
2024-02-18 01:00:00,1.9705,1.979,1.9523,1.9566,137849.24
2024-02-18 02:00:00,1.9566,1.9612,1.9423,1.9481,168132.9
2024-02-18 03:00:00,1.9481,1.9592,1.9462,1.9592,68827.96
2024-02-18 04:00:00,1.9592,1.9756,1.9586,1.9725,115644.63
2024-02-18 05:00:00,1.9725,1.9883,1.972,1.9856,232531.91
2024-02-18 06:00:00,1.9856,1.9873,1.9697,1.9816,260588.98
2024-02-18 07:00:00,1.9816,2.009,1.9753,2.0059,267692.95
2024-02-18 08:00:00,2.0059,2.01,1.9957,2.0042,149678.81
2024-02-18 09:00:00,2.0042,2.0192,2.0022,2.0189,262701.57
2024-02-18 10:00:00,2.0189,2.0212,2.0071,2.0156,318972.61
2024-02-18 11:00:00,2.0156,2.0156,2.0008,2.0079,171682.22
2024-02-18 12:00:00,2.0079,2.0217,1.9927,1.9978,299578.82
2024-02-18 13:00:00,1.9978,2.0057,1.9954,1.9975,174866.0
2024-02-18 14:00:00,1.9975,2.0257,1.9962,2.02,381163.47
2024-02-18 15:00:00,2.02,2.02,2.0053,2.0147,151721.71
2024-02-18 16:00:00,2.0147,2.0152,2.0009,2.0139,195636.48
2024-02-18 17:00:00,2.0139,2.0267,2.0115,2.0127,280512.86
2024-02-18 18:00:00,2.0127,2.0196,2.0006,2.018,167812.73
2024-02-18 19:00:00,2.018,2.025,2.0082,2.0121,176253.53
2024-02-18 20:00:00,2.0121,2.017,1.9984,2.0079,154057.11
2024-02-18 21:00:00,2.0079,2.0226,2.0042,2.0188,113025.8
2024-02-18 22:00:00,2.0188,2.05,2.0164,2.0403,386720.74
2024-02-18 23:00:00,2.0403,2.0518,2.0283,2.0391,221048.92
2024-02-19 00:00:00,2.0391,2.0475,2.0302,2.0322,230034.4
2024-02-19 01:00:00,2.0322,2.0322,2.0167,2.0214,203824.95
2024-02-19 02:00:00,2.0214,2.0416,2.0211,2.0364,96477.52
2024-02-19 03:00:00,2.0364,2.0393,2.0248,2.0354,116531.14
2024-02-19 04:00:00,2.0354,2.0517,2.032,2.05,155545.17
2024-02-19 05:00:00,2.05,2.0536,2.0288,2.0532,181042.01
2024-02-19 06:00:00,2.0532,2.0919,2.0522,2.0749,487223.12
2024-02-19 07:00:00,2.0749,2.0998,2.0724,2.0939,347487.35
2024-02-19 08:00:00,2.0939,2.0947,2.0578,2.0624,239545.97
2024-02-19 09:00:00,2.0624,2.0746,2.0596,2.0648,340732.58
2024-02-19 10:00:00,2.0648,2.0713,2.0506,2.067,253156.19
2024-02-19 11:00:00,2.067,2.0811,2.065,2.0768,172272.52
2024-02-19 12:00:00,2.0768,2.0768,2.0576,2.0577,154924.94
2024-02-19 13:00:00,2.0577,2.0712,2.0358,2.0389,335134.11
2024-02-19 14:00:00,2.0389,2.0458,2.025,2.0424,441478.92
2024-02-19 15:00:00,2.0424,2.0569,2.0339,2.0423,206984.0
2024-02-19 16:00:00,2.0423,2.0614,2.0217,2.03,352824.18
2024-02-19 17:00:00,2.03,2.0563,2.0147,2.0563,363858.26
2024-02-19 18:00:00,2.0563,2.0741,2.0504,2.0506,203477.07
2024-02-19 19:00:00,2.0506,2.0528,2.0412,2.0488,90661.82
2024-02-19 20:00:00,2.0488,2.0524,2.0408,2.0429,126126.44
2024-02-19 21:00:00,2.0429,2.0653,2.04,2.0652,156170.6
2024-02-19 22:00:00,2.0652,2.0817,2.062,2.0689,245168.4
2024-02-19 23:00:00,2.0689,2.0715,2.0474,2.0545,136222.86
2024-02-20 00:00:00,2.0545,2.0633,2.0215,2.0256,272209.16
2024-02-20 01:00:00,2.0256,2.035,1.9984,2.0139,392953.27
2024-02-20 02:00:00,2.0139,2.0221,2.0107,2.0195,82925.31
2024-02-20 03:00:00,2.0195,2.0235,1.9832,1.9851,330088.3
2024-02-20 04:00:00,1.9851,2.006,1.9787,2.0046,396035.41
2024-02-20 05:00:00,2.0046,2.016,2.0,2.0133,94588.72
2024-02-20 06:00:00,2.0133,2.0223,2.0077,2.0198,204247.27
2024-02-20 07:00:00,2.0198,2.0204,2.0084,2.0101,101198.18
2024-02-20 08:00:00,2.0101,2.0131,1.9832,1.9969,280089.41
2024-02-20 09:00:00,1.9969,2.0012,1.96,1.9775,523243.86
2024-02-20 10:00:00,1.9775,1.9969,1.9772,1.9922,220878.02
2024-02-20 11:00:00,1.9922,2.0068,1.9922,2.0032,204832.21
2024-02-20 12:00:00,2.0032,2.0101,1.9828,1.9844,206786.1
2024-02-20 13:00:00,1.9844,2.0705,1.9761,2.0705,924984.29
2024-02-20 14:00:00,2.0705,2.09,1.981,2.005,1204242.88
2024-02-20 15:00:00,2.005,2.0055,1.909,1.9567,1103105.63
2024-02-20 16:00:00,1.9567,1.9675,1.916,1.9217,251884.82
2024-02-20 17:00:00,1.9217,1.9351,1.8993,1.9255,561899.25
2024-02-20 18:00:00,1.9255,1.9405,1.9162,1.935,183482.83
2024-02-20 19:00:00,1.935,1.9691,1.9262,1.9671,307536.48
2024-02-20 20:00:00,1.9671,1.9707,1.9531,1.9692,273628.55
2024-02-20 21:00:00,1.9692,1.981,1.9626,1.9701,191103.58
2024-02-20 22:00:00,1.9701,1.9837,1.9689,1.9832,167919.87
2024-02-20 23:00:00,1.9832,2.0264,1.9819,2.0098,880698.08
2024-02-21 00:00:00,2.0098,2.0181,1.9877,1.9897,436069.28
2024-02-21 01:00:00,1.9897,1.995,1.9752,1.9783,169506.83
2024-02-21 02:00:00,1.9783,1.9817,1.9585,1.9608,185496.05
2024-02-21 03:00:00,1.9608,1.9694,1.9463,1.9521,254398.55
2024-02-21 04:00:00,1.9521,1.956,1.9152,1.9287,648655.27
2024-02-21 05:00:00,1.9287,1.9439,1.9218,1.9255,443469.47
2024-02-21 06:00:00,1.9255,1.9324,1.9018,1.902,572992.61
2024-02-21 07:00:00,1.902,1.9032,1.8777,1.8931,753855.42
2024-02-21 08:00:00,1.8931,1.9082,1.89,1.8991,269724.07
2024-02-21 09:00:00,1.8991,1.8993,1.8354,1.8465,867161.1
2024-02-21 10:00:00,1.8465,1.8645,1.8306,1.8596,466549.79
2024-02-21 11:00:00,1.8596,1.8743,1.8352,1.8434,466561.7
2024-02-21 12:00:00,1.8434,1.872,1.8267,1.8698,507707.3
2024-02-21 13:00:00,1.8698,1.8787,1.832,1.8466,326912.54
2024-02-21 14:00:00,1.8466,1.8542,1.8223,1.8384,486087.1
2024-02-21 15:00:00,1.8384,1.8568,1.8288,1.8428,299406.48
2024-02-21 16:00:00,1.8428,1.8559,1.83,1.8502,209875.59
2024-02-21 17:00:00,1.8502,1.8535,1.8203,1.8222,268600.13
2024-02-21 18:00:00,1.8222,1.8299,1.804,1.8257,386633.46
2024-02-21 19:00:00,1.8257,1.8397,1.8178,1.8359,150590.21
2024-02-21 20:00:00,1.8359,1.8375,1.8235,1.829,175261.4
2024-02-21 21:00:00,1.829,1.8554,1.8261,1.8551,200630.05
2024-02-21 22:00:00,1.8551,1.8579,1.8384,1.8565,142266.74
2024-02-21 23:00:00,1.8565,1.8832,1.8565,1.8772,256576.29
2024-02-22 00:00:00,1.8772,1.8772,1.8424,1.8445,277268.42
2024-02-22 01:00:00,1.8445,1.8537,1.7869,1.7923,696146.6
2024-02-22 02:00:00,1.7923,1.815,1.7892,1.8094,365056.85
2024-02-22 03:00:00,1.8094,1.8318,1.8042,1.8232,299933.71
2024-02-22 04:00:00,1.8232,1.8311,1.815,1.8194,164185.47
2024-02-22 05:00:00,1.8194,1.8351,1.8172,1.8266,201893.67
2024-02-22 06:00:00,1.8266,1.8523,1.8238,1.8493,183392.04
2024-02-22 07:00:00,1.8493,1.8727,1.8407,1.8702,298921.54
2024-02-22 08:00:00,1.8702,1.8917,1.8642,1.8843,672633.59
2024-02-22 09:00:00,1.8843,1.8962,1.8722,1.8921,305036.89
2024-02-22 10:00:00,1.8921,1.8947,1.8475,1.8582,443836.17
2024-02-22 11:00:00,1.8582,1.8604,1.8428,1.8581,290884.18
2024-02-22 12:00:00,1.8581,1.8692,1.8433,1.8539,196422.48
2024-02-22 13:00:00,1.8539,1.8553,1.8152,1.8328,444654.46
2024-02-22 14:00:00,1.8328,1.8485,1.8275,1.8454,191077.19
2024-02-22 15:00:00,1.8454,1.859,1.8372,1.8554,263894.41
2024-02-22 16:00:00,1.8554,1.8585,1.8338,1.8412,331139.7
2024-02-22 17:00:00,1.8412,1.8545,1.8405,1.8496,194368.08
2024-02-22 18:00:00,1.8496,1.8614,1.8393,1.8577,109353.58
2024-02-22 19:00:00,1.8577,1.8577,1.8388,1.8427,103768.57
2024-02-22 20:00:00,1.8427,1.8718,1.8397,1.8603,143842.04
2024-02-22 21:00:00,1.8603,1.8617,1.8239,1.8312,131824.47
2024-02-22 22:00:00,1.8312,1.8384,1.8128,1.8257,251100.64
2024-02-22 23:00:00,1.8257,1.83,1.8054,1.8068,142652.05
2024-02-23 00:00:00,1.8068,1.828,1.8045,1.8251,143689.19
2024-02-23 01:00:00,1.8251,1.8288,1.7909,1.7913,684269.32
2024-02-23 02:00:00,1.7913,1.8008,1.7646,1.7714,618458.19
2024-02-23 03:00:00,1.7714,1.7725,1.7543,1.7725,388768.3
2024-02-23 04:00:00,1.7725,1.7797,1.7583,1.7766,178453.7
2024-02-23 05:00:00,1.7766,1.7873,1.7753,1.7863,142901.06
2024-02-23 06:00:00,1.7863,1.7929,1.7827,1.7921,93353.99
2024-02-23 07:00:00,1.7921,1.7921,1.765,1.7721,306356.82
2024-02-23 08:00:00,1.7721,1.7844,1.755,1.7664,240765.5
2024-02-23 09:00:00,1.7664,1.7804,1.7613,1.779,166644.17
2024-02-23 10:00:00,1.779,1.7839,1.7729,1.7824,73030.84
2024-02-23 11:00:00,1.7824,1.787,1.7775,1.7823,156016.41
2024-02-23 12:00:00,1.7823,1.7825,1.765,1.7699,186772.09
2024-02-23 13:00:00,1.7699,1.7928,1.7695,1.7897,166603.1
2024-02-23 14:00:00,1.7897,1.8007,1.7732,1.7914,324484.25
2024-02-23 15:00:00,1.7914,1.7935,1.7594,1.7633,337777.43
2024-02-23 16:00:00,1.7633,1.777,1.7381,1.7741,716220.21
2024-02-23 17:00:00,1.7741,1.7932,1.7728,1.7902,255145.32
2024-02-23 18:00:00,1.7902,1.795,1.7783,1.7912,141095.04
2024-02-23 19:00:00,1.7912,1.7992,1.7871,1.7951,105665.28
2024-02-23 20:00:00,1.7951,1.808,1.7902,1.8045,123243.73
2024-02-23 21:00:00,1.8045,1.8159,1.7996,1.8044,350541.73
2024-02-23 22:00:00,1.8044,1.8119,1.7848,1.7878,297913.22
2024-02-23 23:00:00,1.7878,1.8178,1.7674,1.7987,567819.67
2024-02-24 00:00:00,1.7987,1.8035,1.7755,1.7949,226914.02
2024-02-24 01:00:00,1.7949,1.7956,1.7512,1.7546,215028.4
2024-02-24 02:00:00,1.7546,1.7869,1.7542,1.7869,105260.78
2024-02-24 03:00:00,1.7869,1.8017,1.7801,1.8006,87692.81
2024-02-24 04:00:00,1.8006,1.816,1.798,1.8079,152009.46
2024-02-24 05:00:00,1.8079,1.8128,1.8004,1.8094,120389.72
2024-02-24 06:00:00,1.8094,1.813,1.8039,1.8084,99498.7
2024-02-24 07:00:00,1.8084,1.828,1.8038,1.8223,170981.04
2024-02-24 08:00:00,1.8223,1.8277,1.8135,1.8143,194690.75
2024-02-24 09:00:00,1.8143,1.829,1.8128,1.8286,223234.78
2024-02-24 10:00:00,1.8286,1.8366,1.8251,1.8312,222707.69
2024-02-24 11:00:00,1.8312,1.8447,1.8243,1.84,269833.13
2024-02-24 12:00:00,1.84,1.8422,1.828,1.8334,139019.55
2024-02-24 13:00:00,1.8334,1.84,1.8272,1.8346,116431.28
2024-02-24 14:00:00,1.8346,1.8353,1.8193,1.8292,186754.03
2024-02-24 15:00:00,1.8292,1.8315,1.8207,1.8211,54395.43
2024-02-24 16:00:00,1.8211,1.8406,1.8198,1.8384,125442.4
2024-02-24 17:00:00,1.8384,1.8529,1.8368,1.8427,227234.95
2024-02-24 18:00:00,1.8427,1.8495,1.8353,1.8384,120319.31
2024-02-24 19:00:00,1.8384,1.8484,1.837,1.8464,89469.8
2024-02-24 20:00:00,1.8464,1.8479,1.8378,1.8467,120342.23
2024-02-24 21:00:00,1.8467,1.8503,1.8394,1.8467,169761.07
2024-02-24 22:00:00,1.8467,1.851,1.84,1.8408,186141.23
2024-02-24 23:00:00,1.8408,1.8483,1.8373,1.8447,72723.98
2024-02-25 00:00:00,1.8447,1.8503,1.8296,1.8489,459035.94
2024-02-25 01:00:00,1.8489,1.8587,1.8421,1.8585,81553.91
2024-02-25 02:00:00,1.8585,1.8722,1.8546,1.8699,135952.91
2024-02-25 03:00:00,1.8699,1.878,1.8549,1.8696,229429.52
2024-02-25 04:00:00,1.8696,1.8696,1.8511,1.8585,248461.24
2024-02-25 05:00:00,1.8585,1.8713,1.8541,1.8689,109378.97
2024-02-25 06:00:00,1.8689,1.8841,1.8652,1.8683,219746.14
2024-02-25 07:00:00,1.8683,1.871,1.8603,1.862,225792.67
2024-02-25 08:00:00,1.862,1.8717,1.8512,1.8528,351157.7
2024-02-25 09:00:00,1.8528,1.8559,1.8465,1.851,221543.95
2024-02-25 10:00:00,1.851,1.8565,1.8476,1.8499,75246.98
2024-02-25 11:00:00,1.8499,1.8749,1.8476,1.8713,231758.67
2024-02-25 12:00:00,1.8713,1.8798,1.8593,1.8715,161202.08
2024-02-25 13:00:00,1.8715,1.8724,1.8538,1.8587,251621.43
2024-02-25 14:00:00,1.8587,1.888,1.8583,1.8868,302097.39
2024-02-25 15:00:00,1.8868,1.8903,1.8646,1.8692,257613.39
2024-02-25 16:00:00,1.8692,1.8749,1.8552,1.8584,267489.65
2024-02-25 17:00:00,1.8584,1.8754,1.8574,1.8709,99552.68
2024-02-25 18:00:00,1.8709,1.8748,1.8628,1.8741,93817.79
2024-02-25 19:00:00,1.8741,1.8866,1.8701,1.8819,193381.89
2024-02-25 20:00:00,1.8819,1.8977,1.881,1.8834,295362.48
2024-02-25 21:00:00,1.8834,1.8881,1.879,1.883,286839.1
2024-02-25 22:00:00,1.883,1.8998,1.8793,1.891,187013.54
2024-02-25 23:00:00,1.891,1.9053,1.8838,1.9052,159093.1
2024-02-26 00:00:00,1.9052,1.917,1.8939,1.9013,350226.09
2024-02-26 01:00:00,1.9013,1.9055,1.889,1.8908,192173.69
2024-02-26 02:00:00,1.8908,1.893,1.88,1.8815,199253.87
2024-02-26 03:00:00,1.8815,1.8961,1.871,1.8961,139736.51
2024-02-26 04:00:00,1.8961,1.8972,1.8791,1.8824,108322.77
2024-02-26 05:00:00,1.8824,1.8832,1.8712,1.8791,155344.68
2024-02-26 06:00:00,1.8791,1.8803,1.8705,1.8761,190460.44
2024-02-26 07:00:00,1.8761,1.8763,1.8465,1.8501,423367.65
2024-02-26 08:00:00,1.8501,1.8623,1.8493,1.8506,152694.0
2024-02-26 09:00:00,1.8506,1.8506,1.8072,1.8103,570788.17
2024-02-26 10:00:00,1.8103,1.83,1.8098,1.8179,311253.54
2024-02-26 11:00:00,1.8179,1.8283,1.8078,1.8224,243442.49
2024-02-26 12:00:00,1.8224,1.8331,1.8134,1.8313,294024.4
2024-02-26 13:00:00,1.8313,1.845,1.827,1.8322,275663.53
2024-02-26 14:00:00,1.8322,1.8629,1.8314,1.8621,245068.54
2024-02-26 15:00:00,1.8621,1.8871,1.858,1.8871,427369.67
2024-02-26 16:00:00,1.8871,1.9026,1.8799,1.8959,425843.85
2024-02-26 17:00:00,1.8959,1.9152,1.8945,1.9048,447631.07
2024-02-26 18:00:00,1.9048,1.906,1.8846,1.8889,222289.58
2024-02-26 19:00:00,1.8889,1.9132,1.878,1.9132,334890.17
2024-02-26 20:00:00,1.9132,1.9476,1.9107,1.9437,510133.85
2024-02-26 21:00:00,1.9437,1.9544,1.9384,1.9539,260397.32
2024-02-26 22:00:00,1.9539,1.9557,1.9355,1.9408,225959.31
2024-02-26 23:00:00,1.9408,1.9408,1.9254,1.9282,137323.41
2024-02-27 00:00:00,1.9282,1.9297,1.9073,1.9122,324523.39
2024-02-27 01:00:00,1.9122,1.9445,1.9089,1.9329,245051.12
2024-02-27 02:00:00,1.9329,1.9558,1.927,1.9407,666635.77
2024-02-27 03:00:00,1.9407,1.9466,1.9037,1.9115,398238.72
2024-02-27 04:00:00,1.9115,1.9293,1.9091,1.9189,204357.75
2024-02-27 05:00:00,1.9189,1.9314,1.9166,1.9253,133396.95
2024-02-27 06:00:00,1.9253,1.9351,1.9246,1.9291,212039.0
2024-02-27 07:00:00,1.9291,1.9291,1.9048,1.9088,295408.22
2024-02-27 08:00:00,1.9088,1.9235,1.9081,1.9169,202924.57
2024-02-27 09:00:00,1.9169,1.9389,1.9143,1.9361,216215.58
2024-02-27 10:00:00,1.9361,1.9448,1.9288,1.9419,218100.82
2024-02-27 11:00:00,1.9419,1.9474,1.9327,1.9431,165238.68
2024-02-27 12:00:00,1.9431,1.9555,1.9331,1.9363,284833.04
2024-02-27 13:00:00,1.9363,1.9433,1.915,1.9333,304052.52
2024-02-27 14:00:00,1.9333,1.9338,1.9078,1.9136,548319.0
2024-02-27 15:00:00,1.9136,1.9178,1.8758,1.8874,507568.86
2024-02-27 16:00:00,1.8874,1.9012,1.866,1.8927,364943.41
2024-02-27 17:00:00,1.8927,1.8995,1.8788,1.8842,129911.83
2024-02-27 18:00:00,1.8842,1.8959,1.8785,1.8858,129463.4
2024-02-27 19:00:00,1.8858,1.89,1.8755,1.8865,138582.03
2024-02-27 20:00:00,1.8865,1.8931,1.8728,1.8922,194060.66
2024-02-27 21:00:00,1.8922,1.8983,1.8812,1.898,159229.43
2024-02-27 22:00:00,1.898,1.9111,1.8963,1.8993,130248.17
2024-02-27 23:00:00,1.8993,1.9021,1.8918,1.8965,64990.33
2024-02-28 00:00:00,1.8965,1.9053,1.8858,1.9008,85187.36
2024-02-28 01:00:00,1.9008,1.9019,1.8788,1.8807,160073.58
2024-02-28 02:00:00,1.8807,1.8853,1.8759,1.8795,99088.24
2024-02-28 03:00:00,1.8795,1.8795,1.8557,1.8584,325343.33
2024-02-28 04:00:00,1.8584,1.8775,1.8543,1.8734,244029.8
2024-02-28 05:00:00,1.8734,1.8803,1.8688,1.8699,125611.55
2024-02-28 06:00:00,1.8699,1.8774,1.8622,1.8737,124193.62
2024-02-28 07:00:00,1.8737,1.8962,1.8694,1.8894,205829.27
2024-02-28 08:00:00,1.8894,1.8959,1.8775,1.893,283714.29
2024-02-28 09:00:00,1.893,1.943,1.8713,1.9318,620976.11
2024-02-28 10:00:00,1.9318,1.9417,1.9116,1.9395,402246.78
2024-02-28 11:00:00,1.9395,1.947,1.8658,1.892,856945.54
2024-02-28 12:00:00,1.892,1.9154,1.8902,1.9094,418398.17
2024-02-28 13:00:00,1.9094,1.9288,1.9085,1.9273,472848.42
2024-02-28 14:00:00,1.9273,1.935,1.9023,1.9177,328653.45
2024-02-28 15:00:00,1.9177,1.9239,1.9031,1.9137,196548.04
2024-02-28 16:00:00,1.9137,1.9683,1.9124,1.9622,502823.25
2024-02-28 17:00:00,1.9622,1.9827,1.79,1.8852,3275269.46
2024-02-28 18:00:00,1.8852,1.8926,1.8034,1.8795,1052347.88
2024-02-28 19:00:00,1.8795,1.8862,1.8606,1.8713,247548.4
2024-02-28 20:00:00,1.8713,1.8751,1.8497,1.87,241497.54
2024-02-28 21:00:00,1.87,1.8936,1.8592,1.8905,177833.27
2024-02-28 22:00:00,1.8905,1.91,1.8904,1.8959,306649.13
2024-02-28 23:00:00,1.8959,1.9082,1.8957,1.9009,182118.28
2024-02-29 00:00:00,1.9009,1.985,1.8831,1.985,891023.21
2024-02-29 01:00:00,1.985,1.9868,1.9617,1.9868,438330.41
2024-02-29 02:00:00,1.9868,1.9929,1.9589,1.9644,279215.53
2024-02-29 03:00:00,1.9644,1.9739,1.9524,1.9614,264891.7
2024-02-29 04:00:00,1.9614,1.992,1.9501,1.9865,306614.51
2024-02-29 05:00:00,1.9865,2.0423,1.9778,2.0293,530197.99
2024-02-29 06:00:00,2.0293,2.03,2.0008,2.0127,413043.37
2024-02-29 07:00:00,2.0127,2.017,1.9849,2.0124,483333.22
2024-02-29 08:00:00,2.0124,2.0398,2.0075,2.0264,464684.56
2024-02-29 09:00:00,2.0264,2.0394,2.0004,2.0121,450962.28
2024-02-29 10:00:00,2.0121,2.0127,1.9849,2.0053,355374.55
2024-02-29 11:00:00,2.0053,2.0234,1.9972,2.0064,335765.22
2024-02-29 12:00:00,2.0064,2.0078,1.9793,1.9896,252741.64
2024-02-29 13:00:00,1.9896,2.0104,1.98,1.9974,239220.94
2024-02-29 14:00:00,1.9974,2.0074,1.977,1.9888,327436.26
2024-02-29 15:00:00,1.9888,1.9995,1.9799,1.9992,207985.77
2024-02-29 16:00:00,1.9992,2.0079,1.9388,1.9754,950543.72
2024-02-29 17:00:00,1.9754,1.9844,1.9346,1.9622,611279.69
2024-02-29 18:00:00,1.9622,2.092,1.957,2.0357,1917306.64
2024-02-29 19:00:00,2.0357,2.0469,2.0181,2.0396,435651.36
2024-02-29 20:00:00,2.0396,2.0556,2.02,2.02,242086.97
2024-02-29 21:00:00,2.02,2.0244,1.9498,1.9698,578521.47
2024-02-29 22:00:00,1.9698,1.9757,1.9088,1.9322,561992.31
2024-02-29 23:00:00,1.9322,1.9532,1.9322,1.9448,160973.12
2024-03-01 00:00:00,1.9448,1.9776,1.9433,1.9769,314829.04
2024-03-01 01:00:00,1.9769,1.9988,1.9649,1.9928,319435.22
2024-03-01 02:00:00,1.9928,1.9996,1.9706,1.9873,175951.79
2024-03-01 03:00:00,1.9873,1.9964,1.9736,1.9785,171938.96
2024-03-01 04:00:00,1.9785,1.9837,1.9703,1.9762,118041.02
2024-03-01 05:00:00,1.9762,1.9825,1.9724,1.9751,96547.82
2024-03-01 06:00:00,1.9751,1.9898,1.9714,1.9846,113114.69
2024-03-01 07:00:00,1.9846,1.9927,1.9642,1.971,152008.13
2024-03-01 08:00:00,1.971,2.0071,1.961,2.0,234862.16
2024-03-01 09:00:00,2.0,2.0147,1.9992,2.0068,199175.85
2024-03-01 10:00:00,2.0068,2.0068,1.9863,1.9866,291041.98
2024-03-01 11:00:00,1.9866,1.9897,1.9691,1.9805,191597.94
2024-03-01 12:00:00,1.9805,1.992,1.9738,1.9831,194183.02
2024-03-01 13:00:00,1.9831,1.9972,1.9807,1.9904,205905.55
2024-03-01 14:00:00,1.9904,2.0013,1.9585,1.9749,367264.44
2024-03-01 15:00:00,1.9749,1.9773,1.9406,1.9501,465221.32
2024-03-01 16:00:00,1.9501,1.9624,1.9422,1.9442,212776.47
2024-03-01 17:00:00,1.9442,1.9814,1.9441,1.9795,148730.53
2024-03-01 18:00:00,1.9795,1.9811,1.9675,1.9797,89254.77
2024-03-01 19:00:00,1.9797,1.9836,1.9683,1.9783,72896.23
2024-03-01 20:00:00,1.9783,1.9883,1.9693,1.9879,101831.36
2024-03-01 21:00:00,1.9879,1.988,1.9751,1.9878,96373.01
2024-03-01 22:00:00,1.9878,1.9961,1.986,1.9931,165375.2
2024-03-01 23:00:00,1.9931,1.9954,1.981,1.9875,148837.21
2024-03-02 00:00:00,1.9875,1.9999,1.9841,1.998,248773.14
2024-03-02 01:00:00,1.998,1.998,1.951,1.979,451006.0
2024-03-02 02:00:00,1.979,1.9833,1.9692,1.9728,212377.44
2024-03-02 03:00:00,1.9728,1.9961,1.965,1.9961,91922.64
2024-03-02 04:00:00,1.9961,2.0012,1.983,1.9835,128560.97
2024-03-02 05:00:00,1.9835,1.9856,1.9616,1.9757,134025.8
2024-03-02 06:00:00,1.9757,2.0012,1.9743,1.9914,74772.16
2024-03-02 07:00:00,1.9914,1.994,1.9747,1.9904,89566.15
2024-03-02 08:00:00,1.9904,1.9904,1.9558,1.9776,241542.15
2024-03-02 09:00:00,1.9776,1.9834,1.9542,1.9634,153734.82
2024-03-02 10:00:00,1.9634,1.9758,1.9602,1.964,85715.67
2024-03-02 11:00:00,1.964,1.9736,1.961,1.961,108675.62
2024-03-02 12:00:00,1.961,1.995,1.9598,1.9876,165442.25
2024-03-02 13:00:00,1.9876,1.9908,1.975,1.9794,118019.6
2024-03-02 14:00:00,1.9794,1.9816,1.9581,1.9734,211679.38
2024-03-02 15:00:00,1.9734,1.9804,1.965,1.9693,95840.66
2024-03-02 16:00:00,1.9693,1.9955,1.9688,1.9867,255762.86
2024-03-02 17:00:00,1.9867,1.997,1.9751,1.987,175811.09
2024-03-02 18:00:00,1.987,2.0001,1.9856,1.9986,80334.24
2024-03-02 19:00:00,1.9986,2.01,1.9925,2.0093,174690.82
2024-03-02 20:00:00,2.0093,2.0155,1.9858,1.9992,127152.65
2024-03-02 21:00:00,1.9992,2.0078,1.9964,2.0046,80986.49
2024-03-02 22:00:00,2.0046,2.0194,1.9969,2.0072,105652.23
2024-03-02 23:00:00,2.0072,2.0276,2.0072,2.0272,98526.64
2024-03-03 00:00:00,2.0272,2.0976,2.012,2.0975,1061473.7
2024-03-03 01:00:00,2.0975,2.1023,2.0712,2.1012,696422.07
2024-03-03 02:00:00,2.1012,2.1036,2.071,2.0947,219963.2
2024-03-03 03:00:00,2.0947,2.1351,2.0917,2.1269,354258.53
2024-03-03 04:00:00,2.1269,2.1698,2.1216,2.1653,193281.61
2024-03-03 05:00:00,2.1653,2.1977,2.1351,2.1377,372026.17
2024-03-03 06:00:00,2.1377,2.1459,2.1058,2.1116,419273.02
2024-03-03 07:00:00,2.1116,2.1228,1.8303,2.0364,3389367.38
2024-03-03 08:00:00,2.0364,2.0622,2.0109,2.0584,754505.31
2024-03-03 09:00:00,2.0584,2.082,2.0546,2.0601,387108.78
2024-03-03 10:00:00,2.0601,2.064,2.0428,2.0492,285699.53
2024-03-03 11:00:00,2.0492,2.0904,2.0419,2.0876,388233.56
2024-03-03 12:00:00,2.0876,2.1127,2.0619,2.0636,587118.87
2024-03-03 13:00:00,2.0636,2.0796,2.0469,2.0619,354961.82
2024-03-03 14:00:00,2.0619,2.081,2.053,2.0701,318030.89
2024-03-03 15:00:00,2.0701,2.0882,2.0641,2.0652,300696.61
2024-03-03 16:00:00,2.0652,2.0966,2.0484,2.0956,304510.33
2024-03-03 17:00:00,2.0956,2.0963,2.0689,2.0748,216593.94
2024-03-03 18:00:00,2.0748,2.0857,2.0669,2.0719,112755.69
2024-03-03 19:00:00,2.0719,2.081,2.0683,2.0706,111287.16
2024-03-03 20:00:00,2.0706,2.0756,2.0533,2.0591,149163.49
2024-03-03 21:00:00,2.0591,2.0654,2.0539,2.0581,111100.26
2024-03-03 22:00:00,2.0581,2.0766,2.0507,2.0616,237547.47
2024-03-03 23:00:00,2.0616,2.0636,2.0281,2.0451,388605.34
2024-03-04 00:00:00,2.0451,2.0731,2.0011,2.0306,831821.99
2024-03-04 01:00:00,2.0306,2.0381,2.0023,2.0035,317466.38
2024-03-04 02:00:00,2.0035,2.0108,1.9836,2.002,524162.62
2024-03-04 03:00:00,2.002,2.002,1.985,1.9931,135557.31
2024-03-04 04:00:00,1.9931,2.0049,1.9754,2.0043,206431.22
2024-03-04 05:00:00,2.0043,2.0065,1.9909,1.998,146602.08
2024-03-04 06:00:00,1.998,2.0062,1.993,2.0049,207749.86
2024-03-04 07:00:00,2.0049,2.0298,1.9976,2.0259,191184.06
2024-03-04 08:00:00,2.0259,2.046,2.0192,2.0287,223669.93
2024-03-04 09:00:00,2.0287,2.0306,2.005,2.0286,188551.67
2024-03-04 10:00:00,2.0286,2.0383,2.0002,2.0103,211521.58
2024-03-04 11:00:00,2.0103,2.0176,1.9978,2.0109,224957.13
2024-03-04 12:00:00,2.0109,2.0168,1.994,2.0124,185236.99
2024-03-04 13:00:00,2.0124,2.0151,1.9697,1.9801,283214.03
2024-03-04 14:00:00,1.9801,2.0036,1.9649,1.9955,332095.03
2024-03-04 15:00:00,1.9955,2.0161,1.9916,2.009,107498.0
2024-03-04 16:00:00,2.009,2.0123,1.9712,1.9712,312558.73
2024-03-04 17:00:00,1.9712,1.9814,1.927,1.927,674467.45
2024-03-04 18:00:00,1.927,1.9877,1.9192,1.9857,464179.54
2024-03-04 19:00:00,1.9857,1.9881,1.9679,1.9799,169440.46
2024-03-04 20:00:00,1.9799,1.9863,1.9649,1.9722,131627.39
2024-03-04 21:00:00,1.9722,1.9835,1.9613,1.9828,101543.75
2024-03-04 22:00:00,1.9828,1.9916,1.9706,1.9908,117406.75
2024-03-04 23:00:00,1.9908,1.9936,1.97,1.9822,207263.05
2024-03-05 00:00:00,1.9822,2.0013,1.9638,1.9838,443038.39
2024-03-05 01:00:00,1.9838,1.985,1.965,1.9717,328017.57
2024-03-05 02:00:00,1.9717,1.9721,1.924,1.9431,459036.77
2024-03-05 03:00:00,1.9431,2.0052,1.9344,2.0052,216749.58
2024-03-05 04:00:00,2.0052,2.1118,2.0047,2.0955,1401842.02
2024-03-05 05:00:00,2.0955,2.1824,2.0342,2.1468,1399125.57
2024-03-05 06:00:00,2.1468,2.1476,2.0946,2.1048,455694.23
2024-03-05 07:00:00,2.1048,2.1256,2.0793,2.0793,448831.39
2024-03-05 08:00:00,2.0793,2.124,2.0613,2.1135,449920.12
2024-03-05 09:00:00,2.1135,2.1255,2.0984,2.1254,326159.15
2024-03-05 10:00:00,2.1254,2.1369,2.1112,2.1299,380673.43
2024-03-05 11:00:00,2.1299,2.1531,2.121,2.1366,310645.29
2024-03-05 12:00:00,2.1366,2.1763,2.1366,2.1449,375979.59
2024-03-05 13:00:00,2.1449,2.1582,2.1245,2.134,423871.51
2024-03-05 14:00:00,2.134,2.1373,2.0771,2.0918,587524.29
2024-03-05 15:00:00,2.0918,2.1439,2.0512,2.1164,1664705.54
2024-03-05 16:00:00,2.1164,2.1291,1.98,2.072,2384817.58
2024-03-05 17:00:00,2.072,2.1004,2.0,2.0994,606616.99
2024-03-05 18:00:00,2.0994,2.1027,2.0484,2.0653,283960.56
2024-03-05 19:00:00,2.0653,2.0749,1.6948,1.8782,2919841.55
2024-03-05 20:00:00,1.8782,1.918,1.8284,1.8797,1377385.65
2024-03-05 21:00:00,1.8797,1.9604,1.8754,1.944,655839.86
2024-03-05 22:00:00,1.944,1.948,1.9028,1.9432,428310.37
2024-03-05 23:00:00,1.9432,1.9775,1.9398,1.9688,250064.73
2024-03-06 00:00:00,1.9688,2.0121,1.9636,1.9801,399888.97
2024-03-06 01:00:00,1.9801,2.0016,1.9454,1.952,441733.37
2024-03-06 02:00:00,1.952,1.9641,1.9213,1.9231,210726.32
2024-03-06 03:00:00,1.9231,1.9518,1.9231,1.946,122435.44
2024-03-06 04:00:00,1.946,1.9942,1.9447,1.99,260758.85
2024-03-06 05:00:00,1.99,2.05,1.988,2.0401,598433.54
2024-03-06 06:00:00,2.0401,2.0588,2.0252,2.056,289639.9
2024-03-06 07:00:00,2.056,2.086,2.0385,2.0835,457456.74
2024-03-06 08:00:00,2.0835,2.1488,2.0755,2.0998,900042.72
2024-03-06 09:00:00,2.0998,2.1122,2.0496,2.0561,410200.35
2024-03-06 10:00:00,2.0561,2.0848,2.0526,2.0712,248584.34
2024-03-06 11:00:00,2.0712,2.098,2.0685,2.0815,250697.61
2024-03-06 12:00:00,2.0815,2.0854,2.0005,2.0322,851348.01
2024-03-06 13:00:00,2.0322,2.0528,2.011,2.0425,318145.9
2024-03-06 14:00:00,2.0425,2.0572,2.01,2.0191,278020.03
2024-03-06 15:00:00,2.0191,2.026,1.98,2.0217,355050.49
2024-03-06 16:00:00,2.0217,2.0366,2.0053,2.0357,274722.58
2024-03-06 17:00:00,2.0357,2.0497,2.0203,2.0494,167314.52
2024-03-06 18:00:00,2.0494,2.0586,2.0284,2.0555,193437.76
2024-03-06 19:00:00,2.0555,2.0677,2.042,2.0486,319089.0
2024-03-06 20:00:00,2.0486,2.0531,2.0301,2.0475,261138.63
2024-03-06 21:00:00,2.0475,2.0652,2.0371,2.0635,171389.34
2024-03-06 22:00:00,2.0635,2.0693,2.0387,2.0539,234756.88
2024-03-06 23:00:00,2.0539,2.0649,2.042,2.0543,116163.88
2024-03-07 00:00:00,2.0543,2.0873,2.0448,2.0795,428594.0
2024-03-07 01:00:00,2.0795,2.1014,2.0347,2.0975,435736.39
2024-03-07 02:00:00,2.0975,2.1022,2.0572,2.0784,339193.18
2024-03-07 03:00:00,2.0784,2.0895,2.0476,2.0588,253682.38
2024-03-07 04:00:00,2.0588,2.0829,2.0435,2.0617,279611.3
2024-03-07 05:00:00,2.0617,2.076,2.02,2.0291,299116.8
2024-03-07 06:00:00,2.0291,2.0486,2.0158,2.0469,168474.8
2024-03-07 07:00:00,2.0469,2.0714,2.0458,2.0705,161043.66
2024-03-07 08:00:00,2.0705,2.0998,2.0669,2.0837,318530.8
2024-03-07 09:00:00,2.0837,2.1045,2.0751,2.0843,335987.03
2024-03-07 10:00:00,2.0843,2.0958,2.0684,2.0825,276097.58
2024-03-07 11:00:00,2.0825,2.0966,2.0639,2.088,487743.47
2024-03-07 12:00:00,2.088,2.0964,2.0752,2.0824,270745.74
2024-03-07 13:00:00,2.0824,2.133,2.0667,2.1304,388391.17
2024-03-07 14:00:00,2.1304,2.157,2.0851,2.1173,1008913.3
2024-03-07 15:00:00,2.1173,2.1779,2.094,2.1668,387378.57
2024-03-07 16:00:00,2.1668,2.1786,2.1209,2.135,408966.54
2024-03-07 17:00:00,2.135,2.1515,2.1291,2.1371,156073.69
2024-03-07 18:00:00,2.1371,2.149,2.1243,2.1479,272643.02
2024-03-07 19:00:00,2.1479,2.1483,2.1257,2.139,94288.38
2024-03-07 20:00:00,2.139,2.1856,2.133,2.1831,199912.5
2024-03-07 21:00:00,2.1831,2.1864,2.1477,2.1611,236831.67
2024-03-07 22:00:00,2.1611,2.172,2.1381,2.1502,225223.67
2024-03-07 23:00:00,2.1502,2.172,2.1454,2.1646,195413.49
2024-03-08 00:00:00,2.1646,2.2336,2.1646,2.2327,501860.15
2024-03-08 01:00:00,2.2327,2.2447,2.1951,2.1984,590265.83
2024-03-08 02:00:00,2.1984,2.2037,2.1648,2.1742,551663.21
2024-03-08 03:00:00,2.1742,2.1779,2.1606,2.1667,286559.99
2024-03-08 04:00:00,2.1667,2.1775,2.1534,2.1688,223516.58
2024-03-08 05:00:00,2.1688,2.1774,2.14,2.1625,268237.33
2024-03-08 06:00:00,2.1625,2.1853,2.1533,2.1848,200767.74
2024-03-08 07:00:00,2.1848,2.1876,2.1617,2.163,197574.36
2024-03-08 08:00:00,2.163,2.1993,2.1581,2.185,214288.73
2024-03-08 09:00:00,2.185,2.2041,2.1757,2.2002,204846.05
2024-03-08 10:00:00,2.2002,2.2115,2.1949,2.2081,182842.13
2024-03-08 11:00:00,2.2081,2.2214,2.1893,2.2136,381349.47
2024-03-08 12:00:00,2.2136,2.2377,2.2103,2.2356,405096.21
2024-03-08 13:00:00,2.2356,2.2765,2.2308,2.2433,630788.63
2024-03-08 14:00:00,2.2433,2.2722,2.2246,2.234,589337.46
2024-03-08 15:00:00,2.234,2.2361,2.0153,2.1376,3244455.26
2024-03-08 16:00:00,2.1376,2.1758,2.0915,2.1704,1010405.19
2024-03-08 17:00:00,2.1704,2.1947,2.161,2.1793,352109.56
2024-03-08 18:00:00,2.1793,2.1803,2.156,2.159,155250.64
2024-03-08 19:00:00,2.159,2.1697,2.1457,2.1551,140866.98
2024-03-08 20:00:00,2.1551,2.1676,2.1405,2.1491,290879.26
2024-03-08 21:00:00,2.1491,2.1538,2.1239,2.1267,222855.2
2024-03-08 22:00:00,2.1267,2.1403,2.1238,2.1293,92248.5
2024-03-08 23:00:00,2.1293,2.1445,2.1263,2.1344,175484.43
2024-03-09 00:00:00,2.1344,2.144,2.1267,2.1369,94833.96
2024-03-09 01:00:00,2.1369,2.1375,2.1137,2.132,277144.35
2024-03-09 02:00:00,2.132,2.141,2.1184,2.134,132463.99
2024-03-09 03:00:00,2.134,2.1489,2.132,2.1456,217976.66
2024-03-09 04:00:00,2.1456,2.1552,2.141,2.1548,122614.23
2024-03-09 05:00:00,2.1548,2.1559,2.1392,2.1517,125987.24
2024-03-09 06:00:00,2.1517,2.1622,2.1514,2.155,148024.38
2024-03-09 07:00:00,2.155,2.1647,2.1536,2.1536,176425.85
2024-03-09 08:00:00,2.1536,2.1643,2.1388,2.1405,185463.87
2024-03-09 09:00:00,2.1405,2.1506,2.1295,2.1401,200838.58
2024-03-09 10:00:00,2.1401,2.1412,2.1027,2.1278,503461.05
2024-03-09 11:00:00,2.1278,2.138,2.1197,2.1359,121831.16
2024-03-09 12:00:00,2.1359,2.1389,2.1207,2.1363,211336.87
2024-03-09 13:00:00,2.1363,2.147,2.1268,2.1392,251452.98
2024-03-09 14:00:00,2.1392,2.1453,2.1289,2.1322,278171.78
2024-03-09 15:00:00,2.1322,2.148,2.1284,2.1346,154060.26
2024-03-09 16:00:00,2.1346,2.1372,2.11,2.1149,358039.89
2024-03-09 17:00:00,2.1149,2.1225,2.1015,2.1143,283702.27
2024-03-09 18:00:00,2.1143,2.1195,2.1067,2.1136,85832.33
2024-03-09 19:00:00,2.1136,2.1172,2.0895,2.093,615339.64
2024-03-09 20:00:00,2.093,2.1053,2.0921,2.0927,139632.62
2024-03-09 21:00:00,2.0927,2.0961,2.0805,2.0866,247534.66
2024-03-09 22:00:00,2.0866,2.1004,2.071,2.0881,498628.83
2024-03-09 23:00:00,2.0881,2.0978,2.0845,2.0966,150917.72
2024-03-10 00:00:00,2.0966,2.1025,2.0736,2.0787,230682.32
2024-03-10 01:00:00,2.0787,2.0883,2.0659,2.0862,469736.63
2024-03-10 02:00:00,2.0862,2.088,2.0789,2.08,147515.6
2024-03-10 03:00:00,2.08,2.085,2.0742,2.075,137487.72
2024-03-10 04:00:00,2.075,2.0849,2.0691,2.0733,144860.27
2024-03-10 05:00:00,2.0733,2.0758,2.0629,2.0719,309985.86
2024-03-10 06:00:00,2.0719,2.0812,2.0675,2.0797,154586.56
2024-03-10 07:00:00,2.0797,2.1122,2.0775,2.1104,242452.18
2024-03-10 08:00:00,2.1104,2.1282,2.0982,2.1245,141427.69
2024-03-10 09:00:00,2.1245,2.1245,2.08,2.082,294253.25
2024-03-10 10:00:00,2.082,2.1135,2.0808,2.1074,285760.85
2024-03-10 11:00:00,2.1074,2.108,2.0842,2.0905,157632.87
2024-03-10 12:00:00,2.0905,2.1001,2.0562,2.0727,508132.4
2024-03-10 13:00:00,2.0727,2.081,2.0283,2.0421,734375.93
2024-03-10 14:00:00,2.0421,2.0509,2.0031,2.0433,701773.37
2024-03-10 15:00:00,2.0433,2.0559,2.0389,2.0501,188036.18
2024-03-10 16:00:00,2.0501,2.0711,2.0461,2.0622,208443.16
2024-03-10 17:00:00,2.0622,2.0701,2.0581,2.0627,116258.05
2024-03-10 18:00:00,2.0627,2.0662,2.0562,2.0573,187394.74
2024-03-10 19:00:00,2.0573,2.0607,2.0516,2.0599,78976.52
2024-03-10 20:00:00,2.0599,2.0647,2.0525,2.0602,63338.34
2024-03-10 21:00:00,2.0602,2.0623,2.0504,2.0518,41819.57
2024-03-10 22:00:00,2.0518,2.0533,1.9949,2.0151,603786.86
2024-03-10 23:00:00,2.0151,2.071,2.0136,2.0673,514926.83
2024-03-11 00:00:00,2.0673,2.0708,1.9451,2.0127,1123474.05
2024-03-11 01:00:00,2.0127,2.0389,1.9846,2.017,499496.19
2024-03-11 02:00:00,2.017,2.0311,2.0094,2.0208,155015.9
2024-03-11 03:00:00,2.0208,2.0379,2.02,2.031,141305.45
2024-03-11 04:00:00,2.031,2.038,2.0202,2.0241,150615.44
2024-03-11 05:00:00,2.0241,2.04,2.0225,2.0285,103805.3
2024-03-11 06:00:00,2.0285,2.0516,2.019,2.0516,208317.49
2024-03-11 07:00:00,2.0516,2.0853,2.0505,2.0795,560026.33
2024-03-11 08:00:00,2.0795,2.0892,2.0749,2.086,369935.05
2024-03-11 09:00:00,2.086,2.1068,2.0792,2.1051,378212.26
2024-03-11 10:00:00,2.1051,2.1058,2.0816,2.0871,282062.52
2024-03-11 11:00:00,2.0871,2.0944,2.0571,2.0701,508135.56
2024-03-11 12:00:00,2.0701,2.0919,2.0659,2.0858,362970.35
2024-03-11 13:00:00,2.0858,2.0875,2.0466,2.0554,487029.74
2024-03-11 14:00:00,2.0554,2.0664,2.0548,2.0604,232510.69
2024-03-11 15:00:00,2.0604,2.0752,2.0553,2.0553,232724.67
2024-03-11 16:00:00,2.0553,2.1472,2.0382,2.1075,1085622.3
2024-03-11 17:00:00,2.1075,2.1094,2.0658,2.0773,442115.81
2024-03-11 18:00:00,2.0773,2.1041,2.0716,2.0891,637333.96
2024-03-11 19:00:00,2.0891,2.0891,2.0683,2.0689,133149.53
2024-03-11 20:00:00,2.0689,2.0746,2.0619,2.0649,332652.73
2024-03-11 21:00:00,2.0649,2.0933,2.0618,2.0874,361382.79
2024-03-11 22:00:00,2.0874,2.0875,2.0702,2.081,162032.73
2024-03-11 23:00:00,2.081,2.09,2.08,2.0844,229572.74
2024-03-12 00:00:00,2.0844,2.1015,2.0782,2.0786,340282.99
2024-03-12 01:00:00,2.0786,2.0871,2.0742,2.0843,207669.09
2024-03-12 02:00:00,2.0843,2.0847,2.0724,2.081,121917.4
2024-03-12 03:00:00,2.081,2.0816,2.0201,2.0299,614601.96
2024-03-12 04:00:00,2.0299,2.0399,2.0124,2.0345,498078.4
2024-03-12 05:00:00,2.0345,2.05,2.0344,2.0449,166180.27
2024-03-12 06:00:00,2.0449,2.045,2.0087,2.0314,635676.5
2024-03-12 07:00:00,2.0314,2.0316,2.0105,2.0149,328899.36
2024-03-12 08:00:00,2.0149,2.0185,1.9605,1.9805,898406.48
2024-03-12 09:00:00,1.9805,2.0016,1.9787,1.997,213701.05
2024-03-12 10:00:00,1.997,1.9985,1.9831,1.9915,134949.85
2024-03-12 11:00:00,1.9915,2.0172,1.9899,1.9963,321067.36
2024-03-12 12:00:00,1.9963,2.0091,1.9677,2.0039,396589.53
2024-03-12 13:00:00,2.0039,2.0175,1.996,2.0076,251328.57
2024-03-12 14:00:00,2.0076,2.0262,1.9874,1.9893,311755.53
2024-03-12 15:00:00,1.9893,2.017,1.9748,2.0048,293602.65
2024-03-12 16:00:00,2.0048,2.0111,1.9555,1.9786,474552.56
2024-03-12 17:00:00,1.9786,2.002,1.9036,1.9988,1339715.66
2024-03-12 18:00:00,1.9988,2.0136,1.9886,2.0123,316620.05
2024-03-12 19:00:00,2.0123,2.0307,2.0041,2.0226,350019.08
2024-03-12 20:00:00,2.0226,2.0245,1.9966,2.0054,283119.44
2024-03-12 21:00:00,2.0054,2.0086,1.9985,2.0037,98329.02
2024-03-12 22:00:00,2.0037,2.01,1.9994,2.0062,187956.22
2024-03-12 23:00:00,2.0062,2.0207,2.0,2.0179,126336.71
2024-03-13 00:00:00,2.0179,2.0535,2.0179,2.0439,389258.03
2024-03-13 01:00:00,2.0439,2.0736,2.0384,2.0703,217355.56
2024-03-13 02:00:00,2.0703,2.0728,2.0614,2.0681,119469.47
2024-03-13 03:00:00,2.0681,2.0851,2.0601,2.0835,159482.61
2024-03-13 04:00:00,2.0835,2.1352,2.0794,2.1352,863869.2
2024-03-13 05:00:00,2.1352,2.1381,2.1073,2.1271,374457.94
2024-03-13 06:00:00,2.1271,2.16,2.1204,2.1578,633546.91
2024-03-13 07:00:00,2.1578,2.1982,2.1557,2.1676,702910.13
2024-03-13 08:00:00,2.1676,2.201,2.1595,2.1966,417827.5
2024-03-13 09:00:00,2.1966,2.2578,2.1914,2.2155,1061630.14
2024-03-13 10:00:00,2.2155,2.2281,2.169,2.1994,796470.22
2024-03-13 11:00:00,2.1994,2.2011,2.168,2.1743,390534.77
2024-03-13 12:00:00,2.1743,2.187,2.1571,2.1574,449231.33
2024-03-13 13:00:00,2.1574,2.1707,2.0966,2.1302,1126955.02
2024-03-13 14:00:00,2.1302,2.1725,2.1279,2.1421,783178.65
2024-03-13 15:00:00,2.1421,2.1717,2.1228,2.1403,553826.37
2024-03-13 16:00:00,2.1403,2.1715,2.1329,2.1458,473109.27
2024-03-13 17:00:00,2.1458,2.1559,2.1133,2.1178,374615.33
2024-03-13 18:00:00,2.1178,2.1371,2.1154,2.129,234965.77
2024-03-13 19:00:00,2.129,2.1292,2.1037,2.1149,271600.75
2024-03-13 20:00:00,2.1149,2.1196,2.0831,2.0944,578663.82
2024-03-13 21:00:00,2.0944,2.106,2.08,2.1036,277043.88
2024-03-13 22:00:00,2.1036,2.112,2.0959,2.1034,330137.21
2024-03-13 23:00:00,2.1034,2.1247,2.1034,2.1162,559305.03
2024-03-14 00:00:00,2.1162,2.1162,2.0721,2.075,503675.11
2024-03-14 01:00:00,2.075,2.1036,2.07,2.1012,319422.99
2024-03-14 02:00:00,2.1012,2.1165,2.0982,2.1104,211117.8
2024-03-14 03:00:00,2.1104,2.1176,2.0786,2.0861,375161.66
2024-03-14 04:00:00,2.0861,2.0883,2.0369,2.048,851970.8
2024-03-14 05:00:00,2.048,2.0663,2.0441,2.0614,229790.06
2024-03-14 06:00:00,2.0614,2.0755,2.0577,2.0643,239226.77
2024-03-14 07:00:00,2.0643,2.0662,2.051,2.0593,225014.17
2024-03-14 08:00:00,2.0593,2.072,2.0583,2.065,168574.43
2024-03-14 09:00:00,2.065,2.077,2.058,2.0657,332459.82
2024-03-14 10:00:00,2.0657,2.0658,2.035,2.0426,603914.57
2024-03-14 11:00:00,2.0426,2.0471,2.021,2.0343,867876.18
2024-03-14 12:00:00,2.0343,2.0413,2.0049,2.0266,538445.08
2024-03-14 13:00:00,2.0266,2.0295,1.9641,1.9906,1237637.9
2024-03-14 14:00:00,1.9906,2.0375,1.9878,2.0094,1361987.38
2024-03-14 15:00:00,2.0094,2.0159,1.9663,1.983,483530.29
2024-03-14 16:00:00,1.983,2.029,1.9703,2.028,533457.44
2024-03-14 17:00:00,2.028,2.0282,1.9899,2.008,271088.51
2024-03-14 18:00:00,2.008,2.008,1.9536,1.9797,337464.62
2024-03-14 19:00:00,1.9797,1.9896,1.9293,1.9691,749662.1
2024-03-14 20:00:00,1.9691,2.01,1.969,1.997,390611.18
2024-03-14 21:00:00,1.997,2.0075,1.9878,2.0031,143502.86
2024-03-14 22:00:00,2.0031,2.0176,2.0024,2.0139,211388.73
2024-03-14 23:00:00,2.0139,2.0225,2.0092,2.0174,138475.86
2024-03-15 00:00:00,2.0174,2.0346,2.0108,2.0202,259140.79
2024-03-15 01:00:00,2.0202,2.0235,2.0076,2.0118,190813.78
2024-03-15 02:00:00,2.0118,2.0125,1.9092,1.9407,993514.13
2024-03-15 03:00:00,1.9407,1.952,1.8374,1.9283,1724600.37
2024-03-15 04:00:00,1.9283,1.9359,1.8827,1.8988,343073.66
2024-03-15 05:00:00,1.8988,1.9221,1.8817,1.893,127144.19
2024-03-15 06:00:00,1.893,1.9358,1.891,1.9325,301730.52
2024-03-15 07:00:00,1.9325,1.9406,1.9189,1.9362,104933.8
2024-03-15 08:00:00,1.9362,1.9362,1.8443,1.8468,431194.66
2024-03-15 09:00:00,1.8468,1.8871,1.783,1.8804,1446204.69
2024-03-15 10:00:00,1.8804,1.8885,1.861,1.8663,168549.17
2024-03-15 11:00:00,1.8663,1.8808,1.8315,1.8763,484413.85
2024-03-15 12:00:00,1.8763,1.8875,1.865,1.8679,194554.24
2024-03-15 13:00:00,1.8679,1.9046,1.8537,1.9017,599386.78
2024-03-15 14:00:00,1.9017,1.9062,1.8778,1.9011,302416.7
2024-03-15 15:00:00,1.9011,1.9111,1.8843,1.8853,175402.63
2024-03-15 16:00:00,1.8853,1.8943,1.8669,1.8734,237053.74
2024-03-15 17:00:00,1.8734,1.8822,1.8565,1.871,310297.94
2024-03-15 18:00:00,1.871,1.9261,1.8683,1.9256,315448.09
2024-03-15 19:00:00,1.9256,1.9341,1.86,1.8695,427141.99
2024-03-15 20:00:00,1.8695,1.8707,1.8241,1.8373,426622.2
2024-03-15 21:00:00,1.8373,1.8585,1.8373,1.8581,109450.08
2024-03-15 22:00:00,1.8581,1.8893,1.855,1.8873,306044.93
2024-03-15 23:00:00,1.8873,1.8933,1.8739,1.8875,311272.75
2024-03-16 00:00:00,1.8875,1.9188,1.8792,1.8994,367118.66
2024-03-16 01:00:00,1.8994,1.9184,1.8964,1.9017,217682.52
2024-03-16 02:00:00,1.9017,1.9133,1.8968,1.9107,227021.8
2024-03-16 03:00:00,1.9107,1.9323,1.8999,1.9323,364557.18
2024-03-16 04:00:00,1.9323,1.9409,1.9064,1.9171,461405.47
2024-03-16 05:00:00,1.9171,1.9183,1.8754,1.8899,445941.97
2024-03-16 06:00:00,1.8899,1.9368,1.8887,1.9263,581160.76
2024-03-16 07:00:00,1.9263,1.936,1.9119,1.9245,328432.9
2024-03-16 08:00:00,1.9245,1.9249,1.9038,1.9112,219516.38
2024-03-16 09:00:00,1.9112,1.921,1.9034,1.9076,228769.08
2024-03-16 10:00:00,1.9076,1.9235,1.9047,1.9104,311498.14
2024-03-16 11:00:00,1.9104,1.9191,1.871,1.8893,489649.65
2024-03-16 12:00:00,1.8893,1.8973,1.8518,1.8532,388093.81
2024-03-16 13:00:00,1.8532,1.966,1.82,1.8249,2554428.12
2024-03-16 14:00:00,1.8249,1.8471,1.8073,1.8383,750226.6
2024-03-16 15:00:00,1.8383,1.8543,1.813,1.8517,353777.42
2024-03-16 16:00:00,1.8517,1.8521,1.8032,1.8087,301530.9
2024-03-16 17:00:00,1.8087,1.8147,1.7688,1.7728,782211.16
2024-03-16 18:00:00,1.7728,1.7787,1.7259,1.7486,842937.96
2024-03-16 19:00:00,1.7486,1.777,1.7311,1.7378,445884.01
2024-03-16 20:00:00,1.7378,1.7714,1.7242,1.7638,249009.35
2024-03-16 21:00:00,1.7638,1.7689,1.7275,1.744,496931.95
2024-03-16 22:00:00,1.744,1.766,1.7296,1.7519,267032.3
2024-03-16 23:00:00,1.7519,1.7614,1.7137,1.7563,484476.54
2024-03-17 00:00:00,1.7563,1.7747,1.7169,1.7183,342010.26
2024-03-17 01:00:00,1.7183,1.7541,1.7183,1.7534,392624.17
2024-03-17 02:00:00,1.7534,1.759,1.7403,1.7515,283760.11
2024-03-17 03:00:00,1.7515,1.7535,1.7382,1.746,208044.79
2024-03-17 04:00:00,1.746,1.7478,1.7132,1.7237,408886.33
2024-03-17 05:00:00,1.7237,1.7279,1.68,1.6837,671892.52
2024-03-17 06:00:00,1.6837,1.6886,1.6363,1.6399,780056.24
2024-03-17 07:00:00,1.6399,1.6638,1.6125,1.6614,649663.05
2024-03-17 08:00:00,1.6614,1.724,1.6494,1.7084,594251.95
2024-03-17 09:00:00,1.7084,1.7218,1.6933,1.6976,296384.53
2024-03-17 10:00:00,1.6976,1.73,1.6976,1.7179,495103.37
2024-03-17 11:00:00,1.7179,1.7308,1.7045,1.709,378472.5
2024-03-17 12:00:00,1.709,1.7233,1.6751,1.6842,395804.34
2024-03-17 13:00:00,1.6842,1.7185,1.6836,1.7109,289483.95
2024-03-17 14:00:00,1.7109,1.7276,1.7007,1.7266,371073.54
2024-03-17 15:00:00,1.7266,1.744,1.7139,1.738,415506.74
2024-03-17 16:00:00,1.738,1.7434,1.7177,1.7303,344112.62
2024-03-17 17:00:00,1.7303,1.7466,1.7237,1.7457,208725.24
2024-03-17 18:00:00,1.7457,1.7457,1.7248,1.7288,212034.33
2024-03-17 19:00:00,1.7288,1.7363,1.7241,1.7358,170324.09
2024-03-17 20:00:00,1.7358,1.7369,1.7219,1.7245,129193.14
2024-03-17 21:00:00,1.7245,1.7268,1.717,1.7259,170237.62
2024-03-17 22:00:00,1.7259,1.7519,1.7243,1.7289,309565.67
2024-03-17 23:00:00,1.7289,1.7384,1.7182,1.737,396804.19
2024-03-18 00:00:00,1.737,1.7391,1.6784,1.6793,792736.88
2024-03-18 01:00:00,1.6793,1.6955,1.661,1.6822,589369.5
2024-03-18 02:00:00,1.6822,1.7033,1.6777,1.6972,319914.15
2024-03-18 03:00:00,1.6972,1.707,1.6901,1.6923,151086.12
2024-03-18 04:00:00,1.6923,1.705,1.6742,1.7018,350956.06
2024-03-18 05:00:00,1.7018,1.7211,1.6951,1.7087,170412.75
2024-03-18 06:00:00,1.7087,1.716,1.6977,1.702,225058.22
2024-03-18 07:00:00,1.702,1.7093,1.6918,1.6969,204570.61
2024-03-18 08:00:00,1.6969,1.6969,1.65,1.6694,576254.58
2024-03-18 09:00:00,1.6694,1.6847,1.6582,1.6657,408905.98
2024-03-18 10:00:00,1.6657,1.7317,1.66,1.7286,973990.53
2024-03-18 11:00:00,1.7286,1.7398,1.714,1.7235,479971.7
2024-03-18 12:00:00,1.7235,1.7238,1.7,1.7201,315412.49
2024-03-18 13:00:00,1.7201,1.7209,1.6704,1.6799,567580.06
2024-03-18 14:00:00,1.6799,1.6824,1.6227,1.6389,722772.64
2024-03-18 15:00:00,1.6389,1.663,1.6203,1.659,440657.37
2024-03-18 16:00:00,1.659,1.6759,1.6351,1.6428,286239.49
2024-03-18 17:00:00,1.6428,1.6598,1.6131,1.6548,1034107.57
2024-03-18 18:00:00,1.6548,1.6603,1.6233,1.6249,229881.26
2024-03-18 19:00:00,1.6249,1.6374,1.6016,1.6047,385651.62
2024-03-18 20:00:00,1.6047,1.6212,1.6,1.621,261837.51
2024-03-18 21:00:00,1.621,1.6545,1.6209,1.6409,329167.68
2024-03-18 22:00:00,1.6409,1.6409,1.6107,1.6238,288258.45
2024-03-18 23:00:00,1.6238,1.648,1.6176,1.6236,452384.16
2024-03-19 00:00:00,1.6236,1.6627,1.5831,1.5919,1658858.2
2024-03-19 01:00:00,1.5919,1.5959,1.5402,1.5648,955211.79
2024-03-19 02:00:00,1.5648,1.5936,1.5609,1.5694,230399.67
2024-03-19 03:00:00,1.5694,1.5795,1.5313,1.5706,529869.46
2024-03-19 04:00:00,1.5706,1.5867,1.5522,1.5585,225819.54
2024-03-19 05:00:00,1.5585,1.5735,1.5199,1.5428,671412.11
2024-03-19 06:00:00,1.5428,1.5499,1.5029,1.5229,447219.52
2024-03-19 07:00:00,1.5229,1.5345,1.4534,1.5345,1011971.34
2024-03-19 08:00:00,1.5345,1.5345,1.46,1.4712,361921.04
2024-03-19 09:00:00,1.4712,1.5219,1.4433,1.5202,526838.31
2024-03-19 10:00:00,1.5202,1.5202,1.4837,1.5073,224828.57
2024-03-19 11:00:00,1.5073,1.5561,1.4891,1.5561,429244.29
2024-03-19 12:00:00,1.5561,1.5991,1.5469,1.5801,484522.75
2024-03-19 13:00:00,1.5801,1.5916,1.5638,1.5795,269032.69
2024-03-19 14:00:00,1.5795,1.5934,1.5453,1.5828,398838.51
2024-03-19 15:00:00,1.5828,1.6488,1.5658,1.6332,964553.34
2024-03-19 16:00:00,1.6332,1.6441,1.6106,1.6284,555909.79
2024-03-19 17:00:00,1.6284,1.6562,1.6222,1.6393,282774.91
2024-03-19 18:00:00,1.6393,1.6753,1.6212,1.6724,290535.33
2024-03-19 19:00:00,1.6724,1.6737,1.6461,1.6543,292019.31
2024-03-19 20:00:00,1.6543,1.6594,1.6152,1.6225,309990.23
2024-03-19 21:00:00,1.6225,1.6302,1.6009,1.6302,206457.62
2024-03-19 22:00:00,1.6302,1.6326,1.5849,1.6017,402281.61
2024-03-19 23:00:00,1.6017,1.642,1.5705,1.626,684261.33
2024-03-20 00:00:00,1.626,1.6531,1.6114,1.6492,338312.74
2024-03-20 01:00:00,1.6492,1.6492,1.6093,1.6229,198470.14
2024-03-20 02:00:00,1.6229,1.6503,1.616,1.6317,161508.88
2024-03-20 03:00:00,1.6317,1.6469,1.585,1.5865,316673.05
2024-03-20 04:00:00,1.5865,1.6173,1.5759,1.5986,531575.86
2024-03-20 05:00:00,1.5986,1.6036,1.5479,1.5791,530648.4
2024-03-20 06:00:00,1.5791,1.621,1.5782,1.6161,344712.85
2024-03-20 07:00:00,1.6161,1.6785,1.6149,1.6578,556546.86
2024-03-20 08:00:00,1.6578,1.682,1.64,1.6419,610162.36
2024-03-20 09:00:00,1.6419,1.6672,1.6418,1.6637,138741.77
2024-03-20 10:00:00,1.6637,1.6737,1.648,1.6539,203311.78
2024-03-20 11:00:00,1.6539,1.7103,1.6491,1.7072,493104.12
2024-03-20 12:00:00,1.7072,1.719,1.686,1.6932,351722.23
2024-03-20 13:00:00,1.6932,1.6933,1.6644,1.6722,196587.75
2024-03-20 14:00:00,1.6722,1.6832,1.6593,1.679,218227.57
2024-03-20 15:00:00,1.679,1.685,1.6365,1.6443,471383.09
2024-03-20 16:00:00,1.6443,1.6531,1.57,1.6072,1049110.07
2024-03-20 17:00:00,1.6072,1.6556,1.6008,1.6399,292805.4
2024-03-20 18:00:00,1.6399,1.7107,1.6399,1.7083,737027.25
2024-03-20 19:00:00,1.7083,1.7208,1.6948,1.7048,467439.46
2024-03-20 20:00:00,1.7048,1.7514,1.7,1.7359,646020.07
2024-03-20 21:00:00,1.7359,1.7645,1.7276,1.753,488981.3
2024-03-20 22:00:00,1.753,1.7648,1.7449,1.7527,336234.86
2024-03-20 23:00:00,1.7527,1.7545,1.7408,1.7448,118013.92
2024-03-21 00:00:00,1.7448,1.7829,1.73,1.7604,472607.97
2024-03-21 01:00:00,1.7604,1.7745,1.7489,1.7544,174581.41
2024-03-21 02:00:00,1.7544,1.7728,1.7535,1.7607,147137.84
2024-03-21 03:00:00,1.7607,1.7892,1.7357,1.7426,650006.92
2024-03-21 04:00:00,1.7426,1.7614,1.7328,1.7421,239519.01
2024-03-21 05:00:00,1.7421,1.7425,1.7043,1.7309,346304.83
2024-03-21 06:00:00,1.7309,1.746,1.7245,1.7334,112406.22
2024-03-21 07:00:00,1.7334,1.7549,1.7293,1.7413,168016.6
2024-03-21 08:00:00,1.7413,1.7875,1.7412,1.7833,436569.12
2024-03-21 09:00:00,1.7833,1.7983,1.7469,1.7585,409433.96
2024-03-21 10:00:00,1.7585,1.772,1.7503,1.7547,157545.9
2024-03-21 11:00:00,1.7547,1.7606,1.7409,1.7508,132432.19
2024-03-21 12:00:00,1.7508,1.7697,1.7452,1.7555,119621.82
2024-03-21 13:00:00,1.7555,1.7773,1.7517,1.753,207641.97
2024-03-21 14:00:00,1.753,1.785,1.75,1.7643,248141.88
2024-03-21 15:00:00,1.7643,1.767,1.7223,1.7318,651232.54
2024-03-21 16:00:00,1.7318,1.741,1.7218,1.7402,125731.54
2024-03-21 17:00:00,1.7402,1.7516,1.705,1.7113,372600.98
2024-03-21 18:00:00,1.7113,1.7164,1.6742,1.6839,407191.33
2024-03-21 19:00:00,1.6839,1.6971,1.678,1.6925,209921.31
2024-03-21 20:00:00,1.6925,1.7136,1.6703,1.7035,463874.15
2024-03-21 21:00:00,1.7035,1.7052,1.6901,1.7023,80699.44
2024-03-21 22:00:00,1.7023,1.7071,1.6789,1.6797,161830.57
2024-03-21 23:00:00,1.6797,1.689,1.6789,1.6849,45598.21
2024-03-22 00:00:00,1.6849,1.6975,1.666,1.6766,356607.84
2024-03-22 01:00:00,1.6766,1.681,1.6513,1.652,248073.02
2024-03-22 02:00:00,1.652,1.6572,1.63,1.6374,156882.31
2024-03-22 03:00:00,1.6374,1.6709,1.6374,1.6697,221167.32
2024-03-22 04:00:00,1.6697,1.6729,1.6575,1.6663,104052.45
2024-03-22 05:00:00,1.6663,1.6781,1.6566,1.6773,171103.46
2024-03-22 06:00:00,1.6773,1.6857,1.6713,1.6832,202383.84
2024-03-22 07:00:00,1.6832,1.686,1.6745,1.6796,160575.44
2024-03-22 08:00:00,1.6796,1.6873,1.6579,1.6611,195592.39
2024-03-22 09:00:00,1.6611,1.669,1.6521,1.6575,149757.18
2024-03-22 10:00:00,1.6575,1.6613,1.6312,1.633,353230.09
2024-03-22 11:00:00,1.633,1.6437,1.6136,1.6231,447964.4
2024-03-22 12:00:00,1.6231,1.644,1.6125,1.6318,666799.71
2024-03-22 13:00:00,1.6318,1.6371,1.5795,1.5891,1168261.57
2024-03-22 14:00:00,1.5891,1.5976,1.5704,1.576,535981.1
2024-03-22 15:00:00,1.576,1.6142,1.575,1.5998,371362.24
2024-03-22 16:00:00,1.5998,1.5998,1.5763,1.588,321554.27
2024-03-22 17:00:00,1.588,1.605,1.588,1.6007,238900.68
2024-03-22 18:00:00,1.6007,1.6071,1.5904,1.5979,52269.15
2024-03-22 19:00:00,1.5979,1.6079,1.5891,1.6047,64005.8
2024-03-22 20:00:00,1.6047,1.6047,1.5851,1.5887,96351.44
2024-03-22 21:00:00,1.5887,1.5889,1.5616,1.5806,527503.81
2024-03-22 22:00:00,1.5806,1.5862,1.5639,1.5797,208452.91
2024-03-22 23:00:00,1.5797,1.6032,1.5757,1.603,160986.82
2024-03-23 00:00:00,1.603,1.6091,1.595,1.6032,137673.78
2024-03-23 01:00:00,1.6032,1.6266,1.6026,1.6218,219353.82
2024-03-23 02:00:00,1.6218,1.6257,1.5997,1.6108,194530.47
2024-03-23 03:00:00,1.6108,1.6108,1.5777,1.5963,300061.9
2024-03-23 04:00:00,1.5963,1.6077,1.5927,1.5992,122354.11
2024-03-23 05:00:00,1.5992,1.6045,1.5929,1.5971,134894.4
2024-03-23 06:00:00,1.5971,1.6057,1.5922,1.5997,75971.93
2024-03-23 07:00:00,1.5997,1.6213,1.5997,1.6072,403156.61
2024-03-23 08:00:00,1.6072,1.6137,1.5993,1.611,146477.06
2024-03-23 09:00:00,1.611,1.6126,1.5977,1.6102,220624.98
2024-03-23 10:00:00,1.6102,1.6199,1.6026,1.6077,318614.7
2024-03-23 11:00:00,1.6077,1.6166,1.6064,1.6136,96033.41
2024-03-23 12:00:00,1.6136,1.6207,1.6107,1.6154,108988.88
2024-03-23 13:00:00,1.6154,1.6192,1.6039,1.6165,165378.56
2024-03-23 14:00:00,1.6165,1.6322,1.6076,1.6294,195432.76
2024-03-23 15:00:00,1.6294,1.6308,1.6113,1.6226,158636.35
2024-03-23 16:00:00,1.6226,1.6366,1.6126,1.6292,137372.37
2024-03-23 17:00:00,1.6292,1.6356,1.6226,1.6323,140033.13
2024-03-23 18:00:00,1.6323,1.6369,1.6272,1.6323,58440.12
2024-03-23 19:00:00,1.6323,1.635,1.6215,1.6239,73694.27
2024-03-23 20:00:00,1.6239,1.6267,1.6177,1.6184,80855.54
2024-03-23 21:00:00,1.6184,1.6195,1.6067,1.6165,109548.2
2024-03-23 22:00:00,1.6165,1.6219,1.611,1.6126,50587.42
2024-03-23 23:00:00,1.6126,1.6134,1.5912,1.5957,180116.82
2024-03-24 00:00:00,1.5957,1.6154,1.5939,1.6137,128937.09
2024-03-24 01:00:00,1.6137,1.615,1.6032,1.6104,43501.84
2024-03-24 02:00:00,1.6104,1.6125,1.6018,1.607,31651.84
2024-03-24 03:00:00,1.607,1.607,1.5855,1.5889,124668.66
2024-03-24 04:00:00,1.5889,1.5993,1.5864,1.5987,61861.71
2024-03-24 05:00:00,1.5987,1.6029,1.5919,1.5972,51186.69
2024-03-24 06:00:00,1.5972,1.5998,1.5857,1.5943,57365.25
2024-03-24 07:00:00,1.5943,1.6012,1.5896,1.6008,225287.96
2024-03-24 08:00:00,1.6008,1.6236,1.5987,1.6232,143716.57
2024-03-24 09:00:00,1.6232,1.641,1.6188,1.6409,364050.89
2024-03-24 10:00:00,1.6409,1.668,1.6409,1.6493,371675.44
2024-03-24 11:00:00,1.6493,1.6592,1.6403,1.6555,348266.99
2024-03-24 12:00:00,1.6555,1.6643,1.6477,1.6559,228771.57
2024-03-24 13:00:00,1.6559,1.6612,1.6373,1.6404,176617.46
2024-03-24 14:00:00,1.6404,1.6549,1.6397,1.6461,168804.34
2024-03-24 15:00:00,1.6461,1.6531,1.6412,1.6471,119956.32
2024-03-24 16:00:00,1.6471,1.6516,1.6316,1.633,328197.7
2024-03-24 17:00:00,1.633,1.6506,1.6203,1.6402,358390.57
2024-03-24 18:00:00,1.6402,1.6528,1.6391,1.6516,109698.31
2024-03-24 19:00:00,1.6516,1.6557,1.6475,1.6533,54031.27
2024-03-24 20:00:00,1.6533,1.6674,1.6486,1.665,106271.74
2024-03-24 21:00:00,1.665,1.6686,1.6535,1.6613,181823.42
2024-03-24 22:00:00,1.6613,1.6707,1.6592,1.6676,177128.02
2024-03-24 23:00:00,1.6676,1.674,1.666,1.6699,157158.65
2024-03-25 00:00:00,1.6699,1.6724,1.6535,1.6536,150374.2
2024-03-25 01:00:00,1.6536,1.6648,1.6518,1.6545,96699.36
2024-03-25 02:00:00,1.6545,1.6597,1.6497,1.6522,106224.08
2024-03-25 03:00:00,1.6522,1.6571,1.6476,1.6571,115086.27
2024-03-25 04:00:00,1.6571,1.6768,1.6503,1.6758,75566.37
2024-03-25 05:00:00,1.6758,1.7004,1.6738,1.6799,317067.48
2024-03-25 06:00:00,1.6799,1.6884,1.6734,1.685,173974.56
2024-03-25 07:00:00,1.685,1.6876,1.6605,1.665,302795.21
2024-03-25 08:00:00,1.665,1.6854,1.665,1.684,340597.62
2024-03-25 09:00:00,1.684,1.7067,1.6674,1.7065,282062.35
2024-03-25 10:00:00,1.7065,1.711,1.6879,1.6978,500645.45
2024-03-25 11:00:00,1.6978,1.6996,1.6725,1.6769,283636.03
2024-03-25 12:00:00,1.6769,1.6968,1.6757,1.6908,192294.01
2024-03-25 13:00:00,1.6908,1.7,1.6804,1.7,269746.79
2024-03-25 14:00:00,1.7,1.7251,1.6904,1.719,836320.99
2024-03-25 15:00:00,1.719,1.7325,1.7102,1.728,419655.03
2024-03-25 16:00:00,1.728,1.744,1.7184,1.742,241668.39
2024-03-25 17:00:00,1.742,1.7492,1.7304,1.7393,414711.88
2024-03-25 18:00:00,1.7393,1.7423,1.7277,1.7365,181132.41
2024-03-25 19:00:00,1.7365,1.7395,1.7245,1.7361,218485.23
2024-03-25 20:00:00,1.7361,1.7403,1.7286,1.7304,124097.49
2024-03-25 21:00:00,1.7304,1.731,1.7019,1.7102,416606.53
2024-03-25 22:00:00,1.7102,1.7306,1.7102,1.7296,148823.28
2024-03-25 23:00:00,1.7296,1.7363,1.7159,1.7233,190055.73
2024-03-26 00:00:00,1.7233,1.7435,1.7141,1.7199,457315.01
2024-03-26 01:00:00,1.7199,1.7338,1.7177,1.7298,110387.0
2024-03-26 02:00:00,1.7298,1.7408,1.7257,1.7403,113760.17
2024-03-26 03:00:00,1.7403,1.743,1.7339,1.7377,178226.74
2024-03-26 04:00:00,1.7377,1.7429,1.7293,1.7429,119183.27
2024-03-26 05:00:00,1.7429,1.7444,1.7361,1.7401,147754.18
2024-03-26 06:00:00,1.7401,1.7515,1.7389,1.7505,232843.53
2024-03-26 07:00:00,1.7505,1.7561,1.7269,1.7281,539921.8
2024-03-26 08:00:00,1.7281,1.7404,1.7249,1.7384,284929.3
2024-03-26 09:00:00,1.7384,1.7455,1.7346,1.7443,146479.86
2024-03-26 10:00:00,1.7443,1.746,1.7346,1.7437,197773.1
2024-03-26 11:00:00,1.7437,1.7485,1.7326,1.7362,272629.78
2024-03-26 12:00:00,1.7362,1.7416,1.7247,1.735,266549.1
2024-03-26 13:00:00,1.735,1.7369,1.7019,1.7118,561124.02
2024-03-26 14:00:00,1.7118,1.7152,1.6712,1.7079,976132.05
2024-03-26 15:00:00,1.7079,1.7079,1.6773,1.6926,479402.38
2024-03-26 16:00:00,1.6926,1.701,1.6637,1.6754,531375.34
2024-03-26 17:00:00,1.6754,1.6973,1.6701,1.694,333724.48
2024-03-26 18:00:00,1.694,1.7015,1.6911,1.6913,103261.61
2024-03-26 19:00:00,1.6913,1.6929,1.679,1.6827,94865.97
2024-03-26 20:00:00,1.6827,1.694,1.6827,1.6909,73747.02
2024-03-26 21:00:00,1.6909,1.6998,1.6893,1.6982,91023.1
2024-03-26 22:00:00,1.6982,1.7089,1.6875,1.7086,201550.21
2024-03-26 23:00:00,1.7086,1.7114,1.698,1.7009,86859.97
2024-03-27 00:00:00,1.7009,1.7193,1.6909,1.7185,162451.22
2024-03-27 01:00:00,1.7185,1.7264,1.7105,1.7162,145578.36
2024-03-27 02:00:00,1.7162,1.7268,1.7087,1.7268,190063.71
2024-03-27 03:00:00,1.7268,1.733,1.7185,1.7319,336371.61
2024-03-27 04:00:00,1.7319,1.7408,1.7118,1.7183,344422.64
2024-03-27 05:00:00,1.7183,1.7212,1.7071,1.7174,356225.3
2024-03-27 06:00:00,1.7174,1.7246,1.7036,1.7104,387422.29
2024-03-27 07:00:00,1.7104,1.7126,1.6736,1.6789,886922.63
2024-03-27 08:00:00,1.6789,1.698,1.6692,1.6725,593956.32
2024-03-27 09:00:00,1.6725,1.6833,1.6551,1.6816,766978.43
2024-03-27 10:00:00,1.6816,1.6886,1.6752,1.6843,123013.74
2024-03-27 11:00:00,1.6843,1.6941,1.6783,1.6889,191305.15
2024-03-27 12:00:00,1.6889,1.6945,1.6789,1.6864,247848.91
2024-03-27 13:00:00,1.6864,1.7294,1.6678,1.6884,1129804.11
2024-03-27 14:00:00,1.6884,1.6932,1.6368,1.6735,1144173.9
2024-03-27 15:00:00,1.6735,1.676,1.6414,1.6425,359188.13
2024-03-27 16:00:00,1.6425,1.6556,1.6292,1.6554,313794.87
2024-03-27 17:00:00,1.6554,1.6612,1.6411,1.6461,114246.43
2024-03-27 18:00:00,1.6461,1.6497,1.6259,1.6278,233780.66
2024-03-27 19:00:00,1.6278,1.6497,1.6278,1.6415,139108.04
2024-03-27 20:00:00,1.6415,1.6583,1.6407,1.6527,168437.94
2024-03-27 21:00:00,1.6527,1.6609,1.6453,1.6453,169798.81
2024-03-27 22:00:00,1.6453,1.6617,1.6451,1.6603,103618.18
2024-03-27 23:00:00,1.6603,1.6603,1.6491,1.6545,101633.41
2024-03-28 00:00:00,1.6545,1.6697,1.6507,1.6578,71278.64
2024-03-28 01:00:00,1.6578,1.6593,1.6387,1.6445,416079.24
2024-03-28 02:00:00,1.6445,1.6546,1.6271,1.6383,381754.42
2024-03-28 03:00:00,1.6383,1.6432,1.628,1.6428,269729.58
2024-03-28 04:00:00,1.6428,1.6611,1.6425,1.6595,114746.34
2024-03-28 05:00:00,1.6595,1.6644,1.6536,1.6634,99021.66
2024-03-28 06:00:00,1.6634,1.6837,1.6617,1.6829,222606.34
2024-03-28 07:00:00,1.6829,1.693,1.6815,1.6927,213904.2
2024-03-28 08:00:00,1.6927,1.6964,1.6861,1.688,200395.87
2024-03-28 09:00:00,1.688,1.6946,1.6821,1.6914,253428.39
2024-03-28 10:00:00,1.6914,1.6939,1.6779,1.6816,324406.31
2024-03-28 11:00:00,1.6816,1.6875,1.6719,1.679,224705.2
2024-03-28 12:00:00,1.679,1.6825,1.655,1.6705,215814.79
2024-03-28 13:00:00,1.6705,1.6827,1.658,1.679,270439.59
2024-03-28 14:00:00,1.679,1.6853,1.666,1.6828,177452.04
2024-03-28 15:00:00,1.6828,1.6836,1.6665,1.6745,130378.41
2024-03-28 16:00:00,1.6745,1.6754,1.6632,1.6711,54790.62
2024-03-28 17:00:00,1.6711,1.6723,1.6643,1.6664,79274.57
2024-03-28 18:00:00,1.6664,1.6723,1.665,1.6706,67717.52
2024-03-28 19:00:00,1.6706,1.6783,1.6698,1.6764,147516.46
2024-03-28 20:00:00,1.6764,1.6912,1.6701,1.6832,166283.82
2024-03-28 21:00:00,1.6832,1.6943,1.6703,1.6718,229452.64
2024-03-28 22:00:00,1.6718,1.6729,1.6604,1.6712,253576.26
2024-03-28 23:00:00,1.6712,1.6758,1.6638,1.6662,123301.74
2024-03-29 00:00:00,1.6662,1.6669,1.6541,1.6589,199304.12
2024-03-29 01:00:00,1.6589,1.6691,1.6551,1.6603,103263.65
2024-03-29 02:00:00,1.6603,1.6605,1.6467,1.6586,298777.86
2024-03-29 03:00:00,1.6586,1.6651,1.6463,1.6565,180645.19
2024-03-29 04:00:00,1.6565,1.6623,1.6463,1.6506,111428.08
2024-03-29 05:00:00,1.6506,1.6599,1.6407,1.6462,194841.88
2024-03-29 06:00:00,1.6462,1.6579,1.64,1.6571,86730.05
2024-03-29 07:00:00,1.6571,1.6583,1.6186,1.6277,532117.64
2024-03-29 08:00:00,1.6277,1.6459,1.626,1.6417,367016.6
2024-03-29 09:00:00,1.6417,1.6465,1.6331,1.6367,78823.01
2024-03-29 10:00:00,1.6367,1.6484,1.6293,1.6484,120859.01
2024-03-29 11:00:00,1.6484,1.6586,1.6464,1.6537,189985.86
2024-03-29 12:00:00,1.6537,1.6588,1.6467,1.6484,299206.32
2024-03-29 13:00:00,1.6484,1.6575,1.6401,1.6523,248520.96
2024-03-29 14:00:00,1.6523,1.6571,1.641,1.6426,240838.24
2024-03-29 15:00:00,1.6426,1.6471,1.6083,1.6226,936605.57
2024-03-29 16:00:00,1.6226,1.6368,1.6224,1.6243,186434.54
2024-03-29 17:00:00,1.6243,1.6377,1.6228,1.6328,118993.6
2024-03-29 18:00:00,1.6328,1.6367,1.6265,1.6367,215469.82
2024-03-29 19:00:00,1.6367,1.6382,1.6281,1.638,143543.85
2024-03-29 20:00:00,1.638,1.6383,1.6312,1.6321,85109.14
2024-03-29 21:00:00,1.6321,1.6329,1.6189,1.6221,85973.38
2024-03-29 22:00:00,1.6221,1.642,1.6217,1.6418,69539.97
2024-03-29 23:00:00,1.6418,1.6483,1.6402,1.6421,68011.81
2024-03-30 00:00:00,1.6421,1.6583,1.6397,1.6565,84876.5
2024-03-30 01:00:00,1.6565,1.6609,1.6515,1.655,158148.28
2024-03-30 02:00:00,1.655,1.6553,1.6471,1.65,56336.89
2024-03-30 03:00:00,1.65,1.653,1.6447,1.6473,127434.66
2024-03-30 04:00:00,1.6473,1.6703,1.6441,1.669,210113.76
2024-03-30 05:00:00,1.669,1.6781,1.6538,1.661,190646.9
2024-03-30 06:00:00,1.661,1.661,1.6464,1.6507,71885.05
2024-03-30 07:00:00,1.6507,1.658,1.6471,1.648,144799.45
2024-03-30 08:00:00,1.648,1.6581,1.6409,1.652,228428.29
2024-03-30 09:00:00,1.652,1.6584,1.6482,1.6557,83191.11
2024-03-30 10:00:00,1.6557,1.6625,1.6539,1.6625,118587.39
2024-03-30 11:00:00,1.6625,1.6776,1.662,1.6762,275131.43
2024-03-30 12:00:00,1.6762,1.678,1.6655,1.673,202291.54
2024-03-30 13:00:00,1.673,1.673,1.6599,1.6632,108664.0
2024-03-30 14:00:00,1.6632,1.6687,1.6559,1.6609,179867.07
2024-03-30 15:00:00,1.6609,1.6668,1.6558,1.6606,260449.86
2024-03-30 16:00:00,1.6606,1.6685,1.6574,1.6623,91302.92
2024-03-30 17:00:00,1.6623,1.6623,1.6515,1.658,166724.89
2024-03-30 18:00:00,1.658,1.6647,1.6538,1.658,90919.22
2024-03-30 19:00:00,1.658,1.658,1.6403,1.6549,192118.33
2024-03-30 20:00:00,1.6549,1.657,1.6478,1.6493,91673.27
2024-03-30 21:00:00,1.6493,1.6526,1.6385,1.644,118672.3
2024-03-30 22:00:00,1.644,1.6486,1.6384,1.6394,175636.0
2024-03-30 23:00:00,1.6394,1.6434,1.6311,1.6414,228612.99
2024-03-31 00:00:00,1.6414,1.6464,1.6371,1.6442,74723.81
2024-03-31 01:00:00,1.6442,1.65,1.6412,1.6424,141553.61
2024-03-31 02:00:00,1.6424,1.6498,1.6401,1.6432,127964.85
2024-03-31 03:00:00,1.6432,1.6434,1.6338,1.6376,180058.6
2024-03-31 04:00:00,1.6376,1.6434,1.6331,1.6403,110944.33
2024-03-31 05:00:00,1.6403,1.678,1.638,1.6734,592766.84
2024-03-31 06:00:00,1.6734,1.691,1.671,1.6832,422643.96
2024-03-31 07:00:00,1.6832,1.6856,1.6747,1.6792,289042.88
2024-03-31 08:00:00,1.6792,1.6849,1.6627,1.6657,327135.63
2024-03-31 09:00:00,1.6657,1.6663,1.6516,1.6517,178323.98
2024-03-31 10:00:00,1.6517,1.6561,1.6456,1.6504,83923.22
2024-03-31 11:00:00,1.6504,1.6535,1.6473,1.652,111659.12
2024-03-31 12:00:00,1.652,1.6582,1.65,1.6537,159692.32
2024-03-31 13:00:00,1.6537,1.6565,1.6495,1.651,71323.47
2024-03-31 14:00:00,1.651,1.6558,1.6458,1.6504,182173.78
2024-03-31 15:00:00,1.6504,1.6504,1.6445,1.646,90135.65
2024-03-31 16:00:00,1.646,1.6516,1.645,1.6488,64447.96
2024-03-31 17:00:00,1.6488,1.6491,1.6445,1.6449,46069.29
2024-03-31 18:00:00,1.6449,1.6537,1.641,1.6472,120082.27
2024-03-31 19:00:00,1.6472,1.656,1.6403,1.6541,118963.74
2024-03-31 20:00:00,1.6541,1.6578,1.6501,1.6526,49496.96
2024-03-31 21:00:00,1.6526,1.6564,1.6442,1.6469,69789.81
2024-03-31 22:00:00,1.6469,1.654,1.6447,1.652,91588.46
2024-03-31 23:00:00,1.652,1.6643,1.6503,1.6626,162144.3
2024-04-01 00:00:00,1.6626,1.6634,1.6486,1.657,110364.01
2024-04-01 01:00:00,1.657,1.6578,1.641,1.6479,156533.88
2024-04-01 02:00:00,1.6479,1.6505,1.6413,1.6469,107654.89
2024-04-01 03:00:00,1.6469,1.6488,1.6413,1.6462,88901.77
2024-04-01 04:00:00,1.6462,1.6473,1.6396,1.6414,217342.02
2024-04-01 05:00:00,1.6414,1.6442,1.5485,1.5707,2879475.58
2024-04-01 06:00:00,1.5707,1.6092,1.5688,1.6035,513307.2
2024-04-01 07:00:00,1.6035,1.6134,1.6022,1.6085,153220.39
2024-04-01 08:00:00,1.6085,1.6087,1.5849,1.5999,169793.23
2024-04-01 09:00:00,1.5999,1.6082,1.5998,1.6007,68721.51
2024-04-01 10:00:00,1.6007,1.6057,1.5913,1.6035,113417.14
2024-04-01 11:00:00,1.6035,1.6082,1.5936,1.5953,185867.73
2024-04-01 12:00:00,1.5953,1.6055,1.5925,1.6052,137212.45
2024-04-01 13:00:00,1.6052,1.6108,1.5958,1.6002,305946.87
2024-04-01 14:00:00,1.6002,1.6039,1.5607,1.5715,610899.75
2024-04-01 15:00:00,1.5715,1.5782,1.5429,1.5502,936281.69
2024-04-01 16:00:00,1.5502,1.5627,1.5455,1.5506,227386.12
2024-04-01 17:00:00,1.5506,1.5533,1.5316,1.5513,388353.09
2024-04-01 18:00:00,1.5513,1.5513,1.5306,1.5513,151896.96
2024-04-01 19:00:00,1.5513,1.5694,1.5483,1.5692,121655.13
2024-04-01 20:00:00,1.5692,1.5696,1.559,1.5696,92313.6
2024-04-01 21:00:00,1.5696,1.5713,1.5628,1.5665,70156.47
2024-04-01 22:00:00,1.5665,1.5729,1.5658,1.5707,117876.16
2024-04-01 23:00:00,1.5707,1.5739,1.5664,1.5672,54531.67
2024-04-02 00:00:00,1.5672,1.5672,1.5436,1.5519,241182.48
2024-04-02 01:00:00,1.5519,1.5619,1.5482,1.5556,43516.75
2024-04-02 02:00:00,1.5556,1.5556,1.4515,1.496,2386250.2
2024-04-02 03:00:00,1.496,1.5058,1.4856,1.495,464976.51
2024-04-02 04:00:00,1.495,1.5012,1.4852,1.4901,232053.27
2024-04-02 05:00:00,1.4901,1.4901,1.4646,1.4849,946618.7
2024-04-02 06:00:00,1.4849,1.4987,1.4839,1.4965,180746.92
2024-04-02 07:00:00,1.4965,1.4965,1.4753,1.4753,459455.94
2024-04-02 08:00:00,1.4753,1.4805,1.447,1.4532,440803.86
2024-04-02 09:00:00,1.4532,1.4645,1.4357,1.4553,614156.16
2024-04-02 10:00:00,1.4553,1.4582,1.4329,1.45,629954.71
2024-04-02 11:00:00,1.45,1.4563,1.43,1.4554,499491.03
2024-04-02 12:00:00,1.4554,1.4666,1.4503,1.4563,261656.24
2024-04-02 13:00:00,1.4563,1.4607,1.4363,1.4543,209476.01
2024-04-02 14:00:00,1.4543,1.4816,1.4532,1.4683,404335.17
2024-04-02 15:00:00,1.4683,1.4792,1.4413,1.4436,153410.34
2024-04-02 16:00:00,1.4436,1.4664,1.4384,1.4608,128453.22
2024-04-02 17:00:00,1.4608,1.4671,1.4554,1.4671,84114.5
2024-04-02 18:00:00,1.4671,1.4724,1.4569,1.4647,401551.89
2024-04-02 19:00:00,1.4647,1.4759,1.4592,1.4624,732647.46
2024-04-02 20:00:00,1.4624,1.4688,1.4543,1.4604,101353.39
2024-04-02 21:00:00,1.4604,1.4616,1.4431,1.4504,118772.66
2024-04-02 22:00:00,1.4504,1.464,1.4463,1.462,73707.94
2024-04-02 23:00:00,1.462,1.465,1.446,1.4472,33360.53
2024-04-03 00:00:00,1.4472,1.4512,1.3988,1.4399,914335.85
2024-04-03 01:00:00,1.4399,1.4701,1.4222,1.4651,265221.63
2024-04-03 02:00:00,1.4651,1.4792,1.4645,1.4721,394577.52
2024-04-03 03:00:00,1.4721,1.4758,1.4612,1.4735,156940.54
2024-04-03 04:00:00,1.4735,1.4804,1.4686,1.4774,105873.68
2024-04-03 05:00:00,1.4774,1.4788,1.4634,1.4693,98467.96
2024-04-03 06:00:00,1.4693,1.4841,1.4681,1.4814,192722.03
2024-04-03 07:00:00,1.4814,1.4848,1.4763,1.478,113015.24
2024-04-03 08:00:00,1.478,1.5026,1.469,1.4935,383712.66
2024-04-03 09:00:00,1.4935,1.5027,1.4903,1.499,107553.62
2024-04-03 10:00:00,1.499,1.499,1.4803,1.4846,150511.31
2024-04-03 11:00:00,1.4846,1.4856,1.4673,1.4762,171020.26
2024-04-03 12:00:00,1.4762,1.477,1.46,1.466,136017.82
2024-04-03 13:00:00,1.466,1.4716,1.4536,1.4573,159684.98
2024-04-03 14:00:00,1.4573,1.4835,1.4573,1.4773,302435.89
2024-04-03 15:00:00,1.4773,1.4779,1.4523,1.4568,163536.7
2024-04-03 16:00:00,1.4568,1.4849,1.4554,1.4732,301486.61
2024-04-03 17:00:00,1.4732,1.4796,1.4506,1.4645,324797.13
2024-04-03 18:00:00,1.4645,1.4766,1.4461,1.473,139651.88
2024-04-03 19:00:00,1.473,1.477,1.4572,1.4615,208938.26
2024-04-03 20:00:00,1.4615,1.4627,1.4457,1.4517,128084.72
2024-04-03 21:00:00,1.4517,1.4604,1.4387,1.4584,174209.56
2024-04-03 22:00:00,1.4584,1.4703,1.4565,1.4695,86469.84
2024-04-03 23:00:00,1.4695,1.4827,1.4667,1.4785,209777.8
2024-04-04 00:00:00,1.4785,1.4951,1.4722,1.4897,375764.86
2024-04-04 01:00:00,1.4897,1.4954,1.4768,1.484,102648.25
2024-04-04 02:00:00,1.484,1.4848,1.4572,1.4662,401530.74
2024-04-04 03:00:00,1.4662,1.469,1.4582,1.4627,211442.92
2024-04-04 04:00:00,1.4627,1.4651,1.4342,1.4481,966255.74
2024-04-04 05:00:00,1.4481,1.4715,1.4463,1.4652,398481.35
2024-04-04 06:00:00,1.4652,1.4813,1.4629,1.4741,92808.89
2024-04-04 07:00:00,1.4741,1.476,1.4665,1.4715,73723.25
2024-04-04 08:00:00,1.4715,1.4823,1.4707,1.4756,95829.61
2024-04-04 09:00:00,1.4756,1.483,1.475,1.4805,75566.83
2024-04-04 10:00:00,1.4805,1.4855,1.4734,1.4791,100104.82
2024-04-04 11:00:00,1.4791,1.483,1.4734,1.4784,101883.71
2024-04-04 12:00:00,1.4784,1.4855,1.4773,1.4781,152218.23
2024-04-04 13:00:00,1.4781,1.5038,1.4779,1.4925,307462.2
2024-04-04 14:00:00,1.4925,1.4976,1.4847,1.4865,196399.37
2024-04-04 15:00:00,1.4865,1.4866,1.4777,1.4817,264620.95
2024-04-04 16:00:00,1.4817,1.4964,1.4793,1.4917,269719.63
2024-04-04 17:00:00,1.4917,1.5065,1.4876,1.5022,335676.84
2024-04-04 18:00:00,1.5022,1.5116,1.4851,1.4877,497458.92
2024-04-04 19:00:00,1.4877,1.4917,1.4792,1.4822,190683.17
2024-04-04 20:00:00,1.4822,1.4838,1.4482,1.463,372770.71
2024-04-04 21:00:00,1.463,1.4669,1.4491,1.4562,106322.87
2024-04-04 22:00:00,1.4562,1.4598,1.4475,1.4507,124605.68
2024-04-04 23:00:00,1.4507,1.4608,1.4479,1.4594,129108.82
2024-04-05 00:00:00,1.4594,1.4618,1.4485,1.4613,146640.48
2024-04-05 01:00:00,1.4613,1.4621,1.4424,1.4496,267767.5
2024-04-05 02:00:00,1.4496,1.4496,1.4201,1.4288,484478.31
2024-04-05 03:00:00,1.4288,1.4467,1.4275,1.4461,66063.4
2024-04-05 04:00:00,1.4461,1.448,1.4288,1.4384,98198.75
2024-04-05 05:00:00,1.4384,1.4414,1.41,1.4282,499248.19
2024-04-05 06:00:00,1.4282,1.4376,1.4222,1.4334,221550.74
2024-04-05 07:00:00,1.4334,1.4349,1.421,1.4303,124842.98
2024-04-05 08:00:00,1.4303,1.4421,1.4242,1.4271,208432.32
2024-04-05 09:00:00,1.4271,1.4275,1.4053,1.4148,271547.41
2024-04-05 10:00:00,1.4148,1.4177,1.3966,1.4116,431545.36
2024-04-05 11:00:00,1.4116,1.4151,1.393,1.3968,122644.55
2024-04-05 12:00:00,1.3968,1.4132,1.3816,1.4132,422633.13
2024-04-05 13:00:00,1.4132,1.4232,1.4011,1.4177,171634.32
2024-04-05 14:00:00,1.4177,1.4345,1.4121,1.4297,311300.76
2024-04-05 15:00:00,1.4297,1.4396,1.4237,1.4376,124235.88
2024-04-05 16:00:00,1.4376,1.4419,1.4289,1.4322,113018.79
2024-04-05 17:00:00,1.4322,1.4365,1.4237,1.4289,161610.77
2024-04-05 18:00:00,1.4289,1.4403,1.425,1.4365,67967.56
2024-04-05 19:00:00,1.4365,1.4432,1.4329,1.4332,73089.71
2024-04-05 20:00:00,1.4332,1.4446,1.4321,1.436,46041.89
2024-04-05 21:00:00,1.436,1.4398,1.4332,1.4335,54041.73
2024-04-05 22:00:00,1.4335,1.4381,1.4299,1.432,32001.86
2024-04-05 23:00:00,1.432,1.4388,1.4309,1.4326,81314.98
2024-04-06 00:00:00,1.4326,1.443,1.4251,1.4339,114941.05
2024-04-06 01:00:00,1.4339,1.4405,1.4307,1.4319,55353.86
2024-04-06 02:00:00,1.4319,1.4384,1.4274,1.4382,42286.9
2024-04-06 03:00:00,1.4382,1.4486,1.438,1.4432,131124.59
2024-04-06 04:00:00,1.4432,1.4475,1.4392,1.4448,101696.26
2024-04-06 05:00:00,1.4448,1.4552,1.4437,1.4503,112181.76
2024-04-06 06:00:00,1.4503,1.4579,1.4485,1.4558,138275.91
2024-04-06 07:00:00,1.4558,1.4608,1.451,1.4552,121508.3
2024-04-06 08:00:00,1.4552,1.4716,1.455,1.471,209270.93
2024-04-06 09:00:00,1.471,1.4825,1.4622,1.4661,360138.65
2024-04-06 10:00:00,1.4661,1.4818,1.4651,1.4783,325301.38
2024-04-06 11:00:00,1.4783,1.4883,1.4735,1.4842,490779.64
2024-04-06 12:00:00,1.4842,1.4869,1.4713,1.4805,541649.53
2024-04-06 13:00:00,1.4805,1.4809,1.46,1.4626,706017.28
2024-04-06 14:00:00,1.4626,1.4775,1.4608,1.4711,358972.13
2024-04-06 15:00:00,1.4711,1.4815,1.4686,1.475,184814.12
2024-04-06 16:00:00,1.475,1.4803,1.4712,1.4801,90449.08
2024-04-06 17:00:00,1.4801,1.4815,1.4753,1.4761,109090.39
2024-04-06 18:00:00,1.4761,1.4767,1.4707,1.4739,52685.67
2024-04-06 19:00:00,1.4739,1.4814,1.4718,1.4779,68675.86
2024-04-06 20:00:00,1.4779,1.4877,1.4741,1.4874,129807.07
2024-04-06 21:00:00,1.4874,1.4907,1.4808,1.4826,123602.87
2024-04-06 22:00:00,1.4826,1.4907,1.4791,1.4907,132133.12
2024-04-06 23:00:00,1.4907,1.5017,1.4864,1.4866,364988.97
2024-04-07 00:00:00,1.4866,1.4924,1.4835,1.4892,157582.14
2024-04-07 01:00:00,1.4892,1.5029,1.4879,1.5018,65982.16
2024-04-07 02:00:00,1.5018,1.5049,1.4938,1.4958,126761.11
2024-04-07 03:00:00,1.4958,1.4993,1.4942,1.4946,181617.52
2024-04-07 04:00:00,1.4946,1.4983,1.4855,1.4916,258425.52
2024-04-07 05:00:00,1.4916,1.5012,1.49,1.4991,116671.54
2024-04-07 06:00:00,1.4991,1.4991,1.4892,1.4918,130979.78
2024-04-07 07:00:00,1.4918,1.4953,1.4889,1.4928,173144.23
2024-04-07 08:00:00,1.4928,1.4982,1.4914,1.497,85508.93
2024-04-07 09:00:00,1.497,1.5002,1.4868,1.4887,249408.57
2024-04-07 10:00:00,1.4887,1.4959,1.486,1.4934,114091.57
2024-04-07 11:00:00,1.4934,1.4977,1.4895,1.4973,95443.09
2024-04-07 12:00:00,1.4973,1.4994,1.4924,1.4992,114976.94
2024-04-07 13:00:00,1.4992,1.5052,1.4983,1.5,372113.45
2024-04-07 14:00:00,1.5,1.506,1.4937,1.5028,249620.56
2024-04-07 15:00:00,1.5028,1.5053,1.4869,1.4883,213263.69
2024-04-07 16:00:00,1.4883,1.5029,1.4883,1.4976,261746.87
2024-04-07 17:00:00,1.4976,1.4979,1.4887,1.4924,124255.95
2024-04-07 18:00:00,1.4924,1.4924,1.4807,1.4899,153463.15
2024-04-07 19:00:00,1.4899,1.4914,1.4799,1.4831,112317.62
2024-04-07 20:00:00,1.4831,1.5004,1.4816,1.4998,58284.37
2024-04-07 21:00:00,1.4998,1.5053,1.4959,1.4965,152231.22
2024-04-07 22:00:00,1.4965,1.5213,1.4905,1.5133,351978.67
2024-04-07 23:00:00,1.5133,1.5313,1.5125,1.5291,233966.14
2024-04-08 00:00:00,1.5291,1.5294,1.5119,1.5167,131500.18
2024-04-08 01:00:00,1.5167,1.519,1.5072,1.5085,229963.83
2024-04-08 02:00:00,1.5085,1.5134,1.4963,1.501,195088.9
2024-04-08 03:00:00,1.501,1.5015,1.4908,1.494,188207.95
2024-04-08 04:00:00,1.494,1.5003,1.4928,1.4957,83019.48
2024-04-08 05:00:00,1.4957,1.5065,1.4957,1.5019,57132.01
2024-04-08 06:00:00,1.5019,1.505,1.4974,1.4998,181972.41
2024-04-08 07:00:00,1.4998,1.521,1.4989,1.5188,312079.74
2024-04-08 08:00:00,1.5188,1.5581,1.5188,1.5517,677097.72
2024-04-08 09:00:00,1.5517,1.5685,1.5494,1.5657,339576.66
2024-04-08 10:00:00,1.5657,1.5689,1.557,1.5599,176489.26
2024-04-08 11:00:00,1.5599,1.5705,1.5592,1.5643,166652.74
2024-04-08 12:00:00,1.5643,1.574,1.5389,1.5436,490543.09
2024-04-08 13:00:00,1.5436,1.5592,1.5428,1.5506,215226.87
2024-04-08 14:00:00,1.5506,1.5553,1.5391,1.5517,233339.91
2024-04-08 15:00:00,1.5517,1.5568,1.5432,1.5476,150259.97
2024-04-08 16:00:00,1.5476,1.5557,1.5443,1.5556,223640.01
2024-04-08 17:00:00,1.5556,1.5563,1.5451,1.5532,140445.71
2024-04-08 18:00:00,1.5532,1.5683,1.5532,1.5601,197675.98
2024-04-08 19:00:00,1.5601,1.57,1.5581,1.569,103619.94
2024-04-08 20:00:00,1.569,1.5707,1.5573,1.566,166328.31
2024-04-08 21:00:00,1.566,1.5721,1.5648,1.5702,174947.74
2024-04-08 22:00:00,1.5702,1.5783,1.5678,1.5776,162222.72
2024-04-08 23:00:00,1.5776,1.5782,1.5688,1.569,70528.86
2024-04-09 00:00:00,1.569,1.5912,1.5684,1.5798,376790.78
2024-04-09 01:00:00,1.5798,1.5864,1.564,1.5708,205086.7
2024-04-09 02:00:00,1.5708,1.5835,1.5662,1.5708,91917.7
2024-04-09 03:00:00,1.5708,1.571,1.5542,1.5572,226164.09
2024-04-09 04:00:00,1.5572,1.5684,1.5445,1.5666,209437.56
2024-04-09 05:00:00,1.5666,1.5755,1.5625,1.5637,135258.58
2024-04-09 06:00:00,1.5637,1.5675,1.5407,1.5455,219516.2
2024-04-09 07:00:00,1.5455,1.5531,1.5269,1.5357,562791.81
2024-04-09 08:00:00,1.5357,1.539,1.5082,1.5372,627684.84
2024-04-09 09:00:00,1.5372,1.5746,1.5305,1.5574,397756.23
2024-04-09 10:00:00,1.5574,1.5789,1.5543,1.5716,437334.91
2024-04-09 11:00:00,1.5716,1.5731,1.5651,1.5701,211803.89
2024-04-09 12:00:00,1.5701,1.5834,1.5595,1.5711,323657.89
2024-04-09 13:00:00,1.5711,1.5723,1.5454,1.5459,521208.77
2024-04-09 14:00:00,1.5459,1.5635,1.5107,1.527,614087.85
2024-04-09 15:00:00,1.527,1.5362,1.504,1.535,319965.55
2024-04-09 16:00:00,1.535,1.5444,1.5138,1.5166,379769.1
2024-04-09 17:00:00,1.5166,1.5237,1.5046,1.5211,203351.97
2024-04-09 18:00:00,1.5211,1.5261,1.5167,1.5192,47421.79
2024-04-09 19:00:00,1.5192,1.528,1.5141,1.5258,73012.88
2024-04-09 20:00:00,1.5258,1.5297,1.5233,1.5256,77172.65
2024-04-09 21:00:00,1.5256,1.5263,1.5105,1.5136,150134.57
2024-04-09 22:00:00,1.5136,1.5155,1.5065,1.5114,70007.5
2024-04-09 23:00:00,1.5114,1.5114,1.4749,1.4832,834146.57
2024-04-10 00:00:00,1.4832,1.4975,1.4787,1.4892,221588.83
2024-04-10 01:00:00,1.4892,1.4892,1.4648,1.4856,1004300.17
2024-04-10 02:00:00,1.4856,1.4929,1.4438,1.4479,782991.33
2024-04-10 03:00:00,1.4479,1.4699,1.4446,1.4694,460902.45
2024-04-10 04:00:00,1.4694,1.4724,1.4648,1.4714,120769.67
2024-04-10 05:00:00,1.4714,1.4857,1.4706,1.482,169232.97
2024-04-10 06:00:00,1.482,1.4902,1.4791,1.4824,275710.01
2024-04-10 07:00:00,1.4824,1.4858,1.4786,1.4802,95157.6
2024-04-10 08:00:00,1.4802,1.4809,1.4638,1.4713,249709.91
2024-04-10 09:00:00,1.4713,1.4777,1.4659,1.4757,178477.54
2024-04-10 10:00:00,1.4757,1.4762,1.4539,1.4676,440198.93
2024-04-10 11:00:00,1.4676,1.4703,1.4628,1.4655,127823.8
2024-04-10 12:00:00,1.4655,1.4669,1.4052,1.4387,1624696.18
2024-04-10 13:00:00,1.4387,1.443,1.4241,1.4426,288149.8
2024-04-10 14:00:00,1.4426,1.4609,1.4344,1.4564,314351.3
2024-04-10 15:00:00,1.4564,1.4579,1.4467,1.4528,141508.9
2024-04-10 16:00:00,1.4528,1.475,1.4491,1.4732,249219.96
2024-04-10 17:00:00,1.4732,1.479,1.4644,1.4679,118332.93
2024-04-10 18:00:00,1.4679,1.4691,1.4466,1.4536,139994.29
2024-04-10 19:00:00,1.4536,1.466,1.4498,1.4645,164077.86
2024-04-10 20:00:00,1.4645,1.467,1.4559,1.4578,227913.38
2024-04-10 21:00:00,1.4578,1.4596,1.4506,1.4592,52321.46
2024-04-10 22:00:00,1.4592,1.4785,1.4585,1.4648,159279.56
2024-04-10 23:00:00,1.4648,1.4697,1.4621,1.466,39438.58
2024-04-11 00:00:00,1.466,1.466,1.4575,1.4606,108797.07
2024-04-11 01:00:00,1.4606,1.4656,1.4534,1.4552,123166.65
2024-04-11 02:00:00,1.4552,1.4676,1.454,1.46,312500.43
2024-04-11 03:00:00,1.46,1.4684,1.4554,1.4684,120692.76
2024-04-11 04:00:00,1.4684,1.47,1.4516,1.4563,265897.05
2024-04-11 05:00:00,1.4563,1.4632,1.4528,1.4632,71691.36
2024-04-11 06:00:00,1.4632,1.47,1.4609,1.4698,65531.47
2024-04-11 07:00:00,1.4698,1.4822,1.4697,1.4735,377738.08
2024-04-11 08:00:00,1.4735,1.4817,1.4714,1.4773,83710.96
2024-04-11 09:00:00,1.4773,1.4775,1.4588,1.4588,156038.42
2024-04-11 10:00:00,1.4588,1.4643,1.4513,1.4519,80216.09
2024-04-11 11:00:00,1.4519,1.4534,1.4272,1.4324,827418.86
2024-04-11 12:00:00,1.4324,1.453,1.429,1.4459,351522.8
2024-04-11 13:00:00,1.4459,1.455,1.4246,1.4377,327575.37
2024-04-11 14:00:00,1.4377,1.4387,1.4149,1.4226,678755.68
2024-04-11 15:00:00,1.4226,1.4331,1.4211,1.4309,146273.66
2024-04-11 16:00:00,1.4309,1.4342,1.4104,1.4238,172549.2
2024-04-11 17:00:00,1.4238,1.4354,1.4227,1.4262,85689.6
2024-04-11 18:00:00,1.4262,1.4284,1.4152,1.4213,85970.6
2024-04-11 19:00:00,1.4213,1.4286,1.4161,1.4266,66258.4
2024-04-11 20:00:00,1.4266,1.4309,1.4222,1.4277,40810.42
2024-04-11 21:00:00,1.4277,1.4282,1.4176,1.4187,69518.58
2024-04-11 22:00:00,1.4187,1.4221,1.4154,1.4191,29751.86
2024-04-11 23:00:00,1.4191,1.4213,1.4106,1.4179,61350.68
2024-04-12 00:00:00,1.4179,1.4299,1.4153,1.429,48476.98
2024-04-12 01:00:00,1.429,1.4302,1.421,1.4219,96438.01
2024-04-12 02:00:00,1.4219,1.4336,1.4195,1.4318,163157.59
2024-04-12 03:00:00,1.4318,1.4387,1.4317,1.4381,366135.23
2024-04-12 04:00:00,1.4381,1.4415,1.4343,1.4391,62638.66
2024-04-12 05:00:00,1.4391,1.4392,1.4294,1.4323,111308.81
2024-04-12 06:00:00,1.4323,1.4329,1.4206,1.4225,230645.66
2024-04-12 07:00:00,1.4225,1.4251,1.4111,1.4132,303801.95
2024-04-12 08:00:00,1.4132,1.4198,1.4092,1.4167,166596.97
2024-04-12 09:00:00,1.4167,1.4236,1.4141,1.4179,198764.87
2024-04-12 10:00:00,1.4179,1.4184,1.403,1.4175,426487.62
2024-04-12 11:00:00,1.4175,1.4219,1.4127,1.4162,101778.21
2024-04-12 12:00:00,1.4162,1.4162,1.3917,1.3972,393516.54
2024-04-12 13:00:00,1.3972,1.3974,1.3661,1.3794,1277748.96
2024-04-12 14:00:00,1.3794,1.3846,1.37,1.3731,134611.96
2024-04-12 15:00:00,1.3731,1.3833,1.37,1.3725,268113.91
2024-04-12 16:00:00,1.3725,1.3764,1.3492,1.3676,689699.28
2024-04-12 17:00:00,1.3676,1.3699,1.2146,1.2494,7639325.26
2024-04-12 18:00:00,1.2494,1.2535,0.91,1.1036,11194680.55
2024-04-12 19:00:00,1.1036,1.1491,1.0938,1.1086,2279946.19
2024-04-12 20:00:00,1.1086,1.1348,1.1049,1.1113,719469.94
2024-04-12 21:00:00,1.1113,1.1589,1.1013,1.1558,707174.45
2024-04-12 22:00:00,1.1558,1.1641,1.1481,1.1587,617112.93
2024-04-12 23:00:00,1.1587,1.1764,1.1499,1.1725,453881.36
2024-04-13 00:00:00,1.1725,1.1797,1.1615,1.1728,452871.71
2024-04-13 01:00:00,1.1728,1.1734,1.1264,1.1357,615964.93
2024-04-13 02:00:00,1.1357,1.1511,1.1328,1.1466,181107.51
2024-04-13 03:00:00,1.1466,1.1633,1.1416,1.1633,177727.37
2024-04-13 04:00:00,1.1633,1.1719,1.1572,1.1646,74188.14
2024-04-13 05:00:00,1.1646,1.1712,1.158,1.1615,216180.93
2024-04-13 06:00:00,1.1615,1.1742,1.1605,1.1738,125374.16
2024-04-13 07:00:00,1.1738,1.1759,1.1559,1.159,226123.57
2024-04-13 08:00:00,1.159,1.164,1.1488,1.1505,205675.25
2024-04-13 09:00:00,1.1505,1.1672,1.1492,1.162,115178.69
2024-04-13 10:00:00,1.162,1.1756,1.1554,1.1739,87566.92
2024-04-13 11:00:00,1.1739,1.1875,1.1636,1.1655,288297.91
2024-04-13 12:00:00,1.1655,1.1753,1.159,1.1685,98868.4
2024-04-13 13:00:00,1.1685,1.1761,1.1601,1.1653,194985.86
2024-04-13 14:00:00,1.1653,1.1693,1.1517,1.159,183811.62
2024-04-13 15:00:00,1.159,1.172,1.1472,1.149,376034.99
2024-04-13 16:00:00,1.149,1.1569,1.1068,1.1135,867872.88
2024-04-13 17:00:00,1.1135,1.1135,1.05,1.0786,1320263.92
2024-04-13 18:00:00,1.0786,1.0984,1.0648,1.0979,843567.19
2024-04-13 19:00:00,1.0979,1.1027,0.96,1.0007,2281680.08
2024-04-13 20:00:00,1.0007,1.0161,0.85,0.9224,3226773.08
2024-04-13 21:00:00,0.9224,0.9659,0.9045,0.9641,625448.23
2024-04-13 22:00:00,0.9641,1.0248,0.9466,1.0193,859636.2
2024-04-13 23:00:00,1.0193,1.0406,1.017,1.0304,410179.43
2024-04-14 00:00:00,1.0304,1.0402,0.993,1.0211,590435.56
2024-04-14 01:00:00,1.0211,1.0484,1.0092,1.0353,258723.3
2024-04-14 02:00:00,1.0353,1.0408,1.0162,1.0213,84114.16
2024-04-14 03:00:00,1.0213,1.0347,0.9994,1.0324,285440.21
2024-04-14 04:00:00,1.0324,1.0711,1.0262,1.065,156403.6
2024-04-14 05:00:00,1.065,1.0869,1.0632,1.0807,208918.81
2024-04-14 06:00:00,1.0807,1.1006,1.0724,1.097,418387.99
2024-04-14 07:00:00,1.097,1.1347,1.0943,1.1206,529284.91
2024-04-14 08:00:00,1.1206,1.1305,1.111,1.1223,250100.61
2024-04-14 09:00:00,1.1223,1.1252,1.1003,1.1083,131745.97
2024-04-14 10:00:00,1.1083,1.1268,1.1055,1.1191,125992.79
2024-04-14 11:00:00,1.1191,1.1237,1.0857,1.0934,204778.99
2024-04-14 12:00:00,1.0934,1.1172,1.0897,1.1034,156159.29
2024-04-14 13:00:00,1.1034,1.1213,1.0959,1.1038,183068.89
2024-04-14 14:00:00,1.1038,1.1342,1.0891,1.122,180792.38
2024-04-14 15:00:00,1.122,1.1488,1.1182,1.1316,232754.21
2024-04-14 16:00:00,1.1316,1.1582,1.1293,1.1509,211949.11
2024-04-14 17:00:00,1.1509,1.1664,1.1003,1.1325,951511.82
2024-04-14 18:00:00,1.1325,1.1586,1.128,1.1535,139543.36
2024-04-14 19:00:00,1.1535,1.1581,1.1434,1.1484,116812.23
2024-04-14 20:00:00,1.1484,1.1573,1.1249,1.1314,269672.05
2024-04-14 21:00:00,1.1314,1.1383,1.1226,1.1318,148435.11
2024-04-14 22:00:00,1.1318,1.184,1.131,1.1818,922573.29
2024-04-14 23:00:00,1.1818,1.187,1.1745,1.1778,203107.71
2024-04-15 00:00:00,1.1778,1.1778,1.1472,1.1537,366205.94
2024-04-15 01:00:00,1.1537,1.159,1.1403,1.1584,94504.83
2024-04-15 02:00:00,1.1584,1.1584,1.1368,1.1443,81660.88
2024-04-15 03:00:00,1.1443,1.1552,1.1414,1.15,33884.58
2024-04-15 04:00:00,1.15,1.1517,1.135,1.1452,103662.76
2024-04-15 05:00:00,1.1452,1.1784,1.1452,1.1736,316582.79
2024-04-15 06:00:00,1.1736,1.2492,1.1708,1.2405,731716.65
2024-04-15 07:00:00,1.2405,1.2405,1.2201,1.2334,500231.25
2024-04-15 08:00:00,1.2334,1.2528,1.2261,1.2282,420327.41
2024-04-15 09:00:00,1.2282,1.2473,1.222,1.2379,190050.22
2024-04-15 10:00:00,1.2379,1.2576,1.2364,1.2525,185257.86
2024-04-15 11:00:00,1.2525,1.2606,1.2385,1.2503,324231.52
2024-04-15 12:00:00,1.2503,1.2685,1.2481,1.2596,281628.68
2024-04-15 13:00:00,1.2596,1.2625,1.2241,1.2273,345534.12
2024-04-15 14:00:00,1.2273,1.2415,1.1884,1.1904,416882.09
2024-04-15 15:00:00,1.1904,1.2082,1.1757,1.2078,602256.51
2024-04-15 16:00:00,1.2078,1.2145,1.1777,1.18,339076.68
2024-04-15 17:00:00,1.18,1.2021,1.1555,1.1679,343009.08
2024-04-15 18:00:00,1.1679,1.1725,1.1344,1.1344,238489.38
2024-04-15 19:00:00,1.1344,1.1648,1.117,1.1565,267169.31
2024-04-15 20:00:00,1.1565,1.1646,1.1405,1.1445,174354.63
2024-04-15 21:00:00,1.1445,1.1594,1.1346,1.1566,76110.18
2024-04-15 22:00:00,1.1566,1.1697,1.1455,1.1694,128818.14
2024-04-15 23:00:00,1.1694,1.1694,1.1495,1.151,100544.0
2024-04-16 00:00:00,1.151,1.1515,1.1219,1.1315,197348.4
2024-04-16 01:00:00,1.1315,1.1525,1.1257,1.1331,147049.84
2024-04-16 02:00:00,1.1331,1.145,1.1194,1.1418,297929.34
2024-04-16 03:00:00,1.1418,1.1478,1.1123,1.1214,496058.3
2024-04-16 04:00:00,1.1214,1.1284,1.0896,1.1052,436114.15
2024-04-16 05:00:00,1.1052,1.1291,1.0993,1.1259,183578.67
2024-04-16 06:00:00,1.1259,1.1407,1.1245,1.137,88840.19
2024-04-16 07:00:00,1.137,1.1665,1.1356,1.1516,198949.52
2024-04-16 08:00:00,1.1516,1.1533,1.1361,1.1433,109742.65
2024-04-16 09:00:00,1.1433,1.1513,1.1359,1.1396,152023.1
2024-04-16 10:00:00,1.1396,1.1426,1.0981,1.1288,764405.72
2024-04-16 11:00:00,1.1288,1.1453,1.1204,1.1407,103186.76
2024-04-16 12:00:00,1.1407,1.1415,1.1226,1.1253,100884.17
2024-04-16 13:00:00,1.1253,1.129,1.1039,1.1175,202920.22
2024-04-16 14:00:00,1.1175,1.1314,1.1042,1.1045,240459.51
2024-04-16 15:00:00,1.1045,1.1161,1.099,1.1026,148980.72
2024-04-16 16:00:00,1.1026,1.1351,1.096,1.135,319408.96
2024-04-16 17:00:00,1.135,1.1465,1.1253,1.13,583964.84
2024-04-16 18:00:00,1.13,1.1509,1.1281,1.1505,237558.39
2024-04-16 19:00:00,1.1505,1.1552,1.1414,1.1499,157464.49
2024-04-16 20:00:00,1.1499,1.1539,1.1431,1.1479,61467.46
2024-04-16 21:00:00,1.1479,1.1694,1.1471,1.1665,111275.84
2024-04-16 22:00:00,1.1665,1.1675,1.1531,1.1601,67854.89
2024-04-16 23:00:00,1.1601,1.1617,1.1505,1.1529,56877.47
2024-04-17 00:00:00,1.1529,1.1626,1.145,1.1561,109087.16
2024-04-17 01:00:00,1.1561,1.1567,1.1394,1.1519,165677.31
2024-04-17 02:00:00,1.1519,1.1559,1.1402,1.1495,85670.71
2024-04-17 03:00:00,1.1495,1.1558,1.1426,1.1486,77863.4
2024-04-17 04:00:00,1.1486,1.1651,1.1415,1.1622,53887.62
2024-04-17 05:00:00,1.1622,1.1695,1.147,1.1493,133419.35
2024-04-17 06:00:00,1.1493,1.1508,1.1422,1.1461,62190.5
2024-04-17 07:00:00,1.1461,1.1489,1.1359,1.1446,157285.2
2024-04-17 08:00:00,1.1446,1.1501,1.1362,1.1384,125868.4
2024-04-17 09:00:00,1.1384,1.1441,1.1359,1.1383,50356.11
2024-04-17 10:00:00,1.1383,1.1424,1.1292,1.1316,66525.34
2024-04-17 11:00:00,1.1316,1.1365,1.116,1.1167,810318.97
2024-04-17 12:00:00,1.1167,1.1232,1.1044,1.115,411505.38
2024-04-17 13:00:00,1.115,1.1305,1.1138,1.1208,410002.84
2024-04-17 14:00:00,1.1208,1.1208,1.085,1.1072,1217842.52
2024-04-17 15:00:00,1.1072,1.11,1.085,1.092,1709861.65
2024-04-17 16:00:00,1.092,1.1158,1.0769,1.0955,1665453.32
2024-04-17 17:00:00,1.0955,1.1208,1.0944,1.115,313125.55
2024-04-17 18:00:00,1.115,1.1416,1.1133,1.1305,500111.94
2024-04-17 19:00:00,1.1305,1.1305,1.1115,1.1211,442549.83
2024-04-17 20:00:00,1.1211,1.1273,1.1041,1.1055,272224.07
2024-04-17 21:00:00,1.1055,1.1254,1.1055,1.1159,197177.66
2024-04-17 22:00:00,1.1159,1.1197,1.1093,1.1145,78966.73
2024-04-17 23:00:00,1.1145,1.1192,1.1015,1.1047,103346.96
2024-04-18 00:00:00,1.1047,1.1108,1.0789,1.0995,371797.19
2024-04-18 01:00:00,1.0995,1.1116,1.0979,1.1055,509521.45
2024-04-18 02:00:00,1.1055,1.1131,1.0994,1.111,50931.87
2024-04-18 03:00:00,1.111,1.1209,1.1106,1.1136,50473.09
2024-04-18 04:00:00,1.1136,1.1326,1.1103,1.1278,1072289.05
2024-04-18 05:00:00,1.1278,1.1394,1.1262,1.127,166067.54
2024-04-18 06:00:00,1.127,1.1311,1.1071,1.1139,248156.19
2024-04-18 07:00:00,1.1139,1.1244,1.1081,1.1132,144868.67
2024-04-18 08:00:00,1.1132,1.1312,1.1046,1.123,127838.29
2024-04-18 09:00:00,1.123,1.1331,1.1216,1.1282,350170.77
2024-04-18 10:00:00,1.1282,1.1293,1.1217,1.1266,78655.88
2024-04-18 11:00:00,1.1266,1.1509,1.126,1.1454,460614.19
2024-04-18 12:00:00,1.1454,1.1487,1.123,1.1406,195385.28
2024-04-18 13:00:00,1.1406,1.1449,1.1288,1.1437,171367.62
2024-04-18 14:00:00,1.1437,1.1644,1.137,1.1541,585515.48
2024-04-18 15:00:00,1.1541,1.1596,1.1439,1.1499,172267.75
2024-04-18 16:00:00,1.1499,1.153,1.1393,1.1415,121701.0
2024-04-18 17:00:00,1.1415,1.1437,1.1274,1.1288,156920.95
2024-04-18 18:00:00,1.1288,1.138,1.1211,1.1371,120910.18
2024-04-18 19:00:00,1.1371,1.1455,1.1356,1.1451,136568.83
2024-04-18 20:00:00,1.1451,1.148,1.14,1.1452,31434.05
2024-04-18 21:00:00,1.1452,1.1491,1.1412,1.1424,59548.97
2024-04-18 22:00:00,1.1424,1.1448,1.1374,1.1405,61605.22
2024-04-18 23:00:00,1.1405,1.1427,1.1352,1.1367,53627.88
2024-04-19 00:00:00,1.1367,1.1367,1.1223,1.1225,77376.3
2024-04-19 01:00:00,1.1225,1.123,1.0724,1.0761,524507.08
2024-04-19 02:00:00,1.0761,1.0815,1.0399,1.0714,899771.97
2024-04-19 03:00:00,1.0714,1.1015,1.0683,1.0933,302195.69
2024-04-19 04:00:00,1.0933,1.1142,1.0915,1.1063,219940.73
2024-04-19 05:00:00,1.1063,1.1104,1.0937,1.1027,110295.04
2024-04-19 06:00:00,1.1027,1.1548,1.097,1.1541,512240.32
2024-04-19 07:00:00,1.1541,1.1667,1.1382,1.1436,315318.71
2024-04-19 08:00:00,1.1436,1.1557,1.1384,1.154,100009.3
2024-04-19 09:00:00,1.154,1.1577,1.1468,1.1515,211156.18
2024-04-19 10:00:00,1.1515,1.1576,1.1383,1.1456,146868.16
2024-04-19 11:00:00,1.1456,1.1552,1.1391,1.1449,128935.54
2024-04-19 12:00:00,1.1449,1.1542,1.1408,1.1457,93304.36
2024-04-19 13:00:00,1.1457,1.151,1.1353,1.1467,121093.68
2024-04-19 14:00:00,1.1467,1.1483,1.1273,1.1345,112929.31
2024-04-19 15:00:00,1.1345,1.1447,1.1326,1.1379,60353.54
2024-04-19 16:00:00,1.1379,1.1398,1.1188,1.1281,292288.76
2024-04-19 17:00:00,1.1281,1.1391,1.1263,1.136,72935.29
2024-04-19 18:00:00,1.136,1.1364,1.1281,1.1328,52152.97
2024-04-19 19:00:00,1.1328,1.1417,1.1314,1.1401,66471.63
2024-04-19 20:00:00,1.1401,1.1411,1.1261,1.1293,30052.46
2024-04-19 21:00:00,1.1293,1.1405,1.1293,1.14,26038.27
2024-04-19 22:00:00,1.14,1.1443,1.1302,1.1302,103988.92
2024-04-19 23:00:00,1.1302,1.1308,1.1053,1.1186,546040.12
2024-04-20 00:00:00,1.1186,1.1288,1.1105,1.1121,240566.57
2024-04-20 01:00:00,1.1121,1.1305,1.1056,1.1263,152003.43
2024-04-20 02:00:00,1.1263,1.1294,1.1203,1.1237,68596.07
2024-04-20 03:00:00,1.1237,1.1254,1.1189,1.1243,43627.93
2024-04-20 04:00:00,1.1243,1.1329,1.1226,1.1314,72373.1
2024-04-20 05:00:00,1.1314,1.138,1.1281,1.1347,84118.25
2024-04-20 06:00:00,1.1347,1.1397,1.1321,1.1373,78760.75
2024-04-20 07:00:00,1.1373,1.1403,1.1342,1.1359,48075.78
2024-04-20 08:00:00,1.1359,1.1364,1.1285,1.1324,92264.41
2024-04-20 09:00:00,1.1324,1.1341,1.1217,1.1287,112498.86
2024-04-20 10:00:00,1.1287,1.1317,1.1217,1.1246,105778.15
2024-04-20 11:00:00,1.1246,1.1319,1.1235,1.1287,185830.93
2024-04-20 12:00:00,1.1287,1.1432,1.1277,1.1378,121760.01
2024-04-20 13:00:00,1.1378,1.1488,1.137,1.1425,264892.9
2024-04-20 14:00:00,1.1425,1.1461,1.1369,1.1423,102714.06
2024-04-20 15:00:00,1.1423,1.1629,1.1369,1.1627,221765.77
2024-04-20 16:00:00,1.1627,1.1709,1.1541,1.1696,163339.93
2024-04-20 17:00:00,1.1696,1.2065,1.1686,1.2012,592962.11
2024-04-20 18:00:00,1.2012,1.2083,1.1922,1.1973,252081.66
2024-04-20 19:00:00,1.1973,1.2032,1.193,1.2025,81078.13
2024-04-20 20:00:00,1.2025,1.2138,1.2009,1.2086,123926.82
2024-04-20 21:00:00,1.2086,1.2158,1.2061,1.2094,91796.38
2024-04-20 22:00:00,1.2094,1.2136,1.2038,1.2041,59338.6
2024-04-20 23:00:00,1.2041,1.2208,1.2041,1.2139,55111.14
2024-04-21 00:00:00,1.2139,1.2139,1.1919,1.199,141096.16
2024-04-21 01:00:00,1.199,1.2126,1.1987,1.2062,177568.54
2024-04-21 02:00:00,1.2062,1.2273,1.204,1.222,112438.34
2024-04-21 03:00:00,1.222,1.2279,1.2123,1.2155,58072.81
2024-04-21 04:00:00,1.2155,1.2165,1.2087,1.2161,84046.9
2024-04-21 05:00:00,1.2161,1.2265,1.2123,1.2137,74632.44
2024-04-21 06:00:00,1.2137,1.2223,1.2102,1.216,86856.69
2024-04-21 07:00:00,1.216,1.2187,1.2081,1.215,37369.56
2024-04-21 08:00:00,1.215,1.2196,1.2075,1.2077,71936.54
2024-04-21 09:00:00,1.2077,1.209,1.2,1.202,112379.84
2024-04-21 10:00:00,1.202,1.2079,1.1969,1.204,203953.36
2024-04-21 11:00:00,1.204,1.2122,1.1997,1.2041,160797.03
2024-04-21 12:00:00,1.2041,1.2063,1.1949,1.1981,203524.46
2024-04-21 13:00:00,1.1981,1.2017,1.1811,1.1856,245147.86
2024-04-21 14:00:00,1.1856,1.1927,1.1827,1.1863,184984.61
2024-04-21 15:00:00,1.1863,1.1984,1.1857,1.1946,112488.88
2024-04-21 16:00:00,1.1946,1.196,1.1685,1.1804,433710.23
2024-04-21 17:00:00,1.1804,1.1881,1.1747,1.1858,57102.98
2024-04-21 18:00:00,1.1858,1.186,1.1805,1.1851,29353.33
2024-04-21 19:00:00,1.1851,1.1908,1.1816,1.182,73005.62
2024-04-21 20:00:00,1.182,1.1914,1.1783,1.1912,43289.78
2024-04-21 21:00:00,1.1912,1.2005,1.1865,1.1867,225876.5
2024-04-21 22:00:00,1.1867,1.196,1.1834,1.1888,29342.9
2024-04-21 23:00:00,1.1888,1.1898,1.1823,1.1881,38705.17
2024-04-22 00:00:00,1.1881,1.2048,1.1867,1.1914,134905.1
2024-04-22 01:00:00,1.1914,1.2064,1.185,1.1877,119163.73
2024-04-22 02:00:00,1.1877,1.1928,1.1807,1.1915,70075.17
2024-04-22 03:00:00,1.1915,1.2191,1.1906,1.2128,336680.78
2024-04-22 04:00:00,1.2128,1.2198,1.2117,1.2174,111048.41
2024-04-22 05:00:00,1.2174,1.2277,1.216,1.2277,126690.66
2024-04-22 06:00:00,1.2277,1.2351,1.225,1.2318,74015.0
2024-04-22 07:00:00,1.2318,1.2382,1.2212,1.2218,109450.91
2024-04-22 08:00:00,1.2218,1.2264,1.2131,1.2143,107283.95
2024-04-22 09:00:00,1.2143,1.2212,1.2106,1.2156,64365.7
2024-04-22 10:00:00,1.2156,1.2202,1.2126,1.2181,62339.28
2024-04-22 11:00:00,1.2181,1.2192,1.2065,1.2084,78147.83
2024-04-22 12:00:00,1.2084,1.2164,1.2053,1.2124,89261.61
2024-04-22 13:00:00,1.2124,1.2156,1.1992,1.21,226553.27
2024-04-22 14:00:00,1.21,1.2124,1.2005,1.2034,87697.33
2024-04-22 15:00:00,1.2034,1.2064,1.1929,1.2037,308112.0
2024-04-22 16:00:00,1.2037,1.212,1.1934,1.1998,92559.51
2024-04-22 17:00:00,1.1998,1.2165,1.1997,1.2092,151219.4
2024-04-22 18:00:00,1.2092,1.213,1.2054,1.206,34388.25
2024-04-22 19:00:00,1.206,1.2072,1.1979,1.2042,33555.64
2024-04-22 20:00:00,1.2042,1.2092,1.2009,1.2042,133638.32
2024-04-22 21:00:00,1.2042,1.2051,1.2005,1.2045,39943.43
2024-04-22 22:00:00,1.2045,1.2158,1.2041,1.2137,49230.91
2024-04-22 23:00:00,1.2137,1.2169,1.2055,1.2068,93173.2
2024-04-23 00:00:00,1.2068,1.2167,1.204,1.2164,79176.82
2024-04-23 01:00:00,1.2164,1.2186,1.2096,1.2096,112871.27
2024-04-23 02:00:00,1.2096,1.2134,1.1981,1.2001,50337.37
2024-04-23 03:00:00,1.2001,1.2031,1.1876,1.1885,177020.2
2024-04-23 04:00:00,1.1885,1.1939,1.1764,1.1833,225238.42
2024-04-23 05:00:00,1.1833,1.1937,1.1811,1.1913,38245.36
2024-04-23 06:00:00,1.1913,1.1951,1.1807,1.184,116502.97
2024-04-23 07:00:00,1.184,1.1877,1.1709,1.1766,121132.3
2024-04-23 08:00:00,1.1766,1.1813,1.1731,1.1803,64650.07
2024-04-23 09:00:00,1.1803,1.1833,1.1772,1.1785,60918.01
2024-04-23 10:00:00,1.1785,1.1893,1.1785,1.182,63766.51
2024-04-23 11:00:00,1.182,1.1833,1.1709,1.1767,105737.85
2024-04-23 12:00:00,1.1767,1.1804,1.1718,1.1804,103517.15
2024-04-23 13:00:00,1.1804,1.1917,1.1756,1.1883,162186.7
2024-04-23 14:00:00,1.1883,1.212,1.1874,1.2038,234954.35
2024-04-23 15:00:00,1.2038,1.2046,1.1841,1.1864,135089.37
2024-04-23 16:00:00,1.1864,1.1935,1.1831,1.1883,86355.34
2024-04-23 17:00:00,1.1883,1.1955,1.1824,1.1905,110348.3
2024-04-23 18:00:00,1.1905,1.1912,1.1774,1.1829,175721.36
2024-04-23 19:00:00,1.1829,1.184,1.177,1.1831,30263.67
2024-04-23 20:00:00,1.1831,1.1843,1.1693,1.1794,914983.77
2024-04-23 21:00:00,1.1794,1.1797,1.1719,1.1746,61638.79
2024-04-23 22:00:00,1.1746,1.1774,1.1696,1.1722,46568.74
2024-04-23 23:00:00,1.1722,1.1779,1.1634,1.1773,212375.04
2024-04-24 00:00:00,1.1773,1.1849,1.1704,1.1812,149481.51
2024-04-24 01:00:00,1.1812,1.1895,1.1804,1.1861,114681.2
2024-04-24 02:00:00,1.1861,1.1877,1.1735,1.1804,25184.6
2024-04-24 03:00:00,1.1804,1.1866,1.1783,1.1812,253467.17
2024-04-24 04:00:00,1.1812,1.1987,1.18,1.1985,153417.94
2024-04-24 05:00:00,1.1985,1.2013,1.1895,1.1952,147028.49
2024-04-24 06:00:00,1.1952,1.1955,1.1855,1.193,109848.39
2024-04-24 07:00:00,1.193,1.1959,1.1868,1.1881,131691.18
2024-04-24 08:00:00,1.1881,1.1931,1.1832,1.1843,87860.65
2024-04-24 09:00:00,1.1843,1.1848,1.1762,1.1828,119940.18
2024-04-24 10:00:00,1.1828,1.1885,1.1799,1.1857,77321.16
2024-04-24 11:00:00,1.1857,1.1989,1.1852,1.1942,228605.32
2024-04-24 12:00:00,1.1942,1.1997,1.1813,1.1829,109088.72
2024-04-24 13:00:00,1.1829,1.1833,1.1621,1.164,731488.41
2024-04-24 14:00:00,1.164,1.1694,1.13,1.1462,1085710.46
2024-04-24 15:00:00,1.1462,1.1473,1.1253,1.1283,275996.55
2024-04-24 16:00:00,1.1283,1.1342,1.1177,1.1298,265392.5
2024-04-24 17:00:00,1.1298,1.145,1.129,1.1371,79997.11
2024-04-24 18:00:00,1.1371,1.1379,1.1147,1.1182,62320.95
2024-04-24 19:00:00,1.1182,1.1305,1.1069,1.1249,97605.62
2024-04-24 20:00:00,1.1249,1.1283,1.11,1.1169,1150614.99
2024-04-24 21:00:00,1.1169,1.1274,1.1101,1.1261,270412.38
2024-04-24 22:00:00,1.1261,1.1273,1.1058,1.1109,432733.28
2024-04-24 23:00:00,1.1109,1.1189,1.0981,1.1143,526014.31
2024-04-25 00:00:00,1.1143,1.1225,1.1112,1.1177,65487.88
2024-04-25 01:00:00,1.1177,1.1221,1.1031,1.1035,114804.61
2024-04-25 02:00:00,1.1035,1.1127,1.0945,1.1067,166922.37
2024-04-25 03:00:00,1.1067,1.1107,1.0923,1.0981,42663.29
2024-04-25 04:00:00,1.0981,1.1083,1.079,1.1066,923846.83
2024-04-25 05:00:00,1.1066,1.1131,1.0993,1.1062,77116.82
2024-04-25 06:00:00,1.1062,1.1129,1.1052,1.1079,48924.51
2024-04-25 07:00:00,1.1079,1.11,1.092,1.0972,828760.47
2024-04-25 08:00:00,1.0972,1.1028,1.089,1.0962,170703.26
2024-04-25 09:00:00,1.0962,1.1045,1.0891,1.0927,63250.73
2024-04-25 10:00:00,1.0927,1.0927,1.0675,1.0737,447162.81
2024-04-25 11:00:00,1.0737,1.0863,1.0709,1.0814,161494.46
2024-04-25 12:00:00,1.0814,1.0938,1.0698,1.075,83437.6
2024-04-25 13:00:00,1.075,1.0873,1.0653,1.0848,155039.47
2024-04-25 14:00:00,1.0848,1.0935,1.0789,1.0834,116541.67
2024-04-25 15:00:00,1.0834,1.1023,1.0808,1.1006,146671.24
2024-04-25 16:00:00,1.1006,1.1043,1.0943,1.1018,66496.68
2024-04-25 17:00:00,1.1018,1.1078,1.0964,1.1041,126506.43
2024-04-25 18:00:00,1.1041,1.1068,1.0985,1.1068,58565.42
2024-04-25 19:00:00,1.1068,1.1068,1.096,1.1011,39326.85
2024-04-25 20:00:00,1.1011,1.1077,1.0968,1.1039,64132.47
2024-04-25 21:00:00,1.1039,1.1119,1.1018,1.1043,149818.17
2024-04-25 22:00:00,1.1043,1.1043,1.0921,1.093,129117.7
2024-04-25 23:00:00,1.093,1.0956,1.088,1.0886,91898.9
2024-04-26 00:00:00,1.0886,1.0909,1.0717,1.0793,143899.97
2024-04-26 01:00:00,1.0793,1.0835,1.0589,1.0773,266689.95
2024-04-26 02:00:00,1.0773,1.0913,1.0758,1.0848,100836.88
2024-04-26 03:00:00,1.0848,1.0874,1.0772,1.078,62257.63
2024-04-26 04:00:00,1.078,1.0862,1.0712,1.0795,176885.93
2024-04-26 05:00:00,1.0795,1.092,1.078,1.0908,123368.54
2024-04-26 06:00:00,1.0908,1.0914,1.0781,1.082,109411.2
2024-04-26 07:00:00,1.082,1.0865,1.0752,1.0775,166761.16
2024-04-26 08:00:00,1.0775,1.0848,1.0754,1.0789,64262.24
2024-04-26 09:00:00,1.0789,1.0872,1.0763,1.0796,72901.24
2024-04-26 10:00:00,1.0796,1.0844,1.0651,1.0677,126492.31
2024-04-26 11:00:00,1.0677,1.0723,1.067,1.069,64313.72
2024-04-26 12:00:00,1.069,1.0788,1.0638,1.0685,217700.6
2024-04-26 13:00:00,1.0685,1.0797,1.0511,1.0789,335000.47
2024-04-26 14:00:00,1.0789,1.0928,1.0692,1.0709,194171.04
2024-04-26 15:00:00,1.0709,1.0743,1.059,1.0666,147178.21
2024-04-26 16:00:00,1.0666,1.0717,1.0633,1.0698,142411.92
2024-04-26 17:00:00,1.0698,1.0776,1.0678,1.0764,142040.28
2024-04-26 18:00:00,1.0764,1.0814,1.0718,1.0741,64679.09
2024-04-26 19:00:00,1.0741,1.0746,1.0681,1.0684,37569.58
2024-04-26 20:00:00,1.0684,1.0795,1.0684,1.0766,59163.24
2024-04-26 21:00:00,1.0766,1.0807,1.0721,1.0797,45798.99
2024-04-26 22:00:00,1.0797,1.0797,1.0583,1.0598,118036.85
2024-04-26 23:00:00,1.0598,1.0655,1.0598,1.0634,53990.39
2024-04-27 00:00:00,1.0634,1.0722,1.048,1.0595,355000.29
2024-04-27 01:00:00,1.0595,1.0606,0.9997,1.0304,2037878.75
2024-04-27 02:00:00,1.0304,1.0513,1.0271,1.0455,170082.57
2024-04-27 03:00:00,1.0455,1.0554,1.0454,1.0515,165508.41
2024-04-27 04:00:00,1.0515,1.0589,1.0508,1.0563,277937.03
2024-04-27 05:00:00,1.0563,1.0569,1.0482,1.0511,123585.06
2024-04-27 06:00:00,1.0511,1.0567,1.0468,1.0489,298670.19
2024-04-27 07:00:00,1.0489,1.0538,1.0458,1.0461,139012.37
2024-04-27 08:00:00,1.0461,1.0514,1.0446,1.049,68827.64
2024-04-27 09:00:00,1.049,1.0512,1.0436,1.0454,66372.56
2024-04-27 10:00:00,1.0454,1.046,1.0341,1.0362,107407.97
2024-04-27 11:00:00,1.0362,1.0443,1.0313,1.0398,134609.8
2024-04-27 12:00:00,1.0398,1.0511,1.0391,1.049,74208.37
2024-04-27 13:00:00,1.049,1.0565,1.0477,1.0505,112524.92
2024-04-27 14:00:00,1.0505,1.0587,1.0475,1.0515,82555.45
2024-04-27 15:00:00,1.0515,1.0555,1.041,1.0437,240492.03
2024-04-27 16:00:00,1.0437,1.0479,1.0402,1.0405,304088.93
2024-04-27 17:00:00,1.0405,1.1184,1.0397,1.1147,2278645.45
2024-04-27 18:00:00,1.1147,1.1272,1.0835,1.1093,1757218.1
2024-04-27 19:00:00,1.1093,1.113,1.0939,1.1015,268527.87
2024-04-27 20:00:00,1.1015,1.1077,1.0923,1.0995,135469.6
2024-04-27 21:00:00,1.0995,1.1049,1.094,1.1032,69212.19
2024-04-27 22:00:00,1.1032,1.1066,1.1012,1.1031,138957.87
2024-04-27 23:00:00,1.1031,1.1259,1.1027,1.1235,225555.42
2024-04-28 00:00:00,1.1235,1.1258,1.1138,1.1221,420800.95
2024-04-28 01:00:00,1.1221,1.1368,1.1163,1.1297,149516.89
2024-04-28 02:00:00,1.1297,1.1661,1.1254,1.1632,444934.85
2024-04-28 03:00:00,1.1632,1.1686,1.1535,1.1537,241240.14
2024-04-28 04:00:00,1.1537,1.155,1.1428,1.144,349375.95
2024-04-28 05:00:00,1.144,1.1547,1.1415,1.1504,193733.18
2024-04-28 06:00:00,1.1504,1.1585,1.1468,1.1539,165896.7
2024-04-28 07:00:00,1.1539,1.1633,1.1482,1.1535,251666.59
2024-04-28 08:00:00,1.1535,1.1562,1.1388,1.1436,154341.6
2024-04-28 09:00:00,1.1436,1.1476,1.1333,1.1382,181544.11
2024-04-28 10:00:00,1.1382,1.1407,1.124,1.129,393854.42
2024-04-28 11:00:00,1.129,1.1306,1.1103,1.1155,460195.05
2024-04-28 12:00:00,1.1155,1.1277,1.1141,1.1214,188972.43
2024-04-28 13:00:00,1.1214,1.1336,1.1209,1.1283,141921.15
2024-04-28 14:00:00,1.1283,1.1354,1.1209,1.1308,163177.16
2024-04-28 15:00:00,1.1308,1.1432,1.1279,1.1401,158784.55
2024-04-28 16:00:00,1.1401,1.1464,1.1326,1.1388,207268.0
2024-04-28 17:00:00,1.1388,1.1407,1.1333,1.1382,40728.34
2024-04-28 18:00:00,1.1382,1.1464,1.1359,1.145,148165.99
2024-04-28 19:00:00,1.145,1.1452,1.1304,1.133,219022.6
2024-04-28 20:00:00,1.133,1.1354,1.1286,1.1344,59413.18
2024-04-28 21:00:00,1.1344,1.1346,1.1247,1.1277,132394.16
2024-04-28 22:00:00,1.1277,1.1297,1.1078,1.111,384254.61
2024-04-28 23:00:00,1.111,1.111,1.094,1.0995,447135.25
2024-04-29 00:00:00,1.0995,1.1085,1.0965,1.1047,321839.04
2024-04-29 01:00:00,1.1047,1.1095,1.0961,1.104,220352.1
2024-04-29 02:00:00,1.104,1.106,1.0742,1.0809,1653312.12
2024-04-29 03:00:00,1.0809,1.0834,1.067,1.0694,453969.77
2024-04-29 04:00:00,1.0694,1.0849,1.0661,1.0807,245972.54
2024-04-29 05:00:00,1.0807,1.0825,1.0722,1.0814,173667.44
2024-04-29 06:00:00,1.0814,1.0817,1.047,1.0512,307064.94
2024-04-29 07:00:00,1.0512,1.0596,1.0497,1.058,716334.63
2024-04-29 08:00:00,1.058,1.0591,1.0474,1.0578,371922.78
2024-04-29 09:00:00,1.0578,1.0639,1.0512,1.0594,160816.14
2024-04-29 10:00:00,1.0594,1.0652,1.0505,1.0559,119483.8
2024-04-29 11:00:00,1.0559,1.0589,1.0486,1.0528,207613.32
2024-04-29 12:00:00,1.0528,1.0617,1.0433,1.0605,529528.34
2024-04-29 13:00:00,1.0605,1.0629,1.0425,1.0477,515337.58
2024-04-29 14:00:00,1.0477,1.0655,1.044,1.0626,216558.31
2024-04-29 15:00:00,1.0626,1.0649,1.0565,1.0625,285144.16
2024-04-29 16:00:00,1.0625,1.0641,1.0371,1.042,225648.21
2024-04-29 17:00:00,1.042,1.0496,1.0391,1.0455,104607.44
2024-04-29 18:00:00,1.0455,1.047,1.0386,1.0464,113522.41
2024-04-29 19:00:00,1.0464,1.0491,1.0392,1.0488,198270.77
2024-04-29 20:00:00,1.0488,1.0528,1.0414,1.0442,150470.12
2024-04-29 21:00:00,1.0442,1.0448,1.0326,1.0409,275384.94
2024-04-29 22:00:00,1.0409,1.0611,1.0392,1.0577,155603.87
2024-04-29 23:00:00,1.0577,1.0648,1.0547,1.0551,224941.31
2024-04-30 00:00:00,1.0551,1.0682,1.05,1.0663,266506.08
2024-04-30 01:00:00,1.0663,1.0663,1.0452,1.0452,130258.3
2024-04-30 02:00:00,1.0452,1.0595,1.0356,1.0518,349201.97
2024-04-30 03:00:00,1.0518,1.0544,1.037,1.0389,241557.66
2024-04-30 04:00:00,1.0389,1.0407,1.0313,1.0346,217679.82
2024-04-30 05:00:00,1.0346,1.0395,1.0274,1.036,190068.47
2024-04-30 06:00:00,1.036,1.0423,1.0335,1.0411,249903.37
2024-04-30 07:00:00,1.0411,1.0421,1.0331,1.0359,107822.22
2024-04-30 08:00:00,1.0359,1.0403,1.0052,1.0125,1101743.99
2024-04-30 09:00:00,1.0125,1.0218,1.0085,1.0154,149579.23
2024-04-30 10:00:00,1.0154,1.0195,1.0092,1.015,189110.02
2024-04-30 11:00:00,1.015,1.015,0.9925,0.9986,366078.31
2024-04-30 12:00:00,0.9986,1.0039,0.9766,0.9978,496905.14
2024-04-30 13:00:00,0.9978,1.0005,0.9817,0.9859,153676.48
2024-04-30 14:00:00,0.9859,1.0003,0.9799,0.9986,421410.77
2024-04-30 15:00:00,0.9986,1.0019,0.9833,0.9913,133260.76
2024-04-30 16:00:00,0.9913,0.9913,0.9666,0.987,393113.96
2024-04-30 17:00:00,0.987,0.9928,0.9834,0.9879,246353.36
2024-04-30 18:00:00,0.9879,0.9914,0.9807,0.988,109406.84
2024-04-30 19:00:00,0.988,0.9919,0.9702,0.9794,249566.49
2024-04-30 20:00:00,0.9794,0.9981,0.9794,0.9942,158153.36
2024-04-30 21:00:00,0.9942,1.0026,0.9942,0.9987,70615.13
2024-04-30 22:00:00,0.9987,1.0316,0.9987,1.0223,392936.69
2024-04-30 23:00:00,1.0223,1.0262,1.0184,1.0214,548069.28
2024-05-01 00:00:00,1.0214,1.0247,1.0056,1.0116,334642.62
2024-05-01 01:00:00,1.0116,1.018,1.0021,1.0151,77432.7
2024-05-01 02:00:00,1.0151,1.0166,1.0005,1.0133,570250.64
2024-05-01 03:00:00,1.0133,1.0235,1.0122,1.0215,41399.33
2024-05-01 04:00:00,1.0215,1.0388,1.0209,1.0355,173707.97
2024-05-01 05:00:00,1.0355,1.0394,1.0216,1.0276,220516.38
2024-05-01 06:00:00,1.0276,1.0284,1.0097,1.012,294782.68
2024-05-01 07:00:00,1.012,1.0143,0.984,0.9914,1117636.81
2024-05-01 08:00:00,0.9914,0.9962,0.9691,0.9941,894639.92
2024-05-01 09:00:00,0.9941,1.0139,0.9924,1.0077,332705.57
2024-05-01 10:00:00,1.0077,1.013,1.002,1.009,179233.8
2024-05-01 11:00:00,1.009,1.0188,1.0023,1.0183,224661.39
2024-05-01 12:00:00,1.0183,1.038,1.0154,1.0307,1035131.14
2024-05-01 13:00:00,1.0307,1.0331,1.0158,1.0163,238596.02
2024-05-01 14:00:00,1.0163,1.0214,1.0085,1.019,192349.53
2024-05-01 15:00:00,1.019,1.0199,1.0011,1.0133,207926.96
2024-05-01 16:00:00,1.0133,1.0241,1.0053,1.0084,501055.33
2024-05-01 17:00:00,1.0084,1.0272,1.0012,1.0219,166137.5
2024-05-01 18:00:00,1.0219,1.0559,1.0219,1.0465,652692.01
2024-05-01 19:00:00,1.0465,1.0526,1.01,1.0183,696049.09
2024-05-01 20:00:00,1.0183,1.0238,1.0101,1.0202,97604.84
2024-05-01 21:00:00,1.0202,1.0316,1.0174,1.0266,68401.56
2024-05-01 22:00:00,1.0266,1.0309,1.0199,1.0218,98039.44
2024-05-01 23:00:00,1.0218,1.0352,1.0184,1.0284,126074.0
2024-05-02 00:00:00,1.0284,1.0331,1.0171,1.0193,234663.41
2024-05-02 01:00:00,1.0193,1.0232,1.0027,1.0093,238672.68
2024-05-02 02:00:00,1.0093,1.0133,1.005,1.01,60661.28
2024-05-02 03:00:00,1.01,1.0164,1.0095,1.0126,148782.44
2024-05-02 04:00:00,1.0126,1.0167,1.0067,1.009,84975.55
2024-05-02 05:00:00,1.009,1.0095,0.9957,1.0032,1317533.66
2024-05-02 06:00:00,1.0032,1.0074,1.0011,1.0048,79862.12
2024-05-02 07:00:00,1.0048,1.0125,1.0043,1.0067,114405.0
2024-05-02 08:00:00,1.0067,1.0188,1.0057,1.0162,82909.99
2024-05-02 09:00:00,1.0162,1.024,1.0149,1.0229,165960.89
2024-05-02 10:00:00,1.0229,1.0266,1.0167,1.0262,306740.13
2024-05-02 11:00:00,1.0262,1.0367,1.0254,1.033,408871.44
2024-05-02 12:00:00,1.033,1.0383,1.0268,1.027,117407.52
2024-05-02 13:00:00,1.027,1.0323,1.015,1.0192,234034.72
2024-05-02 14:00:00,1.0192,1.0313,1.0137,1.0294,158038.59
2024-05-02 15:00:00,1.0294,1.0396,1.0274,1.0332,178566.58
2024-05-02 16:00:00,1.0332,1.0341,1.0233,1.0254,133469.1
2024-05-02 17:00:00,1.0254,1.0328,1.023,1.029,85425.65
2024-05-02 18:00:00,1.029,1.0355,1.0199,1.0296,287409.88
2024-05-02 19:00:00,1.0296,1.0296,1.0235,1.0267,112616.54
2024-05-02 20:00:00,1.0267,1.0274,1.015,1.0236,85787.78
2024-05-02 21:00:00,1.0236,1.0375,1.0227,1.0318,202396.19
2024-05-02 22:00:00,1.0318,1.0398,1.0311,1.033,131423.36
2024-05-02 23:00:00,1.033,1.0341,1.0272,1.0274,39612.95
2024-05-03 00:00:00,1.0274,1.0297,1.023,1.0282,101025.54
2024-05-03 01:00:00,1.0282,1.0458,1.0281,1.0412,123134.97
2024-05-03 02:00:00,1.0412,1.0512,1.0388,1.0407,82777.34
2024-05-03 03:00:00,1.0407,1.0465,1.0397,1.0399,137865.5
2024-05-03 04:00:00,1.0399,1.0432,1.0346,1.0376,135421.09
2024-05-03 05:00:00,1.0376,1.0407,1.0334,1.0338,111135.51
2024-05-03 06:00:00,1.0338,1.0363,1.0266,1.0277,254534.19
2024-05-03 07:00:00,1.0277,1.0314,1.0171,1.0198,390911.34
2024-05-03 08:00:00,1.0198,1.0246,1.017,1.0203,89416.92
2024-05-03 09:00:00,1.0203,1.0321,1.0202,1.0271,100220.87
2024-05-03 10:00:00,1.0271,1.0278,1.0148,1.0202,274089.23
2024-05-03 11:00:00,1.0202,1.0212,1.015,1.019,125758.35
2024-05-03 12:00:00,1.019,1.0459,1.0165,1.0411,419248.45
2024-05-03 13:00:00,1.0411,1.0546,1.0394,1.0539,518085.22
2024-05-03 14:00:00,1.0539,1.0562,1.0426,1.0499,365003.58
2024-05-03 15:00:00,1.0499,1.0646,1.0453,1.0609,521758.15
2024-05-03 16:00:00,1.0609,1.0688,1.0603,1.066,240227.69
2024-05-03 17:00:00,1.066,1.0739,1.065,1.0735,114154.62
2024-05-03 18:00:00,1.0735,1.0749,1.061,1.0625,125853.65
2024-05-03 19:00:00,1.0625,1.0633,1.0548,1.0619,161031.48
2024-05-03 20:00:00,1.0619,1.0767,1.0597,1.0711,141343.51
2024-05-03 21:00:00,1.0711,1.0737,1.0628,1.0693,332433.02
2024-05-03 22:00:00,1.0693,1.0723,1.0661,1.0664,272743.56
2024-05-03 23:00:00,1.0664,1.0709,1.0629,1.0635,86922.25
2024-05-04 00:00:00,1.0635,1.0743,1.0622,1.0686,230898.26
2024-05-04 01:00:00,1.0686,1.0766,1.0646,1.0646,226844.61
2024-05-04 02:00:00,1.0646,1.0646,1.056,1.0606,71943.56
2024-05-04 03:00:00,1.0606,1.0675,1.0593,1.0639,74659.77
2024-05-04 04:00:00,1.0639,1.0702,1.0621,1.067,52332.24
2024-05-04 05:00:00,1.067,1.0687,1.0593,1.0669,92159.74
2024-05-04 06:00:00,1.0669,1.0689,1.0622,1.0627,95532.72
2024-05-04 07:00:00,1.0627,1.0649,1.058,1.0585,80013.21
2024-05-04 08:00:00,1.0585,1.0645,1.058,1.0644,110602.98
2024-05-04 09:00:00,1.0644,1.0682,1.0636,1.0659,88281.59
2024-05-04 10:00:00,1.0659,1.0844,1.0642,1.0833,237029.1
2024-05-04 11:00:00,1.0833,1.0845,1.0646,1.0686,594238.71
2024-05-04 12:00:00,1.0686,1.078,1.0654,1.0769,164172.72
2024-05-04 13:00:00,1.0769,1.0784,1.0589,1.0658,160716.84
2024-05-04 14:00:00,1.0658,1.0685,1.0606,1.0661,62192.86
2024-05-04 15:00:00,1.0661,1.068,1.0624,1.0665,150348.75
2024-05-04 16:00:00,1.0665,1.0711,1.0631,1.0711,153668.56
2024-05-04 17:00:00,1.0711,1.0713,1.0621,1.0652,55272.0
2024-05-04 18:00:00,1.0652,1.0731,1.0641,1.0694,132406.85
2024-05-04 19:00:00,1.0694,1.075,1.067,1.0738,58021.56
2024-05-04 20:00:00,1.0738,1.0782,1.0707,1.0712,141736.27
2024-05-04 21:00:00,1.0712,1.0714,1.0597,1.0642,164838.57
2024-05-04 22:00:00,1.0642,1.0647,1.0578,1.06,195743.75
2024-05-04 23:00:00,1.06,1.0621,1.0587,1.0598,233243.94
2024-05-05 00:00:00,1.0598,1.0615,1.0457,1.0551,439165.27
2024-05-05 01:00:00,1.0551,1.0566,1.0359,1.0435,592290.17
2024-05-05 02:00:00,1.0435,1.0471,1.0398,1.0401,230350.22
2024-05-05 03:00:00,1.0401,1.0432,1.0357,1.0424,83540.5
2024-05-05 04:00:00,1.0424,1.0439,1.0403,1.0425,98559.6
2024-05-05 05:00:00,1.0425,1.0448,1.036,1.037,86658.52
2024-05-05 06:00:00,1.037,1.0421,1.033,1.0395,107087.38
2024-05-05 07:00:00,1.0395,1.0484,1.0389,1.0458,139376.36
2024-05-05 08:00:00,1.0458,1.0607,1.0444,1.0543,213314.81
2024-05-05 09:00:00,1.0543,1.055,1.0485,1.0548,83123.47
2024-05-05 10:00:00,1.0548,1.0577,1.0461,1.0496,87869.33
2024-05-05 11:00:00,1.0496,1.0536,1.0471,1.0525,83806.07
2024-05-05 12:00:00,1.0525,1.0532,1.0464,1.0473,47169.28
2024-05-05 13:00:00,1.0473,1.0557,1.0439,1.0551,301734.08
2024-05-05 14:00:00,1.0551,1.0662,1.0473,1.0649,126234.87
2024-05-05 15:00:00,1.0649,1.0891,1.0629,1.0848,619271.35
2024-05-05 16:00:00,1.0848,1.0938,1.0812,1.0833,409920.93
2024-05-05 17:00:00,1.0833,1.0908,1.0806,1.0851,84740.14
2024-05-05 18:00:00,1.0851,1.0851,1.0668,1.0724,340633.78
2024-05-05 19:00:00,1.0724,1.0768,1.0713,1.075,60674.25
2024-05-05 20:00:00,1.075,1.0771,1.0664,1.0701,88413.09
2024-05-05 21:00:00,1.0701,1.0701,1.064,1.0693,67150.17
2024-05-05 22:00:00,1.0693,1.074,1.0667,1.0694,391148.18
2024-05-05 23:00:00,1.0694,1.072,1.0677,1.0698,98285.83
2024-05-06 00:00:00,1.0698,1.081,1.0691,1.0786,60185.34
2024-05-06 01:00:00,1.0786,1.085,1.0753,1.0784,131557.81
2024-05-06 02:00:00,1.0784,1.0858,1.0717,1.0718,111286.86
2024-05-06 03:00:00,1.0718,1.0751,1.0665,1.0697,94820.5
2024-05-06 04:00:00,1.0697,1.0826,1.0675,1.0826,54373.13
2024-05-06 05:00:00,1.0826,1.1061,1.0789,1.1049,256692.1
2024-05-06 06:00:00,1.1049,1.117,1.1009,1.1152,387470.7
2024-05-06 07:00:00,1.1152,1.131,1.1082,1.1242,1062180.54
2024-05-06 08:00:00,1.1242,1.1273,1.1131,1.1152,438993.9
2024-05-06 09:00:00,1.1152,1.1229,1.1151,1.1214,125973.22
2024-05-06 10:00:00,1.1214,1.1225,1.0863,1.0932,385412.3
2024-05-06 11:00:00,1.0932,1.1027,1.0924,1.0962,193291.9
2024-05-06 12:00:00,1.0962,1.0992,1.0611,1.0714,1466707.2
2024-05-06 13:00:00,1.0714,1.0831,1.0684,1.0778,333792.75
2024-05-06 14:00:00,1.0778,1.0853,1.0628,1.0638,255964.18
2024-05-06 15:00:00,1.0638,1.0765,1.0556,1.0724,462918.78
2024-05-06 16:00:00,1.0724,1.075,1.0608,1.0622,208188.03
2024-05-06 17:00:00,1.0622,1.0701,1.0566,1.062,253983.0
2024-05-06 18:00:00,1.062,1.0703,1.0592,1.0661,135012.97
2024-05-06 19:00:00,1.0661,1.0661,1.0515,1.0637,336766.01
2024-05-06 20:00:00,1.0637,1.0703,1.0614,1.0686,123117.13
2024-05-06 21:00:00,1.0686,1.073,1.0676,1.0719,32131.01
2024-05-06 22:00:00,1.0719,1.0722,1.0647,1.0668,59263.47
2024-05-06 23:00:00,1.0668,1.0672,1.0583,1.0584,43608.94
2024-05-07 00:00:00,1.0584,1.0662,1.0498,1.0606,245471.51
2024-05-07 01:00:00,1.0606,1.0708,1.0593,1.0704,64367.81
2024-05-07 02:00:00,1.0704,1.071,1.0666,1.0677,48361.32
2024-05-07 03:00:00,1.0677,1.0685,1.0391,1.0498,309067.66
2024-05-07 04:00:00,1.0498,1.0576,1.047,1.0566,107797.01
2024-05-07 05:00:00,1.0566,1.0574,1.046,1.0536,174701.97
2024-05-07 06:00:00,1.0536,1.0554,1.0469,1.0514,238959.17
2024-05-07 07:00:00,1.0514,1.0588,1.0496,1.0569,154413.67
2024-05-07 08:00:00,1.0569,1.0729,1.0552,1.0711,218083.35
2024-05-07 09:00:00,1.0711,1.0748,1.0662,1.0671,171295.57
2024-05-07 10:00:00,1.0671,1.0679,1.0595,1.064,184478.18
2024-05-07 11:00:00,1.064,1.0685,1.0513,1.0523,265074.63
2024-05-07 12:00:00,1.0523,1.0608,1.0523,1.0594,97695.38
2024-05-07 13:00:00,1.0594,1.0621,1.0492,1.0548,180633.31
2024-05-07 14:00:00,1.0548,1.0707,1.0487,1.0694,270665.24
2024-05-07 15:00:00,1.0694,1.0733,1.0604,1.0627,262875.84
2024-05-07 16:00:00,1.0627,1.0671,1.0583,1.0604,40690.77
2024-05-07 17:00:00,1.0604,1.0607,1.0551,1.0574,83241.76
2024-05-07 18:00:00,1.0574,1.0574,1.042,1.0508,233357.72
2024-05-07 19:00:00,1.0508,1.0537,1.0488,1.0499,55247.43
2024-05-07 20:00:00,1.0499,1.0543,1.0465,1.0498,119444.53
2024-05-07 21:00:00,1.0498,1.0527,1.037,1.0448,175213.79
2024-05-07 22:00:00,1.0448,1.0449,1.0345,1.0379,129021.68
2024-05-07 23:00:00,1.0379,1.0379,1.0232,1.0239,429678.38
2024-05-08 00:00:00,1.0239,1.0289,1.0104,1.0254,616526.27
2024-05-08 01:00:00,1.0254,1.03,1.0208,1.0236,139293.41
2024-05-08 02:00:00,1.0236,1.0286,1.0228,1.0257,39485.65
2024-05-08 03:00:00,1.0257,1.0305,1.0218,1.028,64864.27
2024-05-08 04:00:00,1.028,1.0321,1.014,1.02,89591.5
2024-05-08 05:00:00,1.02,1.0256,1.0146,1.0217,160799.66
2024-05-08 06:00:00,1.0217,1.0248,1.0089,1.0199,208498.84
2024-05-08 07:00:00,1.0199,1.022,1.0117,1.0129,125741.85
2024-05-08 08:00:00,1.0129,1.0203,1.0076,1.0142,611420.55
2024-05-08 09:00:00,1.0142,1.017,1.0066,1.016,179376.72
2024-05-08 10:00:00,1.016,1.0209,1.0152,1.0188,124788.73
2024-05-08 11:00:00,1.0188,1.0199,1.0105,1.0147,137789.78
2024-05-08 12:00:00,1.0147,1.0204,1.01,1.0178,99487.09
2024-05-08 13:00:00,1.0178,1.0362,1.0132,1.0357,357839.96
2024-05-08 14:00:00,1.0357,1.0417,1.0261,1.0366,344011.09
2024-05-08 15:00:00,1.0366,1.037,1.0195,1.0322,458282.7
2024-05-08 16:00:00,1.0322,1.0333,1.0234,1.0332,334331.71
2024-05-08 17:00:00,1.0332,1.0424,1.0326,1.0363,307933.25
2024-05-08 18:00:00,1.0363,1.0444,1.0355,1.0381,272922.91
2024-05-08 19:00:00,1.0381,1.0407,1.0267,1.032,282876.21
2024-05-08 20:00:00,1.032,1.0362,1.0109,1.0175,495027.79
2024-05-08 21:00:00,1.0175,1.0272,1.014,1.0226,99034.28
2024-05-08 22:00:00,1.0226,1.0267,1.0165,1.0248,207914.03
2024-05-08 23:00:00,1.0248,1.0291,1.0228,1.0271,65976.94
2024-05-09 00:00:00,1.0271,1.0329,1.0257,1.031,70083.27
2024-05-09 01:00:00,1.031,1.0349,1.0288,1.031,85881.5
2024-05-09 02:00:00,1.031,1.0336,1.0277,1.0303,61109.54
2024-05-09 03:00:00,1.0303,1.0312,1.0245,1.0301,115716.31
2024-05-09 04:00:00,1.0301,1.0331,1.0253,1.0258,73249.78
2024-05-09 05:00:00,1.0258,1.0348,1.0251,1.0311,77165.86
2024-05-09 06:00:00,1.0311,1.0354,1.0265,1.0283,104084.6
2024-05-09 07:00:00,1.0283,1.0294,1.0143,1.0182,300985.91
2024-05-09 08:00:00,1.0182,1.0215,1.0162,1.0211,150749.2
2024-05-09 09:00:00,1.0211,1.0229,1.0063,1.015,282127.45
2024-05-09 10:00:00,1.015,1.015,1.0,1.0,297611.89
2024-05-09 11:00:00,1.0,1.0142,0.9978,1.0111,849353.17
2024-05-09 12:00:00,1.0111,1.0217,1.0103,1.0155,228223.06
2024-05-09 13:00:00,1.0155,1.0164,1.0019,1.009,358674.79
2024-05-09 14:00:00,1.009,1.0179,1.0064,1.0173,156436.54
2024-05-09 15:00:00,1.0173,1.0283,1.0151,1.0259,223794.4
2024-05-09 16:00:00,1.0259,1.0346,1.0222,1.0232,353035.4
2024-05-09 17:00:00,1.0232,1.0294,1.0216,1.0264,216825.82
2024-05-09 18:00:00,1.0264,1.0315,1.0261,1.0301,64854.46
2024-05-09 19:00:00,1.0301,1.0327,1.0279,1.03,45109.08
2024-05-09 20:00:00,1.03,1.0334,1.0261,1.0294,49863.53
2024-05-09 21:00:00,1.0294,1.036,1.0288,1.0327,173548.98
2024-05-09 22:00:00,1.0327,1.046,1.031,1.0423,132885.48
2024-05-09 23:00:00,1.0423,1.0432,1.036,1.0397,246368.49
2024-05-10 00:00:00,1.0397,1.0415,1.0327,1.0346,138789.28
2024-05-10 01:00:00,1.0346,1.0375,1.0306,1.0369,117539.4
2024-05-10 02:00:00,1.0369,1.0376,1.0302,1.0328,130207.75
2024-05-10 03:00:00,1.0328,1.0369,1.0292,1.0368,91270.76
2024-05-10 04:00:00,1.0368,1.0454,1.0363,1.0412,203854.95
2024-05-10 05:00:00,1.0412,1.0422,1.036,1.0394,140325.66
2024-05-10 06:00:00,1.0394,1.0525,1.0391,1.0503,148081.38
2024-05-10 07:00:00,1.0503,1.0526,1.0468,1.0483,200329.69
2024-05-10 08:00:00,1.0483,1.0489,1.0421,1.0456,223541.02
2024-05-10 09:00:00,1.0456,1.0456,1.0408,1.0435,132904.95
2024-05-10 10:00:00,1.0435,1.0438,1.039,1.0421,55955.62
2024-05-10 11:00:00,1.0421,1.0484,1.0379,1.0478,202366.09
2024-05-10 12:00:00,1.0478,1.0501,1.0425,1.0447,928467.96
2024-05-10 13:00:00,1.0447,1.0454,1.0392,1.0437,118869.64
2024-05-10 14:00:00,1.0437,1.0451,1.0015,1.01,1297090.21
2024-05-10 15:00:00,1.01,1.0173,1.0037,1.008,383372.48
2024-05-10 16:00:00,1.008,1.0117,0.9893,1.0064,622107.77
2024-05-10 17:00:00,1.0064,1.0075,0.9908,0.9966,351782.28
2024-05-10 18:00:00,0.9966,1.0022,0.9917,1.0014,135147.25
2024-05-10 19:00:00,1.0014,1.0039,0.9927,0.9947,84961.43
2024-05-10 20:00:00,0.9947,0.9979,0.9818,0.9907,289181.75
2024-05-10 21:00:00,0.9907,0.9942,0.9859,0.9935,115070.78
2024-05-10 22:00:00,0.9935,0.996,0.9851,0.9908,76021.05
2024-05-10 23:00:00,0.9908,0.9966,0.9902,0.9938,44297.94
2024-05-11 00:00:00,0.9938,0.998,0.9923,0.9959,76532.26
2024-05-11 01:00:00,0.9959,1.0063,0.9956,1.0002,66123.57
2024-05-11 02:00:00,1.0002,1.003,0.9962,1.001,61074.71
2024-05-11 03:00:00,1.001,1.0023,0.9951,0.998,65810.08
2024-05-11 04:00:00,0.998,0.9989,0.996,0.9966,67826.6
2024-05-11 05:00:00,0.9966,1.0022,0.9966,0.9989,141837.75
2024-05-11 06:00:00,0.9989,1.0021,0.998,0.9983,49294.28
2024-05-11 07:00:00,0.9983,1.0029,0.9976,1.0019,33664.17
2024-05-11 08:00:00,1.0019,1.0034,0.9922,0.9926,96668.86
2024-05-11 09:00:00,0.9926,0.9956,0.99,0.9956,46047.33
2024-05-11 10:00:00,0.9956,0.9956,0.9876,0.9933,67337.78
2024-05-11 11:00:00,0.9933,0.9959,0.9839,0.9927,117251.86
2024-05-11 12:00:00,0.9927,0.9986,0.992,0.9972,129410.57
2024-05-11 13:00:00,0.9972,1.0031,0.9952,1.0021,72283.52
2024-05-11 14:00:00,1.0021,1.0037,0.9975,0.9999,87971.45
2024-05-11 15:00:00,0.9999,1.0123,0.9998,1.0061,383965.24
2024-05-11 16:00:00,1.0061,1.0099,1.0029,1.0051,700398.68
2024-05-11 17:00:00,1.0051,1.0087,1.0034,1.007,107267.39
2024-05-11 18:00:00,1.007,1.0096,1.0044,1.0075,35977.57
2024-05-11 19:00:00,1.0075,1.0087,1.0058,1.0071,36925.14
2024-05-11 20:00:00,1.0071,1.0073,0.9993,1.0036,113502.05
2024-05-11 21:00:00,1.0036,1.0038,0.9996,1.0011,39765.83
2024-05-11 22:00:00,1.0011,1.0025,0.9992,1.0007,22125.5
2024-05-11 23:00:00,1.0007,1.0024,0.9961,0.9988,53981.91
2024-05-12 00:00:00,0.9988,1.0045,0.9982,1.001,58441.55
2024-05-12 01:00:00,1.001,1.0024,0.9973,0.9985,93893.19
2024-05-12 02:00:00,0.9985,1.002,0.9967,1.0004,82859.33
2024-05-12 03:00:00,1.0004,1.0015,0.9987,1.0005,29388.36
2024-05-12 04:00:00,1.0005,1.0055,1.0,1.0053,56896.51
2024-05-12 05:00:00,1.0053,1.0053,1.0023,1.0032,27304.84
2024-05-12 06:00:00,1.0032,1.0038,0.9996,1.0008,97099.1
2024-05-12 07:00:00,1.0008,1.0022,0.9921,0.9956,220070.32
2024-05-12 08:00:00,0.9956,1.0,0.9929,0.9982,76001.88
2024-05-12 09:00:00,0.9982,0.9994,0.9956,0.999,74184.47
2024-05-12 10:00:00,0.999,1.0069,0.9984,1.0029,124208.1
2024-05-12 11:00:00,1.0029,1.0052,1.001,1.002,54977.84
2024-05-12 12:00:00,1.002,1.0052,1.0003,1.0029,83231.68
2024-05-12 13:00:00,1.0029,1.0087,1.0019,1.0077,36403.56
2024-05-12 14:00:00,1.0077,1.0098,1.0042,1.0048,94515.93
2024-05-12 15:00:00,1.0048,1.0107,1.0025,1.0069,135786.76
2024-05-12 16:00:00,1.0069,1.0105,1.0014,1.0015,109542.98
2024-05-12 17:00:00,1.0015,1.0018,0.9954,1.0007,150154.63
2024-05-12 18:00:00,1.0007,1.0008,0.9941,0.9952,505796.21
2024-05-12 19:00:00,0.9952,0.9954,0.9916,0.9947,75860.44
2024-05-12 20:00:00,0.9947,0.9958,0.9923,0.9935,40880.59
2024-05-12 21:00:00,0.9935,0.994,0.9853,0.9933,301414.46
2024-05-12 22:00:00,0.9933,0.9965,0.9928,0.9956,44170.5
2024-05-12 23:00:00,0.9956,0.9979,0.9947,0.9957,54189.85
2024-05-13 00:00:00,0.9957,1.001,0.9957,0.9976,53117.38
2024-05-13 01:00:00,0.9976,0.9977,0.978,0.9843,391970.29
2024-05-13 02:00:00,0.9843,0.9878,0.9523,0.9625,1636822.18
2024-05-13 03:00:00,0.9625,0.9642,0.9491,0.9639,235123.7
2024-05-13 04:00:00,0.9639,0.9639,0.9545,0.9594,114792.13
2024-05-13 05:00:00,0.9594,0.9647,0.9566,0.9583,250705.57
2024-05-13 06:00:00,0.9583,0.9788,0.9583,0.9762,243959.17
2024-05-13 07:00:00,0.9762,0.9932,0.9732,0.9907,295972.5
2024-05-13 08:00:00,0.9907,1.0016,0.9907,0.9979,315145.4
2024-05-13 09:00:00,0.9979,1.0035,0.9965,1.0001,166207.38
2024-05-13 10:00:00,1.0001,1.0001,0.9849,0.9918,384746.47
2024-05-13 11:00:00,0.9918,0.9938,0.9858,0.9918,136884.11
2024-05-13 12:00:00,0.9918,0.9945,0.9867,0.9921,170778.82
2024-05-13 13:00:00,0.9921,0.9954,0.9865,0.9879,156725.29
2024-05-13 14:00:00,0.9879,0.9949,0.9868,0.9875,137233.28
2024-05-13 15:00:00,0.9875,0.9959,0.9874,0.9919,106999.43
2024-05-13 16:00:00,0.9919,1.0,0.9886,0.9991,183347.84
2024-05-13 17:00:00,0.9991,0.9998,0.982,0.9841,210107.74
2024-05-13 18:00:00,0.9841,0.9853,0.9764,0.982,156746.33
2024-05-13 19:00:00,0.982,0.9884,0.982,0.9876,53825.56
2024-05-13 20:00:00,0.9876,0.9877,0.9823,0.9847,41379.82
2024-05-13 21:00:00,0.9847,0.9851,0.9828,0.9846,145860.08
2024-05-13 22:00:00,0.9846,0.9867,0.9762,0.9775,170578.86
2024-05-13 23:00:00,0.9775,0.9828,0.9775,0.9806,113821.43
2024-05-14 00:00:00,0.9806,0.9863,0.9771,0.9796,83246.14
2024-05-14 01:00:00,0.9796,0.9842,0.9737,0.9763,74482.86
2024-05-14 02:00:00,0.9763,0.9794,0.9704,0.9779,159408.89
2024-05-14 03:00:00,0.9779,0.9822,0.9757,0.9791,75949.63
2024-05-14 04:00:00,0.9791,0.9852,0.9783,0.9817,40471.7
2024-05-14 05:00:00,0.9817,0.9875,0.9801,0.982,127506.83
2024-05-14 06:00:00,0.982,0.982,0.958,0.9717,323522.97
2024-05-14 07:00:00,0.9717,0.9774,0.9701,0.9759,189473.9
2024-05-14 08:00:00,0.9759,0.9769,0.9685,0.9739,175459.01
2024-05-14 09:00:00,0.9739,0.9745,0.9667,0.9684,91311.12
2024-05-14 10:00:00,0.9684,0.9705,0.9656,0.968,86398.47
2024-05-14 11:00:00,0.968,0.9715,0.9668,0.9674,70751.97
2024-05-14 12:00:00,0.9674,0.9732,0.959,0.959,198754.67
2024-05-14 13:00:00,0.959,0.9653,0.955,0.9572,193418.26
2024-05-14 14:00:00,0.9572,0.9676,0.9441,0.9567,442350.74
2024-05-14 15:00:00,0.9567,0.9656,0.9535,0.9575,77842.47
2024-05-14 16:00:00,0.9575,0.9583,0.9503,0.9545,227502.45
2024-05-14 17:00:00,0.9545,0.9545,0.9412,0.9477,170819.71
2024-05-14 18:00:00,0.9477,0.9527,0.9465,0.95,47078.31
2024-05-14 19:00:00,0.95,0.9513,0.94,0.94,107425.08
2024-05-14 20:00:00,0.94,0.9403,0.9316,0.9389,401642.55
2024-05-14 21:00:00,0.9389,0.9415,0.9353,0.9396,121837.16
2024-05-14 22:00:00,0.9396,0.9411,0.9338,0.9359,85220.16
2024-05-14 23:00:00,0.9359,0.9366,0.9301,0.9339,145596.8
2024-05-15 00:00:00,0.9339,0.9421,0.927,0.9303,95683.01
2024-05-15 01:00:00,0.9303,0.9406,0.9303,0.9379,54620.79
2024-05-15 02:00:00,0.9379,0.9438,0.9375,0.9422,37160.56
2024-05-15 03:00:00,0.9422,0.9457,0.9419,0.9447,81357.11
2024-05-15 04:00:00,0.9447,0.9455,0.9404,0.9409,111574.84
2024-05-15 05:00:00,0.9409,0.9417,0.9317,0.9341,146460.86
2024-05-15 06:00:00,0.9341,0.9356,0.9312,0.9353,101135.05
2024-05-15 07:00:00,0.9353,0.9418,0.9349,0.9404,63689.75
2024-05-15 08:00:00,0.9404,0.9415,0.9268,0.9292,265164.69
2024-05-15 09:00:00,0.9292,0.9429,0.923,0.9392,334256.13
2024-05-15 10:00:00,0.9392,0.9455,0.9363,0.9407,175570.13
2024-05-15 11:00:00,0.9407,0.941,0.9273,0.9336,216730.91
2024-05-15 12:00:00,0.9336,0.9652,0.9319,0.9641,726586.27
2024-05-15 13:00:00,0.9641,0.9791,0.9602,0.9689,472460.66
2024-05-15 14:00:00,0.9689,0.9817,0.9661,0.9816,266372.06
2024-05-15 15:00:00,0.9816,0.9839,0.9737,0.9793,380724.09
2024-05-15 16:00:00,0.9793,0.9864,0.9747,0.9797,384077.71
2024-05-15 17:00:00,0.9797,0.9845,0.9782,0.983,252297.26
2024-05-15 18:00:00,0.983,0.9912,0.9764,0.9811,470620.13
2024-05-15 19:00:00,0.9811,0.9939,0.9787,0.9935,309909.96
2024-05-15 20:00:00,0.9935,0.9955,0.9881,0.9943,262125.94
2024-05-15 21:00:00,0.9943,0.9968,0.9864,0.9871,186000.24
2024-05-15 22:00:00,0.9871,0.9946,0.9871,0.9913,121136.4
2024-05-15 23:00:00,0.9913,0.9956,0.9897,0.9921,64448.8
2024-05-16 00:00:00,0.9921,0.994,0.9823,0.9871,141124.02
2024-05-16 01:00:00,0.9871,0.9911,0.9857,0.9889,63683.27
2024-05-16 02:00:00,0.9889,0.9892,0.9822,0.9844,84426.79
2024-05-16 03:00:00,0.9844,0.9917,0.9813,0.99,188762.83
2024-05-16 04:00:00,0.99,0.9917,0.9856,0.989,81467.47
2024-05-16 05:00:00,0.989,0.9893,0.9825,0.984,101471.36
2024-05-16 06:00:00,0.984,0.9899,0.982,0.9865,238456.88
2024-05-16 07:00:00,0.9865,0.998,0.9865,0.9952,234518.6
2024-05-16 08:00:00,0.9952,0.997,0.9881,0.9891,203696.94
2024-05-16 09:00:00,0.9891,0.9954,0.9861,0.9954,311828.85
2024-05-16 10:00:00,0.9954,0.9956,0.981,0.9829,318579.28
2024-05-16 11:00:00,0.9829,0.9832,0.9758,0.982,243956.15
2024-05-16 12:00:00,0.982,0.982,0.9647,0.9663,329959.0
2024-05-16 13:00:00,0.9663,0.9766,0.9608,0.9754,365475.09
2024-05-16 14:00:00,0.9754,0.9754,0.9502,0.9519,803543.9
2024-05-16 15:00:00,0.9519,0.9658,0.9515,0.9638,251575.24
2024-05-16 16:00:00,0.9638,0.9648,0.958,0.9625,171642.8
2024-05-16 17:00:00,0.9625,0.9659,0.9557,0.9651,186286.52
2024-05-16 18:00:00,0.9651,0.97,0.9637,0.9678,133443.97
2024-05-16 19:00:00,0.9678,0.9727,0.9665,0.9691,91100.53
2024-05-16 20:00:00,0.9691,0.97,0.965,0.9668,54496.35
2024-05-16 21:00:00,0.9668,0.9672,0.9615,0.9658,95640.26
2024-05-16 22:00:00,0.9658,0.9678,0.9606,0.967,83632.39
2024-05-16 23:00:00,0.967,0.9733,0.9645,0.9704,70279.08
2024-05-17 00:00:00,0.9704,0.9745,0.9692,0.9738,144535.15
2024-05-17 01:00:00,0.9738,0.9742,0.9658,0.9714,122851.56
2024-05-17 02:00:00,0.9714,0.9792,0.9706,0.9754,75233.2
2024-05-17 03:00:00,0.9754,0.981,0.974,0.9768,120525.56
2024-05-17 04:00:00,0.9768,0.9792,0.9732,0.9736,97762.59
2024-05-17 05:00:00,0.9736,0.9754,0.9714,0.9733,48542.29
2024-05-17 06:00:00,0.9733,0.9838,0.9703,0.9825,188128.18
2024-05-17 07:00:00,0.9825,1.0087,0.9821,1.0029,444369.23
2024-05-17 08:00:00,1.0029,1.014,0.9988,0.9996,440006.47
2024-05-17 09:00:00,0.9996,1.0125,0.9981,1.0093,204258.12
2024-05-17 10:00:00,1.0093,1.0133,1.0031,1.0114,198982.24
2024-05-17 11:00:00,1.0114,1.0143,1.0059,1.0125,303139.86
2024-05-17 12:00:00,1.0125,1.0331,1.0048,1.0299,806018.83
2024-05-17 13:00:00,1.0299,1.035,1.0125,1.0167,392539.89
2024-05-17 14:00:00,1.0167,1.0318,1.0166,1.0316,262425.97
2024-05-17 15:00:00,1.0316,1.0587,1.0251,1.0542,779581.45
2024-05-17 16:00:00,1.0542,1.0727,1.0491,1.0505,689880.2
2024-05-17 17:00:00,1.0505,1.0567,1.045,1.0459,218306.63
2024-05-17 18:00:00,1.0459,1.046,1.0357,1.038,1027246.21
2024-05-17 19:00:00,1.038,1.0385,1.0322,1.0357,143268.76
2024-05-17 20:00:00,1.0357,1.0393,1.0291,1.0305,141779.13
2024-05-17 21:00:00,1.0305,1.0312,1.0239,1.029,128632.39
2024-05-17 22:00:00,1.029,1.0328,1.0287,1.0317,54562.29
2024-05-17 23:00:00,1.0317,1.034,1.0288,1.029,69887.88
2024-05-18 00:00:00,1.029,1.0296,1.0191,1.0227,240939.64
2024-05-18 01:00:00,1.0227,1.0328,1.0183,1.0308,136765.44
2024-05-18 02:00:00,1.0308,1.0308,1.0216,1.0226,145887.21
2024-05-18 03:00:00,1.0226,1.0311,1.0226,1.0291,206165.37
2024-05-18 04:00:00,1.0291,1.0301,1.0202,1.0203,342937.79
2024-05-18 05:00:00,1.0203,1.0228,1.0168,1.0173,95625.14
2024-05-18 06:00:00,1.0173,1.0205,1.0169,1.0201,147879.1
2024-05-18 07:00:00,1.0201,1.0251,1.0179,1.019,325026.33
2024-05-18 08:00:00,1.019,1.0267,1.018,1.0232,508215.4
2024-05-18 09:00:00,1.0232,1.0303,1.0214,1.0297,116436.24
2024-05-18 10:00:00,1.0297,1.0328,1.0226,1.0266,132273.26
2024-05-18 11:00:00,1.0266,1.0266,1.0225,1.023,115820.91
2024-05-18 12:00:00,1.023,1.0236,1.0129,1.0133,372045.32
2024-05-18 13:00:00,1.0133,1.0162,1.0031,1.0065,827682.33
2024-05-18 14:00:00,1.0065,1.0104,1.0023,1.0072,246958.59
2024-05-18 15:00:00,1.0072,1.0143,1.006,1.011,234000.85
2024-05-18 16:00:00,1.011,1.0149,1.0085,1.0114,188460.08
2024-05-18 17:00:00,1.0114,1.0172,1.011,1.0141,114887.98
2024-05-18 18:00:00,1.0141,1.0156,1.0125,1.0147,76563.32
2024-05-18 19:00:00,1.0147,1.0154,1.012,1.0148,58565.64
2024-05-18 20:00:00,1.0148,1.0223,1.0127,1.0201,188721.25
2024-05-18 21:00:00,1.0201,1.0214,1.0137,1.0162,135602.19
2024-05-18 22:00:00,1.0162,1.0194,1.0135,1.0161,99151.8
2024-05-18 23:00:00,1.0161,1.0188,1.0147,1.0173,50540.35
2024-05-19 00:00:00,1.0173,1.0184,1.0136,1.0142,93174.33
2024-05-19 01:00:00,1.0142,1.0181,1.0121,1.013,95332.94
2024-05-19 02:00:00,1.013,1.0248,1.0128,1.0238,209117.01
2024-05-19 03:00:00,1.0238,1.0273,1.0184,1.0198,226848.31
2024-05-19 04:00:00,1.0198,1.0198,1.0141,1.0181,81235.99
2024-05-19 05:00:00,1.0181,1.0189,1.0143,1.0152,56941.6
2024-05-19 06:00:00,1.0152,1.0156,1.0059,1.0082,425896.64
2024-05-19 07:00:00,1.0082,1.0114,1.0054,1.0109,114839.5
2024-05-19 08:00:00,1.0109,1.0109,1.003,1.0062,186989.73
2024-05-19 09:00:00,1.0062,1.0071,0.999,1.0056,517402.18
2024-05-19 10:00:00,1.0056,1.0118,1.004,1.0067,291932.11
2024-05-19 11:00:00,1.0067,1.007,0.9965,1.0042,807599.4
2024-05-19 12:00:00,1.0042,1.0043,0.9865,0.989,1122058.74
2024-05-19 13:00:00,0.989,0.9911,0.9785,0.9893,1781139.29
2024-05-19 14:00:00,0.9893,0.9912,0.9851,0.9885,132632.83
2024-05-19 15:00:00,0.9885,0.9887,0.9803,0.9877,378772.73
2024-05-19 16:00:00,0.9877,0.988,0.9718,0.9732,603691.82
2024-05-19 17:00:00,0.9732,0.9819,0.9732,0.9782,144816.04
2024-05-19 18:00:00,0.9782,0.9797,0.9728,0.9754,66854.4
2024-05-19 19:00:00,0.9754,0.9818,0.972,0.9735,135024.1
2024-05-19 20:00:00,0.9735,0.9772,0.9719,0.9741,153678.2
2024-05-19 21:00:00,0.9741,0.9751,0.9621,0.9715,493860.27
2024-05-19 22:00:00,0.9715,0.9757,0.9705,0.9737,71680.36
2024-05-19 23:00:00,0.9737,0.9745,0.9691,0.9703,66775.98
2024-05-20 00:00:00,0.9703,0.9718,0.9633,0.9671,392167.05
2024-05-20 01:00:00,0.9671,0.9684,0.946,0.9623,669588.9
2024-05-20 02:00:00,0.9623,0.9737,0.9613,0.9683,447501.58
2024-05-20 03:00:00,0.9683,0.9718,0.9676,0.9678,148990.88
2024-05-20 04:00:00,0.9678,0.9854,0.9668,0.9821,260506.33
2024-05-20 05:00:00,0.9821,0.9914,0.9821,0.9852,275810.95
2024-05-20 06:00:00,0.9852,0.9855,0.96,0.9642,621873.12
2024-05-20 07:00:00,0.9642,0.9791,0.9621,0.9756,388953.72
2024-05-20 08:00:00,0.9756,0.9797,0.9736,0.9762,462323.21
2024-05-20 09:00:00,0.9762,0.979,0.9722,0.9726,138357.05
2024-05-20 10:00:00,0.9726,0.9802,0.9705,0.975,393204.38
2024-05-20 11:00:00,0.975,0.9811,0.9696,0.9728,428974.03
2024-05-20 12:00:00,0.9728,0.9757,0.9656,0.9683,745826.56
2024-05-20 13:00:00,0.9683,0.975,0.9659,0.9738,536304.15
2024-05-20 14:00:00,0.9738,0.98,0.9676,0.9726,1713086.02
2024-05-20 15:00:00,0.9726,0.9849,0.9698,0.983,237971.83
2024-05-20 16:00:00,0.983,0.9964,0.9821,0.9926,933331.66
2024-05-20 17:00:00,0.9926,0.999,0.9883,0.9983,190309.57
2024-05-20 18:00:00,0.9983,1.0067,0.9952,1.0006,811086.04
2024-05-20 19:00:00,1.0006,1.073,0.9964,1.0694,3134918.57
2024-05-20 20:00:00,1.0694,1.1086,1.0643,1.0887,3161797.59
2024-05-20 21:00:00,1.0887,1.1263,1.0836,1.1254,1596794.47
2024-05-20 22:00:00,1.1254,1.1269,1.1051,1.1052,1467696.87
2024-05-20 23:00:00,1.1052,1.1279,1.1051,1.1265,577554.32
2024-05-21 00:00:00,1.1265,1.1684,1.1265,1.1666,1779725.94
2024-05-21 01:00:00,1.1666,1.1666,1.1308,1.1616,1299206.13
2024-05-21 02:00:00,1.1616,1.1639,1.1483,1.1512,257341.47
2024-05-21 03:00:00,1.1512,1.1624,1.1491,1.1567,443443.85
2024-05-21 04:00:00,1.1567,1.1597,1.1331,1.1333,475442.26
2024-05-21 05:00:00,1.1333,1.1389,1.1205,1.136,636399.1
2024-05-21 06:00:00,1.136,1.1525,1.1352,1.1477,574274.27
2024-05-21 07:00:00,1.1477,1.1609,1.1384,1.1564,644591.72
2024-05-21 08:00:00,1.1564,1.1564,1.1425,1.1454,718556.04
2024-05-21 09:00:00,1.1454,1.1496,1.1335,1.1463,666195.92
2024-05-21 10:00:00,1.1463,1.1609,1.1436,1.1587,468261.78
2024-05-21 11:00:00,1.1587,1.2285,1.1573,1.2088,3377228.15
2024-05-21 12:00:00,1.2088,1.2272,1.1929,1.2179,2732209.14
2024-05-21 13:00:00,1.2179,1.2347,1.1989,1.204,1417298.68
2024-05-21 14:00:00,1.204,1.2335,1.1967,1.2002,1955612.72
2024-05-21 15:00:00,1.2002,1.2124,1.1879,1.1929,1223876.17
2024-05-21 16:00:00,1.1929,1.2202,1.1854,1.1924,1984854.25
2024-05-21 17:00:00,1.1924,1.1976,1.1817,1.1908,602468.63
2024-05-21 18:00:00,1.1908,1.1963,1.1826,1.1862,164567.53
2024-05-21 19:00:00,1.1862,1.1872,1.1573,1.1678,1034228.85
2024-05-21 20:00:00,1.1678,1.1794,1.1671,1.176,400801.84
2024-05-21 21:00:00,1.176,1.1794,1.1676,1.1764,350367.71
2024-05-21 22:00:00,1.1764,1.2049,1.1753,1.2009,604616.51
2024-05-21 23:00:00,1.2009,1.2073,1.1917,1.2025,588467.94
2024-05-22 00:00:00,1.2025,1.2126,1.1868,1.191,486750.45
2024-05-22 01:00:00,1.191,1.1961,1.1876,1.1948,250412.8
2024-05-22 02:00:00,1.1948,1.1964,1.1813,1.1922,396145.75
2024-05-22 03:00:00,1.1922,1.1964,1.1854,1.1888,116809.86
2024-05-22 04:00:00,1.1888,1.1894,1.1569,1.1725,904885.02
2024-05-22 05:00:00,1.1725,1.1808,1.164,1.1803,319519.0
2024-05-22 06:00:00,1.1803,1.1893,1.179,1.1825,361518.24
2024-05-22 07:00:00,1.1825,1.1848,1.1736,1.1743,164360.0
2024-05-22 08:00:00,1.1743,1.1824,1.166,1.1776,215918.77
2024-05-22 09:00:00,1.1776,1.178,1.1512,1.1559,745247.01
2024-05-22 10:00:00,1.1559,1.1636,1.1523,1.162,477811.61
2024-05-22 11:00:00,1.162,1.1752,1.1459,1.1467,1730859.8
2024-05-22 12:00:00,1.1467,1.155,1.1137,1.114,2337165.49
2024-05-22 13:00:00,1.114,1.1263,1.1076,1.1263,1098626.69
2024-05-22 14:00:00,1.1263,1.1436,1.1191,1.1399,1040943.76
2024-05-22 15:00:00,1.1399,1.151,1.1302,1.1472,533468.03
2024-05-22 16:00:00,1.1472,1.1531,1.141,1.1477,262851.89
2024-05-22 17:00:00,1.1477,1.1577,1.1394,1.1413,832179.03
2024-05-22 18:00:00,1.1413,1.1444,1.1262,1.1379,547093.58
2024-05-22 19:00:00,1.1379,1.1479,1.1352,1.1415,222580.63
2024-05-22 20:00:00,1.1415,1.1505,1.1343,1.1403,630392.65
2024-05-22 21:00:00,1.1403,1.1564,1.1329,1.1533,751565.29
2024-05-22 22:00:00,1.1533,1.1545,1.1403,1.1439,182361.56
2024-05-22 23:00:00,1.1439,1.1459,1.1376,1.1414,55902.28
2024-05-23 00:00:00,1.1414,1.1609,1.1382,1.1534,222708.05
2024-05-23 01:00:00,1.1534,1.1625,1.1391,1.15,179660.42
2024-05-23 02:00:00,1.15,1.1571,1.1491,1.1523,49045.8
2024-05-23 03:00:00,1.1523,1.1586,1.1476,1.1559,76242.03
2024-05-23 04:00:00,1.1559,1.1758,1.1491,1.1696,308128.61
2024-05-23 05:00:00,1.1696,1.1698,1.1546,1.1574,247377.85
2024-05-23 06:00:00,1.1574,1.1798,1.1513,1.1696,399772.8
2024-05-23 07:00:00,1.1696,1.1874,1.1624,1.1801,461201.7
2024-05-23 08:00:00,1.1801,1.1829,1.169,1.1823,230502.69
2024-05-23 09:00:00,1.1823,1.199,1.1819,1.1864,1015509.36
2024-05-23 10:00:00,1.1864,1.1987,1.1785,1.1863,583109.5
2024-05-23 11:00:00,1.1863,1.24,1.1861,1.2381,1644070.6
2024-05-23 12:00:00,1.2381,1.2589,1.1643,1.2146,3772148.8
2024-05-23 13:00:00,1.2146,1.2242,1.1316,1.1751,3737948.82
2024-05-23 14:00:00,1.1751,1.1992,1.1716,1.1734,1073104.71
2024-05-23 15:00:00,1.1734,1.2078,1.1692,1.1922,1376477.67
2024-05-23 16:00:00,1.1922,1.1953,1.1746,1.1852,236352.68
2024-05-23 17:00:00,1.1852,1.202,1.1806,1.1813,312941.85
2024-05-23 18:00:00,1.1813,1.1917,1.152,1.1886,820906.22
2024-05-23 19:00:00,1.1886,1.2058,1.1769,1.1888,821765.61
2024-05-23 20:00:00,1.1888,1.1891,1.0986,1.1833,2713481.21
2024-05-23 21:00:00,1.1833,1.2537,1.1832,1.227,5020851.94
2024-05-23 22:00:00,1.227,1.233,1.2068,1.2154,808361.64
2024-05-23 23:00:00,1.2154,1.2192,1.192,1.2027,1109535.54
2024-05-24 00:00:00,1.2027,1.2346,1.1816,1.2178,940355.18
2024-05-24 01:00:00,1.2178,1.2237,1.2072,1.2116,234087.14
2024-05-24 02:00:00,1.2116,1.2233,1.1973,1.2183,630163.19
2024-05-24 03:00:00,1.2183,1.2261,1.2045,1.2203,248866.98
2024-05-24 04:00:00,1.2203,1.2249,1.205,1.2068,399249.04
2024-05-24 05:00:00,1.2068,1.2073,1.1666,1.17,520213.58
2024-05-24 06:00:00,1.17,1.1764,1.1403,1.1427,598432.47
2024-05-24 07:00:00,1.1427,1.1529,1.1366,1.1466,362975.85
2024-05-24 08:00:00,1.1466,1.1466,1.1227,1.1446,399694.16
2024-05-24 09:00:00,1.1446,1.1467,1.1334,1.1441,510743.22
2024-05-24 10:00:00,1.1441,1.1586,1.1423,1.1495,335913.05
2024-05-24 11:00:00,1.1495,1.156,1.1479,1.1532,197434.47
2024-05-24 12:00:00,1.1532,1.1616,1.148,1.1571,421755.81
2024-05-24 13:00:00,1.1571,1.1738,1.152,1.1541,413454.77
2024-05-24 14:00:00,1.1541,1.1714,1.1478,1.1634,340659.24
2024-05-24 15:00:00,1.1634,1.1733,1.1536,1.1559,354922.21
2024-05-24 16:00:00,1.1559,1.1573,1.1415,1.1468,295933.27
2024-05-24 17:00:00,1.1468,1.162,1.1441,1.1607,368720.47
2024-05-24 18:00:00,1.1607,1.1778,1.1579,1.1666,343808.75
2024-05-24 19:00:00,1.1666,1.1731,1.1628,1.1721,168337.9
2024-05-24 20:00:00,1.1721,1.1754,1.1661,1.1691,161739.05
2024-05-24 21:00:00,1.1691,1.1715,1.1636,1.166,154137.84
2024-05-24 22:00:00,1.166,1.1673,1.1552,1.1595,91019.12
2024-05-24 23:00:00,1.1595,1.1605,1.1524,1.1577,105108.76
2024-05-25 00:00:00,1.1577,1.1617,1.1476,1.1521,229268.5
2024-05-25 01:00:00,1.1521,1.1679,1.1521,1.1614,90757.56
2024-05-25 02:00:00,1.1614,1.1673,1.1596,1.1624,166090.76
2024-05-25 03:00:00,1.1624,1.1809,1.1624,1.1809,145288.78
2024-05-25 04:00:00,1.1809,1.1965,1.1791,1.1919,212605.47
2024-05-25 05:00:00,1.1919,1.2075,1.1873,1.2022,202855.04
2024-05-25 06:00:00,1.2022,1.2097,1.195,1.1971,329323.6
2024-05-25 07:00:00,1.1971,1.2085,1.1949,1.1996,345735.44
2024-05-25 08:00:00,1.1996,1.2011,1.1876,1.1899,228399.7
2024-05-25 09:00:00,1.1899,1.1998,1.188,1.198,365170.19
2024-05-25 10:00:00,1.198,1.2067,1.1956,1.2021,334620.71
2024-05-25 11:00:00,1.2021,1.2032,1.1889,1.1899,274126.86
2024-05-25 12:00:00,1.1899,1.1931,1.1836,1.1893,179362.74
2024-05-25 13:00:00,1.1893,1.1955,1.1809,1.189,144775.81
2024-05-25 14:00:00,1.189,1.2002,1.1859,1.1994,200510.97
2024-05-25 15:00:00,1.1994,1.2027,1.193,1.1992,341909.78
2024-05-25 16:00:00,1.1992,1.2033,1.1941,1.1956,245373.39
2024-05-25 17:00:00,1.1956,1.2028,1.1898,1.1905,500428.24
2024-05-25 18:00:00,1.1905,1.2003,1.1899,1.2,141697.4
2024-05-25 19:00:00,1.2,1.2026,1.1967,1.1984,95905.21
2024-05-25 20:00:00,1.1984,1.1992,1.187,1.188,339415.98
2024-05-25 21:00:00,1.188,1.1896,1.1829,1.1856,167369.46
2024-05-25 22:00:00,1.1856,1.1857,1.179,1.1823,212872.55
2024-05-25 23:00:00,1.1823,1.1913,1.1823,1.1905,125112.3
2024-05-26 00:00:00,1.1905,1.1966,1.1858,1.1911,284984.26
2024-05-26 01:00:00,1.1911,1.2021,1.191,1.2001,230393.7
2024-05-26 02:00:00,1.2001,1.2012,1.1793,1.1834,472646.61
2024-05-26 03:00:00,1.1834,1.1965,1.1768,1.1965,601170.67
2024-05-26 04:00:00,1.1965,1.1972,1.1807,1.1828,144269.05
2024-05-26 05:00:00,1.1828,1.1905,1.1795,1.1904,100813.63
2024-05-26 06:00:00,1.1904,1.1908,1.1848,1.1899,276302.22
2024-05-26 07:00:00,1.1899,1.2039,1.1881,1.1973,594949.85
2024-05-26 08:00:00,1.1973,1.2107,1.1916,1.2004,529677.81
2024-05-26 09:00:00,1.2004,1.2168,1.1887,1.1948,909935.82
2024-05-26 10:00:00,1.1948,1.2066,1.1901,1.2039,316944.09
2024-05-26 11:00:00,1.2039,1.2206,1.2039,1.2092,377208.99
2024-05-26 12:00:00,1.2092,1.2092,1.1923,1.1932,375967.32
2024-05-26 13:00:00,1.1932,1.1966,1.1788,1.1877,941732.98
2024-05-26 14:00:00,1.1877,1.217,1.1861,1.2165,624155.45
2024-05-26 15:00:00,1.2165,1.2291,1.2021,1.209,745992.43
2024-05-26 16:00:00,1.209,1.2304,1.2054,1.2192,383822.49
2024-05-26 17:00:00,1.2192,1.2219,1.206,1.2075,246040.22
2024-05-26 18:00:00,1.2075,1.2095,1.1964,1.2052,871233.44
2024-05-26 19:00:00,1.2052,1.2196,1.2052,1.2189,809556.85
2024-05-26 20:00:00,1.2189,1.2192,1.2099,1.2105,220710.58
2024-05-26 21:00:00,1.2105,1.2105,1.1927,1.2084,399971.32
2024-05-26 22:00:00,1.2084,1.2099,1.2035,1.2046,60582.02
2024-05-26 23:00:00,1.2046,1.2052,1.1919,1.1922,165676.85
2024-05-27 00:00:00,1.1922,1.2078,1.192,1.2008,230177.96
2024-05-27 01:00:00,1.2008,1.236,1.1971,1.2333,506021.78
2024-05-27 02:00:00,1.2333,1.2577,1.2279,1.2466,1008980.63
2024-05-27 03:00:00,1.2466,1.2687,1.2447,1.2576,1273054.92
2024-05-27 04:00:00,1.2576,1.2753,1.254,1.2633,1103127.71
2024-05-27 05:00:00,1.2633,1.2695,1.2462,1.2633,1245627.21
2024-05-27 06:00:00,1.2633,1.2633,1.2466,1.2477,616147.26
2024-05-27 07:00:00,1.2477,1.2566,1.247,1.2542,421263.7
2024-05-27 08:00:00,1.2542,1.268,1.2426,1.2493,370840.27
2024-05-27 09:00:00,1.2493,1.2506,1.2354,1.2368,454168.51
2024-05-27 10:00:00,1.2368,1.24,1.2301,1.2379,585254.53
2024-05-27 11:00:00,1.2379,1.2441,1.2266,1.2318,574175.51
2024-05-27 12:00:00,1.2318,1.235,1.2244,1.2327,281146.08
2024-05-27 13:00:00,1.2327,1.2457,1.2309,1.2412,437785.07
2024-05-27 14:00:00,1.2412,1.2473,1.2217,1.2348,1223931.32
2024-05-27 15:00:00,1.2348,1.2538,1.2313,1.2472,695943.16
2024-05-27 16:00:00,1.2472,1.2515,1.2393,1.2418,294078.44
2024-05-27 17:00:00,1.2418,1.2426,1.2326,1.2384,333939.06
2024-05-27 18:00:00,1.2384,1.2418,1.235,1.2365,136277.1
2024-05-27 19:00:00,1.2365,1.2387,1.2128,1.2196,397404.76
2024-05-27 20:00:00,1.2196,1.2359,1.2179,1.2345,175247.28
2024-05-27 21:00:00,1.2345,1.2387,1.228,1.2311,143725.11
2024-05-27 22:00:00,1.2311,1.2381,1.2274,1.2292,89973.49
2024-05-27 23:00:00,1.2292,1.2327,1.2264,1.23,87378.31
2024-05-28 00:00:00,1.23,1.23,1.2135,1.2167,315635.04
2024-05-28 01:00:00,1.2167,1.2277,1.2006,1.2044,801259.24
2024-05-28 02:00:00,1.2044,1.2089,1.1944,1.2054,1246759.64
2024-05-28 03:00:00,1.2054,1.2082,1.1879,1.1926,422417.86
2024-05-28 04:00:00,1.1926,1.1934,1.1694,1.1736,734991.43
2024-05-28 05:00:00,1.1736,1.1832,1.1697,1.1832,781073.09
2024-05-28 06:00:00,1.1832,1.1846,1.1766,1.1796,240535.38
2024-05-28 07:00:00,1.1796,1.1834,1.1753,1.1802,201685.07
2024-05-28 08:00:00,1.1802,1.1928,1.1789,1.1915,286415.27
2024-05-28 09:00:00,1.1915,1.2002,1.1883,1.1982,186338.47
2024-05-28 10:00:00,1.1982,1.215,1.1959,1.2049,1050121.69
2024-05-28 11:00:00,1.2049,1.2238,1.2004,1.2111,1046406.28
2024-05-28 12:00:00,1.2111,1.2146,1.2029,1.2044,453977.83
2024-05-28 13:00:00,1.2044,1.2237,1.197,1.2025,1894209.29
2024-05-28 14:00:00,1.2025,1.209,1.1903,1.1985,541544.28
2024-05-28 15:00:00,1.1985,1.211,1.1909,1.2069,252717.03
2024-05-28 16:00:00,1.2069,1.2118,1.1904,1.1948,419013.12
2024-05-28 17:00:00,1.1948,1.2017,1.1917,1.1948,172507.18
2024-05-28 18:00:00,1.1948,1.2018,1.179,1.1912,1636070.34
2024-05-28 19:00:00,1.1912,1.2115,1.1902,1.2086,477445.22
2024-05-28 20:00:00,1.2086,1.2106,1.2016,1.2044,234745.56
2024-05-28 21:00:00,1.2044,1.2071,1.1998,1.203,73491.58
2024-05-28 22:00:00,1.203,1.2073,1.202,1.2038,87491.6
2024-05-28 23:00:00,1.2038,1.2064,1.1996,1.1998,98321.01
2024-05-29 00:00:00,1.1998,1.2101,1.194,1.1968,553446.6
2024-05-29 01:00:00,1.1968,1.2002,1.185,1.1907,242525.09
2024-05-29 02:00:00,1.1907,1.1966,1.1849,1.1906,119036.72
2024-05-29 03:00:00,1.1906,1.1996,1.1906,1.1929,80408.37
2024-05-29 04:00:00,1.1929,1.2065,1.1917,1.1977,776670.62
2024-05-29 05:00:00,1.1977,1.2009,1.1939,1.1945,219670.5
2024-05-29 06:00:00,1.1945,1.1977,1.189,1.1906,106309.15
2024-05-29 07:00:00,1.1906,1.1906,1.1743,1.1772,694194.88
2024-05-29 08:00:00,1.1772,1.1811,1.1599,1.1738,850937.13
2024-05-29 09:00:00,1.1738,1.1795,1.1693,1.1743,221085.05
2024-05-29 10:00:00,1.1743,1.1829,1.1733,1.1828,183138.34
2024-05-29 11:00:00,1.1828,1.1829,1.1741,1.1746,127463.79
2024-05-29 12:00:00,1.1746,1.184,1.1652,1.1708,344012.86
2024-05-29 13:00:00,1.1708,1.1818,1.1603,1.1683,500848.4
2024-05-29 14:00:00,1.1683,1.1703,1.156,1.1609,602399.97
2024-05-29 15:00:00,1.1609,1.1648,1.1503,1.1532,586057.27
2024-05-29 16:00:00,1.1532,1.1606,1.1436,1.16,466366.68
2024-05-29 17:00:00,1.16,1.1651,1.1563,1.1625,84567.04
2024-05-29 18:00:00,1.1625,1.1645,1.1565,1.1602,112941.51
2024-05-29 19:00:00,1.1602,1.1628,1.1508,1.1515,95006.66
2024-05-29 20:00:00,1.1515,1.154,1.1489,1.1493,138952.57
2024-05-29 21:00:00,1.1493,1.1519,1.1401,1.1483,199729.28
2024-05-29 22:00:00,1.1483,1.1486,1.1413,1.1454,263835.13
2024-05-29 23:00:00,1.1454,1.1478,1.1395,1.1409,119342.75
2024-05-30 00:00:00,1.1409,1.149,1.136,1.1376,657783.84
2024-05-30 01:00:00,1.1376,1.1503,1.1347,1.1491,214258.16
2024-05-30 02:00:00,1.1491,1.1554,1.148,1.1511,141356.32
2024-05-30 03:00:00,1.1511,1.1526,1.1488,1.1509,51169.03
2024-05-30 04:00:00,1.1509,1.156,1.1466,1.1477,233515.86
2024-05-30 05:00:00,1.1477,1.15,1.1404,1.1479,375353.18
2024-05-30 06:00:00,1.1479,1.148,1.12,1.124,937588.6
2024-05-30 07:00:00,1.124,1.1326,1.1108,1.1153,792386.32
2024-05-30 08:00:00,1.1153,1.1275,1.1066,1.1268,976101.17
2024-05-30 09:00:00,1.1268,1.1282,1.1211,1.1278,482721.23
2024-05-30 10:00:00,1.1278,1.1374,1.1228,1.1341,361849.21
2024-05-30 11:00:00,1.1341,1.1399,1.1313,1.132,138135.13
2024-05-30 12:00:00,1.132,1.1463,1.1318,1.144,155850.13
2024-05-30 13:00:00,1.144,1.1503,1.1393,1.1463,293057.15
2024-05-30 14:00:00,1.1463,1.1501,1.1378,1.1392,744297.65
2024-05-30 15:00:00,1.1392,1.1447,1.1346,1.1428,98550.91
2024-05-30 16:00:00,1.1428,1.1484,1.1418,1.1472,76191.97
2024-05-30 17:00:00,1.1472,1.1567,1.1455,1.1529,410266.12
2024-05-30 18:00:00,1.1529,1.155,1.1462,1.1512,458234.69
2024-05-30 19:00:00,1.1512,1.1521,1.1371,1.1393,197748.76
2024-05-30 20:00:00,1.1393,1.1393,1.1239,1.1311,369841.72
2024-05-30 21:00:00,1.1311,1.1343,1.1278,1.1326,161508.14
2024-05-30 22:00:00,1.1326,1.1328,1.1288,1.1288,141229.37
2024-05-30 23:00:00,1.1288,1.1307,1.1265,1.128,69987.15
2024-05-31 00:00:00,1.128,1.1316,1.1227,1.1284,325148.2
2024-05-31 01:00:00,1.1284,1.1341,1.1209,1.1249,280585.15
2024-05-31 02:00:00,1.1249,1.134,1.1243,1.1311,85652.52
2024-05-31 03:00:00,1.1311,1.1377,1.131,1.1362,138988.97
2024-05-31 04:00:00,1.1362,1.1386,1.1321,1.1325,60836.14
2024-05-31 05:00:00,1.1325,1.1329,1.117,1.1251,344073.63
2024-05-31 06:00:00,1.1251,1.1321,1.1234,1.1265,310995.96
2024-05-31 07:00:00,1.1265,1.1323,1.1233,1.1245,182079.53
2024-05-31 08:00:00,1.1245,1.1303,1.1233,1.1279,102158.58
2024-05-31 09:00:00,1.1279,1.13,1.1229,1.1266,153614.1
2024-05-31 10:00:00,1.1266,1.1427,1.1257,1.1408,369207.87
2024-05-31 11:00:00,1.1408,1.1501,1.1399,1.1461,281941.52
2024-05-31 12:00:00,1.1461,1.1659,1.1453,1.1561,1395779.33
2024-05-31 13:00:00,1.1561,1.1614,1.1376,1.1391,574523.3
2024-05-31 14:00:00,1.1391,1.1404,1.1292,1.138,650716.96
2024-05-31 15:00:00,1.138,1.1417,1.12,1.1213,360469.0
2024-05-31 16:00:00,1.1213,1.1248,1.1086,1.1233,1236384.54
2024-05-31 17:00:00,1.1233,1.1281,1.1216,1.1257,144273.5
2024-05-31 18:00:00,1.1257,1.1262,1.1186,1.125,142634.63
2024-05-31 19:00:00,1.125,1.1326,1.1224,1.1279,145902.06
2024-05-31 20:00:00,1.1279,1.1373,1.125,1.135,135174.76
2024-05-31 21:00:00,1.135,1.1379,1.1327,1.1343,119484.98
2024-05-31 22:00:00,1.1343,1.1373,1.1271,1.1274,84818.31
2024-05-31 23:00:00,1.1274,1.1284,1.1164,1.1191,329884.74
2024-06-01 00:00:00,1.1191,1.122,1.1146,1.1218,146664.39
2024-06-01 01:00:00,1.1218,1.1252,1.1176,1.123,51667.22
2024-06-01 02:00:00,1.123,1.1297,1.1229,1.1292,105140.32
2024-06-01 03:00:00,1.1292,1.1296,1.1255,1.1276,98235.83
2024-06-01 04:00:00,1.1276,1.1291,1.1242,1.1269,53681.74
2024-06-01 05:00:00,1.1269,1.1286,1.1233,1.1267,71267.55
2024-06-01 06:00:00,1.1267,1.1277,1.124,1.1263,42001.4
2024-06-01 07:00:00,1.1263,1.1274,1.1214,1.1221,58791.27
2024-06-01 08:00:00,1.1221,1.128,1.1219,1.1277,44805.39
2024-06-01 09:00:00,1.1277,1.1299,1.1237,1.1263,374013.16
2024-06-01 10:00:00,1.1263,1.1282,1.1214,1.1217,108814.62
2024-06-01 11:00:00,1.1217,1.1242,1.1201,1.1223,169181.64
2024-06-01 12:00:00,1.1223,1.1264,1.1205,1.1235,118208.72
2024-06-01 13:00:00,1.1235,1.129,1.1235,1.1278,75102.83
2024-06-01 14:00:00,1.1278,1.1323,1.1256,1.1282,152045.13
2024-06-01 15:00:00,1.1282,1.1331,1.1266,1.1275,142521.1
2024-06-01 16:00:00,1.1275,1.131,1.126,1.1269,94793.62
2024-06-01 17:00:00,1.1269,1.1292,1.1226,1.1288,81754.32
2024-06-01 18:00:00,1.1288,1.1298,1.1258,1.1293,57752.56
2024-06-01 19:00:00,1.1293,1.1298,1.1262,1.1283,26071.24
2024-06-01 20:00:00,1.1283,1.1309,1.1269,1.1303,52154.41
2024-06-01 21:00:00,1.1303,1.1352,1.1279,1.132,165698.16
2024-06-01 22:00:00,1.132,1.1392,1.1319,1.1356,184832.64
2024-06-01 23:00:00,1.1356,1.1364,1.1318,1.1327,158525.44
2024-06-02 00:00:00,1.1327,1.1409,1.1323,1.1399,226038.93
2024-06-02 01:00:00,1.1399,1.1434,1.1371,1.1386,263482.67
2024-06-02 02:00:00,1.1386,1.1392,1.1245,1.1271,332123.31
2024-06-02 03:00:00,1.1271,1.1318,1.1266,1.1297,145839.25
2024-06-02 04:00:00,1.1297,1.1346,1.1278,1.1345,137024.78
2024-06-02 05:00:00,1.1345,1.1353,1.1248,1.1266,186569.94
2024-06-02 06:00:00,1.1266,1.131,1.1262,1.1306,253773.78
2024-06-02 07:00:00,1.1306,1.1315,1.1192,1.1195,351608.78
2024-06-02 08:00:00,1.1195,1.1233,1.1159,1.1213,144793.73
2024-06-02 09:00:00,1.1213,1.1228,1.1098,1.1145,767064.55
2024-06-02 10:00:00,1.1145,1.1155,1.11,1.114,258410.5
2024-06-02 11:00:00,1.114,1.1255,1.11,1.1235,382074.53
2024-06-02 12:00:00,1.1235,1.1259,1.118,1.1183,244523.98
2024-06-02 13:00:00,1.1183,1.1245,1.1144,1.1225,213114.03
2024-06-02 14:00:00,1.1225,1.1274,1.1203,1.1268,196823.53
2024-06-02 15:00:00,1.1268,1.1279,1.1212,1.1231,239078.41
2024-06-02 16:00:00,1.1231,1.1261,1.1168,1.1183,141487.81
2024-06-02 17:00:00,1.1183,1.1188,1.1031,1.1041,530407.0
2024-06-02 18:00:00,1.1041,1.1067,1.0911,1.1048,1708258.5
2024-06-02 19:00:00,1.1048,1.1087,1.0997,1.1082,83527.34
2024-06-02 20:00:00,1.1082,1.1115,1.1018,1.1115,90482.46
2024-06-02 21:00:00,1.1115,1.1144,1.1072,1.1103,123581.38
2024-06-02 22:00:00,1.1103,1.1133,1.1079,1.1095,69884.75
2024-06-02 23:00:00,1.1095,1.1132,1.109,1.1121,55572.88
2024-06-03 00:00:00,1.1121,1.1128,1.0999,1.1065,322074.15
2024-06-03 01:00:00,1.1065,1.1223,1.1057,1.1206,277750.23
2024-06-03 02:00:00,1.1206,1.1277,1.1206,1.1248,295671.86
2024-06-03 03:00:00,1.1248,1.126,1.1196,1.1212,137638.31
2024-06-03 04:00:00,1.1212,1.1262,1.1127,1.1239,265764.11
2024-06-03 05:00:00,1.1239,1.1312,1.1211,1.1219,115932.74
2024-06-03 06:00:00,1.1219,1.1371,1.1213,1.1329,443139.37
2024-06-03 07:00:00,1.1329,1.1368,1.1274,1.1317,305973.21
2024-06-03 08:00:00,1.1317,1.14,1.1306,1.1327,295091.12
2024-06-03 09:00:00,1.1327,1.1332,1.1278,1.1286,102314.18
2024-06-03 10:00:00,1.1286,1.1325,1.124,1.1252,149352.62
2024-06-03 11:00:00,1.1252,1.1315,1.1235,1.1271,382040.48
2024-06-03 12:00:00,1.1271,1.1353,1.1262,1.1353,244049.38
2024-06-03 13:00:00,1.1353,1.1379,1.1306,1.1306,498829.36
2024-06-03 14:00:00,1.1306,1.1348,1.1131,1.1175,825782.21
2024-06-03 15:00:00,1.1175,1.127,1.1171,1.1261,365847.55
2024-06-03 16:00:00,1.1261,1.1281,1.1114,1.1151,248027.15
2024-06-03 17:00:00,1.1151,1.1174,1.1111,1.1167,314651.3
2024-06-03 18:00:00,1.1167,1.1214,1.1163,1.1171,66329.03
2024-06-03 19:00:00,1.1171,1.1171,1.112,1.1146,249622.83
2024-06-03 20:00:00,1.1146,1.1179,1.1127,1.1129,47043.84
2024-06-03 21:00:00,1.1129,1.1155,1.1075,1.1104,171431.34
2024-06-03 22:00:00,1.1104,1.1104,1.1051,1.1081,295906.71
2024-06-03 23:00:00,1.1081,1.1089,1.1014,1.1051,154703.83
2024-06-04 00:00:00,1.1051,1.1117,1.0973,1.1086,333105.64
2024-06-04 01:00:00,1.1086,1.1143,1.1041,1.1111,162925.78
2024-06-04 02:00:00,1.1111,1.1115,1.1044,1.1062,156578.67
2024-06-04 03:00:00,1.1062,1.1116,1.1051,1.109,172613.62
2024-06-04 04:00:00,1.109,1.1092,1.103,1.1031,137270.46
2024-06-04 05:00:00,1.1031,1.1057,1.0976,1.0988,473532.95
2024-06-04 06:00:00,1.0988,1.1004,1.0934,1.0951,514787.5
2024-06-04 07:00:00,1.0951,1.0976,1.0919,1.0964,249355.02
2024-06-04 08:00:00,1.0964,1.1018,1.0867,1.0887,980787.55
2024-06-04 09:00:00,1.0887,1.0893,1.0758,1.0789,1100520.21
2024-06-04 10:00:00,1.0789,1.0902,1.078,1.0872,478315.62
2024-06-04 11:00:00,1.0872,1.0906,1.0705,1.0802,3409882.35
2024-06-04 12:00:00,1.0802,1.0841,1.0764,1.0794,311916.01
2024-06-04 13:00:00,1.0794,1.0928,1.0794,1.0874,582467.72
2024-06-04 14:00:00,1.0874,1.0935,1.0865,1.0928,563883.02
2024-06-04 15:00:00,1.0928,1.1078,1.0916,1.104,509868.61
2024-06-04 16:00:00,1.104,1.1097,1.1013,1.1054,657784.51
2024-06-04 17:00:00,1.1054,1.1158,1.102,1.1091,522942.39
2024-06-04 18:00:00,1.1091,1.1158,1.1086,1.1105,246474.68
2024-06-04 19:00:00,1.1105,1.1105,1.0971,1.1044,171720.31
2024-06-04 20:00:00,1.1044,1.1046,1.1005,1.1033,133438.3
2024-06-04 21:00:00,1.1033,1.1037,1.1001,1.1019,92175.47
2024-06-04 22:00:00,1.1019,1.1067,1.1004,1.1048,70601.88
2024-06-04 23:00:00,1.1048,1.1083,1.1035,1.1075,189378.26
2024-06-05 00:00:00,1.1075,1.1184,1.1075,1.1146,433390.21
2024-06-05 01:00:00,1.1146,1.1216,1.1117,1.1193,552723.25
2024-06-05 02:00:00,1.1193,1.1203,1.112,1.1148,247650.15
2024-06-05 03:00:00,1.1148,1.117,1.1123,1.1144,193951.6
2024-06-05 04:00:00,1.1144,1.1168,1.1112,1.1167,80616.65
2024-06-05 05:00:00,1.1167,1.1168,1.1093,1.1157,231026.89
2024-06-05 06:00:00,1.1157,1.1234,1.1149,1.1232,387733.27
2024-06-05 07:00:00,1.1232,1.1255,1.1202,1.1239,198496.79
2024-06-05 08:00:00,1.1239,1.1245,1.1179,1.121,229572.4
2024-06-05 09:00:00,1.121,1.1223,1.1133,1.1161,161872.57
2024-06-05 10:00:00,1.1161,1.1165,1.1105,1.1114,536143.37
2024-06-05 11:00:00,1.1114,1.1116,1.1063,1.1106,288109.72
2024-06-05 12:00:00,1.1106,1.1172,1.1039,1.1146,532463.13
2024-06-05 13:00:00,1.1146,1.1155,1.1033,1.1083,297442.35
2024-06-05 14:00:00,1.1083,1.1112,1.1011,1.1093,233441.78
2024-06-05 15:00:00,1.1093,1.1196,1.1066,1.118,361288.51
2024-06-05 16:00:00,1.118,1.123,1.1139,1.1152,270858.43
2024-06-05 17:00:00,1.1152,1.1246,1.1144,1.1239,202387.22
2024-06-05 18:00:00,1.1239,1.1387,1.1217,1.1254,674915.52
2024-06-05 19:00:00,1.1254,1.1327,1.1199,1.1323,259793.49
2024-06-05 20:00:00,1.1323,1.136,1.1271,1.1271,192311.38
2024-06-05 21:00:00,1.1271,1.1281,1.1228,1.1232,143227.76
2024-06-05 22:00:00,1.1232,1.1236,1.1189,1.1202,242827.16
2024-06-05 23:00:00,1.1202,1.1244,1.1179,1.1238,78003.69
2024-06-06 00:00:00,1.1238,1.124,1.119,1.1192,83358.54
2024-06-06 01:00:00,1.1192,1.1236,1.1168,1.1201,95785.07
2024-06-06 02:00:00,1.1201,1.1232,1.1193,1.1211,169100.29
2024-06-06 03:00:00,1.1211,1.1211,1.115,1.1151,170511.43
2024-06-06 04:00:00,1.1151,1.1193,1.1119,1.1178,275584.36
2024-06-06 05:00:00,1.1178,1.1191,1.1081,1.1099,268881.26
2024-06-06 06:00:00,1.1099,1.1109,1.104,1.1059,425247.32
2024-06-06 07:00:00,1.1059,1.1099,1.104,1.1083,322001.61
2024-06-06 08:00:00,1.1083,1.109,1.1045,1.1061,117525.62
2024-06-06 09:00:00,1.1061,1.109,1.106,1.1077,140435.85
2024-06-06 10:00:00,1.1077,1.1084,1.1045,1.1065,126862.22
2024-06-06 11:00:00,1.1065,1.1094,1.1052,1.1083,176566.53
2024-06-06 12:00:00,1.1083,1.1147,1.106,1.1091,251118.26
2024-06-06 13:00:00,1.1091,1.1111,1.1043,1.1078,227327.88
2024-06-06 14:00:00,1.1078,1.1091,1.1034,1.1081,242632.82
2024-06-06 15:00:00,1.1081,1.1104,1.1066,1.1067,150896.56
2024-06-06 16:00:00,1.1067,1.1096,1.0971,1.099,787327.82
2024-06-06 17:00:00,1.099,1.1028,1.0939,1.1012,494890.16
2024-06-06 18:00:00,1.1012,1.1022,1.0967,1.1009,128000.66
2024-06-06 19:00:00,1.1009,1.1009,1.0813,1.0855,636920.9
2024-06-06 20:00:00,1.0855,1.0919,1.074,1.0913,695868.58
2024-06-06 21:00:00,1.0913,1.0922,1.0878,1.0893,105202.62
2024-06-06 22:00:00,1.0893,1.092,1.0859,1.092,114918.0
2024-06-06 23:00:00,1.092,1.0925,1.0882,1.0882,341992.51
2024-06-07 00:00:00,1.0882,1.0902,1.0851,1.0886,136799.02
2024-06-07 01:00:00,1.0886,1.0891,1.0832,1.0866,147772.38
2024-06-07 02:00:00,1.0866,1.0867,1.0784,1.0823,338371.99
2024-06-07 03:00:00,1.0823,1.0857,1.08,1.0857,295727.2
2024-06-07 04:00:00,1.0857,1.0936,1.0847,1.0934,99123.9
2024-06-07 05:00:00,1.0934,1.098,1.093,1.0949,296288.67
2024-06-07 06:00:00,1.0949,1.0963,1.0916,1.0948,118752.06
2024-06-07 07:00:00,1.0948,1.0977,1.091,1.093,300792.73
2024-06-07 08:00:00,1.093,1.0954,1.09,1.0925,283720.31
2024-06-07 09:00:00,1.0925,1.0933,1.0887,1.0919,251532.27
2024-06-07 10:00:00,1.0919,1.0925,1.0834,1.0893,356189.39
2024-06-07 11:00:00,1.0893,1.1042,1.089,1.1,635840.11
2024-06-07 12:00:00,1.1,1.103,1.0753,1.0872,1999336.28
2024-06-07 13:00:00,1.0872,1.0986,1.083,1.0981,305864.71
2024-06-07 14:00:00,1.0981,1.1039,1.0928,1.1014,400735.09
2024-06-07 15:00:00,1.1014,1.1018,1.0922,1.0946,373880.79
2024-06-07 16:00:00,1.0946,1.0962,1.0829,1.0862,733371.34
2024-06-07 17:00:00,1.0862,1.0862,1.0577,1.0577,1279878.88
2024-06-07 18:00:00,1.0577,1.0608,0.885,0.9654,13579764.61
2024-06-07 19:00:00,0.9654,0.983,0.949,0.9756,1517460.17
2024-06-07 20:00:00,0.9756,0.9907,0.9681,0.9888,690167.97
2024-06-07 21:00:00,0.9888,0.9945,0.9851,0.994,407902.15
2024-06-07 22:00:00,0.994,0.9986,0.9912,0.9963,356401.54
2024-06-07 23:00:00,0.9963,1.0009,0.9962,0.998,234287.45
2024-06-08 00:00:00,0.998,1.0036,0.9938,1.003,142051.05
2024-06-08 01:00:00,1.003,1.0067,0.9983,1.0051,278994.18
2024-06-08 02:00:00,1.0051,1.0051,0.9967,1.0008,111294.85
2024-06-08 03:00:00,1.0008,1.0011,0.9984,1.0,189778.37
2024-06-08 04:00:00,1.0,1.0005,0.9856,0.9867,474424.87
2024-06-08 05:00:00,0.9867,0.9901,0.9823,0.9878,344244.75
2024-06-08 06:00:00,0.9878,0.994,0.9852,0.9912,206336.57
2024-06-08 07:00:00,0.9912,1.001,0.9907,1.0,143344.01
2024-06-08 08:00:00,1.0,1.0012,0.9919,0.9932,126502.31
2024-06-08 09:00:00,0.9932,0.9963,0.9876,0.9902,142090.71
2024-06-08 10:00:00,0.9902,0.9916,0.9841,0.9877,142492.18
2024-06-08 11:00:00,0.9877,0.9893,0.964,0.9685,1215086.15
2024-06-08 12:00:00,0.9685,0.9728,0.9572,0.9639,423167.82
2024-06-08 13:00:00,0.9639,0.9716,0.9505,0.9716,821602.17
2024-06-08 14:00:00,0.9716,0.9728,0.9612,0.9712,445752.14
2024-06-08 15:00:00,0.9712,0.9721,0.9646,0.9665,341095.83
2024-06-08 16:00:00,0.9665,0.9692,0.9565,0.9602,298030.74
2024-06-08 17:00:00,0.9602,0.966,0.9508,0.9623,298315.12
2024-06-08 18:00:00,0.9623,0.9691,0.9618,0.9652,267295.21
2024-06-08 19:00:00,0.9652,0.9696,0.9602,0.9618,176768.34
2024-06-08 20:00:00,0.9618,0.9624,0.9567,0.9576,69694.07
2024-06-08 21:00:00,0.9576,0.9622,0.9557,0.9607,52019.82
2024-06-08 22:00:00,0.9607,0.9627,0.952,0.9618,194308.28
2024-06-08 23:00:00,0.9618,0.9684,0.959,0.9671,41556.08
2024-06-09 00:00:00,0.9671,0.9688,0.964,0.9646,131936.05
2024-06-09 01:00:00,0.9646,0.9691,0.9633,0.9682,111439.82
2024-06-09 02:00:00,0.9682,0.9682,0.956,0.9567,121936.57
2024-06-09 03:00:00,0.9567,0.9656,0.9567,0.9631,145633.18
2024-06-09 04:00:00,0.9631,0.9658,0.9592,0.9606,102249.0
2024-06-09 05:00:00,0.9606,0.9704,0.9569,0.9685,147514.87
2024-06-09 06:00:00,0.9685,0.9746,0.9673,0.9738,170924.68
2024-06-09 07:00:00,0.9738,0.9791,0.9733,0.9736,136224.52
2024-06-09 08:00:00,0.9736,0.9779,0.9721,0.9768,137234.86
2024-06-09 09:00:00,0.9768,0.9781,0.973,0.9755,64656.26
2024-06-09 10:00:00,0.9755,0.9787,0.9713,0.9718,237335.04
2024-06-09 11:00:00,0.9718,0.9764,0.9704,0.9747,74581.17
2024-06-09 12:00:00,0.9747,0.9875,0.9711,0.9843,254711.41
2024-06-09 13:00:00,0.9843,0.9859,0.9748,0.9797,448106.79
2024-06-09 14:00:00,0.9797,0.9863,0.9743,0.9789,388572.85
2024-06-09 15:00:00,0.9789,0.9801,0.9749,0.9761,265919.2
2024-06-09 16:00:00,0.9761,0.9821,0.9745,0.9802,213331.75
2024-06-09 17:00:00,0.9802,0.9814,0.9766,0.9805,113185.86
2024-06-09 18:00:00,0.9805,0.9846,0.9794,0.983,167617.52
2024-06-09 19:00:00,0.983,0.9856,0.9794,0.9824,99621.18
2024-06-09 20:00:00,0.9824,0.9842,0.9772,0.9792,125140.74
2024-06-09 21:00:00,0.9792,0.9828,0.9762,0.9812,142154.7
2024-06-09 22:00:00,0.9812,0.9844,0.9778,0.9782,93616.74
2024-06-09 23:00:00,0.9782,0.9792,0.9767,0.9781,62245.94
2024-06-10 00:00:00,0.9781,0.9784,0.9704,0.9748,532419.39
2024-06-10 01:00:00,0.9748,0.9772,0.9713,0.9743,139202.23
2024-06-10 02:00:00,0.9743,0.9765,0.9694,0.9701,809108.26
2024-06-10 03:00:00,0.9701,0.9709,0.9609,0.9645,298445.07
2024-06-10 04:00:00,0.9645,0.9667,0.9601,0.9659,134095.54
2024-06-10 05:00:00,0.9659,0.9661,0.9575,0.9615,145278.32
2024-06-10 06:00:00,0.9615,0.9623,0.9536,0.9574,460923.21
2024-06-10 07:00:00,0.9574,0.96,0.9447,0.9481,847149.04
2024-06-10 08:00:00,0.9481,0.9636,0.9479,0.9629,174344.43
2024-06-10 09:00:00,0.9629,0.9686,0.9588,0.9683,200164.9
2024-06-10 10:00:00,0.9683,0.9711,0.9643,0.9675,156603.8
2024-06-10 11:00:00,0.9675,0.9684,0.9643,0.9659,238100.94
2024-06-10 12:00:00,0.9659,0.9659,0.9585,0.96,233340.33
2024-06-10 13:00:00,0.96,0.965,0.9541,0.9595,547549.04
2024-06-10 14:00:00,0.9595,0.9681,0.9551,0.9659,324526.59
2024-06-10 15:00:00,0.9659,0.9825,0.9655,0.9773,469012.39
2024-06-10 16:00:00,0.9773,0.9794,0.9687,0.9739,197503.15
2024-06-10 17:00:00,0.9739,0.9739,0.9686,0.9722,159370.75
2024-06-10 18:00:00,0.9722,0.9747,0.9616,0.9669,156195.55
2024-06-10 19:00:00,0.9669,0.9671,0.957,0.9579,212161.11
2024-06-10 20:00:00,0.9579,0.9598,0.9498,0.9564,392393.64
2024-06-10 21:00:00,0.9564,0.9588,0.9527,0.9588,124644.88
2024-06-10 22:00:00,0.9588,0.9625,0.9541,0.9624,189855.13
2024-06-10 23:00:00,0.9624,0.9627,0.9556,0.9592,139185.38
2024-06-11 00:00:00,0.9592,0.9612,0.9549,0.957,132057.86
2024-06-11 01:00:00,0.957,0.9629,0.9231,0.9433,2538661.15
2024-06-11 02:00:00,0.9433,0.9521,0.9317,0.9477,1275405.72
2024-06-11 03:00:00,0.9477,0.9523,0.9454,0.9484,468270.33
2024-06-11 04:00:00,0.9484,0.9504,0.9333,0.9472,455141.78
2024-06-11 05:00:00,0.9472,0.9501,0.9448,0.9494,91686.75
2024-06-11 06:00:00,0.9494,0.9535,0.9344,0.9417,256082.48
2024-06-11 07:00:00,0.9417,0.948,0.9365,0.9409,377511.29
2024-06-11 08:00:00,0.9409,0.9463,0.9381,0.9433,155384.24
2024-06-11 09:00:00,0.9433,0.9447,0.9324,0.9366,446723.26
2024-06-11 10:00:00,0.9366,0.9497,0.9337,0.9451,367729.57
2024-06-11 11:00:00,0.9451,0.9458,0.9355,0.936,170919.2
2024-06-11 12:00:00,0.936,0.9409,0.9288,0.9289,276223.62
2024-06-11 13:00:00,0.9289,0.9382,0.9204,0.926,1303365.28
2024-06-11 14:00:00,0.926,0.94,0.9244,0.9377,233732.73
2024-06-11 15:00:00,0.9377,0.9446,0.9107,0.9242,1053647.53
2024-06-11 16:00:00,0.9242,0.9343,0.9164,0.9207,606057.9
2024-06-11 17:00:00,0.9207,0.9312,0.9112,0.9271,485271.0
2024-06-11 18:00:00,0.9271,0.9374,0.9265,0.9335,237179.05
2024-06-11 19:00:00,0.9335,0.9379,0.9289,0.9358,153840.59
2024-06-11 20:00:00,0.9358,0.9379,0.9321,0.936,115578.35
2024-06-11 21:00:00,0.936,0.9369,0.933,0.9364,65503.69
2024-06-11 22:00:00,0.9364,0.939,0.9346,0.9361,68211.18
2024-06-11 23:00:00,0.9361,0.9392,0.9331,0.9361,51386.03
2024-06-12 00:00:00,0.9361,0.9379,0.928,0.9301,45716.99
2024-06-12 01:00:00,0.9301,0.9318,0.9112,0.9248,426604.23
2024-06-12 02:00:00,0.9248,0.9363,0.9213,0.934,159304.48
2024-06-12 03:00:00,0.934,0.9397,0.9331,0.9395,51080.57
2024-06-12 04:00:00,0.9395,0.945,0.9376,0.9427,50280.23
2024-06-12 05:00:00,0.9427,0.9431,0.935,0.9357,113387.74
2024-06-12 06:00:00,0.9357,0.9407,0.9351,0.9385,162651.12
2024-06-12 07:00:00,0.9385,0.9407,0.9351,0.9405,62282.06
2024-06-12 08:00:00,0.9405,0.9447,0.9391,0.9405,64724.59
2024-06-12 09:00:00,0.9405,0.9485,0.9371,0.9458,168758.2
2024-06-12 10:00:00,0.9458,0.9537,0.9457,0.9497,263335.6
2024-06-12 11:00:00,0.9497,0.9504,0.9442,0.9452,326246.83
2024-06-12 12:00:00,0.9452,0.9855,0.9446,0.9811,1272786.61
2024-06-12 13:00:00,0.9811,0.992,0.9725,0.9769,1153582.86
2024-06-12 14:00:00,0.9769,0.9905,0.9754,0.9882,336369.63
2024-06-12 15:00:00,0.9882,0.9914,0.9817,0.9855,187379.35
2024-06-12 16:00:00,0.9855,0.9919,0.9799,0.9894,310005.0
2024-06-12 17:00:00,0.9894,0.9976,0.9866,0.9975,571221.5
2024-06-12 18:00:00,0.9975,0.9975,0.9675,0.971,1266661.85
2024-06-12 19:00:00,0.971,0.9828,0.9493,0.9574,523238.53
2024-06-12 20:00:00,0.9574,0.9702,0.954,0.9676,817223.26
2024-06-12 21:00:00,0.9676,0.9738,0.9676,0.9711,166925.53
2024-06-12 22:00:00,0.9711,0.9753,0.9692,0.9742,315531.04
2024-06-12 23:00:00,0.9742,0.9749,0.97,0.9725,42570.55
2024-06-13 00:00:00,0.9725,0.9728,0.9664,0.9715,50308.25
2024-06-13 01:00:00,0.9715,0.9726,0.9622,0.9627,61541.2
2024-06-13 02:00:00,0.9627,0.966,0.952,0.9534,301316.52
2024-06-13 03:00:00,0.9534,0.9534,0.9375,0.9494,604813.39
2024-06-13 04:00:00,0.9494,0.9543,0.9482,0.9496,450631.72
2024-06-13 05:00:00,0.9496,0.9539,0.9493,0.9512,89043.58
2024-06-13 06:00:00,0.9512,0.9521,0.9425,0.9427,115835.42
2024-06-13 07:00:00,0.9427,0.9471,0.94,0.9456,427790.87
2024-06-13 08:00:00,0.9456,0.9471,0.9429,0.9429,53292.03
2024-06-13 09:00:00,0.9429,0.9441,0.935,0.9414,172876.26
2024-06-13 10:00:00,0.9414,0.946,0.9359,0.9444,141185.58
2024-06-13 11:00:00,0.9444,0.9446,0.9363,0.9385,84267.52
2024-06-13 12:00:00,0.9385,0.9512,0.9325,0.9394,544355.66
2024-06-13 13:00:00,0.9394,0.9494,0.9366,0.9418,362576.66
2024-06-13 14:00:00,0.9418,0.9505,0.9328,0.9454,873206.36
2024-06-13 15:00:00,0.9454,0.9464,0.9224,0.9252,718929.77
2024-06-13 16:00:00,0.9252,0.9385,0.9208,0.9382,996727.33
2024-06-13 17:00:00,0.9382,0.9417,0.9339,0.9402,144811.41
2024-06-13 18:00:00,0.9402,0.9507,0.9376,0.9483,327039.36
2024-06-13 19:00:00,0.9483,0.9508,0.946,0.9472,174989.08
2024-06-13 20:00:00,0.9472,0.95,0.9409,0.944,136800.71
2024-06-13 21:00:00,0.944,0.9463,0.9366,0.946,180879.28
2024-06-13 22:00:00,0.946,0.9465,0.9409,0.942,97037.91
2024-06-13 23:00:00,0.942,0.942,0.9343,0.9362,87659.11
2024-06-14 00:00:00,0.9362,0.94,0.9308,0.9354,210770.93
2024-06-14 01:00:00,0.9354,0.9411,0.9283,0.9402,339816.25
2024-06-14 02:00:00,0.9402,0.9443,0.9384,0.9433,209205.62
2024-06-14 03:00:00,0.9433,0.9448,0.937,0.938,61677.62
2024-06-14 04:00:00,0.938,0.942,0.938,0.9404,64432.47
2024-06-14 05:00:00,0.9404,0.9493,0.9404,0.9473,212172.21
2024-06-14 06:00:00,0.9473,0.9529,0.9452,0.9473,154892.41
2024-06-14 07:00:00,0.9473,0.9513,0.945,0.9483,78405.68
2024-06-14 08:00:00,0.9483,0.953,0.9474,0.9499,61203.8
2024-06-14 09:00:00,0.9499,0.9502,0.945,0.9469,158518.65
2024-06-14 10:00:00,0.9469,0.9484,0.9431,0.9455,84443.61
2024-06-14 11:00:00,0.9455,0.9504,0.9428,0.9472,232032.8
2024-06-14 12:00:00,0.9472,0.9497,0.943,0.9439,252751.15
2024-06-14 13:00:00,0.9439,0.947,0.9411,0.9422,180341.47
2024-06-14 14:00:00,0.9422,0.9426,0.9243,0.9352,411833.95
2024-06-14 15:00:00,0.9352,0.9382,0.9235,0.9263,235744.51
2024-06-14 16:00:00,0.9263,0.9277,0.8751,0.8943,3218513.25
2024-06-14 17:00:00,0.8943,0.9014,0.8846,0.8932,647651.0
2024-06-14 18:00:00,0.8932,0.8937,0.8791,0.8886,206895.63
2024-06-14 19:00:00,0.8886,0.8935,0.8865,0.8918,85112.23
2024-06-14 20:00:00,0.8918,0.9008,0.8918,0.895,196994.43
2024-06-14 21:00:00,0.895,0.9245,0.8943,0.9182,331117.73
2024-06-14 22:00:00,0.9182,0.9184,0.9075,0.9123,47153.85
2024-06-14 23:00:00,0.9123,0.9123,0.9069,0.9114,21311.08
2024-06-15 00:00:00,0.9114,0.9213,0.9111,0.9175,73877.01
2024-06-15 01:00:00,0.9175,0.9221,0.9127,0.9132,53200.83
2024-06-15 02:00:00,0.9132,0.9171,0.9119,0.9143,20521.26
2024-06-15 03:00:00,0.9143,0.9183,0.9141,0.9179,86506.77
2024-06-15 04:00:00,0.9179,0.9206,0.9153,0.9171,53124.01
2024-06-15 05:00:00,0.9171,0.9246,0.9168,0.9211,75220.26
2024-06-15 06:00:00,0.9211,0.9337,0.9211,0.9293,283513.23
2024-06-15 07:00:00,0.9293,0.9357,0.9265,0.9275,175013.75
2024-06-15 08:00:00,0.9275,0.9307,0.9261,0.9271,59325.8
2024-06-15 09:00:00,0.9271,0.9298,0.9171,0.9204,226754.14
2024-06-15 10:00:00,0.9204,0.9225,0.9193,0.9219,178430.39
2024-06-15 11:00:00,0.9219,0.9239,0.9185,0.9215,75110.83
2024-06-15 12:00:00,0.9215,0.9257,0.9185,0.9252,128372.46
2024-06-15 13:00:00,0.9252,0.9298,0.9213,0.9294,101812.77
2024-06-15 14:00:00,0.9294,0.9302,0.9231,0.9274,182675.96
2024-06-15 15:00:00,0.9274,0.9377,0.9269,0.9294,331083.93
2024-06-15 16:00:00,0.9294,0.9308,0.9245,0.9251,93126.79
2024-06-15 17:00:00,0.9251,0.9283,0.9231,0.9276,54860.87
2024-06-15 18:00:00,0.9276,0.9276,0.9224,0.9238,71060.14
2024-06-15 19:00:00,0.9238,0.9247,0.919,0.9219,185186.8
2024-06-15 20:00:00,0.9219,0.9232,0.9144,0.9192,73778.84
2024-06-15 21:00:00,0.9192,0.9215,0.9186,0.9211,33378.7
2024-06-15 22:00:00,0.9211,0.9233,0.9185,0.9228,59250.73
2024-06-15 23:00:00,0.9228,0.9234,0.9205,0.9208,61653.92
2024-06-16 00:00:00,0.9208,0.9216,0.9153,0.9155,119699.61
2024-06-16 01:00:00,0.9155,0.9175,0.9107,0.9144,62766.1
2024-06-16 02:00:00,0.9144,0.9164,0.9108,0.9118,108239.45
2024-06-16 03:00:00,0.9118,0.9129,0.9059,0.9082,108557.48
2024-06-16 04:00:00,0.9082,0.9089,0.8988,0.9044,196211.32
2024-06-16 05:00:00,0.9044,0.9172,0.9039,0.9158,260825.94
2024-06-16 06:00:00,0.9158,0.9184,0.9129,0.9162,517863.59
2024-06-16 07:00:00,0.9162,0.9176,0.9133,0.9136,31401.63
2024-06-16 08:00:00,0.9136,0.9167,0.9116,0.9127,128006.67
2024-06-16 09:00:00,0.9127,0.915,0.9106,0.9139,39405.06
2024-06-16 10:00:00,0.9139,0.9199,0.9117,0.9193,208957.31
2024-06-16 11:00:00,0.9193,0.92,0.9141,0.9154,142673.25
2024-06-16 12:00:00,0.9154,0.918,0.9139,0.9155,81533.71
2024-06-16 13:00:00,0.9155,0.9231,0.9151,0.9231,156148.89
2024-06-16 14:00:00,0.9231,0.9307,0.9202,0.9212,342492.06
2024-06-16 15:00:00,0.9212,0.9264,0.9208,0.9251,217401.93
2024-06-16 16:00:00,0.9251,0.9256,0.9202,0.9215,66873.82
2024-06-16 17:00:00,0.9215,0.9254,0.9196,0.9208,74314.77
2024-06-16 18:00:00,0.9208,0.9233,0.9197,0.9228,22852.0
2024-06-16 19:00:00,0.9228,0.9239,0.9201,0.9219,72369.81
2024-06-16 20:00:00,0.9219,0.9246,0.9203,0.9214,82754.85
2024-06-16 21:00:00,0.9214,0.9215,0.9185,0.9199,159811.44
2024-06-16 22:00:00,0.9199,0.9364,0.9199,0.9271,286061.46
2024-06-16 23:00:00,0.9271,0.9295,0.9203,0.9231,108297.1
2024-06-17 00:00:00,0.9231,0.9283,0.9197,0.9219,63583.04
2024-06-17 01:00:00,0.9219,0.9224,0.9114,0.9157,99375.14
2024-06-17 02:00:00,0.9157,0.9159,0.9013,0.9069,967987.08
2024-06-17 03:00:00,0.9069,0.9084,0.9,0.902,124737.34
2024-06-17 04:00:00,0.902,0.9073,0.8975,0.9058,979415.34
2024-06-17 05:00:00,0.9058,0.9093,0.898,0.9006,259667.05
2024-06-17 06:00:00,0.9006,0.9015,0.8877,0.8892,1387273.5
2024-06-17 07:00:00,0.8892,0.8933,0.8807,0.8865,635274.01
2024-06-17 08:00:00,0.8865,0.8891,0.8712,0.8772,1085131.65
2024-06-17 09:00:00,0.8772,0.8883,0.8693,0.8721,436159.23
2024-06-17 10:00:00,0.8721,0.8802,0.8601,0.8771,670723.06
2024-06-17 11:00:00,0.8771,0.882,0.876,0.8782,160355.19
2024-06-17 12:00:00,0.8782,0.8791,0.8727,0.8736,242145.71
2024-06-17 13:00:00,0.8736,0.8783,0.8638,0.866,406254.94
2024-06-17 14:00:00,0.866,0.8795,0.8654,0.8741,240924.81
2024-06-17 15:00:00,0.8741,0.8771,0.8583,0.8618,352837.65
2024-06-17 16:00:00,0.8618,0.8756,0.8383,0.8727,1331309.89
2024-06-17 17:00:00,0.8727,0.881,0.8708,0.88,235630.08
2024-06-17 18:00:00,0.88,0.889,0.8796,0.8884,770564.51
2024-06-17 19:00:00,0.8884,0.8891,0.8827,0.884,191757.55
2024-06-17 20:00:00,0.884,0.8845,0.866,0.8696,291330.94
2024-06-17 21:00:00,0.8696,0.8729,0.8625,0.8686,127784.22
2024-06-17 22:00:00,0.8686,0.8712,0.8631,0.8657,130647.83
2024-06-17 23:00:00,0.8657,0.8668,0.8556,0.8574,286473.55
2024-06-18 00:00:00,0.8574,0.861,0.8331,0.8461,839568.62
2024-06-18 01:00:00,0.8461,0.8496,0.725,0.7683,5801043.66
2024-06-18 02:00:00,0.7683,0.786,0.7552,0.7814,678146.05
2024-06-18 03:00:00,0.7814,0.7863,0.7746,0.786,387061.5
2024-06-18 04:00:00,0.786,0.7945,0.7823,0.794,173864.19
2024-06-18 05:00:00,0.794,0.8014,0.794,0.7966,210421.98
2024-06-18 06:00:00,0.7966,0.7996,0.7928,0.7933,124007.81
2024-06-18 07:00:00,0.7933,0.8021,0.7931,0.7971,88218.67
2024-06-18 08:00:00,0.7971,0.7994,0.7922,0.7982,188949.5
2024-06-18 09:00:00,0.7982,0.7985,0.7903,0.7938,347438.9
2024-06-18 10:00:00,0.7938,0.794,0.7873,0.789,188414.03
2024-06-18 11:00:00,0.789,0.7899,0.7774,0.7854,271157.47
2024-06-18 12:00:00,0.7854,0.788,0.7715,0.7832,307589.17
2024-06-18 13:00:00,0.7832,0.784,0.7694,0.7742,197041.02
2024-06-18 14:00:00,0.7742,0.7905,0.7665,0.7768,688850.06
2024-06-18 15:00:00,0.7768,0.7832,0.7723,0.7801,153672.61
2024-06-18 16:00:00,0.7801,0.7815,0.7686,0.7772,282160.89
2024-06-18 17:00:00,0.7772,0.7815,0.771,0.774,167386.47
2024-06-18 18:00:00,0.774,0.7792,0.768,0.7743,107065.99
2024-06-18 19:00:00,0.7743,0.7776,0.7678,0.7774,120092.03
2024-06-18 20:00:00,0.7774,0.7851,0.7705,0.7844,373529.3
2024-06-18 21:00:00,0.7844,0.7952,0.7816,0.7917,207906.41
2024-06-18 22:00:00,0.7917,0.7941,0.786,0.7934,80224.97
2024-06-18 23:00:00,0.7934,0.7952,0.7912,0.7938,137683.4
2024-06-19 00:00:00,0.7938,0.7988,0.7863,0.7976,150445.72
2024-06-19 01:00:00,0.7976,0.8194,0.7964,0.8123,383461.59
2024-06-19 02:00:00,0.8123,0.8267,0.8118,0.8253,314841.42
2024-06-19 03:00:00,0.8253,0.8303,0.8224,0.8264,298283.67
2024-06-19 04:00:00,0.8264,0.8337,0.8264,0.8309,209118.21
2024-06-19 05:00:00,0.8309,0.8336,0.8249,0.828,207972.83
2024-06-19 06:00:00,0.828,0.8294,0.8255,0.8287,192751.6
2024-06-19 07:00:00,0.8287,0.8293,0.8191,0.8198,141695.22
2024-06-19 08:00:00,0.8198,0.8216,0.8081,0.81,313415.77
2024-06-19 09:00:00,0.81,0.8132,0.8056,0.8098,99823.09
2024-06-19 10:00:00,0.8098,0.8192,0.8088,0.8188,252137.7
2024-06-19 11:00:00,0.8188,0.8191,0.8064,0.8111,185347.42
2024-06-19 12:00:00,0.8111,0.8175,0.811,0.8157,80768.17
2024-06-19 13:00:00,0.8157,0.8173,0.8127,0.813,65754.09
2024-06-19 14:00:00,0.813,0.8132,0.7958,0.801,227823.09
2024-06-19 15:00:00,0.801,0.8071,0.7999,0.8067,58969.61
2024-06-19 16:00:00,0.8067,0.8157,0.8033,0.8113,306394.34
2024-06-19 17:00:00,0.8113,0.826,0.8107,0.8185,103095.09
2024-06-19 18:00:00,0.8185,0.8239,0.8178,0.8188,165972.82
2024-06-19 19:00:00,0.8188,0.82,0.8127,0.8152,121524.94
2024-06-19 20:00:00,0.8152,0.8202,0.8119,0.818,77771.91
2024-06-19 21:00:00,0.818,0.8226,0.8167,0.8182,108875.32
2024-06-19 22:00:00,0.8182,0.8192,0.8116,0.812,77374.3
2024-06-19 23:00:00,0.812,0.814,0.8074,0.8127,281289.86
2024-06-20 00:00:00,0.8127,0.8179,0.8082,0.8159,44966.28
2024-06-20 01:00:00,0.8159,0.8288,0.8137,0.8176,139976.11
2024-06-20 02:00:00,0.8176,0.8191,0.8128,0.8171,169873.15
2024-06-20 03:00:00,0.8171,0.8181,0.8133,0.8162,118323.18
2024-06-20 04:00:00,0.8162,0.8219,0.811,0.8212,96416.2
2024-06-20 05:00:00,0.8212,0.8264,0.8206,0.8255,102757.39
2024-06-20 06:00:00,0.8255,0.8317,0.825,0.8287,492790.25
2024-06-20 07:00:00,0.8287,0.8427,0.8287,0.8414,451279.28
2024-06-20 08:00:00,0.8414,0.843,0.8366,0.8389,262674.04
2024-06-20 09:00:00,0.8389,0.8396,0.8321,0.8331,231870.2
2024-06-20 10:00:00,0.8331,0.841,0.8302,0.8404,178867.91
2024-06-20 11:00:00,0.8404,0.848,0.8372,0.8378,533826.34
2024-06-20 12:00:00,0.8378,0.8411,0.8301,0.8327,3313586.25
2024-06-20 13:00:00,0.8327,0.8332,0.8148,0.818,3199373.8
2024-06-20 14:00:00,0.818,0.8197,0.804,0.815,1021108.15
2024-06-20 15:00:00,0.815,0.8184,0.8088,0.8106,353464.25
2024-06-20 16:00:00,0.8106,0.8135,0.7983,0.812,507044.33
2024-06-20 17:00:00,0.812,0.8148,0.8072,0.8148,301630.74
2024-06-20 18:00:00,0.8148,0.8179,0.8131,0.8154,79894.76
2024-06-20 19:00:00,0.8154,0.8154,0.806,0.8099,123106.3
2024-06-20 20:00:00,0.8099,0.8116,0.8037,0.8059,310434.96
2024-06-20 21:00:00,0.8059,0.8072,0.8007,0.8015,181640.39
2024-06-20 22:00:00,0.8015,0.8049,0.8015,0.8019,219060.33
2024-06-20 23:00:00,0.8019,0.8048,0.7992,0.8,107799.98
2024-06-21 00:00:00,0.8,0.8016,0.7904,0.793,551347.25
2024-06-21 01:00:00,0.793,0.8058,0.7918,0.8046,104410.83
2024-06-21 02:00:00,0.8046,0.8071,0.7973,0.798,96543.77
2024-06-21 03:00:00,0.798,0.8004,0.7954,0.7981,193387.55
2024-06-21 04:00:00,0.7981,0.8039,0.7937,0.8037,187714.01
2024-06-21 05:00:00,0.8037,0.8041,0.7969,0.8017,79563.52
2024-06-21 06:00:00,0.8017,0.8024,0.7943,0.7977,126875.84
2024-06-21 07:00:00,0.7977,0.8023,0.79,0.7938,294779.72
2024-06-21 08:00:00,0.7938,0.7978,0.781,0.7851,1183901.42
2024-06-21 09:00:00,0.7851,0.8066,0.7843,0.8028,576189.51
2024-06-21 10:00:00,0.8028,0.8059,0.7966,0.7973,371471.39
2024-06-21 11:00:00,0.7973,0.8012,0.7949,0.7981,95604.6
2024-06-21 12:00:00,0.7981,0.8007,0.7892,0.794,236745.85
2024-06-21 13:00:00,0.794,0.7946,0.7846,0.7883,271648.87
2024-06-21 14:00:00,0.7883,0.8088,0.7851,0.8058,417898.04
2024-06-21 15:00:00,0.8058,0.8081,0.795,0.8,229160.52
2024-06-21 16:00:00,0.8,0.8053,0.7986,0.8021,181465.68
2024-06-21 17:00:00,0.8021,0.8072,0.794,0.7958,221917.22
2024-06-21 18:00:00,0.7958,0.8044,0.79,0.8043,489149.24
2024-06-21 19:00:00,0.8043,0.8062,0.8002,0.8041,140040.65
2024-06-21 20:00:00,0.8041,0.8093,0.8013,0.8036,127387.58
2024-06-21 21:00:00,0.8036,0.8046,0.7952,0.8029,166061.74
2024-06-21 22:00:00,0.8029,0.804,0.8009,0.8028,78571.05
2024-06-21 23:00:00,0.8028,0.8036,0.7993,0.8006,98712.27
2024-06-22 00:00:00,0.8006,0.8013,0.7929,0.7949,265079.61
2024-06-22 01:00:00,0.7949,0.8004,0.7948,0.799,24245.56
2024-06-22 02:00:00,0.799,0.8039,0.7978,0.8016,138110.99
2024-06-22 03:00:00,0.8016,0.8054,0.7998,0.8024,83469.23
2024-06-22 04:00:00,0.8024,0.8037,0.8003,0.8012,52213.94
2024-06-22 05:00:00,0.8012,0.8024,0.7975,0.8022,76471.86
2024-06-22 06:00:00,0.8022,0.8029,0.799,0.7996,103859.58
2024-06-22 07:00:00,0.7996,0.8,0.7957,0.7973,248907.1
2024-06-22 08:00:00,0.7973,0.7975,0.7906,0.7949,286515.95
2024-06-22 09:00:00,0.7949,0.8003,0.7944,0.7987,86878.61
2024-06-22 10:00:00,0.7987,0.8029,0.798,0.8024,95955.43
2024-06-22 11:00:00,0.8024,0.8039,0.7998,0.8027,87850.43
2024-06-22 12:00:00,0.8027,0.804,0.7997,0.8008,63925.76
2024-06-22 13:00:00,0.8008,0.8057,0.8003,0.8033,77423.2
2024-06-22 14:00:00,0.8033,0.8067,0.8018,0.804,111463.55
2024-06-22 15:00:00,0.804,0.8063,0.8032,0.8063,104183.23
2024-06-22 16:00:00,0.8063,0.8094,0.8045,0.8066,109037.16
2024-06-22 17:00:00,0.8066,0.8085,0.8041,0.8045,74310.18
2024-06-22 18:00:00,0.8045,0.806,0.8035,0.8051,42172.51
2024-06-22 19:00:00,0.8051,0.8054,0.8015,0.8047,76693.35
2024-06-22 20:00:00,0.8047,0.805,0.8001,0.8035,72614.14
2024-06-22 21:00:00,0.8035,0.806,0.8032,0.8059,84193.95
2024-06-22 22:00:00,0.8059,0.808,0.8041,0.8069,172551.47
2024-06-22 23:00:00,0.8069,0.8077,0.8015,0.8033,34283.43
2024-06-23 00:00:00,0.8033,0.8105,0.8021,0.8082,142271.88
2024-06-23 01:00:00,0.8082,0.8099,0.8065,0.8092,117999.12
2024-06-23 02:00:00,0.8092,0.8108,0.8071,0.8106,121944.53
2024-06-23 03:00:00,0.8106,0.8132,0.8096,0.813,203223.69
2024-06-23 04:00:00,0.813,0.8139,0.8101,0.8102,24620.82
2024-06-23 05:00:00,0.8102,0.8121,0.8077,0.8083,69202.02
2024-06-23 06:00:00,0.8083,0.8092,0.8065,0.8084,58732.02
2024-06-23 07:00:00,0.8084,0.8119,0.8082,0.8118,57305.17
2024-06-23 08:00:00,0.8118,0.8129,0.811,0.8123,57740.8
2024-06-23 09:00:00,0.8123,0.8139,0.81,0.813,96720.84
2024-06-23 10:00:00,0.813,0.8133,0.8058,0.8077,81416.06
2024-06-23 11:00:00,0.8077,0.8079,0.8033,0.8079,95133.61
2024-06-23 12:00:00,0.8079,0.8079,0.805,0.806,69329.9
2024-06-23 13:00:00,0.806,0.8067,0.8004,0.8023,85398.93
2024-06-23 14:00:00,0.8023,0.8023,0.7955,0.7955,199792.55
2024-06-23 15:00:00,0.7955,0.7977,0.788,0.7928,510087.17
2024-06-23 16:00:00,0.7928,0.7938,0.7816,0.7831,291094.07
2024-06-23 17:00:00,0.7831,0.7909,0.7829,0.79,204210.88
2024-06-23 18:00:00,0.79,0.7938,0.79,0.7921,43722.81
2024-06-23 19:00:00,0.7921,0.795,0.7912,0.7936,52667.92
2024-06-23 20:00:00,0.7936,0.794,0.777,0.7869,690622.37
2024-06-23 21:00:00,0.7869,0.7895,0.7804,0.787,500572.72
2024-06-23 22:00:00,0.787,0.7871,0.7786,0.7823,425935.85
2024-06-23 23:00:00,0.7823,0.7835,0.7791,0.783,129534.98
2024-06-24 00:00:00,0.783,0.7907,0.7824,0.7885,122445.97
2024-06-24 01:00:00,0.7885,0.79,0.7813,0.7876,105722.39
2024-06-24 02:00:00,0.7876,0.7902,0.7746,0.7806,677489.0
2024-06-24 03:00:00,0.7806,0.7877,0.7797,0.7813,299471.82
2024-06-24 04:00:00,0.7813,0.7833,0.7742,0.7825,414782.62
2024-06-24 05:00:00,0.7825,0.7827,0.762,0.7679,572190.87
2024-06-24 06:00:00,0.7679,0.7732,0.7679,0.772,174981.93
2024-06-24 07:00:00,0.772,0.7757,0.7662,0.7705,273139.13
2024-06-24 08:00:00,0.7705,0.7789,0.7664,0.7734,185089.85
2024-06-24 09:00:00,0.7734,0.776,0.7373,0.765,2101179.98
2024-06-24 10:00:00,0.765,0.7734,0.764,0.7698,331850.69
2024-06-24 11:00:00,0.7698,0.7747,0.7658,0.7733,153003.02
2024-06-24 12:00:00,0.7733,0.7838,0.7721,0.7825,379051.46
2024-06-24 13:00:00,0.7825,0.7829,0.774,0.7823,191313.3
2024-06-24 14:00:00,0.7823,0.785,0.7726,0.775,174443.13
2024-06-24 15:00:00,0.775,0.7782,0.7641,0.768,172946.39
2024-06-24 16:00:00,0.768,0.7773,0.7664,0.7746,139727.76
2024-06-24 17:00:00,0.7746,0.7864,0.7712,0.7839,408033.88
2024-06-24 18:00:00,0.7839,0.7884,0.7765,0.7834,256026.53
2024-06-24 19:00:00,0.7834,0.7865,0.7792,0.7846,181897.8
2024-06-24 20:00:00,0.7846,0.7958,0.775,0.7933,717997.0
2024-06-24 21:00:00,0.7933,0.8074,0.7928,0.8051,548204.56
2024-06-24 22:00:00,0.8051,0.8141,0.8051,0.8115,266448.41
2024-06-24 23:00:00,0.8115,0.8195,0.8115,0.8194,194648.18
2024-06-25 00:00:00,0.8194,0.8226,0.8113,0.8161,180068.72
2024-06-25 01:00:00,0.8161,0.8166,0.8109,0.8139,37508.74
2024-06-25 02:00:00,0.8139,0.8165,0.8103,0.813,44962.19
2024-06-25 03:00:00,0.813,0.8243,0.8112,0.8201,327478.92
2024-06-25 04:00:00,0.8201,0.8298,0.8192,0.8276,180260.35
2024-06-25 05:00:00,0.8276,0.828,0.8194,0.8202,147928.01
2024-06-25 06:00:00,0.8202,0.822,0.8173,0.8204,135425.04
2024-06-25 07:00:00,0.8204,0.8249,0.8179,0.8182,155297.4
2024-06-25 08:00:00,0.8182,0.8229,0.8132,0.8161,258362.19
2024-06-25 09:00:00,0.8161,0.8358,0.8152,0.8327,1791850.71
2024-06-25 10:00:00,0.8327,0.833,0.8251,0.8304,396012.34
2024-06-25 11:00:00,0.8304,0.835,0.8281,0.8301,168340.35
2024-06-25 12:00:00,0.8301,0.8309,0.8259,0.8263,120154.15
2024-06-25 13:00:00,0.8263,0.8332,0.8263,0.8306,126038.45
2024-06-25 14:00:00,0.8306,0.8451,0.8297,0.8382,846096.39
2024-06-25 15:00:00,0.8382,0.845,0.8339,0.8436,127884.38
2024-06-25 16:00:00,0.8436,0.8446,0.8323,0.8324,126120.94
2024-06-25 17:00:00,0.8324,0.8391,0.8319,0.8322,198530.6
2024-06-25 18:00:00,0.8322,0.8403,0.8304,0.8387,247951.2
2024-06-25 19:00:00,0.8387,0.8419,0.8355,0.8367,161462.68
2024-06-25 20:00:00,0.8367,0.8384,0.8345,0.8353,267928.2
2024-06-25 21:00:00,0.8353,0.8364,0.8332,0.8341,88488.56
2024-06-25 22:00:00,0.8341,0.8377,0.8312,0.8318,267566.11
2024-06-25 23:00:00,0.8318,0.8324,0.8274,0.8291,204759.72
2024-06-26 00:00:00,0.8291,0.8296,0.8246,0.8259,88365.53
2024-06-26 01:00:00,0.8259,0.8363,0.8236,0.8347,305543.23
2024-06-26 02:00:00,0.8347,0.8384,0.8292,0.8299,145150.93
2024-06-26 03:00:00,0.8299,0.8311,0.8183,0.8224,645645.63
2024-06-26 04:00:00,0.8224,0.8232,0.8183,0.8192,308763.21
2024-06-26 05:00:00,0.8192,0.8221,0.8159,0.8189,118712.84
2024-06-26 06:00:00,0.8189,0.822,0.8189,0.8195,232644.24
2024-06-26 07:00:00,0.8195,0.8268,0.8178,0.8266,289181.62
2024-06-26 08:00:00,0.8266,0.8268,0.819,0.8192,629737.4
2024-06-26 09:00:00,0.8192,0.8203,0.8162,0.8182,244312.21
2024-06-26 10:00:00,0.8182,0.8191,0.8135,0.8184,224087.4
2024-06-26 11:00:00,0.8184,0.8232,0.8174,0.819,259410.75
2024-06-26 12:00:00,0.819,0.8212,0.8146,0.8164,53610.62
2024-06-26 13:00:00,0.8164,0.8231,0.8154,0.8215,241054.9
2024-06-26 14:00:00,0.8215,0.8252,0.8158,0.8187,123390.59
2024-06-26 15:00:00,0.8187,0.8187,0.8085,0.8118,318141.34
2024-06-26 16:00:00,0.8118,0.8119,0.805,0.8076,114458.86
2024-06-26 17:00:00,0.8076,0.8076,0.7917,0.8059,530401.29
2024-06-26 18:00:00,0.8059,0.8059,0.8005,0.8049,57924.63
2024-06-26 19:00:00,0.8049,0.8214,0.8044,0.8211,450772.82
2024-06-26 20:00:00,0.8211,0.8294,0.8148,0.8204,308138.17
2024-06-26 21:00:00,0.8204,0.8226,0.8174,0.8183,23940.29
2024-06-26 22:00:00,0.8183,0.8194,0.8132,0.8159,96969.88
2024-06-26 23:00:00,0.8159,0.8163,0.8097,0.8117,95497.06
2024-06-27 00:00:00,0.8117,0.8124,0.8083,0.8103,188664.75
2024-06-27 01:00:00,0.8103,0.8127,0.8077,0.8111,34147.59
2024-06-27 02:00:00,0.8111,0.8159,0.8083,0.8135,76509.95
2024-06-27 03:00:00,0.8135,0.8152,0.8103,0.8111,33219.16
2024-06-27 04:00:00,0.8111,0.8127,0.8099,0.8104,32463.14
2024-06-27 05:00:00,0.8104,0.8111,0.8012,0.8015,282648.81
2024-06-27 06:00:00,0.8015,0.8046,0.8002,0.8025,415907.36
2024-06-27 07:00:00,0.8025,0.8043,0.8006,0.8031,59249.43
2024-06-27 08:00:00,0.8031,0.8057,0.8027,0.8049,50348.8
2024-06-27 09:00:00,0.8049,0.812,0.8046,0.8108,170974.84
2024-06-27 10:00:00,0.8108,0.8137,0.8081,0.8084,88148.54
2024-06-27 11:00:00,0.8084,0.8121,0.8065,0.811,231343.42
2024-06-27 12:00:00,0.811,0.8234,0.8109,0.82,344917.64
2024-06-27 13:00:00,0.82,0.8313,0.8197,0.8282,545416.55
2024-06-27 14:00:00,0.8282,0.8343,0.8243,0.8243,331490.08
2024-06-27 15:00:00,0.8243,0.8282,0.8215,0.8228,175858.39
2024-06-27 16:00:00,0.8228,0.8265,0.8212,0.8258,51071.12
2024-06-27 17:00:00,0.8258,0.8293,0.8252,0.8262,56929.34
2024-06-27 18:00:00,0.8262,0.8284,0.8241,0.8262,111308.95
2024-06-27 19:00:00,0.8262,0.8273,0.823,0.8248,91856.27
2024-06-27 20:00:00,0.8248,0.8256,0.8199,0.8235,57648.87
2024-06-27 21:00:00,0.8235,0.8241,0.8224,0.8228,21188.95
2024-06-27 22:00:00,0.8228,0.8259,0.8221,0.8234,30669.34
2024-06-27 23:00:00,0.8234,0.8239,0.8198,0.8215,56031.75
2024-06-28 00:00:00,0.8215,0.8238,0.8174,0.8193,605926.32
2024-06-28 01:00:00,0.8193,0.8316,0.8177,0.8315,460545.16
2024-06-28 02:00:00,0.8315,0.8333,0.822,0.8227,88101.28
2024-06-28 03:00:00,0.8227,0.8272,0.8222,0.826,53990.75
2024-06-28 04:00:00,0.826,0.8262,0.8209,0.8249,57262.54
2024-06-28 05:00:00,0.8249,0.8254,0.8176,0.8186,141748.07
2024-06-28 06:00:00,0.8186,0.8253,0.818,0.8253,55053.07
2024-06-28 07:00:00,0.8253,0.8253,0.8183,0.8219,336859.97
2024-06-28 08:00:00,0.8219,0.824,0.8188,0.8232,192867.64
2024-06-28 09:00:00,0.8232,0.8255,0.8206,0.8247,187263.22
2024-06-28 10:00:00,0.8247,0.8259,0.8219,0.8241,65070.81
2024-06-28 11:00:00,0.8241,0.8291,0.8228,0.826,175744.89
2024-06-28 12:00:00,0.826,0.8315,0.8215,0.8228,184203.92
2024-06-28 13:00:00,0.8228,0.831,0.8169,0.8216,218474.61
2024-06-28 14:00:00,0.8216,0.8265,0.811,0.8148,250865.24
2024-06-28 15:00:00,0.8148,0.8148,0.8082,0.8114,324560.17
2024-06-28 16:00:00,0.8114,0.8132,0.7964,0.8038,536457.46
2024-06-28 17:00:00,0.8038,0.8038,0.7951,0.7983,256014.71
2024-06-28 18:00:00,0.7983,0.8005,0.7968,0.7989,208143.84
2024-06-28 19:00:00,0.7989,0.8019,0.7946,0.8011,811145.41
2024-06-28 20:00:00,0.8011,0.8055,0.8008,0.8022,199292.66
2024-06-28 21:00:00,0.8022,0.8022,0.7926,0.7977,353743.33
2024-06-28 22:00:00,0.7977,0.7982,0.7939,0.7956,95477.62
2024-06-28 23:00:00,0.7956,0.7976,0.7909,0.7909,2119182.54
2024-06-29 00:00:00,0.7909,0.7961,0.7909,0.7957,190739.43
2024-06-29 01:00:00,0.7957,0.8005,0.7949,0.7996,81776.93
2024-06-29 02:00:00,0.7996,0.8008,0.7968,0.7974,58241.02
2024-06-29 03:00:00,0.7974,0.799,0.7962,0.7986,324940.27
2024-06-29 04:00:00,0.7986,0.7993,0.7969,0.7973,80606.79
2024-06-29 05:00:00,0.7973,0.7977,0.7953,0.7965,176266.59
2024-06-29 06:00:00,0.7965,0.7968,0.7932,0.7945,252818.84
2024-06-29 07:00:00,0.7945,0.8016,0.7944,0.7988,109009.32
2024-06-29 08:00:00,0.7988,0.7999,0.7956,0.7971,186592.5
2024-06-29 09:00:00,0.7971,0.7984,0.7954,0.7968,45063.17
2024-06-29 10:00:00,0.7968,0.7986,0.796,0.7964,74142.24
2024-06-29 11:00:00,0.7964,0.8006,0.7955,0.7986,34936.8
2024-06-29 12:00:00,0.7986,0.7989,0.793,0.7939,176176.8
2024-06-29 13:00:00,0.7939,0.797,0.7939,0.7951,181494.38
2024-06-29 14:00:00,0.7951,0.7959,0.7913,0.7933,249357.08
2024-06-29 15:00:00,0.7933,0.7945,0.7889,0.7941,519284.56
2024-06-29 16:00:00,0.7941,0.7947,0.7868,0.7878,411005.62
2024-06-29 17:00:00,0.7878,0.7882,0.784,0.7876,860274.64
2024-06-29 18:00:00,0.7876,0.7883,0.7846,0.7861,291730.61
2024-06-29 19:00:00,0.7861,0.7877,0.7815,0.787,209236.66
2024-06-29 20:00:00,0.787,0.7883,0.7833,0.7842,185710.27
2024-06-29 21:00:00,0.7842,0.7871,0.7813,0.7866,131280.92
2024-06-29 22:00:00,0.7866,0.787,0.7765,0.7777,708136.83
2024-06-29 23:00:00,0.7777,0.7808,0.7768,0.7785,67259.66
2024-06-30 00:00:00,0.7785,0.7849,0.7774,0.7829,158454.41
2024-06-30 01:00:00,0.7829,0.7834,0.775,0.7776,246905.71
2024-06-30 02:00:00,0.7776,0.7781,0.7679,0.7724,473489.93
2024-06-30 03:00:00,0.7724,0.7759,0.772,0.7751,54186.41
2024-06-30 04:00:00,0.7751,0.7766,0.7729,0.7737,205551.95
2024-06-30 05:00:00,0.7737,0.7746,0.7719,0.7738,161997.81
2024-06-30 06:00:00,0.7738,0.7776,0.7725,0.7773,153606.8
2024-06-30 07:00:00,0.7773,0.7882,0.7769,0.7852,572857.79
2024-06-30 08:00:00,0.7852,0.7882,0.7841,0.7871,101456.43
2024-06-30 09:00:00,0.7871,0.7885,0.783,0.7831,62226.67
2024-06-30 10:00:00,0.7831,0.7855,0.7812,0.7815,103692.56
2024-06-30 11:00:00,0.7815,0.7854,0.7815,0.7823,147022.38
2024-06-30 12:00:00,0.7823,0.784,0.7778,0.7797,77592.68
2024-06-30 13:00:00,0.7797,0.7846,0.7796,0.7846,46894.74
2024-06-30 14:00:00,0.7846,0.7856,0.7807,0.7822,122051.19
2024-06-30 15:00:00,0.7822,0.7863,0.7818,0.7858,115777.97
2024-06-30 16:00:00,0.7858,0.7872,0.7791,0.7795,276876.17
2024-06-30 17:00:00,0.7795,0.7876,0.7795,0.7859,167242.27
2024-06-30 18:00:00,0.7859,0.792,0.7841,0.7902,197206.01
2024-06-30 19:00:00,0.7902,0.7924,0.7874,0.7905,72653.43
2024-06-30 20:00:00,0.7905,0.794,0.79,0.7903,162571.46
2024-06-30 21:00:00,0.7903,0.7909,0.7869,0.7879,71255.91
2024-06-30 22:00:00,0.7879,0.8028,0.7874,0.8018,602307.36
2024-06-30 23:00:00,0.8018,0.8044,0.7994,0.8008,95483.89
2024-07-01 00:00:00,0.8008,0.8018,0.7981,0.7986,63489.06
2024-07-01 01:00:00,0.7986,0.8167,0.797,0.8157,297432.8
2024-07-01 02:00:00,0.8157,0.8172,0.8098,0.8116,342961.13
2024-07-01 03:00:00,0.8116,0.8131,0.8084,0.8094,169657.85
2024-07-01 04:00:00,0.8094,0.81,0.8055,0.8069,84526.23
2024-07-01 05:00:00,0.8069,0.8078,0.805,0.8062,97744.54
2024-07-01 06:00:00,0.8062,0.8067,0.8033,0.8045,111653.46
2024-07-01 07:00:00,0.8045,0.8082,0.8039,0.8056,168899.23
2024-07-01 08:00:00,0.8056,0.8074,0.7982,0.8034,201513.71
2024-07-01 09:00:00,0.8034,0.8048,0.7992,0.801,142796.79
2024-07-01 10:00:00,0.801,0.801,0.7955,0.7971,357499.98
2024-07-01 11:00:00,0.7971,0.7974,0.7895,0.7919,338757.15
2024-07-01 12:00:00,0.7919,0.7946,0.7914,0.792,159271.01
2024-07-01 13:00:00,0.792,0.7939,0.7853,0.7872,394878.98
2024-07-01 14:00:00,0.7872,0.7889,0.7817,0.7864,328323.7
2024-07-01 15:00:00,0.7864,0.7899,0.7818,0.7864,218394.13
2024-07-01 16:00:00,0.7864,0.7898,0.7841,0.7895,76413.87
2024-07-01 17:00:00,0.7895,0.7953,0.7873,0.7949,184384.11
2024-07-01 18:00:00,0.7949,0.8007,0.7925,0.7964,412575.9
2024-07-01 19:00:00,0.7964,0.7981,0.7924,0.7945,103204.43
2024-07-01 20:00:00,0.7945,0.7953,0.7895,0.7918,93010.03
2024-07-01 21:00:00,0.7918,0.7924,0.7874,0.7886,95304.24
2024-07-01 22:00:00,0.7886,0.7889,0.7788,0.7821,257353.74
2024-07-01 23:00:00,0.7821,0.7827,0.7752,0.7792,417639.68
2024-07-02 00:00:00,0.7792,0.7792,0.7743,0.7777,90090.05
2024-07-02 01:00:00,0.7777,0.7791,0.7761,0.7784,94968.1
2024-07-02 02:00:00,0.7784,0.7806,0.7766,0.7804,104757.13
2024-07-02 03:00:00,0.7804,0.7837,0.7772,0.7802,383007.56
2024-07-02 04:00:00,0.7802,0.7836,0.7794,0.7797,236609.06
2024-07-02 05:00:00,0.7797,0.7826,0.7795,0.7822,168953.36
2024-07-02 06:00:00,0.7822,0.7822,0.7769,0.7777,133675.0
2024-07-02 07:00:00,0.7777,0.7777,0.7716,0.7737,369548.98
2024-07-02 08:00:00,0.7737,0.7765,0.7717,0.7746,222699.6
2024-07-02 09:00:00,0.7746,0.778,0.7736,0.7758,198484.48
2024-07-02 10:00:00,0.7758,0.7787,0.7737,0.7785,111819.7
2024-07-02 11:00:00,0.7785,0.7807,0.7774,0.7793,209661.68
2024-07-02 12:00:00,0.7793,0.785,0.7779,0.7824,378711.11
2024-07-02 13:00:00,0.7824,0.7856,0.7761,0.7783,624940.22
2024-07-02 14:00:00,0.7783,0.7803,0.7717,0.7775,1737257.78
2024-07-02 15:00:00,0.7775,0.7788,0.7744,0.7771,257541.1
2024-07-02 16:00:00,0.7771,0.7779,0.7728,0.7767,541741.3
2024-07-02 17:00:00,0.7767,0.777,0.7725,0.7769,50724.39
2024-07-02 18:00:00,0.7769,0.7838,0.7769,0.7819,237412.26
2024-07-02 19:00:00,0.7819,0.7833,0.7798,0.7801,111139.42
2024-07-02 20:00:00,0.7801,0.782,0.778,0.7802,74532.23
2024-07-02 21:00:00,0.7802,0.7805,0.7776,0.7795,113671.81
2024-07-02 22:00:00,0.7795,0.7816,0.7771,0.7812,51605.2
2024-07-02 23:00:00,0.7812,0.7842,0.7803,0.7821,827711.85
2024-07-03 00:00:00,0.7821,0.7883,0.782,0.7839,310251.92
2024-07-03 01:00:00,0.7839,0.7847,0.7737,0.7762,1112501.05
2024-07-03 02:00:00,0.7762,0.7782,0.773,0.7758,338345.93
2024-07-03 03:00:00,0.7758,0.7758,0.7605,0.7689,1101697.29
2024-07-03 04:00:00,0.7689,0.7689,0.7638,0.7669,229351.72
2024-07-03 05:00:00,0.7669,0.771,0.7662,0.771,134091.54
2024-07-03 06:00:00,0.771,0.7773,0.7703,0.7773,219614.02
2024-07-03 07:00:00,0.7773,0.7773,0.7713,0.7738,1084175.21
2024-07-03 08:00:00,0.7738,0.7767,0.7716,0.7716,464693.48
2024-07-03 09:00:00,0.7716,0.777,0.7716,0.7736,136851.91
2024-07-03 10:00:00,0.7736,0.7736,0.755,0.7709,2315298.25
2024-07-03 11:00:00,0.7709,0.7709,0.7637,0.7691,168126.14
2024-07-03 12:00:00,0.7691,0.7698,0.7603,0.7628,869032.18
2024-07-03 13:00:00,0.7628,0.7722,0.7601,0.7705,240893.28
2024-07-03 14:00:00,0.7705,0.7724,0.766,0.766,133720.26
2024-07-03 15:00:00,0.766,0.7709,0.7613,0.7704,176152.01
2024-07-03 16:00:00,0.7704,0.7725,0.766,0.771,116811.88
2024-07-03 17:00:00,0.771,0.7711,0.7633,0.7657,38307.43
2024-07-03 18:00:00,0.7657,0.7677,0.7622,0.7645,50432.34
2024-07-03 19:00:00,0.7645,0.7645,0.751,0.7553,570686.43
2024-07-03 20:00:00,0.7553,0.7582,0.749,0.7518,187565.67
2024-07-03 21:00:00,0.7518,0.764,0.7507,0.7629,167655.87
2024-07-03 22:00:00,0.7629,0.7637,0.7605,0.7623,47133.7
2024-07-03 23:00:00,0.7623,0.7649,0.7602,0.7636,944370.21
2024-07-04 00:00:00,0.7636,0.7671,0.7636,0.7647,42332.7
2024-07-04 01:00:00,0.7647,0.7649,0.728,0.7336,2529382.19
2024-07-04 02:00:00,0.7336,0.7402,0.7186,0.739,973623.41
2024-07-04 03:00:00,0.739,0.7406,0.7351,0.74,212850.2
2024-07-04 04:00:00,0.74,0.7428,0.738,0.7421,131976.9
2024-07-04 05:00:00,0.7421,0.7424,0.7384,0.7395,35901.19
2024-07-04 06:00:00,0.7395,0.7396,0.73,0.7343,1174131.38
2024-07-04 07:00:00,0.7343,0.7353,0.7229,0.7263,358383.96
2024-07-04 08:00:00,0.7263,0.73,0.714,0.7248,2005935.07
2024-07-04 09:00:00,0.7248,0.7255,0.714,0.7218,302139.78
2024-07-04 10:00:00,0.7218,0.7223,0.713,0.7222,275207.76
2024-07-04 11:00:00,0.7222,0.7247,0.7184,0.7202,144630.42
2024-07-04 12:00:00,0.7202,0.7207,0.7098,0.7108,804345.51
2024-07-04 13:00:00,0.7108,0.7132,0.698,0.7119,816143.17
2024-07-04 14:00:00,0.7119,0.714,0.705,0.7116,226921.03
2024-07-04 15:00:00,0.7116,0.7183,0.7083,0.7175,177494.78
2024-07-04 16:00:00,0.7175,0.7176,0.7099,0.7156,107438.36
2024-07-04 17:00:00,0.7156,0.7172,0.7138,0.716,140825.02
2024-07-04 18:00:00,0.716,0.7171,0.71,0.7108,123953.5
2024-07-04 19:00:00,0.7108,0.7165,0.7088,0.7094,97005.44
2024-07-04 20:00:00,0.7094,0.7135,0.7075,0.7135,96770.82
2024-07-04 21:00:00,0.7135,0.719,0.7113,0.7152,138432.24
2024-07-04 22:00:00,0.7152,0.7179,0.7057,0.7059,100980.41
2024-07-04 23:00:00,0.7059,0.7061,0.6682,0.6777,1995920.41
2024-07-05 00:00:00,0.6777,0.6795,0.6192,0.643,3668757.82
2024-07-05 01:00:00,0.643,0.6449,0.6124,0.6361,1238349.78
2024-07-05 02:00:00,0.6361,0.6361,0.5651,0.58,3057231.68
2024-07-05 03:00:00,0.58,0.5967,0.5625,0.5904,2041997.95
2024-07-05 04:00:00,0.5904,0.6095,0.5715,0.601,1461736.67
2024-07-05 05:00:00,0.601,0.6091,0.5976,0.5993,1269947.32
2024-07-05 06:00:00,0.5993,0.5993,0.5864,0.5919,2026262.44
2024-07-05 07:00:00,0.5919,0.6005,0.5904,0.6001,251156.42
2024-07-05 08:00:00,0.6001,0.6003,0.5873,0.5886,1089307.22
2024-07-05 09:00:00,0.5886,0.6037,0.5875,0.6029,133350.51
2024-07-05 10:00:00,0.6029,0.614,0.6016,0.6096,282652.86
2024-07-05 11:00:00,0.6096,0.6198,0.6085,0.6188,322362.3
2024-07-05 12:00:00,0.6188,0.6271,0.6131,0.6133,547725.79
2024-07-05 13:00:00,0.6133,0.6251,0.6111,0.6214,468856.43
2024-07-05 14:00:00,0.6214,0.6221,0.613,0.6175,224193.91
2024-07-05 15:00:00,0.6175,0.6281,0.6166,0.6257,313680.45
2024-07-05 16:00:00,0.6257,0.6325,0.622,0.6229,199521.27
2024-07-05 17:00:00,0.6229,0.63,0.6206,0.6296,95799.89
2024-07-05 18:00:00,0.6296,0.6296,0.6203,0.6286,173006.02
2024-07-05 19:00:00,0.6286,0.6286,0.6209,0.6221,102173.92
2024-07-05 20:00:00,0.6221,0.6228,0.6179,0.6218,137037.47
2024-07-05 21:00:00,0.6218,0.6258,0.6193,0.6219,293653.11
2024-07-05 22:00:00,0.6219,0.6262,0.6188,0.6202,251553.72
2024-07-05 23:00:00,0.6202,0.6253,0.6202,0.6221,46959.84
2024-07-06 00:00:00,0.6221,0.6379,0.6193,0.6255,120012.05
2024-07-06 01:00:00,0.6255,0.6258,0.6167,0.617,76256.49
2024-07-06 02:00:00,0.617,0.6205,0.6132,0.6185,135643.28
2024-07-06 03:00:00,0.6185,0.6205,0.6163,0.6192,133848.87
2024-07-06 04:00:00,0.6192,0.6214,0.6155,0.6156,43758.58
2024-07-06 05:00:00,0.6156,0.6192,0.6148,0.6158,147422.63
2024-07-06 06:00:00,0.6158,0.6282,0.6154,0.6255,72140.79
2024-07-06 07:00:00,0.6255,0.6346,0.6254,0.6286,185569.83
2024-07-06 08:00:00,0.6286,0.6296,0.624,0.6254,175317.04
2024-07-06 09:00:00,0.6254,0.63,0.623,0.6299,182120.49
2024-07-06 10:00:00,0.6299,0.6336,0.6284,0.6328,154617.55
2024-07-06 11:00:00,0.6328,0.6353,0.6312,0.6347,210061.29
2024-07-06 12:00:00,0.6347,0.6349,0.6293,0.6346,138504.42
2024-07-06 13:00:00,0.6346,0.6432,0.6327,0.6398,235267.48
2024-07-06 14:00:00,0.6398,0.649,0.6352,0.6475,304528.22
2024-07-06 15:00:00,0.6475,0.6642,0.6469,0.6605,286940.24
2024-07-06 16:00:00,0.6605,0.6906,0.658,0.6877,670895.89
2024-07-06 17:00:00,0.6877,0.6912,0.6827,0.691,295985.38
2024-07-06 18:00:00,0.691,0.6964,0.6884,0.69,388552.35
2024-07-06 19:00:00,0.69,0.6904,0.6827,0.6895,218222.01
2024-07-06 20:00:00,0.6895,0.6938,0.6893,0.6903,344316.28
2024-07-06 21:00:00,0.6903,0.6946,0.6866,0.6902,215752.92
2024-07-06 22:00:00,0.6902,0.6958,0.6902,0.6932,189604.13
2024-07-06 23:00:00,0.6932,0.698,0.6907,0.6928,236249.38
2024-07-07 00:00:00,0.6928,0.6928,0.6832,0.6837,277681.46
2024-07-07 01:00:00,0.6837,0.6861,0.6772,0.6842,242041.03
2024-07-07 02:00:00,0.6842,0.6956,0.6842,0.6956,223296.27
2024-07-07 03:00:00,0.6956,0.6978,0.6879,0.6945,177846.57
2024-07-07 04:00:00,0.6945,0.6946,0.6814,0.684,818528.96
2024-07-07 05:00:00,0.684,0.6869,0.6789,0.6866,226246.55
2024-07-07 06:00:00,0.6866,0.6938,0.6841,0.6893,240161.81
2024-07-07 07:00:00,0.6893,0.6922,0.6764,0.6818,253017.85
2024-07-07 08:00:00,0.6818,0.6884,0.6799,0.6819,333222.23
2024-07-07 09:00:00,0.6819,0.6881,0.6788,0.6839,270312.13
2024-07-07 10:00:00,0.6839,0.6897,0.6831,0.6852,71685.4
2024-07-07 11:00:00,0.6852,0.6886,0.6844,0.6879,64541.49
2024-07-07 12:00:00,0.6879,0.6959,0.6854,0.6923,401564.07
2024-07-07 13:00:00,0.6923,0.6923,0.6675,0.6695,717030.65
2024-07-07 14:00:00,0.6695,0.6707,0.6601,0.6651,568263.28
2024-07-07 15:00:00,0.6651,0.6759,0.6639,0.6727,1748652.77
2024-07-07 16:00:00,0.6727,0.6871,0.6702,0.6823,476975.6
2024-07-07 17:00:00,0.6823,0.6862,0.6755,0.6838,249577.14
2024-07-07 18:00:00,0.6838,0.6857,0.676,0.6772,290265.43
2024-07-07 19:00:00,0.6772,0.6779,0.673,0.6736,202076.09
2024-07-07 20:00:00,0.6736,0.677,0.6722,0.6752,48052.59
2024-07-07 21:00:00,0.6752,0.6754,0.6586,0.6639,227321.77
2024-07-07 22:00:00,0.6639,0.6667,0.6545,0.6545,181122.65
2024-07-07 23:00:00,0.6545,0.6608,0.6479,0.65,175012.09
2024-07-08 00:00:00,0.65,0.6524,0.6151,0.6165,5914257.65
2024-07-08 01:00:00,0.6165,0.6181,0.604,0.6155,685746.43
2024-07-08 02:00:00,0.6155,0.6305,0.6122,0.6285,988785.59
2024-07-08 03:00:00,0.6285,0.632,0.6217,0.6266,671052.36
2024-07-08 04:00:00,0.6266,0.6344,0.624,0.6337,242412.81
2024-07-08 05:00:00,0.6337,0.6373,0.6272,0.6301,413815.41
2024-07-08 06:00:00,0.6301,0.6401,0.6274,0.6332,320347.25
2024-07-08 07:00:00,0.6332,0.6352,0.6275,0.6321,272121.03
2024-07-08 08:00:00,0.6321,0.6829,0.6308,0.6782,1579450.67
2024-07-08 09:00:00,0.6782,0.6871,0.6725,0.6782,886348.95
2024-07-08 10:00:00,0.6782,0.6857,0.6649,0.6661,452025.13
2024-07-08 11:00:00,0.6661,0.678,0.6661,0.6752,443660.37
2024-07-08 12:00:00,0.6752,0.6821,0.6693,0.6757,508860.39
2024-07-08 13:00:00,0.6757,0.6799,0.6673,0.6733,516900.33
2024-07-08 14:00:00,0.6733,0.676,0.6381,0.6579,1634159.49
2024-07-08 15:00:00,0.6579,0.6697,0.6508,0.6509,338104.82
2024-07-08 16:00:00,0.6509,0.6583,0.6454,0.6529,334615.6
2024-07-08 17:00:00,0.6529,0.6584,0.6483,0.6552,262667.26
2024-07-08 18:00:00,0.6552,0.6619,0.6533,0.6602,149668.71
2024-07-08 19:00:00,0.6602,0.662,0.6577,0.6596,133422.28
2024-07-08 20:00:00,0.6596,0.663,0.6545,0.6564,82723.75
2024-07-08 21:00:00,0.6564,0.6668,0.6547,0.6649,103101.61
2024-07-08 22:00:00,0.6649,0.6705,0.6627,0.6665,79034.3
2024-07-08 23:00:00,0.6665,0.6696,0.6648,0.6665,81535.65
2024-07-09 00:00:00,0.6665,0.6702,0.6604,0.6686,125099.97
2024-07-09 01:00:00,0.6686,0.6819,0.6659,0.6695,485097.82
2024-07-09 02:00:00,0.6695,0.6799,0.6647,0.6795,103779.76
2024-07-09 03:00:00,0.6795,0.68,0.6704,0.6733,112366.29
2024-07-09 04:00:00,0.6733,0.6766,0.6714,0.6732,127088.13
2024-07-09 05:00:00,0.6732,0.6756,0.6693,0.6751,94078.55
2024-07-09 06:00:00,0.6751,0.6792,0.6736,0.6745,86325.8
2024-07-09 07:00:00,0.6745,0.6763,0.6696,0.6703,133914.89
2024-07-09 08:00:00,0.6703,0.684,0.6674,0.6769,297794.55
2024-07-09 09:00:00,0.6769,0.6815,0.6756,0.6779,254887.02
2024-07-09 10:00:00,0.6779,0.6813,0.6752,0.6767,603287.22
2024-07-09 11:00:00,0.6767,0.6777,0.671,0.6748,249610.97
2024-07-09 12:00:00,0.6748,0.6754,0.6685,0.6704,458060.36
2024-07-09 13:00:00,0.6704,0.6717,0.6656,0.67,765044.78
2024-07-09 14:00:00,0.67,0.6816,0.6668,0.6674,542467.04
2024-07-09 15:00:00,0.6674,0.6776,0.6628,0.6767,305179.15
2024-07-09 16:00:00,0.6767,0.6814,0.6756,0.6804,391510.12
2024-07-09 17:00:00,0.6804,0.6831,0.6756,0.6783,242841.51
2024-07-09 18:00:00,0.6783,0.6927,0.6773,0.6882,286190.53
2024-07-09 19:00:00,0.6882,0.6974,0.6866,0.6964,307267.53
2024-07-09 20:00:00,0.6964,0.7057,0.6946,0.7018,336688.5
2024-07-09 21:00:00,0.7018,0.7087,0.6984,0.7026,148039.12
2024-07-09 22:00:00,0.7026,0.7145,0.696,0.7042,338060.59
2024-07-09 23:00:00,0.7042,0.7091,0.6996,0.7085,142691.26
2024-07-10 00:00:00,0.7085,0.71,0.6971,0.6976,229159.58
2024-07-10 01:00:00,0.6976,0.7071,0.694,0.7037,211993.78
2024-07-10 02:00:00,0.7037,0.7151,0.702,0.7114,164455.56
2024-07-10 03:00:00,0.7114,0.7127,0.7047,0.7104,254989.55
2024-07-10 04:00:00,0.7104,0.722,0.7095,0.7194,528767.1
2024-07-10 05:00:00,0.7194,0.7208,0.7125,0.7146,184977.2
2024-07-10 06:00:00,0.7146,0.7155,0.7101,0.713,104589.0
2024-07-10 07:00:00,0.713,0.7133,0.7061,0.7084,263218.25
2024-07-10 08:00:00,0.7084,0.7094,0.702,0.7043,89488.57
2024-07-10 09:00:00,0.7043,0.7044,0.6995,0.7036,161374.98
2024-07-10 10:00:00,0.7036,0.7081,0.7005,0.7064,181686.21
2024-07-10 11:00:00,0.7064,0.7069,0.7014,0.7033,87467.57
2024-07-10 12:00:00,0.7033,0.7073,0.6961,0.7072,289334.41
2024-07-10 13:00:00,0.7072,0.7112,0.701,0.705,159211.08
2024-07-10 14:00:00,0.705,0.7092,0.701,0.703,117501.84
2024-07-10 15:00:00,0.703,0.72,0.6999,0.7161,681322.62
2024-07-10 16:00:00,0.7161,0.7305,0.7144,0.7188,496238.95
2024-07-10 17:00:00,0.7188,0.7195,0.71,0.7145,683401.65
2024-07-10 18:00:00,0.7145,0.7156,0.7119,0.7132,278538.68
2024-07-10 19:00:00,0.7132,0.7144,0.7112,0.713,138626.62
2024-07-10 20:00:00,0.713,0.7161,0.7082,0.7123,130630.91
2024-07-10 21:00:00,0.7123,0.7131,0.7075,0.7106,72099.23
2024-07-10 22:00:00,0.7106,0.7125,0.7083,0.7113,178238.42
2024-07-10 23:00:00,0.7113,0.7143,0.7105,0.7134,40311.22
2024-07-11 00:00:00,0.7134,0.715,0.7087,0.7144,648126.83
2024-07-11 01:00:00,0.7144,0.7238,0.7094,0.7234,332398.16
2024-07-11 02:00:00,0.7234,0.7237,0.7141,0.7142,132574.61
2024-07-11 03:00:00,0.7142,0.7149,0.7019,0.709,446635.1
2024-07-11 04:00:00,0.709,0.7093,0.7062,0.7073,247526.41
2024-07-11 05:00:00,0.7073,0.7097,0.7056,0.7094,157174.56
2024-07-11 06:00:00,0.7094,0.7156,0.7069,0.7145,211236.77
2024-07-11 07:00:00,0.7145,0.7175,0.7121,0.7139,201458.83
2024-07-11 08:00:00,0.7139,0.7154,0.7092,0.7108,171489.83
2024-07-11 09:00:00,0.7108,0.7168,0.7102,0.7166,71130.08
2024-07-11 10:00:00,0.7166,0.7231,0.7133,0.719,929576.96
2024-07-11 11:00:00,0.719,0.721,0.7144,0.7191,166761.23
2024-07-11 12:00:00,0.7191,0.7341,0.7152,0.7288,841752.83
2024-07-11 13:00:00,0.7288,0.7288,0.7177,0.7229,743763.54
2024-07-11 14:00:00,0.7229,0.7244,0.7077,0.7156,990584.73
2024-07-11 15:00:00,0.7156,0.7169,0.7026,0.7063,325986.62
2024-07-11 16:00:00,0.7063,0.7103,0.6995,0.7077,1961013.33
2024-07-11 17:00:00,0.7077,0.7114,0.7072,0.7078,610673.43
2024-07-11 18:00:00,0.7078,0.712,0.7067,0.7108,166386.56
2024-07-11 19:00:00,0.7108,0.7112,0.7014,0.702,204752.5
2024-07-11 20:00:00,0.702,0.705,0.699,0.7033,237379.68
2024-07-11 21:00:00,0.7033,0.7038,0.693,0.6964,2250041.27
2024-07-11 22:00:00,0.6964,0.6988,0.6911,0.6962,1175800.9
2024-07-11 23:00:00,0.6962,0.6969,0.6898,0.6917,765428.32
2024-07-12 00:00:00,0.6917,0.6991,0.6913,0.6936,783187.74
2024-07-12 01:00:00,0.6936,0.6961,0.6803,0.69,363481.32
2024-07-12 02:00:00,0.69,0.6963,0.6887,0.6959,264760.73
2024-07-12 03:00:00,0.6959,0.6963,0.6875,0.6884,104242.28
2024-07-12 04:00:00,0.6884,0.6891,0.6824,0.6883,109621.41
2024-07-12 05:00:00,0.6883,0.6904,0.685,0.687,104517.88
2024-07-12 06:00:00,0.687,0.692,0.6867,0.6898,115639.81
2024-07-12 07:00:00,0.6898,0.693,0.6832,0.6878,87809.29
2024-07-12 08:00:00,0.6878,0.6917,0.6867,0.6917,366180.49
2024-07-12 09:00:00,0.6917,0.6918,0.6826,0.6843,175850.45
2024-07-12 10:00:00,0.6843,0.6865,0.6784,0.6846,274173.21
2024-07-12 11:00:00,0.6846,0.6855,0.6817,0.6828,107926.9
2024-07-12 12:00:00,0.6828,0.6885,0.6828,0.6879,183830.19
2024-07-12 13:00:00,0.6879,0.7025,0.6879,0.7004,389494.72
2024-07-12 14:00:00,0.7004,0.7024,0.6966,0.6987,326297.15
2024-07-12 15:00:00,0.6987,0.7039,0.697,0.7006,479251.08
2024-07-12 16:00:00,0.7006,0.7017,0.6938,0.6979,394357.86
2024-07-12 17:00:00,0.6979,0.7022,0.696,0.6998,164055.83
2024-07-12 18:00:00,0.6998,0.7074,0.6984,0.7026,398716.23
2024-07-12 19:00:00,0.7026,0.7026,0.6924,0.6938,695779.7
2024-07-12 20:00:00,0.6938,0.6945,0.6864,0.6914,1202813.4
2024-07-12 21:00:00,0.6914,0.6944,0.6909,0.6933,114760.2
2024-07-12 22:00:00,0.6933,0.6968,0.692,0.6968,84940.43
2024-07-12 23:00:00,0.6968,0.6984,0.6955,0.6982,28424.26
2024-07-13 00:00:00,0.6982,0.7003,0.6962,0.6996,148263.4
2024-07-13 01:00:00,0.6996,0.7031,0.6977,0.698,115852.95
2024-07-13 02:00:00,0.698,0.699,0.6944,0.6984,396131.79
2024-07-13 03:00:00,0.6984,0.6991,0.6954,0.6964,368602.71
2024-07-13 04:00:00,0.6964,0.6969,0.6941,0.6947,153282.4
2024-07-13 05:00:00,0.6947,0.7013,0.6941,0.699,433465.46
2024-07-13 06:00:00,0.699,0.7022,0.698,0.7007,70618.57
2024-07-13 07:00:00,0.7007,0.7045,0.6989,0.7039,405036.09
2024-07-13 08:00:00,0.7039,0.707,0.7005,0.7012,569058.86
2024-07-13 09:00:00,0.7012,0.7066,0.7006,0.7057,567665.61
2024-07-13 10:00:00,0.7057,0.7065,0.6981,0.701,480668.21
2024-07-13 11:00:00,0.701,0.7013,0.6986,0.7006,83242.27
2024-07-13 12:00:00,0.7006,0.7021,0.6982,0.7005,700382.95
2024-07-13 13:00:00,0.7005,0.7005,0.6956,0.6963,136545.22
2024-07-13 14:00:00,0.6963,0.6986,0.6941,0.6986,961697.4
2024-07-13 15:00:00,0.6986,0.6997,0.6962,0.6968,791720.05
2024-07-13 16:00:00,0.6968,0.7015,0.6955,0.6997,2895864.04
2024-07-13 17:00:00,0.6997,0.7005,0.6965,0.6988,282002.3
2024-07-13 18:00:00,0.6988,0.7005,0.6939,0.6958,167452.8
2024-07-13 19:00:00,0.6958,0.6989,0.6958,0.6974,41145.68
2024-07-13 20:00:00,0.6974,0.6982,0.6948,0.6956,42056.98
2024-07-13 21:00:00,0.6956,0.6958,0.6922,0.6942,470002.73
2024-07-13 22:00:00,0.6942,0.7034,0.6884,0.7028,1246386.49
2024-07-13 23:00:00,0.7028,0.7071,0.6985,0.6995,461173.23
2024-07-14 00:00:00,0.6995,0.7047,0.697,0.6991,140556.54
2024-07-14 01:00:00,0.6991,0.7032,0.6971,0.702,65999.63
2024-07-14 02:00:00,0.702,0.7023,0.6928,0.6939,918757.36
2024-07-14 03:00:00,0.6939,0.6971,0.6931,0.6956,255333.12
2024-07-14 04:00:00,0.6956,0.7037,0.6947,0.7029,410045.16
2024-07-14 05:00:00,0.7029,0.7054,0.6984,0.7041,680576.32
2024-07-14 06:00:00,0.7041,0.7051,0.7006,0.7021,602230.19
2024-07-14 07:00:00,0.7021,0.708,0.7014,0.7055,194861.59
2024-07-14 08:00:00,0.7055,0.7157,0.7041,0.7128,786568.18
2024-07-14 09:00:00,0.7128,0.7155,0.709,0.7124,220368.84
2024-07-14 10:00:00,0.7124,0.7142,0.7064,0.7067,385902.88
2024-07-14 11:00:00,0.7067,0.7098,0.706,0.7077,465572.28
2024-07-14 12:00:00,0.7077,0.7077,0.6989,0.7007,510109.94
2024-07-14 13:00:00,0.7007,0.7038,0.7002,0.7019,371074.69
2024-07-14 14:00:00,0.7019,0.708,0.6991,0.706,244368.51
2024-07-14 15:00:00,0.706,0.7114,0.7029,0.7106,211532.11
2024-07-14 16:00:00,0.7106,0.7144,0.7092,0.7127,217299.2
2024-07-14 17:00:00,0.7127,0.7148,0.7092,0.7124,48205.38
2024-07-14 18:00:00,0.7124,0.7135,0.7104,0.7106,88525.12
2024-07-14 19:00:00,0.7106,0.7108,0.7079,0.7091,174337.59
2024-07-14 20:00:00,0.7091,0.7121,0.7085,0.7104,60766.33
2024-07-14 21:00:00,0.7104,0.7225,0.7087,0.7225,5113128.1
2024-07-14 22:00:00,0.7225,0.7252,0.7189,0.7211,626565.96
2024-07-14 23:00:00,0.7211,0.7249,0.7188,0.7205,275478.69
2024-07-15 00:00:00,0.7205,0.7281,0.718,0.7258,494871.75
2024-07-15 01:00:00,0.7258,0.7305,0.7186,0.7202,239687.23
2024-07-15 02:00:00,0.7202,0.7305,0.7188,0.7284,283290.72
2024-07-15 03:00:00,0.7284,0.7299,0.7243,0.7289,338881.1
2024-07-15 04:00:00,0.7289,0.7313,0.7261,0.7302,206704.93
2024-07-15 05:00:00,0.7302,0.7305,0.7266,0.7275,184493.95
2024-07-15 06:00:00,0.7275,0.7388,0.7254,0.7362,261845.02
2024-07-15 07:00:00,0.7362,0.7444,0.7333,0.7386,130438.8
2024-07-15 08:00:00,0.7386,0.7431,0.7324,0.7344,499352.18
2024-07-15 09:00:00,0.7344,0.7362,0.7285,0.7324,1198572.69
2024-07-15 10:00:00,0.7324,0.7339,0.7264,0.7286,557987.86
2024-07-15 11:00:00,0.7286,0.733,0.7266,0.7302,85133.76
2024-07-15 12:00:00,0.7302,0.7348,0.7295,0.733,125791.73
2024-07-15 13:00:00,0.733,0.7372,0.7308,0.7329,476838.86
2024-07-15 14:00:00,0.7329,0.7342,0.728,0.7342,82586.81
2024-07-15 15:00:00,0.7342,0.7385,0.729,0.7341,750058.38
2024-07-15 16:00:00,0.7341,0.7431,0.7305,0.7387,438892.37
2024-07-15 17:00:00,0.7387,0.7414,0.7322,0.7328,415384.19
2024-07-15 18:00:00,0.7328,0.739,0.7306,0.735,342939.14
2024-07-15 19:00:00,0.735,0.7436,0.7334,0.7396,208117.79
2024-07-15 20:00:00,0.7396,0.7556,0.7388,0.7537,308295.43
2024-07-15 21:00:00,0.7537,0.7662,0.7529,0.7601,869764.55
2024-07-15 22:00:00,0.7601,0.7761,0.7601,0.7697,392203.71
2024-07-15 23:00:00,0.7697,0.7742,0.766,0.7719,260903.08
2024-07-16 00:00:00,0.7719,0.7777,0.763,0.766,298057.29
2024-07-16 01:00:00,0.766,0.7744,0.7616,0.7726,151260.48
2024-07-16 02:00:00,0.7726,0.7743,0.7649,0.7677,139120.58
2024-07-16 03:00:00,0.7677,0.7699,0.7648,0.7696,266573.78
2024-07-16 04:00:00,0.7696,0.771,0.7628,0.7641,229796.8
2024-07-16 05:00:00,0.7641,0.7664,0.7467,0.7494,1250116.41
2024-07-16 06:00:00,0.7494,0.7552,0.7348,0.7378,835112.94
2024-07-16 07:00:00,0.7378,0.7457,0.7321,0.7336,572169.58
2024-07-16 08:00:00,0.7336,0.7385,0.7202,0.7305,1050644.39
2024-07-16 09:00:00,0.7305,0.7383,0.7287,0.7364,2757984.72
2024-07-16 10:00:00,0.7364,0.7424,0.7336,0.7377,885099.8
2024-07-16 11:00:00,0.7377,0.7398,0.7331,0.7374,171777.79
2024-07-16 12:00:00,0.7374,0.7436,0.7325,0.7341,330284.65
2024-07-16 13:00:00,0.7341,0.7421,0.7338,0.7367,221501.06
2024-07-16 14:00:00,0.7367,0.7482,0.7343,0.7472,443307.35
2024-07-16 15:00:00,0.7472,0.7666,0.7472,0.765,3489857.45
2024-07-16 16:00:00,0.765,0.7702,0.7535,0.7611,611352.62
2024-07-16 17:00:00,0.7611,0.768,0.7579,0.7651,394159.26
2024-07-16 18:00:00,0.7651,0.7689,0.7561,0.7602,623520.43
2024-07-16 19:00:00,0.7602,0.7623,0.7537,0.7599,299934.54
2024-07-16 20:00:00,0.7599,0.7599,0.7526,0.7528,502371.98
2024-07-16 21:00:00,0.7528,0.7559,0.749,0.7508,152656.68
2024-07-16 22:00:00,0.7508,0.752,0.7436,0.7471,471394.8
2024-07-16 23:00:00,0.7471,0.7539,0.7455,0.7504,129855.58
2024-07-17 00:00:00,0.7504,0.7593,0.7504,0.7565,87996.82
2024-07-17 01:00:00,0.7565,0.7693,0.7563,0.7631,433450.29
2024-07-17 02:00:00,0.7631,0.768,0.761,0.7622,144599.37
2024-07-17 03:00:00,0.7622,0.7645,0.7555,0.7613,168936.84
2024-07-17 04:00:00,0.7613,0.7683,0.7567,0.7678,448106.86
2024-07-17 05:00:00,0.7678,0.7707,0.7652,0.7663,399701.94
2024-07-17 06:00:00,0.7663,0.7727,0.763,0.77,375632.49
2024-07-17 07:00:00,0.77,0.7715,0.7658,0.7681,185731.94
2024-07-17 08:00:00,0.7681,0.7699,0.7555,0.7614,652206.74
2024-07-17 09:00:00,0.7614,0.7737,0.7608,0.7736,149431.1
2024-07-17 10:00:00,0.7736,0.7776,0.7682,0.7721,249475.11
2024-07-17 11:00:00,0.7721,0.7727,0.7567,0.7611,1203950.91
2024-07-17 12:00:00,0.7611,0.7654,0.7573,0.7606,600791.89
2024-07-17 13:00:00,0.7606,0.7699,0.7524,0.7683,361994.47
2024-07-17 14:00:00,0.7683,0.769,0.7594,0.7636,292563.6
2024-07-17 15:00:00,0.7636,0.7716,0.7585,0.7596,575929.03
2024-07-17 16:00:00,0.7596,0.7615,0.7397,0.7518,888004.08
2024-07-17 17:00:00,0.7518,0.7549,0.7483,0.7523,321380.33
2024-07-17 18:00:00,0.7523,0.7559,0.7514,0.7536,94973.48
2024-07-17 19:00:00,0.7536,0.7631,0.7525,0.7587,800643.59
2024-07-17 20:00:00,0.7587,0.7636,0.7563,0.7563,88944.1
2024-07-17 21:00:00,0.7563,0.7564,0.749,0.7535,90703.97
2024-07-17 22:00:00,0.7535,0.7552,0.7471,0.7485,195350.83
2024-07-17 23:00:00,0.7485,0.752,0.7444,0.7453,465372.39
2024-07-18 00:00:00,0.7453,0.7581,0.7453,0.7568,407499.91
2024-07-18 01:00:00,0.7568,0.7605,0.7551,0.7591,114201.33
2024-07-18 02:00:00,0.7591,0.7622,0.7493,0.7593,291672.56
2024-07-18 03:00:00,0.7593,0.7604,0.7561,0.7586,140372.18
2024-07-18 04:00:00,0.7586,0.7602,0.753,0.7532,398955.61
2024-07-18 05:00:00,0.7532,0.7566,0.7484,0.7547,210073.9
2024-07-18 06:00:00,0.7547,0.7621,0.7512,0.7609,104043.47
2024-07-18 07:00:00,0.7609,0.7616,0.752,0.752,159502.08
2024-07-18 08:00:00,0.752,0.7588,0.75,0.7577,206542.24
2024-07-18 09:00:00,0.7577,0.7608,0.7544,0.7547,401904.63
2024-07-18 10:00:00,0.7547,0.7547,0.7473,0.7533,565667.17
2024-07-18 11:00:00,0.7533,0.76,0.7503,0.7599,256513.69
2024-07-18 12:00:00,0.7599,0.765,0.7581,0.7637,486200.51
2024-07-18 13:00:00,0.7637,0.768,0.76,0.7626,945991.78
2024-07-18 14:00:00,0.7626,0.765,0.7464,0.7509,593373.56
2024-07-18 15:00:00,0.7509,0.7514,0.7347,0.7363,516419.54
2024-07-18 16:00:00,0.7363,0.7456,0.7258,0.7456,2433273.46
2024-07-18 17:00:00,0.7456,0.7495,0.7405,0.743,699675.2
2024-07-18 18:00:00,0.743,0.7442,0.7387,0.742,127019.81
2024-07-18 19:00:00,0.742,0.744,0.7351,0.741,170773.15
2024-07-18 20:00:00,0.741,0.7458,0.7379,0.7456,91433.04
2024-07-18 21:00:00,0.7456,0.7459,0.7403,0.7446,111768.65
2024-07-18 22:00:00,0.7446,0.7486,0.7427,0.7474,215659.12
2024-07-18 23:00:00,0.7474,0.7489,0.7464,0.7468,31232.86
2024-07-19 00:00:00,0.7468,0.748,0.7362,0.737,309802.35
2024-07-19 01:00:00,0.737,0.7375,0.7265,0.7356,456548.25
2024-07-19 02:00:00,0.7356,0.7369,0.7302,0.7334,179642.26
2024-07-19 03:00:00,0.7334,0.7448,0.7321,0.7448,127219.59
2024-07-19 04:00:00,0.7448,0.7469,0.7403,0.7406,109289.92
2024-07-19 05:00:00,0.7406,0.7428,0.7385,0.7418,48877.25
2024-07-19 06:00:00,0.7418,0.7493,0.7414,0.7463,184991.87
2024-07-19 07:00:00,0.7463,0.7463,0.7319,0.7337,304897.21
2024-07-19 08:00:00,0.7337,0.7353,0.7242,0.7306,2389763.52
2024-07-19 09:00:00,0.7306,0.7354,0.7268,0.7274,473305.76
2024-07-19 10:00:00,0.7274,0.7346,0.7259,0.7327,209783.14
2024-07-19 11:00:00,0.7327,0.7345,0.7299,0.7327,110965.71
2024-07-19 12:00:00,0.7327,0.7391,0.7319,0.7386,146025.42
2024-07-19 13:00:00,0.7386,0.7466,0.7332,0.744,414014.18
2024-07-19 14:00:00,0.744,0.7535,0.7431,0.7529,619851.2
2024-07-19 15:00:00,0.7529,0.7545,0.744,0.7509,539399.88
2024-07-19 16:00:00,0.7509,0.7644,0.7509,0.7615,1385310.32
2024-07-19 17:00:00,0.7615,0.7662,0.7597,0.7639,251703.25
2024-07-19 18:00:00,0.7639,0.7644,0.7595,0.7633,477111.64
2024-07-19 19:00:00,0.7633,0.7698,0.7633,0.7691,514319.27
2024-07-19 20:00:00,0.7691,0.7707,0.7652,0.769,168365.33
2024-07-19 21:00:00,0.769,0.7758,0.7689,0.7699,172059.74
2024-07-19 22:00:00,0.7699,0.7751,0.7695,0.7717,396612.62
2024-07-19 23:00:00,0.7717,0.7754,0.7715,0.7729,115296.75
2024-07-20 00:00:00,0.7729,0.7748,0.7642,0.7661,234293.51
2024-07-20 01:00:00,0.7661,0.7698,0.7659,0.7676,107253.1
2024-07-20 02:00:00,0.7676,0.7742,0.7674,0.7737,57601.83
2024-07-20 03:00:00,0.7737,0.7856,0.7723,0.7819,605648.31
2024-07-20 04:00:00,0.7819,0.7889,0.7793,0.7866,220076.41
2024-07-20 05:00:00,0.7866,0.7869,0.7815,0.7841,300294.95
2024-07-20 06:00:00,0.7841,0.7873,0.7838,0.7856,471011.31
2024-07-20 07:00:00,0.7856,0.7883,0.7827,0.7865,605541.61
2024-07-20 08:00:00,0.7865,0.7941,0.7842,0.7869,361309.72
2024-07-20 09:00:00,0.7869,0.7893,0.7823,0.786,85159.34
2024-07-20 10:00:00,0.786,0.7872,0.7813,0.784,152824.91
2024-07-20 11:00:00,0.784,0.7844,0.7702,0.7704,2595850.78
2024-07-20 12:00:00,0.7704,0.7758,0.7702,0.7733,225838.14
2024-07-20 13:00:00,0.7733,0.7756,0.7659,0.7727,323519.26
2024-07-20 14:00:00,0.7727,0.7809,0.7713,0.7774,298282.19
2024-07-20 15:00:00,0.7774,0.7836,0.7774,0.7804,127130.43
2024-07-20 16:00:00,0.7804,0.7828,0.7725,0.7756,142180.68
2024-07-20 17:00:00,0.7756,0.7857,0.7736,0.7821,169930.14
2024-07-20 18:00:00,0.7821,0.7833,0.7787,0.7808,80377.89
2024-07-20 19:00:00,0.7808,0.7817,0.7744,0.7745,62887.46
2024-07-20 20:00:00,0.7745,0.7782,0.7745,0.7768,79705.4
2024-07-20 21:00:00,0.7768,0.7771,0.7711,0.776,120845.68
2024-07-20 22:00:00,0.776,0.7789,0.7738,0.7758,171624.11
2024-07-20 23:00:00,0.7758,0.7788,0.7754,0.7779,69610.57
2024-07-21 00:00:00,0.7779,0.7839,0.7758,0.7763,257056.01
2024-07-21 01:00:00,0.7763,0.7829,0.7758,0.7804,447945.67
2024-07-21 02:00:00,0.7804,0.785,0.78,0.7822,119730.48
2024-07-21 03:00:00,0.7822,0.7871,0.7808,0.7825,291574.75
2024-07-21 04:00:00,0.7825,0.7836,0.7786,0.7791,256995.67
2024-07-21 05:00:00,0.7791,0.7798,0.7745,0.7783,250418.2
2024-07-21 06:00:00,0.7783,0.7789,0.7691,0.7701,399943.88
2024-07-21 07:00:00,0.7701,0.7738,0.7655,0.7723,200744.89
2024-07-21 08:00:00,0.7723,0.7757,0.7714,0.7737,121870.05
2024-07-21 09:00:00,0.7737,0.7812,0.7729,0.781,293763.07
2024-07-21 10:00:00,0.781,0.7828,0.7779,0.778,148802.44
2024-07-21 11:00:00,0.778,0.7797,0.7735,0.7766,86743.15
2024-07-21 12:00:00,0.7766,0.7789,0.7751,0.7787,51510.44
2024-07-21 13:00:00,0.7787,0.7824,0.7739,0.7758,250420.6
2024-07-21 14:00:00,0.7758,0.7863,0.7688,0.7859,539057.24
2024-07-21 15:00:00,0.7859,0.789,0.78,0.7816,284389.55
2024-07-21 16:00:00,0.7816,0.7882,0.7779,0.788,676367.93
2024-07-21 17:00:00,0.788,0.7911,0.7718,0.7756,942503.53
2024-07-21 18:00:00,0.7756,0.7797,0.7506,0.7702,1694881.45
2024-07-21 19:00:00,0.7702,0.781,0.7684,0.7808,689742.71
2024-07-21 20:00:00,0.7808,0.7963,0.7787,0.7908,1336893.9
2024-07-21 21:00:00,0.7908,0.799,0.788,0.798,1886547.89
2024-07-21 22:00:00,0.798,0.805,0.798,0.8007,222807.94
2024-07-21 23:00:00,0.8007,0.8062,0.7983,0.8016,274280.72
2024-07-22 00:00:00,0.8016,0.8071,0.7987,0.8019,124323.97
2024-07-22 01:00:00,0.8019,0.8019,0.7931,0.7952,286113.23
2024-07-22 02:00:00,0.7952,0.7972,0.7925,0.7964,217485.64
2024-07-22 03:00:00,0.7964,0.7964,0.7875,0.7885,256941.52
2024-07-22 04:00:00,0.7885,0.7907,0.7863,0.7883,104803.25
2024-07-22 05:00:00,0.7883,0.7883,0.7766,0.7818,521202.96
2024-07-22 06:00:00,0.7818,0.7845,0.7729,0.7788,819410.05
2024-07-22 07:00:00,0.7788,0.7807,0.774,0.7785,102805.99
2024-07-22 08:00:00,0.7785,0.7814,0.774,0.7779,936148.63
2024-07-22 09:00:00,0.7779,0.7828,0.7756,0.7827,132322.81
2024-07-22 10:00:00,0.7827,0.7863,0.7808,0.784,114322.46
2024-07-22 11:00:00,0.784,0.7866,0.7808,0.7856,113136.17
2024-07-22 12:00:00,0.7856,0.7887,0.7814,0.7857,384132.61
2024-07-22 13:00:00,0.7857,0.7887,0.7733,0.775,1757007.99
2024-07-22 14:00:00,0.775,0.7793,0.765,0.7679,1668746.46
2024-07-22 15:00:00,0.7679,0.7738,0.7665,0.7709,554168.68
2024-07-22 16:00:00,0.7709,0.7741,0.7669,0.7689,129603.63
2024-07-22 17:00:00,0.7689,0.7749,0.7674,0.7747,120315.88
2024-07-22 18:00:00,0.7747,0.7769,0.7708,0.7736,143319.19
2024-07-22 19:00:00,0.7736,0.78,0.7722,0.7796,134565.24
2024-07-22 20:00:00,0.7796,0.7801,0.7738,0.7772,93402.8
2024-07-22 21:00:00,0.7772,0.7777,0.7663,0.7694,588068.08
2024-07-22 22:00:00,0.7694,0.7694,0.7606,0.7626,239841.86
2024-07-22 23:00:00,0.7626,0.7627,0.7542,0.7588,135680.16
2024-07-23 00:00:00,0.7588,0.769,0.7574,0.7688,149839.07
2024-07-23 01:00:00,0.7688,0.79,0.7667,0.782,592851.8
2024-07-23 02:00:00,0.782,0.789,0.7784,0.7873,251076.51
2024-07-23 03:00:00,0.7873,0.7887,0.7801,0.7808,162396.9
2024-07-23 04:00:00,0.7808,0.7873,0.7692,0.7717,707198.12
2024-07-23 05:00:00,0.7717,0.7745,0.7593,0.7641,406199.15
2024-07-23 06:00:00,0.7641,0.7671,0.7531,0.7608,361170.75
2024-07-23 07:00:00,0.7608,0.7631,0.7562,0.7617,80459.59
2024-07-23 08:00:00,0.7617,0.8013,0.7611,0.8009,824871.1
2024-07-23 09:00:00,0.8009,0.8184,0.7958,0.8145,1474259.91
2024-07-23 10:00:00,0.8145,0.8269,0.8096,0.812,1166871.24
2024-07-23 11:00:00,0.812,0.8188,0.8016,0.8147,793998.65
2024-07-23 12:00:00,0.8147,0.8147,0.7957,0.8034,1480214.6
2024-07-23 13:00:00,0.8034,0.8078,0.7877,0.7925,1986606.74
2024-07-23 14:00:00,0.7925,0.8103,0.7888,0.8082,1720974.95
2024-07-23 15:00:00,0.8082,0.8089,0.7952,0.8017,1209122.44
2024-07-23 16:00:00,0.8017,0.8045,0.7735,0.7754,1735469.65
2024-07-23 17:00:00,0.7754,0.7874,0.7715,0.7836,692636.15
2024-07-23 18:00:00,0.7836,0.7899,0.7802,0.786,425328.62
2024-07-23 19:00:00,0.786,0.81,0.7853,0.7968,1097653.1
2024-07-23 20:00:00,0.7968,0.8027,0.7934,0.7979,1823364.8
2024-07-23 21:00:00,0.7979,0.8061,0.7938,0.7938,341645.91
2024-07-23 22:00:00,0.7938,0.7975,0.7881,0.7954,192696.4
2024-07-23 23:00:00,0.7954,0.802,0.7936,0.7981,178519.61
2024-07-24 00:00:00,0.7981,0.7988,0.7794,0.7796,492377.8
2024-07-24 01:00:00,0.7796,0.7846,0.7696,0.7711,396359.66
2024-07-24 02:00:00,0.7711,0.7765,0.7672,0.7762,260583.79
2024-07-24 03:00:00,0.7762,0.7777,0.7727,0.7757,150915.44
2024-07-24 04:00:00,0.7757,0.7764,0.7715,0.7748,141479.28
2024-07-24 05:00:00,0.7748,0.7754,0.7685,0.7737,211323.04
2024-07-24 06:00:00,0.7737,0.7776,0.7721,0.775,175277.45
2024-07-24 07:00:00,0.775,0.7775,0.7726,0.7758,94099.61
2024-07-24 08:00:00,0.7758,0.7834,0.7742,0.7804,414329.06
2024-07-24 09:00:00,0.7804,0.781,0.7773,0.7794,193872.21
2024-07-24 10:00:00,0.7794,0.7823,0.7782,0.7816,180134.06
2024-07-24 11:00:00,0.7816,0.7825,0.7761,0.778,252029.49
2024-07-24 12:00:00,0.778,0.7809,0.7724,0.7743,385230.93
2024-07-24 13:00:00,0.7743,0.781,0.7725,0.773,358320.51
2024-07-24 14:00:00,0.773,0.7806,0.772,0.7742,284608.65
2024-07-24 15:00:00,0.7742,0.7755,0.7603,0.7608,827486.61
2024-07-24 16:00:00,0.7608,0.7667,0.7559,0.7644,566468.32
2024-07-24 17:00:00,0.7644,0.7683,0.7624,0.763,241040.83
2024-07-24 18:00:00,0.763,0.7656,0.7526,0.7541,414577.95
2024-07-24 19:00:00,0.7541,0.7604,0.7511,0.7522,969569.67
2024-07-24 20:00:00,0.7522,0.7571,0.7521,0.7568,165015.93
2024-07-24 21:00:00,0.7568,0.7571,0.7346,0.745,1830456.34
2024-07-24 22:00:00,0.745,0.745,0.7382,0.7404,354061.42
2024-07-24 23:00:00,0.7404,0.7404,0.7341,0.7385,246490.01
2024-07-25 00:00:00,0.7385,0.7405,0.7321,0.736,242890.02
2024-07-25 01:00:00,0.736,0.736,0.7007,0.7138,3282440.64
2024-07-25 02:00:00,0.7138,0.7139,0.6976,0.7064,1188325.1
2024-07-25 03:00:00,0.7064,0.7064,0.6982,0.6998,569620.68
2024-07-25 04:00:00,0.6998,0.71,0.6933,0.7089,367331.12
2024-07-25 05:00:00,0.7089,0.7108,0.7055,0.706,338332.76
2024-07-25 06:00:00,0.706,0.7087,0.7022,0.7053,163168.26
2024-07-25 07:00:00,0.7053,0.707,0.7018,0.7026,190154.8
2024-07-25 08:00:00,0.7026,0.7047,0.6997,0.7043,616400.27
2024-07-25 09:00:00,0.7043,0.7052,0.7009,0.7026,499152.14
2024-07-25 10:00:00,0.7026,0.7026,0.6902,0.6946,747860.15
2024-07-25 11:00:00,0.6946,0.6981,0.6939,0.6956,240148.52
2024-07-25 12:00:00,0.6956,0.6988,0.6887,0.6905,392457.21
2024-07-25 13:00:00,0.6905,0.6982,0.6866,0.6959,607248.92
2024-07-25 14:00:00,0.6959,0.7048,0.6882,0.7027,438412.67
2024-07-25 15:00:00,0.7027,0.7038,0.693,0.6953,413104.11
2024-07-25 16:00:00,0.6953,0.7031,0.6913,0.6957,525007.38
2024-07-25 17:00:00,0.6957,0.6981,0.6923,0.695,176757.08
2024-07-25 18:00:00,0.695,0.6962,0.6766,0.6809,707015.76
2024-07-25 19:00:00,0.6809,0.6849,0.6733,0.682,615085.13
2024-07-25 20:00:00,0.682,0.6867,0.6708,0.6867,767819.3
2024-07-25 21:00:00,0.6867,0.6983,0.6867,0.6967,621636.07
2024-07-25 22:00:00,0.6967,0.6997,0.694,0.6959,241592.35
2024-07-25 23:00:00,0.6959,0.6989,0.6957,0.6974,123282.77
2024-07-26 00:00:00,0.6974,0.7026,0.696,0.7019,181402.9
2024-07-26 01:00:00,0.7019,0.7048,0.6988,0.7004,185179.03
2024-07-26 02:00:00,0.7004,0.7154,0.7004,0.7138,836538.86
2024-07-26 03:00:00,0.7138,0.7215,0.7122,0.7148,732507.89
2024-07-26 04:00:00,0.7148,0.723,0.7146,0.7229,144351.5
2024-07-26 05:00:00,0.7229,0.7255,0.7194,0.7253,305191.6
2024-07-26 06:00:00,0.7253,0.7313,0.7238,0.7305,289651.99
2024-07-26 07:00:00,0.7305,0.7313,0.7229,0.7229,201497.26
2024-07-26 08:00:00,0.7229,0.7246,0.7212,0.7214,97115.09
2024-07-26 09:00:00,0.7214,0.727,0.7195,0.7232,298950.32
2024-07-26 10:00:00,0.7232,0.7241,0.717,0.7205,294016.28
2024-07-26 11:00:00,0.7205,0.7222,0.7164,0.721,188662.79
2024-07-26 12:00:00,0.721,0.7226,0.7156,0.7181,133848.65
2024-07-26 13:00:00,0.7181,0.7246,0.7144,0.7241,142480.05
2024-07-26 14:00:00,0.7241,0.7269,0.7145,0.7195,271014.76
2024-07-26 15:00:00,0.7195,0.7259,0.7186,0.7195,181175.93
2024-07-26 16:00:00,0.7195,0.7236,0.7174,0.7187,80836.8
2024-07-26 17:00:00,0.7187,0.7215,0.7184,0.7203,57460.04
2024-07-26 18:00:00,0.7203,0.7233,0.7196,0.7224,77276.12
2024-07-26 19:00:00,0.7224,0.7281,0.7219,0.7246,239680.18
2024-07-26 20:00:00,0.7246,0.725,0.7202,0.7207,228245.99
2024-07-26 21:00:00,0.7207,0.7259,0.7202,0.7237,63560.28
2024-07-26 22:00:00,0.7237,0.7284,0.723,0.7276,50974.79
2024-07-26 23:00:00,0.7276,0.7293,0.7256,0.7258,36294.84
2024-07-27 00:00:00,0.7258,0.7258,0.7221,0.7226,91000.32
2024-07-27 01:00:00,0.7226,0.7227,0.7203,0.7205,94270.07
2024-07-27 02:00:00,0.7205,0.7264,0.7194,0.7261,51118.66
2024-07-27 03:00:00,0.7261,0.7268,0.7209,0.721,31625.95
2024-07-27 04:00:00,0.721,0.7246,0.721,0.7231,329056.78
2024-07-27 05:00:00,0.7231,0.7255,0.7228,0.7234,41702.4
2024-07-27 06:00:00,0.7234,0.7278,0.7231,0.7278,35783.35
2024-07-27 07:00:00,0.7278,0.7326,0.7266,0.7297,221269.92
2024-07-27 08:00:00,0.7297,0.7322,0.7253,0.7274,122314.95
2024-07-27 09:00:00,0.7274,0.7287,0.7252,0.7277,40863.79
2024-07-27 10:00:00,0.7277,0.7279,0.7253,0.7263,48766.05
2024-07-27 11:00:00,0.7263,0.7285,0.7242,0.7282,77187.75
2024-07-27 12:00:00,0.7282,0.7331,0.7282,0.7304,208501.99
2024-07-27 13:00:00,0.7304,0.7416,0.7304,0.737,523397.31
2024-07-27 14:00:00,0.737,0.7393,0.7314,0.7345,265435.77
2024-07-27 15:00:00,0.7345,0.736,0.7216,0.7248,561842.61
2024-07-27 16:00:00,0.7248,0.7286,0.7205,0.7215,195302.25
2024-07-27 17:00:00,0.7215,0.7239,0.7175,0.7191,628533.7
2024-07-27 18:00:00,0.7191,0.7224,0.7157,0.7174,108686.11
2024-07-27 19:00:00,0.7174,0.7216,0.7113,0.721,488056.54
2024-07-27 20:00:00,0.721,0.7217,0.7046,0.7203,661455.95
2024-07-27 21:00:00,0.7203,0.7307,0.7174,0.7282,334816.97
2024-07-27 22:00:00,0.7282,0.73,0.7259,0.7262,34972.09
2024-07-27 23:00:00,0.7262,0.7264,0.7195,0.7195,121045.85
2024-07-28 00:00:00,0.7195,0.7223,0.7142,0.721,123292.72
2024-07-28 01:00:00,0.721,0.7234,0.72,0.7209,25014.95
2024-07-28 02:00:00,0.7209,0.7219,0.7193,0.7218,101298.12
2024-07-28 03:00:00,0.7218,0.722,0.7164,0.7164,205348.04
2024-07-28 04:00:00,0.7164,0.7169,0.7107,0.7107,161111.53
2024-07-28 05:00:00,0.7107,0.7119,0.7063,0.711,1024584.47
2024-07-28 06:00:00,0.711,0.7148,0.711,0.7127,260981.48
2024-07-28 07:00:00,0.7127,0.7143,0.7116,0.714,416880.5
2024-07-28 08:00:00,0.714,0.715,0.7118,0.7145,211784.63
2024-07-28 09:00:00,0.7145,0.7166,0.7138,0.7163,148594.1
2024-07-28 10:00:00,0.7163,0.7229,0.7161,0.719,196173.27
2024-07-28 11:00:00,0.719,0.7235,0.7188,0.7196,118328.34
2024-07-28 12:00:00,0.7196,0.7224,0.7185,0.7212,69998.47
2024-07-28 13:00:00,0.7212,0.723,0.7197,0.7213,104360.77
2024-07-28 14:00:00,0.7213,0.722,0.7139,0.714,183128.12
2024-07-28 15:00:00,0.714,0.7173,0.712,0.7157,55163.72
2024-07-28 16:00:00,0.7157,0.7177,0.7144,0.7157,86077.89
2024-07-28 17:00:00,0.7157,0.7179,0.7135,0.7162,334941.94
2024-07-28 18:00:00,0.7162,0.7182,0.7147,0.7159,296073.07
2024-07-28 19:00:00,0.7159,0.7172,0.7137,0.7138,58420.78
2024-07-28 20:00:00,0.7138,0.7146,0.7115,0.7115,47006.82
2024-07-28 21:00:00,0.7115,0.7121,0.7077,0.7103,367642.83
2024-07-28 22:00:00,0.7103,0.7118,0.7044,0.7068,132255.02
2024-07-28 23:00:00,0.7068,0.712,0.7062,0.7116,252611.82
2024-07-29 00:00:00,0.7116,0.7225,0.7103,0.7187,256206.5
2024-07-29 01:00:00,0.7187,0.7219,0.716,0.7161,95354.81
2024-07-29 02:00:00,0.7161,0.7318,0.7157,0.7306,180032.73
2024-07-29 03:00:00,0.7306,0.7344,0.7258,0.7279,191030.5
2024-07-29 04:00:00,0.7279,0.7307,0.7253,0.7264,79342.39
2024-07-29 05:00:00,0.7264,0.7304,0.7255,0.7304,111977.09
2024-07-29 06:00:00,0.7304,0.7336,0.7288,0.7301,302358.75
2024-07-29 07:00:00,0.7301,0.731,0.7273,0.7286,411988.77
2024-07-29 08:00:00,0.7286,0.7309,0.724,0.7264,415946.88
2024-07-29 09:00:00,0.7264,0.7297,0.7259,0.7291,237153.0
2024-07-29 10:00:00,0.7291,0.7296,0.7255,0.7263,172432.74
2024-07-29 11:00:00,0.7263,0.7272,0.7236,0.7236,384518.15
2024-07-29 12:00:00,0.7236,0.7274,0.7224,0.7264,170137.02
2024-07-29 13:00:00,0.7264,0.73,0.7225,0.7228,222209.76
2024-07-29 14:00:00,0.7228,0.7242,0.712,0.7143,701578.64
2024-07-29 15:00:00,0.7143,0.716,0.7044,0.71,620002.82
2024-07-29 16:00:00,0.71,0.71,0.6965,0.6978,643531.44
2024-07-29 17:00:00,0.6978,0.708,0.6956,0.7053,314032.74
2024-07-29 18:00:00,0.7053,0.7071,0.7025,0.707,378751.45
2024-07-29 19:00:00,0.707,0.708,0.705,0.7074,39807.78
2024-07-29 20:00:00,0.7074,0.7094,0.7054,0.7067,46341.64
2024-07-29 21:00:00,0.7067,0.7089,0.7022,0.7087,63691.24
2024-07-29 22:00:00,0.7087,0.7122,0.7053,0.7059,456789.54
2024-07-29 23:00:00,0.7059,0.7074,0.7015,0.703,297188.49
2024-07-30 00:00:00,0.703,0.7058,0.6953,0.7052,311153.19
2024-07-30 01:00:00,0.7052,0.7086,0.6982,0.6997,219712.27
2024-07-30 02:00:00,0.6997,0.7025,0.6964,0.7011,85205.78
2024-07-30 03:00:00,0.7011,0.704,0.7005,0.7024,41024.03
2024-07-30 04:00:00,0.7024,0.7039,0.7002,0.7025,207330.26
2024-07-30 05:00:00,0.7025,0.7026,0.6992,0.7016,47136.28
2024-07-30 06:00:00,0.7016,0.7047,0.7005,0.7042,75341.03
2024-07-30 07:00:00,0.7042,0.7094,0.7042,0.7064,80142.16
2024-07-30 08:00:00,0.7064,0.7074,0.7024,0.7026,137205.75
2024-07-30 09:00:00,0.7026,0.7043,0.7007,0.7015,75596.0
2024-07-30 10:00:00,0.7015,0.7043,0.6995,0.7006,84681.37
2024-07-30 11:00:00,0.7006,0.7012,0.6987,0.6999,179728.3
2024-07-30 12:00:00,0.6999,0.7025,0.6957,0.7011,456852.62
2024-07-30 13:00:00,0.7011,0.7031,0.6951,0.6952,71759.51
2024-07-30 14:00:00,0.6952,0.6963,0.6891,0.69,502172.41
2024-07-30 15:00:00,0.69,0.6966,0.6877,0.6937,337879.53
2024-07-30 16:00:00,0.6937,0.6946,0.6901,0.6901,197210.37
2024-07-30 17:00:00,0.6901,0.6901,0.6777,0.6816,431249.34
2024-07-30 18:00:00,0.6816,0.682,0.6755,0.6781,448525.82
2024-07-30 19:00:00,0.6781,0.6783,0.6718,0.6754,351355.15
2024-07-30 20:00:00,0.6754,0.6775,0.6633,0.6758,377753.33
2024-07-30 21:00:00,0.6758,0.6758,0.668,0.6739,100963.73
2024-07-30 22:00:00,0.6739,0.6762,0.6724,0.6756,47209.16
2024-07-30 23:00:00,0.6756,0.6775,0.6743,0.6771,46268.67
2024-07-31 00:00:00,0.6771,0.6799,0.672,0.6791,75187.77
2024-07-31 01:00:00,0.6791,0.6807,0.6765,0.6795,84940.33
2024-07-31 02:00:00,0.6795,0.682,0.6763,0.677,141303.5
2024-07-31 03:00:00,0.677,0.6796,0.6761,0.6782,25508.95
2024-07-31 04:00:00,0.6782,0.6782,0.6697,0.6731,114045.81
2024-07-31 05:00:00,0.6731,0.679,0.6676,0.6773,159931.81
2024-07-31 06:00:00,0.6773,0.686,0.6767,0.6855,775428.5
2024-07-31 07:00:00,0.6855,0.6868,0.6812,0.6812,697220.29
2024-07-31 08:00:00,0.6812,0.682,0.6778,0.6793,186185.47
2024-07-31 09:00:00,0.6793,0.6823,0.6768,0.6807,427671.83
2024-07-31 10:00:00,0.6807,0.6807,0.6758,0.6758,132373.82
2024-07-31 11:00:00,0.6758,0.6792,0.6753,0.6789,371623.73
2024-07-31 12:00:00,0.6789,0.682,0.677,0.6774,467540.23
2024-07-31 13:00:00,0.6774,0.6864,0.6773,0.6801,349656.67
2024-07-31 14:00:00,0.6801,0.684,0.6764,0.6784,222107.59
2024-07-31 15:00:00,0.6784,0.6788,0.6735,0.675,221202.99
2024-07-31 16:00:00,0.675,0.6798,0.6696,0.6721,531359.15
2024-07-31 17:00:00,0.6721,0.6795,0.6702,0.6753,422194.13
2024-07-31 18:00:00,0.6753,0.6787,0.6685,0.6772,351925.7
2024-07-31 19:00:00,0.6772,0.6801,0.6591,0.6659,518410.37
2024-07-31 20:00:00,0.6659,0.666,0.6528,0.6543,252998.41
2024-07-31 21:00:00,0.6543,0.6598,0.652,0.6595,187530.86
2024-07-31 22:00:00,0.6595,0.66,0.6525,0.6588,86547.18
2024-07-31 23:00:00,0.6588,0.6588,0.655,0.6565,184702.68
2024-08-01 00:00:00,0.6565,0.6609,0.655,0.6609,105239.46
2024-08-01 01:00:00,0.6609,0.6615,0.6512,0.6574,85007.25
2024-08-01 02:00:00,0.6574,0.6585,0.6504,0.6554,77454.18
2024-08-01 03:00:00,0.6554,0.6566,0.6515,0.6528,136617.24
2024-08-01 04:00:00,0.6528,0.6552,0.6356,0.6402,1085783.66
2024-08-01 05:00:00,0.6402,0.6508,0.6364,0.65,175978.68
2024-08-01 06:00:00,0.65,0.65,0.6444,0.6448,185018.71
2024-08-01 07:00:00,0.6448,0.6498,0.6441,0.6447,186701.47
2024-08-01 08:00:00,0.6447,0.6496,0.644,0.6496,247213.66
2024-08-01 09:00:00,0.6496,0.6519,0.6453,0.6454,198456.64
2024-08-01 10:00:00,0.6454,0.6457,0.6429,0.644,103257.93
2024-08-01 11:00:00,0.644,0.6498,0.6421,0.6497,122025.84
2024-08-01 12:00:00,0.6497,0.6546,0.6491,0.6527,266087.72
2024-08-01 13:00:00,0.6527,0.6536,0.6459,0.6494,499137.21
2024-08-01 14:00:00,0.6494,0.6501,0.6394,0.6411,2116107.11
2024-08-01 15:00:00,0.6411,0.6419,0.6318,0.6377,1254999.12
2024-08-01 16:00:00,0.6377,0.638,0.6209,0.6284,735789.94
2024-08-01 17:00:00,0.6284,0.6306,0.6223,0.6302,176888.0
2024-08-01 18:00:00,0.6302,0.6303,0.6124,0.6221,537743.19
2024-08-01 19:00:00,0.6221,0.6333,0.6216,0.6321,191171.18
2024-08-01 20:00:00,0.6321,0.6418,0.6283,0.6418,225341.0
2024-08-01 21:00:00,0.6418,0.6487,0.6388,0.6448,138365.0
2024-08-01 22:00:00,0.6448,0.6555,0.6445,0.6546,307143.55
2024-08-01 23:00:00,0.6546,0.657,0.6519,0.6531,84658.01
2024-08-02 00:00:00,0.6531,0.6547,0.6485,0.6485,177358.01
2024-08-02 01:00:00,0.6485,0.6487,0.6413,0.6415,241893.02
2024-08-02 02:00:00,0.6415,0.6438,0.6302,0.6352,460147.86
2024-08-02 03:00:00,0.6352,0.6416,0.6331,0.6397,373316.0
2024-08-02 04:00:00,0.6397,0.642,0.638,0.6407,155916.08
2024-08-02 05:00:00,0.6407,0.6408,0.6304,0.6309,197118.58
2024-08-02 06:00:00,0.6309,0.6325,0.6188,0.6275,1000288.12
2024-08-02 07:00:00,0.6275,0.6307,0.6221,0.6277,175621.27
2024-08-02 08:00:00,0.6277,0.6324,0.624,0.6321,164738.64
2024-08-02 09:00:00,0.6321,0.633,0.6288,0.6298,568165.03
2024-08-02 10:00:00,0.6298,0.6353,0.6282,0.634,902089.05
2024-08-02 11:00:00,0.634,0.6358,0.6315,0.632,243825.93
2024-08-02 12:00:00,0.632,0.6342,0.6276,0.6339,318441.4
2024-08-02 13:00:00,0.6339,0.6429,0.6302,0.6377,197952.83
2024-08-02 14:00:00,0.6377,0.6391,0.6093,0.6103,598575.12
2024-08-02 15:00:00,0.6103,0.6171,0.5959,0.6144,739208.92
2024-08-02 16:00:00,0.6144,0.6155,0.6072,0.6135,160744.98
2024-08-02 17:00:00,0.6135,0.6198,0.6113,0.6131,134666.92
2024-08-02 18:00:00,0.6131,0.6166,0.6094,0.6101,111546.41
2024-08-02 19:00:00,0.6101,0.6101,0.6005,0.6045,265692.87
2024-08-02 20:00:00,0.6045,0.6117,0.6012,0.6074,266387.98
2024-08-02 21:00:00,0.6074,0.6077,0.5934,0.6052,370238.12
2024-08-02 22:00:00,0.6052,0.6055,0.5992,0.601,138529.72
2024-08-02 23:00:00,0.601,0.6054,0.5981,0.6029,68975.68
2024-08-03 00:00:00,0.6029,0.6076,0.5959,0.5988,148530.92
2024-08-03 01:00:00,0.5988,0.6031,0.5866,0.6018,584886.77
2024-08-03 02:00:00,0.6018,0.6074,0.6005,0.603,116427.72
2024-08-03 03:00:00,0.603,0.6064,0.6017,0.6059,130183.21
2024-08-03 04:00:00,0.6059,0.6061,0.6022,0.6037,32781.12
2024-08-03 05:00:00,0.6037,0.6064,0.6036,0.6061,56297.84
2024-08-03 06:00:00,0.6061,0.611,0.6054,0.611,76563.16
2024-08-03 07:00:00,0.611,0.6147,0.6098,0.6104,303012.66
2024-08-03 08:00:00,0.6104,0.6126,0.6082,0.6121,351172.59
2024-08-03 09:00:00,0.6121,0.6131,0.6088,0.6122,235692.28
2024-08-03 10:00:00,0.6122,0.6144,0.6104,0.613,81302.76
2024-08-03 11:00:00,0.613,0.6164,0.6124,0.6138,81001.76
2024-08-03 12:00:00,0.6138,0.6255,0.6138,0.6219,302525.98
2024-08-03 13:00:00,0.6219,0.6238,0.6197,0.6237,110298.5
2024-08-03 14:00:00,0.6237,0.6263,0.6156,0.6161,128158.66
2024-08-03 15:00:00,0.6161,0.6189,0.6013,0.6022,572292.82
2024-08-03 16:00:00,0.6022,0.6113,0.5967,0.6051,469428.51
2024-08-03 17:00:00,0.6051,0.6056,0.5887,0.5904,558941.11
2024-08-03 18:00:00,0.5904,0.5973,0.5865,0.5909,562280.15
2024-08-03 19:00:00,0.5909,0.5954,0.5864,0.5864,141031.8
2024-08-03 20:00:00,0.5864,0.5989,0.5843,0.5933,211459.51
2024-08-03 21:00:00,0.5933,0.604,0.5906,0.6022,121753.09
2024-08-03 22:00:00,0.6022,0.6052,0.5999,0.6005,42998.04
2024-08-03 23:00:00,0.6005,0.6083,0.5986,0.6063,92410.61
2024-08-04 00:00:00,0.6063,0.6166,0.6035,0.6154,214646.8
2024-08-04 01:00:00,0.6154,0.6156,0.6046,0.6118,96463.11
2024-08-04 02:00:00,0.6118,0.6179,0.611,0.613,320767.36
2024-08-04 03:00:00,0.613,0.6135,0.6083,0.6101,268928.59
2024-08-04 04:00:00,0.6101,0.6118,0.606,0.6062,58818.57
2024-08-04 05:00:00,0.6062,0.6113,0.6061,0.6091,92169.56
2024-08-04 06:00:00,0.6091,0.6115,0.6085,0.6098,43990.34
2024-08-04 07:00:00,0.6098,0.6099,0.6,0.6011,223608.73
2024-08-04 08:00:00,0.6011,0.6076,0.6,0.6045,126797.52
2024-08-04 09:00:00,0.6045,0.6075,0.6038,0.605,81210.67
2024-08-04 10:00:00,0.605,0.6066,0.6016,0.6065,75681.41
2024-08-04 11:00:00,0.6065,0.6069,0.602,0.6031,63225.94
2024-08-04 12:00:00,0.6031,0.6099,0.6031,0.6086,79473.39
2024-08-04 13:00:00,0.6086,0.6101,0.6049,0.6062,67947.72
2024-08-04 14:00:00,0.6062,0.6075,0.5881,0.5912,422862.04
2024-08-04 15:00:00,0.5912,0.5912,0.5828,0.5833,319922.66
2024-08-04 16:00:00,0.5833,0.5862,0.5746,0.5757,475598.08
2024-08-04 17:00:00,0.5757,0.5761,0.5515,0.5641,2164864.9
2024-08-04 18:00:00,0.5641,0.5727,0.5553,0.5718,494089.65
2024-08-04 19:00:00,0.5718,0.5891,0.5668,0.5852,198696.35
2024-08-04 20:00:00,0.5852,0.5925,0.5804,0.5853,265267.18
2024-08-04 21:00:00,0.5853,0.5853,0.5772,0.5784,84401.22
2024-08-04 22:00:00,0.5784,0.5838,0.5747,0.5755,163471.93
2024-08-04 23:00:00,0.5755,0.5755,0.5631,0.5637,228194.17
2024-08-05 00:00:00,0.5637,0.567,0.5259,0.5319,1722700.18
2024-08-05 01:00:00,0.5319,0.5327,0.4562,0.4939,7219346.88
2024-08-05 02:00:00,0.4939,0.4954,0.4771,0.4928,684714.37
2024-08-05 03:00:00,0.4928,0.493,0.4757,0.4771,290617.44
2024-08-05 04:00:00,0.4771,0.4875,0.4703,0.4739,410619.76
2024-08-05 05:00:00,0.4739,0.4829,0.4539,0.4712,1159239.31
2024-08-05 06:00:00,0.4712,0.4738,0.4303,0.4557,1994666.95
2024-08-05 07:00:00,0.4557,0.4802,0.4529,0.4755,1464334.66
2024-08-05 08:00:00,0.4755,0.4755,0.4598,0.4638,3457320.47
2024-08-05 09:00:00,0.4638,0.4646,0.4512,0.459,409782.07
2024-08-05 10:00:00,0.459,0.4607,0.4428,0.4448,510770.26
2024-08-05 11:00:00,0.4448,0.4467,0.4278,0.4467,1642016.19
2024-08-05 12:00:00,0.4467,0.4501,0.4335,0.4381,2755437.76
2024-08-05 13:00:00,0.4381,0.4622,0.4314,0.4603,984970.15
2024-08-05 14:00:00,0.4603,0.4795,0.4602,0.4732,1111269.2
2024-08-05 15:00:00,0.4732,0.4873,0.4688,0.484,717315.79
2024-08-05 16:00:00,0.484,0.5036,0.4805,0.4836,3276932.26
2024-08-05 17:00:00,0.4836,0.4967,0.4814,0.4919,288030.59
2024-08-05 18:00:00,0.4919,0.4933,0.4756,0.4761,244577.06
2024-08-05 19:00:00,0.4761,0.4851,0.475,0.4825,164225.7
2024-08-05 20:00:00,0.4825,0.4892,0.4797,0.4837,136949.05
2024-08-05 21:00:00,0.4837,0.4919,0.4803,0.4821,98035.13
2024-08-05 22:00:00,0.4821,0.4891,0.4802,0.4863,53973.53
2024-08-05 23:00:00,0.4863,0.4903,0.4794,0.4799,65192.17
2024-08-06 00:00:00,0.4799,0.5101,0.4799,0.5098,746760.05
2024-08-06 01:00:00,0.5098,0.5175,0.5046,0.5083,367992.03
2024-08-06 02:00:00,0.5083,0.5111,0.5035,0.5067,152250.68
2024-08-06 03:00:00,0.5067,0.5067,0.5017,0.5024,99449.88
2024-08-06 04:00:00,0.5024,0.5079,0.4997,0.5074,153742.1
2024-08-06 05:00:00,0.5074,0.5155,0.5047,0.5133,192821.05
2024-08-06 06:00:00,0.5133,0.5174,0.5098,0.514,206160.62
2024-08-06 07:00:00,0.514,0.5188,0.5096,0.5172,210553.93
2024-08-06 08:00:00,0.5172,0.5175,0.5006,0.5047,396900.74
2024-08-06 09:00:00,0.5047,0.5055,0.5007,0.504,115756.78
2024-08-06 10:00:00,0.504,0.5046,0.4985,0.5019,369584.08
2024-08-06 11:00:00,0.5019,0.5037,0.4975,0.5005,200812.16
2024-08-06 12:00:00,0.5005,0.5056,0.4981,0.5007,158758.53
2024-08-06 13:00:00,0.5007,0.5053,0.4915,0.4981,1875454.54
2024-08-06 14:00:00,0.4981,0.5219,0.4978,0.5147,493980.99
2024-08-06 15:00:00,0.5147,0.5189,0.5078,0.5149,254385.15
2024-08-06 16:00:00,0.5149,0.5199,0.5111,0.516,133798.8
2024-08-06 17:00:00,0.516,0.518,0.5074,0.5074,212598.38
2024-08-06 18:00:00,0.5074,0.5125,0.5073,0.508,95664.66
2024-08-06 19:00:00,0.508,0.5109,0.5049,0.5079,87335.46
2024-08-06 20:00:00,0.5079,0.5103,0.5043,0.5079,41957.85
2024-08-06 21:00:00,0.5079,0.5105,0.5065,0.5105,34651.29
2024-08-06 22:00:00,0.5105,0.5143,0.5023,0.5056,196889.41
2024-08-06 23:00:00,0.5056,0.5066,0.4997,0.5017,174400.47
2024-08-07 00:00:00,0.5017,0.5055,0.497,0.5026,88125.49
2024-08-07 01:00:00,0.5026,0.514,0.4957,0.5137,62361.97
2024-08-07 02:00:00,0.5137,0.5228,0.5087,0.512,399999.7
2024-08-07 03:00:00,0.512,0.5159,0.5105,0.5129,235291.54
2024-08-07 04:00:00,0.5129,0.5203,0.5122,0.5148,68914.12
2024-08-07 05:00:00,0.5148,0.5204,0.5131,0.5134,147037.18
2024-08-07 06:00:00,0.5134,0.5156,0.5109,0.5124,74881.11
2024-08-07 07:00:00,0.5124,0.5179,0.51,0.5146,77431.39
2024-08-07 08:00:00,0.5146,0.519,0.5144,0.5178,93389.64
2024-08-07 09:00:00,0.5178,0.5198,0.515,0.5154,106947.25
2024-08-07 10:00:00,0.5154,0.5216,0.5149,0.5155,245453.22
2024-08-07 11:00:00,0.5155,0.5166,0.5082,0.5085,166893.75
2024-08-07 12:00:00,0.5085,0.5106,0.505,0.5097,334168.34
2024-08-07 13:00:00,0.5097,0.5114,0.5018,0.5039,167814.33
2024-08-07 14:00:00,0.5039,0.5054,0.4835,0.489,806936.09
2024-08-07 15:00:00,0.489,0.4921,0.4841,0.4897,258743.62
2024-08-07 16:00:00,0.4897,0.4906,0.484,0.4876,55132.19
2024-08-07 17:00:00,0.4876,0.4902,0.4812,0.4869,171229.79
2024-08-07 18:00:00,0.4869,0.4871,0.4783,0.4797,121229.93
2024-08-07 19:00:00,0.4797,0.4835,0.4784,0.4824,243744.47
2024-08-07 20:00:00,0.4824,0.4873,0.475,0.4834,881363.36
2024-08-07 21:00:00,0.4834,0.4887,0.4811,0.4866,156421.76
2024-08-07 22:00:00,0.4866,0.4877,0.4775,0.4857,469773.87
2024-08-07 23:00:00,0.4857,0.488,0.4826,0.4838,237909.62
2024-08-08 00:00:00,0.4838,0.4872,0.4771,0.4854,239720.34
2024-08-08 01:00:00,0.4854,0.5037,0.4854,0.5026,242999.42
2024-08-08 02:00:00,0.5026,0.5113,0.5026,0.5083,329435.06
2024-08-08 03:00:00,0.5083,0.5106,0.503,0.503,285102.84
2024-08-08 04:00:00,0.503,0.5074,0.5012,0.5014,84053.46
2024-08-08 05:00:00,0.5014,0.5052,0.501,0.5039,255362.89
2024-08-08 06:00:00,0.5039,0.5068,0.5012,0.505,436226.68
2024-08-08 07:00:00,0.505,0.506,0.5017,0.5018,72163.39
2024-08-08 08:00:00,0.5018,0.5034,0.4995,0.5028,824998.46
2024-08-08 09:00:00,0.5028,0.5083,0.5003,0.5069,192452.19
2024-08-08 10:00:00,0.5069,0.5092,0.5045,0.507,108456.54
2024-08-08 11:00:00,0.507,0.5078,0.5039,0.506,78472.49
2024-08-08 12:00:00,0.506,0.5211,0.5045,0.5125,211768.31
2024-08-08 13:00:00,0.5125,0.5205,0.5011,0.5065,1228295.75
2024-08-08 14:00:00,0.5065,0.5192,0.5057,0.5176,652450.26
2024-08-08 15:00:00,0.5176,0.5223,0.5147,0.5214,219335.57
2024-08-08 16:00:00,0.5214,0.5338,0.5205,0.5319,1032830.69
2024-08-08 17:00:00,0.5319,0.5351,0.5268,0.5273,302213.18
2024-08-08 18:00:00,0.5273,0.5297,0.5257,0.5264,132297.57
2024-08-08 19:00:00,0.5264,0.5297,0.5257,0.5285,150611.28
2024-08-08 20:00:00,0.5285,0.5307,0.5278,0.5278,54151.87
2024-08-08 21:00:00,0.5278,0.5449,0.5278,0.5431,924315.62
2024-08-08 22:00:00,0.5431,0.5542,0.5383,0.553,957323.02
2024-08-08 23:00:00,0.553,0.5572,0.5489,0.554,1042155.75
2024-08-09 00:00:00,0.554,0.554,0.547,0.55,1030544.3
2024-08-09 01:00:00,0.55,0.5587,0.5479,0.5554,585731.36
2024-08-09 02:00:00,0.5554,0.556,0.5512,0.5515,194866.42
2024-08-09 03:00:00,0.5515,0.5559,0.5507,0.555,310864.0
2024-08-09 04:00:00,0.555,0.556,0.5438,0.5442,368064.67
2024-08-09 05:00:00,0.5442,0.5489,0.542,0.5489,193431.8
2024-08-09 06:00:00,0.5489,0.5521,0.5468,0.5499,369924.91
2024-08-09 07:00:00,0.5499,0.5521,0.542,0.5423,373204.81
2024-08-09 08:00:00,0.5423,0.5465,0.5405,0.546,181861.17
2024-08-09 09:00:00,0.546,0.5489,0.5408,0.5422,84361.16
2024-08-09 10:00:00,0.5422,0.5428,0.5359,0.5421,267543.06
2024-08-09 11:00:00,0.5421,0.5437,0.5387,0.5422,299731.84
2024-08-09 12:00:00,0.5422,0.5457,0.5383,0.5428,802245.94
2024-08-09 13:00:00,0.5428,0.5453,0.5346,0.5453,934676.77
2024-08-09 14:00:00,0.5453,0.5619,0.5397,0.5517,761055.48
2024-08-09 15:00:00,0.5517,0.5544,0.541,0.541,818443.05
2024-08-09 16:00:00,0.541,0.5503,0.5397,0.5491,234107.19
2024-08-09 17:00:00,0.5491,0.552,0.5472,0.5508,156446.73
2024-08-09 18:00:00,0.5508,0.5781,0.5505,0.5749,2046365.47
2024-08-09 19:00:00,0.5749,0.5861,0.5705,0.5768,1473598.33
2024-08-09 20:00:00,0.5768,0.5883,0.574,0.5814,834600.1
2024-08-09 21:00:00,0.5814,0.5814,0.5721,0.5808,584375.75
2024-08-09 22:00:00,0.5808,0.5848,0.5713,0.573,694998.58
2024-08-09 23:00:00,0.573,0.5777,0.5663,0.576,2018930.53
2024-08-10 00:00:00,0.576,0.5825,0.5709,0.5738,726665.17
2024-08-10 01:00:00,0.5738,0.574,0.5648,0.5662,810326.21
2024-08-10 02:00:00,0.5662,0.569,0.5641,0.5644,93584.5
2024-08-10 03:00:00,0.5644,0.5651,0.5611,0.5638,289314.0
2024-08-10 04:00:00,0.5638,0.5643,0.5595,0.5634,352132.85
2024-08-10 05:00:00,0.5634,0.5685,0.561,0.5674,158962.29
2024-08-10 06:00:00,0.5674,0.5841,0.567,0.5815,430296.49
2024-08-10 07:00:00,0.5815,0.5902,0.5794,0.5849,1130662.05
2024-08-10 08:00:00,0.5849,0.5862,0.5769,0.5775,544289.5
2024-08-10 09:00:00,0.5775,0.5807,0.5744,0.5749,370868.55
2024-08-10 10:00:00,0.5749,0.5794,0.5736,0.5774,251349.45
2024-08-10 11:00:00,0.5774,0.5794,0.5736,0.5741,152463.99
2024-08-10 12:00:00,0.5741,0.5743,0.5676,0.5681,346755.18
2024-08-10 13:00:00,0.5681,0.5712,0.567,0.5692,421778.01
2024-08-10 14:00:00,0.5692,0.5728,0.5665,0.5728,388689.03
2024-08-10 15:00:00,0.5728,0.5785,0.5722,0.5731,407823.36
2024-08-10 16:00:00,0.5731,0.5776,0.5714,0.5744,205979.06
2024-08-10 17:00:00,0.5744,0.5779,0.5721,0.5767,197555.82
2024-08-10 18:00:00,0.5767,0.5767,0.5722,0.5725,111191.58
2024-08-10 19:00:00,0.5725,0.5762,0.571,0.5737,30035.72
2024-08-10 20:00:00,0.5737,0.5761,0.5723,0.5752,122815.74
2024-08-10 21:00:00,0.5752,0.5797,0.575,0.5787,95887.27
2024-08-10 22:00:00,0.5787,0.5789,0.5757,0.5772,36727.67
2024-08-10 23:00:00,0.5772,0.5772,0.5742,0.5762,77942.14
2024-08-11 00:00:00,0.5762,0.5803,0.5744,0.5783,134103.61
2024-08-11 01:00:00,0.5783,0.5809,0.5765,0.5799,131095.17
2024-08-11 02:00:00,0.5799,0.5809,0.5775,0.5783,75545.52
2024-08-11 03:00:00,0.5783,0.5848,0.577,0.5791,156483.89
2024-08-11 04:00:00,0.5791,0.5852,0.5782,0.5827,92323.03
2024-08-11 05:00:00,0.5827,0.5887,0.5821,0.587,125568.35
2024-08-11 06:00:00,0.587,0.5904,0.5855,0.5858,247380.59
2024-08-11 07:00:00,0.5858,0.5904,0.5858,0.5889,208152.51
2024-08-11 08:00:00,0.5889,0.5903,0.5836,0.5865,223457.63
2024-08-11 09:00:00,0.5865,0.5959,0.5859,0.589,492002.08
2024-08-11 10:00:00,0.589,0.5965,0.5856,0.586,501130.08
2024-08-11 11:00:00,0.586,0.5863,0.5765,0.579,571027.91
2024-08-11 12:00:00,0.579,0.5797,0.5681,0.571,748516.03
2024-08-11 13:00:00,0.571,0.571,0.5658,0.569,1483072.87
2024-08-11 14:00:00,0.569,0.573,0.5586,0.5605,3336018.27
2024-08-11 15:00:00,0.5605,0.564,0.5564,0.5594,3642102.62
2024-08-11 16:00:00,0.5594,0.5663,0.558,0.5644,382825.87
2024-08-11 17:00:00,0.5644,0.5667,0.5613,0.5645,72063.84
2024-08-11 18:00:00,0.5645,0.5708,0.5638,0.5695,70518.05
2024-08-11 19:00:00,0.5695,0.5706,0.5571,0.5593,315860.33
2024-08-11 20:00:00,0.5593,0.5599,0.5495,0.5515,3158897.52
2024-08-11 21:00:00,0.5515,0.5566,0.5478,0.5563,1115400.88
2024-08-11 22:00:00,0.5563,0.56,0.5471,0.5562,4818119.37
2024-08-11 23:00:00,0.5562,0.5562,0.5505,0.5511,841166.06
2024-08-12 00:00:00,0.5511,0.5576,0.5459,0.5513,380586.37
2024-08-12 01:00:00,0.5513,0.5561,0.5489,0.553,118907.35
2024-08-12 02:00:00,0.553,0.5542,0.5497,0.5534,78876.55
2024-08-12 03:00:00,0.5534,0.5552,0.5491,0.5517,87508.34
2024-08-12 04:00:00,0.5517,0.5543,0.5502,0.5503,157870.58
2024-08-12 05:00:00,0.5503,0.5553,0.5482,0.5551,265888.39
2024-08-12 06:00:00,0.5551,0.5568,0.5491,0.552,533512.93
2024-08-12 07:00:00,0.552,0.5645,0.5445,0.5622,576384.39
2024-08-12 08:00:00,0.5622,0.5688,0.557,0.558,3036791.87
2024-08-12 09:00:00,0.558,0.5676,0.558,0.5672,1099335.32
2024-08-12 10:00:00,0.5672,0.5792,0.5635,0.5766,1479097.09
2024-08-12 11:00:00,0.5766,0.5872,0.5751,0.5807,1538190.35
2024-08-12 12:00:00,0.5807,0.5869,0.5784,0.5818,453374.79
2024-08-12 13:00:00,0.5818,0.584,0.5617,0.5638,1627708.57
2024-08-12 14:00:00,0.5638,0.5899,0.558,0.5869,2779716.88
2024-08-12 15:00:00,0.5869,0.5896,0.5755,0.5863,638827.96
2024-08-12 16:00:00,0.5863,0.589,0.5808,0.5831,210018.42
2024-08-12 17:00:00,0.5831,0.5874,0.582,0.584,107020.6
2024-08-12 18:00:00,0.584,0.588,0.5766,0.5775,106276.96
2024-08-12 19:00:00,0.5775,0.583,0.5767,0.5788,73894.81
2024-08-12 20:00:00,0.5788,0.5877,0.5778,0.5815,184115.05
2024-08-12 21:00:00,0.5815,0.5837,0.5757,0.5827,122451.53
2024-08-12 22:00:00,0.5827,0.587,0.5804,0.584,134060.43
2024-08-12 23:00:00,0.584,0.5956,0.5834,0.5884,325111.48
2024-08-13 00:00:00,0.5884,0.5917,0.5845,0.5865,243170.78
2024-08-13 01:00:00,0.5865,0.5891,0.5828,0.5883,78493.97
2024-08-13 02:00:00,0.5883,0.589,0.5796,0.5838,206254.55
2024-08-13 03:00:00,0.5838,0.5842,0.5734,0.5747,520818.22
2024-08-13 04:00:00,0.5747,0.5758,0.5704,0.5755,111642.44
2024-08-13 05:00:00,0.5755,0.5766,0.5734,0.5738,50396.67
2024-08-13 06:00:00,0.5738,0.5767,0.571,0.5761,70328.52
2024-08-13 07:00:00,0.5761,0.5782,0.5731,0.5733,98821.55
2024-08-13 08:00:00,0.5733,0.575,0.5694,0.5728,205298.96
2024-08-13 09:00:00,0.5728,0.5728,0.5683,0.5713,54928.05
2024-08-13 10:00:00,0.5713,0.5717,0.5654,0.5702,266669.18
2024-08-13 11:00:00,0.5702,0.571,0.5668,0.5681,154345.42
2024-08-13 12:00:00,0.5681,0.5749,0.5681,0.5733,372006.27
2024-08-13 13:00:00,0.5733,0.5782,0.5699,0.5769,588512.47
2024-08-13 14:00:00,0.5769,0.5777,0.5683,0.5743,118188.08
2024-08-13 15:00:00,0.5743,0.5754,0.5681,0.5704,69762.95
2024-08-13 16:00:00,0.5704,0.5861,0.5692,0.5861,324603.2
2024-08-13 17:00:00,0.5861,0.5894,0.5803,0.5855,535371.48
2024-08-13 18:00:00,0.5855,0.5855,0.5803,0.5831,236982.44
2024-08-13 19:00:00,0.5831,0.5838,0.5764,0.5816,182830.09
2024-08-13 20:00:00,0.5816,0.5828,0.5791,0.5792,560653.79
2024-08-13 21:00:00,0.5792,0.585,0.5783,0.5846,400005.62
2024-08-13 22:00:00,0.5846,0.5856,0.5791,0.5803,231030.02
2024-08-13 23:00:00,0.5803,0.5805,0.5765,0.5778,55424.37
2024-08-14 00:00:00,0.5778,0.5808,0.5746,0.5806,87987.15
2024-08-14 01:00:00,0.5806,0.5813,0.5737,0.574,79354.04
2024-08-14 02:00:00,0.574,0.578,0.5724,0.5771,49854.67
2024-08-14 03:00:00,0.5771,0.5808,0.5756,0.5769,120774.84
2024-08-14 04:00:00,0.5769,0.5789,0.5766,0.5772,140354.21
2024-08-14 05:00:00,0.5772,0.5843,0.5762,0.5788,363778.15
2024-08-14 06:00:00,0.5788,0.5868,0.5766,0.5784,242918.02
2024-08-14 07:00:00,0.5784,0.579,0.5768,0.5777,115832.33
2024-08-14 08:00:00,0.5777,0.5788,0.5744,0.5757,115020.35
2024-08-14 09:00:00,0.5757,0.5776,0.5746,0.5751,53612.39
2024-08-14 10:00:00,0.5751,0.5843,0.5745,0.5788,478762.94
2024-08-14 11:00:00,0.5788,0.5818,0.5753,0.5805,273951.81
2024-08-14 12:00:00,0.5805,0.5851,0.5743,0.5776,956452.85
2024-08-14 13:00:00,0.5776,0.5801,0.5599,0.5627,1012619.06
2024-08-14 14:00:00,0.5627,0.5655,0.5537,0.5646,758308.39
2024-08-14 15:00:00,0.5646,0.5736,0.5627,0.5705,109026.18
2024-08-14 16:00:00,0.5705,0.5706,0.5649,0.5698,180569.56
2024-08-14 17:00:00,0.5698,0.5704,0.5668,0.5676,133960.88
2024-08-14 18:00:00,0.5676,0.5694,0.5625,0.5651,1122527.78
2024-08-14 19:00:00,0.5651,0.5665,0.5628,0.566,89964.91
2024-08-14 20:00:00,0.566,0.5677,0.5632,0.5638,1038240.56
2024-08-14 21:00:00,0.5638,0.5653,0.5614,0.5614,326459.87
2024-08-14 22:00:00,0.5614,0.5638,0.5565,0.5636,201606.96
2024-08-14 23:00:00,0.5636,0.5636,0.5592,0.5607,234813.48
2024-08-15 00:00:00,0.5607,0.5627,0.5593,0.5605,169945.19
2024-08-15 01:00:00,0.5605,0.561,0.5562,0.5578,85643.02
2024-08-15 02:00:00,0.5578,0.5617,0.5563,0.5583,150747.38
2024-08-15 03:00:00,0.5583,0.5623,0.5583,0.5599,46802.99
2024-08-15 04:00:00,0.5599,0.5621,0.5579,0.5615,40879.55
2024-08-15 05:00:00,0.5615,0.5621,0.5548,0.556,78189.35
2024-08-15 06:00:00,0.556,0.5584,0.5507,0.5538,979157.86
2024-08-15 07:00:00,0.5538,0.5557,0.5513,0.5547,183226.78
2024-08-15 08:00:00,0.5547,0.5553,0.552,0.5546,72226.75
2024-08-15 09:00:00,0.5546,0.5573,0.5543,0.5547,73630.02
2024-08-15 10:00:00,0.5547,0.5585,0.554,0.5576,99738.87
2024-08-15 11:00:00,0.5576,0.566,0.5576,0.5635,383486.29
2024-08-15 12:00:00,0.5635,0.5696,0.561,0.5634,621870.83
2024-08-15 13:00:00,0.5634,0.5676,0.5608,0.5651,1155854.29
2024-08-15 14:00:00,0.5651,0.568,0.5618,0.5646,87955.82
2024-08-15 15:00:00,0.5646,0.5676,0.5618,0.5649,88624.51
2024-08-15 16:00:00,0.5649,0.5664,0.5606,0.5618,65520.2
2024-08-15 17:00:00,0.5618,0.5621,0.5477,0.5485,305306.37
2024-08-15 18:00:00,0.5485,0.5485,0.5329,0.537,1466622.03
2024-08-15 19:00:00,0.537,0.5378,0.531,0.5358,339581.48
2024-08-15 20:00:00,0.5358,0.5362,0.5301,0.5349,403063.41
2024-08-15 21:00:00,0.5349,0.537,0.5319,0.537,611166.15
2024-08-15 22:00:00,0.537,0.5404,0.5336,0.5356,1086658.6
2024-08-15 23:00:00,0.5356,0.5382,0.5341,0.5352,74578.82
2024-08-16 00:00:00,0.5352,0.5393,0.5345,0.5372,75312.46
2024-08-16 01:00:00,0.5372,0.5391,0.5343,0.5379,162503.29
2024-08-16 02:00:00,0.5379,0.5458,0.5348,0.5429,258511.05
2024-08-16 03:00:00,0.5429,0.543,0.538,0.5385,104066.27
2024-08-16 04:00:00,0.5385,0.5424,0.5381,0.5423,69417.63
2024-08-16 05:00:00,0.5423,0.5438,0.5406,0.5424,71660.04
2024-08-16 06:00:00,0.5424,0.5494,0.5418,0.5462,247187.04
2024-08-16 07:00:00,0.5462,0.5469,0.5436,0.5448,68234.24
2024-08-16 08:00:00,0.5448,0.546,0.5424,0.5435,139496.89
2024-08-16 09:00:00,0.5435,0.545,0.5416,0.5434,126469.58
2024-08-16 10:00:00,0.5434,0.5436,0.5399,0.541,189942.2
2024-08-16 11:00:00,0.541,0.542,0.5386,0.54,74610.08
2024-08-16 12:00:00,0.54,0.5414,0.5261,0.5301,2260716.4
2024-08-16 13:00:00,0.5301,0.5428,0.5294,0.535,1087202.18
2024-08-16 14:00:00,0.535,0.5362,0.5275,0.5292,529930.4
2024-08-16 15:00:00,0.5292,0.5325,0.5205,0.5252,828574.63
2024-08-16 16:00:00,0.5252,0.5329,0.5237,0.5295,443618.19
2024-08-16 17:00:00,0.5295,0.5352,0.5232,0.534,307376.81
2024-08-16 18:00:00,0.534,0.5373,0.5312,0.5334,307728.05
2024-08-16 19:00:00,0.5334,0.5364,0.5329,0.5353,161665.48
2024-08-16 20:00:00,0.5353,0.5386,0.5345,0.5346,178977.56
2024-08-16 21:00:00,0.5346,0.536,0.5315,0.5335,128208.86
2024-08-16 22:00:00,0.5335,0.535,0.5325,0.5331,57593.06
2024-08-16 23:00:00,0.5331,0.5343,0.5314,0.5328,53821.64
2024-08-17 00:00:00,0.5328,0.5333,0.5301,0.5332,342073.88
2024-08-17 01:00:00,0.5332,0.5352,0.5323,0.5331,137988.31
2024-08-17 02:00:00,0.5331,0.5356,0.5328,0.5333,38113.89
2024-08-17 03:00:00,0.5333,0.5342,0.5306,0.5319,227185.87
2024-08-17 04:00:00,0.5319,0.5336,0.5318,0.5333,67850.04
2024-08-17 05:00:00,0.5333,0.5336,0.5321,0.5329,36816.14
2024-08-17 06:00:00,0.5329,0.5339,0.5319,0.5326,70273.62
2024-08-17 07:00:00,0.5326,0.5334,0.5308,0.5333,58529.43
2024-08-17 08:00:00,0.5333,0.534,0.5315,0.5332,35141.49
2024-08-17 09:00:00,0.5332,0.5356,0.5323,0.5345,70719.1
2024-08-17 10:00:00,0.5345,0.535,0.5315,0.532,38664.51
2024-08-17 11:00:00,0.532,0.5332,0.5304,0.5321,77356.43
2024-08-17 12:00:00,0.5321,0.5354,0.531,0.5348,41931.2
2024-08-17 13:00:00,0.5348,0.5369,0.5325,0.5344,473975.45
2024-08-17 14:00:00,0.5344,0.5355,0.5326,0.5353,42779.5
2024-08-17 15:00:00,0.5353,0.5386,0.5348,0.535,344008.21
2024-08-17 16:00:00,0.535,0.5393,0.5349,0.5391,315918.21
2024-08-17 17:00:00,0.5391,0.5432,0.539,0.5396,72050.82
2024-08-17 18:00:00,0.5396,0.5404,0.5375,0.5378,78543.96
2024-08-17 19:00:00,0.5378,0.5383,0.5366,0.5374,108234.05
2024-08-17 20:00:00,0.5374,0.5385,0.5365,0.5373,27626.57
2024-08-17 21:00:00,0.5373,0.5383,0.5351,0.5383,70521.74
2024-08-17 22:00:00,0.5383,0.5401,0.5371,0.5377,307166.68
2024-08-17 23:00:00,0.5377,0.5397,0.5374,0.5395,27567.95
2024-08-18 00:00:00,0.5395,0.5421,0.5382,0.5408,36189.07
2024-08-18 01:00:00,0.5408,0.5412,0.5377,0.5383,305069.95
2024-08-18 02:00:00,0.5383,0.543,0.5373,0.5426,181316.0
2024-08-18 03:00:00,0.5426,0.544,0.5371,0.5371,105253.61
2024-08-18 04:00:00,0.5371,0.5378,0.535,0.5371,177120.42
2024-08-18 05:00:00,0.5371,0.539,0.536,0.5363,40895.08
2024-08-18 06:00:00,0.5363,0.5383,0.5361,0.5378,26121.37
2024-08-18 07:00:00,0.5378,0.5379,0.5365,0.5371,174257.28
2024-08-18 08:00:00,0.5371,0.5402,0.5369,0.5399,98780.59
2024-08-18 09:00:00,0.5399,0.5468,0.5397,0.5451,284969.6
2024-08-18 10:00:00,0.5451,0.55,0.5451,0.5461,242741.81
2024-08-18 11:00:00,0.5461,0.5481,0.5437,0.5464,159279.2
2024-08-18 12:00:00,0.5464,0.5532,0.5454,0.5495,281036.85
2024-08-18 13:00:00,0.5495,0.5532,0.5484,0.5488,258479.47
2024-08-18 14:00:00,0.5488,0.5503,0.5472,0.548,85889.77
2024-08-18 15:00:00,0.548,0.5512,0.547,0.5505,48494.67
2024-08-18 16:00:00,0.5505,0.552,0.5488,0.5493,74456.95
2024-08-18 17:00:00,0.5493,0.5503,0.5441,0.5449,63319.83
2024-08-18 18:00:00,0.5449,0.5466,0.544,0.5453,83185.85
2024-08-18 19:00:00,0.5453,0.548,0.5449,0.548,40430.47
2024-08-18 20:00:00,0.548,0.5493,0.5468,0.5486,40265.7
2024-08-18 21:00:00,0.5486,0.5487,0.5433,0.5446,67360.65
2024-08-18 22:00:00,0.5446,0.5478,0.5444,0.5444,49517.19
2024-08-18 23:00:00,0.5444,0.5453,0.5356,0.5362,277456.02
2024-08-19 00:00:00,0.5362,0.5376,0.5327,0.5334,100668.34
2024-08-19 01:00:00,0.5334,0.54,0.5329,0.5381,61033.21
2024-08-19 02:00:00,0.5381,0.5417,0.5371,0.541,61205.04
2024-08-19 03:00:00,0.541,0.5414,0.5391,0.5404,132305.42
2024-08-19 04:00:00,0.5404,0.5409,0.5384,0.5398,132349.04
2024-08-19 05:00:00,0.5398,0.5398,0.5363,0.5374,65623.0
2024-08-19 06:00:00,0.5374,0.5399,0.5354,0.5391,264777.34
2024-08-19 07:00:00,0.5391,0.5413,0.5361,0.5361,57506.87
2024-08-19 08:00:00,0.5361,0.5388,0.5361,0.5368,51527.41
2024-08-19 09:00:00,0.5368,0.5381,0.5271,0.5283,266822.81
2024-08-19 10:00:00,0.5283,0.5311,0.526,0.5283,212882.33
2024-08-19 11:00:00,0.5283,0.5334,0.5269,0.5329,378113.79
2024-08-19 12:00:00,0.5329,0.5335,0.5307,0.5332,192232.27
2024-08-19 13:00:00,0.5332,0.5374,0.5275,0.5289,206048.81
2024-08-19 14:00:00,0.5289,0.532,0.5269,0.532,177830.31
2024-08-19 15:00:00,0.532,0.5336,0.5294,0.5307,161983.56
2024-08-19 16:00:00,0.5307,0.5323,0.5266,0.5294,159106.76
2024-08-19 17:00:00,0.5294,0.5409,0.5283,0.5343,310803.17
2024-08-19 18:00:00,0.5343,0.537,0.531,0.5349,67936.86
2024-08-19 19:00:00,0.5349,0.5364,0.5336,0.535,53269.77
2024-08-19 20:00:00,0.535,0.5386,0.5337,0.5373,104532.2
2024-08-19 21:00:00,0.5373,0.5377,0.5354,0.5355,113647.04
2024-08-19 22:00:00,0.5355,0.5383,0.5355,0.5381,80001.42
2024-08-19 23:00:00,0.5381,0.5406,0.5362,0.5396,57951.17
2024-08-20 00:00:00,0.5396,0.5489,0.5381,0.5475,222310.6
2024-08-20 01:00:00,0.5475,0.5507,0.5448,0.5463,77005.57
2024-08-20 02:00:00,0.5463,0.547,0.5437,0.5457,115298.99
2024-08-20 03:00:00,0.5457,0.5476,0.5442,0.5473,55954.81
2024-08-20 04:00:00,0.5473,0.5493,0.5455,0.5488,88406.0
2024-08-20 05:00:00,0.5488,0.5533,0.5482,0.5511,112120.97
2024-08-20 06:00:00,0.5511,0.5519,0.5481,0.5487,197949.81
2024-08-20 07:00:00,0.5487,0.5502,0.5471,0.5501,87914.41
2024-08-20 08:00:00,0.5501,0.5505,0.5443,0.5454,146136.52
2024-08-20 09:00:00,0.5454,0.5475,0.5444,0.547,235674.96
2024-08-20 10:00:00,0.547,0.5475,0.5453,0.5455,65618.77
2024-08-20 11:00:00,0.5455,0.5468,0.5433,0.5444,277789.39
2024-08-20 12:00:00,0.5444,0.5466,0.544,0.5444,67919.85
2024-08-20 13:00:00,0.5444,0.5476,0.5409,0.5466,250581.16
2024-08-20 14:00:00,0.5466,0.547,0.5327,0.5331,1163855.08
2024-08-20 15:00:00,0.5331,0.5331,0.5264,0.5309,570275.06
2024-08-20 16:00:00,0.5309,0.5337,0.5286,0.5329,146497.21
2024-08-20 17:00:00,0.5329,0.5372,0.5315,0.5362,108622.03
2024-08-20 18:00:00,0.5362,0.5397,0.5355,0.5382,80398.53
2024-08-20 19:00:00,0.5382,0.5404,0.538,0.5394,29861.81
2024-08-20 20:00:00,0.5394,0.5415,0.5372,0.5373,96847.29
2024-08-20 21:00:00,0.5373,0.5381,0.5333,0.5362,101160.44
2024-08-20 22:00:00,0.5362,0.5386,0.5362,0.5368,44357.56
2024-08-20 23:00:00,0.5368,0.5372,0.534,0.5348,27129.81
2024-08-21 00:00:00,0.5348,0.537,0.5326,0.5333,229742.19
2024-08-21 01:00:00,0.5333,0.5354,0.5298,0.5352,285819.5
2024-08-21 02:00:00,0.5352,0.5373,0.535,0.5355,68443.4
2024-08-21 03:00:00,0.5355,0.5363,0.534,0.5346,38972.64
2024-08-21 04:00:00,0.5346,0.536,0.5341,0.536,150716.9
2024-08-21 05:00:00,0.536,0.5368,0.5351,0.5366,35966.37
2024-08-21 06:00:00,0.5366,0.5396,0.5361,0.5375,46700.18
2024-08-21 07:00:00,0.5375,0.5395,0.537,0.5383,65096.34
2024-08-21 08:00:00,0.5383,0.5391,0.5341,0.5361,141168.56
2024-08-21 09:00:00,0.5361,0.5363,0.5326,0.5356,283923.75
2024-08-21 10:00:00,0.5356,0.5379,0.5345,0.5367,365233.85
2024-08-21 11:00:00,0.5367,0.5371,0.5339,0.5344,46989.31
2024-08-21 12:00:00,0.5344,0.5349,0.5316,0.5329,71864.58
2024-08-21 13:00:00,0.5329,0.5375,0.5254,0.5363,631413.97
2024-08-21 14:00:00,0.5363,0.539,0.5307,0.5328,835194.87
2024-08-21 15:00:00,0.5328,0.5374,0.5323,0.5354,150744.74
2024-08-21 16:00:00,0.5354,0.5393,0.5335,0.5384,484629.35
2024-08-21 17:00:00,0.5384,0.5444,0.5371,0.5426,580011.37
2024-08-21 18:00:00,0.5426,0.5522,0.5425,0.5509,293135.9
2024-08-21 19:00:00,0.5509,0.5543,0.5495,0.5542,218234.48
2024-08-21 20:00:00,0.5542,0.5589,0.5501,0.5519,216633.72
2024-08-21 21:00:00,0.5519,0.5547,0.5502,0.554,122168.3
2024-08-21 22:00:00,0.554,0.5556,0.5522,0.5527,137034.23
2024-08-21 23:00:00,0.5527,0.5537,0.5505,0.5518,65700.75
2024-08-22 00:00:00,0.5518,0.5537,0.5508,0.5509,100020.25
2024-08-22 01:00:00,0.5509,0.5522,0.5496,0.5511,56135.54
2024-08-22 02:00:00,0.5511,0.5513,0.541,0.5456,223627.12
2024-08-22 03:00:00,0.5456,0.5494,0.5445,0.5494,131741.33
2024-08-22 04:00:00,0.5494,0.5538,0.5485,0.5537,149905.7
2024-08-22 05:00:00,0.5537,0.5541,0.5517,0.5534,105391.42
2024-08-22 06:00:00,0.5534,0.5616,0.553,0.5599,241621.13
2024-08-22 07:00:00,0.5599,0.5641,0.558,0.5625,310695.36
2024-08-22 08:00:00,0.5625,0.5679,0.5608,0.5652,612476.57
2024-08-22 09:00:00,0.5652,0.5664,0.5611,0.5611,201251.07
2024-08-22 10:00:00,0.5611,0.5666,0.56,0.5662,135145.07
2024-08-22 11:00:00,0.5662,0.5662,0.5632,0.5636,142230.44
2024-08-22 12:00:00,0.5636,0.5645,0.5589,0.5599,142682.81
2024-08-22 13:00:00,0.5599,0.5618,0.5557,0.5604,382212.28
2024-08-22 14:00:00,0.5604,0.5604,0.5562,0.5579,164844.23
2024-08-22 15:00:00,0.5579,0.5614,0.553,0.5551,292188.58
2024-08-22 16:00:00,0.5551,0.559,0.5536,0.5555,175241.28
2024-08-22 17:00:00,0.5555,0.5579,0.5543,0.5549,70888.54
2024-08-22 18:00:00,0.5549,0.5585,0.5537,0.5554,96401.22
2024-08-22 19:00:00,0.5554,0.5562,0.5548,0.5553,70463.63
2024-08-22 20:00:00,0.5553,0.5582,0.555,0.5578,96393.59
2024-08-22 21:00:00,0.5578,0.5596,0.5557,0.5589,76912.69
2024-08-22 22:00:00,0.5589,0.5594,0.5578,0.5593,87836.0
2024-08-22 23:00:00,0.5593,0.5618,0.5582,0.561,66800.05
2024-08-23 00:00:00,0.561,0.5688,0.5605,0.5651,360320.29
2024-08-23 01:00:00,0.5651,0.566,0.56,0.5616,284837.51
2024-08-23 02:00:00,0.5616,0.5643,0.5604,0.5619,172503.24
2024-08-23 03:00:00,0.5619,0.5636,0.5619,0.5631,69118.06
2024-08-23 04:00:00,0.5631,0.5638,0.5617,0.5627,48698.66
2024-08-23 05:00:00,0.5627,0.571,0.5621,0.5694,178206.51
2024-08-23 06:00:00,0.5694,0.5747,0.5691,0.572,202603.43
2024-08-23 07:00:00,0.572,0.5728,0.5676,0.5698,84256.38
2024-08-23 08:00:00,0.5698,0.5719,0.569,0.5718,121851.38
2024-08-23 09:00:00,0.5718,0.5746,0.5699,0.5712,111705.59
2024-08-23 10:00:00,0.5712,0.5753,0.5712,0.5721,305699.1
2024-08-23 11:00:00,0.5721,0.5724,0.5681,0.5682,201069.05
2024-08-23 12:00:00,0.5682,0.5763,0.568,0.576,508521.19
2024-08-23 13:00:00,0.576,0.5761,0.5705,0.572,223851.17
2024-08-23 14:00:00,0.572,0.5825,0.5648,0.5705,1372080.05
2024-08-23 15:00:00,0.5705,0.5788,0.57,0.5759,148609.18
2024-08-23 16:00:00,0.5759,0.5814,0.5746,0.5809,163483.76
2024-08-23 17:00:00,0.5809,0.5925,0.5799,0.5915,297020.17
2024-08-23 18:00:00,0.5915,0.5948,0.5886,0.592,304414.95
2024-08-23 19:00:00,0.592,0.598,0.5899,0.5957,233603.91
2024-08-23 20:00:00,0.5957,0.6013,0.5957,0.5985,397701.72
2024-08-23 21:00:00,0.5985,0.6053,0.5985,0.6042,151582.32
2024-08-23 22:00:00,0.6042,0.6082,0.5984,0.5997,417460.04
2024-08-23 23:00:00,0.5997,0.6033,0.5997,0.6014,153529.21
2024-08-24 00:00:00,0.6014,0.6075,0.5993,0.6031,188556.81
2024-08-24 01:00:00,0.6031,0.6032,0.5966,0.5997,114914.82
2024-08-24 02:00:00,0.5997,0.6023,0.5983,0.6001,61352.4
2024-08-24 03:00:00,0.6001,0.6038,0.5987,0.6002,58067.57
2024-08-24 04:00:00,0.6002,0.6067,0.6002,0.6022,173309.07
2024-08-24 05:00:00,0.6022,0.6139,0.601,0.6118,1048308.17
2024-08-24 06:00:00,0.6118,0.6151,0.6104,0.6117,348536.07
2024-08-24 07:00:00,0.6117,0.6145,0.6107,0.6115,129737.12
2024-08-24 08:00:00,0.6115,0.614,0.6084,0.613,181370.05
2024-08-24 09:00:00,0.613,0.6169,0.6113,0.6159,187674.07
2024-08-24 10:00:00,0.6159,0.6212,0.6138,0.6145,158722.92
2024-08-24 11:00:00,0.6145,0.6199,0.6134,0.6136,145113.96
2024-08-24 12:00:00,0.6136,0.618,0.6124,0.6139,210693.97
2024-08-24 13:00:00,0.6139,0.6163,0.612,0.6149,151403.41
2024-08-24 14:00:00,0.6149,0.6152,0.6098,0.6143,129709.86
2024-08-24 15:00:00,0.6143,0.6159,0.6117,0.6134,74865.92
2024-08-24 16:00:00,0.6134,0.633,0.6126,0.6309,343761.62
2024-08-24 17:00:00,0.6309,0.6356,0.6241,0.6253,515540.59
2024-08-24 18:00:00,0.6253,0.6287,0.6216,0.6258,546964.2
2024-08-24 19:00:00,0.6258,0.63,0.6258,0.6277,218267.61
2024-08-24 20:00:00,0.6277,0.6311,0.6237,0.6244,187244.57
2024-08-24 21:00:00,0.6244,0.6244,0.6089,0.6122,357474.25
2024-08-24 22:00:00,0.6122,0.6158,0.6108,0.6139,190585.79
2024-08-24 23:00:00,0.6139,0.6211,0.6134,0.6211,100903.54
2024-08-25 00:00:00,0.6211,0.6212,0.6088,0.6101,328854.84
2024-08-25 01:00:00,0.6101,0.613,0.5976,0.6032,529136.07
2024-08-25 02:00:00,0.6032,0.6087,0.603,0.6067,105379.57
2024-08-25 03:00:00,0.6067,0.6078,0.6013,0.6051,273011.34
2024-08-25 04:00:00,0.6051,0.6075,0.6001,0.6071,184865.72
2024-08-25 05:00:00,0.6071,0.6078,0.6038,0.6043,103309.28
2024-08-25 06:00:00,0.6043,0.6061,0.5995,0.6006,156964.0
2024-08-25 07:00:00,0.6006,0.6012,0.588,0.5912,705656.03
2024-08-25 08:00:00,0.5912,0.5961,0.5881,0.5928,232199.75
2024-08-25 09:00:00,0.5928,0.5946,0.5901,0.5944,240411.84
2024-08-25 10:00:00,0.5944,0.5953,0.591,0.5926,115100.4
2024-08-25 11:00:00,0.5926,0.5983,0.5925,0.5947,114401.65
2024-08-25 12:00:00,0.5947,0.5971,0.5935,0.597,49383.76
2024-08-25 13:00:00,0.597,0.6028,0.5961,0.6002,319655.08
2024-08-25 14:00:00,0.6002,0.604,0.5983,0.6017,85438.25
2024-08-25 15:00:00,0.6017,0.606,0.5991,0.6003,74503.6
2024-08-25 16:00:00,0.6003,0.6043,0.5978,0.5992,166760.55
2024-08-25 17:00:00,0.5992,0.6024,0.5988,0.6012,125218.27
2024-08-25 18:00:00,0.6012,0.6033,0.5994,0.6005,67164.85
2024-08-25 19:00:00,0.6005,0.6018,0.5996,0.5998,24246.72
2024-08-25 20:00:00,0.5998,0.602,0.5989,0.6009,81388.85
2024-08-25 21:00:00,0.6009,0.6089,0.6006,0.6054,167960.77
2024-08-25 22:00:00,0.6054,0.6079,0.6001,0.6026,178226.78
2024-08-25 23:00:00,0.6026,0.6054,0.5943,0.597,176726.37
2024-08-26 00:00:00,0.597,0.6003,0.5939,0.597,142434.31
2024-08-26 01:00:00,0.597,0.599,0.592,0.5934,286909.51
2024-08-26 02:00:00,0.5934,0.5951,0.5889,0.5946,221587.89
2024-08-26 03:00:00,0.5946,0.6024,0.5943,0.6018,578354.32
2024-08-26 04:00:00,0.6018,0.6038,0.5984,0.6028,446423.74
2024-08-26 05:00:00,0.6028,0.6034,0.5983,0.5996,138021.25
2024-08-26 06:00:00,0.5996,0.6009,0.5955,0.5976,137178.82
2024-08-26 07:00:00,0.5976,0.6003,0.5948,0.5966,115733.21
2024-08-26 08:00:00,0.5966,0.6013,0.5953,0.5978,287511.79
2024-08-26 09:00:00,0.5978,0.6011,0.592,0.6011,136904.57
2024-08-26 10:00:00,0.6011,0.6042,0.5981,0.5985,116677.06
2024-08-26 11:00:00,0.5985,0.6026,0.5971,0.5974,411014.12
2024-08-26 12:00:00,0.5974,0.6004,0.5876,0.5913,300657.17
2024-08-26 13:00:00,0.5913,0.5954,0.5878,0.5923,184918.99
2024-08-26 14:00:00,0.5923,0.595,0.5865,0.5946,256410.07
2024-08-26 15:00:00,0.5946,0.5946,0.5874,0.5922,66407.86
2024-08-26 16:00:00,0.5922,0.5946,0.5888,0.5918,195873.98
2024-08-26 17:00:00,0.5918,0.5934,0.5773,0.5795,646028.17
2024-08-26 18:00:00,0.5795,0.5827,0.5735,0.5809,600191.84
2024-08-26 19:00:00,0.5809,0.5816,0.5723,0.5739,718281.26
2024-08-26 20:00:00,0.5739,0.5779,0.5714,0.5748,884043.15
2024-08-26 21:00:00,0.5748,0.575,0.5676,0.5732,903399.36
2024-08-26 22:00:00,0.5732,0.575,0.57,0.5728,347760.53
2024-08-26 23:00:00,0.5728,0.5751,0.57,0.5704,204398.9
2024-08-27 00:00:00,0.5704,0.5757,0.5699,0.5719,921776.26
2024-08-27 01:00:00,0.5719,0.5789,0.5717,0.574,435841.18
2024-08-27 02:00:00,0.574,0.5766,0.5701,0.5713,462587.41
2024-08-27 03:00:00,0.5713,0.5734,0.5689,0.573,168219.69
2024-08-27 04:00:00,0.573,0.5753,0.5716,0.5739,171650.16
2024-08-27 05:00:00,0.5739,0.578,0.5734,0.5773,284304.03
2024-08-27 06:00:00,0.5773,0.5775,0.571,0.5715,106707.22
2024-08-27 07:00:00,0.5715,0.5743,0.5704,0.5718,96341.47
2024-08-27 08:00:00,0.5718,0.5732,0.5647,0.5698,391299.68
2024-08-27 09:00:00,0.5698,0.5726,0.5654,0.5664,284202.71
2024-08-27 10:00:00,0.5664,0.5669,0.5581,0.5597,1230069.7
2024-08-27 11:00:00,0.5597,0.5627,0.5564,0.5595,511146.21
2024-08-27 12:00:00,0.5595,0.5597,0.5539,0.5589,317141.91
2024-08-27 13:00:00,0.5589,0.56,0.5549,0.5571,421497.59
2024-08-27 14:00:00,0.5571,0.5608,0.5497,0.5547,554239.49
2024-08-27 15:00:00,0.5547,0.5576,0.5514,0.5531,609015.37
2024-08-27 16:00:00,0.5531,0.5592,0.5503,0.5514,1233353.27
2024-08-27 17:00:00,0.5514,0.5576,0.5505,0.5576,279806.08
2024-08-27 18:00:00,0.5576,0.5598,0.5553,0.5592,160489.36
2024-08-27 19:00:00,0.5592,0.5599,0.5556,0.5574,406946.56
2024-08-27 20:00:00,0.5574,0.5574,0.5519,0.5519,1110245.66
2024-08-27 21:00:00,0.5519,0.5544,0.5219,0.5339,2084478.26
2024-08-27 22:00:00,0.5339,0.5342,0.5112,0.5245,1989663.8
2024-08-27 23:00:00,0.5245,0.5284,0.5221,0.5246,330124.98
2024-08-28 00:00:00,0.5246,0.5246,0.5184,0.522,1109332.14
2024-08-28 01:00:00,0.522,0.5246,0.5198,0.5232,1047372.81
2024-08-28 02:00:00,0.5232,0.5237,0.5184,0.5232,1143079.53
2024-08-28 03:00:00,0.5232,0.5296,0.5226,0.5281,465423.28
2024-08-28 04:00:00,0.5281,0.5281,0.5245,0.5251,458431.17
2024-08-28 05:00:00,0.5251,0.528,0.5231,0.5239,234625.45
2024-08-28 06:00:00,0.5239,0.5246,0.5226,0.5231,55550.27
2024-08-28 07:00:00,0.5231,0.5231,0.5153,0.5158,1371572.03
2024-08-28 08:00:00,0.5158,0.5239,0.5134,0.5214,1004198.81
2024-08-28 09:00:00,0.5214,0.5365,0.5202,0.5357,779733.17
2024-08-28 10:00:00,0.5357,0.5358,0.5297,0.5301,450642.43
2024-08-28 11:00:00,0.5301,0.5345,0.5291,0.5309,316232.85
2024-08-28 12:00:00,0.5309,0.5344,0.5304,0.5309,105126.21
2024-08-28 13:00:00,0.5309,0.5323,0.5211,0.5213,1020719.73
2024-08-28 14:00:00,0.5213,0.5324,0.5212,0.5253,717088.47
2024-08-28 15:00:00,0.5253,0.5253,0.5177,0.5223,937705.49
2024-08-28 16:00:00,0.5223,0.5223,0.5053,0.5208,1785668.93
2024-08-28 17:00:00,0.5208,0.5237,0.5137,0.5141,1101060.62
2024-08-28 18:00:00,0.5141,0.5272,0.5129,0.5267,1076760.62
2024-08-28 19:00:00,0.5267,0.5286,0.5175,0.5188,626579.22
2024-08-28 20:00:00,0.5188,0.529,0.5174,0.5222,2421251.18
2024-08-28 21:00:00,0.5222,0.5249,0.5192,0.5197,793629.79
2024-08-28 22:00:00,0.5197,0.5212,0.5159,0.521,831951.75
2024-08-28 23:00:00,0.521,0.5229,0.5184,0.521,341779.27
2024-08-29 00:00:00,0.521,0.5247,0.5201,0.5241,523849.17
2024-08-29 01:00:00,0.5241,0.5251,0.5197,0.5217,63479.37
2024-08-29 02:00:00,0.5217,0.5237,0.5204,0.5235,27431.95
2024-08-29 03:00:00,0.5235,0.5241,0.5212,0.5217,43459.87
2024-08-29 04:00:00,0.5217,0.5223,0.5193,0.5202,50250.93
2024-08-29 05:00:00,0.5202,0.525,0.5194,0.5246,103059.86
2024-08-29 06:00:00,0.5246,0.5292,0.5237,0.5265,260799.1
2024-08-29 07:00:00,0.5265,0.5288,0.5256,0.5256,101985.94
2024-08-29 08:00:00,0.5256,0.5268,0.523,0.5242,80635.99
2024-08-29 09:00:00,0.5242,0.5264,0.522,0.5223,172319.27
2024-08-29 10:00:00,0.5223,0.5248,0.5222,0.5232,267875.76
2024-08-29 11:00:00,0.5232,0.5308,0.5223,0.5245,383514.21
2024-08-29 12:00:00,0.5245,0.5291,0.5238,0.5273,150354.68
2024-08-29 13:00:00,0.5273,0.5292,0.525,0.5288,282764.17
2024-08-29 14:00:00,0.5288,0.5305,0.5258,0.5278,92322.33
2024-08-29 15:00:00,0.5278,0.5333,0.5277,0.5295,216839.97
2024-08-29 16:00:00,0.5295,0.5307,0.5222,0.5243,275189.95
2024-08-29 17:00:00,0.5243,0.5256,0.5217,0.5244,109310.95
2024-08-29 18:00:00,0.5244,0.5247,0.5083,0.5089,1101924.62
2024-08-29 19:00:00,0.5089,0.515,0.5056,0.5121,302252.18
2024-08-29 20:00:00,0.5121,0.5164,0.5106,0.5161,103394.58
2024-08-29 21:00:00,0.5161,0.5171,0.5134,0.5135,263321.28
2024-08-29 22:00:00,0.5135,0.5135,0.5076,0.5125,214353.13
2024-08-29 23:00:00,0.5125,0.5141,0.5109,0.5123,91398.85
2024-08-30 00:00:00,0.5123,0.5157,0.5105,0.5128,92578.1
2024-08-30 01:00:00,0.5128,0.5137,0.5094,0.5116,126908.0
2024-08-30 02:00:00,0.5116,0.5125,0.5091,0.5103,127891.95
2024-08-30 03:00:00,0.5103,0.5103,0.5067,0.5079,273880.52
2024-08-30 04:00:00,0.5079,0.5111,0.5079,0.5087,77194.54
2024-08-30 05:00:00,0.5087,0.5087,0.5033,0.5063,469283.88
2024-08-30 06:00:00,0.5063,0.5122,0.5053,0.512,255222.63
2024-08-30 07:00:00,0.512,0.5143,0.5105,0.5112,597100.99
2024-08-30 08:00:00,0.5112,0.5137,0.5109,0.5134,245780.66
2024-08-30 09:00:00,0.5134,0.5141,0.5119,0.5121,65649.51
2024-08-30 10:00:00,0.5121,0.5126,0.5095,0.5106,107524.59
2024-08-30 11:00:00,0.5106,0.5113,0.5076,0.5078,134014.62
2024-08-30 12:00:00,0.5078,0.5127,0.5076,0.5095,168122.36
2024-08-30 13:00:00,0.5095,0.5118,0.5028,0.5107,284491.74
2024-08-30 14:00:00,0.5107,0.5121,0.4942,0.4947,810659.3
2024-08-30 15:00:00,0.4947,0.4987,0.4856,0.4883,599924.51
2024-08-30 16:00:00,0.4883,0.5012,0.4854,0.5002,3821309.21
2024-08-30 17:00:00,0.5002,0.5021,0.4979,0.5008,318689.4
2024-08-30 18:00:00,0.5008,0.5146,0.5008,0.5122,229481.33
2024-08-30 19:00:00,0.5122,0.5123,0.5059,0.5068,247996.84
2024-08-30 20:00:00,0.5068,0.5096,0.5066,0.5091,145544.69
2024-08-30 21:00:00,0.5091,0.5111,0.5085,0.5099,267169.38
2024-08-30 22:00:00,0.5099,0.5136,0.5091,0.5127,163854.71
2024-08-30 23:00:00,0.5127,0.5139,0.5115,0.5132,79309.87
2024-08-31 00:00:00,0.5132,0.5192,0.512,0.5162,258096.04
2024-08-31 01:00:00,0.5162,0.5168,0.5138,0.5141,90174.65
2024-08-31 02:00:00,0.5141,0.5143,0.5124,0.5135,142656.86
2024-08-31 03:00:00,0.5135,0.5151,0.5122,0.5134,351566.61
2024-08-31 04:00:00,0.5134,0.5151,0.5131,0.5144,58575.61
2024-08-31 05:00:00,0.5144,0.5144,0.5118,0.5118,79071.06
2024-08-31 06:00:00,0.5118,0.5137,0.5113,0.5122,92310.53
2024-08-31 07:00:00,0.5122,0.5134,0.511,0.5119,128915.26
2024-08-31 08:00:00,0.5119,0.5125,0.5087,0.5087,125041.35
2024-08-31 09:00:00,0.5087,0.5112,0.5084,0.5098,137611.15
2024-08-31 10:00:00,0.5098,0.514,0.5098,0.5128,154225.35
2024-08-31 11:00:00,0.5128,0.5142,0.5128,0.5133,129371.93
2024-08-31 12:00:00,0.5133,0.5146,0.5122,0.5139,118603.59
2024-08-31 13:00:00,0.5139,0.5144,0.5103,0.5106,212656.4
2024-08-31 14:00:00,0.5106,0.5146,0.5105,0.5134,84725.28
2024-08-31 15:00:00,0.5134,0.5137,0.5103,0.5116,89386.36
2024-08-31 16:00:00,0.5116,0.5123,0.5079,0.5087,706546.74
2024-08-31 17:00:00,0.5087,0.5105,0.5064,0.5094,238249.64
2024-08-31 18:00:00,0.5094,0.5121,0.5077,0.5082,287020.11
2024-08-31 19:00:00,0.5082,0.5096,0.5078,0.5087,70827.78
2024-08-31 20:00:00,0.5087,0.5104,0.5075,0.51,123338.63
2024-08-31 21:00:00,0.51,0.5143,0.5097,0.5133,305864.1
2024-08-31 22:00:00,0.5133,0.5137,0.5118,0.5123,111378.33
2024-08-31 23:00:00,0.5123,0.5132,0.5111,0.5132,72310.2
2024-09-01 00:00:00,0.5132,0.5138,0.5109,0.5117,516270.95
2024-09-01 01:00:00,0.5117,0.512,0.5067,0.5069,57995.78
2024-09-01 02:00:00,0.5069,0.5071,0.5027,0.5046,128649.29
2024-09-01 03:00:00,0.5046,0.5079,0.5044,0.5064,162460.5
2024-09-01 04:00:00,0.5064,0.5074,0.5043,0.5065,65210.53
2024-09-01 05:00:00,0.5065,0.507,0.4995,0.501,289925.61
2024-09-01 06:00:00,0.501,0.5059,0.5008,0.5047,90463.69
2024-09-01 07:00:00,0.5047,0.5087,0.5039,0.5085,146304.27
2024-09-01 08:00:00,0.5085,0.5094,0.5049,0.505,102738.47
2024-09-01 09:00:00,0.505,0.508,0.5044,0.5055,76323.71
2024-09-01 10:00:00,0.5055,0.5055,0.5011,0.5011,242408.31
2024-09-01 11:00:00,0.5011,0.5044,0.5009,0.5044,157118.6
2024-09-01 12:00:00,0.5044,0.505,0.5008,0.5014,68174.47
2024-09-01 13:00:00,0.5014,0.5034,0.4967,0.5029,294912.52
2024-09-01 14:00:00,0.5029,0.5029,0.494,0.499,409852.66
2024-09-01 15:00:00,0.499,0.5062,0.4975,0.5046,133897.63
2024-09-01 16:00:00,0.5046,0.506,0.4993,0.5008,144300.91
2024-09-01 17:00:00,0.5008,0.502,0.4962,0.4994,157390.88
2024-09-01 18:00:00,0.4994,0.5061,0.4986,0.5044,313830.72
2024-09-01 19:00:00,0.5044,0.509,0.5027,0.5052,158334.01
2024-09-01 20:00:00,0.5052,0.5077,0.5045,0.505,50435.36
2024-09-01 21:00:00,0.505,0.505,0.4984,0.5014,188444.34
2024-09-01 22:00:00,0.5014,0.5017,0.4834,0.4858,616866.98
2024-09-01 23:00:00,0.4858,0.4906,0.4847,0.4888,144108.18
2024-09-02 00:00:00,0.4888,0.4942,0.4884,0.4927,125558.03
2024-09-02 01:00:00,0.4927,0.4956,0.4913,0.4927,268142.72
2024-09-02 02:00:00,0.4927,0.4964,0.4912,0.4925,72561.86
2024-09-02 03:00:00,0.4925,0.4965,0.4925,0.4961,52487.58
2024-09-02 04:00:00,0.4961,0.4968,0.4909,0.4912,78786.21
2024-09-02 05:00:00,0.4912,0.5,0.4912,0.4977,497433.1
2024-09-02 06:00:00,0.4977,0.499,0.4959,0.4972,268114.07
2024-09-02 07:00:00,0.4972,0.4986,0.4922,0.494,259444.1
2024-09-02 08:00:00,0.494,0.5036,0.4936,0.502,261213.16
2024-09-02 09:00:00,0.502,0.5138,0.5004,0.5134,575935.05
2024-09-02 10:00:00,0.5134,0.5177,0.5107,0.5158,658793.69
2024-09-02 11:00:00,0.5158,0.5159,0.5113,0.5114,101192.23
2024-09-02 12:00:00,0.5114,0.5134,0.511,0.5123,178770.96
2024-09-02 13:00:00,0.5123,0.514,0.5075,0.5088,304129.76
2024-09-02 14:00:00,0.5088,0.5137,0.5057,0.5135,351739.45
2024-09-02 15:00:00,0.5135,0.516,0.5121,0.5123,77729.96
2024-09-02 16:00:00,0.5123,0.5152,0.5101,0.5105,143532.87
2024-09-02 17:00:00,0.5105,0.5151,0.5105,0.514,59165.27
2024-09-02 18:00:00,0.514,0.5149,0.5116,0.5128,71028.9
2024-09-02 19:00:00,0.5128,0.5137,0.5114,0.5129,282284.89
2024-09-02 20:00:00,0.5129,0.5215,0.5121,0.5191,192199.92
2024-09-02 21:00:00,0.5191,0.5213,0.5151,0.5169,139249.01
2024-09-02 22:00:00,0.5169,0.518,0.5154,0.5171,142646.04
2024-09-02 23:00:00,0.5171,0.5178,0.5151,0.5154,116796.04
2024-09-03 00:00:00,0.5154,0.5155,0.5129,0.5151,121300.8
2024-09-03 01:00:00,0.5151,0.5173,0.5138,0.5165,187024.59
2024-09-03 02:00:00,0.5165,0.5204,0.5147,0.5148,65172.63
2024-09-03 03:00:00,0.5148,0.5155,0.5131,0.5136,118865.06
2024-09-03 04:00:00,0.5136,0.5147,0.5119,0.5128,156986.31
2024-09-03 05:00:00,0.5128,0.5152,0.512,0.515,103957.82
2024-09-03 06:00:00,0.515,0.5153,0.5114,0.5118,231745.52
2024-09-03 07:00:00,0.5118,0.5165,0.5117,0.5163,165179.03
2024-09-03 08:00:00,0.5163,0.5163,0.5095,0.5107,140663.98
2024-09-03 09:00:00,0.5107,0.5124,0.5102,0.5105,92531.25
2024-09-03 10:00:00,0.5105,0.5134,0.5093,0.5112,166553.97
2024-09-03 11:00:00,0.5112,0.5152,0.5096,0.5136,28287.98
2024-09-03 12:00:00,0.5136,0.5148,0.5127,0.5128,181289.09
2024-09-03 13:00:00,0.5128,0.5141,0.5006,0.5024,888439.68
2024-09-03 14:00:00,0.5024,0.5024,0.4971,0.4984,663530.71
2024-09-03 15:00:00,0.4984,0.5013,0.4951,0.4968,320151.23
2024-09-03 16:00:00,0.4968,0.499,0.4951,0.4968,253768.98
2024-09-03 17:00:00,0.4968,0.5003,0.4966,0.4976,105401.46
2024-09-03 18:00:00,0.4976,0.5008,0.4962,0.4991,48381.78
2024-09-03 19:00:00,0.4991,0.5022,0.4991,0.4997,104011.08
2024-09-03 20:00:00,0.4997,0.5026,0.4996,0.5015,113151.4
2024-09-03 21:00:00,0.5015,0.502,0.4989,0.5007,52943.81
2024-09-03 22:00:00,0.5007,0.5014,0.4973,0.4973,82043.54
2024-09-03 23:00:00,0.4973,0.4976,0.4922,0.4935,164869.25
2024-09-04 00:00:00,0.4935,0.4981,0.4861,0.487,378153.88
2024-09-04 01:00:00,0.487,0.487,0.4659,0.4825,2353354.81
2024-09-04 02:00:00,0.4825,0.4843,0.4806,0.4828,85967.98
2024-09-04 03:00:00,0.4828,0.4875,0.4828,0.4851,31682.44
2024-09-04 04:00:00,0.4851,0.487,0.4834,0.487,47783.12
2024-09-04 05:00:00,0.487,0.487,0.4819,0.483,57058.67
2024-09-04 06:00:00,0.483,0.4862,0.4829,0.4844,239166.63
2024-09-04 07:00:00,0.4844,0.493,0.4838,0.4917,455607.81
2024-09-04 08:00:00,0.4917,0.4946,0.4912,0.494,294010.96
2024-09-04 09:00:00,0.494,0.4952,0.4913,0.4915,302924.51
2024-09-04 10:00:00,0.4915,0.493,0.489,0.4891,173396.4
2024-09-04 11:00:00,0.4891,0.4934,0.4887,0.4918,583479.3
2024-09-04 12:00:00,0.4918,0.494,0.49,0.4909,60750.24
2024-09-04 13:00:00,0.4909,0.492,0.4884,0.4907,66998.69
2024-09-04 14:00:00,0.4907,0.5033,0.4894,0.502,310953.43
2024-09-04 15:00:00,0.502,0.5071,0.4992,0.5065,425183.13
2024-09-04 16:00:00,0.5065,0.5129,0.505,0.5092,413049.54
2024-09-04 17:00:00,0.5092,0.5092,0.5019,0.502,387082.7
2024-09-04 18:00:00,0.502,0.5043,0.4982,0.4991,116232.44
2024-09-04 19:00:00,0.4991,0.5011,0.4983,0.5004,140001.6
2024-09-04 20:00:00,0.5004,0.5011,0.4982,0.5004,56077.33
2024-09-04 21:00:00,0.5004,0.5021,0.4988,0.5012,74453.24
2024-09-04 22:00:00,0.5012,0.5027,0.499,0.4993,38166.29
2024-09-04 23:00:00,0.4993,0.4997,0.4953,0.4965,191038.07
2024-09-05 00:00:00,0.4965,0.5008,0.4957,0.4977,90670.61
2024-09-05 01:00:00,0.4977,0.5006,0.4975,0.5,46799.35
2024-09-05 02:00:00,0.5,0.5004,0.4955,0.4959,44053.28
2024-09-05 03:00:00,0.4959,0.4959,0.4898,0.4933,3103766.5
2024-09-05 04:00:00,0.4933,0.4978,0.4928,0.4966,247504.39
2024-09-05 05:00:00,0.4966,0.4969,0.4937,0.4951,51604.33
2024-09-05 06:00:00,0.4951,0.4952,0.4886,0.4928,103006.99
2024-09-05 07:00:00,0.4928,0.4975,0.492,0.4959,73762.98
2024-09-05 08:00:00,0.4959,0.4974,0.4931,0.4942,63461.47
2024-09-05 09:00:00,0.4942,0.496,0.4923,0.4941,148870.27
2024-09-05 10:00:00,0.4941,0.495,0.4922,0.4942,246588.38
2024-09-05 11:00:00,0.4942,0.4955,0.4928,0.4941,75433.83
2024-09-05 12:00:00,0.4941,0.497,0.4929,0.496,69583.65
2024-09-05 13:00:00,0.496,0.5011,0.4943,0.4984,251281.62
2024-09-05 14:00:00,0.4984,0.5002,0.4917,0.495,1047396.51
2024-09-05 15:00:00,0.495,0.4986,0.4914,0.4961,1654777.73
2024-09-05 16:00:00,0.4961,0.4979,0.4937,0.4955,556467.96
2024-09-05 17:00:00,0.4955,0.5006,0.495,0.5006,259427.41
2024-09-05 18:00:00,0.5006,0.5025,0.4994,0.5007,644011.16
2024-09-05 19:00:00,0.5007,0.5007,0.4922,0.4945,488878.85
2024-09-05 20:00:00,0.4945,0.499,0.494,0.4962,218523.98
2024-09-05 21:00:00,0.4962,0.4975,0.4928,0.4959,76093.0
2024-09-05 22:00:00,0.4959,0.4977,0.4936,0.4973,95445.25
2024-09-05 23:00:00,0.4973,0.4979,0.4956,0.4963,58991.21
2024-09-06 00:00:00,0.4963,0.4986,0.4948,0.4973,77906.31
2024-09-06 01:00:00,0.4973,0.5008,0.4951,0.5001,237885.86
2024-09-06 02:00:00,0.5001,0.5044,0.4994,0.5025,393615.78
2024-09-06 03:00:00,0.5025,0.5031,0.5009,0.5011,106043.32
2024-09-06 04:00:00,0.5011,0.5022,0.4993,0.4997,70639.96
2024-09-06 05:00:00,0.4997,0.5007,0.4976,0.4999,97137.23
2024-09-06 06:00:00,0.4999,0.5004,0.4978,0.4992,67443.1
2024-09-06 07:00:00,0.4992,0.4995,0.4873,0.4937,1499877.64
2024-09-06 08:00:00,0.4937,0.496,0.4919,0.4936,295502.28
2024-09-06 09:00:00,0.4936,0.4982,0.4929,0.4982,76616.34
2024-09-06 10:00:00,0.4982,0.5015,0.4957,0.4969,635482.85
2024-09-06 11:00:00,0.4969,0.4972,0.4954,0.4959,64881.19
2024-09-06 12:00:00,0.4959,0.5035,0.4943,0.5022,426816.66
2024-09-06 13:00:00,0.5022,0.5034,0.4924,0.4944,413396.19
2024-09-06 14:00:00,0.4944,0.4962,0.4878,0.4958,3334484.47
2024-09-06 15:00:00,0.4958,0.5068,0.4935,0.5036,2256991.91
2024-09-06 16:00:00,0.5036,0.5048,0.4955,0.4992,716152.32
2024-09-06 17:00:00,0.4992,0.5013,0.4925,0.4955,718859.72
2024-09-06 18:00:00,0.4955,0.4961,0.4874,0.4874,590324.1
2024-09-06 19:00:00,0.4874,0.4911,0.4839,0.486,740078.55
2024-09-06 20:00:00,0.486,0.4876,0.4703,0.4718,873411.32
2024-09-06 21:00:00,0.4718,0.4855,0.4675,0.4846,1785358.44
2024-09-06 22:00:00,0.4846,0.4856,0.4784,0.4789,355155.11
2024-09-06 23:00:00,0.4789,0.4814,0.4782,0.4801,340879.66
2024-09-07 00:00:00,0.4801,0.4862,0.4787,0.4833,223044.47
2024-09-07 01:00:00,0.4833,0.4844,0.48,0.4813,79751.2
2024-09-07 02:00:00,0.4813,0.484,0.4805,0.4832,33595.7
2024-09-07 03:00:00,0.4832,0.4887,0.4828,0.487,484005.21
2024-09-07 04:00:00,0.487,0.4885,0.4866,0.4881,56333.15
2024-09-07 05:00:00,0.4881,0.4946,0.4879,0.4923,241763.21
2024-09-07 06:00:00,0.4923,0.4978,0.4904,0.4976,205304.92
2024-09-07 07:00:00,0.4976,0.5012,0.4967,0.5,72725.05
2024-09-07 08:00:00,0.5,0.501,0.4971,0.5004,97960.21
2024-09-07 09:00:00,0.5004,0.5008,0.4955,0.4969,57376.44
2024-09-07 10:00:00,0.4969,0.4989,0.4965,0.4979,42959.98
2024-09-07 11:00:00,0.4979,0.5005,0.497,0.498,50063.87
2024-09-07 12:00:00,0.498,0.503,0.498,0.5015,103554.6
2024-09-07 13:00:00,0.5015,0.5021,0.4984,0.5005,380647.46
2024-09-07 14:00:00,0.5005,0.5028,0.5,0.5028,239244.61
2024-09-07 15:00:00,0.5028,0.5041,0.5009,0.5027,291132.3
2024-09-07 16:00:00,0.5027,0.5037,0.4993,0.5002,90818.24
2024-09-07 17:00:00,0.5002,0.5009,0.4952,0.4977,231989.05
2024-09-07 18:00:00,0.4977,0.502,0.4964,0.5005,109492.93
2024-09-07 19:00:00,0.5005,0.5028,0.4999,0.5023,48607.67
2024-09-07 20:00:00,0.5023,0.5028,0.4985,0.499,108540.94
2024-09-07 21:00:00,0.499,0.5003,0.497,0.4977,94073.25
2024-09-07 22:00:00,0.4977,0.4999,0.4972,0.4978,54816.79
2024-09-07 23:00:00,0.4978,0.5008,0.4966,0.5004,82847.99
2024-09-08 00:00:00,0.5004,0.5006,0.4983,0.4994,146471.5
2024-09-08 01:00:00,0.4994,0.5013,0.4982,0.4992,489391.28
2024-09-08 02:00:00,0.4992,0.5019,0.4987,0.5011,53286.4
2024-09-08 03:00:00,0.5011,0.503,0.5009,0.503,64100.36
2024-09-08 04:00:00,0.503,0.5121,0.5029,0.5111,884975.14
2024-09-08 05:00:00,0.5111,0.5119,0.5053,0.5063,99375.95
2024-09-08 06:00:00,0.5063,0.5086,0.5057,0.5057,675975.23
2024-09-08 07:00:00,0.5057,0.5092,0.5057,0.5089,86601.93
2024-09-08 08:00:00,0.5089,0.5118,0.5083,0.5111,124464.54
2024-09-08 09:00:00,0.5111,0.5137,0.5077,0.5077,208323.23
2024-09-08 10:00:00,0.5077,0.5106,0.5077,0.5086,246533.08
2024-09-08 11:00:00,0.5086,0.5097,0.5066,0.5066,66679.07
2024-09-08 12:00:00,0.5066,0.5091,0.5029,0.5042,197184.09
2024-09-08 13:00:00,0.5042,0.5046,0.5015,0.5035,130807.64
2024-09-08 14:00:00,0.5035,0.5041,0.5009,0.5012,157640.54
2024-09-08 15:00:00,0.5012,0.502,0.4964,0.4973,362274.13
2024-09-08 16:00:00,0.4973,0.5004,0.496,0.4986,328445.3
2024-09-08 17:00:00,0.4986,0.5032,0.4986,0.5031,204004.68
2024-09-08 18:00:00,0.5031,0.5037,0.501,0.5029,58685.14
2024-09-08 19:00:00,0.5029,0.503,0.5003,0.5009,63715.16
2024-09-08 20:00:00,0.5009,0.502,0.5005,0.502,34045.6
2024-09-08 21:00:00,0.502,0.5064,0.5019,0.5043,493047.99
2024-09-08 22:00:00,0.5043,0.5156,0.5035,0.5068,565307.87
2024-09-08 23:00:00,0.5068,0.5099,0.5057,0.5078,141027.75
2024-09-09 00:00:00,0.5078,0.5152,0.5074,0.5142,985862.2
2024-09-09 01:00:00,0.5142,0.5157,0.5106,0.514,162335.64
2024-09-09 02:00:00,0.514,0.5143,0.51,0.5118,34095.11
2024-09-09 03:00:00,0.5118,0.5118,0.5075,0.5101,32274.64
2024-09-09 04:00:00,0.5101,0.5114,0.5076,0.508,59610.42
2024-09-09 05:00:00,0.508,0.5087,0.5048,0.506,48921.91
2024-09-09 06:00:00,0.506,0.5101,0.5055,0.5101,78705.5
2024-09-09 07:00:00,0.5101,0.5142,0.5088,0.5142,212895.18
2024-09-09 08:00:00,0.5142,0.5176,0.514,0.5168,231117.31
2024-09-09 09:00:00,0.5168,0.519,0.5133,0.5135,134434.43
2024-09-09 10:00:00,0.5135,0.5157,0.5126,0.5136,127283.84
2024-09-09 11:00:00,0.5136,0.5141,0.5122,0.5129,114883.79
2024-09-09 12:00:00,0.5129,0.5144,0.5105,0.5138,116965.6
2024-09-09 13:00:00,0.5138,0.5169,0.5126,0.5159,142041.78
2024-09-09 14:00:00,0.5159,0.516,0.5067,0.5088,232529.83
2024-09-09 15:00:00,0.5088,0.5126,0.5076,0.5116,1048924.0
2024-09-09 16:00:00,0.5116,0.5222,0.5112,0.5214,920118.36
2024-09-09 17:00:00,0.5214,0.5239,0.5198,0.5206,261660.06
2024-09-09 18:00:00,0.5206,0.5231,0.5182,0.5212,150656.63
2024-09-09 19:00:00,0.5212,0.526,0.5212,0.5251,211314.74
2024-09-09 20:00:00,0.5251,0.5256,0.5236,0.5243,169445.9
2024-09-09 21:00:00,0.5243,0.5317,0.5238,0.5263,476483.96
2024-09-09 22:00:00,0.5263,0.5281,0.5227,0.523,142943.07
2024-09-09 23:00:00,0.523,0.5248,0.5221,0.5231,25357.11
2024-09-10 00:00:00,0.5231,0.5237,0.5197,0.5211,105836.11
2024-09-10 01:00:00,0.5211,0.5217,0.5166,0.5181,197152.23
2024-09-10 02:00:00,0.5181,0.5189,0.5157,0.518,104360.32
2024-09-10 03:00:00,0.518,0.5185,0.5166,0.5168,47366.34
2024-09-10 04:00:00,0.5168,0.5187,0.5152,0.5163,320583.26
2024-09-10 05:00:00,0.5163,0.5227,0.5161,0.5227,97134.87
2024-09-10 06:00:00,0.5227,0.5228,0.52,0.5208,236502.29
2024-09-10 07:00:00,0.5208,0.5252,0.52,0.5238,160009.79
2024-09-10 08:00:00,0.5238,0.5265,0.5216,0.522,161959.83
2024-09-10 09:00:00,0.522,0.5226,0.52,0.5213,38369.77
2024-09-10 10:00:00,0.5213,0.5238,0.519,0.5238,189271.6
2024-09-10 11:00:00,0.5238,0.5266,0.5231,0.5263,56418.23
2024-09-10 12:00:00,0.5263,0.5271,0.5225,0.5226,178537.33
2024-09-10 13:00:00,0.5226,0.5231,0.5194,0.5208,110360.19
2024-09-10 14:00:00,0.5208,0.5244,0.519,0.5224,99543.06
2024-09-10 15:00:00,0.5224,0.5253,0.5199,0.5199,38124.79
2024-09-10 16:00:00,0.5199,0.5335,0.5199,0.5335,279628.29
2024-09-10 17:00:00,0.5335,0.5399,0.5306,0.5319,501680.6
2024-09-10 18:00:00,0.5319,0.538,0.5318,0.5329,153312.1
2024-09-10 19:00:00,0.5329,0.5346,0.5304,0.5317,153167.68
2024-09-10 20:00:00,0.5317,0.538,0.5303,0.5341,1897049.08
2024-09-10 21:00:00,0.5341,0.5346,0.5299,0.5305,110361.37
2024-09-10 22:00:00,0.5305,0.5328,0.5295,0.5324,131469.13
2024-09-10 23:00:00,0.5324,0.5345,0.5321,0.5327,81501.52
2024-09-11 00:00:00,0.5327,0.5335,0.5288,0.5298,236086.94
2024-09-11 01:00:00,0.5298,0.5302,0.5204,0.5231,747593.1
2024-09-11 02:00:00,0.5231,0.5259,0.5224,0.5233,77237.73
2024-09-11 03:00:00,0.5233,0.5237,0.5206,0.5211,568384.98
2024-09-11 04:00:00,0.5211,0.5211,0.5136,0.5167,872438.36
2024-09-11 05:00:00,0.5167,0.5169,0.5129,0.5145,141038.87
2024-09-11 06:00:00,0.5145,0.515,0.5077,0.5119,914607.81
2024-09-11 07:00:00,0.5119,0.5148,0.511,0.5147,159397.92
2024-09-11 08:00:00,0.5147,0.5147,0.5093,0.5095,157500.32
2024-09-11 09:00:00,0.5095,0.5131,0.5092,0.5119,82943.64
2024-09-11 10:00:00,0.5119,0.512,0.5078,0.5095,97737.86
2024-09-11 11:00:00,0.5095,0.5119,0.5092,0.51,107112.78
2024-09-11 12:00:00,0.51,0.5124,0.5057,0.5114,520656.6
2024-09-11 13:00:00,0.5114,0.5159,0.501,0.5019,1001895.98
2024-09-11 14:00:00,0.5019,0.508,0.5005,0.5077,744154.17
2024-09-11 15:00:00,0.5077,0.5143,0.507,0.5122,344825.25
2024-09-11 16:00:00,0.5122,0.5193,0.5116,0.5173,374549.06
2024-09-11 17:00:00,0.5173,0.5219,0.5159,0.5163,1373611.69
2024-09-11 18:00:00,0.5163,0.5176,0.5116,0.5128,176693.84
2024-09-11 19:00:00,0.5128,0.5137,0.5108,0.5128,97858.92
2024-09-11 20:00:00,0.5128,0.5158,0.5121,0.5153,85839.01
2024-09-11 21:00:00,0.5153,0.5159,0.5133,0.5149,75579.8
2024-09-11 22:00:00,0.5149,0.5158,0.5133,0.515,44647.42
2024-09-11 23:00:00,0.515,0.5152,0.5135,0.5138,42020.21
2024-09-12 00:00:00,0.5138,0.5182,0.5132,0.515,92960.58
2024-09-12 01:00:00,0.515,0.521,0.515,0.521,298308.67
2024-09-12 02:00:00,0.521,0.5244,0.5185,0.519,484330.29
2024-09-12 03:00:00,0.519,0.524,0.5189,0.5222,134782.64
2024-09-12 04:00:00,0.5222,0.5265,0.5206,0.5212,227044.21
2024-09-12 05:00:00,0.5212,0.5225,0.5192,0.5197,124982.34
2024-09-12 06:00:00,0.5197,0.5211,0.5179,0.5193,146143.87
2024-09-12 07:00:00,0.5193,0.5217,0.5191,0.5204,135177.72
2024-09-12 08:00:00,0.5204,0.5211,0.518,0.5183,140001.2
2024-09-12 09:00:00,0.5183,0.5201,0.5168,0.517,219572.11
2024-09-12 10:00:00,0.517,0.5188,0.5168,0.5172,105553.78
2024-09-12 11:00:00,0.5172,0.5176,0.5156,0.5159,106117.48
2024-09-12 12:00:00,0.5159,0.5173,0.5125,0.5148,640995.96
2024-09-12 13:00:00,0.5148,0.5173,0.5131,0.5143,111522.28
2024-09-12 14:00:00,0.5143,0.5205,0.5123,0.5123,234478.05
2024-09-12 15:00:00,0.5123,0.5148,0.5096,0.5112,173711.81
2024-09-12 16:00:00,0.5112,0.516,0.5108,0.5156,143072.04
2024-09-12 17:00:00,0.5156,0.5176,0.5147,0.5172,130179.97
2024-09-12 18:00:00,0.5172,0.5209,0.5158,0.5177,283115.55
2024-09-12 19:00:00,0.5177,0.5207,0.5176,0.5193,63532.94
2024-09-12 20:00:00,0.5193,0.5198,0.5177,0.5192,97249.57
2024-09-12 21:00:00,0.5192,0.5206,0.5178,0.5189,57447.23
2024-09-12 22:00:00,0.5189,0.5242,0.5189,0.5231,250872.11
2024-09-12 23:00:00,0.5231,0.5246,0.5225,0.5239,35010.91
2024-09-13 00:00:00,0.5239,0.525,0.5216,0.5216,123557.59
2024-09-13 01:00:00,0.5216,0.5222,0.5194,0.5204,38330.58
2024-09-13 02:00:00,0.5204,0.5209,0.5191,0.5191,42174.33
2024-09-13 03:00:00,0.5191,0.521,0.519,0.5192,38567.79
2024-09-13 04:00:00,0.5192,0.5203,0.5155,0.5156,579399.36
2024-09-13 05:00:00,0.5156,0.5194,0.5154,0.519,254180.02
2024-09-13 06:00:00,0.519,0.5195,0.516,0.516,229206.97
2024-09-13 07:00:00,0.516,0.519,0.5158,0.5189,48591.09
2024-09-13 08:00:00,0.5189,0.5189,0.5168,0.5168,63593.54
2024-09-13 09:00:00,0.5168,0.5211,0.5165,0.5193,88728.53
2024-09-13 10:00:00,0.5193,0.5229,0.5188,0.5229,159193.63
2024-09-13 11:00:00,0.5229,0.5245,0.5188,0.5191,85914.77
2024-09-13 12:00:00,0.5191,0.5204,0.5158,0.5192,350676.62
2024-09-13 13:00:00,0.5192,0.5212,0.5168,0.5181,133182.48
2024-09-13 14:00:00,0.5181,0.5214,0.5168,0.5213,390451.85
2024-09-13 15:00:00,0.5213,0.5294,0.5206,0.5278,983308.58
2024-09-13 16:00:00,0.5278,0.5298,0.525,0.5276,366268.91
2024-09-13 17:00:00,0.5276,0.5322,0.5276,0.5294,158651.85
2024-09-13 18:00:00,0.5294,0.5328,0.5287,0.5317,152708.55
2024-09-13 19:00:00,0.5317,0.5327,0.5286,0.5298,153673.83
2024-09-13 20:00:00,0.5298,0.5317,0.5293,0.5301,84129.55
2024-09-13 21:00:00,0.5301,0.5373,0.53,0.5371,590536.59
2024-09-13 22:00:00,0.5371,0.5389,0.5354,0.5355,97766.73
2024-09-13 23:00:00,0.5355,0.5372,0.5341,0.5361,110259.0
2024-09-14 00:00:00,0.5361,0.5368,0.5333,0.5337,130401.97
2024-09-14 01:00:00,0.5337,0.5357,0.5334,0.5334,53283.79
2024-09-14 02:00:00,0.5334,0.5363,0.5334,0.5355,53966.08
2024-09-14 03:00:00,0.5355,0.5388,0.5355,0.5373,134647.4
2024-09-14 04:00:00,0.5373,0.5378,0.5357,0.5357,90825.05
2024-09-14 05:00:00,0.5357,0.5368,0.5312,0.5313,146951.15
2024-09-14 06:00:00,0.5313,0.5338,0.531,0.5329,38216.97
2024-09-14 07:00:00,0.5329,0.5329,0.5314,0.5316,226780.75
2024-09-14 08:00:00,0.5316,0.5324,0.5301,0.5305,189404.54
2024-09-14 09:00:00,0.5305,0.5317,0.5291,0.5313,132806.13
2024-09-14 10:00:00,0.5313,0.5313,0.5283,0.5288,106740.59
2024-09-14 11:00:00,0.5288,0.5289,0.5265,0.5289,485857.99
2024-09-14 12:00:00,0.5289,0.5324,0.5281,0.5312,126577.24
2024-09-14 13:00:00,0.5312,0.5322,0.5301,0.5318,252987.81
2024-09-14 14:00:00,0.5318,0.534,0.5309,0.5331,71642.53
2024-09-14 15:00:00,0.5331,0.5337,0.5317,0.5328,146507.68
2024-09-14 16:00:00,0.5328,0.5346,0.5321,0.5339,61998.35
2024-09-14 17:00:00,0.5339,0.5339,0.5309,0.5311,30000.0
2024-09-14 18:00:00,0.5311,0.5311,0.5242,0.5301,605593.59
2024-09-14 19:00:00,0.5301,0.5305,0.5286,0.5298,94560.95
2024-09-14 20:00:00,0.5298,0.5319,0.5289,0.5314,87172.0
2024-09-14 21:00:00,0.5314,0.5317,0.5289,0.5289,97155.7
2024-09-14 22:00:00,0.5289,0.5308,0.5281,0.5301,226504.95
2024-09-14 23:00:00,0.5301,0.5311,0.5297,0.5303,46096.78
2024-09-15 00:00:00,0.5303,0.531,0.5294,0.5297,59048.19
2024-09-15 01:00:00,0.5297,0.5319,0.5295,0.5318,66240.2
2024-09-15 02:00:00,0.5318,0.5351,0.5316,0.5344,163757.64
2024-09-15 03:00:00,0.5344,0.5373,0.5337,0.5351,97060.92
2024-09-15 04:00:00,0.5351,0.5389,0.5346,0.5384,156893.64
2024-09-15 05:00:00,0.5384,0.5393,0.5357,0.5367,43985.35
2024-09-15 06:00:00,0.5367,0.5384,0.5364,0.5381,56210.84
2024-09-15 07:00:00,0.5381,0.5384,0.5358,0.5371,61498.56
2024-09-15 08:00:00,0.5371,0.54,0.536,0.5386,101862.64
2024-09-15 09:00:00,0.5386,0.5394,0.5362,0.5365,492672.99
2024-09-15 10:00:00,0.5365,0.5368,0.5332,0.5352,554071.13
2024-09-15 11:00:00,0.5352,0.5361,0.5326,0.536,265375.34
2024-09-15 12:00:00,0.536,0.5379,0.535,0.5373,176510.65
2024-09-15 13:00:00,0.5373,0.5399,0.5367,0.5374,465331.65
2024-09-15 14:00:00,0.5374,0.5388,0.5337,0.5377,369627.71
2024-09-15 15:00:00,0.5377,0.5389,0.5362,0.5377,63964.06
2024-09-15 16:00:00,0.5377,0.5379,0.5311,0.5316,173900.06
2024-09-15 17:00:00,0.5316,0.5327,0.5283,0.5306,292425.75
2024-09-15 18:00:00,0.5306,0.5317,0.5267,0.5292,100019.13
2024-09-15 19:00:00,0.5292,0.5314,0.5281,0.5281,52911.69
2024-09-15 20:00:00,0.5281,0.5286,0.5226,0.5235,339977.87
2024-09-15 21:00:00,0.5235,0.5239,0.5151,0.5196,574423.8
2024-09-15 22:00:00,0.5196,0.52,0.5164,0.5179,213798.94
2024-09-15 23:00:00,0.5179,0.5179,0.5077,0.5108,847969.92
2024-09-16 00:00:00,0.5108,0.5117,0.5063,0.5087,84931.99
2024-09-16 01:00:00,0.5087,0.5089,0.5014,0.5047,467306.38
2024-09-16 02:00:00,0.5047,0.5052,0.4976,0.4999,124427.93
2024-09-16 03:00:00,0.4999,0.5057,0.4996,0.5055,171653.46
2024-09-16 04:00:00,0.5055,0.5056,0.5037,0.5044,82183.36
2024-09-16 05:00:00,0.5044,0.5092,0.5042,0.509,73904.79
2024-09-16 06:00:00,0.509,0.5104,0.5058,0.5059,110132.11
2024-09-16 07:00:00,0.5059,0.5122,0.5058,0.5116,173906.17
2024-09-16 08:00:00,0.5116,0.5171,0.511,0.5112,210250.9
2024-09-16 09:00:00,0.5112,0.5121,0.5064,0.5068,197376.77
2024-09-16 10:00:00,0.5068,0.5092,0.5052,0.5082,77379.75
2024-09-16 11:00:00,0.5082,0.5089,0.5071,0.5075,39965.81
2024-09-16 12:00:00,0.5075,0.5082,0.5025,0.5025,136029.51
2024-09-16 13:00:00,0.5025,0.5056,0.5,0.5048,231273.54
2024-09-16 14:00:00,0.5048,0.5051,0.4971,0.501,161391.35
2024-09-16 15:00:00,0.501,0.5057,0.5003,0.5038,77603.07
2024-09-16 16:00:00,0.5038,0.505,0.5015,0.5022,222061.05
2024-09-16 17:00:00,0.5022,0.5052,0.498,0.5042,378709.97
2024-09-16 18:00:00,0.5042,0.5045,0.5002,0.5014,68262.9
2024-09-16 19:00:00,0.5014,0.5035,0.4998,0.5005,70130.31
2024-09-16 20:00:00,0.5005,0.5027,0.4985,0.4999,82876.75
2024-09-16 21:00:00,0.4999,0.5044,0.4991,0.5041,34722.57
2024-09-16 22:00:00,0.5041,0.5055,0.5025,0.5055,80434.32
2024-09-16 23:00:00,0.5055,0.5119,0.5054,0.5104,494651.01
2024-09-17 00:00:00,0.5104,0.5127,0.5056,0.5064,206409.79
2024-09-17 01:00:00,0.5064,0.5086,0.5041,0.5076,73689.54
2024-09-17 02:00:00,0.5076,0.5096,0.5072,0.5083,67937.21
2024-09-17 03:00:00,0.5083,0.5089,0.5071,0.5072,141172.29
2024-09-17 04:00:00,0.5072,0.5095,0.5065,0.5093,76855.85
2024-09-17 05:00:00,0.5093,0.5148,0.5093,0.5141,82247.32
2024-09-17 06:00:00,0.5141,0.5144,0.5105,0.511,70268.53
2024-09-17 07:00:00,0.511,0.5132,0.5097,0.5127,78880.51
2024-09-17 08:00:00,0.5127,0.5148,0.5112,0.5129,100250.66
2024-09-17 09:00:00,0.5129,0.514,0.5105,0.5126,238126.12
2024-09-17 10:00:00,0.5126,0.5138,0.5109,0.5125,107312.5
2024-09-17 11:00:00,0.5125,0.5135,0.5087,0.5107,267476.89
2024-09-17 12:00:00,0.5107,0.5136,0.5096,0.5127,69654.97
2024-09-17 13:00:00,0.5127,0.5167,0.5112,0.5122,105869.29
2024-09-17 14:00:00,0.5122,0.5242,0.5113,0.5223,342278.89
2024-09-17 15:00:00,0.5223,0.5307,0.5223,0.5284,279623.88
2024-09-17 16:00:00,0.5284,0.5299,0.5222,0.523,267253.7
2024-09-17 17:00:00,0.523,0.5257,0.5214,0.5225,90230.53
2024-09-17 18:00:00,0.5225,0.5227,0.5158,0.5192,320332.65
2024-09-17 19:00:00,0.5192,0.5216,0.5149,0.52,234188.51
2024-09-17 20:00:00,0.52,0.5222,0.5181,0.5191,224352.74
2024-09-17 21:00:00,0.5191,0.5219,0.5189,0.5211,58350.34
2024-09-17 22:00:00,0.5211,0.5211,0.5181,0.5194,57774.09
2024-09-17 23:00:00,0.5194,0.5222,0.5184,0.5218,213381.45
2024-09-18 00:00:00,0.5218,0.5219,0.5146,0.5185,168023.05
2024-09-18 01:00:00,0.5185,0.5204,0.517,0.5194,29296.61
2024-09-18 02:00:00,0.5194,0.5233,0.5191,0.5228,60959.41
2024-09-18 03:00:00,0.5228,0.5258,0.5228,0.5241,131892.35
2024-09-18 04:00:00,0.5241,0.5244,0.5181,0.5203,284797.43
2024-09-18 05:00:00,0.5203,0.5214,0.5177,0.521,115625.09
2024-09-18 06:00:00,0.521,0.5239,0.5196,0.5214,144059.94
2024-09-18 07:00:00,0.5214,0.5222,0.52,0.5204,103411.61
2024-09-18 08:00:00,0.5204,0.5207,0.5166,0.5169,216754.13
2024-09-18 09:00:00,0.5169,0.5173,0.5094,0.51,149571.49
2024-09-18 10:00:00,0.51,0.5125,0.5048,0.5118,470967.63
2024-09-18 11:00:00,0.5118,0.5125,0.5089,0.509,97847.67
2024-09-18 12:00:00,0.509,0.5119,0.5072,0.5111,143891.01
2024-09-18 13:00:00,0.5111,0.513,0.5055,0.5064,175085.45
2024-09-18 14:00:00,0.5064,0.5092,0.5056,0.5076,100871.34
2024-09-18 15:00:00,0.5076,0.5092,0.501,0.5035,476186.68
2024-09-18 16:00:00,0.5035,0.5082,0.5009,0.5076,141820.14
2024-09-18 17:00:00,0.5076,0.5102,0.5037,0.5083,144833.41
2024-09-18 18:00:00,0.5083,0.5206,0.507,0.5165,592946.27
2024-09-18 19:00:00,0.5165,0.5179,0.5121,0.5133,649086.04
2024-09-18 20:00:00,0.5133,0.517,0.5086,0.5163,327829.13
2024-09-18 21:00:00,0.5163,0.5213,0.5161,0.5172,347640.31
2024-09-18 22:00:00,0.5172,0.5199,0.5172,0.5186,166397.02
2024-09-18 23:00:00,0.5186,0.5298,0.5186,0.529,351102.34
2024-09-19 00:00:00,0.529,0.5396,0.5288,0.5378,990632.86
2024-09-19 01:00:00,0.5378,0.5391,0.5305,0.5348,919232.69
2024-09-19 02:00:00,0.5348,0.5396,0.533,0.5396,214722.62
2024-09-19 03:00:00,0.5396,0.5467,0.5396,0.5426,559635.04
2024-09-19 04:00:00,0.5426,0.5445,0.5406,0.5433,201084.14
2024-09-19 05:00:00,0.5433,0.5454,0.5418,0.5426,189002.7
2024-09-19 06:00:00,0.5426,0.5435,0.5391,0.5422,86267.76
2024-09-19 07:00:00,0.5422,0.5518,0.5411,0.5498,274180.62
2024-09-19 08:00:00,0.5498,0.5516,0.5461,0.5465,992360.45
2024-09-19 09:00:00,0.5465,0.5484,0.5446,0.546,303931.89
2024-09-19 10:00:00,0.546,0.549,0.5437,0.5444,217394.55
2024-09-19 11:00:00,0.5444,0.5483,0.5426,0.5476,242339.0
2024-09-19 12:00:00,0.5476,0.556,0.5464,0.5492,1780973.9
2024-09-19 13:00:00,0.5492,0.5534,0.548,0.5534,286623.85
2024-09-19 14:00:00,0.5534,0.5645,0.5534,0.558,965543.42
2024-09-19 15:00:00,0.558,0.5627,0.5573,0.5591,182673.75
2024-09-19 16:00:00,0.5591,0.5812,0.5585,0.575,415394.94
2024-09-19 17:00:00,0.575,0.5784,0.5687,0.5773,564933.45
2024-09-19 18:00:00,0.5773,0.5787,0.5716,0.5719,346059.19
2024-09-19 19:00:00,0.5719,0.5731,0.5624,0.563,1777539.37
2024-09-19 20:00:00,0.563,0.5669,0.5626,0.5644,139081.2
2024-09-19 21:00:00,0.5644,0.5644,0.559,0.5591,304273.27
2024-09-19 22:00:00,0.5591,0.561,0.5563,0.5604,852029.94
2024-09-19 23:00:00,0.5604,0.5622,0.5568,0.5572,191547.75
2024-09-20 00:00:00,0.5572,0.5592,0.5526,0.5533,344402.5
2024-09-20 01:00:00,0.5533,0.557,0.5491,0.5557,466792.12
2024-09-20 02:00:00,0.5557,0.559,0.5544,0.5586,415828.67
2024-09-20 03:00:00,0.5586,0.5759,0.5585,0.5754,363732.91
2024-09-20 04:00:00,0.5754,0.5851,0.5749,0.5822,1005050.43
2024-09-20 05:00:00,0.5822,0.5882,0.5805,0.5826,616696.98
2024-09-20 06:00:00,0.5826,0.5863,0.5736,0.5861,1760974.57
2024-09-20 07:00:00,0.5861,0.5868,0.5806,0.5834,1168553.84
2024-09-20 08:00:00,0.5834,0.5837,0.5775,0.5818,484213.7
2024-09-20 09:00:00,0.5818,0.5825,0.5779,0.5787,339172.06
2024-09-20 10:00:00,0.5787,0.5809,0.5761,0.5802,608672.08
2024-09-20 11:00:00,0.5802,0.5807,0.5721,0.5742,464116.48
2024-09-20 12:00:00,0.5742,0.5772,0.5723,0.5739,169547.02
2024-09-20 13:00:00,0.5739,0.5742,0.564,0.5667,1355059.35
2024-09-20 14:00:00,0.5667,0.5768,0.565,0.5721,1178568.59
2024-09-20 15:00:00,0.5721,0.5769,0.5689,0.5749,322136.36
2024-09-20 16:00:00,0.5749,0.5755,0.5685,0.5705,348338.65
2024-09-20 17:00:00,0.5705,0.5715,0.565,0.5674,330575.24
2024-09-20 18:00:00,0.5674,0.569,0.563,0.569,330694.59
2024-09-20 19:00:00,0.569,0.5708,0.5683,0.5688,115530.12
2024-09-20 20:00:00,0.5688,0.5711,0.5683,0.5692,101792.19
2024-09-20 21:00:00,0.5692,0.5745,0.5691,0.5724,229262.47
2024-09-20 22:00:00,0.5724,0.5752,0.5722,0.5738,62437.42
2024-09-20 23:00:00,0.5738,0.5781,0.5713,0.5772,109469.13
2024-09-21 00:00:00,0.5772,0.5827,0.5752,0.579,190102.86
2024-09-21 01:00:00,0.579,0.5812,0.5719,0.5722,160910.34
2024-09-21 02:00:00,0.5722,0.5742,0.57,0.5727,159831.88
2024-09-21 03:00:00,0.5727,0.5754,0.571,0.5712,157397.34
2024-09-21 04:00:00,0.5712,0.5717,0.5662,0.5678,283924.19
2024-09-21 05:00:00,0.5678,0.5705,0.5666,0.5696,66132.1
2024-09-21 06:00:00,0.5696,0.5778,0.5689,0.5749,235679.81
2024-09-21 07:00:00,0.5749,0.5775,0.5742,0.577,100272.3
2024-09-21 08:00:00,0.577,0.5777,0.5751,0.5759,73534.22
2024-09-21 09:00:00,0.5759,0.579,0.5755,0.5773,121418.55
2024-09-21 10:00:00,0.5773,0.5776,0.5733,0.5736,178570.47
2024-09-21 11:00:00,0.5736,0.5789,0.5732,0.578,191336.2
2024-09-21 12:00:00,0.578,0.5803,0.5763,0.5802,157582.91
2024-09-21 13:00:00,0.5802,0.5978,0.5781,0.5938,629855.2
2024-09-21 14:00:00,0.5938,0.5964,0.5914,0.5947,179389.47
2024-09-21 15:00:00,0.5947,0.605,0.5866,0.6027,376316.06
2024-09-21 16:00:00,0.6027,0.6038,0.5942,0.5948,161733.42
2024-09-21 17:00:00,0.5948,0.5979,0.5943,0.5979,117800.05
2024-09-21 18:00:00,0.5979,0.6047,0.5968,0.604,142016.18
2024-09-21 19:00:00,0.604,0.6235,0.604,0.6123,795666.37
2024-09-21 20:00:00,0.6123,0.6139,0.6055,0.6066,537635.7
2024-09-21 21:00:00,0.6066,0.608,0.604,0.6052,134176.21
2024-09-21 22:00:00,0.6052,0.6126,0.6043,0.6121,92581.33
2024-09-21 23:00:00,0.6121,0.6201,0.6091,0.616,387303.92
2024-09-22 00:00:00,0.616,0.6215,0.607,0.6152,447285.68
2024-09-22 01:00:00,0.6152,0.6162,0.6082,0.6082,190178.65
2024-09-22 02:00:00,0.6082,0.6083,0.596,0.5985,358223.35
2024-09-22 03:00:00,0.5985,0.6048,0.5976,0.6014,71630.42
2024-09-22 04:00:00,0.6014,0.6105,0.6,0.6059,65401.2
2024-09-22 05:00:00,0.6059,0.6062,0.5983,0.5986,162145.87
2024-09-22 06:00:00,0.5986,0.6017,0.5978,0.598,199672.07
2024-09-22 07:00:00,0.598,0.6005,0.5975,0.5995,121866.75
2024-09-22 08:00:00,0.5995,0.6013,0.5976,0.6002,72770.29
2024-09-22 09:00:00,0.6002,0.6003,0.593,0.596,173989.54
2024-09-22 10:00:00,0.596,0.5977,0.5915,0.5972,362537.2
2024-09-22 11:00:00,0.5972,0.6004,0.5934,0.5983,63635.11
2024-09-22 12:00:00,0.5983,0.6032,0.598,0.6023,288029.14
2024-09-22 13:00:00,0.6023,0.6024,0.5922,0.5937,474611.35
2024-09-22 14:00:00,0.5937,0.5989,0.5874,0.5913,177816.32
2024-09-22 15:00:00,0.5913,0.5961,0.5895,0.5935,139604.74
2024-09-22 16:00:00,0.5935,0.5951,0.5874,0.5939,155999.97
2024-09-22 17:00:00,0.5939,0.6025,0.5933,0.6006,171434.96
2024-09-22 18:00:00,0.6006,0.601,0.5958,0.598,255332.28
2024-09-22 19:00:00,0.598,0.6014,0.5933,0.5991,155136.9
2024-09-22 20:00:00,0.5991,0.6028,0.5968,0.5977,264907.7
2024-09-22 21:00:00,0.5977,0.6003,0.5865,0.5865,446569.84
2024-09-22 22:00:00,0.5865,0.6044,0.583,0.6027,457745.22
2024-09-22 23:00:00,0.6027,0.6034,0.5977,0.5994,94010.06
2024-09-23 00:00:00,0.5994,0.6112,0.5886,0.6075,702265.99
2024-09-23 01:00:00,0.6075,0.6122,0.6059,0.6091,125775.46
2024-09-23 02:00:00,0.6091,0.618,0.6078,0.6169,364883.85
2024-09-23 03:00:00,0.6169,0.6231,0.6159,0.617,243444.71
2024-09-23 04:00:00,0.617,0.6182,0.6097,0.6142,133755.66
2024-09-23 05:00:00,0.6142,0.6149,0.6089,0.6104,199330.66
2024-09-23 06:00:00,0.6104,0.6147,0.6096,0.613,130553.12
2024-09-23 07:00:00,0.613,0.613,0.6043,0.6067,172223.65
2024-09-23 08:00:00,0.6067,0.608,0.5983,0.6012,2599515.92
2024-09-23 09:00:00,0.6012,0.6069,0.6011,0.6068,203821.39
2024-09-23 10:00:00,0.6068,0.6071,0.6015,0.6054,107082.15
2024-09-23 11:00:00,0.6054,0.6054,0.6002,0.6005,108029.9
2024-09-23 12:00:00,0.6005,0.6036,0.5968,0.5985,203860.57
2024-09-23 13:00:00,0.5985,0.6007,0.5953,0.5979,147603.91
2024-09-23 14:00:00,0.5979,0.6063,0.597,0.6011,358203.73
2024-09-23 15:00:00,0.6011,0.6063,0.5967,0.6032,179493.5
2024-09-23 16:00:00,0.6032,0.6085,0.6,0.6,128315.67
2024-09-23 17:00:00,0.6,0.603,0.5981,0.6023,549937.34
2024-09-23 18:00:00,0.6023,0.6077,0.6022,0.6046,130309.18
2024-09-23 19:00:00,0.6046,0.6055,0.5993,0.6,143155.79
2024-09-23 20:00:00,0.6,0.6024,0.5976,0.5988,425709.81
2024-09-23 21:00:00,0.5988,0.6004,0.5935,0.5998,183511.21
2024-09-23 22:00:00,0.5998,0.6,0.5972,0.5972,102360.67
2024-09-23 23:00:00,0.5972,0.6007,0.5967,0.5988,162080.91
2024-09-24 00:00:00,0.5988,0.6,0.5908,0.5921,249424.95
2024-09-24 01:00:00,0.5921,0.5962,0.5873,0.5905,182760.8
2024-09-24 02:00:00,0.5905,0.5914,0.5863,0.5902,182834.72
2024-09-24 03:00:00,0.5902,0.5944,0.5888,0.5933,150750.47
2024-09-24 04:00:00,0.5933,0.594,0.5896,0.5907,487614.3
2024-09-24 05:00:00,0.5907,0.594,0.5905,0.5928,335933.54
2024-09-24 06:00:00,0.5928,0.5963,0.5919,0.5941,233172.91
2024-09-24 07:00:00,0.5941,0.5988,0.5935,0.5979,405009.95
2024-09-24 08:00:00,0.5979,0.603,0.5972,0.6011,224913.15
2024-09-24 09:00:00,0.6011,0.6027,0.5963,0.5971,364138.22
2024-09-24 10:00:00,0.5971,0.6021,0.5961,0.6005,323659.49
2024-09-24 11:00:00,0.6005,0.6005,0.5954,0.5989,488023.78
2024-09-24 12:00:00,0.5989,0.6039,0.5988,0.5991,416315.2
2024-09-24 13:00:00,0.5991,0.6024,0.5988,0.5999,131619.39
2024-09-24 14:00:00,0.5999,0.5999,0.5849,0.5901,859794.17
2024-09-24 15:00:00,0.5901,0.5929,0.5869,0.5904,245474.66
2024-09-24 16:00:00,0.5904,0.5942,0.5893,0.5923,161098.28
2024-09-24 17:00:00,0.5923,0.6014,0.591,0.5989,393691.54
2024-09-24 18:00:00,0.5989,0.6019,0.5978,0.6001,272845.26
2024-09-24 19:00:00,0.6001,0.6142,0.5996,0.6128,433510.85
2024-09-24 20:00:00,0.6128,0.614,0.609,0.6121,446331.81
2024-09-24 21:00:00,0.6121,0.6124,0.6075,0.6111,257507.63
2024-09-24 22:00:00,0.6111,0.6181,0.6111,0.6167,384714.27
2024-09-24 23:00:00,0.6167,0.6177,0.6128,0.6137,119857.27
2024-09-25 00:00:00,0.6137,0.6227,0.6116,0.6165,284312.51
2024-09-25 01:00:00,0.6165,0.6297,0.6165,0.6235,1547198.05
2024-09-25 02:00:00,0.6235,0.6311,0.623,0.6277,284894.87
2024-09-25 03:00:00,0.6277,0.6333,0.6269,0.6305,219309.04
2024-09-25 04:00:00,0.6305,0.6317,0.6219,0.6221,386038.15
2024-09-25 05:00:00,0.6221,0.6256,0.6185,0.6196,461761.18
2024-09-25 06:00:00,0.6196,0.6199,0.6125,0.6146,2377672.57
2024-09-25 07:00:00,0.6146,0.6162,0.6114,0.6132,404773.46
2024-09-25 08:00:00,0.6132,0.6154,0.6105,0.615,420227.19
2024-09-25 09:00:00,0.615,0.6178,0.6121,0.6128,284860.79
2024-09-25 10:00:00,0.6128,0.6162,0.6115,0.6126,187193.06
2024-09-25 11:00:00,0.6126,0.6181,0.6106,0.6175,498259.36
2024-09-25 12:00:00,0.6175,0.6179,0.611,0.6111,272961.45
2024-09-25 13:00:00,0.6111,0.6129,0.6061,0.6118,395342.22
2024-09-25 14:00:00,0.6118,0.6174,0.6115,0.6162,190269.13
2024-09-25 15:00:00,0.6162,0.6179,0.6088,0.6092,292865.37
2024-09-25 16:00:00,0.6092,0.6156,0.6086,0.6111,140492.73
2024-09-25 17:00:00,0.6111,0.6124,0.603,0.6055,441483.68
2024-09-25 18:00:00,0.6055,0.6104,0.6042,0.6097,272770.98
2024-09-25 19:00:00,0.6097,0.6114,0.6068,0.6074,106024.87
2024-09-25 20:00:00,0.6074,0.6122,0.6074,0.611,60347.82
2024-09-25 21:00:00,0.611,0.6121,0.6095,0.6095,68564.2
2024-09-25 22:00:00,0.6095,0.61,0.5993,0.6032,1173228.17
2024-09-25 23:00:00,0.6032,0.6035,0.5958,0.5986,426975.42
2024-09-26 00:00:00,0.5986,0.6004,0.5904,0.5926,326949.66
2024-09-26 01:00:00,0.5926,0.5944,0.5871,0.5943,318767.52
2024-09-26 02:00:00,0.5943,0.6008,0.5941,0.6007,84101.0
2024-09-26 03:00:00,0.6007,0.6039,0.5991,0.6035,73187.8
2024-09-26 04:00:00,0.6035,0.6049,0.6005,0.6014,362573.29
2024-09-26 05:00:00,0.6014,0.6124,0.6008,0.6106,208278.25
2024-09-26 06:00:00,0.6106,0.6151,0.6101,0.6142,271380.38
2024-09-26 07:00:00,0.6142,0.62,0.612,0.6195,309648.96
2024-09-26 08:00:00,0.6195,0.6213,0.6153,0.6154,256010.75
2024-09-26 09:00:00,0.6154,0.6222,0.6136,0.6192,379748.79
2024-09-26 10:00:00,0.6192,0.627,0.6184,0.6231,325499.14
2024-09-26 11:00:00,0.6231,0.624,0.6205,0.6219,322469.83
2024-09-26 12:00:00,0.6219,0.6242,0.6175,0.6197,254545.38
2024-09-26 13:00:00,0.6197,0.6234,0.6169,0.6201,162217.31
2024-09-26 14:00:00,0.6201,0.63,0.6188,0.6189,320489.65
2024-09-26 15:00:00,0.6189,0.6346,0.6179,0.6298,373919.72
2024-09-26 16:00:00,0.6298,0.6442,0.6272,0.6376,609337.51
2024-09-26 17:00:00,0.6376,0.6444,0.6276,0.628,2775369.09
2024-09-26 18:00:00,0.628,0.6342,0.6276,0.6338,251568.33
2024-09-26 19:00:00,0.6338,0.6357,0.6296,0.6299,217334.86
2024-09-26 20:00:00,0.6299,0.6323,0.6199,0.62,445095.38
2024-09-26 21:00:00,0.62,0.6233,0.6187,0.621,234017.48
2024-09-26 22:00:00,0.621,0.6227,0.6153,0.6165,644235.81
2024-09-26 23:00:00,0.6165,0.62,0.6093,0.6197,693488.51
2024-09-27 00:00:00,0.6197,0.626,0.6182,0.626,353841.36
2024-09-27 01:00:00,0.626,0.6276,0.6214,0.6228,212301.57
2024-09-27 02:00:00,0.6228,0.6251,0.6182,0.6195,453220.48
2024-09-27 03:00:00,0.6195,0.6312,0.618,0.6296,487514.29
2024-09-27 04:00:00,0.6296,0.6329,0.6289,0.6313,235108.95
2024-09-27 05:00:00,0.6313,0.6366,0.6277,0.6361,359283.5
2024-09-27 06:00:00,0.6361,0.6408,0.6354,0.6372,510173.82
2024-09-27 07:00:00,0.6372,0.639,0.6331,0.6341,150419.01
2024-09-27 08:00:00,0.6341,0.644,0.6337,0.6396,559015.27
2024-09-27 09:00:00,0.6396,0.6438,0.6378,0.6413,744206.81
2024-09-27 10:00:00,0.6413,0.6416,0.6323,0.6324,928012.91
2024-09-27 11:00:00,0.6324,0.6491,0.6324,0.6444,1020756.86
2024-09-27 12:00:00,0.6444,0.6504,0.6406,0.6428,1952367.69
2024-09-27 13:00:00,0.6428,0.6441,0.6368,0.6439,316044.73
2024-09-27 14:00:00,0.6439,0.6554,0.642,0.6498,761280.14
2024-09-27 15:00:00,0.6498,0.6539,0.6479,0.6497,314333.83
2024-09-27 16:00:00,0.6497,0.6663,0.6466,0.6624,1126336.11
2024-09-27 17:00:00,0.6624,0.6649,0.6484,0.6522,565582.19
2024-09-27 18:00:00,0.6522,0.6534,0.6477,0.6534,147511.39
2024-09-27 19:00:00,0.6534,0.657,0.6512,0.655,206006.58
2024-09-27 20:00:00,0.655,0.6576,0.6519,0.6561,355931.66
2024-09-27 21:00:00,0.6561,0.6639,0.6554,0.6616,411372.31
2024-09-27 22:00:00,0.6616,0.6808,0.6616,0.6747,2002609.61
2024-09-27 23:00:00,0.6747,0.6756,0.6664,0.6674,139073.8
2024-09-28 00:00:00,0.6674,0.6716,0.6615,0.6636,290055.81
2024-09-28 01:00:00,0.6636,0.6658,0.6627,0.6651,107482.21
2024-09-28 02:00:00,0.6651,0.6698,0.663,0.6678,188487.04
2024-09-28 03:00:00,0.6678,0.6726,0.666,0.6682,301332.05
2024-09-28 04:00:00,0.6682,0.6685,0.6595,0.66,223210.79
2024-09-28 05:00:00,0.66,0.6617,0.6563,0.6571,412200.56
2024-09-28 06:00:00,0.6571,0.6583,0.6497,0.6529,752321.48
2024-09-28 07:00:00,0.6529,0.6548,0.6477,0.648,631412.04
2024-09-28 08:00:00,0.648,0.6493,0.6395,0.6399,585484.94
2024-09-28 09:00:00,0.6399,0.645,0.6332,0.6441,441943.14
2024-09-28 10:00:00,0.6441,0.6515,0.6418,0.6507,339599.19
2024-09-28 11:00:00,0.6507,0.6535,0.6492,0.6514,260131.47
2024-09-28 12:00:00,0.6514,0.6514,0.643,0.6436,344037.31
2024-09-28 13:00:00,0.6436,0.6469,0.6394,0.6434,247599.33
2024-09-28 14:00:00,0.6434,0.6509,0.6434,0.6495,420220.8
2024-09-28 15:00:00,0.6495,0.6506,0.6468,0.6483,128555.95
2024-09-28 16:00:00,0.6483,0.6494,0.6421,0.6427,434024.6
2024-09-28 17:00:00,0.6427,0.6488,0.6423,0.6459,562800.13
2024-09-28 18:00:00,0.6459,0.6496,0.6457,0.6466,385941.49
2024-09-28 19:00:00,0.6466,0.6492,0.6463,0.648,190304.61
2024-09-28 20:00:00,0.648,0.6495,0.6457,0.6458,141380.48
2024-09-28 21:00:00,0.6458,0.6461,0.6367,0.6443,271104.41
2024-09-28 22:00:00,0.6443,0.6467,0.6413,0.6458,194909.77
2024-09-28 23:00:00,0.6458,0.6485,0.6423,0.6473,91898.28
2024-09-29 00:00:00,0.6473,0.6507,0.6427,0.643,294987.84
2024-09-29 01:00:00,0.643,0.647,0.6401,0.6465,188576.19
2024-09-29 02:00:00,0.6465,0.6497,0.6454,0.647,115883.59
2024-09-29 03:00:00,0.647,0.6489,0.6442,0.6478,85145.48
2024-09-29 04:00:00,0.6478,0.6479,0.6414,0.6428,49423.91
2024-09-29 05:00:00,0.6428,0.6475,0.6422,0.6436,58837.77
2024-09-29 06:00:00,0.6436,0.6456,0.6355,0.6377,216641.89
2024-09-29 07:00:00,0.6377,0.6409,0.6328,0.6342,187790.38
2024-09-29 08:00:00,0.6342,0.6376,0.632,0.6352,130786.85
2024-09-29 09:00:00,0.6352,0.6426,0.6352,0.6385,102689.56
2024-09-29 10:00:00,0.6385,0.6389,0.6333,0.6379,109849.72
2024-09-29 11:00:00,0.6379,0.6413,0.6373,0.6402,125134.5
2024-09-29 12:00:00,0.6402,0.6414,0.6331,0.6347,144730.97
2024-09-29 13:00:00,0.6347,0.6416,0.6311,0.6415,168960.84
2024-09-29 14:00:00,0.6415,0.6418,0.6367,0.6378,363956.65
2024-09-29 15:00:00,0.6378,0.6435,0.637,0.6432,183274.29
2024-09-29 16:00:00,0.6432,0.645,0.6384,0.6438,117154.13
2024-09-29 17:00:00,0.6438,0.6514,0.6438,0.6499,278580.57
2024-09-29 18:00:00,0.6499,0.6521,0.6481,0.6497,249082.12
2024-09-29 19:00:00,0.6497,0.6548,0.6494,0.6546,291818.24
2024-09-29 20:00:00,0.6546,0.6573,0.648,0.6489,228731.4
2024-09-29 21:00:00,0.6489,0.6533,0.6482,0.6514,161448.48
2024-09-29 22:00:00,0.6514,0.6528,0.6445,0.6472,401130.46
2024-09-29 23:00:00,0.6472,0.6482,0.6425,0.6454,194033.61
2024-09-30 00:00:00,0.6454,0.6519,0.6372,0.6519,861125.01
2024-09-30 01:00:00,0.6519,0.6536,0.6383,0.6392,940044.11
2024-09-30 02:00:00,0.6392,0.6411,0.635,0.6353,280388.43
2024-09-30 03:00:00,0.6353,0.6366,0.6276,0.6355,1097442.09
2024-09-30 04:00:00,0.6355,0.6355,0.6294,0.6339,109777.61
2024-09-30 05:00:00,0.6339,0.6404,0.6321,0.6399,67505.91
2024-09-30 06:00:00,0.6399,0.6437,0.636,0.6361,483836.58
2024-09-30 07:00:00,0.6361,0.6415,0.6361,0.6396,98909.17
2024-09-30 08:00:00,0.6396,0.6402,0.6332,0.6371,323479.79
2024-09-30 09:00:00,0.6371,0.6371,0.6215,0.6215,785763.65
2024-09-30 10:00:00,0.6215,0.6239,0.6156,0.6231,776590.61
2024-09-30 11:00:00,0.6231,0.629,0.62,0.6279,266600.12
2024-09-30 12:00:00,0.6279,0.6311,0.6267,0.63,182000.63
2024-09-30 13:00:00,0.63,0.6321,0.6261,0.6263,321363.56
2024-09-30 14:00:00,0.6263,0.6277,0.6203,0.6231,161369.9
2024-09-30 15:00:00,0.6231,0.6259,0.6123,0.6136,1161732.3
2024-09-30 16:00:00,0.6136,0.6191,0.6127,0.6154,242148.02
2024-09-30 17:00:00,0.6154,0.6189,0.6146,0.6189,191601.28
2024-09-30 18:00:00,0.6189,0.6204,0.6094,0.6149,553801.73
2024-09-30 19:00:00,0.6149,0.6178,0.6119,0.6161,147869.95
2024-09-30 20:00:00,0.6161,0.6216,0.6158,0.6196,166382.95
2024-09-30 21:00:00,0.6196,0.6207,0.6167,0.6179,189755.79
2024-09-30 22:00:00,0.6179,0.6184,0.6095,0.61,314185.71
2024-09-30 23:00:00,0.61,0.6102,0.5981,0.6042,871391.8
2024-10-01 00:00:00,0.6042,0.6135,0.6006,0.6121,508873.67
2024-10-01 01:00:00,0.6121,0.6167,0.6113,0.614,181542.34
2024-10-01 02:00:00,0.614,0.6141,0.6089,0.6139,96894.19
2024-10-01 03:00:00,0.6139,0.6199,0.6129,0.6187,253959.9
2024-10-01 04:00:00,0.6187,0.626,0.6168,0.6246,336647.58
2024-10-01 05:00:00,0.6246,0.6247,0.6212,0.6229,230854.71
2024-10-01 06:00:00,0.6229,0.6286,0.6228,0.6283,234047.09
2024-10-01 07:00:00,0.6283,0.6291,0.6253,0.6269,170087.73
2024-10-01 08:00:00,0.6269,0.6284,0.6225,0.6234,252280.84
2024-10-01 09:00:00,0.6234,0.6259,0.6227,0.6244,111573.87
2024-10-01 10:00:00,0.6244,0.6265,0.6228,0.6259,100940.42
2024-10-01 11:00:00,0.6259,0.6274,0.6219,0.6223,563075.1
2024-10-01 12:00:00,0.6223,0.624,0.617,0.617,796501.79
2024-10-01 13:00:00,0.617,0.618,0.5943,0.6036,1235416.83
2024-10-01 14:00:00,0.6036,0.6069,0.5847,0.5883,1216530.38
2024-10-01 15:00:00,0.5883,0.5891,0.5573,0.5766,5140153.63
2024-10-01 16:00:00,0.5766,0.579,0.5576,0.5661,1468681.42
2024-10-01 17:00:00,0.5661,0.5661,0.5327,0.5617,3861814.58
2024-10-01 18:00:00,0.5617,0.565,0.5538,0.5563,867418.4
2024-10-01 19:00:00,0.5563,0.5585,0.5521,0.5529,400423.67
2024-10-01 20:00:00,0.5529,0.5543,0.5376,0.5502,1073705.79
2024-10-01 21:00:00,0.5502,0.5557,0.546,0.5551,326189.27
2024-10-01 22:00:00,0.5551,0.5552,0.548,0.5503,210181.9
2024-10-01 23:00:00,0.5503,0.5536,0.5481,0.5506,154917.67
2024-10-02 00:00:00,0.5506,0.5559,0.5471,0.5534,308273.94
2024-10-02 01:00:00,0.5534,0.5578,0.5523,0.5575,141520.26
2024-10-02 02:00:00,0.5575,0.5624,0.5555,0.5612,213405.48
2024-10-02 03:00:00,0.5612,0.5618,0.5569,0.5591,182193.75
2024-10-02 04:00:00,0.5591,0.5591,0.5535,0.5562,856357.3
2024-10-02 05:00:00,0.5562,0.5588,0.5531,0.5545,194997.53
2024-10-02 06:00:00,0.5545,0.5609,0.5507,0.56,226006.97
2024-10-02 07:00:00,0.56,0.5636,0.5577,0.5598,177086.53
2024-10-02 08:00:00,0.5598,0.5625,0.5576,0.5613,749258.15
2024-10-02 09:00:00,0.5613,0.5629,0.5482,0.5504,669127.34
2024-10-02 10:00:00,0.5504,0.5554,0.5468,0.5474,208856.22
2024-10-02 11:00:00,0.5474,0.5521,0.543,0.5495,246549.23
2024-10-02 12:00:00,0.5495,0.552,0.5446,0.5447,150505.44
2024-10-02 13:00:00,0.5447,0.5511,0.5379,0.5492,1797004.56
2024-10-02 14:00:00,0.5492,0.5515,0.543,0.543,290579.58
2024-10-02 15:00:00,0.543,0.5513,0.543,0.5501,153344.01
2024-10-02 16:00:00,0.5501,0.556,0.5474,0.5474,194290.34
2024-10-02 17:00:00,0.5474,0.549,0.5437,0.5462,126527.0
2024-10-02 18:00:00,0.5462,0.5464,0.5311,0.5311,750092.22
2024-10-02 19:00:00,0.5311,0.5345,0.5244,0.5301,1122256.25
2024-10-02 20:00:00,0.5301,0.5376,0.5267,0.5345,203936.1
2024-10-02 21:00:00,0.5345,0.5359,0.529,0.5317,123956.89
2024-10-02 22:00:00,0.5317,0.5355,0.5263,0.5352,102620.79
2024-10-02 23:00:00,0.5352,0.5354,0.5307,0.5318,54913.74
2024-10-03 00:00:00,0.5318,0.5337,0.5258,0.5329,934035.28
2024-10-03 01:00:00,0.5329,0.5395,0.5325,0.5383,206932.65
2024-10-03 02:00:00,0.5383,0.5413,0.5372,0.5393,46645.23
2024-10-03 03:00:00,0.5393,0.5425,0.537,0.5423,82862.71
2024-10-03 04:00:00,0.5423,0.5434,0.5386,0.5402,91844.36
2024-10-03 05:00:00,0.5402,0.5411,0.5367,0.5369,60462.76
2024-10-03 06:00:00,0.5369,0.5396,0.5356,0.5371,91169.85
2024-10-03 07:00:00,0.5371,0.5383,0.5278,0.5286,824271.16
2024-10-03 08:00:00,0.5286,0.5299,0.5193,0.5219,619044.06
2024-10-03 09:00:00,0.5219,0.529,0.515,0.528,820676.06
2024-10-03 10:00:00,0.528,0.5337,0.5272,0.5337,133920.83
2024-10-03 11:00:00,0.5337,0.5345,0.5279,0.5279,99581.83
2024-10-03 12:00:00,0.5279,0.53,0.524,0.5278,93548.6
2024-10-03 13:00:00,0.5278,0.531,0.5204,0.5282,303329.77
2024-10-03 14:00:00,0.5282,0.5342,0.5207,0.5207,392482.83
2024-10-03 15:00:00,0.5207,0.5277,0.5141,0.5262,545101.24
2024-10-03 16:00:00,0.5262,0.5268,0.5162,0.5216,155456.47
2024-10-03 17:00:00,0.5216,0.5287,0.518,0.5274,193443.71
2024-10-03 18:00:00,0.5274,0.5295,0.525,0.5265,141229.75
2024-10-03 19:00:00,0.5265,0.5318,0.5254,0.5318,91510.53
2024-10-03 20:00:00,0.5318,0.5327,0.528,0.5286,98677.07
2024-10-03 21:00:00,0.5286,0.5325,0.5263,0.5321,79151.34
2024-10-03 22:00:00,0.5321,0.537,0.5313,0.5341,477849.91
2024-10-03 23:00:00,0.5341,0.5363,0.532,0.5335,59282.36
2024-10-04 00:00:00,0.5335,0.536,0.5315,0.5317,92284.62
2024-10-04 01:00:00,0.5317,0.5423,0.5317,0.542,160272.0
2024-10-04 02:00:00,0.542,0.5439,0.5389,0.5419,106005.45
2024-10-04 03:00:00,0.5419,0.5426,0.5379,0.5395,115700.74
2024-10-04 04:00:00,0.5395,0.5464,0.5395,0.5435,127932.9
2024-10-04 05:00:00,0.5435,0.5508,0.5425,0.5506,201919.24
2024-10-04 06:00:00,0.5506,0.5517,0.5447,0.5461,1462742.85
2024-10-04 07:00:00,0.5461,0.5501,0.5443,0.5491,431228.61
2024-10-04 08:00:00,0.5491,0.5549,0.5481,0.5508,280900.12
2024-10-04 09:00:00,0.5508,0.554,0.5502,0.551,98808.08
2024-10-04 10:00:00,0.551,0.5541,0.551,0.5512,148114.03
2024-10-04 11:00:00,0.5512,0.553,0.5502,0.5525,140597.91
2024-10-04 12:00:00,0.5525,0.5569,0.5489,0.5569,323628.86
2024-10-04 13:00:00,0.5569,0.5575,0.5517,0.5525,390630.99
2024-10-04 14:00:00,0.5525,0.5537,0.5463,0.5509,269235.75
2024-10-04 15:00:00,0.5509,0.5604,0.5508,0.5601,264421.67
2024-10-04 16:00:00,0.5601,0.5678,0.5586,0.5652,201966.16
2024-10-04 17:00:00,0.5652,0.5662,0.5594,0.56,125599.66
2024-10-04 18:00:00,0.56,0.5656,0.5591,0.5653,98184.58
2024-10-04 19:00:00,0.5653,0.5666,0.5636,0.566,124724.12
2024-10-04 20:00:00,0.566,0.5673,0.5634,0.5666,54379.37
2024-10-04 21:00:00,0.5666,0.5677,0.5643,0.5656,116824.11
2024-10-04 22:00:00,0.5656,0.5669,0.5631,0.5635,49767.61
2024-10-04 23:00:00,0.5635,0.5653,0.562,0.5648,77853.39
2024-10-05 00:00:00,0.5648,0.5692,0.5638,0.5692,105113.14
2024-10-05 01:00:00,0.5692,0.5697,0.5645,0.5658,39503.58
2024-10-05 02:00:00,0.5658,0.566,0.5595,0.5597,55946.27
2024-10-05 03:00:00,0.5597,0.5604,0.5563,0.5587,100741.89
2024-10-05 04:00:00,0.5587,0.5635,0.5579,0.5616,69035.65
2024-10-05 05:00:00,0.5616,0.5654,0.5616,0.5647,35324.46
2024-10-05 06:00:00,0.5647,0.565,0.5614,0.5638,46520.85
2024-10-05 07:00:00,0.5638,0.5645,0.5599,0.56,54444.73
2024-10-05 08:00:00,0.56,0.5629,0.559,0.561,127610.23
2024-10-05 09:00:00,0.561,0.5634,0.5604,0.5624,84321.75
2024-10-05 10:00:00,0.5624,0.5624,0.5581,0.5584,102371.16
2024-10-05 11:00:00,0.5584,0.5602,0.5571,0.5595,112544.17
2024-10-05 12:00:00,0.5595,0.5626,0.559,0.5623,103283.21
2024-10-05 13:00:00,0.5623,0.5627,0.5563,0.5568,249389.69
2024-10-05 14:00:00,0.5568,0.5589,0.5546,0.5576,89341.21
2024-10-05 15:00:00,0.5576,0.558,0.5528,0.5557,115685.02
2024-10-05 16:00:00,0.5557,0.5558,0.55,0.5505,186912.75
2024-10-05 17:00:00,0.5505,0.5526,0.5492,0.5518,81287.42
2024-10-05 18:00:00,0.5518,0.5523,0.5458,0.5474,120028.0
2024-10-05 19:00:00,0.5474,0.5474,0.5441,0.5456,77970.19
2024-10-05 20:00:00,0.5456,0.546,0.5422,0.5431,79123.97
2024-10-05 21:00:00,0.5431,0.5475,0.5422,0.5452,99618.59
2024-10-05 22:00:00,0.5452,0.5515,0.5451,0.551,58801.38
2024-10-05 23:00:00,0.551,0.5512,0.5494,0.5503,40821.06
2024-10-06 00:00:00,0.5503,0.5503,0.5479,0.5494,28267.49
2024-10-06 01:00:00,0.5494,0.5551,0.5492,0.5539,75487.6
2024-10-06 02:00:00,0.5539,0.5552,0.5518,0.5525,76714.4
2024-10-06 03:00:00,0.5525,0.5549,0.5492,0.5492,85837.74
2024-10-06 04:00:00,0.5492,0.5514,0.5479,0.5495,33229.31
2024-10-06 05:00:00,0.5495,0.551,0.5481,0.5501,40138.53
2024-10-06 06:00:00,0.5501,0.551,0.5483,0.549,49250.69
2024-10-06 07:00:00,0.549,0.5509,0.549,0.5504,44637.28
2024-10-06 08:00:00,0.5504,0.5518,0.5486,0.5493,88279.65
2024-10-06 09:00:00,0.5493,0.5524,0.5485,0.5502,205170.1
2024-10-06 10:00:00,0.5502,0.5513,0.5478,0.5486,120855.63
2024-10-06 11:00:00,0.5486,0.5521,0.5485,0.5503,126528.9
2024-10-06 12:00:00,0.5503,0.5538,0.5497,0.5534,238586.83
2024-10-06 13:00:00,0.5534,0.5562,0.5533,0.5544,2121285.69
2024-10-06 14:00:00,0.5544,0.563,0.5525,0.5621,329326.98
2024-10-06 15:00:00,0.5621,0.5633,0.5568,0.5599,151579.47
2024-10-06 16:00:00,0.5599,0.5625,0.5561,0.5565,148888.26
2024-10-06 17:00:00,0.5565,0.5593,0.5559,0.557,369890.48
2024-10-06 18:00:00,0.557,0.5592,0.5568,0.5579,253634.22
2024-10-06 19:00:00,0.5579,0.5612,0.5535,0.5546,152336.98
2024-10-06 20:00:00,0.5546,0.5566,0.5536,0.5558,57787.91
2024-10-06 21:00:00,0.5558,0.5566,0.5501,0.5503,271501.68
2024-10-06 22:00:00,0.5503,0.5547,0.5503,0.5533,40056.68
2024-10-06 23:00:00,0.5533,0.56,0.5533,0.5596,376956.34
2024-10-07 00:00:00,0.5596,0.5697,0.5564,0.5694,223844.84
2024-10-07 01:00:00,0.5694,0.5734,0.5684,0.5724,341862.97
2024-10-07 02:00:00,0.5724,0.5753,0.5701,0.5708,179009.04
2024-10-07 03:00:00,0.5708,0.5722,0.5655,0.5691,273621.13
2024-10-07 04:00:00,0.5691,0.5714,0.5647,0.5648,260449.19
2024-10-07 05:00:00,0.5648,0.5693,0.5648,0.5661,284588.84
2024-10-07 06:00:00,0.5661,0.5698,0.5658,0.5696,159509.7
2024-10-07 07:00:00,0.5696,0.5698,0.565,0.5658,165058.32
2024-10-07 08:00:00,0.5658,0.5682,0.5655,0.5668,56461.84
2024-10-07 09:00:00,0.5668,0.567,0.5557,0.5597,402691.25
2024-10-07 10:00:00,0.5597,0.5597,0.5512,0.5542,229755.48
2024-10-07 11:00:00,0.5542,0.5603,0.5499,0.5603,390598.48
2024-10-07 12:00:00,0.5603,0.5606,0.5569,0.5579,87122.52
2024-10-07 13:00:00,0.5579,0.5627,0.557,0.5607,441091.98
2024-10-07 14:00:00,0.5607,0.5733,0.5604,0.5679,420194.82
2024-10-07 15:00:00,0.5679,0.5682,0.5621,0.5637,201913.87
2024-10-07 16:00:00,0.5637,0.5669,0.5606,0.5658,140055.28
2024-10-07 17:00:00,0.5658,0.5672,0.5627,0.5672,80844.88
2024-10-07 18:00:00,0.5672,0.5673,0.5525,0.554,383642.01
2024-10-07 19:00:00,0.554,0.5607,0.5536,0.5594,114701.7
2024-10-07 20:00:00,0.5594,0.5603,0.5558,0.5562,234537.08
2024-10-07 21:00:00,0.5562,0.5623,0.5558,0.562,129754.56
2024-10-07 22:00:00,0.562,0.5628,0.5526,0.5531,200786.87
2024-10-07 23:00:00,0.5531,0.556,0.5482,0.5491,154432.97
2024-10-08 00:00:00,0.5491,0.553,0.5482,0.5521,90287.79
2024-10-08 01:00:00,0.5521,0.5544,0.5494,0.5525,57769.31
2024-10-08 02:00:00,0.5525,0.5546,0.5492,0.5546,73469.24
2024-10-08 03:00:00,0.5546,0.5556,0.5518,0.5527,32056.18
2024-10-08 04:00:00,0.5527,0.557,0.5514,0.5532,68229.4
2024-10-08 05:00:00,0.5532,0.5537,0.5469,0.5502,399543.04
2024-10-08 06:00:00,0.5502,0.5521,0.5464,0.552,150255.27
2024-10-08 07:00:00,0.552,0.5521,0.5441,0.55,147612.27
2024-10-08 08:00:00,0.55,0.5517,0.5474,0.5497,158042.67
2024-10-08 09:00:00,0.5497,0.5506,0.5465,0.5498,86449.61
2024-10-08 10:00:00,0.5498,0.5506,0.5472,0.5482,116017.61
2024-10-08 11:00:00,0.5482,0.55,0.5465,0.5498,94766.44
2024-10-08 12:00:00,0.5498,0.5503,0.5438,0.544,191954.88
2024-10-08 13:00:00,0.544,0.5527,0.5409,0.5525,412387.74
2024-10-08 14:00:00,0.5525,0.5545,0.5423,0.5476,206382.05
2024-10-08 15:00:00,0.5476,0.5479,0.5345,0.5403,242738.49
2024-10-08 16:00:00,0.5403,0.5448,0.5368,0.5438,148647.44
2024-10-08 17:00:00,0.5438,0.5441,0.539,0.5415,66640.99
2024-10-08 18:00:00,0.5415,0.5456,0.5369,0.5395,102513.41
2024-10-08 19:00:00,0.5395,0.5428,0.5365,0.5416,76485.83
2024-10-08 20:00:00,0.5416,0.5433,0.5399,0.5433,70674.76
2024-10-08 21:00:00,0.5433,0.5469,0.5424,0.546,59249.13
2024-10-08 22:00:00,0.546,0.5469,0.54,0.5405,31975.54
2024-10-08 23:00:00,0.5405,0.5409,0.5371,0.5402,24752.44
2024-10-09 00:00:00,0.5402,0.5422,0.5368,0.54,125332.99
2024-10-09 01:00:00,0.54,0.5486,0.5392,0.5451,73633.94
2024-10-09 02:00:00,0.5451,0.5455,0.5413,0.5414,79560.64
2024-10-09 03:00:00,0.5414,0.5436,0.5383,0.5424,96122.66
2024-10-09 04:00:00,0.5424,0.5431,0.5392,0.5401,39592.4
2024-10-09 05:00:00,0.5401,0.5448,0.5401,0.5446,63238.79
2024-10-09 06:00:00,0.5446,0.5455,0.5419,0.5434,108473.81
2024-10-09 07:00:00,0.5434,0.5434,0.5388,0.5411,230810.8
2024-10-09 08:00:00,0.5411,0.5421,0.5378,0.5387,66273.8
2024-10-09 09:00:00,0.5387,0.5408,0.5383,0.5404,45576.91
2024-10-09 10:00:00,0.5404,0.5404,0.5373,0.5388,184457.9
2024-10-09 11:00:00,0.5388,0.5416,0.5385,0.5413,90701.27
2024-10-09 12:00:00,0.5413,0.5414,0.535,0.5381,149678.02
2024-10-09 13:00:00,0.5381,0.5381,0.5305,0.5313,179432.84
2024-10-09 14:00:00,0.5313,0.5353,0.5294,0.5318,1146017.48
2024-10-09 15:00:00,0.5318,0.5432,0.5318,0.5409,327845.62
2024-10-09 16:00:00,0.5409,0.5412,0.5328,0.534,281685.22
2024-10-09 17:00:00,0.534,0.5354,0.5319,0.5332,57917.98
2024-10-09 18:00:00,0.5332,0.5345,0.5233,0.5253,287901.6
2024-10-09 19:00:00,0.5253,0.5266,0.5214,0.5251,234068.41
2024-10-09 20:00:00,0.5251,0.5255,0.5145,0.5154,1356925.2
2024-10-09 21:00:00,0.5154,0.5238,0.5145,0.5234,107142.55
2024-10-09 22:00:00,0.5234,0.5234,0.5193,0.5216,239107.86
2024-10-09 23:00:00,0.5216,0.5224,0.5196,0.5214,184252.67
2024-10-10 00:00:00,0.5214,0.5228,0.5182,0.5204,416099.8
2024-10-10 01:00:00,0.5204,0.5254,0.5204,0.5243,135737.02
2024-10-10 02:00:00,0.5243,0.5255,0.5232,0.5252,64472.97
2024-10-10 03:00:00,0.5252,0.5263,0.5241,0.5246,63454.08
2024-10-10 04:00:00,0.5246,0.5257,0.5232,0.5244,135489.59
2024-10-10 05:00:00,0.5244,0.5294,0.5232,0.5278,51695.42
2024-10-10 06:00:00,0.5278,0.5297,0.5266,0.5292,64851.52
2024-10-10 07:00:00,0.5292,0.5293,0.5245,0.5246,47493.91
2024-10-10 08:00:00,0.5246,0.5254,0.5205,0.5207,121139.96
2024-10-10 09:00:00,0.5207,0.5215,0.5154,0.5209,496046.58
2024-10-10 10:00:00,0.5209,0.5259,0.5207,0.5248,65047.99
2024-10-10 11:00:00,0.5248,0.5279,0.5248,0.5279,131653.5
2024-10-10 12:00:00,0.5279,0.5281,0.52,0.5232,168848.5
2024-10-10 13:00:00,0.5232,0.526,0.5189,0.5221,703287.51
2024-10-10 14:00:00,0.5221,0.5231,0.5176,0.5218,258842.99
2024-10-10 15:00:00,0.5218,0.524,0.5191,0.524,73417.88
2024-10-10 16:00:00,0.524,0.5268,0.5187,0.5194,113865.36
2024-10-10 17:00:00,0.5194,0.5208,0.5087,0.5119,1677982.64
2024-10-10 18:00:00,0.5119,0.5149,0.5059,0.5146,345817.19
2024-10-10 19:00:00,0.5146,0.5171,0.5125,0.5166,53481.61
2024-10-10 20:00:00,0.5166,0.5189,0.5142,0.5164,89671.24
2024-10-10 21:00:00,0.5164,0.5224,0.5146,0.5222,71951.98
2024-10-10 22:00:00,0.5222,0.5225,0.5177,0.5217,392410.95
2024-10-10 23:00:00,0.5217,0.5255,0.5216,0.5251,84704.83
2024-10-11 00:00:00,0.5251,0.5272,0.5243,0.5248,80938.3
2024-10-11 01:00:00,0.5248,0.5305,0.5227,0.5297,80042.46
2024-10-11 02:00:00,0.5297,0.53,0.5256,0.528,174096.22
2024-10-11 03:00:00,0.528,0.5302,0.5275,0.5282,79939.38
2024-10-11 04:00:00,0.5282,0.53,0.5265,0.5272,108784.35
2024-10-11 05:00:00,0.5272,0.5298,0.5264,0.5264,88394.28
2024-10-11 06:00:00,0.5264,0.5301,0.526,0.5291,72473.97
2024-10-11 07:00:00,0.5291,0.5307,0.5284,0.5289,167057.0
2024-10-11 08:00:00,0.5289,0.5307,0.5285,0.5291,78824.45
2024-10-11 09:00:00,0.5291,0.5342,0.5291,0.5337,68362.92
2024-10-11 10:00:00,0.5337,0.5352,0.5313,0.5327,117582.74
2024-10-11 11:00:00,0.5327,0.5334,0.5308,0.5318,105684.77
2024-10-11 12:00:00,0.5318,0.5341,0.5304,0.5337,100092.08
2024-10-11 13:00:00,0.5337,0.5353,0.5305,0.5347,391795.98
2024-10-11 14:00:00,0.5347,0.5365,0.5326,0.5347,255401.12
2024-10-11 15:00:00,0.5347,0.54,0.5341,0.5377,214981.14
2024-10-11 16:00:00,0.5377,0.5397,0.5344,0.5365,411531.76
2024-10-11 17:00:00,0.5365,0.5396,0.5348,0.5393,344505.75
2024-10-11 18:00:00,0.5393,0.5395,0.5367,0.538,506719.71
2024-10-11 19:00:00,0.538,0.5424,0.5379,0.5394,192002.57
2024-10-11 20:00:00,0.5394,0.541,0.5384,0.5408,406917.13
2024-10-11 21:00:00,0.5408,0.5415,0.5378,0.538,52245.28
2024-10-11 22:00:00,0.538,0.5387,0.535,0.5354,275725.39
2024-10-11 23:00:00,0.5354,0.5358,0.5325,0.5336,171291.35
2024-10-12 00:00:00,0.5336,0.5366,0.5336,0.5364,86621.18
2024-10-12 01:00:00,0.5364,0.5379,0.5347,0.537,560688.18
2024-10-12 02:00:00,0.537,0.537,0.531,0.5313,92389.11
2024-10-12 03:00:00,0.5313,0.5329,0.5287,0.5306,233273.24
2024-10-12 04:00:00,0.5306,0.5336,0.5304,0.5329,56944.68
2024-10-12 05:00:00,0.5329,0.5344,0.531,0.5342,161631.08
2024-10-12 06:00:00,0.5342,0.5364,0.5339,0.5354,118781.46
2024-10-12 07:00:00,0.5354,0.5364,0.5333,0.5364,159796.84
2024-10-12 08:00:00,0.5364,0.5392,0.5357,0.5372,137599.27
2024-10-12 09:00:00,0.5372,0.5381,0.5343,0.5361,154823.33
2024-10-12 10:00:00,0.5361,0.5377,0.5346,0.5376,296543.83
2024-10-12 11:00:00,0.5376,0.541,0.5358,0.5376,826188.58
2024-10-12 12:00:00,0.5376,0.5389,0.535,0.5383,118086.53
2024-10-12 13:00:00,0.5383,0.5385,0.536,0.5382,185606.15
2024-10-12 14:00:00,0.5382,0.5413,0.5365,0.5395,415499.78
2024-10-12 15:00:00,0.5395,0.5433,0.5384,0.5403,301741.38
2024-10-12 16:00:00,0.5403,0.545,0.5401,0.5406,266155.41
2024-10-12 17:00:00,0.5406,0.5421,0.5386,0.5391,190749.39
2024-10-12 18:00:00,0.5391,0.5415,0.5356,0.536,295824.76
2024-10-12 19:00:00,0.536,0.5371,0.5336,0.5367,210973.49
2024-10-12 20:00:00,0.5367,0.5388,0.5361,0.5379,68409.1
2024-10-12 21:00:00,0.5379,0.5414,0.5378,0.5413,174547.01
2024-10-12 22:00:00,0.5413,0.5421,0.5396,0.5409,60899.6
2024-10-12 23:00:00,0.5409,0.5412,0.5378,0.538,90029.62
2024-10-13 00:00:00,0.538,0.539,0.5364,0.5366,158537.74
2024-10-13 01:00:00,0.5366,0.5366,0.5304,0.5315,167798.15
2024-10-13 02:00:00,0.5315,0.5336,0.5312,0.5325,86098.08
2024-10-13 03:00:00,0.5325,0.5331,0.5273,0.5294,868464.06
2024-10-13 04:00:00,0.5294,0.5329,0.5292,0.5323,234266.34
2024-10-13 05:00:00,0.5323,0.5349,0.5313,0.5332,251421.42
2024-10-13 06:00:00,0.5332,0.5355,0.5329,0.5341,103956.95
2024-10-13 07:00:00,0.5341,0.5347,0.5315,0.5339,313066.24
2024-10-13 08:00:00,0.5339,0.5361,0.5322,0.5324,283919.33
2024-10-13 09:00:00,0.5324,0.5379,0.5324,0.5373,258480.69
2024-10-13 10:00:00,0.5373,0.5393,0.535,0.5352,250536.87
2024-10-13 11:00:00,0.5352,0.5374,0.5322,0.5327,309529.97
2024-10-13 12:00:00,0.5327,0.5386,0.5323,0.5352,186325.95
2024-10-13 13:00:00,0.5352,0.5376,0.5351,0.5365,585837.4
2024-10-13 14:00:00,0.5365,0.5367,0.5267,0.528,668169.26
2024-10-13 15:00:00,0.528,0.5301,0.5206,0.5233,1884680.73
2024-10-13 16:00:00,0.5233,0.5291,0.522,0.5262,753572.11
2024-10-13 17:00:00,0.5262,0.5289,0.5205,0.5218,386340.57
2024-10-13 18:00:00,0.5218,0.523,0.5176,0.5196,378059.46
2024-10-13 19:00:00,0.5196,0.5236,0.5196,0.5225,167262.81
2024-10-13 20:00:00,0.5225,0.5241,0.5212,0.523,122859.7
2024-10-13 21:00:00,0.523,0.5278,0.5212,0.5275,267586.39
2024-10-13 22:00:00,0.5275,0.5324,0.5262,0.5293,1201653.49
2024-10-13 23:00:00,0.5293,0.5298,0.5256,0.5291,64023.59
2024-10-14 00:00:00,0.5291,0.5295,0.5213,0.5216,244307.8
2024-10-14 01:00:00,0.5216,0.5275,0.5211,0.5223,149272.65
2024-10-14 02:00:00,0.5223,0.5223,0.5179,0.5213,126195.1
2024-10-14 03:00:00,0.5213,0.5405,0.5213,0.539,662362.57
2024-10-14 04:00:00,0.539,0.5431,0.537,0.5411,470352.97
2024-10-14 05:00:00,0.5411,0.5413,0.5327,0.5383,174485.55
2024-10-14 06:00:00,0.5383,0.5398,0.5356,0.5383,178217.42
2024-10-14 07:00:00,0.5383,0.5417,0.5364,0.5411,263410.77
2024-10-14 08:00:00,0.5411,0.5427,0.5364,0.5372,641210.71
2024-10-14 09:00:00,0.5372,0.5418,0.5356,0.5403,564960.9
2024-10-14 10:00:00,0.5403,0.548,0.5394,0.5474,396889.4
2024-10-14 11:00:00,0.5474,0.5488,0.5449,0.5478,337605.36
2024-10-14 12:00:00,0.5478,0.5536,0.5469,0.5508,923055.62
2024-10-14 13:00:00,0.5508,0.5546,0.5474,0.553,921645.34
2024-10-14 14:00:00,0.553,0.562,0.5529,0.5587,693259.1
2024-10-14 15:00:00,0.5587,0.5626,0.5575,0.5612,516946.66
2024-10-14 16:00:00,0.5612,0.5628,0.5558,0.556,781487.26
2024-10-14 17:00:00,0.556,0.5613,0.556,0.5598,344139.04
2024-10-14 18:00:00,0.5598,0.5625,0.559,0.561,101530.6
2024-10-14 19:00:00,0.561,0.5639,0.5595,0.5627,198318.78
2024-10-14 20:00:00,0.5627,0.5649,0.5603,0.5607,113221.13
2024-10-14 21:00:00,0.5607,0.5632,0.5593,0.5596,168974.59
2024-10-14 22:00:00,0.5596,0.5688,0.5595,0.5683,213276.16
2024-10-14 23:00:00,0.5683,0.5691,0.5626,0.5648,174087.5
2024-10-15 00:00:00,0.5648,0.5685,0.5614,0.5625,290972.77
2024-10-15 01:00:00,0.5625,0.5664,0.5605,0.5644,221015.13
2024-10-15 02:00:00,0.5644,0.5681,0.5637,0.5658,150157.56
2024-10-15 03:00:00,0.5658,0.5664,0.5572,0.5579,325916.92
2024-10-15 04:00:00,0.5579,0.568,0.5561,0.5665,1237370.4
2024-10-15 05:00:00,0.5665,0.567,0.5574,0.5596,292120.18
2024-10-15 06:00:00,0.5596,0.5638,0.5576,0.5634,217728.12
2024-10-15 07:00:00,0.5634,0.5663,0.5619,0.5628,333022.5
2024-10-15 08:00:00,0.5628,0.5683,0.5626,0.5683,167006.15
2024-10-15 09:00:00,0.5683,0.5687,0.5632,0.5677,250122.16
2024-10-15 10:00:00,0.5677,0.5754,0.5662,0.5729,715124.28
2024-10-15 11:00:00,0.5729,0.5741,0.5505,0.5542,1026069.1
2024-10-15 12:00:00,0.5542,0.5642,0.554,0.5625,644863.13
2024-10-15 13:00:00,0.5625,0.5803,0.5581,0.5775,749035.52
2024-10-15 14:00:00,0.5775,0.5834,0.5535,0.557,3874552.69
2024-10-15 15:00:00,0.557,0.5619,0.5433,0.5583,1448024.85
2024-10-15 16:00:00,0.5583,0.5716,0.5574,0.5653,875117.41
2024-10-15 17:00:00,0.5653,0.5673,0.5597,0.5631,313692.85
2024-10-15 18:00:00,0.5631,0.5686,0.5619,0.565,106362.74
2024-10-15 19:00:00,0.565,0.5665,0.5591,0.5629,127541.62
2024-10-15 20:00:00,0.5629,0.5633,0.5528,0.554,722999.2
2024-10-15 21:00:00,0.554,0.5622,0.552,0.5611,143656.73
2024-10-15 22:00:00,0.5611,0.5666,0.5602,0.5635,472173.09
2024-10-15 23:00:00,0.5635,0.5682,0.5628,0.5679,173706.11
2024-10-16 00:00:00,0.5679,0.569,0.5635,0.5637,283154.72
2024-10-16 01:00:00,0.5637,0.5688,0.5591,0.5668,398055.56
2024-10-16 02:00:00,0.5668,0.5724,0.5668,0.5672,282992.97
2024-10-16 03:00:00,0.5672,0.57,0.5656,0.5678,1268742.05
2024-10-16 04:00:00,0.5678,0.571,0.5627,0.5688,263434.73
2024-10-16 05:00:00,0.5688,0.5808,0.5688,0.5797,1332625.67
2024-10-16 06:00:00,0.5797,0.5831,0.5723,0.5735,496629.41
2024-10-16 07:00:00,0.5735,0.5735,0.5667,0.569,950226.0
2024-10-16 08:00:00,0.569,0.5708,0.5662,0.5663,421248.81
2024-10-16 09:00:00,0.5663,0.5729,0.565,0.5709,501766.55
2024-10-16 10:00:00,0.5709,0.5768,0.5709,0.5748,293146.04
2024-10-16 11:00:00,0.5748,0.5799,0.5717,0.5774,656181.68
2024-10-16 12:00:00,0.5774,0.5817,0.5701,0.5703,1016781.78
2024-10-16 13:00:00,0.5703,0.5747,0.5633,0.5657,1131345.55
2024-10-16 14:00:00,0.5657,0.5745,0.5635,0.5673,1074233.8
2024-10-16 15:00:00,0.5673,0.5697,0.564,0.5654,437284.97
2024-10-16 16:00:00,0.5654,0.5676,0.5588,0.5661,218575.16
2024-10-16 17:00:00,0.5661,0.5662,0.5608,0.5635,920831.15
2024-10-16 18:00:00,0.5635,0.564,0.5588,0.5593,140977.73
2024-10-16 19:00:00,0.5593,0.5593,0.5547,0.5579,187215.91
2024-10-16 20:00:00,0.5579,0.5633,0.5571,0.56,197534.16
2024-10-16 21:00:00,0.56,0.5621,0.5576,0.5592,70407.84
2024-10-16 22:00:00,0.5592,0.5642,0.5585,0.5625,129114.88
2024-10-16 23:00:00,0.5625,0.5625,0.5568,0.5573,76338.43
2024-10-17 00:00:00,0.5573,0.5625,0.5573,0.559,138770.38
2024-10-17 01:00:00,0.559,0.5657,0.5568,0.5654,105892.11
2024-10-17 02:00:00,0.5654,0.5658,0.5584,0.5594,124114.15
2024-10-17 03:00:00,0.5594,0.563,0.559,0.5625,93296.91
2024-10-17 04:00:00,0.5625,0.5631,0.5557,0.5562,303414.02
2024-10-17 05:00:00,0.5562,0.5588,0.5525,0.5534,374269.85
2024-10-17 06:00:00,0.5534,0.5567,0.551,0.5518,251019.78
2024-10-17 07:00:00,0.5518,0.5534,0.5464,0.5517,217587.55
2024-10-17 08:00:00,0.5517,0.5523,0.548,0.5511,84227.6
2024-10-17 09:00:00,0.5511,0.5522,0.5488,0.5504,55560.78
2024-10-17 10:00:00,0.5504,0.5511,0.5405,0.5473,463104.63
2024-10-17 11:00:00,0.5473,0.5481,0.5421,0.5436,207214.25
2024-10-17 12:00:00,0.5436,0.5489,0.5422,0.5487,135943.76
2024-10-17 13:00:00,0.5487,0.5539,0.5462,0.55,176516.57
2024-10-17 14:00:00,0.55,0.5522,0.5465,0.5502,224531.57
2024-10-17 15:00:00,0.5502,0.5569,0.549,0.5558,145726.3
2024-10-17 16:00:00,0.5558,0.5567,0.5511,0.5529,137512.79
2024-10-17 17:00:00,0.5529,0.5563,0.5472,0.5487,120753.79
2024-10-17 18:00:00,0.5487,0.549,0.541,0.5444,287307.65
2024-10-17 19:00:00,0.5444,0.547,0.5428,0.5458,121755.96
2024-10-17 20:00:00,0.5458,0.551,0.5458,0.5475,129566.89
2024-10-17 21:00:00,0.5475,0.55,0.5474,0.5479,56919.33
2024-10-17 22:00:00,0.5479,0.5513,0.5479,0.5508,86105.79
2024-10-17 23:00:00,0.5508,0.5508,0.546,0.5467,136886.45
2024-10-18 00:00:00,0.5467,0.5488,0.5434,0.5434,86561.81
2024-10-18 01:00:00,0.5434,0.5587,0.5434,0.5565,231242.97
2024-10-18 02:00:00,0.5565,0.5572,0.5529,0.5558,163544.68
2024-10-18 03:00:00,0.5558,0.5563,0.5495,0.5497,139045.97
2024-10-18 04:00:00,0.5497,0.5536,0.5497,0.5512,104142.83
2024-10-18 05:00:00,0.5512,0.554,0.5493,0.5536,85499.45
2024-10-18 06:00:00,0.5536,0.5588,0.5533,0.5563,201264.72
2024-10-18 07:00:00,0.5563,0.5613,0.5546,0.5607,234359.63
2024-10-18 08:00:00,0.5607,0.5624,0.5576,0.5597,314407.08
2024-10-18 09:00:00,0.5597,0.5606,0.5571,0.5579,113850.09
2024-10-18 10:00:00,0.5579,0.5597,0.5574,0.5586,98712.15
2024-10-18 11:00:00,0.5586,0.5613,0.5574,0.5576,119763.97
2024-10-18 12:00:00,0.5576,0.5596,0.5538,0.5554,304042.1
2024-10-18 13:00:00,0.5554,0.5601,0.555,0.5597,103262.71
2024-10-18 14:00:00,0.5597,0.5647,0.5571,0.5642,390604.29
2024-10-18 15:00:00,0.5642,0.5671,0.5619,0.5647,241130.23
2024-10-18 16:00:00,0.5647,0.5677,0.5611,0.5671,130560.74
2024-10-18 17:00:00,0.5671,0.5682,0.5639,0.5652,328936.37
2024-10-18 18:00:00,0.5652,0.572,0.5635,0.5688,376324.33
2024-10-18 19:00:00,0.5688,0.5693,0.5644,0.5651,640625.82
2024-10-18 20:00:00,0.5651,0.5651,0.5608,0.5615,607804.35
2024-10-18 21:00:00,0.5615,0.5629,0.5607,0.5619,102882.72
2024-10-18 22:00:00,0.5619,0.5619,0.5593,0.5608,98105.95
2024-10-18 23:00:00,0.5608,0.5641,0.5608,0.5637,143266.61
2024-10-19 00:00:00,0.5637,0.5655,0.5615,0.5652,245908.83
2024-10-19 01:00:00,0.5652,0.567,0.5643,0.5647,150940.81
2024-10-19 02:00:00,0.5647,0.5685,0.5641,0.5682,42940.58
2024-10-19 03:00:00,0.5682,0.572,0.5668,0.5668,88709.41
2024-10-19 04:00:00,0.5668,0.5694,0.5646,0.5647,144442.74
2024-10-19 05:00:00,0.5647,0.5706,0.5647,0.5703,160332.93
2024-10-19 06:00:00,0.5703,0.5708,0.5686,0.5688,332007.92
2024-10-19 07:00:00,0.5688,0.5694,0.566,0.5668,90571.86
2024-10-19 08:00:00,0.5668,0.5688,0.5665,0.5676,90266.87
2024-10-19 09:00:00,0.5676,0.5684,0.5658,0.5659,117502.45
2024-10-19 10:00:00,0.5659,0.5667,0.5616,0.5616,185979.02
2024-10-19 11:00:00,0.5616,0.5636,0.5577,0.5578,222941.05
2024-10-19 12:00:00,0.5578,0.562,0.5576,0.5603,219168.23
2024-10-19 13:00:00,0.5603,0.5603,0.5562,0.5573,340846.05
2024-10-19 14:00:00,0.5573,0.5622,0.5573,0.562,181330.45
2024-10-19 15:00:00,0.562,0.5628,0.5594,0.5603,177218.82
2024-10-19 16:00:00,0.5603,0.5625,0.5578,0.5587,77191.26
2024-10-19 17:00:00,0.5587,0.562,0.5586,0.5607,200991.91
2024-10-19 18:00:00,0.5607,0.5623,0.5601,0.5601,98755.16
2024-10-19 19:00:00,0.5601,0.5628,0.5594,0.5604,52261.85
2024-10-19 20:00:00,0.5604,0.5646,0.5603,0.5638,99096.46
2024-10-19 21:00:00,0.5638,0.568,0.5638,0.5645,93776.89
2024-10-19 22:00:00,0.5645,0.5683,0.5633,0.5673,59954.37
2024-10-19 23:00:00,0.5673,0.5695,0.5657,0.5661,183933.05
2024-10-20 00:00:00,0.5661,0.5706,0.5644,0.5644,208284.84
2024-10-20 01:00:00,0.5644,0.5654,0.5629,0.5631,144939.5
2024-10-20 02:00:00,0.5631,0.5652,0.5609,0.5619,82278.09
2024-10-20 03:00:00,0.5619,0.5641,0.5605,0.5637,132723.3
2024-10-20 04:00:00,0.5637,0.5664,0.5626,0.5656,82099.99
2024-10-20 05:00:00,0.5656,0.5691,0.5651,0.5677,278375.26
2024-10-20 06:00:00,0.5677,0.5765,0.566,0.5757,750432.26
2024-10-20 07:00:00,0.5757,0.5766,0.5724,0.5726,243341.25
2024-10-20 08:00:00,0.5726,0.5763,0.5722,0.5733,172390.26
2024-10-20 09:00:00,0.5733,0.5753,0.5714,0.5744,131602.31
2024-10-20 10:00:00,0.5744,0.5764,0.5728,0.5733,106529.49
2024-10-20 11:00:00,0.5733,0.5772,0.5733,0.5772,163477.92
2024-10-20 12:00:00,0.5772,0.5877,0.5752,0.5821,642679.79
2024-10-20 13:00:00,0.5821,0.6001,0.5819,0.5996,828967.49
2024-10-20 14:00:00,0.5996,0.6195,0.5994,0.6078,2480835.01
2024-10-20 15:00:00,0.6078,0.6091,0.5954,0.6015,791757.27
2024-10-20 16:00:00,0.6015,0.6031,0.597,0.6004,475981.73
2024-10-20 17:00:00,0.6004,0.6014,0.5947,0.5983,275069.5
2024-10-20 18:00:00,0.5983,0.602,0.5982,0.6008,285348.22
2024-10-20 19:00:00,0.6008,0.604,0.5992,0.6036,99848.05
2024-10-20 20:00:00,0.6036,0.6074,0.6022,0.6051,137312.44
2024-10-20 21:00:00,0.6051,0.6095,0.6051,0.6077,172619.62
2024-10-20 22:00:00,0.6077,0.6148,0.6063,0.6124,299205.17
2024-10-20 23:00:00,0.6124,0.614,0.6103,0.6125,171757.48
2024-10-21 00:00:00,0.6125,0.6171,0.6109,0.6121,580900.37
2024-10-21 01:00:00,0.6121,0.6153,0.6103,0.6108,254418.33
2024-10-21 02:00:00,0.6108,0.612,0.6038,0.604,518689.77
2024-10-21 03:00:00,0.604,0.6069,0.6018,0.6059,242151.9
2024-10-21 04:00:00,0.6059,0.6083,0.6031,0.608,156394.45
2024-10-21 05:00:00,0.608,0.6092,0.6057,0.6066,212500.8
2024-10-21 06:00:00,0.6066,0.6113,0.603,0.6041,184072.32
2024-10-21 07:00:00,0.6041,0.6076,0.601,0.6014,263771.2
2024-10-21 08:00:00,0.6014,0.6038,0.5959,0.5963,303679.78
2024-10-21 09:00:00,0.5963,0.5979,0.5905,0.5972,349329.37
2024-10-21 10:00:00,0.5972,0.5987,0.5934,0.5935,249613.86
2024-10-21 11:00:00,0.5935,0.5968,0.5924,0.5953,1185695.55
2024-10-21 12:00:00,0.5953,0.5981,0.5905,0.5933,280196.45
2024-10-21 13:00:00,0.5933,0.5943,0.582,0.5856,1003093.09
2024-10-21 14:00:00,0.5856,0.5879,0.5828,0.5864,233578.59
2024-10-21 15:00:00,0.5864,0.5898,0.5821,0.5897,361004.8
2024-10-21 16:00:00,0.5897,0.5897,0.5806,0.5862,188506.25
2024-10-21 17:00:00,0.5862,0.5955,0.5859,0.5901,847700.22
2024-10-21 18:00:00,0.5901,0.5906,0.5858,0.5895,945726.95
2024-10-21 19:00:00,0.5895,0.5936,0.5895,0.5929,99860.78
2024-10-21 20:00:00,0.5929,0.593,0.5903,0.5914,121649.92
2024-10-21 21:00:00,0.5914,0.5938,0.591,0.5924,102374.44
2024-10-21 22:00:00,0.5924,0.5931,0.5906,0.5912,63762.99
2024-10-21 23:00:00,0.5912,0.5912,0.5872,0.5879,506663.78
2024-10-22 00:00:00,0.5879,0.5899,0.5802,0.5897,292438.41
2024-10-22 01:00:00,0.5897,0.5944,0.5873,0.5936,411971.48
2024-10-22 02:00:00,0.5936,0.5968,0.5908,0.5918,502298.65
2024-10-22 03:00:00,0.5918,0.5976,0.5914,0.5963,180490.01
2024-10-22 04:00:00,0.5963,0.597,0.5931,0.5947,156802.75
2024-10-22 05:00:00,0.5947,0.599,0.594,0.5972,128733.19
2024-10-22 06:00:00,0.5972,0.6004,0.5969,0.5977,156937.5
2024-10-22 07:00:00,0.5977,0.5991,0.5931,0.5931,345232.64
2024-10-22 08:00:00,0.5931,0.596,0.5886,0.5887,577371.66
2024-10-22 09:00:00,0.5887,0.59,0.5818,0.5846,473100.33
2024-10-22 10:00:00,0.5846,0.5892,0.5832,0.5881,116221.46
2024-10-22 11:00:00,0.5881,0.5903,0.5866,0.5866,98919.48
2024-10-22 12:00:00,0.5866,0.5896,0.5777,0.58,1231910.57
2024-10-22 13:00:00,0.58,0.5819,0.5719,0.5781,1587240.2
2024-10-22 14:00:00,0.5781,0.5837,0.575,0.5833,406019.36
2024-10-22 15:00:00,0.5833,0.5847,0.5764,0.5792,128356.46
2024-10-22 16:00:00,0.5792,0.5809,0.5726,0.5729,317284.5
2024-10-22 17:00:00,0.5729,0.5809,0.5729,0.5798,132769.76
2024-10-22 18:00:00,0.5798,0.5819,0.5779,0.5783,74449.58
2024-10-22 19:00:00,0.5783,0.5812,0.5781,0.5796,63181.28
2024-10-22 20:00:00,0.5796,0.5808,0.5779,0.5806,47160.21
2024-10-22 21:00:00,0.5806,0.5814,0.5785,0.5813,47269.62
2024-10-22 22:00:00,0.5813,0.5845,0.5802,0.5831,306544.79
2024-10-22 23:00:00,0.5831,0.5838,0.5781,0.58,370843.87
2024-10-23 00:00:00,0.58,0.5811,0.5767,0.577,236543.17
2024-10-23 01:00:00,0.577,0.5804,0.5762,0.5788,396254.04
2024-10-23 02:00:00,0.5788,0.5796,0.5738,0.5742,310551.0
2024-10-23 03:00:00,0.5742,0.5759,0.5705,0.5755,302119.73
2024-10-23 04:00:00,0.5755,0.5767,0.5731,0.5755,111995.45
2024-10-23 05:00:00,0.5755,0.5785,0.5727,0.5777,329828.03
2024-10-23 06:00:00,0.5777,0.5804,0.5759,0.5766,146430.35
2024-10-23 07:00:00,0.5766,0.5777,0.5706,0.5717,562009.78
2024-10-23 08:00:00,0.5717,0.5743,0.564,0.5654,1106758.18
2024-10-23 09:00:00,0.5654,0.5678,0.5612,0.5668,357387.16
2024-10-23 10:00:00,0.5668,0.5695,0.565,0.5663,110735.48
2024-10-23 11:00:00,0.5663,0.5676,0.5625,0.5636,120105.24
2024-10-23 12:00:00,0.5636,0.5654,0.5606,0.5636,199442.66
2024-10-23 13:00:00,0.5636,0.5697,0.5631,0.5685,205891.01
2024-10-23 14:00:00,0.5685,0.5689,0.5624,0.5634,107718.99
2024-10-23 15:00:00,0.5634,0.564,0.5529,0.5563,908496.15
2024-10-23 16:00:00,0.5563,0.5572,0.5465,0.5483,780141.56
2024-10-23 17:00:00,0.5483,0.5544,0.5475,0.5499,375736.38
2024-10-23 18:00:00,0.5499,0.552,0.5426,0.5515,521843.31
2024-10-23 19:00:00,0.5515,0.5565,0.5507,0.5556,277782.96
2024-10-23 20:00:00,0.5556,0.5588,0.5541,0.5584,117440.74
2024-10-23 21:00:00,0.5584,0.5586,0.5551,0.5555,58948.4
2024-10-23 22:00:00,0.5555,0.5592,0.5553,0.5572,104611.14
2024-10-23 23:00:00,0.5572,0.561,0.5567,0.5597,67976.59
2024-10-24 00:00:00,0.5597,0.5663,0.5557,0.5663,240051.71
2024-10-24 01:00:00,0.5663,0.5679,0.5621,0.5634,399667.42
2024-10-24 02:00:00,0.5634,0.5664,0.5627,0.5659,371318.33
2024-10-24 03:00:00,0.5659,0.5676,0.5643,0.5644,140001.58
2024-10-24 04:00:00,0.5644,0.5674,0.5641,0.567,95663.93
2024-10-24 05:00:00,0.567,0.5687,0.5658,0.5666,114986.02
2024-10-24 06:00:00,0.5666,0.568,0.563,0.5635,374130.85
2024-10-24 07:00:00,0.5635,0.5647,0.5595,0.5603,693735.03
2024-10-24 08:00:00,0.5603,0.563,0.5537,0.5539,406486.23
2024-10-24 09:00:00,0.5539,0.5567,0.5518,0.5536,816272.06
2024-10-24 10:00:00,0.5536,0.5568,0.5536,0.5552,174799.55
2024-10-24 11:00:00,0.5552,0.5584,0.5549,0.5575,100973.79
2024-10-24 12:00:00,0.5575,0.5617,0.557,0.5604,607182.48
2024-10-24 13:00:00,0.5604,0.5637,0.5584,0.5617,182559.01
2024-10-24 14:00:00,0.5617,0.5621,0.5555,0.5585,377835.97
2024-10-24 15:00:00,0.5585,0.5639,0.5577,0.5613,596137.08
2024-10-24 16:00:00,0.5613,0.5636,0.5582,0.561,310608.53
2024-10-24 17:00:00,0.561,0.5619,0.5582,0.56,154167.18
2024-10-24 18:00:00,0.56,0.5633,0.5599,0.5617,156572.74
2024-10-24 19:00:00,0.5617,0.5659,0.5608,0.5652,130484.62
2024-10-24 20:00:00,0.5652,0.5654,0.5613,0.5638,117752.42
2024-10-24 21:00:00,0.5638,0.5698,0.5632,0.5655,499399.52
2024-10-24 22:00:00,0.5655,0.5667,0.5613,0.5619,284768.39
2024-10-24 23:00:00,0.5619,0.5619,0.5592,0.5613,344723.3
2024-10-25 00:00:00,0.5613,0.5624,0.5572,0.5583,557602.37
2024-10-25 01:00:00,0.5583,0.5584,0.5539,0.5549,323921.95
2024-10-25 02:00:00,0.5549,0.5559,0.5512,0.5542,227361.62
2024-10-25 03:00:00,0.5542,0.5585,0.5541,0.5542,207228.32
2024-10-25 04:00:00,0.5542,0.5546,0.545,0.5474,654834.87
2024-10-25 05:00:00,0.5474,0.5498,0.5451,0.5476,337734.68
2024-10-25 06:00:00,0.5476,0.5491,0.5457,0.5466,120905.74
2024-10-25 07:00:00,0.5466,0.5479,0.5408,0.5446,419735.37
2024-10-25 08:00:00,0.5446,0.5512,0.5418,0.5511,239829.64
2024-10-25 09:00:00,0.5511,0.5553,0.5501,0.5547,292738.72
2024-10-25 10:00:00,0.5547,0.5558,0.5514,0.5542,506628.37
2024-10-25 11:00:00,0.5542,0.5551,0.5523,0.5538,502591.54
2024-10-25 12:00:00,0.5538,0.5556,0.5499,0.5505,193953.98
2024-10-25 13:00:00,0.5505,0.5552,0.5478,0.5552,300266.75
2024-10-25 14:00:00,0.5552,0.558,0.552,0.5548,291625.04
2024-10-25 15:00:00,0.5548,0.5568,0.547,0.5522,148402.04
2024-10-25 16:00:00,0.5522,0.5526,0.5453,0.5474,2582702.05
2024-10-25 17:00:00,0.5474,0.5498,0.534,0.5351,1490270.71
2024-10-25 18:00:00,0.5351,0.5411,0.5264,0.5365,1657957.72
2024-10-25 19:00:00,0.5365,0.5381,0.5342,0.5368,184015.76
2024-10-25 20:00:00,0.5368,0.5396,0.5347,0.5371,121986.31
2024-10-25 21:00:00,0.5371,0.5408,0.537,0.5408,190125.38
2024-10-25 22:00:00,0.5408,0.5408,0.5319,0.5319,134009.4
2024-10-25 23:00:00,0.5319,0.5327,0.483,0.5065,17072627.36
2024-10-26 00:00:00,0.5065,0.5085,0.4967,0.5075,608499.82
2024-10-26 01:00:00,0.5075,0.5103,0.5052,0.5086,508868.65
2024-10-26 02:00:00,0.5086,0.5133,0.5042,0.5087,345564.97
2024-10-26 03:00:00,0.5087,0.5141,0.5076,0.5132,221061.25
2024-10-26 04:00:00,0.5132,0.5141,0.5121,0.5136,165985.9
2024-10-26 05:00:00,0.5136,0.5181,0.5134,0.515,1338639.53
2024-10-26 06:00:00,0.515,0.5168,0.5127,0.5153,101703.87
2024-10-26 07:00:00,0.5153,0.5156,0.5122,0.5128,322499.86
2024-10-26 08:00:00,0.5128,0.5145,0.5113,0.5145,71189.31
2024-10-26 09:00:00,0.5145,0.517,0.5138,0.5142,182082.2
2024-10-26 10:00:00,0.5142,0.5167,0.5131,0.5148,106062.32
2024-10-26 11:00:00,0.5148,0.5166,0.5127,0.5154,163177.81
2024-10-26 12:00:00,0.5154,0.5167,0.5131,0.5133,131585.67
2024-10-26 13:00:00,0.5133,0.5146,0.5078,0.5083,205576.33
2024-10-26 14:00:00,0.5083,0.5096,0.4981,0.499,543840.75
2024-10-26 15:00:00,0.499,0.5066,0.4979,0.5038,304318.96
2024-10-26 16:00:00,0.5038,0.51,0.5031,0.5093,75423.44
2024-10-26 17:00:00,0.5093,0.5129,0.5086,0.5121,457545.09
2024-10-26 18:00:00,0.5121,0.5149,0.5113,0.5117,232540.81
2024-10-26 19:00:00,0.5117,0.5157,0.5114,0.5147,58633.98
2024-10-26 20:00:00,0.5147,0.5199,0.5141,0.5146,230668.51
2024-10-26 21:00:00,0.5146,0.5149,0.513,0.514,93732.27
2024-10-26 22:00:00,0.514,0.5153,0.5137,0.5144,39492.48
2024-10-26 23:00:00,0.5144,0.5157,0.5134,0.5143,47526.91
2024-10-27 00:00:00,0.5143,0.5145,0.5113,0.5117,56551.79
2024-10-27 01:00:00,0.5117,0.5138,0.5108,0.5134,63666.96
2024-10-27 02:00:00,0.5134,0.5146,0.5114,0.5117,44575.34
2024-10-27 03:00:00,0.5117,0.5163,0.5111,0.5161,56701.63
2024-10-27 04:00:00,0.5161,0.517,0.5143,0.5146,82376.26
2024-10-27 05:00:00,0.5146,0.5164,0.5141,0.5158,125867.25
2024-10-27 06:00:00,0.5158,0.5161,0.5136,0.5143,112379.48
2024-10-27 07:00:00,0.5143,0.515,0.513,0.5137,42917.67
2024-10-27 08:00:00,0.5137,0.5157,0.5125,0.5137,96090.99
2024-10-27 09:00:00,0.5137,0.5137,0.5088,0.5103,108205.1
2024-10-27 10:00:00,0.5103,0.5108,0.5067,0.5075,227220.8
2024-10-27 11:00:00,0.5075,0.5095,0.5064,0.5078,80038.09
2024-10-27 12:00:00,0.5078,0.5116,0.5074,0.509,100385.47
2024-10-27 13:00:00,0.509,0.5149,0.5089,0.5113,459598.86
2024-10-27 14:00:00,0.5113,0.5146,0.511,0.5133,158925.46
2024-10-27 15:00:00,0.5133,0.5175,0.513,0.5161,118845.16
2024-10-27 16:00:00,0.5161,0.5186,0.5148,0.5179,266224.6
2024-10-27 17:00:00,0.5179,0.5184,0.5155,0.5158,316885.63
2024-10-27 18:00:00,0.5158,0.5162,0.5133,0.5134,140686.6
2024-10-27 19:00:00,0.5134,0.5154,0.5116,0.5143,110976.15
2024-10-27 20:00:00,0.5143,0.5156,0.5131,0.5139,142366.99
2024-10-27 21:00:00,0.5139,0.5223,0.5139,0.5196,179004.82
2024-10-27 22:00:00,0.5196,0.524,0.5196,0.5211,122794.33
2024-10-27 23:00:00,0.5211,0.5238,0.5191,0.5195,124975.58
2024-10-28 00:00:00,0.5195,0.5212,0.5179,0.518,73075.6
2024-10-28 01:00:00,0.518,0.5197,0.5141,0.5141,187986.3
2024-10-28 02:00:00,0.5141,0.5165,0.5131,0.5138,74385.01
2024-10-28 03:00:00,0.5138,0.5151,0.5063,0.5074,249575.37
2024-10-28 04:00:00,0.5074,0.5111,0.5059,0.5098,274075.21
2024-10-28 05:00:00,0.5098,0.512,0.5036,0.5105,164516.05
2024-10-28 06:00:00,0.5105,0.5128,0.5089,0.5125,44980.06
2024-10-28 07:00:00,0.5125,0.5212,0.5118,0.5174,857907.17
2024-10-28 08:00:00,0.5174,0.5229,0.5169,0.5191,922546.93
2024-10-28 09:00:00,0.5191,0.5239,0.517,0.523,191139.81
2024-10-28 10:00:00,0.523,0.523,0.5201,0.5208,313938.92
2024-10-28 11:00:00,0.5208,0.5223,0.5191,0.5216,179432.09
2024-10-28 12:00:00,0.5216,0.5226,0.5179,0.5202,273007.01
2024-10-28 13:00:00,0.5202,0.5215,0.5146,0.515,979226.29
2024-10-28 14:00:00,0.515,0.5171,0.5108,0.5146,1760472.9
2024-10-28 15:00:00,0.5146,0.5146,0.5083,0.5099,253399.91
2024-10-28 16:00:00,0.5099,0.514,0.5076,0.5084,813564.08
2024-10-28 17:00:00,0.5084,0.512,0.5023,0.5077,387795.92
2024-10-28 18:00:00,0.5077,0.5121,0.5067,0.5105,94099.92
2024-10-28 19:00:00,0.5105,0.5157,0.5097,0.5138,226236.54
2024-10-28 20:00:00,0.5138,0.5166,0.5138,0.5166,89478.37
2024-10-28 21:00:00,0.5166,0.5228,0.516,0.5227,218705.46
2024-10-28 22:00:00,0.5227,0.5295,0.5227,0.5245,464611.66
2024-10-28 23:00:00,0.5245,0.5266,0.5214,0.5225,144182.48
2024-10-29 00:00:00,0.5225,0.5287,0.5207,0.5274,264500.8
2024-10-29 01:00:00,0.5274,0.5288,0.5257,0.5283,179277.25
2024-10-29 02:00:00,0.5283,0.5357,0.5273,0.532,494773.15
2024-10-29 03:00:00,0.532,0.5352,0.5314,0.5324,135645.11
2024-10-29 04:00:00,0.5324,0.5358,0.5324,0.534,215369.4
2024-10-29 05:00:00,0.534,0.5341,0.531,0.5317,163187.08
2024-10-29 06:00:00,0.5317,0.5329,0.5304,0.5312,328318.33
2024-10-29 07:00:00,0.5312,0.5314,0.5283,0.5299,118023.68
2024-10-29 08:00:00,0.5299,0.5333,0.5298,0.5325,147747.66
2024-10-29 09:00:00,0.5325,0.534,0.5307,0.534,180687.59
2024-10-29 10:00:00,0.534,0.5343,0.5311,0.5337,227098.48
2024-10-29 11:00:00,0.5337,0.5378,0.5337,0.5374,411958.61
2024-10-29 12:00:00,0.5374,0.5393,0.5334,0.5335,4674207.42
2024-10-29 13:00:00,0.5335,0.5376,0.5319,0.5369,406584.92
2024-10-29 14:00:00,0.5369,0.5384,0.5333,0.5356,260805.66
2024-10-29 15:00:00,0.5356,0.5405,0.5349,0.5404,488359.26
2024-10-29 16:00:00,0.5404,0.5483,0.5404,0.5474,510958.25
2024-10-29 17:00:00,0.5474,0.5508,0.5439,0.5448,321342.91
2024-10-29 18:00:00,0.5448,0.5488,0.5431,0.5478,122734.74
2024-10-29 19:00:00,0.5478,0.5494,0.5394,0.542,391651.17
2024-10-29 20:00:00,0.542,0.5435,0.5369,0.5429,467113.7
2024-10-29 21:00:00,0.5429,0.5445,0.5407,0.5428,147380.24
2024-10-29 22:00:00,0.5428,0.5488,0.5428,0.5467,188559.74
2024-10-29 23:00:00,0.5467,0.5476,0.5447,0.5474,150510.57
2024-10-30 00:00:00,0.5474,0.5484,0.5435,0.5443,298946.85
2024-10-30 01:00:00,0.5443,0.5443,0.539,0.543,738671.2
2024-10-30 02:00:00,0.543,0.5459,0.5429,0.5437,216577.23
2024-10-30 03:00:00,0.5437,0.548,0.5429,0.5467,477696.99
2024-10-30 04:00:00,0.5467,0.5475,0.5449,0.5453,57524.35
2024-10-30 05:00:00,0.5453,0.5456,0.5424,0.5445,101986.32
2024-10-30 06:00:00,0.5445,0.5533,0.5445,0.5478,317119.21
2024-10-30 07:00:00,0.5478,0.5531,0.5474,0.5502,155869.73
2024-10-30 08:00:00,0.5502,0.5535,0.5439,0.5442,238744.29
2024-10-30 09:00:00,0.5442,0.553,0.5442,0.5527,426206.85
2024-10-30 10:00:00,0.5527,0.5571,0.5506,0.5536,352182.52
2024-10-30 11:00:00,0.5536,0.5536,0.5429,0.5429,908720.1
2024-10-30 12:00:00,0.5429,0.5487,0.5405,0.5471,433789.96
2024-10-30 13:00:00,0.5471,0.5539,0.544,0.5534,346481.32
2024-10-30 14:00:00,0.5534,0.5696,0.5534,0.5668,2209993.78
2024-10-30 15:00:00,0.5668,0.5703,0.5554,0.5653,1897705.94
2024-10-30 16:00:00,0.5653,0.5691,0.5611,0.5664,324784.89
2024-10-30 17:00:00,0.5664,0.5664,0.5584,0.5608,129751.22
2024-10-30 18:00:00,0.5608,0.5638,0.5594,0.5611,172300.52
2024-10-30 19:00:00,0.5611,0.5611,0.5574,0.5585,121608.77
2024-10-30 20:00:00,0.5585,0.5632,0.5543,0.5629,443770.26
2024-10-30 21:00:00,0.5629,0.564,0.5545,0.5582,142584.94
2024-10-30 22:00:00,0.5582,0.5598,0.5555,0.5567,162316.66
2024-10-30 23:00:00,0.5567,0.5604,0.5567,0.5574,197219.25
2024-10-31 00:00:00,0.5574,0.5614,0.5549,0.5549,201880.1
2024-10-31 01:00:00,0.5549,0.5574,0.5489,0.5541,305665.2
2024-10-31 02:00:00,0.5541,0.5543,0.5496,0.5526,83475.25
2024-10-31 03:00:00,0.5526,0.5532,0.5492,0.5512,224239.9
2024-10-31 04:00:00,0.5512,0.5523,0.5501,0.5515,57792.63
2024-10-31 05:00:00,0.5515,0.5534,0.5509,0.5524,416802.98
2024-10-31 06:00:00,0.5524,0.5525,0.5458,0.547,476612.65
2024-10-31 07:00:00,0.547,0.5496,0.5436,0.5483,344612.4
2024-10-31 08:00:00,0.5483,0.5486,0.5413,0.5427,255493.46
2024-10-31 09:00:00,0.5427,0.545,0.5421,0.5432,137990.02
2024-10-31 10:00:00,0.5432,0.5459,0.5409,0.5454,522220.12
2024-10-31 11:00:00,0.5454,0.5457,0.5403,0.542,443075.18
2024-10-31 12:00:00,0.542,0.5432,0.5375,0.541,630802.78
2024-10-31 13:00:00,0.541,0.5418,0.5353,0.5358,214487.43
2024-10-31 14:00:00,0.5358,0.537,0.5281,0.5317,708459.6
2024-10-31 15:00:00,0.5317,0.5364,0.5311,0.5344,375436.63
2024-10-31 16:00:00,0.5344,0.5344,0.531,0.5322,116656.89
2024-10-31 17:00:00,0.5322,0.5334,0.5243,0.5277,278745.19
2024-10-31 18:00:00,0.5277,0.5277,0.5187,0.5231,1260096.84
2024-10-31 19:00:00,0.5231,0.5246,0.5196,0.52,131286.83
2024-10-31 20:00:00,0.52,0.5247,0.5191,0.5247,118852.87
2024-10-31 21:00:00,0.5247,0.5281,0.523,0.5276,143867.87
2024-10-31 22:00:00,0.5276,0.529,0.5248,0.5286,116908.91
2024-10-31 23:00:00,0.5286,0.5295,0.5266,0.5267,73414.96
2024-11-01 00:00:00,0.5267,0.5299,0.5267,0.5282,138727.13
2024-11-01 01:00:00,0.5282,0.5293,0.5226,0.5247,495969.32
2024-11-01 02:00:00,0.5247,0.5279,0.5176,0.5273,245592.15
2024-11-01 03:00:00,0.5273,0.5313,0.5271,0.5307,208063.12
2024-11-01 04:00:00,0.5307,0.5334,0.5295,0.5334,111725.68
2024-11-01 05:00:00,0.5334,0.5336,0.53,0.5302,76624.66
2024-11-01 06:00:00,0.5302,0.5305,0.5232,0.5232,161792.89
2024-11-01 07:00:00,0.5232,0.5256,0.5192,0.5241,199631.4
2024-11-01 08:00:00,0.5241,0.5272,0.5227,0.5262,104401.53
2024-11-01 09:00:00,0.5262,0.531,0.5257,0.5302,123087.95
2024-11-01 10:00:00,0.5302,0.5337,0.5291,0.5327,194637.44
2024-11-01 11:00:00,0.5327,0.5347,0.5304,0.5306,258365.49
2024-11-01 12:00:00,0.5306,0.5371,0.5298,0.5357,178469.36
2024-11-01 13:00:00,0.5357,0.5436,0.5337,0.5436,255354.31
2024-11-01 14:00:00,0.5436,0.5449,0.5374,0.54,1607016.44
2024-11-01 15:00:00,0.54,0.5407,0.5166,0.5234,1725427.39
2024-11-01 16:00:00,0.5234,0.5333,0.5228,0.5302,475297.3
2024-11-01 17:00:00,0.5302,0.5321,0.5272,0.5288,299464.74
2024-11-01 18:00:00,0.5288,0.5288,0.5253,0.526,71098.04
2024-11-01 19:00:00,0.526,0.5284,0.5226,0.5257,214207.73
2024-11-01 20:00:00,0.5257,0.5257,0.5214,0.5229,95515.38
2024-11-01 21:00:00,0.5229,0.5229,0.5104,0.5173,1026245.63
2024-11-01 22:00:00,0.5173,0.5186,0.5159,0.5181,161345.05
2024-11-01 23:00:00,0.5181,0.52,0.5176,0.5194,797950.0
2024-11-02 00:00:00,0.5194,0.5233,0.5189,0.5229,273654.15
2024-11-02 01:00:00,0.5229,0.5238,0.5211,0.5225,84901.35
2024-11-02 02:00:00,0.5225,0.5253,0.5224,0.5224,137310.58
2024-11-02 03:00:00,0.5224,0.5235,0.5195,0.52,127627.19
2024-11-02 04:00:00,0.52,0.5213,0.5178,0.5188,231302.75
2024-11-02 05:00:00,0.5188,0.5215,0.5154,0.5207,133100.98
2024-11-02 06:00:00,0.5207,0.5215,0.518,0.5211,109424.47
2024-11-02 07:00:00,0.5211,0.5211,0.5191,0.5201,140191.15
2024-11-02 08:00:00,0.5201,0.5208,0.517,0.517,83612.02
2024-11-02 09:00:00,0.517,0.5204,0.5166,0.5176,78691.75
2024-11-02 10:00:00,0.5176,0.5186,0.517,0.5178,130636.4
2024-11-02 11:00:00,0.5178,0.519,0.5163,0.5163,51120.22
2024-11-02 12:00:00,0.5163,0.5177,0.5101,0.5114,287689.54
2024-11-02 13:00:00,0.5114,0.5145,0.5083,0.5091,242439.12
2024-11-02 14:00:00,0.5091,0.5117,0.5072,0.5103,313781.0
2024-11-02 15:00:00,0.5103,0.512,0.5063,0.5099,250932.23
2024-11-02 16:00:00,0.5099,0.513,0.5083,0.5117,119007.15
2024-11-02 17:00:00,0.5117,0.5119,0.5052,0.5072,115915.73
2024-11-02 18:00:00,0.5072,0.5074,0.5004,0.5028,1066640.12
2024-11-02 19:00:00,0.5028,0.5052,0.5025,0.5046,81783.75
2024-11-02 20:00:00,0.5046,0.5064,0.5041,0.5058,74813.58
2024-11-02 21:00:00,0.5058,0.5062,0.5039,0.5057,74825.27
2024-11-02 22:00:00,0.5057,0.5064,0.5037,0.5038,82403.89
2024-11-02 23:00:00,0.5038,0.5041,0.5018,0.504,86195.39
2024-11-03 00:00:00,0.504,0.5054,0.5022,0.5022,113320.99
2024-11-03 01:00:00,0.5022,0.5046,0.499,0.499,204574.55
2024-11-03 02:00:00,0.499,0.5015,0.4764,0.482,1388733.81
2024-11-03 03:00:00,0.482,0.4886,0.4735,0.4873,930903.08
2024-11-03 04:00:00,0.4873,0.4925,0.4864,0.4916,132430.35
2024-11-03 05:00:00,0.4916,0.4924,0.4873,0.4874,130552.67
2024-11-03 06:00:00,0.4874,0.4924,0.4874,0.4903,162684.04
2024-11-03 07:00:00,0.4903,0.4907,0.4859,0.4873,121363.79
2024-11-03 08:00:00,0.4873,0.4887,0.4844,0.4876,404278.39
2024-11-03 09:00:00,0.4876,0.4878,0.4816,0.4825,930212.44
2024-11-03 10:00:00,0.4825,0.4861,0.4824,0.4834,100258.89
2024-11-03 11:00:00,0.4834,0.4847,0.4776,0.4785,1480033.75
2024-11-03 12:00:00,0.4785,0.4809,0.4776,0.4785,132942.87
2024-11-03 13:00:00,0.4785,0.4795,0.4696,0.4714,655980.31
2024-11-03 14:00:00,0.4714,0.4743,0.4616,0.4655,681557.36
2024-11-03 15:00:00,0.4655,0.4746,0.4605,0.4744,533898.74
2024-11-03 16:00:00,0.4744,0.4774,0.4724,0.474,378255.87
2024-11-03 17:00:00,0.474,0.4781,0.474,0.4766,95820.65
2024-11-03 18:00:00,0.4766,0.4783,0.471,0.4732,495143.93
2024-11-03 19:00:00,0.4732,0.4804,0.473,0.4802,344948.6
2024-11-03 20:00:00,0.4802,0.4835,0.4788,0.4832,130128.43
2024-11-03 21:00:00,0.4832,0.4859,0.4824,0.4834,182303.04
2024-11-03 22:00:00,0.4834,0.4842,0.4806,0.4825,90797.99
2024-11-03 23:00:00,0.4825,0.4827,0.4795,0.4818,96825.38
2024-11-04 00:00:00,0.4818,0.4818,0.4764,0.4793,141524.92
2024-11-04 01:00:00,0.4793,0.4861,0.4791,0.4841,261207.42
2024-11-04 02:00:00,0.4841,0.4886,0.483,0.4884,162211.1
2024-11-04 03:00:00,0.4884,0.4913,0.4851,0.4854,239559.64
2024-11-04 04:00:00,0.4854,0.4896,0.4852,0.4857,115930.73
2024-11-04 05:00:00,0.4857,0.4862,0.4803,0.4805,220547.76
2024-11-04 06:00:00,0.4805,0.4862,0.4805,0.4855,429029.02
2024-11-04 07:00:00,0.4855,0.486,0.4797,0.4806,147782.87
2024-11-04 08:00:00,0.4806,0.4825,0.4773,0.4794,422470.56
2024-11-04 09:00:00,0.4794,0.4818,0.4768,0.4793,137665.67
2024-11-04 10:00:00,0.4793,0.4861,0.479,0.4838,188470.2
2024-11-04 11:00:00,0.4838,0.489,0.4832,0.488,403611.54
2024-11-04 12:00:00,0.488,0.4908,0.4846,0.4858,338522.63
2024-11-04 13:00:00,0.4858,0.4887,0.4808,0.4808,161617.64
2024-11-04 14:00:00,0.4808,0.4834,0.4792,0.4811,127948.77
2024-11-04 15:00:00,0.4811,0.4826,0.4779,0.4792,445836.44
2024-11-04 16:00:00,0.4792,0.4799,0.4711,0.4729,254464.91
2024-11-04 17:00:00,0.4729,0.4789,0.4724,0.4764,256516.62
2024-11-04 18:00:00,0.4764,0.4789,0.4754,0.4767,334459.75
2024-11-04 19:00:00,0.4767,0.4799,0.4767,0.4777,122818.15
2024-11-04 20:00:00,0.4777,0.4777,0.4726,0.4738,129615.86
2024-11-04 21:00:00,0.4738,0.4759,0.4595,0.4624,2391158.81
2024-11-04 22:00:00,0.4624,0.4742,0.4612,0.4729,276053.05
2024-11-04 23:00:00,0.4729,0.4746,0.4707,0.4732,95991.88
2024-11-05 00:00:00,0.4732,0.478,0.4731,0.4763,134351.02
2024-11-05 01:00:00,0.4763,0.4786,0.4727,0.478,140544.44
2024-11-05 02:00:00,0.478,0.4791,0.4755,0.4763,127069.77
2024-11-05 03:00:00,0.4763,0.4795,0.4763,0.4783,76935.93
2024-11-05 04:00:00,0.4783,0.4815,0.4778,0.4807,185560.1
2024-11-05 05:00:00,0.4807,0.4829,0.4794,0.4823,76622.73
2024-11-05 06:00:00,0.4823,0.4825,0.4792,0.4809,133859.84
2024-11-05 07:00:00,0.4809,0.4819,0.4779,0.4811,192078.91
2024-11-05 08:00:00,0.4811,0.4825,0.4795,0.4816,148618.71
2024-11-05 09:00:00,0.4816,0.4839,0.4798,0.48,162252.47
2024-11-05 10:00:00,0.48,0.4805,0.4785,0.4795,347185.12
2024-11-05 11:00:00,0.4795,0.4845,0.4795,0.4832,59628.83
2024-11-05 12:00:00,0.4832,0.4851,0.4807,0.484,138105.66
2024-11-05 13:00:00,0.484,0.4846,0.4815,0.4844,129328.84
2024-11-05 14:00:00,0.4844,0.4959,0.4829,0.4926,854801.99
2024-11-05 15:00:00,0.4926,0.4929,0.4843,0.4873,354278.69
2024-11-05 16:00:00,0.4873,0.495,0.4873,0.4937,188050.25
2024-11-05 17:00:00,0.4937,0.496,0.4894,0.4897,198745.22
2024-11-05 18:00:00,0.4897,0.4927,0.489,0.4912,105172.32
2024-11-05 19:00:00,0.4912,0.4919,0.4808,0.4837,308594.4
2024-11-05 20:00:00,0.4837,0.4894,0.4814,0.4884,261907.16
2024-11-05 21:00:00,0.4884,0.4895,0.4861,0.4864,42944.09
2024-11-05 22:00:00,0.4864,0.4915,0.484,0.4912,84869.62
2024-11-05 23:00:00,0.4912,0.4932,0.4899,0.4902,335081.99
2024-11-06 00:00:00,0.4902,0.5042,0.4902,0.5026,1029399.98
2024-11-06 01:00:00,0.5026,0.5086,0.5019,0.5051,614067.06
2024-11-06 02:00:00,0.5051,0.5195,0.5038,0.515,458191.07
2024-11-06 03:00:00,0.515,0.5254,0.5138,0.5195,1253533.41
2024-11-06 04:00:00,0.5195,0.5236,0.5172,0.5172,1084140.07
2024-11-06 05:00:00,0.5172,0.5234,0.5133,0.5232,695280.45
2024-11-06 06:00:00,0.5232,0.5314,0.5217,0.5221,799048.22
2024-11-06 07:00:00,0.5221,0.5342,0.521,0.5237,551496.11
2024-11-06 08:00:00,0.5237,0.5252,0.5134,0.524,851743.16
2024-11-06 09:00:00,0.524,0.5295,0.524,0.5276,611666.18
2024-11-06 10:00:00,0.5276,0.5303,0.5249,0.5291,299896.89
2024-11-06 11:00:00,0.5291,0.5316,0.5269,0.5298,612885.63
2024-11-06 12:00:00,0.5298,0.5333,0.5286,0.529,217341.02
2024-11-06 13:00:00,0.529,0.5292,0.5201,0.5228,469081.7
2024-11-06 14:00:00,0.5228,0.5245,0.5161,0.5168,1293272.12
2024-11-06 15:00:00,0.5168,0.5272,0.5165,0.5222,234333.09
2024-11-06 16:00:00,0.5222,0.5269,0.5218,0.5258,616648.78
2024-11-06 17:00:00,0.5258,0.5258,0.5221,0.5239,85804.23
2024-11-06 18:00:00,0.5239,0.5308,0.5239,0.5308,525011.69
2024-11-06 19:00:00,0.5308,0.5368,0.5287,0.536,849920.46
2024-11-06 20:00:00,0.536,0.5398,0.5337,0.539,615772.91
2024-11-06 21:00:00,0.539,0.544,0.5363,0.5431,353213.25
2024-11-06 22:00:00,0.5431,0.556,0.541,0.5542,942937.93
2024-11-06 23:00:00,0.5542,0.5564,0.5476,0.5487,616843.84
2024-11-07 00:00:00,0.5487,0.5518,0.5459,0.5503,387758.62
2024-11-07 01:00:00,0.5503,0.5822,0.5501,0.5739,1957268.48
2024-11-07 02:00:00,0.5739,0.5942,0.5738,0.5933,668410.24
2024-11-07 03:00:00,0.5933,0.5935,0.5775,0.5784,586140.05
2024-11-07 04:00:00,0.5784,0.5792,0.5688,0.5748,476838.5
2024-11-07 05:00:00,0.5748,0.5781,0.5719,0.5767,272728.02
2024-11-07 06:00:00,0.5767,0.5767,0.559,0.5657,1058274.67
2024-11-07 07:00:00,0.5657,0.5688,0.5636,0.5666,334152.11
2024-11-07 08:00:00,0.5666,0.5717,0.5666,0.5709,278385.11
2024-11-07 09:00:00,0.5709,0.576,0.5696,0.5732,1410438.9
2024-11-07 10:00:00,0.5732,0.5732,0.5665,0.5721,698253.2
2024-11-07 11:00:00,0.5721,0.5834,0.5709,0.5716,1020323.34
2024-11-07 12:00:00,0.5716,0.5827,0.5714,0.5809,699355.71
2024-11-07 13:00:00,0.5809,0.5837,0.5672,0.5687,1870099.52
2024-11-07 14:00:00,0.5687,0.5759,0.5624,0.5673,1732089.13
2024-11-07 15:00:00,0.5673,0.5764,0.5647,0.5763,1295870.77
2024-11-07 16:00:00,0.5763,0.5787,0.5695,0.5747,1197518.71
2024-11-07 17:00:00,0.5747,0.5807,0.572,0.5784,1354291.63
2024-11-07 18:00:00,0.5784,0.5824,0.5737,0.5812,876456.02
2024-11-07 19:00:00,0.5812,0.5852,0.5746,0.5852,469920.45
2024-11-07 20:00:00,0.5852,0.5856,0.579,0.5844,601644.96
2024-11-07 21:00:00,0.5844,0.5912,0.5829,0.5865,788905.8
2024-11-07 22:00:00,0.5865,0.5876,0.5768,0.5801,479934.22
2024-11-07 23:00:00,0.5801,0.5831,0.5746,0.581,273649.16
2024-11-08 00:00:00,0.581,0.5941,0.581,0.5832,761019.78
2024-11-08 01:00:00,0.5832,0.5871,0.5785,0.5839,415477.82
2024-11-08 02:00:00,0.5839,0.5839,0.5717,0.5723,447145.94
2024-11-08 03:00:00,0.5723,0.5765,0.5713,0.5748,155688.32
2024-11-08 04:00:00,0.5748,0.5788,0.5736,0.574,331151.91
2024-11-08 05:00:00,0.574,0.5793,0.5737,0.5779,265227.97
2024-11-08 06:00:00,0.5779,0.5779,0.5696,0.5711,414752.49
2024-11-08 07:00:00,0.5711,0.575,0.5664,0.5726,522098.84
2024-11-08 08:00:00,0.5726,0.5728,0.5677,0.5677,503073.84
2024-11-08 09:00:00,0.5677,0.5731,0.5673,0.5729,211930.81
2024-11-08 10:00:00,0.5729,0.5745,0.5701,0.573,184068.15
2024-11-08 11:00:00,0.573,0.5752,0.5711,0.5724,175406.5
2024-11-08 12:00:00,0.5724,0.5841,0.5724,0.5837,1042704.2
2024-11-08 13:00:00,0.5837,0.5864,0.5789,0.5859,606031.98
2024-11-08 14:00:00,0.5859,0.5869,0.5739,0.5757,1447715.01
2024-11-08 15:00:00,0.5757,0.588,0.5742,0.5857,384910.78
2024-11-08 16:00:00,0.5857,0.5915,0.5777,0.5777,625021.02
2024-11-08 17:00:00,0.5777,0.5851,0.5687,0.5843,534884.38
2024-11-08 18:00:00,0.5843,0.5938,0.5809,0.5917,398140.87
2024-11-08 19:00:00,0.5917,0.5973,0.5888,0.592,345504.73
2024-11-08 20:00:00,0.592,0.5944,0.5855,0.5894,298391.66
2024-11-08 21:00:00,0.5894,0.5965,0.5851,0.5963,392754.41
2024-11-08 22:00:00,0.5963,0.5984,0.5924,0.5929,362356.5
2024-11-08 23:00:00,0.5929,0.5935,0.5901,0.592,136013.84
2024-11-09 00:00:00,0.592,0.5978,0.5893,0.595,265382.11
2024-11-09 01:00:00,0.595,0.5989,0.5874,0.5901,259028.72
2024-11-09 02:00:00,0.5901,0.5908,0.5847,0.5873,147161.43
2024-11-09 03:00:00,0.5873,0.588,0.5795,0.5817,560623.38
2024-11-09 04:00:00,0.5817,0.5846,0.5805,0.5842,101177.86
2024-11-09 05:00:00,0.5842,0.619,0.5838,0.6124,1984504.97
2024-11-09 06:00:00,0.6124,0.6178,0.6062,0.6071,562885.18
2024-11-09 07:00:00,0.6071,0.6071,0.6005,0.6022,484826.99
2024-11-09 08:00:00,0.6022,0.6116,0.6017,0.6065,277768.84
2024-11-09 09:00:00,0.6065,0.6113,0.606,0.6084,328341.49
2024-11-09 10:00:00,0.6084,0.613,0.606,0.6109,185177.24
2024-11-09 11:00:00,0.6109,0.615,0.6102,0.6146,202656.6
2024-11-09 12:00:00,0.6146,0.6159,0.6032,0.6032,510717.87
2024-11-09 13:00:00,0.6032,0.6106,0.6006,0.6063,1909082.24
2024-11-09 14:00:00,0.6063,0.6069,0.5956,0.6012,282133.6
2024-11-09 15:00:00,0.6012,0.6012,0.5947,0.5989,260426.29
2024-11-09 16:00:00,0.5989,0.6003,0.5915,0.5926,732028.92
2024-11-09 17:00:00,0.5926,0.5933,0.5833,0.5928,735119.41
2024-11-09 18:00:00,0.5928,0.5951,0.5921,0.5942,248864.69
2024-11-09 19:00:00,0.5942,0.5988,0.5917,0.5934,824518.55
2024-11-09 20:00:00,0.5934,0.6009,0.5922,0.5996,274560.63
2024-11-09 21:00:00,0.5996,0.601,0.5976,0.5999,156152.97
2024-11-09 22:00:00,0.5999,0.6152,0.5995,0.6145,321386.21
2024-11-09 23:00:00,0.6145,0.6246,0.6125,0.6195,583670.39
2024-11-10 00:00:00,0.6195,0.6202,0.6089,0.6107,761407.79
2024-11-10 01:00:00,0.6107,0.6126,0.6056,0.6126,191674.91
2024-11-10 02:00:00,0.6126,0.6183,0.6124,0.6124,494520.95
2024-11-10 03:00:00,0.6124,0.6183,0.6106,0.6159,331879.75
2024-11-10 04:00:00,0.6159,0.6287,0.614,0.6244,707040.75
2024-11-10 05:00:00,0.6244,0.6336,0.6223,0.625,669850.53
2024-11-10 06:00:00,0.625,0.6254,0.617,0.6197,453547.85
2024-11-10 07:00:00,0.6197,0.625,0.6197,0.6226,281880.53
2024-11-10 08:00:00,0.6226,0.6268,0.6216,0.6265,223222.12
2024-11-10 09:00:00,0.6265,0.6373,0.6261,0.6352,942405.22
2024-11-10 10:00:00,0.6352,0.6423,0.635,0.6393,490395.39
2024-11-10 11:00:00,0.6393,0.6503,0.6367,0.647,564478.47
2024-11-10 12:00:00,0.647,0.6502,0.6306,0.6436,4070900.44
2024-11-10 13:00:00,0.6436,0.6444,0.6374,0.6437,796557.39
2024-11-10 14:00:00,0.6437,0.6504,0.6316,0.6423,1216470.11
2024-11-10 15:00:00,0.6423,0.6471,0.6383,0.6454,505302.55
2024-11-10 16:00:00,0.6454,0.648,0.6369,0.644,628870.48
2024-11-10 17:00:00,0.644,0.6566,0.6429,0.6471,695960.84
2024-11-10 18:00:00,0.6471,0.6557,0.6468,0.6473,454762.16
2024-11-10 19:00:00,0.6473,0.6502,0.6252,0.633,2063563.34
2024-11-10 20:00:00,0.633,0.6361,0.6137,0.6142,821842.52
2024-11-10 21:00:00,0.6142,0.6275,0.5962,0.6249,1615549.54
2024-11-10 22:00:00,0.6249,0.6343,0.6171,0.6244,613617.21
2024-11-10 23:00:00,0.6244,0.6316,0.6224,0.6301,284586.17
2024-11-11 00:00:00,0.6301,0.6374,0.6252,0.6355,263872.87
2024-11-11 01:00:00,0.6355,0.6406,0.631,0.6357,309120.26
2024-11-11 02:00:00,0.6357,0.6512,0.6326,0.6495,620548.71
2024-11-11 03:00:00,0.6495,0.655,0.6414,0.6497,778194.87
2024-11-11 04:00:00,0.6497,0.6502,0.6366,0.644,860230.57
2024-11-11 05:00:00,0.644,0.644,0.6108,0.6174,2113214.65
2024-11-11 06:00:00,0.6174,0.6239,0.6122,0.6207,621950.59
2024-11-11 07:00:00,0.6207,0.625,0.6162,0.6239,264654.74
2024-11-11 08:00:00,0.6239,0.6265,0.6208,0.6247,306107.43
2024-11-11 09:00:00,0.6247,0.6308,0.6216,0.6294,356031.93
2024-11-11 10:00:00,0.6294,0.6334,0.6228,0.6306,2082894.19
2024-11-11 11:00:00,0.6306,0.6377,0.6283,0.6372,574620.54
2024-11-11 12:00:00,0.6372,0.6406,0.6239,0.6291,2108439.49
2024-11-11 13:00:00,0.6291,0.6303,0.6191,0.6247,592450.7
2024-11-11 14:00:00,0.6247,0.632,0.6205,0.6302,1134071.15
2024-11-11 15:00:00,0.6302,0.641,0.628,0.635,1888286.44
2024-11-11 16:00:00,0.635,0.6483,0.6338,0.6422,1697599.2
2024-11-11 17:00:00,0.6422,0.6544,0.6418,0.6505,894498.41
2024-11-11 18:00:00,0.6505,0.6592,0.643,0.6584,1247607.22
2024-11-11 19:00:00,0.6584,0.6612,0.6489,0.6516,960343.06
2024-11-11 20:00:00,0.6516,0.6664,0.6503,0.6618,816612.4
2024-11-11 21:00:00,0.6618,0.6653,0.6536,0.6565,683795.28
2024-11-11 22:00:00,0.6565,0.6608,0.6429,0.6606,528899.73
2024-11-11 23:00:00,0.6606,0.6729,0.6586,0.6721,684148.94
2024-11-12 00:00:00,0.6721,0.673,0.6461,0.6664,2698673.68
2024-11-12 01:00:00,0.6664,0.6689,0.6555,0.6614,413211.76
2024-11-12 02:00:00,0.6614,0.6699,0.6563,0.6652,1092143.71
2024-11-12 03:00:00,0.6652,0.6676,0.657,0.6668,345105.65
2024-11-12 04:00:00,0.6668,0.6691,0.6617,0.6617,775044.06
2024-11-12 05:00:00,0.6617,0.6649,0.6564,0.6629,595773.88
2024-11-12 06:00:00,0.6629,0.6819,0.6629,0.6741,3804369.27
2024-11-12 07:00:00,0.6741,0.6761,0.6657,0.6689,1310713.56
2024-11-12 08:00:00,0.6689,0.6875,0.6684,0.6875,1009559.74
2024-11-12 09:00:00,0.6875,0.6903,0.6539,0.6539,3193784.77
2024-11-12 10:00:00,0.6539,0.6605,0.6042,0.6317,7943146.54
2024-11-12 11:00:00,0.6317,0.6429,0.6263,0.6338,1476627.42
2024-11-12 12:00:00,0.6338,0.6393,0.6131,0.6225,1100237.32
2024-11-12 13:00:00,0.6225,0.6267,0.605,0.6202,1372244.83
2024-11-12 14:00:00,0.6202,0.6284,0.6112,0.6282,452631.95
2024-11-12 15:00:00,0.6282,0.6311,0.6203,0.623,301247.27
2024-11-12 16:00:00,0.623,0.6237,0.6057,0.6191,1280361.36
2024-11-12 17:00:00,0.6191,0.6256,0.6148,0.615,270322.95
2024-11-12 18:00:00,0.615,0.6296,0.6145,0.6275,288693.21
2024-11-12 19:00:00,0.6275,0.6327,0.6263,0.6278,319067.87
2024-11-12 20:00:00,0.6278,0.6326,0.6219,0.6271,253271.41
2024-11-12 21:00:00,0.6271,0.6312,0.6191,0.6306,314715.43
2024-11-12 22:00:00,0.6306,0.6439,0.6254,0.6431,213358.51
2024-11-12 23:00:00,0.6431,0.6436,0.6301,0.631,1658378.67
2024-11-13 00:00:00,0.631,0.6378,0.6269,0.6288,368895.67
2024-11-13 01:00:00,0.6288,0.6361,0.6183,0.6263,722050.29
2024-11-13 02:00:00,0.6263,0.6272,0.6048,0.6179,895632.81
2024-11-13 03:00:00,0.6179,0.619,0.5985,0.5989,423295.43
2024-11-13 04:00:00,0.5989,0.608,0.5764,0.5908,2686490.02
2024-11-13 05:00:00,0.5908,0.5932,0.5791,0.5809,384721.44
2024-11-13 06:00:00,0.5809,0.5887,0.5709,0.5758,907742.61
2024-11-13 07:00:00,0.5758,0.587,0.5746,0.5862,610253.84
2024-11-13 08:00:00,0.5862,0.5898,0.5805,0.5826,189935.68
2024-11-13 09:00:00,0.5826,0.5855,0.5759,0.5813,614331.3
2024-11-13 10:00:00,0.5813,0.5887,0.5767,0.5881,176669.57
2024-11-13 11:00:00,0.5881,0.5988,0.586,0.5927,379558.0
2024-11-13 12:00:00,0.5927,0.5948,0.5848,0.589,490076.63
2024-11-13 13:00:00,0.589,0.6126,0.5861,0.6064,2104460.08
2024-11-13 14:00:00,0.6064,0.6397,0.6044,0.639,4450761.24
2024-11-13 15:00:00,0.639,0.6399,0.6236,0.6349,2323654.15
2024-11-13 16:00:00,0.6349,0.6399,0.6273,0.633,872646.9
2024-11-13 17:00:00,0.633,0.6383,0.6319,0.6361,282063.67
2024-11-13 18:00:00,0.6361,0.6452,0.6342,0.6385,494998.59
2024-11-13 19:00:00,0.6385,0.6406,0.607,0.6091,1674920.35
2024-11-13 20:00:00,0.6091,0.6161,0.6009,0.6079,469403.45
2024-11-13 21:00:00,0.6079,0.6084,0.5923,0.6025,751702.95
2024-11-13 22:00:00,0.6025,0.6123,0.5999,0.6089,164668.48
2024-11-13 23:00:00,0.6089,0.614,0.6041,0.6123,225129.67
2024-11-14 00:00:00,0.6123,0.6185,0.607,0.607,191118.15
2024-11-14 01:00:00,0.607,0.6193,0.6043,0.6176,216299.68
2024-11-14 02:00:00,0.6176,0.6222,0.6092,0.6164,226964.11
2024-11-14 03:00:00,0.6164,0.62,0.6043,0.62,150606.93
2024-11-14 04:00:00,0.62,0.627,0.6157,0.6267,259339.21
2024-11-14 05:00:00,0.6267,0.63,0.623,0.6297,452523.23
2024-11-14 06:00:00,0.6297,0.6365,0.6187,0.6187,393454.62
2024-11-14 07:00:00,0.6187,0.6291,0.615,0.6272,444613.38
2024-11-14 08:00:00,0.6272,0.6312,0.6231,0.6253,916956.22
2024-11-14 09:00:00,0.6253,0.6293,0.6215,0.6252,153384.18
2024-11-14 10:00:00,0.6252,0.6282,0.6098,0.6109,334805.78
2024-11-14 11:00:00,0.6109,0.6125,0.6009,0.6099,980583.3
2024-11-14 12:00:00,0.6099,0.6118,0.6056,0.6085,273668.11
2024-11-14 13:00:00,0.6085,0.6131,0.6014,0.6029,583329.59
2024-11-14 14:00:00,0.6029,0.6103,0.5861,0.5876,2039024.78
2024-11-14 15:00:00,0.5876,0.5924,0.579,0.5845,1054048.65
2024-11-14 16:00:00,0.5845,0.6029,0.5805,0.6012,398227.27
2024-11-14 17:00:00,0.6012,0.6015,0.5952,0.5964,153553.37
2024-11-14 18:00:00,0.5964,0.6016,0.5958,0.5978,84951.85
2024-11-14 19:00:00,0.5978,0.6016,0.5965,0.6007,126812.01
2024-11-14 20:00:00,0.6007,0.6007,0.5905,0.5915,217324.83
2024-11-14 21:00:00,0.5915,0.6,0.589,0.5999,256710.32
2024-11-14 22:00:00,0.5999,0.601,0.5869,0.5894,949934.35
2024-11-14 23:00:00,0.5894,0.591,0.5717,0.5805,837228.34
2024-11-15 00:00:00,0.5805,0.588,0.576,0.5763,240290.31
2024-11-15 01:00:00,0.5763,0.5831,0.5696,0.5815,521793.6
2024-11-15 02:00:00,0.5815,0.5856,0.5752,0.5853,115755.72
2024-11-15 03:00:00,0.5853,0.5868,0.5802,0.585,506859.17
2024-11-15 04:00:00,0.585,0.585,0.5664,0.5719,468794.0
2024-11-15 05:00:00,0.5719,0.5789,0.5674,0.5788,261210.01
2024-11-15 06:00:00,0.5788,0.5855,0.5788,0.5838,121488.23
2024-11-15 07:00:00,0.5838,0.5868,0.578,0.5791,241559.2
2024-11-15 08:00:00,0.5791,0.5876,0.5732,0.5872,302124.32
2024-11-15 09:00:00,0.5872,0.5961,0.5867,0.5941,408374.42
2024-11-15 10:00:00,0.5941,0.5963,0.5916,0.5936,315518.39
2024-11-15 11:00:00,0.5936,0.5971,0.5908,0.5969,263547.59
2024-11-15 12:00:00,0.5969,0.6002,0.59,0.5938,476739.12
2024-11-15 13:00:00,0.5938,0.5976,0.5918,0.5937,303153.22
2024-11-15 14:00:00,0.5937,0.595,0.5791,0.5834,848437.47
2024-11-15 15:00:00,0.5834,0.5834,0.5736,0.5772,732830.52
2024-11-15 16:00:00,0.5772,0.5852,0.5746,0.5834,352546.12
2024-11-15 17:00:00,0.5834,0.5908,0.5826,0.5874,345807.07
2024-11-15 18:00:00,0.5874,0.5904,0.5828,0.5876,299668.25
2024-11-15 19:00:00,0.5876,0.5967,0.5864,0.593,394319.04
2024-11-15 20:00:00,0.593,0.6053,0.5928,0.6049,376808.53
2024-11-15 21:00:00,0.6049,0.6091,0.6028,0.6073,413490.53
2024-11-15 22:00:00,0.6073,0.6134,0.605,0.6095,654650.84
2024-11-15 23:00:00,0.6095,0.6115,0.6057,0.6064,245694.61
2024-11-16 00:00:00,0.6064,0.607,0.6022,0.6051,318136.72
2024-11-16 01:00:00,0.6051,0.6115,0.6049,0.6081,503365.55
2024-11-16 02:00:00,0.6081,0.6146,0.6075,0.6127,314139.34
2024-11-16 03:00:00,0.6127,0.6237,0.6124,0.6236,1026722.57
2024-11-16 04:00:00,0.6236,0.6274,0.6204,0.6241,798860.26
2024-11-16 05:00:00,0.6241,0.627,0.6219,0.6222,446358.0
2024-11-16 06:00:00,0.6222,0.6231,0.615,0.6157,563154.69
2024-11-16 07:00:00,0.6157,0.622,0.6155,0.6215,281267.13
2024-11-16 08:00:00,0.6215,0.6296,0.6215,0.6296,289943.11
2024-11-16 09:00:00,0.6296,0.6342,0.6267,0.6289,1168997.45
2024-11-16 10:00:00,0.6289,0.638,0.6283,0.6363,1099049.21
2024-11-16 11:00:00,0.6363,0.655,0.6346,0.6548,1274563.22
2024-11-16 12:00:00,0.6548,0.6642,0.6469,0.6515,1010371.88
2024-11-16 13:00:00,0.6515,0.6575,0.6458,0.6538,430620.68
2024-11-16 14:00:00,0.6538,0.6614,0.6501,0.6584,1730465.8
2024-11-16 15:00:00,0.6584,0.6679,0.6449,0.6561,2026040.12
2024-11-16 16:00:00,0.6561,0.669,0.652,0.6654,838462.45
2024-11-16 17:00:00,0.6654,0.7009,0.6646,0.6942,2581865.14
2024-11-16 18:00:00,0.6942,0.7216,0.6852,0.7175,2797170.17
2024-11-16 19:00:00,0.7175,0.7213,0.7004,0.7181,1337837.29
2024-11-16 20:00:00,0.7181,0.7529,0.7152,0.7436,2304222.88
2024-11-16 21:00:00,0.7436,0.7541,0.727,0.7308,916523.67
2024-11-16 22:00:00,0.7308,0.7646,0.7272,0.735,1408681.73
2024-11-16 23:00:00,0.735,0.7383,0.7193,0.7255,1155056.13
2024-11-17 00:00:00,0.7255,0.7332,0.7153,0.7195,636478.1
2024-11-17 01:00:00,0.7195,0.72,0.686,0.6912,3195850.53
2024-11-17 02:00:00,0.6912,0.6912,0.6694,0.6807,2013670.45
2024-11-17 03:00:00,0.6807,0.6937,0.6751,0.6937,398264.48
2024-11-17 04:00:00,0.6937,0.7031,0.685,0.6966,642251.84
2024-11-17 05:00:00,0.6966,0.6985,0.6875,0.6878,507138.55
2024-11-17 06:00:00,0.6878,0.7083,0.6874,0.7055,298077.14
2024-11-17 07:00:00,0.7055,0.7093,0.6992,0.7042,307064.05
2024-11-17 08:00:00,0.7042,0.7188,0.6983,0.7076,865023.93
2024-11-17 09:00:00,0.7076,0.7124,0.6948,0.6972,611608.18
2024-11-17 10:00:00,0.6972,0.6993,0.6904,0.6918,342093.84
2024-11-17 11:00:00,0.6918,0.6918,0.6785,0.6788,644235.14
2024-11-17 12:00:00,0.6788,0.6919,0.6782,0.6917,635973.52
2024-11-17 13:00:00,0.6917,0.6917,0.6815,0.6905,1038466.78
2024-11-17 14:00:00,0.6905,0.6967,0.6822,0.6907,1084830.16
2024-11-17 15:00:00,0.6907,0.6916,0.6837,0.688,321998.82
2024-11-17 16:00:00,0.688,0.6968,0.6826,0.6963,377403.58
2024-11-17 17:00:00,0.6963,0.697,0.6861,0.6915,381371.24
2024-11-17 18:00:00,0.6915,0.6921,0.6739,0.6754,945059.91
2024-11-17 19:00:00,0.6754,0.6837,0.6712,0.6824,425647.67
2024-11-17 20:00:00,0.6824,0.6837,0.6706,0.6737,448529.54
2024-11-17 21:00:00,0.6737,0.6778,0.6641,0.6659,561506.32
2024-11-17 22:00:00,0.6659,0.6741,0.6592,0.6715,518829.7
2024-11-17 23:00:00,0.6715,0.6751,0.6657,0.6744,284942.32
2024-11-18 00:00:00,0.6744,0.7026,0.6719,0.696,632725.19
2024-11-18 01:00:00,0.696,0.6973,0.688,0.6893,581850.63
2024-11-18 02:00:00,0.6893,0.6922,0.6808,0.6817,1013731.71
2024-11-18 03:00:00,0.6817,0.6893,0.6753,0.6892,392021.29
2024-11-18 04:00:00,0.6892,0.6926,0.681,0.6828,652632.64
2024-11-18 05:00:00,0.6828,0.6989,0.6807,0.6987,244672.58
2024-11-18 06:00:00,0.6987,0.7064,0.6952,0.7023,652237.14
2024-11-18 07:00:00,0.7023,0.706,0.6996,0.7012,449261.65
2024-11-18 08:00:00,0.7012,0.7025,0.6936,0.696,900994.35
2024-11-18 09:00:00,0.696,0.6991,0.6872,0.6944,485590.75
2024-11-18 10:00:00,0.6944,0.7041,0.6943,0.7013,476729.25
2024-11-18 11:00:00,0.7013,0.7026,0.6754,0.6787,1039438.66
2024-11-18 12:00:00,0.6787,0.6871,0.6719,0.6844,952260.04
2024-11-18 13:00:00,0.6844,0.6855,0.6713,0.6763,564821.35
2024-11-18 14:00:00,0.6763,0.6938,0.6751,0.6908,580363.9
2024-11-18 15:00:00,0.6908,0.7103,0.6898,0.7063,1784179.61
2024-11-18 16:00:00,0.7063,0.7263,0.7013,0.7214,3221827.76
2024-11-18 17:00:00,0.7214,0.7283,0.7147,0.7259,537915.76
2024-11-18 18:00:00,0.7259,0.7361,0.7192,0.7225,826727.56
2024-11-18 19:00:00,0.7225,0.7225,0.6948,0.7074,1093647.46
2024-11-18 20:00:00,0.7074,0.72,0.7021,0.7083,574817.61
2024-11-18 21:00:00,0.7083,0.7201,0.7083,0.7107,467913.21
2024-11-18 22:00:00,0.7107,0.7244,0.7107,0.7242,319805.2
2024-11-18 23:00:00,0.7242,0.7504,0.7115,0.7393,1423492.88
2024-11-19 00:00:00,0.7393,0.7564,0.7259,0.7268,4330043.46
2024-11-19 01:00:00,0.7268,0.73,0.714,0.714,1508082.12
2024-11-19 02:00:00,0.714,0.7189,0.7121,0.7139,326087.35
2024-11-19 03:00:00,0.7139,0.7181,0.7135,0.7155,270757.29
2024-11-19 04:00:00,0.7155,0.7184,0.7016,0.7044,607290.87
2024-11-19 05:00:00,0.7044,0.7105,0.7015,0.7105,399859.35
2024-11-19 06:00:00,0.7105,0.7142,0.7061,0.7128,150556.43
2024-11-19 07:00:00,0.7128,0.7137,0.704,0.7043,198579.96
2024-11-19 08:00:00,0.7043,0.7049,0.6954,0.6997,746403.72
2024-11-19 09:00:00,0.6997,0.7041,0.6928,0.6963,421799.77
2024-11-19 10:00:00,0.6963,0.703,0.6927,0.702,362881.58
2024-11-19 11:00:00,0.702,0.7115,0.7016,0.7106,485524.99
2024-11-19 12:00:00,0.7106,0.7156,0.7063,0.7081,855049.98
2024-11-19 13:00:00,0.7081,0.7085,0.694,0.694,803604.13
2024-11-19 14:00:00,0.694,0.701,0.6877,0.6932,907047.85
2024-11-19 15:00:00,0.6932,0.6965,0.6899,0.6936,298876.93
2024-11-19 16:00:00,0.6936,0.6973,0.6905,0.6922,363828.77
2024-11-19 17:00:00,0.6922,0.6989,0.691,0.6931,147353.13
2024-11-19 18:00:00,0.6931,0.7027,0.692,0.7016,299985.13
2024-11-19 19:00:00,0.7016,0.7037,0.694,0.6951,174656.68
2024-11-19 20:00:00,0.6951,0.6967,0.6787,0.6848,861240.4
2024-11-19 21:00:00,0.6848,0.6864,0.6752,0.6848,534027.91
2024-11-19 22:00:00,0.6848,0.6862,0.6764,0.6849,370610.75
2024-11-19 23:00:00,0.6849,0.6941,0.6836,0.6925,231076.66
2024-11-20 00:00:00,0.6925,0.6928,0.6825,0.6841,475716.91
2024-11-20 01:00:00,0.6841,0.6893,0.6789,0.6826,305953.04
2024-11-20 02:00:00,0.6826,0.684,0.6775,0.6784,297747.14
2024-11-20 03:00:00,0.6784,0.6793,0.6651,0.6777,930527.14
2024-11-20 04:00:00,0.6777,0.6818,0.6717,0.6804,224033.05
2024-11-20 05:00:00,0.6804,0.6857,0.677,0.6849,220683.44
2024-11-20 06:00:00,0.6849,0.6866,0.6794,0.681,205640.42
2024-11-20 07:00:00,0.681,0.6839,0.6788,0.6825,163545.44
2024-11-20 08:00:00,0.6825,0.6932,0.6809,0.6902,254615.45
2024-11-20 09:00:00,0.6902,0.7065,0.6886,0.7049,499207.37
2024-11-20 10:00:00,0.7049,0.7076,0.6989,0.6995,763258.61
2024-11-20 11:00:00,0.6995,0.7161,0.6916,0.7027,764847.68
2024-11-20 12:00:00,0.7027,0.7031,0.6792,0.6832,502655.93
2024-11-20 13:00:00,0.6832,0.6949,0.6797,0.6943,478142.37
2024-11-20 14:00:00,0.6943,0.7133,0.6889,0.6941,825996.86
2024-11-20 15:00:00,0.6941,0.6968,0.6844,0.6962,398086.59
2024-11-20 16:00:00,0.6962,0.698,0.6743,0.6804,603376.38
2024-11-20 17:00:00,0.6804,0.6832,0.6673,0.6673,419383.17
2024-11-20 18:00:00,0.6673,0.6703,0.654,0.6629,1166491.13
2024-11-20 19:00:00,0.6629,0.6631,0.6486,0.6557,1104151.64
2024-11-20 20:00:00,0.6557,0.6714,0.6505,0.6691,422669.17
2024-11-20 21:00:00,0.6691,0.6744,0.668,0.6719,258362.57
2024-11-20 22:00:00,0.6719,0.6783,0.6691,0.6711,314965.01
2024-11-20 23:00:00,0.6711,0.6771,0.6699,0.6719,277756.09
2024-11-21 00:00:00,0.6719,0.683,0.6696,0.6762,336880.61
2024-11-21 01:00:00,0.6762,0.6848,0.6758,0.6764,147229.99
2024-11-21 02:00:00,0.6764,0.6764,0.6494,0.662,828039.81
2024-11-21 03:00:00,0.662,0.677,0.6604,0.6673,259738.8
2024-11-21 04:00:00,0.6673,0.7064,0.6673,0.7034,677645.02
2024-11-21 05:00:00,0.7034,0.7084,0.6877,0.6918,540608.24
2024-11-21 06:00:00,0.6918,0.6989,0.6855,0.6981,362394.01
2024-11-21 07:00:00,0.6981,0.707,0.6966,0.7045,532392.94
2024-11-21 08:00:00,0.7045,0.7147,0.7013,0.7044,607969.42
2024-11-21 09:00:00,0.7044,0.7065,0.6918,0.6929,357166.7
2024-11-21 10:00:00,0.6929,0.7009,0.6897,0.6897,307669.95
2024-11-21 11:00:00,0.6897,0.7036,0.6888,0.7017,635828.57
2024-11-21 12:00:00,0.7017,0.754,0.7003,0.7337,3745611.7
2024-11-21 13:00:00,0.7337,0.8119,0.7333,0.7987,4906488.97
2024-11-21 14:00:00,0.7987,0.823,0.7932,0.7973,4618029.64
2024-11-21 15:00:00,0.7973,0.804,0.7626,0.7871,4030026.46
2024-11-21 16:00:00,0.7871,0.8096,0.7832,0.7934,6112305.32
2024-11-21 17:00:00,0.7934,0.7984,0.7835,0.789,2501572.81
2024-11-21 18:00:00,0.789,0.7953,0.771,0.7798,1580023.56
2024-11-21 19:00:00,0.7798,0.7818,0.7679,0.7763,576851.89
2024-11-21 20:00:00,0.7763,0.7894,0.7763,0.7886,609290.37
2024-11-21 21:00:00,0.7886,0.7941,0.7815,0.7897,652374.84
2024-11-21 22:00:00,0.7897,0.7954,0.7871,0.7886,728148.41
2024-11-21 23:00:00,0.7886,0.7904,0.7782,0.7793,798712.86
2024-11-22 00:00:00,0.7793,0.786,0.7577,0.7605,3414645.36
2024-11-22 01:00:00,0.7605,0.769,0.7567,0.7679,1035534.55
2024-11-22 02:00:00,0.7679,0.7753,0.7585,0.7647,1884785.52
2024-11-22 03:00:00,0.7647,0.7766,0.7616,0.7729,718166.47
2024-11-22 04:00:00,0.7729,0.804,0.7705,0.79,1681494.43
2024-11-22 05:00:00,0.79,0.7968,0.7829,0.7902,721634.47
2024-11-22 06:00:00,0.7902,0.7982,0.7776,0.79,711238.28
2024-11-22 07:00:00,0.79,0.7925,0.7755,0.7773,573895.26
2024-11-22 08:00:00,0.7773,0.7951,0.7764,0.7897,684845.68
2024-11-22 09:00:00,0.7897,0.8017,0.7848,0.7952,1176846.01
2024-11-22 10:00:00,0.7952,0.7955,0.7753,0.7755,1054957.3
2024-11-22 11:00:00,0.7755,0.786,0.7693,0.7857,1011437.12
2024-11-22 12:00:00,0.7857,0.8425,0.7812,0.8203,4182070.16
2024-11-22 13:00:00,0.8203,0.8203,0.7753,0.7864,2987199.13
2024-11-22 14:00:00,0.7864,0.8027,0.7844,0.7912,1458581.5
2024-11-22 15:00:00,0.7912,0.8052,0.7894,0.7983,1563604.58
2024-11-22 16:00:00,0.7983,0.8001,0.7843,0.7911,802553.09
2024-11-22 17:00:00,0.7911,0.795,0.7803,0.7841,490659.77
2024-11-22 18:00:00,0.7841,0.7876,0.7653,0.7679,1991306.26
2024-11-22 19:00:00,0.7679,0.7768,0.763,0.7719,513561.86
2024-11-22 20:00:00,0.7719,0.7773,0.769,0.7763,240820.55
2024-11-22 21:00:00,0.7763,0.7942,0.7733,0.7904,831485.36
2024-11-22 22:00:00,0.7904,0.7955,0.7851,0.793,973053.73
2024-11-22 23:00:00,0.793,0.8131,0.7908,0.8095,703259.3
2024-11-23 00:00:00,0.8095,0.8352,0.7998,0.8236,3109861.29
2024-11-23 01:00:00,0.8236,0.84,0.823,0.8338,2006529.43
2024-11-23 02:00:00,0.8338,0.8399,0.8029,0.8086,954977.37
2024-11-23 03:00:00,0.8086,0.817,0.8018,0.8162,550110.36
2024-11-23 04:00:00,0.8162,0.8169,0.7997,0.8139,1216059.23
2024-11-23 05:00:00,0.8139,0.8166,0.8043,0.816,551412.74
2024-11-23 06:00:00,0.816,0.83,0.8134,0.8237,906122.73
2024-11-23 07:00:00,0.8237,0.834,0.8204,0.8286,857774.09
2024-11-23 08:00:00,0.8286,0.8575,0.8253,0.8435,2178686.04
2024-11-23 09:00:00,0.8435,0.8454,0.8302,0.835,1204423.06
2024-11-23 10:00:00,0.835,0.8363,0.8178,0.8217,1119457.74
2024-11-23 11:00:00,0.8217,0.8341,0.82,0.832,540535.49
2024-11-23 12:00:00,0.832,0.8691,0.828,0.8526,1756287.85
2024-11-23 13:00:00,0.8526,0.8736,0.8463,0.861,1176012.08
2024-11-23 14:00:00,0.861,0.8842,0.8554,0.8699,1670662.78
2024-11-23 15:00:00,0.8699,0.8805,0.8619,0.8684,1374136.53
2024-11-23 16:00:00,0.8684,0.879,0.821,0.8533,3536923.44
2024-11-23 17:00:00,0.8533,0.8723,0.8351,0.87,1464539.5
2024-11-23 18:00:00,0.87,0.8766,0.8549,0.8673,1288802.31
2024-11-23 19:00:00,0.8673,0.8748,0.8529,0.8631,473503.23
2024-11-23 20:00:00,0.8631,0.8631,0.84,0.8575,623803.13
2024-11-23 21:00:00,0.8575,0.879,0.8572,0.8723,799394.94
2024-11-23 22:00:00,0.8723,0.8742,0.8586,0.8632,472414.84
2024-11-23 23:00:00,0.8632,0.8637,0.8494,0.8558,498025.76
2024-11-24 00:00:00,0.8558,0.8998,0.8512,0.8837,1734659.62
2024-11-24 01:00:00,0.8837,0.889,0.8774,0.8831,730410.7
2024-11-24 02:00:00,0.8831,0.8889,0.8811,0.8849,287312.36
2024-11-24 03:00:00,0.8849,0.8989,0.8773,0.898,365069.42
2024-11-24 04:00:00,0.898,0.9127,0.8724,0.8847,1010169.36
2024-11-24 05:00:00,0.8847,0.8919,0.8738,0.8853,405854.65
2024-11-24 06:00:00,0.8853,0.8871,0.8739,0.8811,391192.95
2024-11-24 07:00:00,0.8811,0.8866,0.8755,0.8851,211406.89
2024-11-24 08:00:00,0.8851,0.8898,0.8617,0.863,963883.59
2024-11-24 09:00:00,0.863,0.8751,0.8575,0.8727,535853.67
2024-11-24 10:00:00,0.8727,0.8744,0.8459,0.8567,910428.06
2024-11-24 11:00:00,0.8567,0.8585,0.835,0.8416,1777605.01
2024-11-24 12:00:00,0.8416,0.8486,0.7982,0.8199,2638493.35
2024-11-24 13:00:00,0.8199,0.8387,0.8132,0.8285,743614.71
2024-11-24 14:00:00,0.8285,0.8285,0.8069,0.8239,1139308.8
2024-11-24 15:00:00,0.8239,0.8243,0.8,0.8006,876955.38
2024-11-24 16:00:00,0.8006,0.8265,0.7955,0.8188,929848.14
2024-11-24 17:00:00,0.8188,0.8209,0.8065,0.8178,197269.19
2024-11-24 18:00:00,0.8178,0.8359,0.817,0.8302,671408.29
2024-11-24 19:00:00,0.8302,0.8317,0.8218,0.8258,352682.18
2024-11-24 20:00:00,0.8258,0.8379,0.8235,0.8374,302464.06
2024-11-24 21:00:00,0.8374,0.8446,0.8313,0.8439,477625.08
2024-11-24 22:00:00,0.8439,0.8545,0.8433,0.8525,574938.29
2024-11-24 23:00:00,0.8525,0.8681,0.8521,0.8624,814189.05
2024-11-25 00:00:00,0.8624,0.8635,0.8459,0.8491,841905.45
2024-11-25 01:00:00,0.8491,0.8513,0.8236,0.8369,977356.05
2024-11-25 02:00:00,0.8369,0.8469,0.8328,0.8355,697213.68
2024-11-25 03:00:00,0.8355,0.8561,0.8355,0.8521,446059.77
2024-11-25 04:00:00,0.8521,0.8692,0.848,0.8494,794214.64
2024-11-25 05:00:00,0.8494,0.8615,0.8494,0.8563,324246.91
2024-11-25 06:00:00,0.8563,0.8612,0.8437,0.8469,473799.53
2024-11-25 07:00:00,0.8469,0.876,0.8447,0.8611,992310.73
2024-11-25 08:00:00,0.8611,0.8717,0.86,0.8708,523060.76
2024-11-25 09:00:00,0.8708,0.8993,0.8696,0.8912,1794027.58
2024-11-25 10:00:00,0.8912,0.9268,0.8816,0.9145,2698094.47
2024-11-25 11:00:00,0.9145,0.9457,0.902,0.9106,3270955.83
2024-11-25 12:00:00,0.9106,0.9259,0.9083,0.9127,754487.16
2024-11-25 13:00:00,0.9127,0.924,0.8914,0.907,2051964.31
2024-11-25 14:00:00,0.907,0.9357,0.8857,0.8869,3216687.98
2024-11-25 15:00:00,0.8869,0.9546,0.8711,0.9479,4185508.85
2024-11-25 16:00:00,0.9479,0.9566,0.9118,0.9236,1690822.52
2024-11-25 17:00:00,0.9236,0.9242,0.901,0.9185,1295164.3
2024-11-25 18:00:00,0.9185,0.9252,0.9059,0.9138,2772097.34
2024-11-25 19:00:00,0.9138,0.9386,0.9055,0.932,1279904.79
2024-11-25 20:00:00,0.932,0.9541,0.9291,0.9541,1051759.47
2024-11-25 21:00:00,0.9541,0.9541,0.9195,0.9301,689475.49
2024-11-25 22:00:00,0.9301,0.9426,0.896,0.9395,1216000.46
2024-11-25 23:00:00,0.9395,0.9397,0.9019,0.906,932759.55
2024-11-26 00:00:00,0.906,0.9167,0.89,0.89,2708623.5
2024-11-26 01:00:00,0.89,0.9197,0.888,0.9155,556154.29
2024-11-26 02:00:00,0.9155,0.9221,0.9068,0.9155,382586.93
2024-11-26 03:00:00,0.9155,0.9179,0.8922,0.9143,367470.52
2024-11-26 04:00:00,0.9143,0.9267,0.8977,0.902,488508.31
2024-11-26 05:00:00,0.902,0.9158,0.8991,0.9128,269778.67
2024-11-26 06:00:00,0.9128,0.9282,0.9019,0.9056,406938.5
2024-11-26 07:00:00,0.9056,0.9084,0.8847,0.8974,1044256.47
2024-11-26 08:00:00,0.8974,0.8974,0.8678,0.8772,1396413.39
2024-11-26 09:00:00,0.8772,0.8913,0.87,0.8808,486685.78
2024-11-26 10:00:00,0.8808,0.8838,0.8577,0.8589,863080.69
2024-11-26 11:00:00,0.8589,0.8673,0.8392,0.8575,1409367.88
2024-11-26 12:00:00,0.8575,0.8717,0.849,0.86,767884.04
2024-11-26 13:00:00,0.86,0.8816,0.8558,0.8665,634273.92
2024-11-26 14:00:00,0.8665,0.8853,0.8558,0.8757,616669.18
2024-11-26 15:00:00,0.8757,0.8784,0.8549,0.8549,427246.29
2024-11-26 16:00:00,0.8549,0.8766,0.8505,0.8728,537551.96
2024-11-26 17:00:00,0.8728,0.8732,0.8574,0.8601,1781477.58
2024-11-26 18:00:00,0.8601,0.8625,0.8301,0.8411,1331029.33
2024-11-26 19:00:00,0.8411,0.8529,0.8393,0.8524,874644.21
2024-11-26 20:00:00,0.8524,0.8695,0.8487,0.8655,417949.76
2024-11-26 21:00:00,0.8655,0.8724,0.8563,0.8623,417393.62
2024-11-26 22:00:00,0.8623,0.8735,0.8611,0.8666,268121.64
2024-11-26 23:00:00,0.8666,0.8727,0.8629,0.871,312984.13
2024-11-27 00:00:00,0.871,0.8809,0.852,0.8532,392019.52
2024-11-27 01:00:00,0.8532,0.8704,0.8483,0.8686,282825.73
2024-11-27 02:00:00,0.8686,0.882,0.8565,0.8816,344012.78
2024-11-27 03:00:00,0.8816,0.8846,0.8751,0.8795,335849.32
2024-11-27 04:00:00,0.8795,0.9239,0.8785,0.9098,2264495.57
2024-11-27 05:00:00,0.9098,0.9261,0.9011,0.909,879861.79
2024-11-27 06:00:00,0.909,0.9278,0.9071,0.9222,551259.35
2024-11-27 07:00:00,0.9222,0.9287,0.91,0.9104,796678.79
2024-11-27 08:00:00,0.9104,0.9167,0.9014,0.9035,451073.88
2024-11-27 09:00:00,0.9035,0.9042,0.8914,0.8952,399873.12
2024-11-27 10:00:00,0.8952,0.9297,0.8952,0.917,830689.14
2024-11-27 11:00:00,0.917,0.9218,0.908,0.9218,696524.21
2024-11-27 12:00:00,0.9218,0.9355,0.911,0.927,1573226.1
2024-11-27 13:00:00,0.927,0.9314,0.9159,0.9286,1134416.8
2024-11-27 14:00:00,0.9286,0.9345,0.9181,0.9305,3327065.9
2024-11-27 15:00:00,0.9305,0.9394,0.924,0.9266,1381227.22
2024-11-27 16:00:00,0.9266,0.9415,0.9202,0.9248,2221943.91
2024-11-27 17:00:00,0.9248,0.9261,0.9164,0.9223,343035.08
2024-11-27 18:00:00,0.9223,0.9329,0.919,0.9291,308436.39
2024-11-27 19:00:00,0.9291,0.9324,0.923,0.9243,298445.44
2024-11-27 20:00:00,0.9243,0.9339,0.9223,0.9274,348917.88
2024-11-27 21:00:00,0.9274,0.9425,0.923,0.9415,379719.43
2024-11-27 22:00:00,0.9415,0.96,0.9414,0.9586,1108213.69
2024-11-27 23:00:00,0.9586,0.9754,0.9533,0.9689,1536125.24
2024-11-28 00:00:00,0.9689,0.982,0.9549,0.958,1466206.45
2024-11-28 01:00:00,0.958,0.9624,0.943,0.9535,993620.1
2024-11-28 02:00:00,0.9535,0.9548,0.9301,0.9327,2136551.58
2024-11-28 03:00:00,0.9327,0.9363,0.9226,0.9284,1804749.37
2024-11-28 04:00:00,0.9284,0.9369,0.9246,0.9318,821413.48
2024-11-28 05:00:00,0.9318,0.9385,0.9271,0.9286,321899.99
2024-11-28 06:00:00,0.9286,0.9289,0.9201,0.9234,1009639.15
2024-11-28 07:00:00,0.9234,0.9285,0.9135,0.9179,1006952.34
2024-11-28 08:00:00,0.9179,0.9419,0.9108,0.9363,798663.95
2024-11-28 09:00:00,0.9363,0.9385,0.915,0.9159,1225246.16
2024-11-28 10:00:00,0.9159,0.9202,0.908,0.9111,989380.76
2024-11-28 11:00:00,0.9111,0.922,0.9025,0.916,1465333.85
2024-11-28 12:00:00,0.916,0.9316,0.9113,0.916,1110234.0
2024-11-28 13:00:00,0.916,0.9167,0.9064,0.9117,649020.28
2024-11-28 14:00:00,0.9117,0.9199,0.8982,0.9027,977742.54
2024-11-28 15:00:00,0.9027,0.9052,0.8888,0.8898,1087759.54
2024-11-28 16:00:00,0.8898,0.898,0.8898,0.8935,342124.28
2024-11-28 17:00:00,0.8935,0.9022,0.8933,0.8976,491883.73
2024-11-28 18:00:00,0.8976,0.908,0.8967,0.9072,381839.15
2024-11-28 19:00:00,0.9072,0.9102,0.9029,0.9084,188306.77
2024-11-28 20:00:00,0.9084,0.9084,0.8995,0.9016,287554.15
2024-11-28 21:00:00,0.9016,0.9112,0.9016,0.9099,178621.5
2024-11-28 22:00:00,0.9099,0.9211,0.9088,0.9195,377754.53
2024-11-28 23:00:00,0.9195,0.9201,0.9122,0.9147,406002.62
2024-11-29 00:00:00,0.9147,0.9173,0.9009,0.9021,726038.56
2024-11-29 01:00:00,0.9021,0.9078,0.8982,0.9074,318883.55
2024-11-29 02:00:00,0.9074,0.9167,0.9066,0.9142,423755.14
2024-11-29 03:00:00,0.9142,0.9147,0.9082,0.9085,158549.7
2024-11-29 04:00:00,0.9085,0.9123,0.9015,0.9064,453878.95
2024-11-29 05:00:00,0.9064,0.9155,0.9037,0.9049,122383.75
2024-11-29 06:00:00,0.9049,0.9096,0.8989,0.9007,311289.24
2024-11-29 07:00:00,0.9007,0.9019,0.8933,0.8939,356766.19
2024-11-29 08:00:00,0.8939,0.9034,0.8938,0.9014,161366.03
2024-11-29 09:00:00,0.9014,0.907,0.8982,0.9052,391255.1
2024-11-29 10:00:00,0.9052,0.9131,0.9037,0.9128,409647.88
2024-11-29 11:00:00,0.9128,0.9197,0.9112,0.9176,924203.83
2024-11-29 12:00:00,0.9176,0.9224,0.908,0.9137,665399.02
2024-11-29 13:00:00,0.9137,0.9327,0.9114,0.9294,2029946.33
2024-11-29 14:00:00,0.9294,0.9371,0.924,0.9369,1740865.3
2024-11-29 15:00:00,0.9369,0.9414,0.9225,0.926,1419085.48
2024-11-29 16:00:00,0.926,0.9326,0.9191,0.9235,524884.75
2024-11-29 17:00:00,0.9235,0.9271,0.9189,0.922,239587.46
2024-11-29 18:00:00,0.922,0.9273,0.9212,0.9233,236474.23
2024-11-29 19:00:00,0.9233,0.9288,0.9158,0.9282,513843.28
2024-11-29 20:00:00,0.9282,0.9353,0.9274,0.9276,440442.4
2024-11-29 21:00:00,0.9276,0.9361,0.9246,0.936,219695.79
2024-11-29 22:00:00,0.936,0.9378,0.9323,0.9329,185584.62
2024-11-29 23:00:00,0.9329,0.9346,0.9294,0.9307,191798.72
2024-11-30 00:00:00,0.9307,0.946,0.9211,0.9291,794140.75
2024-11-30 01:00:00,0.9291,0.9509,0.9208,0.9364,775165.66
2024-11-30 02:00:00,0.9364,0.9561,0.9348,0.9516,764622.62
2024-11-30 03:00:00,0.9516,0.9639,0.9466,0.9619,978379.56
2024-11-30 04:00:00,0.9619,0.9681,0.9484,0.9534,686285.55
2024-11-30 05:00:00,0.9534,0.9694,0.9462,0.968,416857.2
2024-11-30 06:00:00,0.968,0.9857,0.9642,0.9686,1600439.4
2024-11-30 07:00:00,0.9686,0.9773,0.964,0.9685,576932.32
2024-11-30 08:00:00,0.9685,0.977,0.962,0.9655,449665.19
2024-11-30 09:00:00,0.9655,0.9671,0.9567,0.9644,295982.16
2024-11-30 10:00:00,0.9644,0.9647,0.9418,0.9438,690631.78
2024-11-30 11:00:00,0.9438,0.9641,0.942,0.9547,289461.58
2024-11-30 12:00:00,0.9547,0.9755,0.9542,0.9751,445006.28
2024-11-30 13:00:00,0.9751,0.9751,0.9639,0.9656,264638.03
2024-11-30 14:00:00,0.9656,0.9737,0.9521,0.9538,632041.03
2024-11-30 15:00:00,0.9538,0.965,0.952,0.9582,384557.09
2024-11-30 16:00:00,0.9582,0.9654,0.9539,0.9603,225079.94
2024-11-30 17:00:00,0.9603,0.969,0.9565,0.9647,336777.17
2024-11-30 18:00:00,0.9647,0.9673,0.9594,0.9652,165186.38
2024-11-30 19:00:00,0.9652,0.9706,0.961,0.9698,234031.41
2024-11-30 20:00:00,0.9698,0.9779,0.9673,0.9768,520800.46
2024-11-30 21:00:00,0.9768,0.981,0.9705,0.9803,613480.37
2024-11-30 22:00:00,0.9803,0.9858,0.9695,0.9728,725015.69
2024-11-30 23:00:00,0.9728,0.9883,0.9716,0.9721,974729.4
2024-12-01 00:00:00,0.9721,0.983,0.954,0.9541,857434.2
2024-12-01 01:00:00,0.9541,0.9764,0.948,0.9667,1236442.98
2024-12-01 02:00:00,0.9667,0.968,0.9435,0.9459,1228964.39
2024-12-01 03:00:00,0.9459,0.9703,0.9454,0.9691,699383.79
2024-12-01 04:00:00,0.9691,0.9709,0.9585,0.9633,220685.02
2024-12-01 05:00:00,0.9633,0.9633,0.9466,0.9466,253101.08
2024-12-01 06:00:00,0.9466,0.9615,0.9466,0.9579,221654.07
2024-12-01 07:00:00,0.9579,0.9734,0.9547,0.9637,232853.21
2024-12-01 08:00:00,0.9637,0.9683,0.9609,0.9641,548265.36
2024-12-01 09:00:00,0.9641,0.9643,0.9547,0.9562,521698.59
2024-12-01 10:00:00,0.9562,0.9564,0.9473,0.9521,983426.7
2024-12-01 11:00:00,0.9521,0.9652,0.9521,0.9618,624087.32
2024-12-01 12:00:00,0.9618,0.9687,0.96,0.9658,537801.14
2024-12-01 13:00:00,0.9658,0.9766,0.9647,0.9703,610029.82
2024-12-01 14:00:00,0.9703,0.975,0.9659,0.9745,293667.56
2024-12-01 15:00:00,0.9745,0.9976,0.9732,0.9867,1048078.56
2024-12-01 16:00:00,0.9867,0.991,0.9746,0.9753,749255.36
2024-12-01 17:00:00,0.9753,0.9778,0.9642,0.9702,306800.17
2024-12-01 18:00:00,0.9702,0.9738,0.9636,0.9651,146073.55
2024-12-01 19:00:00,0.9651,0.9672,0.9566,0.9619,388181.51
2024-12-01 20:00:00,0.9619,0.9621,0.9466,0.9538,812049.26
2024-12-01 21:00:00,0.9538,0.9629,0.951,0.9629,368554.94
2024-12-01 22:00:00,0.9629,0.9735,0.9612,0.9709,511324.73
2024-12-01 23:00:00,0.9709,0.974,0.9672,0.9699,179922.96
2024-12-02 00:00:00,0.9699,0.975,0.9598,0.9659,375894.91
2024-12-02 01:00:00,0.9659,0.9874,0.9646,0.9832,938831.57
2024-12-02 02:00:00,0.9832,0.9879,0.9677,0.9828,530882.08
2024-12-02 03:00:00,0.9828,0.9984,0.9574,0.9619,1464647.25
2024-12-02 04:00:00,0.9619,0.9692,0.9423,0.9675,1810169.99
2024-12-02 05:00:00,0.9675,0.9831,0.9613,0.9655,881241.61
2024-12-02 06:00:00,0.9655,0.9673,0.951,0.9637,584499.52
2024-12-02 07:00:00,0.9637,0.9681,0.95,0.956,478221.87
2024-12-02 08:00:00,0.956,0.9568,0.8972,0.9119,3972865.18
2024-12-02 09:00:00,0.9119,0.926,0.9058,0.926,607698.98
2024-12-02 10:00:00,0.926,0.9262,0.9034,0.9039,1213351.77
2024-12-02 11:00:00,0.9039,0.9173,0.9021,0.9126,410279.03
2024-12-02 12:00:00,0.9126,0.9255,0.9057,0.9172,750251.9
2024-12-02 13:00:00,0.9172,0.9536,0.9162,0.9531,899353.26
2024-12-02 14:00:00,0.9531,0.9665,0.9467,0.9585,1332376.0
2024-12-02 15:00:00,0.9585,0.978,0.952,0.9714,902133.01
2024-12-02 16:00:00,0.9714,0.9746,0.9473,0.9558,1217758.01
2024-12-02 17:00:00,0.9558,0.9644,0.9359,0.9384,630139.41
2024-12-02 18:00:00,0.9384,0.9706,0.9379,0.9667,671438.27
2024-12-02 19:00:00,0.9667,0.9667,0.9515,0.966,545582.21
2024-12-02 20:00:00,0.966,1.0288,0.9645,1.0112,3257788.74
2024-12-02 21:00:00,1.0112,1.053,1.0062,1.0386,3107081.45
2024-12-02 22:00:00,1.0386,1.0423,1.0122,1.0162,776649.05
2024-12-02 23:00:00,1.0162,1.0306,1.0162,1.0279,565779.64
2024-12-03 00:00:00,1.0279,1.0285,1.0082,1.0163,625784.6
2024-12-03 01:00:00,1.0163,1.024,1.0061,1.0065,669492.91
2024-12-03 02:00:00,1.0065,1.0297,1.0024,1.0253,952955.81
2024-12-03 03:00:00,1.0253,1.0536,1.0232,1.0432,889483.19
2024-12-03 04:00:00,1.0432,1.0543,1.0375,1.0498,653857.99
2024-12-03 05:00:00,1.0498,1.0773,1.0498,1.0738,1174160.23
2024-12-03 06:00:00,1.0738,1.0877,1.0521,1.0605,1976684.18
2024-12-03 07:00:00,1.0605,1.0705,1.0452,1.0635,2040503.99
2024-12-03 08:00:00,1.0635,1.0797,1.0585,1.0646,649764.57
2024-12-03 09:00:00,1.0646,1.0671,1.05,1.0609,920667.02
2024-12-03 10:00:00,1.0609,1.0684,1.0379,1.0407,720441.73
2024-12-03 11:00:00,1.0407,1.0561,1.0379,1.0545,935622.15
2024-12-03 12:00:00,1.0545,1.0553,1.0412,1.0538,1532435.93
2024-12-03 13:00:00,1.0538,1.058,0.9796,0.996,4135053.13
2024-12-03 14:00:00,0.996,1.0206,0.963,1.0104,4278991.65
2024-12-03 15:00:00,1.0104,1.02,0.9977,1.0088,902137.56
2024-12-03 16:00:00,1.0088,1.0297,0.9972,1.0017,763217.9
2024-12-03 17:00:00,1.0017,1.0172,0.9881,1.0167,595836.91
2024-12-03 18:00:00,1.0167,1.0264,1.0124,1.0168,308045.23
2024-12-03 19:00:00,1.0168,1.0183,0.999,1.0177,307513.68
2024-12-03 20:00:00,1.0177,1.0386,1.015,1.0371,537306.54
2024-12-03 21:00:00,1.0371,1.0501,1.0357,1.0424,591652.57
2024-12-03 22:00:00,1.0424,1.0478,1.03,1.046,393094.27
2024-12-03 23:00:00,1.046,1.056,1.0408,1.0461,486440.24
2024-12-04 00:00:00,1.0461,1.0886,1.0446,1.0826,775980.28
2024-12-04 01:00:00,1.0826,1.1049,1.0784,1.0888,3566998.97
2024-12-04 02:00:00,1.0888,1.0888,1.0595,1.0675,1207769.68
2024-12-04 03:00:00,1.0675,1.0874,1.0675,1.075,726321.87
2024-12-04 04:00:00,1.075,1.0796,1.0717,1.0761,696944.98
2024-12-04 05:00:00,1.0761,1.0855,1.074,1.084,1008188.39
2024-12-04 06:00:00,1.084,1.1041,1.0718,1.0986,1768782.97
2024-12-04 07:00:00,1.0986,1.1197,1.0913,1.1159,725660.94
2024-12-04 08:00:00,1.1159,1.1197,1.0922,1.1035,925171.55
2024-12-04 09:00:00,1.1035,1.1154,1.1026,1.1092,369158.85
2024-12-04 10:00:00,1.1092,1.1251,1.1054,1.1146,733805.77
2024-12-04 11:00:00,1.1146,1.1435,1.1141,1.1202,1196979.41
2024-12-04 12:00:00,1.1202,1.1246,1.0981,1.116,1273479.95
2024-12-04 13:00:00,1.116,1.1237,1.0925,1.1041,590901.1
2024-12-04 14:00:00,1.1041,1.1617,1.092,1.1497,4252928.19
2024-12-04 15:00:00,1.1497,1.175,1.1339,1.1633,2822876.92
2024-12-04 16:00:00,1.1633,1.1745,1.105,1.12,2222701.21
2024-12-04 17:00:00,1.12,1.1538,1.1185,1.1505,1119764.87
2024-12-04 18:00:00,1.1505,1.1705,1.1456,1.1667,404655.23
2024-12-04 19:00:00,1.1667,1.1884,1.1616,1.1863,595849.23
2024-12-04 20:00:00,1.1863,1.1895,1.1467,1.1593,686471.01
2024-12-04 21:00:00,1.1593,1.1651,1.1456,1.159,1816962.08
2024-12-04 22:00:00,1.159,1.1704,1.1443,1.1465,468849.6
2024-12-04 23:00:00,1.1465,1.1502,1.1185,1.1374,782586.45
2024-12-05 00:00:00,1.1374,1.1383,1.1105,1.1124,723567.95
2024-12-05 01:00:00,1.1124,1.1124,1.0706,1.0933,1389449.61
2024-12-05 02:00:00,1.0933,1.1272,1.0918,1.11,826265.85
2024-12-05 03:00:00,1.11,1.1297,1.0977,1.1026,862149.2
2024-12-05 04:00:00,1.1026,1.135,1.0999,1.1218,501911.11
2024-12-05 05:00:00,1.1218,1.1311,1.1062,1.1133,531869.47
2024-12-05 06:00:00,1.1133,1.1229,1.1,1.1219,641470.75
2024-12-05 07:00:00,1.1219,1.1312,1.1217,1.1252,310722.93
2024-12-05 08:00:00,1.1252,1.1489,1.123,1.1449,351335.15
2024-12-05 09:00:00,1.1449,1.1485,1.1366,1.1432,1384570.93
2024-12-05 10:00:00,1.1432,1.147,1.1341,1.1354,206579.66
2024-12-05 11:00:00,1.1354,1.1593,1.1349,1.1567,338375.23
2024-12-05 12:00:00,1.1567,1.1573,1.1445,1.1481,504527.18
2024-12-05 13:00:00,1.1481,1.1518,1.1408,1.1427,273491.22
2024-12-05 14:00:00,1.1427,1.1615,1.1366,1.1424,696880.7
2024-12-05 15:00:00,1.1424,1.1459,1.1208,1.1382,793610.8
2024-12-05 16:00:00,1.1382,1.1584,1.1334,1.1505,1349194.63
2024-12-05 17:00:00,1.1505,1.1604,1.1457,1.1595,315195.12
2024-12-05 18:00:00,1.1595,1.1599,1.1409,1.1412,601507.89
2024-12-05 19:00:00,1.1412,1.1441,1.1102,1.1161,758723.84
2024-12-05 20:00:00,1.1161,1.1228,1.0947,1.1155,845951.45
2024-12-05 21:00:00,1.1155,1.1285,1.1131,1.1253,395365.61
2024-12-05 22:00:00,1.1253,1.13,1.0712,1.1076,1783584.08
2024-12-05 23:00:00,1.1076,1.1177,1.0906,1.1031,433067.67
2024-12-06 00:00:00,1.1031,1.1521,1.0929,1.1512,1100402.09
2024-12-06 01:00:00,1.1512,1.1658,1.1461,1.1496,1071576.11
2024-12-06 02:00:00,1.1496,1.1516,1.1371,1.1454,474813.57
2024-12-06 03:00:00,1.1454,1.1606,1.1339,1.1588,400462.03
2024-12-06 04:00:00,1.1588,1.1671,1.1543,1.1655,1047151.87
2024-12-06 05:00:00,1.1655,1.1655,1.153,1.1597,659719.86
2024-12-06 06:00:00,1.1597,1.1829,1.1582,1.1671,983364.56
2024-12-06 07:00:00,1.1671,1.1678,1.15,1.1571,865643.06
2024-12-06 08:00:00,1.1571,1.1655,1.1527,1.153,450266.01
2024-12-06 09:00:00,1.153,1.1554,1.1312,1.1413,1235790.88
2024-12-06 10:00:00,1.1413,1.1441,1.1248,1.1399,757327.7
2024-12-06 11:00:00,1.1399,1.1493,1.1351,1.1432,825985.55
2024-12-06 12:00:00,1.1432,1.1561,1.1126,1.1157,1173145.13
2024-12-06 13:00:00,1.1157,1.1482,1.1141,1.1384,856945.8
2024-12-06 14:00:00,1.1384,1.1844,1.1325,1.184,1504230.18
2024-12-06 15:00:00,1.184,1.2313,1.1766,1.2123,3480447.9
2024-12-06 16:00:00,1.2123,1.2286,1.2099,1.2188,714199.49
2024-12-06 17:00:00,1.2188,1.2394,1.2188,1.2244,999140.38
2024-12-06 18:00:00,1.2244,1.2295,1.2084,1.2236,989304.33
2024-12-06 19:00:00,1.2236,1.2276,1.2128,1.2141,456187.29
2024-12-06 20:00:00,1.2141,1.2146,1.1962,1.1998,320267.46
2024-12-06 21:00:00,1.1998,1.2068,1.1894,1.1903,827402.29
2024-12-06 22:00:00,1.1903,1.1958,1.1794,1.1794,487342.93
2024-12-06 23:00:00,1.1794,1.183,1.17,1.1749,477079.18
2024-12-07 00:00:00,1.1749,1.1821,1.1629,1.1754,1346367.9
2024-12-07 01:00:00,1.1754,1.1764,1.1616,1.1626,496985.68
2024-12-07 02:00:00,1.1626,1.1841,1.158,1.1802,604319.66
2024-12-07 03:00:00,1.1802,1.1873,1.1719,1.183,708291.87
2024-12-07 04:00:00,1.183,1.1848,1.1761,1.1828,371057.48
2024-12-07 05:00:00,1.1828,1.1837,1.1726,1.177,323049.3
2024-12-07 06:00:00,1.177,1.1807,1.1713,1.1713,262462.94
2024-12-07 07:00:00,1.1713,1.1771,1.1629,1.1678,288521.25
2024-12-07 08:00:00,1.1678,1.1721,1.1606,1.1674,425306.58
2024-12-07 09:00:00,1.1674,1.1708,1.1592,1.1627,495484.05
2024-12-07 10:00:00,1.1627,1.1627,1.1513,1.1578,1104640.93
2024-12-07 11:00:00,1.1578,1.1744,1.1577,1.1685,481290.83
2024-12-07 12:00:00,1.1685,1.1721,1.163,1.1692,233530.29
2024-12-07 13:00:00,1.1692,1.1756,1.168,1.174,230655.32
2024-12-07 14:00:00,1.174,1.1748,1.1631,1.1715,188815.16
2024-12-07 15:00:00,1.1715,1.1741,1.1685,1.1729,441504.94
2024-12-07 16:00:00,1.1729,1.1741,1.1633,1.1678,225920.38
2024-12-07 17:00:00,1.1678,1.1687,1.1581,1.1638,438666.06
2024-12-07 18:00:00,1.1638,1.181,1.1638,1.1781,596589.34
2024-12-07 19:00:00,1.1781,1.1853,1.1693,1.1699,398718.32
2024-12-07 20:00:00,1.1699,1.177,1.1691,1.1717,269389.38
2024-12-07 21:00:00,1.1717,1.1752,1.1677,1.1701,131711.77
2024-12-07 22:00:00,1.1701,1.1704,1.1626,1.1626,116685.76
2024-12-07 23:00:00,1.1626,1.1743,1.16,1.1642,201170.89
2024-12-08 00:00:00,1.1642,1.1835,1.1634,1.1806,197225.92
2024-12-08 01:00:00,1.1806,1.1882,1.1781,1.1788,390945.08
2024-12-08 02:00:00,1.1788,1.1807,1.1742,1.1749,327838.21
2024-12-08 03:00:00,1.1749,1.1799,1.1673,1.1685,100198.22
2024-12-08 04:00:00,1.1685,1.17,1.1602,1.161,344037.02
2024-12-08 05:00:00,1.161,1.163,1.1499,1.1526,652745.92
2024-12-08 06:00:00,1.1526,1.1564,1.1461,1.1563,461566.8
2024-12-08 07:00:00,1.1563,1.1656,1.1543,1.1611,521540.5
2024-12-08 08:00:00,1.1611,1.1612,1.1453,1.1462,514343.36
2024-12-08 09:00:00,1.1462,1.1568,1.13,1.1375,930956.61
2024-12-08 10:00:00,1.1375,1.1542,1.1375,1.1504,297944.04
2024-12-08 11:00:00,1.1504,1.1583,1.1449,1.1533,243711.62
2024-12-08 12:00:00,1.1533,1.1601,1.144,1.1588,307860.55
2024-12-08 13:00:00,1.1588,1.1675,1.1547,1.1663,734585.02
2024-12-08 14:00:00,1.1663,1.1663,1.1506,1.1509,532411.5
2024-12-08 15:00:00,1.1509,1.1604,1.1406,1.1558,774348.36
2024-12-08 16:00:00,1.1558,1.1592,1.1431,1.1469,445597.63
2024-12-08 17:00:00,1.1469,1.1507,1.1418,1.148,94924.96
2024-12-08 18:00:00,1.148,1.152,1.1392,1.1429,272700.5
2024-12-08 19:00:00,1.1429,1.1511,1.1391,1.1508,330197.37
2024-12-08 20:00:00,1.1508,1.1525,1.1437,1.1443,536543.38
2024-12-08 21:00:00,1.1443,1.1511,1.1428,1.1492,97359.29
2024-12-08 22:00:00,1.1492,1.1616,1.1475,1.1613,231498.14
2024-12-08 23:00:00,1.1613,1.1645,1.1542,1.1594,261805.43
2024-12-09 00:00:00,1.1594,1.1623,1.1415,1.1489,567970.33
2024-12-09 01:00:00,1.1489,1.1551,1.1318,1.1358,522164.93
2024-12-09 02:00:00,1.1358,1.1447,1.125,1.1296,911152.12
2024-12-09 03:00:00,1.1296,1.1396,1.1015,1.1169,1774471.37
2024-12-09 04:00:00,1.1169,1.1265,1.1042,1.1263,909482.32
2024-12-09 05:00:00,1.1263,1.1315,1.1239,1.1278,360915.25
2024-12-09 06:00:00,1.1278,1.1285,1.1058,1.1104,601755.43
2024-12-09 07:00:00,1.1104,1.1137,1.0887,1.1056,1009930.83
2024-12-09 08:00:00,1.1056,1.1058,1.0709,1.0737,857591.14
2024-12-09 09:00:00,1.0737,1.0871,1.0539,1.0679,3847170.37
2024-12-09 10:00:00,1.0679,1.0835,1.0671,1.0825,660258.31
2024-12-09 11:00:00,1.0825,1.0825,1.0551,1.0576,598069.75
2024-12-09 12:00:00,1.0576,1.0695,1.045,1.0695,957815.27
2024-12-09 13:00:00,1.0695,1.0945,1.0645,1.091,859133.31
2024-12-09 14:00:00,1.091,1.1058,1.0774,1.1021,395557.95
2024-12-09 15:00:00,1.1021,1.1051,1.0588,1.0664,1561912.36
2024-12-09 16:00:00,1.0664,1.082,1.0608,1.0736,401757.71
2024-12-09 17:00:00,1.0736,1.0809,1.0632,1.0632,112799.72
2024-12-09 18:00:00,1.0632,1.0772,1.0632,1.0728,86715.18
2024-12-09 19:00:00,1.0728,1.0728,1.0597,1.0614,131513.49
2024-12-09 20:00:00,1.0614,1.0634,0.9775,0.992,8521480.92
2024-12-09 21:00:00,0.992,0.992,0.8331,0.9445,13766300.26
2024-12-09 22:00:00,0.9445,0.9538,0.8521,0.9511,6148867.37
2024-12-09 23:00:00,0.9511,0.9718,0.9402,0.961,949060.77
2024-12-10 00:00:00,0.961,0.9831,0.9358,0.9669,983219.47
2024-12-10 01:00:00,0.9669,0.97,0.9453,0.9615,573124.05
2024-12-10 02:00:00,0.9615,0.9615,0.92,0.92,704845.12
2024-12-10 03:00:00,0.92,0.9302,0.8825,0.9238,1365333.02
2024-12-10 04:00:00,0.9238,0.9439,0.9004,0.942,603166.33
2024-12-10 05:00:00,0.942,0.9489,0.9355,0.9478,269922.62
2024-12-10 06:00:00,0.9478,0.9721,0.9418,0.964,351728.62
2024-12-10 07:00:00,0.964,0.9649,0.9499,0.9581,252066.08
2024-12-10 08:00:00,0.9581,0.9751,0.9496,0.9711,261304.53
2024-12-10 09:00:00,0.9711,0.9944,0.9711,0.9877,404826.27
2024-12-10 10:00:00,0.9877,1.0165,0.9876,1.0063,765478.77
2024-12-10 11:00:00,1.0063,1.0069,0.9811,0.9885,663622.68
2024-12-10 12:00:00,0.9885,0.9904,0.9388,0.9453,1024223.19
2024-12-10 13:00:00,0.9453,0.9693,0.9442,0.957,506360.27
2024-12-10 14:00:00,0.957,0.9829,0.9543,0.9627,739772.37
2024-12-10 15:00:00,0.9627,0.9696,0.9083,0.9104,1518125.3
2024-12-10 16:00:00,0.9104,0.9318,0.8849,0.9277,1856410.64
2024-12-10 17:00:00,0.9277,0.9277,0.8787,0.879,1145194.22
2024-12-10 18:00:00,0.879,0.9134,0.8744,0.9047,725911.88
2024-12-10 19:00:00,0.9047,0.9308,0.9024,0.9267,705906.03
2024-12-10 20:00:00,0.9267,0.937,0.9208,0.9349,330458.07
2024-12-10 21:00:00,0.9349,0.9512,0.933,0.937,322929.09
2024-12-10 22:00:00,0.937,0.9474,0.933,0.9383,845503.92
2024-12-10 23:00:00,0.9383,0.9481,0.9359,0.938,188656.94
2024-12-11 00:00:00,0.938,0.9412,0.9084,0.9193,964261.65
2024-12-11 01:00:00,0.9193,0.9204,0.8943,0.8947,239917.19
2024-12-11 02:00:00,0.8947,0.9367,0.8928,0.934,410440.91
2024-12-11 03:00:00,0.934,0.9411,0.9261,0.9299,184028.0
2024-12-11 04:00:00,0.9299,0.9349,0.9258,0.9314,183408.02
2024-12-11 05:00:00,0.9314,0.9356,0.9206,0.9271,133932.24
2024-12-11 06:00:00,0.9271,0.9353,0.9227,0.9335,156537.88
2024-12-11 07:00:00,0.9335,0.9393,0.9186,0.9189,214122.29
2024-12-11 08:00:00,0.9189,0.9538,0.918,0.9465,498149.14
2024-12-11 09:00:00,0.9465,0.9537,0.9412,0.9537,274046.8
2024-12-11 10:00:00,0.9537,0.9552,0.9424,0.9469,271518.34
2024-12-11 11:00:00,0.9469,0.9593,0.9437,0.9565,491955.91
2024-12-11 12:00:00,0.9565,0.9791,0.9556,0.971,573110.77
2024-12-11 13:00:00,0.971,1.0077,0.9675,0.9951,1013501.91
2024-12-11 14:00:00,0.9951,1.0073,0.981,1.0021,415991.78
2024-12-11 15:00:00,1.0021,1.0206,0.9975,1.0085,842757.71
2024-12-11 16:00:00,1.0085,1.0223,1.004,1.0103,457347.18
2024-12-11 17:00:00,1.0103,1.0154,0.9933,0.9953,472383.49
2024-12-11 18:00:00,0.9953,1.009,0.994,1.0021,260182.52
2024-12-11 19:00:00,1.0021,1.007,0.9992,1.0025,346144.38
2024-12-11 20:00:00,1.0025,1.0098,1.001,1.0063,617422.27
2024-12-11 21:00:00,1.0063,1.0063,0.9978,1.001,190260.99
2024-12-11 22:00:00,1.001,1.0098,0.9992,1.0067,426244.28
2024-12-11 23:00:00,1.0067,1.009,0.9971,0.9993,429407.02
2024-12-12 00:00:00,0.9993,1.0094,0.9917,0.9972,1343631.41
2024-12-12 01:00:00,0.9972,1.0079,0.9964,1.0018,327260.25
2024-12-12 02:00:00,1.0018,1.0467,1.0016,1.04,1422790.36
2024-12-12 03:00:00,1.04,1.0675,1.0294,1.0616,1265457.83
2024-12-12 04:00:00,1.0616,1.0702,1.0461,1.0504,1104782.23
2024-12-12 05:00:00,1.0504,1.0809,1.047,1.0726,922675.03
2024-12-12 06:00:00,1.0726,1.0772,1.0604,1.0704,590764.42
2024-12-12 07:00:00,1.0704,1.0723,1.0527,1.0532,704816.79
2024-12-12 08:00:00,1.0532,1.0709,1.0532,1.0624,412386.24
2024-12-12 09:00:00,1.0624,1.0729,1.0594,1.065,517279.83
2024-12-12 10:00:00,1.065,1.065,1.0464,1.0525,925464.11
2024-12-12 11:00:00,1.0525,1.0546,1.0341,1.0412,963984.62
2024-12-12 12:00:00,1.0412,1.0794,1.0412,1.0776,1140199.08
2024-12-12 13:00:00,1.0776,1.0913,1.0562,1.0704,1441558.6
2024-12-12 14:00:00,1.0704,1.0957,1.0648,1.0943,2139511.83
2024-12-12 15:00:00,1.0943,1.1012,1.0698,1.0748,2243367.45
2024-12-12 16:00:00,1.0748,1.0852,1.0631,1.0691,918069.08
2024-12-12 17:00:00,1.0691,1.0758,1.0613,1.0728,313248.38
2024-12-12 18:00:00,1.0728,1.0749,1.0539,1.0575,350109.29
2024-12-12 19:00:00,1.0575,1.0637,1.027,1.0345,1416580.78
2024-12-12 20:00:00,1.0345,1.0457,1.0249,1.0372,391322.44
2024-12-12 21:00:00,1.0372,1.0417,1.0228,1.0231,233516.87
2024-12-12 22:00:00,1.0231,1.0278,1.0077,1.0216,652874.05
2024-12-12 23:00:00,1.0216,1.0282,1.0158,1.0273,341117.27
2024-12-13 00:00:00,1.0273,1.038,1.0246,1.0266,651741.29
2024-12-13 01:00:00,1.0266,1.0266,1.001,1.0153,721853.1
2024-12-13 02:00:00,1.0153,1.0477,1.0141,1.0353,391180.77
2024-12-13 03:00:00,1.0353,1.0542,1.0306,1.0521,327847.39
2024-12-13 04:00:00,1.0521,1.0636,1.0468,1.0543,468905.33
2024-12-13 05:00:00,1.0543,1.0762,1.0487,1.054,875345.01
2024-12-13 06:00:00,1.054,1.0629,1.0402,1.0405,421086.75
2024-12-13 07:00:00,1.0405,1.051,1.0281,1.0392,1027020.59
2024-12-13 08:00:00,1.0392,1.0572,1.033,1.0442,454199.66
2024-12-13 09:00:00,1.0442,1.0499,1.0333,1.0414,352175.24
2024-12-13 10:00:00,1.0414,1.045,1.0261,1.0432,803985.81
2024-12-13 11:00:00,1.0432,1.0564,1.0422,1.0445,527619.81
2024-12-13 12:00:00,1.0445,1.0559,1.0431,1.0542,540013.41
2024-12-13 13:00:00,1.0542,1.055,1.0362,1.047,1250013.08
2024-12-13 14:00:00,1.047,1.0604,1.0358,1.0592,1890733.06
2024-12-13 15:00:00,1.0592,1.0645,1.0282,1.03,2047694.09
2024-12-13 16:00:00,1.03,1.0461,1.0237,1.0383,797206.06
2024-12-13 17:00:00,1.0383,1.0401,1.0179,1.0318,269781.85
2024-12-13 18:00:00,1.0318,1.0318,1.0157,1.0182,265003.29
2024-12-13 19:00:00,1.0182,1.0299,1.0182,1.0295,117407.41
2024-12-13 20:00:00,1.0295,1.0508,1.0295,1.0441,262625.06
2024-12-13 21:00:00,1.0441,1.0453,1.0245,1.0255,221239.08
2024-12-13 22:00:00,1.0255,1.0263,1.0136,1.0151,240228.55
2024-12-13 23:00:00,1.0151,1.0349,1.0132,1.034,207218.4
2024-12-14 00:00:00,1.034,1.0492,1.0262,1.0336,421862.85
2024-12-14 01:00:00,1.0336,1.0512,1.0336,1.0418,416292.29
2024-12-14 02:00:00,1.0418,1.0418,1.0274,1.0292,384287.54
2024-12-14 03:00:00,1.0292,1.0336,1.0208,1.0266,291658.63
2024-12-14 04:00:00,1.0266,1.0284,1.0192,1.026,358226.21
2024-12-14 05:00:00,1.026,1.0275,1.023,1.0258,151133.69
2024-12-14 06:00:00,1.0258,1.0341,1.0245,1.033,285645.96
2024-12-14 07:00:00,1.033,1.0351,1.028,1.029,153645.79
2024-12-14 08:00:00,1.029,1.042,1.029,1.0409,204648.32
2024-12-14 09:00:00,1.0409,1.0409,1.0248,1.0256,471780.78
2024-12-14 10:00:00,1.0256,1.0288,1.0161,1.0246,1016811.05
2024-12-14 11:00:00,1.0246,1.0276,1.0132,1.0155,332170.04
2024-12-14 12:00:00,1.0155,1.0177,0.9908,0.9941,1704395.0
2024-12-14 13:00:00,0.9941,0.9982,0.9738,0.9799,1830698.32
2024-12-14 14:00:00,0.9799,0.9951,0.9796,0.9901,818790.07
2024-12-14 15:00:00,0.9901,0.9937,0.9845,0.9899,637108.89
2024-12-14 16:00:00,0.9899,0.9899,0.9758,0.9863,659668.75
2024-12-14 17:00:00,0.9863,0.9865,0.9633,0.9706,919948.35
2024-12-14 18:00:00,0.9706,0.9736,0.9572,0.9602,405547.25
2024-12-14 19:00:00,0.9602,0.9704,0.9583,0.9702,125243.07
2024-12-14 20:00:00,0.9702,0.9758,0.9585,0.96,223248.4
2024-12-14 21:00:00,0.96,0.973,0.96,0.9708,433614.41
2024-12-14 22:00:00,0.9708,0.9826,0.9699,0.9796,188844.89
2024-12-14 23:00:00,0.9796,0.9874,0.9785,0.9836,543019.14
2024-12-15 00:00:00,0.9836,0.9867,0.9728,0.978,313503.28
2024-12-15 01:00:00,0.978,0.9978,0.9777,0.995,279413.74
2024-12-15 02:00:00,0.995,0.9984,0.9891,0.9895,238525.24
2024-12-15 03:00:00,0.9895,0.9904,0.9773,0.9774,364453.34
2024-12-15 04:00:00,0.9774,0.994,0.9771,0.9862,417199.66
2024-12-15 05:00:00,0.9862,0.9933,0.9846,0.9859,356174.78
2024-12-15 06:00:00,0.9859,0.9877,0.9733,0.9737,624820.28
2024-12-15 07:00:00,0.9737,0.9771,0.9561,0.9659,753491.93
2024-12-15 08:00:00,0.9659,0.9826,0.9634,0.9811,431452.4
2024-12-15 09:00:00,0.9811,0.984,0.9753,0.982,340853.39
2024-12-15 10:00:00,0.982,0.9859,0.9742,0.9745,279290.73
2024-12-15 11:00:00,0.9745,0.9823,0.9739,0.9805,117429.4
2024-12-15 12:00:00,0.9805,0.9898,0.9763,0.9871,381523.13
2024-12-15 13:00:00,0.9871,1.0003,0.9807,0.9958,697264.87
2024-12-15 14:00:00,0.9958,1.0088,0.9958,1.0088,461781.02
2024-12-15 15:00:00,1.0088,1.01,1.0,1.0011,431751.72
2024-12-15 16:00:00,1.0011,1.0105,0.9983,1.0041,232100.13
2024-12-15 17:00:00,1.0041,1.0055,0.9922,0.9945,319384.9
2024-12-15 18:00:00,0.9945,0.9954,0.9873,0.9948,192647.64
2024-12-15 19:00:00,0.9948,1.0178,0.9946,1.0048,542944.65
2024-12-15 20:00:00,1.0048,1.0064,0.996,0.9969,84932.73
2024-12-15 21:00:00,0.9969,0.9983,0.9648,0.966,651966.3
2024-12-15 22:00:00,0.966,0.9854,0.9584,0.9837,296480.9
2024-12-15 23:00:00,0.9837,1.0214,0.9837,1.0167,602174.89
2024-12-16 00:00:00,1.0167,1.0441,1.011,1.0423,954287.46
2024-12-16 01:00:00,1.0423,1.0553,1.0394,1.0429,708303.24
2024-12-16 02:00:00,1.0429,1.045,1.0091,1.0147,704121.12
2024-12-16 03:00:00,1.0147,1.0194,0.9998,1.0043,554775.41
2024-12-16 04:00:00,1.0043,1.0126,1.0001,1.0054,189172.59
2024-12-16 05:00:00,1.0054,1.0163,0.9977,1.0084,544199.39
2024-12-16 06:00:00,1.0084,1.0156,0.9952,0.9981,495186.31
2024-12-16 07:00:00,0.9981,1.0158,0.9951,1.0095,346116.6
2024-12-16 08:00:00,1.0095,1.0119,0.9938,0.9954,957759.86
2024-12-16 09:00:00,0.9954,0.9985,0.984,0.9868,511411.34
2024-12-16 10:00:00,0.9868,0.9906,0.9797,0.988,549617.01
2024-12-16 11:00:00,0.988,0.9882,0.9697,0.9727,878671.39
2024-12-16 12:00:00,0.9727,0.977,0.9647,0.9669,738166.16
2024-12-16 13:00:00,0.9669,0.983,0.9639,0.9747,350837.6
2024-12-16 14:00:00,0.9747,0.996,0.9747,0.9812,476779.75
2024-12-16 15:00:00,0.9812,0.9926,0.9761,0.9884,344637.58
2024-12-16 16:00:00,0.9884,1.001,0.9874,0.9947,1254067.02
2024-12-16 17:00:00,0.9947,1.0265,0.9947,1.0178,657650.72
2024-12-16 18:00:00,1.0178,1.0452,1.0174,1.0412,834750.93
2024-12-16 19:00:00,1.0412,1.0423,1.015,1.0226,1472083.48
2024-12-16 20:00:00,1.0226,1.0333,1.0155,1.0178,179984.61
2024-12-16 21:00:00,1.0178,1.0301,1.0121,1.0294,534228.5
2024-12-16 22:00:00,1.0294,1.0294,1.0154,1.0186,501373.41
2024-12-16 23:00:00,1.0186,1.0233,1.0009,1.0028,894346.89
2024-12-17 00:00:00,1.0028,1.0047,0.9801,0.9801,529074.64
2024-12-17 01:00:00,0.9801,0.994,0.9767,0.9898,359605.37
2024-12-17 02:00:00,0.9898,1.0076,0.9897,0.9996,477554.92
2024-12-17 03:00:00,0.9996,1.0143,0.9983,1.0101,194436.71
2024-12-17 04:00:00,1.0101,1.0101,0.9873,0.9923,408879.32
2024-12-17 05:00:00,0.9923,1.0033,0.9864,1.0022,227541.11
2024-12-17 06:00:00,1.0022,1.0022,0.9825,0.9899,365080.45
2024-12-17 07:00:00,0.9899,0.9965,0.9754,0.9801,607974.8
2024-12-17 08:00:00,0.9801,0.9896,0.9777,0.9857,361727.5
2024-12-17 09:00:00,0.9857,1.0163,0.9822,1.0074,381806.51
2024-12-17 10:00:00,1.0074,1.0093,0.9924,1.0045,546398.14
2024-12-17 11:00:00,1.0045,1.0109,0.995,0.999,202849.29
2024-12-17 12:00:00,0.999,1.0078,0.9931,0.9993,453223.0
2024-12-17 13:00:00,0.9993,1.0046,0.9925,0.9948,333794.92
2024-12-17 14:00:00,0.9948,0.9954,0.9757,0.9903,1193656.25
2024-12-17 15:00:00,0.9903,0.9903,0.9583,0.9656,1585138.76
2024-12-17 16:00:00,0.9656,0.9759,0.9544,0.9719,485825.9
2024-12-17 17:00:00,0.9719,0.9896,0.9687,0.9825,195501.61
2024-12-17 18:00:00,0.9825,0.9886,0.9684,0.9706,314896.09
2024-12-17 19:00:00,0.9706,0.978,0.9656,0.9751,107940.0
2024-12-17 20:00:00,0.9751,0.9812,0.9705,0.972,55687.49
2024-12-17 21:00:00,0.972,0.9761,0.9626,0.9676,514789.16
2024-12-17 22:00:00,0.9676,0.9686,0.9406,0.9472,1180071.59
2024-12-17 23:00:00,0.9472,0.9484,0.9334,0.948,620163.17
2024-12-18 00:00:00,0.948,0.9539,0.935,0.9446,700472.84
2024-12-18 01:00:00,0.9446,0.955,0.9367,0.939,488396.48
2024-12-18 02:00:00,0.939,0.9511,0.9355,0.9449,307547.34
2024-12-18 03:00:00,0.9449,0.9474,0.9335,0.9358,333586.84
2024-12-18 04:00:00,0.9358,0.937,0.9161,0.9281,860421.53
2024-12-18 05:00:00,0.9281,0.9369,0.9241,0.9291,249843.57
2024-12-18 06:00:00,0.9291,0.9363,0.9166,0.9257,561483.43
2024-12-18 07:00:00,0.9257,0.9345,0.9237,0.93,191182.03
2024-12-18 08:00:00,0.93,0.9357,0.9266,0.9296,134223.47
2024-12-18 09:00:00,0.9296,0.9423,0.9293,0.9396,232249.13
2024-12-18 10:00:00,0.9396,0.9417,0.9331,0.941,241210.57
2024-12-18 11:00:00,0.941,0.9472,0.9406,0.9438,145313.06
2024-12-18 12:00:00,0.9438,0.9449,0.9168,0.9241,554002.1
2024-12-18 13:00:00,0.9241,0.9341,0.9207,0.9278,339640.33
2024-12-18 14:00:00,0.9278,0.9384,0.9255,0.9256,360952.69
2024-12-18 15:00:00,0.9256,0.937,0.9191,0.9315,500908.51
2024-12-18 16:00:00,0.9315,0.9421,0.9254,0.9385,279212.22
2024-12-18 17:00:00,0.9385,0.9457,0.9249,0.9403,563348.68
2024-12-18 18:00:00,0.9403,0.9534,0.9377,0.9521,338524.07
2024-12-18 19:00:00,0.9521,0.955,0.91,0.91,1089140.01
2024-12-18 20:00:00,0.91,0.9187,0.8458,0.88,8156004.54
2024-12-18 21:00:00,0.88,0.8901,0.8695,0.8793,591745.46
2024-12-18 22:00:00,0.8793,0.8852,0.8694,0.8728,218618.85
2024-12-18 23:00:00,0.8728,0.8766,0.8575,0.8607,610586.27
2024-12-19 00:00:00,0.8607,0.8714,0.8526,0.8641,574344.5
2024-12-19 01:00:00,0.8641,0.8644,0.83,0.839,1206339.37
2024-12-19 02:00:00,0.839,0.8427,0.8013,0.8424,4891824.27
2024-12-19 03:00:00,0.8424,0.8599,0.8404,0.8581,459061.71
2024-12-19 04:00:00,0.8581,0.8617,0.8525,0.8526,882809.5
2024-12-19 05:00:00,0.8526,0.8575,0.8491,0.854,270089.16
2024-12-19 06:00:00,0.854,0.8546,0.8444,0.8491,282199.5
2024-12-19 07:00:00,0.8491,0.8563,0.8479,0.8561,764645.92
2024-12-19 08:00:00,0.8561,0.8561,0.8406,0.8421,362519.23
2024-12-19 09:00:00,0.8421,0.8545,0.8414,0.8531,220759.9
2024-12-19 10:00:00,0.8531,0.8721,0.8468,0.8666,751906.59
2024-12-19 11:00:00,0.8666,0.868,0.8589,0.8626,795741.39
2024-12-19 12:00:00,0.8626,0.8641,0.8416,0.8441,503262.45
2024-12-19 13:00:00,0.8441,0.8545,0.8418,0.8494,243462.72
2024-12-19 14:00:00,0.8494,0.865,0.8419,0.8442,584062.3
2024-12-19 15:00:00,0.8442,0.8448,0.8197,0.8381,832828.45
2024-12-19 16:00:00,0.8381,0.8401,0.827,0.8399,287905.06
2024-12-19 17:00:00,0.8399,0.841,0.7758,0.7961,2589622.57
2024-12-19 18:00:00,0.7961,0.7969,0.7604,0.795,3308474.68
2024-12-19 19:00:00,0.795,0.7994,0.7605,0.776,1171473.25
2024-12-19 20:00:00,0.776,0.7825,0.7514,0.7751,1075522.14
2024-12-19 21:00:00,0.7751,0.8011,0.7699,0.7903,911275.1
2024-12-19 22:00:00,0.7903,0.7992,0.7883,0.795,233619.99
2024-12-19 23:00:00,0.795,0.7963,0.7793,0.7793,197574.51
2024-12-20 00:00:00,0.7793,0.7952,0.765,0.7894,288103.06
2024-12-20 01:00:00,0.7894,0.7963,0.7834,0.7866,136019.56
2024-12-20 02:00:00,0.7866,0.814,0.7866,0.8094,266613.3
2024-12-20 03:00:00,0.8094,0.8102,0.7962,0.7981,1306135.02
2024-12-20 04:00:00,0.7981,0.8043,0.7905,0.7912,330379.02
2024-12-20 05:00:00,0.7912,0.7952,0.7802,0.7805,288982.67
2024-12-20 06:00:00,0.7805,0.7908,0.7643,0.7718,807308.69
2024-12-20 07:00:00,0.7718,0.7981,0.7718,0.782,695234.84
2024-12-20 08:00:00,0.782,0.7828,0.7257,0.7316,2739200.21
2024-12-20 09:00:00,0.7316,0.7399,0.7133,0.7155,1865542.51
2024-12-20 10:00:00,0.7155,0.722,0.6905,0.6971,4384543.51
2024-12-20 11:00:00,0.6971,0.7098,0.667,0.6717,2801780.37
2024-12-20 12:00:00,0.6717,0.7187,0.6696,0.7127,1797433.19
2024-12-20 13:00:00,0.7127,0.7348,0.7038,0.7323,846515.36
2024-12-20 14:00:00,0.7323,0.7461,0.7246,0.7373,1138442.48
2024-12-20 15:00:00,0.7373,0.7608,0.7372,0.7551,783373.25
2024-12-20 16:00:00,0.7551,0.7744,0.7497,0.7636,383155.52
2024-12-20 17:00:00,0.7636,0.7822,0.7592,0.7791,481848.2
2024-12-20 18:00:00,0.7791,0.7817,0.7726,0.777,214430.25
2024-12-20 19:00:00,0.777,0.8025,0.7759,0.7916,425615.82
2024-12-20 20:00:00,0.7916,0.7955,0.7826,0.7837,195941.75
2024-12-20 21:00:00,0.7837,0.7882,0.7705,0.7881,336704.19
2024-12-20 22:00:00,0.7881,0.8021,0.7846,0.7984,411342.86
2024-12-20 23:00:00,0.7984,0.8055,0.7931,0.796,383133.91
2024-12-21 00:00:00,0.796,0.7986,0.7871,0.7904,392795.46
2024-12-21 01:00:00,0.7904,0.8074,0.7892,0.8009,344416.06
2024-12-21 02:00:00,0.8009,0.8076,0.7933,0.7988,131396.29
2024-12-21 03:00:00,0.7988,0.8018,0.7939,0.8005,302100.56
2024-12-21 04:00:00,0.8005,0.8084,0.7978,0.8071,149427.59
2024-12-21 05:00:00,0.8071,0.8332,0.8059,0.8331,381973.44
2024-12-21 06:00:00,0.8331,0.8351,0.825,0.8328,507369.98
2024-12-21 07:00:00,0.8328,0.8468,0.8328,0.834,466890.09
2024-12-21 08:00:00,0.834,0.8367,0.8117,0.8125,760464.12
2024-12-21 09:00:00,0.8125,0.8156,0.8036,0.8131,454793.06
2024-12-21 10:00:00,0.8131,0.8226,0.8076,0.8115,357810.14
2024-12-21 11:00:00,0.8115,0.814,0.7952,0.8023,698043.9
2024-12-21 12:00:00,0.8023,0.8038,0.776,0.7762,932140.09
2024-12-21 13:00:00,0.7762,0.7831,0.7491,0.7673,1604595.71
2024-12-21 14:00:00,0.7673,0.775,0.7559,0.757,1088489.92
2024-12-21 15:00:00,0.757,0.7694,0.757,0.7654,396511.95
2024-12-21 16:00:00,0.7654,0.7658,0.7497,0.7537,1104835.44
2024-12-21 17:00:00,0.7537,0.7588,0.7442,0.7538,954880.68
2024-12-21 18:00:00,0.7538,0.7573,0.7411,0.7445,389185.26
2024-12-21 19:00:00,0.7445,0.7452,0.732,0.7425,429521.25
2024-12-21 20:00:00,0.7425,0.7538,0.7389,0.7455,472566.61
2024-12-21 21:00:00,0.7455,0.75,0.7366,0.7418,146230.73
2024-12-21 22:00:00,0.7418,0.7473,0.7338,0.7433,235750.5
2024-12-21 23:00:00,0.7433,0.7489,0.7341,0.7489,112573.94
2024-12-22 00:00:00,0.7489,0.7568,0.7405,0.7509,512124.74
2024-12-22 01:00:00,0.7509,0.7571,0.7405,0.7509,213094.14
2024-12-22 02:00:00,0.7509,0.7538,0.7415,0.7443,91121.53
2024-12-22 03:00:00,0.7443,0.7521,0.7356,0.7484,167418.84
2024-12-22 04:00:00,0.7484,0.7503,0.7348,0.735,240316.26
2024-12-22 05:00:00,0.735,0.743,0.7268,0.7394,230857.57
2024-12-22 06:00:00,0.7394,0.7473,0.7361,0.7463,47918.26
2024-12-22 07:00:00,0.7463,0.7489,0.7398,0.7426,171709.87
2024-12-22 08:00:00,0.7426,0.7575,0.7425,0.7528,440869.83
2024-12-22 09:00:00,0.7528,0.7683,0.7486,0.7608,599436.08
2024-12-22 10:00:00,0.7608,0.7694,0.7593,0.7621,615177.17
2024-12-22 11:00:00,0.7621,0.7642,0.7567,0.7599,187760.8
2024-12-22 12:00:00,0.7599,0.7693,0.755,0.7613,773252.66
2024-12-22 13:00:00,0.7613,0.7706,0.7558,0.7639,1145386.18
2024-12-22 14:00:00,0.7639,0.7667,0.7357,0.7362,658076.99
2024-12-22 15:00:00,0.7362,0.7501,0.7362,0.7451,241395.7
2024-12-22 16:00:00,0.7451,0.759,0.7386,0.7564,326003.69
2024-12-22 17:00:00,0.7564,0.757,0.7498,0.751,101717.72
2024-12-22 18:00:00,0.751,0.7595,0.7471,0.7497,117796.86
2024-12-22 19:00:00,0.7497,0.7507,0.7271,0.7303,280457.36
2024-12-22 20:00:00,0.7303,0.7461,0.7203,0.7458,735253.58
2024-12-22 21:00:00,0.7458,0.7549,0.7424,0.7472,253678.27
2024-12-22 22:00:00,0.7472,0.7505,0.7341,0.7501,319135.95
2024-12-22 23:00:00,0.7501,0.7562,0.743,0.7465,288948.36
2024-12-23 00:00:00,0.7465,0.7474,0.7339,0.7379,185035.52
2024-12-23 01:00:00,0.7379,0.749,0.7251,0.7375,531952.44
2024-12-23 02:00:00,0.7375,0.7474,0.7307,0.7465,142201.44
2024-12-23 03:00:00,0.7465,0.7719,0.7432,0.7687,530342.91
2024-12-23 04:00:00,0.7687,0.7738,0.7606,0.7635,673798.85
2024-12-23 05:00:00,0.7635,0.766,0.7541,0.7592,270426.82
2024-12-23 06:00:00,0.7592,0.7611,0.7413,0.7456,556777.03
2024-12-23 07:00:00,0.7456,0.7544,0.7436,0.7537,293883.01
2024-12-23 08:00:00,0.7537,0.7614,0.7528,0.7607,148807.35
2024-12-23 09:00:00,0.7607,0.7715,0.7605,0.7666,484138.28
2024-12-23 10:00:00,0.7666,0.7698,0.7609,0.7662,349799.05
2024-12-23 11:00:00,0.7662,0.7676,0.7572,0.76,110291.69
2024-12-23 12:00:00,0.76,0.7712,0.7599,0.7678,350197.82
2024-12-23 13:00:00,0.7678,0.7696,0.7525,0.7572,1219253.23
2024-12-23 14:00:00,0.7572,0.7711,0.7481,0.7574,991290.41
2024-12-23 15:00:00,0.7574,0.7586,0.7483,0.7491,547904.72
2024-12-23 16:00:00,0.7491,0.7816,0.7487,0.7747,766081.15
2024-12-23 17:00:00,0.7747,0.7777,0.7623,0.766,685780.56
2024-12-23 18:00:00,0.766,0.7687,0.754,0.7558,220650.83
2024-12-23 19:00:00,0.7558,0.7733,0.7558,0.7696,327992.81
2024-12-23 20:00:00,0.7696,0.8007,0.7692,0.7975,511113.75
2024-12-23 21:00:00,0.7975,0.8168,0.797,0.8,968270.62
2024-12-23 22:00:00,0.8,0.813,0.7992,0.8115,514507.99
2024-12-23 23:00:00,0.8115,0.8137,0.7946,0.8001,465838.08
2024-12-24 00:00:00,0.8001,0.8015,0.7904,0.8008,300963.65
2024-12-24 01:00:00,0.8008,0.8026,0.7839,0.7855,481062.78
2024-12-24 02:00:00,0.7855,0.7925,0.781,0.7885,306747.84
2024-12-24 03:00:00,0.7885,0.796,0.7885,0.7957,72746.53
2024-12-24 04:00:00,0.7957,0.802,0.7907,0.802,126102.05
2024-12-24 05:00:00,0.802,0.8074,0.7989,0.8064,332010.85
2024-12-24 06:00:00,0.8064,0.8072,0.7911,0.7934,167427.02
2024-12-24 07:00:00,0.7934,0.7991,0.79,0.7957,204483.42
2024-12-24 08:00:00,0.7957,0.8027,0.7917,0.802,268564.24
2024-12-24 09:00:00,0.802,0.802,0.7896,0.7956,365026.44
2024-12-24 10:00:00,0.7956,0.7966,0.7901,0.7927,628127.87
2024-12-24 11:00:00,0.7927,0.8031,0.7916,0.8027,123314.05
2024-12-24 12:00:00,0.8027,0.8037,0.7954,0.8019,221372.78
2024-12-24 13:00:00,0.8019,0.821,0.799,0.8204,584709.31
2024-12-24 14:00:00,0.8204,0.823,0.8132,0.82,647738.9
2024-12-24 15:00:00,0.82,0.8381,0.8159,0.8291,973166.99
2024-12-24 16:00:00,0.8291,0.8367,0.8215,0.8252,956328.01
2024-12-24 17:00:00,0.8252,0.8287,0.8166,0.8228,168384.07
2024-12-24 18:00:00,0.8228,0.8312,0.8194,0.822,180563.39
2024-12-24 19:00:00,0.822,0.8226,0.8115,0.8116,318405.82
2024-12-24 20:00:00,0.8116,0.8125,0.7973,0.8039,520264.4
2024-12-24 21:00:00,0.8039,0.8177,0.8027,0.8177,107504.15
2024-12-24 22:00:00,0.8177,0.8199,0.8115,0.8166,208060.09
2024-12-24 23:00:00,0.8166,0.8211,0.8151,0.8177,112686.17
2024-12-25 00:00:00,0.8177,0.8189,0.812,0.8146,206593.77
2024-12-25 01:00:00,0.8146,0.8174,0.8084,0.8113,230277.33
2024-12-25 02:00:00,0.8113,0.8133,0.8047,0.8102,138688.39
2024-12-25 03:00:00,0.8102,0.8122,0.8022,0.8048,223139.94
2024-12-25 04:00:00,0.8048,0.8104,0.8016,0.8081,88581.11
2024-12-25 05:00:00,0.8081,0.8113,0.8056,0.8097,119706.14
2024-12-25 06:00:00,0.8097,0.8145,0.8023,0.8031,150980.92
2024-12-25 07:00:00,0.8031,0.8081,0.7978,0.8003,286926.53
2024-12-25 08:00:00,0.8003,0.8068,0.7986,0.8033,166414.19
2024-12-25 09:00:00,0.8033,0.8058,0.7998,0.8032,155788.34
2024-12-25 10:00:00,0.8032,0.8223,0.8021,0.8087,436335.46
2024-12-25 11:00:00,0.8087,0.8131,0.7955,0.7966,1781544.73
2024-12-25 12:00:00,0.7966,0.8045,0.7934,0.8018,560526.98
2024-12-25 13:00:00,0.8018,0.806,0.7997,0.8023,298973.69
2024-12-25 14:00:00,0.8023,0.81,0.8007,0.8049,186259.15
2024-12-25 15:00:00,0.8049,0.8062,0.7947,0.7969,316415.3
2024-12-25 16:00:00,0.7969,0.8006,0.7872,0.7937,545582.25
2024-12-25 17:00:00,0.7937,0.7993,0.7915,0.7993,111227.39
2024-12-25 18:00:00,0.7993,0.8017,0.7972,0.8002,239191.32
2024-12-25 19:00:00,0.8002,0.8054,0.7985,0.8031,192676.18
2024-12-25 20:00:00,0.8031,0.805,0.7933,0.7952,236060.45
2024-12-25 21:00:00,0.7952,0.7993,0.7891,0.7949,126199.01
2024-12-25 22:00:00,0.7949,0.8027,0.7924,0.798,116818.89
2024-12-25 23:00:00,0.798,0.8064,0.7977,0.8052,125420.12
2024-12-26 00:00:00,0.8052,0.8108,0.7943,0.7963,713079.51
2024-12-26 01:00:00,0.7963,0.8008,0.7913,0.7947,443273.88
2024-12-26 02:00:00,0.7947,0.7963,0.7873,0.7887,567421.83
2024-12-26 03:00:00,0.7887,0.7905,0.7831,0.7862,310043.76
2024-12-26 04:00:00,0.7862,0.7862,0.7755,0.7788,569952.47
2024-12-26 05:00:00,0.7788,0.7799,0.7746,0.7783,150191.88
2024-12-26 06:00:00,0.7783,0.7788,0.7716,0.7758,246963.67
2024-12-26 07:00:00,0.7758,0.7786,0.7706,0.7724,378587.62
2024-12-26 08:00:00,0.7724,0.7741,0.747,0.7567,1144629.57
2024-12-26 09:00:00,0.7567,0.7645,0.7561,0.7614,761139.19
2024-12-26 10:00:00,0.7614,0.7627,0.7565,0.7606,366961.61
2024-12-26 11:00:00,0.7606,0.7648,0.7595,0.7605,309099.52
2024-12-26 12:00:00,0.7605,0.761,0.7545,0.7559,308609.03
2024-12-26 13:00:00,0.7559,0.7562,0.7485,0.7543,221809.62
2024-12-26 14:00:00,0.7543,0.7613,0.7474,0.7511,424126.12
2024-12-26 15:00:00,0.7511,0.7561,0.7462,0.7502,161783.57
2024-12-26 16:00:00,0.7502,0.7562,0.7481,0.7547,190036.86
2024-12-26 17:00:00,0.7547,0.7547,0.7374,0.7438,430235.67
2024-12-26 18:00:00,0.7438,0.7518,0.7415,0.7508,111932.53
2024-12-26 19:00:00,0.7508,0.7521,0.7456,0.7512,110144.78
2024-12-26 20:00:00,0.7512,0.7524,0.7461,0.7486,192584.67
2024-12-26 21:00:00,0.7486,0.7533,0.7424,0.7521,53778.25
2024-12-26 22:00:00,0.7521,0.759,0.7521,0.7549,119758.97
2024-12-26 23:00:00,0.7549,0.7554,0.7475,0.7534,190001.17
2024-12-27 00:00:00,0.7534,0.7573,0.7482,0.7562,210539.51
2024-12-27 01:00:00,0.7562,0.7679,0.7549,0.7652,262617.0
2024-12-27 02:00:00,0.7652,0.774,0.7616,0.7638,313727.77
2024-12-27 03:00:00,0.7638,0.7688,0.7606,0.7671,340919.17
2024-12-27 04:00:00,0.7671,0.7721,0.7608,0.7614,385085.8
2024-12-27 05:00:00,0.7614,0.7659,0.7567,0.7658,205132.73
2024-12-27 06:00:00,0.7658,0.7732,0.7639,0.7731,143874.9
2024-12-27 07:00:00,0.7731,0.774,0.7511,0.7575,869355.68
2024-12-27 08:00:00,0.7575,0.7729,0.7575,0.7663,527897.82
2024-12-27 09:00:00,0.7663,0.7935,0.7663,0.79,715338.91
2024-12-27 10:00:00,0.79,0.792,0.7756,0.7835,831864.41
2024-12-27 11:00:00,0.7835,0.7919,0.7808,0.7909,198226.37
2024-12-27 12:00:00,0.7909,0.7944,0.7882,0.7917,125057.7
2024-12-27 13:00:00,0.7917,0.7927,0.783,0.7846,249413.26
2024-12-27 14:00:00,0.7846,0.7846,0.767,0.7733,332336.51
2024-12-27 15:00:00,0.7733,0.7741,0.7565,0.7621,774272.13
2024-12-27 16:00:00,0.7621,0.7647,0.7558,0.7613,1107232.64
2024-12-27 17:00:00,0.7613,0.7814,0.7586,0.7804,1015551.05
2024-12-27 18:00:00,0.7804,0.7807,0.772,0.7746,87312.72
2024-12-27 19:00:00,0.7746,0.7746,0.7677,0.771,225843.32
2024-12-27 20:00:00,0.771,0.7718,0.7635,0.7657,920017.31
2024-12-27 21:00:00,0.7657,0.7664,0.7556,0.7557,1372636.09
2024-12-27 22:00:00,0.7557,0.7622,0.751,0.7559,358850.24
2024-12-27 23:00:00,0.7559,0.7609,0.7535,0.7599,208793.74
2024-12-28 00:00:00,0.7599,0.7626,0.7575,0.7605,274667.45
2024-12-28 01:00:00,0.7605,0.761,0.7518,0.7554,155480.9
2024-12-28 02:00:00,0.7554,0.7607,0.7534,0.7536,23580.62
2024-12-28 03:00:00,0.7536,0.7614,0.7536,0.7594,37370.08
2024-12-28 04:00:00,0.7594,0.7596,0.754,0.7556,32858.49
2024-12-28 05:00:00,0.7556,0.7613,0.7555,0.7581,129620.34
2024-12-28 06:00:00,0.7581,0.7585,0.7506,0.7511,744650.92
2024-12-28 07:00:00,0.7511,0.7561,0.7479,0.7492,544411.17
2024-12-28 08:00:00,0.7492,0.7553,0.7489,0.7549,132736.26
2024-12-28 09:00:00,0.7549,0.7595,0.7546,0.7578,48567.34
2024-12-28 10:00:00,0.7578,0.7585,0.7511,0.7513,125839.28
2024-12-28 11:00:00,0.7513,0.76,0.7513,0.7598,148829.81
2024-12-28 12:00:00,0.7598,0.7598,0.7523,0.7532,98611.92
2024-12-28 13:00:00,0.7532,0.7654,0.7525,0.7642,194457.67
2024-12-28 14:00:00,0.7642,0.7737,0.7611,0.763,765166.82
2024-12-28 15:00:00,0.763,0.7714,0.7623,0.7629,156710.72
2024-12-28 16:00:00,0.7629,0.771,0.7617,0.7705,135593.41
2024-12-28 17:00:00,0.7705,0.7792,0.769,0.7736,142332.96
2024-12-28 18:00:00,0.7736,0.7749,0.7683,0.7695,147596.72
2024-12-28 19:00:00,0.7695,0.7727,0.7689,0.7711,110747.85
2024-12-28 20:00:00,0.7711,0.7728,0.7694,0.7717,111474.38
2024-12-28 21:00:00,0.7717,0.7761,0.7699,0.7761,658282.93
2024-12-28 22:00:00,0.7761,0.7824,0.7742,0.7791,346038.88
2024-12-28 23:00:00,0.7791,0.7791,0.7742,0.7759,162416.11
2024-12-29 00:00:00,0.7759,0.7769,0.7707,0.7728,153616.28
2024-12-29 01:00:00,0.7728,0.7751,0.7671,0.7682,153684.88
2024-12-29 02:00:00,0.7682,0.783,0.7679,0.7767,352864.04
2024-12-29 03:00:00,0.7767,0.7781,0.774,0.7774,176616.66
2024-12-29 04:00:00,0.7774,0.7791,0.7736,0.7752,55633.93
2024-12-29 05:00:00,0.7752,0.7758,0.7734,0.7743,21187.87
2024-12-29 06:00:00,0.7743,0.7777,0.77,0.7775,56892.23
2024-12-29 07:00:00,0.7775,0.7822,0.7755,0.7811,135667.79
2024-12-29 08:00:00,0.7811,0.7821,0.7733,0.7743,295243.09
2024-12-29 09:00:00,0.7743,0.7771,0.7707,0.7767,749529.23
2024-12-29 10:00:00,0.7767,0.7789,0.7753,0.776,640340.21
2024-12-29 11:00:00,0.776,0.7774,0.7718,0.7722,762745.21
2024-12-29 12:00:00,0.7722,0.7741,0.7653,0.7673,449737.23
2024-12-29 13:00:00,0.7673,0.7723,0.7651,0.7711,126690.72
2024-12-29 14:00:00,0.7711,0.7765,0.7565,0.7616,772755.7
2024-12-29 15:00:00,0.7616,0.7635,0.7586,0.7613,338547.36
2024-12-29 16:00:00,0.7613,0.7613,0.7515,0.753,288921.22
2024-12-29 17:00:00,0.753,0.7587,0.7504,0.7553,244085.76
2024-12-29 18:00:00,0.7553,0.7567,0.7512,0.7534,153343.43
2024-12-29 19:00:00,0.7534,0.7551,0.7512,0.7526,39767.17
2024-12-29 20:00:00,0.7526,0.7526,0.7436,0.7516,599499.6
2024-12-29 21:00:00,0.7516,0.7529,0.7454,0.748,387689.06
2024-12-29 22:00:00,0.748,0.7486,0.7318,0.739,1169781.83
2024-12-29 23:00:00,0.739,0.7441,0.7346,0.742,491934.3
2024-12-30 00:00:00,0.742,0.7513,0.7388,0.7482,178615.92
2024-12-30 01:00:00,0.7482,0.7693,0.7482,0.7609,411543.9
2024-12-30 02:00:00,0.7609,0.7641,0.7553,0.7603,153228.2
2024-12-30 03:00:00,0.7603,0.765,0.757,0.7576,120370.11
2024-12-30 04:00:00,0.7576,0.7628,0.7545,0.7549,133666.79
2024-12-30 05:00:00,0.7549,0.7594,0.7526,0.7588,427736.88
2024-12-30 06:00:00,0.7588,0.7694,0.7588,0.7685,394579.31
2024-12-30 07:00:00,0.7685,0.7698,0.7594,0.766,253489.64
2024-12-30 08:00:00,0.766,0.7704,0.7606,0.7641,146640.26
2024-12-30 09:00:00,0.7641,0.7644,0.7584,0.7618,229107.64
2024-12-30 10:00:00,0.7618,0.7645,0.759,0.761,212787.82
2024-12-30 11:00:00,0.761,0.7648,0.755,0.7637,296912.26
2024-12-30 12:00:00,0.7637,0.7711,0.7615,0.7635,93955.41
2024-12-30 13:00:00,0.7635,0.7655,0.7341,0.7343,675702.85
2024-12-30 14:00:00,0.7343,0.7406,0.7223,0.7272,703343.05
2024-12-30 15:00:00,0.7272,0.7333,0.7238,0.7291,263792.6
2024-12-30 16:00:00,0.7291,0.7324,0.7174,0.7233,434280.61
2024-12-30 17:00:00,0.7233,0.7468,0.7221,0.7442,432978.9
2024-12-30 18:00:00,0.7442,0.7497,0.7414,0.7494,197096.7
2024-12-30 19:00:00,0.7494,0.7508,0.7443,0.7471,242191.01
2024-12-30 20:00:00,0.7471,0.7551,0.7471,0.7498,272327.82
2024-12-30 21:00:00,0.7498,0.7501,0.7233,0.7254,453740.5
2024-12-30 22:00:00,0.7254,0.7364,0.7245,0.732,234648.44
2024-12-30 23:00:00,0.732,0.7342,0.7285,0.733,86051.07
2024-12-31 00:00:00,0.733,0.733,0.7186,0.7194,329377.64
2024-12-31 01:00:00,0.7194,0.7216,0.7133,0.7203,481534.09
2024-12-31 02:00:00,0.7203,0.7237,0.7167,0.7219,118304.34
2024-12-31 03:00:00,0.7219,0.7229,0.7178,0.7195,278461.62
2024-12-31 04:00:00,0.7195,0.7251,0.7148,0.7162,394494.88
2024-12-31 05:00:00,0.7162,0.7221,0.7143,0.721,39615.3
2024-12-31 06:00:00,0.721,0.7263,0.719,0.723,93896.15
2024-12-31 07:00:00,0.723,0.7258,0.7206,0.7219,49636.85
2024-12-31 08:00:00,0.7219,0.7421,0.7219,0.732,443521.11
2024-12-31 09:00:00,0.732,0.7364,0.731,0.735,104525.16
2024-12-31 10:00:00,0.735,0.7366,0.729,0.734,177510.2
2024-12-31 11:00:00,0.734,0.7378,0.7333,0.7366,185277.23
2024-12-31 12:00:00,0.7366,0.7419,0.7343,0.7343,288726.19
2024-12-31 13:00:00,0.7343,0.753,0.7343,0.7494,373666.65
2024-12-31 14:00:00,0.7494,0.7589,0.7458,0.7474,245110.37
2024-12-31 15:00:00,0.7474,0.7502,0.7413,0.7451,284187.67
2024-12-31 16:00:00,0.7451,0.746,0.7366,0.7433,481310.21
2024-12-31 17:00:00,0.7433,0.7433,0.7199,0.7302,857176.96
2024-12-31 18:00:00,0.7302,0.7327,0.7273,0.73,316954.63
2024-12-31 19:00:00,0.73,0.7312,0.7256,0.7285,249751.41
2024-12-31 20:00:00,0.7285,0.7311,0.7238,0.7258,241190.06
2024-12-31 21:00:00,0.7258,0.7294,0.7217,0.7274,173336.33
2024-12-31 22:00:00,0.7274,0.7274,0.7192,0.7218,110815.52
2024-12-31 23:00:00,0.7218,0.7237,0.7201,0.7217,242406.77
2025-01-01 00:00:00,0.7217,0.7319,0.7211,0.7317,244627.99
2025-01-01 01:00:00,0.7317,0.7317,0.7207,0.7227,411126.82
2025-01-01 02:00:00,0.7227,0.7277,0.7227,0.7265,204556.28
2025-01-01 03:00:00,0.7265,0.7265,0.7223,0.7244,43742.83
2025-01-01 04:00:00,0.7244,0.7244,0.7186,0.7198,273449.62
2025-01-01 05:00:00,0.7198,0.7235,0.7194,0.7212,200065.39
2025-01-01 06:00:00,0.7212,0.7217,0.7163,0.7202,180639.9
2025-01-01 07:00:00,0.7202,0.7211,0.7179,0.7203,185092.08
2025-01-01 08:00:00,0.7203,0.7211,0.7118,0.712,599056.85
2025-01-01 09:00:00,0.712,0.7143,0.7041,0.7092,1020027.48
2025-01-01 10:00:00,0.7092,0.7123,0.7085,0.7097,154302.9
2025-01-01 11:00:00,0.7097,0.7176,0.7076,0.7153,223163.63
2025-01-01 12:00:00,0.7153,0.7202,0.7142,0.7195,295927.7
2025-01-01 13:00:00,0.7195,0.7234,0.7177,0.7223,158408.59
2025-01-01 14:00:00,0.7223,0.7276,0.7181,0.7242,215160.17
2025-01-01 15:00:00,0.7242,0.7303,0.7217,0.7298,67415.78
2025-01-01 16:00:00,0.7298,0.7324,0.7244,0.7266,261998.04
2025-01-01 17:00:00,0.7266,0.7294,0.7198,0.7294,187140.76
2025-01-01 18:00:00,0.7294,0.7392,0.7262,0.7389,144613.35
2025-01-01 19:00:00,0.7389,0.7438,0.7344,0.7427,281735.21
2025-01-01 20:00:00,0.7427,0.7473,0.7427,0.7468,359013.93
2025-01-01 21:00:00,0.7468,0.7495,0.7434,0.7491,244288.57
2025-01-01 22:00:00,0.7491,0.7499,0.745,0.7499,170690.34
2025-01-01 23:00:00,0.7499,0.7503,0.744,0.7458,300219.88
2025-01-02 00:00:00,0.7458,0.7635,0.7458,0.7605,526102.83
2025-01-02 01:00:00,0.7605,0.7651,0.7549,0.7559,317904.16
2025-01-02 02:00:00,0.7559,0.7607,0.7534,0.7602,192523.66
2025-01-02 03:00:00,0.7602,0.7621,0.757,0.757,128469.83
2025-01-02 04:00:00,0.757,0.7679,0.7567,0.7654,162328.83
2025-01-02 05:00:00,0.7654,0.7675,0.7605,0.7638,244279.24
2025-01-02 06:00:00,0.7638,0.7656,0.7573,0.7621,346746.53
2025-01-02 07:00:00,0.7621,0.7682,0.7598,0.7678,239198.65
2025-01-02 08:00:00,0.7678,0.7741,0.765,0.7738,229384.6
2025-01-02 09:00:00,0.7738,0.7799,0.7707,0.7792,246318.89
2025-01-02 10:00:00,0.7792,0.7828,0.7752,0.7807,380470.43
2025-01-02 11:00:00,0.7807,0.7811,0.775,0.7786,631379.23
2025-01-02 12:00:00,0.7786,0.7854,0.7755,0.7842,624088.9
2025-01-02 13:00:00,0.7842,0.7844,0.7775,0.7789,599994.32
2025-01-02 14:00:00,0.7789,0.7875,0.7717,0.7817,903501.42
2025-01-02 15:00:00,0.7817,0.7837,0.7724,0.7736,589723.99
2025-01-02 16:00:00,0.7736,0.7816,0.7702,0.7777,1041778.82
2025-01-02 17:00:00,0.7777,0.7812,0.7683,0.7726,405147.6
2025-01-02 18:00:00,0.7726,0.7767,0.7698,0.7763,115238.22
2025-01-02 19:00:00,0.7763,0.7794,0.7735,0.7739,197207.14
2025-01-02 20:00:00,0.7739,0.7789,0.7715,0.7732,280636.65
2025-01-02 21:00:00,0.7732,0.7743,0.7706,0.7727,82985.83
2025-01-02 22:00:00,0.7727,0.7743,0.7641,0.7735,212006.19
2025-01-02 23:00:00,0.7735,0.7782,0.7709,0.7759,160095.36
2025-01-03 00:00:00,0.7759,0.7796,0.7712,0.7716,78813.42
2025-01-03 01:00:00,0.7716,0.7744,0.767,0.7742,198142.66
2025-01-03 02:00:00,0.7742,0.7813,0.7714,0.7747,699504.12
2025-01-03 03:00:00,0.7747,0.7773,0.7729,0.7757,59193.99
2025-01-03 04:00:00,0.7757,0.7757,0.7695,0.7707,83254.08
2025-01-03 05:00:00,0.7707,0.7715,0.7652,0.77,290907.18
2025-01-03 06:00:00,0.77,0.7744,0.7678,0.7681,142213.57
2025-01-03 07:00:00,0.7681,0.7693,0.7613,0.7634,471219.0
2025-01-03 08:00:00,0.7634,0.7685,0.7618,0.766,359187.68
2025-01-03 09:00:00,0.766,0.7801,0.766,0.7777,322640.11
2025-01-03 10:00:00,0.7777,0.7811,0.7744,0.7797,319795.84
2025-01-03 11:00:00,0.7797,0.7937,0.7797,0.7933,479271.27
2025-01-03 12:00:00,0.7933,0.7993,0.7905,0.7949,606861.39
2025-01-03 13:00:00,0.7949,0.805,0.7949,0.8002,772196.46
2025-01-03 14:00:00,0.8002,0.8169,0.7998,0.8115,743349.17
2025-01-03 15:00:00,0.8115,0.828,0.8106,0.827,1604570.37
2025-01-03 16:00:00,0.827,0.8344,0.8262,0.8303,747265.4
2025-01-03 17:00:00,0.8303,0.8322,0.8206,0.8206,482955.8
2025-01-03 18:00:00,0.8206,0.8322,0.8204,0.8288,530918.41
2025-01-03 19:00:00,0.8288,0.8356,0.827,0.8318,376760.42
2025-01-03 20:00:00,0.8318,0.8346,0.8245,0.8316,159491.88
2025-01-03 21:00:00,0.8316,0.8377,0.8297,0.8333,244130.3
2025-01-03 22:00:00,0.8333,0.8374,0.8305,0.8351,135758.29
2025-01-03 23:00:00,0.8351,0.836,0.831,0.8344,184708.21
2025-01-04 00:00:00,0.8344,0.8421,0.8301,0.8305,354822.27
2025-01-04 01:00:00,0.8305,0.8327,0.8253,0.8323,360496.31
2025-01-04 02:00:00,0.8323,0.8389,0.8301,0.8364,317168.04
2025-01-04 03:00:00,0.8364,0.8381,0.8323,0.8345,666425.53
2025-01-04 04:00:00,0.8345,0.835,0.8263,0.831,289133.65
2025-01-04 05:00:00,0.831,0.8326,0.8287,0.8313,144995.87
2025-01-04 06:00:00,0.8313,0.8378,0.831,0.8368,221868.28
2025-01-04 07:00:00,0.8368,0.8441,0.8351,0.8414,212396.78
2025-01-04 08:00:00,0.8414,0.843,0.8281,0.83,246924.05
2025-01-04 09:00:00,0.83,0.8379,0.8292,0.8325,194861.33
2025-01-04 10:00:00,0.8325,0.834,0.8245,0.8327,534672.43
2025-01-04 11:00:00,0.8327,0.8389,0.8302,0.838,226294.31
2025-01-04 12:00:00,0.838,0.8664,0.8375,0.8644,1231865.17
2025-01-04 13:00:00,0.8644,0.8747,0.8614,0.8713,1063024.66
2025-01-04 14:00:00,0.8713,0.8803,0.8686,0.878,1067420.02
2025-01-04 15:00:00,0.878,0.8937,0.8614,0.8661,2686575.85
2025-01-04 16:00:00,0.8661,0.8847,0.8656,0.879,1436416.44
2025-01-04 17:00:00,0.879,0.8895,0.8753,0.8895,571313.56
2025-01-04 18:00:00,0.8895,0.8959,0.8794,0.8832,411105.24
2025-01-04 19:00:00,0.8832,0.8912,0.8797,0.8855,157076.13
2025-01-04 20:00:00,0.8855,0.8996,0.8851,0.8953,510618.01
2025-01-04 21:00:00,0.8953,0.9051,0.8927,0.8969,476648.17
2025-01-04 22:00:00,0.8969,0.908,0.8913,0.8993,498439.7
2025-01-04 23:00:00,0.8993,0.9053,0.8936,0.894,406705.39
2025-01-05 00:00:00,0.894,0.8962,0.8848,0.887,1203874.32
2025-01-05 01:00:00,0.887,0.8881,0.8762,0.8804,651946.52
2025-01-05 02:00:00,0.8804,0.8836,0.8784,0.8815,262970.23
2025-01-05 03:00:00,0.8815,0.8882,0.8793,0.8882,496910.19
2025-01-05 04:00:00,0.8882,0.9147,0.8882,0.9096,651919.74
2025-01-05 05:00:00,0.9096,0.9097,0.8932,0.8951,1073393.87
2025-01-05 06:00:00,0.8951,0.9078,0.8935,0.9056,306245.98
2025-01-05 07:00:00,0.9056,0.9136,0.9012,0.9035,290701.67
2025-01-05 08:00:00,0.9035,0.9074,0.8912,0.9026,904665.42
2025-01-05 09:00:00,0.9026,0.9081,0.8943,0.8983,783876.93
2025-01-05 10:00:00,0.8983,0.9038,0.8917,0.9013,1128238.08
2025-01-05 11:00:00,0.9013,0.9017,0.8901,0.8915,448278.03
2025-01-05 12:00:00,0.8915,0.8985,0.8838,0.8869,1329840.88
2025-01-05 13:00:00,0.8869,0.896,0.8841,0.8849,1045961.06
2025-01-05 14:00:00,0.8849,0.8935,0.8775,0.8917,1283195.58
2025-01-05 15:00:00,0.8917,0.8981,0.8868,0.8913,339141.11
2025-01-05 16:00:00,0.8913,0.8949,0.887,0.8892,428342.38
2025-01-05 17:00:00,0.8892,0.8992,0.8885,0.8907,393437.51
2025-01-05 18:00:00,0.8907,0.897,0.8841,0.8935,889722.88
2025-01-05 19:00:00,0.8935,0.8988,0.89,0.898,134856.63
2025-01-05 20:00:00,0.898,0.905,0.8956,0.9018,190422.13
2025-01-05 21:00:00,0.9018,0.916,0.9015,0.9133,334123.7
2025-01-05 22:00:00,0.9133,0.9232,0.9079,0.9163,668903.39
2025-01-05 23:00:00,0.9163,0.9179,0.9089,0.916,210036.37
2025-01-06 00:00:00,0.916,0.9212,0.9075,0.9095,334955.03
2025-01-06 01:00:00,0.9095,0.9242,0.9026,0.9215,1049623.8
2025-01-06 02:00:00,0.9215,0.9441,0.9197,0.9337,1138497.71
2025-01-06 03:00:00,0.9337,0.9373,0.9254,0.937,340639.81
2025-01-06 04:00:00,0.937,0.943,0.9275,0.9407,1244267.78
2025-01-06 05:00:00,0.9407,0.9537,0.939,0.9494,589064.71
2025-01-06 06:00:00,0.9494,0.951,0.9349,0.9367,608284.93
2025-01-06 07:00:00,0.9367,0.9432,0.9301,0.9385,1103072.63
2025-01-06 08:00:00,0.9385,0.9492,0.9337,0.9373,1737281.05
2025-01-06 09:00:00,0.9373,0.9459,0.9373,0.9394,285702.49
2025-01-06 10:00:00,0.9394,0.9429,0.9286,0.9398,593698.59
2025-01-06 11:00:00,0.9398,0.9527,0.937,0.9499,551954.54
2025-01-06 12:00:00,0.9499,0.9533,0.9344,0.9357,380623.29
2025-01-06 13:00:00,0.9357,0.9397,0.931,0.9346,458096.18
2025-01-06 14:00:00,0.9346,0.9462,0.9235,0.9376,1404058.39
2025-01-06 15:00:00,0.9376,0.9446,0.9331,0.9414,463725.31
2025-01-06 16:00:00,0.9414,0.9545,0.9343,0.9394,603752.79
2025-01-06 17:00:00,0.9394,0.9398,0.9227,0.9323,673302.6
2025-01-06 18:00:00,0.9323,0.9365,0.9244,0.9274,278111.71
2025-01-06 19:00:00,0.9274,0.9318,0.9253,0.9282,216901.05
2025-01-06 20:00:00,0.9282,0.9329,0.9206,0.9235,1226396.35
2025-01-06 21:00:00,0.9235,0.9249,0.913,0.9187,963710.81
2025-01-06 22:00:00,0.9187,0.9212,0.9168,0.917,145498.1
2025-01-06 23:00:00,0.917,0.9194,0.9119,0.9188,213302.15
2025-01-07 00:00:00,0.9188,0.9188,0.9102,0.9102,412757.83
2025-01-07 01:00:00,0.9102,0.9203,0.9046,0.92,320894.75
2025-01-07 02:00:00,0.92,0.9204,0.909,0.9096,301963.29
2025-01-07 03:00:00,0.9096,0.9123,0.905,0.9089,979324.93
2025-01-07 04:00:00,0.9089,0.9115,0.905,0.905,410922.7
2025-01-07 05:00:00,0.905,0.9104,0.9018,0.9104,816237.71
2025-01-07 06:00:00,0.9104,0.912,0.906,0.911,124576.67
2025-01-07 07:00:00,0.911,0.9126,0.9043,0.9072,436789.6
2025-01-07 08:00:00,0.9072,0.9149,0.9057,0.9128,1015872.63
2025-01-07 09:00:00,0.9128,0.9152,0.9035,0.908,483102.15
2025-01-07 10:00:00,0.908,0.91,0.9021,0.9077,618074.39
2025-01-07 11:00:00,0.9077,0.9084,0.892,0.8999,1214148.73
2025-01-07 12:00:00,0.8999,0.9016,0.8939,0.8973,351748.27
2025-01-07 13:00:00,0.8973,0.9033,0.8966,0.8989,883543.87
2025-01-07 14:00:00,0.8989,0.9026,0.8775,0.885,1817270.8
2025-01-07 15:00:00,0.885,0.8876,0.8423,0.8561,5530505.46
2025-01-07 16:00:00,0.8561,0.8638,0.8495,0.8496,870411.81
2025-01-07 17:00:00,0.8496,0.8541,0.8385,0.8465,577657.34
2025-01-07 18:00:00,0.8465,0.8512,0.8339,0.8369,410363.71
2025-01-07 19:00:00,0.8369,0.8409,0.8241,0.8283,1119346.43
2025-01-07 20:00:00,0.8283,0.831,0.8202,0.8294,308218.52
2025-01-07 21:00:00,0.8294,0.8374,0.821,0.821,578982.51
2025-01-07 22:00:00,0.821,0.8292,0.8173,0.8287,246030.19
2025-01-07 23:00:00,0.8287,0.8287,0.8194,0.8201,133759.63
2025-01-08 00:00:00,0.8201,0.8298,0.8196,0.8282,1341675.52
2025-01-08 01:00:00,0.8282,0.8282,0.812,0.8184,1097959.91
2025-01-08 02:00:00,0.8184,0.8226,0.8135,0.8146,476359.45
2025-01-08 03:00:00,0.8146,0.8173,0.8033,0.8096,633706.58
2025-01-08 04:00:00,0.8096,0.8118,0.7974,0.7987,558333.12
2025-01-08 05:00:00,0.7987,0.807,0.794,0.7965,584492.09
2025-01-08 06:00:00,0.7965,0.8014,0.7788,0.7792,929362.56
2025-01-08 07:00:00,0.7792,0.8025,0.7779,0.8011,484649.12
2025-01-08 08:00:00,0.8011,0.8175,0.8005,0.8103,581070.52
2025-01-08 09:00:00,0.8103,0.8159,0.8028,0.8032,493344.75
2025-01-08 10:00:00,0.8032,0.8119,0.8024,0.8072,659408.22
2025-01-08 11:00:00,0.8072,0.8072,0.7941,0.8002,436636.71
2025-01-08 12:00:00,0.8002,0.8053,0.7949,0.7949,231323.22
2025-01-08 13:00:00,0.7949,0.8078,0.7949,0.7997,452344.62
2025-01-08 14:00:00,0.7997,0.8101,0.7991,0.8043,341691.81
2025-01-08 15:00:00,0.8043,0.8136,0.7932,0.7995,679211.13
2025-01-08 16:00:00,0.7995,0.802,0.7867,0.7892,563572.06
2025-01-08 17:00:00,0.7892,0.7922,0.7512,0.7808,2571934.85
2025-01-08 18:00:00,0.7808,0.8009,0.7763,0.7847,970495.83
2025-01-08 19:00:00,0.7847,0.7924,0.78,0.7817,192707.68
2025-01-08 20:00:00,0.7817,0.7848,0.7765,0.7782,221932.82
2025-01-08 21:00:00,0.7782,0.7846,0.7725,0.7793,234076.89
2025-01-08 22:00:00,0.7793,0.7935,0.7793,0.7914,262036.06
2025-01-08 23:00:00,0.7914,0.7931,0.7851,0.7872,170129.99
2025-01-09 00:00:00,0.7872,0.7914,0.7805,0.7912,270755.89
2025-01-09 01:00:00,0.7912,0.7986,0.7883,0.7903,217206.26
2025-01-09 02:00:00,0.7903,0.7931,0.778,0.7892,494665.37
2025-01-09 03:00:00,0.7892,0.79,0.7785,0.7791,328269.21
2025-01-09 04:00:00,0.7791,0.7827,0.7745,0.7825,209017.96
2025-01-09 05:00:00,0.7825,0.7825,0.7736,0.7746,59212.19
2025-01-09 06:00:00,0.7746,0.7769,0.7668,0.7672,357574.27
2025-01-09 07:00:00,0.7672,0.7725,0.7565,0.7585,956593.12
2025-01-09 08:00:00,0.7585,0.7705,0.7558,0.7656,642494.57
2025-01-09 09:00:00,0.7656,0.7732,0.7645,0.7673,246574.34
2025-01-09 10:00:00,0.7673,0.768,0.7536,0.7645,409245.66
2025-01-09 11:00:00,0.7645,0.771,0.7601,0.7629,297935.75
2025-01-09 12:00:00,0.7629,0.7677,0.7586,0.7627,186911.42
2025-01-09 13:00:00,0.7627,0.7661,0.7403,0.7411,966089.58
2025-01-09 14:00:00,0.7411,0.7564,0.7368,0.7514,629305.56
2025-01-09 15:00:00,0.7514,0.7833,0.7485,0.7761,422088.84
2025-01-09 16:00:00,0.7761,0.7809,0.7663,0.7716,360326.97
2025-01-09 17:00:00,0.7716,0.772,0.7481,0.7541,404999.05
2025-01-09 18:00:00,0.7541,0.7608,0.7515,0.7577,163820.95
2025-01-09 19:00:00,0.7577,0.7581,0.74,0.7402,307469.44
2025-01-09 20:00:00,0.7402,0.7455,0.7305,0.7417,687899.62
2025-01-09 21:00:00,0.7417,0.7476,0.736,0.7378,282575.22
2025-01-09 22:00:00,0.7378,0.7521,0.7346,0.7471,298164.79
2025-01-09 23:00:00,0.7471,0.7483,0.7417,0.7429,173847.29
2025-01-10 00:00:00,0.7429,0.749,0.7405,0.7411,181591.08
2025-01-10 01:00:00,0.7411,0.7449,0.7358,0.7445,393059.38
2025-01-10 02:00:00,0.7445,0.7528,0.743,0.7493,177153.77
2025-01-10 03:00:00,0.7493,0.751,0.7455,0.7491,90423.27
2025-01-10 04:00:00,0.7491,0.7527,0.7422,0.7438,319742.39
2025-01-10 05:00:00,0.7438,0.7577,0.7405,0.7515,119486.22
2025-01-10 06:00:00,0.7515,0.7583,0.7482,0.758,176122.47
2025-01-10 07:00:00,0.758,0.7742,0.7545,0.7658,482751.94
2025-01-10 08:00:00,0.7658,0.7682,0.7592,0.763,483007.59
2025-01-10 09:00:00,0.763,0.7684,0.7591,0.765,186492.81
2025-01-10 10:00:00,0.765,0.7689,0.7601,0.7681,323685.45
2025-01-10 11:00:00,0.7681,0.7681,0.7539,0.7603,431822.01
2025-01-10 12:00:00,0.7603,0.7608,0.7496,0.7575,332380.58
2025-01-10 13:00:00,0.7575,0.7651,0.7305,0.7407,5690468.48
2025-01-10 14:00:00,0.7407,0.7638,0.7392,0.7496,1231195.87
2025-01-10 15:00:00,0.7496,0.7574,0.734,0.7488,363768.43
2025-01-10 16:00:00,0.7488,0.7495,0.7399,0.7405,244910.09
2025-01-10 17:00:00,0.7405,0.77,0.7382,0.7674,290286.08
2025-01-10 18:00:00,0.7674,0.7692,0.7525,0.7541,263267.38
2025-01-10 19:00:00,0.7541,0.7607,0.7494,0.7598,171788.84
2025-01-10 20:00:00,0.7598,0.7599,0.7469,0.7481,240619.48
2025-01-10 21:00:00,0.7481,0.754,0.7473,0.7499,157067.94
2025-01-10 22:00:00,0.7499,0.752,0.7451,0.7506,156867.94
2025-01-10 23:00:00,0.7506,0.7519,0.7472,0.7475,146481.1
2025-01-11 00:00:00,0.7475,0.7491,0.743,0.7471,162429.87
2025-01-11 01:00:00,0.7471,0.7495,0.7372,0.7395,252596.89
2025-01-11 02:00:00,0.7395,0.743,0.7381,0.741,149430.77
2025-01-11 03:00:00,0.741,0.741,0.7355,0.737,198202.87
2025-01-11 04:00:00,0.737,0.7395,0.7325,0.7363,292484.69
2025-01-11 05:00:00,0.7363,0.7428,0.7345,0.7421,120531.69
2025-01-11 06:00:00,0.7421,0.7446,0.736,0.7365,136422.96
2025-01-11 07:00:00,0.7365,0.7394,0.7318,0.7351,323136.3
2025-01-11 08:00:00,0.7351,0.7395,0.7274,0.7302,612157.2
2025-01-11 09:00:00,0.7302,0.7335,0.729,0.7327,294384.57
2025-01-11 10:00:00,0.7327,0.7381,0.7318,0.738,341148.87
2025-01-11 11:00:00,0.738,0.743,0.7357,0.7404,432678.09
2025-01-11 12:00:00,0.7404,0.7411,0.736,0.7372,261679.67
2025-01-11 13:00:00,0.7372,0.7385,0.7298,0.7329,404475.96
2025-01-11 14:00:00,0.7329,0.738,0.7278,0.7373,658334.75
2025-01-11 15:00:00,0.7373,0.7375,0.7309,0.733,312003.78
2025-01-11 16:00:00,0.733,0.7359,0.7299,0.735,254105.04
2025-01-11 17:00:00,0.735,0.7352,0.728,0.7311,258788.23
2025-01-11 18:00:00,0.7311,0.7324,0.7241,0.7281,481546.73
2025-01-11 19:00:00,0.7281,0.7305,0.7255,0.7295,183240.0
2025-01-11 20:00:00,0.7295,0.7484,0.7288,0.7481,400910.42
2025-01-11 21:00:00,0.7481,0.7603,0.7469,0.7577,403269.67
2025-01-11 22:00:00,0.7577,0.7583,0.7446,0.7459,183630.35
2025-01-11 23:00:00,0.7459,0.7488,0.7427,0.7436,352484.74
2025-01-12 00:00:00,0.7436,0.7468,0.7398,0.7442,530414.44
2025-01-12 01:00:00,0.7442,0.7459,0.7394,0.7455,136548.11
2025-01-12 02:00:00,0.7455,0.7463,0.7405,0.7445,203980.51
2025-01-12 03:00:00,0.7445,0.7455,0.7367,0.7408,130057.01
2025-01-12 04:00:00,0.7408,0.7452,0.7397,0.7418,82962.01
2025-01-12 05:00:00,0.7418,0.7443,0.7376,0.7397,216153.36
2025-01-12 06:00:00,0.7397,0.7405,0.7322,0.7325,260400.25
2025-01-12 07:00:00,0.7325,0.7364,0.7303,0.7342,385744.08
2025-01-12 08:00:00,0.7342,0.7359,0.7266,0.7278,423707.98
2025-01-12 09:00:00,0.7278,0.7313,0.7243,0.7264,661465.64
2025-01-12 10:00:00,0.7264,0.7301,0.7222,0.7292,1192445.89
2025-01-12 11:00:00,0.7292,0.7329,0.7284,0.732,276209.76
2025-01-12 12:00:00,0.732,0.7355,0.7278,0.7292,158713.5
2025-01-12 13:00:00,0.7292,0.7346,0.7275,0.733,257716.74
2025-01-12 14:00:00,0.733,0.7375,0.7309,0.732,275970.29
2025-01-12 15:00:00,0.732,0.751,0.7298,0.7472,636646.41
2025-01-12 16:00:00,0.7472,0.748,0.7371,0.7407,461319.99
2025-01-12 17:00:00,0.7407,0.7451,0.7387,0.7433,122469.25
2025-01-12 18:00:00,0.7433,0.747,0.7372,0.7399,104449.06
2025-01-12 19:00:00,0.7399,0.7415,0.7359,0.7381,147299.07
2025-01-12 20:00:00,0.7381,0.7415,0.7337,0.7357,120210.03
2025-01-12 21:00:00,0.7357,0.737,0.7279,0.7298,220438.12
2025-01-12 22:00:00,0.7298,0.7298,0.7193,0.7224,582163.64
2025-01-12 23:00:00,0.7224,0.7309,0.7224,0.7301,386473.86
2025-01-13 00:00:00,0.7301,0.7491,0.7283,0.7425,439115.28
2025-01-13 01:00:00,0.7425,0.743,0.7239,0.7255,327300.84
2025-01-13 02:00:00,0.7255,0.7272,0.712,0.7177,614137.73
2025-01-13 03:00:00,0.7177,0.7217,0.7043,0.7082,635370.15
2025-01-13 04:00:00,0.7082,0.7215,0.7062,0.7139,592287.0
2025-01-13 05:00:00,0.7139,0.715,0.703,0.7064,861766.36
2025-01-13 06:00:00,0.7064,0.7095,0.6934,0.6972,1380634.77
2025-01-13 07:00:00,0.6972,0.7044,0.6941,0.7016,262906.3
2025-01-13 08:00:00,0.7016,0.7036,0.6888,0.6902,1035940.01
2025-01-13 09:00:00,0.6902,0.6927,0.679,0.6853,1444114.73
2025-01-13 10:00:00,0.6853,0.6853,0.6732,0.6768,830523.58
2025-01-13 11:00:00,0.6768,0.6779,0.6642,0.665,765946.9
2025-01-13 12:00:00,0.665,0.675,0.6626,0.6721,505534.36
2025-01-13 13:00:00,0.6721,0.6861,0.6686,0.6752,606985.36
2025-01-13 14:00:00,0.6752,0.6849,0.6459,0.6768,5908432.76
2025-01-13 15:00:00,0.6768,0.6927,0.6761,0.6857,601371.4
2025-01-13 16:00:00,0.6857,0.6893,0.672,0.6727,457481.44
2025-01-13 17:00:00,0.6727,0.6813,0.6697,0.6728,439157.63
2025-01-13 18:00:00,0.6728,0.678,0.6621,0.6726,345650.4
2025-01-13 19:00:00,0.6726,0.6779,0.6672,0.6741,256836.22
2025-01-13 20:00:00,0.6741,0.6968,0.669,0.6919,263619.75
2025-01-13 21:00:00,0.6919,0.702,0.6894,0.6999,313864.53
2025-01-13 22:00:00,0.6999,0.7097,0.6999,0.706,294077.06
2025-01-13 23:00:00,0.706,0.7061,0.702,0.7029,217887.61
2025-01-14 00:00:00,0.7029,0.7052,0.6973,0.6987,163402.73
2025-01-14 01:00:00,0.6987,0.7079,0.6987,0.7008,256881.31
2025-01-14 02:00:00,0.7008,0.7102,0.6993,0.7036,76034.42
2025-01-14 03:00:00,0.7036,0.7103,0.7033,0.7073,100345.97
2025-01-14 04:00:00,0.7073,0.7194,0.7073,0.7174,130868.5
2025-01-14 05:00:00,0.7174,0.7229,0.7129,0.7136,173882.82
2025-01-14 06:00:00,0.7136,0.7237,0.7128,0.7214,142084.23
2025-01-14 07:00:00,0.7214,0.7241,0.7152,0.7152,1543778.29
2025-01-14 08:00:00,0.7152,0.7226,0.7093,0.7128,251046.05
2025-01-14 09:00:00,0.7128,0.7341,0.7106,0.7289,320360.93
2025-01-14 10:00:00,0.7289,0.729,0.7205,0.7227,316703.15
2025-01-14 11:00:00,0.7227,0.7237,0.715,0.719,772388.1
2025-01-14 12:00:00,0.719,0.7208,0.7102,0.7123,332477.77
2025-01-14 13:00:00,0.7123,0.7258,0.7103,0.7216,782359.87
2025-01-14 14:00:00,0.7216,0.7302,0.7174,0.7215,377815.58
2025-01-14 15:00:00,0.7215,0.7292,0.7208,0.724,209943.18
2025-01-14 16:00:00,0.724,0.724,0.7156,0.7214,147567.2
2025-01-14 17:00:00,0.7214,0.7286,0.7192,0.7264,122490.84
2025-01-14 18:00:00,0.7264,0.735,0.7264,0.7327,594699.55
2025-01-14 19:00:00,0.7327,0.7353,0.7273,0.7299,726832.38
2025-01-14 20:00:00,0.7299,0.7349,0.7246,0.7345,166136.05
2025-01-14 21:00:00,0.7345,0.7392,0.7334,0.7347,241619.39
2025-01-14 22:00:00,0.7347,0.7442,0.7347,0.7431,203448.83
2025-01-14 23:00:00,0.7431,0.7431,0.7374,0.7382,116520.65
2025-01-15 00:00:00,0.7382,0.7431,0.7353,0.7369,274292.98
2025-01-15 01:00:00,0.7369,0.7445,0.7337,0.738,159146.75
2025-01-15 02:00:00,0.738,0.7428,0.7315,0.7327,191240.35
2025-01-15 03:00:00,0.7327,0.7414,0.7301,0.7411,126845.79
2025-01-15 04:00:00,0.7411,0.7453,0.7353,0.7392,74019.26
2025-01-15 05:00:00,0.7392,0.7396,0.7342,0.7383,95551.28
2025-01-15 06:00:00,0.7383,0.7389,0.7327,0.7375,122706.77
2025-01-15 07:00:00,0.7375,0.7467,0.7373,0.7413,179347.2
2025-01-15 08:00:00,0.7413,0.7442,0.7373,0.7373,148571.96
2025-01-15 09:00:00,0.7373,0.7393,0.7234,0.7256,687570.04
2025-01-15 10:00:00,0.7256,0.7303,0.7253,0.7274,343508.53
2025-01-15 11:00:00,0.7274,0.7277,0.7175,0.7231,421710.73
2025-01-15 12:00:00,0.7231,0.7266,0.7183,0.722,157380.27
2025-01-15 13:00:00,0.722,0.7588,0.722,0.7583,2325824.96
2025-01-15 14:00:00,0.7583,0.7766,0.7527,0.7765,2065397.61
2025-01-15 15:00:00,0.7765,0.7824,0.7724,0.7753,544798.54
2025-01-15 16:00:00,0.7753,0.7839,0.7738,0.7743,657511.1
2025-01-15 17:00:00,0.7743,0.7764,0.7642,0.7654,479980.77
2025-01-15 18:00:00,0.7654,0.7808,0.7654,0.7801,233736.79
2025-01-15 19:00:00,0.7801,0.7901,0.7775,0.7883,247557.18
2025-01-15 20:00:00,0.7883,0.797,0.7821,0.7834,307745.65
2025-01-15 21:00:00,0.7834,0.7868,0.7817,0.784,179501.38
2025-01-15 22:00:00,0.784,0.79,0.7804,0.7894,94964.41
2025-01-15 23:00:00,0.7894,0.794,0.787,0.792,185516.71
2025-01-16 00:00:00,0.792,0.7975,0.7731,0.7783,597141.99
2025-01-16 01:00:00,0.7783,0.7838,0.7756,0.781,87126.36
2025-01-16 02:00:00,0.781,0.781,0.7758,0.7778,161000.19
2025-01-16 03:00:00,0.7778,0.7791,0.7687,0.7733,376283.05
2025-01-16 04:00:00,0.7733,0.7755,0.7695,0.7724,353029.09
2025-01-16 05:00:00,0.7724,0.7743,0.7685,0.7721,304956.72
2025-01-16 06:00:00,0.7721,0.7766,0.7698,0.7747,150476.85
2025-01-16 07:00:00,0.7747,0.7754,0.7703,0.7719,328452.39
2025-01-16 08:00:00,0.7719,0.7747,0.7511,0.7561,1308598.66
2025-01-16 09:00:00,0.7561,0.7595,0.7504,0.7592,337223.38
2025-01-16 10:00:00,0.7592,0.7599,0.7545,0.7573,91010.31
2025-01-16 11:00:00,0.7573,0.766,0.7517,0.7656,696649.17
2025-01-16 12:00:00,0.7656,0.7841,0.7619,0.7818,821115.68
2025-01-16 13:00:00,0.7818,0.7824,0.7657,0.7692,834647.59
2025-01-16 14:00:00,0.7692,0.773,0.7465,0.7533,1069425.06
2025-01-16 15:00:00,0.7533,0.7697,0.7501,0.7695,709668.73
2025-01-16 16:00:00,0.7695,0.7792,0.769,0.7711,571165.08
2025-01-16 17:00:00,0.7711,0.778,0.7668,0.7736,229983.39
2025-01-16 18:00:00,0.7736,0.7766,0.7652,0.7675,319553.84
2025-01-16 19:00:00,0.7675,0.7754,0.7639,0.7753,332460.74
2025-01-16 20:00:00,0.7753,0.7762,0.7632,0.7675,526369.89
2025-01-16 21:00:00,0.7675,0.7679,0.7579,0.7623,184653.3
2025-01-16 22:00:00,0.7623,0.763,0.7502,0.7552,326809.41
2025-01-16 23:00:00,0.7552,0.7579,0.7511,0.7573,79739.84
2025-01-17 00:00:00,0.7573,0.7625,0.7573,0.7624,117589.77
2025-01-17 01:00:00,0.7624,0.7859,0.7617,0.7849,294092.24
2025-01-17 02:00:00,0.7849,0.7884,0.7772,0.783,749059.96
2025-01-17 03:00:00,0.783,0.784,0.7765,0.7766,178238.25
2025-01-17 04:00:00,0.7766,0.7814,0.7727,0.7801,121501.19
2025-01-17 05:00:00,0.7801,0.7823,0.7775,0.7809,124453.0
2025-01-17 06:00:00,0.7809,0.7846,0.7792,0.7819,235493.49
2025-01-17 07:00:00,0.7819,0.786,0.7797,0.7814,220209.29
2025-01-17 08:00:00,0.7814,0.7925,0.7802,0.7919,557335.58
2025-01-17 09:00:00,0.7919,0.7995,0.79,0.7965,1114820.26
2025-01-17 10:00:00,0.7965,0.8079,0.7963,0.8071,972146.55
2025-01-17 11:00:00,0.8071,0.8091,0.8014,0.8063,456439.57
2025-01-17 12:00:00,0.8063,0.8063,0.7932,0.794,1736936.89
2025-01-17 13:00:00,0.794,0.8033,0.7914,0.7935,466892.42
2025-01-17 14:00:00,0.7935,0.806,0.7935,0.8019,671921.55
2025-01-17 15:00:00,0.8019,0.8082,0.7945,0.7997,1190708.08
2025-01-17 16:00:00,0.7997,0.8078,0.7964,0.8037,463621.09
2025-01-17 17:00:00,0.8037,0.8066,0.795,0.7962,981556.27
2025-01-17 18:00:00,0.7962,0.8007,0.7935,0.7947,486668.57
2025-01-17 19:00:00,0.7947,0.8054,0.7947,0.8024,391134.83
2025-01-17 20:00:00,0.8024,0.8288,0.8013,0.8256,819503.37
2025-01-17 21:00:00,0.8256,0.829,0.8136,0.816,379269.54
2025-01-17 22:00:00,0.816,0.8243,0.816,0.8222,405980.22
2025-01-17 23:00:00,0.8222,0.8222,0.8147,0.8149,402630.48
2025-01-18 00:00:00,0.8149,0.832,0.8149,0.8318,431751.09
2025-01-18 01:00:00,0.8318,0.8344,0.821,0.8246,819797.74
2025-01-18 02:00:00,0.8246,0.8314,0.8162,0.8173,423860.64
2025-01-18 03:00:00,0.8173,0.8199,0.7946,0.7986,944597.3
2025-01-18 04:00:00,0.7986,0.8017,0.7839,0.79,904468.31
2025-01-18 05:00:00,0.79,0.7935,0.7617,0.7617,778662.06
2025-01-18 06:00:00,0.7617,0.7773,0.76,0.7716,441283.71
2025-01-18 07:00:00,0.7716,0.7719,0.7571,0.7608,586497.58
2025-01-18 08:00:00,0.7608,0.7672,0.749,0.7647,736834.75
2025-01-18 09:00:00,0.7647,0.767,0.755,0.7604,170987.16
2025-01-18 10:00:00,0.7604,0.7615,0.7506,0.7593,404583.76
2025-01-18 11:00:00,0.7593,0.7828,0.7544,0.7805,637201.62
2025-01-18 12:00:00,0.7805,0.7838,0.7681,0.7707,502838.33
2025-01-18 13:00:00,0.7707,0.7811,0.7666,0.7809,419112.84
2025-01-18 14:00:00,0.7809,0.7818,0.7646,0.7658,317362.51
2025-01-18 15:00:00,0.7658,0.7778,0.7618,0.767,348902.54
2025-01-18 16:00:00,0.767,0.7725,0.7551,0.7557,612372.01
2025-01-18 17:00:00,0.7557,0.7636,0.754,0.7552,229777.21
2025-01-18 18:00:00,0.7552,0.7616,0.7518,0.7536,236127.01
2025-01-18 19:00:00,0.7536,0.7638,0.7533,0.7638,108058.61
2025-01-18 20:00:00,0.7638,0.7648,0.7511,0.7535,111627.88
2025-01-18 21:00:00,0.7535,0.761,0.7535,0.7568,42210.43
2025-01-18 22:00:00,0.7568,0.7626,0.7556,0.759,63511.21
2025-01-18 23:00:00,0.759,0.7703,0.7583,0.7672,136481.5
2025-01-19 00:00:00,0.7672,0.7767,0.7637,0.7747,189336.29
2025-01-19 01:00:00,0.7747,0.792,0.7743,0.7881,386821.89
2025-01-19 02:00:00,0.7881,0.7945,0.7839,0.786,300021.66
2025-01-19 03:00:00,0.786,0.7884,0.7751,0.7757,283837.69
2025-01-19 04:00:00,0.7757,0.7765,0.7601,0.7612,516611.25
2025-01-19 05:00:00,0.7612,0.7657,0.7545,0.7655,186845.21
2025-01-19 06:00:00,0.7655,0.7655,0.7536,0.7538,162159.6
2025-01-19 07:00:00,0.7538,0.7585,0.7466,0.7518,436673.7
2025-01-19 08:00:00,0.7518,0.752,0.7248,0.7251,854569.93
2025-01-19 09:00:00,0.7251,0.7292,0.707,0.7292,1292860.97
2025-01-19 10:00:00,0.7292,0.7292,0.7145,0.7162,384933.6
2025-01-19 11:00:00,0.7162,0.7177,0.6954,0.7019,795454.33
2025-01-19 12:00:00,0.7019,0.7208,0.7008,0.7207,355275.54
2025-01-19 13:00:00,0.7207,0.7402,0.717,0.7402,808021.08
2025-01-19 14:00:00,0.7402,0.7766,0.736,0.7719,2001423.77
2025-01-19 15:00:00,0.7719,0.7879,0.767,0.7754,891358.79
2025-01-19 16:00:00,0.7754,0.7855,0.7732,0.7765,590122.26
2025-01-19 17:00:00,0.7765,0.789,0.771,0.7876,312374.09
2025-01-19 18:00:00,0.7876,0.7903,0.7797,0.7868,308712.06
2025-01-19 19:00:00,0.7868,0.787,0.7736,0.7789,225078.83
2025-01-19 20:00:00,0.7789,0.7846,0.7642,0.7679,546576.34
2025-01-19 21:00:00,0.7679,0.7693,0.72,0.722,2129038.2
2025-01-19 22:00:00,0.722,0.7347,0.6964,0.7155,1462643.98
2025-01-19 23:00:00,0.7155,0.7157,0.6841,0.6989,1323487.79
2025-01-20 00:00:00,0.6989,0.6989,0.6676,0.6691,1225156.67
2025-01-20 01:00:00,0.6691,0.6814,0.665,0.6742,373611.06
2025-01-20 02:00:00,0.6742,0.6994,0.6734,0.6875,760061.98
2025-01-20 03:00:00,0.6875,0.6985,0.6824,0.6973,160635.22
2025-01-20 04:00:00,0.6973,0.7061,0.6886,0.6998,395818.99
2025-01-20 05:00:00,0.6998,0.718,0.6976,0.7054,378722.88
2025-01-20 06:00:00,0.7054,0.7449,0.7054,0.741,686031.72
2025-01-20 07:00:00,0.741,0.7606,0.7321,0.7409,1087409.57
2025-01-20 08:00:00,0.7409,0.7529,0.7397,0.7461,568334.92
2025-01-20 09:00:00,0.7461,0.7494,0.7346,0.7373,455109.78
2025-01-20 10:00:00,0.7373,0.7413,0.7271,0.7302,554066.95
2025-01-20 11:00:00,0.7302,0.7374,0.7223,0.737,316760.98
2025-01-20 12:00:00,0.737,0.737,0.7056,0.714,1326005.68
2025-01-20 13:00:00,0.714,0.7243,0.7127,0.7216,220610.78
2025-01-20 14:00:00,0.7216,0.7286,0.7182,0.7274,300004.57
2025-01-20 15:00:00,0.7274,0.7349,0.7165,0.7234,409749.72
2025-01-20 16:00:00,0.7234,0.7346,0.7084,0.7334,478666.55
2025-01-20 17:00:00,0.7334,0.734,0.6804,0.6958,2483204.88
2025-01-20 18:00:00,0.6958,0.7182,0.6948,0.7158,601814.95
2025-01-20 19:00:00,0.7158,0.7208,0.7079,0.7155,359823.32
2025-01-20 20:00:00,0.7155,0.7173,0.7066,0.7117,599762.01
2025-01-20 21:00:00,0.7117,0.7152,0.6991,0.6991,222448.39
2025-01-20 22:00:00,0.6991,0.7123,0.6915,0.7088,257514.11
2025-01-20 23:00:00,0.7088,0.7101,0.6947,0.6979,103692.7
2025-01-21 00:00:00,0.6979,0.6994,0.6813,0.6827,395031.92
2025-01-21 01:00:00,0.6827,0.6914,0.6757,0.6835,258063.42
2025-01-21 02:00:00,0.6835,0.687,0.6744,0.6848,359596.78
2025-01-21 03:00:00,0.6848,0.6868,0.678,0.6845,150028.33
2025-01-21 04:00:00,0.6845,0.6854,0.6705,0.6841,328622.78
2025-01-21 05:00:00,0.6841,0.6857,0.6741,0.6773,186966.75
2025-01-21 06:00:00,0.6773,0.6841,0.6742,0.6797,218677.49
2025-01-21 07:00:00,0.6797,0.6881,0.6771,0.6849,144593.92
2025-01-21 08:00:00,0.6849,0.6894,0.6781,0.6843,374869.35
2025-01-21 09:00:00,0.6843,0.6948,0.6835,0.6939,151865.76
2025-01-21 10:00:00,0.6939,0.7111,0.6933,0.7096,331633.69
2025-01-21 11:00:00,0.7096,0.7102,0.7013,0.7087,570460.37
2025-01-21 12:00:00,0.7087,0.7157,0.7038,0.7084,340558.28
2025-01-21 13:00:00,0.7084,0.7113,0.7022,0.7094,223372.04
2025-01-21 14:00:00,0.7094,0.7165,0.7039,0.7066,430170.52
2025-01-21 15:00:00,0.7066,0.7144,0.7022,0.714,128901.66
2025-01-21 16:00:00,0.714,0.7288,0.7119,0.7231,466171.04
2025-01-21 17:00:00,0.7231,0.7406,0.7227,0.7387,389612.42
2025-01-21 18:00:00,0.7387,0.7487,0.7379,0.7422,418794.6
2025-01-21 19:00:00,0.7422,0.7427,0.7207,0.7296,271619.14
2025-01-21 20:00:00,0.7296,0.732,0.7188,0.724,344290.49
2025-01-21 21:00:00,0.724,0.727,0.7206,0.7264,92047.08
2025-01-21 22:00:00,0.7264,0.7319,0.7227,0.7246,215504.33
2025-01-21 23:00:00,0.7246,0.7249,0.7159,0.7225,439733.23
2025-01-22 00:00:00,0.7225,0.7373,0.7213,0.7371,744417.1
2025-01-22 01:00:00,0.7371,0.7371,0.7239,0.7258,134656.9
2025-01-22 02:00:00,0.7258,0.7337,0.725,0.7335,136477.92
2025-01-22 03:00:00,0.7335,0.7347,0.7276,0.7296,322541.74
2025-01-22 04:00:00,0.7296,0.7315,0.7226,0.726,164427.1
2025-01-22 05:00:00,0.726,0.7301,0.7229,0.7229,127439.99
2025-01-22 06:00:00,0.7229,0.726,0.7186,0.7198,104311.72
2025-01-22 07:00:00,0.7198,0.7213,0.714,0.7143,182228.61
2025-01-22 08:00:00,0.7143,0.7164,0.7061,0.7161,265331.17
2025-01-22 09:00:00,0.7161,0.7187,0.7118,0.7153,116323.63
2025-01-22 10:00:00,0.7153,0.721,0.7103,0.7182,102055.17
2025-01-22 11:00:00,0.7182,0.7313,0.7147,0.7254,162348.27
2025-01-22 12:00:00,0.7254,0.7275,0.72,0.7203,121311.94
2025-01-22 13:00:00,0.7203,0.7207,0.711,0.7131,316228.36
2025-01-22 14:00:00,0.7131,0.7214,0.7076,0.717,303908.56
2025-01-22 15:00:00,0.717,0.7174,0.7039,0.7047,494634.75
2025-01-22 16:00:00,0.7047,0.7158,0.7019,0.7158,260381.92
2025-01-22 17:00:00,0.7158,0.7189,0.7128,0.7177,172398.39
2025-01-22 18:00:00,0.7177,0.7194,0.7032,0.7063,206023.51
2025-01-22 19:00:00,0.7063,0.7129,0.705,0.7081,299483.28
2025-01-22 20:00:00,0.7081,0.7136,0.7062,0.7074,71678.93
2025-01-22 21:00:00,0.7074,0.7096,0.7023,0.7074,122265.04
2025-01-22 22:00:00,0.7074,0.7102,0.6992,0.7001,229497.51
2025-01-22 23:00:00,0.7001,0.7033,0.6956,0.7006,167757.37
2025-01-23 00:00:00,0.7006,0.7034,0.6982,0.7011,144623.6
2025-01-23 01:00:00,0.7011,0.7022,0.6916,0.6936,306481.88
2025-01-23 02:00:00,0.6936,0.695,0.6872,0.6908,584861.5
2025-01-23 03:00:00,0.6908,0.7006,0.6892,0.6946,180641.13
2025-01-23 04:00:00,0.6946,0.6963,0.686,0.6887,345512.72
2025-01-23 05:00:00,0.6887,0.6959,0.6887,0.6944,136501.83
2025-01-23 06:00:00,0.6944,0.6969,0.6897,0.692,228194.98
2025-01-23 07:00:00,0.692,0.7015,0.6895,0.7002,248935.25
2025-01-23 08:00:00,0.7002,0.702,0.6926,0.6933,272727.08
2025-01-23 09:00:00,0.6933,0.6976,0.6883,0.6899,207797.51
2025-01-23 10:00:00,0.6899,0.6934,0.6848,0.6873,408899.58
2025-01-23 11:00:00,0.6873,0.6925,0.6856,0.6913,129651.11
2025-01-23 12:00:00,0.6913,0.6913,0.6833,0.6861,300765.34
2025-01-23 13:00:00,0.6861,0.6993,0.6823,0.6971,387513.28
2025-01-23 14:00:00,0.6971,0.7149,0.6927,0.7092,1190487.9
2025-01-23 15:00:00,0.7092,0.7124,0.6931,0.7072,759026.13
2025-01-23 16:00:00,0.7072,0.7178,0.7039,0.7047,433822.74
2025-01-23 17:00:00,0.7047,0.7102,0.6974,0.7088,181185.2
2025-01-23 18:00:00,0.7088,0.7112,0.6981,0.699,122513.3
2025-01-23 19:00:00,0.699,0.6992,0.686,0.6889,279617.66
2025-01-23 20:00:00,0.6889,0.7112,0.6866,0.6967,476538.1
2025-01-23 21:00:00,0.6967,0.6996,0.687,0.6931,129170.43
2025-01-23 22:00:00,0.6931,0.7165,0.6921,0.7161,239603.98
2025-01-23 23:00:00,0.7161,0.7239,0.7124,0.7206,306760.05
2025-01-24 00:00:00,0.7206,0.7246,0.7065,0.7067,240929.3
2025-01-24 01:00:00,0.7067,0.7156,0.7018,0.705,332394.53
2025-01-24 02:00:00,0.705,0.7081,0.6976,0.6984,363045.6
2025-01-24 03:00:00,0.6984,0.7111,0.6968,0.7092,221557.28
2025-01-24 04:00:00,0.7092,0.7223,0.7046,0.7203,205141.91
2025-01-24 05:00:00,0.7203,0.74,0.718,0.7399,402128.49
2025-01-24 06:00:00,0.7399,0.7419,0.7283,0.7289,426945.98
2025-01-24 07:00:00,0.7289,0.7338,0.723,0.7278,312179.51
2025-01-24 08:00:00,0.7278,0.7331,0.7252,0.7283,224586.93
2025-01-24 09:00:00,0.7283,0.7319,0.7241,0.7279,148231.09
2025-01-24 10:00:00,0.7279,0.7326,0.7234,0.7321,428467.9
2025-01-24 11:00:00,0.7321,0.7323,0.727,0.729,132161.56
2025-01-24 12:00:00,0.729,0.7319,0.7253,0.7317,232583.09
2025-01-24 13:00:00,0.7317,0.7387,0.7291,0.7312,232219.2
2025-01-24 14:00:00,0.7312,0.7358,0.7249,0.7291,460909.07
2025-01-24 15:00:00,0.7291,0.7321,0.7168,0.7245,763952.33
2025-01-24 16:00:00,0.7245,0.7261,0.7184,0.7185,315671.62
2025-01-24 17:00:00,0.7185,0.7247,0.7159,0.7232,182063.09
2025-01-24 18:00:00,0.7232,0.7249,0.7158,0.7169,231491.81
2025-01-24 19:00:00,0.7169,0.7188,0.7121,0.7136,452523.18
2025-01-24 20:00:00,0.7136,0.7165,0.7024,0.7024,321640.1
2025-01-24 21:00:00,0.7024,0.7069,0.7015,0.7049,189135.14
2025-01-24 22:00:00,0.7049,0.7049,0.6991,0.6994,150214.79
2025-01-24 23:00:00,0.6994,0.7001,0.6949,0.699,204688.85
2025-01-25 00:00:00,0.699,0.6991,0.6871,0.6872,571775.05
2025-01-25 01:00:00,0.6872,0.6996,0.6863,0.694,137932.27
2025-01-25 02:00:00,0.694,0.6984,0.6927,0.6978,566948.82
2025-01-25 03:00:00,0.6978,0.707,0.6966,0.7062,100357.55
2025-01-25 04:00:00,0.7062,0.7062,0.6992,0.6999,68382.31
2025-01-25 05:00:00,0.6999,0.7023,0.6969,0.6999,254619.85
2025-01-25 06:00:00,0.6999,0.7018,0.6941,0.6976,429886.16
2025-01-25 07:00:00,0.6976,0.6976,0.6928,0.6933,446915.98
2025-01-25 08:00:00,0.6933,0.6967,0.6919,0.6937,150588.21
2025-01-25 09:00:00,0.6937,0.694,0.6885,0.6906,68072.77
2025-01-25 10:00:00,0.6906,0.6958,0.6873,0.6954,702302.39
2025-01-25 11:00:00,0.6954,0.699,0.6923,0.6983,134199.13
2025-01-25 12:00:00,0.6983,0.6987,0.6924,0.6985,422039.83
2025-01-25 13:00:00,0.6985,0.7015,0.697,0.6986,289613.83
2025-01-25 14:00:00,0.6986,0.7001,0.6943,0.6991,236272.72
2025-01-25 15:00:00,0.6991,0.7072,0.6987,0.7035,206330.48
2025-01-25 16:00:00,0.7035,0.7055,0.6992,0.7024,95170.33
2025-01-25 17:00:00,0.7024,0.7041,0.6987,0.7036,270014.18
2025-01-25 18:00:00,0.7036,0.7063,0.7016,0.7037,212099.56
2025-01-25 19:00:00,0.7037,0.7057,0.7026,0.7053,130516.79
2025-01-25 20:00:00,0.7053,0.7109,0.7047,0.7056,125134.35
2025-01-25 21:00:00,0.7056,0.7083,0.7037,0.7079,143528.78
2025-01-25 22:00:00,0.7079,0.7113,0.7063,0.7079,77658.06
2025-01-25 23:00:00,0.7079,0.7083,0.6997,0.7001,141934.08
2025-01-26 00:00:00,0.7001,0.7029,0.6971,0.7006,162626.77
2025-01-26 01:00:00,0.7006,0.7061,0.6996,0.7024,192534.69
2025-01-26 02:00:00,0.7024,0.7025,0.6973,0.7012,70987.31
2025-01-26 03:00:00,0.7012,0.7096,0.7009,0.7067,301094.19
2025-01-26 04:00:00,0.7067,0.7141,0.705,0.7116,283462.9
2025-01-26 05:00:00,0.7116,0.7129,0.7083,0.7122,163051.98
2025-01-26 06:00:00,0.7122,0.713,0.7087,0.7118,50187.27
2025-01-26 07:00:00,0.7118,0.7142,0.7088,0.7135,355170.5
2025-01-26 08:00:00,0.7135,0.716,0.7077,0.7093,558251.79
2025-01-26 09:00:00,0.7093,0.7098,0.6993,0.7005,267565.45
2025-01-26 10:00:00,0.7005,0.7035,0.6997,0.7034,284573.15
2025-01-26 11:00:00,0.7034,0.707,0.7031,0.7057,84462.49
2025-01-26 12:00:00,0.7057,0.7057,0.7018,0.7045,355883.16
2025-01-26 13:00:00,0.7045,0.7056,0.7024,0.7049,239449.4
2025-01-26 14:00:00,0.7049,0.706,0.702,0.7047,156082.38
2025-01-26 15:00:00,0.7047,0.7075,0.7042,0.7063,104054.02
2025-01-26 16:00:00,0.7063,0.7065,0.7009,0.7034,141823.86
2025-01-26 17:00:00,0.7034,0.7142,0.703,0.7103,143254.51
2025-01-26 18:00:00,0.7103,0.7156,0.709,0.7141,212452.51
2025-01-26 19:00:00,0.7141,0.7154,0.7107,0.7149,289777.0
2025-01-26 20:00:00,0.7149,0.7168,0.7083,0.7085,188770.71
2025-01-26 21:00:00,0.7085,0.7091,0.6983,0.6983,622122.68
2025-01-26 22:00:00,0.6983,0.701,0.6932,0.6954,565904.66
2025-01-26 23:00:00,0.6954,0.6954,0.6742,0.6755,1060339.67
2025-01-27 00:00:00,0.6755,0.6774,0.6603,0.6616,973708.06
2025-01-27 01:00:00,0.6616,0.6658,0.6522,0.6524,821251.93
2025-01-27 02:00:00,0.6524,0.6524,0.6421,0.6442,636837.3
2025-01-27 03:00:00,0.6442,0.6547,0.6425,0.6517,169090.13
2025-01-27 04:00:00,0.6517,0.6517,0.641,0.6425,250437.62
2025-01-27 05:00:00,0.6425,0.6438,0.6302,0.637,832407.59
2025-01-27 06:00:00,0.637,0.6422,0.6246,0.6272,877674.93
2025-01-27 07:00:00,0.6272,0.6294,0.6041,0.6211,1223690.37
2025-01-27 08:00:00,0.6211,0.6224,0.6102,0.6194,622595.29
2025-01-27 09:00:00,0.6194,0.6268,0.6177,0.6239,193286.42
2025-01-27 10:00:00,0.6239,0.6239,0.6098,0.6111,437097.67
2025-01-27 11:00:00,0.6111,0.6226,0.6109,0.6156,263287.44
2025-01-27 12:00:00,0.6156,0.6348,0.6125,0.6309,467197.86
2025-01-27 13:00:00,0.6309,0.6384,0.6254,0.6281,454868.42
2025-01-27 14:00:00,0.6281,0.6395,0.6234,0.6384,398464.08
2025-01-27 15:00:00,0.6384,0.6409,0.6315,0.6349,219180.65
2025-01-27 16:00:00,0.6349,0.6364,0.6211,0.6234,327358.93
2025-01-27 17:00:00,0.6234,0.6274,0.6192,0.6214,175641.59
2025-01-27 18:00:00,0.6214,0.6257,0.6141,0.617,187208.29
2025-01-27 19:00:00,0.617,0.6252,0.617,0.6222,148541.52
2025-01-27 20:00:00,0.6222,0.644,0.6222,0.6423,241868.95
2025-01-27 21:00:00,0.6423,0.6588,0.6395,0.6409,479597.56
2025-01-27 22:00:00,0.6409,0.6464,0.6382,0.6422,165248.87
2025-01-27 23:00:00,0.6422,0.6444,0.6382,0.6431,128522.54
2025-01-28 00:00:00,0.6431,0.6496,0.6387,0.6398,173145.37
2025-01-28 01:00:00,0.6398,0.6409,0.6341,0.6388,90122.82
2025-01-28 02:00:00,0.6388,0.6471,0.6381,0.646,278182.71
2025-01-28 03:00:00,0.646,0.6502,0.6422,0.6464,186413.15
2025-01-28 04:00:00,0.6464,0.6527,0.6464,0.6483,124536.35
2025-01-28 05:00:00,0.6483,0.6516,0.6469,0.6483,123013.52
2025-01-28 06:00:00,0.6483,0.6489,0.6416,0.6422,121674.02
2025-01-28 07:00:00,0.6422,0.6479,0.6399,0.6418,157370.01
2025-01-28 08:00:00,0.6418,0.6437,0.6387,0.6428,76054.21
2025-01-28 09:00:00,0.6428,0.6433,0.6355,0.6397,57979.91
2025-01-28 10:00:00,0.6397,0.6412,0.637,0.6376,165362.43
2025-01-28 11:00:00,0.6376,0.6402,0.6331,0.6359,171331.35
2025-01-28 12:00:00,0.6359,0.6388,0.6284,0.6286,127344.96
2025-01-28 13:00:00,0.6286,0.6336,0.6263,0.6284,155990.59
2025-01-28 14:00:00,0.6284,0.632,0.6234,0.6295,355895.93
2025-01-28 15:00:00,0.6295,0.6386,0.6286,0.6307,254888.81
2025-01-28 16:00:00,0.6307,0.6311,0.6188,0.6214,263415.53
2025-01-28 17:00:00,0.6214,0.6286,0.6214,0.624,108151.8
2025-01-28 18:00:00,0.624,0.6259,0.6142,0.6164,351043.08
2025-01-28 19:00:00,0.6164,0.6179,0.6118,0.6176,188037.13
2025-01-28 20:00:00,0.6176,0.6193,0.6049,0.6051,349744.72
2025-01-28 21:00:00,0.6051,0.6089,0.5907,0.5908,1056675.81
2025-01-28 22:00:00,0.5908,0.596,0.5848,0.5953,672779.13
2025-01-28 23:00:00,0.5953,0.5962,0.5864,0.5926,228193.54
2025-01-29 00:00:00,0.5926,0.6,0.5901,0.5972,90420.68
2025-01-29 01:00:00,0.5972,0.603,0.5972,0.601,98221.12
2025-01-29 02:00:00,0.601,0.6076,0.6002,0.6008,114068.75
2025-01-29 03:00:00,0.6008,0.6065,0.5993,0.6058,94805.9
2025-01-29 04:00:00,0.6058,0.6096,0.6039,0.6059,228909.29
2025-01-29 05:00:00,0.6059,0.6087,0.6045,0.6087,54250.22
2025-01-29 06:00:00,0.6087,0.6165,0.6081,0.6163,147703.58
2025-01-29 07:00:00,0.6163,0.6198,0.6132,0.6183,92749.96
2025-01-29 08:00:00,0.6183,0.621,0.6126,0.6136,176261.36
2025-01-29 09:00:00,0.6136,0.6138,0.6065,0.6075,276955.87
2025-01-29 10:00:00,0.6075,0.6125,0.6052,0.6108,106592.08
2025-01-29 11:00:00,0.6108,0.6125,0.6091,0.6097,52012.37
2025-01-29 12:00:00,0.6097,0.6125,0.6032,0.6042,91326.93
2025-01-29 13:00:00,0.6042,0.605,0.5966,0.5993,413646.69
2025-01-29 14:00:00,0.5993,0.6031,0.5948,0.5994,204385.92
2025-01-29 15:00:00,0.5994,0.6061,0.599,0.6021,127966.03
2025-01-29 16:00:00,0.6021,0.6027,0.5948,0.5987,83734.39
2025-01-29 17:00:00,0.5987,0.6103,0.5983,0.6048,142242.51
2025-01-29 18:00:00,0.6048,0.6117,0.5988,0.6093,189045.41
2025-01-29 19:00:00,0.6093,0.6192,0.5903,0.6126,594928.13
2025-01-29 20:00:00,0.6126,0.6266,0.6045,0.6174,440254.65
2025-01-29 21:00:00,0.6174,0.6253,0.6119,0.6184,221589.49
2025-01-29 22:00:00,0.6184,0.6199,0.6116,0.6129,60027.54
