date,open,high,low,close,volume
2023-12-31 23:00:00,3.497e-05,3.524e-05,3.478e-05,3.499e-05,394819588.0
2024-01-01 00:00:00,3.499e-05,3.532e-05,3.473e-05,3.501e-05,686834888.0
2024-01-01 01:00:00,3.501e-05,3.534e-05,3.495e-05,3.523e-05,226792929.0
2024-01-01 02:00:00,3.523e-05,3.537e-05,3.507e-05,3.512e-05,1341664489.0
2024-01-01 03:00:00,3.512e-05,3.517e-05,3.441e-05,3.456e-05,675508500.0
2024-01-01 04:00:00,3.456e-05,3.463e-05,3.43e-05,3.46e-05,1357271682.0
2024-01-01 05:00:00,3.46e-05,3.492e-05,3.43e-05,3.43e-05,662463484.0
2024-01-01 06:00:00,3.43e-05,3.454e-05,3.428e-05,3.446e-05,668985496.0
2024-01-01 07:00:00,3.446e-05,3.519e-05,3.432e-05,3.488e-05,1205321055.0
2024-01-01 08:00:00,3.488e-05,3.511e-05,3.485e-05,3.489e-05,448070982.0
2024-01-01 09:00:00,3.489e-05,3.509e-05,3.476e-05,3.509e-05,378968890.0
2024-01-01 10:00:00,3.509e-05,3.519e-05,3.491e-05,3.516e-05,411670719.0
2024-01-01 11:00:00,3.516e-05,3.535e-05,3.503e-05,3.527e-05,222740938.0
2024-01-01 12:00:00,3.527e-05,3.546e-05,3.515e-05,3.534e-05,162595971.0
2024-01-01 13:00:00,3.534e-05,3.575e-05,3.525e-05,3.567e-05,536509481.0
2024-01-01 14:00:00,3.567e-05,3.572e-05,3.539e-05,3.547e-05,387567631.0
2024-01-01 15:00:00,3.547e-05,3.583e-05,3.54e-05,3.582e-05,197009589.0
2024-01-01 16:00:00,3.582e-05,3.596e-05,3.56e-05,3.568e-05,781106708.0
2024-01-01 17:00:00,3.568e-05,3.592e-05,3.566e-05,3.587e-05,610420325.0
2024-01-01 18:00:00,3.587e-05,3.666e-05,3.587e-05,3.623e-05,1098186630.0
2024-01-01 19:00:00,3.623e-05,3.651e-05,3.614e-05,3.646e-05,419930306.0
2024-01-01 20:00:00,3.646e-05,3.667e-05,3.643e-05,3.655e-05,679761518.0
2024-01-01 21:00:00,3.655e-05,3.664e-05,3.635e-05,3.647e-05,704197131.0
2024-01-01 22:00:00,3.647e-05,3.662e-05,3.632e-05,3.661e-05,477187666.0
2024-01-01 23:00:00,3.661e-05,3.677e-05,3.654e-05,3.672e-05,910270330.0
2024-01-02 00:00:00,3.672e-05,3.676e-05,3.624e-05,3.676e-05,2016876686.0
2024-01-02 01:00:00,3.676e-05,3.708e-05,3.668e-05,3.692e-05,4120821912.0
2024-01-02 02:00:00,3.692e-05,3.712e-05,3.691e-05,3.699e-05,655515752.0
2024-01-02 03:00:00,3.699e-05,3.711e-05,3.674e-05,3.707e-05,578289650.0
2024-01-02 04:00:00,3.707e-05,3.717e-05,3.688e-05,3.71e-05,2798251803.0
2024-01-02 05:00:00,3.71e-05,3.711e-05,3.678e-05,3.681e-05,599797767.0
2024-01-02 06:00:00,3.681e-05,3.702e-05,3.678e-05,3.687e-05,1695690781.0
2024-01-02 07:00:00,3.687e-05,3.696e-05,3.68e-05,3.684e-05,734845758.0
2024-01-02 08:00:00,3.684e-05,3.75e-05,3.679e-05,3.742e-05,1342059062.0
2024-01-02 09:00:00,3.742e-05,3.773e-05,3.734e-05,3.741e-05,1117581915.0
2024-01-02 10:00:00,3.741e-05,3.746e-05,3.721e-05,3.738e-05,1059439986.0
2024-01-02 11:00:00,3.738e-05,3.755e-05,3.686e-05,3.702e-05,988948487.0
2024-01-02 12:00:00,3.702e-05,3.709e-05,3.673e-05,3.676e-05,470260388.0
2024-01-02 13:00:00,3.676e-05,3.709e-05,3.661e-05,3.693e-05,587184932.0
2024-01-02 14:00:00,3.693e-05,3.704e-05,3.592e-05,3.618e-05,807308439.0
2024-01-02 15:00:00,3.618e-05,3.627e-05,3.566e-05,3.613e-05,790142425.0
2024-01-02 16:00:00,3.613e-05,3.633e-05,3.573e-05,3.632e-05,494200631.0
2024-01-02 17:00:00,3.632e-05,3.633e-05,3.576e-05,3.585e-05,1179338458.0
2024-01-02 18:00:00,3.585e-05,3.6e-05,3.572e-05,3.58e-05,391411448.0
2024-01-02 19:00:00,3.58e-05,3.599e-05,3.559e-05,3.571e-05,407920383.0
2024-01-02 20:00:00,3.571e-05,3.591e-05,3.539e-05,3.54e-05,477180596.0
2024-01-02 21:00:00,3.54e-05,3.564e-05,3.522e-05,3.556e-05,563465122.0
2024-01-02 22:00:00,3.556e-05,3.573e-05,3.54e-05,3.559e-05,398262501.0
2024-01-02 23:00:00,3.559e-05,3.579e-05,3.537e-05,3.554e-05,500857429.0
2024-01-03 00:00:00,3.554e-05,3.61e-05,3.554e-05,3.601e-05,3719870279.0
2024-01-03 01:00:00,3.601e-05,3.618e-05,3.586e-05,3.617e-05,235017472.0
2024-01-03 02:00:00,3.617e-05,3.635e-05,3.611e-05,3.625e-05,441604815.0
2024-01-03 03:00:00,3.625e-05,3.637e-05,3.618e-05,3.635e-05,421540819.0
2024-01-03 04:00:00,3.635e-05,3.655e-05,3.626e-05,3.645e-05,350302894.0
2024-01-03 05:00:00,3.645e-05,3.649e-05,3.634e-05,3.634e-05,338861739.0
2024-01-03 06:00:00,3.634e-05,3.646e-05,3.623e-05,3.633e-05,685802388.0
2024-01-03 07:00:00,3.633e-05,3.638e-05,3.587e-05,3.596e-05,414860374.0
2024-01-03 08:00:00,3.596e-05,3.618e-05,3.596e-05,3.618e-05,299933197.0
2024-01-03 09:00:00,3.618e-05,3.663e-05,3.618e-05,3.639e-05,377344918.0
2024-01-03 10:00:00,3.639e-05,3.657e-05,3.614e-05,3.644e-05,589783554.0
2024-01-03 11:00:00,3.644e-05,3.686e-05,3.53e-05,3.55e-05,2828901560.0
2024-01-03 12:00:00,3.55e-05,3.55e-05,2.763e-05,3.223e-05,11333126685.0
2024-01-03 13:00:00,3.223e-05,3.224e-05,3.134e-05,3.17e-05,5616822451.0
2024-01-03 14:00:00,3.17e-05,3.177e-05,3.09e-05,3.131e-05,3049087728.0
2024-01-03 15:00:00,3.131e-05,3.235e-05,3.131e-05,3.228e-05,2387131260.0
2024-01-03 16:00:00,3.228e-05,3.246e-05,3.154e-05,3.167e-05,1278570534.0
2024-01-03 17:00:00,3.167e-05,3.172e-05,3.111e-05,3.14e-05,813522983.0
2024-01-03 18:00:00,3.14e-05,3.156e-05,3.06e-05,3.093e-05,794488826.0
2024-01-03 19:00:00,3.093e-05,3.153e-05,3.09e-05,3.124e-05,798322006.0
2024-01-03 20:00:00,3.124e-05,3.172e-05,3.113e-05,3.154e-05,239765343.0
2024-01-03 21:00:00,3.154e-05,3.172e-05,3.143e-05,3.162e-05,376272887.0
2024-01-03 22:00:00,3.162e-05,3.167e-05,3.122e-05,3.136e-05,293890233.0
2024-01-03 23:00:00,3.136e-05,3.141e-05,3.106e-05,3.138e-05,1007702437.0
2024-01-04 00:00:00,3.138e-05,3.165e-05,3.127e-05,3.142e-05,207471455.0
2024-01-04 01:00:00,3.142e-05,3.145e-05,3.066e-05,3.08e-05,285151283.0
2024-01-04 02:00:00,3.08e-05,3.166e-05,3.079e-05,3.157e-05,273051476.0
2024-01-04 03:00:00,3.157e-05,3.164e-05,3.141e-05,3.161e-05,362007021.0
2024-01-04 04:00:00,3.161e-05,3.192e-05,3.142e-05,3.185e-05,280494581.0
2024-01-04 05:00:00,3.185e-05,3.24e-05,3.175e-05,3.205e-05,669923070.0
2024-01-04 06:00:00,3.205e-05,3.239e-05,3.196e-05,3.22e-05,432925975.0
2024-01-04 07:00:00,3.22e-05,3.247e-05,3.175e-05,3.181e-05,3902290464.0
2024-01-04 08:00:00,3.181e-05,3.249e-05,3.181e-05,3.223e-05,2208664603.0
2024-01-04 09:00:00,3.223e-05,3.236e-05,3.196e-05,3.217e-05,263070307.0
2024-01-04 10:00:00,3.217e-05,3.226e-05,3.169e-05,3.211e-05,413407246.0
2024-01-04 11:00:00,3.211e-05,3.24e-05,3.182e-05,3.204e-05,427254187.0
2024-01-04 12:00:00,3.204e-05,3.242e-05,3.204e-05,3.208e-05,1879186609.0
2024-01-04 13:00:00,3.208e-05,3.22e-05,3.176e-05,3.203e-05,382054175.0
2024-01-04 14:00:00,3.203e-05,3.236e-05,3.184e-05,3.236e-05,487879351.0
2024-01-04 15:00:00,3.236e-05,3.28e-05,3.222e-05,3.274e-05,521944575.0
2024-01-04 16:00:00,3.274e-05,3.277e-05,3.221e-05,3.246e-05,1365987819.0
2024-01-04 17:00:00,3.246e-05,3.26e-05,3.225e-05,3.237e-05,734402033.0
2024-01-04 18:00:00,3.237e-05,3.251e-05,3.218e-05,3.239e-05,697888965.0
2024-01-04 19:00:00,3.239e-05,3.266e-05,3.225e-05,3.242e-05,559556384.0
2024-01-04 20:00:00,3.242e-05,3.278e-05,3.238e-05,3.242e-05,472070858.0
2024-01-04 21:00:00,3.242e-05,3.266e-05,3.225e-05,3.242e-05,738041961.0
2024-01-04 22:00:00,3.242e-05,3.27e-05,3.216e-05,3.237e-05,691948834.0
2024-01-04 23:00:00,3.237e-05,3.259e-05,3.228e-05,3.242e-05,727786956.0
2024-01-05 00:00:00,3.242e-05,3.277e-05,3.231e-05,3.254e-05,457782710.0
2024-01-05 01:00:00,3.254e-05,3.26e-05,3.097e-05,3.176e-05,2211576492.0
2024-01-05 02:00:00,3.176e-05,3.208e-05,3.152e-05,3.176e-05,544916216.0
2024-01-05 03:00:00,3.176e-05,3.201e-05,3.158e-05,3.169e-05,738220446.0
2024-01-05 04:00:00,3.169e-05,3.177e-05,3.117e-05,3.165e-05,3677334582.0
2024-01-05 05:00:00,3.165e-05,3.202e-05,3.16e-05,3.17e-05,718642524.0
2024-01-05 06:00:00,3.17e-05,3.178e-05,3.128e-05,3.155e-05,2029042347.0
2024-01-05 07:00:00,3.155e-05,3.197e-05,3.14e-05,3.156e-05,5001720653.0
2024-01-05 08:00:00,3.156e-05,3.184e-05,3.151e-05,3.163e-05,647366132.0
2024-01-05 09:00:00,3.163e-05,3.2e-05,3.163e-05,3.189e-05,877171559.0
2024-01-05 10:00:00,3.189e-05,3.193e-05,3.1e-05,3.124e-05,1154010435.0
2024-01-05 11:00:00,3.124e-05,3.149e-05,3.11e-05,3.115e-05,957425814.0
2024-01-05 12:00:00,3.115e-05,3.152e-05,3.092e-05,3.143e-05,1563288499.0
2024-01-05 13:00:00,3.143e-05,3.166e-05,3.128e-05,3.15e-05,673798388.0
2024-01-05 14:00:00,3.15e-05,3.155e-05,3.064e-05,3.07e-05,1094117100.0
2024-01-05 15:00:00,3.07e-05,3.118e-05,3.041e-05,3.057e-05,2732712966.0
2024-01-05 16:00:00,3.057e-05,3.081e-05,3.029e-05,3.036e-05,1842375490.0
2024-01-05 17:00:00,3.036e-05,3.087e-05,3.019e-05,3.087e-05,2458365659.0
2024-01-05 18:00:00,3.087e-05,3.122e-05,3.08e-05,3.094e-05,542968811.0
2024-01-05 19:00:00,3.094e-05,3.115e-05,3.075e-05,3.078e-05,477427314.0
2024-01-05 20:00:00,3.078e-05,3.142e-05,3.077e-05,3.122e-05,607010964.0
2024-01-05 21:00:00,3.122e-05,3.125e-05,3.086e-05,3.119e-05,539696543.0
2024-01-05 22:00:00,3.119e-05,3.129e-05,3.103e-05,3.129e-05,637328277.0
2024-01-05 23:00:00,3.129e-05,3.175e-05,3.129e-05,3.174e-05,571510472.0
2024-01-06 00:00:00,3.174e-05,3.214e-05,3.14e-05,3.15e-05,3672851155.0
2024-01-06 01:00:00,3.15e-05,3.15e-05,3.111e-05,3.125e-05,1499753092.0
2024-01-06 02:00:00,3.125e-05,3.133e-05,3.097e-05,3.122e-05,606197385.0
2024-01-06 03:00:00,3.122e-05,3.126e-05,3.093e-05,3.105e-05,728000752.0
2024-01-06 04:00:00,3.105e-05,3.117e-05,3.058e-05,3.058e-05,341083073.0
2024-01-06 05:00:00,3.058e-05,3.071e-05,2.969e-05,2.993e-05,6663618613.0
2024-01-06 06:00:00,2.993e-05,3.006e-05,2.914e-05,2.941e-05,1546297996.0
2024-01-06 07:00:00,2.941e-05,3.003e-05,2.917e-05,3.003e-05,2076679389.0
2024-01-06 08:00:00,3.003e-05,3.029e-05,2.982e-05,3.027e-05,1095838088.0
2024-01-06 09:00:00,3.027e-05,3.03e-05,3.006e-05,3.01e-05,1068366134.0
2024-01-06 10:00:00,3.01e-05,3.025e-05,2.998e-05,3.01e-05,540842018.0
2024-01-06 11:00:00,3.01e-05,3.024e-05,2.995e-05,3.024e-05,386299336.0
2024-01-06 12:00:00,3.024e-05,3.03e-05,2.99e-05,3.005e-05,646655481.0
2024-01-06 13:00:00,3.005e-05,3.021e-05,2.988e-05,3.021e-05,1050687202.0
2024-01-06 14:00:00,3.021e-05,3.091e-05,3.02e-05,3.091e-05,621136081.0
2024-01-06 15:00:00,3.091e-05,3.238e-05,3.076e-05,3.141e-05,7691641791.0
2024-01-06 16:00:00,3.141e-05,3.15e-05,3.112e-05,3.144e-05,949948508.0
2024-01-06 17:00:00,3.144e-05,3.161e-05,3.117e-05,3.124e-05,910858819.0
2024-01-06 18:00:00,3.124e-05,3.127e-05,3.092e-05,3.096e-05,478077146.0
2024-01-06 19:00:00,3.096e-05,3.103e-05,3.072e-05,3.098e-05,390239069.0
2024-01-06 20:00:00,3.098e-05,3.137e-05,3.086e-05,3.119e-05,538635460.0
2024-01-06 21:00:00,3.119e-05,3.133e-05,3.087e-05,3.126e-05,702155771.0
2024-01-06 22:00:00,3.126e-05,3.137e-05,3.092e-05,3.106e-05,338951879.0
2024-01-06 23:00:00,3.106e-05,3.119e-05,3.072e-05,3.11e-05,712568349.0
2024-01-07 00:00:00,3.11e-05,3.134e-05,3.098e-05,3.118e-05,527592132.0
2024-01-07 01:00:00,3.118e-05,3.132e-05,3.094e-05,3.094e-05,498674655.0
2024-01-07 02:00:00,3.094e-05,3.114e-05,3.062e-05,3.08e-05,309851998.0
2024-01-07 03:00:00,3.08e-05,3.116e-05,3.08e-05,3.096e-05,284037200.0
2024-01-07 04:00:00,3.096e-05,3.136e-05,3.093e-05,3.13e-05,396228828.0
2024-01-07 05:00:00,3.13e-05,3.146e-05,3.115e-05,3.13e-05,324039649.0
2024-01-07 06:00:00,3.13e-05,3.153e-05,3.126e-05,3.138e-05,983038476.0
2024-01-07 07:00:00,3.138e-05,3.146e-05,3.118e-05,3.131e-05,702440083.0
2024-01-07 08:00:00,3.131e-05,3.144e-05,3.076e-05,3.08e-05,755899392.0
2024-01-07 09:00:00,3.08e-05,3.096e-05,3.041e-05,3.053e-05,896830167.0
2024-01-07 10:00:00,3.053e-05,3.081e-05,3.052e-05,3.071e-05,251252391.0
2024-01-07 11:00:00,3.071e-05,3.075e-05,3.047e-05,3.054e-05,316024661.0
2024-01-07 12:00:00,3.054e-05,3.068e-05,3.034e-05,3.057e-05,472873921.0
2024-01-07 13:00:00,3.057e-05,3.088e-05,3.056e-05,3.073e-05,413703653.0
2024-01-07 14:00:00,3.073e-05,3.083e-05,3.047e-05,3.073e-05,322319476.0
2024-01-07 15:00:00,3.073e-05,3.078e-05,3.01e-05,3.022e-05,428638652.0
2024-01-07 16:00:00,3.022e-05,3.032e-05,2.979e-05,2.987e-05,1217307660.0
2024-01-07 17:00:00,2.987e-05,3.02e-05,2.977e-05,3.017e-05,521693391.0
2024-01-07 18:00:00,3.017e-05,3.032e-05,3.008e-05,3.022e-05,514400085.0
2024-01-07 19:00:00,3.022e-05,3.039e-05,3.013e-05,3.036e-05,317061806.0
2024-01-07 20:00:00,3.036e-05,3.036e-05,3.008e-05,3.008e-05,583394491.0
2024-01-07 21:00:00,3.008e-05,3.018e-05,2.984e-05,2.987e-05,467109437.0
2024-01-07 22:00:00,2.987e-05,2.99e-05,2.899e-05,2.919e-05,1390717645.0
2024-01-07 23:00:00,2.919e-05,2.947e-05,2.887e-05,2.915e-05,450762653.0
2024-01-08 00:00:00,2.915e-05,2.922e-05,2.817e-05,2.817e-05,5536263138.0
2024-01-08 01:00:00,2.817e-05,2.856e-05,2.807e-05,2.823e-05,1439608232.0
2024-01-08 02:00:00,2.823e-05,2.839e-05,2.692e-05,2.733e-05,4347294745.0
2024-01-08 03:00:00,2.733e-05,2.753e-05,2.649e-05,2.713e-05,1971900859.0
2024-01-08 04:00:00,2.713e-05,2.748e-05,2.681e-05,2.748e-05,551595410.0
2024-01-08 05:00:00,2.748e-05,2.755e-05,2.719e-05,2.747e-05,661278330.0
2024-01-08 06:00:00,2.747e-05,2.81e-05,2.738e-05,2.782e-05,1500090883.0
2024-01-08 07:00:00,2.782e-05,2.82e-05,2.768e-05,2.789e-05,387674535.0
2024-01-08 08:00:00,2.789e-05,2.824e-05,2.779e-05,2.792e-05,691058097.0
2024-01-08 09:00:00,2.792e-05,2.821e-05,2.777e-05,2.781e-05,588095043.0
2024-01-08 10:00:00,2.781e-05,2.835e-05,2.77e-05,2.825e-05,1752628538.0
2024-01-08 11:00:00,2.825e-05,2.852e-05,2.818e-05,2.851e-05,637899885.0
2024-01-08 12:00:00,2.851e-05,2.898e-05,2.85e-05,2.888e-05,526563024.0
2024-01-08 13:00:00,2.888e-05,2.933e-05,2.877e-05,2.908e-05,4077322229.0
2024-01-08 14:00:00,2.908e-05,2.954e-05,2.906e-05,2.919e-05,5105398351.0
2024-01-08 15:00:00,2.919e-05,2.95e-05,2.905e-05,2.93e-05,2035867382.0
2024-01-08 16:00:00,2.93e-05,2.947e-05,2.905e-05,2.912e-05,348690431.0
2024-01-08 17:00:00,2.912e-05,2.948e-05,2.89e-05,2.948e-05,1006833391.0
2024-01-08 18:00:00,2.948e-05,3.02e-05,2.944e-05,3.011e-05,2647569489.0
2024-01-08 19:00:00,3.011e-05,3.069e-05,2.984e-05,3.055e-05,2462517341.0
2024-01-08 20:00:00,3.055e-05,3.056e-05,3.005e-05,3.019e-05,928922215.0
2024-01-08 21:00:00,3.019e-05,3.042e-05,3.012e-05,3.012e-05,817135225.0
2024-01-08 22:00:00,3.012e-05,3.054e-05,3.008e-05,3.054e-05,561691780.0
2024-01-08 23:00:00,3.054e-05,3.068e-05,3.033e-05,3.05e-05,2435213870.0
2024-01-09 00:00:00,3.05e-05,3.059e-05,2.964e-05,3.014e-05,1175186116.0
2024-01-09 01:00:00,3.014e-05,3.026e-05,2.984e-05,3.005e-05,341931807.0
2024-01-09 02:00:00,3.005e-05,3.02e-05,2.995e-05,3.011e-05,1271243151.0
2024-01-09 03:00:00,3.011e-05,3.015e-05,2.988e-05,2.993e-05,660541512.0
2024-01-09 04:00:00,2.993e-05,3.047e-05,2.99e-05,3.043e-05,523587202.0
2024-01-09 05:00:00,3.043e-05,3.048e-05,2.997e-05,3.017e-05,407466273.0
2024-01-09 06:00:00,3.017e-05,3.027e-05,2.99e-05,3.016e-05,525642125.0
2024-01-09 07:00:00,3.016e-05,3.027e-05,3.002e-05,3.02e-05,862165063.0
2024-01-09 08:00:00,3.02e-05,3.024e-05,2.954e-05,2.957e-05,2013133134.0
2024-01-09 09:00:00,2.957e-05,2.972e-05,2.915e-05,2.931e-05,905310027.0
2024-01-09 10:00:00,2.931e-05,2.962e-05,2.929e-05,2.944e-05,615983568.0
2024-01-09 11:00:00,2.944e-05,2.971e-05,2.938e-05,2.957e-05,577625762.0
2024-01-09 12:00:00,2.957e-05,2.967e-05,2.825e-05,2.867e-05,1095338146.0
2024-01-09 13:00:00,2.867e-05,2.921e-05,2.865e-05,2.902e-05,933622788.0
2024-01-09 14:00:00,2.902e-05,2.91e-05,2.836e-05,2.84e-05,1115545061.0
2024-01-09 15:00:00,2.84e-05,2.864e-05,2.815e-05,2.848e-05,516447723.0
2024-01-09 16:00:00,2.848e-05,2.873e-05,2.82e-05,2.854e-05,498802186.0
2024-01-09 17:00:00,2.854e-05,2.928e-05,2.826e-05,2.868e-05,1721465694.0
2024-01-09 18:00:00,2.868e-05,2.91e-05,2.85e-05,2.909e-05,838003391.0
2024-01-09 19:00:00,2.909e-05,2.916e-05,2.833e-05,2.877e-05,689973777.0
2024-01-09 20:00:00,2.877e-05,2.877e-05,2.79e-05,2.804e-05,1547122707.0
2024-01-09 21:00:00,2.804e-05,2.924e-05,2.803e-05,2.85e-05,2259649198.0
2024-01-09 22:00:00,2.85e-05,2.935e-05,2.841e-05,2.905e-05,1082702700.0
2024-01-09 23:00:00,2.905e-05,2.926e-05,2.878e-05,2.91e-05,460170912.0
2024-01-10 00:00:00,2.91e-05,2.953e-05,2.892e-05,2.937e-05,656333208.0
2024-01-10 01:00:00,2.937e-05,2.957e-05,2.919e-05,2.943e-05,662089989.0
2024-01-10 02:00:00,2.943e-05,2.954e-05,2.904e-05,2.904e-05,653770408.0
2024-01-10 03:00:00,2.904e-05,2.947e-05,2.903e-05,2.927e-05,577147414.0
2024-01-10 04:00:00,2.927e-05,2.948e-05,2.911e-05,2.921e-05,544423690.0
2024-01-10 05:00:00,2.921e-05,2.958e-05,2.915e-05,2.948e-05,644428708.0
2024-01-10 06:00:00,2.948e-05,2.986e-05,2.931e-05,2.967e-05,637586162.0
2024-01-10 07:00:00,2.967e-05,2.977e-05,2.917e-05,2.927e-05,539167378.0
2024-01-10 08:00:00,2.927e-05,2.944e-05,2.882e-05,2.901e-05,370995108.0
2024-01-10 09:00:00,2.901e-05,3.011e-05,2.899e-05,3.006e-05,926827372.0
2024-01-10 10:00:00,3.006e-05,3.015e-05,2.961e-05,2.962e-05,582827870.0
2024-01-10 11:00:00,2.962e-05,2.983e-05,2.94e-05,2.967e-05,425994939.0
2024-01-10 12:00:00,2.967e-05,2.971e-05,2.832e-05,2.866e-05,1732156449.0
2024-01-10 13:00:00,2.866e-05,2.9e-05,2.845e-05,2.87e-05,1931752738.0
2024-01-10 14:00:00,2.87e-05,2.89e-05,2.836e-05,2.841e-05,687961157.0
2024-01-10 15:00:00,2.841e-05,2.926e-05,2.831e-05,2.921e-05,871661005.0
2024-01-10 16:00:00,2.921e-05,2.929e-05,2.89e-05,2.891e-05,779408510.0
2024-01-10 17:00:00,2.891e-05,2.938e-05,2.884e-05,2.931e-05,414535482.0
2024-01-10 18:00:00,2.931e-05,2.958e-05,2.924e-05,2.949e-05,271869679.0
2024-01-10 19:00:00,2.949e-05,3.006e-05,2.935e-05,2.995e-05,885589166.0
2024-01-10 20:00:00,2.995e-05,2.996e-05,2.915e-05,2.994e-05,868171509.0
2024-01-10 21:00:00,2.994e-05,3.113e-05,2.974e-05,3.107e-05,1173318370.0
2024-01-10 22:00:00,3.107e-05,3.191e-05,3.099e-05,3.183e-05,1427070036.0
2024-01-10 23:00:00,3.183e-05,3.227e-05,3.13e-05,3.158e-05,1219447056.0
2024-01-11 00:00:00,3.158e-05,3.182e-05,3.127e-05,3.175e-05,578490175.0
2024-01-11 01:00:00,3.175e-05,3.185e-05,3.144e-05,3.161e-05,372620410.0
2024-01-11 02:00:00,3.161e-05,3.196e-05,3.152e-05,3.176e-05,626228043.0
2024-01-11 03:00:00,3.176e-05,3.218e-05,3.155e-05,3.215e-05,1326416763.0
2024-01-11 04:00:00,3.215e-05,3.22e-05,3.18e-05,3.194e-05,1625770848.0
2024-01-11 05:00:00,3.194e-05,3.194e-05,3.137e-05,3.158e-05,277984432.0
2024-01-11 06:00:00,3.158e-05,3.159e-05,3.1e-05,3.128e-05,426343939.0
2024-01-11 07:00:00,3.128e-05,3.209e-05,3.127e-05,3.203e-05,332898135.0
2024-01-11 08:00:00,3.203e-05,3.266e-05,3.193e-05,3.235e-05,484870153.0
2024-01-11 09:00:00,3.235e-05,3.267e-05,3.209e-05,3.21e-05,1562368828.0
2024-01-11 10:00:00,3.21e-05,3.255e-05,3.207e-05,3.251e-05,542687054.0
2024-01-11 11:00:00,3.251e-05,3.279e-05,3.235e-05,3.279e-05,824415661.0
2024-01-11 12:00:00,3.279e-05,3.328e-05,3.274e-05,3.312e-05,1730062711.0
2024-01-11 13:00:00,3.312e-05,3.318e-05,3.232e-05,3.282e-05,679683507.0
2024-01-11 14:00:00,3.282e-05,3.325e-05,3.232e-05,3.313e-05,3898439560.0
2024-01-11 15:00:00,3.313e-05,3.314e-05,3.16e-05,3.203e-05,4781835493.0
2024-01-11 16:00:00,3.203e-05,3.237e-05,3.137e-05,3.187e-05,1178212930.0
2024-01-11 17:00:00,3.187e-05,3.226e-05,3.153e-05,3.22e-05,1842416888.0
2024-01-11 18:00:00,3.22e-05,3.25e-05,3.203e-05,3.235e-05,462800950.0
2024-01-11 19:00:00,3.235e-05,3.252e-05,3.213e-05,3.247e-05,426450046.0
2024-01-11 20:00:00,3.247e-05,3.278e-05,3.192e-05,3.201e-05,489390460.0
2024-01-11 21:00:00,3.201e-05,3.234e-05,3.192e-05,3.2e-05,270028328.0
2024-01-11 22:00:00,3.2e-05,3.228e-05,3.179e-05,3.227e-05,498135049.0
2024-01-11 23:00:00,3.227e-05,3.249e-05,3.218e-05,3.236e-05,353338380.0
2024-01-12 00:00:00,3.236e-05,3.251e-05,3.208e-05,3.236e-05,251831796.0
2024-01-12 01:00:00,3.236e-05,3.236e-05,3.168e-05,3.205e-05,312767584.0
2024-01-12 02:00:00,3.205e-05,3.246e-05,3.204e-05,3.24e-05,332808027.0
2024-01-12 03:00:00,3.24e-05,3.244e-05,3.202e-05,3.207e-05,478794734.0
2024-01-12 04:00:00,3.207e-05,3.239e-05,3.199e-05,3.204e-05,499083170.0
2024-01-12 05:00:00,3.204e-05,3.257e-05,3.203e-05,3.252e-05,478382522.0
2024-01-12 06:00:00,3.252e-05,3.277e-05,3.235e-05,3.237e-05,848760026.0
2024-01-12 07:00:00,3.237e-05,3.24e-05,3.202e-05,3.224e-05,1063404178.0
2024-01-12 08:00:00,3.224e-05,3.225e-05,3.178e-05,3.206e-05,566402829.0
2024-01-12 09:00:00,3.206e-05,3.224e-05,3.171e-05,3.211e-05,457292944.0
2024-01-12 10:00:00,3.211e-05,3.221e-05,3.202e-05,3.208e-05,549986657.0
2024-01-12 11:00:00,3.208e-05,3.252e-05,3.207e-05,3.226e-05,603007128.0
2024-01-12 12:00:00,3.226e-05,3.268e-05,3.203e-05,3.229e-05,586059027.0
2024-01-12 13:00:00,3.229e-05,3.269e-05,3.229e-05,3.25e-05,580431923.0
2024-01-12 14:00:00,3.25e-05,3.337e-05,3.234e-05,3.284e-05,7047064008.0
2024-01-12 15:00:00,3.284e-05,3.292e-05,3.163e-05,3.175e-05,1059555861.0
2024-01-12 16:00:00,3.175e-05,3.207e-05,3.082e-05,3.101e-05,1100920144.0
2024-01-12 17:00:00,3.101e-05,3.129e-05,3.02e-05,3.113e-05,1356551216.0
2024-01-12 18:00:00,3.113e-05,3.127e-05,3.085e-05,3.117e-05,534194939.0
2024-01-12 19:00:00,3.117e-05,3.12e-05,3.085e-05,3.102e-05,320910990.0
2024-01-12 20:00:00,3.102e-05,3.148e-05,3.099e-05,3.128e-05,1222320008.0
2024-01-12 21:00:00,3.128e-05,3.139e-05,3.031e-05,3.069e-05,1028001000.0
2024-01-12 22:00:00,3.069e-05,3.073e-05,2.923e-05,3.012e-05,1240641257.0
2024-01-12 23:00:00,3.012e-05,3.047e-05,3.008e-05,3.036e-05,400765871.0
2024-01-13 00:00:00,3.036e-05,3.057e-05,2.999e-05,3e-05,321588104.0
2024-01-13 01:00:00,3e-05,3.011e-05,2.936e-05,2.995e-05,529927438.0
2024-01-13 02:00:00,2.995e-05,3.024e-05,2.984e-05,2.992e-05,530372237.0
2024-01-13 03:00:00,2.992e-05,3.021e-05,2.982e-05,3.008e-05,397569008.0
2024-01-13 04:00:00,3.008e-05,3.023e-05,3e-05,3.016e-05,429397470.0
2024-01-13 05:00:00,3.016e-05,3.055e-05,3.004e-05,3.052e-05,1024061480.0
2024-01-13 06:00:00,3.052e-05,3.058e-05,3.03e-05,3.044e-05,1580671091.0
2024-01-13 07:00:00,3.044e-05,3.055e-05,3.029e-05,3.035e-05,457025743.0
2024-01-13 08:00:00,3.035e-05,3.056e-05,3.031e-05,3.048e-05,352710719.0
2024-01-13 09:00:00,3.048e-05,3.062e-05,3.023e-05,3.028e-05,490365756.0
2024-01-13 10:00:00,3.028e-05,3.037e-05,3.016e-05,3.024e-05,488594333.0
2024-01-13 11:00:00,3.024e-05,3.037e-05,3.016e-05,3.028e-05,356654711.0
2024-01-13 12:00:00,3.028e-05,3.04e-05,3.015e-05,3.034e-05,443412942.0
2024-01-13 13:00:00,3.034e-05,3.044e-05,3.012e-05,3.016e-05,388002205.0
2024-01-13 14:00:00,3.016e-05,3.041e-05,3.008e-05,3.015e-05,525376965.0
2024-01-13 15:00:00,3.015e-05,3.059e-05,3.013e-05,3.047e-05,585163827.0
2024-01-13 16:00:00,3.047e-05,3.052e-05,3.028e-05,3.038e-05,473447288.0
2024-01-13 17:00:00,3.038e-05,3.072e-05,3.024e-05,3.065e-05,608111242.0
2024-01-13 18:00:00,3.065e-05,3.07e-05,3.043e-05,3.064e-05,673163316.0
2024-01-13 19:00:00,3.064e-05,3.107e-05,3.064e-05,3.097e-05,2523574318.0
2024-01-13 20:00:00,3.097e-05,3.108e-05,3.078e-05,3.1e-05,463348325.0
2024-01-13 21:00:00,3.1e-05,3.114e-05,3.091e-05,3.113e-05,583374420.0
2024-01-13 22:00:00,3.113e-05,3.131e-05,3.1e-05,3.121e-05,509686375.0
2024-01-13 23:00:00,3.121e-05,3.122e-05,3.095e-05,3.096e-05,279057476.0
2024-01-14 00:00:00,3.096e-05,3.106e-05,3.044e-05,3.051e-05,399601734.0
2024-01-14 01:00:00,3.051e-05,3.101e-05,3.049e-05,3.094e-05,466648994.0
2024-01-14 02:00:00,3.094e-05,3.095e-05,3.055e-05,3.083e-05,1852997505.0
2024-01-14 03:00:00,3.083e-05,3.092e-05,3.061e-05,3.065e-05,779209845.0
2024-01-14 04:00:00,3.065e-05,3.074e-05,3.033e-05,3.035e-05,1007300233.0
2024-01-14 05:00:00,3.035e-05,3.091e-05,3.034e-05,3.085e-05,527062256.0
2024-01-14 06:00:00,3.085e-05,3.101e-05,3.083e-05,3.098e-05,724426815.0
2024-01-14 07:00:00,3.098e-05,3.099e-05,3.068e-05,3.098e-05,2114168079.0
2024-01-14 08:00:00,3.098e-05,3.137e-05,3.079e-05,3.131e-05,1199498623.0
2024-01-14 09:00:00,3.131e-05,3.138e-05,3.11e-05,3.124e-05,660758409.0
2024-01-14 10:00:00,3.124e-05,3.124e-05,3.096e-05,3.096e-05,840386570.0
2024-01-14 11:00:00,3.096e-05,3.109e-05,3.076e-05,3.081e-05,505821933.0
2024-01-14 12:00:00,3.081e-05,3.093e-05,3.06e-05,3.064e-05,531857425.0
2024-01-14 13:00:00,3.064e-05,3.095e-05,3.064e-05,3.09e-05,411003570.0
2024-01-14 14:00:00,3.09e-05,3.125e-05,3.086e-05,3.092e-05,984144213.0
2024-01-14 15:00:00,3.092e-05,3.111e-05,3.087e-05,3.106e-05,687509930.0
2024-01-14 16:00:00,3.106e-05,3.12e-05,3.081e-05,3.084e-05,1185040401.0
2024-01-14 17:00:00,3.084e-05,3.116e-05,3.082e-05,3.099e-05,897966558.0
2024-01-14 18:00:00,3.099e-05,3.104e-05,3.065e-05,3.091e-05,741363075.0
2024-01-14 19:00:00,3.091e-05,3.091e-05,3.025e-05,3.028e-05,926550193.0
2024-01-14 20:00:00,3.028e-05,3.062e-05,2.999e-05,3.04e-05,1088798513.0
2024-01-14 21:00:00,3.04e-05,3.073e-05,3.024e-05,3.073e-05,583031603.0
2024-01-14 22:00:00,3.073e-05,3.089e-05,3.037e-05,3.048e-05,652174354.0
2024-01-14 23:00:00,3.048e-05,3.052e-05,2.991e-05,3e-05,907626104.0
2024-01-15 00:00:00,3e-05,3.044e-05,3e-05,3.044e-05,2408026581.0
2024-01-15 01:00:00,3.044e-05,3.069e-05,3.039e-05,3.069e-05,853826890.0
2024-01-15 02:00:00,3.069e-05,3.078e-05,3.049e-05,3.078e-05,630297895.0
2024-01-15 03:00:00,3.078e-05,3.087e-05,3.062e-05,3.068e-05,703055053.0
2024-01-15 04:00:00,3.068e-05,3.081e-05,3.05e-05,3.069e-05,683384970.0
2024-01-15 05:00:00,3.069e-05,3.087e-05,3.062e-05,3.072e-05,666441509.0
2024-01-15 06:00:00,3.072e-05,3.079e-05,3.053e-05,3.059e-05,516523336.0
2024-01-15 07:00:00,3.059e-05,3.063e-05,3.037e-05,3.053e-05,812996287.0
2024-01-15 08:00:00,3.053e-05,3.058e-05,3.036e-05,3.051e-05,795515127.0
2024-01-15 09:00:00,3.051e-05,3.077e-05,3.031e-05,3.073e-05,3167815788.0
2024-01-15 10:00:00,3.073e-05,3.078e-05,3.06e-05,3.069e-05,477549795.0
2024-01-15 11:00:00,3.069e-05,3.073e-05,3.053e-05,3.063e-05,385047812.0
2024-01-15 12:00:00,3.063e-05,3.075e-05,3.046e-05,3.06e-05,2633431130.0
2024-01-15 13:00:00,3.06e-05,3.085e-05,3.048e-05,3.067e-05,440419757.0
2024-01-15 14:00:00,3.067e-05,3.069e-05,3.012e-05,3.013e-05,659782338.0
2024-01-15 15:00:00,3.013e-05,3.04e-05,2.993e-05,3.004e-05,1761228087.0
2024-01-15 16:00:00,3.004e-05,3.029e-05,2.999e-05,3.026e-05,495492852.0
2024-01-15 17:00:00,3.026e-05,3.046e-05,3.025e-05,3.043e-05,301722822.0
2024-01-15 18:00:00,3.043e-05,3.086e-05,3.04e-05,3.058e-05,367256254.0
2024-01-15 19:00:00,3.058e-05,3.081e-05,3.057e-05,3.064e-05,253879945.0
2024-01-15 20:00:00,3.064e-05,3.091e-05,3.059e-05,3.067e-05,513180129.0
2024-01-15 21:00:00,3.067e-05,3.074e-05,3.052e-05,3.057e-05,225780003.0
2024-01-15 22:00:00,3.057e-05,3.082e-05,3.031e-05,3.067e-05,343414831.0
2024-01-15 23:00:00,3.067e-05,3.087e-05,3.067e-05,3.072e-05,431481210.0
2024-01-16 00:00:00,3.072e-05,3.087e-05,3.069e-05,3.076e-05,378633632.0
2024-01-16 01:00:00,3.076e-05,3.108e-05,3.073e-05,3.089e-05,407413545.0
2024-01-16 02:00:00,3.089e-05,3.107e-05,3.084e-05,3.097e-05,354663762.0
2024-01-16 03:00:00,3.097e-05,3.122e-05,3.094e-05,3.122e-05,506591219.0
2024-01-16 04:00:00,3.122e-05,3.125e-05,3.109e-05,3.113e-05,493433661.0
2024-01-16 05:00:00,3.113e-05,3.147e-05,3.108e-05,3.118e-05,502678516.0
2024-01-16 06:00:00,3.118e-05,3.124e-05,3.105e-05,3.121e-05,638759718.0
2024-01-16 07:00:00,3.121e-05,3.131e-05,3.101e-05,3.127e-05,873871256.0
2024-01-16 08:00:00,3.127e-05,3.136e-05,3.115e-05,3.129e-05,267214500.0
2024-01-16 09:00:00,3.129e-05,3.146e-05,3.126e-05,3.139e-05,394095703.0
2024-01-16 10:00:00,3.139e-05,3.142e-05,3.106e-05,3.116e-05,243110631.0
2024-01-16 11:00:00,3.116e-05,3.121e-05,3.097e-05,3.11e-05,216328147.0
2024-01-16 12:00:00,3.11e-05,3.138e-05,3.108e-05,3.13e-05,277720731.0
2024-01-16 13:00:00,3.13e-05,3.131e-05,3.092e-05,3.093e-05,189826186.0
2024-01-16 14:00:00,3.093e-05,3.114e-05,3.041e-05,3.087e-05,519266853.0
2024-01-16 15:00:00,3.087e-05,3.137e-05,3.069e-05,3.12e-05,705348994.0
2024-01-16 16:00:00,3.12e-05,3.163e-05,3.12e-05,3.146e-05,3290405360.0
2024-01-16 17:00:00,3.146e-05,3.184e-05,3.136e-05,3.166e-05,1576558192.0
2024-01-16 18:00:00,3.166e-05,3.219e-05,3.134e-05,3.135e-05,3002268077.0
2024-01-16 19:00:00,3.135e-05,3.151e-05,3.123e-05,3.142e-05,629975168.0
2024-01-16 20:00:00,3.142e-05,3.166e-05,3.14e-05,3.159e-05,655189641.0
2024-01-16 21:00:00,3.159e-05,3.184e-05,3.154e-05,3.174e-05,565311610.0
2024-01-16 22:00:00,3.174e-05,3.178e-05,3.161e-05,3.167e-05,409908262.0
2024-01-16 23:00:00,3.167e-05,3.179e-05,3.142e-05,3.15e-05,350547419.0
2024-01-17 00:00:00,3.15e-05,3.171e-05,3.145e-05,3.164e-05,504910812.0
2024-01-17 01:00:00,3.164e-05,3.179e-05,3.159e-05,3.168e-05,752784410.0
2024-01-17 02:00:00,3.168e-05,3.179e-05,3.161e-05,3.169e-05,379190374.0
2024-01-17 03:00:00,3.169e-05,3.174e-05,3.144e-05,3.146e-05,538989506.0
2024-01-17 04:00:00,3.146e-05,3.152e-05,3.118e-05,3.148e-05,413387453.0
2024-01-17 05:00:00,3.148e-05,3.165e-05,3.121e-05,3.123e-05,294960844.0
2024-01-17 06:00:00,3.123e-05,3.138e-05,3.104e-05,3.108e-05,497899740.0
2024-01-17 07:00:00,3.108e-05,3.115e-05,3.083e-05,3.095e-05,523788822.0
2024-01-17 08:00:00,3.095e-05,3.11e-05,3.081e-05,3.11e-05,413667871.0
2024-01-17 09:00:00,3.11e-05,3.13e-05,3.104e-05,3.121e-05,720667292.0
2024-01-17 10:00:00,3.121e-05,3.147e-05,3.119e-05,3.132e-05,1175000787.0
2024-01-17 11:00:00,3.132e-05,3.136e-05,3.121e-05,3.123e-05,385796692.0
2024-01-17 12:00:00,3.123e-05,3.145e-05,3.101e-05,3.133e-05,782783781.0
2024-01-17 13:00:00,3.133e-05,3.133e-05,3.101e-05,3.102e-05,850772088.0
2024-01-17 14:00:00,3.102e-05,3.135e-05,3.088e-05,3.107e-05,653347189.0
2024-01-17 15:00:00,3.107e-05,3.13e-05,3.086e-05,3.09e-05,393459126.0
2024-01-17 16:00:00,3.09e-05,3.102e-05,3.081e-05,3.095e-05,328467638.0
2024-01-17 17:00:00,3.095e-05,3.095e-05,3.044e-05,3.072e-05,2422689574.0
2024-01-17 18:00:00,3.072e-05,3.089e-05,3.059e-05,3.087e-05,591787905.0
2024-01-17 19:00:00,3.087e-05,3.09e-05,3.062e-05,3.076e-05,392078722.0
2024-01-17 20:00:00,3.076e-05,3.095e-05,3.072e-05,3.089e-05,396825382.0
2024-01-17 21:00:00,3.089e-05,3.099e-05,3.064e-05,3.067e-05,335428003.0
2024-01-17 22:00:00,3.067e-05,3.072e-05,3.03e-05,3.063e-05,642026956.0
2024-01-17 23:00:00,3.063e-05,3.074e-05,3.05e-05,3.072e-05,597269954.0
2024-01-18 00:00:00,3.072e-05,3.075e-05,3.056e-05,3.072e-05,877330794.0
2024-01-18 01:00:00,3.072e-05,3.078e-05,3.014e-05,3.037e-05,375616748.0
2024-01-18 02:00:00,3.037e-05,3.049e-05,3.025e-05,3.037e-05,177995894.0
2024-01-18 03:00:00,3.037e-05,3.047e-05,3.027e-05,3.036e-05,250055213.0
2024-01-18 04:00:00,3.036e-05,3.046e-05,3.025e-05,3.029e-05,359433180.0
2024-01-18 05:00:00,3.029e-05,3.055e-05,3.023e-05,3.055e-05,431733051.0
2024-01-18 06:00:00,3.055e-05,3.084e-05,3.053e-05,3.077e-05,915267505.0
2024-01-18 07:00:00,3.077e-05,3.097e-05,3.077e-05,3.094e-05,596782032.0
2024-01-18 08:00:00,3.094e-05,3.097e-05,3.077e-05,3.079e-05,250385183.0
2024-01-18 09:00:00,3.079e-05,3.09e-05,3.051e-05,3.051e-05,332687505.0
2024-01-18 10:00:00,3.051e-05,3.053e-05,3.02e-05,3.021e-05,410027305.0
2024-01-18 11:00:00,3.021e-05,3.035e-05,3.02e-05,3.033e-05,379205795.0
2024-01-18 12:00:00,3.033e-05,3.035e-05,2.992e-05,3.015e-05,534729642.0
2024-01-18 13:00:00,3.015e-05,3.025e-05,2.99e-05,3.012e-05,430324731.0
2024-01-18 14:00:00,3.012e-05,3.036e-05,3.004e-05,3.036e-05,441477128.0
2024-01-18 15:00:00,3.036e-05,3.037e-05,3.012e-05,3.019e-05,260785909.0
2024-01-18 16:00:00,3.019e-05,3.024e-05,2.925e-05,2.967e-05,834361565.0
2024-01-18 17:00:00,2.967e-05,2.968e-05,2.907e-05,2.933e-05,1122996729.0
2024-01-18 18:00:00,2.933e-05,2.938e-05,2.894e-05,2.923e-05,824957475.0
2024-01-18 19:00:00,2.923e-05,2.947e-05,2.865e-05,2.881e-05,779513955.0
2024-01-18 20:00:00,2.881e-05,2.926e-05,2.877e-05,2.905e-05,700711633.0
2024-01-18 21:00:00,2.905e-05,2.936e-05,2.894e-05,2.919e-05,770431474.0
2024-01-18 22:00:00,2.919e-05,2.94e-05,2.903e-05,2.939e-05,751434703.0
2024-01-18 23:00:00,2.939e-05,2.939e-05,2.922e-05,2.927e-05,392141858.0
2024-01-19 00:00:00,2.927e-05,2.941e-05,2.884e-05,2.9e-05,449901410.0
2024-01-19 01:00:00,2.9e-05,2.901e-05,2.85e-05,2.884e-05,437522395.0
2024-01-19 02:00:00,2.884e-05,2.898e-05,2.839e-05,2.851e-05,673278039.0
2024-01-19 03:00:00,2.851e-05,2.868e-05,2.814e-05,2.865e-05,903147694.0
2024-01-19 04:00:00,2.865e-05,2.892e-05,2.863e-05,2.884e-05,549943618.0
2024-01-19 05:00:00,2.884e-05,2.899e-05,2.879e-05,2.898e-05,1007718068.0
2024-01-19 06:00:00,2.898e-05,2.927e-05,2.898e-05,2.925e-05,628826159.0
2024-01-19 07:00:00,2.925e-05,2.931e-05,2.904e-05,2.906e-05,786906637.0
2024-01-19 08:00:00,2.906e-05,2.908e-05,2.886e-05,2.902e-05,595225461.0
2024-01-19 09:00:00,2.902e-05,2.924e-05,2.894e-05,2.905e-05,836034543.0
2024-01-19 10:00:00,2.905e-05,2.919e-05,2.897e-05,2.919e-05,653879112.0
2024-01-19 11:00:00,2.919e-05,2.931e-05,2.911e-05,2.928e-05,827100971.0
2024-01-19 12:00:00,2.928e-05,2.931e-05,2.907e-05,2.916e-05,764507191.0
2024-01-19 13:00:00,2.916e-05,2.923e-05,2.908e-05,2.918e-05,543439927.0
2024-01-19 14:00:00,2.918e-05,2.925e-05,2.865e-05,2.884e-05,1041475030.0
2024-01-19 15:00:00,2.884e-05,2.888e-05,2.849e-05,2.857e-05,924630135.0
2024-01-19 16:00:00,2.857e-05,2.864e-05,2.752e-05,2.784e-05,1666383474.0
2024-01-19 17:00:00,2.784e-05,2.855e-05,2.773e-05,2.855e-05,580375488.0
2024-01-19 18:00:00,2.855e-05,2.918e-05,2.834e-05,2.898e-05,1161442400.0
2024-01-19 19:00:00,2.898e-05,2.905e-05,2.871e-05,2.898e-05,529313723.0
2024-01-19 20:00:00,2.898e-05,2.924e-05,2.88e-05,2.882e-05,682287592.0
2024-01-19 21:00:00,2.882e-05,2.903e-05,2.878e-05,2.898e-05,411421182.0
2024-01-19 22:00:00,2.898e-05,2.916e-05,2.884e-05,2.912e-05,346250644.0
2024-01-19 23:00:00,2.912e-05,2.926e-05,2.904e-05,2.924e-05,568486403.0
2024-01-20 00:00:00,2.924e-05,2.928e-05,2.901e-05,2.904e-05,443358086.0
2024-01-20 01:00:00,2.904e-05,2.963e-05,2.901e-05,2.958e-05,239892695.0
2024-01-20 02:00:00,2.958e-05,2.964e-05,2.941e-05,2.946e-05,489020468.0
2024-01-20 03:00:00,2.946e-05,2.95e-05,2.925e-05,2.938e-05,234562371.0
2024-01-20 04:00:00,2.938e-05,2.941e-05,2.921e-05,2.929e-05,207416162.0
2024-01-20 05:00:00,2.929e-05,2.951e-05,2.921e-05,2.944e-05,384649459.0
2024-01-20 06:00:00,2.944e-05,2.964e-05,2.931e-05,2.936e-05,656051979.0
2024-01-20 07:00:00,2.936e-05,2.951e-05,2.929e-05,2.929e-05,480728220.0
2024-01-20 08:00:00,2.929e-05,2.938e-05,2.912e-05,2.922e-05,1962079420.0
2024-01-20 09:00:00,2.922e-05,2.926e-05,2.884e-05,2.885e-05,290310463.0
2024-01-20 10:00:00,2.885e-05,2.915e-05,2.884e-05,2.897e-05,487613117.0
2024-01-20 11:00:00,2.897e-05,2.908e-05,2.89e-05,2.906e-05,409376453.0
2024-01-20 12:00:00,2.906e-05,2.912e-05,2.897e-05,2.9e-05,373348248.0
2024-01-20 13:00:00,2.9e-05,2.919e-05,2.898e-05,2.908e-05,569974310.0
2024-01-20 14:00:00,2.908e-05,2.909e-05,2.88e-05,2.894e-05,1178073583.0
2024-01-20 15:00:00,2.894e-05,2.916e-05,2.879e-05,2.899e-05,328212931.0
2024-01-20 16:00:00,2.899e-05,2.91e-05,2.881e-05,2.885e-05,583430539.0
2024-01-20 17:00:00,2.885e-05,2.898e-05,2.869e-05,2.896e-05,589121488.0
2024-01-20 18:00:00,2.896e-05,2.898e-05,2.872e-05,2.88e-05,590090444.0
2024-01-20 19:00:00,2.88e-05,2.938e-05,2.88e-05,2.929e-05,921610003.0
2024-01-20 20:00:00,2.929e-05,3.047e-05,2.929e-05,3.046e-05,7610985847.0
2024-01-20 21:00:00,3.046e-05,3.522e-05,3.038e-05,3.203e-05,27670961565.0
2024-01-20 22:00:00,3.203e-05,3.344e-05,3.187e-05,3.193e-05,17940093907.0
2024-01-20 23:00:00,3.193e-05,3.491e-05,3.179e-05,3.42e-05,40470047267.0
2024-01-21 00:00:00,3.42e-05,3.42e-05,3.282e-05,3.298e-05,11013198093.0
2024-01-21 01:00:00,3.298e-05,3.369e-05,3.272e-05,3.287e-05,4587127572.0
2024-01-21 02:00:00,3.287e-05,3.363e-05,3.254e-05,3.337e-05,5154946013.0
2024-01-21 03:00:00,3.337e-05,3.368e-05,3.289e-05,3.29e-05,6028100388.0
2024-01-21 04:00:00,3.29e-05,3.353e-05,3.254e-05,3.257e-05,4875692230.0
2024-01-21 05:00:00,3.257e-05,3.288e-05,3.233e-05,3.279e-05,2185907414.0
2024-01-21 06:00:00,3.279e-05,3.325e-05,3.258e-05,3.288e-05,1722547324.0
2024-01-21 07:00:00,3.288e-05,3.294e-05,3.215e-05,3.222e-05,2637887485.0
2024-01-21 08:00:00,3.222e-05,3.277e-05,3.194e-05,3.2e-05,3042479814.0
2024-01-21 09:00:00,3.2e-05,3.236e-05,3.183e-05,3.224e-05,2378283877.0
2024-01-21 10:00:00,3.224e-05,3.229e-05,3.188e-05,3.221e-05,2454156213.0
2024-01-21 11:00:00,3.221e-05,3.227e-05,3.171e-05,3.179e-05,1409939893.0
2024-01-21 12:00:00,3.179e-05,3.197e-05,3.156e-05,3.178e-05,2861301279.0
2024-01-21 13:00:00,3.178e-05,3.242e-05,3.165e-05,3.23e-05,2511165498.0
2024-01-21 14:00:00,3.23e-05,3.315e-05,3.216e-05,3.219e-05,11500445904.0
2024-01-21 15:00:00,3.219e-05,3.238e-05,3.154e-05,3.176e-05,7457576036.0
2024-01-21 16:00:00,3.176e-05,3.188e-05,3.119e-05,3.131e-05,3618373275.0
2024-01-21 17:00:00,3.131e-05,3.178e-05,3.131e-05,3.163e-05,3266901169.0
2024-01-21 18:00:00,3.163e-05,3.177e-05,3.157e-05,3.168e-05,2914867313.0
2024-01-21 19:00:00,3.168e-05,3.169e-05,3.136e-05,3.14e-05,1203594949.0
2024-01-21 20:00:00,3.14e-05,3.147e-05,3.092e-05,3.115e-05,5448572027.0
2024-01-21 21:00:00,3.115e-05,3.133e-05,3.107e-05,3.13e-05,2054394436.0
2024-01-21 22:00:00,3.13e-05,3.159e-05,3.127e-05,3.141e-05,1570475290.0
2024-01-21 23:00:00,3.141e-05,3.151e-05,3.107e-05,3.116e-05,2272934690.0
2024-01-22 00:00:00,3.116e-05,3.148e-05,3.09e-05,3.124e-05,5001576697.0
2024-01-22 01:00:00,3.124e-05,3.138e-05,3.077e-05,3.094e-05,3147667951.0
2024-01-22 02:00:00,3.094e-05,3.106e-05,3.062e-05,3.074e-05,1832506097.0
2024-01-22 03:00:00,3.074e-05,3.086e-05,3.042e-05,3.057e-05,2386144408.0
2024-01-22 04:00:00,3.057e-05,3.072e-05,3.042e-05,3.044e-05,906393993.0
2024-01-22 05:00:00,3.044e-05,3.081e-05,3.029e-05,3.071e-05,1722994699.0
2024-01-22 06:00:00,3.071e-05,3.075e-05,3.048e-05,3.053e-05,738484532.0
2024-01-22 07:00:00,3.053e-05,3.053e-05,3.011e-05,3.023e-05,1466473880.0
2024-01-22 08:00:00,3.023e-05,3.024e-05,2.961e-05,2.981e-05,1758289072.0
2024-01-22 09:00:00,2.981e-05,3.011e-05,2.958e-05,2.977e-05,1303699579.0
2024-01-22 10:00:00,2.977e-05,2.996e-05,2.941e-05,2.995e-05,775179861.0
2024-01-22 11:00:00,2.995e-05,3.008e-05,2.985e-05,3.004e-05,452830112.0
2024-01-22 12:00:00,3.004e-05,3.016e-05,2.966e-05,3.001e-05,749064880.0
2024-01-22 13:00:00,3.001e-05,3.029e-05,2.983e-05,2.989e-05,764338049.0
2024-01-22 14:00:00,2.989e-05,3e-05,2.949e-05,2.973e-05,647134567.0
2024-01-22 15:00:00,2.973e-05,2.977e-05,2.924e-05,2.968e-05,1196650358.0
2024-01-22 16:00:00,2.968e-05,2.985e-05,2.947e-05,2.961e-05,737053668.0
2024-01-22 17:00:00,2.961e-05,2.98e-05,2.941e-05,2.948e-05,445610169.0
2024-01-22 18:00:00,2.948e-05,2.967e-05,2.914e-05,2.951e-05,1016685241.0
2024-01-22 19:00:00,2.951e-05,2.97e-05,2.86e-05,2.905e-05,1689764963.0
2024-01-22 20:00:00,2.905e-05,2.958e-05,2.903e-05,2.952e-05,532496647.0
2024-01-22 21:00:00,2.952e-05,2.952e-05,2.924e-05,2.924e-05,508734044.0
2024-01-22 22:00:00,2.924e-05,2.938e-05,2.878e-05,2.902e-05,536781269.0
2024-01-22 23:00:00,2.902e-05,2.913e-05,2.881e-05,2.888e-05,966527963.0
2024-01-23 00:00:00,2.888e-05,2.904e-05,2.858e-05,2.891e-05,1196797962.0
2024-01-23 01:00:00,2.891e-05,2.902e-05,2.866e-05,2.893e-05,1810544375.0
2024-01-23 02:00:00,2.893e-05,2.947e-05,2.89e-05,2.945e-05,830055409.0
2024-01-23 03:00:00,2.945e-05,2.951e-05,2.924e-05,2.939e-05,2878542120.0
2024-01-23 04:00:00,2.939e-05,2.97e-05,2.939e-05,2.963e-05,779099410.0
2024-01-23 05:00:00,2.963e-05,2.984e-05,2.959e-05,2.981e-05,768408335.0
2024-01-23 06:00:00,2.981e-05,2.984e-05,2.952e-05,2.953e-05,543234497.0
2024-01-23 07:00:00,2.953e-05,2.958e-05,2.893e-05,2.904e-05,698308627.0
2024-01-23 08:00:00,2.904e-05,2.918e-05,2.813e-05,2.846e-05,2174046188.0
2024-01-23 09:00:00,2.846e-05,2.864e-05,2.736e-05,2.79e-05,7089432477.0
2024-01-23 10:00:00,2.79e-05,2.826e-05,2.779e-05,2.779e-05,469062935.0
2024-01-23 11:00:00,2.779e-05,2.8e-05,2.77e-05,2.8e-05,870760915.0
2024-01-23 12:00:00,2.8e-05,2.826e-05,2.783e-05,2.817e-05,2079631842.0
2024-01-23 13:00:00,2.817e-05,2.819e-05,2.757e-05,2.762e-05,530032401.0
2024-01-23 14:00:00,2.762e-05,2.797e-05,2.717e-05,2.794e-05,806964642.0
2024-01-23 15:00:00,2.794e-05,2.835e-05,2.794e-05,2.82e-05,642061770.0
2024-01-23 16:00:00,2.82e-05,2.838e-05,2.794e-05,2.838e-05,619023506.0
2024-01-23 17:00:00,2.838e-05,2.856e-05,2.786e-05,2.794e-05,785663715.0
2024-01-23 18:00:00,2.794e-05,2.831e-05,2.777e-05,2.781e-05,651368418.0
2024-01-23 19:00:00,2.781e-05,2.801e-05,2.777e-05,2.778e-05,612121856.0
2024-01-23 20:00:00,2.778e-05,2.803e-05,2.774e-05,2.789e-05,464226088.0
2024-01-23 21:00:00,2.789e-05,2.8e-05,2.764e-05,2.789e-05,816400603.0
2024-01-23 22:00:00,2.789e-05,2.826e-05,2.786e-05,2.82e-05,406694488.0
2024-01-23 23:00:00,2.82e-05,2.854e-05,2.82e-05,2.851e-05,805689730.0
2024-01-24 00:00:00,2.851e-05,2.878e-05,2.833e-05,2.868e-05,419912250.0
2024-01-24 01:00:00,2.868e-05,2.87e-05,2.832e-05,2.834e-05,491516306.0
2024-01-24 02:00:00,2.834e-05,2.858e-05,2.827e-05,2.84e-05,491474657.0
2024-01-24 03:00:00,2.84e-05,2.849e-05,2.829e-05,2.836e-05,559444121.0
2024-01-24 04:00:00,2.836e-05,2.847e-05,2.825e-05,2.827e-05,607123627.0
2024-01-24 05:00:00,2.827e-05,2.854e-05,2.827e-05,2.847e-05,563464684.0
2024-01-24 06:00:00,2.847e-05,2.879e-05,2.825e-05,2.871e-05,459195892.0
2024-01-24 07:00:00,2.871e-05,2.886e-05,2.853e-05,2.866e-05,846674543.0
2024-01-24 08:00:00,2.866e-05,2.893e-05,2.866e-05,2.885e-05,527799848.0
2024-01-24 09:00:00,2.885e-05,2.896e-05,2.874e-05,2.892e-05,728663501.0
2024-01-24 10:00:00,2.892e-05,2.927e-05,2.882e-05,2.91e-05,1709500833.0
2024-01-24 11:00:00,2.91e-05,2.912e-05,2.876e-05,2.879e-05,683525559.0
2024-01-24 12:00:00,2.879e-05,2.89e-05,2.867e-05,2.867e-05,1674257353.0
2024-01-24 13:00:00,2.867e-05,2.878e-05,2.822e-05,2.844e-05,804212588.0
2024-01-24 14:00:00,2.844e-05,2.859e-05,2.82e-05,2.831e-05,1229353261.0
2024-01-24 15:00:00,2.831e-05,2.88e-05,2.831e-05,2.869e-05,1372108617.0
2024-01-24 16:00:00,2.869e-05,2.889e-05,2.844e-05,2.886e-05,1333405823.0
2024-01-24 17:00:00,2.886e-05,2.887e-05,2.852e-05,2.861e-05,759325647.0
2024-01-24 18:00:00,2.861e-05,2.861e-05,2.814e-05,2.838e-05,1642555281.0
2024-01-24 19:00:00,2.838e-05,2.845e-05,2.823e-05,2.839e-05,389069237.0
2024-01-24 20:00:00,2.839e-05,2.856e-05,2.817e-05,2.823e-05,512064316.0
2024-01-24 21:00:00,2.823e-05,2.849e-05,2.82e-05,2.84e-05,553419524.0
2024-01-24 22:00:00,2.84e-05,2.866e-05,2.84e-05,2.864e-05,707517893.0
2024-01-24 23:00:00,2.864e-05,2.887e-05,2.862e-05,2.882e-05,531588501.0
2024-01-25 00:00:00,2.882e-05,2.886e-05,2.862e-05,2.875e-05,497102031.0
2024-01-25 01:00:00,2.875e-05,2.876e-05,2.837e-05,2.842e-05,552567369.0
2024-01-25 02:00:00,2.842e-05,2.855e-05,2.825e-05,2.831e-05,679853678.0
2024-01-25 03:00:00,2.831e-05,2.856e-05,2.831e-05,2.84e-05,720216321.0
2024-01-25 04:00:00,2.84e-05,2.851e-05,2.822e-05,2.831e-05,561232158.0
2024-01-25 05:00:00,2.831e-05,2.831e-05,2.8e-05,2.82e-05,373473762.0
2024-01-25 06:00:00,2.82e-05,2.844e-05,2.815e-05,2.841e-05,521755249.0
2024-01-25 07:00:00,2.841e-05,2.863e-05,2.833e-05,2.858e-05,314707947.0
2024-01-25 08:00:00,2.858e-05,2.863e-05,2.845e-05,2.851e-05,412526366.0
2024-01-25 09:00:00,2.851e-05,2.87e-05,2.838e-05,2.838e-05,376181663.0
2024-01-25 10:00:00,2.838e-05,2.866e-05,2.824e-05,2.859e-05,428907046.0
2024-01-25 11:00:00,2.859e-05,2.868e-05,2.844e-05,2.847e-05,368434174.0
2024-01-25 12:00:00,2.847e-05,2.857e-05,2.802e-05,2.813e-05,366619293.0
2024-01-25 13:00:00,2.813e-05,2.819e-05,2.79e-05,2.806e-05,1448179083.0
2024-01-25 14:00:00,2.806e-05,2.822e-05,2.796e-05,2.82e-05,671304186.0
2024-01-25 15:00:00,2.82e-05,2.821e-05,2.785e-05,2.795e-05,382468383.0
2024-01-25 16:00:00,2.795e-05,2.807e-05,2.774e-05,2.776e-05,585700727.0
2024-01-25 17:00:00,2.776e-05,2.806e-05,2.767e-05,2.804e-05,280838194.0
2024-01-25 18:00:00,2.804e-05,2.852e-05,2.804e-05,2.824e-05,531625490.0
2024-01-25 19:00:00,2.824e-05,2.856e-05,2.815e-05,2.846e-05,407339450.0
2024-01-25 20:00:00,2.846e-05,2.848e-05,2.82e-05,2.839e-05,369828873.0
2024-01-25 21:00:00,2.839e-05,2.851e-05,2.826e-05,2.84e-05,273190862.0
2024-01-25 22:00:00,2.84e-05,2.85e-05,2.828e-05,2.849e-05,250434233.0
2024-01-25 23:00:00,2.849e-05,2.85e-05,2.828e-05,2.831e-05,294573268.0
2024-01-26 00:00:00,2.831e-05,2.836e-05,2.814e-05,2.831e-05,593548445.0
2024-01-26 01:00:00,2.831e-05,2.857e-05,2.816e-05,2.852e-05,264678597.0
2024-01-26 02:00:00,2.852e-05,2.871e-05,2.838e-05,2.864e-05,402472701.0
2024-01-26 03:00:00,2.864e-05,2.877e-05,2.858e-05,2.872e-05,599016918.0
2024-01-26 04:00:00,2.872e-05,2.884e-05,2.866e-05,2.869e-05,535375251.0
2024-01-26 05:00:00,2.869e-05,2.882e-05,2.865e-05,2.879e-05,347623109.0
2024-01-26 06:00:00,2.879e-05,2.885e-05,2.864e-05,2.865e-05,693467661.0
2024-01-26 07:00:00,2.865e-05,2.877e-05,2.855e-05,2.868e-05,346502176.0
2024-01-26 08:00:00,2.868e-05,2.885e-05,2.863e-05,2.867e-05,297945127.0
2024-01-26 09:00:00,2.867e-05,2.894e-05,2.866e-05,2.87e-05,870247452.0
2024-01-26 10:00:00,2.87e-05,2.914e-05,2.865e-05,2.911e-05,1445439965.0
2024-01-26 11:00:00,2.911e-05,2.941e-05,2.911e-05,2.934e-05,1175759032.0
2024-01-26 12:00:00,2.934e-05,2.936e-05,2.88e-05,2.885e-05,776974146.0
2024-01-26 13:00:00,2.885e-05,2.903e-05,2.866e-05,2.874e-05,564979267.0
2024-01-26 14:00:00,2.874e-05,2.892e-05,2.868e-05,2.889e-05,555716067.0
2024-01-26 15:00:00,2.889e-05,2.911e-05,2.881e-05,2.908e-05,693893817.0
2024-01-26 16:00:00,2.908e-05,2.926e-05,2.902e-05,2.921e-05,545943670.0
2024-01-26 17:00:00,2.921e-05,2.926e-05,2.899e-05,2.915e-05,459004090.0
2024-01-26 18:00:00,2.915e-05,2.93e-05,2.913e-05,2.923e-05,420097604.0
2024-01-26 19:00:00,2.923e-05,2.924e-05,2.905e-05,2.914e-05,616708121.0
2024-01-26 20:00:00,2.914e-05,2.928e-05,2.886e-05,2.893e-05,391560374.0
2024-01-26 21:00:00,2.893e-05,2.906e-05,2.882e-05,2.896e-05,579300521.0
2024-01-26 22:00:00,2.896e-05,2.908e-05,2.884e-05,2.904e-05,614574031.0
2024-01-26 23:00:00,2.904e-05,2.914e-05,2.894e-05,2.903e-05,800091218.0
2024-01-27 00:00:00,2.903e-05,2.929e-05,2.902e-05,2.927e-05,568882013.0
2024-01-27 01:00:00,2.927e-05,2.936e-05,2.907e-05,2.914e-05,668785607.0
2024-01-27 02:00:00,2.914e-05,2.93e-05,2.914e-05,2.925e-05,265688611.0
2024-01-27 03:00:00,2.925e-05,2.933e-05,2.92e-05,2.926e-05,353876271.0
2024-01-27 04:00:00,2.926e-05,2.934e-05,2.919e-05,2.919e-05,290622557.0
2024-01-27 05:00:00,2.919e-05,2.92e-05,2.884e-05,2.896e-05,303405863.0
2024-01-27 06:00:00,2.896e-05,2.91e-05,2.876e-05,2.88e-05,647775737.0
2024-01-27 07:00:00,2.88e-05,2.886e-05,2.866e-05,2.884e-05,414728203.0
2024-01-27 08:00:00,2.884e-05,2.887e-05,2.867e-05,2.869e-05,467562303.0
2024-01-27 09:00:00,2.869e-05,2.904e-05,2.866e-05,2.901e-05,523990118.0
2024-01-27 10:00:00,2.901e-05,2.906e-05,2.887e-05,2.887e-05,816257384.0
2024-01-27 11:00:00,2.887e-05,2.898e-05,2.886e-05,2.895e-05,407687920.0
2024-01-27 12:00:00,2.895e-05,2.912e-05,2.889e-05,2.899e-05,477255462.0
2024-01-27 13:00:00,2.899e-05,2.906e-05,2.893e-05,2.894e-05,724560073.0
2024-01-27 14:00:00,2.894e-05,2.906e-05,2.893e-05,2.893e-05,359799277.0
2024-01-27 15:00:00,2.893e-05,2.904e-05,2.888e-05,2.897e-05,409754475.0
2024-01-27 16:00:00,2.897e-05,2.917e-05,2.893e-05,2.893e-05,350406881.0
2024-01-27 17:00:00,2.893e-05,2.899e-05,2.893e-05,2.893e-05,215371809.0
2024-01-27 18:00:00,2.893e-05,2.917e-05,2.889e-05,2.902e-05,280685873.0
2024-01-27 19:00:00,2.902e-05,2.923e-05,2.901e-05,2.914e-05,854746331.0
2024-01-27 20:00:00,2.914e-05,2.928e-05,2.911e-05,2.928e-05,384488684.0
2024-01-27 21:00:00,2.928e-05,2.931e-05,2.919e-05,2.928e-05,446538515.0
2024-01-27 22:00:00,2.928e-05,2.933e-05,2.919e-05,2.923e-05,434181234.0
2024-01-27 23:00:00,2.923e-05,2.923e-05,2.909e-05,2.916e-05,304325747.0
2024-01-28 00:00:00,2.916e-05,2.939e-05,2.914e-05,2.921e-05,287546867.0
2024-01-28 01:00:00,2.921e-05,2.949e-05,2.921e-05,2.932e-05,543714162.0
2024-01-28 02:00:00,2.932e-05,2.942e-05,2.921e-05,2.926e-05,534977808.0
2024-01-28 03:00:00,2.926e-05,2.947e-05,2.922e-05,2.944e-05,384566924.0
2024-01-28 04:00:00,2.944e-05,2.959e-05,2.934e-05,2.958e-05,435367959.0
2024-01-28 05:00:00,2.958e-05,2.959e-05,2.926e-05,2.935e-05,456644099.0
2024-01-28 06:00:00,2.935e-05,2.936e-05,2.911e-05,2.919e-05,585425278.0
2024-01-28 07:00:00,2.919e-05,2.929e-05,2.895e-05,2.896e-05,865808725.0
2024-01-28 08:00:00,2.896e-05,2.926e-05,2.889e-05,2.916e-05,587860591.0
2024-01-28 09:00:00,2.916e-05,2.928e-05,2.909e-05,2.922e-05,577909126.0
2024-01-28 10:00:00,2.922e-05,2.928e-05,2.916e-05,2.922e-05,762513400.0
2024-01-28 11:00:00,2.922e-05,2.926e-05,2.895e-05,2.907e-05,568318913.0
2024-01-28 12:00:00,2.907e-05,2.91e-05,2.864e-05,2.886e-05,2653356770.0
2024-01-28 13:00:00,2.886e-05,2.89e-05,2.864e-05,2.877e-05,409078916.0
2024-01-28 14:00:00,2.877e-05,2.887e-05,2.858e-05,2.859e-05,493849709.0
2024-01-28 15:00:00,2.859e-05,2.89e-05,2.859e-05,2.883e-05,632055918.0
2024-01-28 16:00:00,2.883e-05,2.899e-05,2.879e-05,2.894e-05,519775765.0
2024-01-28 17:00:00,2.894e-05,2.894e-05,2.867e-05,2.88e-05,412289145.0
2024-01-28 18:00:00,2.88e-05,2.883e-05,2.842e-05,2.853e-05,447656801.0
2024-01-28 19:00:00,2.853e-05,2.872e-05,2.829e-05,2.846e-05,311536015.0
2024-01-28 20:00:00,2.846e-05,2.867e-05,2.825e-05,2.863e-05,428119767.0
2024-01-28 21:00:00,2.863e-05,2.871e-05,2.847e-05,2.865e-05,332358945.0
2024-01-28 22:00:00,2.865e-05,2.866e-05,2.817e-05,2.834e-05,338300454.0
2024-01-28 23:00:00,2.834e-05,2.857e-05,2.819e-05,2.851e-05,280667009.0
2024-01-29 00:00:00,2.851e-05,2.87e-05,2.838e-05,2.851e-05,335842878.0
2024-01-29 01:00:00,2.851e-05,2.893e-05,2.851e-05,2.874e-05,477960538.0
2024-01-29 02:00:00,2.874e-05,2.891e-05,2.868e-05,2.876e-05,229915538.0
2024-01-29 03:00:00,2.876e-05,2.886e-05,2.868e-05,2.87e-05,301448982.0
2024-01-29 04:00:00,2.87e-05,2.878e-05,2.863e-05,2.876e-05,446455942.0
2024-01-29 05:00:00,2.876e-05,2.883e-05,2.86e-05,2.865e-05,457760474.0
2024-01-29 06:00:00,2.865e-05,2.878e-05,2.863e-05,2.869e-05,299323451.0
2024-01-29 07:00:00,2.869e-05,2.881e-05,2.847e-05,2.85e-05,355102363.0
2024-01-29 08:00:00,2.85e-05,2.869e-05,2.841e-05,2.862e-05,444506011.0
2024-01-29 09:00:00,2.862e-05,2.917e-05,2.842e-05,2.876e-05,950846994.0
2024-01-29 10:00:00,2.876e-05,2.883e-05,2.863e-05,2.869e-05,476594936.0
2024-01-29 11:00:00,2.869e-05,2.881e-05,2.864e-05,2.869e-05,620528856.0
2024-01-29 12:00:00,2.869e-05,2.885e-05,2.858e-05,2.88e-05,525428821.0
2024-01-29 13:00:00,2.88e-05,2.884e-05,2.828e-05,2.835e-05,520186918.0
2024-01-29 14:00:00,2.835e-05,2.854e-05,2.811e-05,2.823e-05,307230725.0
2024-01-29 15:00:00,2.823e-05,2.888e-05,2.815e-05,2.888e-05,465245336.0
2024-01-29 16:00:00,2.888e-05,2.927e-05,2.881e-05,2.927e-05,528730822.0
2024-01-29 17:00:00,2.927e-05,2.932e-05,2.905e-05,2.911e-05,616385964.0
2024-01-29 18:00:00,2.911e-05,2.927e-05,2.903e-05,2.919e-05,420493513.0
2024-01-29 19:00:00,2.919e-05,2.927e-05,2.909e-05,2.91e-05,554120241.0
2024-01-29 20:00:00,2.91e-05,2.925e-05,2.905e-05,2.918e-05,248727835.0
2024-01-29 21:00:00,2.918e-05,2.926e-05,2.907e-05,2.915e-05,212755121.0
2024-01-29 22:00:00,2.915e-05,2.926e-05,2.913e-05,2.922e-05,292950755.0
2024-01-29 23:00:00,2.922e-05,2.927e-05,2.913e-05,2.919e-05,560464572.0
2024-01-30 00:00:00,2.919e-05,2.921e-05,2.891e-05,2.895e-05,290898794.0
2024-01-30 01:00:00,2.895e-05,2.94e-05,2.895e-05,2.918e-05,223327188.0
2024-01-30 02:00:00,2.918e-05,2.945e-05,2.918e-05,2.926e-05,210947930.0
2024-01-30 03:00:00,2.926e-05,2.929e-05,2.894e-05,2.904e-05,337739240.0
2024-01-30 04:00:00,2.904e-05,2.911e-05,2.892e-05,2.907e-05,158942386.0
2024-01-30 05:00:00,2.907e-05,2.917e-05,2.901e-05,2.911e-05,258140541.0
2024-01-30 06:00:00,2.911e-05,2.917e-05,2.884e-05,2.908e-05,607140778.0
2024-01-30 07:00:00,2.908e-05,2.918e-05,2.901e-05,2.907e-05,346059805.0
2024-01-30 08:00:00,2.907e-05,2.928e-05,2.894e-05,2.921e-05,342606546.0
2024-01-30 09:00:00,2.921e-05,2.927e-05,2.911e-05,2.914e-05,289695555.0
2024-01-30 10:00:00,2.914e-05,2.924e-05,2.912e-05,2.922e-05,452192820.0
2024-01-30 11:00:00,2.922e-05,2.944e-05,2.918e-05,2.934e-05,303389534.0
2024-01-30 12:00:00,2.934e-05,2.943e-05,2.881e-05,2.886e-05,358925617.0
2024-01-30 13:00:00,2.886e-05,2.903e-05,2.867e-05,2.892e-05,2181171924.0
2024-01-30 14:00:00,2.892e-05,2.904e-05,2.874e-05,2.895e-05,1003840043.0
2024-01-30 15:00:00,2.895e-05,2.918e-05,2.885e-05,2.91e-05,392061452.0
2024-01-30 16:00:00,2.91e-05,2.934e-05,2.897e-05,2.932e-05,399901914.0
2024-01-30 17:00:00,2.932e-05,2.94e-05,2.92e-05,2.927e-05,516361516.0
2024-01-30 18:00:00,2.927e-05,2.934e-05,2.919e-05,2.926e-05,499859889.0
2024-01-30 19:00:00,2.926e-05,2.928e-05,2.911e-05,2.921e-05,470225050.0
2024-01-30 20:00:00,2.921e-05,2.929e-05,2.912e-05,2.912e-05,496871832.0
2024-01-30 21:00:00,2.912e-05,2.922e-05,2.906e-05,2.907e-05,344883636.0
2024-01-30 22:00:00,2.907e-05,2.911e-05,2.883e-05,2.883e-05,520472526.0
2024-01-30 23:00:00,2.883e-05,2.891e-05,2.845e-05,2.856e-05,1049783676.0
2024-01-31 00:00:00,2.856e-05,2.871e-05,2.815e-05,2.847e-05,412429371.0
2024-01-31 01:00:00,2.847e-05,2.859e-05,2.832e-05,2.846e-05,481532211.0
2024-01-31 02:00:00,2.846e-05,2.862e-05,2.822e-05,2.861e-05,642988062.0
2024-01-31 03:00:00,2.861e-05,2.87e-05,2.855e-05,2.862e-05,331861701.0
2024-01-31 04:00:00,2.862e-05,2.872e-05,2.855e-05,2.869e-05,496454226.0
2024-01-31 05:00:00,2.869e-05,2.875e-05,2.848e-05,2.861e-05,466671991.0
2024-01-31 06:00:00,2.861e-05,2.863e-05,2.842e-05,2.85e-05,565240573.0
2024-01-31 07:00:00,2.85e-05,2.876e-05,2.848e-05,2.867e-05,412602753.0
2024-01-31 08:00:00,2.867e-05,2.871e-05,2.839e-05,2.843e-05,1819524190.0
2024-01-31 09:00:00,2.843e-05,2.843e-05,2.802e-05,2.802e-05,4447645104.0
2024-01-31 10:00:00,2.802e-05,2.817e-05,2.779e-05,2.78e-05,548852815.0
2024-01-31 11:00:00,2.78e-05,2.808e-05,2.78e-05,2.805e-05,423976922.0
2024-01-31 12:00:00,2.805e-05,2.808e-05,2.791e-05,2.794e-05,214600231.0
2024-01-31 13:00:00,2.794e-05,2.809e-05,2.785e-05,2.797e-05,350187920.0
2024-01-31 14:00:00,2.797e-05,2.802e-05,2.764e-05,2.782e-05,518188791.0
2024-01-31 15:00:00,2.782e-05,2.817e-05,2.738e-05,2.812e-05,844580074.0
2024-01-31 16:00:00,2.812e-05,2.818e-05,2.791e-05,2.818e-05,538522046.0
2024-01-31 17:00:00,2.818e-05,2.824e-05,2.804e-05,2.819e-05,498891557.0
2024-01-31 18:00:00,2.819e-05,2.821e-05,2.805e-05,2.811e-05,546783617.0
2024-01-31 19:00:00,2.811e-05,2.835e-05,2.791e-05,2.82e-05,693201927.0
2024-01-31 20:00:00,2.82e-05,2.824e-05,2.779e-05,2.78e-05,581691159.0
2024-01-31 21:00:00,2.78e-05,2.796e-05,2.738e-05,2.768e-05,422297375.0
2024-01-31 22:00:00,2.768e-05,2.774e-05,2.739e-05,2.765e-05,529092622.0
2024-01-31 23:00:00,2.765e-05,2.776e-05,2.755e-05,2.756e-05,376710787.0
2024-02-01 00:00:00,2.756e-05,2.782e-05,2.751e-05,2.766e-05,465919973.0
2024-02-01 01:00:00,2.766e-05,2.766e-05,2.701e-05,2.708e-05,700398932.0
2024-02-01 02:00:00,2.708e-05,2.744e-05,2.708e-05,2.743e-05,437091175.0
2024-02-01 03:00:00,2.743e-05,2.766e-05,2.738e-05,2.752e-05,441768040.0
2024-02-01 04:00:00,2.752e-05,2.764e-05,2.735e-05,2.754e-05,384057798.0
2024-02-01 05:00:00,2.754e-05,2.76e-05,2.732e-05,2.745e-05,325404467.0
2024-02-01 06:00:00,2.745e-05,2.747e-05,2.725e-05,2.746e-05,324778328.0
2024-02-01 07:00:00,2.746e-05,2.766e-05,2.739e-05,2.753e-05,334344955.0
2024-02-01 08:00:00,2.753e-05,2.767e-05,2.748e-05,2.765e-05,423577659.0
2024-02-01 09:00:00,2.765e-05,2.775e-05,2.755e-05,2.761e-05,279040659.0
2024-02-01 10:00:00,2.761e-05,2.779e-05,2.757e-05,2.764e-05,486187980.0
2024-02-01 11:00:00,2.764e-05,2.771e-05,2.752e-05,2.754e-05,460042385.0
2024-02-01 12:00:00,2.754e-05,2.779e-05,2.754e-05,2.773e-05,555345437.0
2024-02-01 13:00:00,2.773e-05,2.784e-05,2.754e-05,2.776e-05,428753762.0
2024-02-01 14:00:00,2.776e-05,2.8e-05,2.768e-05,2.794e-05,306063893.0
2024-02-01 15:00:00,2.794e-05,2.811e-05,2.785e-05,2.785e-05,414207726.0
2024-02-01 16:00:00,2.785e-05,2.792e-05,2.757e-05,2.788e-05,549132960.0
2024-02-01 17:00:00,2.788e-05,2.805e-05,2.785e-05,2.795e-05,435194906.0
2024-02-01 18:00:00,2.795e-05,2.799e-05,2.78e-05,2.784e-05,441807081.0
2024-02-01 19:00:00,2.784e-05,2.811e-05,2.784e-05,2.802e-05,213752152.0
2024-02-01 20:00:00,2.802e-05,2.814e-05,2.796e-05,2.804e-05,252061655.0
2024-02-01 21:00:00,2.804e-05,2.821e-05,2.801e-05,2.82e-05,258834351.0
2024-02-01 22:00:00,2.82e-05,2.82e-05,2.798e-05,2.806e-05,296246235.0
2024-02-01 23:00:00,2.806e-05,2.82e-05,2.799e-05,2.82e-05,457094533.0
2024-02-02 00:00:00,2.82e-05,2.843e-05,2.812e-05,2.839e-05,611613577.0
2024-02-02 01:00:00,2.839e-05,2.847e-05,2.834e-05,2.838e-05,599069056.0
2024-02-02 02:00:00,2.838e-05,2.863e-05,2.833e-05,2.862e-05,454247429.0
2024-02-02 03:00:00,2.862e-05,2.865e-05,2.839e-05,2.839e-05,434872931.0
2024-02-02 04:00:00,2.839e-05,2.839e-05,2.813e-05,2.818e-05,409250961.0
2024-02-02 05:00:00,2.818e-05,2.82e-05,2.809e-05,2.82e-05,385507901.0
2024-02-02 06:00:00,2.82e-05,2.837e-05,2.819e-05,2.833e-05,302992497.0
2024-02-02 07:00:00,2.833e-05,2.84e-05,2.825e-05,2.837e-05,414386210.0
2024-02-02 08:00:00,2.837e-05,2.839e-05,2.803e-05,2.813e-05,605476388.0
2024-02-02 09:00:00,2.813e-05,2.82e-05,2.802e-05,2.814e-05,331688985.0
2024-02-02 10:00:00,2.814e-05,2.823e-05,2.805e-05,2.814e-05,152108587.0
2024-02-02 11:00:00,2.814e-05,2.815e-05,2.801e-05,2.807e-05,388945496.0
2024-02-02 12:00:00,2.807e-05,2.818e-05,2.796e-05,2.8e-05,260863298.0
2024-02-02 13:00:00,2.8e-05,2.805e-05,2.758e-05,2.765e-05,613980651.0
2024-02-02 14:00:00,2.765e-05,2.79e-05,2.761e-05,2.784e-05,370408156.0
2024-02-02 15:00:00,2.784e-05,2.81e-05,2.78e-05,2.809e-05,1129986850.0
2024-02-02 16:00:00,2.809e-05,2.814e-05,2.791e-05,2.804e-05,368912757.0
2024-02-02 17:00:00,2.804e-05,2.809e-05,2.778e-05,2.778e-05,473655904.0
2024-02-02 18:00:00,2.778e-05,2.791e-05,2.774e-05,2.787e-05,297865833.0
2024-02-02 19:00:00,2.787e-05,2.793e-05,2.775e-05,2.787e-05,504688174.0
2024-02-02 20:00:00,2.787e-05,2.794e-05,2.779e-05,2.784e-05,572564871.0
2024-02-02 21:00:00,2.784e-05,2.802e-05,2.784e-05,2.791e-05,335689251.0
2024-02-02 22:00:00,2.791e-05,2.811e-05,2.788e-05,2.811e-05,456929530.0
2024-02-02 23:00:00,2.811e-05,2.814e-05,2.801e-05,2.808e-05,277706018.0
2024-02-03 00:00:00,2.808e-05,2.824e-05,2.802e-05,2.813e-05,303300802.0
2024-02-03 01:00:00,2.813e-05,2.833e-05,2.807e-05,2.815e-05,331413103.0
2024-02-03 02:00:00,2.815e-05,2.817e-05,2.795e-05,2.804e-05,453960554.0
2024-02-03 03:00:00,2.804e-05,2.808e-05,2.787e-05,2.789e-05,609128133.0
2024-02-03 04:00:00,2.789e-05,2.804e-05,2.788e-05,2.796e-05,373199995.0
2024-02-03 05:00:00,2.796e-05,2.804e-05,2.793e-05,2.804e-05,337467301.0
2024-02-03 06:00:00,2.804e-05,2.81e-05,2.795e-05,2.805e-05,506068518.0
2024-02-03 07:00:00,2.805e-05,2.809e-05,2.788e-05,2.791e-05,342009684.0
2024-02-03 08:00:00,2.791e-05,2.805e-05,2.79e-05,2.793e-05,540790481.0
2024-02-03 09:00:00,2.793e-05,2.818e-05,2.792e-05,2.815e-05,525730582.0
2024-02-03 10:00:00,2.815e-05,2.825e-05,2.804e-05,2.824e-05,639529069.0
2024-02-03 11:00:00,2.824e-05,2.825e-05,2.801e-05,2.811e-05,1386006110.0
2024-02-03 12:00:00,2.811e-05,2.817e-05,2.802e-05,2.812e-05,382030473.0
2024-02-03 13:00:00,2.812e-05,2.814e-05,2.799e-05,2.81e-05,484099313.0
2024-02-03 14:00:00,2.81e-05,2.813e-05,2.797e-05,2.801e-05,584072723.0
2024-02-03 15:00:00,2.801e-05,2.813e-05,2.781e-05,2.804e-05,652607191.0
2024-02-03 16:00:00,2.804e-05,2.812e-05,2.8e-05,2.806e-05,597979075.0
2024-02-03 17:00:00,2.806e-05,2.823e-05,2.801e-05,2.821e-05,854594640.0
2024-02-03 18:00:00,2.821e-05,2.822e-05,2.798e-05,2.802e-05,656601329.0
2024-02-03 19:00:00,2.802e-05,2.821e-05,2.802e-05,2.818e-05,452836285.0
2024-02-03 20:00:00,2.818e-05,2.827e-05,2.808e-05,2.812e-05,715405839.0
2024-02-03 21:00:00,2.812e-05,2.821e-05,2.807e-05,2.81e-05,933295573.0
2024-02-03 22:00:00,2.81e-05,2.816e-05,2.806e-05,2.81e-05,841130127.0
2024-02-03 23:00:00,2.81e-05,2.821e-05,2.796e-05,2.809e-05,652172001.0
2024-02-04 00:00:00,2.809e-05,2.809e-05,2.776e-05,2.794e-05,583561596.0
2024-02-04 01:00:00,2.794e-05,2.801e-05,2.775e-05,2.797e-05,983907235.0
2024-02-04 02:00:00,2.797e-05,2.8e-05,2.776e-05,2.779e-05,2533206919.0
2024-02-04 03:00:00,2.779e-05,2.793e-05,2.779e-05,2.793e-05,628883803.0
2024-02-04 04:00:00,2.793e-05,2.793e-05,2.77e-05,2.778e-05,796076334.0
2024-02-04 05:00:00,2.778e-05,2.787e-05,2.775e-05,2.777e-05,651913949.0
2024-02-04 06:00:00,2.777e-05,2.785e-05,2.765e-05,2.769e-05,656300498.0
2024-02-04 07:00:00,2.769e-05,2.783e-05,2.761e-05,2.773e-05,902812627.0
2024-02-04 08:00:00,2.773e-05,2.786e-05,2.768e-05,2.774e-05,739005636.0
2024-02-04 09:00:00,2.774e-05,2.79e-05,2.758e-05,2.785e-05,474504396.0
2024-02-04 10:00:00,2.785e-05,2.788e-05,2.776e-05,2.782e-05,619405718.0
2024-02-04 11:00:00,2.782e-05,2.8e-05,2.779e-05,2.793e-05,777064999.0
2024-02-04 12:00:00,2.793e-05,2.796e-05,2.782e-05,2.785e-05,803511259.0
2024-02-04 13:00:00,2.785e-05,2.787e-05,2.776e-05,2.781e-05,401226263.0
2024-02-04 14:00:00,2.781e-05,2.79e-05,2.77e-05,2.776e-05,386879703.0
2024-02-04 15:00:00,2.776e-05,2.782e-05,2.764e-05,2.767e-05,512174354.0
2024-02-04 16:00:00,2.767e-05,2.779e-05,2.763e-05,2.778e-05,473176792.0
2024-02-04 17:00:00,2.778e-05,2.78e-05,2.764e-05,2.771e-05,402432840.0
2024-02-04 18:00:00,2.771e-05,2.778e-05,2.753e-05,2.759e-05,440808045.0
2024-02-04 19:00:00,2.759e-05,2.765e-05,2.738e-05,2.758e-05,326529333.0
2024-02-04 20:00:00,2.758e-05,2.781e-05,2.75e-05,2.775e-05,245124387.0
2024-02-04 21:00:00,2.775e-05,2.781e-05,2.76e-05,2.764e-05,287713079.0
2024-02-04 22:00:00,2.764e-05,2.774e-05,2.727e-05,2.735e-05,410710618.0
2024-02-04 23:00:00,2.735e-05,2.747e-05,2.723e-05,2.735e-05,3556986624.0
2024-02-05 00:00:00,2.735e-05,2.744e-05,2.719e-05,2.728e-05,889957622.0
2024-02-05 01:00:00,2.728e-05,2.734e-05,2.681e-05,2.72e-05,1175131215.0
2024-02-05 02:00:00,2.72e-05,2.731e-05,2.709e-05,2.727e-05,311424595.0
2024-02-05 03:00:00,2.727e-05,2.748e-05,2.727e-05,2.746e-05,532370619.0
2024-02-05 04:00:00,2.746e-05,2.754e-05,2.73e-05,2.736e-05,257560577.0
2024-02-05 05:00:00,2.736e-05,2.736e-05,2.724e-05,2.728e-05,197096856.0
2024-02-05 06:00:00,2.728e-05,2.735e-05,2.72e-05,2.727e-05,681521347.0
2024-02-05 07:00:00,2.727e-05,2.749e-05,2.726e-05,2.739e-05,298224003.0
2024-02-05 08:00:00,2.739e-05,2.749e-05,2.727e-05,2.735e-05,636498620.0
2024-02-05 09:00:00,2.735e-05,2.736e-05,2.722e-05,2.732e-05,411625054.0
2024-02-05 10:00:00,2.732e-05,2.767e-05,2.732e-05,2.766e-05,1152783240.0
2024-02-05 11:00:00,2.766e-05,2.782e-05,2.757e-05,2.781e-05,593259895.0
2024-02-05 12:00:00,2.781e-05,2.789e-05,2.769e-05,2.773e-05,726018445.0
2024-02-05 13:00:00,2.773e-05,2.818e-05,2.771e-05,2.8e-05,2215930265.0
2024-02-05 14:00:00,2.8e-05,2.804e-05,2.763e-05,2.77e-05,1538920160.0
2024-02-05 15:00:00,2.77e-05,2.772e-05,2.742e-05,2.751e-05,1425158303.0
2024-02-05 16:00:00,2.751e-05,2.763e-05,2.741e-05,2.761e-05,1367655201.0
2024-02-05 17:00:00,2.761e-05,2.762e-05,2.741e-05,2.742e-05,339446890.0
2024-02-05 18:00:00,2.742e-05,2.751e-05,2.734e-05,2.748e-05,274583296.0
2024-02-05 19:00:00,2.748e-05,2.758e-05,2.745e-05,2.747e-05,221760308.0
2024-02-05 20:00:00,2.747e-05,2.749e-05,2.719e-05,2.742e-05,304861459.0
2024-02-05 21:00:00,2.742e-05,2.746e-05,2.725e-05,2.729e-05,438772956.0
2024-02-05 22:00:00,2.729e-05,2.737e-05,2.705e-05,2.723e-05,531049764.0
2024-02-05 23:00:00,2.723e-05,2.744e-05,2.716e-05,2.742e-05,656481323.0
2024-02-06 00:00:00,2.742e-05,2.749e-05,2.731e-05,2.746e-05,673160866.0
2024-02-06 01:00:00,2.746e-05,2.753e-05,2.74e-05,2.744e-05,371088209.0
2024-02-06 02:00:00,2.744e-05,2.77e-05,2.741e-05,2.766e-05,396883829.0
2024-02-06 03:00:00,2.766e-05,2.772e-05,2.744e-05,2.75e-05,511191160.0
2024-02-06 04:00:00,2.75e-05,2.77e-05,2.749e-05,2.752e-05,764312915.0
2024-02-06 05:00:00,2.752e-05,2.754e-05,2.742e-05,2.751e-05,620556994.0
2024-02-06 06:00:00,2.751e-05,2.762e-05,2.745e-05,2.759e-05,498849597.0
2024-02-06 07:00:00,2.759e-05,2.764e-05,2.744e-05,2.757e-05,638659584.0
2024-02-06 08:00:00,2.757e-05,2.795e-05,2.749e-05,2.782e-05,2852179220.0
2024-02-06 09:00:00,2.782e-05,2.783e-05,2.764e-05,2.767e-05,2248895861.0
2024-02-06 10:00:00,2.767e-05,2.778e-05,2.742e-05,2.76e-05,851806041.0
2024-02-06 11:00:00,2.76e-05,2.763e-05,2.744e-05,2.746e-05,403674966.0
2024-02-06 12:00:00,2.746e-05,2.754e-05,2.728e-05,2.748e-05,296480609.0
2024-02-06 13:00:00,2.748e-05,2.764e-05,2.74e-05,2.754e-05,332462138.0
2024-02-06 14:00:00,2.754e-05,2.759e-05,2.746e-05,2.751e-05,263921602.0
2024-02-06 15:00:00,2.751e-05,2.771e-05,2.746e-05,2.769e-05,492191721.0
2024-02-06 16:00:00,2.769e-05,2.78e-05,2.765e-05,2.772e-05,265562347.0
2024-02-06 17:00:00,2.772e-05,2.781e-05,2.768e-05,2.778e-05,239463616.0
2024-02-06 18:00:00,2.778e-05,2.781e-05,2.768e-05,2.778e-05,186809942.0
2024-02-06 19:00:00,2.778e-05,2.792e-05,2.775e-05,2.792e-05,648218742.0
2024-02-06 20:00:00,2.792e-05,2.792e-05,2.778e-05,2.784e-05,451374741.0
2024-02-06 21:00:00,2.784e-05,2.803e-05,2.782e-05,2.798e-05,282602668.0
2024-02-06 22:00:00,2.798e-05,2.81e-05,2.792e-05,2.81e-05,416618341.0
2024-02-06 23:00:00,2.81e-05,2.812e-05,2.795e-05,2.795e-05,799661101.0
2024-02-07 00:00:00,2.795e-05,2.817e-05,2.787e-05,2.794e-05,259409026.0
2024-02-07 01:00:00,2.794e-05,2.816e-05,2.79e-05,2.799e-05,303819236.0
2024-02-07 02:00:00,2.799e-05,2.807e-05,2.796e-05,2.798e-05,201321894.0
2024-02-07 03:00:00,2.798e-05,2.8e-05,2.781e-05,2.782e-05,695187684.0
2024-02-07 04:00:00,2.782e-05,2.8e-05,2.774e-05,2.781e-05,719497684.0
2024-02-07 05:00:00,2.781e-05,2.791e-05,2.761e-05,2.785e-05,289914975.0
2024-02-07 06:00:00,2.785e-05,2.789e-05,2.772e-05,2.787e-05,348383084.0
2024-02-07 07:00:00,2.787e-05,2.797e-05,2.765e-05,2.772e-05,433699748.0
2024-02-07 08:00:00,2.772e-05,2.78e-05,2.77e-05,2.774e-05,338651872.0
2024-02-07 09:00:00,2.774e-05,2.81e-05,2.772e-05,2.802e-05,358130792.0
2024-02-07 10:00:00,2.802e-05,2.808e-05,2.79e-05,2.799e-05,531243998.0
2024-02-07 11:00:00,2.799e-05,2.806e-05,2.785e-05,2.792e-05,355489551.0
2024-02-07 12:00:00,2.792e-05,2.81e-05,2.79e-05,2.808e-05,344816772.0
2024-02-07 13:00:00,2.808e-05,2.824e-05,2.804e-05,2.812e-05,564007375.0
2024-02-07 14:00:00,2.812e-05,2.824e-05,2.802e-05,2.802e-05,489891838.0
2024-02-07 15:00:00,2.802e-05,2.822e-05,2.795e-05,2.818e-05,416979792.0
2024-02-07 16:00:00,2.818e-05,2.831e-05,2.813e-05,2.831e-05,281450444.0
2024-02-07 17:00:00,2.831e-05,2.854e-05,2.831e-05,2.841e-05,518376290.0
2024-02-07 18:00:00,2.841e-05,2.854e-05,2.841e-05,2.851e-05,401603931.0
2024-02-07 19:00:00,2.851e-05,2.852e-05,2.836e-05,2.843e-05,399275828.0
2024-02-07 20:00:00,2.843e-05,2.874e-05,2.843e-05,2.866e-05,484426009.0
2024-02-07 21:00:00,2.866e-05,2.873e-05,2.856e-05,2.87e-05,503436143.0
2024-02-07 22:00:00,2.87e-05,2.871e-05,2.855e-05,2.862e-05,213711060.0
2024-02-07 23:00:00,2.862e-05,2.866e-05,2.852e-05,2.858e-05,365696837.0
2024-02-08 00:00:00,2.858e-05,2.874e-05,2.851e-05,2.873e-05,323568757.0
2024-02-08 01:00:00,2.873e-05,2.874e-05,2.861e-05,2.869e-05,245020084.0
2024-02-08 02:00:00,2.869e-05,2.879e-05,2.861e-05,2.878e-05,419372411.0
2024-02-08 03:00:00,2.878e-05,2.882e-05,2.865e-05,2.865e-05,1021577586.0
2024-02-08 04:00:00,2.865e-05,2.888e-05,2.863e-05,2.864e-05,504995008.0
2024-02-08 05:00:00,2.864e-05,2.881e-05,2.859e-05,2.864e-05,296123063.0
2024-02-08 06:00:00,2.864e-05,2.866e-05,2.852e-05,2.856e-05,387840195.0
2024-02-08 07:00:00,2.856e-05,2.869e-05,2.847e-05,2.856e-05,430620386.0
2024-02-08 08:00:00,2.856e-05,2.868e-05,2.856e-05,2.867e-05,258045490.0
2024-02-08 09:00:00,2.867e-05,2.87e-05,2.859e-05,2.862e-05,184021133.0
2024-02-08 10:00:00,2.862e-05,2.866e-05,2.854e-05,2.862e-05,166334528.0
2024-02-08 11:00:00,2.862e-05,2.862e-05,2.842e-05,2.847e-05,1256590656.0
2024-02-08 12:00:00,2.847e-05,2.859e-05,2.827e-05,2.843e-05,416946990.0
2024-02-08 13:00:00,2.843e-05,2.856e-05,2.83e-05,2.856e-05,191470839.0
2024-02-08 14:00:00,2.856e-05,2.876e-05,2.849e-05,2.872e-05,688020511.0
2024-02-08 15:00:00,2.872e-05,2.885e-05,2.868e-05,2.884e-05,400971364.0
2024-02-08 16:00:00,2.884e-05,2.884e-05,2.833e-05,2.852e-05,567857651.0
2024-02-08 17:00:00,2.852e-05,2.867e-05,2.84e-05,2.852e-05,387402200.0
2024-02-08 18:00:00,2.852e-05,2.936e-05,2.845e-05,2.879e-05,12705886198.0
2024-02-08 19:00:00,2.879e-05,2.894e-05,2.871e-05,2.881e-05,1226450751.0
2024-02-08 20:00:00,2.881e-05,2.897e-05,2.873e-05,2.882e-05,1797976099.0
2024-02-08 21:00:00,2.882e-05,2.897e-05,2.871e-05,2.893e-05,262126064.0
2024-02-08 22:00:00,2.893e-05,2.898e-05,2.877e-05,2.886e-05,882922027.0
2024-02-08 23:00:00,2.886e-05,2.887e-05,2.869e-05,2.881e-05,1854466885.0
2024-02-09 00:00:00,2.881e-05,2.897e-05,2.874e-05,2.881e-05,1800655584.0
2024-02-09 01:00:00,2.881e-05,2.893e-05,2.874e-05,2.892e-05,303905078.0
2024-02-09 02:00:00,2.892e-05,2.922e-05,2.888e-05,2.919e-05,1131215973.0
2024-02-09 03:00:00,2.919e-05,2.931e-05,2.913e-05,2.916e-05,1125470901.0
2024-02-09 04:00:00,2.916e-05,2.929e-05,2.913e-05,2.923e-05,211532278.0
2024-02-09 05:00:00,2.923e-05,2.956e-05,2.92e-05,2.956e-05,290127844.0
2024-02-09 06:00:00,2.956e-05,3.348e-05,2.956e-05,3.279e-05,25335022384.0
2024-02-09 07:00:00,3.279e-05,3.279e-05,3.117e-05,3.132e-05,26510282229.0
2024-02-09 08:00:00,3.132e-05,3.195e-05,3.132e-05,3.172e-05,30324504273.0
2024-02-09 09:00:00,3.172e-05,3.183e-05,3.111e-05,3.129e-05,17958536250.0
2024-02-09 10:00:00,3.129e-05,3.145e-05,3.089e-05,3.094e-05,3618087831.0
2024-02-09 11:00:00,3.094e-05,3.128e-05,3.078e-05,3.127e-05,3791043660.0
2024-02-09 12:00:00,3.127e-05,3.148e-05,3.112e-05,3.123e-05,5785537155.0
2024-02-09 13:00:00,3.123e-05,3.151e-05,3.114e-05,3.141e-05,4337018457.0
2024-02-09 14:00:00,3.141e-05,3.144e-05,3.067e-05,3.12e-05,5210108224.0
2024-02-09 15:00:00,3.12e-05,3.165e-05,3.095e-05,3.15e-05,1346688991.0
2024-02-09 16:00:00,3.15e-05,3.196e-05,3.122e-05,3.134e-05,3066308933.0
2024-02-09 17:00:00,3.134e-05,3.136e-05,3.113e-05,3.129e-05,988390519.0
2024-02-09 18:00:00,3.129e-05,3.15e-05,3.118e-05,3.138e-05,1366057368.0
2024-02-09 19:00:00,3.138e-05,3.147e-05,3.117e-05,3.14e-05,902413558.0
2024-02-09 20:00:00,3.14e-05,3.165e-05,3.14e-05,3.15e-05,2332607920.0
2024-02-09 21:00:00,3.15e-05,3.156e-05,3.12e-05,3.135e-05,992821590.0
2024-02-09 22:00:00,3.135e-05,3.137e-05,3.1e-05,3.125e-05,1357960805.0
2024-02-09 23:00:00,3.125e-05,3.129e-05,3.108e-05,3.128e-05,1143284653.0
2024-02-10 00:00:00,3.128e-05,3.143e-05,3.116e-05,3.139e-05,929280329.0
2024-02-10 01:00:00,3.139e-05,3.139e-05,3.114e-05,3.123e-05,1352205832.0
2024-02-10 02:00:00,3.123e-05,3.157e-05,3.116e-05,3.148e-05,2701586816.0
2024-02-10 03:00:00,3.148e-05,3.148e-05,3.125e-05,3.125e-05,1840856144.0
2024-02-10 04:00:00,3.125e-05,3.128e-05,3.104e-05,3.112e-05,1061632016.0
2024-02-10 05:00:00,3.112e-05,3.112e-05,3.094e-05,3.101e-05,1487610942.0
2024-02-10 06:00:00,3.101e-05,3.113e-05,3.094e-05,3.099e-05,1086410553.0
2024-02-10 07:00:00,3.099e-05,3.123e-05,3.095e-05,3.108e-05,2324814545.0
2024-02-10 08:00:00,3.108e-05,3.118e-05,3.081e-05,3.081e-05,1289177881.0
2024-02-10 09:00:00,3.081e-05,3.101e-05,3.075e-05,3.077e-05,1522119902.0
2024-02-10 10:00:00,3.077e-05,3.087e-05,3.042e-05,3.052e-05,1193853872.0
2024-02-10 11:00:00,3.052e-05,3.103e-05,3.05e-05,3.097e-05,638744026.0
2024-02-10 12:00:00,3.097e-05,3.117e-05,3.089e-05,3.103e-05,576181618.0
2024-02-10 13:00:00,3.103e-05,3.116e-05,3.089e-05,3.102e-05,557287712.0
2024-02-10 14:00:00,3.102e-05,3.105e-05,3.095e-05,3.102e-05,412234449.0
2024-02-10 15:00:00,3.102e-05,3.112e-05,3.09e-05,3.105e-05,546734084.0
2024-02-10 16:00:00,3.105e-05,3.111e-05,3.079e-05,3.089e-05,2233682326.0
2024-02-10 17:00:00,3.089e-05,3.091e-05,3.062e-05,3.063e-05,693300119.0
2024-02-10 18:00:00,3.063e-05,3.088e-05,3.062e-05,3.077e-05,531524999.0
2024-02-10 19:00:00,3.077e-05,3.096e-05,3.074e-05,3.084e-05,1145443990.0
2024-02-10 20:00:00,3.084e-05,3.106e-05,3.077e-05,3.096e-05,626833154.0
2024-02-10 21:00:00,3.096e-05,3.119e-05,3.096e-05,3.101e-05,515544296.0
2024-02-10 22:00:00,3.101e-05,3.109e-05,3.087e-05,3.097e-05,1099426515.0
2024-02-10 23:00:00,3.097e-05,3.104e-05,3.084e-05,3.091e-05,416091860.0
2024-02-11 00:00:00,3.091e-05,3.108e-05,3.083e-05,3.101e-05,778984492.0
2024-02-11 01:00:00,3.101e-05,3.103e-05,3.086e-05,3.099e-05,584587894.0
2024-02-11 02:00:00,3.099e-05,3.104e-05,3.085e-05,3.088e-05,734168740.0
2024-02-11 03:00:00,3.088e-05,3.105e-05,3.055e-05,3.104e-05,5154782233.0
2024-02-11 04:00:00,3.104e-05,3.108e-05,3.094e-05,3.097e-05,322117452.0
2024-02-11 05:00:00,3.097e-05,3.099e-05,3.086e-05,3.095e-05,440252367.0
2024-02-11 06:00:00,3.095e-05,3.114e-05,3.093e-05,3.109e-05,534534574.0
2024-02-11 07:00:00,3.109e-05,3.149e-05,3.107e-05,3.13e-05,4138813344.0
2024-02-11 08:00:00,3.13e-05,3.141e-05,3.113e-05,3.118e-05,591483234.0
2024-02-11 09:00:00,3.118e-05,3.133e-05,3.111e-05,3.118e-05,457144934.0
2024-02-11 10:00:00,3.118e-05,3.146e-05,3.113e-05,3.136e-05,579880423.0
2024-02-11 11:00:00,3.136e-05,3.146e-05,3.127e-05,3.131e-05,548748351.0
2024-02-11 12:00:00,3.131e-05,3.131e-05,3.103e-05,3.122e-05,758783210.0
2024-02-11 13:00:00,3.122e-05,3.128e-05,3.108e-05,3.108e-05,1029267785.0
2024-02-11 14:00:00,3.108e-05,3.124e-05,3.089e-05,3.124e-05,777070184.0
2024-02-11 15:00:00,3.124e-05,3.124e-05,3.099e-05,3.102e-05,285338311.0
2024-02-11 16:00:00,3.102e-05,3.11e-05,3.092e-05,3.106e-05,411618368.0
2024-02-11 17:00:00,3.106e-05,3.131e-05,3.1e-05,3.126e-05,269893639.0
2024-02-11 18:00:00,3.126e-05,3.127e-05,3.101e-05,3.119e-05,399040152.0
2024-02-11 19:00:00,3.119e-05,3.121e-05,3.106e-05,3.109e-05,552438826.0
2024-02-11 20:00:00,3.109e-05,3.115e-05,3.066e-05,3.075e-05,2159351395.0
2024-02-11 21:00:00,3.075e-05,3.091e-05,3.073e-05,3.078e-05,837565126.0
2024-02-11 22:00:00,3.078e-05,3.089e-05,3.068e-05,3.079e-05,467981903.0
2024-02-11 23:00:00,3.079e-05,3.088e-05,3.069e-05,3.086e-05,382558155.0
2024-02-12 00:00:00,3.086e-05,3.114e-05,3.08e-05,3.112e-05,501728003.0
2024-02-12 01:00:00,3.112e-05,3.12e-05,3.099e-05,3.116e-05,687729274.0
2024-02-12 02:00:00,3.116e-05,3.119e-05,3.054e-05,3.073e-05,1054850731.0
2024-02-12 03:00:00,3.073e-05,3.101e-05,3.063e-05,3.091e-05,571263066.0
2024-02-12 04:00:00,3.091e-05,3.091e-05,3.075e-05,3.078e-05,600973382.0
2024-02-12 05:00:00,3.078e-05,3.105e-05,3.078e-05,3.091e-05,525286108.0
2024-02-12 06:00:00,3.091e-05,3.115e-05,3.081e-05,3.097e-05,556332649.0
2024-02-12 07:00:00,3.097e-05,3.107e-05,3.087e-05,3.097e-05,624644284.0
2024-02-12 08:00:00,3.097e-05,3.109e-05,3.089e-05,3.091e-05,878246129.0
2024-02-12 09:00:00,3.091e-05,3.091e-05,3.043e-05,3.051e-05,1839437604.0
2024-02-12 10:00:00,3.051e-05,3.065e-05,3.045e-05,3.052e-05,706608012.0
2024-02-12 11:00:00,3.052e-05,3.066e-05,3.046e-05,3.066e-05,2218106677.0
2024-02-12 12:00:00,3.066e-05,3.079e-05,3.06e-05,3.072e-05,341236107.0
2024-02-12 13:00:00,3.072e-05,3.074e-05,3.047e-05,3.05e-05,464722024.0
2024-02-12 14:00:00,3.05e-05,3.099e-05,3.047e-05,3.097e-05,5942377718.0
2024-02-12 15:00:00,3.097e-05,3.148e-05,3.086e-05,3.147e-05,4546242597.0
2024-02-12 16:00:00,3.147e-05,3.163e-05,3.124e-05,3.149e-05,1214217255.0
2024-02-12 17:00:00,3.149e-05,3.18e-05,3.144e-05,3.155e-05,653671858.0
2024-02-12 18:00:00,3.155e-05,3.215e-05,3.155e-05,3.189e-05,1704689397.0
2024-02-12 19:00:00,3.189e-05,3.233e-05,3.177e-05,3.179e-05,2095490126.0
2024-02-12 20:00:00,3.179e-05,3.227e-05,3.179e-05,3.211e-05,1827821046.0
2024-02-12 21:00:00,3.211e-05,3.215e-05,3.188e-05,3.188e-05,401691122.0
2024-02-12 22:00:00,3.188e-05,3.211e-05,3.188e-05,3.209e-05,532551444.0
2024-02-12 23:00:00,3.209e-05,3.209e-05,3.196e-05,3.208e-05,283272412.0
2024-02-13 00:00:00,3.208e-05,3.272e-05,3.207e-05,3.249e-05,3704018488.0
2024-02-13 01:00:00,3.249e-05,3.251e-05,3.219e-05,3.232e-05,3337893175.0
2024-02-13 02:00:00,3.232e-05,3.235e-05,3.201e-05,3.201e-05,1793751171.0
2024-02-13 03:00:00,3.201e-05,3.21e-05,3.181e-05,3.192e-05,365199735.0
2024-02-13 04:00:00,3.192e-05,3.209e-05,3.19e-05,3.209e-05,326980829.0
2024-02-13 05:00:00,3.209e-05,3.219e-05,3.202e-05,3.218e-05,663461516.0
2024-02-13 06:00:00,3.218e-05,3.218e-05,3.201e-05,3.205e-05,325861099.0
2024-02-13 07:00:00,3.205e-05,3.218e-05,3.194e-05,3.218e-05,275908828.0
2024-02-13 08:00:00,3.218e-05,3.238e-05,3.214e-05,3.227e-05,539279950.0
2024-02-13 09:00:00,3.227e-05,3.239e-05,3.215e-05,3.228e-05,531494607.0
2024-02-13 10:00:00,3.228e-05,3.257e-05,3.222e-05,3.23e-05,1427827303.0
2024-02-13 11:00:00,3.23e-05,3.241e-05,3.216e-05,3.228e-05,476872578.0
2024-02-13 12:00:00,3.228e-05,3.279e-05,3.221e-05,3.279e-05,3254567289.0
2024-02-13 13:00:00,3.279e-05,3.292e-05,3.2e-05,3.244e-05,5026945188.0
2024-02-13 14:00:00,3.244e-05,3.258e-05,3.16e-05,3.205e-05,2332563100.0
2024-02-13 15:00:00,3.205e-05,3.22e-05,3.183e-05,3.202e-05,1578451926.0
2024-02-13 16:00:00,3.202e-05,3.226e-05,3.172e-05,3.173e-05,2146192133.0
2024-02-13 17:00:00,3.173e-05,3.204e-05,3.172e-05,3.193e-05,796808631.0
2024-02-13 18:00:00,3.193e-05,3.213e-05,3.19e-05,3.206e-05,1908276472.0
2024-02-13 19:00:00,3.206e-05,3.206e-05,3.185e-05,3.185e-05,764969197.0
2024-02-13 20:00:00,3.185e-05,3.224e-05,3.185e-05,3.223e-05,457924267.0
2024-02-13 21:00:00,3.223e-05,3.248e-05,3.213e-05,3.228e-05,1191085127.0
2024-02-13 22:00:00,3.228e-05,3.234e-05,3.208e-05,3.228e-05,552079539.0
2024-02-13 23:00:00,3.228e-05,3.228e-05,3.208e-05,3.22e-05,450470753.0
2024-02-14 00:00:00,3.22e-05,3.225e-05,3.182e-05,3.192e-05,576521189.0
2024-02-14 01:00:00,3.192e-05,3.197e-05,3.171e-05,3.183e-05,498048766.0
2024-02-14 02:00:00,3.183e-05,3.237e-05,3.176e-05,3.22e-05,5347530687.0
2024-02-14 03:00:00,3.22e-05,3.238e-05,3.219e-05,3.226e-05,1043305908.0
2024-02-14 04:00:00,3.226e-05,3.233e-05,3.203e-05,3.209e-05,1175642914.0
2024-02-14 05:00:00,3.209e-05,3.233e-05,3.209e-05,3.226e-05,380519379.0
2024-02-14 06:00:00,3.226e-05,3.244e-05,3.217e-05,3.242e-05,575559015.0
2024-02-14 07:00:00,3.242e-05,3.254e-05,3.228e-05,3.25e-05,3792901467.0
2024-02-14 08:00:00,3.25e-05,3.279e-05,3.241e-05,3.279e-05,3948624307.0
2024-02-14 09:00:00,3.279e-05,3.326e-05,3.268e-05,3.32e-05,14060902976.0
2024-02-14 10:00:00,3.32e-05,3.32e-05,3.285e-05,3.303e-05,798093207.0
2024-02-14 11:00:00,3.303e-05,3.314e-05,3.285e-05,3.312e-05,2325007637.0
2024-02-14 12:00:00,3.312e-05,3.316e-05,3.281e-05,3.287e-05,3194233065.0
2024-02-14 13:00:00,3.287e-05,3.405e-05,3.284e-05,3.34e-05,4339276921.0
2024-02-14 14:00:00,3.34e-05,3.363e-05,3.31e-05,3.344e-05,4445572849.0
2024-02-14 15:00:00,3.344e-05,3.355e-05,3.304e-05,3.351e-05,1931186542.0
2024-02-14 16:00:00,3.351e-05,3.355e-05,3.313e-05,3.34e-05,494861585.0
2024-02-14 17:00:00,3.34e-05,3.417e-05,3.339e-05,3.357e-05,4732435678.0
2024-02-14 18:00:00,3.357e-05,3.362e-05,3.335e-05,3.351e-05,670617404.0
2024-02-14 19:00:00,3.351e-05,3.367e-05,3.332e-05,3.366e-05,1173695431.0
2024-02-14 20:00:00,3.366e-05,3.367e-05,3.348e-05,3.352e-05,413088041.0
2024-02-14 21:00:00,3.352e-05,3.388e-05,3.349e-05,3.372e-05,829025910.0
2024-02-14 22:00:00,3.372e-05,3.372e-05,3.35e-05,3.361e-05,276412449.0
2024-02-14 23:00:00,3.361e-05,3.361e-05,3.345e-05,3.349e-05,730103032.0
2024-02-15 00:00:00,3.349e-05,3.399e-05,3.348e-05,3.396e-05,2030212842.0
2024-02-15 01:00:00,3.396e-05,3.398e-05,3.34e-05,3.376e-05,3267161185.0
2024-02-15 02:00:00,3.376e-05,3.39e-05,3.368e-05,3.387e-05,687741986.0
2024-02-15 03:00:00,3.387e-05,3.404e-05,3.381e-05,3.401e-05,424967645.0
2024-02-15 04:00:00,3.401e-05,3.406e-05,3.377e-05,3.405e-05,1506714637.0
2024-02-15 05:00:00,3.405e-05,3.406e-05,3.331e-05,3.355e-05,5822594582.0
2024-02-15 06:00:00,3.355e-05,3.371e-05,3.346e-05,3.36e-05,540267128.0
2024-02-15 07:00:00,3.36e-05,3.381e-05,3.34e-05,3.364e-05,3854187839.0
2024-02-15 08:00:00,3.364e-05,3.381e-05,3.345e-05,3.381e-05,566775197.0
2024-02-15 09:00:00,3.381e-05,3.405e-05,3.377e-05,3.393e-05,615624219.0
2024-02-15 10:00:00,3.393e-05,3.405e-05,3.392e-05,3.396e-05,868047788.0
2024-02-15 11:00:00,3.396e-05,3.454e-05,3.395e-05,3.415e-05,1525872401.0
2024-02-15 12:00:00,3.415e-05,3.439e-05,3.396e-05,3.415e-05,598045670.0
2024-02-15 13:00:00,3.415e-05,3.417e-05,3.369e-05,3.414e-05,1273079761.0
2024-02-15 14:00:00,3.414e-05,3.437e-05,3.407e-05,3.435e-05,1148910977.0
2024-02-15 15:00:00,3.435e-05,3.439e-05,3.339e-05,3.358e-05,2742874416.0
2024-02-15 16:00:00,3.358e-05,3.378e-05,3.309e-05,3.367e-05,2098708712.0
2024-02-15 17:00:00,3.367e-05,3.41e-05,3.361e-05,3.38e-05,844233562.0
2024-02-15 18:00:00,3.38e-05,3.411e-05,3.369e-05,3.404e-05,486678182.0
2024-02-15 19:00:00,3.404e-05,3.425e-05,3.392e-05,3.418e-05,498749480.0
2024-02-15 20:00:00,3.418e-05,3.426e-05,3.37e-05,3.374e-05,392608567.0
2024-02-15 21:00:00,3.374e-05,3.391e-05,3.325e-05,3.335e-05,665462018.0
2024-02-15 22:00:00,3.335e-05,3.368e-05,3.333e-05,3.352e-05,692262290.0
2024-02-15 23:00:00,3.352e-05,3.397e-05,3.349e-05,3.391e-05,576892010.0
2024-02-16 00:00:00,3.391e-05,3.396e-05,3.357e-05,3.38e-05,559337176.0
2024-02-16 01:00:00,3.38e-05,3.4e-05,3.373e-05,3.398e-05,539097654.0
2024-02-16 02:00:00,3.398e-05,3.428e-05,3.389e-05,3.423e-05,762078788.0
2024-02-16 03:00:00,3.423e-05,3.429e-05,3.406e-05,3.417e-05,562058405.0
2024-02-16 04:00:00,3.417e-05,3.429e-05,3.398e-05,3.401e-05,1883890230.0
2024-02-16 05:00:00,3.401e-05,3.406e-05,3.389e-05,3.4e-05,437999238.0
2024-02-16 06:00:00,3.4e-05,3.407e-05,3.361e-05,3.363e-05,954244291.0
2024-02-16 07:00:00,3.363e-05,3.377e-05,3.344e-05,3.352e-05,1017302355.0
2024-02-16 08:00:00,3.352e-05,3.38e-05,3.352e-05,3.36e-05,569615396.0
2024-02-16 09:00:00,3.36e-05,3.366e-05,3.323e-05,3.362e-05,489324252.0
2024-02-16 10:00:00,3.362e-05,3.432e-05,3.358e-05,3.419e-05,10285562839.0
2024-02-16 11:00:00,3.419e-05,3.44e-05,3.415e-05,3.43e-05,2061001046.0
2024-02-16 12:00:00,3.43e-05,3.486e-05,3.426e-05,3.469e-05,1326876528.0
2024-02-16 13:00:00,3.469e-05,3.471e-05,3.447e-05,3.451e-05,556306220.0
2024-02-16 14:00:00,3.451e-05,3.457e-05,3.338e-05,3.363e-05,1597196923.0
2024-02-16 15:00:00,3.363e-05,3.384e-05,3.309e-05,3.384e-05,2786679816.0
2024-02-16 16:00:00,3.384e-05,3.415e-05,3.373e-05,3.393e-05,909620058.0
2024-02-16 17:00:00,3.393e-05,3.394e-05,3.334e-05,3.337e-05,4346275166.0
2024-02-16 18:00:00,3.337e-05,3.355e-05,3.321e-05,3.353e-05,1636955355.0
2024-02-16 19:00:00,3.353e-05,3.354e-05,3.319e-05,3.325e-05,338307860.0
2024-02-16 20:00:00,3.325e-05,3.343e-05,3.319e-05,3.341e-05,404906194.0
2024-02-16 21:00:00,3.341e-05,3.355e-05,3.331e-05,3.354e-05,382925235.0
2024-02-16 22:00:00,3.354e-05,3.356e-05,3.343e-05,3.353e-05,533312928.0
2024-02-16 23:00:00,3.353e-05,3.375e-05,3.353e-05,3.363e-05,520503766.0
2024-02-17 00:00:00,3.363e-05,3.377e-05,3.359e-05,3.371e-05,534768584.0
2024-02-17 01:00:00,3.371e-05,3.372e-05,3.319e-05,3.335e-05,225315717.0
2024-02-17 02:00:00,3.335e-05,3.35e-05,3.323e-05,3.347e-05,187411821.0
2024-02-17 03:00:00,3.347e-05,3.36e-05,3.346e-05,3.357e-05,272769043.0
2024-02-17 04:00:00,3.357e-05,3.361e-05,3.349e-05,3.356e-05,234845294.0
2024-02-17 05:00:00,3.356e-05,3.358e-05,3.336e-05,3.344e-05,309161248.0
2024-02-17 06:00:00,3.344e-05,3.353e-05,3.336e-05,3.338e-05,505093573.0
2024-02-17 07:00:00,3.338e-05,3.38e-05,3.338e-05,3.374e-05,268026166.0
2024-02-17 08:00:00,3.374e-05,3.379e-05,3.32e-05,3.327e-05,745704635.0
2024-02-17 09:00:00,3.327e-05,3.336e-05,3.307e-05,3.31e-05,447089799.0
2024-02-17 10:00:00,3.31e-05,3.31e-05,3.281e-05,3.293e-05,1169273498.0
2024-02-17 11:00:00,3.293e-05,3.307e-05,3.289e-05,3.302e-05,336557938.0
2024-02-17 12:00:00,3.302e-05,3.319e-05,3.299e-05,3.312e-05,847023979.0
2024-02-17 13:00:00,3.312e-05,3.319e-05,3.242e-05,3.254e-05,581774622.0
2024-02-17 14:00:00,3.254e-05,3.261e-05,3.171e-05,3.208e-05,1026162585.0
2024-02-17 15:00:00,3.208e-05,3.237e-05,3.193e-05,3.23e-05,281746441.0
2024-02-17 16:00:00,3.23e-05,3.27e-05,3.224e-05,3.269e-05,399811651.0
2024-02-17 17:00:00,3.269e-05,3.289e-05,3.269e-05,3.276e-05,880943414.0
2024-02-17 18:00:00,3.276e-05,3.281e-05,3.254e-05,3.256e-05,303658869.0
2024-02-17 19:00:00,3.256e-05,3.278e-05,3.254e-05,3.266e-05,444778040.0
2024-02-17 20:00:00,3.266e-05,3.289e-05,3.261e-05,3.288e-05,482116451.0
2024-02-17 21:00:00,3.288e-05,3.343e-05,3.281e-05,3.343e-05,775328669.0
2024-02-17 22:00:00,3.343e-05,3.352e-05,3.332e-05,3.34e-05,372957884.0
2024-02-17 23:00:00,3.34e-05,3.343e-05,3.323e-05,3.34e-05,248185540.0
2024-02-18 00:00:00,3.34e-05,3.356e-05,3.335e-05,3.349e-05,215076300.0
2024-02-18 01:00:00,3.349e-05,3.362e-05,3.332e-05,3.343e-05,491199804.0
2024-02-18 02:00:00,3.343e-05,3.379e-05,3.33e-05,3.375e-05,5137644086.0
2024-02-18 03:00:00,3.375e-05,3.389e-05,3.369e-05,3.38e-05,909191764.0
2024-02-18 04:00:00,3.38e-05,3.39e-05,3.374e-05,3.381e-05,201393675.0
2024-02-18 05:00:00,3.381e-05,3.39e-05,3.377e-05,3.382e-05,218980222.0
2024-02-18 06:00:00,3.382e-05,3.384e-05,3.348e-05,3.372e-05,236935811.0
2024-02-18 07:00:00,3.372e-05,3.388e-05,3.357e-05,3.381e-05,186793069.0
2024-02-18 08:00:00,3.381e-05,3.382e-05,3.369e-05,3.378e-05,483941899.0
2024-02-18 09:00:00,3.378e-05,3.4e-05,3.377e-05,3.399e-05,636343927.0
2024-02-18 10:00:00,3.399e-05,3.402e-05,3.383e-05,3.395e-05,548503541.0
2024-02-18 11:00:00,3.395e-05,3.399e-05,3.383e-05,3.399e-05,281024852.0
2024-02-18 12:00:00,3.399e-05,3.403e-05,3.379e-05,3.382e-05,1020619833.0
2024-02-18 13:00:00,3.382e-05,3.39e-05,3.365e-05,3.37e-05,846222187.0
2024-02-18 14:00:00,3.37e-05,3.387e-05,3.37e-05,3.38e-05,544889508.0
2024-02-18 15:00:00,3.38e-05,3.384e-05,3.373e-05,3.383e-05,323972732.0
2024-02-18 16:00:00,3.383e-05,3.394e-05,3.374e-05,3.394e-05,162485814.0
2024-02-18 17:00:00,3.394e-05,3.42e-05,3.393e-05,3.407e-05,271015007.0
2024-02-18 18:00:00,3.407e-05,3.408e-05,3.391e-05,3.402e-05,319536609.0
2024-02-18 19:00:00,3.402e-05,3.409e-05,3.382e-05,3.398e-05,884988265.0
2024-02-18 20:00:00,3.398e-05,3.403e-05,3.373e-05,3.384e-05,1965515469.0
2024-02-18 21:00:00,3.384e-05,3.39e-05,3.381e-05,3.388e-05,327637786.0
2024-02-18 22:00:00,3.388e-05,3.423e-05,3.385e-05,3.42e-05,2118491095.0
2024-02-18 23:00:00,3.42e-05,3.427e-05,3.392e-05,3.396e-05,336417119.0
2024-02-19 00:00:00,3.396e-05,3.424e-05,3.392e-05,3.421e-05,367068974.0
2024-02-19 01:00:00,3.421e-05,3.422e-05,3.384e-05,3.407e-05,187995794.0
2024-02-19 02:00:00,3.407e-05,3.438e-05,3.405e-05,3.431e-05,714483753.0
2024-02-19 03:00:00,3.431e-05,3.435e-05,3.411e-05,3.431e-05,1062235777.0
2024-02-19 04:00:00,3.431e-05,3.438e-05,3.419e-05,3.424e-05,203474365.0
2024-02-19 05:00:00,3.424e-05,3.425e-05,3.396e-05,3.417e-05,560404948.0
2024-02-19 06:00:00,3.417e-05,3.448e-05,3.417e-05,3.44e-05,718614566.0
2024-02-19 07:00:00,3.44e-05,3.452e-05,3.433e-05,3.448e-05,739406735.0
2024-02-19 08:00:00,3.448e-05,3.452e-05,3.401e-05,3.409e-05,716462592.0
2024-02-19 09:00:00,3.409e-05,3.451e-05,3.409e-05,3.443e-05,564074162.0
2024-02-19 10:00:00,3.443e-05,3.463e-05,3.411e-05,3.455e-05,699791523.0
2024-02-19 11:00:00,3.455e-05,3.46e-05,3.445e-05,3.446e-05,425445607.0
2024-02-19 12:00:00,3.446e-05,3.463e-05,3.435e-05,3.438e-05,2491552661.0
2024-02-19 13:00:00,3.438e-05,3.463e-05,3.432e-05,3.433e-05,442837102.0
2024-02-19 14:00:00,3.433e-05,3.459e-05,3.41e-05,3.45e-05,466395371.0
2024-02-19 15:00:00,3.45e-05,3.481e-05,3.439e-05,3.471e-05,612352874.0
2024-02-19 16:00:00,3.471e-05,3.479e-05,3.417e-05,3.425e-05,3654044575.0
2024-02-19 17:00:00,3.425e-05,3.49e-05,3.402e-05,3.48e-05,3975745897.0
2024-02-19 18:00:00,3.48e-05,3.497e-05,3.474e-05,3.474e-05,461827508.0
2024-02-19 19:00:00,3.474e-05,3.509e-05,3.465e-05,3.502e-05,368754815.0
2024-02-19 20:00:00,3.502e-05,3.554e-05,3.487e-05,3.536e-05,3029883589.0
2024-02-19 21:00:00,3.536e-05,3.579e-05,3.51e-05,3.577e-05,867139829.0
2024-02-19 22:00:00,3.577e-05,3.595e-05,3.554e-05,3.569e-05,1473200871.0
2024-02-19 23:00:00,3.569e-05,3.569e-05,3.525e-05,3.533e-05,527899715.0
2024-02-20 00:00:00,3.533e-05,3.569e-05,3.504e-05,3.509e-05,1099827467.0
2024-02-20 01:00:00,3.509e-05,3.555e-05,3.49e-05,3.549e-05,4055762718.0
2024-02-20 02:00:00,3.549e-05,3.555e-05,3.502e-05,3.535e-05,5338866592.0
2024-02-20 03:00:00,3.535e-05,3.544e-05,3.446e-05,3.452e-05,841225540.0
2024-02-20 04:00:00,3.452e-05,3.536e-05,3.444e-05,3.535e-05,440098336.0
2024-02-20 05:00:00,3.535e-05,3.632e-05,3.52e-05,3.631e-05,4102505153.0
2024-02-20 06:00:00,3.631e-05,3.637e-05,3.585e-05,3.604e-05,2051648763.0
2024-02-20 07:00:00,3.604e-05,3.607e-05,3.559e-05,3.571e-05,1073329454.0
2024-02-20 08:00:00,3.571e-05,3.573e-05,3.5e-05,3.502e-05,1269743406.0
2024-02-20 09:00:00,3.502e-05,3.509e-05,3.409e-05,3.462e-05,1538817225.0
2024-02-20 10:00:00,3.462e-05,3.49e-05,3.452e-05,3.48e-05,661728825.0
2024-02-20 11:00:00,3.48e-05,3.523e-05,3.476e-05,3.523e-05,752548128.0
2024-02-20 12:00:00,3.523e-05,3.558e-05,3.486e-05,3.487e-05,441973330.0
2024-02-20 13:00:00,3.487e-05,3.538e-05,3.47e-05,3.537e-05,1201985511.0
2024-02-20 14:00:00,3.537e-05,3.54e-05,3.414e-05,3.431e-05,4064966913.0
2024-02-20 15:00:00,3.431e-05,3.44e-05,3.242e-05,3.331e-05,2864019643.0
2024-02-20 16:00:00,3.331e-05,3.355e-05,3.294e-05,3.299e-05,758990482.0
2024-02-20 17:00:00,3.299e-05,3.329e-05,3.277e-05,3.329e-05,3905498977.0
2024-02-20 18:00:00,3.329e-05,3.342e-05,3.306e-05,3.336e-05,563504834.0
2024-02-20 19:00:00,3.336e-05,3.39e-05,3.327e-05,3.39e-05,352954288.0
2024-02-20 20:00:00,3.39e-05,3.404e-05,3.374e-05,3.398e-05,371158783.0
2024-02-20 21:00:00,3.398e-05,3.418e-05,3.383e-05,3.413e-05,717718504.0
2024-02-20 22:00:00,3.413e-05,3.472e-05,3.413e-05,3.457e-05,705964921.0
2024-02-20 23:00:00,3.457e-05,3.477e-05,3.448e-05,3.448e-05,453166575.0
2024-02-21 00:00:00,3.448e-05,3.481e-05,3.441e-05,3.445e-05,1359656627.0
2024-02-21 01:00:00,3.445e-05,3.462e-05,3.419e-05,3.425e-05,400805188.0
2024-02-21 02:00:00,3.425e-05,3.438e-05,3.401e-05,3.403e-05,1168581588.0
2024-02-21 03:00:00,3.403e-05,3.42e-05,3.403e-05,3.41e-05,107233673.0
2024-02-21 04:00:00,3.41e-05,3.419e-05,3.369e-05,3.384e-05,1193634981.0
2024-02-21 05:00:00,3.384e-05,3.404e-05,3.355e-05,3.357e-05,682410655.0
2024-02-21 06:00:00,3.357e-05,3.369e-05,3.32e-05,3.325e-05,395538593.0
2024-02-21 07:00:00,3.325e-05,3.325e-05,3.291e-05,3.314e-05,538232812.0
2024-02-21 08:00:00,3.314e-05,3.328e-05,3.294e-05,3.311e-05,203317383.0
2024-02-21 09:00:00,3.311e-05,3.313e-05,3.21e-05,3.222e-05,2810525623.0
2024-02-21 10:00:00,3.222e-05,3.25e-05,3.173e-05,3.24e-05,2547928530.0
2024-02-21 11:00:00,3.24e-05,3.268e-05,3.223e-05,3.237e-05,706609201.0
2024-02-21 12:00:00,3.237e-05,3.28e-05,3.202e-05,3.268e-05,700466402.0
2024-02-21 13:00:00,3.268e-05,3.279e-05,3.239e-05,3.248e-05,1058352440.0
2024-02-21 14:00:00,3.248e-05,3.25e-05,3.179e-05,3.206e-05,456310427.0
2024-02-21 15:00:00,3.206e-05,3.249e-05,3.192e-05,3.241e-05,563266986.0
2024-02-21 16:00:00,3.241e-05,3.265e-05,3.226e-05,3.261e-05,577305940.0
2024-02-21 17:00:00,3.261e-05,3.268e-05,3.204e-05,3.21e-05,798465574.0
2024-02-21 18:00:00,3.21e-05,3.226e-05,3.18e-05,3.223e-05,550428486.0
2024-02-21 19:00:00,3.223e-05,3.254e-05,3.206e-05,3.241e-05,1162667031.0
2024-02-21 20:00:00,3.241e-05,3.241e-05,3.216e-05,3.221e-05,437140087.0
2024-02-21 21:00:00,3.221e-05,3.294e-05,3.221e-05,3.281e-05,847290858.0
2024-02-21 22:00:00,3.281e-05,3.298e-05,3.263e-05,3.295e-05,821249023.0
2024-02-21 23:00:00,3.295e-05,3.335e-05,3.295e-05,3.328e-05,1129870065.0
2024-02-22 00:00:00,3.328e-05,3.334e-05,3.312e-05,3.323e-05,764805406.0
2024-02-22 01:00:00,3.323e-05,3.339e-05,3.252e-05,3.252e-05,1439656408.0
2024-02-22 02:00:00,3.252e-05,3.303e-05,3.251e-05,3.274e-05,520056499.0
2024-02-22 03:00:00,3.274e-05,3.309e-05,3.266e-05,3.304e-05,455494620.0
2024-02-22 04:00:00,3.304e-05,3.314e-05,3.291e-05,3.296e-05,215511459.0
2024-02-22 05:00:00,3.296e-05,3.324e-05,3.29e-05,3.316e-05,530009055.0
2024-02-22 06:00:00,3.316e-05,3.357e-05,3.313e-05,3.353e-05,794422722.0
2024-02-22 07:00:00,3.353e-05,3.389e-05,3.336e-05,3.384e-05,772690331.0
2024-02-22 08:00:00,3.384e-05,3.422e-05,3.381e-05,3.402e-05,503193094.0
2024-02-22 09:00:00,3.402e-05,3.427e-05,3.385e-05,3.425e-05,486223043.0
2024-02-22 10:00:00,3.425e-05,3.457e-05,3.394e-05,3.409e-05,2373863262.0
2024-02-22 11:00:00,3.409e-05,3.426e-05,3.382e-05,3.423e-05,875295549.0
2024-02-22 12:00:00,3.423e-05,3.454e-05,3.404e-05,3.436e-05,788569556.0
2024-02-22 13:00:00,3.436e-05,3.436e-05,3.359e-05,3.386e-05,426887723.0
2024-02-22 14:00:00,3.386e-05,3.409e-05,3.38e-05,3.404e-05,354498901.0
2024-02-22 15:00:00,3.404e-05,3.418e-05,3.392e-05,3.418e-05,376147626.0
2024-02-22 16:00:00,3.418e-05,3.419e-05,3.362e-05,3.372e-05,1175878593.0
2024-02-22 17:00:00,3.372e-05,3.403e-05,3.37e-05,3.402e-05,700404880.0
2024-02-22 18:00:00,3.402e-05,3.431e-05,3.384e-05,3.426e-05,844538675.0
2024-02-22 19:00:00,3.426e-05,3.426e-05,3.393e-05,3.412e-05,330604962.0
2024-02-22 20:00:00,3.412e-05,3.452e-05,3.408e-05,3.451e-05,620918949.0
2024-02-22 21:00:00,3.451e-05,3.451e-05,3.392e-05,3.402e-05,639382561.0
2024-02-22 22:00:00,3.402e-05,3.417e-05,3.373e-05,3.414e-05,712801728.0
2024-02-22 23:00:00,3.414e-05,3.417e-05,3.364e-05,3.367e-05,608282038.0
2024-02-23 00:00:00,3.367e-05,3.404e-05,3.364e-05,3.399e-05,448727550.0
2024-02-23 01:00:00,3.399e-05,3.415e-05,3.384e-05,3.385e-05,275901945.0
2024-02-23 02:00:00,3.385e-05,3.399e-05,3.331e-05,3.342e-05,1294030439.0
2024-02-23 03:00:00,3.342e-05,3.343e-05,3.318e-05,3.342e-05,906689028.0
2024-02-23 04:00:00,3.342e-05,3.367e-05,3.305e-05,3.348e-05,3296633409.0
2024-02-23 05:00:00,3.348e-05,3.353e-05,3.33e-05,3.343e-05,415300029.0
2024-02-23 06:00:00,3.343e-05,3.371e-05,3.34e-05,3.361e-05,346251512.0
2024-02-23 07:00:00,3.361e-05,3.371e-05,3.313e-05,3.323e-05,424836191.0
2024-02-23 08:00:00,3.323e-05,3.351e-05,3.279e-05,3.291e-05,647432656.0
2024-02-23 09:00:00,3.291e-05,3.323e-05,3.284e-05,3.323e-05,841069022.0
2024-02-23 10:00:00,3.323e-05,3.645e-05,3.322e-05,3.585e-05,14512666631.0
2024-02-23 11:00:00,3.585e-05,3.612e-05,3.434e-05,3.464e-05,6969966584.0
2024-02-23 12:00:00,3.464e-05,3.47e-05,3.383e-05,3.393e-05,3238874917.0
2024-02-23 13:00:00,3.393e-05,3.41e-05,3.378e-05,3.407e-05,1502784720.0
2024-02-23 14:00:00,3.407e-05,3.466e-05,3.395e-05,3.439e-05,6364715850.0
2024-02-23 15:00:00,3.439e-05,3.447e-05,3.363e-05,3.38e-05,3408465490.0
2024-02-23 16:00:00,3.38e-05,3.433e-05,3.311e-05,3.425e-05,1902382364.0
2024-02-23 17:00:00,3.425e-05,3.442e-05,3.405e-05,3.434e-05,1129634656.0
2024-02-23 18:00:00,3.434e-05,3.519e-05,3.425e-05,3.511e-05,3933156873.0
2024-02-23 19:00:00,3.511e-05,3.511e-05,3.47e-05,3.493e-05,568523202.0
2024-02-23 20:00:00,3.493e-05,3.502e-05,3.465e-05,3.488e-05,808455260.0
2024-02-23 21:00:00,3.488e-05,3.491e-05,3.46e-05,3.467e-05,1065115752.0
2024-02-23 22:00:00,3.467e-05,3.475e-05,3.419e-05,3.422e-05,470080901.0
2024-02-23 23:00:00,3.422e-05,3.445e-05,3.388e-05,3.429e-05,610962179.0
2024-02-24 00:00:00,3.429e-05,3.444e-05,3.417e-05,3.442e-05,961992579.0
2024-02-24 01:00:00,3.442e-05,3.447e-05,3.34e-05,3.349e-05,1062619214.0
2024-02-24 02:00:00,3.349e-05,3.398e-05,3.341e-05,3.386e-05,354853949.0
2024-02-24 03:00:00,3.386e-05,3.419e-05,3.367e-05,3.419e-05,738320687.0
2024-02-24 04:00:00,3.419e-05,3.448e-05,3.412e-05,3.442e-05,876527486.0
2024-02-24 05:00:00,3.442e-05,3.447e-05,3.425e-05,3.442e-05,1648474767.0
2024-02-24 06:00:00,3.442e-05,3.444e-05,3.422e-05,3.432e-05,498699609.0
2024-02-24 07:00:00,3.432e-05,3.463e-05,3.416e-05,3.455e-05,905955684.0
2024-02-24 08:00:00,3.455e-05,3.477e-05,3.436e-05,3.448e-05,1694774716.0
2024-02-24 09:00:00,3.448e-05,3.519e-05,3.445e-05,3.487e-05,1257757912.0
2024-02-24 10:00:00,3.487e-05,3.521e-05,3.485e-05,3.511e-05,1518672642.0
2024-02-24 11:00:00,3.511e-05,3.593e-05,3.502e-05,3.581e-05,1840342225.0
2024-02-24 12:00:00,3.581e-05,3.581e-05,3.51e-05,3.522e-05,2109787023.0
2024-02-24 13:00:00,3.522e-05,3.549e-05,3.509e-05,3.523e-05,788918975.0
2024-02-24 14:00:00,3.523e-05,3.534e-05,3.49e-05,3.512e-05,435335211.0
2024-02-24 15:00:00,3.512e-05,3.533e-05,3.497e-05,3.526e-05,722038971.0
2024-02-24 16:00:00,3.526e-05,3.556e-05,3.518e-05,3.539e-05,620120623.0
2024-02-24 17:00:00,3.539e-05,3.546e-05,3.528e-05,3.539e-05,892194299.0
2024-02-24 18:00:00,3.539e-05,3.558e-05,3.512e-05,3.52e-05,317593347.0
2024-02-24 19:00:00,3.52e-05,3.588e-05,3.52e-05,3.577e-05,853844476.0
2024-02-24 20:00:00,3.577e-05,3.579e-05,3.554e-05,3.559e-05,781055755.0
2024-02-24 21:00:00,3.559e-05,3.583e-05,3.547e-05,3.563e-05,934005128.0
2024-02-24 22:00:00,3.563e-05,3.577e-05,3.54e-05,3.544e-05,731815931.0
2024-02-24 23:00:00,3.544e-05,3.551e-05,3.536e-05,3.548e-05,549607516.0
2024-02-25 00:00:00,3.548e-05,3.579e-05,3.537e-05,3.562e-05,621668650.0
2024-02-25 01:00:00,3.562e-05,3.568e-05,3.537e-05,3.563e-05,919699198.0
2024-02-25 02:00:00,3.563e-05,3.574e-05,3.55e-05,3.559e-05,765401759.0
2024-02-25 03:00:00,3.559e-05,3.566e-05,3.514e-05,3.55e-05,504311518.0
2024-02-25 04:00:00,3.55e-05,3.582e-05,3.528e-05,3.573e-05,1415759932.0
2024-02-25 05:00:00,3.573e-05,3.602e-05,3.555e-05,3.597e-05,1639928246.0
2024-02-25 06:00:00,3.597e-05,3.659e-05,3.581e-05,3.583e-05,10757182086.0
2024-02-25 07:00:00,3.583e-05,3.616e-05,3.566e-05,3.575e-05,1645864980.0
2024-02-25 08:00:00,3.575e-05,3.583e-05,3.537e-05,3.544e-05,1503399989.0
2024-02-25 09:00:00,3.544e-05,3.583e-05,3.541e-05,3.571e-05,863061398.0
2024-02-25 10:00:00,3.571e-05,3.587e-05,3.547e-05,3.552e-05,596453500.0
2024-02-25 11:00:00,3.552e-05,3.568e-05,3.541e-05,3.565e-05,570138401.0
2024-02-25 12:00:00,3.565e-05,3.59e-05,3.561e-05,3.587e-05,834291311.0
2024-02-25 13:00:00,3.587e-05,3.596e-05,3.555e-05,3.56e-05,1353456600.0
2024-02-25 14:00:00,3.56e-05,3.602e-05,3.554e-05,3.589e-05,1007457624.0
2024-02-25 15:00:00,3.589e-05,3.619e-05,3.572e-05,3.585e-05,1388929671.0
2024-02-25 16:00:00,3.585e-05,3.616e-05,3.571e-05,3.586e-05,2470887411.0
2024-02-25 17:00:00,3.586e-05,3.607e-05,3.574e-05,3.602e-05,401772843.0
2024-02-25 18:00:00,3.602e-05,3.671e-05,3.587e-05,3.65e-05,3074960204.0
2024-02-25 19:00:00,3.65e-05,3.689e-05,3.65e-05,3.664e-05,6463885251.0
2024-02-25 20:00:00,3.664e-05,3.686e-05,3.652e-05,3.653e-05,2422273141.0
2024-02-25 21:00:00,3.653e-05,3.711e-05,3.632e-05,3.67e-05,3679401212.0
2024-02-25 22:00:00,3.67e-05,3.716e-05,3.65e-05,3.701e-05,1191599932.0
2024-02-25 23:00:00,3.701e-05,3.704e-05,3.672e-05,3.677e-05,756847333.0
2024-02-26 00:00:00,3.677e-05,3.699e-05,3.653e-05,3.682e-05,1195440160.0
2024-02-26 01:00:00,3.682e-05,3.697e-05,3.633e-05,3.635e-05,2254763747.0
2024-02-26 02:00:00,3.635e-05,3.674e-05,3.635e-05,3.662e-05,362118129.0
2024-02-26 03:00:00,3.662e-05,3.691e-05,3.641e-05,3.682e-05,484165825.0
2024-02-26 04:00:00,3.682e-05,3.682e-05,3.647e-05,3.652e-05,514892486.0
2024-02-26 05:00:00,3.652e-05,3.675e-05,3.635e-05,3.67e-05,1676891615.0
2024-02-26 06:00:00,3.67e-05,3.725e-05,3.662e-05,3.725e-05,743329040.0
2024-02-26 07:00:00,3.725e-05,3.725e-05,3.683e-05,3.688e-05,1692227060.0
2024-02-26 08:00:00,3.688e-05,3.695e-05,3.633e-05,3.642e-05,542564866.0
2024-02-26 09:00:00,3.642e-05,3.658e-05,3.534e-05,3.544e-05,4090134556.0
2024-02-26 10:00:00,3.544e-05,3.657e-05,3.544e-05,3.634e-05,2223585517.0
2024-02-26 11:00:00,3.634e-05,3.643e-05,3.596e-05,3.629e-05,584248155.0
2024-02-26 12:00:00,3.629e-05,3.629e-05,3.575e-05,3.617e-05,650842931.0
2024-02-26 13:00:00,3.617e-05,3.643e-05,3.604e-05,3.609e-05,508757683.0
2024-02-26 14:00:00,3.609e-05,3.805e-05,3.606e-05,3.752e-05,3503673818.0
2024-02-26 15:00:00,3.752e-05,3.869e-05,3.725e-05,3.793e-05,14616729593.0
2024-02-26 16:00:00,3.793e-05,3.834e-05,3.751e-05,3.784e-05,3802494860.0
2024-02-26 17:00:00,3.784e-05,3.817e-05,3.77e-05,3.803e-05,586380650.0
2024-02-26 18:00:00,3.803e-05,3.816e-05,3.748e-05,3.769e-05,989594753.0
2024-02-26 19:00:00,3.769e-05,3.974e-05,3.742e-05,3.947e-05,23122158994.0
2024-02-26 20:00:00,3.947e-05,3.947e-05,3.84e-05,3.915e-05,6929989560.0
2024-02-26 21:00:00,3.915e-05,4.207e-05,3.895e-05,4.197e-05,10431062283.0
2024-02-26 22:00:00,4.197e-05,4.524e-05,4.178e-05,4.199e-05,45389101283.0
2024-02-26 23:00:00,4.199e-05,4.393e-05,4.199e-05,4.343e-05,17577713088.0
2024-02-27 00:00:00,4.343e-05,4.347e-05,4.219e-05,4.251e-05,5478836809.0
2024-02-27 01:00:00,4.251e-05,4.284e-05,4.171e-05,4.173e-05,5718274538.0
2024-02-27 02:00:00,4.173e-05,4.584e-05,4.144e-05,4.409e-05,14548681062.0
2024-02-27 03:00:00,4.409e-05,4.758e-05,4.341e-05,4.367e-05,41757746757.0
2024-02-27 04:00:00,4.367e-05,4.525e-05,4.366e-05,4.519e-05,16087343297.0
2024-02-27 05:00:00,4.519e-05,4.519e-05,4.336e-05,4.354e-05,8052561631.0
2024-02-27 06:00:00,4.354e-05,4.375e-05,4.245e-05,4.302e-05,11993039425.0
2024-02-27 07:00:00,4.302e-05,4.302e-05,4.232e-05,4.272e-05,9420770319.0
2024-02-27 08:00:00,4.272e-05,4.394e-05,4.251e-05,4.335e-05,7470447044.0
2024-02-27 09:00:00,4.335e-05,4.433e-05,4.327e-05,4.344e-05,11178870001.0
2024-02-27 10:00:00,4.344e-05,4.433e-05,4.29e-05,4.406e-05,5220932947.0
2024-02-27 11:00:00,4.406e-05,5.087e-05,4.348e-05,4.817e-05,59517092304.0
2024-02-27 12:00:00,4.817e-05,4.975e-05,4.645e-05,4.777e-05,33718255341.0
2024-02-27 13:00:00,4.777e-05,4.849e-05,4.693e-05,4.735e-05,21368650423.0
2024-02-27 14:00:00,4.735e-05,4.741e-05,4.562e-05,4.599e-05,16429677754.0
2024-02-27 15:00:00,4.599e-05,4.621e-05,4.475e-05,4.507e-05,14416160869.0
2024-02-27 16:00:00,4.507e-05,4.848e-05,4.388e-05,4.766e-05,26967604152.0
2024-02-27 17:00:00,4.766e-05,5.204e-05,4.76e-05,4.972e-05,29625145795.0
2024-02-27 18:00:00,4.972e-05,5.7e-05,4.92e-05,5.618e-05,43947439780.0
2024-02-27 19:00:00,5.618e-05,5.761e-05,5.269e-05,5.442e-05,52574909548.0
2024-02-27 20:00:00,5.442e-05,5.442e-05,5.152e-05,5.229e-05,17818055904.0
2024-02-27 21:00:00,5.229e-05,5.266e-05,5.132e-05,5.158e-05,7722073972.0
2024-02-27 22:00:00,5.158e-05,5.37e-05,5.122e-05,5.306e-05,10897115016.0
2024-02-27 23:00:00,5.306e-05,5.306e-05,5.081e-05,5.102e-05,21910014649.0
2024-02-28 00:00:00,5.102e-05,5.542e-05,5.058e-05,5.465e-05,29522313366.0
2024-02-28 01:00:00,5.465e-05,5.536e-05,5.28e-05,5.288e-05,11265791920.0
2024-02-28 02:00:00,5.288e-05,5.427e-05,5.244e-05,5.378e-05,10162279382.0
2024-02-28 03:00:00,5.378e-05,5.416e-05,5.064e-05,5.08e-05,7990779524.0
2024-02-28 04:00:00,5.08e-05,5.151e-05,5.016e-05,5.116e-05,5175645383.0
2024-02-28 05:00:00,5.116e-05,5.13e-05,4.959e-05,4.973e-05,5953022101.0
2024-02-28 06:00:00,4.973e-05,4.999e-05,4.864e-05,4.964e-05,6633342854.0
2024-02-28 07:00:00,4.964e-05,5.085e-05,4.899e-05,5.073e-05,4764046956.0
2024-02-28 08:00:00,5.073e-05,5.444e-05,4.976e-05,5.413e-05,18419593971.0
2024-02-28 09:00:00,5.413e-05,5.846e-05,5.212e-05,5.672e-05,33824371227.0
2024-02-28 10:00:00,5.672e-05,6.181e-05,5.584e-05,5.82e-05,40373959828.0
2024-02-28 11:00:00,5.82e-05,6.119e-05,5.636e-05,5.693e-05,18818153803.0
2024-02-28 12:00:00,5.693e-05,5.896e-05,5.681e-05,5.712e-05,14974535133.0
2024-02-28 13:00:00,5.712e-05,5.875e-05,5.629e-05,5.725e-05,16418161024.0
2024-02-28 14:00:00,5.725e-05,5.76e-05,5.453e-05,5.512e-05,13036253864.0
2024-02-28 15:00:00,5.512e-05,5.634e-05,5.486e-05,5.571e-05,13529776966.0
2024-02-28 16:00:00,5.571e-05,5.926e-05,5.563e-05,5.819e-05,17118469523.0
2024-02-28 17:00:00,5.819e-05,5.824e-05,5.023e-05,5.627e-05,28878421240.0
2024-02-28 18:00:00,5.627e-05,5.757e-05,5.416e-05,5.588e-05,6404258251.0
2024-02-28 19:00:00,5.588e-05,5.754e-05,5.511e-05,5.653e-05,2724734651.0
2024-02-28 20:00:00,5.653e-05,5.966e-05,5.612e-05,5.804e-05,5462965156.0
2024-02-28 21:00:00,5.804e-05,5.992e-05,5.716e-05,5.721e-05,8018691685.0
2024-02-28 22:00:00,5.721e-05,5.773e-05,5.607e-05,5.648e-05,5408170918.0
2024-02-28 23:00:00,5.648e-05,5.724e-05,5.628e-05,5.646e-05,1755608163.0
2024-02-29 00:00:00,5.646e-05,5.859e-05,5.547e-05,5.737e-05,6996774732.0
2024-02-29 01:00:00,5.737e-05,5.861e-05,5.64e-05,5.64e-05,4131054381.0
2024-02-29 02:00:00,5.64e-05,5.677e-05,5.563e-05,5.603e-05,15560793081.0
2024-02-29 03:00:00,5.603e-05,6.16e-05,5.59e-05,6.036e-05,6898400264.0
2024-02-29 04:00:00,6.036e-05,6.232e-05,5.927e-05,5.951e-05,11586645171.0
2024-02-29 05:00:00,5.951e-05,5.978e-05,5.75e-05,5.775e-05,6622903795.0
2024-02-29 06:00:00,5.775e-05,5.798e-05,5.653e-05,5.715e-05,4384394686.0
2024-02-29 07:00:00,5.715e-05,5.795e-05,5.591e-05,5.736e-05,4713387830.0
2024-02-29 08:00:00,5.736e-05,5.759e-05,5.631e-05,5.684e-05,6114873753.0
2024-02-29 09:00:00,5.684e-05,5.781e-05,5.492e-05,5.544e-05,9427420986.0
2024-02-29 10:00:00,5.544e-05,6.28e-05,5.544e-05,5.695e-05,26565600928.0
2024-02-29 11:00:00,5.695e-05,5.797e-05,5.621e-05,5.661e-05,4882346759.0
2024-02-29 12:00:00,5.661e-05,5.699e-05,5.608e-05,5.694e-05,1598484986.0
2024-02-29 13:00:00,5.694e-05,5.786e-05,5.641e-05,5.745e-05,2773566515.0
2024-02-29 14:00:00,5.745e-05,5.955e-05,5.722e-05,5.769e-05,5674390697.0
2024-02-29 15:00:00,5.769e-05,5.989e-05,5.743e-05,5.894e-05,4581071024.0
2024-02-29 16:00:00,5.894e-05,5.953e-05,5.6e-05,5.718e-05,4597731694.0
2024-02-29 17:00:00,5.718e-05,5.788e-05,5.656e-05,5.745e-05,3040454381.0
2024-02-29 18:00:00,5.745e-05,5.777e-05,5.628e-05,5.677e-05,825210604.0
2024-02-29 19:00:00,5.677e-05,5.684e-05,5.612e-05,5.667e-05,1268092813.0
2024-02-29 20:00:00,5.667e-05,5.705e-05,5.621e-05,5.621e-05,927511749.0
2024-02-29 21:00:00,5.621e-05,5.638e-05,5.362e-05,5.459e-05,3832160931.0
2024-02-29 22:00:00,5.459e-05,5.48e-05,5.219e-05,5.339e-05,7428847334.0
2024-02-29 23:00:00,5.339e-05,5.407e-05,5.336e-05,5.378e-05,1298907933.0
2024-03-01 00:00:00,5.378e-05,5.512e-05,5.367e-05,5.509e-05,644350657.0
2024-03-01 01:00:00,5.509e-05,5.532e-05,5.442e-05,5.499e-05,510606536.0
2024-03-01 02:00:00,5.499e-05,5.568e-05,5.462e-05,5.509e-05,968158114.0
2024-03-01 03:00:00,5.509e-05,5.523e-05,5.455e-05,5.481e-05,943641891.0
2024-03-01 04:00:00,5.481e-05,5.56e-05,5.472e-05,5.55e-05,907665116.0
2024-03-01 05:00:00,5.55e-05,5.561e-05,5.46e-05,5.49e-05,7508839081.0
2024-03-01 06:00:00,5.49e-05,5.496e-05,5.413e-05,5.432e-05,1304243637.0
2024-03-01 07:00:00,5.432e-05,5.534e-05,5.428e-05,5.504e-05,1141709312.0
2024-03-01 08:00:00,5.504e-05,5.847e-05,5.475e-05,5.828e-05,4988435828.0
2024-03-01 09:00:00,5.828e-05,6.025e-05,5.761e-05,5.937e-05,7835856133.0
2024-03-01 10:00:00,5.937e-05,6.071e-05,5.767e-05,5.918e-05,5041047409.0
2024-03-01 11:00:00,5.918e-05,5.918e-05,5.618e-05,5.656e-05,6537109761.0
2024-03-01 12:00:00,5.656e-05,5.683e-05,5.621e-05,5.661e-05,2273192726.0
2024-03-01 13:00:00,5.661e-05,6.168e-05,5.654e-05,6.047e-05,21807436651.0
2024-03-01 14:00:00,6.047e-05,6.402e-05,6.041e-05,6.162e-05,30810932755.0
2024-03-01 15:00:00,6.162e-05,6.28e-05,6.041e-05,6.136e-05,8425711985.0
2024-03-01 16:00:00,6.136e-05,7.566e-05,6.114e-05,7.14e-05,39070634854.0
2024-03-01 17:00:00,7.14e-05,7.879e-05,7.14e-05,7.598e-05,37909484754.0
2024-03-01 18:00:00,7.598e-05,7.932e-05,7.363e-05,7.709e-05,44396369221.0
2024-03-01 19:00:00,7.709e-05,8.485e-05,7.513e-05,8.398e-05,41797332025.0
2024-03-01 20:00:00,8.398e-05,9.872e-05,8.274e-05,9.505e-05,107890244043.0
2024-03-01 21:00:00,9.505e-05,9.522e-05,9.046e-05,9.136e-05,31168379272.0
2024-03-01 22:00:00,9.136e-05,9.361e-05,8.793e-05,8.835e-05,39804943436.0
2024-03-01 23:00:00,8.835e-05,9.107e-05,8.649e-05,8.772e-05,33535274925.0
2024-03-02 00:00:00,8.772e-05,9.347e-05,8.642e-05,9.164e-05,38823965944.0
2024-03-02 01:00:00,9.164e-05,9.384e-05,8.637e-05,9.078e-05,44230844024.0
2024-03-02 02:00:00,9.078e-05,9.315e-05,9.027e-05,9.155e-05,26755017987.0
2024-03-02 03:00:00,9.155e-05,9.524e-05,9.064e-05,9.216e-05,28110043899.0
2024-03-02 04:00:00,9.216e-05,9.86e-05,9.165e-05,9.595e-05,30644849656.0
2024-03-02 05:00:00,9.595e-05,9.981e-05,9.307e-05,9.419e-05,39088085075.0
2024-03-02 06:00:00,9.419e-05,0.00010266,9.417e-05,0.00010141,48899116809.0
2024-03-02 07:00:00,0.00010141,0.00012985,0.00010141,0.00011984,138491617035.0
2024-03-02 08:00:00,0.00011984,0.00012284,0.00011013,0.00011822,85766132080.0
2024-03-02 09:00:00,0.00011822,0.00012015,0.00011065,0.00011545,58208159253.0
2024-03-02 10:00:00,0.00011545,0.00013096,0.00011533,0.00011921,66887319999.0
2024-03-02 11:00:00,0.00011921,0.00012468,0.00011428,0.00011587,40029295876.0
2024-03-02 12:00:00,0.00011587,0.00012327,0.00011481,0.00012095,27159243596.0
2024-03-02 13:00:00,0.00012095,0.00012209,0.00011134,0.00011236,45795599518.0
2024-03-02 14:00:00,0.00011236,0.00011407,0.00010606,0.00011248,71556509077.0
2024-03-02 15:00:00,0.00011248,0.00011375,0.0001054,0.00010677,44494844463.0
2024-03-02 16:00:00,0.00010677,0.000115,0.00010643,0.00011256,30378099306.0
2024-03-02 17:00:00,0.00011256,0.00011843,0.00011143,0.00011485,24671679023.0
2024-03-02 18:00:00,0.00011485,0.00013854,0.00011388,0.00013665,91885901411.0
2024-03-02 19:00:00,0.00013665,0.00013872,0.00012883,0.00013085,36233874742.0
2024-03-02 20:00:00,0.00013085,0.00013181,0.00012266,0.00012358,27114737433.0
2024-03-02 21:00:00,0.00012358,0.00012878,0.0001232,0.00012411,10382794177.0
2024-03-02 22:00:00,0.00012411,0.00013186,0.00012266,0.00013056,16765701616.0
2024-03-02 23:00:00,0.00013056,0.00014299,0.00013015,0.00013357,49670217580.0
2024-03-03 00:00:00,0.00013357,0.00013968,0.00012773,0.00013232,34451055181.0
2024-03-03 01:00:00,0.00013232,0.00013323,0.00012817,0.00013091,12665489100.0
2024-03-03 02:00:00,0.00013091,0.0001376,0.00012957,0.00013496,23007222917.0
2024-03-03 03:00:00,0.00013496,0.0001387,0.00013184,0.00013274,20441651119.0
2024-03-03 04:00:00,0.00013274,0.00014195,0.0001315,0.0001368,24296688112.0
2024-03-03 05:00:00,0.0001368,0.0001435,0.000131,0.00013212,32120779178.0
2024-03-03 06:00:00,0.00013212,0.00013333,0.00012728,0.00012799,21331156580.0
2024-03-03 07:00:00,0.00012799,0.00012875,0.00010816,0.00012204,64762898203.0
2024-03-03 08:00:00,0.00012204,0.00013033,0.00012,0.00012803,26542854935.0
2024-03-03 09:00:00,0.00012803,0.00013368,0.00012465,0.00012893,27415680440.0
2024-03-03 10:00:00,0.00012893,0.00013831,0.00012846,0.00013215,29194767769.0
2024-03-03 11:00:00,0.00013215,0.0001588,0.00013199,0.00015403,48029297234.0
2024-03-03 12:00:00,0.00015403,0.00015928,0.00014624,0.000148,31138470394.0
2024-03-03 13:00:00,0.000148,0.00015314,0.00014429,0.00014875,19203908424.0
2024-03-03 14:00:00,0.00014875,0.0001509,0.00013745,0.00013968,24824719575.0
2024-03-03 15:00:00,0.00013968,0.00014974,0.00013943,0.00014769,23918361929.0
2024-03-03 16:00:00,0.00014769,0.00015229,0.00014406,0.0001472,19385201699.0
2024-03-03 17:00:00,0.0001472,0.00015041,0.00014538,0.00014706,6822350964.0
2024-03-03 18:00:00,0.00014706,0.0001481,0.00014241,0.00014461,6177256647.0
2024-03-03 19:00:00,0.00014461,0.00014667,0.00014285,0.00014473,3115940124.0
2024-03-03 20:00:00,0.00014473,0.00015016,0.00014283,0.00014951,6414445607.0
2024-03-03 21:00:00,0.00014951,0.00015558,0.00014679,0.00015413,13485903530.0
2024-03-03 22:00:00,0.00015413,0.0001546,0.00014416,0.00014517,7964575222.0
2024-03-03 23:00:00,0.00014517,0.00014898,0.000144,0.00014632,3649332220.0
2024-03-04 00:00:00,0.00014632,0.00014672,0.00013815,0.00014564,14820995938.0
2024-03-04 01:00:00,0.00014564,0.00015161,0.00014071,0.00015159,7277644368.0
2024-03-04 02:00:00,0.00015159,0.00015473,0.00014648,0.00015151,10812844907.0
2024-03-04 03:00:00,0.00015151,0.00015533,0.00014624,0.0001494,7482780806.0
2024-03-04 04:00:00,0.0001494,0.00015067,0.00014457,0.00014594,11315466867.0
2024-03-04 05:00:00,0.00014594,0.00015115,0.00014459,0.00014742,5302255065.0
2024-03-04 06:00:00,0.00014742,0.00016198,0.00014668,0.00015523,23434249348.0
2024-03-04 07:00:00,0.00015523,0.00016244,0.00015049,0.0001577,14228176032.0
2024-03-04 08:00:00,0.0001577,0.00016529,0.00015336,0.00016364,17732976334.0
2024-03-04 09:00:00,0.00016364,0.00016851,0.0001541,0.00015732,23625747721.0
2024-03-04 10:00:00,0.00015732,0.00015763,0.00014574,0.0001501,16432512844.0
2024-03-04 11:00:00,0.0001501,0.0001519,0.00014644,0.00015166,6018886784.0
2024-03-04 12:00:00,0.00015166,0.0001558,0.00014829,0.00015466,8519569997.0
2024-03-04 13:00:00,0.00015466,0.00016057,0.00015321,0.0001555,10373091669.0
2024-03-04 14:00:00,0.0001555,0.00015703,0.00015072,0.00015447,7551056427.0
2024-03-04 15:00:00,0.00015447,0.00016034,0.00015153,0.0001581,9262789738.0
2024-03-04 16:00:00,0.0001581,0.000174,0.0001566,0.00016925,22799360804.0
2024-03-04 17:00:00,0.00016925,0.00017475,0.00015274,0.00015274,20003457303.0
2024-03-04 18:00:00,0.00015274,0.00015841,0.000146,0.00015391,15517631761.0
2024-03-04 19:00:00,0.00015391,0.00015679,0.00015014,0.0001566,4275818068.0
2024-03-04 20:00:00,0.0001566,0.00015672,0.00014934,0.00015099,4412345067.0
2024-03-04 21:00:00,0.00015099,0.00015101,0.00014584,0.00014875,3932463778.0
2024-03-04 22:00:00,0.00014875,0.00015,0.00014526,0.00014963,3276695192.0
2024-03-04 23:00:00,0.00014963,0.00015017,0.00014098,0.00014457,6507413885.0
2024-03-05 00:00:00,0.00014457,0.00015478,0.00014368,0.00015264,9010154996.0
2024-03-05 01:00:00,0.00015264,0.00016599,0.00015083,0.0001598,13244456709.0
2024-03-05 02:00:00,0.0001598,0.00016504,0.00015219,0.00015426,15917032428.0
2024-03-05 03:00:00,0.00015426,0.00015428,0.00015029,0.00015162,5703171520.0
2024-03-05 04:00:00,0.00015162,0.00015361,0.00014022,0.00014267,14111914614.0
2024-03-05 05:00:00,0.00014267,0.00014292,0.00013193,0.0001407,15104372220.0
2024-03-05 06:00:00,0.0001407,0.00014486,0.00013697,0.00014373,12035852487.0
2024-03-05 07:00:00,0.00014373,0.00014373,0.00013529,0.00013533,7862807911.0
2024-03-05 08:00:00,0.00013533,0.00013744,0.00012612,0.00013278,14142961235.0
2024-03-05 09:00:00,0.00013278,0.00013767,0.00013099,0.00013424,9727396244.0
2024-03-05 10:00:00,0.00013424,0.00014778,0.00013424,0.00014125,12192519213.0
2024-03-05 11:00:00,0.00014125,0.00014263,0.00013858,0.00013936,5560338899.0
2024-03-05 12:00:00,0.00013936,0.00014205,0.00013829,0.00013879,4732641348.0
2024-03-05 13:00:00,0.00013879,0.0001422,0.00013547,0.00013574,10436385773.0
2024-03-05 14:00:00,0.00013574,0.00013581,0.00013046,0.00013253,12498781054.0
2024-03-05 15:00:00,0.00013253,0.00013385,0.00012651,0.0001279,13377458433.0
2024-03-05 16:00:00,0.0001279,0.00012979,0.00011512,0.000122,24209934794.0
2024-03-05 17:00:00,0.000122,0.0001232,0.000114,0.00012287,12823809759.0
2024-03-05 18:00:00,0.00012287,0.00012293,0.00011819,0.00011828,5323974151.0
2024-03-05 19:00:00,0.00011828,0.00011981,9.059e-05,0.00010245,25222935831.0
2024-03-05 20:00:00,0.00010245,0.00011445,0.00010245,0.00010877,20042156059.0
2024-03-05 21:00:00,0.00010877,0.00011628,0.00010865,0.00011455,13625497936.0
2024-03-05 22:00:00,0.00011455,0.00011771,0.00011152,0.00011724,6905500117.0
2024-03-05 23:00:00,0.00011724,0.00011805,0.00011521,0.0001158,3477227052.0
2024-03-06 00:00:00,0.0001158,0.0001187,0.00011387,0.00011465,2007855699.0
2024-03-06 01:00:00,0.00011465,0.00011548,0.00011276,0.00011362,2372393281.0
2024-03-06 02:00:00,0.00011362,0.00011369,0.00011011,0.00011044,2698893006.0
2024-03-06 03:00:00,0.00011044,0.00011712,0.00011042,0.00011512,3784896002.0
2024-03-06 04:00:00,0.00011512,0.00012002,0.00011474,0.00011917,1304854185.0
2024-03-06 05:00:00,0.00011917,0.00013418,0.0001186,0.00013321,9251559095.0
2024-03-06 06:00:00,0.00013321,0.00013973,0.00013029,0.0001353,7279980591.0
2024-03-06 07:00:00,0.0001353,0.00013797,0.0001325,0.00013673,5724665852.0
2024-03-06 08:00:00,0.00013673,0.0001612,0.00013387,0.00015814,20204065577.0
2024-03-06 09:00:00,0.00015814,0.00016198,0.00014632,0.00014731,18364391547.0
2024-03-06 10:00:00,0.00014731,0.00015314,0.00014712,0.00014948,5414195519.0
2024-03-06 11:00:00,0.00014948,0.00015248,0.00014725,0.00014796,8317201144.0
2024-03-06 12:00:00,0.00014796,0.00014962,0.00013313,0.00013765,17976541169.0
2024-03-06 13:00:00,0.00013765,0.00014164,0.00013645,0.00014069,7591145693.0
2024-03-06 14:00:00,0.00014069,0.0001472,0.0001385,0.00013884,9126500506.0
2024-03-06 15:00:00,0.00013884,0.0001399,0.00013522,0.00013893,5741778371.0
2024-03-06 16:00:00,0.00013893,0.00014137,0.00013502,0.00013948,4721035069.0
2024-03-06 17:00:00,0.00013948,0.00013955,0.00013447,0.00013773,5559901525.0
2024-03-06 18:00:00,0.00013773,0.00013863,0.00013089,0.00013348,6124764310.0
2024-03-06 19:00:00,0.00013348,0.00013794,0.00013207,0.00013636,2815319015.0
2024-03-06 20:00:00,0.00013636,0.00013704,0.00013363,0.0001343,4523630774.0
2024-03-06 21:00:00,0.0001343,0.00013499,0.00013237,0.00013388,1453719698.0
2024-03-06 22:00:00,0.00013388,0.0001345,0.000131,0.00013116,1871642048.0
2024-03-06 23:00:00,0.00013116,0.00013382,0.00013024,0.00013092,2474854510.0
2024-03-07 00:00:00,0.00013092,0.00013434,0.00012851,0.00013191,2533108560.0
2024-03-07 01:00:00,0.00013191,0.00013191,0.0001272,0.000131,3444391303.0
2024-03-07 02:00:00,0.000131,0.00013149,0.00012698,0.00012721,1194037588.0
2024-03-07 03:00:00,0.00012721,0.00012857,0.00012445,0.0001247,3225945193.0
2024-03-07 04:00:00,0.0001247,0.00012757,0.0001241,0.00012668,3073804701.0
2024-03-07 05:00:00,0.00012668,0.00012721,0.00012052,0.00012094,3909054599.0
2024-03-07 06:00:00,0.00012094,0.00012359,0.00012017,0.00012305,3281505381.0
2024-03-07 07:00:00,0.00012305,0.00012724,0.00012252,0.00012535,3224280806.0
2024-03-07 08:00:00,0.00012535,0.00014804,0.00012535,0.00013429,21105160688.0
2024-03-07 09:00:00,0.00013429,0.00013675,0.00013145,0.00013389,5507572933.0
2024-03-07 10:00:00,0.00013389,0.00013535,0.00013161,0.00013514,6493541579.0
2024-03-07 11:00:00,0.00013514,0.00014045,0.0001328,0.00013513,9123126358.0
2024-03-07 12:00:00,0.00013513,0.00013585,0.00013054,0.00013134,3010897618.0
2024-03-07 13:00:00,0.00013134,0.00013289,0.00012916,0.0001324,2957638403.0
2024-03-07 14:00:00,0.0001324,0.00013751,0.00013102,0.00013347,8147227129.0
2024-03-07 15:00:00,0.00013347,0.00014016,0.00013103,0.00013953,3657807210.0
2024-03-07 16:00:00,0.00013953,0.00014262,0.00013107,0.00013267,5799647465.0
2024-03-07 17:00:00,0.00013267,0.00013799,0.00013252,0.00013457,5612252890.0
2024-03-07 18:00:00,0.00013457,0.00013668,0.00013285,0.0001345,1234265191.0
2024-03-07 19:00:00,0.0001345,0.00013576,0.00013236,0.0001342,1466894095.0
2024-03-07 20:00:00,0.0001342,0.00013744,0.00013365,0.00013533,1222481136.0
2024-03-07 21:00:00,0.00013533,0.00013926,0.00013437,0.00013805,3720270316.0
2024-03-07 22:00:00,0.00013805,0.00014399,0.00013631,0.00013644,3353654004.0
2024-03-07 23:00:00,0.00013644,0.00014018,0.00013463,0.0001398,2900007224.0
2024-03-08 00:00:00,0.0001398,0.000147,0.00013822,0.00014686,10826674518.0
2024-03-08 01:00:00,0.00014686,0.00016022,0.00014475,0.00015544,26427764763.0
2024-03-08 02:00:00,0.00015544,0.00017293,0.00015332,0.000171,26653205851.0
2024-03-08 03:00:00,0.000171,0.00017358,0.00016519,0.00017033,25554552076.0
2024-03-08 04:00:00,0.00017033,0.00017382,0.0001658,0.00017287,23106758027.0
2024-03-08 05:00:00,0.00017287,0.00017512,0.00016666,0.00017164,15830665430.0
2024-03-08 06:00:00,0.00017164,0.00018339,0.00016902,0.00018028,19885645933.0
2024-03-08 07:00:00,0.00018028,0.00018803,0.00017518,0.00017631,34306485830.0
2024-03-08 08:00:00,0.00017631,0.00018506,0.00017627,0.00017978,16063020668.0
2024-03-08 09:00:00,0.00017978,0.00018504,0.00017798,0.00018504,11537081512.0
2024-03-08 10:00:00,0.00018504,0.00019642,0.00018323,0.00019071,22923189084.0
2024-03-08 11:00:00,0.00019071,0.00019745,0.00018811,0.00019661,20487695157.0
2024-03-08 12:00:00,0.00019661,0.00020272,0.00019127,0.00019983,27536956859.0
2024-03-08 13:00:00,0.00019983,0.0002517,0.00019968,0.00022856,79787222321.0
2024-03-08 14:00:00,0.00022856,0.00023922,0.00020921,0.00021041,61166256195.0
2024-03-08 15:00:00,0.00021041,0.00022946,0.00020085,0.00022002,68217898783.0
2024-03-08 16:00:00,0.00022002,0.00024181,0.00021148,0.00023867,53659323049.0
2024-03-08 17:00:00,0.00023867,0.00024371,0.00023343,0.00023561,19148952061.0
2024-03-08 18:00:00,0.00023561,0.00023993,0.00023062,0.00023801,10142582884.0
2024-03-08 19:00:00,0.00023801,0.00024001,0.000223,0.00022542,12376642782.0
2024-03-08 20:00:00,0.00022542,0.00023376,0.00022526,0.00022895,11515986059.0
2024-03-08 21:00:00,0.00022895,0.00023185,0.00021607,0.00022099,14139405393.0
2024-03-08 22:00:00,0.00022099,0.0002378,0.00022099,0.00023267,14476426625.0
2024-03-08 23:00:00,0.00023267,0.0002416,0.00022936,0.00023177,14076956914.0
2024-03-09 00:00:00,0.00023177,0.00027787,0.000231,0.00027115,36135088653.0
2024-03-09 01:00:00,0.00027115,0.00027974,0.00025912,0.00026691,21457501233.0
2024-03-09 02:00:00,0.00026691,0.0002715,0.00024652,0.00024841,20056058144.0
2024-03-09 03:00:00,0.00024841,0.00025477,0.0002388,0.00025376,18463095517.0
2024-03-09 04:00:00,0.00025376,0.00026197,0.00024688,0.00025389,13493103765.0
2024-03-09 05:00:00,0.00025389,0.00025593,0.00024315,0.00024903,9981534740.0
2024-03-09 06:00:00,0.00024903,0.00026683,0.00024703,0.00026495,16386195200.0
2024-03-09 07:00:00,0.00026495,0.00027264,0.00025882,0.00026754,20616309079.0
2024-03-09 08:00:00,0.00026754,0.0002717,0.00025428,0.00025946,16682804332.0
2024-03-09 09:00:00,0.00025946,0.00026635,0.0002452,0.00025613,21276787591.0
2024-03-09 10:00:00,0.00025613,0.00026346,0.00024735,0.00026018,17466591387.0
2024-03-09 11:00:00,0.00026018,0.00026022,0.00024755,0.00025236,11811939730.0
2024-03-09 12:00:00,0.00025236,0.00025417,0.00024178,0.00025023,13625273004.0
2024-03-09 13:00:00,0.00025023,0.00025811,0.00024579,0.00025779,14565201043.0
2024-03-09 14:00:00,0.00025779,0.00026182,0.00025308,0.00025726,10636915262.0
2024-03-09 15:00:00,0.00025726,0.00025877,0.00024717,0.0002494,7482521685.0
2024-03-09 16:00:00,0.0002494,0.00025448,0.00024019,0.00024029,10016788120.0
2024-03-09 17:00:00,0.00024029,0.00024534,0.00023023,0.00023773,14341692089.0
2024-03-09 18:00:00,0.00023773,0.00024572,0.00023743,0.00024066,5454566694.0
2024-03-09 19:00:00,0.00024066,0.00025192,0.00023962,0.00024864,7912262001.0
2024-03-09 20:00:00,0.00024864,0.00025306,0.0002435,0.00024837,7519325285.0
2024-03-09 21:00:00,0.00024837,0.00025115,0.00024353,0.00024763,5980704017.0
2024-03-09 22:00:00,0.00024763,0.0002492,0.00024384,0.00024738,4387061678.0
2024-03-09 23:00:00,0.00024738,0.00024824,0.0002369,0.00023942,7716038416.0
2024-03-10 00:00:00,0.00023942,0.00024274,0.00023304,0.00023746,13688660308.0
2024-03-10 01:00:00,0.00023746,0.0002515,0.00023696,0.00024652,12545542412.0
2024-03-10 02:00:00,0.00024652,0.0002523,0.00023564,0.00023727,9236472695.0
2024-03-10 03:00:00,0.00023727,0.00024055,0.00023505,0.0002385,5103402061.0
2024-03-10 04:00:00,0.0002385,0.00024568,0.00023643,0.00024336,5399546068.0
2024-03-10 05:00:00,0.00024336,0.00024689,0.00024059,0.00024207,3171191333.0
2024-03-10 06:00:00,0.00024207,0.00024339,0.00023758,0.00023984,4336984560.0
2024-03-10 07:00:00,0.00023984,0.00024037,0.00023508,0.00023736,5135239271.0
2024-03-10 08:00:00,0.00023736,0.00024209,0.00023475,0.00023855,4671771748.0
2024-03-10 09:00:00,0.00023855,0.00023885,0.00023054,0.00023195,6595867965.0
2024-03-10 10:00:00,0.00023195,0.00024042,0.00023177,0.00024021,5636631884.0
2024-03-10 11:00:00,0.00024021,0.00024021,0.00023207,0.00023265,3255892196.0
2024-03-10 12:00:00,0.00023265,0.00023587,0.00022206,0.00022809,12863260126.0
2024-03-10 13:00:00,0.00022809,0.00022888,0.00022147,0.00022409,5240909528.0
2024-03-10 14:00:00,0.00022409,0.00022715,0.00021882,0.00022671,7299459303.0
2024-03-10 15:00:00,0.00022671,0.00022923,0.00022072,0.00022142,4157256225.0
2024-03-10 16:00:00,0.00022142,0.00025987,0.00022126,0.00024755,19790092767.0
2024-03-10 17:00:00,0.00024755,0.00026976,0.00024,0.0002656,22954935202.0
2024-03-10 18:00:00,0.0002656,0.00029509,0.00026546,0.0002882,32781254164.0
2024-03-10 19:00:00,0.0002882,0.00029327,0.00028029,0.00028183,12699120909.0
2024-03-10 20:00:00,0.00028183,0.00028648,0.00027328,0.00027752,9824162343.0
2024-03-10 21:00:00,0.00027752,0.00028002,0.00026295,0.00027124,8588233333.0
2024-03-10 22:00:00,0.00027124,0.00027242,0.000261,0.00026525,7093801247.0
2024-03-10 23:00:00,0.00026525,0.00027482,0.00026438,0.00027246,8512505300.0
2024-03-11 00:00:00,0.00027246,0.00027262,0.00024426,0.00026177,15711017037.0
2024-03-11 01:00:00,0.00026177,0.00026192,0.00024531,0.00025359,11473740023.0
2024-03-11 02:00:00,0.00025359,0.00027027,0.00025288,0.00026564,8067861174.0
2024-03-11 03:00:00,0.00026564,0.00027844,0.00026133,0.00026473,8788295476.0
2024-03-11 04:00:00,0.00026473,0.00027892,0.00026401,0.0002769,6331395440.0
2024-03-11 05:00:00,0.0002769,0.00028891,0.00027475,0.00027995,9501039667.0
2024-03-11 06:00:00,0.00027995,0.00028612,0.0002748,0.00028423,5021195961.0
2024-03-11 07:00:00,0.00028423,0.00029887,0.00027266,0.00028121,15572999271.0
2024-03-11 08:00:00,0.00028121,0.00028726,0.00027998,0.00028298,5761218707.0
2024-03-11 09:00:00,0.00028298,0.00029075,0.00027973,0.00028459,5617161198.0
2024-03-11 10:00:00,0.00028459,0.00028501,0.00027356,0.00027667,6866906647.0
2024-03-11 11:00:00,0.00027667,0.00028386,0.00027482,0.00027925,6368231931.0
2024-03-11 12:00:00,0.00027925,0.00028695,0.00027693,0.00028126,8724775071.0
2024-03-11 13:00:00,0.00028126,0.00028337,0.00027222,0.00027372,11798073239.0
2024-03-11 14:00:00,0.00027372,0.00027555,0.00026584,0.00026755,6727626574.0
2024-03-11 15:00:00,0.00026755,0.00028117,0.00026728,0.00026794,7151813251.0
2024-03-11 16:00:00,0.00026794,0.00027722,0.00026451,0.00026853,6277590749.0
2024-03-11 17:00:00,0.00026853,0.00027013,0.0002631,0.0002631,3706789899.0
2024-03-11 18:00:00,0.0002631,0.0002663,0.00026254,0.00026562,1971487701.0
2024-03-11 19:00:00,0.00026562,0.00026871,0.00026317,0.00026568,1662532023.0
2024-03-11 20:00:00,0.00026568,0.00027731,0.00026475,0.00027168,2615716345.0
2024-03-11 21:00:00,0.00027168,0.00028542,0.00026851,0.00027829,4768342102.0
2024-03-11 22:00:00,0.00027829,0.00027873,0.00027035,0.0002768,3056782973.0
2024-03-11 23:00:00,0.0002768,0.00029934,0.00027471,0.00029849,8069582165.0
2024-03-12 00:00:00,0.00029849,0.000307,0.0002803,0.00028171,11197244960.0
2024-03-12 01:00:00,0.00028171,0.00028366,0.00027581,0.00027991,3885234909.0
2024-03-12 02:00:00,0.00027991,0.00028,0.00027287,0.00027598,4284104006.0
2024-03-12 03:00:00,0.00027598,0.00027827,0.00027177,0.00027235,2248537961.0
2024-03-12 04:00:00,0.00027235,0.00027565,0.00026721,0.00026904,4165497688.0
2024-03-12 05:00:00,0.00026904,0.00027367,0.00026885,0.00027089,2929321047.0
2024-03-12 06:00:00,0.00027089,0.00027105,0.00025739,0.00026561,7109632414.0
2024-03-12 07:00:00,0.00026561,0.00026561,0.00025845,0.00026337,3845491601.0
2024-03-12 08:00:00,0.00026337,0.00027213,0.00026238,0.00026512,5683840898.0
2024-03-12 09:00:00,0.00026512,0.00027553,0.00026426,0.00027195,5463135111.0
2024-03-12 10:00:00,0.00027195,0.00027447,0.0002685,0.00027168,2306964800.0
2024-03-12 11:00:00,0.00027168,0.0002743,0.00026826,0.00027032,1709405531.0
2024-03-12 12:00:00,0.00027032,0.0002735,0.00026564,0.00026915,3834475207.0
2024-03-12 13:00:00,0.00026915,0.00027109,0.00026593,0.00026735,2548631744.0
2024-03-12 14:00:00,0.00026735,0.00028077,0.0002618,0.00027799,5445112320.0
2024-03-12 15:00:00,0.00027799,0.00028765,0.00027343,0.0002795,11031786809.0
2024-03-12 16:00:00,0.0002795,0.00028262,0.00026764,0.00027115,5820786369.0
2024-03-12 17:00:00,0.00027115,0.00027652,0.00025917,0.00027599,8482723399.0
2024-03-12 18:00:00,0.00027599,0.00027625,0.0002717,0.00027315,2021762932.0
2024-03-12 19:00:00,0.00027315,0.000274,0.00027027,0.00027313,1905203134.0
2024-03-12 20:00:00,0.00027313,0.00027313,0.00026784,0.00027058,1845372119.0
2024-03-12 21:00:00,0.00027058,0.00027064,0.00026464,0.00026625,2931940329.0
2024-03-12 22:00:00,0.00026625,0.00026749,0.00026338,0.00026671,1693617781.0
2024-03-12 23:00:00,0.00026671,0.00027167,0.00026628,0.00027035,1211468897.0
2024-03-13 00:00:00,0.00027035,0.00027461,0.00026505,0.00026598,2808970951.0
2024-03-13 01:00:00,0.00026598,0.00027166,0.00026492,0.00026995,2475465309.0
2024-03-13 02:00:00,0.00026995,0.00027401,0.00026768,0.00027315,3838357145.0
2024-03-13 03:00:00,0.00027315,0.00028488,0.00027119,0.00027894,9287589421.0
2024-03-13 04:00:00,0.00027894,0.00029146,0.00027258,0.000276,9058425345.0
2024-03-13 05:00:00,0.000276,0.00028189,0.00027521,0.00027895,2507010065.0
2024-03-13 06:00:00,0.00027895,0.00028538,0.00027574,0.00027675,2628444405.0
2024-03-13 07:00:00,0.00027675,0.00028486,0.00027582,0.00028108,5290146967.0
2024-03-13 08:00:00,0.00028108,0.00028494,0.0002775,0.00027804,3634054245.0
2024-03-13 09:00:00,0.00027804,0.00027969,0.00027363,0.00027428,3607531468.0
2024-03-13 10:00:00,0.00027428,0.00027466,0.00027032,0.00027226,2406374701.0
2024-03-13 11:00:00,0.00027226,0.00027227,0.00026862,0.00027055,3456328299.0
2024-03-13 12:00:00,0.00027055,0.00027363,0.00026912,0.00026925,1743697113.0
2024-03-13 13:00:00,0.00026925,0.00027217,0.00026451,0.00026891,3771735370.0
2024-03-13 14:00:00,0.00026891,0.00027233,0.00026767,0.00026995,2917991321.0
2024-03-13 15:00:00,0.00026995,0.00027146,0.0002661,0.00026803,2464446244.0
2024-03-13 16:00:00,0.00026803,0.0002749,0.00026651,0.00027156,3877472894.0
2024-03-13 17:00:00,0.00027156,0.00027199,0.00026739,0.00026766,1350585467.0
2024-03-13 18:00:00,0.00026766,0.00027172,0.00026737,0.00026937,1070539153.0
2024-03-13 19:00:00,0.00026937,0.00027224,0.000267,0.00027209,1227349419.0
2024-03-13 20:00:00,0.00027209,0.00027616,0.0002679,0.00026983,3207738841.0
2024-03-13 21:00:00,0.00026983,0.00027196,0.00026777,0.00026927,1068785390.0
2024-03-13 22:00:00,0.00026927,0.00027131,0.00026845,0.00027074,1173605016.0
2024-03-13 23:00:00,0.00027074,0.0002734,0.00026892,0.00026892,1537076440.0
2024-03-14 00:00:00,0.00026892,0.00027044,0.00026325,0.00026418,2598071261.0
2024-03-14 01:00:00,0.00026418,0.00026621,0.00025963,0.00026388,4316129637.0
2024-03-14 02:00:00,0.00026388,0.00027283,0.00026249,0.00027283,4647717753.0
2024-03-14 03:00:00,0.00027283,0.00028568,0.00027212,0.00027488,16499325513.0
2024-03-14 04:00:00,0.00027488,0.0002848,0.00027476,0.00027603,6923555954.0
2024-03-14 05:00:00,0.00027603,0.00028818,0.00027023,0.0002855,10864630078.0
2024-03-14 06:00:00,0.0002855,0.00030416,0.0002855,0.00029941,16490956619.0
2024-03-14 07:00:00,0.00029941,0.00031176,0.00029411,0.00030145,12769332709.0
2024-03-14 08:00:00,0.00030145,0.00030592,0.00029574,0.00030495,4422140230.0
2024-03-14 09:00:00,0.00030495,0.00031477,0.00029893,0.00030069,11618942739.0
2024-03-14 10:00:00,0.00030069,0.00030332,0.0002907,0.0002925,5456469564.0
2024-03-14 11:00:00,0.0002925,0.0002926,0.00028283,0.00028718,7246614355.0
2024-03-14 12:00:00,0.00028718,0.00028859,0.00028085,0.00028394,3667149484.0
2024-03-14 13:00:00,0.00028394,0.00028394,0.00027172,0.00027918,12941442270.0
2024-03-14 14:00:00,0.00027918,0.0002822,0.00027236,0.00027726,5506544479.0
2024-03-14 15:00:00,0.00027726,0.0002784,0.00026822,0.00027117,4501302300.0
2024-03-14 16:00:00,0.00027117,0.00027799,0.00026695,0.00027656,2857307358.0
2024-03-14 17:00:00,0.00027656,0.00027684,0.00027061,0.00027326,2474937560.0
2024-03-14 18:00:00,0.00027326,0.00027326,0.00026581,0.00026979,2180033325.0
2024-03-14 19:00:00,0.00026979,0.0002706,0.00025843,0.00026721,4793578393.0
2024-03-14 20:00:00,0.00026721,0.00028333,0.00026663,0.00027751,4822788727.0
2024-03-14 21:00:00,0.00027751,0.00028071,0.00027471,0.00027841,3218345022.0
2024-03-14 22:00:00,0.00027841,0.00028039,0.00027606,0.00027882,1740586390.0
2024-03-14 23:00:00,0.00027882,0.00028154,0.0002775,0.0002781,1855882098.0
2024-03-15 00:00:00,0.0002781,0.00028793,0.00027656,0.00028363,4492616752.0
2024-03-15 01:00:00,0.00028363,0.0002865,0.00027618,0.0002779,4411254447.0
2024-03-15 02:00:00,0.0002779,0.00027831,0.00026287,0.00026978,5162750909.0
2024-03-15 03:00:00,0.00026978,0.00027541,0.00025486,0.00026927,5758617027.0
2024-03-15 04:00:00,0.00026927,0.0002698,0.00026017,0.00026159,3112437927.0
2024-03-15 05:00:00,0.00026159,0.00027093,0.00026122,0.00026275,2257511199.0
2024-03-15 06:00:00,0.00026275,0.00027038,0.00026175,0.00026751,1827992096.0
2024-03-15 07:00:00,0.00026751,0.00026901,0.00026322,0.00026626,1300244720.0
2024-03-15 08:00:00,0.00026626,0.00026628,0.00023674,0.00024212,9760771684.0
2024-03-15 09:00:00,0.00024212,0.0002551,0.00022648,0.00025327,11021424405.0
2024-03-15 10:00:00,0.00025327,0.00025545,0.00024577,0.00024653,4398386921.0
2024-03-15 11:00:00,0.00024653,0.00025036,0.00024166,0.00024857,2307471704.0
2024-03-15 12:00:00,0.00024857,0.00025595,0.00024717,0.00025226,2337207375.0
2024-03-15 13:00:00,0.00025226,0.00026176,0.00024838,0.00026149,2892520570.0
2024-03-15 14:00:00,0.00026149,0.00026186,0.00025446,0.00025964,1611983700.0
2024-03-15 15:00:00,0.00025964,0.00026112,0.00025105,0.00025121,1779955659.0
2024-03-15 16:00:00,0.00025121,0.00025409,0.00024723,0.00024847,1361764656.0
2024-03-15 17:00:00,0.00024847,0.00025195,0.00024609,0.0002511,831433815.0
2024-03-15 18:00:00,0.0002511,0.0002614,0.00025096,0.00026073,3802541730.0
2024-03-15 19:00:00,0.00026073,0.00026415,0.0002507,0.00025279,3741707468.0
2024-03-15 20:00:00,0.00025279,0.00025395,0.00024733,0.00024908,1828715214.0
2024-03-15 21:00:00,0.00024908,0.00025208,0.00024886,0.00025168,1979722659.0
2024-03-15 22:00:00,0.00025168,0.00025533,0.0002484,0.00025515,2375139384.0
2024-03-15 23:00:00,0.00025515,0.00027288,0.00025289,0.0002668,12278165689.0
2024-03-16 00:00:00,0.0002668,0.00027141,0.00026189,0.00026238,2234897780.0
2024-03-16 01:00:00,0.00026238,0.00026641,0.0002606,0.000264,1277000238.0
2024-03-16 02:00:00,0.000264,0.0002644,0.00025764,0.00025951,1419741788.0
2024-03-16 03:00:00,0.00025951,0.00026024,0.00025545,0.00025545,1409918861.0
2024-03-16 04:00:00,0.00025545,0.00025592,0.00024954,0.00024986,2909732695.0
2024-03-16 05:00:00,0.00024986,0.00024997,0.0002385,0.00024118,6825220728.0
2024-03-16 06:00:00,0.00024118,0.00024341,0.00023891,0.00024339,1358333146.0
2024-03-16 07:00:00,0.00024339,0.00024347,0.00023773,0.00024215,3043467485.0
2024-03-16 08:00:00,0.00024215,0.00024353,0.00023857,0.00024215,1230631501.0
2024-03-16 09:00:00,0.00024215,0.00024263,0.00023893,0.00023896,1158517069.0
2024-03-16 10:00:00,0.00023896,0.00023969,0.00023167,0.00023234,3436012227.0
2024-03-16 11:00:00,0.00023234,0.00023527,0.00023101,0.00023217,1881273710.0
2024-03-16 12:00:00,0.00023217,0.00023251,0.00022279,0.00022425,5303358914.0
2024-03-16 13:00:00,0.00022425,0.00022925,0.00021772,0.00021977,8205461002.0
2024-03-16 14:00:00,0.00021977,0.00022603,0.00021667,0.00022255,4530198140.0
2024-03-16 15:00:00,0.00022255,0.00022656,0.00021768,0.00022553,3340442045.0
2024-03-16 16:00:00,0.00022553,0.00022688,0.00021863,0.00021996,2326165726.0
2024-03-16 17:00:00,0.00021996,0.00022126,0.00021087,0.00021171,5045321492.0
2024-03-16 18:00:00,0.00021171,0.00021526,0.0002047,0.00021044,6380733214.0
2024-03-16 19:00:00,0.00021044,0.00022052,0.00021044,0.00021227,4980737477.0
2024-03-16 20:00:00,0.00021227,0.00021714,0.00021032,0.00021355,1922269284.0
2024-03-16 21:00:00,0.00021355,0.00021435,0.00020717,0.00021192,2337373567.0
2024-03-16 22:00:00,0.00021192,0.00021653,0.00020937,0.00021173,2645168398.0
2024-03-16 23:00:00,0.00021173,0.00021496,0.00020344,0.00021406,3259227538.0
2024-03-17 00:00:00,0.00021406,0.00021926,0.0002073,0.0002076,6051346531.0
2024-03-17 01:00:00,0.0002076,0.00021524,0.00020667,0.00021514,2403194503.0
2024-03-17 02:00:00,0.00021514,0.00022037,0.00021389,0.00021753,2753071263.0
2024-03-17 03:00:00,0.00021753,0.00022321,0.00021575,0.00021955,2258759851.0
2024-03-17 04:00:00,0.00021955,0.00022059,0.00021593,0.00021749,2117561408.0
2024-03-17 05:00:00,0.00021749,0.00022158,0.00021419,0.00021739,1221444306.0
2024-03-17 06:00:00,0.00021739,0.00022023,0.00020999,0.00021002,1842875299.0
2024-03-17 07:00:00,0.00021002,0.00021135,0.00020216,0.00020747,3728446934.0
2024-03-17 08:00:00,0.00020747,0.00021573,0.00020599,0.00021506,1630473280.0
2024-03-17 09:00:00,0.00021506,0.00021939,0.00021174,0.00021671,2826116393.0
2024-03-17 10:00:00,0.00021671,0.00022361,0.00021671,0.00022346,2949015243.0
2024-03-17 11:00:00,0.00022346,0.00023779,0.00022196,0.00022267,9565081484.0
2024-03-17 12:00:00,0.00022267,0.00022654,0.00021634,0.00021774,3173416364.0
2024-03-17 13:00:00,0.00021774,0.00022899,0.00021774,0.00022783,3239453362.0
2024-03-17 14:00:00,0.00022783,0.00022783,0.00021924,0.00022327,3168140097.0
2024-03-17 15:00:00,0.00022327,0.00023297,0.00022016,0.00022874,1656402919.0
2024-03-17 16:00:00,0.00022874,0.00023168,0.00022243,0.00022359,3972709917.0
2024-03-17 17:00:00,0.00022359,0.0002342,0.00022286,0.00023305,4299186046.0
2024-03-17 18:00:00,0.00023305,0.00023477,0.00022676,0.00022768,5844798580.0
2024-03-17 19:00:00,0.00022768,0.00023027,0.00022631,0.00023006,1882071443.0
2024-03-17 20:00:00,0.00023006,0.00023035,0.0002238,0.00022436,1371967885.0
2024-03-17 21:00:00,0.00022436,0.00022596,0.00022349,0.00022577,1140680932.0
2024-03-17 22:00:00,0.00022577,0.0002298,0.00022323,0.00022363,1391651765.0
2024-03-17 23:00:00,0.00022363,0.00022462,0.00022038,0.00022333,2702595813.0
2024-03-18 00:00:00,0.00022333,0.00022333,0.00021601,0.00021601,2631932792.0
2024-03-18 01:00:00,0.00021601,0.00021905,0.00021224,0.00021844,3408760303.0
2024-03-18 02:00:00,0.00021844,0.00022139,0.00021808,0.00021836,578384226.0
2024-03-18 03:00:00,0.00021836,0.00021876,0.0002141,0.00021577,1493687007.0
2024-03-18 04:00:00,0.00021577,0.00021942,0.00021298,0.00021827,1166364324.0
2024-03-18 05:00:00,0.00021827,0.00022312,0.00021742,0.00022153,1499922570.0
2024-03-18 06:00:00,0.00022153,0.00022153,0.00021593,0.00021636,900681810.0
2024-03-18 07:00:00,0.00021636,0.00021636,0.00021196,0.0002123,1367096081.0
2024-03-18 08:00:00,0.0002123,0.00021234,0.000207,0.00020966,2727514934.0
2024-03-18 09:00:00,0.00020966,0.00020979,0.00020422,0.00020521,2367669205.0
2024-03-18 10:00:00,0.00020521,0.00020842,0.00020424,0.00020736,3173940956.0
2024-03-18 11:00:00,0.00020736,0.00020987,0.00020544,0.00020643,3432005946.0
2024-03-18 12:00:00,0.00020643,0.00020718,0.00020423,0.00020658,2044262232.0
2024-03-18 13:00:00,0.00020658,0.00020696,0.0001972,0.00019821,7827790389.0
2024-03-18 14:00:00,0.00019821,0.0002007,0.00019243,0.00019423,4580174489.0
2024-03-18 15:00:00,0.00019423,0.00019563,0.00018942,0.00019222,2972857021.0
2024-03-18 16:00:00,0.00019222,0.00019487,0.00018487,0.00018569,7223315498.0
2024-03-18 17:00:00,0.00018569,0.00018985,0.00018291,0.0001882,3915401057.0
2024-03-18 18:00:00,0.0001882,0.00018859,0.00018455,0.00018455,1592903623.0
2024-03-18 19:00:00,0.00018455,0.00018898,0.00018319,0.00018495,2236321547.0
2024-03-18 20:00:00,0.00018495,0.0001889,0.00018478,0.00018654,1488173644.0
2024-03-18 21:00:00,0.00018654,0.00019147,0.00018636,0.0001887,1713348226.0
2024-03-18 22:00:00,0.0001887,0.00018984,0.00018539,0.00018893,2392427872.0
2024-03-18 23:00:00,0.00018893,0.00019535,0.00018838,0.00019272,4845377970.0
2024-03-19 00:00:00,0.00019272,0.00019473,0.00018463,0.00018686,2695626343.0
2024-03-19 01:00:00,0.00018686,0.00018845,0.00018024,0.00018157,3170307491.0
2024-03-19 02:00:00,0.00018157,0.00018938,0.00018157,0.00018374,2799840217.0
2024-03-19 03:00:00,0.00018374,0.00018666,0.00017916,0.00018488,1842494125.0
2024-03-19 04:00:00,0.00018488,0.00018891,0.00017698,0.00017712,3038217504.0
2024-03-19 05:00:00,0.00017712,0.00018021,0.000175,0.0001772,3876469836.0
2024-03-19 06:00:00,0.0001772,0.00017765,0.00016891,0.00017054,5035561200.0
2024-03-19 07:00:00,0.00017054,0.00017311,0.0001619,0.00017307,5987574561.0
2024-03-19 08:00:00,0.00017307,0.00017313,0.00016321,0.0001642,5295792812.0
2024-03-19 09:00:00,0.0001642,0.000173,0.00016106,0.00017276,9381562531.0
2024-03-19 10:00:00,0.00017276,0.00017276,0.00016545,0.00016986,4420920596.0
2024-03-19 11:00:00,0.00016986,0.00017611,0.00016624,0.00017578,3150096102.0
2024-03-19 12:00:00,0.00017578,0.00018116,0.00017404,0.00017811,5466891896.0
2024-03-19 13:00:00,0.00017811,0.00017928,0.00017557,0.00017877,3662339657.0
2024-03-19 14:00:00,0.00017877,0.00018189,0.00017387,0.00017959,4389831706.0
2024-03-19 15:00:00,0.00017959,0.00018658,0.00017829,0.00018541,4611911212.0
2024-03-19 16:00:00,0.00018541,0.00019831,0.00018503,0.00019278,13882895184.0
2024-03-19 17:00:00,0.00019278,0.00019599,0.00018829,0.00018944,3860192816.0
2024-03-19 18:00:00,0.00018944,0.00018988,0.00018619,0.00018836,2436078092.0
2024-03-19 19:00:00,0.00018836,0.00019211,0.00018707,0.00018808,1530600548.0
2024-03-19 20:00:00,0.00018808,0.00018889,0.00018215,0.00018444,4545147885.0
2024-03-19 21:00:00,0.00018444,0.00018522,0.00018071,0.00018345,1553042616.0
2024-03-19 22:00:00,0.00018345,0.00018405,0.00017564,0.0001773,2334272268.0
2024-03-19 23:00:00,0.0001773,0.00017819,0.00017274,0.0001772,3379792679.0
2024-03-20 00:00:00,0.0001772,0.00018211,0.00017617,0.00018165,2106840412.0
2024-03-20 01:00:00,0.00018165,0.00018173,0.00017324,0.00017399,4425782086.0
2024-03-20 02:00:00,0.00017399,0.00018265,0.0001732,0.00018222,851423899.0
2024-03-20 03:00:00,0.00018222,0.00018788,0.00018042,0.0001814,2777293687.0
2024-03-20 04:00:00,0.0001814,0.0001847,0.00017408,0.00017681,2673547198.0
2024-03-20 05:00:00,0.00017681,0.00017737,0.00016991,0.00017267,1523099669.0
2024-03-20 06:00:00,0.00017267,0.00018061,0.00017249,0.00017943,1858764832.0
2024-03-20 07:00:00,0.00017943,0.000184,0.00017865,0.00018269,2678001302.0
2024-03-20 08:00:00,0.00018269,0.00018538,0.00017814,0.00017814,1234549366.0
2024-03-20 09:00:00,0.00017814,0.00018098,0.00017755,0.00017913,816506744.0
2024-03-20 10:00:00,0.00017913,0.00018064,0.00017683,0.00017761,907603334.0
2024-03-20 11:00:00,0.00017761,0.00018537,0.00017695,0.00018229,2508765005.0
2024-03-20 12:00:00,0.00018229,0.00018685,0.00018038,0.00018432,4124090468.0
2024-03-20 13:00:00,0.00018432,0.00018432,0.00017936,0.00018025,931796891.0
2024-03-20 14:00:00,0.00018025,0.000186,0.00017928,0.00018504,1363025454.0
2024-03-20 15:00:00,0.00018504,0.0001861,0.00017934,0.0001802,2109031631.0
2024-03-20 16:00:00,0.0001802,0.00018156,0.00017243,0.00017842,4146889426.0
2024-03-20 17:00:00,0.00017842,0.000193,0.00017717,0.00019066,6061449988.0
2024-03-20 18:00:00,0.00019066,0.00020866,0.00019066,0.00020794,4638884312.0
2024-03-20 19:00:00,0.00020794,0.00023362,0.00020369,0.000227,22230466812.0
2024-03-20 20:00:00,0.000227,0.00023773,0.00022272,0.00023003,22111679173.0
2024-03-20 21:00:00,0.00023003,0.00023306,0.00022751,0.00023132,6417952258.0
2024-03-20 22:00:00,0.00023132,0.00023498,0.00022757,0.00023122,4474372290.0
2024-03-20 23:00:00,0.00023122,0.00023675,0.00022942,0.0002328,4794160267.0
2024-03-21 00:00:00,0.0002328,0.00024435,0.00022975,0.00023831,8439809393.0
2024-03-21 01:00:00,0.00023831,0.00024638,0.00023717,0.00024637,7095355457.0
2024-03-21 02:00:00,0.00024637,0.00025453,0.00024208,0.00024441,8403258220.0
2024-03-21 03:00:00,0.00024441,0.00025787,0.00024435,0.00024714,10997778125.0
2024-03-21 04:00:00,0.00024714,0.00025239,0.0002432,0.00024973,5866317886.0
2024-03-21 05:00:00,0.00024973,0.0002516,0.00023875,0.0002501,7867987845.0
2024-03-21 06:00:00,0.0002501,0.00025179,0.00024222,0.00024536,3585560177.0
2024-03-21 07:00:00,0.00024536,0.0002498,0.00024245,0.00024478,2624505033.0
2024-03-21 08:00:00,0.00024478,0.00025223,0.00024478,0.0002483,4477021112.0
2024-03-21 09:00:00,0.0002483,0.00025157,0.00024408,0.00024937,3833702555.0
2024-03-21 10:00:00,0.00024937,0.00024954,0.00024385,0.00024558,3920270805.0
2024-03-21 11:00:00,0.00024558,0.0002467,0.0002324,0.00023797,6609236290.0
2024-03-21 12:00:00,0.00023797,0.00023876,0.00022667,0.00022703,8563107932.0
2024-03-21 13:00:00,0.00022703,0.00023286,0.0002269,0.00022951,4941826013.0
2024-03-21 14:00:00,0.00022951,0.00023282,0.00022556,0.00022781,2044487063.0
2024-03-21 15:00:00,0.00022781,0.00022857,0.00022097,0.00022602,3485668876.0
2024-03-21 16:00:00,0.00022602,0.000228,0.00022179,0.00022547,3464311701.0
2024-03-21 17:00:00,0.00022547,0.00022773,0.00021295,0.00021385,9944988273.0
2024-03-21 18:00:00,0.00021385,0.00021452,0.00020602,0.00020799,5701561152.0
2024-03-21 19:00:00,0.00020799,0.00021862,0.00020799,0.00021531,6247459777.0
2024-03-21 20:00:00,0.00021531,0.00021829,0.00021106,0.0002162,4541483052.0
2024-03-21 21:00:00,0.0002162,0.00021633,0.00021257,0.00021571,2471471890.0
2024-03-21 22:00:00,0.00021571,0.00021679,0.00021338,0.00021514,1326831375.0
2024-03-21 23:00:00,0.00021514,0.0002154,0.00021221,0.00021423,889486337.0
2024-03-22 00:00:00,0.00021423,0.00021652,0.00021052,0.00021318,3205512362.0
2024-03-22 01:00:00,0.00021318,0.00021617,0.00021051,0.00021062,1293580499.0
2024-03-22 02:00:00,0.00021062,0.00021211,0.0002085,0.00021109,2410998610.0
2024-03-22 03:00:00,0.00021109,0.00021861,0.00021109,0.00021763,3246933027.0
2024-03-22 04:00:00,0.00021763,0.00022031,0.00021356,0.00021873,1532453293.0
2024-03-22 05:00:00,0.00021873,0.0002375,0.00021729,0.00023721,5945796055.0
2024-03-22 06:00:00,0.00023721,0.00024915,0.00023138,0.00024292,11464641034.0
2024-03-22 07:00:00,0.00024292,0.00024342,0.00023062,0.00023356,2632279805.0
2024-03-22 08:00:00,0.00023356,0.00023768,0.00023114,0.00023288,3159013406.0
2024-03-22 09:00:00,0.00023288,0.0002339,0.00022687,0.00022915,3178871728.0
2024-03-22 10:00:00,0.00022915,0.0002324,0.00022441,0.00022487,3481779127.0
2024-03-22 11:00:00,0.00022487,0.00022663,0.00022047,0.00022159,2232744193.0
2024-03-22 12:00:00,0.00022159,0.00022397,0.00021589,0.00021736,4964193684.0
2024-03-22 13:00:00,0.00021736,0.00021914,0.00021088,0.00021216,5722255028.0
2024-03-22 14:00:00,0.00021216,0.00021822,0.00021113,0.00021714,2927461962.0
2024-03-22 15:00:00,0.00021714,0.00024276,0.00021659,0.00022974,20458722031.0
2024-03-22 16:00:00,0.00022974,0.00024017,0.00022454,0.00023584,11184642384.0
2024-03-22 17:00:00,0.00023584,0.00023771,0.00023017,0.00023092,5254505887.0
2024-03-22 18:00:00,0.00023092,0.00023403,0.00022609,0.00022708,3338541496.0
2024-03-22 19:00:00,0.00022708,0.00023098,0.00022554,0.00022865,2000912171.0
2024-03-22 20:00:00,0.00022865,0.00022962,0.00022411,0.00022452,1352032543.0
2024-03-22 21:00:00,0.00022452,0.00022471,0.00021964,0.00022274,3277443823.0
2024-03-22 22:00:00,0.00022274,0.00022626,0.0002183,0.00022518,3230444438.0
2024-03-22 23:00:00,0.00022518,0.00022868,0.0002227,0.00022655,3195260653.0
2024-03-23 00:00:00,0.00022655,0.00022774,0.00022355,0.00022442,1580386758.0
2024-03-23 01:00:00,0.00022442,0.0002382,0.00022442,0.00023464,9055617010.0
2024-03-23 02:00:00,0.00023464,0.00023984,0.00022843,0.00023101,8886269135.0
2024-03-23 03:00:00,0.00023101,0.00023101,0.00022577,0.00022776,4164546240.0
2024-03-23 04:00:00,0.00022776,0.00023054,0.00022689,0.00022795,2495811165.0
2024-03-23 05:00:00,0.00022795,0.00023492,0.0002266,0.00023206,3386898572.0
2024-03-23 06:00:00,0.00023206,0.00023418,0.00022753,0.00023163,2487214231.0
2024-03-23 07:00:00,0.00023163,0.00023736,0.00023009,0.00023656,3105825770.0
2024-03-23 08:00:00,0.00023656,0.00023877,0.0002322,0.00023805,2865199673.0
2024-03-23 09:00:00,0.00023805,0.00024005,0.0002335,0.00023485,4613116636.0
2024-03-23 10:00:00,0.00023485,0.00023744,0.00023021,0.00023116,3415928222.0
2024-03-23 11:00:00,0.00023116,0.00023349,0.00023092,0.00023208,1857726878.0
2024-03-23 12:00:00,0.00023208,0.0002419,0.00023113,0.00024082,12298989218.0
2024-03-23 13:00:00,0.00024082,0.00024086,0.00023235,0.00023577,2464727884.0
2024-03-23 14:00:00,0.00023577,0.00023842,0.0002327,0.00023722,3020620160.0
2024-03-23 15:00:00,0.00023722,0.0002375,0.00023257,0.00023505,2874408346.0
2024-03-23 16:00:00,0.00023505,0.00024471,0.00023282,0.00024001,5148024194.0
2024-03-23 17:00:00,0.00024001,0.00024464,0.00023753,0.00024378,3395424879.0
2024-03-23 18:00:00,0.00024378,0.00024514,0.00023971,0.0002412,2207961849.0
2024-03-23 19:00:00,0.0002412,0.0002484,0.00023999,0.00024264,6487925360.0
2024-03-23 20:00:00,0.00024264,0.00024435,0.00023994,0.00024078,1874307347.0
2024-03-23 21:00:00,0.00024078,0.00024157,0.00023632,0.00023663,1543252755.0
2024-03-23 22:00:00,0.00023663,0.00023738,0.00023248,0.00023293,1876692630.0
2024-03-23 23:00:00,0.00023293,0.000233,0.00022799,0.00022846,2545310827.0
2024-03-24 00:00:00,0.00022846,0.00023213,0.00022797,0.00023157,1612956381.0
2024-03-24 01:00:00,0.00023157,0.00023172,0.00022843,0.00022935,1054999961.0
2024-03-24 02:00:00,0.00022935,0.00023089,0.0002282,0.0002299,3166330800.0
2024-03-24 03:00:00,0.0002299,0.0002299,0.00022433,0.00022483,3391470238.0
2024-03-24 04:00:00,0.00022483,0.00022625,0.00022273,0.00022558,1344437664.0
2024-03-24 05:00:00,0.00022558,0.00022742,0.00022411,0.00022657,1451461055.0
2024-03-24 06:00:00,0.00022657,0.00022878,0.00022529,0.00022615,1177321889.0
2024-03-24 07:00:00,0.00022615,0.00022795,0.00022455,0.00022795,1951314603.0
2024-03-24 08:00:00,0.00022795,0.00023474,0.00022682,0.00023444,3578127685.0
2024-03-24 09:00:00,0.00023444,0.0002347,0.00022996,0.00023095,2780843123.0
2024-03-24 10:00:00,0.00023095,0.00023206,0.00022987,0.00023048,1254492710.0
2024-03-24 11:00:00,0.00023048,0.0002339,0.00022944,0.00023233,2274618507.0
2024-03-24 12:00:00,0.00023233,0.00023482,0.00023115,0.00023293,1305356751.0
2024-03-24 13:00:00,0.00023293,0.000234,0.00023056,0.00023098,922111059.0
2024-03-24 14:00:00,0.00023098,0.00023431,0.00023094,0.00023286,1122646159.0
2024-03-24 15:00:00,0.00023286,0.00023295,0.00023052,0.00023152,579019446.0
2024-03-24 16:00:00,0.00023152,0.00023385,0.0002287,0.00022895,1079962453.0
2024-03-24 17:00:00,0.00022895,0.00022975,0.00022582,0.00022853,1916893568.0
2024-03-24 18:00:00,0.00022853,0.00023171,0.00022853,0.00023163,593903120.0
2024-03-24 19:00:00,0.00023163,0.00023399,0.00023137,0.00023333,968720798.0
2024-03-24 20:00:00,0.00023333,0.00024456,0.00023175,0.00024148,4851750854.0
2024-03-24 21:00:00,0.00024148,0.00024283,0.00023629,0.00024039,3173270713.0
2024-03-24 22:00:00,0.00024039,0.00024231,0.0002385,0.00023873,1199017324.0
2024-03-24 23:00:00,0.00023873,0.00024383,0.00023862,0.00023987,3175747159.0
2024-03-25 00:00:00,0.00023987,0.00024082,0.00023001,0.00023216,4729886787.0
2024-03-25 01:00:00,0.00023216,0.00023512,0.00023157,0.00023324,1015518783.0
2024-03-25 02:00:00,0.00023324,0.00023426,0.00023211,0.00023301,823066242.0
2024-03-25 03:00:00,0.00023301,0.00023417,0.00023212,0.00023273,658561545.0
2024-03-25 04:00:00,0.00023273,0.00023354,0.00023076,0.00023352,937134871.0
2024-03-25 05:00:00,0.00023352,0.00024,0.00023219,0.00023725,2527412250.0
2024-03-25 06:00:00,0.00023725,0.00023812,0.00023238,0.00023266,1692638385.0
2024-03-25 07:00:00,0.00023266,0.00023338,0.00022904,0.00022927,2218636314.0
2024-03-25 08:00:00,0.00022927,0.00023134,0.00022893,0.00023012,1253346308.0
2024-03-25 09:00:00,0.00023012,0.0002323,0.00022933,0.0002323,903896645.0
2024-03-25 10:00:00,0.0002323,0.0002337,0.00023123,0.00023245,1639106214.0
2024-03-25 11:00:00,0.00023245,0.00023268,0.00022813,0.00022875,2238490004.0
2024-03-25 12:00:00,0.00022875,0.0002323,0.00022763,0.00023129,3174453600.0
2024-03-25 13:00:00,0.00023129,0.00023396,0.0002286,0.00023346,2554657259.0
2024-03-25 14:00:00,0.00023346,0.00025105,0.00023144,0.00025017,15973340852.0
2024-03-25 15:00:00,0.00025017,0.00026643,0.00024939,0.00025467,20721060812.0
2024-03-25 16:00:00,0.00025467,0.00025736,0.00024981,0.00025613,7568428686.0
2024-03-25 17:00:00,0.00025613,0.00025998,0.00025428,0.00025559,3013492487.0
2024-03-25 18:00:00,0.00025559,0.00025607,0.00025183,0.00025298,1291632262.0
2024-03-25 19:00:00,0.00025298,0.00025332,0.00024842,0.00025205,2563012531.0
2024-03-25 20:00:00,0.00025205,0.00025274,0.00025,0.00025105,1282969663.0
2024-03-25 21:00:00,0.00025105,0.00025105,0.00024241,0.00024493,5105731154.0
2024-03-25 22:00:00,0.00024493,0.00024787,0.00024449,0.00024508,1200365982.0
2024-03-25 23:00:00,0.00024508,0.00024629,0.00024007,0.00024122,3046546975.0
2024-03-26 00:00:00,0.00024122,0.00024464,0.00024024,0.00024243,1100071714.0
2024-03-26 01:00:00,0.00024243,0.00024545,0.00024125,0.00024312,746165970.0
2024-03-26 02:00:00,0.00024312,0.00024428,0.00024082,0.00024415,2052584386.0
2024-03-26 03:00:00,0.00024415,0.00024431,0.00024242,0.00024359,1069960419.0
2024-03-26 04:00:00,0.00024359,0.00024743,0.0002432,0.0002462,1697261465.0
2024-03-26 05:00:00,0.0002462,0.00024733,0.00024397,0.0002463,1641816465.0
2024-03-26 06:00:00,0.0002463,0.00025158,0.00024481,0.00025087,1876154198.0
2024-03-26 07:00:00,0.00025087,0.00025376,0.00024533,0.00024604,3288304467.0
2024-03-26 08:00:00,0.00024604,0.00025092,0.00024435,0.00024841,1738045380.0
2024-03-26 09:00:00,0.00024841,0.00025399,0.00024687,0.00025128,2558123196.0
2024-03-26 10:00:00,0.00025128,0.00025275,0.00024856,0.00025056,1319859314.0
2024-03-26 11:00:00,0.00025056,0.00025321,0.00024912,0.00025147,2183169929.0
2024-03-26 12:00:00,0.00025147,0.00025296,0.00024758,0.00025221,1739389488.0
2024-03-26 13:00:00,0.00025221,0.00025411,0.00024443,0.00024623,2882800402.0
2024-03-26 14:00:00,0.00024623,0.00024802,0.00023154,0.00024242,8959174305.0
2024-03-26 15:00:00,0.00024242,0.00024314,0.0002366,0.00024169,3175614474.0
2024-03-26 16:00:00,0.00024169,0.00024417,0.00023395,0.00023638,2127345614.0
2024-03-26 17:00:00,0.00023638,0.00024087,0.00023535,0.00023926,1630700888.0
2024-03-26 18:00:00,0.00023926,0.00024221,0.00023877,0.00023979,4781919973.0
2024-03-26 19:00:00,0.00023979,0.00024125,0.00023828,0.00023935,1373829699.0
2024-03-26 20:00:00,0.00023935,0.00024128,0.00023901,0.00024044,289444776.0
2024-03-26 21:00:00,0.00024044,0.00024375,0.00023998,0.00024318,779426806.0
2024-03-26 22:00:00,0.00024318,0.00024399,0.00023861,0.00024383,1481037833.0
2024-03-26 23:00:00,0.00024383,0.00024386,0.00024108,0.00024116,441447222.0
2024-03-27 00:00:00,0.00024116,0.00024713,0.00023988,0.00024455,2127902362.0
2024-03-27 01:00:00,0.00024455,0.00024674,0.00024217,0.0002425,623378029.0
2024-03-27 02:00:00,0.0002425,0.00024321,0.00024082,0.00024227,477900374.0
2024-03-27 03:00:00,0.00024227,0.00024231,0.00023904,0.00024036,1027263790.0
2024-03-27 04:00:00,0.00024036,0.00024205,0.00023779,0.00023864,942417533.0
2024-03-27 05:00:00,0.00023864,0.00024134,0.00023812,0.00024124,919407525.0
2024-03-27 06:00:00,0.00024124,0.00024124,0.00023833,0.00023939,675848277.0
2024-03-27 07:00:00,0.00023939,0.00023991,0.00023223,0.0002327,1778469496.0
2024-03-27 08:00:00,0.0002327,0.00023443,0.00023024,0.00023046,1911335576.0
2024-03-27 09:00:00,0.00023046,0.00023349,0.000228,0.00023338,3738156514.0
2024-03-27 10:00:00,0.00023338,0.00023347,0.00023021,0.00023141,682914816.0
2024-03-27 11:00:00,0.00023141,0.00023355,0.00023041,0.00023329,1092145599.0
2024-03-27 12:00:00,0.00023329,0.00023415,0.00023084,0.00023207,1107455546.0
2024-03-27 13:00:00,0.00023207,0.00023891,0.00022948,0.00023028,4690305934.0
2024-03-27 14:00:00,0.00023028,0.00023203,0.00022235,0.00023016,4449317422.0
2024-03-27 15:00:00,0.00023016,0.00023016,0.00022494,0.00022523,1355318696.0
2024-03-27 16:00:00,0.00022523,0.00022779,0.00022364,0.00022677,835285532.0
2024-03-27 17:00:00,0.00022677,0.00022863,0.00022609,0.00022726,765388696.0
2024-03-27 18:00:00,0.00022726,0.00022786,0.00022348,0.00022363,504682888.0
2024-03-27 19:00:00,0.00022363,0.0002266,0.00022363,0.00022565,513997168.0
2024-03-27 20:00:00,0.00022565,0.00022772,0.0002253,0.00022565,517372037.0
2024-03-27 21:00:00,0.00022565,0.00022663,0.00022404,0.00022423,677949061.0
2024-03-27 22:00:00,0.00022423,0.00022711,0.000224,0.00022706,488284806.0
2024-03-27 23:00:00,0.00022706,0.00022734,0.0002238,0.00022522,688206876.0
2024-03-28 00:00:00,0.00022522,0.00022988,0.00022405,0.00022902,714214248.0
2024-03-28 01:00:00,0.00022902,0.00023141,0.00022562,0.00022606,1848269135.0
2024-03-28 02:00:00,0.00022606,0.0002286,0.00021883,0.00022001,6130794705.0
2024-03-28 03:00:00,0.00022001,0.00022068,0.00021625,0.00021917,1942640174.0
2024-03-28 04:00:00,0.00021917,0.00022325,0.00021917,0.00022246,812459669.0
2024-03-28 05:00:00,0.00022246,0.00022442,0.00022234,0.00022366,1091695856.0
2024-03-28 06:00:00,0.00022366,0.00022878,0.00022286,0.0002275,1694048562.0
2024-03-28 07:00:00,0.0002275,0.0002316,0.00022621,0.00023091,1581292823.0
2024-03-28 08:00:00,0.00023091,0.0002312,0.00022823,0.00022874,980306389.0
2024-03-28 09:00:00,0.00022874,0.00023109,0.00022637,0.0002271,1259929649.0
2024-03-28 10:00:00,0.0002271,0.00024131,0.00022543,0.00023851,8922676067.0
2024-03-28 11:00:00,0.00023851,0.00024784,0.00023474,0.00024461,15423630512.0
2024-03-28 12:00:00,0.00024461,0.00026391,0.0002436,0.00025194,22291710796.0
2024-03-28 13:00:00,0.00025194,0.00025488,0.00024248,0.00025185,9507340950.0
2024-03-28 14:00:00,0.00025185,0.00026056,0.00024909,0.00025326,11607992134.0
2024-03-28 15:00:00,0.00025326,0.00025839,0.00025026,0.00025256,4865208721.0
2024-03-28 16:00:00,0.00025256,0.000268,0.00025256,0.00026379,13103817969.0
2024-03-28 17:00:00,0.00026379,0.00026659,0.00026017,0.00026358,4210871259.0
2024-03-28 18:00:00,0.00026358,0.00026584,0.00025963,0.00026147,2965497127.0
2024-03-28 19:00:00,0.00026147,0.00026642,0.00026062,0.0002644,2328164278.0
2024-03-28 20:00:00,0.0002644,0.00026486,0.00025321,0.00025374,5662344199.0
2024-03-28 21:00:00,0.00025374,0.00026035,0.00025371,0.00025636,2806915368.0
2024-03-28 22:00:00,0.00025636,0.00025743,0.00025422,0.00025549,1228066680.0
2024-03-28 23:00:00,0.00025549,0.00025549,0.00025172,0.0002525,1898666927.0
2024-03-29 00:00:00,0.0002525,0.00025555,0.00024783,0.0002505,3002030426.0
2024-03-29 01:00:00,0.0002505,0.00025471,0.00024909,0.00025164,1496569842.0
2024-03-29 02:00:00,0.00025164,0.00025174,0.00024648,0.00025151,3974241357.0
2024-03-29 03:00:00,0.00025151,0.00025465,0.00024912,0.00025115,4889969453.0
2024-03-29 04:00:00,0.00025115,0.00025421,0.00024422,0.00024577,2385551138.0
2024-03-29 05:00:00,0.00024577,0.00024804,0.00024431,0.00024457,1321284219.0
2024-03-29 06:00:00,0.00024457,0.00024813,0.00024328,0.00024813,2575435309.0
2024-03-29 07:00:00,0.00024813,0.00024823,0.00024016,0.00024028,2492654754.0
2024-03-29 08:00:00,0.00024028,0.00024344,0.00024015,0.00024191,2910656523.0
2024-03-29 09:00:00,0.00024191,0.00024298,0.00023965,0.00024076,932504068.0
2024-03-29 10:00:00,0.00024076,0.00024256,0.0002393,0.00024248,803027485.0
2024-03-29 11:00:00,0.00024248,0.00024415,0.00024091,0.00024159,1253847999.0
2024-03-29 12:00:00,0.00024159,0.00024236,0.00024004,0.00024213,3233639337.0
2024-03-29 13:00:00,0.00024213,0.00024509,0.00024082,0.00024303,1394846912.0
2024-03-29 14:00:00,0.00024303,0.0002461,0.00024211,0.00024273,738429841.0
2024-03-29 15:00:00,0.00024273,0.00024365,0.0002355,0.00023857,2826431022.0
2024-03-29 16:00:00,0.00023857,0.00024363,0.00023857,0.00024283,1001281131.0
2024-03-29 17:00:00,0.00024283,0.00024661,0.00024232,0.00024456,1490696751.0
2024-03-29 18:00:00,0.00024456,0.00024481,0.00024108,0.00024197,893013681.0
2024-03-29 19:00:00,0.00024197,0.00024218,0.0002379,0.00024117,1787840407.0
2024-03-29 20:00:00,0.00024117,0.00024117,0.00023851,0.00024039,640844990.0
2024-03-29 21:00:00,0.00024039,0.00024039,0.00023664,0.00023898,583292431.0
2024-03-29 22:00:00,0.00023898,0.00024195,0.00023867,0.00024099,645131144.0
2024-03-29 23:00:00,0.00024099,0.00024131,0.00023994,0.00024064,209484834.0
2024-03-30 00:00:00,0.00024064,0.0002407,0.00023824,0.00023945,1355679502.0
2024-03-30 01:00:00,0.00023945,0.00024307,0.00023701,0.00023873,1928991508.0
2024-03-30 02:00:00,0.00023873,0.00023909,0.00023533,0.00023728,7794424812.0
2024-03-30 03:00:00,0.00023728,0.00023919,0.00023627,0.00023664,1276097550.0
2024-03-30 04:00:00,0.00023664,0.00024174,0.00023653,0.00024017,2636384201.0
2024-03-30 05:00:00,0.00024017,0.0002433,0.00023851,0.00024326,1392030260.0
2024-03-30 06:00:00,0.00024326,0.0002435,0.00023945,0.00024156,1986525272.0
2024-03-30 07:00:00,0.00024156,0.00024424,0.00023888,0.00024361,1899840111.0
2024-03-30 08:00:00,0.00024361,0.0002441,0.00023874,0.00024174,2560710573.0
2024-03-30 09:00:00,0.00024174,0.00024697,0.00024039,0.00024476,3109812492.0
2024-03-30 10:00:00,0.00024476,0.00024629,0.00024222,0.00024428,839409721.0
2024-03-30 11:00:00,0.00024428,0.00025026,0.00024409,0.0002498,1874459175.0
2024-03-30 12:00:00,0.0002498,0.00026017,0.0002482,0.00025231,13570176995.0
2024-03-30 13:00:00,0.00025231,0.00025446,0.00024746,0.00024881,3710252615.0
2024-03-30 14:00:00,0.00024881,0.000259,0.00024775,0.00025468,6118830700.0
2024-03-30 15:00:00,0.00025468,0.00025823,0.00025205,0.00025482,5443733591.0
2024-03-30 16:00:00,0.00025482,0.00025827,0.00025034,0.00025228,6456419180.0
2024-03-30 17:00:00,0.00025228,0.00025307,0.00024801,0.00024833,2328516247.0
2024-03-30 18:00:00,0.00024833,0.00024853,0.00024458,0.00024488,1406150023.0
2024-03-30 19:00:00,0.00024488,0.00024557,0.00024213,0.0002453,826846970.0
2024-03-30 20:00:00,0.0002453,0.00024722,0.00024446,0.00024648,411007131.0
2024-03-30 21:00:00,0.00024648,0.00024648,0.000242,0.00024379,1602154500.0
2024-03-30 22:00:00,0.00024379,0.00024382,0.00024119,0.00024197,1106727421.0
2024-03-30 23:00:00,0.00024197,0.00024416,0.00024064,0.00024343,1871863200.0
2024-03-31 00:00:00,0.00024343,0.00024815,0.00024202,0.00024653,2420066292.0
2024-03-31 01:00:00,0.00024653,0.00025595,0.000245,0.00025187,3387855194.0
2024-03-31 02:00:00,0.00025187,0.00025303,0.00024731,0.00024866,1459532192.0
2024-03-31 03:00:00,0.00024866,0.00024898,0.00024289,0.0002446,3351346245.0
2024-03-31 04:00:00,0.0002446,0.00024593,0.00024342,0.00024593,595822107.0
2024-03-31 05:00:00,0.00024593,0.00025135,0.00024548,0.00025135,1359752004.0
2024-03-31 06:00:00,0.00025135,0.00025318,0.00024668,0.0002503,4974287689.0
2024-03-31 07:00:00,0.0002503,0.00025643,0.00024941,0.0002533,3912530428.0
2024-03-31 08:00:00,0.0002533,0.00025893,0.00025283,0.00025683,6464009333.0
2024-03-31 09:00:00,0.00025683,0.00025794,0.00025265,0.00025265,3060210306.0
2024-03-31 10:00:00,0.00025265,0.0002532,0.00024838,0.00025054,3504469380.0
2024-03-31 11:00:00,0.00025054,0.00025292,0.00024949,0.00025046,3423462868.0
2024-03-31 12:00:00,0.00025046,0.00025403,0.00025007,0.00025349,641126497.0
2024-03-31 13:00:00,0.00025349,0.00025467,0.00025031,0.00025109,1466687884.0
2024-03-31 14:00:00,0.00025109,0.0002511,0.00024762,0.00024946,2103570696.0
2024-03-31 15:00:00,0.00024946,0.00025175,0.00024871,0.00024998,2453550282.0
2024-03-31 16:00:00,0.00024998,0.00025199,0.00024861,0.00024932,1772286283.0
2024-03-31 17:00:00,0.00024932,0.0002501,0.0002486,0.00024889,997894551.0
2024-03-31 18:00:00,0.00024889,0.00025237,0.0002479,0.00024978,2920452541.0
2024-03-31 19:00:00,0.00024978,0.00025171,0.00024711,0.00025015,1937442327.0
2024-03-31 20:00:00,0.00025015,0.00025074,0.0002477,0.0002484,968479176.0
2024-03-31 21:00:00,0.0002484,0.00024858,0.00024566,0.0002468,1299701278.0
2024-03-31 22:00:00,0.0002468,0.00024806,0.00024631,0.00024755,1216748181.0
2024-03-31 23:00:00,0.00024755,0.00024975,0.00024663,0.00024849,779948092.0
2024-04-01 00:00:00,0.00024849,0.00024873,0.00024304,0.00024522,6524057632.0
2024-04-01 01:00:00,0.00024522,0.00024535,0.00024242,0.0002434,972365790.0
2024-04-01 02:00:00,0.0002434,0.00024401,0.00024294,0.00024327,355014157.0
2024-04-01 03:00:00,0.00024327,0.0002438,0.00024227,0.00024326,384060188.0
2024-04-01 04:00:00,0.00024326,0.00024363,0.00024074,0.00024089,1420270338.0
2024-04-01 05:00:00,0.00024089,0.00024221,0.00021922,0.00022804,14567320326.0
2024-04-01 06:00:00,0.00022804,0.00023452,0.0002269,0.00023319,2628630628.0
2024-04-01 07:00:00,0.00023319,0.00023489,0.0002326,0.00023351,1003729623.0
2024-04-01 08:00:00,0.00023351,0.00023352,0.0002306,0.00023176,1010876102.0
2024-04-01 09:00:00,0.00023176,0.00023348,0.00023174,0.00023294,591523505.0
2024-04-01 10:00:00,0.00023294,0.00023445,0.000232,0.00023416,429623692.0
2024-04-01 11:00:00,0.00023416,0.00023603,0.00023312,0.00023379,1135831203.0
2024-04-01 12:00:00,0.00023379,0.00023957,0.00023326,0.00023957,1703884812.0
2024-04-01 13:00:00,0.00023957,0.00024089,0.00023637,0.00023813,1637366170.0
2024-04-01 14:00:00,0.00023813,0.0002396,0.00023047,0.00023223,2002492809.0
2024-04-01 15:00:00,0.00023223,0.00023429,0.00022689,0.00022742,2205034418.0
2024-04-01 16:00:00,0.00022742,0.00023048,0.00022621,0.00022885,957978421.0
2024-04-01 17:00:00,0.00022885,0.0002291,0.00022534,0.00022753,1029160458.0
2024-04-01 18:00:00,0.00022753,0.00023018,0.00022425,0.00022975,2715979152.0
2024-04-01 19:00:00,0.00022975,0.00023488,0.00022896,0.00023452,1472266105.0
2024-04-01 20:00:00,0.00023452,0.00023538,0.00023218,0.00023514,700220591.0
2024-04-01 21:00:00,0.00023514,0.00023514,0.00023276,0.00023357,277765267.0
2024-04-01 22:00:00,0.00023357,0.00023448,0.00023323,0.00023364,222471435.0
2024-04-01 23:00:00,0.00023364,0.0002346,0.00023336,0.00023346,342435743.0
2024-04-02 00:00:00,0.00023346,0.00023351,0.00023025,0.00023168,613025395.0
2024-04-02 01:00:00,0.00023168,0.0002335,0.00023012,0.00023162,203009917.0
2024-04-02 02:00:00,0.00023162,0.00023172,0.00021309,0.00021963,4242522842.0
2024-04-02 03:00:00,0.00021963,0.00022155,0.00021452,0.0002164,1178006199.0
2024-04-02 04:00:00,0.0002164,0.00021904,0.00021522,0.00021656,1019317505.0
2024-04-02 05:00:00,0.00021656,0.00021682,0.0002132,0.00021673,1030450988.0
2024-04-02 06:00:00,0.00021673,0.00021884,0.00021572,0.00021746,340823947.0
2024-04-02 07:00:00,0.00021746,0.00021746,0.000215,0.000215,401357092.0
2024-04-02 08:00:00,0.000215,0.00021555,0.00020705,0.000208,5461140979.0
2024-04-02 09:00:00,0.000208,0.00021156,0.00020546,0.00021067,2711274949.0
2024-04-02 10:00:00,0.00021067,0.00021067,0.00020614,0.00020826,554330173.0
2024-04-02 11:00:00,0.00020826,0.00021076,0.00020445,0.00021076,1488995995.0
2024-04-02 12:00:00,0.00021076,0.00021321,0.0002087,0.00020932,663838267.0
2024-04-02 13:00:00,0.00020932,0.0002106,0.00020548,0.00021008,4239955995.0
2024-04-02 14:00:00,0.00021008,0.00021311,0.00020849,0.00020995,2238583067.0
2024-04-02 15:00:00,0.00020995,0.00021242,0.00020537,0.00020596,1856565620.0
2024-04-02 16:00:00,0.00020596,0.00021057,0.00020506,0.00021013,909646139.0
2024-04-02 17:00:00,0.00021013,0.00021053,0.00020753,0.0002096,342173615.0
2024-04-02 18:00:00,0.0002096,0.00021162,0.00020819,0.00021145,750657494.0
2024-04-02 19:00:00,0.00021145,0.00021305,0.00021081,0.00021121,4324915823.0
2024-04-02 20:00:00,0.00021121,0.00021122,0.00020864,0.00020987,594365491.0
2024-04-02 21:00:00,0.00020987,0.00021057,0.0002078,0.00020939,384305312.0
2024-04-02 22:00:00,0.00020939,0.00021174,0.00020875,0.00021174,246889232.0
2024-04-02 23:00:00,0.00021174,0.00021218,0.00020876,0.00020928,364070489.0
2024-04-03 00:00:00,0.00020928,0.00021088,0.0001987,0.00020426,2596781078.0
2024-04-03 01:00:00,0.00020426,0.00021188,0.00020188,0.0002116,485233214.0
2024-04-03 02:00:00,0.0002116,0.0002136,0.00020985,0.00021175,927393978.0
2024-04-03 03:00:00,0.00021175,0.000212,0.00020903,0.00021085,493072937.0
2024-04-03 04:00:00,0.00021085,0.00021379,0.00021002,0.00021136,626809316.0
2024-04-03 05:00:00,0.00021136,0.00021138,0.00020731,0.00020865,774177403.0
2024-04-03 06:00:00,0.00020865,0.00021239,0.0002081,0.00021236,1148013832.0
2024-04-03 07:00:00,0.00021236,0.00021236,0.00020974,0.00020979,449547242.0
2024-04-03 08:00:00,0.00020979,0.00021306,0.00020836,0.0002126,245662637.0
2024-04-03 09:00:00,0.0002126,0.00021519,0.00021122,0.00021252,997130139.0
2024-04-03 10:00:00,0.00021252,0.00021271,0.0002096,0.00021074,301299000.0
2024-04-03 11:00:00,0.00021074,0.00021078,0.00020743,0.00020784,565365933.0
2024-04-03 12:00:00,0.00020784,0.0002085,0.00020541,0.0002067,696617042.0
2024-04-03 13:00:00,0.0002067,0.00020759,0.00020308,0.0002046,1161636247.0
2024-04-03 14:00:00,0.0002046,0.00021229,0.0002046,0.00021048,923210887.0
2024-04-03 15:00:00,0.00021048,0.00021048,0.00020441,0.00020551,623598274.0
2024-04-03 16:00:00,0.00020551,0.00020715,0.00020483,0.00020485,231742390.0
2024-04-03 17:00:00,0.00020485,0.00020577,0.00020014,0.00020099,661115110.0
2024-04-03 18:00:00,0.00020099,0.00020225,0.0001978,0.00020186,4750407322.0
2024-04-03 19:00:00,0.00020186,0.0002024,0.00019863,0.0001995,1327508554.0
2024-04-03 20:00:00,0.0001995,0.00019997,0.00019464,0.00019698,1409806486.0
2024-04-03 21:00:00,0.00019698,0.00020027,0.00019449,0.00020017,1178118171.0
2024-04-03 22:00:00,0.00020017,0.00020084,0.00019931,0.00019948,571575382.0
2024-04-03 23:00:00,0.00019948,0.00020053,0.00019861,0.00019884,266241602.0
2024-04-04 00:00:00,0.00019884,0.00020215,0.00019795,0.00020171,674015245.0
2024-04-04 01:00:00,0.00020171,0.00020348,0.00019876,0.00019906,499180991.0
2024-04-04 02:00:00,0.00019906,0.00019918,0.00019605,0.00019768,436192090.0
2024-04-04 03:00:00,0.00019768,0.00019842,0.00019544,0.00019633,1711733971.0
2024-04-04 04:00:00,0.00019633,0.00019803,0.00019358,0.00019743,1349788723.0
2024-04-04 05:00:00,0.00019743,0.00019931,0.00019679,0.00019843,475433917.0
2024-04-04 06:00:00,0.00019843,0.00020249,0.0001983,0.00020214,1728575156.0
2024-04-04 07:00:00,0.00020214,0.00020357,0.000201,0.0002015,2127372211.0
2024-04-04 08:00:00,0.0002015,0.00020462,0.00020109,0.00020307,484528398.0
2024-04-04 09:00:00,0.00020307,0.000204,0.00020238,0.00020304,254965260.0
2024-04-04 10:00:00,0.00020304,0.00020359,0.00020111,0.00020183,738177542.0
2024-04-04 11:00:00,0.00020183,0.00020311,0.00020124,0.000202,707579850.0
2024-04-04 12:00:00,0.000202,0.00020368,0.00020177,0.00020331,463677477.0
2024-04-04 13:00:00,0.00020331,0.00021073,0.00020308,0.00020595,1414537101.0
2024-04-04 14:00:00,0.00020595,0.00020973,0.00020542,0.00020783,1249111994.0
2024-04-04 15:00:00,0.00020783,0.00020806,0.00020521,0.00020602,1162724093.0
2024-04-04 16:00:00,0.00020602,0.00020843,0.00020504,0.00020634,701731183.0
2024-04-04 17:00:00,0.00020634,0.00020866,0.00020293,0.00020784,952554599.0
2024-04-04 18:00:00,0.00020784,0.00020973,0.00020399,0.00020442,1104186582.0
2024-04-04 19:00:00,0.00020442,0.00020706,0.00020372,0.0002052,2058051655.0
2024-04-04 20:00:00,0.0002052,0.0002053,0.000198,0.00020026,2554466200.0
2024-04-04 21:00:00,0.00020026,0.00020128,0.00019763,0.00019867,500317274.0
2024-04-04 22:00:00,0.00019867,0.0001999,0.00019768,0.00019903,312799045.0
2024-04-04 23:00:00,0.00019903,0.00020073,0.00019849,0.00020057,277779472.0
2024-04-05 00:00:00,0.00020057,0.00020192,0.00019921,0.00020152,330872199.0
2024-04-05 01:00:00,0.00020152,0.00020164,0.00019661,0.00019769,643690437.0
2024-04-05 02:00:00,0.00019769,0.00019771,0.00019144,0.00019271,2579204132.0
2024-04-05 03:00:00,0.00019271,0.00019682,0.00019216,0.0001966,368692180.0
2024-04-05 04:00:00,0.0001966,0.00019667,0.00019136,0.0001925,649547204.0
2024-04-05 05:00:00,0.0001925,0.0001925,0.00018718,0.00019078,2023644132.0
2024-04-05 06:00:00,0.00019078,0.00019215,0.00019008,0.00019115,472769057.0
2024-04-05 07:00:00,0.00019115,0.00019125,0.00018938,0.00019014,206126246.0
2024-04-05 08:00:00,0.00019014,0.0001937,0.00018851,0.00018953,924476923.0
2024-04-05 09:00:00,0.00018953,0.00018953,0.00018609,0.00018788,931558842.0
2024-04-05 10:00:00,0.00018788,0.00018967,0.00018615,0.00018904,704128924.0
2024-04-05 11:00:00,0.00018904,0.00018909,0.0001863,0.00018635,1297361460.0
2024-04-05 12:00:00,0.00018635,0.00019098,0.00018513,0.00019044,1850459699.0
2024-04-05 13:00:00,0.00019044,0.00019153,0.0001885,0.00019112,640323261.0
2024-04-05 14:00:00,0.00019112,0.00019268,0.00018947,0.00019205,646527446.0
2024-04-05 15:00:00,0.00019205,0.00019232,0.00018981,0.00019185,1074876977.0
2024-04-05 16:00:00,0.00019185,0.00019253,0.00018922,0.00018998,458691044.0
2024-04-05 17:00:00,0.00018998,0.00019044,0.00018816,0.00018882,504028591.0
2024-04-05 18:00:00,0.00018882,0.00019023,0.00018783,0.00019023,519943202.0
2024-04-05 19:00:00,0.00019023,0.00019163,0.00018949,0.00018966,352528399.0
2024-04-05 20:00:00,0.00018966,0.00019185,0.00018966,0.00019068,257110055.0
2024-04-05 21:00:00,0.00019068,0.00019097,0.00018896,0.00018912,227307213.0
2024-04-05 22:00:00,0.00018912,0.00018972,0.00018813,0.00018831,327176461.0
2024-04-05 23:00:00,0.00018831,0.00018943,0.00018801,0.00018811,221775029.0
2024-04-06 00:00:00,0.00018811,0.0001916,0.00018671,0.00019048,1043673890.0
2024-04-06 01:00:00,0.00019048,0.000193,0.00019003,0.00019212,1394851081.0
2024-04-06 02:00:00,0.00019212,0.00019378,0.00019149,0.00019376,275213938.0
2024-04-06 03:00:00,0.00019376,0.00019783,0.00019327,0.00019487,367051543.0
2024-04-06 04:00:00,0.00019487,0.00019531,0.00019235,0.00019383,344944112.0
2024-04-06 05:00:00,0.00019383,0.000197,0.00019347,0.00019476,315821662.0
2024-04-06 06:00:00,0.00019476,0.00019514,0.00019348,0.00019456,425367161.0
2024-04-06 07:00:00,0.00019456,0.00019462,0.00019269,0.00019396,383229390.0
2024-04-06 08:00:00,0.00019396,0.00019672,0.00019358,0.00019654,867239726.0
2024-04-06 09:00:00,0.00019654,0.00019766,0.00019347,0.00019384,1072370401.0
2024-04-06 10:00:00,0.00019384,0.0001953,0.00019272,0.0001936,429392180.0
2024-04-06 11:00:00,0.0001936,0.00019401,0.00019208,0.00019256,562969286.0
2024-04-06 12:00:00,0.00019256,0.00019373,0.00019171,0.00019275,271804695.0
2024-04-06 13:00:00,0.00019275,0.00019275,0.00018977,0.00019055,464267755.0
2024-04-06 14:00:00,0.00019055,0.00019307,0.00019021,0.00019294,236521557.0
2024-04-06 15:00:00,0.00019294,0.0001948,0.00019266,0.00019313,289359155.0
2024-04-06 16:00:00,0.00019313,0.00019452,0.0001929,0.00019367,366982075.0
2024-04-06 17:00:00,0.00019367,0.00019478,0.00019268,0.00019417,430283138.0
2024-04-06 18:00:00,0.00019417,0.00019501,0.00019322,0.00019388,340670826.0
2024-04-06 19:00:00,0.00019388,0.00019446,0.00019301,0.00019305,199934052.0
2024-04-06 20:00:00,0.00019305,0.00019466,0.00019263,0.00019462,186249552.0
2024-04-06 21:00:00,0.00019462,0.0001956,0.00019293,0.00019323,520288797.0
2024-04-06 22:00:00,0.00019323,0.00019554,0.00019307,0.0001954,201299532.0
2024-04-06 23:00:00,0.0001954,0.00019869,0.00019491,0.00019523,1428518647.0
2024-04-07 00:00:00,0.00019523,0.00019859,0.00019356,0.00019716,1155892611.0
2024-04-07 01:00:00,0.00019716,0.00020976,0.00019657,0.00020595,6590914083.0
2024-04-07 02:00:00,0.00020595,0.00020818,0.00020354,0.00020516,1330398450.0
2024-04-07 03:00:00,0.00020516,0.00020627,0.00020369,0.00020377,426171143.0
2024-04-07 04:00:00,0.00020377,0.00020595,0.0002024,0.00020296,728873145.0
2024-04-07 05:00:00,0.00020296,0.00020415,0.0002026,0.00020319,312027828.0
2024-04-07 06:00:00,0.00020319,0.0002033,0.00020093,0.00020255,921461829.0
2024-04-07 07:00:00,0.00020255,0.00020397,0.00020052,0.00020235,3883715345.0
2024-04-07 08:00:00,0.00020235,0.00020344,0.00020148,0.00020299,4107189347.0
2024-04-07 09:00:00,0.00020299,0.00020332,0.00019985,0.00020043,834739813.0
2024-04-07 10:00:00,0.00020043,0.00020859,0.00019936,0.00020629,1685325904.0
2024-04-07 11:00:00,0.00020629,0.00020664,0.00020338,0.00020482,1344883225.0
2024-04-07 12:00:00,0.00020482,0.0002049,0.00020352,0.0002042,589659644.0
2024-04-07 13:00:00,0.0002042,0.00020562,0.00020373,0.00020483,458400452.0
2024-04-07 14:00:00,0.00020483,0.00020998,0.00020421,0.00020771,2386562204.0
2024-04-07 15:00:00,0.00020771,0.00021231,0.00020697,0.00020909,5438023410.0
2024-04-07 16:00:00,0.00020909,0.00021093,0.00020798,0.00021022,781066552.0
2024-04-07 17:00:00,0.00021022,0.00021053,0.00020709,0.0002077,793774760.0
2024-04-07 18:00:00,0.0002077,0.00020774,0.00020418,0.00020695,781261785.0
2024-04-07 19:00:00,0.00020695,0.00020744,0.00020428,0.0002052,580628709.0
2024-04-07 20:00:00,0.0002052,0.00020818,0.0002052,0.00020675,7905795098.0
2024-04-07 21:00:00,0.00020675,0.0002068,0.00020331,0.00020371,755396705.0
2024-04-07 22:00:00,0.00020371,0.00020487,0.00020236,0.00020369,687094252.0
2024-04-07 23:00:00,0.00020369,0.00020637,0.00020367,0.00020557,325757564.0
2024-04-08 00:00:00,0.00020557,0.00020559,0.00020174,0.00020278,350855260.0
2024-04-08 01:00:00,0.00020278,0.00020511,0.00020213,0.00020317,227927042.0
2024-04-08 02:00:00,0.00020317,0.00020346,0.00020101,0.00020162,242504163.0
2024-04-08 03:00:00,0.00020162,0.00020341,0.0002002,0.000203,309773733.0
2024-04-08 04:00:00,0.000203,0.00020306,0.00020142,0.00020257,780029698.0
2024-04-08 05:00:00,0.00020257,0.00020566,0.00020256,0.00020506,277133314.0
2024-04-08 06:00:00,0.00020506,0.00020556,0.00020378,0.00020488,331776940.0
2024-04-08 07:00:00,0.00020488,0.00021077,0.00020471,0.00020982,836149183.0
2024-04-08 08:00:00,0.00020982,0.00021919,0.00020946,0.00021914,2579880112.0
2024-04-08 09:00:00,0.00021914,0.00022216,0.00021614,0.00021853,2333417269.0
2024-04-08 10:00:00,0.00021853,0.00021987,0.00021624,0.00021978,1206244516.0
2024-04-08 11:00:00,0.00021978,0.00021979,0.00021701,0.00021803,362689768.0
2024-04-08 12:00:00,0.00021803,0.00022025,0.00021532,0.00021575,1006599406.0
2024-04-08 13:00:00,0.00021575,0.00021753,0.00021433,0.00021561,1486335483.0
2024-04-08 14:00:00,0.00021561,0.00021713,0.00021274,0.00021494,878553402.0
2024-04-08 15:00:00,0.00021494,0.0002168,0.00021423,0.00021582,257098604.0
2024-04-08 16:00:00,0.00021582,0.00021729,0.00021516,0.00021535,248661583.0
2024-04-08 17:00:00,0.00021535,0.00021583,0.00021384,0.00021575,179778802.0
2024-04-08 18:00:00,0.00021575,0.00021904,0.0002157,0.00021668,772522318.0
2024-04-08 19:00:00,0.00021668,0.0002173,0.00021547,0.00021707,142320044.0
2024-04-08 20:00:00,0.00021707,0.00021821,0.00021622,0.00021776,315769861.0
2024-04-08 21:00:00,0.00021776,0.00021829,0.00021658,0.00021676,175273001.0
2024-04-08 22:00:00,0.00021676,0.0002173,0.00021615,0.00021724,907977189.0
2024-04-08 23:00:00,0.00021724,0.00021724,0.00021519,0.00021559,258321191.0
2024-04-09 00:00:00,0.00021559,0.00021672,0.00021276,0.00021329,744280713.0
2024-04-09 01:00:00,0.00021329,0.0002136,0.00021115,0.00021311,2257796142.0
2024-04-09 02:00:00,0.00021311,0.0002153,0.00021215,0.00021303,2484346131.0
2024-04-09 03:00:00,0.00021303,0.000214,0.00021015,0.00021107,1240221135.0
2024-04-09 04:00:00,0.00021107,0.00021245,0.00020958,0.00021234,1546682461.0
2024-04-09 05:00:00,0.00021234,0.00021322,0.0002112,0.00021209,354611419.0
2024-04-09 06:00:00,0.00021209,0.00021253,0.00020878,0.00020972,874397512.0
2024-04-09 07:00:00,0.00020972,0.00021105,0.00020627,0.00020707,810548176.0
2024-04-09 08:00:00,0.00020707,0.00020794,0.00020319,0.00020755,1408941352.0
2024-04-09 09:00:00,0.00020755,0.00020937,0.00020546,0.00020604,706602119.0
2024-04-09 10:00:00,0.00020604,0.00020692,0.00020516,0.00020604,600888861.0
2024-04-09 11:00:00,0.00020604,0.00020703,0.00020602,0.0002069,242892809.0
2024-04-09 12:00:00,0.0002069,0.00020725,0.00020481,0.00020615,728252042.0
2024-04-09 13:00:00,0.00020615,0.00020649,0.00020214,0.00020228,829745182.0
2024-04-09 14:00:00,0.00020228,0.00020478,0.0001975,0.00019959,2427760884.0
2024-04-09 15:00:00,0.00019959,0.00019997,0.00019577,0.00019859,1252665107.0
2024-04-09 16:00:00,0.00019859,0.00019938,0.00019657,0.00019691,847110091.0
2024-04-09 17:00:00,0.00019691,0.00019905,0.00019531,0.00019811,857868565.0
2024-04-09 18:00:00,0.00019811,0.00019886,0.00019774,0.00019857,207757433.0
2024-04-09 19:00:00,0.00019857,0.00020005,0.0001977,0.00020003,185969688.0
2024-04-09 20:00:00,0.00020003,0.00020119,0.00019982,0.00020057,491811935.0
2024-04-09 21:00:00,0.00020057,0.0002007,0.00019891,0.00020055,235393669.0
2024-04-09 22:00:00,0.00020055,0.00020068,0.00019912,0.00019997,155203955.0
2024-04-09 23:00:00,0.00019997,0.00019999,0.00019742,0.00019858,371938927.0
2024-04-10 00:00:00,0.00019858,0.00020023,0.00019804,0.00019922,165908545.0
2024-04-10 01:00:00,0.00019922,0.00019934,0.00019509,0.00019813,405449448.0
2024-04-10 02:00:00,0.00019813,0.00019965,0.00018997,0.00018998,1426781528.0
2024-04-10 03:00:00,0.00018998,0.00019365,0.00018827,0.00019355,529080803.0
2024-04-10 04:00:00,0.00019355,0.00019394,0.00019185,0.00019376,415130288.0
2024-04-10 05:00:00,0.00019376,0.00019498,0.00019323,0.00019391,290994085.0
2024-04-10 06:00:00,0.00019391,0.00019586,0.00019352,0.00019432,421693596.0
2024-04-10 07:00:00,0.00019432,0.00019454,0.00019317,0.0001938,247014015.0
2024-04-10 08:00:00,0.0001938,0.0001938,0.00019165,0.00019192,197886967.0
2024-04-10 09:00:00,0.00019192,0.00019374,0.00019022,0.00019126,1275201460.0
2024-04-10 10:00:00,0.00019126,0.00019197,0.0001889,0.00019085,554575288.0
2024-04-10 11:00:00,0.00019085,0.0001924,0.00019026,0.00019183,298745218.0
2024-04-10 12:00:00,0.00019183,0.00019223,0.00018278,0.00018759,3037989878.0
2024-04-10 13:00:00,0.00018759,0.00018939,0.00018561,0.00018927,828972022.0
2024-04-10 14:00:00,0.00018927,0.00019365,0.0001881,0.00019291,2502463986.0
2024-04-10 15:00:00,0.00019291,0.00019342,0.00019112,0.00019286,456254372.0
2024-04-10 16:00:00,0.00019286,0.00019833,0.00019178,0.00019802,741204883.0
2024-04-10 17:00:00,0.00019802,0.00019825,0.00019531,0.00019569,687057796.0
2024-04-10 18:00:00,0.00019569,0.00019569,0.00019206,0.00019334,812601315.0
2024-04-10 19:00:00,0.00019334,0.00019687,0.000193,0.00019684,420920671.0
2024-04-10 20:00:00,0.00019684,0.00019731,0.0001945,0.0001948,837910359.0
2024-04-10 21:00:00,0.0001948,0.00019612,0.00019431,0.000196,231863598.0
2024-04-10 22:00:00,0.000196,0.00019992,0.00019588,0.00019745,1478581650.0
2024-04-10 23:00:00,0.00019745,0.0001985,0.00019674,0.00019771,224655897.0
2024-04-11 00:00:00,0.00019771,0.00019771,0.0001957,0.00019628,210436620.0
2024-04-11 01:00:00,0.00019628,0.00019646,0.0001944,0.00019484,147677402.0
2024-04-11 02:00:00,0.00019484,0.00019773,0.00019449,0.00019612,2591703455.0
2024-04-11 03:00:00,0.00019612,0.00019744,0.0001956,0.00019597,1019719097.0
2024-04-11 04:00:00,0.00019597,0.00019618,0.0001944,0.00019594,263162126.0
2024-04-11 05:00:00,0.00019594,0.00019694,0.00019569,0.00019632,201719215.0
2024-04-11 06:00:00,0.00019632,0.00019886,0.00019607,0.00019839,366244809.0
2024-04-11 07:00:00,0.00019839,0.0002012,0.00019839,0.00020017,706138924.0
2024-04-11 08:00:00,0.00020017,0.00020246,0.00019895,0.000201,841892563.0
2024-04-11 09:00:00,0.000201,0.00020113,0.00019759,0.00019797,1059589217.0
2024-04-11 10:00:00,0.00019797,0.00019902,0.00019603,0.00019612,2611608496.0
2024-04-11 11:00:00,0.00019612,0.00019647,0.00019145,0.00019219,576666729.0
2024-04-11 12:00:00,0.00019219,0.00019541,0.00019072,0.000193,939917137.0
2024-04-11 13:00:00,0.000193,0.00019478,0.00019004,0.00019185,749692863.0
2024-04-11 14:00:00,0.00019185,0.0001921,0.00018927,0.00019052,468197983.0
2024-04-11 15:00:00,0.00019052,0.00019182,0.00019009,0.00019126,234065013.0
2024-04-11 16:00:00,0.00019126,0.00019975,0.00019063,0.00019412,2618796757.0
2024-04-11 17:00:00,0.00019412,0.00019666,0.00019299,0.00019448,622316418.0
2024-04-11 18:00:00,0.00019448,0.00019495,0.00019182,0.00019242,491561301.0
2024-04-11 19:00:00,0.00019242,0.000193,0.0001912,0.0001923,314309319.0
2024-04-11 20:00:00,0.0001923,0.00019399,0.00019204,0.00019386,320980455.0
2024-04-11 21:00:00,0.00019386,0.00019429,0.0001916,0.00019182,206274295.0
2024-04-11 22:00:00,0.00019182,0.00019249,0.00019132,0.00019189,161606443.0
2024-04-11 23:00:00,0.00019189,0.00019251,0.00019073,0.00019178,184238591.0
2024-04-12 00:00:00,0.00019178,0.00019436,0.00019131,0.00019425,208124204.0
2024-04-12 01:00:00,0.00019425,0.00019437,0.00019228,0.0001928,198899217.0
2024-04-12 02:00:00,0.0001928,0.00019534,0.00019228,0.00019425,240931544.0
2024-04-12 03:00:00,0.00019425,0.00019566,0.00019425,0.00019484,191553437.0
2024-04-12 04:00:00,0.00019484,0.00019895,0.00019395,0.00019688,1979112937.0
2024-04-12 05:00:00,0.00019688,0.00019802,0.00019508,0.00019617,976372616.0
2024-04-12 06:00:00,0.00019617,0.00019623,0.00019308,0.00019425,655787660.0
2024-04-12 07:00:00,0.00019425,0.00019438,0.00019152,0.00019249,660236085.0
2024-04-12 08:00:00,0.00019249,0.0001931,0.00019094,0.00019252,803398777.0
2024-04-12 09:00:00,0.00019252,0.00019395,0.0001922,0.00019326,395387513.0
2024-04-12 10:00:00,0.00019326,0.00019418,0.00019251,0.00019289,559427074.0
2024-04-12 11:00:00,0.00019289,0.00019493,0.00019281,0.00019282,833715319.0
2024-04-12 12:00:00,0.00019282,0.00019288,0.00018791,0.00018848,2153429976.0
2024-04-12 13:00:00,0.00018848,0.00018855,0.00018267,0.00018483,6320144070.0
2024-04-12 14:00:00,0.00018483,0.00018699,0.00018295,0.00018317,5002161482.0
2024-04-12 15:00:00,0.00018317,0.0001939,0.00018309,0.00018781,6086171795.0
2024-04-12 16:00:00,0.00018781,0.00018858,0.00018356,0.00018454,1283705032.0
2024-04-12 17:00:00,0.00018454,0.0001849,0.00015895,0.00017201,15015628043.0
2024-04-12 18:00:00,0.00017201,0.00017376,0.00012718,0.00014883,18060166673.0
2024-04-12 19:00:00,0.00014883,0.00015799,0.00014745,0.00015346,2684190544.0
2024-04-12 20:00:00,0.00015346,0.00015988,0.00015283,0.0001591,2541400055.0
2024-04-12 21:00:00,0.0001591,0.00016008,0.00015768,0.00015931,884627198.0
2024-04-12 22:00:00,0.00015931,0.0001594,0.0001564,0.00015781,520587640.0
2024-04-12 23:00:00,0.00015781,0.0001596,0.00015585,0.00015813,428784052.0
2024-04-13 00:00:00,0.00015813,0.00015829,0.00015538,0.00015591,375514898.0
2024-04-13 01:00:00,0.00015591,0.00015606,0.00014875,0.00014926,1409173962.0
2024-04-13 02:00:00,0.00014926,0.00015291,0.00014926,0.00015223,689541355.0
2024-04-13 03:00:00,0.00015223,0.00015657,0.00015194,0.0001558,320374385.0
2024-04-13 04:00:00,0.0001558,0.00015953,0.00015515,0.00015817,1757791642.0
2024-04-13 05:00:00,0.00015817,0.00015888,0.00015613,0.00015618,705010894.0
2024-04-13 06:00:00,0.00015618,0.00015769,0.00015618,0.00015681,435137985.0
2024-04-13 07:00:00,0.00015681,0.00015711,0.0001551,0.00015573,263435282.0
2024-04-13 08:00:00,0.00015573,0.00015694,0.00015412,0.00015482,529508211.0
2024-04-13 09:00:00,0.00015482,0.00015748,0.00015446,0.00015695,195717081.0
2024-04-13 10:00:00,0.00015695,0.00015874,0.00015605,0.00015841,285898638.0
2024-04-13 11:00:00,0.00015841,0.00016056,0.00015703,0.00015738,1186636673.0
2024-04-13 12:00:00,0.00015738,0.000161,0.00015645,0.00015981,1308284762.0
2024-04-13 13:00:00,0.00015981,0.00016117,0.00015822,0.00015849,961389076.0
2024-04-13 14:00:00,0.00015849,0.00015919,0.00015609,0.00015731,1289868457.0
2024-04-13 15:00:00,0.00015731,0.00015932,0.00015576,0.00015676,807202323.0
2024-04-13 16:00:00,0.00015676,0.0001569,0.00015105,0.00015184,1670973052.0
2024-04-13 17:00:00,0.00015184,0.00015185,0.00013874,0.00014083,4242857701.0
2024-04-13 18:00:00,0.00014083,0.00014645,0.00013926,0.00014626,3106856178.0
2024-04-13 19:00:00,0.00014626,0.00014662,0.00012387,0.00013113,6385945851.0
2024-04-13 20:00:00,0.00013113,0.0001334,0.00010905,0.00011958,9823504517.0
2024-04-13 21:00:00,0.00011958,0.00012632,0.00011411,0.00012464,1492106503.0
2024-04-13 22:00:00,0.00012464,0.00013725,0.00012225,0.0001343,9059583800.0
2024-04-13 23:00:00,0.0001343,0.00013577,0.0001326,0.00013382,1625476549.0
2024-04-14 00:00:00,0.00013382,0.00013509,0.00012862,0.00013109,972843004.0
2024-04-14 01:00:00,0.00013109,0.00013367,0.00012823,0.0001322,1083118481.0
2024-04-14 02:00:00,0.0001322,0.00013374,0.00012985,0.00013164,523370546.0
2024-04-14 03:00:00,0.00013164,0.0001336,0.00012782,0.0001333,872294207.0
2024-04-14 04:00:00,0.0001333,0.00014192,0.00013229,0.00014085,659499443.0
2024-04-14 05:00:00,0.00014085,0.00014391,0.00014033,0.00014326,818087596.0
2024-04-14 06:00:00,0.00014326,0.0001497,0.00014145,0.00014811,853429496.0
2024-04-14 07:00:00,0.00014811,0.00014861,0.00014488,0.00014747,437488518.0
2024-04-14 08:00:00,0.00014747,0.00014979,0.00014692,0.00014769,1390592222.0
2024-04-14 09:00:00,0.00014769,0.00014921,0.00014589,0.00014671,493795284.0
2024-04-14 10:00:00,0.00014671,0.00014946,0.00014666,0.00014686,806187313.0
2024-04-14 11:00:00,0.00014686,0.00014762,0.00014149,0.00014244,2684952300.0
2024-04-14 12:00:00,0.00014244,0.00014835,0.00014239,0.00014586,1719656771.0
2024-04-14 13:00:00,0.00014586,0.00014787,0.00014358,0.00014369,1197283351.0
2024-04-14 14:00:00,0.00014369,0.00014637,0.00014081,0.00014326,1160269989.0
2024-04-14 15:00:00,0.00014326,0.00014664,0.00014189,0.00014345,884045300.0
2024-04-14 16:00:00,0.00014345,0.00014832,0.00014281,0.00014459,706485580.0
2024-04-14 17:00:00,0.00014459,0.00014679,0.0001372,0.00014269,1539949000.0
2024-04-14 18:00:00,0.00014269,0.00014758,0.00014182,0.0001466,665030032.0
2024-04-14 19:00:00,0.0001466,0.00014715,0.00014361,0.00014405,296887575.0
2024-04-14 20:00:00,0.00014405,0.00014552,0.00014062,0.00014143,264948549.0
2024-04-14 21:00:00,0.00014143,0.00014237,0.00013982,0.00014116,298823298.0
2024-04-14 22:00:00,0.00014116,0.00015287,0.00014116,0.00015151,1372171623.0
2024-04-14 23:00:00,0.00015151,0.00015319,0.00015011,0.0001505,551203611.0
2024-04-15 00:00:00,0.0001505,0.00015054,0.00014577,0.0001469,514620279.0
2024-04-15 01:00:00,0.0001469,0.00014992,0.00014537,0.00014986,442169290.0
2024-04-15 02:00:00,0.00014986,0.00014986,0.00014621,0.00014657,245019894.0
2024-04-15 03:00:00,0.00014657,0.00014844,0.00014599,0.00014654,196905207.0
2024-04-15 04:00:00,0.00014654,0.0001473,0.00014421,0.00014655,417582599.0
2024-04-15 05:00:00,0.00014655,0.00014994,0.00014613,0.0001495,490033107.0
2024-04-15 06:00:00,0.0001495,0.00015979,0.00014829,0.00015804,1771506496.0
2024-04-15 07:00:00,0.00015804,0.00015819,0.0001553,0.0001561,640179386.0
2024-04-15 08:00:00,0.0001561,0.00015754,0.0001556,0.0001558,434736672.0
2024-04-15 09:00:00,0.0001558,0.00015665,0.00015371,0.00015557,678945904.0
2024-04-15 10:00:00,0.00015557,0.00015759,0.0001553,0.00015647,2134944004.0
2024-04-15 11:00:00,0.00015647,0.00015772,0.00015321,0.00015344,598985482.0
2024-04-15 12:00:00,0.00015344,0.00015488,0.00015317,0.00015396,357167828.0
2024-04-15 13:00:00,0.00015396,0.00015512,0.00015104,0.00015147,1117109374.0
2024-04-15 14:00:00,0.00015147,0.00015295,0.00014613,0.00014627,1627656567.0
2024-04-15 15:00:00,0.00014627,0.00014833,0.00014398,0.00014721,930509552.0
2024-04-15 16:00:00,0.00014721,0.00014826,0.0001432,0.00014347,583607108.0
2024-04-15 17:00:00,0.00014347,0.00014668,0.00014093,0.00014211,1045378889.0
2024-04-15 18:00:00,0.00014211,0.0001427,0.00013768,0.00013786,1393725252.0
2024-04-15 19:00:00,0.00013786,0.00014245,0.0001355,0.00014181,1825295628.0
2024-04-15 20:00:00,0.00014181,0.00014339,0.0001388,0.00013894,604703281.0
2024-04-15 21:00:00,0.00013894,0.00014238,0.00013779,0.00014235,397696566.0
2024-04-15 22:00:00,0.00014235,0.00014441,0.00014027,0.00014366,1160372332.0
2024-04-15 23:00:00,0.00014366,0.00014413,0.00014227,0.00014272,286016175.0
2024-04-16 00:00:00,0.00014272,0.00014307,0.00013864,0.00013965,332531191.0
2024-04-16 01:00:00,0.00013965,0.00014397,0.00013887,0.00014061,399178054.0
2024-04-16 02:00:00,0.00014061,0.00014174,0.00013863,0.00014123,359865812.0
2024-04-16 03:00:00,0.00014123,0.00014196,0.00013704,0.00013811,374364814.0
2024-04-16 04:00:00,0.00013811,0.00013931,0.00013382,0.00013542,1082878643.0
2024-04-16 05:00:00,0.00013542,0.00013849,0.00013451,0.00013757,494690379.0
2024-04-16 06:00:00,0.00013757,0.00014142,0.00013727,0.00014048,1554512849.0
2024-04-16 07:00:00,0.00014048,0.00014402,0.00014021,0.00014275,706731586.0
2024-04-16 08:00:00,0.00014275,0.00014281,0.00014076,0.00014128,308987458.0
2024-04-16 09:00:00,0.00014128,0.00014264,0.00014039,0.00014044,228062612.0
2024-04-16 10:00:00,0.00014044,0.00014118,0.00013548,0.00014018,2377784870.0
2024-04-16 11:00:00,0.00014018,0.00014183,0.00013817,0.00014111,785521578.0
2024-04-16 12:00:00,0.00014111,0.00014111,0.00013768,0.00013821,480344175.0
2024-04-16 13:00:00,0.00013821,0.00013952,0.00013569,0.00013835,680193611.0
2024-04-16 14:00:00,0.00013835,0.00013975,0.00013587,0.00013603,864826901.0
2024-04-16 15:00:00,0.00013603,0.00013735,0.00013359,0.00013412,894303849.0
2024-04-16 16:00:00,0.00013412,0.00014286,0.00013324,0.00014216,2347466550.0
2024-04-16 17:00:00,0.00014216,0.00014236,0.00013896,0.00014004,1108749833.0
2024-04-16 18:00:00,0.00014004,0.000142,0.00013831,0.00014157,527671058.0
2024-04-16 19:00:00,0.00014157,0.00014219,0.00013943,0.00014008,338177413.0
2024-04-16 20:00:00,0.00014008,0.00014171,0.00013967,0.00014171,224110111.0
2024-04-16 21:00:00,0.00014171,0.00014492,0.00014099,0.00014321,535329804.0
2024-04-16 22:00:00,0.00014321,0.00014365,0.00014222,0.00014288,404815345.0
2024-04-16 23:00:00,0.00014288,0.00014319,0.00014152,0.00014178,339899941.0
2024-04-17 00:00:00,0.00014178,0.00014401,0.00014059,0.00014252,474598926.0
2024-04-17 01:00:00,0.00014252,0.00014319,0.00013959,0.000142,268811370.0
2024-04-17 02:00:00,0.000142,0.0001427,0.00013985,0.00014131,546354812.0
2024-04-17 03:00:00,0.00014131,0.00014238,0.00014036,0.00014144,229064940.0
2024-04-17 04:00:00,0.00014144,0.00014473,0.0001405,0.00014417,1927346743.0
2024-04-17 05:00:00,0.00014417,0.00014548,0.00014169,0.00014238,748243343.0
2024-04-17 06:00:00,0.00014238,0.00014299,0.00014148,0.00014193,406202173.0
2024-04-17 07:00:00,0.00014193,0.00014235,0.00014027,0.00014081,649985041.0
2024-04-17 08:00:00,0.00014081,0.00014149,0.00013945,0.00013998,269916368.0
2024-04-17 09:00:00,0.00013998,0.00014105,0.00013908,0.00013952,245395416.0
2024-04-17 10:00:00,0.00013952,0.0001399,0.00013656,0.00013672,1011825702.0
2024-04-17 11:00:00,0.00013672,0.00013744,0.00013344,0.00013396,1873684575.0
2024-04-17 12:00:00,0.00013396,0.00013473,0.00013248,0.00013394,874061506.0
2024-04-17 13:00:00,0.00013394,0.00013644,0.00013353,0.00013517,703404121.0
2024-04-17 14:00:00,0.00013517,0.00013517,0.00013053,0.00013323,1823594498.0
2024-04-17 15:00:00,0.00013323,0.0001338,0.00013015,0.00013142,1276439984.0
2024-04-17 16:00:00,0.00013142,0.00013416,0.0001292,0.0001309,1023297322.0
2024-04-17 17:00:00,0.0001309,0.00013472,0.00013073,0.00013424,408919042.0
2024-04-17 18:00:00,0.00013424,0.00013934,0.00013407,0.00013651,892802167.0
2024-04-17 19:00:00,0.00013651,0.00013658,0.00013373,0.00013518,675296697.0
2024-04-17 20:00:00,0.00013518,0.00013599,0.00013272,0.00013293,475529406.0
2024-04-17 21:00:00,0.00013293,0.00013664,0.00013293,0.00013466,632839857.0
2024-04-17 22:00:00,0.00013466,0.00013522,0.00013381,0.00013465,540447712.0
2024-04-17 23:00:00,0.00013465,0.00013502,0.00013283,0.00013329,407034200.0
2024-04-18 00:00:00,0.00013329,0.00013434,0.00013,0.00013317,568378819.0
2024-04-18 01:00:00,0.00013317,0.00013501,0.00013272,0.00013418,378714094.0
2024-04-18 02:00:00,0.00013418,0.00013473,0.00013235,0.00013351,160562977.0
2024-04-18 03:00:00,0.00013351,0.00013574,0.00013342,0.00013449,998206034.0
2024-04-18 04:00:00,0.00013449,0.00013705,0.00013422,0.00013449,7875988325.0
2024-04-18 05:00:00,0.00013449,0.00013561,0.00013357,0.00013374,349454203.0
2024-04-18 06:00:00,0.00013374,0.00013425,0.00012953,0.00013124,1759084821.0
2024-04-18 07:00:00,0.00013124,0.00013209,0.00012876,0.00012963,734407115.0
2024-04-18 08:00:00,0.00012963,0.00013203,0.00012777,0.00013109,712686352.0
2024-04-18 09:00:00,0.00013109,0.00013282,0.00013092,0.0001324,487879212.0
2024-04-18 10:00:00,0.0001324,0.00013396,0.0001317,0.00013313,1048616874.0
2024-04-18 11:00:00,0.00013313,0.00013799,0.00013313,0.00013676,1375456137.0
2024-04-18 12:00:00,0.00013676,0.00013733,0.00013275,0.00013417,1115879425.0
2024-04-18 13:00:00,0.00013417,0.00013635,0.00013353,0.00013576,877641850.0
2024-04-18 14:00:00,0.00013576,0.00014086,0.00013469,0.00013892,2229440159.0
2024-04-18 15:00:00,0.00013892,0.0001405,0.00013776,0.00013875,510145221.0
2024-04-18 16:00:00,0.00013875,0.0001402,0.00013794,0.00013853,276816755.0
2024-04-18 17:00:00,0.00013853,0.00013873,0.0001357,0.00013592,572964252.0
2024-04-18 18:00:00,0.00013592,0.00013803,0.00013467,0.00013743,482627946.0
2024-04-18 19:00:00,0.00013743,0.00013842,0.00013727,0.00013831,223014620.0
2024-04-18 20:00:00,0.00013831,0.00013875,0.00013765,0.00013849,259856377.0
2024-04-18 21:00:00,0.00013849,0.0001393,0.00013781,0.00013835,363859812.0
2024-04-18 22:00:00,0.00013835,0.00013955,0.00013745,0.0001385,723835759.0
2024-04-18 23:00:00,0.0001385,0.00013906,0.0001378,0.00013822,421306762.0
2024-04-19 00:00:00,0.00013822,0.00013822,0.00013486,0.00013488,732061986.0
2024-04-19 01:00:00,0.00013488,0.00013518,0.00012876,0.00012928,4036808747.0
2024-04-19 02:00:00,0.00012928,0.00013028,0.0001255,0.00012943,969997096.0
2024-04-19 03:00:00,0.00012943,0.0001342,0.00012921,0.0001331,551435683.0
2024-04-19 04:00:00,0.0001331,0.0001358,0.00013295,0.00013504,356201616.0
2024-04-19 05:00:00,0.00013504,0.00013558,0.00013279,0.00013377,399253551.0
2024-04-19 06:00:00,0.00013377,0.00014229,0.00013284,0.00014117,3117016530.0
2024-04-19 07:00:00,0.00014117,0.00014346,0.00013855,0.00014016,3293271946.0
2024-04-19 08:00:00,0.00014016,0.00014333,0.00013932,0.00014305,2206909732.0
2024-04-19 09:00:00,0.00014305,0.00014364,0.00014071,0.00014139,1000318348.0
2024-04-19 10:00:00,0.00014139,0.00014326,0.0001403,0.00014184,959278840.0
2024-04-19 11:00:00,0.00014184,0.00014397,0.0001412,0.00014237,527031476.0
2024-04-19 12:00:00,0.00014237,0.00014437,0.00014135,0.00014216,902148753.0
2024-04-19 13:00:00,0.00014216,0.00014313,0.00014007,0.00014215,685459221.0
2024-04-19 14:00:00,0.00014215,0.00014249,0.00013893,0.00014123,649756456.0
2024-04-19 15:00:00,0.00014123,0.00014288,0.00014085,0.00014201,607431024.0
2024-04-19 16:00:00,0.00014201,0.00014249,0.0001392,0.00014124,575988659.0
2024-04-19 17:00:00,0.00014124,0.0001428,0.00014059,0.00014228,404499653.0
2024-04-19 18:00:00,0.00014228,0.00014228,0.00014042,0.00014072,414569941.0
2024-04-19 19:00:00,0.00014072,0.0001416,0.00014041,0.00014143,360227213.0
2024-04-19 20:00:00,0.00014143,0.00014156,0.00013869,0.00013986,686212272.0
2024-04-19 21:00:00,0.00013986,0.0001411,0.00013975,0.00014097,185302611.0
2024-04-19 22:00:00,0.00014097,0.00014157,0.00013923,0.00013923,306392121.0
2024-04-19 23:00:00,0.00013923,0.0001401,0.00013552,0.00013893,605160223.0
2024-04-20 00:00:00,0.00013893,0.00013974,0.00013679,0.00013685,482085913.0
2024-04-20 01:00:00,0.00013685,0.00013995,0.00013613,0.00013938,343008013.0
2024-04-20 02:00:00,0.00013938,0.00014112,0.00013902,0.00014006,344853485.0
2024-04-20 03:00:00,0.00014006,0.00014036,0.00013903,0.00014028,333645288.0
2024-04-20 04:00:00,0.00014028,0.00014277,0.00013971,0.00014182,237705749.0
2024-04-20 05:00:00,0.00014182,0.00014568,0.00014144,0.00014429,590922975.0
2024-04-20 06:00:00,0.00014429,0.00014429,0.00014217,0.00014312,425989237.0
2024-04-20 07:00:00,0.00014312,0.00014336,0.00014202,0.00014234,332945406.0
2024-04-20 08:00:00,0.00014234,0.00014253,0.00014097,0.00014145,272763540.0
2024-04-20 09:00:00,0.00014145,0.0001415,0.00013909,0.00014009,366181227.0
2024-04-20 10:00:00,0.00014009,0.00014074,0.00013908,0.00013973,461518569.0
2024-04-20 11:00:00,0.00013973,0.00014106,0.00013962,0.00014047,242029472.0
2024-04-20 12:00:00,0.00014047,0.00014213,0.00013996,0.00014131,417341818.0
2024-04-20 13:00:00,0.00014131,0.00014335,0.00014131,0.00014271,456106982.0
2024-04-20 14:00:00,0.00014271,0.00014291,0.00014119,0.0001425,598253108.0
2024-04-20 15:00:00,0.0001425,0.00014908,0.00014196,0.00014887,798224854.0
2024-04-20 16:00:00,0.00014887,0.00015186,0.00014731,0.0001493,1118996687.0
2024-04-20 17:00:00,0.0001493,0.00016348,0.0001493,0.00016057,3174438353.0
2024-04-20 18:00:00,0.00016057,0.00017415,0.00016057,0.0001678,11117705006.0
2024-04-20 19:00:00,0.0001678,0.00016797,0.00016348,0.00016427,2944143336.0
2024-04-20 20:00:00,0.00016427,0.00017104,0.00016403,0.00016714,3161918351.0
2024-04-20 21:00:00,0.00016714,0.00016844,0.00016509,0.00016648,2524394768.0
2024-04-20 22:00:00,0.00016648,0.00016714,0.00016507,0.00016514,878603041.0
2024-04-20 23:00:00,0.00016514,0.00016729,0.0001644,0.00016587,1198345320.0
2024-04-21 00:00:00,0.00016587,0.00016587,0.00016085,0.00016147,4201422799.0
2024-04-21 01:00:00,0.00016147,0.00016333,0.00016102,0.00016116,1848128857.0
2024-04-21 02:00:00,0.00016116,0.0001672,0.00016101,0.0001672,2805186638.0
2024-04-21 03:00:00,0.0001672,0.00016909,0.00016486,0.00016719,2584434924.0
2024-04-21 04:00:00,0.00016719,0.00016726,0.00016436,0.00016724,857161047.0
2024-04-21 05:00:00,0.00016724,0.00017295,0.00016689,0.00016976,4056985063.0
2024-04-21 06:00:00,0.00016976,0.0001784,0.00016853,0.00017442,7315332202.0
2024-04-21 07:00:00,0.00017442,0.00017809,0.00017387,0.000177,4777948491.0
2024-04-21 08:00:00,0.000177,0.00017773,0.00017371,0.00017387,2951391178.0
2024-04-21 09:00:00,0.00017387,0.00017536,0.00017086,0.00017178,4828306629.0
2024-04-21 10:00:00,0.00017178,0.0001746,0.00016935,0.00017362,3978011552.0
2024-04-21 11:00:00,0.00017362,0.0001764,0.00017217,0.00017303,2321438401.0
2024-04-21 12:00:00,0.00017303,0.00017414,0.00017006,0.0001702,1907738287.0
2024-04-21 13:00:00,0.0001702,0.00017065,0.0001662,0.00016707,3812281038.0
2024-04-21 14:00:00,0.00016707,0.00016822,0.00016485,0.00016526,2216362844.0
2024-04-21 15:00:00,0.00016526,0.0001699,0.00016525,0.00016934,939501724.0
2024-04-21 16:00:00,0.00016934,0.00016945,0.0001618,0.00016374,2534928179.0
2024-04-21 17:00:00,0.00016374,0.0001666,0.0001632,0.00016543,1208475486.0
2024-04-21 18:00:00,0.00016543,0.00016667,0.00016446,0.00016629,462845680.0
2024-04-21 19:00:00,0.00016629,0.0001696,0.00016629,0.00016701,551844572.0
2024-04-21 20:00:00,0.00016701,0.00016959,0.00016634,0.0001691,582721420.0
2024-04-21 21:00:00,0.0001691,0.00017301,0.00016862,0.0001697,905428098.0
2024-04-21 22:00:00,0.0001697,0.0001748,0.00016944,0.00017222,3169729122.0
2024-04-21 23:00:00,0.00017222,0.00017285,0.0001702,0.00017056,1135631318.0
2024-04-22 00:00:00,0.00017056,0.00017749,0.00017012,0.0001722,2297702928.0
2024-04-22 01:00:00,0.0001722,0.00017625,0.00017049,0.0001706,1083265093.0
2024-04-22 02:00:00,0.0001706,0.00017196,0.00016845,0.0001691,712457481.0
2024-04-22 03:00:00,0.0001691,0.00017614,0.000169,0.00017371,6352155304.0
2024-04-22 04:00:00,0.00017371,0.00017989,0.0001734,0.00017594,6492084069.0
2024-04-22 05:00:00,0.00017594,0.00017874,0.00017541,0.00017814,1834791321.0
2024-04-22 06:00:00,0.00017814,0.00018085,0.00017696,0.00017861,5929230868.0
2024-04-22 07:00:00,0.00017861,0.0001798,0.00017434,0.00017437,1309103591.0
2024-04-22 08:00:00,0.00017437,0.00017624,0.00017215,0.00017291,2587951703.0
2024-04-22 09:00:00,0.00017291,0.00017441,0.00017245,0.00017407,970374262.0
2024-04-22 10:00:00,0.00017407,0.00017561,0.00017225,0.00017278,1093029851.0
2024-04-22 11:00:00,0.00017278,0.0001736,0.00017131,0.00017295,557270959.0
2024-04-22 12:00:00,0.00017295,0.00017429,0.00017178,0.00017323,563071906.0
2024-04-22 13:00:00,0.00017323,0.00017441,0.00017183,0.00017352,791764146.0
2024-04-22 14:00:00,0.00017352,0.00017427,0.00017068,0.00017142,980241110.0
2024-04-22 15:00:00,0.00017142,0.00017278,0.00016956,0.00017213,1058721649.0
2024-04-22 16:00:00,0.00017213,0.00017289,0.00016937,0.0001706,891222411.0
2024-04-22 17:00:00,0.0001706,0.00017603,0.0001706,0.00017455,949495847.0
2024-04-22 18:00:00,0.00017455,0.0001783,0.00017342,0.00017534,1135920740.0
2024-04-22 19:00:00,0.00017534,0.0001764,0.00017359,0.00017471,814678142.0
2024-04-22 20:00:00,0.00017471,0.00017549,0.00017398,0.00017427,971512088.0
2024-04-22 21:00:00,0.00017427,0.00017605,0.00017327,0.00017592,551246451.0
2024-04-22 22:00:00,0.00017592,0.00017755,0.00017533,0.00017707,867273291.0
2024-04-22 23:00:00,0.00017707,0.00017813,0.00017508,0.00017617,453251271.0
2024-04-23 00:00:00,0.00017617,0.0001787,0.00017478,0.00017814,664755727.0
2024-04-23 01:00:00,0.00017814,0.00017851,0.00017574,0.00017615,1230119922.0
2024-04-23 02:00:00,0.00017615,0.00017917,0.00017491,0.00017536,2093455895.0
2024-04-23 03:00:00,0.00017536,0.0001768,0.00017259,0.00017288,1212657916.0
2024-04-23 04:00:00,0.00017288,0.00017377,0.00017076,0.00017128,580738171.0
2024-04-23 05:00:00,0.00017128,0.00017552,0.0001704,0.00017385,1346306697.0
2024-04-23 06:00:00,0.00017385,0.00017426,0.00017097,0.00017172,1058103731.0
2024-04-23 07:00:00,0.00017172,0.0001723,0.00016898,0.00016941,1091087713.0
2024-04-23 08:00:00,0.00016941,0.00017201,0.0001684,0.00017143,1076070426.0
2024-04-23 09:00:00,0.00017143,0.00017333,0.00017087,0.00017224,917207776.0
2024-04-23 10:00:00,0.00017224,0.00017487,0.00017224,0.00017483,640821981.0
2024-04-23 11:00:00,0.00017483,0.0001749,0.00017196,0.00017306,962783751.0
2024-04-23 12:00:00,0.00017306,0.00017734,0.00017273,0.00017712,1884952973.0
2024-04-23 13:00:00,0.00017712,0.00018711,0.0001771,0.00018436,8077874376.0
2024-04-23 14:00:00,0.00018436,0.00019565,0.00018259,0.00019483,7958923418.0
2024-04-23 15:00:00,0.00019483,0.00020229,0.00019457,0.00019717,10108725951.0
2024-04-23 16:00:00,0.00019717,0.00020448,0.0001946,0.00020037,5221243403.0
2024-04-23 17:00:00,0.00020037,0.00020295,0.00019889,0.00020178,3008471113.0
2024-04-23 18:00:00,0.00020178,0.00020231,0.00019658,0.00019842,3011268190.0
2024-04-23 19:00:00,0.00019842,0.00019938,0.00019585,0.0001982,1441199187.0
2024-04-23 20:00:00,0.0001982,0.0001982,0.00019172,0.00019505,2313366794.0
2024-04-23 21:00:00,0.00019505,0.00019505,0.00018957,0.00019106,1579705325.0
2024-04-23 22:00:00,0.00019106,0.00019377,0.00018968,0.00019037,2170807966.0
2024-04-23 23:00:00,0.00019037,0.00019388,0.00018871,0.00019324,4682305575.0
2024-04-24 00:00:00,0.00019324,0.00019547,0.00019098,0.00019286,3186494780.0
2024-04-24 01:00:00,0.00019286,0.0002021,0.00019256,0.00019716,4003108819.0
2024-04-24 02:00:00,0.00019716,0.00019829,0.00019343,0.00019523,2919462373.0
2024-04-24 03:00:00,0.00019523,0.00020224,0.00019462,0.00019996,4658540486.0
2024-04-24 04:00:00,0.00019996,0.00020602,0.00019944,0.0002027,2783333542.0
2024-04-24 05:00:00,0.0002027,0.00020449,0.0002,0.00020154,2863773539.0
2024-04-24 06:00:00,0.00020154,0.00020196,0.0001958,0.00019859,2652689435.0
2024-04-24 07:00:00,0.00019859,0.00020084,0.0001976,0.0001987,1345593677.0
2024-04-24 08:00:00,0.0001987,0.00019896,0.00019542,0.00019688,1230768906.0
2024-04-24 09:00:00,0.00019688,0.00019871,0.00019429,0.00019803,1527202333.0
2024-04-24 10:00:00,0.00019803,0.0002033,0.0001975,0.00020233,6317316353.0
2024-04-24 11:00:00,0.00020233,0.00020324,0.00020038,0.00020221,1931099542.0
2024-04-24 12:00:00,0.00020221,0.000203,0.00019923,0.00020233,2634281029.0
2024-04-24 13:00:00,0.00020233,0.00020233,0.00019611,0.00019636,2937434611.0
2024-04-24 14:00:00,0.00019636,0.00019954,0.00018539,0.00018776,7373295690.0
2024-04-24 15:00:00,0.00018776,0.0001891,0.0001845,0.00018565,2463905663.0
2024-04-24 16:00:00,0.00018565,0.00018731,0.00018406,0.00018655,1591599415.0
2024-04-24 17:00:00,0.00018655,0.00019058,0.00018643,0.00018911,1856505002.0
2024-04-24 18:00:00,0.00018911,0.00019,0.00018488,0.0001855,1441871812.0
2024-04-24 19:00:00,0.0001855,0.00019012,0.0001842,0.00018765,1460695268.0
2024-04-24 20:00:00,0.00018765,0.00018878,0.00018471,0.00018494,525095103.0
2024-04-24 21:00:00,0.00018494,0.00018805,0.0001841,0.00018795,338525484.0
2024-04-24 22:00:00,0.00018795,0.00018795,0.00018088,0.00018246,1991189426.0
2024-04-24 23:00:00,0.00018246,0.00018495,0.00018008,0.00018492,1343507304.0
2024-04-25 00:00:00,0.00018492,0.00018785,0.00018394,0.000186,756421471.0
2024-04-25 01:00:00,0.000186,0.00018877,0.00018336,0.0001835,967555504.0
2024-04-25 02:00:00,0.0001835,0.00018533,0.00018222,0.00018483,501661110.0
2024-04-25 03:00:00,0.00018483,0.0001867,0.00018224,0.00018323,715607906.0
2024-04-25 04:00:00,0.00018323,0.00018699,0.00017946,0.00018577,2621632360.0
2024-04-25 05:00:00,0.00018577,0.000186,0.00018276,0.00018364,699656412.0
2024-04-25 06:00:00,0.00018364,0.00018665,0.00018283,0.00018481,674856369.0
2024-04-25 07:00:00,0.00018481,0.00018599,0.00018102,0.00018221,860391293.0
2024-04-25 08:00:00,0.00018221,0.00018656,0.00018121,0.0001827,2031585385.0
2024-04-25 09:00:00,0.0001827,0.00018453,0.00018142,0.00018214,989653793.0
2024-04-25 10:00:00,0.00018214,0.00018224,0.0001775,0.0001775,2648454485.0
2024-04-25 11:00:00,0.0001775,0.00018588,0.0001775,0.00018374,1855529356.0
2024-04-25 12:00:00,0.00018374,0.00018941,0.00018321,0.00018461,6422897851.0
2024-04-25 13:00:00,0.00018461,0.00018765,0.0001806,0.00018724,2532709906.0
2024-04-25 14:00:00,0.00018724,0.0001961,0.0001865,0.00018969,4231004666.0
2024-04-25 15:00:00,0.00018969,0.00019134,0.0001864,0.00019125,1571686282.0
2024-04-25 16:00:00,0.00019125,0.00019822,0.0001912,0.00019375,5828563568.0
2024-04-25 17:00:00,0.00019375,0.00019508,0.00019042,0.00019316,2053994370.0
2024-04-25 18:00:00,0.00019316,0.00019316,0.0001894,0.00019216,678306902.0
2024-04-25 19:00:00,0.00019216,0.00019252,0.00018812,0.00018891,1741686707.0
2024-04-25 20:00:00,0.00018891,0.0001915,0.00018823,0.00018904,902024199.0
2024-04-25 21:00:00,0.00018904,0.00019285,0.00018901,0.00019149,583408102.0
2024-04-25 22:00:00,0.00019149,0.00019149,0.00018766,0.00018802,650889203.0
2024-04-25 23:00:00,0.00018802,0.00018878,0.00018591,0.00018593,3533933540.0
2024-04-26 00:00:00,0.00018593,0.00018746,0.00018214,0.0001832,1305375318.0
2024-04-26 01:00:00,0.0001832,0.00018425,0.00017966,0.00018188,1795848306.0
2024-04-26 02:00:00,0.00018188,0.00018468,0.00018108,0.00018379,681595043.0
2024-04-26 03:00:00,0.00018379,0.0001843,0.00018117,0.00018179,417223638.0
2024-04-26 04:00:00,0.00018179,0.00018438,0.00017989,0.000183,1061582143.0
2024-04-26 05:00:00,0.000183,0.00018603,0.00018267,0.00018603,594873777.0
2024-04-26 06:00:00,0.00018603,0.00018603,0.00018284,0.00018366,598686765.0
2024-04-26 07:00:00,0.00018366,0.000186,0.00018259,0.00018483,763455781.0
2024-04-26 08:00:00,0.00018483,0.00019092,0.00018429,0.00018867,6625919842.0
2024-04-26 09:00:00,0.00018867,0.00019483,0.00018735,0.0001934,3479235380.0
2024-04-26 10:00:00,0.0001934,0.00019476,0.00018761,0.00018884,2219511930.0
2024-04-26 11:00:00,0.00018884,0.00019097,0.00018599,0.00018646,2553413139.0
2024-04-26 12:00:00,0.00018646,0.00018849,0.00018461,0.00018504,2015184947.0
2024-04-26 13:00:00,0.00018504,0.0001874,0.00018141,0.00018726,3600684380.0
2024-04-26 14:00:00,0.00018726,0.00018888,0.00018152,0.00018218,1416429927.0
2024-04-26 15:00:00,0.00018218,0.00018309,0.0001801,0.00018071,1093775127.0
2024-04-26 16:00:00,0.00018071,0.00018369,0.00017973,0.00018297,552908089.0
2024-04-26 17:00:00,0.00018297,0.00018369,0.0001821,0.00018349,266915716.0
2024-04-26 18:00:00,0.00018349,0.00018577,0.00018297,0.00018505,1338543137.0
2024-04-26 19:00:00,0.00018505,0.00018505,0.00018305,0.0001842,426424081.0
2024-04-26 20:00:00,0.0001842,0.00018498,0.00018334,0.0001844,220142843.0
2024-04-26 21:00:00,0.0001844,0.00018528,0.000182,0.00018457,1218528889.0
2024-04-26 22:00:00,0.00018457,0.00018497,0.00018049,0.00018114,827661509.0
2024-04-26 23:00:00,0.00018114,0.00018268,0.00018109,0.00018253,119087054.0
2024-04-27 00:00:00,0.00018253,0.00018352,0.00017792,0.0001812,1576397093.0
2024-04-27 01:00:00,0.0001812,0.00018138,0.00017056,0.00017441,4427388093.0
2024-04-27 02:00:00,0.00017441,0.00017603,0.00017265,0.00017334,431410209.0
2024-04-27 03:00:00,0.00017334,0.00017551,0.00017297,0.00017441,323954396.0
2024-04-27 04:00:00,0.00017441,0.00017535,0.00017391,0.0001744,237981828.0
2024-04-27 05:00:00,0.0001744,0.00017475,0.00017244,0.00017297,400898676.0
2024-04-27 06:00:00,0.00017297,0.00017406,0.00017077,0.00017166,825836797.0
2024-04-27 07:00:00,0.00017166,0.00017413,0.00017147,0.00017222,1463668884.0
2024-04-27 08:00:00,0.00017222,0.00017292,0.00017013,0.00017162,457378042.0
2024-04-27 09:00:00,0.00017162,0.00017336,0.00017125,0.00017215,287556378.0
2024-04-27 10:00:00,0.00017215,0.00017215,0.00016872,0.00016872,1197563965.0
2024-04-27 11:00:00,0.00016872,0.00017039,0.0001668,0.00016923,1417283107.0
2024-04-27 12:00:00,0.00016923,0.0001723,0.0001688,0.00017157,731922327.0
2024-04-27 13:00:00,0.00017157,0.00017478,0.0001709,0.00017428,412568615.0
2024-04-27 14:00:00,0.00017428,0.0001765,0.00017182,0.00017231,1600998556.0
2024-04-27 15:00:00,0.00017231,0.00017349,0.00017063,0.00017115,1303918980.0
2024-04-27 16:00:00,0.00017115,0.00017372,0.00017096,0.00017251,795309774.0
2024-04-27 17:00:00,0.00017251,0.00017847,0.00017236,0.00017753,1589179979.0
2024-04-27 18:00:00,0.00017753,0.00017919,0.00017386,0.00017503,2032101994.0
2024-04-27 19:00:00,0.00017503,0.00017528,0.00017345,0.00017477,373578569.0
2024-04-27 20:00:00,0.00017477,0.00017535,0.0001727,0.00017359,370620297.0
2024-04-27 21:00:00,0.00017359,0.00017383,0.0001725,0.00017297,257117195.0
2024-04-27 22:00:00,0.00017297,0.0001738,0.00017251,0.0001728,349976701.0
2024-04-27 23:00:00,0.0001728,0.0001744,0.00017275,0.00017288,401700123.0
2024-04-28 00:00:00,0.00017288,0.00017571,0.00017281,0.0001743,345051354.0
2024-04-28 01:00:00,0.0001743,0.00017751,0.00017394,0.00017577,451591545.0
2024-04-28 02:00:00,0.00017577,0.00017894,0.00017558,0.00017807,599449924.0
2024-04-28 03:00:00,0.00017807,0.00017909,0.0001772,0.00017754,543892298.0
2024-04-28 04:00:00,0.00017754,0.00017755,0.00017585,0.00017612,394631592.0
2024-04-28 05:00:00,0.00017612,0.00018252,0.00017612,0.00018064,1426742896.0
2024-04-28 06:00:00,0.00018064,0.00018091,0.00017884,0.00017944,750334267.0
2024-04-28 07:00:00,0.00017944,0.0001815,0.00017862,0.00018019,627924880.0
2024-04-28 08:00:00,0.00018019,0.00018074,0.00017642,0.00017723,835960977.0
2024-04-28 09:00:00,0.00017723,0.00017824,0.00017569,0.00017648,351900072.0
2024-04-28 10:00:00,0.00017648,0.00017695,0.00017465,0.00017549,596991583.0
2024-04-28 11:00:00,0.00017549,0.00017558,0.00017372,0.00017435,836103836.0
2024-04-28 12:00:00,0.00017435,0.00017591,0.00017368,0.00017522,462558091.0
2024-04-28 13:00:00,0.00017522,0.00017848,0.00017448,0.00017703,569757967.0
2024-04-28 14:00:00,0.00017703,0.00017727,0.0001751,0.00017605,406747074.0
2024-04-28 15:00:00,0.00017605,0.00017703,0.00017544,0.00017561,279201489.0
2024-04-28 16:00:00,0.00017561,0.00017661,0.00017439,0.00017516,393463811.0
2024-04-28 17:00:00,0.00017516,0.00017591,0.00017455,0.00017575,438764311.0
2024-04-28 18:00:00,0.00017575,0.00017762,0.00017519,0.00017656,313985466.0
2024-04-28 19:00:00,0.00017656,0.00017679,0.00017404,0.00017405,716892562.0
2024-04-28 20:00:00,0.00017405,0.00017438,0.00017321,0.00017393,944692053.0
2024-04-28 21:00:00,0.00017393,0.00017495,0.00017343,0.00017378,282838163.0
2024-04-28 22:00:00,0.00017378,0.00017419,0.00017002,0.00017058,1347391546.0
2024-04-28 23:00:00,0.00017058,0.00017058,0.00016865,0.00016986,714831273.0
2024-04-29 00:00:00,0.00016986,0.0001713,0.000169,0.00016951,389420290.0
2024-04-29 01:00:00,0.00016951,0.0001708,0.0001677,0.00017033,981504034.0
2024-04-29 02:00:00,0.00017033,0.00017107,0.00016707,0.00016766,742653098.0
2024-04-29 03:00:00,0.00016766,0.00016802,0.00016584,0.00016605,724167756.0
2024-04-29 04:00:00,0.00016605,0.00016853,0.00016551,0.00016772,385888612.0
2024-04-29 05:00:00,0.00016772,0.00016905,0.00016674,0.00016874,548117905.0
2024-04-29 06:00:00,0.00016874,0.00016878,0.00016142,0.0001622,1368220512.0
2024-04-29 07:00:00,0.0001622,0.000164,0.00016202,0.00016303,954521745.0
2024-04-29 08:00:00,0.00016303,0.00016396,0.00016164,0.00016316,421975016.0
2024-04-29 09:00:00,0.00016316,0.00016468,0.00016233,0.00016437,329914221.0
2024-04-29 10:00:00,0.00016437,0.00016525,0.00016253,0.00016361,413237856.0
2024-04-29 11:00:00,0.00016361,0.00016389,0.00016253,0.00016304,198175373.0
2024-04-29 12:00:00,0.00016304,0.00016485,0.00016154,0.00016463,419074743.0
2024-04-29 13:00:00,0.00016463,0.00016737,0.00016323,0.0001638,1474909139.0
2024-04-29 14:00:00,0.0001638,0.00016914,0.00016324,0.00016756,942254092.0
2024-04-29 15:00:00,0.00016756,0.00016842,0.00016671,0.00016724,356648869.0
2024-04-29 16:00:00,0.00016724,0.00016817,0.0001648,0.0001652,424582168.0
2024-04-29 17:00:00,0.0001652,0.00016733,0.0001652,0.00016582,971526188.0
2024-04-29 18:00:00,0.00016582,0.00016595,0.00016436,0.00016501,559279747.0
2024-04-29 19:00:00,0.00016501,0.00016584,0.00016375,0.00016584,241229720.0
2024-04-29 20:00:00,0.00016584,0.00016715,0.00016532,0.00016617,151984950.0
2024-04-29 21:00:00,0.00016617,0.00016648,0.00016403,0.00016593,119839187.0
2024-04-29 22:00:00,0.00016593,0.00017051,0.00016545,0.00017001,484216352.0
2024-04-29 23:00:00,0.00017001,0.000172,0.00016943,0.00016966,1491043791.0
2024-04-30 00:00:00,0.00016966,0.000173,0.00016799,0.00017227,658984363.0
2024-04-30 01:00:00,0.00017227,0.0001723,0.00016584,0.00016584,992605082.0
2024-04-30 02:00:00,0.00016584,0.0001689,0.00016411,0.00016831,1090307792.0
2024-04-30 03:00:00,0.00016831,0.00016921,0.00016763,0.00016803,198728250.0
2024-04-30 04:00:00,0.00016803,0.00016842,0.00016626,0.00016664,379604613.0
2024-04-30 05:00:00,0.00016664,0.00016788,0.00016542,0.00016655,297626989.0
2024-04-30 06:00:00,0.00016655,0.00016779,0.00016608,0.00016718,177495332.0
2024-04-30 07:00:00,0.00016718,0.00016745,0.00016445,0.00016474,390761191.0
2024-04-30 08:00:00,0.00016474,0.00016532,0.00015854,0.00015977,1107918365.0
2024-04-30 09:00:00,0.00015977,0.00016282,0.00015917,0.00016029,589344145.0
2024-04-30 10:00:00,0.00016029,0.0001617,0.0001594,0.00016025,220295660.0
2024-04-30 11:00:00,0.00016025,0.00016025,0.00015421,0.00015544,1483946581.0
2024-04-30 12:00:00,0.00015544,0.00015692,0.000153,0.00015601,663294301.0
2024-04-30 13:00:00,0.00015601,0.00015601,0.00015308,0.00015321,357885426.0
2024-04-30 14:00:00,0.00015321,0.00015611,0.00015177,0.00015432,1102541494.0
2024-04-30 15:00:00,0.00015432,0.00015541,0.0001519,0.00015279,514958673.0
2024-04-30 16:00:00,0.00015279,0.00015312,0.00014917,0.00015208,938617636.0
2024-04-30 17:00:00,0.00015208,0.00015247,0.00014946,0.00015039,374882147.0
2024-04-30 18:00:00,0.00015039,0.00015268,0.00015017,0.00015151,410455292.0
2024-04-30 19:00:00,0.00015151,0.00015246,0.00014891,0.00014997,588006764.0
2024-04-30 20:00:00,0.00014997,0.0001541,0.00014997,0.00015233,429876462.0
2024-04-30 21:00:00,0.00015233,0.0001541,0.00015224,0.00015387,248060762.0
2024-04-30 22:00:00,0.00015387,0.00015966,0.00015376,0.00015679,614008853.0
2024-04-30 23:00:00,0.00015679,0.00015774,0.00015514,0.0001563,292667186.0
2024-05-01 00:00:00,0.0001563,0.00015704,0.00015357,0.00015428,706651790.0
2024-05-01 01:00:00,0.00015428,0.00015768,0.00015292,0.00015657,490342124.0
2024-05-01 02:00:00,0.00015657,0.00015687,0.00015375,0.00015589,269280887.0
2024-05-01 03:00:00,0.00015589,0.00015989,0.00015544,0.00015898,393555397.0
2024-05-01 04:00:00,0.00015898,0.00015946,0.00015669,0.00015687,292732885.0
2024-05-01 05:00:00,0.00015687,0.00015777,0.00015428,0.00015526,474519518.0
2024-05-01 06:00:00,0.00015526,0.00015553,0.000152,0.00015203,397406506.0
2024-05-01 07:00:00,0.00015203,0.00015271,0.00014437,0.00014617,2345059130.0
2024-05-01 08:00:00,0.00014617,0.00014764,0.00014313,0.00014604,903582587.0
2024-05-01 09:00:00,0.00014604,0.00014809,0.00014473,0.00014488,777480857.0
2024-05-01 10:00:00,0.00014488,0.00014718,0.00014468,0.0001471,878882690.0
2024-05-01 11:00:00,0.0001471,0.00014885,0.00014591,0.00014885,169646448.0
2024-05-01 12:00:00,0.00014885,0.000154,0.00014838,0.00015142,1715318833.0
2024-05-01 13:00:00,0.00015142,0.00015163,0.00014872,0.00014983,509626700.0
2024-05-01 14:00:00,0.00014983,0.00015082,0.00014846,0.00014933,607629231.0
2024-05-01 15:00:00,0.00014933,0.00014936,0.00014644,0.000148,642473752.0
2024-05-01 16:00:00,0.000148,0.0001508,0.00014701,0.00014912,408716816.0
2024-05-01 17:00:00,0.00014912,0.00015442,0.00014781,0.00015411,486517877.0
2024-05-01 18:00:00,0.00015411,0.00016712,0.00015411,0.00016343,1899429074.0
2024-05-01 19:00:00,0.00016343,0.0001652,0.00015512,0.00015579,1153037835.0
2024-05-01 20:00:00,0.00015579,0.00015811,0.0001544,0.00015673,928836600.0
2024-05-01 21:00:00,0.00015673,0.00015918,0.00015592,0.00015771,316968281.0
2024-05-01 22:00:00,0.00015771,0.00016041,0.00015722,0.00015773,1611217095.0
2024-05-01 23:00:00,0.00015773,0.00015955,0.00015721,0.00015847,1597434055.0
2024-05-02 00:00:00,0.00015847,0.00015899,0.00015417,0.00015457,514828521.0
2024-05-02 01:00:00,0.00015457,0.00015499,0.00015142,0.00015229,585410577.0
2024-05-02 02:00:00,0.00015229,0.00015354,0.0001515,0.00015271,149484414.0
2024-05-02 03:00:00,0.00015271,0.00015418,0.00015266,0.00015291,116635860.0
2024-05-02 04:00:00,0.00015291,0.00015482,0.00015121,0.00015196,210337677.0
2024-05-02 05:00:00,0.00015196,0.00015208,0.00015022,0.00015189,264722898.0
2024-05-02 06:00:00,0.00015189,0.00015279,0.00015145,0.00015191,169576337.0
2024-05-02 07:00:00,0.00015191,0.00015548,0.00015178,0.00015372,565721642.0
2024-05-02 08:00:00,0.00015372,0.0001561,0.00015318,0.00015536,687009667.0
2024-05-02 09:00:00,0.00015536,0.00015615,0.00015442,0.00015579,575545687.0
2024-05-02 10:00:00,0.00015579,0.00015661,0.00015408,0.00015606,498673027.0
2024-05-02 11:00:00,0.00015606,0.00016415,0.00015595,0.00016275,3973765069.0
2024-05-02 12:00:00,0.00016275,0.0001691,0.00016173,0.00016466,4544645297.0
2024-05-02 13:00:00,0.00016466,0.0001661,0.00016126,0.00016239,1466575420.0
2024-05-02 14:00:00,0.00016239,0.00017,0.00016142,0.00016768,1608416013.0
2024-05-02 15:00:00,0.00016768,0.00017182,0.00016647,0.00016797,3391832857.0
2024-05-02 16:00:00,0.00016797,0.00016806,0.00016567,0.00016606,894636539.0
2024-05-02 17:00:00,0.00016606,0.00016839,0.00016554,0.00016735,560601878.0
2024-05-02 18:00:00,0.00016735,0.00016799,0.00016465,0.00016548,710440747.0
2024-05-02 19:00:00,0.00016548,0.00016602,0.00016429,0.00016594,444267767.0
2024-05-02 20:00:00,0.00016594,0.0001665,0.0001632,0.00016392,744865854.0
2024-05-02 21:00:00,0.00016392,0.00016818,0.00016375,0.00016666,398698431.0
2024-05-02 22:00:00,0.00016666,0.00016814,0.00016584,0.00016634,239335943.0
2024-05-02 23:00:00,0.00016634,0.00016653,0.00016381,0.00016397,269101300.0
2024-05-03 00:00:00,0.00016397,0.00016448,0.00016141,0.00016317,529966297.0
2024-05-03 01:00:00,0.00016317,0.00017218,0.00016282,0.00016838,918846517.0
2024-05-03 02:00:00,0.00016838,0.00017136,0.00016613,0.00016729,447070147.0
2024-05-03 03:00:00,0.00016729,0.0001695,0.00016698,0.00016793,990519147.0
2024-05-03 04:00:00,0.00016793,0.00016947,0.00016639,0.00016799,778534064.0
2024-05-03 05:00:00,0.00016799,0.00016891,0.0001661,0.00016639,628338191.0
2024-05-03 06:00:00,0.00016639,0.00016733,0.00016453,0.00016458,596428581.0
2024-05-03 07:00:00,0.00016458,0.00016611,0.00016286,0.00016334,378766809.0
2024-05-03 08:00:00,0.00016334,0.00016556,0.00016304,0.00016425,1073865439.0
2024-05-03 09:00:00,0.00016425,0.00016785,0.00016422,0.00016658,453800198.0
2024-05-03 10:00:00,0.00016658,0.00016671,0.00016251,0.00016358,556386756.0
2024-05-03 11:00:00,0.00016358,0.00016441,0.00016264,0.00016371,374058632.0
2024-05-03 12:00:00,0.00016371,0.0001712,0.00016312,0.0001707,3295961933.0
2024-05-03 13:00:00,0.0001707,0.00017178,0.00016768,0.00017049,2010808547.0
2024-05-03 14:00:00,0.00017049,0.00017336,0.00016777,0.00016981,1782937144.0
2024-05-03 15:00:00,0.00016981,0.00017021,0.00016763,0.00016974,649164302.0
2024-05-03 16:00:00,0.00016974,0.00017274,0.00016969,0.00017087,2668817769.0
2024-05-03 17:00:00,0.00017087,0.00017145,0.0001697,0.00017078,1170011209.0
2024-05-03 18:00:00,0.00017078,0.00017155,0.00016983,0.00017005,357690688.0
2024-05-03 19:00:00,0.00017005,0.00017137,0.00016904,0.00017127,261469048.0
2024-05-03 20:00:00,0.00017127,0.00017537,0.00017083,0.00017386,2029026678.0
2024-05-03 21:00:00,0.00017386,0.00017486,0.00017134,0.00017301,667557433.0
2024-05-03 22:00:00,0.00017301,0.00017448,0.00017294,0.00017375,2652290986.0
2024-05-03 23:00:00,0.00017375,0.00017701,0.00017364,0.00017485,1552764174.0
2024-05-04 00:00:00,0.00017485,0.00018128,0.00017456,0.0001792,2968012722.0
2024-05-04 01:00:00,0.0001792,0.00018329,0.00017755,0.00017924,1794785947.0
2024-05-04 02:00:00,0.00017924,0.00018773,0.00017827,0.00018721,5717350338.0
2024-05-04 03:00:00,0.00018721,0.00019781,0.00018721,0.00019223,9231323296.0
2024-05-04 04:00:00,0.00019223,0.00019662,0.00019179,0.00019498,4480263884.0
2024-05-04 05:00:00,0.00019498,0.00019599,0.00019231,0.00019474,2912018614.0
2024-05-04 06:00:00,0.00019474,0.00019536,0.00019024,0.00019198,2412428020.0
2024-05-04 07:00:00,0.00019198,0.00019331,0.00019141,0.00019151,1027008070.0
2024-05-04 08:00:00,0.00019151,0.00019447,0.00019127,0.00019271,1317659130.0
2024-05-04 09:00:00,0.00019271,0.00019336,0.00018867,0.00019028,2078203146.0
2024-05-04 10:00:00,0.00019028,0.00019591,0.00018945,0.00019557,5290959464.0
2024-05-04 11:00:00,0.00019557,0.00020314,0.00019409,0.00019877,12231195083.0
2024-05-04 12:00:00,0.00019877,0.0002021,0.00019638,0.00020069,4895036545.0
2024-05-04 13:00:00,0.00020069,0.00020205,0.00019487,0.00019803,4293610488.0
2024-05-04 14:00:00,0.00019803,0.00019933,0.0001956,0.00019648,3044579310.0
2024-05-04 15:00:00,0.00019648,0.00019831,0.00019217,0.00019389,3328158750.0
2024-05-04 16:00:00,0.00019389,0.00019451,0.00019135,0.00019232,1221772136.0
2024-05-04 17:00:00,0.00019232,0.00019312,0.00018941,0.00019042,3355416615.0
2024-05-04 18:00:00,0.00019042,0.00019427,0.00018965,0.00019286,2602168192.0
2024-05-04 19:00:00,0.00019286,0.00019576,0.000192,0.00019467,767716018.0
2024-05-04 20:00:00,0.00019467,0.00019614,0.00019376,0.00019427,545950001.0
2024-05-04 21:00:00,0.00019427,0.00019504,0.00019148,0.00019285,1330519077.0
2024-05-04 22:00:00,0.00019285,0.0001936,0.00019121,0.00019168,1125891927.0
2024-05-04 23:00:00,0.00019168,0.00019329,0.00019124,0.00019202,662116044.0
2024-05-05 00:00:00,0.00019202,0.00019332,0.00018946,0.00019041,1440042672.0
2024-05-05 01:00:00,0.00019041,0.0001918,0.00018552,0.00018866,2614728776.0
2024-05-05 02:00:00,0.00018866,0.0001902,0.00018681,0.00018789,1427030271.0
2024-05-05 03:00:00,0.00018789,0.00018979,0.00018732,0.00018958,1173460444.0
2024-05-05 04:00:00,0.00018958,0.00019141,0.00018807,0.00018912,2475330195.0
2024-05-05 05:00:00,0.00018912,0.000191,0.00018689,0.00018853,1222494069.0
2024-05-05 06:00:00,0.00018853,0.00019307,0.00018831,0.00019148,1085171858.0
2024-05-05 07:00:00,0.00019148,0.00019648,0.00019148,0.0001938,3130044130.0
2024-05-05 08:00:00,0.0001938,0.0001958,0.00019233,0.00019346,933813262.0
2024-05-05 09:00:00,0.00019346,0.00019346,0.00019115,0.00019143,5791704300.0
2024-05-05 10:00:00,0.00019143,0.00019261,0.00018897,0.00019004,1034628961.0
2024-05-05 11:00:00,0.00019004,0.00019178,0.00018918,0.00019074,439411370.0
2024-05-05 12:00:00,0.00019074,0.0001912,0.00018945,0.00018989,1063742749.0
2024-05-05 13:00:00,0.00018989,0.0001943,0.00018932,0.00019237,2115248610.0
2024-05-05 14:00:00,0.00019237,0.00019237,0.00018967,0.00019098,1022884792.0
2024-05-05 15:00:00,0.00019098,0.00019225,0.00018897,0.00019184,1368662523.0
2024-05-05 16:00:00,0.00019184,0.00019208,0.0001894,0.0001897,655674739.0
2024-05-05 17:00:00,0.0001897,0.0001897,0.0001867,0.00018751,1150708597.0
2024-05-05 18:00:00,0.00018751,0.00018777,0.00018579,0.00018696,1289111988.0
2024-05-05 19:00:00,0.00018696,0.00018887,0.0001869,0.00018782,906179937.0
2024-05-05 20:00:00,0.00018782,0.0001887,0.00018678,0.00018726,313808882.0
2024-05-05 21:00:00,0.00018726,0.00018849,0.00018607,0.00018758,2097279715.0
2024-05-05 22:00:00,0.00018758,0.00018766,0.000186,0.00018673,273563689.0
2024-05-05 23:00:00,0.00018673,0.0001885,0.00018671,0.0001877,145127689.0
2024-05-06 00:00:00,0.0001877,0.00019162,0.00018754,0.000191,1178656208.0
2024-05-06 01:00:00,0.000191,0.00019279,0.00018937,0.00018989,2097037280.0
2024-05-06 02:00:00,0.00018989,0.00019387,0.00018937,0.0001909,1480329169.0
2024-05-06 03:00:00,0.0001909,0.00019131,0.00018902,0.00018945,1125440337.0
2024-05-06 04:00:00,0.00018945,0.0001917,0.00018857,0.00019163,719246099.0
2024-05-06 05:00:00,0.00019163,0.00019313,0.00019039,0.00019235,1628178879.0
2024-05-06 06:00:00,0.00019235,0.00019386,0.0001912,0.00019148,2479518387.0
2024-05-06 07:00:00,0.00019148,0.00019273,0.000191,0.00019149,1071419151.0
2024-05-06 08:00:00,0.00019149,0.00020009,0.00019149,0.00019445,5142215069.0
2024-05-06 09:00:00,0.00019445,0.0001975,0.00019445,0.00019594,1524072839.0
2024-05-06 10:00:00,0.00019594,0.00019925,0.00018885,0.00019,3588236878.0
2024-05-06 11:00:00,0.00019,0.00019261,0.00018924,0.00019032,1498763883.0
2024-05-06 12:00:00,0.00019032,0.00019135,0.00018232,0.00018512,2151849033.0
2024-05-06 13:00:00,0.00018512,0.00018843,0.00018417,0.00018776,2524619782.0
2024-05-06 14:00:00,0.00018776,0.00018936,0.00018489,0.000185,2452052869.0
2024-05-06 15:00:00,0.000185,0.0001872,0.00018367,0.0001859,1181561384.0
2024-05-06 16:00:00,0.0001859,0.000186,0.00018243,0.00018286,838038062.0
2024-05-06 17:00:00,0.00018286,0.00018444,0.00018076,0.0001818,1743360685.0
2024-05-06 18:00:00,0.0001818,0.00018391,0.00018108,0.00018322,377207217.0
2024-05-06 19:00:00,0.00018322,0.00018325,0.00017846,0.00018013,927113763.0
2024-05-06 20:00:00,0.00018013,0.00018189,0.00017956,0.00018126,376937128.0
2024-05-06 21:00:00,0.00018126,0.00018239,0.00018055,0.0001815,1287713907.0
2024-05-06 22:00:00,0.0001815,0.0001815,0.00017966,0.00018045,411369681.0
2024-05-06 23:00:00,0.00018045,0.00018048,0.00017858,0.00017917,186496905.0
2024-05-07 00:00:00,0.00017917,0.00018195,0.00017809,0.00018061,1156272367.0
2024-05-07 01:00:00,0.00018061,0.00018419,0.0001801,0.00018337,1211354708.0
2024-05-07 02:00:00,0.00018337,0.00018373,0.00018081,0.00018156,670641863.0
2024-05-07 03:00:00,0.00018156,0.0001818,0.0001762,0.00017778,1305376689.0
2024-05-07 04:00:00,0.00017778,0.00017971,0.0001775,0.00017965,318619550.0
2024-05-07 05:00:00,0.00017965,0.00017965,0.00017606,0.00017821,1254719717.0
2024-05-07 06:00:00,0.00017821,0.00017852,0.00017679,0.00017782,644436077.0
2024-05-07 07:00:00,0.00017782,0.00018014,0.00017773,0.00017939,356110616.0
2024-05-07 08:00:00,0.00017939,0.00018331,0.00017913,0.00018216,1906889372.0
2024-05-07 09:00:00,0.00018216,0.00018267,0.0001807,0.00018097,1474860366.0
2024-05-07 10:00:00,0.00018097,0.00018134,0.00017936,0.00018113,560313567.0
2024-05-07 11:00:00,0.00018113,0.00018132,0.00017805,0.00017841,599540177.0
2024-05-07 12:00:00,0.00017841,0.00018056,0.00017838,0.00017984,447172274.0
2024-05-07 13:00:00,0.00017984,0.00018004,0.00017747,0.00017804,944837236.0
2024-05-07 14:00:00,0.00017804,0.0001822,0.00017752,0.00018215,884883697.0
2024-05-07 15:00:00,0.00018215,0.00018347,0.00018007,0.00018011,506335450.0
2024-05-07 16:00:00,0.00018011,0.00018159,0.00017919,0.00017972,272564834.0
2024-05-07 17:00:00,0.00017972,0.00017977,0.00017845,0.0001787,317876255.0
2024-05-07 18:00:00,0.0001787,0.0001788,0.00017671,0.00017809,369232984.0
2024-05-07 19:00:00,0.00017809,0.00017844,0.00017653,0.00017674,461333244.0
2024-05-07 20:00:00,0.00017674,0.0001781,0.00017617,0.00017665,267995926.0
2024-05-07 21:00:00,0.00017665,0.00017795,0.00017347,0.00017524,950147624.0
2024-05-07 22:00:00,0.00017524,0.00017524,0.00017284,0.00017355,602036909.0
2024-05-07 23:00:00,0.00017355,0.00017357,0.00017109,0.00017113,788226266.0
2024-05-08 00:00:00,0.00017113,0.00017301,0.00016975,0.00017231,643267245.0
2024-05-08 01:00:00,0.00017231,0.00017302,0.00017121,0.00017158,689660584.0
2024-05-08 02:00:00,0.00017158,0.00017302,0.00017158,0.00017178,997367980.0
2024-05-08 03:00:00,0.00017178,0.00017301,0.00017091,0.00017248,322728036.0
2024-05-08 04:00:00,0.00017248,0.00017331,0.00016986,0.00017084,883023181.0
2024-05-08 05:00:00,0.00017084,0.00017182,0.00017009,0.00017062,371505468.0
2024-05-08 06:00:00,0.00017062,0.00017148,0.00016833,0.00017037,474799897.0
2024-05-08 07:00:00,0.00017037,0.00017101,0.00016916,0.00016972,354187448.0
2024-05-08 08:00:00,0.00016972,0.00017071,0.00016856,0.00016991,408253751.0
2024-05-08 09:00:00,0.00016991,0.00017016,0.00016681,0.00016879,665187866.0
2024-05-08 10:00:00,0.00016879,0.00017025,0.00016857,0.00016952,700694725.0
2024-05-08 11:00:00,0.00016952,0.00016984,0.00016766,0.00016784,310097886.0
2024-05-08 12:00:00,0.00016784,0.00016955,0.00016712,0.00016828,318018822.0
2024-05-08 13:00:00,0.00016828,0.00017198,0.00016737,0.00017092,4051818259.0
2024-05-08 14:00:00,0.00017092,0.00017272,0.00016915,0.00017113,1917878725.0
2024-05-08 15:00:00,0.00017113,0.00017171,0.00016803,0.00016953,707463947.0
2024-05-08 16:00:00,0.00016953,0.00017135,0.000167,0.00017124,497393761.0
2024-05-08 17:00:00,0.00017124,0.00017272,0.00017034,0.00017088,1050633979.0
2024-05-08 18:00:00,0.00017088,0.00017287,0.00017046,0.00017152,560176274.0
2024-05-08 19:00:00,0.00017152,0.0001717,0.00016824,0.00016847,360943984.0
2024-05-08 20:00:00,0.00016847,0.00016932,0.00016409,0.00016553,1558054137.0
2024-05-08 21:00:00,0.00016553,0.0001671,0.00016452,0.00016639,666760740.0
2024-05-08 22:00:00,0.00016639,0.00017121,0.00016505,0.00016996,5609545480.0
2024-05-08 23:00:00,0.00016996,0.00017124,0.00016859,0.00017006,422719159.0
2024-05-09 00:00:00,0.00017006,0.00017165,0.00016993,0.00017088,546000276.0
2024-05-09 01:00:00,0.00017088,0.00017258,0.00017083,0.00017231,305311227.0
2024-05-09 02:00:00,0.00017231,0.00017472,0.000172,0.00017316,482156071.0
2024-05-09 03:00:00,0.00017316,0.00017574,0.00017204,0.00017407,573471688.0
2024-05-09 04:00:00,0.00017407,0.000178,0.00017381,0.00017448,2219725994.0
2024-05-09 05:00:00,0.00017448,0.000178,0.00017389,0.00017696,685185117.0
2024-05-09 06:00:00,0.00017696,0.00017905,0.00017491,0.00017589,539372138.0
2024-05-09 07:00:00,0.00017589,0.0001759,0.00017263,0.00017328,562216336.0
2024-05-09 08:00:00,0.00017328,0.00017387,0.00017192,0.00017294,664036043.0
2024-05-09 09:00:00,0.00017294,0.00017318,0.00016903,0.0001702,490239602.0
2024-05-09 10:00:00,0.0001702,0.00017097,0.00016796,0.00016799,930527583.0
2024-05-09 11:00:00,0.00016799,0.00017081,0.00016712,0.00016993,753417258.0
2024-05-09 12:00:00,0.00016993,0.00017392,0.00016972,0.00017313,1063349046.0
2024-05-09 13:00:00,0.00017313,0.00017343,0.00016956,0.00017077,663838715.0
2024-05-09 14:00:00,0.00017077,0.0001721,0.00016941,0.00017142,412440568.0
2024-05-09 15:00:00,0.00017142,0.000179,0.00017092,0.00017866,4720911485.0
2024-05-09 16:00:00,0.00017866,0.0001848,0.00017597,0.00017638,5704454689.0
2024-05-09 17:00:00,0.00017638,0.00017803,0.00017544,0.00017644,854335288.0
2024-05-09 18:00:00,0.00017644,0.00017772,0.00017521,0.00017668,421585026.0
2024-05-09 19:00:00,0.00017668,0.00017799,0.00017618,0.00017764,336612207.0
2024-05-09 20:00:00,0.00017764,0.0001787,0.0001764,0.00017751,558481350.0
2024-05-09 21:00:00,0.00017751,0.00018037,0.00017735,0.00017874,718143411.0
2024-05-09 22:00:00,0.00017874,0.00018225,0.00017831,0.00018138,518005572.0
2024-05-09 23:00:00,0.00018138,0.00018148,0.00017905,0.00017927,479680590.0
2024-05-10 00:00:00,0.00017927,0.00017949,0.00017718,0.00017816,231261143.0
2024-05-10 01:00:00,0.00017816,0.00018182,0.00017724,0.00018071,600241387.0
2024-05-10 02:00:00,0.00018071,0.00018201,0.00017929,0.00018012,464865307.0
2024-05-10 03:00:00,0.00018012,0.00018136,0.000179,0.00018028,1887164907.0
2024-05-10 04:00:00,0.00018028,0.00018104,0.00017907,0.00017959,894336287.0
2024-05-10 05:00:00,0.00017959,0.00017989,0.00017768,0.00017823,529057477.0
2024-05-10 06:00:00,0.00017823,0.00018085,0.0001779,0.00018078,292878244.0
2024-05-10 07:00:00,0.00018078,0.00018165,0.00017947,0.00017956,580750218.0
2024-05-10 08:00:00,0.00017956,0.00017971,0.00017824,0.00017922,999281876.0
2024-05-10 09:00:00,0.00017922,0.0001803,0.00017811,0.00018015,373787272.0
2024-05-10 10:00:00,0.00018015,0.00018058,0.00017856,0.00018017,510437416.0
2024-05-10 11:00:00,0.00018017,0.00018125,0.0001785,0.00018106,625820541.0
2024-05-10 12:00:00,0.00018106,0.00018158,0.00017876,0.00017883,825604852.0
2024-05-10 13:00:00,0.00017883,0.0001796,0.0001776,0.00017847,1016582198.0
2024-05-10 14:00:00,0.00017847,0.00017847,0.00016848,0.00017051,2768284699.0
2024-05-10 15:00:00,0.00017051,0.00017296,0.00016947,0.00017095,842963027.0
2024-05-10 16:00:00,0.00017095,0.00017277,0.00016804,0.00017104,902220111.0
2024-05-10 17:00:00,0.00017104,0.00017134,0.00016818,0.00016974,289612734.0
2024-05-10 18:00:00,0.00016974,0.00017039,0.00016861,0.00017029,715930106.0
2024-05-10 19:00:00,0.00017029,0.00017085,0.00016906,0.00016953,234514877.0
2024-05-10 20:00:00,0.00016953,0.00017054,0.00016602,0.00016766,4634939945.0
2024-05-10 21:00:00,0.00016766,0.00016859,0.0001675,0.00016789,324980501.0
2024-05-10 22:00:00,0.00016789,0.00016881,0.0001666,0.00016777,536395559.0
2024-05-10 23:00:00,0.00016777,0.00016922,0.0001677,0.00016832,621519997.0
2024-05-11 00:00:00,0.00016832,0.00017059,0.00016832,0.00016931,2038085313.0
2024-05-11 01:00:00,0.00016931,0.00017329,0.00016916,0.00017131,894180836.0
2024-05-11 02:00:00,0.00017131,0.0001724,0.00017015,0.00017087,326671856.0
2024-05-11 03:00:00,0.00017087,0.00017103,0.00016939,0.00016946,490494074.0
2024-05-11 04:00:00,0.00016946,0.00016997,0.00016894,0.00016912,254821403.0
2024-05-11 05:00:00,0.00016912,0.00017099,0.00016912,0.00017058,565100875.0
2024-05-11 06:00:00,0.00017058,0.00017211,0.00017041,0.0001707,868181884.0
2024-05-11 07:00:00,0.0001707,0.00017205,0.00017051,0.0001713,221544079.0
2024-05-11 08:00:00,0.0001713,0.00017173,0.00016961,0.00016968,262029115.0
2024-05-11 09:00:00,0.00016968,0.00017114,0.00016947,0.00017092,249023847.0
2024-05-11 10:00:00,0.00017092,0.00017094,0.00016893,0.00016973,472511082.0
2024-05-11 11:00:00,0.00016973,0.00017027,0.00016825,0.00016951,292361675.0
2024-05-11 12:00:00,0.00016951,0.00017112,0.00016951,0.00017033,558237160.0
2024-05-11 13:00:00,0.00017033,0.00017217,0.00016982,0.00017194,439665627.0
2024-05-11 14:00:00,0.00017194,0.00017222,0.00017,0.00017114,373580852.0
2024-05-11 15:00:00,0.00017114,0.0001756,0.00017114,0.00017373,2174280264.0
2024-05-11 16:00:00,0.00017373,0.00017464,0.00017183,0.00017254,359495499.0
2024-05-11 17:00:00,0.00017254,0.00017289,0.00017162,0.0001724,185905505.0
2024-05-11 18:00:00,0.0001724,0.00017298,0.00017189,0.00017235,151231437.0
2024-05-11 19:00:00,0.00017235,0.00017235,0.00017126,0.0001717,128031609.0
2024-05-11 20:00:00,0.0001717,0.0001717,0.00016975,0.00017106,262248967.0
2024-05-11 21:00:00,0.00017106,0.00017106,0.00017003,0.00017042,149407226.0
2024-05-11 22:00:00,0.00017042,0.00017085,0.00016951,0.00017011,169541914.0
2024-05-11 23:00:00,0.00017011,0.00017027,0.00016909,0.00016944,103610176.0
2024-05-12 00:00:00,0.00016944,0.00017077,0.00016919,0.00016994,318223149.0
2024-05-12 01:00:00,0.00016994,0.0001705,0.00016943,0.00016983,213231988.0
2024-05-12 02:00:00,0.00016983,0.00017067,0.00016949,0.00017012,152506369.0
2024-05-12 03:00:00,0.00017012,0.00017015,0.00016916,0.00016938,145016468.0
2024-05-12 04:00:00,0.00016938,0.00017033,0.00016917,0.0001702,1150168762.0
2024-05-12 05:00:00,0.0001702,0.00017049,0.00016974,0.00017045,300740752.0
2024-05-12 06:00:00,0.00017045,0.00017046,0.00016931,0.00016948,328491332.0
2024-05-12 07:00:00,0.00016948,0.00017013,0.00016756,0.00016829,536738399.0
2024-05-12 08:00:00,0.00016829,0.00016998,0.0001681,0.00016973,699183926.0
2024-05-12 09:00:00,0.00016973,0.00016997,0.00016914,0.00016972,323870018.0
2024-05-12 10:00:00,0.00016972,0.00017224,0.00016955,0.00017093,345817597.0
2024-05-12 11:00:00,0.00017093,0.00017135,0.00017018,0.00017037,213684331.0
2024-05-12 12:00:00,0.00017037,0.00017084,0.00017007,0.00017036,165827107.0
2024-05-12 13:00:00,0.00017036,0.0001709,0.00016989,0.00017068,306035141.0
2024-05-12 14:00:00,0.00017068,0.00017191,0.00017018,0.00017029,448202563.0
2024-05-12 15:00:00,0.00017029,0.00017254,0.00017019,0.00017229,652372380.0
2024-05-12 16:00:00,0.00017229,0.00017324,0.00017089,0.00017094,511190022.0
2024-05-12 17:00:00,0.00017094,0.00017128,0.00016994,0.00017102,278551571.0
2024-05-12 18:00:00,0.00017102,0.00017111,0.0001698,0.00016989,231238182.0
2024-05-12 19:00:00,0.00016989,0.00017042,0.00016901,0.00017007,333220738.0
2024-05-12 20:00:00,0.00017007,0.00017028,0.00016918,0.00016977,208663368.0
2024-05-12 21:00:00,0.00016977,0.00016979,0.0001679,0.00016946,218118716.0
2024-05-12 22:00:00,0.00016946,0.00016963,0.00016862,0.00016934,177540252.0
2024-05-12 23:00:00,0.00016934,0.00017022,0.00016892,0.00016924,268021070.0
2024-05-13 00:00:00,0.00016924,0.00017103,0.0001692,0.00017039,204549100.0
2024-05-13 01:00:00,0.00017039,0.00017049,0.00016655,0.00016768,563589312.0
2024-05-13 02:00:00,0.00016768,0.00016803,0.00016116,0.00016273,1780612782.0
2024-05-13 03:00:00,0.00016273,0.00016273,0.0001598,0.00016183,859848845.0
2024-05-13 04:00:00,0.00016183,0.00016183,0.00015911,0.00016013,680912625.0
2024-05-13 05:00:00,0.00016013,0.00016154,0.00015961,0.00016056,433987571.0
2024-05-13 06:00:00,0.00016056,0.00016614,0.00016043,0.00016558,1345164349.0
2024-05-13 07:00:00,0.00016558,0.00017063,0.00016506,0.00016991,2391434582.0
2024-05-13 08:00:00,0.00016991,0.00017613,0.00016986,0.00017302,4462194318.0
2024-05-13 09:00:00,0.00017302,0.00017477,0.00017241,0.00017347,1155415544.0
2024-05-13 10:00:00,0.00017347,0.00017362,0.00016988,0.00017144,1391271291.0
2024-05-13 11:00:00,0.00017144,0.00017315,0.00017046,0.00017233,586582183.0
2024-05-13 12:00:00,0.00017233,0.00018124,0.00017152,0.00018124,5848613421.0
2024-05-13 13:00:00,0.00018124,0.00018863,0.0001784,0.00018509,11192795710.0
2024-05-13 14:00:00,0.00018509,0.00019154,0.0001843,0.0001847,6694886258.0
2024-05-13 15:00:00,0.0001847,0.00018781,0.00018399,0.00018511,2829934305.0
2024-05-13 16:00:00,0.00018511,0.00019636,0.000185,0.00019131,13205005072.0
2024-05-13 17:00:00,0.00019131,0.00019238,0.00018376,0.00018525,8779265513.0
2024-05-13 18:00:00,0.00018525,0.00018568,0.0001794,0.00018211,2940240002.0
2024-05-13 19:00:00,0.00018211,0.00018973,0.00018211,0.00018592,4941912924.0
2024-05-13 20:00:00,0.00018592,0.00018595,0.00018344,0.00018474,1464144309.0
2024-05-13 21:00:00,0.00018474,0.00018551,0.00018162,0.00018297,1065016360.0
2024-05-13 22:00:00,0.00018297,0.00018383,0.00018013,0.00018048,3119805696.0
2024-05-13 23:00:00,0.00018048,0.00018472,0.00018043,0.00018346,2715088630.0
2024-05-14 00:00:00,0.00018346,0.00018816,0.00018229,0.00018559,2790514667.0
2024-05-14 01:00:00,0.00018559,0.00019155,0.00018377,0.00018622,4969140404.0
2024-05-14 02:00:00,0.00018622,0.0001904,0.00018425,0.00018957,7778652546.0
2024-05-14 03:00:00,0.00018957,0.00019243,0.00018614,0.00018779,6267019680.0
2024-05-14 04:00:00,0.00018779,0.00019574,0.00018745,0.00019403,10180985375.0
2024-05-14 05:00:00,0.00019403,0.00019827,0.00019259,0.00019512,6945353750.0
2024-05-14 06:00:00,0.00019512,0.0001953,0.00018717,0.00019047,7095993949.0
2024-05-14 07:00:00,0.00019047,0.00019573,0.00018736,0.00019495,6057240972.0
2024-05-14 08:00:00,0.00019495,0.00019762,0.00019001,0.0001913,10653912478.0
2024-05-14 09:00:00,0.0001913,0.0001944,0.0001882,0.00018864,4171572906.0
2024-05-14 10:00:00,0.00018864,0.00019144,0.00018785,0.00019079,3227275408.0
2024-05-14 11:00:00,0.00019079,0.00019596,0.00019049,0.00019486,4263149453.0
2024-05-14 12:00:00,0.00019486,0.000205,0.00019443,0.00019728,21975622519.0
2024-05-14 13:00:00,0.00019728,0.00020693,0.00019503,0.00019969,11528256163.0
2024-05-14 14:00:00,0.00019969,0.00020477,0.0001935,0.00019666,12091938537.0
2024-05-14 15:00:00,0.00019666,0.00019911,0.00019026,0.00019223,5796507701.0
2024-05-14 16:00:00,0.00019223,0.00019228,0.00018328,0.00018629,7346900323.0
2024-05-14 17:00:00,0.00018629,0.00018775,0.00018432,0.00018513,1934090955.0
2024-05-14 18:00:00,0.00018513,0.00019217,0.00018475,0.00019017,3722922121.0
2024-05-14 19:00:00,0.00019017,0.00019135,0.00018808,0.00018865,2826644077.0
2024-05-14 20:00:00,0.00018865,0.00019117,0.00018761,0.0001892,1015631813.0
2024-05-14 21:00:00,0.0001892,0.00019033,0.0001864,0.00018989,1619312142.0
2024-05-14 22:00:00,0.00018989,0.00019026,0.0001865,0.00018906,1264558904.0
2024-05-14 23:00:00,0.00018906,0.00018925,0.00018686,0.00018886,559908234.0
2024-05-15 00:00:00,0.00018886,0.00019429,0.00018886,0.00019009,7529395185.0
2024-05-15 01:00:00,0.00019009,0.00019566,0.00018976,0.00019431,2411516317.0
2024-05-15 02:00:00,0.00019431,0.00019497,0.00019193,0.00019423,3278287123.0
2024-05-15 03:00:00,0.00019423,0.00019737,0.00019368,0.00019501,2299038072.0
2024-05-15 04:00:00,0.00019501,0.00019843,0.00019489,0.00019619,5198088773.0
2024-05-15 05:00:00,0.00019619,0.00020062,0.00019507,0.00019812,3938689567.0
2024-05-15 06:00:00,0.00019812,0.00020724,0.00019811,0.00020695,15448903182.0
2024-05-15 07:00:00,0.00020695,0.00021816,0.00020651,0.00021779,18581530456.0
2024-05-15 08:00:00,0.00021779,0.0002245,0.00021498,0.00021959,25433585713.0
2024-05-15 09:00:00,0.00021959,0.00022213,0.00021414,0.00021806,13872364569.0
2024-05-15 10:00:00,0.00021806,0.00022484,0.00021587,0.00022041,12557889628.0
2024-05-15 11:00:00,0.00022041,0.00022061,0.00021452,0.00021916,13270130835.0
2024-05-15 12:00:00,0.00021916,0.00022666,0.00021132,0.00021669,32437421843.0
2024-05-15 13:00:00,0.00021669,0.00022153,0.00021548,0.00021712,16064325561.0
2024-05-15 14:00:00,0.00021712,0.00022472,0.00021678,0.00022385,13862608637.0
2024-05-15 15:00:00,0.00022385,0.00022918,0.00021398,0.00021439,20294777255.0
2024-05-15 16:00:00,0.00021439,0.00021588,0.00020717,0.00021045,12276800956.0
2024-05-15 17:00:00,0.00021045,0.0002136,0.00020845,0.00021266,12432463010.0
2024-05-15 18:00:00,0.00021266,0.00021483,0.00021014,0.00021274,8365616923.0
2024-05-15 19:00:00,0.00021274,0.00021274,0.00020905,0.0002101,4822632695.0
2024-05-15 20:00:00,0.0002101,0.00021327,0.0002089,0.00021207,4143058226.0
2024-05-15 21:00:00,0.00021207,0.00021517,0.00021163,0.00021385,2246746796.0
2024-05-15 22:00:00,0.00021385,0.00021437,0.0002115,0.00021231,923668736.0
2024-05-15 23:00:00,0.00021231,0.00021464,0.00021038,0.00021044,1676087062.0
2024-05-16 00:00:00,0.00021044,0.0002136,0.00020722,0.00020844,3509111441.0
2024-05-16 01:00:00,0.00020844,0.00021368,0.00020682,0.00021319,4898447619.0
2024-05-16 02:00:00,0.00021319,0.0002171,0.00021018,0.00021135,5865788819.0
2024-05-16 03:00:00,0.00021135,0.00021266,0.00020851,0.00021191,3841588077.0
2024-05-16 04:00:00,0.00021191,0.00021374,0.00020918,0.00021202,1903357624.0
2024-05-16 05:00:00,0.00021202,0.00021889,0.00021167,0.00021802,5161481600.0
2024-05-16 06:00:00,0.00021802,0.00022276,0.00021556,0.00021572,9458065305.0
2024-05-16 07:00:00,0.00021572,0.00021776,0.0002139,0.00021554,3485576835.0
2024-05-16 08:00:00,0.00021554,0.00021853,0.00021402,0.00021528,2339156177.0
2024-05-16 09:00:00,0.00021528,0.00021775,0.00021129,0.00021208,4558387212.0
2024-05-16 10:00:00,0.00021208,0.00021321,0.00021056,0.00021309,1964699249.0
2024-05-16 11:00:00,0.00021309,0.00021434,0.00021042,0.000214,1833048066.0
2024-05-16 12:00:00,0.000214,0.000214,0.00020706,0.0002088,4103919603.0
2024-05-16 13:00:00,0.0002088,0.00020934,0.00020407,0.00020761,3218658232.0
2024-05-16 14:00:00,0.00020761,0.00020764,0.00019718,0.0001983,4828615361.0
2024-05-16 15:00:00,0.0001983,0.00020289,0.00019824,0.00020078,4146574931.0
2024-05-16 16:00:00,0.00020078,0.00020248,0.00019895,0.00020114,1540825914.0
2024-05-16 17:00:00,0.00020114,0.00020361,0.00019915,0.00020328,2181416847.0
2024-05-16 18:00:00,0.00020328,0.00020824,0.00020308,0.00020589,1897677676.0
2024-05-16 19:00:00,0.00020589,0.0002072,0.00020368,0.00020426,1027667493.0
2024-05-16 20:00:00,0.00020426,0.00020885,0.00020421,0.00020775,2248007173.0
2024-05-16 21:00:00,0.00020775,0.00020835,0.00020637,0.00020738,724723036.0
2024-05-16 22:00:00,0.00020738,0.00020842,0.00020569,0.0002067,399014656.0
2024-05-16 23:00:00,0.0002067,0.0002074,0.00020525,0.00020598,490947102.0
2024-05-17 00:00:00,0.00020598,0.00020927,0.00020483,0.00020662,2344160626.0
2024-05-17 01:00:00,0.00020662,0.00020662,0.00020262,0.0002066,2899898141.0
2024-05-17 02:00:00,0.0002066,0.00021592,0.0002066,0.00021359,5945212657.0
2024-05-17 03:00:00,0.00021359,0.00021751,0.00021198,0.00021656,5040141578.0
2024-05-17 04:00:00,0.00021656,0.00022101,0.00021514,0.00021529,3674687594.0
2024-05-17 05:00:00,0.00021529,0.00021574,0.00021266,0.00021346,2349144963.0
2024-05-17 06:00:00,0.00021346,0.00021356,0.00021066,0.00021113,2790300462.0
2024-05-17 07:00:00,0.00021113,0.00021631,0.00021111,0.00021219,2896634934.0
2024-05-17 08:00:00,0.00021219,0.00021383,0.00020656,0.00020801,5434521156.0
2024-05-17 09:00:00,0.00020801,0.00020891,0.0002065,0.00020762,1836474836.0
2024-05-17 10:00:00,0.00020762,0.0002077,0.00020623,0.00020737,1678665040.0
2024-05-17 11:00:00,0.00020737,0.00021132,0.000207,0.00020817,3498284389.0
2024-05-17 12:00:00,0.00020817,0.00021248,0.00020806,0.00021008,3001034558.0
2024-05-17 13:00:00,0.00021008,0.00021324,0.00020829,0.00021095,5807229443.0
2024-05-17 14:00:00,0.00021095,0.00021333,0.00021008,0.00021128,2317594727.0
2024-05-17 15:00:00,0.00021128,0.00021322,0.00020984,0.00021152,3131399028.0
2024-05-17 16:00:00,0.00021152,0.00021611,0.00021099,0.00021283,3257660194.0
2024-05-17 17:00:00,0.00021283,0.00021648,0.00021253,0.00021622,1825803034.0
2024-05-17 18:00:00,0.00021622,0.00021692,0.00021095,0.00021159,3787154890.0
2024-05-17 19:00:00,0.00021159,0.00021248,0.00021076,0.00021229,974284292.0
2024-05-17 20:00:00,0.00021229,0.00021259,0.00021127,0.00021195,462961624.0
2024-05-17 21:00:00,0.00021195,0.00021276,0.00021168,0.00021173,279973722.0
2024-05-17 22:00:00,0.00021173,0.00021214,0.00021102,0.00021131,391088111.0
2024-05-17 23:00:00,0.00021131,0.00021131,0.00021,0.00021015,705182477.0
2024-05-18 00:00:00,0.00021015,0.00021476,0.00020957,0.00021322,1470218800.0
2024-05-18 01:00:00,0.00021322,0.00021444,0.00020671,0.00020891,2908285370.0
2024-05-18 02:00:00,0.00020891,0.00021021,0.00020554,0.00020773,5106023613.0
2024-05-18 03:00:00,0.00020773,0.00020886,0.00020655,0.00020852,1344286413.0
2024-05-18 04:00:00,0.00020852,0.00020975,0.00020715,0.00020742,1369786035.0
2024-05-18 05:00:00,0.00020742,0.00020806,0.00020671,0.00020757,941887280.0
2024-05-18 06:00:00,0.00020757,0.00020895,0.00020668,0.00020798,784426215.0
2024-05-18 07:00:00,0.00020798,0.00020855,0.0002072,0.00020776,912788049.0
2024-05-18 08:00:00,0.00020776,0.00020882,0.00020723,0.00020847,619497998.0
2024-05-18 09:00:00,0.00020847,0.00021079,0.00020828,0.00021025,1274728793.0
2024-05-18 10:00:00,0.00021025,0.00021073,0.00020839,0.00020943,1389962616.0
2024-05-18 11:00:00,0.00020943,0.00020993,0.0002084,0.0002093,1426779454.0
2024-05-18 12:00:00,0.0002093,0.00021051,0.00020547,0.0002059,2128094277.0
2024-05-18 13:00:00,0.0002059,0.00020618,0.00020048,0.00020156,4004357639.0
2024-05-18 14:00:00,0.00020156,0.00020174,0.00019813,0.00019968,3028364652.0
2024-05-18 15:00:00,0.00019968,0.00020233,0.00019881,0.0002012,1401999624.0
2024-05-18 16:00:00,0.0002012,0.00020343,0.0002006,0.00020125,1182745193.0
2024-05-18 17:00:00,0.00020125,0.0002024,0.00020065,0.00020169,3360981001.0
2024-05-18 18:00:00,0.00020169,0.00020277,0.00020132,0.00020159,795533775.0
2024-05-18 19:00:00,0.00020159,0.00020289,0.00020125,0.00020269,653380490.0
2024-05-18 20:00:00,0.00020269,0.00020656,0.00020211,0.00020537,1957008930.0
2024-05-18 21:00:00,0.00020537,0.00020654,0.00020364,0.00020437,1239651318.0
2024-05-18 22:00:00,0.00020437,0.00020526,0.00020218,0.00020248,688393850.0
2024-05-18 23:00:00,0.00020248,0.00020459,0.00020226,0.00020355,827998440.0
2024-05-19 00:00:00,0.00020355,0.00020366,0.00020215,0.00020292,431016229.0
2024-05-19 01:00:00,0.00020292,0.00020459,0.0002024,0.00020367,1540584709.0
2024-05-19 02:00:00,0.00020367,0.00020639,0.00020258,0.00020609,540492567.0
2024-05-19 03:00:00,0.00020609,0.00020683,0.00020377,0.00020459,949685686.0
2024-05-19 04:00:00,0.00020459,0.00020585,0.00020347,0.00020562,538664942.0
2024-05-19 05:00:00,0.00020562,0.00020568,0.00020285,0.00020324,1342112337.0
2024-05-19 06:00:00,0.00020324,0.00020412,0.00020173,0.00020245,799982531.0
2024-05-19 07:00:00,0.00020245,0.00020281,0.00020113,0.00020189,502534771.0
2024-05-19 08:00:00,0.00020189,0.00020207,0.00019943,0.00020055,1300831396.0
2024-05-19 09:00:00,0.00020055,0.00020315,0.00020035,0.00020302,1459392532.0
2024-05-19 10:00:00,0.00020302,0.00020495,0.00020222,0.0002026,1801808129.0
2024-05-19 11:00:00,0.0002026,0.0002029,0.00019974,0.00020109,1851957541.0
2024-05-19 12:00:00,0.00020109,0.00020109,0.00019668,0.00019693,2633439780.0
2024-05-19 13:00:00,0.00019693,0.00019832,0.00019409,0.00019699,3624628411.0
2024-05-19 14:00:00,0.00019699,0.00019765,0.00019539,0.00019631,1523361825.0
2024-05-19 15:00:00,0.00019631,0.00019705,0.00019441,0.00019643,1079933625.0
2024-05-19 16:00:00,0.00019643,0.00019699,0.00019075,0.00019078,2371750228.0
2024-05-19 17:00:00,0.00019078,0.00019556,0.00019078,0.00019448,3470162023.0
2024-05-19 18:00:00,0.00019448,0.0001947,0.00019295,0.00019368,334998180.0
2024-05-19 19:00:00,0.00019368,0.00019489,0.0001925,0.00019291,994228900.0
2024-05-19 20:00:00,0.00019291,0.00019348,0.0001918,0.00019253,511561548.0
2024-05-19 21:00:00,0.00019253,0.00019308,0.00019023,0.00019285,849472460.0
2024-05-19 22:00:00,0.00019285,0.00019419,0.00019261,0.00019296,731487470.0
2024-05-19 23:00:00,0.00019296,0.00019336,0.00019223,0.00019268,761325230.0
2024-05-20 00:00:00,0.00019268,0.00019355,0.00019087,0.00019306,660887140.0
2024-05-20 01:00:00,0.00019306,0.00019382,0.0001886,0.00019249,2100734015.0
2024-05-20 02:00:00,0.00019249,0.00019536,0.00019214,0.0001945,1054361936.0
2024-05-20 03:00:00,0.0001945,0.00019664,0.00019431,0.00019495,682080500.0
2024-05-20 04:00:00,0.00019495,0.00019919,0.00019465,0.00019803,2087788013.0
2024-05-20 05:00:00,0.00019803,0.0001995,0.00019672,0.00019719,1804836297.0
2024-05-20 06:00:00,0.00019719,0.00019719,0.00019166,0.00019233,1861662551.0
2024-05-20 07:00:00,0.00019233,0.00019668,0.00019225,0.00019614,900911086.0
2024-05-20 08:00:00,0.00019614,0.00019761,0.00019556,0.0001965,894408382.0
2024-05-20 09:00:00,0.0001965,0.00019772,0.00019643,0.00019669,1253425041.0
2024-05-20 10:00:00,0.00019669,0.00019879,0.00019643,0.0001975,1202024578.0
2024-05-20 11:00:00,0.0001975,0.00019831,0.00019511,0.00019556,2637756166.0
2024-05-20 12:00:00,0.00019556,0.00019745,0.00019529,0.00019657,1665726131.0
2024-05-20 13:00:00,0.00019657,0.000201,0.00019651,0.00020064,1151538646.0
2024-05-20 14:00:00,0.00020064,0.00020064,0.00019538,0.00019652,1577295139.0
2024-05-20 15:00:00,0.00019652,0.0001985,0.00019582,0.00019702,1093083252.0
2024-05-20 16:00:00,0.00019702,0.00020096,0.0001969,0.00020006,2630218365.0
2024-05-20 17:00:00,0.00020006,0.00020099,0.00019872,0.00019983,1270148991.0
2024-05-20 18:00:00,0.00019983,0.00020425,0.00019939,0.00020138,5587696980.0
2024-05-20 19:00:00,0.00020138,0.00021204,0.00020124,0.00021162,6144759025.0
2024-05-20 20:00:00,0.00021162,0.00021492,0.00020815,0.00021118,5147474556.0
2024-05-20 21:00:00,0.00021118,0.0002132,0.00020842,0.0002116,2036022293.0
2024-05-20 22:00:00,0.0002116,0.00021436,0.0002094,0.00021126,2201921099.0
2024-05-20 23:00:00,0.00021126,0.00021627,0.00021124,0.0002152,2466570610.0
2024-05-21 00:00:00,0.0002152,0.00021624,0.00021111,0.00021127,2685201731.0
2024-05-21 01:00:00,0.00021127,0.00021429,0.00020954,0.00021143,2152508170.0
2024-05-21 02:00:00,0.00021143,0.00021159,0.00020884,0.00020956,1354412712.0
2024-05-21 03:00:00,0.00020956,0.00021252,0.0002092,0.00021116,877897390.0
2024-05-21 04:00:00,0.00021116,0.00021446,0.00021015,0.00021052,4516618913.0
2024-05-21 05:00:00,0.00021052,0.00021378,0.00020949,0.00021311,2038674678.0
2024-05-21 06:00:00,0.00021311,0.00021528,0.00021244,0.00021271,2545873532.0
2024-05-21 07:00:00,0.00021271,0.00021327,0.0002108,0.00021153,1268379539.0
2024-05-21 08:00:00,0.00021153,0.00021278,0.00021104,0.00021221,1056722466.0
2024-05-21 09:00:00,0.00021221,0.00021389,0.00021217,0.00021266,985515315.0
2024-05-21 10:00:00,0.00021266,0.00021587,0.00021243,0.00021585,1708101967.0
2024-05-21 11:00:00,0.00021585,0.00021692,0.00021272,0.00021323,4003694209.0
2024-05-21 12:00:00,0.00021323,0.00022523,0.0002115,0.00022444,7111707851.0
2024-05-21 13:00:00,0.00022444,0.00022795,0.00021951,0.00022207,7539002848.0
2024-05-21 14:00:00,0.00022207,0.00022609,0.00021786,0.00021821,4458534520.0
2024-05-21 15:00:00,0.00021821,0.00021952,0.00021354,0.00021462,6192738658.0
2024-05-21 16:00:00,0.00021462,0.0002264,0.00021313,0.00022177,4292434310.0
2024-05-21 17:00:00,0.00022177,0.00022381,0.00021768,0.00022021,2142263353.0
2024-05-21 18:00:00,0.00022021,0.00022204,0.00021853,0.00022131,1203061977.0
2024-05-21 19:00:00,0.00022131,0.00022174,0.00021547,0.00021647,796028882.0
2024-05-21 20:00:00,0.00021647,0.0002209,0.00021629,0.00021917,412150405.0
2024-05-21 21:00:00,0.00021917,0.00022199,0.00021783,0.0002218,602338365.0
2024-05-21 22:00:00,0.0002218,0.00023305,0.0002218,0.0002327,4102756891.0
2024-05-21 23:00:00,0.0002327,0.00023515,0.00022956,0.00022971,5276108563.0
2024-05-22 00:00:00,0.00022971,0.00024006,0.00022766,0.00023986,11630549958.0
2024-05-22 01:00:00,0.00023986,0.00024571,0.00023885,0.00023921,7810913702.0
2024-05-22 02:00:00,0.00023921,0.00024428,0.00023585,0.00023594,3524129290.0
2024-05-22 03:00:00,0.00023594,0.00024185,0.0002355,0.00023728,6252777589.0
2024-05-22 04:00:00,0.00023728,0.0002408,0.00023108,0.00023395,8228361347.0
2024-05-22 05:00:00,0.00023395,0.00023681,0.00023037,0.00023303,2351078912.0
2024-05-22 06:00:00,0.00023303,0.00023647,0.0002321,0.00023345,1966255237.0
2024-05-22 07:00:00,0.00023345,0.00023843,0.00023339,0.00023625,2940572796.0
2024-05-22 08:00:00,0.00023625,0.00023762,0.000232,0.000235,5089270048.0
2024-05-22 09:00:00,0.000235,0.00023532,0.00022884,0.00022895,5062562973.0
2024-05-22 10:00:00,0.00022895,0.00023149,0.00022839,0.00023064,3077944573.0
2024-05-22 11:00:00,0.00023064,0.00023297,0.00022557,0.00022558,4287388130.0
2024-05-22 12:00:00,0.00022558,0.0002276,0.00021897,0.00021899,8117187664.0
2024-05-22 13:00:00,0.00021899,0.00022277,0.00021718,0.0002226,7281360182.0
2024-05-22 14:00:00,0.0002226,0.00022667,0.0002198,0.00022514,4073604017.0
2024-05-22 15:00:00,0.00022514,0.00023373,0.00022451,0.00023029,5754273439.0
2024-05-22 16:00:00,0.00023029,0.00023163,0.00022516,0.00022783,4745451105.0
2024-05-22 17:00:00,0.00022783,0.00022984,0.00022537,0.00022729,1648081741.0
2024-05-22 18:00:00,0.00022729,0.00022801,0.00022404,0.00022626,1707360076.0
2024-05-22 19:00:00,0.00022626,0.0002276,0.0002246,0.00022492,357501974.0
2024-05-22 20:00:00,0.00022492,0.00022708,0.00022241,0.00022451,2124467373.0
2024-05-22 21:00:00,0.00022451,0.00022772,0.00022292,0.00022718,2060694952.0
2024-05-22 22:00:00,0.00022718,0.00022734,0.00022227,0.00022354,1334441338.0
2024-05-22 23:00:00,0.00022354,0.00022359,0.00022187,0.00022329,1338046819.0
2024-05-23 00:00:00,0.00022329,0.00022591,0.00022329,0.00022374,979436000.0
2024-05-23 01:00:00,0.00022374,0.00022514,0.00022023,0.00022501,1642431340.0
2024-05-23 02:00:00,0.00022501,0.00022648,0.00022383,0.00022544,730224588.0
2024-05-23 03:00:00,0.00022544,0.00022544,0.00022276,0.00022451,691970915.0
2024-05-23 04:00:00,0.00022451,0.00022745,0.00022282,0.00022614,1875060635.0
2024-05-23 05:00:00,0.00022614,0.00023124,0.00022371,0.00022888,4153942654.0
2024-05-23 06:00:00,0.00022888,0.0002292,0.00022455,0.00022669,1100889217.0
2024-05-23 07:00:00,0.00022669,0.00023076,0.00022562,0.00023026,1961207768.0
2024-05-23 08:00:00,0.00023026,0.00023072,0.00022772,0.00022863,2473378612.0
2024-05-23 09:00:00,0.00022863,0.00023162,0.00022686,0.00022728,1261875671.0
2024-05-23 10:00:00,0.00022728,0.00023068,0.00022686,0.0002281,3094090731.0
2024-05-23 11:00:00,0.0002281,0.00023164,0.0002281,0.00023065,2408129196.0
2024-05-23 12:00:00,0.00023065,0.00023168,0.00021738,0.0002229,5574450515.0
2024-05-23 13:00:00,0.0002229,0.00022474,0.00021108,0.000217,6065652591.0
2024-05-23 14:00:00,0.000217,0.00021983,0.0002142,0.00021456,1888807318.0
2024-05-23 15:00:00,0.00021456,0.00021912,0.00021377,0.00021784,1429659194.0
2024-05-23 16:00:00,0.00021784,0.00022827,0.00021758,0.00022244,2614193708.0
2024-05-23 17:00:00,0.00022244,0.0002243,0.00022051,0.00022073,548019629.0
2024-05-23 18:00:00,0.00022073,0.00022321,0.00021585,0.00022222,2312111440.0
2024-05-23 19:00:00,0.00022222,0.00022553,0.00021937,0.00021979,1659218860.0
2024-05-23 20:00:00,0.00021979,0.00022294,0.00020737,0.00022214,6144198537.0
2024-05-23 21:00:00,0.00022214,0.00023139,0.00022067,0.00022907,3903257399.0
2024-05-23 22:00:00,0.00022907,0.00023161,0.00022617,0.00023018,2172972821.0
2024-05-23 23:00:00,0.00023018,0.00023125,0.00022554,0.00022655,898026492.0
2024-05-24 00:00:00,0.00022655,0.00022765,0.0002238,0.00022609,905313847.0
2024-05-24 01:00:00,0.00022609,0.00022619,0.00022351,0.00022429,633567428.0
2024-05-24 02:00:00,0.00022429,0.00022548,0.00022229,0.0002236,555673016.0
2024-05-24 03:00:00,0.0002236,0.00022445,0.00022173,0.00022178,417361461.0
2024-05-24 04:00:00,0.00022178,0.00022217,0.00022025,0.00022186,592697772.0
2024-05-24 05:00:00,0.00022186,0.00022487,0.00021904,0.00022487,2488929063.0
2024-05-24 06:00:00,0.00022487,0.00022487,0.00021375,0.00021376,2540124596.0
2024-05-24 07:00:00,0.00021376,0.0002165,0.00021278,0.00021526,1743632176.0
2024-05-24 08:00:00,0.00021526,0.00021625,0.0002121,0.00021572,1944877987.0
2024-05-24 09:00:00,0.00021572,0.00021624,0.00021297,0.00021515,944907650.0
2024-05-24 10:00:00,0.00021515,0.00021662,0.00021466,0.0002154,326797123.0
2024-05-24 11:00:00,0.0002154,0.00022046,0.00021505,0.00022014,3906950369.0
2024-05-24 12:00:00,0.00022014,0.00022282,0.00021931,0.00022088,2096166138.0
2024-05-24 13:00:00,0.00022088,0.00022925,0.00021966,0.00022424,4159279398.0
2024-05-24 14:00:00,0.00022424,0.00022768,0.000224,0.00022619,1196608374.0
2024-05-24 15:00:00,0.00022619,0.00023096,0.00022456,0.00022622,2558420795.0
2024-05-24 16:00:00,0.00022622,0.00022744,0.00022081,0.00022277,2117126991.0
2024-05-24 17:00:00,0.00022277,0.00022479,0.00022153,0.00022332,931873846.0
2024-05-24 18:00:00,0.00022332,0.00022698,0.00022254,0.00022428,1345963223.0
2024-05-24 19:00:00,0.00022428,0.00022595,0.00022338,0.00022505,336000372.0
2024-05-24 20:00:00,0.00022505,0.00022528,0.00022284,0.00022291,332911680.0
2024-05-24 21:00:00,0.00022291,0.00022338,0.00022023,0.00022105,1100600536.0
2024-05-24 22:00:00,0.00022105,0.00022149,0.00022019,0.00022125,427569642.0
2024-05-24 23:00:00,0.00022125,0.00022171,0.00021978,0.00022034,407387578.0
2024-05-25 00:00:00,0.00022034,0.00022351,0.00021955,0.00022023,1259805547.0
2024-05-25 01:00:00,0.00022023,0.00022107,0.00021895,0.00021923,873869882.0
2024-05-25 02:00:00,0.00021923,0.00022244,0.00021868,0.00022184,673655344.0
2024-05-25 03:00:00,0.00022184,0.00022241,0.0002207,0.00022192,887148096.0
2024-05-25 04:00:00,0.00022192,0.00022362,0.00022192,0.00022273,703269112.0
2024-05-25 05:00:00,0.00022273,0.00022707,0.00022211,0.00022669,1071691028.0
2024-05-25 06:00:00,0.00022669,0.00023148,0.00022535,0.00023133,4200230789.0
2024-05-25 07:00:00,0.00023133,0.00023399,0.00022865,0.00023358,5441501861.0
2024-05-25 08:00:00,0.00023358,0.00023358,0.00022927,0.00023041,2134091777.0
2024-05-25 09:00:00,0.00023041,0.00023318,0.00022987,0.0002304,1187855480.0
2024-05-25 10:00:00,0.0002304,0.0002329,0.00022895,0.00023147,3231860957.0
2024-05-25 11:00:00,0.00023147,0.00023385,0.00023043,0.00023112,3303937152.0
2024-05-25 12:00:00,0.00023112,0.00023196,0.0002253,0.00022717,2558758987.0
2024-05-25 13:00:00,0.00022717,0.00022915,0.00022399,0.00022504,1828077731.0
2024-05-25 14:00:00,0.00022504,0.00022644,0.0002231,0.00022544,1847900930.0
2024-05-25 15:00:00,0.00022544,0.00022876,0.0002253,0.00022668,2753221484.0
2024-05-25 16:00:00,0.00022668,0.00022869,0.00022591,0.00022857,584456211.0
2024-05-25 17:00:00,0.00022857,0.00022898,0.00022755,0.00022816,498557925.0
2024-05-25 18:00:00,0.00022816,0.00022944,0.00022765,0.00022907,591131624.0
2024-05-25 19:00:00,0.00022907,0.00022916,0.00022655,0.00022667,462114313.0
2024-05-25 20:00:00,0.00022667,0.00022713,0.00022405,0.00022545,733554665.0
2024-05-25 21:00:00,0.00022545,0.00022665,0.00022484,0.00022664,151540781.0
2024-05-25 22:00:00,0.00022664,0.00022677,0.00022407,0.00022464,541993754.0
2024-05-25 23:00:00,0.00022464,0.00022597,0.00022416,0.00022564,365357754.0
2024-05-26 00:00:00,0.00022564,0.00023084,0.00022523,0.00022907,2444253292.0
2024-05-26 01:00:00,0.00022907,0.00023208,0.00022907,0.00023084,2936767913.0
2024-05-26 02:00:00,0.00023084,0.00023236,0.0002254,0.00022672,1617432492.0
2024-05-26 03:00:00,0.00022672,0.00022714,0.0002246,0.00022577,625872484.0
2024-05-26 04:00:00,0.00022577,0.0002264,0.00022441,0.00022557,604858328.0
2024-05-26 05:00:00,0.00022557,0.00022696,0.00022496,0.0002262,332543115.0
2024-05-26 06:00:00,0.0002262,0.00022648,0.00022509,0.00022516,240173783.0
2024-05-26 07:00:00,0.00022516,0.00022707,0.00022501,0.00022577,799256373.0
2024-05-26 08:00:00,0.00022577,0.00022648,0.00022344,0.00022471,3564633952.0
2024-05-26 09:00:00,0.00022471,0.00022568,0.00022154,0.00022259,1594851372.0
2024-05-26 10:00:00,0.00022259,0.0002245,0.00022259,0.00022436,789137352.0
2024-05-26 11:00:00,0.00022436,0.00023134,0.00022428,0.00023057,4799040289.0
2024-05-26 12:00:00,0.00023057,0.00023096,0.00022676,0.00022749,1574538114.0
2024-05-26 13:00:00,0.00022749,0.00022855,0.00022607,0.00022686,1748053435.0
2024-05-26 14:00:00,0.00022686,0.00022938,0.00022483,0.00022912,1101148670.0
2024-05-26 15:00:00,0.00022912,0.00022925,0.0002235,0.00022437,1628338233.0
2024-05-26 16:00:00,0.00022437,0.00022636,0.00022307,0.00022426,734400988.0
2024-05-26 17:00:00,0.00022426,0.00022632,0.00022417,0.00022504,1842042112.0
2024-05-26 18:00:00,0.00022504,0.00022554,0.00022348,0.0002246,628358425.0
2024-05-26 19:00:00,0.0002246,0.00022855,0.00022457,0.00022841,1498560248.0
2024-05-26 20:00:00,0.00022841,0.00022841,0.00022562,0.00022562,334493307.0
2024-05-26 21:00:00,0.00022562,0.00022612,0.00022332,0.00022612,869929143.0
2024-05-26 22:00:00,0.00022612,0.00022844,0.00022591,0.00022748,729482299.0
2024-05-26 23:00:00,0.00022748,0.0002279,0.0002244,0.00022564,924160233.0
2024-05-27 00:00:00,0.00022564,0.00023173,0.00022564,0.00023173,1981383714.0
2024-05-27 01:00:00,0.00023173,0.00023497,0.00022975,0.00023495,2232534013.0
2024-05-27 02:00:00,0.00023495,0.00024512,0.00023334,0.00023778,8631922785.0
2024-05-27 03:00:00,0.00023778,0.00024157,0.00023576,0.00023668,1917197584.0
2024-05-27 04:00:00,0.00023668,0.0002405,0.00023465,0.00023993,2333168043.0
2024-05-27 05:00:00,0.00023993,0.00024495,0.00023789,0.00024394,3156833591.0
2024-05-27 06:00:00,0.00024394,0.000258,0.00024261,0.00025428,18307986237.0
2024-05-27 07:00:00,0.00025428,0.00026724,0.00025424,0.00026633,16989583072.0
2024-05-27 08:00:00,0.00026633,0.0002684,0.0002578,0.00026186,10429803786.0
2024-05-27 09:00:00,0.00026186,0.00026569,0.00025706,0.0002614,12334335401.0
2024-05-27 10:00:00,0.0002614,0.00026474,0.00025908,0.0002637,2934186617.0
2024-05-27 11:00:00,0.0002637,0.00027287,0.00026355,0.00026963,9296145116.0
2024-05-27 12:00:00,0.00026963,0.00027802,0.0002696,0.00027326,9010015434.0
2024-05-27 13:00:00,0.00027326,0.00027579,0.00026709,0.00027466,6391102854.0
2024-05-27 14:00:00,0.00027466,0.00029011,0.00027434,0.00028352,19690607183.0
2024-05-27 15:00:00,0.00028352,0.0002844,0.00027524,0.00028352,12931880160.0
2024-05-27 16:00:00,0.00028352,0.00028398,0.00027626,0.00028052,6255371988.0
2024-05-27 17:00:00,0.00028052,0.00028497,0.00027244,0.00027588,6187595556.0
2024-05-27 18:00:00,0.00027588,0.00028066,0.00027538,0.00027585,2651655023.0
2024-05-27 19:00:00,0.00027585,0.00027741,0.00026724,0.00026861,5673141165.0
2024-05-27 20:00:00,0.00026861,0.00027568,0.000268,0.00027521,3118896977.0
2024-05-27 21:00:00,0.00027521,0.00027905,0.00027331,0.0002784,1789954391.0
2024-05-27 22:00:00,0.0002784,0.00027843,0.00027453,0.00027647,955280321.0
2024-05-27 23:00:00,0.00027647,0.00027936,0.00027496,0.000278,1303621357.0
2024-05-28 00:00:00,0.000278,0.0002789,0.00027217,0.00027877,2821503517.0
2024-05-28 01:00:00,0.00027877,0.00028584,0.00026721,0.00026926,6007583556.0
2024-05-28 02:00:00,0.00026926,0.00027604,0.00026215,0.00027376,9559240207.0
2024-05-28 03:00:00,0.00027376,0.00027672,0.00026951,0.00027321,6420838136.0
2024-05-28 04:00:00,0.00027321,0.00027321,0.00026017,0.00026417,5774720675.0
2024-05-28 05:00:00,0.00026417,0.00027493,0.00026055,0.00027476,3975112442.0
2024-05-28 06:00:00,0.00027476,0.00027479,0.00026904,0.00027004,3086892512.0
2024-05-28 07:00:00,0.00027004,0.00027519,0.00026966,0.0002745,3945512623.0
2024-05-28 08:00:00,0.0002745,0.00028,0.0002714,0.00027925,5381720608.0
2024-05-28 09:00:00,0.00027925,0.00029911,0.00027663,0.00029715,10491318366.0
2024-05-28 10:00:00,0.00029715,0.00030812,0.0002967,0.00030512,13276561349.0
2024-05-28 11:00:00,0.00030512,0.00031062,0.0002987,0.0003062,7482636939.0
2024-05-28 12:00:00,0.0003062,0.00031452,0.00030009,0.00030497,9152932359.0
2024-05-28 13:00:00,0.00030497,0.00030977,0.00029753,0.00030254,9962012111.0
2024-05-28 14:00:00,0.00030254,0.00030277,0.00029215,0.00029766,6728598519.0
2024-05-28 15:00:00,0.00029766,0.00029918,0.00029231,0.00029656,2621309551.0
2024-05-28 16:00:00,0.00029656,0.00030177,0.00029261,0.00029282,2580825731.0
2024-05-28 17:00:00,0.00029282,0.0002945,0.00028906,0.00029207,2341180582.0
2024-05-28 18:00:00,0.00029207,0.00029772,0.00028969,0.00029433,5059922062.0
2024-05-28 19:00:00,0.00029433,0.00029777,0.00029256,0.00029591,2539219279.0
2024-05-28 20:00:00,0.00029591,0.00029629,0.0002912,0.000293,1530416354.0
2024-05-28 21:00:00,0.000293,0.00029303,0.00028644,0.00029191,1784908752.0
2024-05-28 22:00:00,0.00029191,0.00029718,0.00029167,0.00029365,2166783225.0
2024-05-28 23:00:00,0.00029365,0.00029672,0.00028948,0.00029525,1494100007.0
2024-05-29 00:00:00,0.00029525,0.00029965,0.00029085,0.0002934,2888440210.0
2024-05-29 01:00:00,0.0002934,0.00029525,0.0002879,0.00029045,2027683792.0
2024-05-29 02:00:00,0.00029045,0.00030287,0.00028966,0.00030189,4278878224.0
2024-05-29 03:00:00,0.00030189,0.00030353,0.00029852,0.00030168,3991270865.0
2024-05-29 04:00:00,0.00030168,0.00030985,0.00029983,0.00030869,4025411988.0
2024-05-29 05:00:00,0.00030869,0.00030901,0.0003006,0.00030219,4022944330.0
2024-05-29 06:00:00,0.00030219,0.0003059,0.00029582,0.00029664,4306109172.0
2024-05-29 07:00:00,0.00029664,0.00029723,0.00029096,0.00029245,3757416060.0
2024-05-29 08:00:00,0.00029245,0.00029681,0.00028669,0.00029027,7448913616.0
2024-05-29 09:00:00,0.00029027,0.00029133,0.00028383,0.00028449,3498202001.0
2024-05-29 10:00:00,0.00028449,0.00028936,0.00028412,0.0002879,1454498943.0
2024-05-29 11:00:00,0.0002879,0.0002879,0.000277,0.00027765,5020986924.0
2024-05-29 12:00:00,0.00027765,0.0002827,0.0002763,0.00027929,3379611738.0
2024-05-29 13:00:00,0.00027929,0.0002835,0.00027612,0.00028,4161958060.0
2024-05-29 14:00:00,0.00028,0.00028165,0.00027601,0.0002767,2270691976.0
2024-05-29 15:00:00,0.0002767,0.00027977,0.00026902,0.00026983,7532803017.0
2024-05-29 16:00:00,0.00026983,0.00027259,0.0002643,0.0002719,6055721684.0
2024-05-29 17:00:00,0.0002719,0.00027331,0.00026753,0.00026991,3841894866.0
2024-05-29 18:00:00,0.00026991,0.00027184,0.00026811,0.00027111,1209190181.0
2024-05-29 19:00:00,0.00027111,0.00027229,0.00026827,0.00026871,784125411.0
2024-05-29 20:00:00,0.00026871,0.00027026,0.00026827,0.00027018,369441602.0
2024-05-29 21:00:00,0.00027018,0.00027203,0.00026842,0.00027142,1055470566.0
2024-05-29 22:00:00,0.00027142,0.00027162,0.00026734,0.00026998,1990408191.0
2024-05-29 23:00:00,0.00026998,0.00027056,0.00026663,0.00026783,1870291849.0
2024-05-30 00:00:00,0.00026783,0.00027499,0.00026783,0.00027228,3349667379.0
2024-05-30 01:00:00,0.00027228,0.00028202,0.00027083,0.00027992,2476550218.0
2024-05-30 02:00:00,0.00027992,0.00028601,0.00027702,0.00028236,3117915798.0
2024-05-30 03:00:00,0.00028236,0.0002836,0.00027731,0.0002804,1837632671.0
2024-05-30 04:00:00,0.0002804,0.00028119,0.0002715,0.0002718,4181824339.0
2024-05-30 05:00:00,0.0002718,0.00027287,0.00026224,0.00026452,8103431560.0
2024-05-30 06:00:00,0.00026452,0.00026459,0.00024384,0.00024617,17517878698.0
2024-05-30 07:00:00,0.00024617,0.00025022,0.00024054,0.00024153,8210555605.0
2024-05-30 08:00:00,0.00024153,0.00024796,0.00023995,0.00024784,6493255371.0
2024-05-30 09:00:00,0.00024784,0.00024786,0.00024313,0.00024351,2074692874.0
2024-05-30 10:00:00,0.00024351,0.00024711,0.00024114,0.00024607,1863287282.0
2024-05-30 11:00:00,0.00024607,0.00024788,0.00024416,0.0002452,2218277567.0
2024-05-30 12:00:00,0.0002452,0.00025512,0.00024347,0.00025422,7465095439.0
2024-05-30 13:00:00,0.00025422,0.0002567,0.0002516,0.00025387,6048225277.0
2024-05-30 14:00:00,0.00025387,0.00025597,0.00025157,0.00025248,2453950106.0
2024-05-30 15:00:00,0.00025248,0.00025346,0.00024787,0.00025041,3217422373.0
2024-05-30 16:00:00,0.00025041,0.00025496,0.00024988,0.00025496,2799663202.0
2024-05-30 17:00:00,0.00025496,0.00026057,0.00025199,0.00025824,3164797606.0
2024-05-30 18:00:00,0.00025824,0.00025974,0.00025512,0.00025765,1302697736.0
2024-05-30 19:00:00,0.00025765,0.00026139,0.00025339,0.0002543,5162321643.0
2024-05-30 20:00:00,0.0002543,0.0002543,0.00024668,0.00024833,4958126640.0
2024-05-30 21:00:00,0.00024833,0.00025128,0.00024779,0.00025041,1816491536.0
2024-05-30 22:00:00,0.00025041,0.00025042,0.00024828,0.00024911,602336805.0
2024-05-30 23:00:00,0.00024911,0.00025043,0.00024761,0.00024807,618214445.0
2024-05-31 00:00:00,0.00024807,0.00025108,0.00024626,0.00025083,963243375.0
2024-05-31 01:00:00,0.00025083,0.00025668,0.00024989,0.00025317,1798812724.0
2024-05-31 02:00:00,0.00025317,0.00025556,0.00025114,0.00025261,1716561860.0
2024-05-31 03:00:00,0.00025261,0.0002539,0.00025031,0.00025147,983243678.0
2024-05-31 04:00:00,0.00025147,0.000255,0.00025122,0.00025212,1689161910.0
2024-05-31 05:00:00,0.00025212,0.00025272,0.00024434,0.0002467,2573383373.0
2024-05-31 06:00:00,0.0002467,0.00025329,0.00024662,0.00024898,1900163880.0
2024-05-31 07:00:00,0.00024898,0.00025355,0.00024688,0.00025338,1884995496.0
2024-05-31 08:00:00,0.00025338,0.00025592,0.0002517,0.0002517,1737602129.0
2024-05-31 09:00:00,0.0002517,0.0002517,0.00024681,0.00025107,2087165794.0
2024-05-31 10:00:00,0.00025107,0.0002552,0.00025046,0.00025312,1121021804.0
2024-05-31 11:00:00,0.00025312,0.0002557,0.00025212,0.00025301,1735586736.0
2024-05-31 12:00:00,0.00025301,0.00026403,0.00025135,0.00025974,6173832862.0
2024-05-31 13:00:00,0.00025974,0.0002686,0.00025974,0.00026231,7112245433.0
2024-05-31 14:00:00,0.00026231,0.00026425,0.0002555,0.00025898,6870347726.0
2024-05-31 15:00:00,0.00025898,0.00026118,0.00025033,0.00025072,2918211981.0
2024-05-31 16:00:00,0.00025072,0.00025269,0.00024371,0.00025244,3642050359.0
2024-05-31 17:00:00,0.00025244,0.00025406,0.00024976,0.00025115,1059461160.0
2024-05-31 18:00:00,0.00025115,0.00025207,0.00024931,0.00025181,645862529.0
2024-05-31 19:00:00,0.00025181,0.00025514,0.00025146,0.0002534,1296780735.0
2024-05-31 20:00:00,0.0002534,0.00025996,0.00025312,0.0002587,534147657.0
2024-05-31 21:00:00,0.0002587,0.00026109,0.00025712,0.00025979,1379615210.0
2024-05-31 22:00:00,0.00025979,0.00026318,0.00025828,0.00025842,1693488761.0
2024-05-31 23:00:00,0.00025842,0.00025878,0.00025495,0.00025511,854709228.0
2024-06-01 00:00:00,0.00025511,0.00025618,0.00025164,0.00025258,962989802.0
2024-06-01 01:00:00,0.00025258,0.0002537,0.00025066,0.00025297,924118408.0
2024-06-01 02:00:00,0.00025297,0.00025626,0.00025208,0.00025489,904291492.0
2024-06-01 03:00:00,0.00025489,0.00025632,0.00025306,0.00025415,1484071335.0
2024-06-01 04:00:00,0.00025415,0.00025824,0.00025134,0.00025629,1296260592.0
2024-06-01 05:00:00,0.00025629,0.00025679,0.00025296,0.00025306,1152946488.0
2024-06-01 06:00:00,0.00025306,0.00025507,0.00025259,0.00025349,1085109073.0
2024-06-01 07:00:00,0.00025349,0.00025712,0.00025317,0.00025701,1166952894.0
2024-06-01 08:00:00,0.00025701,0.000263,0.00025555,0.00026292,2593217487.0
2024-06-01 09:00:00,0.00026292,0.00026297,0.00025749,0.00025991,3807861885.0
2024-06-01 10:00:00,0.00025991,0.00026144,0.00025587,0.00025626,1801497567.0
2024-06-01 11:00:00,0.00025626,0.00025716,0.00025396,0.00025503,2388627222.0
2024-06-01 12:00:00,0.00025503,0.00026093,0.00025429,0.00025934,2195940342.0
2024-06-01 13:00:00,0.00025934,0.00026042,0.00025751,0.00025934,1228924631.0
2024-06-01 14:00:00,0.00025934,0.00026155,0.00025881,0.00026053,1107224065.0
2024-06-01 15:00:00,0.00026053,0.00026218,0.00025845,0.00025861,1877674344.0
2024-06-01 16:00:00,0.00025861,0.00026098,0.00025732,0.00025805,897195480.0
2024-06-01 17:00:00,0.00025805,0.00026007,0.000256,0.00025767,1006124289.0
2024-06-01 18:00:00,0.00025767,0.00025788,0.0002555,0.00025694,522666431.0
2024-06-01 19:00:00,0.00025694,0.00025775,0.000255,0.00025605,1265322999.0
2024-06-01 20:00:00,0.00025605,0.00026007,0.00025559,0.00025828,1028097530.0
2024-06-01 21:00:00,0.00025828,0.0002593,0.00025523,0.00025537,534225740.0
2024-06-01 22:00:00,0.00025537,0.0002573,0.00025525,0.00025613,660202306.0
2024-06-01 23:00:00,0.00025613,0.00025633,0.00025193,0.00025242,1235961867.0
2024-06-02 00:00:00,0.00025242,0.00025539,0.00025242,0.00025477,835821562.0
2024-06-02 01:00:00,0.00025477,0.00025765,0.00025272,0.00025367,1092958790.0
2024-06-02 02:00:00,0.00025367,0.00025379,0.00024915,0.00025065,3773153746.0
2024-06-02 03:00:00,0.00025065,0.00025157,0.00024822,0.00025078,1290017738.0
2024-06-02 04:00:00,0.00025078,0.00025096,0.00024913,0.00025012,989210403.0
2024-06-02 05:00:00,0.00025012,0.00025094,0.00024691,0.00024848,1043974751.0
2024-06-02 06:00:00,0.00024848,0.00025025,0.00024744,0.00024969,1691807099.0
2024-06-02 07:00:00,0.00024969,0.00024973,0.000245,0.00024669,1620351379.0
2024-06-02 08:00:00,0.00024669,0.0002495,0.00024669,0.00024795,1434467496.0
2024-06-02 09:00:00,0.00024795,0.00024795,0.00024418,0.00024622,2087617066.0
2024-06-02 10:00:00,0.00024622,0.00024769,0.00024418,0.00024641,1616618292.0
2024-06-02 11:00:00,0.00024641,0.00025177,0.00024501,0.0002506,2067433790.0
2024-06-02 12:00:00,0.0002506,0.00025183,0.00024861,0.00025025,1531174804.0
2024-06-02 13:00:00,0.00025025,0.00025198,0.00024861,0.00024961,1818435979.0
2024-06-02 14:00:00,0.00024961,0.00025124,0.00024826,0.00025054,831004096.0
2024-06-02 15:00:00,0.00025054,0.00025067,0.0002475,0.00024809,649417063.0
2024-06-02 16:00:00,0.00024809,0.00024898,0.000245,0.00024561,1873994545.0
2024-06-02 17:00:00,0.00024561,0.00024561,0.00023721,0.00023747,6917453300.0
2024-06-02 18:00:00,0.00023747,0.00024009,0.00023425,0.0002395,3457423672.0
2024-06-02 19:00:00,0.0002395,0.00024068,0.000237,0.00023972,1188637869.0
2024-06-02 20:00:00,0.00023972,0.00024077,0.0002374,0.00024074,1134807583.0
2024-06-02 21:00:00,0.00024074,0.00024182,0.00023985,0.00024089,850882547.0
2024-06-02 22:00:00,0.00024089,0.00024278,0.0002401,0.0002417,910008094.0
2024-06-02 23:00:00,0.0002417,0.00024465,0.00024126,0.00024374,932089627.0
2024-06-03 00:00:00,0.00024374,0.00024597,0.00024084,0.00024431,959272773.0
2024-06-03 01:00:00,0.00024431,0.00025595,0.00024316,0.00025482,5556667106.0
2024-06-03 02:00:00,0.00025482,0.00025776,0.00025298,0.00025379,4701466925.0
2024-06-03 03:00:00,0.00025379,0.00025473,0.0002487,0.00024909,2586950855.0
2024-06-03 04:00:00,0.00024909,0.00024998,0.00024281,0.00024567,6828621946.0
2024-06-03 05:00:00,0.00024567,0.00025667,0.00024567,0.00025376,3779833801.0
2024-06-03 06:00:00,0.00025376,0.00025758,0.00024999,0.00025588,2817478531.0
2024-06-03 07:00:00,0.00025588,0.00027087,0.00025553,0.00027046,6731561015.0
2024-06-03 08:00:00,0.00027046,0.00028483,0.00026641,0.00027839,11743632339.0
2024-06-03 09:00:00,0.00027839,0.00028336,0.0002744,0.00027842,7626963934.0
2024-06-03 10:00:00,0.00027842,0.00028581,0.00027816,0.00028091,5544467405.0
2024-06-03 11:00:00,0.00028091,0.00028432,0.00027267,0.00027543,6770340481.0
2024-06-03 12:00:00,0.00027543,0.00028179,0.00027522,0.00027771,3798148871.0
2024-06-03 13:00:00,0.00027771,0.00028092,0.00027579,0.00027733,4037168354.0
2024-06-03 14:00:00,0.00027733,0.00027952,0.0002668,0.00026882,9457010213.0
2024-06-03 15:00:00,0.00026882,0.00027667,0.00026812,0.00027476,3715823687.0
2024-06-03 16:00:00,0.00027476,0.00027511,0.00026878,0.00027141,2954725080.0
2024-06-03 17:00:00,0.00027141,0.00028048,0.00027013,0.00027879,3337900040.0
2024-06-03 18:00:00,0.00027879,0.00028212,0.00027675,0.00027859,3450626716.0
2024-06-03 19:00:00,0.00027859,0.00027943,0.00027551,0.0002774,2436292944.0
2024-06-03 20:00:00,0.0002774,0.00027935,0.00027518,0.00027571,1894058742.0
2024-06-03 21:00:00,0.00027571,0.00027685,0.00027221,0.00027411,3090925299.0
2024-06-03 22:00:00,0.00027411,0.00027434,0.00026984,0.00027086,2504046755.0
2024-06-03 23:00:00,0.00027086,0.00027231,0.0002681,0.00026838,2069763075.0
2024-06-04 00:00:00,0.00026838,0.00027218,0.00026446,0.00027015,4676930651.0
2024-06-04 01:00:00,0.00027015,0.00027407,0.00026841,0.00027183,1672038879.0
2024-06-04 02:00:00,0.00027183,0.00027183,0.0002658,0.00026762,1379117721.0
2024-06-04 03:00:00,0.00026762,0.00027172,0.00026632,0.00027082,2048531202.0
2024-06-04 04:00:00,0.00027082,0.00027137,0.00026461,0.00026523,2485491048.0
2024-06-04 05:00:00,0.00026523,0.00026725,0.00026304,0.000265,1548488943.0
2024-06-04 06:00:00,0.000265,0.00026506,0.00026142,0.00026232,2252361360.0
2024-06-04 07:00:00,0.00026232,0.00027006,0.00025813,0.00027,6687461125.0
2024-06-04 08:00:00,0.00027,0.00027281,0.00025971,0.00026269,10762156856.0
2024-06-04 09:00:00,0.00026269,0.00026594,0.00026153,0.00026365,2082570843.0
2024-06-04 10:00:00,0.00026365,0.00026809,0.00026349,0.00026747,1441935463.0
2024-06-04 11:00:00,0.00026747,0.00026818,0.00026427,0.00026521,1635774390.0
2024-06-04 12:00:00,0.00026521,0.00026709,0.00026409,0.00026537,1287462246.0
2024-06-04 13:00:00,0.00026537,0.00027292,0.00026537,0.00027073,2696299109.0
2024-06-04 14:00:00,0.00027073,0.00027528,0.00027042,0.0002717,2261908801.0
2024-06-04 15:00:00,0.0002717,0.00027633,0.00026826,0.00027535,3766144073.0
2024-06-04 16:00:00,0.00027535,0.00029393,0.00027526,0.00028939,14154722619.0
2024-06-04 17:00:00,0.00028939,0.00029221,0.00028342,0.00029121,6347712976.0
2024-06-04 18:00:00,0.00029121,0.00029386,0.00028685,0.00028992,2700195007.0
2024-06-04 19:00:00,0.00028992,0.00029018,0.0002823,0.00028731,3092022818.0
2024-06-04 20:00:00,0.00028731,0.00029818,0.00028509,0.000295,4303605691.0
2024-06-04 21:00:00,0.000295,0.00029568,0.00028842,0.00028964,4288330949.0
2024-06-04 22:00:00,0.00028964,0.00030445,0.00028814,0.00030122,7086538037.0
2024-06-04 23:00:00,0.00030122,0.00030155,0.00029406,0.00029589,1941075982.0
2024-06-05 00:00:00,0.00029589,0.0003064,0.00029283,0.00030521,5324918383.0
2024-06-05 01:00:00,0.00030521,0.00032889,0.00030433,0.00032879,9117273208.0
2024-06-05 02:00:00,0.00032879,0.00034372,0.00032424,0.00033501,21301402566.0
2024-06-05 03:00:00,0.00033501,0.0003403,0.00033132,0.00033817,6943278608.0
2024-06-05 04:00:00,0.00033817,0.0003401,0.00032259,0.00032737,12067933645.0
2024-06-05 05:00:00,0.00032737,0.00033634,0.00032159,0.0003331,6349356977.0
2024-06-05 06:00:00,0.0003331,0.00033511,0.00032892,0.00033422,14568204786.0
2024-06-05 07:00:00,0.00033422,0.000349,0.00033279,0.00033463,92916242012.0
2024-06-05 08:00:00,0.00033463,0.00033691,0.00032587,0.00032867,38592432719.0
2024-06-05 09:00:00,0.00032867,0.00033218,0.00032426,0.00032787,15746474954.0
2024-06-05 10:00:00,0.00032787,0.00033145,0.0003236,0.00032719,19926837401.0
2024-06-05 11:00:00,0.00032719,0.00033,0.0003255,0.00032796,7240885296.0
2024-06-05 12:00:00,0.00032796,0.00033498,0.00031762,0.00032403,58152542011.0
2024-06-05 13:00:00,0.00032403,0.00033062,0.00032398,0.00032669,27474057647.0
2024-06-05 14:00:00,0.00032669,0.0003291,0.00031537,0.00032027,47765119982.0
2024-06-05 15:00:00,0.00032027,0.0003224,0.0003147,0.00031751,16373052135.0
2024-06-05 16:00:00,0.00031751,0.00031768,0.00030281,0.00030499,24011661579.0
2024-06-05 17:00:00,0.00030499,0.00031379,0.00030399,0.00031198,10149412160.0
2024-06-05 18:00:00,0.00031198,0.00031198,0.0003065,0.00030838,9094524777.0
2024-06-05 19:00:00,0.00030838,0.00031108,0.00030453,0.00030899,24701437856.0
2024-06-05 20:00:00,0.00030899,0.00031013,0.00030678,0.00030911,2446823867.0
2024-06-05 21:00:00,0.00030911,0.00030911,0.00030546,0.00030637,3945128766.0
2024-06-05 22:00:00,0.00030637,0.00030827,0.00030476,0.00030803,2730655890.0
2024-06-05 23:00:00,0.00030803,0.00031143,0.00030731,0.00030956,5382059485.0
2024-06-06 00:00:00,0.00030956,0.00031356,0.00030771,0.00031243,4399525620.0
2024-06-06 01:00:00,0.00031243,0.00032165,0.00031035,0.00031664,16924918937.0
2024-06-06 02:00:00,0.00031664,0.00031794,0.00031024,0.00031416,10117174342.0
2024-06-06 03:00:00,0.00031416,0.0003143,0.00030994,0.00031185,4023480386.0
2024-06-06 04:00:00,0.00031185,0.00031784,0.00031076,0.00031685,4431592974.0
2024-06-06 05:00:00,0.00031685,0.00031701,0.00030826,0.00031159,7388737340.0
2024-06-06 06:00:00,0.00031159,0.00031386,0.00030894,0.00031158,5359561754.0
2024-06-06 07:00:00,0.00031158,0.00031576,0.0003107,0.00031452,2852081136.0
2024-06-06 08:00:00,0.00031452,0.00031622,0.00030879,0.00031144,4684221349.0
2024-06-06 09:00:00,0.00031144,0.00031547,0.00030465,0.00031336,13608639639.0
2024-06-06 10:00:00,0.00031336,0.00031947,0.00031134,0.00031923,12564680625.0
2024-06-06 11:00:00,0.00031923,0.00032728,0.00031587,0.00032561,22351647971.0
2024-06-06 12:00:00,0.00032561,0.00032855,0.00031492,0.00031626,16087815723.0
2024-06-06 13:00:00,0.00031626,0.00032226,0.0003125,0.00031878,22163884045.0
2024-06-06 14:00:00,0.00031878,0.00032444,0.00031548,0.00032335,6464382953.0
2024-06-06 15:00:00,0.00032335,0.00032347,0.00031649,0.0003181,5273624089.0
2024-06-06 16:00:00,0.0003181,0.00032159,0.00031295,0.00031515,4618844834.0
2024-06-06 17:00:00,0.00031515,0.00031585,0.00031174,0.0003137,3153895387.0
2024-06-06 18:00:00,0.0003137,0.00031374,0.00031012,0.00031075,1742842631.0
2024-06-06 19:00:00,0.00031075,0.00031077,0.00030511,0.00030584,2608249858.0
2024-06-06 20:00:00,0.00030584,0.00032144,0.00030331,0.00031988,15627537425.0
2024-06-06 21:00:00,0.00031988,0.00032754,0.00031637,0.000323,14240671785.0
2024-06-06 22:00:00,0.000323,0.00032648,0.00031955,0.00032416,9172214362.0
2024-06-06 23:00:00,0.00032416,0.00032774,0.00031912,0.00032078,10570082493.0
2024-06-07 00:00:00,0.00032078,0.00032643,0.00032078,0.00032203,9993395306.0
2024-06-07 01:00:00,0.00032203,0.00032496,0.00031668,0.0003198,8654841779.0
2024-06-07 02:00:00,0.0003198,0.00032223,0.00031312,0.00031454,12368387646.0
2024-06-07 03:00:00,0.00031454,0.00031585,0.00031133,0.0003145,7111876519.0
2024-06-07 04:00:00,0.0003145,0.00031717,0.00031245,0.00031402,5102387331.0
2024-06-07 05:00:00,0.00031402,0.00031549,0.00031106,0.00031325,5471903306.0
2024-06-07 06:00:00,0.00031325,0.00031455,0.00031044,0.00031197,2482947940.0
2024-06-07 07:00:00,0.00031197,0.00031227,0.00031003,0.00031107,2169639041.0
2024-06-07 08:00:00,0.00031107,0.0003174,0.0003091,0.00031474,8947567311.0
2024-06-07 09:00:00,0.00031474,0.00031474,0.00031047,0.00031189,6591999213.0
2024-06-07 10:00:00,0.00031189,0.00031213,0.00030687,0.00030999,3807431123.0
2024-06-07 11:00:00,0.00030999,0.00031194,0.00030646,0.00031171,5434761560.0
2024-06-07 12:00:00,0.00031171,0.00031375,0.00030125,0.0003065,38906562064.0
2024-06-07 13:00:00,0.0003065,0.00030824,0.0003047,0.00030662,7196272580.0
2024-06-07 14:00:00,0.00030662,0.00030662,0.00030252,0.0003048,3968653405.0
2024-06-07 15:00:00,0.0003048,0.00030616,0.00030276,0.00030377,3342617888.0
2024-06-07 16:00:00,0.00030377,0.0003054,0.00029645,0.00029917,43589937004.0
2024-06-07 17:00:00,0.00029917,0.00029917,0.00028944,0.00028975,25174408029.0
2024-06-07 18:00:00,0.00028975,0.00029153,0.000242,0.0002734,283114834157.0
2024-06-07 19:00:00,0.0002734,0.0002795,0.00026811,0.00027936,17883961138.0
2024-06-07 20:00:00,0.00027936,0.00027936,0.00027381,0.00027814,13642538594.0
2024-06-07 21:00:00,0.00027814,0.00028117,0.00027619,0.00028091,5557305798.0
2024-06-07 22:00:00,0.00028091,0.00028334,0.00027988,0.00028231,15965795118.0
2024-06-07 23:00:00,0.00028231,0.00028374,0.00028058,0.00028256,3759855207.0
2024-06-08 00:00:00,0.00028256,0.00029243,0.00028127,0.00029242,8428601134.0
2024-06-08 01:00:00,0.00029242,0.00029394,0.00028828,0.00029097,19401065940.0
2024-06-08 02:00:00,0.00029097,0.00029097,0.00028794,0.00028897,3750163668.0
2024-06-08 03:00:00,0.00028897,0.0002919,0.00028848,0.00028973,3611831334.0
2024-06-08 04:00:00,0.00028973,0.00028994,0.00028538,0.00028683,6951125148.0
2024-06-08 05:00:00,0.00028683,0.0002887,0.00028559,0.0002882,4494772443.0
2024-06-08 06:00:00,0.0002882,0.0002912,0.00028662,0.00028688,2845862266.0
2024-06-08 07:00:00,0.00028688,0.00028863,0.00028586,0.00028807,2088155489.0
2024-06-08 08:00:00,0.00028807,0.00028809,0.0002832,0.00028333,4225298361.0
2024-06-08 09:00:00,0.00028333,0.00028464,0.00028162,0.00028247,2159827517.0
2024-06-08 10:00:00,0.00028247,0.00028286,0.00027987,0.00028228,4572814625.0
2024-06-08 11:00:00,0.00028228,0.0002833,0.0002729,0.00027477,8796704292.0
2024-06-08 12:00:00,0.00027477,0.00027627,0.00027022,0.00027084,12133156807.0
2024-06-08 13:00:00,0.00027084,0.0002774,0.00026569,0.00027658,15620694797.0
2024-06-08 14:00:00,0.00027658,0.00027763,0.0002709,0.0002773,6665404102.0
2024-06-08 15:00:00,0.0002773,0.00027889,0.00027421,0.00027789,3710880911.0
2024-06-08 16:00:00,0.00027789,0.00027813,0.0002718,0.00027436,2999966798.0
2024-06-08 17:00:00,0.00027436,0.0002788,0.00027197,0.0002774,3343787236.0
2024-06-08 18:00:00,0.0002774,0.00028394,0.00027634,0.00028282,8674820626.0
2024-06-08 19:00:00,0.00028282,0.0002857,0.0002792,0.00028191,6916767666.0
2024-06-08 20:00:00,0.00028191,0.00028363,0.00027863,0.00027929,2432565785.0
2024-06-08 21:00:00,0.00027929,0.00028607,0.00027929,0.00028168,3479327030.0
2024-06-08 22:00:00,0.00028168,0.0002824,0.00027546,0.00027729,2890036728.0
2024-06-08 23:00:00,0.00027729,0.00028059,0.00027385,0.00027943,4984931111.0
2024-06-09 00:00:00,0.00027943,0.00028235,0.00027719,0.00027887,2198784674.0
2024-06-09 01:00:00,0.00027887,0.00028675,0.00027823,0.00028398,4640029376.0
2024-06-09 02:00:00,0.00028398,0.00028454,0.00027282,0.00027471,7996240085.0
2024-06-09 03:00:00,0.00027471,0.00027637,0.00027316,0.00027532,1201942080.0
2024-06-09 04:00:00,0.00027532,0.00027866,0.00027474,0.00027594,2083606613.0
2024-06-09 05:00:00,0.00027594,0.00028275,0.00027241,0.00028049,6561006547.0
2024-06-09 06:00:00,0.00028049,0.00028342,0.0002778,0.00027784,3918113184.0
2024-06-09 07:00:00,0.00027784,0.00027871,0.00027422,0.00027428,1670071012.0
2024-06-09 08:00:00,0.00027428,0.00027801,0.00027325,0.00027789,3038438036.0
2024-06-09 09:00:00,0.00027789,0.00027872,0.00027528,0.00027547,2384360800.0
2024-06-09 10:00:00,0.00027547,0.00027716,0.000274,0.0002755,1587967758.0
2024-06-09 11:00:00,0.0002755,0.000283,0.00027462,0.00028077,5309614679.0
2024-06-09 12:00:00,0.00028077,0.00028379,0.00027682,0.00028273,10651869016.0
2024-06-09 13:00:00,0.00028273,0.00028291,0.00027462,0.00027747,10324454115.0
2024-06-09 14:00:00,0.00027747,0.000282,0.0002772,0.00028092,5882614284.0
2024-06-09 15:00:00,0.00028092,0.00028195,0.00027684,0.00027698,4508718270.0
2024-06-09 16:00:00,0.00027698,0.00028031,0.00027584,0.00027956,2376604572.0
2024-06-09 17:00:00,0.00027956,0.00028002,0.00027688,0.00027769,972672484.0
2024-06-09 18:00:00,0.00027769,0.00028254,0.00027696,0.00028237,1484607529.0
2024-06-09 19:00:00,0.00028237,0.00028336,0.00027958,0.00028021,1278118426.0
2024-06-09 20:00:00,0.00028021,0.00028023,0.0002778,0.00027933,939656429.0
2024-06-09 21:00:00,0.00027933,0.00028283,0.00027915,0.00028282,1210704627.0
2024-06-09 22:00:00,0.00028282,0.0002865,0.00028038,0.00028041,2870262114.0
2024-06-09 23:00:00,0.00028041,0.00028104,0.00027866,0.00027938,1242990264.0
2024-06-10 00:00:00,0.00027938,0.00027946,0.00027511,0.00027652,2773991276.0
2024-06-10 01:00:00,0.00027652,0.00027846,0.00027534,0.00027625,3763954177.0
2024-06-10 02:00:00,0.00027625,0.00027705,0.00027275,0.00027316,2054266724.0
2024-06-10 03:00:00,0.00027316,0.00027426,0.00027016,0.00027093,4204237904.0
2024-06-10 04:00:00,0.00027093,0.00027331,0.00026918,0.00027264,4335677576.0
2024-06-10 05:00:00,0.00027264,0.00027264,0.00026804,0.00026881,4560220834.0
2024-06-10 06:00:00,0.00026881,0.00027008,0.00026334,0.0002653,9163442938.0
2024-06-10 07:00:00,0.0002653,0.00026574,0.00025752,0.00025789,12666530970.0
2024-06-10 08:00:00,0.00025789,0.00026822,0.00025789,0.00026793,8580411209.0
2024-06-10 09:00:00,0.00026793,0.00027147,0.00026641,0.00027002,6067720844.0
2024-06-10 10:00:00,0.00027002,0.00027148,0.00026913,0.00026986,2876618042.0
2024-06-10 11:00:00,0.00026986,0.0002706,0.0002676,0.00026887,1859945617.0
2024-06-10 12:00:00,0.00026887,0.000269,0.00026331,0.00026438,3999631857.0
2024-06-10 13:00:00,0.00026438,0.0002667,0.00026225,0.00026384,3755978476.0
2024-06-10 14:00:00,0.00026384,0.00026796,0.000262,0.00026575,2330744173.0
2024-06-10 15:00:00,0.00026575,0.00027782,0.00026478,0.00027637,36216229348.0
2024-06-10 16:00:00,0.00027637,0.00027662,0.00027122,0.0002745,6695185683.0
2024-06-10 17:00:00,0.0002745,0.00027548,0.00027113,0.00027517,1906928677.0
2024-06-10 18:00:00,0.00027517,0.00027637,0.00027144,0.0002721,3836194821.0
2024-06-10 19:00:00,0.0002721,0.00027268,0.00026615,0.00026658,13529451200.0
2024-06-10 20:00:00,0.00026658,0.00026675,0.00026268,0.00026314,3795280122.0
2024-06-10 21:00:00,0.00026314,0.00026446,0.00026152,0.00026274,2024953300.0
2024-06-10 22:00:00,0.00026274,0.00026464,0.00026026,0.00026459,1531031822.0
2024-06-10 23:00:00,0.00026459,0.00026587,0.00026248,0.00026473,2038725960.0
2024-06-11 00:00:00,0.00026473,0.00026611,0.00026182,0.00026288,2539004204.0
2024-06-11 01:00:00,0.00026288,0.00026344,0.00024797,0.00025454,69866785813.0
2024-06-11 02:00:00,0.00025454,0.0002569,0.00024766,0.00025275,12346591227.0
2024-06-11 03:00:00,0.00025275,0.00025275,0.00024848,0.00024994,4781051761.0
2024-06-11 04:00:00,0.00024994,0.00025204,0.00024601,0.00024937,12065498337.0
2024-06-11 05:00:00,0.00024937,0.00024937,0.00024678,0.00024892,2995320714.0
2024-06-11 06:00:00,0.00024892,0.00024994,0.00024455,0.00024688,10213146056.0
2024-06-11 07:00:00,0.00024688,0.00024972,0.00024498,0.00024616,6334725192.0
2024-06-11 08:00:00,0.00024616,0.00024897,0.00024406,0.00024816,5760362464.0
2024-06-11 09:00:00,0.00024816,0.00025287,0.00024686,0.00024772,9135181430.0
2024-06-11 10:00:00,0.00024772,0.00025231,0.000247,0.00024722,7881517337.0
2024-06-11 11:00:00,0.00024722,0.00024899,0.00024605,0.0002462,5086698537.0
2024-06-11 12:00:00,0.0002462,0.00024952,0.0002442,0.00024428,10609796120.0
2024-06-11 13:00:00,0.00024428,0.0002478,0.00023835,0.0002418,27962898488.0
2024-06-11 14:00:00,0.0002418,0.00024734,0.00024075,0.00024436,7778906393.0
2024-06-11 15:00:00,0.00024436,0.00024631,0.00023587,0.00023902,20725911839.0
2024-06-11 16:00:00,0.00023902,0.00024465,0.00023568,0.0002374,15254096599.0
2024-06-11 17:00:00,0.0002374,0.00023849,0.00023175,0.00023708,10463904517.0
2024-06-11 18:00:00,0.00023708,0.00024243,0.00023474,0.00024097,5264458906.0
2024-06-11 19:00:00,0.00024097,0.00024443,0.00023887,0.00024187,5965288630.0
2024-06-11 20:00:00,0.00024187,0.00024436,0.00023988,0.00024278,4663482875.0
2024-06-11 21:00:00,0.00024278,0.0002444,0.00024183,0.00024308,1488097506.0
2024-06-11 22:00:00,0.00024308,0.00024354,0.0002399,0.00024006,3740357498.0
2024-06-11 23:00:00,0.00024006,0.00024124,0.0002356,0.00023641,10280257563.0
2024-06-12 00:00:00,0.00023641,0.0002375,0.00023087,0.0002311,7093409253.0
2024-06-12 01:00:00,0.0002311,0.00023241,0.00021946,0.00022588,16589018018.0
2024-06-12 02:00:00,0.00022588,0.00023134,0.0002236,0.00022926,5224379423.0
2024-06-12 03:00:00,0.00022926,0.00023405,0.000228,0.00023405,4285882992.0
2024-06-12 04:00:00,0.00023405,0.00023718,0.00023253,0.00023496,4606157071.0
2024-06-12 05:00:00,0.00023496,0.00023525,0.0002309,0.00023329,4255500306.0
2024-06-12 06:00:00,0.00023329,0.00023859,0.00023326,0.00023477,3773016012.0
2024-06-12 07:00:00,0.00023477,0.00024098,0.00023447,0.00023988,3099528868.0
2024-06-12 08:00:00,0.00023988,0.00024228,0.00023772,0.00023939,6855426987.0
2024-06-12 09:00:00,0.00023939,0.0002409,0.00023649,0.00024005,4804320935.0
2024-06-12 10:00:00,0.00024005,0.00024319,0.00023746,0.00023931,8407680916.0
2024-06-12 11:00:00,0.00023931,0.00023976,0.00023501,0.00023521,3584329870.0
2024-06-12 12:00:00,0.00023521,0.00025216,0.00023451,0.00024826,40860796786.0
2024-06-12 13:00:00,0.00024826,0.00025184,0.00024151,0.00024268,9916604801.0
2024-06-12 14:00:00,0.00024268,0.00024643,0.00024033,0.00024462,6754094831.0
2024-06-12 15:00:00,0.00024462,0.00024521,0.00023948,0.00024035,4252279026.0
2024-06-12 16:00:00,0.00024035,0.00024058,0.00023621,0.000237,6614519225.0
2024-06-12 17:00:00,0.000237,0.00024104,0.00023529,0.00023955,9553097769.0
2024-06-12 18:00:00,0.00023955,0.00023955,0.00022253,0.0002258,63401557383.0
2024-06-12 19:00:00,0.0002258,0.00023193,0.00022074,0.00022314,20532969625.0
2024-06-12 20:00:00,0.00022314,0.00022529,0.00021404,0.00022102,37482569042.0
2024-06-12 21:00:00,0.00022102,0.00022301,0.0002195,0.00022064,5384338584.0
2024-06-12 22:00:00,0.00022064,0.00022069,0.00021486,0.00021936,5626200590.0
2024-06-12 23:00:00,0.00021936,0.00021988,0.00021668,0.00021973,1945042964.0
2024-06-13 00:00:00,0.00021973,0.00021973,0.00021501,0.00021765,5162152777.0
2024-06-13 01:00:00,0.00021765,0.00022244,0.00021621,0.0002166,7411019330.0
2024-06-13 02:00:00,0.0002166,0.00021924,0.00021403,0.00021455,4537851460.0
2024-06-13 03:00:00,0.00021455,0.00021455,0.00020839,0.0002136,32994203505.0
2024-06-13 04:00:00,0.0002136,0.00021659,0.00021344,0.00021437,2751568343.0
2024-06-13 05:00:00,0.00021437,0.0002194,0.00021437,0.00021758,3955368854.0
2024-06-13 06:00:00,0.00021758,0.00021813,0.00021407,0.00021549,2741332866.0
2024-06-13 07:00:00,0.00021549,0.00022057,0.00021496,0.00022044,11631479643.0
2024-06-13 08:00:00,0.00022044,0.00022283,0.00021835,0.00021925,5675628279.0
2024-06-13 09:00:00,0.00021925,0.00022003,0.00021558,0.00021987,5487438966.0
2024-06-13 10:00:00,0.00021987,0.00022063,0.0002182,0.00021969,2999798581.0
2024-06-13 11:00:00,0.00021969,0.00022036,0.00021713,0.00021805,4566037990.0
2024-06-13 12:00:00,0.00021805,0.00022081,0.00021438,0.00021634,22007781304.0
2024-06-13 13:00:00,0.00021634,0.00022026,0.00021511,0.00021595,10301993455.0
2024-06-13 14:00:00,0.00021595,0.0002167,0.00021433,0.00021472,7515341077.0
2024-06-13 15:00:00,0.00021472,0.00021472,0.00020397,0.00020534,87785909610.0
2024-06-13 16:00:00,0.00020534,0.0002104,0.00020369,0.00020822,15308506275.0
2024-06-13 17:00:00,0.00020822,0.00021266,0.00020558,0.00021257,7755009724.0
2024-06-13 18:00:00,0.00021257,0.00021263,0.00020902,0.00021055,4544905359.0
2024-06-13 19:00:00,0.00021055,0.00021107,0.00020727,0.00020738,2985945919.0
2024-06-13 20:00:00,0.00020738,0.00020812,0.000203,0.00020413,16702415235.0
2024-06-13 21:00:00,0.00020413,0.00020581,0.00020206,0.00020554,4939426460.0
2024-06-13 22:00:00,0.00020554,0.00020606,0.00020218,0.00020444,4751555223.0
2024-06-13 23:00:00,0.00020444,0.00020653,0.00020148,0.00020579,5336929997.0
2024-06-14 00:00:00,0.00020579,0.00020748,0.00020305,0.0002063,7693544199.0
2024-06-14 01:00:00,0.0002063,0.0002103,0.0002041,0.00021014,11346571761.0
2024-06-14 02:00:00,0.00021014,0.00021148,0.00020819,0.00020912,2914259179.0
2024-06-14 03:00:00,0.00020912,0.00021035,0.00020739,0.000208,13716594829.0
2024-06-14 04:00:00,0.000208,0.00020913,0.00020732,0.00020831,3841110742.0
2024-06-14 05:00:00,0.00020831,0.00021369,0.00020831,0.00021346,15967813791.0
2024-06-14 06:00:00,0.00021346,0.00021367,0.00021097,0.00021146,2770633589.0
2024-06-14 07:00:00,0.00021146,0.00021209,0.00020964,0.00021133,2951977623.0
2024-06-14 08:00:00,0.00021133,0.00021495,0.00021032,0.00021332,5603699811.0
2024-06-14 09:00:00,0.00021332,0.00021435,0.00021218,0.00021286,2364264141.0
2024-06-14 10:00:00,0.00021286,0.00021519,0.00021205,0.00021323,2682900769.0
2024-06-14 11:00:00,0.00021323,0.00021674,0.00021195,0.00021481,10946696320.0
2024-06-14 12:00:00,0.00021481,0.00021481,0.00020979,0.00021124,6151454044.0
2024-06-14 13:00:00,0.00021124,0.00021297,0.00021042,0.00021169,2120499656.0
2024-06-14 14:00:00,0.00021169,0.00021193,0.0002034,0.00020632,17761207408.0
2024-06-14 15:00:00,0.00020632,0.0002085,0.00020251,0.00020404,13708986950.0
2024-06-14 16:00:00,0.00020404,0.00020475,0.00019217,0.00019608,87991097718.0
2024-06-14 17:00:00,0.00019608,0.0001974,0.00019406,0.00019472,14816046258.0
2024-06-14 18:00:00,0.00019472,0.0001953,0.00019059,0.00019315,6504829419.0
2024-06-14 19:00:00,0.00019315,0.00019486,0.00019214,0.00019393,2752342084.0
2024-06-14 20:00:00,0.00019393,0.000196,0.00019378,0.00019514,2579592811.0
2024-06-14 21:00:00,0.00019514,0.00020358,0.00019428,0.00020225,10986507509.0
2024-06-14 22:00:00,0.00020225,0.00020296,0.00019946,0.0002007,5123166706.0
2024-06-14 23:00:00,0.0002007,0.00020144,0.00019894,0.0002002,4881107170.0
2024-06-15 00:00:00,0.0002002,0.00020262,0.00019921,0.00020093,10531492332.0
2024-06-15 01:00:00,0.00020093,0.00020313,0.00019876,0.00019893,2595466718.0
2024-06-15 02:00:00,0.00019893,0.0002027,0.0001987,0.00020214,3125155096.0
2024-06-15 03:00:00,0.00020214,0.0002058,0.00020214,0.00020506,4833310835.0
2024-06-15 04:00:00,0.00020506,0.0002074,0.00020334,0.0002065,8037402927.0
2024-06-15 05:00:00,0.0002065,0.00020823,0.00020294,0.00020294,23344802608.0
2024-06-15 06:00:00,0.00020294,0.00020638,0.00020294,0.00020536,5521042798.0
2024-06-15 07:00:00,0.00020536,0.00020646,0.00020317,0.00020346,4267906061.0
2024-06-15 08:00:00,0.00020346,0.00020443,0.00020305,0.00020415,2574844415.0
2024-06-15 09:00:00,0.00020415,0.0002053,0.00020321,0.00020322,2385309120.0
2024-06-15 10:00:00,0.00020322,0.00020496,0.00020301,0.00020393,1370633953.0
2024-06-15 11:00:00,0.00020393,0.00020432,0.00020328,0.000204,771825902.0
2024-06-15 12:00:00,0.000204,0.00020552,0.00020345,0.00020521,2840794328.0
2024-06-15 13:00:00,0.00020521,0.00020521,0.00020335,0.00020471,2349509307.0
2024-06-15 14:00:00,0.00020471,0.00020546,0.00020341,0.00020397,3331952758.0
2024-06-15 15:00:00,0.00020397,0.0002075,0.00020371,0.00020655,4896524927.0
2024-06-15 16:00:00,0.00020655,0.00020845,0.000204,0.0002042,6318901910.0
2024-06-15 17:00:00,0.0002042,0.00020424,0.0002024,0.00020344,2579149315.0
2024-06-15 18:00:00,0.00020344,0.00020355,0.00020161,0.00020186,1373790151.0
2024-06-15 19:00:00,0.00020186,0.0002022,0.00019962,0.00020047,2080467183.0
2024-06-15 20:00:00,0.00020047,0.00020116,0.00019756,0.00019934,5620490654.0
2024-06-15 21:00:00,0.00019934,0.00020229,0.00019929,0.00020208,1611814828.0
2024-06-15 22:00:00,0.00020208,0.00020208,0.00020011,0.00020096,3901554133.0
2024-06-15 23:00:00,0.00020096,0.00020311,0.00020049,0.00020221,5981651133.0
2024-06-16 00:00:00,0.00020221,0.00020254,0.00019968,0.00019978,1656433321.0
2024-06-16 01:00:00,0.00019978,0.0002014,0.00019781,0.00019951,13272683940.0
2024-06-16 02:00:00,0.00019951,0.00020072,0.00019852,0.00019872,2039843215.0
2024-06-16 03:00:00,0.00019872,0.00019926,0.0001966,0.00019803,1724895476.0
2024-06-16 04:00:00,0.00019803,0.00019803,0.00019548,0.00019672,1696201626.0
2024-06-16 05:00:00,0.00019672,0.00020084,0.00019655,0.00020014,2307199835.0
2024-06-16 06:00:00,0.00020014,0.00020348,0.00019952,0.00020207,7326693209.0
2024-06-16 07:00:00,0.00020207,0.00020311,0.00020071,0.00020092,14964321913.0
2024-06-16 08:00:00,0.00020092,0.0002015,0.00019904,0.00019939,1821327511.0
2024-06-16 09:00:00,0.00019939,0.00020251,0.00019914,0.00020212,2794898458.0
2024-06-16 10:00:00,0.00020212,0.00020564,0.00020158,0.00020459,3015875801.0
2024-06-16 11:00:00,0.00020459,0.00020528,0.00020211,0.00020254,2935605523.0
2024-06-16 12:00:00,0.00020254,0.00020314,0.00020075,0.00020152,3661179155.0
2024-06-16 13:00:00,0.00020152,0.00020434,0.00020144,0.00020425,1856313681.0
2024-06-16 14:00:00,0.00020425,0.00020663,0.00020326,0.00020427,8230088701.0
2024-06-16 15:00:00,0.00020427,0.00020699,0.00020419,0.00020636,2896459524.0
2024-06-16 16:00:00,0.00020636,0.00020737,0.00020423,0.00020605,2474928549.0
2024-06-16 17:00:00,0.00020605,0.00020778,0.00020575,0.00020624,2552313352.0
2024-06-16 18:00:00,0.00020624,0.00020686,0.00020519,0.00020576,1481946820.0
2024-06-16 19:00:00,0.00020576,0.00020788,0.00020565,0.00020653,4551590379.0
2024-06-16 20:00:00,0.00020653,0.0002071,0.00020574,0.00020674,979488082.0
2024-06-16 21:00:00,0.00020674,0.00020674,0.00020486,0.00020506,1745321717.0
2024-06-16 22:00:00,0.00020506,0.0002084,0.00020478,0.00020673,6905332338.0
2024-06-16 23:00:00,0.00020673,0.00020836,0.0002063,0.00020673,2130867386.0
2024-06-17 00:00:00,0.00020673,0.00020708,0.00020445,0.00020462,1746963428.0
2024-06-17 01:00:00,0.00020462,0.00020462,0.00020054,0.00020101,10257979837.0
2024-06-17 02:00:00,0.00020101,0.00020101,0.00019587,0.00019734,12872252645.0
2024-06-17 03:00:00,0.00019734,0.00019884,0.00019502,0.00019575,16529490021.0
2024-06-17 04:00:00,0.00019575,0.00019645,0.00019371,0.00019572,6129232504.0
2024-06-17 05:00:00,0.00019572,0.00019689,0.00019248,0.00019339,7926853954.0
2024-06-17 06:00:00,0.00019339,0.00019395,0.00019114,0.00019224,6469950093.0
2024-06-17 07:00:00,0.00019224,0.00019275,0.00018839,0.00019094,42391606624.0
2024-06-17 08:00:00,0.00019094,0.00019196,0.0001876,0.00018813,14527746883.0
2024-06-17 09:00:00,0.00018813,0.00019041,0.00018438,0.00018561,10099084024.0
2024-06-17 10:00:00,0.00018561,0.00018684,0.00018285,0.0001855,23456634674.0
2024-06-17 11:00:00,0.0001855,0.00018805,0.0001853,0.0001867,8665345747.0
2024-06-17 12:00:00,0.0001867,0.00018786,0.00018485,0.00018549,4449722391.0
2024-06-17 13:00:00,0.00018549,0.00018671,0.00018289,0.00018323,5164281230.0
2024-06-17 14:00:00,0.00018323,0.00018681,0.00018294,0.00018501,3205081895.0
2024-06-17 15:00:00,0.00018501,0.00018568,0.00017931,0.00017985,8148854679.0
2024-06-17 16:00:00,0.00017985,0.00018458,0.00017355,0.00018362,40855180550.0
2024-06-17 17:00:00,0.00018362,0.00018636,0.00018331,0.00018636,67217798509.0
2024-06-17 18:00:00,0.00018636,0.00018887,0.0001859,0.00018843,7271507491.0
2024-06-17 19:00:00,0.00018843,0.00018879,0.00018476,0.00018516,3656516143.0
2024-06-17 20:00:00,0.00018516,0.0001859,0.00018185,0.00018243,12387085069.0
2024-06-17 21:00:00,0.00018243,0.00018517,0.00018101,0.00018437,3843200312.0
2024-06-17 22:00:00,0.00018437,0.00018525,0.00018335,0.00018425,2271512985.0
2024-06-17 23:00:00,0.00018425,0.00018506,0.0001812,0.00018188,1334250119.0
2024-06-18 00:00:00,0.00018188,0.00018266,0.00017503,0.00017752,7731661936.0
2024-06-18 01:00:00,0.00017752,0.00017952,0.00015755,0.00016484,153711799287.0
2024-06-18 02:00:00,0.00016484,0.00017025,0.0001626,0.0001687,12971323955.0
2024-06-18 03:00:00,0.0001687,0.0001694,0.00016704,0.00016862,4738052189.0
2024-06-18 04:00:00,0.00016862,0.0001694,0.00016704,0.00016822,5089059511.0
2024-06-18 05:00:00,0.00016822,0.00017183,0.000168,0.00016812,9420527204.0
2024-06-18 06:00:00,0.00016812,0.00016904,0.00016678,0.00016783,4547364624.0
2024-06-18 07:00:00,0.00016783,0.00017045,0.00016763,0.00016839,2418093029.0
2024-06-18 08:00:00,0.00016839,0.00017054,0.00016778,0.00016933,3928180949.0
2024-06-18 09:00:00,0.00016933,0.00016991,0.00016804,0.0001682,1540064821.0
2024-06-18 10:00:00,0.0001682,0.00016829,0.00016538,0.0001656,3024447210.0
2024-06-18 11:00:00,0.0001656,0.00016566,0.00016139,0.00016499,12984812218.0
2024-06-18 12:00:00,0.00016499,0.00016713,0.0001601,0.00016499,48595850510.0
2024-06-18 13:00:00,0.00016499,0.00016522,0.00015972,0.00016004,9017170769.0
2024-06-18 14:00:00,0.00016004,0.00016841,0.00015835,0.00016433,34014919908.0
2024-06-18 15:00:00,0.00016433,0.00016789,0.00016264,0.00016689,10469391349.0
2024-06-18 16:00:00,0.00016689,0.00016799,0.0001639,0.00016625,3692446340.0
2024-06-18 17:00:00,0.00016625,0.00016746,0.00016275,0.0001636,2098755832.0
2024-06-18 18:00:00,0.0001636,0.00016564,0.00016214,0.00016343,1327771063.0
2024-06-18 19:00:00,0.00016343,0.00016623,0.00016145,0.00016623,2870681340.0
2024-06-18 20:00:00,0.00016623,0.0001677,0.00016342,0.00016568,4688939015.0
2024-06-18 21:00:00,0.00016568,0.00016874,0.00016539,0.00016734,3357227640.0
2024-06-18 22:00:00,0.00016734,0.00016908,0.00016554,0.00016769,3170115717.0
2024-06-18 23:00:00,0.00016769,0.00016868,0.00016679,0.00016818,2067912994.0
2024-06-19 00:00:00,0.00016818,0.00016949,0.0001651,0.00016855,1880480023.0
2024-06-19 01:00:00,0.00016855,0.00017427,0.00016855,0.00016984,39375711370.0
2024-06-19 02:00:00,0.00016984,0.0001736,0.00016965,0.00017154,5321908808.0
2024-06-19 03:00:00,0.00017154,0.00017408,0.00017098,0.00017257,3042317868.0
2024-06-19 04:00:00,0.00017257,0.00017611,0.00017196,0.00017457,12790818340.0
2024-06-19 05:00:00,0.00017457,0.0001768,0.00017345,0.00017436,3957843633.0
2024-06-19 06:00:00,0.00017436,0.00017928,0.00017388,0.00017877,4536462497.0
2024-06-19 07:00:00,0.00017877,0.00018023,0.0001758,0.00017692,58776220019.0
2024-06-19 08:00:00,0.00017692,0.000177,0.00017169,0.00017258,6365164300.0
2024-06-19 09:00:00,0.00017258,0.00017446,0.00017068,0.00017243,6420085476.0
2024-06-19 10:00:00,0.00017243,0.00017407,0.0001708,0.00017388,3853096305.0
2024-06-19 11:00:00,0.00017388,0.00017404,0.00016909,0.00017055,5606225750.0
2024-06-19 12:00:00,0.00017055,0.00017168,0.00016954,0.00017094,1586748574.0
2024-06-19 13:00:00,0.00017094,0.0001725,0.00016924,0.0001697,1598542370.0
2024-06-19 14:00:00,0.0001697,0.00017026,0.00016533,0.00016713,5552119118.0
2024-06-19 15:00:00,0.00016713,0.00017314,0.0001667,0.00017212,9399194316.0
2024-06-19 16:00:00,0.00017212,0.00017496,0.00017074,0.00017224,3528380420.0
2024-06-19 17:00:00,0.00017224,0.00017763,0.00017175,0.00017416,7312952481.0
2024-06-19 18:00:00,0.00017416,0.00017575,0.00017345,0.00017435,1398581204.0
2024-06-19 19:00:00,0.00017435,0.00017468,0.00017284,0.00017341,1747473559.0
2024-06-19 20:00:00,0.00017341,0.00017466,0.00017209,0.00017362,2238113806.0
2024-06-19 21:00:00,0.00017362,0.00017551,0.00017334,0.00017416,406938461.0
2024-06-19 22:00:00,0.00017416,0.00017466,0.00017115,0.0001715,721533920.0
2024-06-19 23:00:00,0.0001715,0.0001721,0.00016976,0.00017113,2409046499.0
2024-06-20 00:00:00,0.00017113,0.00017182,0.00016898,0.00017052,2552305769.0
2024-06-20 01:00:00,0.00017052,0.000176,0.00016985,0.00017236,3989111381.0
2024-06-20 02:00:00,0.00017236,0.0001735,0.00016997,0.00017278,3289979444.0
2024-06-20 03:00:00,0.00017278,0.00017663,0.0001727,0.00017486,4684703698.0
2024-06-20 04:00:00,0.00017486,0.00017511,0.00017244,0.00017493,2374558395.0
2024-06-20 05:00:00,0.00017493,0.00017698,0.00017441,0.00017672,6975025149.0
2024-06-20 06:00:00,0.00017672,0.00017938,0.00017637,0.00017781,7318974008.0
2024-06-20 07:00:00,0.00017781,0.00018491,0.00017781,0.00018408,22568720220.0
2024-06-20 08:00:00,0.00018408,0.00018422,0.00018165,0.00018326,4923908563.0
2024-06-20 09:00:00,0.00018326,0.00018661,0.00018322,0.00018373,14811804549.0
2024-06-20 10:00:00,0.00018373,0.00018478,0.00018075,0.00018461,8469976050.0
2024-06-20 11:00:00,0.00018461,0.00019145,0.00018337,0.0001891,26749773775.0
2024-06-20 12:00:00,0.0001891,0.00019056,0.00018577,0.00018723,21306444768.0
2024-06-20 13:00:00,0.00018723,0.00018778,0.00018,0.00018001,16867032891.0
2024-06-20 14:00:00,0.00018001,0.00018066,0.00017626,0.0001794,18849709922.0
2024-06-20 15:00:00,0.0001794,0.00018007,0.00017558,0.000176,12647336094.0
2024-06-20 16:00:00,0.000176,0.00017717,0.00017319,0.00017652,9241161074.0
2024-06-20 17:00:00,0.00017652,0.00017962,0.00017559,0.00017962,2681341049.0
2024-06-20 18:00:00,0.00017962,0.00018236,0.00017932,0.00018136,6364281183.0
2024-06-20 19:00:00,0.00018136,0.00018211,0.00017888,0.00018043,1658889198.0
2024-06-20 20:00:00,0.00018043,0.0001811,0.00017849,0.00017992,1563805423.0
2024-06-20 21:00:00,0.00017992,0.00018019,0.0001776,0.00017771,1139057624.0
2024-06-20 22:00:00,0.00017771,0.00017807,0.00017598,0.00017632,2841878277.0
2024-06-20 23:00:00,0.00017632,0.00017764,0.00017527,0.00017541,1394584355.0
2024-06-21 00:00:00,0.00017541,0.00017568,0.00017117,0.00017154,48890235390.0
2024-06-21 01:00:00,0.00017154,0.00017582,0.0001712,0.00017466,7041892149.0
2024-06-21 02:00:00,0.00017466,0.00017586,0.00017132,0.00017161,3205461479.0
2024-06-21 03:00:00,0.00017161,0.0001722,0.00016951,0.00017145,5097988432.0
2024-06-21 04:00:00,0.00017145,0.00017355,0.00017066,0.00017279,6654339761.0
2024-06-21 05:00:00,0.00017279,0.00017315,0.00017032,0.00017248,6562096276.0
2024-06-21 06:00:00,0.00017248,0.0001728,0.00017038,0.00017116,1412037581.0
2024-06-21 07:00:00,0.00017116,0.00017271,0.00016689,0.00016792,7515786883.0
2024-06-21 08:00:00,0.00016792,0.00016886,0.00016462,0.00016584,20060315053.0
2024-06-21 09:00:00,0.00016584,0.00017211,0.00016519,0.00017076,10207641433.0
2024-06-21 10:00:00,0.00017076,0.00017191,0.00016887,0.00016944,2576010552.0
2024-06-21 11:00:00,0.00016944,0.0001707,0.00016849,0.00016939,1533730510.0
2024-06-21 12:00:00,0.00016939,0.00017024,0.00016724,0.0001691,3816396917.0
2024-06-21 13:00:00,0.0001691,0.00016935,0.00016603,0.00016697,2785906639.0
2024-06-21 14:00:00,0.00016697,0.00017361,0.00016575,0.00017249,16434663828.0
2024-06-21 15:00:00,0.00017249,0.00017347,0.0001682,0.00016975,9326993837.0
2024-06-21 16:00:00,0.00016975,0.00017166,0.00016895,0.00017088,5408030059.0
2024-06-21 17:00:00,0.00017088,0.0001714,0.00016682,0.00016835,6245248673.0
2024-06-21 18:00:00,0.00016835,0.00017195,0.00016762,0.00017195,1833588282.0
2024-06-21 19:00:00,0.00017195,0.00017254,0.00017074,0.00017146,1658054208.0
2024-06-21 20:00:00,0.00017146,0.00017349,0.00017096,0.00017186,1599271565.0
2024-06-21 21:00:00,0.00017186,0.00017188,0.00016937,0.00017087,601979729.0
2024-06-21 22:00:00,0.00017087,0.0001714,0.00016989,0.00017017,3346160401.0
2024-06-21 23:00:00,0.00017017,0.00017051,0.00016904,0.00016972,589390856.0
2024-06-22 00:00:00,0.00016972,0.00016972,0.00016543,0.00016613,1845890248.0
2024-06-22 01:00:00,0.00016613,0.0001688,0.00016581,0.00016813,2435587326.0
2024-06-22 02:00:00,0.00016813,0.00017118,0.00016803,0.00017051,3043855848.0
2024-06-22 03:00:00,0.00017051,0.00017267,0.00017016,0.00017166,1828513692.0
2024-06-22 04:00:00,0.00017166,0.00017283,0.00017085,0.00017226,1131213345.0
2024-06-22 05:00:00,0.00017226,0.00017268,0.00017096,0.00017107,1315931197.0
2024-06-22 06:00:00,0.00017107,0.00017292,0.00017084,0.0001709,688853824.0
2024-06-22 07:00:00,0.0001709,0.00017116,0.00016862,0.00016908,2576271880.0
2024-06-22 08:00:00,0.00016908,0.00016909,0.00016674,0.00016719,2588806794.0
2024-06-22 09:00:00,0.00016719,0.00016818,0.0001668,0.00016764,2082287909.0
2024-06-22 10:00:00,0.00016764,0.0001684,0.00016633,0.00016769,3243070807.0
2024-06-22 11:00:00,0.00016769,0.00016895,0.00016609,0.00016861,3244627204.0
2024-06-22 12:00:00,0.00016861,0.00016991,0.00016824,0.00016826,2799799678.0
2024-06-22 13:00:00,0.00016826,0.00016968,0.00016724,0.0001687,2415356295.0
2024-06-22 14:00:00,0.0001687,0.00017074,0.00016844,0.00017003,1949090695.0
2024-06-22 15:00:00,0.00017003,0.00017069,0.00016896,0.00017008,804517004.0
2024-06-22 16:00:00,0.00017008,0.00017166,0.00016926,0.00017129,1358386969.0
2024-06-22 17:00:00,0.00017129,0.00017252,0.00016934,0.00016938,1130400995.0
2024-06-22 18:00:00,0.00016938,0.00016953,0.00016817,0.00016884,673578986.0
2024-06-22 19:00:00,0.00016884,0.0001692,0.0001684,0.00016904,328340855.0
2024-06-22 20:00:00,0.00016904,0.00016909,0.00016749,0.00016879,504348272.0
2024-06-22 21:00:00,0.00016879,0.00016925,0.00016821,0.0001688,505370318.0
2024-06-22 22:00:00,0.0001688,0.00017008,0.00016702,0.00016944,2497814109.0
2024-06-22 23:00:00,0.00016944,0.00017111,0.00016944,0.0001699,1864953710.0
2024-06-23 00:00:00,0.0001699,0.00017356,0.00016886,0.00017241,4521326180.0
2024-06-23 01:00:00,0.00017241,0.00017387,0.00017167,0.00017175,3626274619.0
2024-06-23 02:00:00,0.00017175,0.00017258,0.00017046,0.00017258,1560126683.0
2024-06-23 03:00:00,0.00017258,0.00017366,0.00017124,0.00017346,2457769919.0
2024-06-23 04:00:00,0.00017346,0.00017378,0.00017219,0.00017237,1868052759.0
2024-06-23 05:00:00,0.00017237,0.00017469,0.00017154,0.00017199,5914813371.0
2024-06-23 06:00:00,0.00017199,0.00017256,0.00017139,0.00017181,785343689.0
2024-06-23 07:00:00,0.00017181,0.00017235,0.00017125,0.00017185,1103882991.0
2024-06-23 08:00:00,0.00017185,0.0001723,0.00017115,0.00017216,2285959814.0
2024-06-23 09:00:00,0.00017216,0.00017257,0.00016947,0.00017038,5182772866.0
2024-06-23 10:00:00,0.00017038,0.00017038,0.00016828,0.00016867,2443157788.0
2024-06-23 11:00:00,0.00016867,0.0001694,0.00016778,0.00016897,4452455148.0
2024-06-23 12:00:00,0.00016897,0.00016995,0.00016875,0.00016973,1390010398.0
2024-06-23 13:00:00,0.00016973,0.00017062,0.00016828,0.00016848,1309728487.0
2024-06-23 14:00:00,0.00016848,0.00016859,0.00016583,0.00016645,5857129747.0
2024-06-23 15:00:00,0.00016645,0.00016653,0.00016396,0.00016495,7856767017.0
2024-06-23 16:00:00,0.00016495,0.00016525,0.00016218,0.00016284,13201410044.0
2024-06-23 17:00:00,0.00016284,0.00016504,0.00016245,0.000164,3672012330.0
2024-06-23 18:00:00,0.000164,0.00016462,0.00016325,0.0001639,520888729.0
2024-06-23 19:00:00,0.0001639,0.00016445,0.00016337,0.00016396,682055300.0
2024-06-23 20:00:00,0.00016396,0.00016404,0.00016006,0.00016168,6272135813.0
2024-06-23 21:00:00,0.00016168,0.00016248,0.00016017,0.00016169,3732942610.0
2024-06-23 22:00:00,0.00016169,0.0001617,0.00015839,0.00015929,3657454783.0
2024-06-23 23:00:00,0.00015929,0.00015967,0.00015753,0.00015865,4474278539.0
2024-06-24 00:00:00,0.00015865,0.00016016,0.0001578,0.00015906,4861295632.0
2024-06-24 01:00:00,0.00015906,0.00016042,0.0001579,0.0001593,4149392440.0
2024-06-24 02:00:00,0.0001593,0.00015982,0.00015479,0.00015693,9513302880.0
2024-06-24 03:00:00,0.00015693,0.00015913,0.00015693,0.00015782,1935429839.0
2024-06-24 04:00:00,0.00015782,0.00015809,0.00015603,0.00015645,1890943915.0
2024-06-24 05:00:00,0.00015645,0.00015647,0.00015114,0.00015208,11283987958.0
2024-06-24 06:00:00,0.00015208,0.00015383,0.00015208,0.00015343,2648598127.0
2024-06-24 07:00:00,0.00015343,0.00015358,0.0001519,0.00015229,1170440816.0
2024-06-24 08:00:00,0.00015229,0.00015494,0.00015051,0.00015345,8249635582.0
2024-06-24 09:00:00,0.00015345,0.00015481,0.000146,0.00015419,65970268685.0
2024-06-24 10:00:00,0.00015419,0.00015632,0.00015387,0.00015494,7829323342.0
2024-06-24 11:00:00,0.00015494,0.00015574,0.00015304,0.0001549,2667205881.0
2024-06-24 12:00:00,0.0001549,0.00015806,0.0001548,0.00015704,5070744536.0
2024-06-24 13:00:00,0.00015704,0.00016262,0.00015532,0.0001626,13805948975.0
2024-06-24 14:00:00,0.0001626,0.000164,0.00016073,0.00016186,10315339236.0
2024-06-24 15:00:00,0.00016186,0.00016186,0.00015751,0.00015909,4556112790.0
2024-06-24 16:00:00,0.00015909,0.00016311,0.00015821,0.00016093,9631208392.0
2024-06-24 17:00:00,0.00016093,0.00016384,0.00015957,0.00016108,30868282389.0
2024-06-24 18:00:00,0.00016108,0.00016192,0.00015845,0.00016116,7243658427.0
2024-06-24 19:00:00,0.00016116,0.00016223,0.00015882,0.00015977,2148858156.0
2024-06-24 20:00:00,0.00015977,0.00016189,0.00015769,0.00016189,2188769434.0
2024-06-24 21:00:00,0.00016189,0.00016832,0.00016167,0.00016603,18725368010.0
2024-06-24 22:00:00,0.00016603,0.00016708,0.00016545,0.00016573,6536633541.0
2024-06-24 23:00:00,0.00016573,0.00016922,0.00016572,0.00016773,13165141505.0
2024-06-25 00:00:00,0.00016773,0.00017305,0.00016718,0.00017123,12435486774.0
2024-06-25 01:00:00,0.00017123,0.00017207,0.0001697,0.00017207,3307955758.0
2024-06-25 02:00:00,0.00017207,0.00017396,0.0001708,0.0001725,13835727266.0
2024-06-25 03:00:00,0.0001725,0.00017827,0.00017092,0.00017642,33984102701.0
2024-06-25 04:00:00,0.00017642,0.00017707,0.00017429,0.00017634,2694836469.0
2024-06-25 05:00:00,0.00017634,0.00017713,0.00017361,0.00017447,4512713523.0
2024-06-25 06:00:00,0.00017447,0.00017505,0.00017161,0.00017258,9204460569.0
2024-06-25 07:00:00,0.00017258,0.0001739,0.0001708,0.00017136,6283096421.0
2024-06-25 08:00:00,0.00017136,0.0001724,0.00016859,0.00016991,9734726236.0
2024-06-25 09:00:00,0.00016991,0.00017174,0.00016893,0.00017061,5384256652.0
2024-06-25 10:00:00,0.00017061,0.00017188,0.00016958,0.00017159,10372978010.0
2024-06-25 11:00:00,0.00017159,0.00017343,0.00017032,0.00017086,5853681860.0
2024-06-25 12:00:00,0.00017086,0.00017197,0.00016936,0.00017031,11743862987.0
2024-06-25 13:00:00,0.00017031,0.00017179,0.00016942,0.0001709,3124442811.0
2024-06-25 14:00:00,0.0001709,0.00017835,0.00017088,0.0001779,24951632631.0
2024-06-25 15:00:00,0.0001779,0.00018119,0.0001751,0.00018078,45013278959.0
2024-06-25 16:00:00,0.00018078,0.00018132,0.00017525,0.00017563,8429736599.0
2024-06-25 17:00:00,0.00017563,0.00017832,0.00017563,0.00017611,3969484436.0
2024-06-25 18:00:00,0.00017611,0.00017841,0.00017551,0.00017806,3109811024.0
2024-06-25 19:00:00,0.00017806,0.00017849,0.00017634,0.00017761,2758833277.0
2024-06-25 20:00:00,0.00017761,0.00018041,0.0001769,0.00017899,8225478269.0
2024-06-25 21:00:00,0.00017899,0.00017958,0.00017778,0.0001779,1525341580.0
2024-06-25 22:00:00,0.0001779,0.00018031,0.00017725,0.00017799,2427451018.0
2024-06-25 23:00:00,0.00017799,0.00017871,0.00017611,0.00017793,3789548489.0
2024-06-26 00:00:00,0.00017793,0.00017904,0.00017672,0.00017717,928034883.0
2024-06-26 01:00:00,0.00017717,0.0001843,0.00017613,0.00018257,13670777895.0
2024-06-26 02:00:00,0.00018257,0.00018494,0.00018172,0.00018246,8169506834.0
2024-06-26 03:00:00,0.00018246,0.00018322,0.00017823,0.00017876,4586536467.0
2024-06-26 04:00:00,0.00017876,0.00018024,0.00017667,0.00017677,9119941048.0
2024-06-26 05:00:00,0.00017677,0.00017819,0.00017458,0.00017567,3156585611.0
2024-06-26 06:00:00,0.00017567,0.00017698,0.0001751,0.00017606,1245584057.0
2024-06-26 07:00:00,0.00017606,0.00017776,0.00017558,0.00017689,14158502141.0
2024-06-26 08:00:00,0.00017689,0.00017698,0.00017347,0.00017444,6037967642.0
2024-06-26 09:00:00,0.00017444,0.00017463,0.00017249,0.00017381,7257397676.0
2024-06-26 10:00:00,0.00017381,0.00017423,0.00017164,0.00017277,11929475326.0
2024-06-26 11:00:00,0.00017277,0.00017317,0.00017094,0.00017191,11783399610.0
2024-06-26 12:00:00,0.00017191,0.00017324,0.00017111,0.00017148,13051423880.0
2024-06-26 13:00:00,0.00017148,0.00017351,0.00017075,0.00017319,4686912547.0
2024-06-26 14:00:00,0.00017319,0.00017413,0.00017015,0.00017154,13864829545.0
2024-06-26 15:00:00,0.00017154,0.00017154,0.00016943,0.00017045,7900608434.0
2024-06-26 16:00:00,0.00017045,0.0001711,0.00016891,0.00016935,2743572080.0
2024-06-26 17:00:00,0.00016935,0.00016936,0.00016606,0.00016855,16464978989.0
2024-06-26 18:00:00,0.00016855,0.00016855,0.00016689,0.00016709,1482343419.0
2024-06-26 19:00:00,0.00016709,0.00016936,0.00016673,0.00016928,2179016459.0
2024-06-26 20:00:00,0.00016928,0.00017087,0.000167,0.00016889,4001785852.0
2024-06-26 21:00:00,0.00016889,0.00016916,0.00016799,0.0001683,1461765247.0
2024-06-26 22:00:00,0.0001683,0.00016877,0.00016714,0.00016764,1032097912.0
2024-06-26 23:00:00,0.00016764,0.00016798,0.00016688,0.0001678,727089855.0
2024-06-27 00:00:00,0.0001678,0.00016916,0.0001668,0.00016748,4233219728.0
2024-06-27 01:00:00,0.00016748,0.00016872,0.00016662,0.00016819,1083140932.0
2024-06-27 02:00:00,0.00016819,0.00016902,0.00016672,0.00016895,3507315007.0
2024-06-27 03:00:00,0.00016895,0.0001698,0.00016804,0.00016924,1112141738.0
2024-06-27 04:00:00,0.00016924,0.00016936,0.00016829,0.00016829,793304779.0
2024-06-27 05:00:00,0.00016829,0.00016842,0.00016563,0.00016607,2464017481.0
2024-06-27 06:00:00,0.00016607,0.00016694,0.00016532,0.00016655,4658668251.0
2024-06-27 07:00:00,0.00016655,0.00016814,0.00016563,0.00016788,2320128196.0
2024-06-27 08:00:00,0.00016788,0.00016837,0.00016642,0.00016677,1546406627.0
2024-06-27 09:00:00,0.00016677,0.0001698,0.00016644,0.0001698,1994209587.0
2024-06-27 10:00:00,0.0001698,0.00017042,0.00016703,0.00016715,3982495401.0
2024-06-27 11:00:00,0.00016715,0.00016874,0.00016653,0.00016827,1122884878.0
2024-06-27 12:00:00,0.00016827,0.00017027,0.00016742,0.00016987,4177595868.0
2024-06-27 13:00:00,0.00016987,0.0001749,0.00016969,0.00017372,18128272968.0
2024-06-27 14:00:00,0.00017372,0.00017704,0.00017164,0.00017167,9217807767.0
2024-06-27 15:00:00,0.00017167,0.00017335,0.00017069,0.00017271,3381692539.0
2024-06-27 16:00:00,0.00017271,0.00017472,0.00017185,0.0001724,4330163106.0
2024-06-27 17:00:00,0.0001724,0.00017352,0.00017193,0.00017216,2233022056.0
2024-06-27 18:00:00,0.00017216,0.00017412,0.00017092,0.00017412,3191941815.0
2024-06-27 19:00:00,0.00017412,0.00017426,0.00017206,0.00017218,24634095684.0
2024-06-27 20:00:00,0.00017218,0.00017326,0.00017148,0.00017299,3407283791.0
2024-06-27 21:00:00,0.00017299,0.00017447,0.00017297,0.00017343,4169120348.0
2024-06-27 22:00:00,0.00017343,0.00017419,0.00017278,0.00017384,1158693075.0
2024-06-27 23:00:00,0.00017384,0.00017432,0.0001731,0.00017405,1033548162.0
2024-06-28 00:00:00,0.00017405,0.00017486,0.00017072,0.00017134,2972512977.0
2024-06-28 01:00:00,0.00017134,0.00017654,0.00017065,0.00017487,3365258601.0
2024-06-28 02:00:00,0.00017487,0.00017503,0.00017014,0.00017042,2522466745.0
2024-06-28 03:00:00,0.00017042,0.00017232,0.00017017,0.00017189,2277383987.0
2024-06-28 04:00:00,0.00017189,0.00017201,0.00016924,0.00017083,3211155834.0
2024-06-28 05:00:00,0.00017083,0.00017083,0.00016848,0.00016926,1769625956.0
2024-06-28 06:00:00,0.00016926,0.00017015,0.00016877,0.0001697,2391646854.0
2024-06-28 07:00:00,0.0001697,0.0001697,0.00016668,0.00016898,32886248408.0
2024-06-28 08:00:00,0.00016898,0.00016969,0.00016776,0.00016967,1978218959.0
2024-06-28 09:00:00,0.00016967,0.00016976,0.00016842,0.00016925,890098611.0
2024-06-28 10:00:00,0.00016925,0.00016925,0.00016764,0.00016875,2101359967.0
2024-06-28 11:00:00,0.00016875,0.00016986,0.00016804,0.00016866,3249539606.0
2024-06-28 12:00:00,0.00016866,0.00017075,0.00016712,0.00016757,7379409005.0
2024-06-28 13:00:00,0.00016757,0.0001707,0.00016573,0.00016831,10134812594.0
2024-06-28 14:00:00,0.00016831,0.00016976,0.00016646,0.00016765,3631940650.0
2024-06-28 15:00:00,0.00016765,0.00016993,0.00016623,0.00016911,2727852686.0
2024-06-28 16:00:00,0.00016911,0.00017017,0.00016458,0.00016734,5449141734.0
2024-06-28 17:00:00,0.00016734,0.00016734,0.00016314,0.00016486,2713170486.0
2024-06-28 18:00:00,0.00016486,0.0001659,0.00016423,0.00016538,1237640314.0
2024-06-28 19:00:00,0.00016538,0.00016572,0.00016424,0.00016484,1108796542.0
2024-06-28 20:00:00,0.00016484,0.00016652,0.00016418,0.00016429,1184320691.0
2024-06-28 21:00:00,0.00016429,0.00016429,0.00016155,0.00016335,5471235663.0
2024-06-28 22:00:00,0.00016335,0.00016335,0.00016205,0.00016313,1115881765.0
2024-06-28 23:00:00,0.00016313,0.00016404,0.00016281,0.00016374,1755493538.0
2024-06-29 00:00:00,0.00016374,0.00016559,0.00016362,0.00016512,958178123.0
2024-06-29 01:00:00,0.00016512,0.00016735,0.00016477,0.00016705,1951033398.0
2024-06-29 02:00:00,0.00016705,0.00016914,0.00016701,0.00016909,2504507164.0
2024-06-29 03:00:00,0.00016909,0.00016924,0.00016781,0.00016843,2021127008.0
2024-06-29 04:00:00,0.00016843,0.00016874,0.00016768,0.0001681,336561125.0
2024-06-29 05:00:00,0.0001681,0.00016835,0.00016626,0.00016686,1066469558.0
2024-06-29 06:00:00,0.00016686,0.00016821,0.00016666,0.00016802,1001983298.0
2024-06-29 07:00:00,0.00016802,0.00017051,0.00016799,0.00016936,12293942292.0
2024-06-29 08:00:00,0.00016936,0.00016994,0.00016794,0.00016854,2797569113.0
2024-06-29 09:00:00,0.00016854,0.00016897,0.00016806,0.00016861,976483358.0
2024-06-29 10:00:00,0.00016861,0.00017025,0.0001686,0.00016966,1839935644.0
2024-06-29 11:00:00,0.00016966,0.0001708,0.00016863,0.00017014,3654025553.0
2024-06-29 12:00:00,0.00017014,0.00017124,0.000169,0.00016955,2461707215.0
2024-06-29 13:00:00,0.00016955,0.00017052,0.00016886,0.00017037,4748147749.0
2024-06-29 14:00:00,0.00017037,0.00017106,0.00016903,0.00016922,1762515176.0
2024-06-29 15:00:00,0.00016922,0.00016946,0.00016782,0.0001694,3095027440.0
2024-06-29 16:00:00,0.0001694,0.00016973,0.00016726,0.00016766,5485194366.0
2024-06-29 17:00:00,0.00016766,0.00016766,0.00016629,0.00016692,7912466061.0
2024-06-29 18:00:00,0.00016692,0.00016719,0.00016602,0.0001664,2145593866.0
2024-06-29 19:00:00,0.0001664,0.00016708,0.00016439,0.00016587,5332913120.0
2024-06-29 20:00:00,0.00016587,0.00016602,0.00016467,0.00016491,472883677.0
2024-06-29 21:00:00,0.00016491,0.00016506,0.0001639,0.00016486,884880978.0
2024-06-29 22:00:00,0.00016486,0.00016486,0.00016241,0.00016263,1709932017.0
2024-06-29 23:00:00,0.00016263,0.00016405,0.00016263,0.00016389,1666621819.0
2024-06-30 00:00:00,0.00016389,0.00016438,0.00016279,0.00016338,982398926.0
2024-06-30 01:00:00,0.00016338,0.0001634,0.00016155,0.00016233,1955627430.0
2024-06-30 02:00:00,0.00016233,0.00016233,0.00016034,0.00016104,1856514810.0
2024-06-30 03:00:00,0.00016104,0.00016199,0.00016084,0.00016176,508250998.0
2024-06-30 04:00:00,0.00016176,0.00016185,0.00016019,0.0001606,2434878102.0
2024-06-30 05:00:00,0.0001606,0.00016082,0.00015977,0.00016056,2348541103.0
2024-06-30 06:00:00,0.00016056,0.00016346,0.00016056,0.00016336,1268128991.0
2024-06-30 07:00:00,0.00016336,0.00017084,0.00016334,0.00016991,17357351016.0
2024-06-30 08:00:00,0.00016991,0.00017097,0.00016831,0.00016904,4921641665.0
2024-06-30 09:00:00,0.00016904,0.00016983,0.00016749,0.00016758,2353036712.0
2024-06-30 10:00:00,0.00016758,0.00016808,0.00016601,0.00016632,1416684182.0
2024-06-30 11:00:00,0.00016632,0.00016782,0.00016618,0.00016675,1595445360.0
2024-06-30 12:00:00,0.00016675,0.00016781,0.00016543,0.00016605,2766418565.0
2024-06-30 13:00:00,0.00016605,0.00016747,0.00016605,0.00016747,1412889343.0
2024-06-30 14:00:00,0.00016747,0.0001694,0.00016673,0.00016766,4616185962.0
2024-06-30 15:00:00,0.00016766,0.00016942,0.0001674,0.00016942,1880402488.0
2024-06-30 16:00:00,0.00016942,0.0001699,0.00016659,0.00016665,2175828728.0
2024-06-30 17:00:00,0.00016665,0.00016985,0.00016606,0.00016874,4402290844.0
2024-06-30 18:00:00,0.00016874,0.00016929,0.00016751,0.00016892,1467434744.0
2024-06-30 19:00:00,0.00016892,0.0001695,0.00016826,0.00016846,1633379483.0
2024-06-30 20:00:00,0.00016846,0.0001698,0.00016831,0.00016831,1306497562.0
2024-06-30 21:00:00,0.00016831,0.00016833,0.00016643,0.00016706,2111278900.0
2024-06-30 22:00:00,0.00016706,0.0001734,0.00016706,0.0001722,11773050581.0
2024-06-30 23:00:00,0.0001722,0.00017326,0.00017092,0.0001716,3434496127.0
2024-07-01 00:00:00,0.0001716,0.00017235,0.00017025,0.000172,4611882389.0
2024-07-01 01:00:00,0.000172,0.00017635,0.00017127,0.00017525,7119124819.0
2024-07-01 02:00:00,0.00017525,0.00017648,0.00017301,0.00017332,2747379359.0
2024-07-01 03:00:00,0.00017332,0.00017402,0.00017244,0.00017371,3050826078.0
2024-07-01 04:00:00,0.00017371,0.00017563,0.00017247,0.0001729,1888517979.0
2024-07-01 05:00:00,0.0001729,0.00017377,0.00017145,0.0001723,5288455102.0
2024-07-01 06:00:00,0.0001723,0.00017268,0.00017114,0.00017207,1770648968.0
2024-07-01 07:00:00,0.00017207,0.00017269,0.00017125,0.00017161,1696297097.0
2024-07-01 08:00:00,0.00017161,0.00017168,0.00016801,0.00016943,4562566545.0
2024-07-01 09:00:00,0.00016943,0.00017037,0.00016857,0.00016993,1692404532.0
2024-07-01 10:00:00,0.00016993,0.00017003,0.00016809,0.00016865,3397275291.0
2024-07-01 11:00:00,0.00016865,0.00016878,0.00016619,0.0001672,4860841184.0
2024-07-01 12:00:00,0.0001672,0.00016874,0.00016693,0.00016824,6857907252.0
2024-07-01 13:00:00,0.00016824,0.00016914,0.00016661,0.00016717,4721157322.0
2024-07-01 14:00:00,0.00016717,0.00016795,0.00016545,0.00016696,14831447672.0
2024-07-01 15:00:00,0.00016696,0.00016785,0.00016586,0.00016726,3724091098.0
2024-07-01 16:00:00,0.00016726,0.00016948,0.00016691,0.00016861,9717179611.0
2024-07-01 17:00:00,0.00016861,0.0001712,0.00016799,0.00017087,3322317690.0
2024-07-01 18:00:00,0.00017087,0.00017427,0.00017068,0.00017404,9342656632.0
2024-07-01 19:00:00,0.00017404,0.00017518,0.00017313,0.00017395,7831679169.0
2024-07-01 20:00:00,0.00017395,0.00017878,0.0001737,0.00017723,24777501665.0
2024-07-01 21:00:00,0.00017723,0.0001786,0.00017389,0.00017399,8442157182.0
2024-07-01 22:00:00,0.00017399,0.00017431,0.00017025,0.00017103,4599736406.0
2024-07-01 23:00:00,0.00017103,0.00017235,0.00016992,0.00017035,2870839368.0
2024-07-02 00:00:00,0.00017035,0.00017068,0.00016851,0.0001697,4104829606.0
2024-07-02 01:00:00,0.0001697,0.00017012,0.0001681,0.00016994,1390493823.0
2024-07-02 02:00:00,0.00016994,0.00017196,0.00016978,0.00017131,2227472541.0
2024-07-02 03:00:00,0.00017131,0.00017476,0.00017084,0.000174,3937854008.0
2024-07-02 04:00:00,0.000174,0.00017963,0.00017333,0.00017868,19195818040.0
2024-07-02 05:00:00,0.00017868,0.00018227,0.00017732,0.00017968,33172435803.0
2024-07-02 06:00:00,0.00017968,0.00018051,0.00017426,0.00017499,9759557115.0
2024-07-02 07:00:00,0.00017499,0.00017545,0.00017321,0.00017365,7340587566.0
2024-07-02 08:00:00,0.00017365,0.00017512,0.00017285,0.00017474,13908085673.0
2024-07-02 09:00:00,0.00017474,0.00017667,0.0001743,0.00017592,7241827658.0
2024-07-02 10:00:00,0.00017592,0.00017865,0.0001741,0.00017845,15613672152.0
2024-07-02 11:00:00,0.00017845,0.00017856,0.00017715,0.00017766,5335544212.0
2024-07-02 12:00:00,0.00017766,0.00018343,0.00017734,0.00018227,32954044519.0
2024-07-02 13:00:00,0.00018227,0.0001849,0.0001801,0.0001809,32824928322.0
2024-07-02 14:00:00,0.0001809,0.00018199,0.00017497,0.00017687,27971956908.0
2024-07-02 15:00:00,0.00017687,0.00018179,0.0001765,0.00018106,56709259676.0
2024-07-02 16:00:00,0.00018106,0.00018243,0.00017604,0.00017825,42876355674.0
2024-07-02 17:00:00,0.00017825,0.00018107,0.00017671,0.00018024,11710173762.0
2024-07-02 18:00:00,0.00018024,0.000183,0.00018013,0.00018203,10467772616.0
2024-07-02 19:00:00,0.00018203,0.00018227,0.00017938,0.00017981,4813560297.0
2024-07-02 20:00:00,0.00017981,0.00018169,0.00017896,0.00017969,5774956800.0
2024-07-02 21:00:00,0.00017969,0.00018213,0.00017869,0.00018143,4196746941.0
2024-07-02 22:00:00,0.00018143,0.000182,0.00017922,0.0001802,2806198706.0
2024-07-02 23:00:00,0.0001802,0.00018348,0.0001798,0.00018316,5702983932.0
2024-07-03 00:00:00,0.00018316,0.00018604,0.0001823,0.00018384,29537904496.0
2024-07-03 01:00:00,0.00018384,0.00018384,0.0001786,0.00017943,22591741523.0
2024-07-03 02:00:00,0.00017943,0.00018052,0.00017706,0.0001774,6143310698.0
2024-07-03 03:00:00,0.0001774,0.00018124,0.00017364,0.00017938,19938703382.0
2024-07-03 04:00:00,0.00017938,0.00017938,0.00017456,0.00017484,21964632286.0
2024-07-03 05:00:00,0.00017484,0.00017715,0.00017445,0.00017709,5816288591.0
2024-07-03 06:00:00,0.00017709,0.00017709,0.00017482,0.00017568,3477003293.0
2024-07-03 07:00:00,0.00017568,0.00017592,0.00017211,0.00017307,9798180582.0
2024-07-03 08:00:00,0.00017307,0.00017397,0.00017044,0.00017102,6681605441.0
2024-07-03 09:00:00,0.00017102,0.00017256,0.00017098,0.00017167,4602617136.0
2024-07-03 10:00:00,0.00017167,0.00017171,0.00016705,0.00016915,14291106880.0
2024-07-03 11:00:00,0.00016915,0.00016915,0.00016582,0.0001673,12035954478.0
2024-07-03 12:00:00,0.0001673,0.0001673,0.00016218,0.00016286,11194232794.0
2024-07-03 13:00:00,0.00016286,0.00016659,0.00016254,0.00016573,16829752627.0
2024-07-03 14:00:00,0.00016573,0.00016626,0.00016344,0.00016371,13116646685.0
2024-07-03 15:00:00,0.00016371,0.00016433,0.00016209,0.00016269,12924805116.0
2024-07-03 16:00:00,0.00016269,0.00016448,0.00016141,0.00016391,3853840655.0
2024-07-03 17:00:00,0.00016391,0.00016457,0.00016208,0.00016325,2449797958.0
2024-07-03 18:00:00,0.00016325,0.00016419,0.00016218,0.00016291,1564387488.0
2024-07-03 19:00:00,0.00016291,0.00016291,0.00016026,0.00016115,6006794326.0
2024-07-03 20:00:00,0.00016115,0.00016235,0.00016,0.00016037,2516091693.0
2024-07-03 21:00:00,0.00016037,0.00016402,0.00016025,0.00016346,2246002826.0
2024-07-03 22:00:00,0.00016346,0.00016347,0.0001612,0.00016213,1207322633.0
2024-07-03 23:00:00,0.00016213,0.0001627,0.00016135,0.00016233,944139031.0
2024-07-04 00:00:00,0.00016233,0.00016549,0.0001619,0.0001631,1917792454.0
2024-07-04 01:00:00,0.0001631,0.0001631,0.000153,0.00015654,113478440948.0
2024-07-04 02:00:00,0.00015654,0.00015903,0.00015406,0.00015794,26037548956.0
2024-07-04 03:00:00,0.00015794,0.00015839,0.00015607,0.00015717,64683392035.0
2024-07-04 04:00:00,0.00015717,0.00015778,0.00015607,0.00015671,2087573598.0
2024-07-04 05:00:00,0.00015671,0.00015671,0.00015491,0.00015492,3945460406.0
2024-07-04 06:00:00,0.00015492,0.00015526,0.00015208,0.00015405,5623762684.0
2024-07-04 07:00:00,0.00015405,0.00015427,0.0001512,0.00015186,4870340507.0
2024-07-04 08:00:00,0.00015186,0.00015436,0.00014919,0.00015351,83873524823.0
2024-07-04 09:00:00,0.00015351,0.00015394,0.00015086,0.0001525,17394543108.0
2024-07-04 10:00:00,0.0001525,0.00015266,0.00015029,0.00015256,4213779828.0
2024-07-04 11:00:00,0.00015256,0.00015394,0.00015182,0.00015264,6141582454.0
2024-07-04 12:00:00,0.00015264,0.00015285,0.00014698,0.00014783,13608148212.0
2024-07-04 13:00:00,0.00014783,0.00014917,0.00014437,0.00014795,28004611038.0
2024-07-04 14:00:00,0.00014795,0.00014855,0.00014527,0.00014765,8008992622.0
2024-07-04 15:00:00,0.00014765,0.00015078,0.00014651,0.00015008,6105837171.0
2024-07-04 16:00:00,0.00015008,0.00015062,0.00014864,0.00015016,2017882808.0
2024-07-04 17:00:00,0.00015016,0.0001505,0.00014901,0.0001495,1280120701.0
2024-07-04 18:00:00,0.0001495,0.0001495,0.00014722,0.00014859,1488780127.0
2024-07-04 19:00:00,0.00014859,0.00015151,0.00014826,0.00014834,34345098242.0
2024-07-04 20:00:00,0.00014834,0.00015035,0.00014811,0.00015011,2024029078.0
2024-07-04 21:00:00,0.00015011,0.00015074,0.00014913,0.00015024,1785214558.0
2024-07-04 22:00:00,0.00015024,0.00015076,0.00014638,0.0001467,9880450290.0
2024-07-04 23:00:00,0.0001467,0.00014689,0.00014008,0.00014213,19842059739.0
2024-07-05 00:00:00,0.00014213,0.00014261,0.0001313,0.00013619,43385780733.0
2024-07-05 01:00:00,0.00013619,0.00013724,0.00013032,0.00013554,9164509748.0
2024-07-05 02:00:00,0.00013554,0.00013554,0.00012182,0.00012488,51600543138.0
2024-07-05 03:00:00,0.00012488,0.00012762,0.00012068,0.00012417,57379533317.0
2024-07-05 04:00:00,0.00012417,0.00013098,0.00012128,0.00012958,32101942150.0
2024-07-05 05:00:00,0.00012958,0.00013358,0.00012915,0.00013095,23561334226.0
2024-07-05 06:00:00,0.00013095,0.00013162,0.00012852,0.00012941,5608641366.0
2024-07-05 07:00:00,0.00012941,0.00013017,0.00012821,0.00012942,2373192460.0
2024-07-05 08:00:00,0.00012942,0.00012942,0.0001247,0.00012482,3272020964.0
2024-07-05 09:00:00,0.00012482,0.00012936,0.00012444,0.00012899,5195679302.0
2024-07-05 10:00:00,0.00012899,0.00013337,0.00012832,0.00013104,9275614162.0
2024-07-05 11:00:00,0.00013104,0.00013616,0.00013097,0.00013592,6768710357.0
2024-07-05 12:00:00,0.00013592,0.00013783,0.00013362,0.00013396,9121598077.0
2024-07-05 13:00:00,0.00013396,0.00014048,0.00013318,0.00013928,29222102092.0
2024-07-05 14:00:00,0.00013928,0.00014021,0.000136,0.00013931,3690464692.0
2024-07-05 15:00:00,0.00013931,0.00014382,0.00013858,0.00014326,13707174476.0
2024-07-05 16:00:00,0.00014326,0.00014443,0.00014091,0.00014144,7590821944.0
2024-07-05 17:00:00,0.00014144,0.00014467,0.00014034,0.00014359,4597784218.0
2024-07-05 18:00:00,0.00014359,0.00014359,0.00014079,0.00014176,2543904648.0
2024-07-05 19:00:00,0.00014176,0.00014212,0.00014014,0.00014063,1572162506.0
2024-07-05 20:00:00,0.00014063,0.00014129,0.00013967,0.00014043,1343149135.0
2024-07-05 21:00:00,0.00014043,0.00014172,0.00013928,0.00013956,1541857866.0
2024-07-05 22:00:00,0.00013956,0.0001407,0.00013779,0.00013828,9961497935.0
2024-07-05 23:00:00,0.00013828,0.0001397,0.00013803,0.00013841,624970376.0
2024-07-06 00:00:00,0.00013841,0.00014462,0.00013711,0.0001412,6380327030.0
2024-07-06 01:00:00,0.0001412,0.0001414,0.00013742,0.00013765,2832502917.0
2024-07-06 02:00:00,0.00013765,0.0001406,0.00013646,0.00013965,4117642703.0
2024-07-06 03:00:00,0.00013965,0.00014019,0.00013855,0.0001388,1837823788.0
2024-07-06 04:00:00,0.0001388,0.00013929,0.00013663,0.00013663,1619446546.0
2024-07-06 05:00:00,0.00013663,0.00013854,0.00013628,0.00013785,1056185895.0
2024-07-06 06:00:00,0.00013785,0.00014245,0.00013785,0.00014092,1707946520.0
2024-07-06 07:00:00,0.00014092,0.00014307,0.00014051,0.00014192,1593089437.0
2024-07-06 08:00:00,0.00014192,0.00014335,0.0001414,0.00014226,1394775132.0
2024-07-06 09:00:00,0.00014226,0.0001425,0.00013985,0.0001425,1466095071.0
2024-07-06 10:00:00,0.0001425,0.00014375,0.00014166,0.00014232,1231259590.0
2024-07-06 11:00:00,0.00014232,0.00014287,0.00014109,0.0001418,1451583464.0
2024-07-06 12:00:00,0.0001418,0.00014233,0.00013968,0.00014125,2071459057.0
2024-07-06 13:00:00,0.00014125,0.00014438,0.0001404,0.00014282,6443313013.0
2024-07-06 14:00:00,0.00014282,0.00014546,0.00014166,0.00014388,6274538916.0
2024-07-06 15:00:00,0.00014388,0.00014674,0.00014313,0.00014526,10256294738.0
2024-07-06 16:00:00,0.00014526,0.00015064,0.00014418,0.00015018,5308442102.0
2024-07-06 17:00:00,0.00015018,0.00015117,0.00014841,0.00015024,3244339844.0
2024-07-06 18:00:00,0.00015024,0.00015172,0.0001495,0.0001516,1456922943.0
2024-07-06 19:00:00,0.0001516,0.000152,0.00014992,0.00015102,1913874919.0
2024-07-06 20:00:00,0.00015102,0.00015195,0.00015093,0.00015135,639298131.0
2024-07-06 21:00:00,0.00015135,0.00015363,0.00015124,0.00015306,1518373991.0
2024-07-06 22:00:00,0.00015306,0.00015474,0.00015306,0.00015355,1903237407.0
2024-07-06 23:00:00,0.00015355,0.0001539,0.00015136,0.00015179,856555281.0
2024-07-07 00:00:00,0.00015179,0.00015189,0.00014881,0.00014886,3939621081.0
2024-07-07 01:00:00,0.00014886,0.00014915,0.00014703,0.00014861,2402224960.0
2024-07-07 02:00:00,0.00014861,0.00015026,0.00014844,0.00014925,1990597678.0
2024-07-07 03:00:00,0.00014925,0.00014925,0.00014672,0.00014779,1430084131.0
2024-07-07 04:00:00,0.00014779,0.00014827,0.00014327,0.00014389,56187844740.0
2024-07-07 05:00:00,0.00014389,0.00014591,0.00014344,0.00014536,2727914601.0
2024-07-07 06:00:00,0.00014536,0.00014754,0.00014502,0.0001462,24643877919.0
2024-07-07 07:00:00,0.0001462,0.00014749,0.00014251,0.00014449,4615880618.0
2024-07-07 08:00:00,0.00014449,0.00014611,0.00014428,0.00014576,1900853384.0
2024-07-07 09:00:00,0.00014576,0.00014831,0.00014524,0.00014632,4398016233.0
2024-07-07 10:00:00,0.00014632,0.00014829,0.0001455,0.00014591,1686776887.0
2024-07-07 11:00:00,0.00014591,0.00014786,0.00014591,0.00014736,1249311698.0
2024-07-07 12:00:00,0.00014736,0.00014846,0.0001455,0.00014672,1469513884.0
2024-07-07 13:00:00,0.00014672,0.00014677,0.00014115,0.00014146,4263209466.0
2024-07-07 14:00:00,0.00014146,0.00014204,0.00013868,0.00014079,7449051017.0
2024-07-07 15:00:00,0.00014079,0.00014412,0.00014033,0.00014204,2503207317.0
2024-07-07 16:00:00,0.00014204,0.00014505,0.00014137,0.00014293,8871634250.0
2024-07-07 17:00:00,0.00014293,0.0001442,0.00014102,0.00014337,1494579333.0
2024-07-07 18:00:00,0.00014337,0.00014438,0.00014233,0.00014292,1310013741.0
2024-07-07 19:00:00,0.00014292,0.0001436,0.00014225,0.00014261,816249550.0
2024-07-07 20:00:00,0.00014261,0.00014294,0.00014153,0.00014154,505758327.0
2024-07-07 21:00:00,0.00014154,0.00014154,0.00013746,0.00013912,3651139331.0
2024-07-07 22:00:00,0.00013912,0.00013986,0.00013646,0.00013673,2144482253.0
2024-07-07 23:00:00,0.00013673,0.00013833,0.000135,0.00013596,2618318068.0
2024-07-08 00:00:00,0.00013596,0.0001368,0.00013083,0.00013138,17710938228.0
2024-07-08 01:00:00,0.00013138,0.00013174,0.00012897,0.000131,16089875168.0
2024-07-08 02:00:00,0.000131,0.00013546,0.00013,0.00013414,11751686332.0
2024-07-08 03:00:00,0.00013414,0.0001358,0.00013251,0.0001339,2098665628.0
2024-07-08 04:00:00,0.0001339,0.0001375,0.00013311,0.00013728,3551646425.0
2024-07-08 05:00:00,0.00013728,0.00013833,0.00013579,0.00013685,6471860242.0
2024-07-08 06:00:00,0.00013685,0.00013854,0.00013581,0.00013687,2886924355.0
2024-07-08 07:00:00,0.00013687,0.00013719,0.00013502,0.00013678,1451820280.0
2024-07-08 08:00:00,0.00013678,0.0001479,0.00013632,0.00014731,21335986272.0
2024-07-08 09:00:00,0.00014731,0.00014768,0.00014414,0.00014483,29456773107.0
2024-07-08 10:00:00,0.00014483,0.00014632,0.00014123,0.00014162,22287981846.0
2024-07-08 11:00:00,0.00014162,0.00014436,0.00014154,0.00014387,7763207847.0
2024-07-08 12:00:00,0.00014387,0.00014562,0.00014201,0.00014403,22125928191.0
2024-07-08 13:00:00,0.00014403,0.0001458,0.00014266,0.00014469,4687954458.0
2024-07-08 14:00:00,0.00014469,0.00014684,0.00013705,0.00014135,38406410986.0
2024-07-08 15:00:00,0.00014135,0.00014388,0.00013896,0.00013911,26942936645.0
2024-07-08 16:00:00,0.00013911,0.00014047,0.00013698,0.00013899,25624828887.0
2024-07-08 17:00:00,0.00013899,0.00014172,0.00013776,0.00014065,2003101724.0
2024-07-08 18:00:00,0.00014065,0.00014287,0.00013993,0.00014172,5716667937.0
2024-07-08 19:00:00,0.00014172,0.00014289,0.00014119,0.00014241,885599124.0
2024-07-08 20:00:00,0.00014241,0.00014358,0.00014047,0.00014062,2287249955.0
2024-07-08 21:00:00,0.00014062,0.0001435,0.00014038,0.00014277,16510400422.0
2024-07-08 22:00:00,0.00014277,0.00014384,0.00014181,0.00014226,768681027.0
2024-07-08 23:00:00,0.00014226,0.00014261,0.00014125,0.0001415,613471477.0
2024-07-09 00:00:00,0.0001415,0.00014302,0.00014057,0.00014204,4034780902.0
2024-07-09 01:00:00,0.00014204,0.00014629,0.00014111,0.00014286,22491196433.0
2024-07-09 02:00:00,0.00014286,0.00014699,0.00014107,0.00014686,2349048293.0
2024-07-09 03:00:00,0.00014686,0.00014825,0.0001445,0.00014767,4145292153.0
2024-07-09 04:00:00,0.00014767,0.00014908,0.00014639,0.00014812,26203229201.0
2024-07-09 05:00:00,0.00014812,0.00014812,0.00014517,0.00014644,5775738649.0
2024-07-09 06:00:00,0.00014644,0.00014907,0.00014599,0.00014688,4627470329.0
2024-07-09 07:00:00,0.00014688,0.00014733,0.00014423,0.00014457,4709777593.0
2024-07-09 08:00:00,0.00014457,0.00014674,0.0001439,0.00014461,2620783221.0
2024-07-09 09:00:00,0.00014461,0.00014565,0.00014419,0.00014514,2608339434.0
2024-07-09 10:00:00,0.00014514,0.0001457,0.00014327,0.00014396,2552497608.0
2024-07-09 11:00:00,0.00014396,0.00014405,0.00014147,0.00014243,2029550310.0
2024-07-09 12:00:00,0.00014243,0.00014373,0.00014218,0.00014277,1050707700.0
2024-07-09 13:00:00,0.00014277,0.00014368,0.00014144,0.00014238,2324050756.0
2024-07-09 14:00:00,0.00014238,0.0001464,0.00014177,0.00014191,9742254265.0
2024-07-09 15:00:00,0.00014191,0.00014366,0.00014045,0.00014346,3074245977.0
2024-07-09 16:00:00,0.00014346,0.00014506,0.00014285,0.00014376,1663019150.0
2024-07-09 17:00:00,0.00014376,0.00014438,0.00014217,0.00014288,1702632124.0
2024-07-09 18:00:00,0.00014288,0.00014517,0.00014236,0.00014388,1093074998.0
2024-07-09 19:00:00,0.00014388,0.00014522,0.00014359,0.00014508,586821041.0
2024-07-09 20:00:00,0.00014508,0.00014614,0.00014469,0.0001452,805529786.0
2024-07-09 21:00:00,0.0001452,0.00014524,0.00014334,0.00014335,994081858.0
2024-07-09 22:00:00,0.00014335,0.00014546,0.00014243,0.00014347,633790468.0
2024-07-09 23:00:00,0.00014347,0.00014457,0.00014326,0.00014399,664585972.0
2024-07-10 00:00:00,0.00014399,0.00014399,0.00014177,0.00014196,580083348.0
2024-07-10 01:00:00,0.00014196,0.00014487,0.00014101,0.00014334,1069245942.0
2024-07-10 02:00:00,0.00014334,0.00014419,0.00014183,0.00014415,1266024439.0
2024-07-10 03:00:00,0.00014415,0.0001462,0.00014404,0.00014606,1893897953.0
2024-07-10 04:00:00,0.00014606,0.00015449,0.00014583,0.00015306,35382560939.0
2024-07-10 05:00:00,0.00015306,0.00015341,0.00015046,0.00015195,3539181390.0
2024-07-10 06:00:00,0.00015195,0.00015344,0.00015102,0.00015234,1836875053.0
2024-07-10 07:00:00,0.00015234,0.00015291,0.00014944,0.00015081,2571277392.0
2024-07-10 08:00:00,0.00015081,0.00015095,0.00014845,0.00014874,2523098598.0
2024-07-10 09:00:00,0.00014874,0.0001496,0.00014808,0.000149,2413370252.0
2024-07-10 10:00:00,0.000149,0.00015051,0.0001479,0.0001501,1567746638.0
2024-07-10 11:00:00,0.0001501,0.00015483,0.0001501,0.0001544,21569069244.0
2024-07-10 12:00:00,0.0001544,0.00015625,0.0001506,0.00015296,18699070519.0
2024-07-10 13:00:00,0.00015296,0.00015377,0.00014979,0.00015162,10097832638.0
2024-07-10 14:00:00,0.00015162,0.00015373,0.00015095,0.00015131,10966492239.0
2024-07-10 15:00:00,0.00015131,0.00015303,0.00015049,0.00015153,2991179978.0
2024-07-10 16:00:00,0.00015153,0.00015284,0.00015056,0.00015092,1973078588.0
2024-07-10 17:00:00,0.00015092,0.00015157,0.00014956,0.0001507,1926289449.0
2024-07-10 18:00:00,0.0001507,0.0001513,0.00014994,0.0001505,1279275115.0
2024-07-10 19:00:00,0.0001505,0.00015078,0.00014971,0.00014996,891424324.0
2024-07-10 20:00:00,0.00014996,0.00014997,0.00014807,0.00014905,3795902364.0
2024-07-10 21:00:00,0.00014905,0.00014905,0.00014727,0.00014813,1191206830.0
2024-07-10 22:00:00,0.00014813,0.00014878,0.00014785,0.0001487,1814513358.0
2024-07-10 23:00:00,0.0001487,0.00014957,0.00014837,0.00014902,612191033.0
2024-07-11 00:00:00,0.00014902,0.00015029,0.0001479,0.00015002,1175893748.0
2024-07-11 01:00:00,0.00015002,0.00015171,0.00014757,0.00015168,2994454026.0
2024-07-11 02:00:00,0.00015168,0.00015197,0.00014831,0.00014918,4151894812.0
2024-07-11 03:00:00,0.00014918,0.00014951,0.00014591,0.00014724,6624165213.0
2024-07-11 04:00:00,0.00014724,0.00014839,0.00014688,0.00014813,683874863.0
2024-07-11 05:00:00,0.00014813,0.00014965,0.00014793,0.00014948,1131507198.0
2024-07-11 06:00:00,0.00014948,0.00014995,0.00014871,0.00014901,851912538.0
2024-07-11 07:00:00,0.00014901,0.00015007,0.00014881,0.0001496,8992047103.0
2024-07-11 08:00:00,0.0001496,0.00014987,0.00014717,0.00014794,10030123985.0
2024-07-11 09:00:00,0.00014794,0.00014927,0.00014785,0.00014925,1052331006.0
2024-07-11 10:00:00,0.00014925,0.00015025,0.00014832,0.00014941,15278183623.0
2024-07-11 11:00:00,0.00014941,0.0001511,0.00014836,0.00015031,2652487251.0
2024-07-11 12:00:00,0.00015031,0.00015563,0.00014984,0.00015383,44692600550.0
2024-07-11 13:00:00,0.00015383,0.00015394,0.00015119,0.0001524,10804897993.0
2024-07-11 14:00:00,0.0001524,0.00015313,0.00014887,0.00014999,8037642796.0
2024-07-11 15:00:00,0.00014999,0.00015042,0.000146,0.00014715,8644901267.0
2024-07-11 16:00:00,0.00014715,0.00014805,0.00014544,0.00014677,4688152669.0
2024-07-11 17:00:00,0.00014677,0.00014746,0.00014628,0.00014732,2469756061.0
2024-07-11 18:00:00,0.00014732,0.00014862,0.00014663,0.00014852,2009659460.0
2024-07-11 19:00:00,0.00014852,0.00014857,0.00014559,0.0001462,3320538348.0
2024-07-11 20:00:00,0.0001462,0.00014625,0.00014419,0.0001455,3517680356.0
2024-07-11 21:00:00,0.0001455,0.00014566,0.00014295,0.00014378,2046268349.0
2024-07-11 22:00:00,0.00014378,0.00014385,0.00014234,0.00014301,1467557162.0
2024-07-11 23:00:00,0.00014301,0.0001433,0.00014205,0.00014314,393186465.0
2024-07-12 00:00:00,0.00014314,0.00014496,0.0001429,0.00014345,753009823.0
2024-07-12 01:00:00,0.00014345,0.00014434,0.00014069,0.00014326,10311918050.0
2024-07-12 02:00:00,0.00014326,0.00014439,0.00014264,0.00014403,2624792222.0
2024-07-12 03:00:00,0.00014403,0.00014421,0.0001426,0.00014303,1272430617.0
2024-07-12 04:00:00,0.00014303,0.00014312,0.00014087,0.00014153,1914171989.0
2024-07-12 05:00:00,0.00014153,0.00014191,0.0001405,0.00014084,685559843.0
2024-07-12 06:00:00,0.00014084,0.00014302,0.00014068,0.00014202,2625365109.0
2024-07-12 07:00:00,0.00014202,0.00014289,0.00014018,0.00014108,2204579910.0
2024-07-12 08:00:00,0.00014108,0.00014148,0.00014006,0.0001413,1389378579.0
2024-07-12 09:00:00,0.0001413,0.0001413,0.00013843,0.00013848,3045507576.0
2024-07-12 10:00:00,0.00013848,0.0001388,0.00013645,0.00013831,21043158822.0
2024-07-12 11:00:00,0.00013831,0.00013857,0.0001378,0.00013828,384135381.0
2024-07-12 12:00:00,0.00013828,0.00013986,0.00013802,0.00013898,2884570095.0
2024-07-12 13:00:00,0.00013898,0.00014237,0.00013898,0.00014189,7481970985.0
2024-07-12 14:00:00,0.00014189,0.00014264,0.0001405,0.00014098,16965943182.0
2024-07-12 15:00:00,0.00014098,0.00014331,0.00014086,0.00014286,2496876693.0
2024-07-12 16:00:00,0.00014286,0.00014315,0.00014084,0.00014131,2485294018.0
2024-07-12 17:00:00,0.00014131,0.00014188,0.00014007,0.00014141,3117375451.0
2024-07-12 18:00:00,0.00014141,0.00014294,0.00014051,0.00014202,1728180558.0
2024-07-12 19:00:00,0.00014202,0.00014226,0.00013971,0.00013976,1825676060.0
2024-07-12 20:00:00,0.00013976,0.00013996,0.00013821,0.00013945,2559553485.0
2024-07-12 21:00:00,0.00013945,0.00013987,0.000139,0.00013955,385797169.0
2024-07-12 22:00:00,0.00013955,0.00014057,0.00013934,0.00014051,977392898.0
2024-07-12 23:00:00,0.00014051,0.00014074,0.00013968,0.00014063,968895516.0
2024-07-13 00:00:00,0.00014063,0.00014226,0.00014037,0.00014202,3071058062.0
2024-07-13 01:00:00,0.00014202,0.00014291,0.0001416,0.00014194,4986999120.0
2024-07-13 02:00:00,0.00014194,0.00014269,0.00014091,0.00014269,1198100363.0
2024-07-13 03:00:00,0.00014269,0.00014284,0.00014167,0.00014167,721310152.0
2024-07-13 04:00:00,0.00014167,0.00014213,0.00014115,0.00014126,1210199130.0
2024-07-13 05:00:00,0.00014126,0.0001439,0.00014067,0.00014367,6229114624.0
2024-07-13 06:00:00,0.00014367,0.00014412,0.00014261,0.00014283,1293290968.0
2024-07-13 07:00:00,0.00014283,0.00014285,0.00014208,0.00014259,699951109.0
2024-07-13 08:00:00,0.00014259,0.00014259,0.0001409,0.000141,1620361558.0
2024-07-13 09:00:00,0.000141,0.00014318,0.00014097,0.00014297,1471997913.0
2024-07-13 10:00:00,0.00014297,0.00014328,0.00013994,0.00014104,1718115545.0
2024-07-13 11:00:00,0.00014104,0.00014141,0.00014009,0.00014138,1017760002.0
2024-07-13 12:00:00,0.00014138,0.00014182,0.00014058,0.00014133,1175475101.0
2024-07-13 13:00:00,0.00014133,0.00014133,0.00013988,0.00014007,1415887809.0
2024-07-13 14:00:00,0.00014007,0.00014017,0.00013875,0.00013951,1728761566.0
2024-07-13 15:00:00,0.00013951,0.00014074,0.0001389,0.00014059,1649484179.0
2024-07-13 16:00:00,0.00014059,0.00014194,0.00014002,0.00014024,1026380895.0
2024-07-13 17:00:00,0.00014024,0.00014101,0.00013967,0.00014058,5278195883.0
2024-07-13 18:00:00,0.00014058,0.00014096,0.00013891,0.00013969,10463792277.0
2024-07-13 19:00:00,0.00013969,0.00014032,0.00013947,0.00013947,330628367.0
2024-07-13 20:00:00,0.00013947,0.00014022,0.00013894,0.00013895,713796704.0
2024-07-13 21:00:00,0.00013895,0.00013904,0.00013849,0.00013887,1028925413.0
2024-07-13 22:00:00,0.00013887,0.00014193,0.00013713,0.00014172,7879785451.0
2024-07-13 23:00:00,0.00014172,0.0001441,0.00014108,0.00014193,6905209403.0
2024-07-14 00:00:00,0.00014193,0.00014478,0.00014193,0.00014442,14692492288.0
2024-07-14 01:00:00,0.00014442,0.00014669,0.00014378,0.00014583,4488519855.0
2024-07-14 02:00:00,0.00014583,0.00014684,0.00014331,0.00014429,3652605584.0
2024-07-14 03:00:00,0.00014429,0.00014587,0.00014421,0.00014527,2836625485.0
2024-07-14 04:00:00,0.00014527,0.00014788,0.00014477,0.00014703,3725919004.0
2024-07-14 05:00:00,0.00014703,0.00014871,0.00014501,0.00014865,3476016193.0
2024-07-14 06:00:00,0.00014865,0.00014919,0.00014668,0.00014692,1374424668.0
2024-07-14 07:00:00,0.00014692,0.0001486,0.00014657,0.00014753,2474792110.0
2024-07-14 08:00:00,0.00014753,0.00014971,0.00014753,0.00014892,1786544799.0
2024-07-14 09:00:00,0.00014892,0.00014953,0.00014797,0.00014863,2842396007.0
2024-07-14 10:00:00,0.00014863,0.00014903,0.00014638,0.00014676,3662022538.0
2024-07-14 11:00:00,0.00014676,0.00014748,0.00014656,0.0001472,1480642065.0
2024-07-14 12:00:00,0.0001472,0.0001475,0.00014455,0.00014467,6062030316.0
2024-07-14 13:00:00,0.00014467,0.00014562,0.00014439,0.00014484,943983243.0
2024-07-14 14:00:00,0.00014484,0.00014586,0.00014328,0.00014545,2969007651.0
2024-07-14 15:00:00,0.00014545,0.00014652,0.00014406,0.00014549,6351370106.0
2024-07-14 16:00:00,0.00014549,0.00014583,0.00014452,0.00014577,293124574.0
2024-07-14 17:00:00,0.00014577,0.00014632,0.00014471,0.00014594,3593279942.0
2024-07-14 18:00:00,0.00014594,0.00014624,0.00014528,0.0001453,1021952894.0
2024-07-14 19:00:00,0.0001453,0.00014543,0.00014471,0.00014488,516711349.0
2024-07-14 20:00:00,0.00014488,0.00014595,0.00014446,0.00014566,315978341.0
2024-07-14 21:00:00,0.00014566,0.00015143,0.00014535,0.00015135,2468662360.0
2024-07-14 22:00:00,0.00015135,0.00015312,0.00015028,0.00015232,3917282520.0
2024-07-14 23:00:00,0.00015232,0.00015412,0.00015127,0.00015169,2375253028.0
2024-07-15 00:00:00,0.00015169,0.00015468,0.00015021,0.0001544,7111581877.0
2024-07-15 01:00:00,0.0001544,0.00015556,0.00015213,0.00015259,106103341564.0
2024-07-15 02:00:00,0.00015259,0.00015493,0.0001523,0.00015396,818927630.0
2024-07-15 03:00:00,0.00015396,0.00015489,0.00015324,0.00015339,1814981122.0
2024-07-15 04:00:00,0.00015339,0.00015385,0.00015082,0.00015156,2052819460.0
2024-07-15 05:00:00,0.00015156,0.00015484,0.00015114,0.00015308,32714139042.0
2024-07-15 06:00:00,0.00015308,0.00015841,0.000153,0.00015719,16136558558.0
2024-07-15 07:00:00,0.00015719,0.00015833,0.0001559,0.00015692,2933523186.0
2024-07-15 08:00:00,0.00015692,0.00015794,0.00015521,0.00015565,3177911154.0
2024-07-15 09:00:00,0.00015565,0.00015692,0.00015361,0.0001562,22179001774.0
2024-07-15 10:00:00,0.0001562,0.00015646,0.00015409,0.00015472,2344238157.0
2024-07-15 11:00:00,0.00015472,0.000156,0.00015406,0.00015561,3636768358.0
2024-07-15 12:00:00,0.00015561,0.00015976,0.00015527,0.00015935,8567990556.0
2024-07-15 13:00:00,0.00015935,0.00016512,0.00015843,0.00016458,33060657628.0
2024-07-15 14:00:00,0.00016458,0.00016462,0.00016219,0.00016432,13901849113.0
2024-07-15 15:00:00,0.00016432,0.00016989,0.00016399,0.00016814,23407161512.0
2024-07-15 16:00:00,0.00016814,0.00017735,0.00016676,0.00017425,37784509086.0
2024-07-15 17:00:00,0.00017425,0.00017641,0.00017163,0.00017408,15302826877.0
2024-07-15 18:00:00,0.00017408,0.00017646,0.00017288,0.00017546,9218586534.0
2024-07-15 19:00:00,0.00017546,0.00017739,0.00017318,0.00017476,8342788762.0
2024-07-15 20:00:00,0.00017476,0.00018109,0.00017417,0.00018083,28196186887.0
2024-07-15 21:00:00,0.00018083,0.00018197,0.0001774,0.00017843,14323612580.0
2024-07-15 22:00:00,0.00017843,0.0001828,0.00017843,0.00018121,19351315076.0
2024-07-15 23:00:00,0.00018121,0.0001839,0.00018042,0.000183,7351603594.0
2024-07-16 00:00:00,0.000183,0.00018888,0.00018261,0.00018518,17212239015.0
2024-07-16 01:00:00,0.00018518,0.0001936,0.00018368,0.00019117,26611476640.0
2024-07-16 02:00:00,0.00019117,0.00019282,0.00018693,0.00018789,16229788922.0
2024-07-16 03:00:00,0.00018789,0.00019728,0.00018742,0.00019573,15964637863.0
2024-07-16 04:00:00,0.00019573,0.00019767,0.00019091,0.0001923,28644588315.0
2024-07-16 05:00:00,0.0001923,0.00019408,0.00018417,0.00018498,24633218728.0
2024-07-16 06:00:00,0.00018498,0.00018902,0.00018123,0.00018164,28243359245.0
2024-07-16 07:00:00,0.00018164,0.00018557,0.00018013,0.00018093,34108723805.0
2024-07-16 08:00:00,0.00018093,0.00018297,0.00017554,0.00018054,26203041128.0
2024-07-16 09:00:00,0.00018054,0.00018443,0.0001792,0.00018392,11931238888.0
2024-07-16 10:00:00,0.00018392,0.00018783,0.0001821,0.00018581,20765305890.0
2024-07-16 11:00:00,0.00018581,0.00018746,0.00018362,0.00018617,19757301822.0
2024-07-16 12:00:00,0.00018617,0.00018873,0.00018295,0.00018305,17360361441.0
2024-07-16 13:00:00,0.00018305,0.00018724,0.0001822,0.00018275,16576404723.0
2024-07-16 14:00:00,0.00018275,0.00018555,0.0001807,0.00018426,12039922992.0
2024-07-16 15:00:00,0.00018426,0.00018881,0.00018337,0.00018825,22641998123.0
2024-07-16 16:00:00,0.00018825,0.00019003,0.00018386,0.00018703,31768939102.0
2024-07-16 17:00:00,0.00018703,0.0001922,0.00018632,0.00018978,23732153711.0
2024-07-16 18:00:00,0.00018978,0.0001917,0.000188,0.00018894,3661493133.0
2024-07-16 19:00:00,0.00018894,0.00019055,0.00018786,0.00018976,3517640613.0
2024-07-16 20:00:00,0.00018976,0.00019071,0.00018734,0.00018953,4216858542.0
2024-07-16 21:00:00,0.00018953,0.00019085,0.00018674,0.00018711,8631932085.0
2024-07-16 22:00:00,0.00018711,0.00018798,0.00018439,0.00018681,11518504834.0
2024-07-16 23:00:00,0.00018681,0.0001899,0.00018603,0.00018942,11931889431.0
2024-07-17 00:00:00,0.00018942,0.0001908,0.00018836,0.00019,2588665118.0
2024-07-17 01:00:00,0.00019,0.000194,0.00018976,0.00019145,17413684633.0
2024-07-17 02:00:00,0.00019145,0.00019177,0.00018555,0.00018613,12974717553.0
2024-07-17 03:00:00,0.00018613,0.00018762,0.00018454,0.00018726,2914486615.0
2024-07-17 04:00:00,0.00018726,0.00018844,0.00018486,0.00018842,17134078423.0
2024-07-17 05:00:00,0.00018842,0.00019019,0.00018734,0.00018796,3261047991.0
2024-07-17 06:00:00,0.00018796,0.00018959,0.00018683,0.00018772,3524917730.0
2024-07-17 07:00:00,0.00018772,0.00019063,0.00018708,0.00018881,5401254043.0
2024-07-17 08:00:00,0.00018881,0.00018896,0.00018464,0.00018665,7876082036.0
2024-07-17 09:00:00,0.00018665,0.00018826,0.00018532,0.0001875,2000603831.0
2024-07-17 10:00:00,0.0001875,0.0001881,0.00018494,0.00018496,1723762530.0
2024-07-17 11:00:00,0.00018496,0.00018526,0.00018161,0.00018378,8564762866.0
2024-07-17 12:00:00,0.00018378,0.0001855,0.00018332,0.00018408,3688261539.0
2024-07-17 13:00:00,0.00018408,0.00018589,0.00018164,0.00018517,5630532939.0
2024-07-17 14:00:00,0.00018517,0.00018568,0.00018257,0.0001845,6149163583.0
2024-07-17 15:00:00,0.0001845,0.00018585,0.0001824,0.00018272,3460738419.0
2024-07-17 16:00:00,0.00018272,0.00018387,0.00017682,0.0001797,8608214742.0
2024-07-17 17:00:00,0.0001797,0.00018231,0.00017925,0.00018123,2008241586.0
2024-07-17 18:00:00,0.00018123,0.00018453,0.00018123,0.00018277,4891663203.0
2024-07-17 19:00:00,0.00018277,0.00018488,0.00018226,0.00018344,874496548.0
2024-07-17 20:00:00,0.00018344,0.00018418,0.00018253,0.00018307,1485117576.0
2024-07-17 21:00:00,0.00018307,0.00018307,0.00018037,0.00018144,4980156811.0
2024-07-17 22:00:00,0.00018144,0.00018214,0.00018033,0.00018065,530241317.0
2024-07-17 23:00:00,0.00018065,0.00018214,0.00017844,0.00017925,2998233328.0
2024-07-18 00:00:00,0.00017925,0.00018388,0.00017923,0.0001831,7404376931.0
2024-07-18 01:00:00,0.0001831,0.00018593,0.00018239,0.00018388,4666797366.0
2024-07-18 02:00:00,0.00018388,0.00018499,0.00017986,0.00018141,3018188528.0
2024-07-18 03:00:00,0.00018141,0.000184,0.00018123,0.00018259,1594419748.0
2024-07-18 04:00:00,0.00018259,0.00018259,0.0001802,0.00018096,2279161062.0
2024-07-18 05:00:00,0.00018096,0.00018232,0.0001782,0.00018135,2641145444.0
2024-07-18 06:00:00,0.00018135,0.00018354,0.00018055,0.00018294,3791883360.0
2024-07-18 07:00:00,0.00018294,0.00018356,0.00017973,0.00017982,2765707232.0
2024-07-18 08:00:00,0.00017982,0.00018162,0.00017828,0.00018096,5209513107.0
2024-07-18 09:00:00,0.00018096,0.00018487,0.00017907,0.00018007,11721335265.0
2024-07-18 10:00:00,0.00018007,0.00018041,0.00017716,0.00017929,5626888293.0
2024-07-18 11:00:00,0.00017929,0.00017954,0.0001775,0.00017871,4088609396.0
2024-07-18 12:00:00,0.00017871,0.00018234,0.00017839,0.00018141,8680640389.0
2024-07-18 13:00:00,0.00018141,0.00018397,0.0001792,0.00018009,9313919978.0
2024-07-18 14:00:00,0.00018009,0.00018098,0.00017536,0.00017702,7718817100.0
2024-07-18 15:00:00,0.00017702,0.00017702,0.00017303,0.00017333,13178321549.0
2024-07-18 16:00:00,0.00017333,0.00017512,0.00017078,0.00017466,5896667570.0
2024-07-18 17:00:00,0.00017466,0.00017485,0.00017141,0.00017195,2208349241.0
2024-07-18 18:00:00,0.00017195,0.00017205,0.00016936,0.00017069,2075410413.0
2024-07-18 19:00:00,0.00017069,0.0001714,0.00016838,0.00017011,2225260253.0
2024-07-18 20:00:00,0.00017011,0.00017279,0.00016903,0.00017273,4785842744.0
2024-07-18 21:00:00,0.00017273,0.00017389,0.00017177,0.00017369,3951102764.0
2024-07-18 22:00:00,0.00017369,0.0001746,0.0001718,0.00017382,3201293457.0
2024-07-18 23:00:00,0.00017382,0.00017469,0.0001734,0.00017361,3709581360.0
2024-07-19 00:00:00,0.00017361,0.00017384,0.00017029,0.00017087,3584365640.0
2024-07-19 01:00:00,0.00017087,0.00017236,0.00016833,0.00017196,4256716273.0
2024-07-19 02:00:00,0.00017196,0.00017274,0.00017066,0.00017131,1604280000.0
2024-07-19 03:00:00,0.00017131,0.00017658,0.00017119,0.0001765,5043769887.0
2024-07-19 04:00:00,0.0001765,0.00017729,0.00017401,0.00017403,1848973015.0
2024-07-19 05:00:00,0.00017403,0.00017911,0.00017381,0.00017784,16501887392.0
2024-07-19 06:00:00,0.00017784,0.00018239,0.00017782,0.00018065,5095553805.0
2024-07-19 07:00:00,0.00018065,0.00018188,0.00017627,0.00017787,6412507744.0
2024-07-19 08:00:00,0.00017787,0.0001783,0.00017378,0.00017705,8531998286.0
2024-07-19 09:00:00,0.00017705,0.00017956,0.00017633,0.00017689,7299304082.0
2024-07-19 10:00:00,0.00017689,0.00017909,0.00017604,0.00017714,1938616672.0
2024-07-19 11:00:00,0.00017714,0.00018043,0.00017701,0.00017866,5023768961.0
2024-07-19 12:00:00,0.00017866,0.00018118,0.00017817,0.00018058,2393911282.0
2024-07-19 13:00:00,0.00018058,0.0001837,0.0001776,0.00018309,9937599341.0
2024-07-19 14:00:00,0.00018309,0.00018687,0.00018276,0.00018571,19632566714.0
2024-07-19 15:00:00,0.00018571,0.00018678,0.00018319,0.00018657,6256088983.0
2024-07-19 16:00:00,0.00018657,0.0001909,0.0001865,0.00018869,13149456910.0
2024-07-19 17:00:00,0.00018869,0.00019316,0.00018747,0.00019261,4216979025.0
2024-07-19 18:00:00,0.00019261,0.00019323,0.00018895,0.0001913,5321826205.0
2024-07-19 19:00:00,0.0001913,0.00019541,0.0001903,0.00019369,15972775502.0
2024-07-19 20:00:00,0.00019369,0.00019371,0.00019065,0.0001909,4194208342.0
2024-07-19 21:00:00,0.0001909,0.00019327,0.00018941,0.00018968,3839090550.0
2024-07-19 22:00:00,0.00018968,0.00019017,0.00018756,0.00018789,1787443095.0
2024-07-19 23:00:00,0.00018789,0.0001906,0.00018789,0.00019041,1622007726.0
2024-07-20 00:00:00,0.00019041,0.00019151,0.0001846,0.00018535,4742845627.0
2024-07-20 01:00:00,0.00018535,0.00018652,0.0001843,0.00018541,2175029862.0
2024-07-20 02:00:00,0.00018541,0.0001875,0.00018498,0.00018638,1155775614.0
2024-07-20 03:00:00,0.00018638,0.0001887,0.00018633,0.00018741,1140754058.0
2024-07-20 04:00:00,0.00018741,0.00019222,0.00018661,0.00019177,1975793741.0
2024-07-20 05:00:00,0.00019177,0.00019462,0.00019137,0.00019382,4193907104.0
2024-07-20 06:00:00,0.00019382,0.00019543,0.00019225,0.00019397,3029118071.0
2024-07-20 07:00:00,0.00019397,0.00019404,0.0001896,0.0001905,2872200322.0
2024-07-20 08:00:00,0.0001905,0.00019129,0.00018869,0.00018917,2950878207.0
2024-07-20 09:00:00,0.00018917,0.00019019,0.00018801,0.00018891,1296175329.0
2024-07-20 10:00:00,0.00018891,0.00018932,0.00018719,0.00018786,2374414926.0
2024-07-20 11:00:00,0.00018786,0.00018946,0.00018626,0.00018779,2153663998.0
2024-07-20 12:00:00,0.00018779,0.0001895,0.00018769,0.00018823,938946350.0
2024-07-20 13:00:00,0.00018823,0.00019,0.00018547,0.00018998,4647369177.0
2024-07-20 14:00:00,0.00018998,0.00019188,0.00018929,0.00019021,3859757324.0
2024-07-20 15:00:00,0.00019021,0.00019535,0.00019007,0.0001951,7594177249.0
2024-07-20 16:00:00,0.0001951,0.0002098,0.00019429,0.00020776,57693002646.0
2024-07-20 17:00:00,0.00020776,0.00021,0.00020407,0.00020916,15954789666.0
2024-07-20 18:00:00,0.00020916,0.00020916,0.00020501,0.00020523,7971695621.0
2024-07-20 19:00:00,0.00020523,0.00020572,0.00019923,0.00020121,10343685485.0
2024-07-20 20:00:00,0.00020121,0.0002043,0.00020121,0.00020299,4359885162.0
2024-07-20 21:00:00,0.00020299,0.00020317,0.00019936,0.00020243,4654720633.0
2024-07-20 22:00:00,0.00020243,0.00020322,0.00019862,0.00019979,7698339754.0
2024-07-20 23:00:00,0.00019979,0.00020158,0.0001987,0.00019991,2689521182.0
2024-07-21 00:00:00,0.00019991,0.00020039,0.00019633,0.00019662,5742285047.0
2024-07-21 01:00:00,0.00019662,0.00020006,0.00019626,0.00019922,2585314815.0
2024-07-21 02:00:00,0.00019922,0.00020311,0.0001988,0.00020015,4545181155.0
2024-07-21 03:00:00,0.00020015,0.00020261,0.00019976,0.00020035,4108272391.0
2024-07-21 04:00:00,0.00020035,0.00020046,0.00019725,0.00019729,2742162388.0
2024-07-21 05:00:00,0.00019729,0.00019821,0.0001954,0.00019683,4131104297.0
2024-07-21 06:00:00,0.00019683,0.00019718,0.00019381,0.00019406,6059470770.0
2024-07-21 07:00:00,0.00019406,0.00019849,0.00019303,0.00019717,3286709563.0
2024-07-21 08:00:00,0.00019717,0.00019848,0.00019683,0.00019738,1281810362.0
2024-07-21 09:00:00,0.00019738,0.00020021,0.00019714,0.0001993,2689074087.0
2024-07-21 10:00:00,0.0001993,0.00020066,0.00019809,0.00019942,2520729455.0
2024-07-21 11:00:00,0.00019942,0.00019965,0.00019711,0.00019926,1947499971.0
2024-07-21 12:00:00,0.00019926,0.00020146,0.000198,0.00020032,3024605209.0
2024-07-21 13:00:00,0.00020032,0.00020095,0.00019848,0.00020002,4562928175.0
2024-07-21 14:00:00,0.00020002,0.00020255,0.00019825,0.00019977,4443772152.0
2024-07-21 15:00:00,0.00019977,0.00020168,0.00019693,0.00020157,5426845747.0
2024-07-21 16:00:00,0.00020157,0.00020157,0.00019764,0.00020041,6472295202.0
2024-07-21 17:00:00,0.00020041,0.00020327,0.00019617,0.0001974,9293096377.0
2024-07-21 18:00:00,0.0001974,0.00020123,0.00018992,0.00019834,47760828631.0
2024-07-21 19:00:00,0.00019834,0.00020155,0.00019708,0.00020082,3582678530.0
2024-07-21 20:00:00,0.00020082,0.000209,0.0002007,0.00020651,14728296363.0
2024-07-21 21:00:00,0.00020651,0.00020951,0.00020361,0.00020933,5971533915.0
2024-07-21 22:00:00,0.00020933,0.0002096,0.0002056,0.00020574,3257145914.0
2024-07-21 23:00:00,0.00020574,0.00020857,0.00020449,0.00020576,3313787231.0
2024-07-22 00:00:00,0.00020576,0.00021099,0.00020446,0.00020787,10087500400.0
2024-07-22 01:00:00,0.00020787,0.00020801,0.00020052,0.00020138,10930717169.0
2024-07-22 02:00:00,0.00020138,0.00020478,0.00020014,0.00020351,3713592040.0
2024-07-22 03:00:00,0.00020351,0.00020367,0.00020134,0.00020201,4006888553.0
2024-07-22 04:00:00,0.00020201,0.00020393,0.00020111,0.00020281,1903676123.0
2024-07-22 05:00:00,0.00020281,0.00020281,0.0001975,0.00020029,3371835129.0
2024-07-22 06:00:00,0.00020029,0.00020162,0.00019778,0.00019981,2470294397.0
2024-07-22 07:00:00,0.00019981,0.00019981,0.00019664,0.00019766,3548671108.0
2024-07-22 08:00:00,0.00019766,0.0001997,0.0001954,0.00019689,3610089711.0
2024-07-22 09:00:00,0.00019689,0.00019778,0.000196,0.00019763,3306960505.0
2024-07-22 10:00:00,0.00019763,0.00019928,0.00019684,0.00019829,1421421717.0
2024-07-22 11:00:00,0.00019829,0.0002002,0.00019679,0.00019953,2837204610.0
2024-07-22 12:00:00,0.00019953,0.0002005,0.00019764,0.00020005,4038348714.0
2024-07-22 13:00:00,0.00020005,0.00020073,0.0001961,0.00019661,9112543004.0
2024-07-22 14:00:00,0.00019661,0.00019796,0.00019408,0.00019541,6431214580.0
2024-07-22 15:00:00,0.00019541,0.00019879,0.00019445,0.00019683,2114547674.0
2024-07-22 16:00:00,0.00019683,0.00019793,0.00019515,0.00019609,3529040223.0
2024-07-22 17:00:00,0.00019609,0.00020022,0.0001954,0.00020003,3134963010.0
2024-07-22 18:00:00,0.00020003,0.00020108,0.00019858,0.00019988,3304661880.0
2024-07-22 19:00:00,0.00019988,0.00020232,0.00019867,0.00020175,2017814113.0
2024-07-22 20:00:00,0.00020175,0.00020197,0.00019889,0.0001992,1361009639.0
2024-07-22 21:00:00,0.0001992,0.00019943,0.00019613,0.00019737,1674062111.0
2024-07-22 22:00:00,0.00019737,0.00019737,0.00019321,0.00019363,3613637562.0
2024-07-22 23:00:00,0.00019363,0.00019415,0.0001905,0.00019355,6320699970.0
2024-07-23 00:00:00,0.00019355,0.00019633,0.0001931,0.00019462,981408075.0
2024-07-23 01:00:00,0.00019462,0.00019638,0.00019394,0.00019461,1174490754.0
2024-07-23 02:00:00,0.00019461,0.00019512,0.00019205,0.00019447,1553310551.0
2024-07-23 03:00:00,0.00019447,0.00019447,0.00019186,0.0001922,1330997538.0
2024-07-23 04:00:00,0.0001922,0.00019267,0.00018807,0.00018873,4408771806.0
2024-07-23 05:00:00,0.00018873,0.00018929,0.000182,0.00018308,55285844378.0
2024-07-23 06:00:00,0.00018308,0.00018524,0.00018136,0.00018362,4271201101.0
2024-07-23 07:00:00,0.00018362,0.00018384,0.00018061,0.00018288,6990733250.0
2024-07-23 08:00:00,0.00018288,0.00019019,0.00018243,0.00018931,9932115452.0
2024-07-23 09:00:00,0.00018931,0.00019105,0.00018792,0.00018905,4455118906.0
2024-07-23 10:00:00,0.00018905,0.00018943,0.00018626,0.00018653,5137688916.0
2024-07-23 11:00:00,0.00018653,0.00018733,0.00018469,0.00018658,4621154621.0
2024-07-23 12:00:00,0.00018658,0.00018799,0.00018474,0.00018675,3142157960.0
2024-07-23 13:00:00,0.00018675,0.00018752,0.00018288,0.00018398,10536879361.0
2024-07-23 14:00:00,0.00018398,0.00019051,0.00018309,0.00018891,7273577422.0
2024-07-23 15:00:00,0.00018891,0.00018941,0.0001849,0.00018603,6469387200.0
2024-07-23 16:00:00,0.00018603,0.00018637,0.00017982,0.00017982,3828391398.0
2024-07-23 17:00:00,0.00017982,0.00018216,0.00017929,0.00018161,4959767596.0
2024-07-23 18:00:00,0.00018161,0.00018284,0.00018046,0.0001822,1542864495.0
2024-07-23 19:00:00,0.0001822,0.00018557,0.00018195,0.00018303,8291705515.0
2024-07-23 20:00:00,0.00018303,0.00018552,0.00018291,0.00018489,4939336254.0
2024-07-23 21:00:00,0.00018489,0.00018759,0.0001831,0.0001831,4935899441.0
2024-07-23 22:00:00,0.0001831,0.00018491,0.00018273,0.0001843,1325318860.0
2024-07-23 23:00:00,0.0001843,0.0001862,0.0001837,0.00018503,4754295717.0
2024-07-24 00:00:00,0.00018503,0.0001884,0.00018382,0.00018383,2684605383.0
2024-07-24 01:00:00,0.00018383,0.00018785,0.00018376,0.00018453,6240926549.0
2024-07-24 02:00:00,0.00018453,0.00018638,0.000183,0.00018638,1447444202.0
2024-07-24 03:00:00,0.00018638,0.00018664,0.00018492,0.00018535,1827062510.0
2024-07-24 04:00:00,0.00018535,0.00018535,0.0001834,0.00018427,1009212975.0
2024-07-24 05:00:00,0.00018427,0.00018512,0.00018211,0.00018475,1812134313.0
2024-07-24 06:00:00,0.00018475,0.00018612,0.00018415,0.00018544,530854023.0
2024-07-24 07:00:00,0.00018544,0.00018607,0.00018451,0.00018522,1081714377.0
2024-07-24 08:00:00,0.00018522,0.00018845,0.00018459,0.00018754,2976736277.0
2024-07-24 09:00:00,0.00018754,0.00018794,0.00018562,0.00018657,1726255421.0
2024-07-24 10:00:00,0.00018657,0.00018789,0.00018572,0.00018741,2064001071.0
2024-07-24 11:00:00,0.00018741,0.00018759,0.00018542,0.00018606,1753318398.0
2024-07-24 12:00:00,0.00018606,0.00018766,0.00018457,0.00018489,4470845833.0
2024-07-24 13:00:00,0.00018489,0.00018846,0.00018487,0.00018713,3559521447.0
2024-07-24 14:00:00,0.00018713,0.00019619,0.00018681,0.00019323,59430593830.0
2024-07-24 15:00:00,0.00019323,0.00019442,0.00018536,0.00018745,11389703965.0
2024-07-24 16:00:00,0.00018745,0.00018877,0.00018329,0.00018737,52827302335.0
2024-07-24 17:00:00,0.00018737,0.00018948,0.00018708,0.00018793,2429861782.0
2024-07-24 18:00:00,0.00018793,0.000188,0.00018479,0.00018519,1902076071.0
2024-07-24 19:00:00,0.00018519,0.00018734,0.00018413,0.00018417,1837244265.0
2024-07-24 20:00:00,0.00018417,0.00018547,0.00018417,0.00018518,803344395.0
2024-07-24 21:00:00,0.00018518,0.00018518,0.00017914,0.00018195,35204774030.0
2024-07-24 22:00:00,0.00018195,0.00018203,0.00017853,0.00017905,3374303801.0
2024-07-24 23:00:00,0.00017905,0.00017939,0.00017693,0.000179,3699951764.0
2024-07-25 00:00:00,0.000179,0.000181,0.00017716,0.00017958,3526148427.0
2024-07-25 01:00:00,0.00017958,0.00017958,0.00017049,0.00017478,28379226318.0
2024-07-25 02:00:00,0.00017478,0.00017478,0.0001716,0.00017362,1452254093.0
2024-07-25 03:00:00,0.00017362,0.00017571,0.00017278,0.00017476,1341163687.0
2024-07-25 04:00:00,0.00017476,0.00017517,0.0001725,0.00017457,885449459.0
2024-07-25 05:00:00,0.00017457,0.0001756,0.00017401,0.00017442,735363077.0
2024-07-25 06:00:00,0.00017442,0.00017547,0.00017334,0.00017494,361977879.0
2024-07-25 07:00:00,0.00017494,0.00017627,0.00017439,0.00017472,370635408.0
2024-07-25 08:00:00,0.00017472,0.00017815,0.00017409,0.00017815,773315032.0
2024-07-25 09:00:00,0.00017815,0.00017936,0.00017678,0.00017803,662528536.0
2024-07-25 10:00:00,0.00017803,0.0001781,0.00017549,0.00017673,418933996.0
2024-07-25 11:00:00,0.00017673,0.00017736,0.00017541,0.00017572,306318551.0
2024-07-25 12:00:00,0.00017572,0.00017676,0.00017286,0.00017351,1262268445.0
2024-07-25 13:00:00,0.00017351,0.00017479,0.00017221,0.00017438,900353119.0
2024-07-25 14:00:00,0.00017438,0.00017726,0.0001701,0.00017701,2049611484.0
2024-07-25 15:00:00,0.00017701,0.00017813,0.0001747,0.00017565,1178353118.0
2024-07-25 16:00:00,0.00017565,0.00017745,0.00017335,0.00017456,564356941.0
2024-07-25 17:00:00,0.00017456,0.00017549,0.00017289,0.0001737,300572082.0
2024-07-25 18:00:00,0.0001737,0.00017406,0.0001678,0.00016836,1655106895.0
2024-07-25 19:00:00,0.00016836,0.00016981,0.00016625,0.00016846,1539707387.0
2024-07-25 20:00:00,0.00016846,0.00016989,0.00016425,0.0001698,1293248593.0
2024-07-25 21:00:00,0.0001698,0.000174,0.00016974,0.00017284,1201288370.0
2024-07-25 22:00:00,0.00017284,0.00017493,0.00017176,0.00017392,1315671327.0
2024-07-25 23:00:00,0.00017392,0.00017512,0.00017369,0.00017472,522479627.0
2024-07-26 00:00:00,0.00017472,0.0001769,0.00017402,0.00017662,712707281.0
2024-07-26 01:00:00,0.00017662,0.00017792,0.00017576,0.00017679,640842811.0
2024-07-26 02:00:00,0.00017679,0.0001809,0.00017674,0.00018014,825797436.0
2024-07-26 03:00:00,0.00018014,0.00018172,0.00017839,0.00017887,1210486226.0
2024-07-26 04:00:00,0.00017887,0.00018061,0.00017874,0.00018013,508363139.0
2024-07-26 05:00:00,0.00018013,0.00018106,0.00017935,0.00018059,1449912045.0
2024-07-26 06:00:00,0.00018059,0.000182,0.00017988,0.0001814,741008500.0
2024-07-26 07:00:00,0.0001814,0.00018151,0.00017879,0.00017903,998537217.0
2024-07-26 08:00:00,0.00017903,0.00018058,0.00017903,0.00017927,455182533.0
2024-07-26 09:00:00,0.00017927,0.00018068,0.00017892,0.00017925,878560903.0
2024-07-26 10:00:00,0.00017925,0.00017964,0.00017724,0.00017816,667443669.0
2024-07-26 11:00:00,0.00017816,0.00017936,0.0001774,0.00017905,702181214.0
2024-07-26 12:00:00,0.00017905,0.00018008,0.00017813,0.00017911,797259368.0
2024-07-26 13:00:00,0.00017911,0.00018172,0.00017752,0.00018124,696263495.0
2024-07-26 14:00:00,0.00018124,0.00018183,0.00017723,0.00017898,1665914402.0
2024-07-26 15:00:00,0.00017898,0.00018047,0.00017849,0.00017868,421779359.0
2024-07-26 16:00:00,0.00017868,0.00018032,0.00017833,0.00017877,500965356.0
2024-07-26 17:00:00,0.00017877,0.00017975,0.00017849,0.00017898,366311480.0
2024-07-26 18:00:00,0.00017898,0.00017955,0.00017861,0.00017888,236340264.0
2024-07-26 19:00:00,0.00017888,0.00018113,0.00017879,0.00017975,1450462806.0
2024-07-26 20:00:00,0.00017975,0.00017978,0.00017855,0.00017869,767673262.0
2024-07-26 21:00:00,0.00017869,0.00018047,0.00017867,0.00017956,652893326.0
2024-07-26 22:00:00,0.00017956,0.00018092,0.00017946,0.00018064,458074371.0
2024-07-26 23:00:00,0.00018064,0.00018132,0.00018037,0.00018043,403518170.0
2024-07-27 00:00:00,0.00018043,0.00018055,0.00017954,0.00017981,297329252.0
2024-07-27 01:00:00,0.00017981,0.00017994,0.00017818,0.00017832,518742114.0
2024-07-27 02:00:00,0.00017832,0.00018113,0.00017792,0.00018085,392721004.0
2024-07-27 03:00:00,0.00018085,0.00018122,0.00017889,0.00017889,406889420.0
2024-07-27 04:00:00,0.00017889,0.00018052,0.00017889,0.0001801,393665331.0
2024-07-27 05:00:00,0.0001801,0.00018276,0.00018001,0.00018021,861935865.0
2024-07-27 06:00:00,0.00018021,0.00018272,0.00018006,0.00018251,771498301.0
2024-07-27 07:00:00,0.00018251,0.00018391,0.00018167,0.00018221,1088437227.0
2024-07-27 08:00:00,0.00018221,0.00018383,0.0001808,0.00018248,1130594221.0
2024-07-27 09:00:00,0.00018248,0.00018337,0.00018101,0.00018307,544861712.0
2024-07-27 10:00:00,0.00018307,0.00018307,0.00018111,0.00018202,783850822.0
2024-07-27 11:00:00,0.00018202,0.00018247,0.00018021,0.00018155,419355414.0
2024-07-27 12:00:00,0.00018155,0.000184,0.00018155,0.00018389,758749499.0
2024-07-27 13:00:00,0.00018389,0.00018782,0.00018359,0.00018588,1445673941.0
2024-07-27 14:00:00,0.00018588,0.00018681,0.00018197,0.00018312,1241029083.0
2024-07-27 15:00:00,0.00018312,0.00018332,0.0001777,0.00018012,3136801374.0
2024-07-27 16:00:00,0.00018012,0.0001806,0.0001786,0.00017872,755279306.0
2024-07-27 17:00:00,0.00017872,0.00017966,0.00017736,0.00017773,1051028311.0
2024-07-27 18:00:00,0.00017773,0.00017962,0.00017674,0.00017717,852368940.0
2024-07-27 19:00:00,0.00017717,0.00017783,0.00017461,0.00017763,1565483454.0
2024-07-27 20:00:00,0.00017763,0.000178,0.0001723,0.00017713,1193885614.0
2024-07-27 21:00:00,0.00017713,0.00018201,0.00017639,0.00018081,688785838.0
2024-07-27 22:00:00,0.00018081,0.00018121,0.00017962,0.00018017,412819074.0
2024-07-27 23:00:00,0.00018017,0.00018028,0.00017745,0.00017765,541477301.0
2024-07-28 00:00:00,0.00017765,0.00017765,0.000175,0.00017582,589084166.0
2024-07-28 01:00:00,0.00017582,0.00017725,0.00017528,0.0001761,232490757.0
2024-07-28 02:00:00,0.0001761,0.00017644,0.00017541,0.00017615,173742582.0
2024-07-28 03:00:00,0.00017615,0.00017631,0.0001746,0.00017463,222601776.0
2024-07-28 04:00:00,0.00017463,0.00017518,0.00017299,0.000173,614159353.0
2024-07-28 05:00:00,0.000173,0.00017425,0.00017151,0.00017387,601613815.0
2024-07-28 06:00:00,0.00017387,0.00017568,0.00017384,0.00017493,665984276.0
2024-07-28 07:00:00,0.00017493,0.00017577,0.00017443,0.00017576,340744648.0
2024-07-28 08:00:00,0.00017576,0.00017583,0.0001744,0.00017526,253844933.0
2024-07-28 09:00:00,0.00017526,0.00017589,0.00017468,0.00017555,312947382.0
2024-07-28 10:00:00,0.00017555,0.00017655,0.00017524,0.0001761,270297986.0
2024-07-28 11:00:00,0.0001761,0.00017679,0.0001756,0.00017579,254344312.0
2024-07-28 12:00:00,0.00017579,0.00017586,0.00017481,0.0001755,524664128.0
2024-07-28 13:00:00,0.0001755,0.00017603,0.00017492,0.00017551,287372162.0
2024-07-28 14:00:00,0.00017551,0.0001757,0.00017351,0.00017399,571983925.0
2024-07-28 15:00:00,0.00017399,0.00017495,0.00017344,0.00017436,366449722.0
2024-07-28 16:00:00,0.00017436,0.00017509,0.00017381,0.00017385,828453660.0
2024-07-28 17:00:00,0.00017385,0.00017464,0.00017336,0.00017447,860412672.0
2024-07-28 18:00:00,0.00017447,0.00017585,0.00017413,0.00017509,208795795.0
2024-07-28 19:00:00,0.00017509,0.00017549,0.00017424,0.00017436,177832010.0
2024-07-28 20:00:00,0.00017436,0.00017437,0.000173,0.00017357,401478600.0
2024-07-28 21:00:00,0.00017357,0.00017367,0.00017204,0.00017239,507819054.0
2024-07-28 22:00:00,0.00017239,0.00017283,0.00017024,0.00017121,3716492226.0
2024-07-28 23:00:00,0.00017121,0.0001729,0.00017088,0.0001728,211912790.0
2024-07-29 00:00:00,0.0001728,0.0001768,0.00017189,0.0001747,748814864.0
2024-07-29 01:00:00,0.0001747,0.00017618,0.00017366,0.00017452,564369849.0
2024-07-29 02:00:00,0.00017452,0.00018114,0.00017403,0.00018109,935528457.0
2024-07-29 03:00:00,0.00018109,0.00018182,0.00017902,0.00017964,611577701.0
2024-07-29 04:00:00,0.00017964,0.00018217,0.00017881,0.00018158,412830140.0
2024-07-29 05:00:00,0.00018158,0.00018205,0.00018033,0.00018051,444572571.0
2024-07-29 06:00:00,0.00018051,0.00018239,0.00018024,0.000181,517811751.0
2024-07-29 07:00:00,0.000181,0.00018188,0.0001807,0.00018106,427778503.0
2024-07-29 08:00:00,0.00018106,0.00018335,0.00018035,0.00018123,845083020.0
2024-07-29 09:00:00,0.00018123,0.0001818,0.00018044,0.00018144,182007818.0
2024-07-29 10:00:00,0.00018144,0.00018144,0.00018021,0.00018073,415713030.0
2024-07-29 11:00:00,0.00018073,0.00018095,0.00017935,0.00017945,657843802.0
2024-07-29 12:00:00,0.00017945,0.00018051,0.00017834,0.00017941,618202843.0
2024-07-29 13:00:00,0.00017941,0.00018089,0.0001785,0.00017857,602247868.0
2024-07-29 14:00:00,0.00017857,0.0001789,0.00017598,0.00017598,1015350759.0
2024-07-29 15:00:00,0.00017598,0.00017715,0.00017325,0.00017519,1283854571.0
2024-07-29 16:00:00,0.00017519,0.00017521,0.00017115,0.00017162,760396340.0
2024-07-29 17:00:00,0.00017162,0.00017438,0.00017106,0.00017348,1110007212.0
2024-07-29 18:00:00,0.00017348,0.00017456,0.00017336,0.00017402,395974614.0
2024-07-29 19:00:00,0.00017402,0.00017437,0.00017307,0.00017387,322275655.0
2024-07-29 20:00:00,0.00017387,0.0001742,0.00017324,0.00017381,367260937.0
2024-07-29 21:00:00,0.00017381,0.00017383,0.00017212,0.00017361,560658387.0
2024-07-29 22:00:00,0.00017361,0.00017491,0.0001727,0.00017294,418017785.0
2024-07-29 23:00:00,0.00017294,0.00017341,0.0001717,0.0001721,334990218.0
2024-07-30 00:00:00,0.0001721,0.00017293,0.00016993,0.00017268,801490907.0
2024-07-30 01:00:00,0.00017268,0.00017413,0.00017073,0.00017091,601944442.0
2024-07-30 02:00:00,0.00017091,0.00017223,0.00017007,0.00017185,364246875.0
2024-07-30 03:00:00,0.00017185,0.0001726,0.00017163,0.00017235,286005506.0
2024-07-30 04:00:00,0.00017235,0.00017307,0.00017177,0.00017259,303567535.0
2024-07-30 05:00:00,0.00017259,0.0001726,0.00017112,0.00017185,230639529.0
2024-07-30 06:00:00,0.00017185,0.00017331,0.00017151,0.00017306,482173713.0
2024-07-30 07:00:00,0.00017306,0.00017432,0.00017274,0.00017382,537274572.0
2024-07-30 08:00:00,0.00017382,0.00017551,0.00017322,0.00017413,680662672.0
2024-07-30 09:00:00,0.00017413,0.00017467,0.00017217,0.00017267,475614070.0
2024-07-30 10:00:00,0.00017267,0.00017314,0.00017186,0.00017292,352785526.0
2024-07-30 11:00:00,0.00017292,0.00017379,0.00017227,0.00017339,422463595.0
2024-07-30 12:00:00,0.00017339,0.00017497,0.00017192,0.00017426,1279174965.0
2024-07-30 13:00:00,0.00017426,0.00017487,0.00017244,0.00017265,682498385.0
2024-07-30 14:00:00,0.00017265,0.00017418,0.00017206,0.00017223,602169960.0
2024-07-30 15:00:00,0.00017223,0.00017412,0.00017184,0.00017355,601217478.0
2024-07-30 16:00:00,0.00017355,0.00017473,0.00017285,0.00017327,439943372.0
2024-07-30 17:00:00,0.00017327,0.00017327,0.00016932,0.00016998,727284843.0
2024-07-30 18:00:00,0.00016998,0.00016998,0.00016714,0.0001683,744216817.0
2024-07-30 19:00:00,0.0001683,0.0001683,0.000165,0.00016681,774731830.0
2024-07-30 20:00:00,0.00016681,0.00016743,0.00016348,0.00016705,1509488848.0
2024-07-30 21:00:00,0.00016705,0.00016709,0.00016477,0.00016648,322328926.0
2024-07-30 22:00:00,0.00016648,0.00016734,0.00016596,0.00016734,217283588.0
2024-07-30 23:00:00,0.00016734,0.0001678,0.00016648,0.00016707,658914145.0
2024-07-31 00:00:00,0.00016707,0.00016844,0.00016553,0.0001682,369167681.0
2024-07-31 01:00:00,0.0001682,0.00016878,0.00016667,0.00016794,525686330.0
2024-07-31 02:00:00,0.00016794,0.00016907,0.00016741,0.00016779,629176253.0
2024-07-31 03:00:00,0.00016779,0.00016876,0.0001675,0.00016769,312982416.0
2024-07-31 04:00:00,0.00016769,0.00016769,0.00016437,0.00016578,1158668005.0
2024-07-31 05:00:00,0.00016578,0.00016855,0.00016437,0.00016781,843209826.0
2024-07-31 06:00:00,0.00016781,0.00016965,0.00016762,0.00016903,833528212.0
2024-07-31 07:00:00,0.00016903,0.00016967,0.00016725,0.00016734,862770409.0
2024-07-31 08:00:00,0.00016734,0.00016757,0.00016629,0.00016705,592578612.0
2024-07-31 09:00:00,0.00016705,0.00016754,0.00016652,0.00016666,271202240.0
2024-07-31 10:00:00,0.00016666,0.00016666,0.000165,0.00016509,713656422.0
2024-07-31 11:00:00,0.00016509,0.00016612,0.0001646,0.0001657,891995755.0
2024-07-31 12:00:00,0.0001657,0.00016769,0.00016558,0.00016665,1201644668.0
2024-07-31 13:00:00,0.00016665,0.0001704,0.00016665,0.00016886,2219390614.0
2024-07-31 14:00:00,0.00016886,0.00017458,0.00016875,0.00017268,4842363318.0
2024-07-31 15:00:00,0.00017268,0.00017303,0.00016973,0.00017,4709032999.0
2024-07-31 16:00:00,0.00017,0.00017141,0.00016828,0.00016902,1000866035.0
2024-07-31 17:00:00,0.00016902,0.0001719,0.00016836,0.00017082,496492738.0
2024-07-31 18:00:00,0.00017082,0.00017243,0.00016828,0.00017152,501349465.0
2024-07-31 19:00:00,0.00017152,0.00017185,0.0001651,0.00016616,1552707439.0
2024-07-31 20:00:00,0.00016616,0.00016638,0.00016173,0.00016286,1557841314.0
2024-07-31 21:00:00,0.00016286,0.00016436,0.00016172,0.00016355,654272723.0
2024-07-31 22:00:00,0.00016355,0.0001639,0.0001615,0.00016304,589476985.0
2024-07-31 23:00:00,0.00016304,0.00016308,0.00016101,0.00016122,756384959.0
2024-08-01 00:00:00,0.00016122,0.00016361,0.0001609,0.00016361,787239648.0
2024-08-01 01:00:00,0.00016361,0.00016452,0.00016102,0.00016293,647776223.0
2024-08-01 02:00:00,0.00016293,0.0001632,0.00016044,0.00016083,1356459943.0
2024-08-01 03:00:00,0.00016083,0.00016141,0.00015919,0.00015948,1061339120.0
2024-08-01 04:00:00,0.00015948,0.00016004,0.0001544,0.00015507,2434749921.0
2024-08-01 05:00:00,0.00015507,0.00015764,0.00015404,0.00015764,960359193.0
2024-08-01 06:00:00,0.00015764,0.00015774,0.00015512,0.00015518,336132253.0
2024-08-01 07:00:00,0.00015518,0.00015712,0.00015506,0.00015652,225455959.0
2024-08-01 08:00:00,0.00015652,0.00015789,0.00015639,0.00015759,219085348.0
2024-08-01 09:00:00,0.00015759,0.00015823,0.00015644,0.00015678,308487085.0
2024-08-01 10:00:00,0.00015678,0.00015748,0.00015607,0.00015731,132927837.0
2024-08-01 11:00:00,0.00015731,0.00015736,0.00015585,0.00015677,387558832.0
2024-08-01 12:00:00,0.00015677,0.00015907,0.00015649,0.00015893,694843845.0
2024-08-01 13:00:00,0.00015893,0.00015937,0.00015646,0.0001575,654919054.0
2024-08-01 14:00:00,0.0001575,0.00015766,0.00015182,0.000152,1694730592.0
2024-08-01 15:00:00,0.000152,0.00015263,0.00014955,0.00015076,2710068515.0
2024-08-01 16:00:00,0.00015076,0.0001508,0.00014606,0.00014932,1475874910.0
2024-08-01 17:00:00,0.00014932,0.00014932,0.00014703,0.00014813,451525973.0
2024-08-01 18:00:00,0.00014813,0.00014813,0.00014312,0.00014632,1194536395.0
2024-08-01 19:00:00,0.00014632,0.00014876,0.00014624,0.00014836,368132114.0
2024-08-01 20:00:00,0.00014836,0.00015242,0.00014766,0.00015223,757904754.0
2024-08-01 21:00:00,0.00015223,0.0001545,0.0001513,0.00015294,822742516.0
2024-08-01 22:00:00,0.00015294,0.0001575,0.00015243,0.00015684,1026120503.0
2024-08-01 23:00:00,0.00015684,0.00015832,0.00015572,0.00015723,361621894.0
2024-08-02 00:00:00,0.00015723,0.00015906,0.00015602,0.00015602,441974327.0
2024-08-02 01:00:00,0.00015602,0.00015663,0.00015479,0.00015488,819690765.0
2024-08-02 02:00:00,0.00015488,0.00015573,0.00015172,0.00015379,483014171.0
2024-08-02 03:00:00,0.00015379,0.00015489,0.0001532,0.000154,382454790.0
2024-08-02 04:00:00,0.000154,0.00015458,0.0001526,0.00015349,350012666.0
2024-08-02 05:00:00,0.00015349,0.00015374,0.00015008,0.00015011,671691873.0
2024-08-02 06:00:00,0.00015011,0.00015144,0.00014722,0.00015062,747163568.0
2024-08-02 07:00:00,0.00015062,0.00015084,0.00014889,0.00014976,253567659.0
2024-08-02 08:00:00,0.00014976,0.00015071,0.00014778,0.00015071,1875554786.0
2024-08-02 09:00:00,0.00015071,0.0001519,0.00015033,0.00015127,1047908715.0
2024-08-02 10:00:00,0.00015127,0.00015363,0.00015044,0.00015324,580569140.0
2024-08-02 11:00:00,0.00015324,0.00015375,0.00015165,0.00015206,891289129.0
2024-08-02 12:00:00,0.00015206,0.00015356,0.0001506,0.00015294,1623509478.0
2024-08-02 13:00:00,0.00015294,0.00015764,0.00015143,0.00015509,3257504450.0
2024-08-02 14:00:00,0.00015509,0.00015581,0.00014735,0.00014786,1352857225.0
2024-08-02 15:00:00,0.00014786,0.00014885,0.0001426,0.00014782,2231497295.0
2024-08-02 16:00:00,0.00014782,0.000149,0.00014491,0.00014702,1002624306.0
2024-08-02 17:00:00,0.00014702,0.00014831,0.00014473,0.00014497,424336253.0
2024-08-02 18:00:00,0.00014497,0.00014684,0.00014382,0.0001442,3100031500.0
2024-08-02 19:00:00,0.0001442,0.00014507,0.00014171,0.0001444,809399912.0
2024-08-02 20:00:00,0.0001444,0.00014638,0.00014288,0.00014434,447339727.0
2024-08-02 21:00:00,0.00014434,0.00014434,0.00014042,0.0001422,776641086.0
2024-08-02 22:00:00,0.0001422,0.00014246,0.00014045,0.00014169,344672951.0
2024-08-02 23:00:00,0.00014169,0.0001426,0.00014063,0.00014108,670700849.0
2024-08-03 00:00:00,0.00014108,0.00014236,0.00013843,0.00013948,1297396660.0
2024-08-03 01:00:00,0.00013948,0.0001411,0.00013616,0.00014044,1171856803.0
2024-08-03 02:00:00,0.00014044,0.00014116,0.00013915,0.00013949,257159491.0
2024-08-03 03:00:00,0.00013949,0.00014203,0.00013868,0.00014166,1154858319.0
2024-08-03 04:00:00,0.00014166,0.00014218,0.00014076,0.00014129,266382123.0
2024-08-03 05:00:00,0.00014129,0.00014306,0.00014129,0.00014293,334621801.0
2024-08-03 06:00:00,0.00014293,0.00014373,0.00014261,0.00014361,398718926.0
2024-08-03 07:00:00,0.00014361,0.00014415,0.00014295,0.00014351,359087864.0
2024-08-03 08:00:00,0.00014351,0.00014358,0.00014179,0.00014273,637223757.0
2024-08-03 09:00:00,0.00014273,0.00014299,0.00014182,0.00014245,511987943.0
2024-08-03 10:00:00,0.00014245,0.00014245,0.00014125,0.0001419,351429203.0
2024-08-03 11:00:00,0.0001419,0.00014242,0.00014152,0.00014209,426016462.0
2024-08-03 12:00:00,0.00014209,0.00014505,0.00014173,0.00014358,1200797065.0
2024-08-03 13:00:00,0.00014358,0.00014363,0.00014206,0.0001426,463353458.0
2024-08-03 14:00:00,0.0001426,0.0001438,0.00014178,0.000142,326098986.0
2024-08-03 15:00:00,0.000142,0.00014254,0.00013662,0.00013691,2043913271.0
2024-08-03 16:00:00,0.00013691,0.00013737,0.00013226,0.00013391,2445051999.0
2024-08-03 17:00:00,0.00013391,0.0001341,0.00013001,0.00013032,1279179179.0
2024-08-03 18:00:00,0.00013032,0.00013166,0.00012835,0.00012896,1081243288.0
2024-08-03 19:00:00,0.00012896,0.00013063,0.00012782,0.00012786,880576518.0
2024-08-03 20:00:00,0.00012786,0.00013025,0.0001273,0.00012826,477987009.0
2024-08-03 21:00:00,0.00012826,0.00013118,0.00012771,0.00013073,1240584101.0
2024-08-03 22:00:00,0.00013073,0.00013139,0.00012978,0.00013056,1091788208.0
2024-08-03 23:00:00,0.00013056,0.00013159,0.00012995,0.00013058,911709523.0
2024-08-04 00:00:00,0.00013058,0.00013183,0.00013007,0.00013169,833179781.0
2024-08-04 01:00:00,0.00013169,0.0001317,0.00012941,0.00013094,581275873.0
2024-08-04 02:00:00,0.00013094,0.00013448,0.00013084,0.00013357,748779318.0
2024-08-04 03:00:00,0.00013357,0.00013377,0.00013232,0.00013304,411823887.0
2024-08-04 04:00:00,0.00013304,0.00013314,0.00013116,0.00013128,498286473.0
2024-08-04 05:00:00,0.00013128,0.00013267,0.00013117,0.00013208,350260862.0
2024-08-04 06:00:00,0.00013208,0.00013246,0.00013156,0.00013204,609633484.0
2024-08-04 07:00:00,0.00013204,0.00013212,0.00012937,0.00012985,1515714648.0
2024-08-04 08:00:00,0.00012985,0.00013165,0.00012814,0.0001306,665366499.0
2024-08-04 09:00:00,0.0001306,0.00013169,0.00013022,0.00013135,339275235.0
2024-08-04 10:00:00,0.00013135,0.00013176,0.00013028,0.00013167,507496315.0
2024-08-04 11:00:00,0.00013167,0.00013273,0.00013123,0.00013151,418976060.0
2024-08-04 12:00:00,0.00013151,0.00013364,0.00013127,0.00013325,457514609.0
2024-08-04 13:00:00,0.00013325,0.00013368,0.00013177,0.00013191,573268231.0
2024-08-04 14:00:00,0.00013191,0.00013221,0.0001264,0.00012693,1644038141.0
2024-08-04 15:00:00,0.00012693,0.00012703,0.0001226,0.00012295,2475326659.0
2024-08-04 16:00:00,0.00012295,0.0001245,0.00011909,0.00011949,2225138441.0
2024-08-04 17:00:00,0.00011949,0.00012077,0.00011592,0.00011978,3891463270.0
2024-08-04 18:00:00,0.00011978,0.00012372,0.0001179,0.000123,1445269990.0
2024-08-04 19:00:00,0.000123,0.00012767,0.00012158,0.00012645,1431262343.0
2024-08-04 20:00:00,0.00012645,0.00012848,0.00012465,0.00012622,541896126.0
2024-08-04 21:00:00,0.00012622,0.00012652,0.00012414,0.00012448,456585836.0
2024-08-04 22:00:00,0.00012448,0.00012662,0.00012406,0.0001245,441416806.0
2024-08-04 23:00:00,0.0001245,0.0001245,0.00012148,0.00012205,1603715074.0
2024-08-05 00:00:00,0.00012205,0.00012403,0.00011664,0.0001179,2395450498.0
2024-08-05 01:00:00,0.0001179,0.00011844,0.00010201,0.0001102,18894338299.0
2024-08-05 02:00:00,0.0001102,0.00011055,0.00010679,0.00011031,2250162192.0
2024-08-05 03:00:00,0.00011031,0.00011031,0.00010784,0.000108,555940548.0
2024-08-05 04:00:00,0.000108,0.00011031,0.00010706,0.00010876,1532132078.0
2024-08-05 05:00:00,0.00010876,0.00010987,0.00010394,0.00010625,1970257032.0
2024-08-05 06:00:00,0.00010625,0.00010714,9.567e-05,0.00010234,7543986413.0
2024-08-05 07:00:00,0.00010234,0.00010963,0.00010153,0.00010817,2008167979.0
2024-08-05 08:00:00,0.00010817,0.00010845,0.00010549,0.00010661,1030932702.0
2024-08-05 09:00:00,0.00010661,0.00010726,0.00010433,0.00010665,701717658.0
2024-08-05 10:00:00,0.00010665,0.0001067,0.00010155,0.00010203,1631815441.0
2024-08-05 11:00:00,0.00010203,0.0001029,9.74e-05,0.00010234,2059362951.0
2024-08-05 12:00:00,0.00010234,0.0001043,0.0001002,0.00010093,2350504537.0
2024-08-05 13:00:00,0.00010093,0.00010884,9.927e-05,0.00010805,2745338641.0
2024-08-05 14:00:00,0.00010805,0.00011194,0.00010805,0.00011065,1974722711.0
2024-08-05 15:00:00,0.00011065,0.0001133,0.00010949,0.0001125,5215484122.0
2024-08-05 16:00:00,0.0001125,0.00011698,0.00011183,0.00011309,18082048000.0
2024-08-05 17:00:00,0.00011309,0.00011532,0.0001124,0.00011389,858427940.0
2024-08-05 18:00:00,0.00011389,0.00011402,0.00010988,0.00010988,1118106418.0
2024-08-05 19:00:00,0.00010988,0.00011255,0.00010939,0.00011053,862134302.0
2024-08-05 20:00:00,0.00011053,0.00011256,0.00011048,0.00011138,810927300.0
2024-08-05 21:00:00,0.00011138,0.00011274,0.0001097,0.00011034,674062497.0
2024-08-05 22:00:00,0.00011034,0.0001124,0.0001098,0.00011139,781053070.0
2024-08-05 23:00:00,0.00011139,0.00011262,0.00010996,0.00010999,469080735.0
2024-08-06 00:00:00,0.00010999,0.00011739,0.00010984,0.00011682,1446791576.0
2024-08-06 01:00:00,0.00011682,0.00011892,0.00011519,0.00011674,957751643.0
2024-08-06 02:00:00,0.00011674,0.000118,0.00011643,0.00011781,771320802.0
2024-08-06 03:00:00,0.00011781,0.0001184,0.00011675,0.00011727,465228413.0
2024-08-06 04:00:00,0.00011727,0.00011956,0.0001164,0.00011944,559075611.0
2024-08-06 05:00:00,0.00011944,0.00012349,0.00011876,0.00012289,1377813117.0
2024-08-06 06:00:00,0.00012289,0.00012479,0.00012182,0.00012307,1309638082.0
2024-08-06 07:00:00,0.00012307,0.00012335,0.00012071,0.00012285,1556825585.0
2024-08-06 08:00:00,0.00012285,0.00012285,0.00011809,0.00011908,1179432840.0
2024-08-06 09:00:00,0.00011908,0.00011908,0.00011758,0.00011878,737929692.0
2024-08-06 10:00:00,0.00011878,0.00011889,0.00011662,0.00011757,304325327.0
2024-08-06 11:00:00,0.00011757,0.00011881,0.00011689,0.00011781,378555660.0
2024-08-06 12:00:00,0.00011781,0.0001198,0.00011697,0.00011757,567135123.0
2024-08-06 13:00:00,0.00011757,0.00011963,0.0001159,0.00011763,754884072.0
2024-08-06 14:00:00,0.00011763,0.00012373,0.00011754,0.00012162,1398296343.0
2024-08-06 15:00:00,0.00012162,0.00012257,0.00011929,0.00012187,1180955407.0
2024-08-06 16:00:00,0.00012187,0.00012344,0.00012063,0.00012273,642180609.0
2024-08-06 17:00:00,0.00012273,0.00012381,0.00012118,0.00012118,617201682.0
2024-08-06 18:00:00,0.00012118,0.00012362,0.00012106,0.00012244,421946887.0
2024-08-06 19:00:00,0.00012244,0.00012312,0.00012166,0.00012212,209385961.0
2024-08-06 20:00:00,0.00012212,0.00012243,0.00012063,0.00012139,320103157.0
2024-08-06 21:00:00,0.00012139,0.00012225,0.00012072,0.00012214,191750112.0
2024-08-06 22:00:00,0.00012214,0.00012422,0.00012064,0.00012141,2032020124.0
2024-08-06 23:00:00,0.00012141,0.00012196,0.0001197,0.0001208,139477617.0
2024-08-07 00:00:00,0.0001208,0.00012205,0.00011916,0.00012079,496170370.0
2024-08-07 01:00:00,0.00012079,0.00012258,0.00011853,0.00012244,606236669.0
2024-08-07 02:00:00,0.00012244,0.00012582,0.00012129,0.00012232,1043456679.0
2024-08-07 03:00:00,0.00012232,0.00012344,0.00012182,0.00012325,423891427.0
2024-08-07 04:00:00,0.00012325,0.00012654,0.00012291,0.0001245,603464027.0
2024-08-07 05:00:00,0.0001245,0.00012829,0.00012423,0.0001255,1020990425.0
2024-08-07 06:00:00,0.0001255,0.00012595,0.0001235,0.00012396,871508410.0
2024-08-07 07:00:00,0.00012396,0.00012467,0.00012219,0.00012432,624294220.0
2024-08-07 08:00:00,0.00012432,0.00012713,0.00012405,0.00012686,645223465.0
2024-08-07 09:00:00,0.00012686,0.00013496,0.0001263,0.00013474,4988714227.0
2024-08-07 10:00:00,0.00013474,0.00013743,0.00013329,0.00013409,5123205154.0
2024-08-07 11:00:00,0.00013409,0.00013426,0.00013046,0.00013093,3193537905.0
2024-08-07 12:00:00,0.00013093,0.00013246,0.00012868,0.00013018,3154177490.0
2024-08-07 13:00:00,0.00013018,0.00013157,0.00012853,0.00012882,1305635161.0
2024-08-07 14:00:00,0.00012882,0.00012954,0.00012211,0.0001242,11632860639.0
2024-08-07 15:00:00,0.0001242,0.00012572,0.00012297,0.00012406,4265955949.0
2024-08-07 16:00:00,0.00012406,0.00012448,0.00012158,0.00012248,568306677.0
2024-08-07 17:00:00,0.00012248,0.00012339,0.00012061,0.00012215,523287044.0
2024-08-07 18:00:00,0.00012215,0.00012246,0.00011809,0.00011858,933523440.0
2024-08-07 19:00:00,0.00011858,0.00012079,0.00011843,0.00011957,368241816.0
2024-08-07 20:00:00,0.00011957,0.00012142,0.00011697,0.00011878,701398476.0
2024-08-07 21:00:00,0.00011878,0.00012013,0.00011764,0.00011947,375907178.0
2024-08-07 22:00:00,0.00011947,0.00011949,0.00011612,0.00011878,737359701.0
2024-08-07 23:00:00,0.00011878,0.00011964,0.00011735,0.00011763,302501627.0
2024-08-08 00:00:00,0.00011763,0.00011841,0.00011359,0.00011612,9530398048.0
2024-08-08 01:00:00,0.00011612,0.00012135,0.00011612,0.00012107,2021600478.0
2024-08-08 02:00:00,0.00012107,0.00012454,0.00012101,0.00012384,1684502871.0
2024-08-08 03:00:00,0.00012384,0.00012611,0.00012384,0.00012412,1096545172.0
2024-08-08 04:00:00,0.00012412,0.00012759,0.00012412,0.00012534,2111125100.0
2024-08-08 05:00:00,0.00012534,0.00012862,0.0001253,0.00012697,1015371418.0
2024-08-08 06:00:00,0.00012697,0.00012698,0.00012565,0.0001257,474999832.0
2024-08-08 07:00:00,0.0001257,0.00012589,0.00012413,0.00012414,910855195.0
2024-08-08 08:00:00,0.00012414,0.00012527,0.00012375,0.00012449,771440034.0
2024-08-08 09:00:00,0.00012449,0.00012515,0.0001238,0.00012405,397297317.0
2024-08-08 10:00:00,0.00012405,0.00012554,0.00012349,0.00012516,720039328.0
2024-08-08 11:00:00,0.00012516,0.00012625,0.0001245,0.00012515,653516111.0
2024-08-08 12:00:00,0.00012515,0.00012896,0.00012404,0.00012631,1136081647.0
2024-08-08 13:00:00,0.00012631,0.0001281,0.00012373,0.0001249,1781376403.0
2024-08-08 14:00:00,0.0001249,0.00012821,0.00012454,0.00012785,1370210385.0
2024-08-08 15:00:00,0.00012785,0.00012851,0.00012558,0.00012751,1400589831.0
2024-08-08 16:00:00,0.00012751,0.00012886,0.00012716,0.00012744,806468422.0
2024-08-08 17:00:00,0.00012744,0.00012836,0.00012674,0.00012674,843552048.0
2024-08-08 18:00:00,0.00012674,0.00012693,0.00012613,0.00012626,813530551.0
2024-08-08 19:00:00,0.00012626,0.00012761,0.00012621,0.0001266,396987731.0
2024-08-08 20:00:00,0.0001266,0.0001282,0.00012645,0.00012797,713112207.0
2024-08-08 21:00:00,0.00012797,0.00013145,0.00012735,0.00013125,1925976070.0
2024-08-08 22:00:00,0.00013125,0.00013425,0.00013021,0.00013367,2077452269.0
2024-08-08 23:00:00,0.00013367,0.00013454,0.00013177,0.00013231,2140805936.0
2024-08-09 00:00:00,0.00013231,0.00013385,0.00013058,0.00013163,1190849517.0
2024-08-09 01:00:00,0.00013163,0.00013234,0.00013031,0.0001316,1546304888.0
2024-08-09 02:00:00,0.0001316,0.00013166,0.00012973,0.00012973,783560793.0
2024-08-09 03:00:00,0.00012973,0.00013173,0.00012965,0.0001307,1083899542.0
2024-08-09 04:00:00,0.0001307,0.00013093,0.0001275,0.00012769,2372758669.0
2024-08-09 05:00:00,0.00012769,0.00012867,0.00012675,0.00012862,1242634573.0
2024-08-09 06:00:00,0.00012862,0.00013004,0.00012806,0.00012939,1334696707.0
2024-08-09 07:00:00,0.00012939,0.00013141,0.00012924,0.00013036,1725081038.0
2024-08-09 08:00:00,0.00013036,0.00013162,0.00012917,0.00013121,971218702.0
2024-08-09 09:00:00,0.00013121,0.00013195,0.00012898,0.00012958,1778289136.0
2024-08-09 10:00:00,0.00012958,0.00013,0.00012736,0.00012865,1178877686.0
2024-08-09 11:00:00,0.00012865,0.00012921,0.00012767,0.00012891,485748494.0
2024-08-09 12:00:00,0.00012891,0.00012891,0.00012675,0.00012749,606602827.0
2024-08-09 13:00:00,0.00012749,0.00012829,0.00012453,0.00012667,3940615229.0
2024-08-09 14:00:00,0.00012667,0.00012888,0.00012408,0.00012622,1542843729.0
2024-08-09 15:00:00,0.00012622,0.00012677,0.0001245,0.00012459,606381233.0
2024-08-09 16:00:00,0.00012459,0.00012624,0.00012421,0.00012581,1454580828.0
2024-08-09 17:00:00,0.00012581,0.00012684,0.00012534,0.00012626,250295937.0
2024-08-09 18:00:00,0.00012626,0.00012683,0.00012532,0.00012677,160886992.0
2024-08-09 19:00:00,0.00012677,0.0001274,0.00012617,0.00012729,404719736.0
2024-08-09 20:00:00,0.00012729,0.0001283,0.00012694,0.0001273,511922273.0
2024-08-09 21:00:00,0.0001273,0.00012804,0.00012566,0.00012765,1045901287.0
2024-08-09 22:00:00,0.00012765,0.00012895,0.00012677,0.00012774,352224962.0
2024-08-09 23:00:00,0.00012774,0.00012876,0.00012686,0.00012849,217591652.0
2024-08-10 00:00:00,0.00012849,0.00013086,0.00012721,0.00012731,1311911061.0
2024-08-10 01:00:00,0.00012731,0.00012902,0.0001268,0.00012735,610737523.0
2024-08-10 02:00:00,0.00012735,0.00012831,0.00012664,0.00012693,245209243.0
2024-08-10 03:00:00,0.00012693,0.00012721,0.00012609,0.00012675,366538647.0
2024-08-10 04:00:00,0.00012675,0.00012696,0.00012514,0.00012611,1003381167.0
2024-08-10 05:00:00,0.00012611,0.00012657,0.00012575,0.00012611,480564941.0
2024-08-10 06:00:00,0.00012611,0.00012698,0.00012584,0.00012694,346087892.0
2024-08-10 07:00:00,0.00012694,0.00012765,0.00012667,0.00012765,405421300.0
2024-08-10 08:00:00,0.00012765,0.00012784,0.00012616,0.00012653,477497911.0
2024-08-10 09:00:00,0.00012653,0.00012765,0.00012641,0.00012689,384101515.0
2024-08-10 10:00:00,0.00012689,0.00012765,0.00012676,0.00012732,487696114.0
2024-08-10 11:00:00,0.00012732,0.00012765,0.00012696,0.00012736,815677157.0
2024-08-10 12:00:00,0.00012736,0.00012745,0.00012627,0.00012643,379803920.0
2024-08-10 13:00:00,0.00012643,0.00012658,0.00012538,0.00012553,738602111.0
2024-08-10 14:00:00,0.00012553,0.00012648,0.00012525,0.00012641,935522641.0
2024-08-10 15:00:00,0.00012641,0.00012743,0.00012586,0.00012611,360473510.0
2024-08-10 16:00:00,0.00012611,0.00012689,0.00012555,0.00012656,526511545.0
2024-08-10 17:00:00,0.00012656,0.000127,0.00012599,0.00012678,315907242.0
2024-08-10 18:00:00,0.00012678,0.00012772,0.00012659,0.00012679,272949635.0
2024-08-10 19:00:00,0.00012679,0.00012704,0.0001262,0.0001264,388856382.0
2024-08-10 20:00:00,0.0001264,0.00012693,0.00012598,0.00012681,176504599.0
2024-08-10 21:00:00,0.00012681,0.0001279,0.00012681,0.00012743,298232708.0
2024-08-10 22:00:00,0.00012743,0.00012754,0.00012683,0.00012684,359008728.0
2024-08-10 23:00:00,0.00012684,0.00012686,0.00012595,0.00012644,505459071.0
2024-08-11 00:00:00,0.00012644,0.00012769,0.00012584,0.00012744,519366100.0
2024-08-11 01:00:00,0.00012744,0.00012847,0.00012704,0.00012823,494696679.0
2024-08-11 02:00:00,0.00012823,0.00012907,0.00012751,0.00012836,470156696.0
2024-08-11 03:00:00,0.00012836,0.00013134,0.00012832,0.00012993,741556616.0
2024-08-11 04:00:00,0.00012993,0.00013057,0.0001286,0.00012868,416023262.0
2024-08-11 05:00:00,0.00012868,0.00012915,0.00012802,0.0001289,592231781.0
2024-08-11 06:00:00,0.0001289,0.0001289,0.00012791,0.00012833,416850857.0
2024-08-11 07:00:00,0.00012833,0.00012873,0.00012795,0.00012844,379962432.0
2024-08-11 08:00:00,0.00012844,0.00012965,0.00012806,0.00012902,457771345.0
2024-08-11 09:00:00,0.00012902,0.00013101,0.00012801,0.00012847,839388218.0
2024-08-11 10:00:00,0.00012847,0.00012866,0.00012707,0.0001271,597288396.0
2024-08-11 11:00:00,0.0001271,0.00012715,0.00012497,0.00012566,931018447.0
2024-08-11 12:00:00,0.00012566,0.00012597,0.00012407,0.00012476,725736098.0
2024-08-11 13:00:00,0.00012476,0.00012538,0.00012309,0.00012482,969724619.0
2024-08-11 14:00:00,0.00012482,0.00012582,0.00012375,0.00012463,1471902898.0
2024-08-11 15:00:00,0.00012463,0.00012576,0.00012265,0.00012335,1487462816.0
2024-08-11 16:00:00,0.00012335,0.00012439,0.00012299,0.00012374,672559678.0
2024-08-11 17:00:00,0.00012374,0.00012427,0.00012306,0.00012383,247186647.0
2024-08-11 18:00:00,0.00012383,0.00012436,0.00012325,0.00012346,806090720.0
2024-08-11 19:00:00,0.00012346,0.00012346,0.00011979,0.00012014,1289874284.0
2024-08-11 20:00:00,0.00012014,0.00012025,0.0001178,0.00011822,1925205179.0
2024-08-11 21:00:00,0.00011822,0.00011883,0.00011713,0.00011867,976171853.0
2024-08-11 22:00:00,0.00011867,0.00011908,0.00011615,0.00011765,6013231307.0
2024-08-11 23:00:00,0.00011765,0.00011771,0.00011675,0.00011728,428525933.0
2024-08-12 00:00:00,0.00011728,0.00011945,0.0001167,0.00011828,4105605269.0
2024-08-12 01:00:00,0.00011828,0.00012008,0.00011774,0.00011877,2093567196.0
2024-08-12 02:00:00,0.00011877,0.00011926,0.00011802,0.00011908,452242345.0
2024-08-12 03:00:00,0.00011908,0.00011944,0.00011815,0.00011852,302979669.0
2024-08-12 04:00:00,0.00011852,0.00011914,0.00011784,0.00011787,299221700.0
2024-08-12 05:00:00,0.00011787,0.0001185,0.00011742,0.00011826,8222394116.0
2024-08-12 06:00:00,0.00011826,0.00011827,0.00011687,0.00011749,11035056757.0
2024-08-12 07:00:00,0.00011749,0.00012037,0.00011584,0.00011967,1735115981.0
2024-08-12 08:00:00,0.00011967,0.00012158,0.00011855,0.00011887,696260313.0
2024-08-12 09:00:00,0.00011887,0.00012038,0.00011858,0.0001199,1578229976.0
2024-08-12 10:00:00,0.0001199,0.0001213,0.00011913,0.00012113,424014029.0
2024-08-12 11:00:00,0.00012113,0.00012496,0.00012103,0.00012455,2367221576.0
2024-08-12 12:00:00,0.00012455,0.0001251,0.00012323,0.00012381,670688126.0
2024-08-12 13:00:00,0.00012381,0.0001244,0.00011867,0.000119,934689806.0
2024-08-12 14:00:00,0.000119,0.00012582,0.00011747,0.00012469,2685709280.0
2024-08-12 15:00:00,0.00012469,0.00012602,0.00012198,0.00012408,2218916624.0
2024-08-12 16:00:00,0.00012408,0.0001248,0.00012303,0.00012353,468398655.0
2024-08-12 17:00:00,0.00012353,0.00012462,0.00012274,0.0001228,472219940.0
2024-08-12 18:00:00,0.0001228,0.00012346,0.00012025,0.00012032,422241604.0
2024-08-12 19:00:00,0.00012032,0.00012183,0.00012032,0.00012099,294129369.0
2024-08-12 20:00:00,0.00012099,0.00012264,0.00012074,0.0001212,772214403.0
2024-08-12 21:00:00,0.0001212,0.00012183,0.00011992,0.00012145,340173112.0
2024-08-12 22:00:00,0.00012145,0.00012207,0.00012084,0.0001216,276158010.0
2024-08-12 23:00:00,0.0001216,0.00012542,0.0001216,0.00012412,740937012.0
2024-08-13 00:00:00,0.00012412,0.00012553,0.00012337,0.00012438,518897475.0
2024-08-13 01:00:00,0.00012438,0.00012471,0.0001235,0.00012417,339004859.0
2024-08-13 02:00:00,0.00012417,0.00012417,0.00012219,0.00012321,349778276.0
2024-08-13 03:00:00,0.00012321,0.00012324,0.00012017,0.00012067,568983922.0
2024-08-13 04:00:00,0.00012067,0.00012196,0.00011924,0.00012185,1386287619.0
2024-08-13 05:00:00,0.00012185,0.00012243,0.00012133,0.0001219,232370718.0
2024-08-13 06:00:00,0.0001219,0.00012257,0.00012105,0.00012237,282644481.0
2024-08-13 07:00:00,0.00012237,0.00012251,0.00012151,0.00012157,349280556.0
2024-08-13 08:00:00,0.00012157,0.00012193,0.0001204,0.00012083,511170966.0
2024-08-13 09:00:00,0.00012083,0.00012083,0.00011978,0.00012047,430701915.0
2024-08-13 10:00:00,0.00012047,0.00012076,0.0001193,0.0001204,308024558.0
2024-08-13 11:00:00,0.0001204,0.00012097,0.00011996,0.00012073,239659145.0
2024-08-13 12:00:00,0.00012073,0.00012185,0.00012027,0.00012169,603747963.0
2024-08-13 13:00:00,0.00012169,0.00012354,0.00012105,0.00012337,650140985.0
2024-08-13 14:00:00,0.00012337,0.00012386,0.00012122,0.00012267,495194132.0
2024-08-13 15:00:00,0.00012267,0.00012291,0.00012137,0.00012174,306868359.0
2024-08-13 16:00:00,0.00012174,0.00012532,0.00012159,0.00012516,2184623428.0
2024-08-13 17:00:00,0.00012516,0.00012565,0.00012424,0.00012478,1488902554.0
2024-08-13 18:00:00,0.00012478,0.0001249,0.00012314,0.00012314,316457249.0
2024-08-13 19:00:00,0.00012314,0.00012332,0.00012149,0.00012312,474404817.0
2024-08-13 20:00:00,0.00012312,0.00012345,0.00012245,0.00012246,256017491.0
2024-08-13 21:00:00,0.00012246,0.00012375,0.00012234,0.00012348,395247260.0
2024-08-13 22:00:00,0.00012348,0.00012376,0.00012253,0.00012289,268618712.0
2024-08-13 23:00:00,0.00012289,0.00012307,0.00012214,0.00012261,351678240.0
2024-08-14 00:00:00,0.00012261,0.00012272,0.00012175,0.00012263,305468871.0
2024-08-14 01:00:00,0.00012263,0.00012272,0.0001206,0.00012085,435851309.0
2024-08-14 02:00:00,0.00012085,0.00012179,0.00012048,0.00012169,266534757.0
2024-08-14 03:00:00,0.00012169,0.00012287,0.00012161,0.00012189,310489489.0
2024-08-14 04:00:00,0.00012189,0.00012271,0.00012175,0.00012185,266948708.0
2024-08-14 05:00:00,0.00012185,0.00012265,0.00012144,0.00012162,415240322.0
2024-08-14 06:00:00,0.00012162,0.0001225,0.0001209,0.00012209,489449295.0
2024-08-14 07:00:00,0.00012209,0.00012231,0.00012162,0.00012225,161854956.0
2024-08-14 08:00:00,0.00012225,0.00012253,0.00012165,0.00012241,335971692.0
2024-08-14 09:00:00,0.00012241,0.00012302,0.00012186,0.00012213,399040254.0
2024-08-14 10:00:00,0.00012213,0.00012443,0.00012191,0.00012353,748011923.0
2024-08-14 11:00:00,0.00012353,0.00012409,0.00012249,0.00012319,539124499.0
2024-08-14 12:00:00,0.00012319,0.00012647,0.00012282,0.00012443,2494342626.0
2024-08-14 13:00:00,0.00012443,0.00012501,0.00011871,0.00011935,1874988820.0
2024-08-14 14:00:00,0.00011935,0.00012142,0.00011796,0.00012023,1629449270.0
2024-08-14 15:00:00,0.00012023,0.00012132,0.00011909,0.00012059,571707257.0
2024-08-14 16:00:00,0.00012059,0.00012102,0.00011914,0.00011987,329399689.0
2024-08-14 17:00:00,0.00011987,0.00012006,0.00011937,0.0001198,278856185.0
2024-08-14 18:00:00,0.0001198,0.00012012,0.0001182,0.00011876,429116325.0
2024-08-14 19:00:00,0.00011876,0.00011885,0.00011797,0.00011851,306125509.0
2024-08-14 20:00:00,0.00011851,0.00011894,0.00011829,0.00011871,244147503.0
2024-08-14 21:00:00,0.00011871,0.00011896,0.00011814,0.0001182,287192024.0
2024-08-14 22:00:00,0.0001182,0.00011913,0.00011708,0.00011902,351950352.0
2024-08-14 23:00:00,0.00011902,0.00011933,0.00011861,0.00011882,250770160.0
2024-08-15 00:00:00,0.00011882,0.00011992,0.00011846,0.00011928,184288912.0
2024-08-15 01:00:00,0.00011928,0.00011955,0.00011795,0.00011825,193557221.0
2024-08-15 02:00:00,0.00011825,0.00011905,0.00011767,0.0001182,700726257.0
2024-08-15 03:00:00,0.0001182,0.00011872,0.00011808,0.00011814,751939328.0
2024-08-15 04:00:00,0.00011814,0.00011827,0.0001176,0.00011813,436996270.0
2024-08-15 05:00:00,0.00011813,0.00011827,0.00011648,0.00011667,366880443.0
2024-08-15 06:00:00,0.00011667,0.00011721,0.00011549,0.00011601,524469323.0
2024-08-15 07:00:00,0.00011601,0.00011683,0.00011554,0.00011663,454308859.0
2024-08-15 08:00:00,0.00011663,0.0001178,0.00011608,0.00011773,375887516.0
2024-08-15 09:00:00,0.00011773,0.00011812,0.00011698,0.00011713,331961933.0
2024-08-15 10:00:00,0.00011713,0.00011715,0.00011619,0.0001165,523025708.0
2024-08-15 11:00:00,0.0001165,0.00011845,0.00011644,0.00011794,767666393.0
2024-08-15 12:00:00,0.00011794,0.00012022,0.00011759,0.00011843,3067383414.0
2024-08-15 13:00:00,0.00011843,0.00012062,0.00011771,0.0001205,631592759.0
2024-08-15 14:00:00,0.0001205,0.00012203,0.0001205,0.00012062,974889531.0
2024-08-15 15:00:00,0.00012062,0.00012121,0.00012007,0.0001205,385125197.0
2024-08-15 16:00:00,0.0001205,0.00012098,0.00011914,0.00011991,1277556942.0
2024-08-15 17:00:00,0.00011991,0.00011991,0.00011667,0.00011692,780471713.0
2024-08-15 18:00:00,0.00011692,0.00011692,0.00011357,0.0001144,1750316115.0
2024-08-15 19:00:00,0.0001144,0.00011457,0.00011309,0.00011403,450684615.0
2024-08-15 20:00:00,0.00011403,0.00011426,0.000113,0.00011372,371433109.0
2024-08-15 21:00:00,0.00011372,0.00011464,0.00011319,0.00011457,214624029.0
2024-08-15 22:00:00,0.00011457,0.00011677,0.00011367,0.00011559,1122123482.0
2024-08-15 23:00:00,0.00011559,0.00011649,0.00011529,0.0001158,804631456.0
2024-08-16 00:00:00,0.0001158,0.00011616,0.00011533,0.00011546,254572315.0
2024-08-16 01:00:00,0.00011546,0.0001159,0.00011401,0.00011485,710676706.0
2024-08-16 02:00:00,0.00011485,0.00011708,0.00011372,0.00011538,596797590.0
2024-08-16 03:00:00,0.00011538,0.00011554,0.00011458,0.00011491,222422260.0
2024-08-16 04:00:00,0.00011491,0.00011577,0.00011437,0.00011573,281553301.0
2024-08-16 05:00:00,0.00011573,0.00011592,0.00011522,0.00011572,307908203.0
2024-08-16 06:00:00,0.00011572,0.00011802,0.00011538,0.00011768,697930365.0
2024-08-16 07:00:00,0.00011768,0.00011784,0.00011671,0.00011708,469106287.0
2024-08-16 08:00:00,0.00011708,0.00011741,0.00011641,0.00011663,287906840.0
2024-08-16 09:00:00,0.00011663,0.00011707,0.00011612,0.00011692,380234497.0
2024-08-16 10:00:00,0.00011692,0.0001171,0.00011609,0.00011618,809140745.0
2024-08-16 11:00:00,0.00011618,0.00011632,0.00011456,0.000115,838704095.0
2024-08-16 12:00:00,0.000115,0.00011521,0.00011097,0.00011215,1212898865.0
2024-08-16 13:00:00,0.00011215,0.00011579,0.00011176,0.0001136,1420197039.0
2024-08-16 14:00:00,0.0001136,0.000114,0.00011137,0.00011174,1205827009.0
2024-08-16 15:00:00,0.00011174,0.00011254,0.00011006,0.00011092,2867712252.0
2024-08-16 16:00:00,0.00011092,0.00011304,0.00011062,0.00011191,344236081.0
2024-08-16 17:00:00,0.00011191,0.00011379,0.00011009,0.00011349,763585481.0
2024-08-16 18:00:00,0.00011349,0.00011459,0.00011278,0.00011388,603828697.0
2024-08-16 19:00:00,0.00011388,0.00011463,0.00011384,0.00011436,269075001.0
2024-08-16 20:00:00,0.00011436,0.0001152,0.00011381,0.00011386,238054408.0
2024-08-16 21:00:00,0.00011386,0.00011428,0.00011331,0.00011375,326936503.0
2024-08-16 22:00:00,0.00011375,0.00011408,0.00011318,0.00011322,244954597.0
2024-08-16 23:00:00,0.00011322,0.00011345,0.00011262,0.00011294,211859093.0
2024-08-17 00:00:00,0.00011294,0.00011338,0.00011218,0.00011306,270225548.0
2024-08-17 01:00:00,0.00011306,0.00011381,0.00011287,0.0001133,287285026.0
2024-08-17 02:00:00,0.0001133,0.00011413,0.00011325,0.00011351,209445054.0
2024-08-17 03:00:00,0.00011351,0.00011374,0.0001125,0.00011317,190036785.0
2024-08-17 04:00:00,0.00011317,0.00011395,0.00011307,0.00011391,264826925.0
2024-08-17 05:00:00,0.00011391,0.00011397,0.0001133,0.00011352,159404948.0
2024-08-17 06:00:00,0.00011352,0.00011402,0.00011314,0.00011316,169571556.0
2024-08-17 07:00:00,0.00011316,0.00011359,0.00011287,0.00011357,312093578.0
2024-08-17 08:00:00,0.00011357,0.00011372,0.00011294,0.00011357,291467768.0
2024-08-17 09:00:00,0.00011357,0.00011423,0.00011335,0.00011379,276191824.0
2024-08-17 10:00:00,0.00011379,0.00011393,0.0001125,0.0001126,244504941.0
2024-08-17 11:00:00,0.0001126,0.00011272,0.00011186,0.0001123,2989919776.0
2024-08-17 12:00:00,0.0001123,0.0001134,0.0001119,0.00011334,313909980.0
2024-08-17 13:00:00,0.00011334,0.00011452,0.00011309,0.00011352,449549615.0
2024-08-17 14:00:00,0.00011352,0.00011393,0.00011278,0.0001135,260701768.0
2024-08-17 15:00:00,0.0001135,0.00011452,0.0001134,0.00011346,319257697.0
2024-08-17 16:00:00,0.00011346,0.00011468,0.0001134,0.00011436,416132551.0
2024-08-17 17:00:00,0.00011436,0.00011501,0.00011377,0.00011394,608926464.0
2024-08-17 18:00:00,0.00011394,0.00011411,0.00011317,0.00011371,228871817.0
2024-08-17 19:00:00,0.00011371,0.00011373,0.00011317,0.00011362,303206469.0
2024-08-17 20:00:00,0.00011362,0.00011399,0.00011341,0.00011381,178855369.0
2024-08-17 21:00:00,0.00011381,0.00011463,0.00011339,0.00011461,312057834.0
2024-08-17 22:00:00,0.00011461,0.00011579,0.00011429,0.00011452,562607519.0
2024-08-17 23:00:00,0.00011452,0.00011488,0.00011405,0.00011482,937416096.0
2024-08-18 00:00:00,0.00011482,0.00011542,0.0001142,0.00011498,683309469.0
2024-08-18 01:00:00,0.00011498,0.00011509,0.00011387,0.00011396,682500396.0
2024-08-18 02:00:00,0.00011396,0.00011536,0.00011373,0.00011518,162819392.0
2024-08-18 03:00:00,0.00011518,0.00011544,0.00011368,0.00011368,531245480.0
2024-08-18 04:00:00,0.00011368,0.00011375,0.00011289,0.00011354,293745665.0
2024-08-18 05:00:00,0.00011354,0.00011408,0.00011318,0.00011339,251711144.0
2024-08-18 06:00:00,0.00011339,0.00011415,0.00011332,0.0001138,141723701.0
2024-08-18 07:00:00,0.0001138,0.00011396,0.00011327,0.00011349,153412447.0
2024-08-18 08:00:00,0.00011349,0.0001139,0.00011322,0.00011379,148631556.0
2024-08-18 09:00:00,0.00011379,0.00011476,0.00011342,0.00011425,838857894.0
2024-08-18 10:00:00,0.00011425,0.00011572,0.00011425,0.00011552,445375419.0
2024-08-18 11:00:00,0.00011552,0.00011605,0.00011505,0.0001155,332359233.0
2024-08-18 12:00:00,0.0001155,0.0001166,0.00011538,0.00011571,234810809.0
2024-08-18 13:00:00,0.00011571,0.00011664,0.00011552,0.0001156,858037384.0
2024-08-18 14:00:00,0.0001156,0.00011665,0.00011545,0.00011629,583607383.0
2024-08-18 15:00:00,0.00011629,0.00011764,0.00011572,0.00011734,508066187.0
2024-08-18 16:00:00,0.00011734,0.0001181,0.00011681,0.00011707,1046550414.0
2024-08-18 17:00:00,0.00011707,0.00011729,0.00011552,0.00011568,311526843.0
2024-08-18 18:00:00,0.00011568,0.0001165,0.00011553,0.00011626,198820457.0
2024-08-18 19:00:00,0.00011626,0.00011701,0.00011612,0.00011697,196930945.0
2024-08-18 20:00:00,0.00011697,0.00011746,0.0001167,0.00011731,274476884.0
2024-08-18 21:00:00,0.00011731,0.00011739,0.00011615,0.00011631,465049546.0
2024-08-18 22:00:00,0.00011631,0.00011768,0.0001163,0.0001166,229453092.0
2024-08-18 23:00:00,0.0001166,0.00011694,0.00011416,0.00011422,1371094687.0
2024-08-19 00:00:00,0.00011422,0.00011459,0.00011292,0.00011299,884000431.0
2024-08-19 01:00:00,0.00011299,0.00011476,0.00011284,0.00011407,512298018.0
2024-08-19 02:00:00,0.00011407,0.00011708,0.00011388,0.00011699,3036285568.0
2024-08-19 03:00:00,0.00011699,0.0001184,0.0001167,0.00011685,823633096.0
2024-08-19 04:00:00,0.00011685,0.00011698,0.00011517,0.00011541,431020709.0
2024-08-19 05:00:00,0.00011541,0.00011563,0.00011446,0.00011496,361686514.0
2024-08-19 06:00:00,0.00011496,0.00011551,0.00011385,0.00011456,683930847.0
2024-08-19 07:00:00,0.00011456,0.00011567,0.00011437,0.00011472,241536625.0
2024-08-19 08:00:00,0.00011472,0.0001152,0.00011438,0.00011499,164965554.0
2024-08-19 09:00:00,0.00011499,0.00011534,0.00011263,0.00011271,456044725.0
2024-08-19 10:00:00,0.00011271,0.00011297,0.00011148,0.00011152,1160509276.0
2024-08-19 11:00:00,0.00011152,0.00011351,0.00011093,0.0001133,844389681.0
2024-08-19 12:00:00,0.0001133,0.00011357,0.00011269,0.0001128,302040814.0
2024-08-19 13:00:00,0.0001128,0.00011487,0.00011269,0.00011287,371080743.0
2024-08-19 14:00:00,0.00011287,0.00011386,0.00011235,0.00011363,292028091.0
2024-08-19 15:00:00,0.00011363,0.00011398,0.00011228,0.00011231,234470836.0
2024-08-19 16:00:00,0.00011231,0.00011271,0.0001109,0.0001119,395729997.0
2024-08-19 17:00:00,0.0001119,0.00011572,0.00011178,0.00011393,659145775.0
2024-08-19 18:00:00,0.00011393,0.00011484,0.00011306,0.00011426,293685126.0
2024-08-19 19:00:00,0.00011426,0.00011452,0.00011363,0.00011438,177537586.0
2024-08-19 20:00:00,0.00011438,0.00011547,0.00011428,0.00011491,222550737.0
2024-08-19 21:00:00,0.00011491,0.0001153,0.00011453,0.00011453,371328278.0
2024-08-19 22:00:00,0.00011453,0.0001156,0.00011453,0.00011543,597670738.0
2024-08-19 23:00:00,0.00011543,0.00011662,0.00011501,0.00011634,723635249.0
2024-08-20 00:00:00,0.00011634,0.0001185,0.00011551,0.00011718,517898040.0
2024-08-20 01:00:00,0.00011718,0.0001193,0.00011718,0.00011801,5124561320.0
2024-08-20 02:00:00,0.00011801,0.00011819,0.00011723,0.00011751,372758836.0
2024-08-20 03:00:00,0.00011751,0.00011807,0.00011716,0.00011807,469014294.0
2024-08-20 04:00:00,0.00011807,0.00012025,0.00011798,0.00012018,508491092.0
2024-08-20 05:00:00,0.00012018,0.00012624,0.00012,0.00012381,5206406506.0
2024-08-20 06:00:00,0.00012381,0.00012422,0.00012154,0.00012157,464869812.0
2024-08-20 07:00:00,0.00012157,0.00012409,0.00012112,0.00012396,602493187.0
2024-08-20 08:00:00,0.00012396,0.0001247,0.00012193,0.00012371,517556684.0
2024-08-20 09:00:00,0.00012371,0.000131,0.00012367,0.00013032,6167481198.0
2024-08-20 10:00:00,0.00013032,0.00013352,0.00012791,0.00012799,3797633149.0
2024-08-20 11:00:00,0.00012799,0.00012838,0.00012603,0.00012629,1869897353.0
2024-08-20 12:00:00,0.00012629,0.0001284,0.00012575,0.00012652,2039522887.0
2024-08-20 13:00:00,0.00012652,0.00012779,0.00012457,0.00012734,1824627302.0
2024-08-20 14:00:00,0.00012734,0.00012746,0.00012319,0.00012383,1358741975.0
2024-08-20 15:00:00,0.00012383,0.00012459,0.00012181,0.00012283,1870297177.0
2024-08-20 16:00:00,0.00012283,0.00012576,0.00012231,0.00012496,1815169636.0
2024-08-20 17:00:00,0.00012496,0.00012496,0.00012342,0.00012453,1237710105.0
2024-08-20 18:00:00,0.00012453,0.00012726,0.00012435,0.00012552,1900481562.0
2024-08-20 19:00:00,0.00012552,0.00012736,0.00012532,0.00012612,1421593123.0
2024-08-20 20:00:00,0.00012612,0.00012729,0.00012576,0.00012576,1570148600.0
2024-08-20 21:00:00,0.00012576,0.00012688,0.00012474,0.00012584,5530945690.0
2024-08-20 22:00:00,0.00012584,0.00012633,0.00012475,0.00012549,444725099.0
2024-08-20 23:00:00,0.00012549,0.00012606,0.00012461,0.00012473,250087565.0
2024-08-21 00:00:00,0.00012473,0.00012542,0.00012349,0.00012349,639647665.0
2024-08-21 01:00:00,0.00012349,0.00012499,0.0001225,0.00012471,1343835027.0
2024-08-21 02:00:00,0.00012471,0.00012612,0.00012447,0.00012515,526997754.0
2024-08-21 03:00:00,0.00012515,0.00012593,0.00012434,0.00012459,613343679.0
2024-08-21 04:00:00,0.00012459,0.0001248,0.00012333,0.00012435,2187004553.0
2024-08-21 05:00:00,0.00012435,0.00012453,0.00012352,0.0001238,290915871.0
2024-08-21 06:00:00,0.0001238,0.00012574,0.00012356,0.00012525,597296008.0
2024-08-21 07:00:00,0.00012525,0.00012598,0.00012484,0.00012539,385453393.0
2024-08-21 08:00:00,0.00012539,0.00012588,0.00012372,0.00012413,772496903.0
2024-08-21 09:00:00,0.00012413,0.00012415,0.00012247,0.00012323,914310038.0
2024-08-21 10:00:00,0.00012323,0.00012368,0.00012279,0.00012357,818115158.0
2024-08-21 11:00:00,0.00012357,0.00012379,0.0001219,0.00012193,605881482.0
2024-08-21 12:00:00,0.00012193,0.00012206,0.0001202,0.00012099,763105279.0
2024-08-21 13:00:00,0.00012099,0.00012261,0.00011879,0.00012252,2017790151.0
2024-08-21 14:00:00,0.00012252,0.00012302,0.00011985,0.00012106,1315855902.0
2024-08-21 15:00:00,0.00012106,0.00012252,0.00012036,0.00012173,516895395.0
2024-08-21 16:00:00,0.00012173,0.00012372,0.00012125,0.00012361,533561423.0
2024-08-21 17:00:00,0.00012361,0.00012448,0.00012269,0.00012382,1315061795.0
2024-08-21 18:00:00,0.00012382,0.00012689,0.00012362,0.00012657,2576380850.0
2024-08-21 19:00:00,0.00012657,0.00012897,0.0001265,0.0001282,7333923290.0
2024-08-21 20:00:00,0.0001282,0.00012977,0.00012787,0.00012896,2161452674.0
2024-08-21 21:00:00,0.00012896,0.00012945,0.00012812,0.00012848,370375271.0
2024-08-21 22:00:00,0.00012848,0.00012879,0.00012754,0.00012759,203596018.0
2024-08-21 23:00:00,0.00012759,0.000128,0.00012679,0.00012744,282181559.0
2024-08-22 00:00:00,0.00012744,0.00012816,0.00012704,0.0001271,348694579.0
2024-08-22 01:00:00,0.0001271,0.00012862,0.00012688,0.00012845,356399298.0
2024-08-22 02:00:00,0.00012845,0.0001285,0.00012578,0.00012681,718792575.0
2024-08-22 03:00:00,0.00012681,0.00013084,0.00012653,0.00013066,959858614.0
2024-08-22 04:00:00,0.00013066,0.00013454,0.00013066,0.00013134,9423090570.0
2024-08-22 05:00:00,0.00013134,0.00013241,0.0001299,0.0001307,636818011.0
2024-08-22 06:00:00,0.0001307,0.00013109,0.00012917,0.00012972,2374938563.0
2024-08-22 07:00:00,0.00012972,0.00013096,0.00012956,0.00013047,549364591.0
2024-08-22 08:00:00,0.00013047,0.00013407,0.00013012,0.00013383,1744307316.0
2024-08-22 09:00:00,0.00013383,0.00013413,0.00013222,0.00013321,3404874445.0
2024-08-22 10:00:00,0.00013321,0.00014117,0.00013309,0.00014,5067273970.0
2024-08-22 11:00:00,0.00014,0.00014106,0.0001377,0.00014074,5471456272.0
2024-08-22 12:00:00,0.00014074,0.00014426,0.00013982,0.00014046,7571572698.0
2024-08-22 13:00:00,0.00014046,0.00014085,0.00013801,0.00013864,7109298360.0
2024-08-22 14:00:00,0.00013864,0.00013864,0.00013522,0.00013641,5458447435.0
2024-08-22 15:00:00,0.00013641,0.00013825,0.00013473,0.00013594,1991918860.0
2024-08-22 16:00:00,0.00013594,0.00013723,0.0001352,0.00013562,1218237756.0
2024-08-22 17:00:00,0.00013562,0.00013697,0.00013502,0.00013511,924153528.0
2024-08-22 18:00:00,0.00013511,0.00013673,0.00013467,0.00013548,725096518.0
2024-08-22 19:00:00,0.00013548,0.00013597,0.00013487,0.00013529,752477032.0
2024-08-22 20:00:00,0.00013529,0.00013637,0.00013508,0.00013637,283777276.0
2024-08-22 21:00:00,0.00013637,0.00013913,0.00013587,0.00013862,1646411949.0
2024-08-22 22:00:00,0.00013862,0.00013984,0.00013748,0.00013869,1640604597.0
2024-08-22 23:00:00,0.00013869,0.0001394,0.0001383,0.000139,384839827.0
2024-08-23 00:00:00,0.000139,0.00013986,0.00013805,0.00013814,871860939.0
2024-08-23 01:00:00,0.00013814,0.00013865,0.00013706,0.00013816,660897500.0
2024-08-23 02:00:00,0.00013816,0.00013832,0.00013728,0.00013745,302431366.0
2024-08-23 03:00:00,0.00013745,0.00013769,0.0001367,0.0001376,552751452.0
2024-08-23 04:00:00,0.0001376,0.00013763,0.00013614,0.00013637,836362063.0
2024-08-23 05:00:00,0.00013637,0.00013844,0.0001363,0.00013698,879465398.0
2024-08-23 06:00:00,0.00013698,0.00013795,0.0001361,0.00013723,1160794529.0
2024-08-23 07:00:00,0.00013723,0.00013774,0.00013658,0.00013677,400304707.0
2024-08-23 08:00:00,0.00013677,0.00013769,0.00013664,0.00013714,761631916.0
2024-08-23 09:00:00,0.00013714,0.00013722,0.00013615,0.0001369,1281270352.0
2024-08-23 10:00:00,0.0001369,0.00013797,0.00013665,0.00013702,1503827721.0
2024-08-23 11:00:00,0.00013702,0.00013702,0.00013545,0.00013585,2514979315.0
2024-08-23 12:00:00,0.00013585,0.00013863,0.00013579,0.00013836,1384280002.0
2024-08-23 13:00:00,0.00013836,0.00013894,0.000137,0.00013824,712762364.0
2024-08-23 14:00:00,0.00013824,0.0001431,0.00013628,0.00013807,5514620407.0
2024-08-23 15:00:00,0.00013807,0.00014133,0.00013749,0.00014007,2231694033.0
2024-08-23 16:00:00,0.00014007,0.00014163,0.00013909,0.0001414,2095259100.0
2024-08-23 17:00:00,0.0001414,0.00014472,0.00014073,0.0001445,3245950334.0
2024-08-23 18:00:00,0.0001445,0.00014621,0.00014338,0.00014466,1471915559.0
2024-08-23 19:00:00,0.00014466,0.00014854,0.00014403,0.00014797,1315455924.0
2024-08-23 20:00:00,0.00014797,0.00014849,0.00014597,0.0001468,537716123.0
2024-08-23 21:00:00,0.0001468,0.00014927,0.00014627,0.00014912,1706566575.0
2024-08-23 22:00:00,0.00014912,0.0001524,0.00014807,0.00014858,2025246088.0
2024-08-23 23:00:00,0.00014858,0.00014967,0.00014699,0.00014841,933545272.0
2024-08-24 00:00:00,0.00014841,0.00015103,0.00014756,0.00015066,3407233368.0
2024-08-24 01:00:00,0.00015066,0.00015093,0.00014703,0.00014803,1070818507.0
2024-08-24 02:00:00,0.00014803,0.00014962,0.00014792,0.00014893,277375492.0
2024-08-24 03:00:00,0.00014893,0.00014914,0.00014812,0.00014844,418605447.0
2024-08-24 04:00:00,0.00014844,0.00014926,0.00014651,0.00014672,3830317173.0
2024-08-24 05:00:00,0.00014672,0.00014828,0.00014637,0.00014773,356708722.0
2024-08-24 06:00:00,0.00014773,0.00014855,0.00014727,0.00014783,681907790.0
2024-08-24 07:00:00,0.00014783,0.00014882,0.00014777,0.00014793,1507410790.0
2024-08-24 08:00:00,0.00014793,0.000148,0.00014713,0.00014799,256784644.0
2024-08-24 09:00:00,0.00014799,0.00014925,0.00014685,0.00014909,649727925.0
2024-08-24 10:00:00,0.00014909,0.0001508,0.00014848,0.00014927,1061422082.0
2024-08-24 11:00:00,0.00014927,0.00015047,0.00014754,0.00014754,821980385.0
2024-08-24 12:00:00,0.00014754,0.0001505,0.00014731,0.00014901,762750679.0
2024-08-24 13:00:00,0.00014901,0.00015062,0.00014848,0.00014987,552660740.0
2024-08-24 14:00:00,0.00014987,0.00015097,0.0001488,0.00015088,714566704.0
2024-08-24 15:00:00,0.00015088,0.00015192,0.00014981,0.0001502,667331851.0
2024-08-24 16:00:00,0.0001502,0.0001587,0.00014997,0.00015712,4098261407.0
2024-08-24 17:00:00,0.00015712,0.00015771,0.00015466,0.00015506,1770701356.0
2024-08-24 18:00:00,0.00015506,0.00015839,0.00015437,0.00015763,877552054.0
2024-08-24 19:00:00,0.00015763,0.00015984,0.00015742,0.00015759,1149795223.0
2024-08-24 20:00:00,0.00015759,0.00015831,0.0001563,0.00015668,349009922.0
2024-08-24 21:00:00,0.00015668,0.00015672,0.00015056,0.00015119,3555832695.0
2024-08-24 22:00:00,0.00015119,0.00015327,0.00015077,0.0001523,1229689521.0
2024-08-24 23:00:00,0.0001523,0.00015366,0.00015202,0.00015323,664315203.0
2024-08-25 00:00:00,0.00015323,0.00015332,0.00014927,0.00014957,1042411097.0
2024-08-25 01:00:00,0.00014957,0.00015072,0.00014645,0.000148,1692891001.0
2024-08-25 02:00:00,0.000148,0.00015136,0.0001479,0.00015101,436772128.0
2024-08-25 03:00:00,0.00015101,0.00015116,0.0001485,0.00015024,874051000.0
2024-08-25 04:00:00,0.00015024,0.00015032,0.00014755,0.0001496,340050151.0
2024-08-25 05:00:00,0.0001496,0.0001496,0.00014784,0.00014824,146484684.0
2024-08-25 06:00:00,0.00014824,0.00014861,0.00014514,0.00014549,899465648.0
2024-08-25 07:00:00,0.00014549,0.00014576,0.00014055,0.00014191,4900721926.0
2024-08-25 08:00:00,0.00014191,0.00014639,0.00014066,0.00014598,1956971606.0
2024-08-25 09:00:00,0.00014598,0.00014686,0.00014473,0.00014549,739318450.0
2024-08-25 10:00:00,0.00014549,0.00014629,0.00014437,0.00014604,432881118.0
2024-08-25 11:00:00,0.00014604,0.00014867,0.00014588,0.00014723,1440691899.0
2024-08-25 12:00:00,0.00014723,0.00014856,0.00014667,0.00014794,641396743.0
2024-08-25 13:00:00,0.00014794,0.00014977,0.00014754,0.00014799,849852257.0
2024-08-25 14:00:00,0.00014799,0.00014886,0.00014735,0.00014799,1079616028.0
2024-08-25 15:00:00,0.00014799,0.00015057,0.00014749,0.00014822,1605260389.0
2024-08-25 16:00:00,0.00014822,0.00014986,0.00014712,0.00014779,1040498930.0
2024-08-25 17:00:00,0.00014779,0.0001498,0.0001476,0.00014922,892407518.0
2024-08-25 18:00:00,0.00014922,0.00014946,0.00014785,0.00014845,416646874.0
2024-08-25 19:00:00,0.00014845,0.00014917,0.00014807,0.00014894,270013104.0
2024-08-25 20:00:00,0.00014894,0.00015045,0.00014874,0.00014968,330702471.0
2024-08-25 21:00:00,0.00014968,0.00015362,0.00014968,0.00015146,3398337141.0
2024-08-25 22:00:00,0.00015146,0.00015275,0.00015005,0.00015131,1888018560.0
2024-08-25 23:00:00,0.00015131,0.00015334,0.00014926,0.00015005,1253605846.0
2024-08-26 00:00:00,0.00015005,0.00015319,0.00014908,0.00015062,542833708.0
2024-08-26 01:00:00,0.00015062,0.00015093,0.00014847,0.00014948,431689046.0
2024-08-26 02:00:00,0.00014948,0.00015027,0.00014766,0.00014972,1265304756.0
2024-08-26 03:00:00,0.00014972,0.00015137,0.00014872,0.00015125,340266969.0
2024-08-26 04:00:00,0.00015125,0.00015488,0.00015117,0.00015268,998179190.0
2024-08-26 05:00:00,0.00015268,0.00015425,0.00015097,0.00015332,1049948237.0
2024-08-26 06:00:00,0.00015332,0.00015614,0.00015126,0.00015357,3417882869.0
2024-08-26 07:00:00,0.00015357,0.00015385,0.00015099,0.00015134,1818590386.0
2024-08-26 08:00:00,0.00015134,0.00015592,0.00015063,0.00015365,2303431369.0
2024-08-26 09:00:00,0.00015365,0.00015488,0.00015107,0.00015478,1401595388.0
2024-08-26 10:00:00,0.00015478,0.00015538,0.00015332,0.00015359,781464992.0
2024-08-26 11:00:00,0.00015359,0.00015682,0.00015308,0.00015349,1151776709.0
2024-08-26 12:00:00,0.00015349,0.0001541,0.00014975,0.00015052,3025562684.0
2024-08-26 13:00:00,0.00015052,0.00015564,0.00014922,0.00015286,3475295813.0
2024-08-26 14:00:00,0.00015286,0.00015447,0.00015091,0.00015265,2655745500.0
2024-08-26 15:00:00,0.00015265,0.00015265,0.0001496,0.00015084,1613581964.0
2024-08-26 16:00:00,0.00015084,0.0001542,0.00014866,0.00015292,2114748044.0
2024-08-26 17:00:00,0.00015292,0.00015418,0.00014904,0.00014912,1455223499.0
2024-08-26 18:00:00,0.00014912,0.00015176,0.00014712,0.00014982,2712400040.0
2024-08-26 19:00:00,0.00014982,0.00015048,0.0001473,0.00014772,1221358007.0
2024-08-26 20:00:00,0.00014772,0.00014983,0.00014641,0.00014947,1526672655.0
2024-08-26 21:00:00,0.00014947,0.00014971,0.00014694,0.00014875,757986485.0
2024-08-26 22:00:00,0.00014875,0.0001492,0.00014741,0.00014865,436077820.0
2024-08-26 23:00:00,0.00014865,0.00015075,0.00014764,0.00014802,395284593.0
2024-08-27 00:00:00,0.00014802,0.00015072,0.00014781,0.00014947,854381639.0
2024-08-27 01:00:00,0.00014947,0.0001528,0.00014909,0.00015185,4246256749.0
2024-08-27 02:00:00,0.00015185,0.00015372,0.00015163,0.00015231,1080918213.0
2024-08-27 03:00:00,0.00015231,0.00015382,0.00015181,0.00015271,522602002.0
2024-08-27 04:00:00,0.00015271,0.00015358,0.00015188,0.00015251,1185188794.0
2024-08-27 05:00:00,0.00015251,0.00015728,0.00015215,0.00015701,5393850487.0
2024-08-27 06:00:00,0.00015701,0.00015723,0.00015388,0.00015513,3528072569.0
2024-08-27 07:00:00,0.00015513,0.00015894,0.00015493,0.00015585,13728870841.0
2024-08-27 08:00:00,0.00015585,0.00015727,0.00015434,0.00015703,2596333688.0
2024-08-27 09:00:00,0.00015703,0.00016217,0.00015549,0.000159,8563932317.0
2024-08-27 10:00:00,0.000159,0.00015904,0.00015111,0.00015148,5907515887.0
2024-08-27 11:00:00,0.00015148,0.00015387,0.00015098,0.00015344,1632296550.0
2024-08-27 12:00:00,0.00015344,0.00015344,0.00014852,0.00015273,3979297491.0
2024-08-27 13:00:00,0.00015273,0.00015744,0.0001518,0.0001547,4249292744.0
2024-08-27 14:00:00,0.0001547,0.00015967,0.00015263,0.00015899,5558522723.0
2024-08-27 15:00:00,0.00015899,0.00015976,0.00015499,0.00015596,7015298434.0
2024-08-27 16:00:00,0.00015596,0.00015644,0.00015274,0.00015289,4751818144.0
2024-08-27 17:00:00,0.00015289,0.00015684,0.00015238,0.00015684,1918258711.0
2024-08-27 18:00:00,0.00015684,0.0001587,0.00015554,0.00015823,1403229221.0
2024-08-27 19:00:00,0.00015823,0.00015867,0.00015652,0.00015724,1419577790.0
2024-08-27 20:00:00,0.00015724,0.00015796,0.00015581,0.00015621,1456702937.0
2024-08-27 21:00:00,0.00015621,0.00015693,0.00015035,0.00015145,5690617986.0
2024-08-27 22:00:00,0.00015145,0.00015145,0.00014533,0.0001477,8957200749.0
2024-08-27 23:00:00,0.0001477,0.00014818,0.00014509,0.00014644,1870258444.0
2024-08-28 00:00:00,0.00014644,0.00014666,0.00014267,0.00014279,2947926010.0
2024-08-28 01:00:00,0.00014279,0.00014616,0.00014073,0.00014572,5135671435.0
2024-08-28 02:00:00,0.00014572,0.00014619,0.00014161,0.00014317,2583488731.0
2024-08-28 03:00:00,0.00014317,0.00015028,0.00014263,0.00014998,2261927841.0
2024-08-28 04:00:00,0.00014998,0.0001543,0.00014941,0.00015231,6220856811.0
2024-08-28 05:00:00,0.00015231,0.00015381,0.00015105,0.00015239,2586789495.0
2024-08-28 06:00:00,0.00015239,0.00015281,0.0001508,0.00015083,2526654085.0
2024-08-28 07:00:00,0.00015083,0.00015166,0.00014728,0.00014774,2913646291.0
2024-08-28 08:00:00,0.00014774,0.00015316,0.00014631,0.00015212,4136437626.0
2024-08-28 09:00:00,0.00015212,0.00015878,0.00015202,0.00015795,3225212702.0
2024-08-28 10:00:00,0.00015795,0.00015883,0.0001556,0.00015562,2458872069.0
2024-08-28 11:00:00,0.00015562,0.00015622,0.00015356,0.0001553,1519979086.0
2024-08-28 12:00:00,0.0001553,0.00015827,0.00015459,0.00015764,2886187510.0
2024-08-28 13:00:00,0.00015764,0.0001594,0.00015496,0.0001552,7641836522.0
2024-08-28 14:00:00,0.0001552,0.00015922,0.00015487,0.00015758,5117445931.0
2024-08-28 15:00:00,0.00015758,0.00015779,0.00015243,0.00015475,5141752886.0
2024-08-28 16:00:00,0.00015475,0.00015607,0.00014931,0.0001559,12664991461.0
2024-08-28 17:00:00,0.0001559,0.00015687,0.00015319,0.00015427,4368661865.0
2024-08-28 18:00:00,0.00015427,0.00015834,0.00015238,0.00015824,5365578529.0
2024-08-28 19:00:00,0.00015824,0.00015885,0.00015427,0.00015465,5061445600.0
2024-08-28 20:00:00,0.00015465,0.00015829,0.00015435,0.00015664,2028414680.0
2024-08-28 21:00:00,0.00015664,0.00015738,0.00015363,0.00015368,2015454228.0
2024-08-28 22:00:00,0.00015368,0.0001551,0.00015104,0.00015356,4722534485.0
2024-08-28 23:00:00,0.00015356,0.00015491,0.00015291,0.00015482,883683381.0
2024-08-29 00:00:00,0.00015482,0.00015726,0.00015325,0.00015601,4152299250.0
2024-08-29 01:00:00,0.00015601,0.00015706,0.00015484,0.0001551,2182546896.0
2024-08-29 02:00:00,0.0001551,0.00015595,0.00015164,0.0001528,4409372296.0
2024-08-29 03:00:00,0.0001528,0.0001534,0.0001516,0.00015177,1060395099.0
2024-08-29 04:00:00,0.00015177,0.00015266,0.00014915,0.00015169,3143491838.0
2024-08-29 05:00:00,0.00015169,0.00015343,0.00015105,0.00015311,1013996454.0
2024-08-29 06:00:00,0.00015311,0.00015683,0.000153,0.00015565,1973862914.0
2024-08-29 07:00:00,0.00015565,0.00015696,0.00015545,0.00015677,677646364.0
2024-08-29 08:00:00,0.00015677,0.00015677,0.00015443,0.00015482,2470324668.0
2024-08-29 09:00:00,0.00015482,0.00015754,0.0001545,0.00015548,3288392423.0
2024-08-29 10:00:00,0.00015548,0.00015659,0.00015482,0.00015621,1108045798.0
2024-08-29 11:00:00,0.00015621,0.00015837,0.00015562,0.00015639,2896535509.0
2024-08-29 12:00:00,0.00015639,0.00015667,0.00015177,0.00015177,7231007326.0
2024-08-29 13:00:00,0.00015177,0.00015267,0.00014954,0.0001518,5737286171.0
2024-08-29 14:00:00,0.0001518,0.00015368,0.00015064,0.00015245,3392250881.0
2024-08-29 15:00:00,0.00015245,0.00015526,0.00015175,0.00015346,4542158805.0
2024-08-29 16:00:00,0.00015346,0.00015438,0.0001461,0.00014651,21793289362.0
2024-08-29 17:00:00,0.00014651,0.00014795,0.00014576,0.00014625,4484600140.0
2024-08-29 18:00:00,0.00014625,0.0001463,0.00014217,0.00014278,6394226313.0
2024-08-29 19:00:00,0.00014278,0.00014335,0.00013368,0.00013616,14427250727.0
2024-08-29 20:00:00,0.00013616,0.00013857,0.00013481,0.00013744,11498486820.0
2024-08-29 21:00:00,0.00013744,0.0001396,0.00013715,0.00013824,6802433527.0
2024-08-29 22:00:00,0.00013824,0.00013827,0.0001347,0.0001354,6588081976.0
2024-08-29 23:00:00,0.0001354,0.00013777,0.00013311,0.00013377,15843229956.0
2024-08-30 00:00:00,0.00013377,0.00013428,0.00012841,0.00012859,21615735610.0
2024-08-30 01:00:00,0.00012859,0.00012933,0.00012574,0.00012805,10945331052.0
2024-08-30 02:00:00,0.00012805,0.00012944,0.00012659,0.0001267,3287007482.0
2024-08-30 03:00:00,0.0001267,0.00012835,0.00012605,0.00012687,6034732299.0
2024-08-30 04:00:00,0.00012687,0.0001291,0.00012687,0.00012855,1195561779.0
2024-08-30 05:00:00,0.00012855,0.00012954,0.0001273,0.00012864,3269094260.0
2024-08-30 06:00:00,0.00012864,0.00012893,0.00012742,0.0001287,2642350040.0
2024-08-30 07:00:00,0.0001287,0.00012985,0.00012749,0.00012795,5577822303.0
2024-08-30 08:00:00,0.00012795,0.00012855,0.00012683,0.0001277,2182215467.0
2024-08-30 09:00:00,0.0001277,0.00012814,0.00012634,0.00012641,1720015662.0
2024-08-30 10:00:00,0.00012641,0.00012743,0.00012506,0.00012705,3591256926.0
2024-08-30 11:00:00,0.00012705,0.00012729,0.00012501,0.00012562,3558198828.0
2024-08-30 12:00:00,0.00012562,0.0001284,0.0001254,0.00012715,4981586331.0
2024-08-30 13:00:00,0.00012715,0.00012788,0.0001245,0.00012684,3187485088.0
2024-08-30 14:00:00,0.00012684,0.00012778,0.00012373,0.00012411,3883377627.0
2024-08-30 15:00:00,0.00012411,0.00012485,0.0001214,0.00012242,5957228284.0
2024-08-30 16:00:00,0.00012242,0.00012498,0.00012173,0.00012448,2258216327.0
2024-08-30 17:00:00,0.00012448,0.0001256,0.00012414,0.00012489,1370103874.0
2024-08-30 18:00:00,0.00012489,0.0001275,0.0001242,0.00012711,1970752135.0
2024-08-30 19:00:00,0.00012711,0.00012711,0.00012557,0.00012589,1226732777.0
2024-08-30 20:00:00,0.00012589,0.00012709,0.00012566,0.00012667,901884365.0
2024-08-30 21:00:00,0.00012667,0.00012736,0.00012634,0.00012636,485118583.0
2024-08-30 22:00:00,0.00012636,0.00012784,0.00012634,0.00012733,2100323137.0
2024-08-30 23:00:00,0.00012733,0.00012814,0.00012691,0.00012691,626710705.0
2024-08-31 00:00:00,0.00012691,0.0001306,0.00012667,0.00013047,2380754811.0
2024-08-31 01:00:00,0.00013047,0.00013078,0.00012847,0.00012847,1307867383.0
2024-08-31 02:00:00,0.00012847,0.00012962,0.00012847,0.00012888,999545966.0
2024-08-31 03:00:00,0.00012888,0.00012915,0.00012774,0.00012794,777845667.0
2024-08-31 04:00:00,0.00012794,0.00012991,0.00012754,0.00012945,1151110103.0
2024-08-31 05:00:00,0.00012945,0.00012968,0.00012766,0.00012815,1056759440.0
2024-08-31 06:00:00,0.00012815,0.00012875,0.00012772,0.00012784,828366809.0
2024-08-31 07:00:00,0.00012784,0.00012884,0.00012717,0.00012832,1580249845.0
2024-08-31 08:00:00,0.00012832,0.00012906,0.00012748,0.00012751,1356325734.0
2024-08-31 09:00:00,0.00012751,0.00012803,0.00012692,0.00012775,966309074.0
2024-08-31 10:00:00,0.00012775,0.00012921,0.00012775,0.00012849,1313388901.0
2024-08-31 11:00:00,0.00012849,0.00012899,0.00012745,0.00012766,2343276985.0
2024-08-31 12:00:00,0.00012766,0.00012809,0.00012737,0.00012748,920368986.0
2024-08-31 13:00:00,0.00012748,0.00012792,0.00012609,0.0001262,832291799.0
2024-08-31 14:00:00,0.0001262,0.00012699,0.00012579,0.00012635,662111624.0
2024-08-31 15:00:00,0.00012635,0.00012695,0.00012614,0.00012673,424125818.0
2024-08-31 16:00:00,0.00012673,0.00012673,0.0001249,0.00012539,524712370.0
2024-08-31 17:00:00,0.00012539,0.0001259,0.00012443,0.0001252,576218365.0
2024-08-31 18:00:00,0.0001252,0.00012614,0.0001247,0.0001249,718575941.0
2024-08-31 19:00:00,0.0001249,0.00012507,0.00012429,0.00012441,297706245.0
2024-08-31 20:00:00,0.00012441,0.00012537,0.00012398,0.0001249,266018209.0
2024-08-31 21:00:00,0.0001249,0.00012584,0.00012471,0.0001257,340549046.0
2024-08-31 22:00:00,0.0001257,0.00012571,0.00012501,0.00012512,205247478.0
2024-08-31 23:00:00,0.00012512,0.00012542,0.00012445,0.00012495,222922851.0
2024-09-01 00:00:00,0.00012495,0.00012545,0.00012436,0.00012518,226928561.0
2024-09-01 01:00:00,0.00012518,0.00012555,0.00012374,0.00012384,355126598.0
2024-09-01 02:00:00,0.00012384,0.00012454,0.00012329,0.00012454,1115548346.0
2024-09-01 03:00:00,0.00012454,0.00012527,0.00012436,0.00012513,314788368.0
2024-09-01 04:00:00,0.00012513,0.00012543,0.00012444,0.00012467,1924911439.0
2024-09-01 05:00:00,0.00012467,0.00012481,0.00012236,0.00012254,1205509435.0
2024-09-01 06:00:00,0.00012254,0.00012451,0.00012253,0.00012432,373686333.0
2024-09-01 07:00:00,0.00012432,0.00012551,0.00012398,0.00012528,594557927.0
2024-09-01 08:00:00,0.00012528,0.00012573,0.0001247,0.00012481,346675602.0
2024-09-01 09:00:00,0.00012481,0.00012484,0.00012387,0.00012402,503718036.0
2024-09-01 10:00:00,0.00012402,0.00012429,0.000123,0.00012309,612036143.0
2024-09-01 11:00:00,0.00012309,0.00012408,0.00012287,0.00012405,415179866.0
2024-09-01 12:00:00,0.00012405,0.00012423,0.00012194,0.00012199,1533954894.0
2024-09-01 13:00:00,0.00012199,0.00012295,0.00012019,0.00012132,1500919975.0
2024-09-01 14:00:00,0.00012132,0.00012174,0.00011857,0.00012121,2352495304.0
2024-09-01 15:00:00,0.00012121,0.00012334,0.00012024,0.00012278,2270340438.0
2024-09-01 16:00:00,0.00012278,0.00012362,0.00012136,0.00012171,853457846.0
2024-09-01 17:00:00,0.00012171,0.00012235,0.00012006,0.00012058,443011683.0
2024-09-01 18:00:00,0.00012058,0.00012332,0.00012027,0.00012238,572562423.0
2024-09-01 19:00:00,0.00012238,0.00012345,0.00012154,0.00012235,533582255.0
2024-09-01 20:00:00,0.00012235,0.00012363,0.00012226,0.00012267,382234452.0
2024-09-01 21:00:00,0.00012267,0.0001227,0.00012067,0.00012135,449149400.0
2024-09-01 22:00:00,0.00012135,0.00012145,0.00011458,0.00011528,6000658883.0
2024-09-01 23:00:00,0.00011528,0.00011694,0.00011517,0.00011644,2261531064.0
2024-09-02 00:00:00,0.00011644,0.00011748,0.00011574,0.00011742,1287199476.0
2024-09-02 01:00:00,0.00011742,0.00011839,0.00011687,0.00011761,1312155387.0
2024-09-02 02:00:00,0.00011761,0.00011862,0.00011691,0.00011717,935631809.0
2024-09-02 03:00:00,0.00011717,0.00011808,0.00011709,0.00011808,613455721.0
2024-09-02 04:00:00,0.00011808,0.0001183,0.00011618,0.00011623,543531291.0
2024-09-02 05:00:00,0.00011623,0.0001184,0.00011623,0.00011757,610208655.0
2024-09-02 06:00:00,0.00011757,0.00011824,0.00011701,0.00011709,768881784.0
2024-09-02 07:00:00,0.00011709,0.00011749,0.00011509,0.00011555,430641450.0
2024-09-02 08:00:00,0.00011555,0.00011882,0.00011506,0.00011823,2453706705.0
2024-09-02 09:00:00,0.00011823,0.00011977,0.00011725,0.00011955,948180286.0
2024-09-02 10:00:00,0.00011955,0.00012046,0.00011889,0.0001197,1012620240.0
2024-09-02 11:00:00,0.0001197,0.00011991,0.00011866,0.00011884,622037596.0
2024-09-02 12:00:00,0.00011884,0.00011977,0.00011838,0.00011868,380519554.0
2024-09-02 13:00:00,0.00011868,0.00011923,0.00011738,0.00011744,473965593.0
2024-09-02 14:00:00,0.00011744,0.00012008,0.00011648,0.00011968,1060715147.0
2024-09-02 15:00:00,0.00011968,0.0001202,0.00011908,0.00011908,507938926.0
2024-09-02 16:00:00,0.00011908,0.00012029,0.00011886,0.00011899,207738423.0
2024-09-02 17:00:00,0.00011899,0.0001205,0.0001189,0.00012015,343193846.0
2024-09-02 18:00:00,0.00012015,0.00012075,0.00011911,0.00011976,302163512.0
2024-09-02 19:00:00,0.00011976,0.00012011,0.0001193,0.00011944,420825660.0
2024-09-02 20:00:00,0.00011944,0.00012267,0.00011915,0.00012226,3006627253.0
2024-09-02 21:00:00,0.00012226,0.00012313,0.00012067,0.00012137,1018378165.0
2024-09-02 22:00:00,0.00012137,0.00012209,0.00012098,0.00012174,680643627.0
2024-09-02 23:00:00,0.00012174,0.00012201,0.00012133,0.00012143,1065703664.0
2024-09-03 00:00:00,0.00012143,0.0001218,0.0001209,0.0001218,893098683.0
2024-09-03 01:00:00,0.0001218,0.00012238,0.00012122,0.00012226,266600337.0
2024-09-03 02:00:00,0.00012226,0.00012633,0.00012219,0.00012448,2012600964.0
2024-09-03 03:00:00,0.00012448,0.00012703,0.00012421,0.00012677,687927940.0
2024-09-03 04:00:00,0.00012677,0.00012677,0.00012484,0.0001254,617087652.0
2024-09-03 05:00:00,0.0001254,0.00012792,0.00012466,0.00012721,2750508071.0
2024-09-03 06:00:00,0.00012721,0.00012721,0.00012478,0.00012491,836338290.0
2024-09-03 07:00:00,0.00012491,0.00012614,0.00012489,0.00012549,904046429.0
2024-09-03 08:00:00,0.00012549,0.00012597,0.00012336,0.00012358,2538015043.0
2024-09-03 09:00:00,0.00012358,0.00012399,0.00012284,0.00012303,671409362.0
2024-09-03 10:00:00,0.00012303,0.00012387,0.00012251,0.00012308,785084902.0
2024-09-03 11:00:00,0.00012308,0.00012405,0.00012292,0.00012335,946604027.0
2024-09-03 12:00:00,0.00012335,0.00012462,0.00012335,0.0001235,938154408.0
2024-09-03 13:00:00,0.0001235,0.00012407,0.00011962,0.00012012,3483250008.0
2024-09-03 14:00:00,0.00012012,0.00012021,0.00011862,0.00011925,926965748.0
2024-09-03 15:00:00,0.00011925,0.00012,0.00011819,0.00011841,693182719.0
2024-09-03 16:00:00,0.00011841,0.00011942,0.00011778,0.00011903,637696760.0
2024-09-03 17:00:00,0.00011903,0.00012158,0.00011898,0.00012072,1092208253.0
2024-09-03 18:00:00,0.00012072,0.00012072,0.0001195,0.00011981,4012117105.0
2024-09-03 19:00:00,0.00011981,0.00012083,0.00011943,0.00011987,271191135.0
2024-09-03 20:00:00,0.00011987,0.00012069,0.00011969,0.00012065,325478842.0
2024-09-03 21:00:00,0.00012065,0.00012079,0.00011968,0.00012013,259274866.0
2024-09-03 22:00:00,0.00012013,0.00012019,0.00011942,0.00011948,458240140.0
2024-09-03 23:00:00,0.00011948,0.00011956,0.00011837,0.00011875,522511082.0
2024-09-04 00:00:00,0.00011875,0.00012108,0.00011811,0.00011831,1381030092.0
2024-09-04 01:00:00,0.00011831,0.00012035,0.00011308,0.00011981,4994151191.0
2024-09-04 02:00:00,0.00011981,0.00012078,0.00011901,0.00012007,503075662.0
2024-09-04 03:00:00,0.00012007,0.00012205,0.00011977,0.00012179,2807693501.0
2024-09-04 04:00:00,0.00012179,0.0001228,0.00012076,0.00012194,1038316118.0
2024-09-04 05:00:00,0.00012194,0.00012194,0.00011942,0.0001196,1434372933.0
2024-09-04 06:00:00,0.0001196,0.00012064,0.00011948,0.00011976,1402718133.0
2024-09-04 07:00:00,0.00011976,0.0001213,0.00011945,0.00011992,275160309.0
2024-09-04 08:00:00,0.00011992,0.00012025,0.00011905,0.00011939,784992166.0
2024-09-04 09:00:00,0.00011939,0.00011995,0.00011861,0.00011869,310758852.0
2024-09-04 10:00:00,0.00011869,0.00011926,0.00011739,0.00011739,534092027.0
2024-09-04 11:00:00,0.00011739,0.00011839,0.00011716,0.00011771,415798843.0
2024-09-04 12:00:00,0.00011771,0.00011875,0.0001172,0.00011741,535828853.0
2024-09-04 13:00:00,0.00011741,0.00011789,0.00011651,0.00011768,630688568.0
2024-09-04 14:00:00,0.00011768,0.00012246,0.00011711,0.00012115,2271502342.0
2024-09-04 15:00:00,0.00012115,0.00012273,0.00012049,0.00012256,2320095165.0
2024-09-04 16:00:00,0.00012256,0.0001246,0.00012251,0.00012347,2220550745.0
2024-09-04 17:00:00,0.00012347,0.00012355,0.00012156,0.00012156,714601722.0
2024-09-04 18:00:00,0.00012156,0.00012195,0.00012011,0.00012024,685624862.0
2024-09-04 19:00:00,0.00012024,0.00012103,0.00012014,0.00012086,279915398.0
2024-09-04 20:00:00,0.00012086,0.00012165,0.00012012,0.00012157,516827018.0
2024-09-04 21:00:00,0.00012157,0.00012174,0.00012076,0.00012148,278862605.0
2024-09-04 22:00:00,0.00012148,0.00012236,0.00012126,0.00012203,337898868.0
2024-09-04 23:00:00,0.00012203,0.00012281,0.00012157,0.00012213,279864264.0
2024-09-05 00:00:00,0.00012213,0.00012403,0.00012167,0.00012268,1141874923.0
2024-09-05 01:00:00,0.00012268,0.00012439,0.00012249,0.00012362,763298648.0
2024-09-05 02:00:00,0.00012362,0.00012399,0.00012268,0.00012283,430073206.0
2024-09-05 03:00:00,0.00012283,0.00012291,0.00012059,0.00012123,799683329.0
2024-09-05 04:00:00,0.00012123,0.00012211,0.0001207,0.00012174,912771199.0
2024-09-05 05:00:00,0.00012174,0.00012242,0.00012111,0.00012234,423782536.0
2024-09-05 06:00:00,0.00012234,0.00012283,0.00012076,0.00012177,583855130.0
2024-09-05 07:00:00,0.00012177,0.00012445,0.00012157,0.00012296,2847075885.0
2024-09-05 08:00:00,0.00012296,0.00012379,0.00012231,0.00012337,1038536815.0
2024-09-05 09:00:00,0.00012337,0.00012357,0.00012149,0.00012199,3693530468.0
2024-09-05 10:00:00,0.00012199,0.00012299,0.00012185,0.00012242,656421895.0
2024-09-05 11:00:00,0.00012242,0.00012273,0.0001216,0.0001217,461022172.0
2024-09-05 12:00:00,0.0001217,0.00012242,0.00012083,0.0001218,817377935.0
2024-09-05 13:00:00,0.0001218,0.00012335,0.00012143,0.00012285,834197283.0
2024-09-05 14:00:00,0.00012285,0.0001237,0.00012002,0.00012015,1502157311.0
2024-09-05 15:00:00,0.00012015,0.00012054,0.00011769,0.00011856,3116495239.0
2024-09-05 16:00:00,0.00011856,0.00011945,0.00011805,0.00011877,488345858.0
2024-09-05 17:00:00,0.00011877,0.00012072,0.00011845,0.00012044,648247821.0
2024-09-05 18:00:00,0.00012044,0.00012062,0.00011989,0.0001202,604985362.0
2024-09-05 19:00:00,0.0001202,0.00012043,0.00011806,0.0001184,1003534091.0
2024-09-05 20:00:00,0.0001184,0.00011937,0.00011817,0.00011872,727111744.0
2024-09-05 21:00:00,0.00011872,0.00011974,0.00011856,0.00011919,547094509.0
2024-09-05 22:00:00,0.00011919,0.00011989,0.00011844,0.00011969,345813456.0
2024-09-05 23:00:00,0.00011969,0.00011975,0.00011882,0.00011893,291867924.0
2024-09-06 00:00:00,0.00011893,0.0001194,0.00011775,0.00011856,1922670691.0
2024-09-06 01:00:00,0.00011856,0.00011993,0.00011773,0.0001194,792326239.0
2024-09-06 02:00:00,0.0001194,0.00012086,0.00011917,0.00012055,653287918.0
2024-09-06 03:00:00,0.00012055,0.00012089,0.00012002,0.00012008,350839694.0
2024-09-06 04:00:00,0.00012008,0.00012074,0.00011968,0.00011993,448528947.0
2024-09-06 05:00:00,0.00011993,0.00012017,0.00011901,0.00011956,563990911.0
2024-09-06 06:00:00,0.00011956,0.00012007,0.00011902,0.00012003,355806641.0
2024-09-06 07:00:00,0.00012003,0.00012014,0.00011728,0.00011841,1577389155.0
2024-09-06 08:00:00,0.00011841,0.00011915,0.00011809,0.00011852,319212202.0
2024-09-06 09:00:00,0.00011852,0.00011999,0.00011813,0.00011991,554394899.0
2024-09-06 10:00:00,0.00011991,0.00012116,0.00011971,0.00012018,1947405618.0
2024-09-06 11:00:00,0.00012018,0.00012054,0.00011987,0.00012017,386384461.0
2024-09-06 12:00:00,0.00012017,0.00012293,0.00011944,0.00012269,2655536132.0
2024-09-06 13:00:00,0.00012269,0.00012277,0.00011902,0.00011928,1245862534.0
2024-09-06 14:00:00,0.00011928,0.00011928,0.00011691,0.0001184,1256251801.0
2024-09-06 15:00:00,0.0001184,0.00011917,0.00011643,0.0001182,1607048738.0
2024-09-06 16:00:00,0.0001182,0.00011827,0.00011578,0.00011643,2514915341.0
2024-09-06 17:00:00,0.00011643,0.00011803,0.0001157,0.00011696,567250011.0
2024-09-06 18:00:00,0.00011696,0.00011711,0.000115,0.00011501,588761686.0
2024-09-06 19:00:00,0.00011501,0.00011614,0.00011411,0.00011533,959044518.0
2024-09-06 20:00:00,0.00011533,0.00011611,0.00011152,0.0001119,1369768909.0
2024-09-06 21:00:00,0.0001119,0.00011488,0.00011099,0.00011488,6209798465.0
2024-09-06 22:00:00,0.00011488,0.00011586,0.00011442,0.00011505,252959401.0
2024-09-06 23:00:00,0.00011505,0.00011549,0.00011485,0.00011524,225873315.0
2024-09-07 00:00:00,0.00011524,0.00011721,0.0001151,0.00011597,2032522837.0
2024-09-07 01:00:00,0.00011597,0.00011621,0.00011536,0.00011599,667369449.0
2024-09-07 02:00:00,0.00011599,0.00011782,0.00011571,0.00011751,887865958.0
2024-09-07 03:00:00,0.00011751,0.00011879,0.00011694,0.00011696,1685997408.0
2024-09-07 04:00:00,0.00011696,0.00011787,0.00011677,0.00011787,262317419.0
2024-09-07 05:00:00,0.00011787,0.00011904,0.00011756,0.00011791,288497459.0
2024-09-07 06:00:00,0.00011791,0.00011883,0.00011783,0.00011861,259112489.0
2024-09-07 07:00:00,0.00011861,0.00011977,0.00011852,0.00011887,538778408.0
2024-09-07 08:00:00,0.00011887,0.0001193,0.00011827,0.00011908,366057258.0
2024-09-07 09:00:00,0.00011908,0.00011922,0.00011792,0.00011805,1136903992.0
2024-09-07 10:00:00,0.00011805,0.00011864,0.00011798,0.00011837,1133999393.0
2024-09-07 11:00:00,0.00011837,0.00011919,0.00011837,0.00011856,406609598.0
2024-09-07 12:00:00,0.00011856,0.00011943,0.00011856,0.0001192,431350637.0
2024-09-07 13:00:00,0.0001192,0.00011957,0.00011876,0.00011906,542318021.0
2024-09-07 14:00:00,0.00011906,0.00011949,0.00011868,0.00011938,934784051.0
2024-09-07 15:00:00,0.00011938,0.00012081,0.00011931,0.00011994,1438891786.0
2024-09-07 16:00:00,0.00011994,0.00012025,0.00011871,0.00011877,553940615.0
2024-09-07 17:00:00,0.00011877,0.00011913,0.00011758,0.00011799,5700437870.0
2024-09-07 18:00:00,0.00011799,0.00011902,0.00011758,0.00011876,1021218834.0
2024-09-07 19:00:00,0.00011876,0.00011971,0.00011872,0.00011938,872299433.0
2024-09-07 20:00:00,0.00011938,0.00011941,0.00011859,0.00011863,253184178.0
2024-09-07 21:00:00,0.00011863,0.00011875,0.00011783,0.000118,256048394.0
2024-09-07 22:00:00,0.000118,0.00011834,0.00011708,0.00011723,570803372.0
2024-09-07 23:00:00,0.00011723,0.00011843,0.00011682,0.0001184,701644820.0
2024-09-08 00:00:00,0.0001184,0.00011841,0.00011744,0.00011812,739001720.0
2024-09-08 01:00:00,0.00011812,0.00011908,0.00011812,0.00011864,579013244.0
2024-09-08 02:00:00,0.00011864,0.00011925,0.00011864,0.00011894,448174289.0
2024-09-08 03:00:00,0.00011894,0.00011931,0.00011869,0.00011912,321200495.0
2024-09-08 04:00:00,0.00011912,0.00012015,0.00011905,0.00012003,812711636.0
2024-09-08 05:00:00,0.00012003,0.00012121,0.00011965,0.00012048,537821734.0
2024-09-08 06:00:00,0.00012048,0.00012075,0.00012009,0.00012049,557507086.0
2024-09-08 07:00:00,0.00012049,0.00012384,0.00012045,0.0001225,9916474203.0
2024-09-08 08:00:00,0.0001225,0.0001225,0.00012156,0.00012199,781433515.0
2024-09-08 09:00:00,0.00012199,0.00012459,0.00012195,0.00012459,6839250452.0
2024-09-08 10:00:00,0.00012459,0.00012523,0.00012392,0.00012421,2040514980.0
2024-09-08 11:00:00,0.00012421,0.00012439,0.00012318,0.00012318,1133919311.0
2024-09-08 12:00:00,0.00012318,0.00012407,0.00012252,0.00012291,1306651771.0
2024-09-08 13:00:00,0.00012291,0.00012322,0.00012166,0.00012233,1671285599.0
2024-09-08 14:00:00,0.00012233,0.00012267,0.00012153,0.0001218,1495223060.0
2024-09-08 15:00:00,0.0001218,0.0001222,0.00012028,0.00012036,4081951191.0
2024-09-08 16:00:00,0.00012036,0.00012215,0.00012003,0.00012151,664532109.0
2024-09-08 17:00:00,0.00012151,0.00012385,0.00012151,0.0001237,554943472.0
2024-09-08 18:00:00,0.0001237,0.00012377,0.00012283,0.00012307,473317362.0
2024-09-08 19:00:00,0.00012307,0.00012332,0.00012221,0.00012221,656130370.0
2024-09-08 20:00:00,0.00012221,0.00012264,0.00012149,0.00012198,1229328461.0
2024-09-08 21:00:00,0.00012198,0.00012376,0.00012195,0.00012327,253560152.0
2024-09-08 22:00:00,0.00012327,0.00012493,0.00012245,0.00012245,1873666941.0
2024-09-08 23:00:00,0.00012245,0.00012368,0.00012233,0.00012335,690631117.0
2024-09-09 00:00:00,0.00012335,0.00012445,0.00012274,0.00012377,733576849.0
2024-09-09 01:00:00,0.00012377,0.00012457,0.00012252,0.00012355,293758756.0
2024-09-09 02:00:00,0.00012355,0.00012355,0.00012229,0.00012249,336798495.0
2024-09-09 03:00:00,0.00012249,0.00012266,0.0001213,0.0001222,581672585.0
2024-09-09 04:00:00,0.0001222,0.00012288,0.00012209,0.00012246,463950970.0
2024-09-09 05:00:00,0.00012246,0.00012284,0.0001213,0.0001218,825767326.0
2024-09-09 06:00:00,0.0001218,0.00012247,0.00012164,0.00012227,737373060.0
2024-09-09 07:00:00,0.00012227,0.0001235,0.00012181,0.00012347,567292092.0
2024-09-09 08:00:00,0.00012347,0.00012412,0.00012329,0.00012407,402534316.0
2024-09-09 09:00:00,0.00012407,0.00012501,0.00012364,0.00012368,11525668102.0
2024-09-09 10:00:00,0.00012368,0.00012441,0.0001233,0.00012384,603934325.0
2024-09-09 11:00:00,0.00012384,0.000124,0.00012338,0.00012339,583199163.0
2024-09-09 12:00:00,0.00012339,0.00012478,0.00012264,0.00012423,1866572063.0
2024-09-09 13:00:00,0.00012423,0.00012497,0.00012359,0.0001244,979361173.0
2024-09-09 14:00:00,0.0001244,0.00012471,0.00012186,0.0001225,738278413.0
2024-09-09 15:00:00,0.0001225,0.00012442,0.0001225,0.0001241,569045275.0
2024-09-09 16:00:00,0.0001241,0.00012722,0.00012398,0.00012666,2107867198.0
2024-09-09 17:00:00,0.00012666,0.00012746,0.00012602,0.00012667,713593472.0
2024-09-09 18:00:00,0.00012667,0.00012857,0.00012667,0.00012786,944026248.0
2024-09-09 19:00:00,0.00012786,0.000129,0.00012771,0.00012878,670017126.0
2024-09-09 20:00:00,0.00012878,0.00012909,0.00012772,0.00012861,1031539649.0
2024-09-09 21:00:00,0.00012861,0.00013119,0.00012851,0.00012986,2204706826.0
2024-09-09 22:00:00,0.00012986,0.00013014,0.00012827,0.0001287,1006996924.0
2024-09-09 23:00:00,0.0001287,0.00012913,0.00012812,0.00012837,631971690.0
2024-09-10 00:00:00,0.00012837,0.00012842,0.00012709,0.00012759,507004357.0
2024-09-10 01:00:00,0.00012759,0.00012762,0.00012586,0.00012644,1081467950.0
2024-09-10 02:00:00,0.00012644,0.00012645,0.00012573,0.00012621,877941162.0
2024-09-10 03:00:00,0.00012621,0.00012639,0.00012541,0.00012541,307476077.0
2024-09-10 04:00:00,0.00012541,0.00012619,0.00012533,0.00012605,448574622.0
2024-09-10 05:00:00,0.00012605,0.00012752,0.0001259,0.00012752,1176085243.0
2024-09-10 06:00:00,0.00012752,0.00012754,0.00012633,0.00012677,316894980.0
2024-09-10 07:00:00,0.00012677,0.0001288,0.00012636,0.00012783,784975376.0
2024-09-10 08:00:00,0.00012783,0.00012904,0.00012759,0.00012782,484558166.0
2024-09-10 09:00:00,0.00012782,0.0001286,0.00012702,0.00012801,2273450629.0
2024-09-10 10:00:00,0.00012801,0.00012829,0.00012732,0.00012796,995109891.0
2024-09-10 11:00:00,0.00012796,0.00012813,0.00012702,0.00012794,1417896770.0
2024-09-10 12:00:00,0.00012794,0.00012849,0.00012706,0.00012711,774705831.0
2024-09-10 13:00:00,0.00012711,0.00012718,0.00012601,0.00012666,770848933.0
2024-09-10 14:00:00,0.00012666,0.00012752,0.00012591,0.0001267,329284337.0
2024-09-10 15:00:00,0.0001267,0.0001277,0.00012638,0.00012641,1168060203.0
2024-09-10 16:00:00,0.00012641,0.00012681,0.00012599,0.0001263,304230174.0
2024-09-10 17:00:00,0.0001263,0.00012786,0.00012628,0.00012729,489690732.0
2024-09-10 18:00:00,0.00012729,0.00012923,0.00012729,0.00012799,6617941092.0
2024-09-10 19:00:00,0.00012799,0.00012852,0.00012716,0.00012815,549970828.0
2024-09-10 20:00:00,0.00012815,0.00012851,0.00012739,0.00012739,468336953.0
2024-09-10 21:00:00,0.00012739,0.00012787,0.00012687,0.00012693,152238105.0
2024-09-10 22:00:00,0.00012693,0.00012784,0.00012681,0.00012771,342055982.0
2024-09-10 23:00:00,0.00012771,0.00012824,0.00012722,0.00012729,563087329.0
2024-09-11 00:00:00,0.00012729,0.00012745,0.00012633,0.00012665,159713183.0
2024-09-11 01:00:00,0.00012665,0.00012672,0.00012343,0.00012422,1029823159.0
2024-09-11 02:00:00,0.00012422,0.0001252,0.0001241,0.00012433,362801970.0
2024-09-11 03:00:00,0.00012433,0.00012454,0.00012374,0.00012425,511626499.0
2024-09-11 04:00:00,0.00012425,0.00012426,0.00012196,0.00012289,1173324571.0
2024-09-11 05:00:00,0.00012289,0.00012293,0.00012074,0.00012115,1934843794.0
2024-09-11 06:00:00,0.00012115,0.00012268,0.00012101,0.00012229,387594552.0
2024-09-11 07:00:00,0.00012229,0.00012317,0.00012228,0.00012297,279437755.0
2024-09-11 08:00:00,0.00012297,0.00012297,0.00012135,0.00012146,297377352.0
2024-09-11 09:00:00,0.00012146,0.00012247,0.00012146,0.00012206,332654844.0
2024-09-11 10:00:00,0.00012206,0.00012206,0.00012101,0.00012173,552227667.0
2024-09-11 11:00:00,0.00012173,0.00012208,0.00012153,0.00012182,405949381.0
2024-09-11 12:00:00,0.00012182,0.00012286,0.00012091,0.0001224,2972296275.0
2024-09-11 13:00:00,0.0001224,0.00012363,0.00011937,0.00011945,1620510487.0
2024-09-11 14:00:00,0.00011945,0.00012087,0.00011876,0.0001199,1044053975.0
2024-09-11 15:00:00,0.0001199,0.00012242,0.00011937,0.00012122,602655558.0
2024-09-11 16:00:00,0.00012122,0.00012265,0.00012101,0.0001222,437182479.0
2024-09-11 17:00:00,0.0001222,0.00012302,0.00012166,0.00012209,907834315.0
2024-09-11 18:00:00,0.00012209,0.00012282,0.00012132,0.00012168,238052225.0
2024-09-11 19:00:00,0.00012168,0.00012247,0.00012122,0.00012222,630412064.0
2024-09-11 20:00:00,0.00012222,0.00012257,0.00012174,0.00012178,356399686.0
2024-09-11 21:00:00,0.00012178,0.00012226,0.00012178,0.00012206,305555829.0
2024-09-11 22:00:00,0.00012206,0.00012225,0.00012158,0.00012217,321138718.0
2024-09-11 23:00:00,0.00012217,0.00012276,0.00012211,0.00012261,286862897.0
2024-09-12 00:00:00,0.00012261,0.00012387,0.00012259,0.00012338,1503526750.0
2024-09-12 01:00:00,0.00012338,0.0001247,0.00012338,0.00012466,1108864578.0
2024-09-12 02:00:00,0.00012466,0.00012583,0.00012424,0.00012438,896672082.0
2024-09-12 03:00:00,0.00012438,0.00012487,0.00012413,0.00012422,467195303.0
2024-09-12 04:00:00,0.00012422,0.0001253,0.00012412,0.00012429,507720604.0
2024-09-12 05:00:00,0.00012429,0.00012477,0.0001238,0.00012425,531082321.0
2024-09-12 06:00:00,0.00012425,0.00012445,0.00012337,0.00012386,240871805.0
2024-09-12 07:00:00,0.00012386,0.00012464,0.00012378,0.00012452,255581171.0
2024-09-12 08:00:00,0.00012452,0.00012516,0.00012429,0.0001245,524328385.0
2024-09-12 09:00:00,0.0001245,0.0001246,0.00012382,0.00012414,430604705.0
2024-09-12 10:00:00,0.00012414,0.00012437,0.00012336,0.00012338,503349295.0
2024-09-12 11:00:00,0.00012338,0.00012381,0.00012321,0.00012356,622436956.0
2024-09-12 12:00:00,0.00012356,0.00012389,0.0001223,0.0001225,985176474.0
2024-09-12 13:00:00,0.0001225,0.00012362,0.00012211,0.00012279,1230107324.0
2024-09-12 14:00:00,0.00012279,0.00012454,0.0001223,0.0001224,851186972.0
2024-09-12 15:00:00,0.0001224,0.00012317,0.00012102,0.00012143,730190688.0
2024-09-12 16:00:00,0.00012143,0.00012314,0.00012118,0.00012305,264894942.0
2024-09-12 17:00:00,0.00012305,0.00012395,0.0001228,0.00012385,1803694355.0
2024-09-12 18:00:00,0.00012385,0.00012419,0.00012308,0.00012339,777776027.0
2024-09-12 19:00:00,0.00012339,0.0001239,0.00012334,0.00012377,286390290.0
2024-09-12 20:00:00,0.00012377,0.00012396,0.0001233,0.00012366,585806247.0
2024-09-12 21:00:00,0.00012366,0.00012432,0.00012313,0.00012365,269612473.0
2024-09-12 22:00:00,0.00012365,0.00012479,0.00012355,0.00012453,692852314.0
2024-09-12 23:00:00,0.00012453,0.0001247,0.00012391,0.00012445,889631526.0
2024-09-13 00:00:00,0.00012445,0.00012512,0.00012441,0.00012456,741185579.0
2024-09-13 01:00:00,0.00012456,0.00012472,0.00012347,0.00012429,863974510.0
2024-09-13 02:00:00,0.00012429,0.00012451,0.0001238,0.00012402,253932794.0
2024-09-13 03:00:00,0.00012402,0.00012452,0.00012345,0.00012347,1053308401.0
2024-09-13 04:00:00,0.00012347,0.00012404,0.00012325,0.00012325,403058779.0
2024-09-13 05:00:00,0.00012325,0.00012388,0.00012309,0.00012372,297755275.0
2024-09-13 06:00:00,0.00012372,0.00012376,0.00012261,0.00012261,706955910.0
2024-09-13 07:00:00,0.00012261,0.00012366,0.00012254,0.00012365,397278453.0
2024-09-13 08:00:00,0.00012365,0.00012378,0.00012321,0.00012327,358422393.0
2024-09-13 09:00:00,0.00012327,0.00012364,0.00012296,0.0001232,705762059.0
2024-09-13 10:00:00,0.0001232,0.00012443,0.0001229,0.00012423,676093820.0
2024-09-13 11:00:00,0.00012423,0.00012439,0.00012262,0.00012269,924455229.0
2024-09-13 12:00:00,0.00012269,0.00012317,0.00012171,0.00012274,597029344.0
2024-09-13 13:00:00,0.00012274,0.00012354,0.00012216,0.00012317,549146217.0
2024-09-13 14:00:00,0.00012317,0.00012414,0.00012238,0.00012391,536901818.0
2024-09-13 15:00:00,0.00012391,0.0001273,0.00012385,0.00012677,6646725124.0
2024-09-13 16:00:00,0.00012677,0.00012788,0.00012607,0.00012666,862467282.0
2024-09-13 17:00:00,0.00012666,0.00012892,0.00012666,0.0001276,773019617.0
2024-09-13 18:00:00,0.0001276,0.00012939,0.00012752,0.00012923,713535187.0
2024-09-13 19:00:00,0.00012923,0.00012959,0.00012826,0.00012856,399494400.0
2024-09-13 20:00:00,0.00012856,0.00012885,0.00012802,0.00012848,1998914544.0
2024-09-13 21:00:00,0.00012848,0.0001309,0.00012844,0.00013048,770963957.0
2024-09-13 22:00:00,0.00013048,0.00013175,0.00013033,0.00013114,666258044.0
2024-09-13 23:00:00,0.00013114,0.00013118,0.00012987,0.00013029,550905775.0
2024-09-14 00:00:00,0.00013029,0.00013072,0.00012912,0.00012954,771971648.0
2024-09-14 01:00:00,0.00012954,0.00013042,0.00012939,0.00012946,249406519.0
2024-09-14 02:00:00,0.00012946,0.00013015,0.00012926,0.00012927,196563675.0
2024-09-14 03:00:00,0.00012927,0.00013025,0.00012927,0.00013001,293906555.0
2024-09-14 04:00:00,0.00013001,0.00013023,0.00012935,0.00012943,1841701417.0
2024-09-14 05:00:00,0.00012943,0.00012978,0.00012765,0.00012783,1809876286.0
2024-09-14 06:00:00,0.00012783,0.00012842,0.00012724,0.00012785,1295395508.0
2024-09-14 07:00:00,0.00012785,0.00012791,0.00012722,0.00012753,2143181667.0
2024-09-14 08:00:00,0.00012753,0.00012795,0.00012701,0.00012734,1432758271.0
2024-09-14 09:00:00,0.00012734,0.00012771,0.00012706,0.00012758,2276813356.0
2024-09-14 10:00:00,0.00012758,0.0001276,0.00012639,0.00012667,1158954902.0
2024-09-14 11:00:00,0.00012667,0.00012668,0.00012532,0.00012602,2239100088.0
2024-09-14 12:00:00,0.00012602,0.00012709,0.00012568,0.00012679,1074612013.0
2024-09-14 13:00:00,0.00012679,0.00012717,0.00012632,0.00012669,765034107.0
2024-09-14 14:00:00,0.00012669,0.00012769,0.00012634,0.00012746,772285901.0
2024-09-14 15:00:00,0.00012746,0.00012767,0.00012663,0.00012677,382045438.0
2024-09-14 16:00:00,0.00012677,0.00012717,0.00012645,0.00012681,388203597.0
2024-09-14 17:00:00,0.00012681,0.00012681,0.00012548,0.00012579,676962937.0
2024-09-14 18:00:00,0.00012579,0.00012579,0.0001244,0.00012519,2733891376.0
2024-09-14 19:00:00,0.00012519,0.00012532,0.00012472,0.00012494,563890202.0
2024-09-14 20:00:00,0.00012494,0.00012607,0.00012494,0.00012588,694902183.0
2024-09-14 21:00:00,0.00012588,0.00012627,0.00012548,0.00012548,264907570.0
2024-09-14 22:00:00,0.00012548,0.00012586,0.00012522,0.00012561,406416989.0
2024-09-14 23:00:00,0.00012561,0.0001259,0.00012524,0.00012534,516995058.0
2024-09-15 00:00:00,0.00012534,0.0001261,0.00012516,0.00012556,312194046.0
2024-09-15 01:00:00,0.00012556,0.00012673,0.00012553,0.00012647,576451003.0
2024-09-15 02:00:00,0.00012647,0.00012666,0.00012563,0.00012644,755056390.0
2024-09-15 03:00:00,0.00012644,0.00012649,0.00012563,0.0001257,265360617.0
2024-09-15 04:00:00,0.0001257,0.00012604,0.00012502,0.00012512,299788008.0
2024-09-15 05:00:00,0.00012512,0.00012561,0.00012508,0.00012553,192436706.0
2024-09-15 06:00:00,0.00012553,0.00012605,0.00012543,0.00012601,250704444.0
2024-09-15 07:00:00,0.00012601,0.00012623,0.00012572,0.00012617,298841375.0
2024-09-15 08:00:00,0.00012617,0.00012621,0.00012524,0.00012534,284902590.0
2024-09-15 09:00:00,0.00012534,0.0001255,0.00012491,0.00012498,222715148.0
2024-09-15 10:00:00,0.00012498,0.00012517,0.00012392,0.00012426,747228347.0
2024-09-15 11:00:00,0.00012426,0.0001243,0.00012345,0.00012418,468823054.0
2024-09-15 12:00:00,0.00012418,0.00012507,0.00012378,0.00012505,562073541.0
2024-09-15 13:00:00,0.00012505,0.00012559,0.00012467,0.00012488,509935319.0
2024-09-15 14:00:00,0.00012488,0.00012505,0.00012377,0.00012505,974440073.0
2024-09-15 15:00:00,0.00012505,0.00012574,0.00012473,0.00012557,1587540208.0
2024-09-15 16:00:00,0.00012557,0.00012557,0.00012408,0.00012408,1624146459.0
2024-09-15 17:00:00,0.00012408,0.00012439,0.00012255,0.00012301,1328886883.0
2024-09-15 18:00:00,0.00012301,0.00012438,0.00012294,0.00012382,494367527.0
2024-09-15 19:00:00,0.00012382,0.00012437,0.00012339,0.00012342,749170464.0
2024-09-15 20:00:00,0.00012342,0.00012354,0.00012256,0.00012281,557076477.0
2024-09-15 21:00:00,0.00012281,0.00012284,0.00012131,0.00012229,1495281988.0
2024-09-15 22:00:00,0.00012229,0.00012229,0.0001215,0.00012188,755824079.0
2024-09-15 23:00:00,0.00012188,0.00012188,0.00011956,0.00012043,2920213853.0
2024-09-16 00:00:00,0.00012043,0.00012071,0.00011916,0.0001199,1834369600.0
2024-09-16 01:00:00,0.0001199,0.00011995,0.00011863,0.00011908,1369618323.0
2024-09-16 02:00:00,0.00011908,0.00011932,0.00011798,0.00011815,839791963.0
2024-09-16 03:00:00,0.00011815,0.0001198,0.00011805,0.00011974,682086736.0
2024-09-16 04:00:00,0.00011974,0.00011992,0.00011935,0.00011952,200493581.0
2024-09-16 05:00:00,0.00011952,0.00012143,0.00011945,0.00012139,783673470.0
2024-09-16 06:00:00,0.00012139,0.00012158,0.00012071,0.00012088,760587065.0
2024-09-16 07:00:00,0.00012088,0.00012229,0.00012064,0.00012164,828861959.0
2024-09-16 08:00:00,0.00012164,0.00012231,0.00012137,0.00012156,861687307.0
2024-09-16 09:00:00,0.00012156,0.00012181,0.00011983,0.00012019,1140734253.0
2024-09-16 10:00:00,0.00012019,0.00012081,0.00011945,0.00012057,284983618.0
2024-09-16 11:00:00,0.00012057,0.00012069,0.00011994,0.00012004,413204059.0
2024-09-16 12:00:00,0.00012004,0.00012037,0.00011935,0.00011937,733882267.0
2024-09-16 13:00:00,0.00011937,0.00011999,0.00011862,0.0001199,844729839.0
2024-09-16 14:00:00,0.0001199,0.00011992,0.000117,0.00011824,1559206550.0
2024-09-16 15:00:00,0.00011824,0.00011969,0.00011808,0.00011888,990809518.0
2024-09-16 16:00:00,0.00011888,0.00011931,0.00011827,0.00011865,212842278.0
2024-09-16 17:00:00,0.00011865,0.00011972,0.00011779,0.00011942,867512542.0
2024-09-16 18:00:00,0.00011942,0.00011942,0.00011829,0.00011869,464008180.0
2024-09-16 19:00:00,0.00011869,0.00011892,0.00011825,0.00011839,412474164.0
2024-09-16 20:00:00,0.00011839,0.00011883,0.00011746,0.00011746,327856074.0
2024-09-16 21:00:00,0.00011746,0.0001187,0.00011706,0.00011865,391679137.0
2024-09-16 22:00:00,0.00011865,0.00011865,0.0001179,0.0001182,182146789.0
2024-09-16 23:00:00,0.0001182,0.00011919,0.00011816,0.00011881,387137336.0
2024-09-17 00:00:00,0.00011881,0.00011918,0.00011776,0.00011778,364772919.0
2024-09-17 01:00:00,0.00011778,0.00011874,0.00011761,0.00011865,161991081.0
2024-09-17 02:00:00,0.00011865,0.00011952,0.00011863,0.0001189,358492873.0
2024-09-17 03:00:00,0.0001189,0.00011969,0.00011882,0.00011958,264937567.0
2024-09-17 04:00:00,0.00011958,0.00012025,0.00011945,0.00012025,288645104.0
2024-09-17 05:00:00,0.00012025,0.00012163,0.00012023,0.00012129,3102999734.0
2024-09-17 06:00:00,0.00012129,0.00012143,0.00012033,0.00012061,340665993.0
2024-09-17 07:00:00,0.00012061,0.00012129,0.0001203,0.00012093,178803993.0
2024-09-17 08:00:00,0.00012093,0.00012162,0.00012063,0.00012064,262133386.0
2024-09-17 09:00:00,0.00012064,0.0001211,0.00011994,0.00012071,672120447.0
2024-09-17 10:00:00,0.00012071,0.00012132,0.00012055,0.00012114,402772270.0
2024-09-17 11:00:00,0.00012114,0.00012135,0.00012032,0.00012067,546884809.0
2024-09-17 12:00:00,0.00012067,0.00012126,0.0001202,0.00012095,355874174.0
2024-09-17 13:00:00,0.00012095,0.00012157,0.00011979,0.00012011,1360873693.0
2024-09-17 14:00:00,0.00012011,0.00012316,0.00011996,0.00012247,1098668756.0
2024-09-17 15:00:00,0.00012247,0.00012425,0.00012245,0.00012356,737007735.0
2024-09-17 16:00:00,0.00012356,0.000124,0.00012171,0.00012208,607355823.0
2024-09-17 17:00:00,0.00012208,0.00012241,0.00012165,0.00012204,337056825.0
2024-09-17 18:00:00,0.00012204,0.00012235,0.00012103,0.00012143,359345633.0
2024-09-17 19:00:00,0.00012143,0.00012173,0.00011989,0.00012073,555599930.0
2024-09-17 20:00:00,0.00012073,0.0001215,0.00012041,0.00012089,602526740.0
2024-09-17 21:00:00,0.00012089,0.00012187,0.00012074,0.00012168,275626783.0
2024-09-17 22:00:00,0.00012168,0.00012185,0.00012118,0.00012145,173687152.0
2024-09-17 23:00:00,0.00012145,0.0001215,0.00012083,0.0001215,162531602.0
2024-09-18 00:00:00,0.0001215,0.00012161,0.00011988,0.00012146,731285456.0
2024-09-18 01:00:00,0.00012146,0.00012178,0.00012083,0.00012138,1735601439.0
2024-09-18 02:00:00,0.00012138,0.00012268,0.00012118,0.00012268,314895579.0
2024-09-18 03:00:00,0.00012268,0.00012354,0.00012268,0.00012278,398098801.0
2024-09-18 04:00:00,0.00012278,0.00012331,0.00012176,0.00012222,472103735.0
2024-09-18 05:00:00,0.00012222,0.00012222,0.00012137,0.00012189,366070512.0
2024-09-18 06:00:00,0.00012189,0.0001224,0.0001218,0.00012219,582980902.0
2024-09-18 07:00:00,0.00012219,0.00012409,0.00012211,0.00012313,2747883228.0
2024-09-18 08:00:00,0.00012313,0.00012332,0.00012232,0.00012281,1418400308.0
2024-09-18 09:00:00,0.00012281,0.00012305,0.00012053,0.00012055,3429313452.0
2024-09-18 10:00:00,0.00012055,0.00012187,0.00012013,0.00012181,1050577900.0
2024-09-18 11:00:00,0.00012181,0.00012203,0.00012129,0.00012135,540967365.0
2024-09-18 12:00:00,0.00012135,0.00012176,0.0001208,0.00012156,1161929986.0
2024-09-18 13:00:00,0.00012156,0.00012204,0.00012023,0.00012064,1728404829.0
2024-09-18 14:00:00,0.00012064,0.00012093,0.00011988,0.00012026,742515159.0
2024-09-18 15:00:00,0.00012026,0.00012086,0.00011787,0.00011845,3852556306.0
2024-09-18 16:00:00,0.00011845,0.000121,0.00011765,0.00012079,6154147791.0
2024-09-18 17:00:00,0.00012079,0.00012212,0.00011978,0.00012145,1543061554.0
2024-09-18 18:00:00,0.00012145,0.00012536,0.00012121,0.00012327,8516175884.0
2024-09-18 19:00:00,0.00012327,0.00012367,0.00012188,0.00012234,977683159.0
2024-09-18 20:00:00,0.00012234,0.00012401,0.00012107,0.0001237,844671532.0
2024-09-18 21:00:00,0.0001237,0.0001245,0.00012339,0.00012379,1809866448.0
2024-09-18 22:00:00,0.00012379,0.00012528,0.00012379,0.0001249,431984678.0
2024-09-18 23:00:00,0.0001249,0.00012834,0.0001249,0.0001282,1112650680.0
2024-09-19 00:00:00,0.0001282,0.00013092,0.0001282,0.00012957,9454930583.0
2024-09-19 01:00:00,0.00012957,0.00013018,0.00012759,0.0001291,1035036187.0
2024-09-19 02:00:00,0.0001291,0.00012924,0.00012848,0.00012908,1406446601.0
2024-09-19 03:00:00,0.00012908,0.0001301,0.00012849,0.00012957,617580107.0
2024-09-19 04:00:00,0.00012957,0.00012981,0.00012856,0.00012964,794919079.0
2024-09-19 05:00:00,0.00012964,0.00013043,0.00012932,0.00012952,630929048.0
2024-09-19 06:00:00,0.00012952,0.00013033,0.0001287,0.00013032,1624269409.0
2024-09-19 07:00:00,0.00013032,0.00013433,0.00012983,0.00013243,9112880413.0
2024-09-19 08:00:00,0.00013243,0.00013545,0.00013234,0.0001324,11858897580.0
2024-09-19 09:00:00,0.0001324,0.00013352,0.00013187,0.00013317,1923308335.0
2024-09-19 10:00:00,0.00013317,0.00013398,0.00013163,0.00013164,2035616576.0
2024-09-19 11:00:00,0.00013164,0.00013264,0.00013164,0.00013227,1121370192.0
2024-09-19 12:00:00,0.00013227,0.00013412,0.00013215,0.00013338,3634757744.0
2024-09-19 13:00:00,0.00013338,0.00013524,0.00013303,0.00013386,3399324743.0
2024-09-19 14:00:00,0.00013386,0.00013598,0.0001332,0.00013429,5252891921.0
2024-09-19 15:00:00,0.00013429,0.00013551,0.00013382,0.00013416,1344178174.0
2024-09-19 16:00:00,0.00013416,0.00013835,0.00013408,0.00013716,3832935572.0
2024-09-19 17:00:00,0.00013716,0.00013759,0.00013591,0.00013647,1249899772.0
2024-09-19 18:00:00,0.00013647,0.00013769,0.00013602,0.00013642,840405688.0
2024-09-19 19:00:00,0.00013642,0.00013643,0.00013419,0.0001342,1021343628.0
2024-09-19 20:00:00,0.0001342,0.00013513,0.00013348,0.00013365,719638703.0
2024-09-19 21:00:00,0.00013365,0.00013393,0.00013092,0.00013124,7427321582.0
2024-09-19 22:00:00,0.00013124,0.00013227,0.00013041,0.00013199,1506202023.0
2024-09-19 23:00:00,0.00013199,0.00013225,0.00013098,0.00013115,967005307.0
2024-09-20 00:00:00,0.00013115,0.00013188,0.00012904,0.00012914,827891974.0
2024-09-20 01:00:00,0.00012914,0.00013011,0.00012788,0.00012955,2279469748.0
2024-09-20 02:00:00,0.00012955,0.00013073,0.00012899,0.00013072,761073568.0
2024-09-20 03:00:00,0.00013072,0.000135,0.00013045,0.00013499,5144633668.0
2024-09-20 04:00:00,0.00013499,0.00013709,0.00013441,0.00013638,2161829557.0
2024-09-20 05:00:00,0.00013638,0.00013724,0.00013499,0.00013644,2344458619.0
2024-09-20 06:00:00,0.00013644,0.00013765,0.00013511,0.00013751,1774463484.0
2024-09-20 07:00:00,0.00013751,0.00013751,0.00013498,0.00013567,1637891427.0
2024-09-20 08:00:00,0.00013567,0.00013572,0.00013333,0.00013504,2068896994.0
2024-09-20 09:00:00,0.00013504,0.0001365,0.0001348,0.00013535,867210182.0
2024-09-20 10:00:00,0.00013535,0.00013659,0.00013529,0.00013622,1969227612.0
2024-09-20 11:00:00,0.00013622,0.00013624,0.00013367,0.0001346,1587215663.0
2024-09-20 12:00:00,0.0001346,0.00013578,0.00013449,0.00013514,1080318722.0
2024-09-20 13:00:00,0.00013514,0.00013535,0.00013209,0.00013263,2153814101.0
2024-09-20 14:00:00,0.00013263,0.0001346,0.00013198,0.00013307,2872127380.0
2024-09-20 15:00:00,0.00013307,0.00013507,0.00013253,0.00013437,1414912005.0
2024-09-20 16:00:00,0.00013437,0.00013491,0.00013258,0.00013306,631427166.0
2024-09-20 17:00:00,0.00013306,0.0001332,0.00013215,0.00013266,520331045.0
2024-09-20 18:00:00,0.00013266,0.00013311,0.00013108,0.00013295,311335953.0
2024-09-20 19:00:00,0.00013295,0.0001334,0.00013256,0.000133,410491448.0
2024-09-20 20:00:00,0.000133,0.00013405,0.000133,0.00013358,539928521.0
2024-09-20 21:00:00,0.00013358,0.00013534,0.00013357,0.0001347,799694773.0
2024-09-20 22:00:00,0.0001347,0.0001352,0.00013453,0.00013468,231821788.0
2024-09-20 23:00:00,0.00013468,0.00013468,0.00013374,0.00013435,176452749.0
2024-09-21 00:00:00,0.00013435,0.00013481,0.00013313,0.00013419,670714989.0
2024-09-21 01:00:00,0.00013419,0.00013459,0.00013236,0.00013236,1740729831.0
2024-09-21 02:00:00,0.00013236,0.00013282,0.00013169,0.0001324,350727452.0
2024-09-21 03:00:00,0.0001324,0.00013306,0.00013163,0.00013165,284895743.0
2024-09-21 04:00:00,0.00013165,0.00013199,0.00013044,0.00013117,669289419.0
2024-09-21 05:00:00,0.00013117,0.00013215,0.0001309,0.00013157,293354959.0
2024-09-21 06:00:00,0.00013157,0.00013298,0.00013145,0.00013255,1565528235.0
2024-09-21 07:00:00,0.00013255,0.00013301,0.00013233,0.0001327,410179840.0
2024-09-21 08:00:00,0.0001327,0.00013317,0.00013227,0.00013239,491836785.0
2024-09-21 09:00:00,0.00013239,0.00013364,0.00013238,0.00013338,395366789.0
2024-09-21 10:00:00,0.00013338,0.00013356,0.00013206,0.00013231,729254122.0
2024-09-21 11:00:00,0.00013231,0.00013335,0.00013226,0.00013313,350353051.0
2024-09-21 12:00:00,0.00013313,0.00013415,0.0001327,0.00013415,481640493.0
2024-09-21 13:00:00,0.00013415,0.00013496,0.00013363,0.00013477,755305411.0
2024-09-21 14:00:00,0.00013477,0.00013552,0.00013438,0.00013546,1844826127.0
2024-09-21 15:00:00,0.00013546,0.00013605,0.00013337,0.00013463,1445813485.0
2024-09-21 16:00:00,0.00013463,0.00013555,0.00013413,0.00013517,1210231120.0
2024-09-21 17:00:00,0.00013517,0.00013587,0.00013481,0.00013507,871708095.0
2024-09-21 18:00:00,0.00013507,0.00013514,0.00013432,0.00013441,537236061.0
2024-09-21 19:00:00,0.00013441,0.00013502,0.0001344,0.00013489,502089104.0
2024-09-21 20:00:00,0.00013489,0.00013518,0.00013453,0.00013465,362459308.0
2024-09-21 21:00:00,0.00013465,0.00013496,0.00013397,0.00013474,730326209.0
2024-09-21 22:00:00,0.00013474,0.00013505,0.00013401,0.00013448,1363257665.0
2024-09-21 23:00:00,0.00013448,0.00013675,0.00013435,0.00013637,1387752760.0
2024-09-22 00:00:00,0.00013637,0.00013675,0.00013455,0.00013579,1051059360.0
2024-09-22 01:00:00,0.00013579,0.00013605,0.00013438,0.00013442,397490217.0
2024-09-22 02:00:00,0.00013442,0.00013468,0.00013241,0.00013315,1847108570.0
2024-09-22 03:00:00,0.00013315,0.00013394,0.00013296,0.00013379,323561371.0
2024-09-22 04:00:00,0.00013379,0.00013469,0.00013354,0.00013391,1404397197.0
2024-09-22 05:00:00,0.00013391,0.00013413,0.00013303,0.00013335,2349801966.0
2024-09-22 06:00:00,0.00013335,0.00013399,0.00013295,0.00013312,457188784.0
2024-09-22 07:00:00,0.00013312,0.00013387,0.00013286,0.0001336,821133240.0
2024-09-22 08:00:00,0.0001336,0.00013409,0.00013342,0.00013393,707737496.0
2024-09-22 09:00:00,0.00013393,0.00013398,0.00013172,0.00013193,1293680621.0
2024-09-22 10:00:00,0.00013193,0.00013234,0.00013,0.00013078,4825366160.0
2024-09-22 11:00:00,0.00013078,0.00013098,0.00012922,0.00013052,5166819306.0
2024-09-22 12:00:00,0.00013052,0.00013119,0.00012995,0.00013094,1022320971.0
2024-09-22 13:00:00,0.00013094,0.00013095,0.00012851,0.00012901,807163637.0
2024-09-22 14:00:00,0.00012901,0.00012952,0.0001276,0.00012819,2520137568.0
2024-09-22 15:00:00,0.00012819,0.00012918,0.00012784,0.00012842,968226572.0
2024-09-22 16:00:00,0.00012842,0.00012893,0.00012722,0.00012849,1098570250.0
2024-09-22 17:00:00,0.00012849,0.00013027,0.00012848,0.00012994,1469315723.0
2024-09-22 18:00:00,0.00012994,0.00013004,0.0001289,0.00012936,616798541.0
2024-09-22 19:00:00,0.00012936,0.0001301,0.00012798,0.00012971,273636208.0
2024-09-22 20:00:00,0.00012971,0.00013052,0.00012957,0.00012991,328303285.0
2024-09-22 21:00:00,0.00012991,0.00013033,0.0001275,0.0001275,547799588.0
2024-09-22 22:00:00,0.0001275,0.00013139,0.00012569,0.0001312,3651166189.0
2024-09-22 23:00:00,0.0001312,0.00013143,0.00012915,0.00013011,2343724502.0
2024-09-23 00:00:00,0.00013011,0.00013188,0.00012719,0.00013129,1720198781.0
2024-09-23 01:00:00,0.00013129,0.00013357,0.00013124,0.00013298,859037398.0
2024-09-23 02:00:00,0.00013298,0.00013309,0.00013145,0.00013222,1962221797.0
2024-09-23 03:00:00,0.00013222,0.00013509,0.00013222,0.0001342,1100947323.0
2024-09-23 04:00:00,0.0001342,0.00013517,0.00013304,0.00013394,2376489121.0
2024-09-23 05:00:00,0.00013394,0.00013445,0.00013328,0.00013401,906599875.0
2024-09-23 06:00:00,0.00013401,0.00013419,0.00013315,0.00013354,852109833.0
2024-09-23 07:00:00,0.00013354,0.00013357,0.00013104,0.00013147,2733688556.0
2024-09-23 08:00:00,0.00013147,0.00013168,0.00013,0.00013111,1298776142.0
2024-09-23 09:00:00,0.00013111,0.0001335,0.00013096,0.00013328,1804972870.0
2024-09-23 10:00:00,0.00013328,0.00013397,0.00013239,0.00013271,1580079732.0
2024-09-23 11:00:00,0.00013271,0.00013345,0.00013191,0.00013268,1255865560.0
2024-09-23 12:00:00,0.00013268,0.00013342,0.00013168,0.00013225,786536406.0
2024-09-23 13:00:00,0.00013225,0.0001337,0.00013157,0.00013229,2122398584.0
2024-09-23 14:00:00,0.00013229,0.00013424,0.00013216,0.00013311,1521145455.0
2024-09-23 15:00:00,0.00013311,0.00013468,0.0001323,0.0001341,2529792530.0
2024-09-23 16:00:00,0.0001341,0.00013488,0.00013256,0.00013288,3944688403.0
2024-09-23 17:00:00,0.00013288,0.00013379,0.00013264,0.00013362,326807330.0
2024-09-23 18:00:00,0.00013362,0.0001345,0.0001336,0.00013397,530659259.0
2024-09-23 19:00:00,0.00013397,0.00013463,0.00013371,0.00013389,358596667.0
2024-09-23 20:00:00,0.00013389,0.00013432,0.00013332,0.00013334,592243270.0
2024-09-23 21:00:00,0.00013334,0.00013424,0.0001325,0.00013404,482452903.0
2024-09-23 22:00:00,0.00013404,0.00013473,0.00013334,0.0001342,415818389.0
2024-09-23 23:00:00,0.0001342,0.0001345,0.00013348,0.00013405,581770045.0
2024-09-24 00:00:00,0.00013405,0.00013512,0.00013214,0.00013258,3178214573.0
2024-09-24 01:00:00,0.00013258,0.00013341,0.0001312,0.00013227,2558209307.0
2024-09-24 02:00:00,0.00013227,0.00013376,0.00013156,0.00013354,619133196.0
2024-09-24 03:00:00,0.00013354,0.0001337,0.00013264,0.00013328,473027837.0
2024-09-24 04:00:00,0.00013328,0.00013351,0.00013183,0.00013201,636846963.0
2024-09-24 05:00:00,0.00013201,0.00013319,0.00013189,0.00013299,242415485.0
2024-09-24 06:00:00,0.00013299,0.00013358,0.00013287,0.00013341,461454545.0
2024-09-24 07:00:00,0.00013341,0.00013415,0.00013318,0.00013404,542565896.0
2024-09-24 08:00:00,0.00013404,0.00013833,0.00013396,0.0001371,10595187504.0
2024-09-24 09:00:00,0.0001371,0.00013751,0.00013466,0.00013514,3873632039.0
2024-09-24 10:00:00,0.00013514,0.00013743,0.00013512,0.00013611,2293749268.0
2024-09-24 11:00:00,0.00013611,0.00013781,0.00013537,0.00013717,3141739510.0
2024-09-24 12:00:00,0.00013717,0.00014161,0.00013694,0.00013979,6835902800.0
2024-09-24 13:00:00,0.00013979,0.0001429,0.00013925,0.00014119,2449815006.0
2024-09-24 14:00:00,0.00014119,0.00014122,0.00013684,0.00013925,5299926959.0
2024-09-24 15:00:00,0.00013925,0.00013999,0.00013787,0.00013857,2768992138.0
2024-09-24 16:00:00,0.00013857,0.00014195,0.00013857,0.00014004,3002397744.0
2024-09-24 17:00:00,0.00014004,0.00014375,0.00013981,0.00014207,1966145309.0
2024-09-24 18:00:00,0.00014207,0.0001431,0.00014068,0.00014137,1331135124.0
2024-09-24 19:00:00,0.00014137,0.00014286,0.00014093,0.00014202,595939931.0
2024-09-24 20:00:00,0.00014202,0.00014269,0.00014044,0.00014064,1060075349.0
2024-09-24 21:00:00,0.00014064,0.00014103,0.00013961,0.00014059,974132678.0
2024-09-24 22:00:00,0.00014059,0.0001425,0.00014059,0.00014201,1033890783.0
2024-09-24 23:00:00,0.00014201,0.00014239,0.00014133,0.0001414,489050299.0
2024-09-25 00:00:00,0.0001414,0.00014196,0.00014018,0.00014078,1224565210.0
2024-09-25 01:00:00,0.00014078,0.00014427,0.00014063,0.00014314,1646961040.0
2024-09-25 02:00:00,0.00014314,0.00014473,0.00014284,0.00014392,871878488.0
2024-09-25 03:00:00,0.00014392,0.0001446,0.00014252,0.0001446,1126902901.0
2024-09-25 04:00:00,0.0001446,0.00014503,0.0001417,0.0001417,1010946040.0
2024-09-25 05:00:00,0.0001417,0.00014278,0.00014122,0.00014181,1410349368.0
2024-09-25 06:00:00,0.00014181,0.00014206,0.00014005,0.00014042,953089405.0
2024-09-25 07:00:00,0.00014042,0.00014131,0.00013988,0.00014083,783613616.0
2024-09-25 08:00:00,0.00014083,0.0001415,0.00014053,0.00014097,761616668.0
2024-09-25 09:00:00,0.00014097,0.00014181,0.0001398,0.00013998,391198950.0
2024-09-25 10:00:00,0.00013998,0.00014119,0.00013971,0.00014057,663172495.0
2024-09-25 11:00:00,0.00014057,0.00014189,0.00014007,0.00014143,546383622.0
2024-09-25 12:00:00,0.00014143,0.00014158,0.00013971,0.00013971,1163456346.0
2024-09-25 13:00:00,0.00013971,0.00014026,0.00013871,0.00014011,1008901738.0
2024-09-25 14:00:00,0.00014011,0.0001421,0.00014005,0.00014196,1217020506.0
2024-09-25 15:00:00,0.00014196,0.00014337,0.00014028,0.00014056,4175707346.0
2024-09-25 16:00:00,0.00014056,0.00014313,0.00014037,0.00014194,1470569820.0
2024-09-25 17:00:00,0.00014194,0.00014234,0.00013909,0.00013969,5426038655.0
2024-09-25 18:00:00,0.00013969,0.00014104,0.0001395,0.00014089,1200302480.0
2024-09-25 19:00:00,0.00014089,0.00014266,0.00014082,0.00014104,923753267.0
2024-09-25 20:00:00,0.00014104,0.00014224,0.00014104,0.00014186,527483413.0
2024-09-25 21:00:00,0.00014186,0.00014212,0.00014105,0.00014107,1042151695.0
2024-09-25 22:00:00,0.00014107,0.00014134,0.00013788,0.00013883,5828428204.0
2024-09-25 23:00:00,0.00013883,0.00013905,0.00013661,0.0001374,5339427843.0
2024-09-26 00:00:00,0.0001374,0.00013841,0.00013554,0.00013602,2235189290.0
2024-09-26 01:00:00,0.00013602,0.00013702,0.00013511,0.00013702,789066420.0
2024-09-26 02:00:00,0.00013702,0.00013861,0.00013692,0.00013861,434185073.0
2024-09-26 03:00:00,0.00013861,0.00013944,0.00013821,0.0001392,2080820163.0
2024-09-26 04:00:00,0.0001392,0.00013969,0.00013878,0.0001392,461117416.0
2024-09-26 05:00:00,0.0001392,0.00014192,0.00013889,0.00014172,1043679411.0
2024-09-26 06:00:00,0.00014172,0.00014605,0.00014104,0.00014602,2840469267.0
2024-09-26 07:00:00,0.00014602,0.00014654,0.00014408,0.0001449,2230007926.0
2024-09-26 08:00:00,0.0001449,0.00014755,0.00014312,0.00014545,2769496687.0
2024-09-26 09:00:00,0.00014545,0.00014839,0.0001446,0.00014644,1663166296.0
2024-09-26 10:00:00,0.00014644,0.00014943,0.00014605,0.00014805,4909686761.0
2024-09-26 11:00:00,0.00014805,0.0001484,0.0001466,0.00014694,3322931952.0
2024-09-26 12:00:00,0.00014694,0.00014725,0.00014507,0.00014603,3994159263.0
2024-09-26 13:00:00,0.00014603,0.00014654,0.00014418,0.00014498,1860920009.0
2024-09-26 14:00:00,0.00014498,0.00014753,0.00014498,0.00014532,3145920912.0
2024-09-26 15:00:00,0.00014532,0.00014796,0.00014482,0.00014739,3024534004.0
2024-09-26 16:00:00,0.00014739,0.0001525,0.00014707,0.00015188,5874397688.0
2024-09-26 17:00:00,0.00015188,0.00015334,0.00014971,0.0001507,5133182545.0
2024-09-26 18:00:00,0.0001507,0.0001528,0.00015032,0.0001515,3298259508.0
2024-09-26 19:00:00,0.0001515,0.00015155,0.00014915,0.00014933,1624042622.0
2024-09-26 20:00:00,0.00014933,0.00014963,0.00014738,0.00014742,6951173593.0
2024-09-26 21:00:00,0.00014742,0.00015065,0.00014739,0.00015065,2234846841.0
2024-09-26 22:00:00,0.00015065,0.00015246,0.00015038,0.00015061,1468898369.0
2024-09-26 23:00:00,0.00015061,0.00015118,0.00014793,0.00015027,1605382252.0
2024-09-27 00:00:00,0.00015027,0.00015308,0.00015006,0.00015296,1652761864.0
2024-09-27 01:00:00,0.00015296,0.00015314,0.00015125,0.00015216,881498637.0
2024-09-27 02:00:00,0.00015216,0.0001522,0.00014937,0.00014946,1027118373.0
2024-09-27 03:00:00,0.00014946,0.00015333,0.00014921,0.00015286,1459781880.0
2024-09-27 04:00:00,0.00015286,0.00015771,0.00015264,0.00015759,2132190408.0
2024-09-27 05:00:00,0.00015759,0.00016476,0.00015675,0.00016381,10390069810.0
2024-09-27 06:00:00,0.00016381,0.00017035,0.00016331,0.00016679,12038637293.0
2024-09-27 07:00:00,0.00016679,0.00016883,0.00016467,0.00016841,6286548959.0
2024-09-27 08:00:00,0.00016841,0.00017293,0.00016839,0.00016969,10652874747.0
2024-09-27 09:00:00,0.00016969,0.00017035,0.00016727,0.000168,2986275145.0
2024-09-27 10:00:00,0.000168,0.00016855,0.00016563,0.00016566,3912286611.0
2024-09-27 11:00:00,0.00016566,0.00017093,0.00016566,0.00016977,4732762180.0
2024-09-27 12:00:00,0.00016977,0.00017233,0.00016861,0.00017081,4925887339.0
2024-09-27 13:00:00,0.00017081,0.00017267,0.00016832,0.00016942,4417263070.0
2024-09-27 14:00:00,0.00016942,0.00017692,0.00016877,0.00017463,10999538806.0
2024-09-27 15:00:00,0.00017463,0.00017607,0.00017213,0.0001734,6639644580.0
2024-09-27 16:00:00,0.0001734,0.00017515,0.0001707,0.00017133,4956112392.0
2024-09-27 17:00:00,0.00017133,0.00017168,0.00016801,0.00016916,4162178154.0
2024-09-27 18:00:00,0.00016916,0.00016941,0.0001674,0.00016892,1991461782.0
2024-09-27 19:00:00,0.00016892,0.00016956,0.00016795,0.0001683,689397506.0
2024-09-27 20:00:00,0.0001683,0.00016887,0.00016525,0.00016773,3801729667.0
2024-09-27 21:00:00,0.00016773,0.00016824,0.00016719,0.00016752,671391883.0
2024-09-27 22:00:00,0.00016752,0.00016873,0.00016659,0.00016839,1758567867.0
2024-09-27 23:00:00,0.00016839,0.00016906,0.00016786,0.00016798,676172337.0
2024-09-28 00:00:00,0.00016798,0.0001695,0.00016707,0.00016798,711643666.0
2024-09-28 01:00:00,0.00016798,0.00016821,0.00016645,0.00016818,948047423.0
2024-09-28 02:00:00,0.00016818,0.00017458,0.00016784,0.00017226,4325996276.0
2024-09-28 03:00:00,0.00017226,0.00017369,0.00017017,0.00017136,3706033976.0
2024-09-28 04:00:00,0.00017136,0.00017277,0.00017029,0.00017039,1126595434.0
2024-09-28 05:00:00,0.00017039,0.00017072,0.00016815,0.00016835,1357562255.0
2024-09-28 06:00:00,0.00016835,0.00016868,0.0001656,0.00016676,2365853075.0
2024-09-28 07:00:00,0.00016676,0.0001678,0.00016618,0.00016654,1937544811.0
2024-09-28 08:00:00,0.00016654,0.00016677,0.00016379,0.00016395,6136829933.0
2024-09-28 09:00:00,0.00016395,0.00016498,0.00016086,0.00016493,3541654551.0
2024-09-28 10:00:00,0.00016493,0.00017068,0.00016417,0.00016942,2285119548.0
2024-09-28 11:00:00,0.00016942,0.00016953,0.00016801,0.00016849,1116890918.0
2024-09-28 12:00:00,0.00016849,0.00016849,0.00016642,0.00016773,1642207564.0
2024-09-28 13:00:00,0.00016773,0.00016846,0.00016649,0.00016724,1043817946.0
2024-09-28 14:00:00,0.00016724,0.00017254,0.00016724,0.00016967,4766029041.0
2024-09-28 15:00:00,0.00016967,0.00017018,0.00016807,0.00016847,2638385263.0
2024-09-28 16:00:00,0.00016847,0.00016964,0.00016674,0.00016848,2593909009.0
2024-09-28 17:00:00,0.00016848,0.00017211,0.00016843,0.00017042,4698012218.0
2024-09-28 18:00:00,0.00017042,0.00017098,0.00016916,0.00016933,1629209078.0
2024-09-28 19:00:00,0.00016933,0.00017123,0.00016933,0.00017041,674323659.0
2024-09-28 20:00:00,0.00017041,0.00017073,0.00016879,0.00016895,528805029.0
2024-09-28 21:00:00,0.00016895,0.00017024,0.00016657,0.00017024,1745538163.0
2024-09-28 22:00:00,0.00017024,0.00017066,0.00016809,0.0001682,1422226257.0
2024-09-28 23:00:00,0.0001682,0.00017051,0.0001671,0.00017021,741684613.0
2024-09-29 00:00:00,0.00017021,0.00017151,0.000168,0.00016917,979943560.0
2024-09-29 01:00:00,0.00016917,0.00017197,0.000169,0.00017157,4227968578.0
2024-09-29 02:00:00,0.00017157,0.00017436,0.00017115,0.00017138,3154025398.0
2024-09-29 03:00:00,0.00017138,0.00017171,0.00016904,0.00016961,1863968657.0
2024-09-29 04:00:00,0.00016961,0.00016963,0.00016699,0.0001672,1265022193.0
2024-09-29 05:00:00,0.0001672,0.00016838,0.00016636,0.00016678,1300459729.0
2024-09-29 06:00:00,0.00016678,0.00016745,0.00016472,0.00016549,2339567889.0
2024-09-29 07:00:00,0.00016549,0.00016679,0.00016422,0.00016486,798306524.0
2024-09-29 08:00:00,0.00016486,0.00016544,0.00016317,0.00016473,2022750935.0
2024-09-29 09:00:00,0.00016473,0.00016722,0.00016447,0.0001645,1146963126.0
2024-09-29 10:00:00,0.0001645,0.00016467,0.00016311,0.00016345,1697869068.0
2024-09-29 11:00:00,0.00016345,0.00016551,0.0001632,0.00016469,1300550194.0
2024-09-29 12:00:00,0.00016469,0.00016539,0.0001619,0.00016196,1893538338.0
2024-09-29 13:00:00,0.00016196,0.00016398,0.00016154,0.00016368,1855298811.0
2024-09-29 14:00:00,0.00016368,0.0001641,0.00016162,0.00016228,2084531236.0
2024-09-29 15:00:00,0.00016228,0.00016387,0.0001618,0.00016373,1170783954.0
2024-09-29 16:00:00,0.00016373,0.00016652,0.00016336,0.00016497,3163690572.0
2024-09-29 17:00:00,0.00016497,0.00016708,0.00016458,0.00016501,2473979596.0
2024-09-29 18:00:00,0.00016501,0.00016587,0.00016372,0.00016372,2503218342.0
2024-09-29 19:00:00,0.00016372,0.00016655,0.00016347,0.00016637,2767896472.0
2024-09-29 20:00:00,0.00016637,0.0001691,0.00016422,0.00016436,3900119075.0
2024-09-29 21:00:00,0.00016436,0.00016661,0.00016356,0.00016386,2203712865.0
2024-09-29 22:00:00,0.00016386,0.00016534,0.00016113,0.00016164,1481513874.0
2024-09-29 23:00:00,0.00016164,0.00016275,0.00016085,0.00016217,2325479255.0
2024-09-30 00:00:00,0.00016217,0.00016397,0.00015933,0.00016397,2957227380.0
2024-09-30 01:00:00,0.00016397,0.00016482,0.00015881,0.00015911,2177819892.0
2024-09-30 02:00:00,0.00015911,0.00016038,0.00015817,0.00015829,2050742094.0
2024-09-30 03:00:00,0.00015829,0.00016095,0.00015692,0.00016095,1997382354.0
2024-09-30 04:00:00,0.00016095,0.00016112,0.00015817,0.00015983,928826984.0
2024-09-30 05:00:00,0.00015983,0.000164,0.0001591,0.00016385,1156658272.0
2024-09-30 06:00:00,0.00016385,0.00016542,0.0001633,0.0001633,2751321175.0
2024-09-30 07:00:00,0.0001633,0.00016526,0.00016298,0.00016339,1478508974.0
2024-09-30 08:00:00,0.00016339,0.0001636,0.00015996,0.00015996,1462983677.0
2024-09-30 09:00:00,0.00015996,0.0001602,0.00015686,0.00015689,3259129175.0
2024-09-30 10:00:00,0.00015689,0.00015796,0.00015556,0.00015745,2604965270.0
2024-09-30 11:00:00,0.00015745,0.00015925,0.00015621,0.00015896,3173965000.0
2024-09-30 12:00:00,0.00015896,0.00015952,0.00015739,0.00015919,1176245894.0
2024-09-30 13:00:00,0.00015919,0.00016107,0.00015815,0.00015945,882607782.0
2024-09-30 14:00:00,0.00015945,0.00016362,0.00015798,0.00016088,2216075664.0
2024-09-30 15:00:00,0.00016088,0.00016182,0.00015652,0.00015661,1786581649.0
2024-09-30 16:00:00,0.00015661,0.00015898,0.00015661,0.00015776,825716131.0
2024-09-30 17:00:00,0.00015776,0.00016015,0.00015721,0.00016015,675769133.0
2024-09-30 18:00:00,0.00016015,0.00016063,0.00015717,0.00015871,1078388883.0
2024-09-30 19:00:00,0.00015871,0.00015889,0.00015687,0.00015743,659995041.0
2024-09-30 20:00:00,0.00015743,0.00016074,0.00015711,0.00016025,1112926985.0
2024-09-30 21:00:00,0.00016025,0.00016029,0.00015818,0.00015822,2269964495.0
2024-09-30 22:00:00,0.00015822,0.00015851,0.00015475,0.00015476,1484365922.0
2024-09-30 23:00:00,0.00015476,0.00015539,0.00015142,0.00015316,6329269548.0
2024-10-01 00:00:00,0.00015316,0.0001567,0.00015212,0.00015648,1186638765.0
2024-10-01 01:00:00,0.00015648,0.00015818,0.00015602,0.00015619,1252356310.0
2024-10-01 02:00:00,0.00015619,0.0001565,0.0001544,0.0001565,653840568.0
2024-10-01 03:00:00,0.0001565,0.00015851,0.00015606,0.00015825,1072735622.0
2024-10-01 04:00:00,0.00015825,0.00016196,0.0001575,0.00016137,1926190131.0
2024-10-01 05:00:00,0.00016137,0.00016144,0.00015872,0.00015908,1710130992.0
2024-10-01 06:00:00,0.00015908,0.00016333,0.00015899,0.00016121,3500854596.0
2024-10-01 07:00:00,0.00016121,0.0001619,0.00015962,0.00016077,2152387937.0
2024-10-01 08:00:00,0.00016077,0.00016207,0.0001588,0.00015961,4927924627.0
2024-10-01 09:00:00,0.00015961,0.00016168,0.00015937,0.00015989,1808980144.0
2024-10-01 10:00:00,0.00015989,0.00016237,0.00015989,0.00016133,646488662.0
2024-10-01 11:00:00,0.00016133,0.0001624,0.0001597,0.00015982,2436938933.0
2024-10-01 12:00:00,0.00015982,0.00016213,0.00015946,0.00016046,1235473559.0
2024-10-01 13:00:00,0.00016046,0.00016077,0.00015335,0.00015533,6597061228.0
2024-10-01 14:00:00,0.00015533,0.00015682,0.00014996,0.00015023,4482639729.0
2024-10-01 15:00:00,0.00015023,0.00015041,0.00014158,0.00014829,11377794181.0
2024-10-01 16:00:00,0.00014829,0.00014919,0.00014203,0.00014459,6317600112.0
2024-10-01 17:00:00,0.00014459,0.00014459,0.00013179,0.00014201,14283030429.0
2024-10-01 18:00:00,0.00014201,0.000144,0.00013936,0.00013992,4136008169.0
2024-10-01 19:00:00,0.00013992,0.00014086,0.00013785,0.00013821,3509787559.0
2024-10-01 20:00:00,0.00013821,0.00013895,0.00013404,0.00013754,2407738023.0
2024-10-01 21:00:00,0.00013754,0.00013856,0.00013606,0.00013849,930354667.0
2024-10-01 22:00:00,0.00013849,0.00013849,0.0001358,0.00013646,728949937.0
2024-10-01 23:00:00,0.00013646,0.00013764,0.00013554,0.00013675,721292153.0
2024-10-02 00:00:00,0.00013675,0.00013822,0.00013479,0.00013639,978353588.0
2024-10-02 01:00:00,0.00013639,0.00013908,0.00013597,0.00013875,1273309777.0
2024-10-02 02:00:00,0.00013875,0.00014086,0.00013817,0.00013997,595720432.0
2024-10-02 03:00:00,0.00013997,0.00014111,0.00013954,0.00014043,2328717551.0
2024-10-02 04:00:00,0.00014043,0.00014046,0.00013863,0.00013955,1693492946.0
2024-10-02 05:00:00,0.00013955,0.00014087,0.00013929,0.00014031,1188481807.0
2024-10-02 06:00:00,0.00014031,0.0001434,0.00013932,0.00014275,2782407733.0
2024-10-02 07:00:00,0.00014275,0.00014423,0.00014155,0.00014262,9945514819.0
2024-10-02 08:00:00,0.00014262,0.00014309,0.0001413,0.00014219,2162810067.0
2024-10-02 09:00:00,0.00014219,0.0001426,0.00013765,0.00013819,3633777472.0
2024-10-02 10:00:00,0.00013819,0.00013992,0.00013659,0.00013659,1588641574.0
2024-10-02 11:00:00,0.00013659,0.00013785,0.00013538,0.0001365,1386472827.0
2024-10-02 12:00:00,0.0001365,0.00013707,0.00013379,0.00013417,1925867328.0
2024-10-02 13:00:00,0.00013417,0.00013829,0.00013279,0.00013756,3358092821.0
2024-10-02 14:00:00,0.00013756,0.00013862,0.00013585,0.00013597,1511447909.0
2024-10-02 15:00:00,0.00013597,0.00013897,0.00013582,0.0001377,803030046.0
2024-10-02 16:00:00,0.0001377,0.0001406,0.00013724,0.0001375,1545616172.0
2024-10-02 17:00:00,0.0001375,0.00013756,0.00013554,0.00013656,647770545.0
2024-10-02 18:00:00,0.00013656,0.00013688,0.00013185,0.00013192,8388061522.0
2024-10-02 19:00:00,0.00013192,0.00013292,0.00012961,0.000132,2941565705.0
2024-10-02 20:00:00,0.000132,0.00013542,0.00013058,0.00013406,1116571182.0
2024-10-02 21:00:00,0.00013406,0.00013491,0.0001325,0.00013282,489198137.0
2024-10-02 22:00:00,0.00013282,0.00013391,0.00013136,0.0001338,563007023.0
2024-10-02 23:00:00,0.0001338,0.00013401,0.00013309,0.00013334,346447674.0
2024-10-03 00:00:00,0.00013334,0.00013546,0.00013189,0.0001343,570443596.0
2024-10-03 01:00:00,0.0001343,0.00013584,0.00013371,0.00013449,608354656.0
2024-10-03 02:00:00,0.00013449,0.00013532,0.00013394,0.00013432,433998890.0
2024-10-03 03:00:00,0.00013432,0.00013497,0.00013329,0.00013475,371541950.0
2024-10-03 04:00:00,0.00013475,0.00013486,0.00013313,0.00013338,779014752.0
2024-10-03 05:00:00,0.00013338,0.00013388,0.00013233,0.00013273,727897500.0
2024-10-03 06:00:00,0.00013273,0.00013378,0.00013249,0.00013338,496908512.0
2024-10-03 07:00:00,0.00013338,0.00013421,0.0001308,0.00013081,591796972.0
2024-10-03 08:00:00,0.00013081,0.00013094,0.00012729,0.00012747,5883922391.0
2024-10-03 09:00:00,0.00012747,0.00012965,0.00012539,0.00012943,3079045607.0
2024-10-03 10:00:00,0.00012943,0.00013076,0.00012875,0.00013066,623743048.0
2024-10-03 11:00:00,0.00013066,0.00013108,0.00012849,0.00012856,719440911.0
2024-10-03 12:00:00,0.00012856,0.00012935,0.00012689,0.00012816,1419601385.0
2024-10-03 13:00:00,0.00012816,0.00012938,0.00012582,0.00012844,1389197192.0
2024-10-03 14:00:00,0.00012844,0.00013104,0.00012623,0.00012627,2322994902.0
2024-10-03 15:00:00,0.00012627,0.00012849,0.00012412,0.00012792,2300643109.0
2024-10-03 16:00:00,0.00012792,0.00012871,0.00012466,0.00012582,1014784044.0
2024-10-03 17:00:00,0.00012582,0.00012786,0.00012453,0.00012714,720802206.0
2024-10-03 18:00:00,0.00012714,0.00012825,0.00012658,0.00012738,642786746.0
2024-10-03 19:00:00,0.00012738,0.00012896,0.00012682,0.00012869,1040709180.0
2024-10-03 20:00:00,0.00012869,0.00012939,0.00012719,0.00012725,959203329.0
2024-10-03 21:00:00,0.00012725,0.00012832,0.00012601,0.00012793,327604945.0
2024-10-03 22:00:00,0.00012793,0.00012892,0.00012704,0.00012833,622877582.0
2024-10-03 23:00:00,0.00012833,0.00012912,0.00012757,0.00012815,378184816.0
2024-10-04 00:00:00,0.00012815,0.00012911,0.00012669,0.00012688,666442118.0
2024-10-04 01:00:00,0.00012688,0.00013092,0.00012672,0.00013018,573697828.0
2024-10-04 02:00:00,0.00013018,0.00013071,0.00012873,0.00012915,792637710.0
2024-10-04 03:00:00,0.00012915,0.0001293,0.00012787,0.00012855,820746208.0
2024-10-04 04:00:00,0.00012855,0.00013055,0.00012842,0.00012877,1289527066.0
2024-10-04 05:00:00,0.00012877,0.00013059,0.0001284,0.00013047,602195407.0
2024-10-04 06:00:00,0.00013047,0.00013162,0.0001296,0.0001301,536143979.0
2024-10-04 07:00:00,0.0001301,0.0001323,0.00012954,0.00013185,1295190115.0
2024-10-04 08:00:00,0.00013185,0.00013487,0.00013161,0.0001329,2122561856.0
2024-10-04 09:00:00,0.0001329,0.00013487,0.00013213,0.00013302,1892351955.0
2024-10-04 10:00:00,0.00013302,0.00013441,0.00013259,0.00013276,824318002.0
2024-10-04 11:00:00,0.00013276,0.00013472,0.00013256,0.00013449,747182480.0
2024-10-04 12:00:00,0.00013449,0.00013592,0.00013257,0.0001359,2252205880.0
2024-10-04 13:00:00,0.0001359,0.00013688,0.00013378,0.00013493,1443204253.0
2024-10-04 14:00:00,0.00013493,0.00013501,0.00013183,0.00013355,1274509173.0
2024-10-04 15:00:00,0.00013355,0.00013584,0.00013355,0.00013553,974458224.0
2024-10-04 16:00:00,0.00013553,0.00013784,0.00013441,0.00013659,2061051073.0
2024-10-04 17:00:00,0.00013659,0.00013759,0.00013514,0.00013684,1081306082.0
2024-10-04 18:00:00,0.00013684,0.00013782,0.00013601,0.00013781,698302765.0
2024-10-04 19:00:00,0.00013781,0.00013848,0.0001372,0.00013809,849064213.0
2024-10-04 20:00:00,0.00013809,0.00013812,0.00013666,0.00013765,791761289.0
2024-10-04 21:00:00,0.00013765,0.00013796,0.00013605,0.00013629,425522641.0
2024-10-04 22:00:00,0.00013629,0.00013676,0.00013535,0.00013594,546250746.0
2024-10-04 23:00:00,0.00013594,0.00013649,0.00013548,0.00013613,381375116.0
2024-10-05 00:00:00,0.00013613,0.00013815,0.00013613,0.00013815,564164315.0
2024-10-05 01:00:00,0.00013815,0.00013845,0.00013658,0.00013703,379838829.0
2024-10-05 02:00:00,0.00013703,0.00013741,0.00013555,0.00013555,6276764083.0
2024-10-05 03:00:00,0.00013555,0.00013574,0.00013387,0.0001339,646376925.0
2024-10-05 04:00:00,0.0001339,0.00013516,0.00013352,0.00013412,8780286228.0
2024-10-05 05:00:00,0.00013412,0.00013645,0.00013405,0.00013636,663968348.0
2024-10-05 06:00:00,0.00013636,0.00013687,0.00013515,0.00013673,393173614.0
2024-10-05 07:00:00,0.00013673,0.00013706,0.0001354,0.00013544,669680639.0
2024-10-05 08:00:00,0.00013544,0.000137,0.00013526,0.00013663,443540934.0
2024-10-05 09:00:00,0.00013663,0.00013732,0.00013611,0.00013622,385571568.0
2024-10-05 10:00:00,0.00013622,0.00013665,0.00013506,0.00013525,540747917.0
2024-10-05 11:00:00,0.00013525,0.00013578,0.00013494,0.00013551,378434643.0
2024-10-05 12:00:00,0.00013551,0.00013637,0.00013536,0.00013637,265487443.0
2024-10-05 13:00:00,0.00013637,0.00013703,0.00013422,0.0001346,701281730.0
2024-10-05 14:00:00,0.0001346,0.00013566,0.00013414,0.00013508,394103253.0
2024-10-05 15:00:00,0.00013508,0.00013539,0.000134,0.00013461,222936179.0
2024-10-05 16:00:00,0.00013461,0.00013479,0.00013236,0.00013239,3376838539.0
2024-10-05 17:00:00,0.00013239,0.00013296,0.00013178,0.00013256,4232145563.0
2024-10-05 18:00:00,0.00013256,0.00013295,0.0001313,0.00013151,584857903.0
2024-10-05 19:00:00,0.00013151,0.00013158,0.00013028,0.0001306,3158087662.0
2024-10-05 20:00:00,0.0001306,0.00013091,0.0001294,0.00012951,673781016.0
2024-10-05 21:00:00,0.00012951,0.00013157,0.000129,0.00013079,508390191.0
2024-10-05 22:00:00,0.00013079,0.00013289,0.00013067,0.00013263,2696230927.0
2024-10-05 23:00:00,0.00013263,0.00013263,0.00013182,0.00013243,239104353.0
2024-10-06 00:00:00,0.00013243,0.00013245,0.00013123,0.00013179,2661393378.0
2024-10-06 01:00:00,0.00013179,0.00013442,0.00013173,0.00013406,458127989.0
2024-10-06 02:00:00,0.00013406,0.00013412,0.00013259,0.00013267,230341975.0
2024-10-06 03:00:00,0.00013267,0.00013328,0.0001317,0.0001318,272510322.0
2024-10-06 04:00:00,0.0001318,0.00013286,0.00013158,0.00013195,535349453.0
2024-10-06 05:00:00,0.00013195,0.00013261,0.00013172,0.00013221,348123059.0
2024-10-06 06:00:00,0.00013221,0.000133,0.00013209,0.0001322,798456086.0
2024-10-06 07:00:00,0.0001322,0.00013287,0.0001322,0.00013258,602902516.0
2024-10-06 08:00:00,0.00013258,0.00013333,0.00013222,0.00013278,329651902.0
2024-10-06 09:00:00,0.00013278,0.00013407,0.00013274,0.00013326,1803233645.0
2024-10-06 10:00:00,0.00013326,0.00013348,0.00013238,0.00013249,506271385.0
2024-10-06 11:00:00,0.00013249,0.0001339,0.00013245,0.00013352,196772008.0
2024-10-06 12:00:00,0.00013352,0.00013442,0.00013299,0.00013438,611799180.0
2024-10-06 13:00:00,0.00013438,0.00013593,0.00013438,0.00013564,1098928870.0
2024-10-06 14:00:00,0.00013564,0.00014064,0.00013516,0.00014015,2484001802.0
2024-10-06 15:00:00,0.00014015,0.00014064,0.00013773,0.00013972,2157091016.0
2024-10-06 16:00:00,0.00013972,0.00014142,0.00013887,0.00013891,2666398904.0
2024-10-06 17:00:00,0.00013891,0.00013966,0.0001376,0.00013794,1234433051.0
2024-10-06 18:00:00,0.00013794,0.00013892,0.00013787,0.00013845,1986123668.0
2024-10-06 19:00:00,0.00013845,0.00014017,0.00013716,0.00013737,1579387959.0
2024-10-06 20:00:00,0.00013737,0.00013845,0.00013723,0.00013785,798620360.0
2024-10-06 21:00:00,0.00013785,0.0001383,0.00013582,0.000136,861496605.0
2024-10-06 22:00:00,0.000136,0.00013791,0.00013595,0.0001379,307068819.0
2024-10-06 23:00:00,0.0001379,0.00014043,0.0001379,0.00014039,830574844.0
2024-10-07 00:00:00,0.00014039,0.00014403,0.00013947,0.0001437,7126794580.0
2024-10-07 01:00:00,0.0001437,0.00014558,0.00014334,0.00014492,1996195710.0
2024-10-07 02:00:00,0.00014492,0.00014616,0.00014395,0.00014447,4573868047.0
2024-10-07 03:00:00,0.00014447,0.0001459,0.00014379,0.00014567,4100125665.0
2024-10-07 04:00:00,0.00014567,0.00014625,0.0001437,0.00014373,1410225515.0
2024-10-07 05:00:00,0.00014373,0.00014494,0.00014315,0.00014331,1262618874.0
2024-10-07 06:00:00,0.00014331,0.00014494,0.00014324,0.00014444,1637723626.0
2024-10-07 07:00:00,0.00014444,0.00014468,0.00014347,0.00014416,2072956996.0
2024-10-07 08:00:00,0.00014416,0.00014524,0.00014382,0.00014392,1662516893.0
2024-10-07 09:00:00,0.00014392,0.00014417,0.00014024,0.00014169,2111567426.0
2024-10-07 10:00:00,0.00014169,0.00014169,0.00013849,0.00013895,2577451677.0
2024-10-07 11:00:00,0.00013895,0.00014088,0.00013775,0.00014075,1705173300.0
2024-10-07 12:00:00,0.00014075,0.00014075,0.00013852,0.00013885,1465561224.0
2024-10-07 13:00:00,0.00013885,0.00014223,0.00013865,0.00014144,1470108592.0
2024-10-07 14:00:00,0.00014144,0.00014668,0.00014144,0.00014462,3506289466.0
2024-10-07 15:00:00,0.00014462,0.00014478,0.00014219,0.00014261,1399399161.0
2024-10-07 16:00:00,0.00014261,0.00014582,0.00014184,0.00014553,972940098.0
2024-10-07 17:00:00,0.00014553,0.00014579,0.00014338,0.00014423,671036134.0
2024-10-07 18:00:00,0.00014423,0.0001444,0.000139,0.00013964,3355908992.0
2024-10-07 19:00:00,0.00013964,0.00014175,0.00013939,0.00014132,557554680.0
2024-10-07 20:00:00,0.00014132,0.00014182,0.00013935,0.00013948,2144519049.0
2024-10-07 21:00:00,0.00013948,0.00014229,0.00013931,0.00014216,2488106501.0
2024-10-07 22:00:00,0.00014216,0.00014216,0.00013867,0.00013887,1237003331.0
2024-10-07 23:00:00,0.00013887,0.00013905,0.00013648,0.00013684,2229937416.0
2024-10-08 00:00:00,0.00013684,0.00013883,0.00013666,0.0001382,818081701.0
2024-10-08 01:00:00,0.0001382,0.00013964,0.00013683,0.00013839,697925458.0
2024-10-08 02:00:00,0.00013839,0.00013914,0.00013719,0.00013879,598431199.0
2024-10-08 03:00:00,0.00013879,0.00013964,0.00013791,0.00013921,7017533008.0
2024-10-08 04:00:00,0.00013921,0.0001411,0.00013849,0.00013894,906569497.0
2024-10-08 05:00:00,0.00013894,0.00013943,0.00013544,0.00013662,3562581132.0
2024-10-08 06:00:00,0.00013662,0.00013722,0.0001351,0.00013693,1020331425.0
2024-10-08 07:00:00,0.00013693,0.00013693,0.00013389,0.00013502,1735824015.0
2024-10-08 08:00:00,0.00013502,0.00013657,0.00013417,0.00013568,1694119906.0
2024-10-08 09:00:00,0.00013568,0.00013638,0.00013456,0.0001361,1206069328.0
2024-10-08 10:00:00,0.0001361,0.0001365,0.00013509,0.00013582,524209483.0
2024-10-08 11:00:00,0.00013582,0.0001371,0.00013538,0.00013695,864972062.0
2024-10-08 12:00:00,0.00013695,0.00013732,0.00013466,0.00013492,1172873522.0
2024-10-08 13:00:00,0.00013492,0.00013747,0.00013337,0.00013745,3744601715.0
2024-10-08 14:00:00,0.00013745,0.00013865,0.0001343,0.00013676,2719502784.0
2024-10-08 15:00:00,0.00013676,0.00013686,0.0001326,0.00013416,2938619631.0
2024-10-08 16:00:00,0.00013416,0.00013736,0.00013286,0.00013673,1798460361.0
2024-10-08 17:00:00,0.00013673,0.00013673,0.00013442,0.00013567,509442454.0
2024-10-08 18:00:00,0.00013567,0.00013716,0.00013398,0.00013487,518134983.0
2024-10-08 19:00:00,0.00013487,0.00013626,0.00013365,0.00013557,476371402.0
2024-10-08 20:00:00,0.00013557,0.00013619,0.00013511,0.00013599,436257786.0
2024-10-08 21:00:00,0.00013599,0.00013666,0.00013556,0.00013623,736721604.0
2024-10-08 22:00:00,0.00013623,0.00013623,0.00013442,0.00013451,473217226.0
2024-10-08 23:00:00,0.00013451,0.00013511,0.00013322,0.00013493,737918813.0
2024-10-09 00:00:00,0.00013493,0.00013635,0.00013444,0.00013587,591411381.0
2024-10-09 01:00:00,0.00013587,0.00013838,0.00013574,0.00013796,826959305.0
2024-10-09 02:00:00,0.00013796,0.00013817,0.00013638,0.00013646,269766926.0
2024-10-09 03:00:00,0.00013646,0.0001372,0.00013579,0.00013653,727105584.0
2024-10-09 04:00:00,0.00013653,0.00013722,0.00013559,0.00013617,333524540.0
2024-10-09 05:00:00,0.00013617,0.00014063,0.00013612,0.00014013,1797951257.0
2024-10-09 06:00:00,0.00014013,0.00014155,0.00013868,0.00013904,4580224915.0
2024-10-09 07:00:00,0.00013904,0.00013919,0.00013728,0.00013798,919529912.0
2024-10-09 08:00:00,0.00013798,0.00013856,0.0001366,0.00013701,604676069.0
2024-10-09 09:00:00,0.00013701,0.00013797,0.00013667,0.00013731,697323947.0
2024-10-09 10:00:00,0.00013731,0.00013731,0.0001363,0.00013722,824974081.0
2024-10-09 11:00:00,0.00013722,0.00013784,0.00013668,0.00013758,840307152.0
2024-10-09 12:00:00,0.00013758,0.00013758,0.00013351,0.00013458,3247329521.0
2024-10-09 13:00:00,0.00013458,0.00013458,0.00013175,0.0001318,2611922161.0
2024-10-09 14:00:00,0.0001318,0.00013285,0.00013063,0.00013094,2085599668.0
2024-10-09 15:00:00,0.00013094,0.00013592,0.00013094,0.00013531,1575201013.0
2024-10-09 16:00:00,0.00013531,0.00013538,0.00013192,0.00013234,2383476626.0
2024-10-09 17:00:00,0.00013234,0.00013292,0.00013141,0.00013218,1018135272.0
2024-10-09 18:00:00,0.00013218,0.00013277,0.00013053,0.00013119,863492928.0
2024-10-09 19:00:00,0.00013119,0.00013161,0.00013003,0.00013075,1016425035.0
2024-10-09 20:00:00,0.00013075,0.00013083,0.00012821,0.00012829,1396747473.0
2024-10-09 21:00:00,0.00012829,0.00013027,0.00012814,0.00013002,661944366.0
2024-10-09 22:00:00,0.00013002,0.00013002,0.00012888,0.00012956,223187188.0
2024-10-09 23:00:00,0.00012956,0.00012996,0.00012925,0.00012948,762229371.0
2024-10-10 00:00:00,0.00012948,0.00013017,0.0001285,0.00012976,668619405.0
2024-10-10 01:00:00,0.00012976,0.00013184,0.00012974,0.00013094,699027980.0
2024-10-10 02:00:00,0.00013094,0.0001313,0.00013062,0.00013107,396073058.0
2024-10-10 03:00:00,0.00013107,0.00013207,0.00013095,0.00013117,578317374.0
2024-10-10 04:00:00,0.00013117,0.00013174,0.00013088,0.00013113,322214249.0
2024-10-10 05:00:00,0.00013113,0.00013338,0.00013075,0.00013277,530729073.0
2024-10-10 06:00:00,0.00013277,0.00013348,0.00013204,0.00013339,693134711.0
2024-10-10 07:00:00,0.00013339,0.00013339,0.00013163,0.00013169,578997341.0
2024-10-10 08:00:00,0.00013169,0.00013251,0.00013028,0.00013044,458240348.0
2024-10-10 09:00:00,0.00013044,0.00013098,0.00012891,0.00012999,1031979430.0
2024-10-10 10:00:00,0.00012999,0.00013224,0.00012992,0.00013176,735270133.0
2024-10-10 11:00:00,0.00013176,0.00013433,0.00013173,0.00013409,1213908812.0
2024-10-10 12:00:00,0.00013409,0.00013447,0.00013025,0.00013105,2403141830.0
2024-10-10 13:00:00,0.00013105,0.00013285,0.00012922,0.00013042,1557960033.0
2024-10-10 14:00:00,0.00013042,0.00013112,0.00012865,0.00013031,718172987.0
2024-10-10 15:00:00,0.00013031,0.00013136,0.00012903,0.0001311,426875133.0
2024-10-10 16:00:00,0.0001311,0.00013232,0.0001288,0.00012887,523256293.0
2024-10-10 17:00:00,0.00012887,0.00012954,0.00012588,0.00012654,2177478502.0
2024-10-10 18:00:00,0.00012654,0.00012861,0.00012561,0.00012841,1145869203.0
2024-10-10 19:00:00,0.00012841,0.00012954,0.00012806,0.0001293,711350742.0
2024-10-10 20:00:00,0.0001293,0.0001304,0.00012883,0.00012955,761866644.0
2024-10-10 21:00:00,0.00012955,0.00013116,0.00012904,0.00013116,246413930.0
2024-10-10 22:00:00,0.00013116,0.00013119,0.00012994,0.00013062,750319428.0
2024-10-10 23:00:00,0.00013062,0.00013155,0.00013054,0.00013133,518992947.0
2024-10-11 00:00:00,0.00013133,0.0001328,0.0001309,0.00013178,1270156086.0
2024-10-11 01:00:00,0.00013178,0.0001331,0.00013036,0.00013267,773491364.0
2024-10-11 02:00:00,0.00013267,0.00013286,0.00013154,0.00013207,556817216.0
2024-10-11 03:00:00,0.00013207,0.00013261,0.00013186,0.00013192,312997567.0
2024-10-11 04:00:00,0.00013192,0.00013261,0.00013109,0.00013138,1112618583.0
2024-10-11 05:00:00,0.00013138,0.00013225,0.00013088,0.00013111,626305240.0
2024-10-11 06:00:00,0.00013111,0.00013328,0.00013104,0.00013275,1946724197.0
2024-10-11 07:00:00,0.00013275,0.00013306,0.00013217,0.00013224,531092774.0
2024-10-11 08:00:00,0.00013224,0.00013324,0.00013216,0.00013272,587952370.0
2024-10-11 09:00:00,0.00013272,0.00013432,0.00013263,0.00013426,688096165.0
2024-10-11 10:00:00,0.00013426,0.00013486,0.00013358,0.00013403,884488174.0
2024-10-11 11:00:00,0.00013403,0.00013414,0.00013328,0.00013338,316809962.0
2024-10-11 12:00:00,0.00013338,0.00013483,0.00013336,0.00013479,714588962.0
2024-10-11 13:00:00,0.00013479,0.00013591,0.00013382,0.00013575,1030905264.0
2024-10-11 14:00:00,0.00013575,0.00013666,0.00013527,0.00013642,1759571904.0
2024-10-11 15:00:00,0.00013642,0.00013916,0.00013642,0.00013857,2523938112.0
2024-10-11 16:00:00,0.00013857,0.00013923,0.00013758,0.00013803,1666267759.0
2024-10-11 17:00:00,0.00013803,0.00013956,0.00013745,0.00013956,808517836.0
2024-10-11 18:00:00,0.00013956,0.00013963,0.0001379,0.00013833,1510329903.0
2024-10-11 19:00:00,0.00013833,0.00013971,0.0001379,0.00013835,991159863.0
2024-10-11 20:00:00,0.00013835,0.00013878,0.000138,0.00013868,352345201.0
2024-10-11 21:00:00,0.00013868,0.0001393,0.00013812,0.00013815,2709094784.0
2024-10-11 22:00:00,0.00013815,0.00013867,0.00013729,0.00013758,948280288.0
2024-10-11 23:00:00,0.00013758,0.0001383,0.00013681,0.00013728,444335063.0
2024-10-12 00:00:00,0.00013728,0.00013973,0.00013728,0.00013887,1083398225.0
2024-10-12 01:00:00,0.00013887,0.00013951,0.00013821,0.00013893,537323256.0
2024-10-12 02:00:00,0.00013893,0.00013893,0.00013729,0.00013737,822368173.0
2024-10-12 03:00:00,0.00013737,0.00013838,0.00013685,0.00013727,733751363.0
2024-10-12 04:00:00,0.00013727,0.00013854,0.00013727,0.00013773,773620225.0
2024-10-12 05:00:00,0.00013773,0.00013835,0.00013747,0.00013826,615393100.0
2024-10-12 06:00:00,0.00013826,0.00013962,0.00013815,0.00013859,900192926.0
2024-10-12 07:00:00,0.00013859,0.00013916,0.00013811,0.00013916,715972898.0
2024-10-12 08:00:00,0.00013916,0.00013945,0.00013854,0.00013925,510419460.0
2024-10-12 09:00:00,0.00013925,0.00013934,0.00013824,0.00013913,618953514.0
2024-10-12 10:00:00,0.00013913,0.00014098,0.0001387,0.00014093,1274362952.0
2024-10-12 11:00:00,0.00014093,0.0001425,0.00014026,0.00014035,4324917678.0
2024-10-12 12:00:00,0.00014035,0.00014085,0.00013953,0.00014054,1250035980.0
2024-10-12 13:00:00,0.00014054,0.0001418,0.00013964,0.0001407,928691201.0
2024-10-12 14:00:00,0.0001407,0.00014272,0.00014024,0.0001413,783511541.0
2024-10-12 15:00:00,0.0001413,0.00014187,0.00013967,0.00014013,1048065469.0
2024-10-12 16:00:00,0.00014013,0.00014154,0.00013956,0.00013961,824347879.0
2024-10-12 17:00:00,0.00013961,0.0001404,0.00013879,0.00013922,987718586.0
2024-10-12 18:00:00,0.00013922,0.00013964,0.00013757,0.00013819,1275386322.0
2024-10-12 19:00:00,0.00013819,0.00013897,0.00013771,0.00013866,415956866.0
2024-10-12 20:00:00,0.00013866,0.00013957,0.00013866,0.00013944,457418504.0
2024-10-12 21:00:00,0.00013944,0.00014146,0.00013943,0.00014049,693191015.0
2024-10-12 22:00:00,0.00014049,0.00014076,0.00013947,0.00014014,956199360.0
2024-10-12 23:00:00,0.00014014,0.00014031,0.00013938,0.00013963,515411704.0
2024-10-13 00:00:00,0.00013963,0.00014056,0.00013916,0.0001392,793243560.0
2024-10-13 01:00:00,0.0001392,0.0001392,0.00013756,0.00013786,803955341.0
2024-10-13 02:00:00,0.00013786,0.00013939,0.00013786,0.00013925,530462968.0
2024-10-13 03:00:00,0.00013925,0.00013956,0.00013725,0.00013748,990564872.0
2024-10-13 04:00:00,0.00013748,0.00013867,0.00013745,0.00013843,379139062.0
2024-10-13 05:00:00,0.00013843,0.00013939,0.0001382,0.00013886,435584171.0
2024-10-13 06:00:00,0.00013886,0.00013967,0.00013855,0.00013859,301768263.0
2024-10-13 07:00:00,0.00013859,0.0001389,0.00013733,0.0001384,1187755169.0
2024-10-13 08:00:00,0.0001384,0.00013941,0.0001379,0.00013823,885497463.0
2024-10-13 09:00:00,0.00013823,0.00013938,0.00013814,0.00013855,587432284.0
2024-10-13 10:00:00,0.00013855,0.00013916,0.00013798,0.00013807,533200268.0
2024-10-13 11:00:00,0.00013807,0.00013903,0.00013563,0.0001359,2685539362.0
2024-10-13 12:00:00,0.0001359,0.00013766,0.0001359,0.00013688,753705685.0
2024-10-13 13:00:00,0.00013688,0.00013771,0.00013666,0.00013717,272482394.0
2024-10-13 14:00:00,0.00013717,0.00013728,0.00013389,0.0001343,1225567425.0
2024-10-13 15:00:00,0.0001343,0.00013494,0.00013224,0.0001334,1799687477.0
2024-10-13 16:00:00,0.0001334,0.00013523,0.00013298,0.00013493,1182930628.0
2024-10-13 17:00:00,0.00013493,0.00013604,0.00013387,0.00013399,441646064.0
2024-10-13 18:00:00,0.00013399,0.00013407,0.00013277,0.00013309,482275698.0
2024-10-13 19:00:00,0.00013309,0.0001339,0.00013309,0.00013373,265771947.0
2024-10-13 20:00:00,0.00013373,0.00013439,0.00013327,0.00013425,549599540.0
2024-10-13 21:00:00,0.00013425,0.00013704,0.00013424,0.00013621,2008654413.0
2024-10-13 22:00:00,0.00013621,0.00013889,0.00013573,0.00013623,1380768256.0
2024-10-13 23:00:00,0.00013623,0.0001368,0.00013549,0.00013671,422655661.0
2024-10-14 00:00:00,0.00013671,0.00013713,0.00013488,0.000135,610611097.0
2024-10-14 01:00:00,0.000135,0.00013781,0.00013497,0.00013627,549384785.0
2024-10-14 02:00:00,0.00013627,0.00013635,0.00013483,0.00013574,538966948.0
2024-10-14 03:00:00,0.00013574,0.00014357,0.00013563,0.00014342,1909762741.0
2024-10-14 04:00:00,0.00014342,0.00014599,0.00014263,0.00014489,2154062732.0
2024-10-14 05:00:00,0.00014489,0.00014604,0.00014309,0.00014398,1458588432.0
2024-10-14 06:00:00,0.00014398,0.00014459,0.0001428,0.00014412,2282258552.0
2024-10-14 07:00:00,0.00014412,0.00014771,0.00014376,0.00014765,1533672917.0
2024-10-14 08:00:00,0.00014765,0.00014808,0.00014601,0.00014639,2052727120.0
2024-10-14 09:00:00,0.00014639,0.00014987,0.00014554,0.00014862,2258042476.0
2024-10-14 10:00:00,0.00014862,0.00014967,0.00014774,0.00014874,1825024965.0
2024-10-14 11:00:00,0.00014874,0.0001501,0.00014812,0.0001482,2458904057.0
2024-10-14 12:00:00,0.0001482,0.00014956,0.00014777,0.00014793,2938046710.0
2024-10-14 13:00:00,0.00014793,0.00014957,0.00014715,0.00014919,4829500410.0
2024-10-14 14:00:00,0.00014919,0.00015147,0.00014911,0.00014983,3239073078.0
2024-10-14 15:00:00,0.00014983,0.00015119,0.00014904,0.00015025,3827475060.0
2024-10-14 16:00:00,0.00015025,0.00015059,0.00014759,0.00014895,1849800119.0
2024-10-14 17:00:00,0.00014895,0.0001507,0.00014824,0.00015014,2890528061.0
2024-10-14 18:00:00,0.00015014,0.00015087,0.00014942,0.00014995,1148875399.0
2024-10-14 19:00:00,0.00014995,0.00015179,0.00014983,0.00015048,869720287.0
2024-10-14 20:00:00,0.00015048,0.00015175,0.00015043,0.00015055,1236717964.0
2024-10-14 21:00:00,0.00015055,0.00015139,0.00014937,0.00014956,719532588.0
2024-10-14 22:00:00,0.00014956,0.00015462,0.00014956,0.00015462,6771255954.0
2024-10-14 23:00:00,0.00015462,0.00015487,0.0001523,0.0001529,1376453253.0
2024-10-15 00:00:00,0.0001529,0.00015806,0.00015267,0.00015326,4012763757.0
2024-10-15 01:00:00,0.00015326,0.00015453,0.00015202,0.00015347,900073642.0
2024-10-15 02:00:00,0.00015347,0.00015619,0.00015243,0.00015478,620091418.0
2024-10-15 03:00:00,0.00015478,0.00015491,0.00015095,0.00015251,1919247727.0
2024-10-15 04:00:00,0.00015251,0.00015454,0.00015182,0.00015315,742226294.0
2024-10-15 05:00:00,0.00015315,0.00015353,0.0001495,0.00015058,4855706660.0
2024-10-15 06:00:00,0.00015058,0.00015158,0.00014953,0.00015107,2788672255.0
2024-10-15 07:00:00,0.00015107,0.00015175,0.00014922,0.00014964,6184251092.0
2024-10-15 08:00:00,0.00014964,0.00015164,0.0001495,0.00015055,1583271322.0
2024-10-15 09:00:00,0.00015055,0.00015083,0.00014892,0.00014892,1083973619.0
2024-10-15 10:00:00,0.00014892,0.00015048,0.00014892,0.00014981,1876418175.0
2024-10-15 11:00:00,0.00014981,0.00015,0.0001425,0.00014341,8474958697.0
2024-10-15 12:00:00,0.00014341,0.00014758,0.00014296,0.00014684,2956296457.0
2024-10-15 13:00:00,0.00014684,0.00015361,0.00014576,0.00015293,3986947187.0
2024-10-15 14:00:00,0.00015293,0.00015528,0.00014454,0.00014618,7111795558.0
2024-10-15 15:00:00,0.00014618,0.00014751,0.00014261,0.00014623,3725893173.0
2024-10-15 16:00:00,0.00014623,0.00014987,0.00014588,0.00014734,1627764605.0
2024-10-15 17:00:00,0.00014734,0.00014841,0.00014638,0.00014738,876351673.0
2024-10-15 18:00:00,0.00014738,0.00014882,0.00014704,0.00014774,572246172.0
2024-10-15 19:00:00,0.00014774,0.00014828,0.00014627,0.00014715,816111425.0
2024-10-15 20:00:00,0.00014715,0.00014728,0.00014389,0.00014425,1207383617.0
2024-10-15 21:00:00,0.00014425,0.00014571,0.00014377,0.00014543,714998578.0
2024-10-15 22:00:00,0.00014543,0.00014635,0.00014487,0.00014519,336260135.0
2024-10-15 23:00:00,0.00014519,0.00014839,0.00014518,0.0001481,757069516.0
2024-10-16 00:00:00,0.0001481,0.00014816,0.00014633,0.00014633,373833432.0
2024-10-16 01:00:00,0.00014633,0.0001476,0.00014494,0.00014698,489753679.0
2024-10-16 02:00:00,0.00014698,0.00014963,0.0001467,0.0001468,1550323664.0
2024-10-16 03:00:00,0.0001468,0.00014724,0.0001448,0.00014522,595776993.0
2024-10-16 04:00:00,0.00014522,0.00014645,0.0001436,0.00014428,3287496223.0
2024-10-16 05:00:00,0.00014428,0.00014591,0.00014397,0.00014518,439152033.0
2024-10-16 06:00:00,0.00014518,0.00014562,0.00014273,0.00014349,787748034.0
2024-10-16 07:00:00,0.00014349,0.00014349,0.00014136,0.00014212,1074325985.0
2024-10-16 08:00:00,0.00014212,0.00014721,0.0001419,0.00014561,722575196.0
2024-10-16 09:00:00,0.00014561,0.00014921,0.00014476,0.00014804,2145076823.0
2024-10-16 10:00:00,0.00014804,0.00014981,0.00014769,0.00014814,1791317332.0
2024-10-16 11:00:00,0.00014814,0.00015064,0.00014705,0.00014821,1933153835.0
2024-10-16 12:00:00,0.00014821,0.00015033,0.0001473,0.00014812,8996355157.0
2024-10-16 13:00:00,0.00014812,0.00014951,0.00014569,0.0001466,1511350032.0
2024-10-16 14:00:00,0.0001466,0.00015143,0.00014629,0.00015092,3603304284.0
2024-10-16 15:00:00,0.00015092,0.00015202,0.00014775,0.00014837,5608630535.0
2024-10-16 16:00:00,0.00014837,0.00014952,0.00014657,0.00014942,1587745310.0
2024-10-16 17:00:00,0.00014942,0.00015033,0.00014793,0.00014952,7921746768.0
2024-10-16 18:00:00,0.00014952,0.00015052,0.00014854,0.00014856,1176980760.0
2024-10-16 19:00:00,0.00014856,0.00014984,0.00014772,0.0001496,535681515.0
2024-10-16 20:00:00,0.0001496,0.00015431,0.00014944,0.00015301,2610465704.0
2024-10-16 21:00:00,0.00015301,0.00015363,0.0001507,0.00015132,3601540857.0
2024-10-16 22:00:00,0.00015132,0.00015232,0.00015047,0.00015083,525937841.0
2024-10-16 23:00:00,0.00015083,0.00015083,0.00014856,0.00014882,912029482.0
2024-10-17 00:00:00,0.00014882,0.00015248,0.00014882,0.00014999,1425119943.0
2024-10-17 01:00:00,0.00014999,0.00015115,0.00014824,0.00015036,380046378.0
2024-10-17 02:00:00,0.00015036,0.00015076,0.00014737,0.00014745,1874008403.0
2024-10-17 03:00:00,0.00014745,0.00014928,0.00014743,0.00014852,1800368247.0
2024-10-17 04:00:00,0.00014852,0.00014929,0.00014654,0.00014656,1415331001.0
2024-10-17 05:00:00,0.00014656,0.00014699,0.00014496,0.00014551,770552628.0
2024-10-17 06:00:00,0.00014551,0.00014674,0.00014502,0.00014563,852461598.0
2024-10-17 07:00:00,0.00014563,0.000146,0.00014458,0.00014582,1741919699.0
2024-10-17 08:00:00,0.00014582,0.00014596,0.00014402,0.00014488,683134494.0
2024-10-17 09:00:00,0.00014488,0.0001455,0.00014369,0.00014385,605727777.0
2024-10-17 10:00:00,0.00014385,0.00014409,0.00014127,0.00014219,3159057561.0
2024-10-17 11:00:00,0.00014219,0.00014259,0.00013931,0.00013937,1616514181.0
2024-10-17 12:00:00,0.00013937,0.00014159,0.00013905,0.00014141,3064258556.0
2024-10-17 13:00:00,0.00014141,0.00014279,0.00013938,0.00014194,5850422060.0
2024-10-17 14:00:00,0.00014194,0.00014203,0.0001404,0.0001417,1576412908.0
2024-10-17 15:00:00,0.0001417,0.0001445,0.00014077,0.00014376,3344481274.0
2024-10-17 16:00:00,0.00014376,0.00014384,0.00014141,0.00014178,1268436373.0
2024-10-17 17:00:00,0.00014178,0.00014264,0.00013964,0.00014024,1028603648.0
2024-10-17 18:00:00,0.00014024,0.00014024,0.00013818,0.00013954,1570299382.0
2024-10-17 19:00:00,0.00013954,0.00014119,0.00013917,0.00014079,427205344.0
2024-10-17 20:00:00,0.00014079,0.000143,0.00014067,0.00014217,616100230.0
2024-10-17 21:00:00,0.00014217,0.00014371,0.00014186,0.00014208,2360393566.0
2024-10-17 22:00:00,0.00014208,0.00014283,0.00014173,0.00014272,495165576.0
2024-10-17 23:00:00,0.00014272,0.00014272,0.00014183,0.00014236,588852819.0
2024-10-18 00:00:00,0.00014236,0.00014453,0.00014181,0.00014425,671429908.0
2024-10-18 01:00:00,0.00014425,0.00015559,0.00014407,0.00015395,5212491042.0
2024-10-18 02:00:00,0.00015395,0.00015959,0.00015285,0.00015698,9720679475.0
2024-10-18 03:00:00,0.00015698,0.00015852,0.0001538,0.00015389,3982901500.0
2024-10-18 04:00:00,0.00015389,0.00015522,0.00015323,0.00015333,2622744156.0
2024-10-18 05:00:00,0.00015333,0.00015377,0.00015169,0.00015371,1765993454.0
2024-10-18 06:00:00,0.00015371,0.00015463,0.00015302,0.0001534,1511180060.0
2024-10-18 07:00:00,0.0001534,0.00015417,0.00015054,0.00015136,5545775348.0
2024-10-18 08:00:00,0.00015136,0.00015226,0.00015021,0.00015103,4136576894.0
2024-10-18 09:00:00,0.00015103,0.00015292,0.00015085,0.00015196,1217720007.0
2024-10-18 10:00:00,0.00015196,0.00015294,0.00015135,0.00015212,1074650450.0
2024-10-18 11:00:00,0.00015212,0.00015272,0.00015058,0.00015076,695265122.0
2024-10-18 12:00:00,0.00015076,0.00015207,0.00014919,0.00014948,2853479492.0
2024-10-18 13:00:00,0.00014948,0.00015202,0.00014938,0.00015156,1303835587.0
2024-10-18 14:00:00,0.00015156,0.00015327,0.00015058,0.00015242,2667604951.0
2024-10-18 15:00:00,0.00015242,0.00015311,0.00015139,0.00015209,905548987.0
2024-10-18 16:00:00,0.00015209,0.00015385,0.00015137,0.00015334,1649536704.0
2024-10-18 17:00:00,0.00015334,0.00015334,0.00015174,0.0001518,1538405111.0
2024-10-18 18:00:00,0.0001518,0.00015324,0.0001514,0.00015239,829668715.0
2024-10-18 19:00:00,0.00015239,0.00015262,0.00015138,0.00015147,5950452680.0
2024-10-18 20:00:00,0.00015147,0.00015228,0.00015096,0.00015101,343013232.0
2024-10-18 21:00:00,0.00015101,0.00015122,0.00015015,0.00015051,614811639.0
2024-10-18 22:00:00,0.00015051,0.00015148,0.00014982,0.00015132,579208172.0
2024-10-18 23:00:00,0.00015132,0.00015229,0.00015126,0.00015206,362427153.0
2024-10-19 00:00:00,0.00015206,0.00015292,0.00015161,0.00015218,434802883.0
2024-10-19 01:00:00,0.00015218,0.00015469,0.00015148,0.00015292,1977539263.0
2024-10-19 02:00:00,0.00015292,0.00015532,0.00015292,0.0001549,1384615619.0
2024-10-19 03:00:00,0.0001549,0.00016221,0.00015479,0.00015983,5276412638.0
2024-10-19 04:00:00,0.00015983,0.00016282,0.00015643,0.00015656,2591262945.0
2024-10-19 05:00:00,0.00015656,0.00016224,0.00015656,0.00016222,4509547977.0
2024-10-19 06:00:00,0.00016222,0.00016232,0.00016065,0.00016134,2811595142.0
2024-10-19 07:00:00,0.00016134,0.00016336,0.00016012,0.00016192,3160029373.0
2024-10-19 08:00:00,0.00016192,0.0001634,0.00016074,0.00016218,1210779762.0
2024-10-19 09:00:00,0.00016218,0.00016382,0.00016183,0.00016219,744201675.0
2024-10-19 10:00:00,0.00016219,0.00016355,0.00016102,0.00016223,2857547559.0
2024-10-19 11:00:00,0.00016223,0.00016286,0.00015908,0.00015913,2831262867.0
2024-10-19 12:00:00,0.00015913,0.00016267,0.00015911,0.00016117,1729498688.0
2024-10-19 13:00:00,0.00016117,0.00016177,0.00016017,0.00016061,1409316484.0
2024-10-19 14:00:00,0.00016061,0.00016274,0.00016048,0.00016236,2073029735.0
2024-10-19 15:00:00,0.00016236,0.00016249,0.00015931,0.0001598,882795071.0
2024-10-19 16:00:00,0.0001598,0.00016003,0.00015693,0.00015705,1872691825.0
2024-10-19 17:00:00,0.00015705,0.00015901,0.00015702,0.00015713,2129141654.0
2024-10-19 18:00:00,0.00015713,0.00015805,0.00015709,0.00015753,662279960.0
2024-10-19 19:00:00,0.00015753,0.00015799,0.00015558,0.00015566,2756755201.0
2024-10-19 20:00:00,0.00015566,0.00015656,0.00015557,0.00015645,1030621697.0
2024-10-19 21:00:00,0.00015645,0.00015882,0.00015641,0.00015774,771121513.0
2024-10-19 22:00:00,0.00015774,0.00015919,0.00015728,0.00015914,1474205106.0
2024-10-19 23:00:00,0.00015914,0.00015929,0.00015747,0.00015804,3381937428.0
2024-10-20 00:00:00,0.00015804,0.00015951,0.00015686,0.00015807,966804499.0
2024-10-20 01:00:00,0.00015807,0.00015847,0.00015572,0.00015582,4668095278.0
2024-10-20 02:00:00,0.00015582,0.00015667,0.00015513,0.00015537,922027345.0
2024-10-20 03:00:00,0.00015537,0.00015573,0.00015424,0.00015568,708974425.0
2024-10-20 04:00:00,0.00015568,0.00015663,0.00015379,0.00015562,1603972655.0
2024-10-20 05:00:00,0.00015562,0.00015699,0.00015537,0.00015551,764585975.0
2024-10-20 06:00:00,0.00015551,0.00015634,0.00015449,0.0001563,528755785.0
2024-10-20 07:00:00,0.0001563,0.00015677,0.00015515,0.00015537,1631856965.0
2024-10-20 08:00:00,0.00015537,0.00015602,0.00015415,0.00015475,880316298.0
2024-10-20 09:00:00,0.00015475,0.00015542,0.00015389,0.0001553,595196879.0
2024-10-20 10:00:00,0.0001553,0.00015563,0.00015466,0.00015475,294521581.0
2024-10-20 11:00:00,0.00015475,0.00015535,0.00015445,0.00015483,561156183.0
2024-10-20 12:00:00,0.00015483,0.00015529,0.00015237,0.0001524,1542222210.0
2024-10-20 13:00:00,0.0001524,0.00015433,0.00015224,0.0001539,1830518631.0
2024-10-20 14:00:00,0.0001539,0.00015615,0.0001539,0.00015524,1547895561.0
2024-10-20 15:00:00,0.00015524,0.00015535,0.00015332,0.00015514,1684315275.0
2024-10-20 16:00:00,0.00015514,0.00015534,0.00015424,0.00015524,1197166604.0
2024-10-20 17:00:00,0.00015524,0.00015573,0.00015451,0.00015525,1168973091.0
2024-10-20 18:00:00,0.00015525,0.00015744,0.00015512,0.00015663,1091307500.0
2024-10-20 19:00:00,0.00015663,0.00015675,0.0001551,0.00015538,512909210.0
2024-10-20 20:00:00,0.00015538,0.00015677,0.00015458,0.00015601,923062581.0
2024-10-20 21:00:00,0.00015601,0.00015697,0.00015548,0.00015556,720944367.0
2024-10-20 22:00:00,0.00015556,0.00015843,0.00015522,0.00015739,2707803866.0
2024-10-20 23:00:00,0.00015739,0.00015843,0.00015673,0.00015754,1059024444.0
2024-10-21 00:00:00,0.00015754,0.00016093,0.00015697,0.0001575,4107814205.0
2024-10-21 01:00:00,0.0001575,0.00015963,0.00015686,0.00015733,1738418032.0
2024-10-21 02:00:00,0.00015733,0.00015811,0.00015456,0.00015465,5303313113.0
2024-10-21 03:00:00,0.00015465,0.00015545,0.00015378,0.00015504,783496591.0
2024-10-21 04:00:00,0.00015504,0.00015679,0.00015359,0.00015679,978665632.0
2024-10-21 05:00:00,0.00015679,0.00015885,0.00015621,0.00015655,1462225293.0
2024-10-21 06:00:00,0.00015655,0.00015945,0.00015574,0.00015695,2836592653.0
2024-10-21 07:00:00,0.00015695,0.00015869,0.00015608,0.00015666,1377163347.0
2024-10-21 08:00:00,0.00015666,0.00015789,0.00015584,0.00015589,1385179365.0
2024-10-21 09:00:00,0.00015589,0.00015651,0.0001531,0.00015428,2798468114.0
2024-10-21 10:00:00,0.00015428,0.00015645,0.00015407,0.00015478,1769677205.0
2024-10-21 11:00:00,0.00015478,0.00015602,0.0001537,0.00015449,1111160818.0
2024-10-21 12:00:00,0.00015449,0.00015565,0.00015324,0.00015377,1087088878.0
2024-10-21 13:00:00,0.00015377,0.00015433,0.00014956,0.00015045,3900201384.0
2024-10-21 14:00:00,0.00015045,0.0001518,0.00014916,0.00014972,2347531597.0
2024-10-21 15:00:00,0.00014972,0.00015066,0.00014903,0.00015065,1969265415.0
2024-10-21 16:00:00,0.00015065,0.00015065,0.00014812,0.00014969,2344171464.0
2024-10-21 17:00:00,0.00014969,0.00015588,0.00014954,0.00015281,2870541439.0
2024-10-21 18:00:00,0.00015281,0.00015322,0.00015144,0.00015201,669438973.0
2024-10-21 19:00:00,0.00015201,0.00015489,0.00015182,0.00015442,438065502.0
2024-10-21 20:00:00,0.00015442,0.00015448,0.00015285,0.00015307,433990910.0
2024-10-21 21:00:00,0.00015307,0.00015474,0.00015258,0.00015289,646107276.0
2024-10-21 22:00:00,0.00015289,0.00015314,0.00015197,0.00015282,809046064.0
2024-10-21 23:00:00,0.00015282,0.00015282,0.00015116,0.00015134,463122105.0
2024-10-22 00:00:00,0.00015134,0.00015241,0.0001491,0.00015153,1158954261.0
2024-10-22 01:00:00,0.00015153,0.00015435,0.0001506,0.00015397,890393188.0
2024-10-22 02:00:00,0.00015397,0.00015507,0.00015153,0.00015178,732715801.0
2024-10-22 03:00:00,0.00015178,0.00015343,0.00015177,0.00015303,498095871.0
2024-10-22 04:00:00,0.00015303,0.00015303,0.00015168,0.00015221,430543031.0
2024-10-22 05:00:00,0.00015221,0.00015392,0.0001519,0.00015376,565256334.0
2024-10-22 06:00:00,0.00015376,0.00015511,0.00015344,0.0001535,811869243.0
2024-10-22 07:00:00,0.0001535,0.00015427,0.00015285,0.00015294,320613184.0
2024-10-22 08:00:00,0.00015294,0.00015307,0.00015029,0.00015036,1226032150.0
2024-10-22 09:00:00,0.00015036,0.0001515,0.00014831,0.00014961,2906205207.0
2024-10-22 10:00:00,0.00014961,0.0001506,0.0001487,0.00015046,1423933034.0
2024-10-22 11:00:00,0.00015046,0.00015127,0.00015001,0.0001501,531152794.0
2024-10-22 12:00:00,0.0001501,0.00015104,0.00014835,0.0001488,1554717188.0
2024-10-22 13:00:00,0.0001488,0.00014991,0.00014657,0.00014818,2588051561.0
2024-10-22 14:00:00,0.00014818,0.0001514,0.00014787,0.00015125,2126656165.0
2024-10-22 15:00:00,0.00015125,0.00015163,0.00014921,0.00015035,4055499577.0
2024-10-22 16:00:00,0.00015035,0.00015035,0.00014756,0.00014756,548567882.0
2024-10-22 17:00:00,0.00014756,0.0001496,0.0001473,0.0001496,390661250.0
2024-10-22 18:00:00,0.0001496,0.00015022,0.00014859,0.0001486,416245704.0
2024-10-22 19:00:00,0.0001486,0.00014982,0.00014857,0.00014941,522987608.0
2024-10-22 20:00:00,0.00014941,0.00014998,0.00014914,0.00014989,421227332.0
2024-10-22 21:00:00,0.00014989,0.00015007,0.00014921,0.00014978,337927882.0
2024-10-22 22:00:00,0.00014978,0.00015082,0.00014946,0.00015036,573616156.0
2024-10-22 23:00:00,0.00015036,0.00015053,0.00014821,0.00014875,652287603.0
2024-10-23 00:00:00,0.00014875,0.0001493,0.0001471,0.00014745,1000815651.0
2024-10-23 01:00:00,0.00014745,0.00014846,0.00014705,0.000148,557905133.0
2024-10-23 02:00:00,0.000148,0.00014823,0.00014665,0.00014666,509044140.0
2024-10-23 03:00:00,0.00014666,0.00014734,0.00014535,0.00014654,1491499336.0
2024-10-23 04:00:00,0.00014654,0.00014739,0.00014614,0.0001472,290272862.0
2024-10-23 05:00:00,0.0001472,0.00014731,0.00014585,0.00014674,530632009.0
2024-10-23 06:00:00,0.00014674,0.00014817,0.00014652,0.00014665,741772040.0
2024-10-23 07:00:00,0.00014665,0.0001473,0.0001452,0.0001456,825305145.0
2024-10-23 08:00:00,0.0001456,0.00014664,0.00014455,0.00014475,763662317.0
2024-10-23 09:00:00,0.00014475,0.00014646,0.00014417,0.00014599,989184968.0
2024-10-23 10:00:00,0.00014599,0.00014655,0.0001452,0.00014556,1400148464.0
2024-10-23 11:00:00,0.00014556,0.00014628,0.00014504,0.00014532,559230831.0
2024-10-23 12:00:00,0.00014532,0.00014615,0.00014482,0.00014562,2867951452.0
2024-10-23 13:00:00,0.00014562,0.00014741,0.00014534,0.00014634,2659682642.0
2024-10-23 14:00:00,0.00014634,0.00014634,0.00014507,0.00014529,1522584464.0
2024-10-23 15:00:00,0.00014529,0.00014533,0.00014182,0.00014318,2854927617.0
2024-10-23 16:00:00,0.00014318,0.00014344,0.00014063,0.00014102,1320863617.0
2024-10-23 17:00:00,0.00014102,0.00014259,0.00014014,0.00014036,1534305712.0
2024-10-23 18:00:00,0.00014036,0.00014079,0.00013791,0.00014056,2707072372.0
2024-10-23 19:00:00,0.00014056,0.00014279,0.00014045,0.00014223,1111503082.0
2024-10-23 20:00:00,0.00014223,0.00014305,0.00014182,0.00014296,527864952.0
2024-10-23 21:00:00,0.00014296,0.0001434,0.00014153,0.00014186,562676930.0
2024-10-23 22:00:00,0.00014186,0.0001425,0.00014157,0.00014162,460997000.0
2024-10-23 23:00:00,0.00014162,0.00014308,0.00014143,0.00014263,497207528.0
2024-10-24 00:00:00,0.00014263,0.00014525,0.00014178,0.00014516,2570330758.0
2024-10-24 01:00:00,0.00014516,0.00014577,0.0001442,0.00014509,704771659.0
2024-10-24 02:00:00,0.00014509,0.00014662,0.00014403,0.00014654,924407946.0
2024-10-24 03:00:00,0.00014654,0.00014737,0.00014582,0.00014583,1100298475.0
2024-10-24 04:00:00,0.00014583,0.00014676,0.00014576,0.00014667,1534306054.0
2024-10-24 05:00:00,0.00014667,0.0001469,0.00014557,0.0001464,1303874980.0
2024-10-24 06:00:00,0.0001464,0.00014694,0.00014532,0.00014532,834392350.0
2024-10-24 07:00:00,0.00014532,0.00014569,0.00014401,0.00014434,758108197.0
2024-10-24 08:00:00,0.00014434,0.00014513,0.00014267,0.00014267,931661845.0
2024-10-24 09:00:00,0.00014267,0.00014301,0.00014155,0.00014241,1194209524.0
2024-10-24 10:00:00,0.00014241,0.00014384,0.00014227,0.00014318,365762759.0
2024-10-24 11:00:00,0.00014318,0.0001446,0.00014312,0.00014441,879819928.0
2024-10-24 12:00:00,0.00014441,0.00014589,0.00014422,0.00014555,1632907060.0
2024-10-24 13:00:00,0.00014555,0.00014616,0.00014482,0.0001457,998433828.0
2024-10-24 14:00:00,0.0001457,0.00014591,0.00014388,0.00014446,551473088.0
2024-10-24 15:00:00,0.00014446,0.00014586,0.0001441,0.00014507,671004633.0
2024-10-24 16:00:00,0.00014507,0.0001457,0.00014456,0.00014516,1940150992.0
2024-10-24 17:00:00,0.00014516,0.00014594,0.0001447,0.00014528,1166875070.0
2024-10-24 18:00:00,0.00014528,0.00014626,0.00014511,0.00014533,991143111.0
2024-10-24 19:00:00,0.00014533,0.00014688,0.00014509,0.0001466,1101207251.0
2024-10-24 20:00:00,0.0001466,0.00014688,0.00014587,0.00014615,1408524654.0
2024-10-24 21:00:00,0.00014615,0.00014841,0.00014603,0.00014732,1968666600.0
2024-10-24 22:00:00,0.00014732,0.00014835,0.00014707,0.0001472,855170746.0
2024-10-24 23:00:00,0.0001472,0.00014725,0.0001466,0.00014706,621298510.0
2024-10-25 00:00:00,0.00014706,0.00014782,0.00014616,0.00014653,1463901559.0
2024-10-25 01:00:00,0.00014653,0.00014653,0.0001448,0.00014503,1691388108.0
2024-10-25 02:00:00,0.00014503,0.00014573,0.00014424,0.00014521,952474381.0
2024-10-25 03:00:00,0.00014521,0.00014625,0.00014516,0.0001454,3396090310.0
2024-10-25 04:00:00,0.0001454,0.00014582,0.00014206,0.00014277,1632771836.0
2024-10-25 05:00:00,0.00014277,0.00014371,0.00014208,0.00014262,1815670306.0
2024-10-25 06:00:00,0.00014262,0.00014339,0.00014247,0.00014267,569494811.0
2024-10-25 07:00:00,0.00014267,0.00014315,0.00014154,0.00014236,540981863.0
2024-10-25 08:00:00,0.00014236,0.00014385,0.00014098,0.00014346,902471833.0
2024-10-25 09:00:00,0.00014346,0.00014528,0.0001432,0.00014521,999124205.0
2024-10-25 10:00:00,0.00014521,0.00014584,0.00014427,0.00014565,1083651305.0
2024-10-25 11:00:00,0.00014565,0.00014619,0.00014517,0.00014552,636791850.0
2024-10-25 12:00:00,0.00014552,0.0001463,0.00014442,0.00014448,1110740508.0
2024-10-25 13:00:00,0.00014448,0.00014539,0.00014341,0.00014523,1129727147.0
2024-10-25 14:00:00,0.00014523,0.00014642,0.00014445,0.00014455,983502452.0
2024-10-25 15:00:00,0.00014455,0.00014543,0.000141,0.00014182,1875811992.0
2024-10-25 16:00:00,0.00014182,0.00014272,0.00014012,0.00014203,1717961446.0
2024-10-25 17:00:00,0.00014203,0.00014279,0.00013897,0.00013941,1751964658.0
2024-10-25 18:00:00,0.00013941,0.00014172,0.00013741,0.0001402,2908730189.0
2024-10-25 19:00:00,0.0001402,0.00014059,0.0001392,0.00013988,947232200.0
2024-10-25 20:00:00,0.00013988,0.0001403,0.00013899,0.00013982,818258839.0
2024-10-25 21:00:00,0.00013982,0.00014049,0.00013954,0.00014016,940444428.0
2024-10-25 22:00:00,0.00014016,0.00014029,0.00013769,0.00013774,1210652705.0
2024-10-25 23:00:00,0.00013774,0.00013797,0.00012496,0.00013122,38669047549.0
2024-10-26 00:00:00,0.00013122,0.00013195,0.00012857,0.00013063,3914637229.0
2024-10-26 01:00:00,0.00013063,0.00013152,0.00012973,0.00013051,759637575.0
2024-10-26 02:00:00,0.00013051,0.00013213,0.0001291,0.00013085,630701403.0
2024-10-26 03:00:00,0.00013085,0.00013259,0.00013056,0.00013235,332320984.0
2024-10-26 04:00:00,0.00013235,0.00013236,0.00013102,0.0001314,488105467.0
2024-10-26 05:00:00,0.0001314,0.00013263,0.0001314,0.00013231,289182279.0
2024-10-26 06:00:00,0.00013231,0.00013295,0.00013162,0.0001324,432233344.0
2024-10-26 07:00:00,0.0001324,0.00013255,0.000132,0.00013228,794847947.0
2024-10-26 08:00:00,0.00013228,0.00013365,0.00013216,0.00013352,1937536889.0
2024-10-26 09:00:00,0.00013352,0.00013369,0.00013294,0.00013298,444899627.0
2024-10-26 10:00:00,0.00013298,0.00013355,0.0001323,0.0001328,677349572.0
2024-10-26 11:00:00,0.0001328,0.00013365,0.00013231,0.00013332,328411804.0
2024-10-26 12:00:00,0.00013332,0.00013357,0.00013288,0.00013303,277805708.0
2024-10-26 13:00:00,0.00013303,0.00013312,0.00013111,0.00013124,956098035.0
2024-10-26 14:00:00,0.00013124,0.00013167,0.00012884,0.00012897,1225743994.0
2024-10-26 15:00:00,0.00012897,0.00013083,0.00012868,0.00013004,428097829.0
2024-10-26 16:00:00,0.00013004,0.00013157,0.00012952,0.00013126,701773811.0
2024-10-26 17:00:00,0.00013126,0.0001329,0.00013125,0.00013223,911780179.0
2024-10-26 18:00:00,0.00013223,0.00013277,0.00013181,0.00013181,362084582.0
2024-10-26 19:00:00,0.00013181,0.0001331,0.00013181,0.0001329,315856804.0
2024-10-26 20:00:00,0.0001329,0.00013411,0.00013273,0.00013319,849778069.0
2024-10-26 21:00:00,0.00013319,0.00013363,0.00013296,0.00013333,213604756.0
2024-10-26 22:00:00,0.00013333,0.0001338,0.00013318,0.00013341,275507227.0
2024-10-26 23:00:00,0.00013341,0.00013373,0.00013313,0.00013345,290382992.0
2024-10-27 00:00:00,0.00013345,0.00013393,0.0001327,0.00013297,577965698.0
2024-10-27 01:00:00,0.00013297,0.00013388,0.00013223,0.00013362,753440586.0
2024-10-27 02:00:00,0.00013362,0.00013378,0.0001326,0.00013273,945572840.0
2024-10-27 03:00:00,0.00013273,0.00013425,0.0001325,0.00013407,738859381.0
2024-10-27 04:00:00,0.00013407,0.00013431,0.0001332,0.00013331,438811400.0
2024-10-27 05:00:00,0.00013331,0.00013384,0.00013316,0.0001336,461607148.0
2024-10-27 06:00:00,0.0001336,0.0001336,0.00013271,0.00013296,282939706.0
2024-10-27 07:00:00,0.00013296,0.00013347,0.00013278,0.00013305,294504524.0
2024-10-27 08:00:00,0.00013305,0.00013349,0.00013272,0.00013329,274364322.0
2024-10-27 09:00:00,0.00013329,0.00013329,0.00013136,0.00013221,930234695.0
2024-10-27 10:00:00,0.00013221,0.00013244,0.00013121,0.00013129,242014419.0
2024-10-27 11:00:00,0.00013129,0.00013232,0.00013121,0.00013156,221144408.0
2024-10-27 12:00:00,0.00013156,0.00013342,0.00013148,0.00013274,394631448.0
2024-10-27 13:00:00,0.00013274,0.00013475,0.00013274,0.00013341,832943953.0
2024-10-27 14:00:00,0.00013341,0.000134,0.0001328,0.00013289,277276358.0
2024-10-27 15:00:00,0.00013289,0.00013383,0.00013289,0.00013336,289377542.0
2024-10-27 16:00:00,0.00013336,0.00013446,0.00013312,0.00013406,447550041.0
2024-10-27 17:00:00,0.00013406,0.00013461,0.00013338,0.00013362,625734683.0
2024-10-27 18:00:00,0.00013362,0.00013369,0.00013252,0.00013252,514805998.0
2024-10-27 19:00:00,0.00013252,0.00013343,0.00013216,0.00013307,367066266.0
2024-10-27 20:00:00,0.00013307,0.00013369,0.00013286,0.00013321,200084498.0
2024-10-27 21:00:00,0.00013321,0.00013575,0.00013312,0.00013517,409541950.0
2024-10-27 22:00:00,0.00013517,0.00013627,0.00013516,0.00013524,3121440069.0
2024-10-27 23:00:00,0.00013524,0.00013668,0.00013496,0.00013528,491552560.0
2024-10-28 00:00:00,0.00013528,0.00013555,0.00013438,0.00013447,1966014008.0
2024-10-28 01:00:00,0.00013447,0.00013483,0.00013347,0.00013364,483791278.0
2024-10-28 02:00:00,0.00013364,0.0001343,0.00013322,0.00013349,628929679.0
2024-10-28 03:00:00,0.00013349,0.0001342,0.00013139,0.00013173,348540670.0
2024-10-28 04:00:00,0.00013173,0.00013393,0.00013129,0.0001329,8012789242.0
2024-10-28 05:00:00,0.0001329,0.00013296,0.00013074,0.00013252,321215930.0
2024-10-28 06:00:00,0.00013252,0.00013271,0.00013144,0.00013266,435915438.0
2024-10-28 07:00:00,0.00013266,0.00013547,0.00013266,0.00013421,2233950841.0
2024-10-28 08:00:00,0.00013421,0.00013479,0.00013389,0.00013402,507809918.0
2024-10-28 09:00:00,0.00013402,0.00013454,0.00013242,0.00013394,1329344289.0
2024-10-28 10:00:00,0.00013394,0.00013458,0.0001334,0.00013388,668680994.0
2024-10-28 11:00:00,0.00013388,0.00013388,0.00013293,0.00013326,925407386.0
2024-10-28 12:00:00,0.00013326,0.00013396,0.00013223,0.00013343,681607802.0
2024-10-28 13:00:00,0.00013343,0.0001343,0.00013249,0.00013255,1169924878.0
2024-10-28 14:00:00,0.00013255,0.00013368,0.00013147,0.00013276,2032799323.0
2024-10-28 15:00:00,0.00013276,0.00013291,0.00013037,0.00013045,1591587799.0
2024-10-28 16:00:00,0.00013045,0.00013211,0.00013011,0.00013049,1880245861.0
2024-10-28 17:00:00,0.00013049,0.00013203,0.00012887,0.00013086,1415858728.0
2024-10-28 18:00:00,0.00013086,0.00013214,0.00013039,0.00013125,570426902.0
2024-10-28 19:00:00,0.00013125,0.00013536,0.00013116,0.00013443,3149489617.0
2024-10-28 20:00:00,0.00013443,0.00013679,0.00013443,0.00013629,2541322764.0
2024-10-28 21:00:00,0.00013629,0.00014454,0.00013601,0.00014439,4005119621.0
2024-10-28 22:00:00,0.00014439,0.00014583,0.00014063,0.00014118,7771466048.0
2024-10-28 23:00:00,0.00014118,0.00014352,0.00014081,0.00014184,5352008348.0
2024-10-29 00:00:00,0.00014184,0.0001463,0.00014184,0.00014538,5150289779.0
2024-10-29 01:00:00,0.00014538,0.00014672,0.00014442,0.00014665,3579358496.0
2024-10-29 02:00:00,0.00014665,0.00014838,0.0001455,0.00014685,2566114865.0
2024-10-29 03:00:00,0.00014685,0.0001474,0.0001447,0.00014473,999335125.0
2024-10-29 04:00:00,0.00014473,0.00014561,0.00014367,0.00014421,1071339126.0
2024-10-29 05:00:00,0.00014421,0.00014455,0.00014283,0.00014352,1021532934.0
2024-10-29 06:00:00,0.00014352,0.00014426,0.00014337,0.00014364,499941618.0
2024-10-29 07:00:00,0.00014364,0.00014401,0.00014282,0.0001433,563352517.0
2024-10-29 08:00:00,0.0001433,0.00014516,0.00014307,0.00014455,506948505.0
2024-10-29 09:00:00,0.00014455,0.00014563,0.00014427,0.00014557,976829085.0
2024-10-29 10:00:00,0.00014557,0.00014654,0.00014422,0.00014574,2152450265.0
2024-10-29 11:00:00,0.00014574,0.00014669,0.00014544,0.00014575,906059875.0
2024-10-29 12:00:00,0.00014575,0.00014596,0.00014397,0.000144,1407108194.0
2024-10-29 13:00:00,0.000144,0.00014545,0.00014366,0.00014484,935079301.0
2024-10-29 14:00:00,0.00014484,0.00014589,0.00014423,0.00014487,1218484614.0
2024-10-29 15:00:00,0.00014487,0.00014573,0.00014366,0.00014571,2119784923.0
2024-10-29 16:00:00,0.00014571,0.0001499,0.00014547,0.00014966,4320557728.0
2024-10-29 17:00:00,0.00014966,0.00015259,0.00014769,0.00014954,6359151898.0
2024-10-29 18:00:00,0.00014954,0.00015164,0.0001488,0.00015099,2517377684.0
2024-10-29 19:00:00,0.00015099,0.00015146,0.00014657,0.000148,2496521846.0
2024-10-29 20:00:00,0.000148,0.00014823,0.00014459,0.00014583,22660681199.0
2024-10-29 21:00:00,0.00014583,0.00014839,0.00014552,0.00014819,813125673.0
2024-10-29 22:00:00,0.00014819,0.00014935,0.00014695,0.00014715,1293972649.0
2024-10-29 23:00:00,0.00014715,0.0001475,0.00014645,0.00014724,471565276.0
2024-10-30 00:00:00,0.00014724,0.00014767,0.00014612,0.00014675,668816930.0
2024-10-30 01:00:00,0.00014675,0.00014721,0.00014501,0.00014702,780219928.0
2024-10-30 02:00:00,0.00014702,0.00014823,0.00014632,0.00014647,599168091.0
2024-10-30 03:00:00,0.00014647,0.0001485,0.00014647,0.00014745,457354809.0
2024-10-30 04:00:00,0.00014745,0.00014887,0.00014728,0.00014819,539569221.0
2024-10-30 05:00:00,0.00014819,0.00015173,0.00014819,0.00015128,4139659365.0
2024-10-30 06:00:00,0.00015128,0.00015134,0.00014803,0.00014842,3026442778.0
2024-10-30 07:00:00,0.00014842,0.0001495,0.00014621,0.00014649,1949973901.0
2024-10-30 08:00:00,0.00014649,0.00014761,0.00014548,0.00014563,554316420.0
2024-10-30 09:00:00,0.00014563,0.00014676,0.00014536,0.00014593,655346611.0
2024-10-30 10:00:00,0.00014593,0.00014644,0.0001446,0.00014461,1153165523.0
2024-10-30 11:00:00,0.00014461,0.00014481,0.00014286,0.00014296,2264351024.0
2024-10-30 12:00:00,0.00014296,0.000144,0.00014228,0.00014345,2025382179.0
2024-10-30 13:00:00,0.00014345,0.00014573,0.00014289,0.00014569,1147804702.0
2024-10-30 14:00:00,0.00014569,0.00014938,0.00014507,0.00014828,2785888909.0
2024-10-30 15:00:00,0.00014828,0.00014853,0.00014426,0.00014635,6068426044.0
2024-10-30 16:00:00,0.00014635,0.00014807,0.00014584,0.00014694,1298159155.0
2024-10-30 17:00:00,0.00014694,0.0001472,0.00014585,0.00014686,337618534.0
2024-10-30 18:00:00,0.00014686,0.00014721,0.00014577,0.00014614,1654479888.0
2024-10-30 19:00:00,0.00014614,0.00014658,0.00014559,0.00014568,617208415.0
2024-10-30 20:00:00,0.00014568,0.0001478,0.00014508,0.00014765,909347975.0
2024-10-30 21:00:00,0.00014765,0.00014772,0.00014565,0.00014654,897609142.0
2024-10-30 22:00:00,0.00014654,0.0001475,0.00014582,0.00014644,929950736.0
2024-10-30 23:00:00,0.00014644,0.00014708,0.00014525,0.00014525,613354620.0
2024-10-31 00:00:00,0.00014525,0.00014647,0.00014507,0.0001456,224301393.0
2024-10-31 01:00:00,0.0001456,0.00014635,0.00014421,0.00014623,437997122.0
2024-10-31 02:00:00,0.00014623,0.00014734,0.00014473,0.00014607,402472794.0
2024-10-31 03:00:00,0.00014607,0.00014661,0.0001458,0.00014633,279737110.0
2024-10-31 04:00:00,0.00014633,0.00014718,0.00014573,0.00014606,218875039.0
2024-10-31 05:00:00,0.00014606,0.00014709,0.00014584,0.00014697,408537640.0
2024-10-31 06:00:00,0.00014697,0.00014724,0.00014483,0.00014536,866791492.0
2024-10-31 07:00:00,0.00014536,0.00014728,0.00014456,0.00014702,643412994.0
2024-10-31 08:00:00,0.00014702,0.0001471,0.00014483,0.00014513,412995704.0
2024-10-31 09:00:00,0.00014513,0.00014683,0.0001449,0.00014671,752189624.0
2024-10-31 10:00:00,0.00014671,0.00014773,0.00014563,0.000147,1611920651.0
2024-10-31 11:00:00,0.000147,0.00014713,0.00014525,0.00014537,1279986573.0
2024-10-31 12:00:00,0.00014537,0.00014655,0.00014463,0.00014643,959887653.0
2024-10-31 13:00:00,0.00014643,0.00014738,0.00014369,0.00014423,2562789811.0
2024-10-31 14:00:00,0.00014423,0.00014424,0.00014107,0.00014173,4912190437.0
2024-10-31 15:00:00,0.00014173,0.00014308,0.000141,0.00014168,705679623.0
2024-10-31 16:00:00,0.00014168,0.00014169,0.00013965,0.00014023,1781259367.0
2024-10-31 17:00:00,0.00014023,0.00014088,0.00013843,0.00013896,2305593806.0
2024-10-31 18:00:00,0.00013896,0.00013896,0.00013685,0.000138,1493083056.0
2024-10-31 19:00:00,0.000138,0.00013883,0.00013661,0.00013688,1280232170.0
2024-10-31 20:00:00,0.00013688,0.00013852,0.00013682,0.00013801,1104090206.0
2024-10-31 21:00:00,0.00013801,0.00013946,0.00013738,0.00013917,1523673021.0
2024-10-31 22:00:00,0.00013917,0.0001396,0.00013794,0.00013911,579994134.0
2024-10-31 23:00:00,0.00013911,0.00013959,0.00013844,0.00013844,421227621.0
2024-11-01 00:00:00,0.00013844,0.00013976,0.0001384,0.00013906,607724656.0
2024-11-01 01:00:00,0.00013906,0.00013921,0.00013748,0.00013777,785342402.0
2024-11-01 02:00:00,0.00013777,0.0001386,0.00013583,0.00013856,1473230067.0
2024-11-01 03:00:00,0.00013856,0.00014021,0.00013844,0.00013869,631688698.0
2024-11-01 04:00:00,0.00013869,0.0001394,0.0001385,0.00013912,110226142.0
2024-11-01 05:00:00,0.00013912,0.00013926,0.00013801,0.00013817,305376204.0
2024-11-01 06:00:00,0.00013817,0.00013836,0.00013552,0.00013552,6169616044.0
2024-11-01 07:00:00,0.00013552,0.00013605,0.00013428,0.00013537,2028252774.0
2024-11-01 08:00:00,0.00013537,0.00013632,0.00013487,0.00013589,244811280.0
2024-11-01 09:00:00,0.00013589,0.00013699,0.00013574,0.0001367,542208397.0
2024-11-01 10:00:00,0.0001367,0.000139,0.00013654,0.00013845,728966242.0
2024-11-01 11:00:00,0.00013845,0.00013915,0.00013791,0.00013817,709424108.0
2024-11-01 12:00:00,0.00013817,0.00014015,0.00013811,0.00014004,770182319.0
2024-11-01 13:00:00,0.00014004,0.00014229,0.0001391,0.00014223,2106271042.0
2024-11-01 14:00:00,0.00014223,0.00014332,0.00014094,0.00014188,1521625909.0
2024-11-01 15:00:00,0.00014188,0.00014211,0.00013462,0.00013594,2238634110.0
2024-11-01 16:00:00,0.00013594,0.0001389,0.00013552,0.00013719,6213729051.0
2024-11-01 17:00:00,0.00013719,0.00013767,0.00013609,0.00013662,559604646.0
2024-11-01 18:00:00,0.00013662,0.00013665,0.00013575,0.00013608,756763594.0
2024-11-01 19:00:00,0.00013608,0.00013663,0.00013509,0.00013617,553080370.0
2024-11-01 20:00:00,0.00013617,0.00013718,0.00013595,0.00013602,190709353.0
2024-11-01 21:00:00,0.00013602,0.00013605,0.00013352,0.00013532,574579898.0
2024-11-01 22:00:00,0.00013532,0.00013608,0.00013378,0.00013446,2345229483.0
2024-11-01 23:00:00,0.00013446,0.00013529,0.0001341,0.0001349,364908106.0
2024-11-02 00:00:00,0.0001349,0.00013639,0.00013483,0.00013547,636792867.0
2024-11-02 01:00:00,0.00013547,0.00013574,0.00013503,0.00013552,132804026.0
2024-11-02 02:00:00,0.00013552,0.00013649,0.00013538,0.00013543,230873040.0
2024-11-02 03:00:00,0.00013543,0.00013565,0.00013445,0.00013458,326155917.0
2024-11-02 04:00:00,0.00013458,0.00013491,0.00013389,0.0001341,155406685.0
2024-11-02 05:00:00,0.0001341,0.00013534,0.00013337,0.00013486,599078644.0
2024-11-02 06:00:00,0.00013486,0.00013509,0.00013411,0.00013506,173447735.0
2024-11-02 07:00:00,0.00013506,0.00013526,0.00013452,0.00013488,373900510.0
2024-11-02 08:00:00,0.00013488,0.00013516,0.00013365,0.00013368,243540739.0
2024-11-02 09:00:00,0.00013368,0.00013421,0.00013309,0.00013335,644566502.0
2024-11-02 10:00:00,0.00013335,0.0001335,0.00013291,0.00013318,159312608.0
2024-11-02 11:00:00,0.00013318,0.00013379,0.0001328,0.00013299,218039874.0
2024-11-02 12:00:00,0.00013299,0.00013331,0.00013096,0.00013117,1058733083.0
2024-11-02 13:00:00,0.00013117,0.00013252,0.0001299,0.00013022,1536578288.0
2024-11-02 14:00:00,0.00013022,0.00013113,0.0001299,0.00013095,957285835.0
2024-11-02 15:00:00,0.00013095,0.0001314,0.0001295,0.00013075,637232754.0
2024-11-02 16:00:00,0.00013075,0.00013194,0.00013028,0.00013159,612613240.0
2024-11-02 17:00:00,0.00013159,0.00013165,0.0001301,0.00013047,342671379.0
2024-11-02 18:00:00,0.00013047,0.00013088,0.00012963,0.00013026,745735671.0
2024-11-02 19:00:00,0.00013026,0.00013124,0.00013009,0.000131,341382418.0
2024-11-02 20:00:00,0.000131,0.00013142,0.00013081,0.00013124,284047422.0
2024-11-02 21:00:00,0.00013124,0.00013153,0.00013101,0.00013129,247312526.0
2024-11-02 22:00:00,0.00013129,0.00013158,0.00013067,0.00013067,366710250.0
2024-11-02 23:00:00,0.00013067,0.00013092,0.00012986,0.00013092,695572725.0
2024-11-03 00:00:00,0.00013092,0.00013171,0.00013058,0.00013058,2028289151.0
2024-11-03 01:00:00,0.00013058,0.00013134,0.00012939,0.00012949,481924819.0
2024-11-03 02:00:00,0.00012949,0.0001304,0.00012569,0.00012709,8909055564.0
2024-11-03 03:00:00,0.00012709,0.00012828,0.00012576,0.00012773,727512548.0
2024-11-03 04:00:00,0.00012773,0.00012948,0.00012767,0.00012948,309259880.0
2024-11-03 05:00:00,0.00012948,0.00012979,0.0001286,0.00012862,227497851.0
2024-11-03 06:00:00,0.00012862,0.00013014,0.0001286,0.00012945,276017530.0
2024-11-03 07:00:00,0.00012945,0.00012963,0.00012801,0.00012807,1368882347.0
2024-11-03 08:00:00,0.00012807,0.0001287,0.00012786,0.00012822,639339367.0
2024-11-03 09:00:00,0.00012822,0.00012844,0.00012672,0.00012693,461734617.0
2024-11-03 10:00:00,0.00012693,0.00012831,0.00012693,0.00012761,312702223.0
2024-11-03 11:00:00,0.00012761,0.00012772,0.00012604,0.00012633,519701907.0
2024-11-03 12:00:00,0.00012633,0.00012705,0.0001254,0.00012567,507549499.0
2024-11-03 13:00:00,0.00012567,0.00012604,0.00012176,0.000122,3962667697.0
2024-11-03 14:00:00,0.000122,0.00012293,0.00012021,0.00012055,2415115546.0
2024-11-03 15:00:00,0.00012055,0.00012197,0.00011883,0.0001214,2114149819.0
2024-11-03 16:00:00,0.0001214,0.0001228,0.00011932,0.00012041,1310595199.0
2024-11-03 17:00:00,0.00012041,0.00012191,0.00012004,0.00012028,1331080364.0
2024-11-03 18:00:00,0.00012028,0.00012049,0.00011757,0.00011826,5756666453.0
2024-11-03 19:00:00,0.00011826,0.00012086,0.00011783,0.00012066,1695498972.0
2024-11-03 20:00:00,0.00012066,0.00012273,0.00012033,0.00012264,2375467209.0
2024-11-03 21:00:00,0.00012264,0.00012452,0.00012174,0.0001226,5725469800.0
2024-11-03 22:00:00,0.0001226,0.00012293,0.00012124,0.00012211,3203548243.0
2024-11-03 23:00:00,0.00012211,0.0001223,0.00012111,0.00012182,502364146.0
2024-11-04 00:00:00,0.00012182,0.00012195,0.00012019,0.00012149,726271596.0
2024-11-04 01:00:00,0.00012149,0.00012441,0.00012128,0.00012334,667157743.0
2024-11-04 02:00:00,0.00012334,0.00012446,0.00012276,0.00012433,431434183.0
2024-11-04 03:00:00,0.00012433,0.00012527,0.00012281,0.00012287,5663375908.0
2024-11-04 04:00:00,0.00012287,0.00012398,0.00012286,0.00012302,394553887.0
2024-11-04 05:00:00,0.00012302,0.00012316,0.00012128,0.00012148,751042487.0
2024-11-04 06:00:00,0.00012148,0.00012335,0.00012145,0.00012302,356439552.0
2024-11-04 07:00:00,0.00012302,0.00012344,0.00012178,0.00012188,424286799.0
2024-11-04 08:00:00,0.00012188,0.00012252,0.00012068,0.00012126,900822622.0
2024-11-04 09:00:00,0.00012126,0.00012241,0.00012096,0.00012165,947582865.0
2024-11-04 10:00:00,0.00012165,0.0001238,0.00012142,0.00012243,2742826237.0
2024-11-04 11:00:00,0.00012243,0.0001232,0.00012181,0.00012236,1653744882.0
2024-11-04 12:00:00,0.00012236,0.00012357,0.00012193,0.00012282,927924658.0
2024-11-04 13:00:00,0.00012282,0.00012405,0.0001215,0.00012158,773661942.0
2024-11-04 14:00:00,0.00012158,0.00012232,0.00012071,0.00012136,1266768233.0
2024-11-04 15:00:00,0.00012136,0.00012195,0.0001209,0.00012161,706000013.0
2024-11-04 16:00:00,0.00012161,0.00012184,0.00011841,0.00011935,4259879984.0
2024-11-04 17:00:00,0.00011935,0.00012079,0.00011885,0.00011961,6337164290.0
2024-11-04 18:00:00,0.00011961,0.00012036,0.00011881,0.00011939,850204359.0
2024-11-04 19:00:00,0.00011939,0.00012048,0.00011935,0.00011986,463562678.0
2024-11-04 20:00:00,0.00011986,0.00011986,0.00011815,0.00011876,813558986.0
2024-11-04 21:00:00,0.00011876,0.00011954,0.00011457,0.00011495,4849229954.0
2024-11-04 22:00:00,0.00011495,0.00011775,0.00011475,0.00011718,1781126939.0
2024-11-04 23:00:00,0.00011718,0.00011766,0.00011637,0.00011703,737578927.0
2024-11-05 00:00:00,0.00011703,0.00011994,0.00011703,0.00011935,1740306316.0
2024-11-05 01:00:00,0.00011935,0.00012044,0.00011794,0.00012019,3067033224.0
2024-11-05 02:00:00,0.00012019,0.00012056,0.00011924,0.00011951,538085141.0
2024-11-05 03:00:00,0.00011951,0.00012025,0.00011951,0.00012012,1043295281.0
2024-11-05 04:00:00,0.00012012,0.0001215,0.00011967,0.00012089,5207998200.0
2024-11-05 05:00:00,0.00012089,0.00012232,0.00012074,0.00012202,732507393.0
2024-11-05 06:00:00,0.00012202,0.0001223,0.00012123,0.00012182,422569938.0
2024-11-05 07:00:00,0.00012182,0.00012238,0.000121,0.00012198,615405277.0
2024-11-05 08:00:00,0.00012198,0.00012345,0.00012169,0.00012335,2399782199.0
2024-11-05 09:00:00,0.00012335,0.00012444,0.00012225,0.00012248,1270009338.0
2024-11-05 10:00:00,0.00012248,0.00012262,0.00012193,0.00012208,1452444859.0
2024-11-05 11:00:00,0.00012208,0.00012377,0.00012198,0.00012336,1096572833.0
2024-11-05 12:00:00,0.00012336,0.00012364,0.00012223,0.00012322,394307261.0
2024-11-05 13:00:00,0.00012322,0.00012369,0.00012234,0.00012363,904823196.0
2024-11-05 14:00:00,0.00012363,0.00012781,0.0001233,0.00012699,3324552133.0
2024-11-05 15:00:00,0.00012699,0.00012699,0.00012418,0.00012515,1878044535.0
2024-11-05 16:00:00,0.00012515,0.00012788,0.00012515,0.00012734,825693451.0
2024-11-05 17:00:00,0.00012734,0.00012776,0.00012578,0.00012582,716167462.0
2024-11-05 18:00:00,0.00012582,0.00012659,0.0001253,0.00012571,4267177462.0
2024-11-05 19:00:00,0.00012571,0.00012599,0.00012257,0.00012352,1826988975.0
2024-11-05 20:00:00,0.00012352,0.00012502,0.00012272,0.00012466,2072814346.0
2024-11-05 21:00:00,0.00012466,0.00012491,0.00012335,0.00012355,274429269.0
2024-11-05 22:00:00,0.00012355,0.00012549,0.00012313,0.00012537,552649129.0
2024-11-05 23:00:00,0.00012537,0.00012615,0.00012458,0.00012508,328857440.0
2024-11-06 00:00:00,0.00012508,0.00013116,0.00012508,0.00013068,5071414862.0
2024-11-06 01:00:00,0.00013068,0.00013189,0.00012912,0.00012914,1494069950.0
2024-11-06 02:00:00,0.00012914,0.00013724,0.00012864,0.00013618,3725401668.0
2024-11-06 03:00:00,0.00013618,0.0001403,0.00013519,0.00013895,12726056978.0
2024-11-06 04:00:00,0.00013895,0.00014599,0.00013766,0.00014067,14180057798.0
2024-11-06 05:00:00,0.00014067,0.0001419,0.00013899,0.00014148,2849918976.0
2024-11-06 06:00:00,0.00014148,0.00014342,0.00013878,0.00013902,4810389708.0
2024-11-06 07:00:00,0.00013902,0.00014124,0.00013715,0.00013754,2417854420.0
2024-11-06 08:00:00,0.00013754,0.00013805,0.00013364,0.00013653,4409299392.0
2024-11-06 09:00:00,0.00013653,0.00013821,0.00013647,0.00013786,1666743388.0
2024-11-06 10:00:00,0.00013786,0.00013941,0.00013674,0.00013926,1434287742.0
2024-11-06 11:00:00,0.00013926,0.00013962,0.00013817,0.00013917,612673138.0
2024-11-06 12:00:00,0.00013917,0.00014051,0.000139,0.000139,1149649207.0
2024-11-06 13:00:00,0.000139,0.00013949,0.00013761,0.00013897,1191045279.0
2024-11-06 14:00:00,0.00013897,0.00013958,0.00013542,0.00013593,1972662660.0
2024-11-06 15:00:00,0.00013593,0.00013748,0.00013559,0.00013662,1485113669.0
2024-11-06 16:00:00,0.00013662,0.00013729,0.00013557,0.00013719,672032884.0
2024-11-06 17:00:00,0.00013719,0.00013739,0.00013631,0.00013669,750886120.0
2024-11-06 18:00:00,0.00013669,0.00013854,0.00013663,0.00013824,1227652135.0
2024-11-06 19:00:00,0.00013824,0.00013888,0.00013752,0.00013875,1129897025.0
2024-11-06 20:00:00,0.00013875,0.00013977,0.00013815,0.00013944,1176973041.0
2024-11-06 21:00:00,0.00013944,0.00014236,0.00013897,0.00014126,4521716163.0
2024-11-06 22:00:00,0.00014126,0.00014419,0.00014001,0.00014364,1829565876.0
2024-11-06 23:00:00,0.00014364,0.000145,0.00014164,0.00014271,2514626335.0
2024-11-07 00:00:00,0.00014271,0.00014428,0.00014176,0.00014314,1261630239.0
2024-11-07 01:00:00,0.00014314,0.0001475,0.00014243,0.00014577,2001768810.0
2024-11-07 02:00:00,0.00014577,0.00014833,0.00014565,0.00014825,2763882974.0
2024-11-07 03:00:00,0.00014825,0.00014825,0.0001441,0.00014442,1132108509.0
2024-11-07 04:00:00,0.00014442,0.00014492,0.00014082,0.00014221,3388794843.0
2024-11-07 05:00:00,0.00014221,0.00014567,0.00014121,0.00014245,5913771184.0
2024-11-07 06:00:00,0.00014245,0.00014247,0.00013821,0.00014008,4637224688.0
2024-11-07 07:00:00,0.00014008,0.00014156,0.00013936,0.00014112,2367794473.0
2024-11-07 08:00:00,0.00014112,0.00014278,0.00014098,0.00014278,1575213106.0
2024-11-07 09:00:00,0.00014278,0.00014281,0.00014112,0.00014151,621896191.0
2024-11-07 10:00:00,0.00014151,0.00014158,0.00013993,0.00014113,1139639638.0
2024-11-07 11:00:00,0.00014113,0.00014158,0.00013968,0.00013968,648819180.0
2024-11-07 12:00:00,0.00013968,0.00014126,0.00013968,0.00014091,1040932410.0
2024-11-07 13:00:00,0.00014091,0.00014157,0.00013829,0.00013857,1197217455.0
2024-11-07 14:00:00,0.00013857,0.00014025,0.00013772,0.00013954,1512681222.0
2024-11-07 15:00:00,0.00013954,0.00014281,0.00013893,0.00014281,2234396071.0
2024-11-07 16:00:00,0.00014281,0.00014581,0.00014205,0.00014458,6811417571.0
2024-11-07 17:00:00,0.00014458,0.00014531,0.00014298,0.00014403,1488022699.0
2024-11-07 18:00:00,0.00014403,0.00014531,0.00014247,0.00014454,787394542.0
2024-11-07 19:00:00,0.00014454,0.0001448,0.00014244,0.0001447,621323337.0
2024-11-07 20:00:00,0.0001447,0.00014481,0.00014361,0.00014438,395756698.0
2024-11-07 21:00:00,0.00014438,0.00014604,0.00014361,0.00014389,1625946235.0
2024-11-07 22:00:00,0.00014389,0.00014428,0.00014143,0.00014252,914821006.0
2024-11-07 23:00:00,0.00014252,0.0001448,0.00014084,0.00014406,1064384058.0
2024-11-08 00:00:00,0.00014406,0.00014841,0.00014406,0.00014487,3170011504.0
2024-11-08 01:00:00,0.00014487,0.00014626,0.00014311,0.0001439,2046725647.0
2024-11-08 02:00:00,0.0001439,0.0001439,0.00014002,0.00014019,1645789326.0
2024-11-08 03:00:00,0.00014019,0.00014127,0.00013942,0.00014055,3935804508.0
2024-11-08 04:00:00,0.00014055,0.00014174,0.00014013,0.0001404,2172447622.0
2024-11-08 05:00:00,0.0001404,0.00014339,0.00014029,0.00014241,512359434.0
2024-11-08 06:00:00,0.00014241,0.00014284,0.0001411,0.00014133,299127677.0
2024-11-08 07:00:00,0.00014133,0.00014275,0.00014021,0.00014179,498942268.0
2024-11-08 08:00:00,0.00014179,0.00014182,0.00014056,0.00014103,384440544.0
2024-11-08 09:00:00,0.00014103,0.0001419,0.00014083,0.00014159,280166049.0
2024-11-08 10:00:00,0.00014159,0.00014228,0.00014082,0.00014179,437602597.0
2024-11-08 11:00:00,0.00014179,0.00014251,0.00014114,0.00014122,981686030.0
2024-11-08 12:00:00,0.00014122,0.00014309,0.00014106,0.00014247,794819789.0
2024-11-08 13:00:00,0.00014247,0.00014272,0.00014118,0.0001425,663441713.0
2024-11-08 14:00:00,0.0001425,0.00014292,0.00013892,0.00013929,1050758631.0
2024-11-08 15:00:00,0.00013929,0.000141,0.00013826,0.00013982,1328538238.0
2024-11-08 16:00:00,0.00013982,0.00014079,0.00013611,0.00013657,2899508920.0
2024-11-08 17:00:00,0.00013657,0.00013843,0.00013501,0.00013768,9335111963.0
2024-11-08 18:00:00,0.00013768,0.00013955,0.00013738,0.0001391,2418077342.0
2024-11-08 19:00:00,0.0001391,0.00014065,0.00013894,0.00013995,1182632162.0
2024-11-08 20:00:00,0.00013995,0.00014,0.00013746,0.00013871,1890719212.0
2024-11-08 21:00:00,0.00013871,0.00014007,0.00013768,0.00013998,367905593.0
2024-11-08 22:00:00,0.00013998,0.00014192,0.00013962,0.00014047,5306623861.0
2024-11-08 23:00:00,0.00014047,0.0001406,0.00013961,0.0001404,489443358.0
2024-11-09 00:00:00,0.0001404,0.00014128,0.00014006,0.00014024,413426647.0
2024-11-09 01:00:00,0.00014024,0.00014096,0.00013866,0.00013901,614728875.0
2024-11-09 02:00:00,0.00013901,0.00013938,0.00013814,0.00013906,339387283.0
2024-11-09 03:00:00,0.00013906,0.00014001,0.00013862,0.00013912,477429710.0
2024-11-09 04:00:00,0.00013912,0.0001401,0.00013912,0.00013985,601119217.0
2024-11-09 05:00:00,0.00013985,0.00014248,0.00013966,0.00014241,995696594.0
2024-11-09 06:00:00,0.00014241,0.00014398,0.00014217,0.00014344,1869884798.0
2024-11-09 07:00:00,0.00014344,0.0001436,0.000142,0.00014354,1816983295.0
2024-11-09 08:00:00,0.00014354,0.00014573,0.00014344,0.00014444,1667361485.0
2024-11-09 09:00:00,0.00014444,0.00014636,0.00014442,0.00014465,1042278610.0
2024-11-09 10:00:00,0.00014465,0.00014509,0.00014312,0.00014432,2260700621.0
2024-11-09 11:00:00,0.00014432,0.00014547,0.00014411,0.00014471,2053304949.0
2024-11-09 12:00:00,0.00014471,0.00014536,0.00014224,0.00014224,1132328645.0
2024-11-09 13:00:00,0.00014224,0.00014376,0.000142,0.00014294,1289488887.0
2024-11-09 14:00:00,0.00014294,0.00014314,0.00014016,0.00014126,2885390524.0
2024-11-09 15:00:00,0.00014126,0.00014218,0.00014015,0.00014181,824165118.0
2024-11-09 16:00:00,0.00014181,0.00014212,0.00014037,0.00014122,1946751869.0
2024-11-09 17:00:00,0.00014122,0.0001413,0.0001387,0.00014122,1907570361.0
2024-11-09 18:00:00,0.00014122,0.0001424,0.00014089,0.00014227,1285815828.0
2024-11-09 19:00:00,0.00014227,0.00014314,0.00014103,0.00014107,1035266867.0
2024-11-09 20:00:00,0.00014107,0.00014287,0.00014091,0.00014267,1399438941.0
2024-11-09 21:00:00,0.00014267,0.00014544,0.00014228,0.00014342,4625881483.0
2024-11-09 22:00:00,0.00014342,0.00014717,0.00014319,0.00014599,1978756721.0
2024-11-09 23:00:00,0.00014599,0.00014671,0.00014479,0.0001456,2418836107.0
2024-11-10 00:00:00,0.0001456,0.00014666,0.0001434,0.00014617,2961833358.0
2024-11-10 01:00:00,0.00014617,0.00015016,0.0001455,0.00014913,10028006407.0
2024-11-10 02:00:00,0.00014913,0.00015109,0.00014787,0.00014787,3802576964.0
2024-11-10 03:00:00,0.00014787,0.00014962,0.00014729,0.00014908,2757423426.0
2024-11-10 04:00:00,0.00014908,0.00015214,0.00014851,0.00015186,6289639265.0
2024-11-10 05:00:00,0.00015186,0.00015265,0.00014923,0.00015008,11087079030.0
2024-11-10 06:00:00,0.00015008,0.00015181,0.0001486,0.0001499,9898320926.0
2024-11-10 07:00:00,0.0001499,0.00015241,0.0001498,0.000152,2051733496.0
2024-11-10 08:00:00,0.000152,0.00015516,0.000152,0.00015443,4815160436.0
2024-11-10 09:00:00,0.00015443,0.00015748,0.00015398,0.00015549,4583761021.0
2024-11-10 10:00:00,0.00015549,0.00016724,0.00015549,0.00016665,12993817272.0
2024-11-10 11:00:00,0.00016665,0.00016816,0.00016187,0.00016638,26568690312.0
2024-11-10 12:00:00,0.00016638,0.00017032,0.00016224,0.00016809,10118057789.0
2024-11-10 13:00:00,0.00016809,0.00017389,0.00016441,0.00017297,6235467522.0
2024-11-10 14:00:00,0.00017297,0.00018742,0.00016897,0.00017155,25355430249.0
2024-11-10 15:00:00,0.00017155,0.00017818,0.00017069,0.00017517,5801711798.0
2024-11-10 16:00:00,0.00017517,0.00017935,0.0001715,0.00017672,9812403708.0
2024-11-10 17:00:00,0.00017672,0.0001842,0.00017545,0.00018072,9026635391.0
2024-11-10 18:00:00,0.00018072,0.00019374,0.00018072,0.00018414,15735229047.0
2024-11-10 19:00:00,0.00018414,0.00018759,0.00017368,0.00017773,13639591726.0
2024-11-10 20:00:00,0.00017773,0.00017894,0.0001687,0.00016889,5244519554.0
2024-11-10 21:00:00,0.00016889,0.0001763,0.00016467,0.00017501,10766696487.0
2024-11-10 22:00:00,0.00017501,0.00018139,0.00017324,0.00017815,10911316198.0
2024-11-10 23:00:00,0.00017815,0.00018147,0.00017584,0.00018014,4926132445.0
2024-11-11 00:00:00,0.00018014,0.00018493,0.00017694,0.00018072,5451338188.0
2024-11-11 01:00:00,0.00018072,0.00019239,0.00017849,0.00018805,22071005933.0
2024-11-11 02:00:00,0.00018805,0.00019023,0.00018464,0.00018661,5864711738.0
2024-11-11 03:00:00,0.00018661,0.00018677,0.00018138,0.0001821,3169651181.0
2024-11-11 04:00:00,0.0001821,0.00018238,0.00017758,0.00018059,4648297849.0
2024-11-11 05:00:00,0.00018059,0.00018089,0.00017091,0.00017331,6029762492.0
2024-11-11 06:00:00,0.00017331,0.00017686,0.00017117,0.00017563,6720757871.0
2024-11-11 07:00:00,0.00017563,0.00017743,0.00017279,0.00017525,2566749210.0
2024-11-11 08:00:00,0.00017525,0.00017796,0.0001747,0.00017628,2146292559.0
2024-11-11 09:00:00,0.00017628,0.00017734,0.00017317,0.0001766,3130045599.0
2024-11-11 10:00:00,0.0001766,0.00017911,0.00017601,0.00017797,4240625905.0
2024-11-11 11:00:00,0.00017797,0.0001792,0.00017628,0.00017733,3689167781.0
2024-11-11 12:00:00,0.00017733,0.00017885,0.00017377,0.00017508,3990554066.0
2024-11-11 13:00:00,0.00017508,0.00017508,0.00017109,0.00017321,3420058637.0
2024-11-11 14:00:00,0.00017321,0.00017466,0.00017026,0.00017387,4590424603.0
2024-11-11 15:00:00,0.00017387,0.0001848,0.00017312,0.00018101,19258399889.0
2024-11-11 16:00:00,0.00018101,0.00018494,0.00018016,0.00018242,8125514095.0
2024-11-11 17:00:00,0.00018242,0.00018557,0.00018242,0.00018449,3385616388.0
2024-11-11 18:00:00,0.00018449,0.00018536,0.00017947,0.00018349,18530384477.0
2024-11-11 19:00:00,0.00018349,0.000184,0.00017995,0.00018202,4698670515.0
2024-11-11 20:00:00,0.00018202,0.00018507,0.00018138,0.00018311,8385186696.0
2024-11-11 21:00:00,0.00018311,0.00018429,0.00017942,0.0001796,6551743732.0
2024-11-11 22:00:00,0.0001796,0.00017984,0.00017502,0.00017831,3405258806.0
2024-11-11 23:00:00,0.00017831,0.00018498,0.00017754,0.00018351,4563748323.0
2024-11-12 00:00:00,0.00018351,0.00018421,0.00017593,0.00018258,4840290535.0
2024-11-12 01:00:00,0.00018258,0.0001827,0.00017869,0.00017947,2954872044.0
2024-11-12 02:00:00,0.00017947,0.00018059,0.0001755,0.00017764,3085577063.0
2024-11-12 03:00:00,0.00017764,0.00018226,0.00017578,0.00018157,2399965821.0
2024-11-12 04:00:00,0.00018157,0.0001907,0.00018026,0.00018875,11009684308.0
2024-11-12 05:00:00,0.00018875,0.00021304,0.00018847,0.0002014,34435313090.0
2024-11-12 06:00:00,0.0002014,0.00021139,0.0001992,0.00020387,11885133060.0
2024-11-12 07:00:00,0.00020387,0.0002096,0.00020327,0.00020764,13376074452.0
2024-11-12 08:00:00,0.00020764,0.00021523,0.00020304,0.00021498,6351337844.0
2024-11-12 09:00:00,0.00021498,0.00021752,0.00019819,0.00019829,14126166593.0
2024-11-12 10:00:00,0.00019829,0.00020178,0.00018158,0.00019185,19675210985.0
2024-11-12 11:00:00,0.00019185,0.00019965,0.00018934,0.00019301,6286216477.0
2024-11-12 12:00:00,0.00019301,0.00019527,0.00018435,0.0001872,2974979411.0
2024-11-12 13:00:00,0.0001872,0.00018956,0.00017977,0.00018786,5852376894.0
2024-11-12 14:00:00,0.00018786,0.00019384,0.00018433,0.00019366,7246068687.0
2024-11-12 15:00:00,0.00019366,0.00019831,0.00018874,0.00018955,6180874125.0
2024-11-12 16:00:00,0.00018955,0.00019208,0.00018438,0.00019002,2407602864.0
2024-11-12 17:00:00,0.00019002,0.00019623,0.00018932,0.00019269,4006668831.0
2024-11-12 18:00:00,0.00019269,0.00020948,0.0001925,0.00020811,11164932766.0
2024-11-12 19:00:00,0.00020811,0.00020889,0.00020487,0.00020766,4627794641.0
2024-11-12 20:00:00,0.00020766,0.00020947,0.00020371,0.00020423,3546586857.0
2024-11-12 21:00:00,0.00020423,0.00020603,0.00020051,0.00020358,3432060467.0
2024-11-12 22:00:00,0.00020358,0.00021684,0.00020183,0.00021578,11081185670.0
2024-11-12 23:00:00,0.00021578,0.00022183,0.00020712,0.00021137,8414991529.0
2024-11-13 00:00:00,0.00021137,0.00021543,0.0002056,0.00020629,7157017771.0
2024-11-13 01:00:00,0.00020629,0.00021031,0.00019932,0.00020127,7974853806.0
2024-11-13 02:00:00,0.00020127,0.00020476,0.00019579,0.00020052,6780614080.0
2024-11-13 03:00:00,0.00020052,0.00020089,0.00019259,0.00019271,4698279265.0
2024-11-13 04:00:00,0.00019271,0.00019767,0.00018586,0.00019093,4414499552.0
2024-11-13 05:00:00,0.00019093,0.00019302,0.00018737,0.000188,5834710928.0
2024-11-13 06:00:00,0.000188,0.00019128,0.00018431,0.00018772,1503014433.0
2024-11-13 07:00:00,0.00018772,0.00019356,0.00018704,0.00019283,1402960613.0
2024-11-13 08:00:00,0.00019283,0.00019461,0.00018935,0.00018999,2595266468.0
2024-11-13 09:00:00,0.00018999,0.00019275,0.00018768,0.00019058,2606258454.0
2024-11-13 10:00:00,0.00019058,0.00019666,0.00018835,0.00019513,2186431972.0
2024-11-13 11:00:00,0.00019513,0.0002017,0.00019439,0.00020006,7787443242.0
2024-11-13 12:00:00,0.00020006,0.00020952,0.00019537,0.00020349,9358838365.0
2024-11-13 13:00:00,0.00020349,0.00022192,0.00020184,0.00021687,16095688163.0
2024-11-13 14:00:00,0.00021687,0.00023128,0.00021321,0.00022649,24860720945.0
2024-11-13 15:00:00,0.00022649,0.00022861,0.00021751,0.00022731,11159260406.0
2024-11-13 16:00:00,0.00022731,0.00023095,0.0002197,0.00022445,9845337872.0
2024-11-13 17:00:00,0.00022445,0.00023985,0.00022323,0.00023295,11666071538.0
2024-11-13 18:00:00,0.00023295,0.00024808,0.00023014,0.0002444,16539725336.0
2024-11-13 19:00:00,0.0002444,0.00024562,0.00022385,0.00022445,15428642889.0
2024-11-13 20:00:00,0.00022445,0.00022891,0.00022074,0.0002251,12700153571.0
2024-11-13 21:00:00,0.0002251,0.0002255,0.00021653,0.00022314,3524726737.0
2024-11-13 22:00:00,0.00022314,0.00022899,0.00022175,0.000228,1682341626.0
2024-11-13 23:00:00,0.000228,0.00023782,0.00022457,0.00023521,2985170553.0
2024-11-14 00:00:00,0.00023521,0.00023883,0.0002303,0.00023374,3595246470.0
2024-11-14 01:00:00,0.00023374,0.00024966,0.00022807,0.00024945,3489209759.0
2024-11-14 02:00:00,0.00024945,0.00024946,0.000234,0.00023697,7272849569.0
2024-11-14 03:00:00,0.00023697,0.00023735,0.00022932,0.00023117,2765166315.0
2024-11-14 04:00:00,0.00023117,0.00023313,0.00022842,0.00023138,2341802311.0
2024-11-14 05:00:00,0.00023138,0.00023857,0.0002288,0.00023768,6248331685.0
2024-11-14 06:00:00,0.00023768,0.00023865,0.00022619,0.00022703,11476321633.0
2024-11-14 07:00:00,0.00022703,0.00023165,0.00022259,0.00023023,2774417932.0
2024-11-14 08:00:00,0.00023023,0.00023596,0.00022994,0.00023351,2809563754.0
2024-11-14 09:00:00,0.00023351,0.00023621,0.00022909,0.0002354,2400694951.0
2024-11-14 10:00:00,0.0002354,0.00023913,0.00022809,0.00022889,5079635204.0
2024-11-14 11:00:00,0.00022889,0.00022984,0.00022084,0.00022485,6235671987.0
2024-11-14 12:00:00,0.00022485,0.0002278,0.00022264,0.00022605,3461988835.0
2024-11-14 13:00:00,0.00022605,0.00022981,0.00022298,0.00022326,2321514089.0
2024-11-14 14:00:00,0.00022326,0.00023403,0.00021805,0.00021806,5691627204.0
2024-11-14 15:00:00,0.00021806,0.00022425,0.00021544,0.00022086,4026572533.0
2024-11-14 16:00:00,0.00022086,0.0002265,0.0002175,0.00022525,2462370916.0
2024-11-14 17:00:00,0.00022525,0.0002263,0.0002205,0.00022221,1498979746.0
2024-11-14 18:00:00,0.00022221,0.00024795,0.00022161,0.00023435,17574642633.0
2024-11-14 19:00:00,0.00023435,0.00024509,0.00023367,0.00024198,3151913111.0
2024-11-14 20:00:00,0.00024198,0.0002421,0.0002334,0.00023382,5149727003.0
2024-11-14 21:00:00,0.00023382,0.00023812,0.00023133,0.00023577,10565540102.0
2024-11-14 22:00:00,0.00023577,0.00023617,0.00022427,0.00022427,6663824184.0
2024-11-14 23:00:00,0.00022427,0.00022522,0.00021293,0.00021543,5634147114.0
2024-11-15 00:00:00,0.00021543,0.00022083,0.00021182,0.00021182,5643379697.0
2024-11-15 01:00:00,0.00021182,0.00021392,0.00020694,0.000213,2835120087.0
2024-11-15 02:00:00,0.000213,0.00021546,0.00020975,0.00021528,718175587.0
2024-11-15 03:00:00,0.00021528,0.00021528,0.00021164,0.00021347,1004262041.0
2024-11-15 04:00:00,0.00021347,0.00021367,0.00020377,0.00020571,2762283026.0
2024-11-15 05:00:00,0.00020571,0.00020954,0.00020371,0.00020952,1376414217.0
2024-11-15 06:00:00,0.00020952,0.00021335,0.00020945,0.00021299,1103901457.0
2024-11-15 07:00:00,0.00021299,0.00021526,0.00021158,0.00021238,2120185718.0
2024-11-15 08:00:00,0.00021238,0.00021649,0.00020936,0.00021628,2589481236.0
2024-11-15 09:00:00,0.00021628,0.00022455,0.00021568,0.00022212,2825899625.0
2024-11-15 10:00:00,0.00022212,0.00022727,0.00022075,0.00022544,1502226537.0
2024-11-15 11:00:00,0.00022544,0.00022963,0.00022181,0.00022758,2798123809.0
2024-11-15 12:00:00,0.00022758,0.00023244,0.00022506,0.00022683,2447152713.0
2024-11-15 13:00:00,0.00022683,0.00022826,0.00022165,0.00022442,2076658579.0
2024-11-15 14:00:00,0.00022442,0.00022471,0.00021922,0.00022004,4277977886.0
2024-11-15 15:00:00,0.00022004,0.00022219,0.00021456,0.00021707,6583256579.0
2024-11-15 16:00:00,0.00021707,0.00022265,0.00021524,0.00022072,2223199030.0
2024-11-15 17:00:00,0.00022072,0.00022514,0.00022016,0.0002216,1549206274.0
2024-11-15 18:00:00,0.0002216,0.0002271,0.00021956,0.00022268,3265265826.0
2024-11-15 19:00:00,0.00022268,0.00022593,0.00022103,0.0002234,2643770418.0
2024-11-15 20:00:00,0.0002234,0.00028293,0.0002234,0.0002667,55576738586.0
2024-11-15 21:00:00,0.0002667,0.00027253,0.0002559,0.0002643,23716948312.0
2024-11-15 22:00:00,0.0002643,0.00026743,0.00025791,0.00025977,6592994379.0
2024-11-15 23:00:00,0.00025977,0.00026358,0.00025666,0.0002597,5136645284.0
2024-11-16 00:00:00,0.0002597,0.0002597,0.00025087,0.00025337,6718755790.0
2024-11-16 01:00:00,0.00025337,0.00027483,0.0002529,0.00026991,8649543079.0
2024-11-16 02:00:00,0.00026991,0.00027527,0.00026604,0.0002668,3697258326.0
2024-11-16 03:00:00,0.0002668,0.00027005,0.00026293,0.00026568,2107786429.0
2024-11-16 04:00:00,0.00026568,0.00026878,0.00026322,0.00026374,1145276021.0
2024-11-16 05:00:00,0.00026374,0.0002665,0.00025948,0.00026049,1973828936.0
2024-11-16 06:00:00,0.00026049,0.00026067,0.0002558,0.00025695,3241144452.0
2024-11-16 07:00:00,0.00025695,0.00026012,0.0002561,0.00025643,1867014676.0
2024-11-16 08:00:00,0.00025643,0.00025917,0.00025319,0.00025542,2830577189.0
2024-11-16 09:00:00,0.00025542,0.00025552,0.00025057,0.00025077,1887405565.0
2024-11-16 10:00:00,0.00025077,0.00025337,0.00024862,0.00025104,2012413694.0
2024-11-16 11:00:00,0.00025104,0.00025104,0.00024328,0.00024761,4670751751.0
2024-11-16 12:00:00,0.00024761,0.00024969,0.00024284,0.00024493,3922052412.0
2024-11-16 13:00:00,0.00024493,0.00024788,0.00024143,0.00024202,3100321655.0
2024-11-16 14:00:00,0.00024202,0.00024348,0.00023952,0.00024077,3591591554.0
2024-11-16 15:00:00,0.00024077,0.00024114,0.00023301,0.00023467,4320228553.0
2024-11-16 16:00:00,0.00023467,0.0002386,0.00023297,0.0002365,2989981548.0
2024-11-16 17:00:00,0.0002365,0.00024247,0.000235,0.00024019,2595273783.0
2024-11-16 18:00:00,0.00024019,0.00024309,0.00023958,0.00024158,1603638106.0
2024-11-16 19:00:00,0.00024158,0.00024516,0.00023991,0.00024335,2528776787.0
2024-11-16 20:00:00,0.00024335,0.00024466,0.00023937,0.00024139,2276344811.0
2024-11-16 21:00:00,0.00024139,0.00024564,0.00024139,0.00024482,1323806724.0
2024-11-16 22:00:00,0.00024482,0.00024903,0.00024448,0.00024553,2065926837.0
2024-11-16 23:00:00,0.00024553,0.00024908,0.00024381,0.00024708,2633155059.0
2024-11-17 00:00:00,0.00024708,0.0002511,0.00024499,0.00024855,1510699499.0
2024-11-17 01:00:00,0.00024855,0.0002516,0.00024088,0.00024526,1994803430.0
2024-11-17 02:00:00,0.00024526,0.00024526,0.00023428,0.00024183,4348350433.0
2024-11-17 03:00:00,0.00024183,0.00024879,0.00023872,0.00024754,1846784943.0
2024-11-17 04:00:00,0.00024754,0.00025388,0.00024301,0.00025079,1607398485.0
2024-11-17 05:00:00,0.00025079,0.00025483,0.00024891,0.00025203,1933571549.0
2024-11-17 06:00:00,0.00025203,0.00026943,0.00025097,0.00025864,3506577946.0
2024-11-17 07:00:00,0.00025864,0.00027528,0.00025644,0.00027241,4037428215.0
2024-11-17 08:00:00,0.00027241,0.00027552,0.00026618,0.00026912,3008184825.0
2024-11-17 09:00:00,0.00026912,0.00027053,0.00025952,0.00026457,3213608667.0
2024-11-17 10:00:00,0.00026457,0.00026813,0.0002565,0.0002577,2006738694.0
2024-11-17 11:00:00,0.0002577,0.00026181,0.0002547,0.00025598,1989979585.0
2024-11-17 12:00:00,0.00025598,0.0002629,0.00025511,0.00026116,1663368030.0
2024-11-17 13:00:00,0.00026116,0.00026212,0.00025659,0.00026039,1594772631.0
2024-11-17 14:00:00,0.00026039,0.00026594,0.00025826,0.00026297,3267448473.0
2024-11-17 15:00:00,0.00026297,0.00028027,0.0002621,0.00027236,6367971542.0
2024-11-17 16:00:00,0.00027236,0.00027441,0.00026332,0.00027204,8452599902.0
2024-11-17 17:00:00,0.00027204,0.00027204,0.00026565,0.00026682,3990270311.0
2024-11-17 18:00:00,0.00026682,0.00026762,0.00025936,0.00025973,3088608124.0
2024-11-17 19:00:00,0.00025973,0.00026496,0.00025733,0.00026327,1889769920.0
2024-11-17 20:00:00,0.00026327,0.00027096,0.00026315,0.00026485,3215695288.0
2024-11-17 21:00:00,0.00026485,0.0002692,0.00025828,0.00025828,3025885334.0
2024-11-17 22:00:00,0.00025828,0.00025987,0.00025212,0.00025753,2731035068.0
2024-11-17 23:00:00,0.00025753,0.0002591,0.00025319,0.00025635,1209481013.0
2024-11-18 00:00:00,0.00025635,0.00025822,0.00025212,0.00025577,1307110139.0
2024-11-18 01:00:00,0.00025577,0.00026612,0.00025577,0.00026273,1503749041.0
2024-11-18 02:00:00,0.00026273,0.000265,0.00026012,0.00026181,1132075324.0
2024-11-18 03:00:00,0.00026181,0.00026413,0.00025894,0.00026361,957150174.0
2024-11-18 04:00:00,0.00026361,0.00026425,0.0002588,0.00025944,800590930.0
2024-11-18 05:00:00,0.00025944,0.00026211,0.00025462,0.00025666,879409861.0
2024-11-18 06:00:00,0.00025666,0.00026342,0.00025533,0.00026117,958303449.0
2024-11-18 07:00:00,0.00026117,0.00026267,0.00025928,0.00026131,1372217059.0
2024-11-18 08:00:00,0.00026131,0.00026727,0.00026004,0.00026542,1025832909.0
2024-11-18 09:00:00,0.00026542,0.00026592,0.00025873,0.00026052,1291374425.0
2024-11-18 10:00:00,0.00026052,0.00027078,0.00026033,0.00026749,1333549703.0
2024-11-18 11:00:00,0.00026749,0.00026777,0.00025274,0.00025308,2832116138.0
2024-11-18 12:00:00,0.00025308,0.00025573,0.00024941,0.00025214,3342366130.0
2024-11-18 13:00:00,0.00025214,0.00025326,0.00024856,0.00025085,1708497786.0
2024-11-18 14:00:00,0.00025085,0.00026642,0.0002506,0.00025872,3128582458.0
2024-11-18 15:00:00,0.00025872,0.00026374,0.00025658,0.00026073,1781469613.0
2024-11-18 16:00:00,0.00026073,0.00026125,0.00025067,0.00025487,2063858813.0
2024-11-18 17:00:00,0.00025487,0.00025537,0.00025049,0.00025157,1821249035.0
2024-11-18 18:00:00,0.00025157,0.00025295,0.00024571,0.00024617,7235108481.0
2024-11-18 19:00:00,0.00024617,0.0002477,0.00023927,0.00024366,7424275193.0
2024-11-18 20:00:00,0.00024366,0.00025374,0.00024281,0.00025043,1767444005.0
2024-11-18 21:00:00,0.00025043,0.00025109,0.00024725,0.00024764,958248063.0
2024-11-18 22:00:00,0.00024764,0.00025122,0.0002476,0.00025046,1812475064.0
2024-11-18 23:00:00,0.00025046,0.0002509,0.0002471,0.0002492,814607680.0
2024-11-19 00:00:00,0.0002492,0.00024983,0.00024474,0.00024823,1019031103.0
2024-11-19 01:00:00,0.00024823,0.00025207,0.00024704,0.00024713,689436582.0
2024-11-19 02:00:00,0.00024713,0.00025319,0.00024649,0.00025209,699022099.0
2024-11-19 03:00:00,0.00025209,0.00025412,0.0002507,0.00025333,1385605172.0
2024-11-19 04:00:00,0.00025333,0.00025428,0.00024862,0.00025038,1029440174.0
2024-11-19 05:00:00,0.00025038,0.00025407,0.00024864,0.00025158,717619007.0
2024-11-19 06:00:00,0.00025158,0.0002537,0.00025038,0.00025069,804343456.0
2024-11-19 07:00:00,0.00025069,0.0002537,0.00025015,0.00025192,992038127.0
2024-11-19 08:00:00,0.00025192,0.00025262,0.00024794,0.00025172,1111477124.0
2024-11-19 09:00:00,0.00025172,0.0002522,0.00024575,0.00024764,1013012110.0
2024-11-19 10:00:00,0.00024764,0.00025163,0.00024699,0.00025096,784554728.0
2024-11-19 11:00:00,0.00025096,0.00025108,0.00024745,0.00024757,1843653945.0
2024-11-19 12:00:00,0.00024757,0.00025178,0.00024739,0.00024858,838648066.0
2024-11-19 13:00:00,0.00024858,0.0002572,0.000246,0.00024658,3087433922.0
2024-11-19 14:00:00,0.00024658,0.00025137,0.00024509,0.00024847,1940805685.0
2024-11-19 15:00:00,0.00024847,0.000253,0.0002465,0.00025253,2514282443.0
2024-11-19 16:00:00,0.00025253,0.00025386,0.00024822,0.00025014,2332549187.0
2024-11-19 17:00:00,0.00025014,0.000253,0.00024855,0.00025199,3315016284.0
2024-11-19 18:00:00,0.00025199,0.0002604,0.00025024,0.00025662,2700268995.0
2024-11-19 19:00:00,0.00025662,0.00025729,0.0002531,0.00025405,2760849103.0
2024-11-19 20:00:00,0.00025405,0.00025714,0.00024533,0.00024786,4514230601.0
2024-11-19 21:00:00,0.00024786,0.00024835,0.00024192,0.00024742,2256376199.0
2024-11-19 22:00:00,0.00024742,0.00024871,0.00024173,0.00024411,1412666529.0
2024-11-19 23:00:00,0.00024411,0.00024879,0.00024329,0.00024747,903201206.0
2024-11-20 00:00:00,0.00024747,0.00024825,0.00024341,0.00024467,997050025.0
2024-11-20 01:00:00,0.00024467,0.00024679,0.00024089,0.00024291,891316255.0
2024-11-20 02:00:00,0.00024291,0.00024495,0.00024024,0.00024426,2129594029.0
2024-11-20 03:00:00,0.00024426,0.00024509,0.00023675,0.00024281,3552389357.0
2024-11-20 04:00:00,0.00024281,0.00024367,0.0002392,0.00024248,478039028.0
2024-11-20 05:00:00,0.00024248,0.00024645,0.00024111,0.00024592,1140695974.0
2024-11-20 06:00:00,0.00024592,0.000246,0.00024267,0.00024332,940771475.0
2024-11-20 07:00:00,0.00024332,0.00024675,0.00024319,0.00024476,809428264.0
2024-11-20 08:00:00,0.00024476,0.00024658,0.00024347,0.00024392,3115190610.0
2024-11-20 09:00:00,0.00024392,0.00024428,0.00024021,0.00024054,968367803.0
2024-11-20 10:00:00,0.00024054,0.00024239,0.00023931,0.00023984,869946832.0
2024-11-20 11:00:00,0.00023984,0.00024031,0.0002367,0.00023947,1414255186.0
2024-11-20 12:00:00,0.00023947,0.00024028,0.00023677,0.00023781,3991435740.0
2024-11-20 13:00:00,0.00023781,0.00024188,0.00023678,0.00023989,2085624778.0
2024-11-20 14:00:00,0.00023989,0.00024507,0.00023951,0.00024113,3509457471.0
2024-11-20 15:00:00,0.00024113,0.00024191,0.00023704,0.00023923,5374508668.0
2024-11-20 16:00:00,0.00023923,0.00024098,0.00022559,0.0002306,11571712016.0
2024-11-20 17:00:00,0.0002306,0.00024939,0.0002305,0.00023776,10544952501.0
2024-11-20 18:00:00,0.00023776,0.00024532,0.00023577,0.00024382,5748367446.0
2024-11-20 19:00:00,0.00024382,0.00024454,0.00023788,0.00024033,3718078827.0
2024-11-20 20:00:00,0.00024033,0.00025334,0.00023861,0.0002533,4821481756.0
2024-11-20 21:00:00,0.0002533,0.00026775,0.00025216,0.00026156,19896140864.0
2024-11-20 22:00:00,0.00026156,0.000272,0.00025919,0.00027113,19319675926.0
2024-11-20 23:00:00,0.00027113,0.00027289,0.00026315,0.00026496,6885853198.0
2024-11-21 00:00:00,0.00026496,0.00028518,0.00026413,0.00027808,10653925263.0
2024-11-21 01:00:00,0.00027808,0.00028923,0.00027672,0.00028553,9262429726.0
2024-11-21 02:00:00,0.00028553,0.00028594,0.00026184,0.00026874,15584266611.0
2024-11-21 03:00:00,0.00026874,0.00027953,0.00026677,0.00027429,7505320953.0
2024-11-21 04:00:00,0.00027429,0.00027578,0.00025791,0.00026496,14924011872.0
2024-11-21 05:00:00,0.00026496,0.0002692,0.00025827,0.00025974,5590400341.0
2024-11-21 06:00:00,0.00025974,0.00026181,0.00025659,0.0002613,3587411343.0
2024-11-21 07:00:00,0.0002613,0.00026532,0.00025714,0.0002601,4638981483.0
2024-11-21 08:00:00,0.0002601,0.00026228,0.0002576,0.00025887,3700085105.0
2024-11-21 09:00:00,0.00025887,0.0002598,0.0002506,0.00025067,6393905996.0
2024-11-21 10:00:00,0.00025067,0.00025489,0.00024769,0.00025312,4425640958.0
2024-11-21 11:00:00,0.00025312,0.000254,0.00025012,0.00025194,1894218137.0
2024-11-21 12:00:00,0.00025194,0.00026948,0.00025114,0.00026235,10987599675.0
2024-11-21 13:00:00,0.00026235,0.00026633,0.00026061,0.00026068,6627704551.0
2024-11-21 14:00:00,0.00026068,0.00026478,0.0002552,0.00025806,6388664942.0
2024-11-21 15:00:00,0.00025806,0.00025925,0.00025072,0.00025427,4296491917.0
2024-11-21 16:00:00,0.00025427,0.00025885,0.00025413,0.00025764,3849682900.0
2024-11-21 17:00:00,0.00025764,0.00026138,0.00025368,0.00026081,3676445330.0
2024-11-21 18:00:00,0.00026081,0.00026101,0.00025571,0.00025843,3675242792.0
2024-11-21 19:00:00,0.00025843,0.00026232,0.00025811,0.00025979,2699873069.0
2024-11-21 20:00:00,0.00025979,0.00026514,0.0002592,0.00026134,2245482486.0
2024-11-21 21:00:00,0.00026134,0.00026156,0.00025776,0.00025915,2173340775.0
2024-11-21 22:00:00,0.00025915,0.00026189,0.00025911,0.00026171,2098694200.0
2024-11-21 23:00:00,0.00026171,0.00026309,0.00025919,0.00025991,1157122061.0
2024-11-22 00:00:00,0.00025991,0.00026055,0.00025384,0.00025468,3005098630.0
2024-11-22 01:00:00,0.00025468,0.0002578,0.00025245,0.00025642,2580877444.0
2024-11-22 02:00:00,0.00025642,0.00026347,0.00025595,0.00026287,2255893895.0
2024-11-22 03:00:00,0.00026287,0.00026592,0.00025983,0.00026522,1780185877.0
2024-11-22 04:00:00,0.00026522,0.00026563,0.00026125,0.00026176,1208639128.0
2024-11-22 05:00:00,0.00026176,0.00026313,0.00026043,0.00026176,617372615.0
2024-11-22 06:00:00,0.00026176,0.00026249,0.00025941,0.00025979,815486324.0
2024-11-22 07:00:00,0.00025979,0.00026119,0.00025563,0.0002561,1917577849.0
2024-11-22 08:00:00,0.0002561,0.00025876,0.00025603,0.00025814,1212037550.0
2024-11-22 09:00:00,0.00025814,0.00025964,0.000256,0.00025691,793204442.0
2024-11-22 10:00:00,0.00025691,0.00025894,0.00025366,0.00025643,945169178.0
2024-11-22 11:00:00,0.00025643,0.0002583,0.00025439,0.00025586,855918287.0
2024-11-22 12:00:00,0.00025586,0.00025639,0.00025272,0.00025353,1190250430.0
2024-11-22 13:00:00,0.00025353,0.00025431,0.0002433,0.00024626,11133197179.0
2024-11-22 14:00:00,0.00024626,0.00024923,0.0002449,0.00024734,1809691619.0
2024-11-22 15:00:00,0.00024734,0.00025012,0.00024637,0.00024965,1890067607.0
2024-11-22 16:00:00,0.00024965,0.00025031,0.00024577,0.0002485,1879594529.0
2024-11-22 17:00:00,0.0002485,0.00025069,0.00024632,0.00024665,1664235577.0
2024-11-22 18:00:00,0.00024665,0.00024798,0.00024347,0.00024397,1448656095.0
2024-11-22 19:00:00,0.00024397,0.00024673,0.0002434,0.00024503,1238710065.0
2024-11-22 20:00:00,0.00024503,0.00024779,0.00024412,0.00024725,582167595.0
2024-11-22 21:00:00,0.00024725,0.00025018,0.00024607,0.00024913,534058004.0
2024-11-22 22:00:00,0.00024913,0.00024975,0.00024556,0.00024637,804627386.0
2024-11-22 23:00:00,0.00024637,0.00024942,0.00024596,0.00024936,1191508134.0
2024-11-23 00:00:00,0.00024936,0.00024985,0.0002462,0.00024696,1438076717.0
2024-11-23 01:00:00,0.00024696,0.00024864,0.00024448,0.00024659,2069054317.0
2024-11-23 02:00:00,0.00024659,0.00024887,0.00024424,0.000246,2806371396.0
2024-11-23 03:00:00,0.000246,0.00025033,0.00024359,0.00024956,992142528.0
2024-11-23 04:00:00,0.00024956,0.00026427,0.00024948,0.0002601,5970448871.0
2024-11-23 05:00:00,0.0002601,0.00026226,0.00025275,0.00025738,2015946798.0
2024-11-23 06:00:00,0.00025738,0.0002597,0.00025512,0.00025672,1905853291.0
2024-11-23 07:00:00,0.00025672,0.00025867,0.00025499,0.00025841,1764426652.0
2024-11-23 08:00:00,0.00025841,0.00026315,0.00025833,0.00026025,1393447225.0
2024-11-23 09:00:00,0.00026025,0.00026368,0.00025844,0.00026178,2078271160.0
2024-11-23 10:00:00,0.00026178,0.00026454,0.00026067,0.00026298,1505419929.0
2024-11-23 11:00:00,0.00026298,0.00026476,0.00025929,0.00026049,1193564928.0
2024-11-23 12:00:00,0.00026049,0.00026506,0.00026049,0.00026319,2317657010.0
2024-11-23 13:00:00,0.00026319,0.00026641,0.00026124,0.00026135,2280903718.0
2024-11-23 14:00:00,0.00026135,0.00026366,0.00026095,0.00026219,1344833999.0
2024-11-23 15:00:00,0.00026219,0.00026352,0.0002569,0.00025747,2918151331.0
2024-11-23 16:00:00,0.00025747,0.00025944,0.00024491,0.00024917,15924701048.0
2024-11-23 17:00:00,0.00024917,0.00025148,0.00024497,0.00025057,2704165304.0
2024-11-23 18:00:00,0.00025057,0.00025113,0.00024838,0.00025064,642937046.0
2024-11-23 19:00:00,0.00025064,0.00025278,0.0002482,0.00025009,1602667831.0
2024-11-23 20:00:00,0.00025009,0.00025009,0.00024186,0.00024409,3725685610.0
2024-11-23 21:00:00,0.00024409,0.00024962,0.00024328,0.00024943,1594639264.0
2024-11-23 22:00:00,0.00024943,0.00025088,0.00024728,0.00024863,3141148822.0
2024-11-23 23:00:00,0.00024863,0.00024875,0.00024469,0.00024677,1009478948.0
2024-11-24 00:00:00,0.00024677,0.00025162,0.00024537,0.00025042,1259960855.0
2024-11-24 01:00:00,0.00025042,0.00025266,0.00025034,0.00025143,1178186800.0
2024-11-24 02:00:00,0.00025143,0.00025312,0.00025069,0.00025107,797756102.0
2024-11-24 03:00:00,0.00025107,0.00025235,0.00024984,0.00025224,942140767.0
2024-11-24 04:00:00,0.00025224,0.00025307,0.00024363,0.00024688,2466989459.0
2024-11-24 05:00:00,0.00024688,0.00024824,0.0002438,0.00024655,1246976984.0
2024-11-24 06:00:00,0.00024655,0.00024895,0.00024526,0.0002485,1497337594.0
2024-11-24 07:00:00,0.0002485,0.00024882,0.00024651,0.00024817,342273277.0
2024-11-24 08:00:00,0.00024817,0.00024918,0.00024374,0.00024389,1033753817.0
2024-11-24 09:00:00,0.00024389,0.00024617,0.00024231,0.0002443,1402408735.0
2024-11-24 10:00:00,0.0002443,0.00024538,0.00023889,0.00024163,2740285740.0
2024-11-24 11:00:00,0.00024163,0.00024268,0.00023536,0.00023543,3203598906.0
2024-11-24 12:00:00,0.00023543,0.00023853,0.0002272,0.00023373,6548972946.0
2024-11-24 13:00:00,0.00023373,0.00023759,0.00023227,0.0002358,2073714698.0
2024-11-24 14:00:00,0.0002358,0.0002358,0.0002296,0.00023332,3186470868.0
2024-11-24 15:00:00,0.00023332,0.00023375,0.00022747,0.00022778,2496517059.0
2024-11-24 16:00:00,0.00022778,0.0002351,0.00022714,0.00023336,2248376141.0
2024-11-24 17:00:00,0.00023336,0.00023354,0.00023,0.00023103,1460686885.0
2024-11-24 18:00:00,0.00023103,0.00023595,0.00023073,0.00023486,3931391127.0
2024-11-24 19:00:00,0.00023486,0.00023494,0.00023252,0.00023452,675598194.0
2024-11-24 20:00:00,0.00023452,0.00023662,0.00023362,0.00023617,889068676.0
2024-11-24 21:00:00,0.00023617,0.00023676,0.00023468,0.00023646,449804485.0
2024-11-24 22:00:00,0.00023646,0.00023894,0.00023586,0.00023802,965516177.0
2024-11-24 23:00:00,0.00023802,0.00024029,0.00023646,0.0002374,1366602876.0
2024-11-25 00:00:00,0.0002374,0.00023756,0.00023321,0.00023519,1092910229.0
2024-11-25 01:00:00,0.00023519,0.00023575,0.00022913,0.00023243,966091944.0
2024-11-25 02:00:00,0.00023243,0.00023648,0.00023233,0.00023648,963981913.0
2024-11-25 03:00:00,0.00023648,0.00023873,0.0002356,0.00023805,584517701.0
2024-11-25 04:00:00,0.00023805,0.00023959,0.00023694,0.00023736,424433932.0
2024-11-25 05:00:00,0.00023736,0.00024121,0.00023726,0.00023886,526153935.0
2024-11-25 06:00:00,0.00023886,0.0002405,0.00023848,0.00023997,522489558.0
2024-11-25 07:00:00,0.00023997,0.00024173,0.00023937,0.00024039,941764442.0
2024-11-25 08:00:00,0.00024039,0.00024199,0.00024017,0.00024137,1101899062.0
2024-11-25 09:00:00,0.00024137,0.00024487,0.00024102,0.00024252,1681810809.0
2024-11-25 10:00:00,0.00024252,0.00024291,0.00023933,0.0002423,2381277884.0
2024-11-25 11:00:00,0.0002423,0.00024255,0.00023782,0.00024031,1578955415.0
2024-11-25 12:00:00,0.00024031,0.00024484,0.00023848,0.00024264,777833115.0
2024-11-25 13:00:00,0.00024264,0.00024485,0.00023515,0.0002366,2364517553.0
2024-11-25 14:00:00,0.0002366,0.00024162,0.00023177,0.00023188,2075760739.0
2024-11-25 15:00:00,0.00023188,0.00023667,0.00022549,0.00023374,7034648495.0
2024-11-25 16:00:00,0.00023374,0.0002395,0.00023145,0.00023338,2268628194.0
2024-11-25 17:00:00,0.00023338,0.00023366,0.00022582,0.00022909,2006255807.0
2024-11-25 18:00:00,0.00022909,0.00023121,0.00022661,0.00022841,573602490.0
2024-11-25 19:00:00,0.00022841,0.00023019,0.00022668,0.00022885,1078763948.0
2024-11-25 20:00:00,0.00022885,0.00023134,0.00022758,0.00022953,644202268.0
2024-11-25 21:00:00,0.00022953,0.00023013,0.00022183,0.00022358,2418321725.0
2024-11-25 22:00:00,0.00022358,0.00022528,0.00021668,0.00022367,2420508044.0
2024-11-25 23:00:00,0.00022367,0.0002241,0.00022019,0.00022159,1335558006.0
2024-11-26 00:00:00,0.00022159,0.00022824,0.00021983,0.00022527,1763451411.0
2024-11-26 01:00:00,0.00022527,0.00022813,0.0002252,0.00022779,1486001980.0
2024-11-26 02:00:00,0.00022779,0.00022849,0.00022695,0.00022729,1066252095.0
2024-11-26 03:00:00,0.00022729,0.00022841,0.00022535,0.00022663,459523700.0
2024-11-26 04:00:00,0.00022663,0.00022726,0.00022521,0.00022601,602280036.0
2024-11-26 05:00:00,0.00022601,0.00022776,0.00022518,0.00022738,327753949.0
2024-11-26 06:00:00,0.00022738,0.00022821,0.00022557,0.00022611,450176207.0
2024-11-26 07:00:00,0.00022611,0.00022615,0.00021975,0.00022118,1302069860.0
2024-11-26 08:00:00,0.00022118,0.00022125,0.0002156,0.00021758,2517884942.0
2024-11-26 09:00:00,0.00021758,0.00021942,0.00021549,0.0002181,1520502663.0
2024-11-26 10:00:00,0.0002181,0.00021907,0.00021158,0.00021206,2445372042.0
2024-11-26 11:00:00,0.00021206,0.00021312,0.00020345,0.00021073,7958748371.0
2024-11-26 12:00:00,0.00021073,0.00021309,0.00020747,0.00020921,2261938014.0
2024-11-26 13:00:00,0.00020921,0.00021196,0.00020768,0.00021101,882153719.0
2024-11-26 14:00:00,0.00021101,0.0002156,0.00020806,0.00021383,1044912775.0
2024-11-26 15:00:00,0.00021383,0.00021497,0.00021077,0.00021083,797819217.0
2024-11-26 16:00:00,0.00021083,0.00021653,0.0002096,0.00021559,1322979356.0
2024-11-26 17:00:00,0.00021559,0.00021571,0.00021334,0.00021382,628030712.0
2024-11-26 18:00:00,0.00021382,0.00021418,0.00020686,0.00020842,1198567099.0
2024-11-26 19:00:00,0.00020842,0.00021049,0.00020738,0.00020937,553395403.0
2024-11-26 20:00:00,0.00020937,0.00021561,0.00020919,0.00021465,893390739.0
2024-11-26 21:00:00,0.00021465,0.00021564,0.00021239,0.00021479,745822179.0
2024-11-26 22:00:00,0.00021479,0.00021629,0.00021332,0.00021342,378848013.0
2024-11-26 23:00:00,0.00021342,0.000215,0.00021307,0.00021431,294353026.0
2024-11-27 00:00:00,0.00021431,0.00021589,0.00021025,0.00021058,592880338.0
2024-11-27 01:00:00,0.00021058,0.0002152,0.00020951,0.00021479,683838346.0
2024-11-27 02:00:00,0.00021479,0.00021789,0.00021389,0.00021738,464803922.0
2024-11-27 03:00:00,0.00021738,0.00021802,0.00021462,0.00021523,368532489.0
2024-11-27 04:00:00,0.00021523,0.00022171,0.00021487,0.00021609,526294805.0
2024-11-27 05:00:00,0.00021609,0.00021897,0.00021497,0.0002165,421749807.0
2024-11-27 06:00:00,0.0002165,0.00021991,0.00021633,0.00021831,1935342346.0
2024-11-27 07:00:00,0.00021831,0.00022042,0.00021787,0.00021968,819899620.0
2024-11-27 08:00:00,0.00021968,0.00022047,0.00021892,0.00021969,450554766.0
2024-11-27 09:00:00,0.00021969,0.00021988,0.00021662,0.00021894,1010513578.0
2024-11-27 10:00:00,0.00021894,0.00022233,0.00021801,0.00022144,998711978.0
2024-11-27 11:00:00,0.00022144,0.00022179,0.00021921,0.00021972,743318080.0
2024-11-27 12:00:00,0.00021972,0.00021981,0.00021512,0.000216,3007875876.0
2024-11-27 13:00:00,0.000216,0.00022002,0.000216,0.00021991,413207434.0
2024-11-27 14:00:00,0.00021991,0.00022496,0.00021957,0.0002246,1833530758.0
2024-11-27 15:00:00,0.0002246,0.00022886,0.0002229,0.00022683,2822255935.0
2024-11-27 16:00:00,0.00022683,0.00022828,0.00022442,0.00022518,1246967689.0
2024-11-27 17:00:00,0.00022518,0.00022616,0.00022385,0.00022593,518705953.0
2024-11-27 18:00:00,0.00022593,0.00022668,0.00022461,0.00022527,564251734.0
2024-11-27 19:00:00,0.00022527,0.00022568,0.000224,0.00022406,628273666.0
2024-11-27 20:00:00,0.00022406,0.00022771,0.00022402,0.00022648,788992345.0
2024-11-27 21:00:00,0.00022648,0.00022713,0.00022435,0.00022568,697480204.0
2024-11-27 22:00:00,0.00022568,0.00022735,0.0002252,0.00022528,380249800.0
2024-11-27 23:00:00,0.00022528,0.00022792,0.0002247,0.00022611,442835008.0
2024-11-28 00:00:00,0.00022611,0.00022955,0.00022406,0.00022869,755543436.0
2024-11-28 01:00:00,0.00022869,0.00023083,0.00022664,0.00023082,611611389.0
2024-11-28 02:00:00,0.00023082,0.00023385,0.00022708,0.00022786,1560743238.0
2024-11-28 03:00:00,0.00022786,0.00022847,0.00022225,0.00022407,1065569278.0
2024-11-28 04:00:00,0.00022407,0.00022588,0.00022288,0.00022454,447000435.0
2024-11-28 05:00:00,0.00022454,0.00022645,0.00022388,0.00022575,480458349.0
2024-11-28 06:00:00,0.00022575,0.00022609,0.00022325,0.00022473,399757388.0
2024-11-28 07:00:00,0.00022473,0.00022683,0.00022322,0.00022419,547301516.0
2024-11-28 08:00:00,0.00022419,0.00022544,0.00022126,0.00022421,685411899.0
2024-11-28 09:00:00,0.00022421,0.00022446,0.00022159,0.00022159,503440790.0
2024-11-28 10:00:00,0.00022159,0.00022366,0.00022066,0.0002213,592704393.0
2024-11-28 11:00:00,0.0002213,0.00022265,0.00021923,0.00022176,637529987.0
2024-11-28 12:00:00,0.00022176,0.00022267,0.00021963,0.00022134,908394751.0
2024-11-28 13:00:00,0.00022134,0.00022353,0.00022003,0.00022295,527764052.0
2024-11-28 14:00:00,0.00022295,0.00022394,0.00022009,0.00022079,1254077051.0
2024-11-28 15:00:00,0.00022079,0.00022163,0.00021652,0.00021734,1171512889.0
2024-11-28 16:00:00,0.00021734,0.00022038,0.00021734,0.00021997,386813872.0
2024-11-28 17:00:00,0.00021997,0.00022448,0.00021997,0.00022245,538923856.0
2024-11-28 18:00:00,0.00022245,0.00022444,0.00022245,0.00022313,654840686.0
2024-11-28 19:00:00,0.00022313,0.00022383,0.00022225,0.00022297,330808829.0
2024-11-28 20:00:00,0.00022297,0.00022323,0.00022101,0.0002212,223549373.0
2024-11-28 21:00:00,0.0002212,0.00022361,0.00022119,0.00022361,398149192.0
2024-11-28 22:00:00,0.00022361,0.00022466,0.00022277,0.00022316,492456490.0
2024-11-28 23:00:00,0.00022316,0.00022326,0.00022124,0.00022174,250757623.0
2024-11-29 00:00:00,0.00022174,0.00022283,0.00021979,0.00022025,561556960.0
2024-11-29 01:00:00,0.00022025,0.00022731,0.00022007,0.00022685,433634233.0
2024-11-29 02:00:00,0.00022685,0.00023089,0.0002254,0.00022686,1065641609.0
2024-11-29 03:00:00,0.00022686,0.00023241,0.00022616,0.00023088,723151729.0
2024-11-29 04:00:00,0.00023088,0.00023088,0.00022661,0.00022716,609449122.0
2024-11-29 05:00:00,0.00022716,0.00023101,0.00022656,0.00022777,556373814.0
2024-11-29 06:00:00,0.00022777,0.0002299,0.00022506,0.00022522,560115759.0
2024-11-29 07:00:00,0.00022522,0.00022619,0.00022125,0.00022125,992601064.0
2024-11-29 08:00:00,0.00022125,0.00022452,0.00022125,0.00022411,793421139.0
2024-11-29 09:00:00,0.00022411,0.00023056,0.00022394,0.00023019,701624877.0
2024-11-29 10:00:00,0.00023019,0.00023033,0.00022676,0.00022884,1051367622.0
2024-11-29 11:00:00,0.00022884,0.0002296,0.00022703,0.00022866,456301755.0
2024-11-29 12:00:00,0.00022866,0.00023199,0.00022765,0.00023112,1859156300.0
2024-11-29 13:00:00,0.00023112,0.00023297,0.00022862,0.00023286,760567568.0
2024-11-29 14:00:00,0.00023286,0.00023816,0.00023039,0.00023622,2239897793.0
2024-11-29 15:00:00,0.00023622,0.00023623,0.00023319,0.00023362,2265026286.0
2024-11-29 16:00:00,0.00023362,0.0002364,0.00023278,0.00023335,1148615077.0
2024-11-29 17:00:00,0.00023335,0.00023449,0.00023103,0.00023181,923543386.0
2024-11-29 18:00:00,0.00023181,0.00023503,0.00023139,0.00023285,372022561.0
2024-11-29 19:00:00,0.00023285,0.0002329,0.00023076,0.00023265,228910160.0
2024-11-29 20:00:00,0.00023265,0.00023483,0.00023218,0.00023386,1316655374.0
2024-11-29 21:00:00,0.00023386,0.00023504,0.00023196,0.00023395,400490304.0
2024-11-29 22:00:00,0.00023395,0.00023438,0.00023325,0.00023328,372876315.0
2024-11-29 23:00:00,0.00023328,0.00023355,0.00023057,0.00023098,344332700.0
2024-11-30 00:00:00,0.00023098,0.00023107,0.00022777,0.00022819,1589902494.0
2024-11-30 01:00:00,0.00022819,0.00022819,0.0002256,0.00022602,2709660944.0
2024-11-30 02:00:00,0.00022602,0.00022803,0.00022576,0.00022715,1012095453.0
2024-11-30 03:00:00,0.00022715,0.00022952,0.00022679,0.00022885,1954163999.0
2024-11-30 04:00:00,0.00022885,0.00023071,0.00022863,0.00022951,749064232.0
2024-11-30 05:00:00,0.00022951,0.00023281,0.00022951,0.00023267,360206514.0
2024-11-30 06:00:00,0.00023267,0.00023476,0.00023083,0.00023138,2337171249.0
2024-11-30 07:00:00,0.00023138,0.00023583,0.0002309,0.00023562,744253968.0
2024-11-30 08:00:00,0.00023562,0.000236,0.00023326,0.00023376,1368896123.0
2024-11-30 09:00:00,0.00023376,0.00023394,0.0002324,0.00023361,317988816.0
2024-11-30 10:00:00,0.00023361,0.00023389,0.00022828,0.0002285,1773770295.0
2024-11-30 11:00:00,0.0002285,0.00023124,0.00022783,0.00022844,767480612.0
2024-11-30 12:00:00,0.00022844,0.00023035,0.00022817,0.00022896,2179767008.0
2024-11-30 13:00:00,0.00022896,0.00023011,0.00022822,0.00022845,2043841764.0
2024-11-30 14:00:00,0.00022845,0.00023031,0.00022683,0.00022723,1447614727.0
2024-11-30 15:00:00,0.00022723,0.00023199,0.00022626,0.0002317,1713350362.0
2024-11-30 16:00:00,0.0002317,0.00023502,0.00023013,0.00023471,2115287599.0
2024-11-30 17:00:00,0.00023471,0.00023745,0.0002334,0.00023636,1601787435.0
2024-11-30 18:00:00,0.00023636,0.00023736,0.0002328,0.00023472,873880262.0
2024-11-30 19:00:00,0.00023472,0.00023539,0.00023305,0.00023319,306473368.0
2024-11-30 20:00:00,0.00023319,0.00023536,0.00023309,0.00023518,288292672.0
2024-11-30 21:00:00,0.00023518,0.00023631,0.0002334,0.00023569,886082503.0
2024-11-30 22:00:00,0.00023569,0.00023579,0.000231,0.00023158,1417161147.0
2024-11-30 23:00:00,0.00023158,0.00023287,0.00023015,0.00023052,742322511.0
2024-12-01 00:00:00,0.00023052,0.00023392,0.0002288,0.00023237,1245593839.0
2024-12-01 01:00:00,0.00023237,0.00024166,0.00023237,0.00023752,4497653521.0
2024-12-01 02:00:00,0.00023752,0.00023946,0.00022482,0.00022495,7595611937.0
2024-12-01 03:00:00,0.00022495,0.00022903,0.00022447,0.00022669,2791208645.0
2024-12-01 04:00:00,0.00022669,0.00023377,0.00022532,0.00023377,1620199266.0
2024-12-01 05:00:00,0.00023377,0.0002374,0.00023158,0.00023558,3135575827.0
2024-12-01 06:00:00,0.00023558,0.00024182,0.00023487,0.00023701,6586286432.0
2024-12-01 07:00:00,0.00023701,0.00023821,0.00023544,0.0002359,1252935045.0
2024-12-01 08:00:00,0.0002359,0.00023807,0.00023509,0.00023658,1393666086.0
2024-12-01 09:00:00,0.00023658,0.0002403,0.00023572,0.00023998,1687505479.0
2024-12-01 10:00:00,0.00023998,0.00025,0.00023964,0.00024072,4708542470.0
2024-12-01 11:00:00,0.00024072,0.00024185,0.00023883,0.00024143,1209123044.0
2024-12-01 12:00:00,0.00024143,0.00024146,0.00023841,0.00023997,1219320744.0
2024-12-01 13:00:00,0.00023997,0.00024615,0.00023816,0.00024477,2923651077.0
2024-12-01 14:00:00,0.00024477,0.00024503,0.00024046,0.00024216,1771054351.0
2024-12-01 15:00:00,0.00024216,0.00024589,0.00024114,0.00024524,1809268423.0
2024-12-01 16:00:00,0.00024524,0.0002494,0.00024524,0.00024691,2382252923.0
2024-12-01 17:00:00,0.00024691,0.00024755,0.00024257,0.00024453,1986946798.0
2024-12-01 18:00:00,0.00024453,0.00024646,0.00024261,0.0002436,3385931961.0
2024-12-01 19:00:00,0.0002436,0.00024559,0.0002406,0.00024181,1767199274.0
2024-12-01 20:00:00,0.00024181,0.00024205,0.00023751,0.00023857,1277026991.0
2024-12-01 21:00:00,0.00023857,0.00024289,0.00023813,0.00024216,1590567896.0
2024-12-01 22:00:00,0.00024216,0.00024296,0.00023967,0.00024133,932913805.0
2024-12-01 23:00:00,0.00024133,0.00024236,0.00023642,0.00023769,2257673596.0
2024-12-02 00:00:00,0.00023769,0.0002398,0.0002344,0.00023571,1610620924.0
2024-12-02 01:00:00,0.00023571,0.00023911,0.00023463,0.00023898,1234888080.0
2024-12-02 02:00:00,0.00023898,0.00024114,0.00023557,0.00023727,774619037.0
2024-12-02 03:00:00,0.00023727,0.00023891,0.00022818,0.0002292,2529324131.0
2024-12-02 04:00:00,0.0002292,0.00023177,0.00022712,0.00023102,2631143145.0
2024-12-02 05:00:00,0.00023102,0.00023303,0.00022966,0.00023069,831204820.0
2024-12-02 06:00:00,0.00023069,0.00023139,0.00022766,0.00023102,832345671.0
2024-12-02 07:00:00,0.00023102,0.00024876,0.00023089,0.00023158,6071444736.0
2024-12-02 08:00:00,0.00023158,0.00023173,0.0002195,0.00022358,8053530371.0
2024-12-02 09:00:00,0.00022358,0.00022869,0.00022208,0.00022832,1566983876.0
2024-12-02 10:00:00,0.00022832,0.00022842,0.00022119,0.00022169,1844049515.0
2024-12-02 11:00:00,0.00022169,0.00022467,0.000221,0.00022333,761978268.0
2024-12-02 12:00:00,0.00022333,0.00022504,0.00022133,0.00022272,1883015005.0
2024-12-02 13:00:00,0.00022272,0.00022579,0.00022237,0.00022494,778891291.0
2024-12-02 14:00:00,0.00022494,0.00022737,0.00022399,0.00022486,2134807636.0
2024-12-02 15:00:00,0.00022486,0.00022947,0.00022324,0.00022761,1320503611.0
2024-12-02 16:00:00,0.00022761,0.00022937,0.00022122,0.00022401,2671253525.0
2024-12-02 17:00:00,0.00022401,0.00022495,0.00021914,0.00021992,1760489492.0
2024-12-02 18:00:00,0.00021992,0.0002249,0.00021973,0.00022467,1005555949.0
2024-12-02 19:00:00,0.00022467,0.00022493,0.00022229,0.00022382,644960244.0
2024-12-02 20:00:00,0.00022382,0.00022579,0.00022284,0.00022353,1612573733.0
2024-12-02 21:00:00,0.00022353,0.00022488,0.00022225,0.00022393,751994683.0
2024-12-02 22:00:00,0.00022393,0.00022508,0.00022252,0.00022487,2512139457.0
2024-12-02 23:00:00,0.00022487,0.00022706,0.0002246,0.00022684,917519632.0
2024-12-03 00:00:00,0.00022684,0.00022904,0.00022599,0.00022849,1029804145.0
2024-12-03 01:00:00,0.00022849,0.00022868,0.00022611,0.00022626,597277174.0
2024-12-03 02:00:00,0.00022626,0.00022765,0.00022486,0.00022705,1602092433.0
2024-12-03 03:00:00,0.00022705,0.00022755,0.00022617,0.00022632,994606060.0
2024-12-03 04:00:00,0.00022632,0.00022757,0.0002257,0.00022742,737234338.0
2024-12-03 05:00:00,0.00022742,0.00022891,0.00022694,0.00022811,2365152113.0
2024-12-03 06:00:00,0.00022811,0.00023396,0.00022653,0.00022857,4857551914.0
2024-12-03 07:00:00,0.00022857,0.00022986,0.00022576,0.00022722,1906874791.0
2024-12-03 08:00:00,0.00022722,0.00023104,0.00022701,0.00022856,1837546113.0
2024-12-03 09:00:00,0.00022856,0.00022874,0.00022461,0.0002265,1269362995.0
2024-12-03 10:00:00,0.0002265,0.00022879,0.00022322,0.00022378,1574757773.0
2024-12-03 11:00:00,0.00022378,0.00022667,0.00022339,0.00022654,810086018.0
2024-12-03 12:00:00,0.00022654,0.00022657,0.0002244,0.00022582,1217328504.0
2024-12-03 13:00:00,0.00022582,0.00022646,0.00021165,0.00021452,7963215321.0
2024-12-03 14:00:00,0.00021452,0.00021879,0.00020744,0.00021692,11857361702.0
2024-12-03 15:00:00,0.00021692,0.00021919,0.00021545,0.00021768,1587115797.0
2024-12-03 16:00:00,0.00021768,0.00022041,0.00021544,0.00021637,1272142449.0
2024-12-03 17:00:00,0.00021637,0.00021865,0.00021443,0.00021865,652523753.0
2024-12-03 18:00:00,0.00021865,0.00021963,0.00021829,0.00021931,615280507.0
2024-12-03 19:00:00,0.00021931,0.00021989,0.00021658,0.00021981,1284349929.0
2024-12-03 20:00:00,0.00021981,0.00022225,0.00021969,0.000222,500099354.0
2024-12-03 21:00:00,0.000222,0.00022679,0.00022184,0.0002258,3791456249.0
2024-12-03 22:00:00,0.0002258,0.00022683,0.00022297,0.00022683,1259330985.0
2024-12-03 23:00:00,0.00022683,0.00022732,0.00022454,0.00022454,1845305592.0
2024-12-04 00:00:00,0.00022454,0.00023058,0.00022444,0.0002296,3108187326.0
2024-12-04 01:00:00,0.0002296,0.000231,0.00022725,0.00023081,4279573329.0
2024-12-04 02:00:00,0.00023081,0.00023133,0.00022487,0.00022723,1377237837.0
2024-12-04 03:00:00,0.00022723,0.00022987,0.00022702,0.00022905,776113460.0
2024-12-04 04:00:00,0.00022905,0.00023085,0.00022904,0.00022949,1126047137.0
2024-12-04 05:00:00,0.00022949,0.00023209,0.00022949,0.00023158,1032316927.0
2024-12-04 06:00:00,0.00023158,0.00023216,0.00023013,0.00023078,973219896.0
2024-12-04 07:00:00,0.00023078,0.00023238,0.00023036,0.00023112,856934045.0
2024-12-04 08:00:00,0.00023112,0.00023195,0.00022961,0.00023074,865981710.0
2024-12-04 09:00:00,0.00023074,0.00023259,0.00023045,0.00023124,2104153318.0
2024-12-04 10:00:00,0.00023124,0.00023243,0.00022965,0.0002304,2891269229.0
2024-12-04 11:00:00,0.0002304,0.00023232,0.00022917,0.00023111,3342756518.0
2024-12-04 12:00:00,0.00023111,0.00023223,0.00022611,0.00023192,3659900675.0
2024-12-04 13:00:00,0.00023192,0.00023298,0.00022826,0.00023065,1369013670.0
2024-12-04 14:00:00,0.00023065,0.00023493,0.00022817,0.00023313,2081213869.0
2024-12-04 15:00:00,0.00023313,0.0002369,0.00023087,0.00023398,3489564612.0
2024-12-04 16:00:00,0.00023398,0.00023583,0.00022222,0.000224,3938770660.0
2024-12-04 17:00:00,0.000224,0.00023013,0.00022369,0.00022979,1723070857.0
2024-12-04 18:00:00,0.00022979,0.00023417,0.00022979,0.00023258,1691727937.0
2024-12-04 19:00:00,0.00023258,0.00023539,0.00023219,0.00023362,1331128197.0
2024-12-04 20:00:00,0.00023362,0.0002355,0.00022881,0.00023237,2599396651.0
2024-12-04 21:00:00,0.00023237,0.00023652,0.00023141,0.00023387,1675943214.0
2024-12-04 22:00:00,0.00023387,0.00023531,0.00023153,0.00023202,1567433431.0
2024-12-04 23:00:00,0.00023202,0.00023703,0.00022816,0.00023634,1774187303.0
2024-12-05 00:00:00,0.00023634,0.00023704,0.00022924,0.00022957,1458158542.0
2024-12-05 01:00:00,0.00022957,0.00022975,0.00021953,0.00022612,3826617413.0
2024-12-05 02:00:00,0.00022612,0.00023553,0.00022558,0.00023178,1898082424.0
2024-12-05 03:00:00,0.00023178,0.0002384,0.00022976,0.00023082,2005943618.0
2024-12-05 04:00:00,0.00023082,0.0002404,0.00023053,0.00023971,1390654453.0
2024-12-05 05:00:00,0.00023971,0.00024053,0.00023355,0.00023531,2443866001.0
2024-12-05 06:00:00,0.00023531,0.00023604,0.00023026,0.00023303,1186847608.0
2024-12-05 07:00:00,0.00023303,0.00023649,0.00023299,0.00023584,1075629359.0
2024-12-05 08:00:00,0.00023584,0.00023666,0.00023365,0.00023365,780339354.0
2024-12-05 09:00:00,0.00023365,0.00023572,0.00023243,0.00023555,838323409.0
2024-12-05 10:00:00,0.00023555,0.00023609,0.00023406,0.00023493,690040271.0
2024-12-05 11:00:00,0.00023493,0.00023775,0.00023461,0.00023761,492409734.0
2024-12-05 12:00:00,0.00023761,0.00024013,0.00023758,0.00023819,1351056906.0
2024-12-05 13:00:00,0.00023819,0.00024142,0.00023741,0.00024083,2455400533.0
2024-12-05 14:00:00,0.00024083,0.00024247,0.00023962,0.00024045,2575466833.0
2024-12-05 15:00:00,0.00024045,0.00024193,0.00023557,0.00023855,2160904166.0
2024-12-05 16:00:00,0.00023855,0.00024019,0.00023588,0.00023841,692213254.0
2024-12-05 17:00:00,0.00023841,0.00024037,0.0002372,0.00023991,508131078.0
2024-12-05 18:00:00,0.00023991,0.0002404,0.00023624,0.00023653,1108048513.0
2024-12-05 19:00:00,0.00023653,0.00023915,0.0002306,0.000232,2605045553.0
2024-12-05 20:00:00,0.000232,0.00023386,0.00022814,0.00023383,2259834387.0
2024-12-05 21:00:00,0.00023383,0.00023502,0.00023299,0.00023424,676139935.0
2024-12-05 22:00:00,0.00023424,0.00023594,0.00022303,0.00023207,7776914787.0
2024-12-05 23:00:00,0.00023207,0.00023472,0.00022745,0.00023152,1909083753.0
2024-12-06 00:00:00,0.00023152,0.00023835,0.00022904,0.00023806,2265299392.0
2024-12-06 01:00:00,0.00023806,0.00024045,0.00023651,0.00023868,1049050042.0
2024-12-06 02:00:00,0.00023868,0.00024018,0.00023744,0.00024018,1149328306.0
2024-12-06 03:00:00,0.00024018,0.00024126,0.00023821,0.00024069,979913355.0
2024-12-06 04:00:00,0.00024069,0.00024191,0.00023858,0.00023859,844719809.0
2024-12-06 05:00:00,0.00023859,0.00023989,0.0002372,0.00023752,622492215.0
2024-12-06 06:00:00,0.00023752,0.00023899,0.0002364,0.00023754,503789213.0
2024-12-06 07:00:00,0.00023754,0.00023822,0.00023626,0.00023776,368514841.0
2024-12-06 08:00:00,0.00023776,0.00023926,0.00023506,0.0002356,864446048.0
2024-12-06 09:00:00,0.0002356,0.00023593,0.00023014,0.00023157,2475963630.0
2024-12-06 10:00:00,0.00023157,0.00023211,0.00022836,0.00023105,1261015387.0
2024-12-06 11:00:00,0.00023105,0.00023252,0.00022928,0.00023032,807288431.0
2024-12-06 12:00:00,0.00023032,0.00023179,0.00022559,0.00022605,1065791002.0
2024-12-06 13:00:00,0.00022605,0.00023032,0.000225,0.00022885,1173288262.0
2024-12-06 14:00:00,0.00022885,0.0002314,0.00022796,0.00023111,962926607.0
2024-12-06 15:00:00,0.00023111,0.00023366,0.00023014,0.00023177,1682587937.0
2024-12-06 16:00:00,0.00023177,0.00023309,0.00023114,0.00023219,653772771.0
2024-12-06 17:00:00,0.00023219,0.00023434,0.00023075,0.00023312,1602260385.0
2024-12-06 18:00:00,0.00023312,0.00023486,0.00023268,0.00023381,1399405267.0
2024-12-06 19:00:00,0.00023381,0.0002374,0.00023331,0.00023718,1272992006.0
2024-12-06 20:00:00,0.00023718,0.00024059,0.00023675,0.00023761,2410544678.0
2024-12-06 21:00:00,0.00023761,0.00023874,0.00023655,0.00023685,899344916.0
2024-12-06 22:00:00,0.00023685,0.00023822,0.00023684,0.00023762,366211554.0
2024-12-06 23:00:00,0.00023762,0.00023792,0.0002348,0.0002365,1075243001.0
2024-12-07 00:00:00,0.0002365,0.00023906,0.00023586,0.00023838,1519855102.0
2024-12-07 01:00:00,0.00023838,0.00023919,0.0002357,0.00023654,402224718.0
2024-12-07 02:00:00,0.00023654,0.00023812,0.00023554,0.00023705,489805890.0
2024-12-07 03:00:00,0.00023705,0.00023724,0.00023468,0.00023572,486162226.0
2024-12-07 04:00:00,0.00023572,0.00023689,0.00023475,0.00023491,404667131.0
2024-12-07 05:00:00,0.00023491,0.00023521,0.00023298,0.00023327,1134602362.0
2024-12-07 06:00:00,0.00023327,0.00023615,0.00023285,0.00023585,690613446.0
2024-12-07 07:00:00,0.00023585,0.00023993,0.00023508,0.00023939,1332283351.0
2024-12-07 08:00:00,0.00023939,0.00024305,0.00023811,0.0002415,2287769702.0
2024-12-07 09:00:00,0.0002415,0.00025959,0.00024137,0.00025808,13766954135.0
2024-12-07 10:00:00,0.00025808,0.00026565,0.00025221,0.00026267,9043367764.0
2024-12-07 11:00:00,0.00026267,0.00027325,0.00026174,0.00026377,12954206038.0
2024-12-07 12:00:00,0.00026377,0.00026538,0.00025628,0.00025704,5524524501.0
2024-12-07 13:00:00,0.00025704,0.00026709,0.00025442,0.00026236,6299013165.0
2024-12-07 14:00:00,0.00026236,0.00026447,0.00025988,0.00026447,2650381437.0
2024-12-07 15:00:00,0.00026447,0.000265,0.00025928,0.00026023,2941309956.0
2024-12-07 16:00:00,0.00026023,0.00026315,0.0002567,0.00026141,2703790596.0
2024-12-07 17:00:00,0.00026141,0.00026797,0.00026024,0.00026745,3770488229.0
2024-12-07 18:00:00,0.00026745,0.000269,0.00026192,0.00026338,4774103965.0
2024-12-07 19:00:00,0.00026338,0.00027264,0.0002623,0.00027169,2276840162.0
2024-12-07 20:00:00,0.00027169,0.00027179,0.00026345,0.00026774,3973930048.0
2024-12-07 21:00:00,0.00026774,0.0002692,0.00026238,0.00026425,7311821876.0
2024-12-07 22:00:00,0.00026425,0.0002653,0.00025906,0.00025913,1700786469.0
2024-12-07 23:00:00,0.00025913,0.00026141,0.00025708,0.00025729,2932693740.0
2024-12-08 00:00:00,0.00025729,0.0002602,0.00025538,0.00025972,2333145701.0
2024-12-08 01:00:00,0.00025972,0.00026417,0.00025958,0.00026168,2218490020.0
2024-12-08 02:00:00,0.00026168,0.00026315,0.00026008,0.00026275,1631249647.0
2024-12-08 03:00:00,0.00026275,0.00026405,0.0002609,0.00026273,896471389.0
2024-12-08 04:00:00,0.00026273,0.00026714,0.00026236,0.00026355,1747872891.0
2024-12-08 05:00:00,0.00026355,0.00026651,0.0002583,0.00026152,4702753815.0
2024-12-08 06:00:00,0.00026152,0.00026282,0.00025849,0.00026161,1478633212.0
2024-12-08 07:00:00,0.00026161,0.00026305,0.00025923,0.00025937,1919371469.0
2024-12-08 08:00:00,0.00025937,0.00025988,0.00025126,0.00025136,3088855012.0
2024-12-08 09:00:00,0.00025136,0.0002541,0.000248,0.00025004,2604214049.0
2024-12-08 10:00:00,0.00025004,0.0002535,0.00025001,0.00025173,2571830000.0
2024-12-08 11:00:00,0.00025173,0.00025684,0.00025141,0.0002556,1360874821.0
2024-12-08 12:00:00,0.0002556,0.00025745,0.0002538,0.00025593,1649703623.0
2024-12-08 13:00:00,0.00025593,0.0002573,0.00025532,0.00025623,736465906.0
2024-12-08 14:00:00,0.00025623,0.00025774,0.00025433,0.00025472,705442972.0
2024-12-08 15:00:00,0.00025472,0.00025688,0.00025267,0.00025535,1116183287.0
2024-12-08 16:00:00,0.00025535,0.00026609,0.00025416,0.00025992,4842937021.0
2024-12-08 17:00:00,0.00025992,0.00026093,0.00025554,0.00025862,2697378660.0
2024-12-08 18:00:00,0.00025862,0.00025962,0.00025508,0.00025836,1418562057.0
2024-12-08 19:00:00,0.00025836,0.00025973,0.00025609,0.00025962,2352123192.0
2024-12-08 20:00:00,0.00025962,0.00025988,0.00025737,0.00025845,558855033.0
2024-12-08 21:00:00,0.00025845,0.00025913,0.00025677,0.00025751,557764582.0
2024-12-08 22:00:00,0.00025751,0.00025951,0.00025665,0.00025905,842817183.0
2024-12-08 23:00:00,0.00025905,0.00025976,0.0002572,0.00025865,799996387.0
2024-12-09 00:00:00,0.00025865,0.00025887,0.00025439,0.00025771,1116715178.0
2024-12-09 01:00:00,0.00025771,0.0002658,0.0002562,0.00025673,4474604247.0
2024-12-09 02:00:00,0.00025673,0.00026075,0.00025514,0.00025786,3503795139.0
2024-12-09 03:00:00,0.00025786,0.00026027,0.00025183,0.00025712,6704334004.0
2024-12-09 04:00:00,0.00025712,0.00026739,0.00025676,0.00026621,7020485042.0
2024-12-09 05:00:00,0.00026621,0.0002665,0.00025997,0.0002639,3726240180.0
2024-12-09 06:00:00,0.0002639,0.00026475,0.00025724,0.00026193,3342543266.0
2024-12-09 07:00:00,0.00026193,0.00027278,0.00025701,0.00026879,8756155382.0
2024-12-09 08:00:00,0.00026879,0.00027141,0.00025731,0.00025826,9522111128.0
2024-12-09 09:00:00,0.00025826,0.00026244,0.00025309,0.00025805,6306196916.0
2024-12-09 10:00:00,0.00025805,0.00026118,0.00025422,0.00025987,3650408468.0
2024-12-09 11:00:00,0.00025987,0.00025987,0.00025034,0.00025404,4683958685.0
2024-12-09 12:00:00,0.00025404,0.000255,0.00024581,0.00025229,9302918448.0
2024-12-09 13:00:00,0.00025229,0.00026329,0.00024916,0.00026232,9113265312.0
2024-12-09 14:00:00,0.00026232,0.0002692,0.00025768,0.00026676,7513161147.0
2024-12-09 15:00:00,0.00026676,0.00026939,0.00026066,0.00026617,12216288124.0
2024-12-09 16:00:00,0.00026617,0.00028444,0.00026196,0.00027732,26299208991.0
2024-12-09 17:00:00,0.00027732,0.0002809,0.00027356,0.00027406,8883868297.0
2024-12-09 18:00:00,0.00027406,0.00028045,0.00027222,0.00027754,6629496411.0
2024-12-09 19:00:00,0.00027754,0.000278,0.00027343,0.00027443,3446044130.0
2024-12-09 20:00:00,0.00027443,0.00027511,0.00025149,0.00025405,38950838364.0
2024-12-09 21:00:00,0.00025405,0.00025866,0.00021103,0.0002436,77334458985.0
2024-12-09 22:00:00,0.0002436,0.00024646,0.00021787,0.00024146,32922793717.0
2024-12-09 23:00:00,0.00024146,0.00024405,0.00023631,0.00023936,3855099617.0
2024-12-10 00:00:00,0.00023936,0.00024549,0.00023161,0.00023863,4801551900.0
2024-12-10 01:00:00,0.00023863,0.00023889,0.00023103,0.0002377,1566124975.0
2024-12-10 02:00:00,0.0002377,0.0002377,0.0002274,0.0002274,3447055325.0
2024-12-10 03:00:00,0.0002274,0.00023159,0.00021941,0.00023141,5644022894.0
2024-12-10 04:00:00,0.00023141,0.00023459,0.00022267,0.00023346,3580997706.0
2024-12-10 05:00:00,0.00023346,0.00023426,0.00022923,0.00023213,1453651706.0
2024-12-10 06:00:00,0.00023213,0.0002355,0.0002294,0.00023417,2324965510.0
2024-12-10 07:00:00,0.00023417,0.00023909,0.00023257,0.00023614,3127392466.0
2024-12-10 08:00:00,0.00023614,0.00023941,0.00023164,0.00023839,2992290745.0
2024-12-10 09:00:00,0.00023839,0.00024111,0.00023535,0.00023795,2425971866.0
2024-12-10 10:00:00,0.00023795,0.00023925,0.00023541,0.00023548,1972525161.0
2024-12-10 11:00:00,0.00023548,0.00023574,0.00023,0.00023228,2605271891.0
2024-12-10 12:00:00,0.00023228,0.00023344,0.0002219,0.00022284,3040456333.0
2024-12-10 13:00:00,0.00022284,0.00022755,0.00022272,0.00022481,2493899597.0
2024-12-10 14:00:00,0.00022481,0.00023061,0.00022354,0.00022592,3500041290.0
2024-12-10 15:00:00,0.00022592,0.00022725,0.00021113,0.00021143,6609916227.0
2024-12-10 16:00:00,0.00021143,0.00022029,0.00020879,0.00022003,6327265552.0
2024-12-10 17:00:00,0.00022003,0.00022003,0.00020785,0.00020785,4092237061.0
2024-12-10 18:00:00,0.00020785,0.0002159,0.00020713,0.0002136,3723072434.0
2024-12-10 19:00:00,0.0002136,0.00021813,0.00021345,0.0002164,2335091469.0
2024-12-10 20:00:00,0.0002164,0.00021954,0.00021484,0.00021808,1695168261.0
2024-12-10 21:00:00,0.00021808,0.00022451,0.00021738,0.00022062,5704316711.0
2024-12-10 22:00:00,0.00022062,0.00022405,0.00021986,0.00022213,1292016636.0
2024-12-10 23:00:00,0.00022213,0.00022419,0.00022118,0.00022171,1881702647.0
2024-12-11 00:00:00,0.00022171,0.00022342,0.00021826,0.00022199,6313621264.0
2024-12-11 01:00:00,0.00022199,0.00022199,0.00021542,0.00021638,2856651985.0
2024-12-11 02:00:00,0.00021638,0.00022376,0.00021582,0.00022198,2409467890.0
2024-12-11 03:00:00,0.00022198,0.00022627,0.0002218,0.00022627,2081906410.0
2024-12-11 04:00:00,0.00022627,0.000228,0.00022446,0.00022551,1144999437.0
2024-12-11 05:00:00,0.00022551,0.00022586,0.00022306,0.00022383,1219343970.0
2024-12-11 06:00:00,0.00022383,0.00022487,0.000223,0.00022423,738276621.0
2024-12-11 07:00:00,0.00022423,0.00022571,0.00022209,0.00022224,1652760467.0
2024-12-11 08:00:00,0.00022224,0.00023068,0.00022215,0.00022998,2732933558.0
2024-12-11 09:00:00,0.00022998,0.00023376,0.00022992,0.0002329,3248707843.0
2024-12-11 10:00:00,0.0002329,0.0002332,0.0002306,0.00023224,1593932789.0
2024-12-11 11:00:00,0.00023224,0.00023261,0.0002298,0.00023156,1667899459.0
2024-12-11 12:00:00,0.00023156,0.00023431,0.00023037,0.00023231,1421907344.0
2024-12-11 13:00:00,0.00023231,0.00023694,0.00023154,0.00023436,2338977508.0
2024-12-11 14:00:00,0.00023436,0.00023593,0.00023246,0.00023494,1684032034.0
2024-12-11 15:00:00,0.00023494,0.00024078,0.0002347,0.00024,2443434349.0
2024-12-11 16:00:00,0.00024,0.00024714,0.00023994,0.0002422,3706997597.0
2024-12-11 17:00:00,0.0002422,0.00024457,0.0002395,0.00023978,1434332071.0
2024-12-11 18:00:00,0.00023978,0.00024306,0.00023922,0.00024187,2203194274.0
2024-12-11 19:00:00,0.00024187,0.00024606,0.00024177,0.00024577,888304538.0
2024-12-11 20:00:00,0.00024577,0.00024741,0.00024225,0.00024287,1202652287.0
2024-12-11 21:00:00,0.00024287,0.00024422,0.00024205,0.00024229,1049041095.0
2024-12-11 22:00:00,0.00024229,0.00024328,0.00024111,0.00024243,489229818.0
2024-12-11 23:00:00,0.00024243,0.00024293,0.00024183,0.0002422,291521894.0
2024-12-12 00:00:00,0.0002422,0.000244,0.00024126,0.00024314,759330845.0
2024-12-12 01:00:00,0.00024314,0.00024428,0.00024186,0.000243,491431177.0
2024-12-12 02:00:00,0.000243,0.0002516,0.000243,0.0002506,2282227269.0
2024-12-12 03:00:00,0.0002506,0.00025234,0.00024682,0.0002475,3784661333.0
2024-12-12 04:00:00,0.0002475,0.00024844,0.00024637,0.00024811,1961840386.0
2024-12-12 05:00:00,0.00024811,0.00025235,0.00024811,0.00025066,1365049479.0
2024-12-12 06:00:00,0.00025066,0.0002541,0.00025016,0.00025121,898337900.0
2024-12-12 07:00:00,0.00025121,0.00025219,0.00024869,0.00024902,1557591005.0
2024-12-12 08:00:00,0.00024902,0.00025112,0.00024902,0.0002498,805150247.0
2024-12-12 09:00:00,0.0002498,0.00025044,0.0002462,0.00024622,1809416938.0
2024-12-12 10:00:00,0.00024622,0.00024644,0.00024218,0.00024337,4179481909.0
2024-12-12 11:00:00,0.00024337,0.00024363,0.00024138,0.00024222,1807502680.0
2024-12-12 12:00:00,0.00024222,0.00024539,0.00024222,0.00024505,2216281470.0
2024-12-12 13:00:00,0.00024505,0.00024902,0.00024265,0.00024503,4066282284.0
2024-12-12 14:00:00,0.00024503,0.00024564,0.00024135,0.0002435,2099565126.0
2024-12-12 15:00:00,0.0002435,0.00024465,0.00024031,0.00024244,1483721419.0
2024-12-12 16:00:00,0.00024244,0.0002456,0.00024157,0.00024414,2070511196.0
2024-12-12 17:00:00,0.00024414,0.00024941,0.00024413,0.00024821,2156286704.0
2024-12-12 18:00:00,0.00024821,0.00024821,0.00024351,0.00024506,1286413054.0
2024-12-12 19:00:00,0.00024506,0.00024582,0.00023548,0.00023656,3486435565.0
2024-12-12 20:00:00,0.00023656,0.00024036,0.00023609,0.00023913,1873424691.0
2024-12-12 21:00:00,0.00023913,0.00024019,0.0002371,0.0002377,4497969832.0
2024-12-12 22:00:00,0.0002377,0.00023903,0.00023484,0.00023754,2316637336.0
2024-12-12 23:00:00,0.00023754,0.00023901,0.00023696,0.00023855,452172550.0
2024-12-13 00:00:00,0.00023855,0.00024071,0.00023799,0.00023878,1352053580.0
2024-12-13 01:00:00,0.00023878,0.00023878,0.00023266,0.00023617,3781131090.0
2024-12-13 02:00:00,0.00023617,0.00023851,0.00023505,0.00023677,494064338.0
2024-12-13 03:00:00,0.00023677,0.00023869,0.00023677,0.00023822,297386632.0
2024-12-13 04:00:00,0.00023822,0.00023859,0.0002347,0.00023725,1225318111.0
2024-12-13 05:00:00,0.00023725,0.0002405,0.00023648,0.00024008,785899246.0
2024-12-13 06:00:00,0.00024008,0.00024299,0.0002384,0.0002398,1425434952.0
2024-12-13 07:00:00,0.0002398,0.00024103,0.00023615,0.00024098,1990961320.0
2024-12-13 08:00:00,0.00024098,0.00024245,0.00023745,0.00024125,1240082164.0
2024-12-13 09:00:00,0.00024125,0.0002447,0.00023974,0.00024078,1435788676.0
2024-12-13 10:00:00,0.00024078,0.00024239,0.00023682,0.00023782,1773993444.0
2024-12-13 11:00:00,0.00023782,0.00023971,0.00023639,0.00023639,1254538305.0
2024-12-13 12:00:00,0.00023639,0.00024473,0.00023639,0.0002447,1894062664.0
2024-12-13 13:00:00,0.0002447,0.00024752,0.00024156,0.0002446,2454470190.0
2024-12-13 14:00:00,0.0002446,0.00024543,0.00023898,0.00024405,1612130413.0
2024-12-13 15:00:00,0.00024405,0.00024527,0.0002353,0.00023607,4427811647.0
2024-12-13 16:00:00,0.00023607,0.00024214,0.00023558,0.0002389,2487730178.0
2024-12-13 17:00:00,0.0002389,0.00024371,0.00023829,0.0002433,686210853.0
2024-12-13 18:00:00,0.0002433,0.00024365,0.00024117,0.00024159,499922421.0
2024-12-13 19:00:00,0.00024159,0.00024329,0.00024091,0.0002421,265886720.0
2024-12-13 20:00:00,0.0002421,0.00024586,0.000242,0.0002437,726575249.0
2024-12-13 21:00:00,0.0002437,0.00024375,0.00024205,0.00024275,558334980.0
2024-12-13 22:00:00,0.00024275,0.00024429,0.00024145,0.00024179,702164138.0
2024-12-13 23:00:00,0.00024179,0.00024519,0.00024124,0.00024427,396718006.0
2024-12-14 00:00:00,0.00024427,0.00024427,0.00023882,0.00023954,1020178208.0
2024-12-14 01:00:00,0.00023954,0.00024525,0.0002395,0.00024417,941592421.0
2024-12-14 02:00:00,0.00024417,0.00024636,0.00024168,0.00024183,3439044076.0
2024-12-14 03:00:00,0.00024183,0.00024288,0.00023996,0.00024021,672350533.0
2024-12-14 04:00:00,0.00024021,0.00024101,0.0002385,0.00023871,407857854.0
2024-12-14 05:00:00,0.00023871,0.00024074,0.00023861,0.00023967,285953121.0
2024-12-14 06:00:00,0.00023967,0.00024518,0.00023965,0.00024492,753610819.0
2024-12-14 07:00:00,0.00024492,0.00024515,0.00024015,0.00024153,2722344636.0
2024-12-14 08:00:00,0.00024153,0.0002428,0.00024076,0.0002408,1268875892.0
2024-12-14 09:00:00,0.0002408,0.00024118,0.00023859,0.00023887,1720254890.0
2024-12-14 10:00:00,0.00023887,0.00023913,0.00023664,0.00023806,1457967908.0
2024-12-14 11:00:00,0.00023806,0.00023889,0.0002369,0.00023712,551052271.0
2024-12-14 12:00:00,0.00023712,0.00023758,0.00023296,0.00023319,1686395915.0
2024-12-14 13:00:00,0.00023319,0.0002339,0.0002285,0.0002301,3596169229.0
2024-12-14 14:00:00,0.0002301,0.00023236,0.0002301,0.00023158,2047900808.0
2024-12-14 15:00:00,0.00023158,0.00023296,0.00023028,0.00023142,1758085454.0
2024-12-14 16:00:00,0.00023142,0.00024219,0.00023044,0.00024205,8957614162.0
2024-12-14 17:00:00,0.00024205,0.00024769,0.00023817,0.00024018,6993613964.0
2024-12-14 18:00:00,0.00024018,0.000241,0.00023478,0.00023524,7477468479.0
2024-12-14 19:00:00,0.00023524,0.00024183,0.00023497,0.00024183,6299146903.0
2024-12-14 20:00:00,0.00024183,0.00024526,0.00023828,0.00023974,2588515634.0
2024-12-14 21:00:00,0.00023974,0.00024608,0.00023968,0.00024506,2610520935.0
2024-12-14 22:00:00,0.00024506,0.00025294,0.00024308,0.0002506,13903121824.0
2024-12-14 23:00:00,0.0002506,0.00025434,0.00024309,0.00024579,8312807677.0
2024-12-15 00:00:00,0.00024579,0.00024584,0.00022934,0.00023091,18394658898.0
2024-12-15 01:00:00,0.00023091,0.00023708,0.00022972,0.00023603,3048941283.0
2024-12-15 02:00:00,0.00023603,0.00023616,0.00023267,0.00023328,2031229346.0
2024-12-15 03:00:00,0.00023328,0.00023333,0.00022949,0.00022961,2278913861.0
2024-12-15 04:00:00,0.00022961,0.00023364,0.00022924,0.00022952,1963381240.0
2024-12-15 05:00:00,0.00022952,0.0002313,0.00022762,0.00023105,1970719717.0
2024-12-15 06:00:00,0.00023105,0.00023105,0.00022639,0.00022678,1865818792.0
2024-12-15 07:00:00,0.00022678,0.00022755,0.00022326,0.000225,2667475959.0
2024-12-15 08:00:00,0.000225,0.00022604,0.00022323,0.00022597,1891421244.0
2024-12-15 09:00:00,0.00022597,0.00022743,0.00022514,0.00022722,1475924057.0
2024-12-15 10:00:00,0.00022722,0.00022799,0.00022489,0.00022503,1948444873.0
2024-12-15 11:00:00,0.00022503,0.00022679,0.00022467,0.00022579,1206264895.0
2024-12-15 12:00:00,0.00022579,0.00022815,0.00022473,0.00022767,988213309.0
2024-12-15 13:00:00,0.00022767,0.00023137,0.0002259,0.00023012,2389387215.0
2024-12-15 14:00:00,0.00023012,0.00023253,0.00022992,0.00023232,1134298835.0
2024-12-15 15:00:00,0.00023232,0.00023255,0.00023015,0.00023038,1116147244.0
2024-12-15 16:00:00,0.00023038,0.00023147,0.0002292,0.00023083,1366481048.0
2024-12-15 17:00:00,0.00023083,0.00023107,0.00022982,0.0002304,635614688.0
2024-12-15 18:00:00,0.0002304,0.00023074,0.0002289,0.00023031,543806765.0
2024-12-15 19:00:00,0.00023031,0.00023124,0.00022899,0.00022911,533054310.0
2024-12-15 20:00:00,0.00022911,0.00023045,0.00022781,0.00022786,1130979370.0
2024-12-15 21:00:00,0.00022786,0.0002283,0.00022275,0.00022325,4371211725.0
2024-12-15 22:00:00,0.00022325,0.00022661,0.00022156,0.00022607,1969524517.0
2024-12-15 23:00:00,0.00022607,0.00023396,0.0002258,0.00023214,4094199331.0
2024-12-16 00:00:00,0.00023214,0.00023802,0.00023094,0.00023733,2558390283.0
2024-12-16 01:00:00,0.00023733,0.00024209,0.0002359,0.00024065,2311742390.0
2024-12-16 02:00:00,0.00024065,0.00024083,0.00023563,0.00023851,1882386956.0
2024-12-16 03:00:00,0.00023851,0.00023963,0.0002334,0.00023542,961129928.0
2024-12-16 04:00:00,0.00023542,0.0002358,0.00023314,0.00023444,770106990.0
2024-12-16 05:00:00,0.00023444,0.00023453,0.00023228,0.00023273,838753769.0
2024-12-16 06:00:00,0.00023273,0.00023411,0.00022905,0.00022983,1080930511.0
2024-12-16 07:00:00,0.00022983,0.0002329,0.00022936,0.00022995,700015260.0
2024-12-16 08:00:00,0.00022995,0.000231,0.00022845,0.00022879,897450559.0
2024-12-16 09:00:00,0.00022879,0.0002294,0.00022523,0.00022531,1210823274.0
2024-12-16 10:00:00,0.00022531,0.00022647,0.00022386,0.0002253,1869357221.0
2024-12-16 11:00:00,0.0002253,0.00022537,0.00022133,0.00022196,1718206681.0
2024-12-16 12:00:00,0.00022196,0.00022444,0.0002218,0.00022242,1290934130.0
2024-12-16 13:00:00,0.00022242,0.00022487,0.00022167,0.00022366,1363785165.0
2024-12-16 14:00:00,0.00022366,0.00022784,0.00022306,0.00022463,1452236564.0
2024-12-16 15:00:00,0.00022463,0.00022706,0.00022366,0.00022517,1111026911.0
2024-12-16 16:00:00,0.00022517,0.00022714,0.00022449,0.00022581,1956512108.0
2024-12-16 17:00:00,0.00022581,0.00023187,0.00022555,0.00022925,2201812586.0
2024-12-16 18:00:00,0.00022925,0.00023232,0.00022876,0.00023145,1063884746.0
2024-12-16 19:00:00,0.00023145,0.00023167,0.00022711,0.00022854,1075416173.0
2024-12-16 20:00:00,0.00022854,0.00023023,0.00022789,0.00022801,474853526.0
2024-12-16 21:00:00,0.00022801,0.00023027,0.00022797,0.00022939,458948243.0
2024-12-16 22:00:00,0.00022939,0.00023067,0.00022797,0.00022871,684129603.0
2024-12-16 23:00:00,0.00022871,0.00022969,0.0002265,0.0002273,941830864.0
2024-12-17 00:00:00,0.0002273,0.00022879,0.00022219,0.00022267,961330191.0
2024-12-17 01:00:00,0.00022267,0.00022839,0.0002225,0.00022833,728172457.0
2024-12-17 02:00:00,0.00022833,0.00023201,0.00022796,0.00023185,485393061.0
2024-12-17 03:00:00,0.00023185,0.00023285,0.00022975,0.00023073,553869466.0
2024-12-17 04:00:00,0.00023073,0.00023113,0.00022726,0.00022968,932241211.0
2024-12-17 05:00:00,0.00022968,0.00023009,0.00022807,0.00022935,296933146.0
2024-12-17 06:00:00,0.00022935,0.00022994,0.0002272,0.00022811,414474785.0
2024-12-17 07:00:00,0.00022811,0.00022987,0.00022505,0.00022638,462225551.0
2024-12-17 08:00:00,0.00022638,0.0002308,0.00022632,0.00022882,1653698734.0
2024-12-17 09:00:00,0.00022882,0.00023182,0.00022707,0.00023057,1036054624.0
2024-12-17 10:00:00,0.00023057,0.00023104,0.00022874,0.00022994,602312006.0
2024-12-17 11:00:00,0.00022994,0.00022994,0.00022716,0.00022766,983428478.0
2024-12-17 12:00:00,0.00022766,0.00022942,0.0002265,0.00022831,570802621.0
2024-12-17 13:00:00,0.00022831,0.00022831,0.00022626,0.00022665,1572600112.0
2024-12-17 14:00:00,0.00022665,0.00022701,0.00022222,0.0002243,1756984460.0
2024-12-17 15:00:00,0.0002243,0.0002243,0.00021866,0.00022074,3001835911.0
2024-12-17 16:00:00,0.00022074,0.00022374,0.00021901,0.00022271,1840781472.0
2024-12-17 17:00:00,0.00022271,0.00022568,0.00022267,0.00022509,852712044.0
2024-12-17 18:00:00,0.00022509,0.00022541,0.00022226,0.00022247,778319525.0
2024-12-17 19:00:00,0.00022247,0.00022428,0.00022158,0.00022337,708506735.0
2024-12-17 20:00:00,0.00022337,0.00022443,0.00022224,0.00022311,513985936.0
2024-12-17 21:00:00,0.00022311,0.00022444,0.0002208,0.0002239,540728123.0
2024-12-17 22:00:00,0.0002239,0.00022441,0.00021961,0.00022021,1407443067.0
2024-12-17 23:00:00,0.00022021,0.00022061,0.00021721,0.00021907,2099415713.0
2024-12-18 00:00:00,0.00021907,0.00022107,0.00021589,0.00021854,605491131.0
2024-12-18 01:00:00,0.00021854,0.00022224,0.00021842,0.00021989,781359954.0
2024-12-18 02:00:00,0.00021989,0.00022418,0.00021857,0.00022224,1104001656.0
2024-12-18 03:00:00,0.00022224,0.00022388,0.00021974,0.00021974,1984340828.0
2024-12-18 04:00:00,0.00021974,0.00022107,0.0002155,0.00021806,1151338765.0
2024-12-18 05:00:00,0.00021806,0.00021957,0.00021461,0.00021534,877359883.0
2024-12-18 06:00:00,0.00021534,0.00021803,0.00021335,0.00021598,865908475.0
2024-12-18 07:00:00,0.00021598,0.00021949,0.00021514,0.00021947,727981670.0
2024-12-18 08:00:00,0.00021947,0.00022138,0.00021657,0.0002168,934322777.0
2024-12-18 09:00:00,0.0002168,0.00022015,0.00021644,0.00021867,319727849.0
2024-12-18 10:00:00,0.00021867,0.00021891,0.0002171,0.00021823,251733389.0
2024-12-18 11:00:00,0.00021823,0.00021895,0.00021717,0.00021782,467095743.0
2024-12-18 12:00:00,0.00021782,0.00021864,0.00021176,0.00021359,1625017141.0
2024-12-18 13:00:00,0.00021359,0.0002154,0.00021212,0.00021409,700149900.0
2024-12-18 14:00:00,0.00021409,0.00021664,0.0002126,0.00021289,1172537255.0
2024-12-18 15:00:00,0.00021289,0.00021483,0.00021113,0.00021209,1934608826.0
2024-12-18 16:00:00,0.00021209,0.00021406,0.00021082,0.00021233,1839881221.0
2024-12-18 17:00:00,0.00021233,0.0002153,0.00020995,0.0002138,7181391758.0
2024-12-18 18:00:00,0.0002138,0.00021741,0.00021282,0.00021731,3348053158.0
2024-12-18 19:00:00,0.00021731,0.00021838,0.00020761,0.00020764,6129802111.0
2024-12-18 20:00:00,0.00020764,0.00020934,0.00018585,0.00019072,22992219511.0
2024-12-18 21:00:00,0.00019072,0.00019681,0.00018977,0.00019459,1980579324.0
2024-12-18 22:00:00,0.00019459,0.00019498,0.00019143,0.00019175,1462323010.0
2024-12-18 23:00:00,0.00019175,0.00019284,0.00018898,0.00019039,1884630371.0
2024-12-19 00:00:00,0.00019039,0.00019227,0.0001874,0.00019197,986594713.0
2024-12-19 01:00:00,0.00019197,0.00019215,0.00018398,0.00018556,1601425343.0
2024-12-19 02:00:00,0.00018556,0.00018647,0.0001776,0.00018551,8321852734.0
2024-12-19 03:00:00,0.00018551,0.00019066,0.00018523,0.00018977,871071734.0
2024-12-19 04:00:00,0.00018977,0.00019058,0.00018812,0.00018812,820456796.0
2024-12-19 05:00:00,0.00018812,0.00018933,0.00018732,0.00018833,619564977.0
2024-12-19 06:00:00,0.00018833,0.00018844,0.00018626,0.00018647,570914789.0
2024-12-19 07:00:00,0.00018647,0.00018872,0.0001861,0.00018758,1503762259.0
2024-12-19 08:00:00,0.00018758,0.00018762,0.00018479,0.00018532,412235150.0
2024-12-19 09:00:00,0.00018532,0.00018888,0.00018514,0.00018852,1037333550.0
2024-12-19 10:00:00,0.00018852,0.00019206,0.00018683,0.00019097,2521923483.0
2024-12-19 11:00:00,0.00019097,0.00019213,0.00018979,0.00019043,742781072.0
2024-12-19 12:00:00,0.00019043,0.00019136,0.00018625,0.00018636,1620003049.0
2024-12-19 13:00:00,0.00018636,0.00018906,0.00018607,0.0001879,405971545.0
2024-12-19 14:00:00,0.0001879,0.00019057,0.00018542,0.00018587,974389244.0
2024-12-19 15:00:00,0.00018587,0.00018606,0.00017968,0.00018387,2456057396.0
2024-12-19 16:00:00,0.00018387,0.00018651,0.00018123,0.00018648,812524940.0
2024-12-19 17:00:00,0.00018648,0.0001867,0.00017174,0.00017573,7495907837.0
2024-12-19 18:00:00,0.00017573,0.00017588,0.00016776,0.00017453,17399606080.0
2024-12-19 19:00:00,0.00017453,0.00017569,0.0001666,0.00017032,3124455474.0
2024-12-19 20:00:00,0.00017032,0.00017226,0.00016449,0.00017035,6686633475.0
2024-12-19 21:00:00,0.00017035,0.00017625,0.00016938,0.00017329,1094230724.0
2024-12-19 22:00:00,0.00017329,0.00017472,0.00017232,0.00017335,2150922429.0
2024-12-19 23:00:00,0.00017335,0.00017335,0.00016853,0.00016857,628784087.0
2024-12-20 00:00:00,0.00016857,0.00017143,0.00016504,0.00016982,1639004205.0
2024-12-20 01:00:00,0.00016982,0.00017351,0.0001693,0.00017234,476646263.0
2024-12-20 02:00:00,0.00017234,0.00017866,0.00017234,0.00017726,1195527861.0
2024-12-20 03:00:00,0.00017726,0.00017761,0.00017404,0.00017434,644776343.0
2024-12-20 04:00:00,0.00017434,0.00017562,0.00017218,0.00017251,381720667.0
2024-12-20 05:00:00,0.00017251,0.00017368,0.00017058,0.00017058,1014774042.0
2024-12-20 06:00:00,0.00017058,0.00017284,0.00016721,0.00016891,1041354945.0
2024-12-20 07:00:00,0.00016891,0.00017473,0.00016891,0.00017126,986419583.0
2024-12-20 08:00:00,0.00017126,0.00017138,0.0001585,0.00016005,8121306272.0
2024-12-20 09:00:00,0.00016005,0.00016169,0.00015682,0.000157,3058674981.0
2024-12-20 10:00:00,0.000157,0.00015818,0.00015119,0.00015258,17891203802.0
2024-12-20 11:00:00,0.00015258,0.00015575,0.0001455,0.0001455,4868091728.0
2024-12-20 12:00:00,0.0001455,0.00015708,0.00014532,0.00015481,2552548844.0
2024-12-20 13:00:00,0.00015481,0.00016067,0.00015324,0.00016021,1777649791.0
2024-12-20 14:00:00,0.00016021,0.00016309,0.00015858,0.00016124,774057674.0
2024-12-20 15:00:00,0.00016124,0.0001681,0.00016105,0.00016671,1445432591.0
2024-12-20 16:00:00,0.00016671,0.00017035,0.00016537,0.00016816,1245635120.0
2024-12-20 17:00:00,0.00016816,0.00017049,0.0001672,0.00016966,520972123.0
2024-12-20 18:00:00,0.00016966,0.0001703,0.00016693,0.00016798,506365016.0
2024-12-20 19:00:00,0.00016798,0.00017425,0.00016797,0.00017201,551023828.0
2024-12-20 20:00:00,0.00017201,0.00017436,0.00017071,0.00017221,584800072.0
2024-12-20 21:00:00,0.00017221,0.00017548,0.00016964,0.00017548,4937179767.0
2024-12-20 22:00:00,0.00017548,0.00017872,0.00017435,0.00017753,749700741.0
2024-12-20 23:00:00,0.00017753,0.00017884,0.00017652,0.00017668,656681095.0
2024-12-21 00:00:00,0.00017668,0.00017874,0.0001752,0.00017794,889029786.0
2024-12-21 01:00:00,0.00017794,0.000182,0.00017785,0.0001802,1364847148.0
2024-12-21 02:00:00,0.0001802,0.00018028,0.00017831,0.00017847,567575887.0
2024-12-21 03:00:00,0.00017847,0.00017985,0.00017738,0.00017985,470470086.0
2024-12-21 04:00:00,0.00017985,0.0001811,0.00017941,0.00018054,322373478.0
2024-12-21 05:00:00,0.00018054,0.00018482,0.00018051,0.0001846,888027477.0
2024-12-21 06:00:00,0.0001846,0.0001883,0.00018392,0.00018777,1403385197.0
2024-12-21 07:00:00,0.00018777,0.00019038,0.00018712,0.00018712,1322609286.0
2024-12-21 08:00:00,0.00018712,0.00018763,0.00018237,0.00018295,1572198332.0
2024-12-21 09:00:00,0.00018295,0.00018347,0.00017982,0.00018094,1399897720.0
2024-12-21 10:00:00,0.00018094,0.00018251,0.00017876,0.00018001,1003405868.0
2024-12-21 11:00:00,0.00018001,0.00018066,0.00017729,0.00017888,1083514882.0
2024-12-21 12:00:00,0.00017888,0.00017923,0.00017265,0.00017285,2777658648.0
2024-12-21 13:00:00,0.00017285,0.00017412,0.00016636,0.00017099,1688448619.0
2024-12-21 14:00:00,0.00017099,0.00017314,0.00017019,0.00017025,1046980257.0
2024-12-21 15:00:00,0.00017025,0.00017301,0.00017025,0.00017236,214006176.0
2024-12-21 16:00:00,0.00017236,0.00017263,0.00016898,0.00017019,521124212.0
2024-12-21 17:00:00,0.00017019,0.00017116,0.00016768,0.00016973,813663510.0
2024-12-21 18:00:00,0.00016973,0.0001707,0.00016697,0.00016747,885130287.0
2024-12-21 19:00:00,0.00016747,0.00016788,0.00016468,0.00016697,1273977799.0
2024-12-21 20:00:00,0.00016697,0.00016949,0.00016616,0.00016832,517163182.0
2024-12-21 21:00:00,0.00016832,0.00016924,0.00016548,0.00016644,484050126.0
2024-12-21 22:00:00,0.00016644,0.00016794,0.0001648,0.00016665,509822777.0
2024-12-21 23:00:00,0.00016665,0.00016697,0.00016385,0.00016647,744636260.0
2024-12-22 00:00:00,0.00016647,0.00016864,0.00016482,0.00016639,1080220220.0
2024-12-22 01:00:00,0.00016639,0.00016806,0.0001635,0.00016595,920479401.0
2024-12-22 02:00:00,0.00016595,0.00016729,0.0001643,0.00016514,282560709.0
2024-12-22 03:00:00,0.00016514,0.00016709,0.00016331,0.00016642,195129179.0
2024-12-22 04:00:00,0.00016642,0.00016669,0.00016244,0.00016244,623675370.0
2024-12-22 05:00:00,0.00016244,0.00016521,0.00016031,0.00016437,507231192.0
2024-12-22 06:00:00,0.00016437,0.00016704,0.00016387,0.0001663,245631998.0
2024-12-22 07:00:00,0.0001663,0.00016669,0.00016492,0.00016575,274611552.0
2024-12-22 08:00:00,0.00016575,0.00016958,0.00016565,0.00016844,480193129.0
2024-12-22 09:00:00,0.00016844,0.00017333,0.00016754,0.00017087,591530562.0
2024-12-22 10:00:00,0.00017087,0.00017255,0.00017034,0.00017128,430751545.0
2024-12-22 11:00:00,0.00017128,0.00017235,0.00017052,0.00017098,775704296.0
2024-12-22 12:00:00,0.00017098,0.00017363,0.00017022,0.00017152,767928215.0
2024-12-22 13:00:00,0.00017152,0.00017254,0.00017001,0.00017128,610163944.0
2024-12-22 14:00:00,0.00017128,0.00017205,0.00016585,0.0001664,1292533858.0
2024-12-22 15:00:00,0.0001664,0.00016951,0.0001664,0.00016814,353339438.0
2024-12-22 16:00:00,0.00016814,0.00017184,0.00016654,0.00017002,809514161.0
2024-12-22 17:00:00,0.00017002,0.00017064,0.00016807,0.0001701,337347984.0
2024-12-22 18:00:00,0.0001701,0.00017183,0.00016886,0.00016909,892308756.0
2024-12-22 19:00:00,0.00016909,0.00016949,0.00016442,0.0001651,512295976.0
2024-12-22 20:00:00,0.0001651,0.00016823,0.00016294,0.00016817,652130882.0
2024-12-22 21:00:00,0.00016817,0.00017018,0.00016747,0.00016815,420713591.0
2024-12-22 22:00:00,0.00016815,0.00016854,0.00016505,0.00016844,1400812545.0
2024-12-22 23:00:00,0.00016844,0.00016973,0.00016676,0.00016738,1143390195.0
2024-12-23 00:00:00,0.00016738,0.00016745,0.00016454,0.00016535,629858222.0
2024-12-23 01:00:00,0.00016535,0.00016866,0.00016301,0.00016544,1194368775.0
2024-12-23 02:00:00,0.00016544,0.0001682,0.00016381,0.00016785,262918215.0
2024-12-23 03:00:00,0.00016785,0.00017319,0.00016689,0.00017244,709008613.0
2024-12-23 04:00:00,0.00017244,0.00017322,0.00017021,0.00017029,635228431.0
2024-12-23 05:00:00,0.00017029,0.00017071,0.00016812,0.00016898,247143493.0
2024-12-23 06:00:00,0.00016898,0.00016956,0.00016556,0.0001661,437775019.0
2024-12-23 07:00:00,0.0001661,0.00016878,0.0001659,0.0001685,456098487.0
2024-12-23 08:00:00,0.0001685,0.00016972,0.00016754,0.00016961,176574885.0
2024-12-23 09:00:00,0.00016961,0.00017122,0.0001686,0.00016951,456862111.0
2024-12-23 10:00:00,0.00016951,0.00016997,0.0001683,0.00016947,390808634.0
2024-12-23 11:00:00,0.00016947,0.0001699,0.00016775,0.00016828,228182218.0
2024-12-23 12:00:00,0.00016828,0.00017011,0.00016794,0.00016952,279126096.0
2024-12-23 13:00:00,0.00016952,0.00016997,0.00016628,0.00016734,571926905.0
2024-12-23 14:00:00,0.00016734,0.00016994,0.00016531,0.00016724,693627885.0
2024-12-23 15:00:00,0.00016724,0.00016786,0.00016541,0.00016554,768644510.0
2024-12-23 16:00:00,0.00016554,0.00017102,0.00016545,0.00017029,801652372.0
2024-12-23 17:00:00,0.00017029,0.00017155,0.0001684,0.00016876,836400348.0
2024-12-23 18:00:00,0.00016876,0.00016981,0.00016698,0.00016766,380484761.0
2024-12-23 19:00:00,0.00016766,0.0001716,0.00016766,0.00017017,558232167.0
2024-12-23 20:00:00,0.00017017,0.00017687,0.00017017,0.00017615,916290220.0
2024-12-23 21:00:00,0.00017615,0.00018046,0.000176,0.00017649,1560473539.0
2024-12-23 22:00:00,0.00017649,0.00017961,0.00017649,0.00017958,1158057588.0
2024-12-23 23:00:00,0.00017958,0.00018,0.00017717,0.00017776,1059259417.0
2024-12-24 00:00:00,0.00017776,0.00017826,0.00017588,0.00017764,528420705.0
2024-12-24 01:00:00,0.00017764,0.00017813,0.00017417,0.00017417,381531272.0
2024-12-24 02:00:00,0.00017417,0.00017527,0.00017277,0.0001745,1272656360.0
2024-12-24 03:00:00,0.0001745,0.00017686,0.0001745,0.00017674,652963685.0
2024-12-24 04:00:00,0.00017674,0.0001771,0.00017592,0.0001771,348213951.0
2024-12-24 05:00:00,0.0001771,0.00017893,0.00017671,0.00017893,278527031.0
2024-12-24 06:00:00,0.00017893,0.00017909,0.00017595,0.00017611,249923725.0
2024-12-24 07:00:00,0.00017611,0.00017746,0.00017564,0.00017631,284978999.0
2024-12-24 08:00:00,0.00017631,0.00017746,0.00017548,0.00017714,402114388.0
2024-12-24 09:00:00,0.00017714,0.00017727,0.00017411,0.00017515,2400805461.0
2024-12-24 10:00:00,0.00017515,0.0001754,0.00017353,0.00017425,408136560.0
2024-12-24 11:00:00,0.00017425,0.00017651,0.00017398,0.00017647,516526276.0
2024-12-24 12:00:00,0.00017647,0.00017647,0.00017473,0.00017618,713466306.0
2024-12-24 13:00:00,0.00017618,0.000183,0.00017573,0.0001827,1388937428.0
2024-12-24 14:00:00,0.0001827,0.00018365,0.000181,0.00018201,2440672017.0
2024-12-24 15:00:00,0.00018201,0.00018445,0.00018101,0.00018284,1199096718.0
2024-12-24 16:00:00,0.00018284,0.00018361,0.00017981,0.00018115,693711187.0
2024-12-24 17:00:00,0.00018115,0.00018241,0.00018041,0.00018132,770948152.0
2024-12-24 18:00:00,0.00018132,0.00018308,0.00018037,0.00018106,540954348.0
2024-12-24 19:00:00,0.00018106,0.00018149,0.0001784,0.00017841,561840214.0
2024-12-24 20:00:00,0.00017841,0.00017872,0.00017592,0.00017776,1022741470.0
2024-12-24 21:00:00,0.00017776,0.0001803,0.00017776,0.00017998,524428367.0
2024-12-24 22:00:00,0.00017998,0.00018102,0.00017941,0.00018065,460624332.0
2024-12-24 23:00:00,0.00018065,0.00018191,0.00018014,0.00018113,472746902.0
2024-12-25 00:00:00,0.00018113,0.00018213,0.00018004,0.00018122,274885342.0
2024-12-25 01:00:00,0.00018122,0.00018239,0.00018059,0.00018113,350227074.0
2024-12-25 02:00:00,0.00018113,0.00018217,0.0001799,0.00018169,566243464.0
2024-12-25 03:00:00,0.00018169,0.00018253,0.00018095,0.0001819,387411853.0
2024-12-25 04:00:00,0.0001819,0.00018197,0.0001802,0.00018119,590035331.0
2024-12-25 05:00:00,0.00018119,0.00018146,0.00018008,0.00018035,177129880.0
2024-12-25 06:00:00,0.00018035,0.00018157,0.00017857,0.00017861,956299483.0
2024-12-25 07:00:00,0.00017861,0.00017965,0.00017693,0.00017713,439722914.0
2024-12-25 08:00:00,0.00017713,0.00017822,0.00017687,0.00017739,523143584.0
2024-12-25 09:00:00,0.00017739,0.00017803,0.00017652,0.00017754,478449739.0
2024-12-25 10:00:00,0.00017754,0.000181,0.00017713,0.00017809,1508127090.0
2024-12-25 11:00:00,0.00017809,0.00017997,0.00017566,0.00017602,2447815201.0
2024-12-25 12:00:00,0.00017602,0.00017805,0.00017494,0.0001772,661438837.0
2024-12-25 13:00:00,0.0001772,0.00017928,0.00017707,0.00017898,496075942.0
2024-12-25 14:00:00,0.00017898,0.00017987,0.00017783,0.00017915,258580767.0
2024-12-25 15:00:00,0.00017915,0.00017945,0.00017676,0.0001777,334055514.0
2024-12-25 16:00:00,0.0001777,0.00017838,0.00017462,0.00017638,2062762283.0
2024-12-25 17:00:00,0.00017638,0.00017787,0.00017515,0.00017787,226683844.0
2024-12-25 18:00:00,0.00017787,0.00017879,0.00017635,0.00017674,481857100.0
2024-12-25 19:00:00,0.00017674,0.00017885,0.0001765,0.00017852,303824719.0
2024-12-25 20:00:00,0.00017852,0.00017967,0.00017616,0.00017664,412029312.0
2024-12-25 21:00:00,0.00017664,0.00017773,0.0001748,0.00017605,664362094.0
2024-12-25 22:00:00,0.00017605,0.00017779,0.00017549,0.00017728,372161077.0
2024-12-25 23:00:00,0.00017728,0.00017869,0.00017709,0.00017829,381271100.0
2024-12-26 00:00:00,0.00017829,0.00018015,0.00017746,0.00017817,1097501360.0
2024-12-26 01:00:00,0.00017817,0.00018097,0.00017805,0.00018003,374420273.0
2024-12-26 02:00:00,0.00018003,0.00018018,0.00017733,0.00017759,488526131.0
2024-12-26 03:00:00,0.00017759,0.00017918,0.00017722,0.00017744,333627076.0
2024-12-26 04:00:00,0.00017744,0.00017744,0.00017501,0.00017507,1368718286.0
2024-12-26 05:00:00,0.00017507,0.00017757,0.0001739,0.00017727,662137213.0
2024-12-26 06:00:00,0.00017727,0.0001776,0.00017476,0.00017666,590859568.0
2024-12-26 07:00:00,0.00017666,0.00017727,0.00017418,0.00017471,872206163.0
2024-12-26 08:00:00,0.00017471,0.00017541,0.00016847,0.00017012,1825591790.0
2024-12-26 09:00:00,0.00017012,0.00017194,0.00017005,0.00017031,2488811181.0
2024-12-26 10:00:00,0.00017031,0.00017211,0.0001696,0.00017112,353780027.0
2024-12-26 11:00:00,0.00017112,0.00017268,0.00017069,0.00017077,253611971.0
2024-12-26 12:00:00,0.00017077,0.00017165,0.00017004,0.00017115,469676380.0
2024-12-26 13:00:00,0.00017115,0.00017195,0.00016954,0.00017135,395673612.0
2024-12-26 14:00:00,0.00017135,0.00017284,0.00016989,0.00017112,422515106.0
2024-12-26 15:00:00,0.00017112,0.00017406,0.00017038,0.00017275,405924555.0
2024-12-26 16:00:00,0.00017275,0.00018239,0.00017247,0.00017965,2782316641.0
2024-12-26 17:00:00,0.00017965,0.00018215,0.00017419,0.00017491,5528414998.0
2024-12-26 18:00:00,0.00017491,0.0001783,0.0001744,0.00017574,799027269.0
2024-12-26 19:00:00,0.00017574,0.00017591,0.00017357,0.00017562,1048214669.0
2024-12-26 20:00:00,0.00017562,0.00017685,0.0001719,0.0001735,2219985513.0
2024-12-26 21:00:00,0.0001735,0.00017413,0.00017201,0.00017317,545546480.0
2024-12-26 22:00:00,0.00017317,0.0001749,0.00017308,0.00017308,483704224.0
2024-12-26 23:00:00,0.00017308,0.00017319,0.00017039,0.0001727,619160368.0
2024-12-27 00:00:00,0.0001727,0.00017466,0.00017081,0.00017283,481437146.0
2024-12-27 01:00:00,0.00017283,0.00017578,0.00017283,0.00017519,1273023608.0
2024-12-27 02:00:00,0.00017519,0.00017824,0.00017475,0.00017526,466268478.0
2024-12-27 03:00:00,0.00017526,0.00017778,0.00017496,0.0001764,407209563.0
2024-12-27 04:00:00,0.0001764,0.00017737,0.00017511,0.00017558,547692039.0
2024-12-27 05:00:00,0.00017558,0.00017584,0.00017314,0.0001749,1981083974.0
2024-12-27 06:00:00,0.0001749,0.00017676,0.0001749,0.0001767,1519764257.0
2024-12-27 07:00:00,0.0001767,0.0001767,0.00017132,0.00017315,1980399066.0
2024-12-27 08:00:00,0.00017315,0.00017796,0.00017305,0.00017652,919161837.0
2024-12-27 09:00:00,0.00017652,0.00018173,0.00017652,0.00017966,2009252193.0
2024-12-27 10:00:00,0.00017966,0.00018021,0.00017757,0.00017936,1331242614.0
2024-12-27 11:00:00,0.00017936,0.0001806,0.00017866,0.00018004,869646257.0
2024-12-27 12:00:00,0.00018004,0.00018066,0.00017895,0.00018012,1045272227.0
2024-12-27 13:00:00,0.00018012,0.00018074,0.00017874,0.00017976,1898826323.0
2024-12-27 14:00:00,0.00017976,0.00018006,0.00017572,0.00017705,873934492.0
2024-12-27 15:00:00,0.00017705,0.00017743,0.00017364,0.00017529,1084430760.0
2024-12-27 16:00:00,0.00017529,0.00017661,0.00017263,0.00017332,1373886365.0
2024-12-27 17:00:00,0.00017332,0.0001786,0.00017278,0.00017782,491157122.0
2024-12-27 18:00:00,0.00017782,0.00017906,0.00017655,0.00017782,808536100.0
2024-12-27 19:00:00,0.00017782,0.00017838,0.00017739,0.00017781,297762680.0
2024-12-27 20:00:00,0.00017781,0.00017804,0.00017627,0.00017733,394236798.0
2024-12-27 21:00:00,0.00017733,0.00017794,0.00017493,0.000175,317598393.0
2024-12-27 22:00:00,0.000175,0.00017738,0.0001742,0.00017587,477195016.0
2024-12-27 23:00:00,0.00017587,0.00017668,0.0001745,0.00017574,402875915.0
2024-12-28 00:00:00,0.00017574,0.00017737,0.00017552,0.00017637,487797363.0
2024-12-28 01:00:00,0.00017637,0.00017666,0.0001734,0.00017477,537293504.0
2024-12-28 02:00:00,0.00017477,0.00017637,0.00017423,0.00017454,159353914.0
2024-12-28 03:00:00,0.00017454,0.00017725,0.00017454,0.00017703,248622282.0
2024-12-28 04:00:00,0.00017703,0.00017745,0.00017594,0.00017696,274452890.0
2024-12-28 05:00:00,0.00017696,0.00018017,0.00017696,0.00017871,365614757.0
2024-12-28 06:00:00,0.00017871,0.00017959,0.00017749,0.00017802,523908741.0
2024-12-28 07:00:00,0.00017802,0.00017929,0.00017601,0.0001761,391483030.0
2024-12-28 08:00:00,0.0001761,0.00017863,0.0001761,0.00017863,368324509.0
2024-12-28 09:00:00,0.00017863,0.00018016,0.00017836,0.00017866,931894813.0
2024-12-28 10:00:00,0.00017866,0.00017872,0.0001764,0.00017649,571378383.0
2024-12-28 11:00:00,0.00017649,0.00017916,0.00017649,0.00017906,278946313.0
2024-12-28 12:00:00,0.00017906,0.00017966,0.00017701,0.00017728,399147352.0
2024-12-28 13:00:00,0.00017728,0.00017975,0.00017718,0.00017909,487956823.0
2024-12-28 14:00:00,0.00017909,0.00018221,0.00017909,0.00017957,1765730999.0
2024-12-28 15:00:00,0.00017957,0.00018154,0.00017957,0.00018006,582482898.0
2024-12-28 16:00:00,0.00018006,0.0001827,0.00017956,0.00018244,1764795191.0
2024-12-28 17:00:00,0.00018244,0.00018479,0.00018244,0.00018344,1169084585.0
2024-12-28 18:00:00,0.00018344,0.00018361,0.00018088,0.00018134,632499486.0
2024-12-28 19:00:00,0.00018134,0.00018232,0.00018103,0.00018145,365475007.0
2024-12-28 20:00:00,0.00018145,0.00018198,0.00018045,0.00018138,303599646.0
2024-12-28 21:00:00,0.00018138,0.00018169,0.0001789,0.00018101,646728367.0
2024-12-28 22:00:00,0.00018101,0.00018331,0.00018052,0.00018288,403150764.0
2024-12-28 23:00:00,0.00018288,0.0001829,0.00018134,0.00018158,182627449.0
2024-12-29 00:00:00,0.00018158,0.00018197,0.00018023,0.00018079,318254916.0
2024-12-29 01:00:00,0.00018079,0.00018152,0.00017847,0.00017902,509366773.0
2024-12-29 02:00:00,0.00017902,0.00018053,0.00017901,0.00017987,316461098.0
2024-12-29 03:00:00,0.00017987,0.00018074,0.00017933,0.00018063,403314543.0
2024-12-29 04:00:00,0.00018063,0.000181,0.00017916,0.00017961,486516632.0
2024-12-29 05:00:00,0.00017961,0.0001797,0.00017886,0.00017935,200670506.0
2024-12-29 06:00:00,0.00017935,0.00017994,0.00017822,0.0001798,717542243.0
2024-12-29 07:00:00,0.0001798,0.00018052,0.00017917,0.00018048,399132631.0
2024-12-29 08:00:00,0.00018048,0.00018085,0.00017912,0.00017924,645416071.0
2024-12-29 09:00:00,0.00017924,0.00017987,0.00017887,0.0001793,202637225.0
2024-12-29 10:00:00,0.0001793,0.00018032,0.000179,0.0001797,342096835.0
2024-12-29 11:00:00,0.0001797,0.00018017,0.00017904,0.00017919,264161203.0
2024-12-29 12:00:00,0.00017919,0.00017933,0.00017665,0.00017728,2907576624.0
2024-12-29 13:00:00,0.00017728,0.00017855,0.00017685,0.0001781,602301538.0
2024-12-29 14:00:00,0.0001781,0.00017932,0.00017525,0.0001765,1117273103.0
2024-12-29 15:00:00,0.0001765,0.0001774,0.00017585,0.00017673,1037087844.0
2024-12-29 16:00:00,0.00017673,0.00017686,0.00017436,0.00017517,561982702.0
2024-12-29 17:00:00,0.00017517,0.00017571,0.00017418,0.00017457,153902962.0
2024-12-29 18:00:00,0.00017457,0.00017458,0.00017315,0.0001737,474056907.0
2024-12-29 19:00:00,0.0001737,0.00017418,0.00017236,0.00017316,3225043830.0
2024-12-29 20:00:00,0.00017316,0.0001732,0.00017136,0.00017304,576228945.0
2024-12-29 21:00:00,0.00017304,0.00017347,0.00017129,0.00017173,2010736181.0
2024-12-29 22:00:00,0.00017173,0.00017199,0.00017032,0.00017092,771067699.0
2024-12-29 23:00:00,0.00017092,0.00017148,0.00017022,0.0001711,404066107.0
2024-12-30 00:00:00,0.0001711,0.0001727,0.00017028,0.00017212,1298251691.0
2024-12-30 01:00:00,0.00017212,0.00017748,0.00017143,0.0001753,3026996419.0
2024-12-30 02:00:00,0.0001753,0.00017641,0.00017364,0.00017581,435048289.0
2024-12-30 03:00:00,0.00017581,0.00017677,0.00017423,0.0001747,984038624.0
2024-12-30 04:00:00,0.0001747,0.00017632,0.00017329,0.00017338,1718571260.0
2024-12-30 05:00:00,0.00017338,0.000174,0.0001725,0.00017362,867918695.0
2024-12-30 06:00:00,0.00017362,0.00017742,0.00017362,0.00017692,806165937.0
2024-12-30 07:00:00,0.00017692,0.00017735,0.00017473,0.00017677,419801565.0
2024-12-30 08:00:00,0.00017677,0.0001792,0.0001759,0.00017694,625585266.0
2024-12-30 09:00:00,0.00017694,0.00017762,0.00017582,0.00017706,507775921.0
2024-12-30 10:00:00,0.00017706,0.0001775,0.00017598,0.00017659,642367583.0
2024-12-30 11:00:00,0.00017659,0.00017792,0.0001752,0.00017709,392866290.0
2024-12-30 12:00:00,0.00017709,0.00017947,0.00017685,0.00017778,625164315.0
2024-12-30 13:00:00,0.00017778,0.00017831,0.00017252,0.00017252,1129676969.0
2024-12-30 14:00:00,0.00017252,0.00017499,0.00017167,0.00017234,1178838004.0
2024-12-30 15:00:00,0.00017234,0.0001734,0.00017041,0.00017168,958558183.0
2024-12-30 16:00:00,0.00017168,0.00017193,0.00016885,0.00016964,977224246.0
2024-12-30 17:00:00,0.00016964,0.0001784,0.00016956,0.00017777,1353850601.0
2024-12-30 18:00:00,0.00017777,0.00017969,0.00017696,0.00017912,1761093326.0
2024-12-30 19:00:00,0.00017912,0.00017933,0.00017753,0.00017895,835001552.0
2024-12-30 20:00:00,0.00017895,0.00017965,0.00017699,0.00017699,3609471370.0
2024-12-30 21:00:00,0.00017699,0.00017706,0.00017092,0.00017148,2062004079.0
2024-12-30 22:00:00,0.00017148,0.00017402,0.00017138,0.00017311,339276777.0
2024-12-30 23:00:00,0.00017311,0.00017453,0.00017209,0.00017431,242376077.0
2024-12-31 00:00:00,0.00017431,0.00017432,0.0001714,0.00017161,293878904.0
2024-12-31 01:00:00,0.00017161,0.00017188,0.00017018,0.00017063,707105728.0
2024-12-31 02:00:00,0.00017063,0.00017106,0.00016969,0.00017044,959893378.0
2024-12-31 03:00:00,0.00017044,0.000171,0.00016924,0.00017028,470955272.0
2024-12-31 04:00:00,0.00017028,0.00017152,0.00016869,0.00016876,636774791.0
2024-12-31 05:00:00,0.00016876,0.00017066,0.0001686,0.0001698,226734726.0
2024-12-31 06:00:00,0.0001698,0.00017381,0.00016917,0.00017267,759281146.0
2024-12-31 07:00:00,0.00017267,0.00017376,0.00017062,0.00017111,818449869.0
2024-12-31 08:00:00,0.00017111,0.00017677,0.00017099,0.00017558,1447491944.0
2024-12-31 09:00:00,0.00017558,0.00017786,0.00017472,0.00017599,1702125956.0
2024-12-31 10:00:00,0.00017599,0.00017682,0.0001745,0.00017578,540076545.0
2024-12-31 11:00:00,0.00017578,0.00017717,0.00017578,0.00017676,536299453.0
2024-12-31 12:00:00,0.00017676,0.00017903,0.00017676,0.00017758,1045940085.0
2024-12-31 13:00:00,0.00017758,0.00018466,0.00017758,0.00018157,9315668412.0
2024-12-31 14:00:00,0.00018157,0.00018308,0.00017877,0.00017977,2328712946.0
2024-12-31 15:00:00,0.00017977,0.00018105,0.0001784,0.0001806,1646179030.0
2024-12-31 16:00:00,0.0001806,0.000183,0.00017932,0.00018215,2076503546.0
2024-12-31 17:00:00,0.00018215,0.00018225,0.00017666,0.00017822,1682752491.0
2024-12-31 18:00:00,0.00017822,0.00017964,0.0001775,0.00017798,1620066205.0
2024-12-31 19:00:00,0.00017798,0.00017914,0.0001777,0.00017826,342349366.0
2024-12-31 20:00:00,0.00017826,0.00018005,0.00017826,0.00017954,638991834.0
2024-12-31 21:00:00,0.00017954,0.00018023,0.00017858,0.00017908,339217170.0
2024-12-31 22:00:00,0.00017908,0.00017908,0.00017691,0.00017753,445097121.0
2024-12-31 23:00:00,0.00017753,0.000178,0.00017655,0.00017712,449775887.0
2025-01-01 00:00:00,0.00017712,0.00018122,0.00017702,0.0001811,547616744.0
2025-01-01 01:00:00,0.0001811,0.00018125,0.00017926,0.00017987,1844398926.0
2025-01-01 02:00:00,0.00017987,0.00018066,0.00017933,0.0001799,808086785.0
2025-01-01 03:00:00,0.0001799,0.00018023,0.0001786,0.00017901,562806699.0
2025-01-01 04:00:00,0.00017901,0.00017906,0.00017783,0.00017783,264206451.0
2025-01-01 05:00:00,0.00017783,0.00017854,0.00017715,0.00017739,552272103.0
2025-01-01 06:00:00,0.00017739,0.00017879,0.00017683,0.00017878,290997757.0
2025-01-01 07:00:00,0.00017878,0.00017906,0.0001776,0.0001782,211162459.0
2025-01-01 08:00:00,0.0001782,0.00017891,0.00017513,0.00017519,1505363379.0
2025-01-01 09:00:00,0.00017519,0.00017562,0.00017209,0.00017355,2762041881.0
2025-01-01 10:00:00,0.00017355,0.00017545,0.00017355,0.00017479,568867289.0
2025-01-01 11:00:00,0.00017479,0.0001759,0.00017408,0.00017477,966044104.0
2025-01-01 12:00:00,0.00017477,0.00017589,0.00017473,0.00017529,446504274.0
2025-01-01 13:00:00,0.00017529,0.00017626,0.0001738,0.0001759,1854726600.0
2025-01-01 14:00:00,0.0001759,0.00017738,0.00017485,0.0001759,496389707.0
2025-01-01 15:00:00,0.0001759,0.00017655,0.0001749,0.0001763,225289531.0
2025-01-01 16:00:00,0.0001763,0.0001767,0.0001745,0.00017488,1823915161.0
2025-01-01 17:00:00,0.00017488,0.00017549,0.0001736,0.00017516,629370390.0
2025-01-01 18:00:00,0.00017516,0.0001775,0.00017425,0.00017721,1714586100.0
2025-01-01 19:00:00,0.00017721,0.000178,0.00017612,0.00017731,240505654.0
2025-01-01 20:00:00,0.00017731,0.00017904,0.00017731,0.00017876,785804697.0
2025-01-01 21:00:00,0.00017876,0.00018047,0.00017875,0.00017926,2086352721.0
2025-01-01 22:00:00,0.00017926,0.00017958,0.00017827,0.00017897,603231663.0
2025-01-01 23:00:00,0.00017897,0.00017939,0.00017769,0.00017797,336642795.0
2025-01-02 00:00:00,0.00017797,0.00018115,0.00017728,0.00018008,2245765696.0
2025-01-02 01:00:00,0.00018008,0.00018164,0.00017948,0.00018124,537271790.0
2025-01-02 02:00:00,0.00018124,0.0001829,0.00018079,0.00018288,1502359235.0
2025-01-02 03:00:00,0.00018288,0.00018311,0.00018101,0.0001815,750010459.0
2025-01-02 04:00:00,0.0001815,0.00018613,0.00018121,0.000185,696127473.0
2025-01-02 05:00:00,0.000185,0.00018508,0.00018223,0.0001828,790157706.0
2025-01-02 06:00:00,0.0001828,0.00018321,0.00018116,0.00018292,936532955.0
2025-01-02 07:00:00,0.00018292,0.00018488,0.00018273,0.00018378,1375745599.0
2025-01-02 08:00:00,0.00018378,0.00018544,0.00018278,0.0001854,7177617950.0
2025-01-02 09:00:00,0.0001854,0.00018636,0.00018457,0.00018635,742527931.0
2025-01-02 10:00:00,0.00018635,0.00018638,0.000185,0.0001863,1502803135.0
2025-01-02 11:00:00,0.0001863,0.00018691,0.00018544,0.00018621,1952675325.0
2025-01-02 12:00:00,0.00018621,0.00018684,0.00018487,0.00018612,1726455492.0
2025-01-02 13:00:00,0.00018612,0.00018694,0.00018518,0.00018574,1291794444.0
2025-01-02 14:00:00,0.00018574,0.0001866,0.00018315,0.0001853,3138972564.0
2025-01-02 15:00:00,0.0001853,0.00018553,0.00018292,0.00018386,1361763491.0
2025-01-02 16:00:00,0.00018386,0.00018559,0.00018301,0.00018528,1777082760.0
2025-01-02 17:00:00,0.00018528,0.00018565,0.00018311,0.00018398,1474726728.0
2025-01-02 18:00:00,0.00018398,0.00018444,0.00018336,0.00018438,592425358.0
2025-01-02 19:00:00,0.00018438,0.00018465,0.00018341,0.00018359,709703362.0
2025-01-02 20:00:00,0.00018359,0.00018465,0.0001832,0.00018382,360311266.0
2025-01-02 21:00:00,0.00018382,0.00018429,0.00018301,0.00018328,725812093.0
2025-01-02 22:00:00,0.00018328,0.00018328,0.00018076,0.00018273,1041215385.0
2025-01-02 23:00:00,0.00018273,0.00018486,0.00018253,0.00018397,424519332.0
2025-01-03 00:00:00,0.00018397,0.00018649,0.00018388,0.00018475,2062456531.0
2025-01-03 01:00:00,0.00018475,0.00018506,0.0001826,0.00018415,853975672.0
2025-01-03 02:00:00,0.00018415,0.00018541,0.00018304,0.00018312,1535958534.0
2025-01-03 03:00:00,0.00018312,0.00018389,0.00018236,0.00018371,899476418.0
2025-01-03 04:00:00,0.00018371,0.00018398,0.00018271,0.0001829,389494708.0
2025-01-03 05:00:00,0.0001829,0.00018372,0.00018191,0.00018306,1867340775.0
2025-01-03 06:00:00,0.00018306,0.00018383,0.00018215,0.00018215,677095994.0
2025-01-03 07:00:00,0.00018215,0.00018238,0.00018098,0.00018131,574371601.0
2025-01-03 08:00:00,0.00018131,0.00018236,0.00018034,0.00018154,1448874497.0
2025-01-03 09:00:00,0.00018154,0.00018397,0.00018146,0.00018212,1592708548.0
2025-01-03 10:00:00,0.00018212,0.0001832,0.00018105,0.00018268,2366758445.0
2025-01-03 11:00:00,0.00018268,0.00018647,0.00018268,0.00018612,1195416986.0
2025-01-03 12:00:00,0.00018612,0.00018892,0.00018553,0.00018776,1995302020.0
2025-01-03 13:00:00,0.00018776,0.00019427,0.00018776,0.0001926,7257225594.0
2025-01-03 14:00:00,0.0001926,0.00019498,0.00019168,0.00019305,1881944830.0
2025-01-03 15:00:00,0.00019305,0.00019747,0.00019255,0.00019589,3365217434.0
2025-01-03 16:00:00,0.00019589,0.00019915,0.00019475,0.0001963,1126666525.0
2025-01-03 17:00:00,0.0001963,0.00019901,0.0001963,0.00019695,1003767340.0
2025-01-03 18:00:00,0.00019695,0.00020242,0.0001968,0.00019989,2819667065.0
2025-01-03 19:00:00,0.00019989,0.00020118,0.00019875,0.00020046,1763599498.0
2025-01-03 20:00:00,0.00020046,0.00020119,0.00019841,0.00020068,1857533223.0
2025-01-03 21:00:00,0.00020068,0.00020235,0.00019999,0.00020139,1403746644.0
2025-01-03 22:00:00,0.00020139,0.00020311,0.00020036,0.00020187,1417530059.0
2025-01-03 23:00:00,0.00020187,0.00020248,0.00019994,0.0002019,730775091.0
2025-01-04 00:00:00,0.0002019,0.00020383,0.00020023,0.00020176,1391760740.0
2025-01-04 01:00:00,0.00020176,0.00020298,0.0002004,0.00020146,648953620.0
2025-01-04 02:00:00,0.00020146,0.000203,0.00020054,0.00020215,495660963.0
2025-01-04 03:00:00,0.00020215,0.00020442,0.00020207,0.00020254,490110844.0
2025-01-04 04:00:00,0.00020254,0.00020268,0.00020034,0.00020155,640783272.0
2025-01-04 05:00:00,0.00020155,0.0002033,0.00020098,0.00020132,402968055.0
2025-01-04 06:00:00,0.00020132,0.0002015,0.0002003,0.0002007,459220363.0
2025-01-04 07:00:00,0.0002007,0.00020163,0.00020018,0.00020018,420533240.0
2025-01-04 08:00:00,0.00020018,0.00020025,0.00019735,0.00019739,1239400750.0
2025-01-04 09:00:00,0.00019739,0.00019887,0.00019738,0.0001979,640062668.0
2025-01-04 10:00:00,0.0001979,0.00019808,0.0001962,0.00019755,1158718212.0
2025-01-04 11:00:00,0.00019755,0.00019791,0.00019668,0.00019763,569371912.0
2025-01-04 12:00:00,0.00019763,0.00019978,0.00019739,0.00019899,1244426273.0
2025-01-04 13:00:00,0.00019899,0.00020008,0.00019833,0.0001995,603222362.0
2025-01-04 14:00:00,0.0001995,0.00019999,0.00019767,0.00019844,1283463737.0
2025-01-04 15:00:00,0.00019844,0.00019869,0.00019281,0.00019516,3794548834.0
2025-01-04 16:00:00,0.00019516,0.00019646,0.00019465,0.00019575,1362747379.0
2025-01-04 17:00:00,0.00019575,0.00019678,0.00019545,0.00019671,306220137.0
2025-01-04 18:00:00,0.00019671,0.00019737,0.00019629,0.00019643,388171428.0
2025-01-04 19:00:00,0.00019643,0.00019718,0.00019623,0.00019698,417530799.0
2025-01-04 20:00:00,0.00019698,0.00020128,0.00019692,0.0001993,1106589940.0
2025-01-04 21:00:00,0.0001993,0.00020197,0.0001993,0.00019995,1077292152.0
2025-01-04 22:00:00,0.00019995,0.00020018,0.00019876,0.00019931,289796485.0
2025-01-04 23:00:00,0.00019931,0.00020012,0.00019844,0.00019943,339931279.0
2025-01-05 00:00:00,0.00019943,0.0002002,0.00019862,0.00019997,1234010189.0
2025-01-05 01:00:00,0.00019997,0.00020034,0.00019818,0.00019925,448940519.0
2025-01-05 02:00:00,0.00019925,0.00020321,0.00019915,0.00020317,482386822.0
2025-01-05 03:00:00,0.00020317,0.0002033,0.00020082,0.00020284,817271793.0
2025-01-05 04:00:00,0.00020284,0.00020303,0.00020086,0.00020175,444850398.0
2025-01-05 05:00:00,0.00020175,0.00020183,0.00020026,0.00020036,330446858.0
2025-01-05 06:00:00,0.00020036,0.00020239,0.00020009,0.00020162,542515787.0
2025-01-05 07:00:00,0.00020162,0.00020232,0.00019887,0.00019967,1725172629.0
2025-01-05 08:00:00,0.00019967,0.00020009,0.000197,0.00019824,3083166636.0
2025-01-05 09:00:00,0.00019824,0.00019868,0.00019613,0.00019635,1332902092.0
2025-01-05 10:00:00,0.00019635,0.00019777,0.00019591,0.00019697,1499971988.0
2025-01-05 11:00:00,0.00019697,0.00019773,0.00019641,0.00019707,306988951.0
2025-01-05 12:00:00,0.00019707,0.00019827,0.00019651,0.00019717,559406577.0
2025-01-05 13:00:00,0.00019717,0.00019824,0.00019677,0.00019686,290575283.0
2025-01-05 14:00:00,0.00019686,0.0001975,0.00019467,0.0001963,1767386420.0
2025-01-05 15:00:00,0.0001963,0.00019695,0.00019517,0.0001957,875275702.0
2025-01-05 16:00:00,0.0001957,0.0001964,0.0001947,0.00019512,601363380.0
2025-01-05 17:00:00,0.00019512,0.00019668,0.00019333,0.00019461,715645877.0
2025-01-05 18:00:00,0.00019461,0.00019544,0.00019297,0.00019519,1218740823.0
2025-01-05 19:00:00,0.00019519,0.00019611,0.00019457,0.00019538,1177215454.0
2025-01-05 20:00:00,0.00019538,0.0001965,0.00019501,0.00019576,233651209.0
2025-01-05 21:00:00,0.00019576,0.00019758,0.00019576,0.00019694,525409807.0
2025-01-05 22:00:00,0.00019694,0.00019851,0.00019632,0.00019804,805196137.0
2025-01-05 23:00:00,0.00019804,0.0001998,0.00019734,0.00019917,570733384.0
2025-01-06 00:00:00,0.00019917,0.00020153,0.00019763,0.00019779,1473303050.0
2025-01-06 01:00:00,0.00019779,0.00020073,0.00019617,0.00019855,1167641738.0
2025-01-06 02:00:00,0.00019855,0.00020207,0.00019855,0.00020104,933960711.0
2025-01-06 03:00:00,0.00020104,0.0002015,0.00019977,0.00020029,391505299.0
2025-01-06 04:00:00,0.00020029,0.00020129,0.00019935,0.00020014,893811627.0
2025-01-06 05:00:00,0.00020014,0.00020112,0.00019934,0.00019954,903243104.0
2025-01-06 06:00:00,0.00019954,0.00020028,0.00019846,0.0001991,477183584.0
2025-01-06 07:00:00,0.0001991,0.0001995,0.00019556,0.00019649,2512666830.0
2025-01-06 08:00:00,0.00019649,0.00019711,0.0001948,0.00019542,2250625737.0
2025-01-06 09:00:00,0.00019542,0.00019623,0.00019429,0.0001956,1165283236.0
2025-01-06 10:00:00,0.0001956,0.0001963,0.00019454,0.00019577,842700151.0
2025-01-06 11:00:00,0.00019577,0.00019813,0.00019559,0.000198,1696071400.0
2025-01-06 12:00:00,0.000198,0.00019829,0.00019674,0.00019732,1499595151.0
2025-01-06 13:00:00,0.00019732,0.00019995,0.00019538,0.00019948,2078438437.0
2025-01-06 14:00:00,0.00019948,0.00020171,0.00019665,0.00020011,1166374035.0
2025-01-06 15:00:00,0.00020011,0.0002039,0.00019958,0.00020272,2250231974.0
2025-01-06 16:00:00,0.00020272,0.00020687,0.00020256,0.00020539,2577294638.0
2025-01-06 17:00:00,0.00020539,0.00020611,0.00020089,0.00020206,2357964370.0
2025-01-06 18:00:00,0.00020206,0.00020424,0.00020086,0.00020372,2011487446.0
2025-01-06 19:00:00,0.00020372,0.00020482,0.00020303,0.00020364,606190021.0
2025-01-06 20:00:00,0.00020364,0.00020403,0.00020147,0.0002039,4718270111.0
2025-01-06 21:00:00,0.0002039,0.00020463,0.00020134,0.00020183,1496405878.0
2025-01-06 22:00:00,0.00020183,0.00020236,0.00020129,0.00020196,661334293.0
2025-01-06 23:00:00,0.00020196,0.00020214,0.00020028,0.00020152,811559945.0
2025-01-07 00:00:00,0.00020152,0.00020232,0.00020009,0.0002002,628743828.0
2025-01-07 01:00:00,0.0002002,0.00020056,0.00019743,0.00019983,1014947089.0
2025-01-07 02:00:00,0.00019983,0.00020108,0.00019823,0.00019829,235459715.0
2025-01-07 03:00:00,0.00019829,0.00019936,0.00019771,0.00019843,497310170.0
2025-01-07 04:00:00,0.00019843,0.00019956,0.00019833,0.00019835,251126394.0
2025-01-07 05:00:00,0.00019835,0.0001996,0.00019798,0.0001992,592347188.0
2025-01-07 06:00:00,0.0001992,0.0002,0.0001987,0.00019931,278108957.0
2025-01-07 07:00:00,0.00019931,0.00019984,0.0001989,0.00019944,380906118.0
2025-01-07 08:00:00,0.00019944,0.00020167,0.00019926,0.00020154,879757853.0
2025-01-07 09:00:00,0.00020154,0.00020177,0.00019952,0.00020043,407072756.0
2025-01-07 10:00:00,0.00020043,0.00020043,0.00019894,0.00019959,516159109.0
2025-01-07 11:00:00,0.00019959,0.00019991,0.00019562,0.00019753,1206161143.0
2025-01-07 12:00:00,0.00019753,0.00019797,0.00019596,0.00019726,906626080.0
2025-01-07 13:00:00,0.00019726,0.00019924,0.00019708,0.00019836,514508587.0
2025-01-07 14:00:00,0.00019836,0.00019915,0.00019352,0.00019527,4449365508.0
2025-01-07 15:00:00,0.00019527,0.00019594,0.00018498,0.00018847,12041673547.0
2025-01-07 16:00:00,0.00018847,0.00018888,0.00018648,0.00018732,2689661601.0
2025-01-07 17:00:00,0.00018732,0.00018776,0.00018394,0.00018589,1735531703.0
2025-01-07 18:00:00,0.00018589,0.0001868,0.00018274,0.00018369,2156175577.0
2025-01-07 19:00:00,0.00018369,0.00018411,0.00018058,0.00018163,3429438583.0
2025-01-07 20:00:00,0.00018163,0.00018227,0.00017931,0.000181,1021775826.0
2025-01-07 21:00:00,0.000181,0.00018144,0.00017816,0.00017816,546237333.0
2025-01-07 22:00:00,0.00017816,0.00017943,0.00017779,0.00017916,718139384.0
2025-01-07 23:00:00,0.00017916,0.00017916,0.00017685,0.00017718,1794608366.0
2025-01-08 00:00:00,0.00017718,0.00017882,0.00017679,0.00017839,296698697.0
2025-01-08 01:00:00,0.00017839,0.00017839,0.00017573,0.00017703,691500079.0
2025-01-08 02:00:00,0.00017703,0.00017773,0.00017509,0.00017513,275236718.0
2025-01-08 03:00:00,0.00017513,0.00017539,0.0001721,0.00017476,1322299668.0
2025-01-08 04:00:00,0.00017476,0.00017494,0.00017234,0.00017279,340852727.0
2025-01-08 05:00:00,0.00017279,0.00017412,0.00017236,0.00017244,359008035.0
2025-01-08 06:00:00,0.00017244,0.00017347,0.00016903,0.00016903,1102245430.0
2025-01-08 07:00:00,0.00016903,0.00017283,0.0001687,0.00017201,398267486.0
2025-01-08 08:00:00,0.00017201,0.00017339,0.00017152,0.00017265,4119473178.0
2025-01-08 09:00:00,0.00017265,0.00017318,0.00017123,0.00017151,449703928.0
2025-01-08 10:00:00,0.00017151,0.00017284,0.00017139,0.00017213,257094828.0
2025-01-08 11:00:00,0.00017213,0.00017218,0.00016918,0.00017045,750007056.0
2025-01-08 12:00:00,0.00017045,0.00017148,0.00016928,0.00016955,441624189.0
2025-01-08 13:00:00,0.00016955,0.00017177,0.00016955,0.00017045,351618296.0
2025-01-08 14:00:00,0.00017045,0.00017215,0.00017011,0.00017058,249238985.0
2025-01-08 15:00:00,0.00017058,0.00017191,0.00016868,0.00016995,1020575465.0
2025-01-08 16:00:00,0.00016995,0.00017034,0.00016627,0.00016668,979052240.0
2025-01-08 17:00:00,0.00016668,0.00016735,0.00016009,0.00016487,3700280147.0
2025-01-08 18:00:00,0.00016487,0.00016907,0.00016449,0.00016596,846511865.0
2025-01-08 19:00:00,0.00016596,0.00016762,0.00016468,0.00016548,879342102.0
2025-01-08 20:00:00,0.00016548,0.00016637,0.000165,0.00016577,334215360.0
2025-01-08 21:00:00,0.00016577,0.00016653,0.00016456,0.0001658,229914354.0
2025-01-08 22:00:00,0.0001658,0.00016854,0.00016575,0.00016773,662647279.0
2025-01-08 23:00:00,0.00016773,0.00016775,0.00016687,0.00016719,355876312.0
2025-01-09 00:00:00,0.00016719,0.00016814,0.00016612,0.00016814,659902394.0
2025-01-09 01:00:00,0.00016814,0.00016956,0.00016794,0.00016805,596466722.0
2025-01-09 02:00:00,0.00016805,0.0001686,0.00016545,0.00016806,809968808.0
2025-01-09 03:00:00,0.00016806,0.00016811,0.00016646,0.00016706,549377103.0
2025-01-09 04:00:00,0.00016706,0.00016805,0.00016625,0.00016785,831634608.0
2025-01-09 05:00:00,0.00016785,0.00016798,0.00016695,0.00016713,299844954.0
2025-01-09 06:00:00,0.00016713,0.00016753,0.00016584,0.00016607,276786806.0
2025-01-09 07:00:00,0.00016607,0.00016664,0.00016228,0.00016281,813867461.0
2025-01-09 08:00:00,0.00016281,0.00016593,0.00016261,0.000165,1500709996.0
2025-01-09 09:00:00,0.000165,0.00016636,0.00016495,0.00016574,294954153.0
2025-01-09 10:00:00,0.00016574,0.00016583,0.00016339,0.00016506,431479115.0
2025-01-09 11:00:00,0.00016506,0.00016648,0.00016437,0.00016527,337415152.0
2025-01-09 12:00:00,0.00016527,0.00016587,0.00016416,0.00016499,244052799.0
2025-01-09 13:00:00,0.00016499,0.00016552,0.000159,0.00015901,2049226396.0
2025-01-09 14:00:00,0.00015901,0.00016217,0.00015861,0.00016165,1283752037.0
2025-01-09 15:00:00,0.00016165,0.00016833,0.00016083,0.00016686,740500466.0
2025-01-09 16:00:00,0.00016686,0.0001679,0.00016456,0.00016653,372612312.0
2025-01-09 17:00:00,0.00016653,0.00016678,0.00016156,0.00016303,534866845.0
2025-01-09 18:00:00,0.00016303,0.00016461,0.00016263,0.00016362,235994724.0
2025-01-09 19:00:00,0.00016362,0.00016397,0.0001602,0.00016088,310948892.0
2025-01-09 20:00:00,0.00016088,0.00016166,0.0001582,0.00016025,688855650.0
2025-01-09 21:00:00,0.00016025,0.00016166,0.00015947,0.00015958,493318427.0
2025-01-09 22:00:00,0.00015958,0.00016273,0.00015914,0.00016165,197270435.0
2025-01-09 23:00:00,0.00016165,0.0001622,0.00016102,0.00016166,117246817.0
2025-01-10 00:00:00,0.00016166,0.0001635,0.00016165,0.00016252,562227274.0
2025-01-10 01:00:00,0.00016252,0.00016338,0.00016203,0.00016286,148715908.0
2025-01-10 02:00:00,0.00016286,0.00016396,0.00016234,0.00016324,177936170.0
2025-01-10 03:00:00,0.00016324,0.00016379,0.00016267,0.00016362,117717344.0
2025-01-10 04:00:00,0.00016362,0.00016459,0.00016349,0.00016379,190585046.0
2025-01-10 05:00:00,0.00016379,0.00016607,0.00016295,0.00016454,296370198.0
2025-01-10 06:00:00,0.00016454,0.00016591,0.00016406,0.00016586,442435739.0
2025-01-10 07:00:00,0.00016586,0.00016811,0.00016508,0.0001669,629010041.0
2025-01-10 08:00:00,0.0001669,0.00016741,0.00016631,0.00016709,322232879.0
2025-01-10 09:00:00,0.00016709,0.00016843,0.00016645,0.00016769,330631097.0
2025-01-10 10:00:00,0.00016769,0.00016805,0.00016652,0.00016763,398139779.0
2025-01-10 11:00:00,0.00016763,0.00016763,0.00016564,0.00016684,538559115.0
2025-01-10 12:00:00,0.00016684,0.00016708,0.00016558,0.000167,281580244.0
2025-01-10 13:00:00,0.000167,0.00016769,0.00016014,0.00016267,9043597541.0
2025-01-10 14:00:00,0.00016267,0.00016584,0.00016203,0.00016397,743355662.0
2025-01-10 15:00:00,0.00016397,0.00016482,0.00016014,0.00016319,898201450.0
2025-01-10 16:00:00,0.00016319,0.00016338,0.00016103,0.0001621,405718029.0
2025-01-10 17:00:00,0.0001621,0.00016799,0.00016154,0.00016743,1557148592.0
2025-01-10 18:00:00,0.00016743,0.00016769,0.00016555,0.00016588,407061644.0
2025-01-10 19:00:00,0.00016588,0.00016721,0.00016507,0.00016643,374436246.0
2025-01-10 20:00:00,0.00016643,0.0001665,0.00016494,0.00016545,246405334.0
2025-01-10 21:00:00,0.00016545,0.00016625,0.00016515,0.00016521,203006504.0
2025-01-10 22:00:00,0.00016521,0.00016622,0.00016457,0.00016596,289449114.0
2025-01-10 23:00:00,0.00016596,0.00016607,0.00016493,0.00016503,329537493.0
2025-01-11 00:00:00,0.00016503,0.00016626,0.0001649,0.00016626,215544010.0
2025-01-11 01:00:00,0.00016626,0.00016661,0.00016428,0.00016491,452488604.0
2025-01-11 02:00:00,0.00016491,0.00016556,0.00016448,0.00016511,182506509.0
2025-01-11 03:00:00,0.00016511,0.00016516,0.00016403,0.00016452,116230819.0
2025-01-11 04:00:00,0.00016452,0.00016491,0.00016344,0.00016431,142046733.0
2025-01-11 05:00:00,0.00016431,0.00016551,0.00016393,0.0001655,193577971.0
2025-01-11 06:00:00,0.0001655,0.00016624,0.00016459,0.00016461,315416512.0
2025-01-11 07:00:00,0.00016461,0.00016511,0.00016403,0.00016473,258243593.0
2025-01-11 08:00:00,0.00016473,0.00016547,0.00016372,0.00016411,253938979.0
2025-01-11 09:00:00,0.00016411,0.00016543,0.00016411,0.00016521,169275334.0
2025-01-11 10:00:00,0.00016521,0.00016619,0.00016501,0.00016614,254082125.0
2025-01-11 11:00:00,0.00016614,0.00016716,0.00016584,0.00016667,227388552.0
2025-01-11 12:00:00,0.00016667,0.00016717,0.00016629,0.00016663,234081777.0
2025-01-11 13:00:00,0.00016663,0.00016704,0.00016511,0.00016581,216221804.0
2025-01-11 14:00:00,0.00016581,0.00016648,0.00016516,0.00016637,339254174.0
2025-01-11 15:00:00,0.00016637,0.00016637,0.00016493,0.00016513,219659314.0
2025-01-11 16:00:00,0.00016513,0.00016596,0.0001646,0.00016583,119949085.0
2025-01-11 17:00:00,0.00016583,0.00016583,0.00016461,0.00016513,97489247.0
2025-01-11 18:00:00,0.00016513,0.00016559,0.00016462,0.00016524,65255500.0
2025-01-11 19:00:00,0.00016524,0.00016559,0.00016443,0.00016506,67907624.0
2025-01-11 20:00:00,0.00016506,0.00016813,0.00016479,0.00016782,152625844.0
2025-01-11 21:00:00,0.00016782,0.00016946,0.00016782,0.00016898,1752578396.0
2025-01-11 22:00:00,0.00016898,0.00016915,0.00016638,0.00016652,1358808393.0
2025-01-11 23:00:00,0.00016652,0.00016705,0.00016535,0.00016547,245922303.0
2025-01-12 00:00:00,0.00016547,0.00016601,0.00016502,0.0001654,285092052.0
2025-01-12 01:00:00,0.0001654,0.00016577,0.00016483,0.00016573,128252202.0
2025-01-12 02:00:00,0.00016573,0.00016593,0.000165,0.00016576,223972998.0
2025-01-12 03:00:00,0.00016576,0.00016596,0.00016461,0.00016535,157343926.0
2025-01-12 04:00:00,0.00016535,0.0001656,0.00016478,0.00016523,82741527.0
2025-01-12 05:00:00,0.00016523,0.00016537,0.00016438,0.00016453,140349676.0
2025-01-12 06:00:00,0.00016453,0.0001648,0.00016345,0.00016351,234632200.0
2025-01-12 07:00:00,0.00016351,0.00016426,0.00016293,0.00016413,165472228.0
2025-01-12 08:00:00,0.00016413,0.00016448,0.00016302,0.00016315,86219540.0
2025-01-12 09:00:00,0.00016315,0.00016372,0.00016224,0.00016266,201699404.0
2025-01-12 10:00:00,0.00016266,0.00016348,0.0001622,0.00016331,167028175.0
2025-01-12 11:00:00,0.00016331,0.00016442,0.00016314,0.00016414,112750198.0
2025-01-12 12:00:00,0.00016414,0.00016465,0.00016328,0.00016372,255003832.0
2025-01-12 13:00:00,0.00016372,0.0001648,0.00016343,0.0001645,209942388.0
2025-01-12 14:00:00,0.0001645,0.00016548,0.000164,0.00016414,282809253.0
2025-01-12 15:00:00,0.00016414,0.00016579,0.0001637,0.00016542,104188028.0
2025-01-12 16:00:00,0.00016542,0.00016588,0.00016429,0.00016454,345720480.0
2025-01-12 17:00:00,0.00016454,0.00016524,0.00016429,0.000165,494415344.0
2025-01-12 18:00:00,0.000165,0.00016558,0.00016416,0.00016445,545311693.0
2025-01-12 19:00:00,0.00016445,0.00016467,0.00016375,0.00016405,94942453.0
2025-01-12 20:00:00,0.00016405,0.00016466,0.00016333,0.00016381,257208293.0
2025-01-12 21:00:00,0.00016381,0.00016403,0.00016236,0.00016257,299872097.0
2025-01-12 22:00:00,0.00016257,0.00016257,0.00016063,0.00016143,281257169.0
2025-01-12 23:00:00,0.00016143,0.0001627,0.00016134,0.00016254,177043997.0
2025-01-13 00:00:00,0.00016254,0.00016667,0.00016209,0.00016489,2532585675.0
2025-01-13 01:00:00,0.00016489,0.00016521,0.00016156,0.00016203,195459419.0
2025-01-13 02:00:00,0.00016203,0.00016243,0.00015768,0.00015988,1353699617.0
2025-01-13 03:00:00,0.00015988,0.00016033,0.00015681,0.00015788,941239344.0
2025-01-13 04:00:00,0.00015788,0.00016061,0.00015747,0.00015954,134003755.0
2025-01-13 05:00:00,0.00015954,0.00015974,0.00015686,0.00015727,162126238.0
2025-01-13 06:00:00,0.00015727,0.00015791,0.00015432,0.00015549,691437425.0
2025-01-13 07:00:00,0.00015549,0.0001565,0.000155,0.00015589,1150813690.0
2025-01-13 08:00:00,0.00015589,0.00015603,0.00015251,0.00015266,1706645312.0
2025-01-13 09:00:00,0.00015266,0.00015302,0.00015079,0.0001517,1618886993.0
2025-01-13 10:00:00,0.0001517,0.00015179,0.00014859,0.00014955,840608671.0
2025-01-13 11:00:00,0.00014955,0.00014956,0.0001462,0.0001462,621777024.0
2025-01-13 12:00:00,0.0001462,0.00014878,0.00014616,0.00014805,811946837.0
2025-01-13 13:00:00,0.00014805,0.00015199,0.00014739,0.0001495,2773748447.0
2025-01-13 14:00:00,0.0001495,0.00015264,0.0001445,0.00015072,12507984252.0
2025-01-13 15:00:00,0.00015072,0.00015412,0.00015042,0.00015171,1354152951.0
2025-01-13 16:00:00,0.00015171,0.00015273,0.00014939,0.00014945,864207227.0
2025-01-13 17:00:00,0.00014945,0.00015076,0.00014822,0.00014884,1031244103.0
2025-01-13 18:00:00,0.00014884,0.00015026,0.00014716,0.00014881,395245034.0
2025-01-13 19:00:00,0.00014881,0.00015076,0.00014809,0.00014999,193946531.0
2025-01-13 20:00:00,0.00014999,0.00015431,0.00014884,0.00015378,549461239.0
2025-01-13 21:00:00,0.00015378,0.00015476,0.00015238,0.00015433,705000449.0
2025-01-13 22:00:00,0.00015433,0.00015604,0.00015407,0.00015518,1655106824.0
2025-01-13 23:00:00,0.00015518,0.00015542,0.00015428,0.00015442,220217336.0
2025-01-14 00:00:00,0.00015442,0.00015548,0.00015405,0.00015438,342951207.0
2025-01-14 01:00:00,0.00015438,0.00015622,0.00015438,0.00015472,244997960.0
2025-01-14 02:00:00,0.00015472,0.00015669,0.00015448,0.00015562,116359916.0
2025-01-14 03:00:00,0.00015562,0.00015659,0.0001556,0.00015598,304766224.0
2025-01-14 04:00:00,0.00015598,0.00015743,0.00015598,0.00015732,277618827.0
2025-01-14 05:00:00,0.00015732,0.00015844,0.00015623,0.00015635,214102298.0
2025-01-14 06:00:00,0.00015635,0.00015766,0.00015608,0.00015758,261527114.0
2025-01-14 07:00:00,0.00015758,0.00015804,0.00015653,0.00015659,310115216.0
2025-01-14 08:00:00,0.00015659,0.00015835,0.00015659,0.00015786,316274821.0
2025-01-14 09:00:00,0.00015786,0.00016256,0.00015783,0.00016151,1136505071.0
2025-01-14 10:00:00,0.00016151,0.00016158,0.00015967,0.00016004,739298265.0
2025-01-14 11:00:00,0.00016004,0.00016011,0.00015801,0.00015957,556481297.0
2025-01-14 12:00:00,0.00015957,0.00015989,0.00015784,0.00015813,468091311.0
2025-01-14 13:00:00,0.00015813,0.00016102,0.00015793,0.00015968,634920744.0
2025-01-14 14:00:00,0.00015968,0.00016156,0.00015902,0.0001598,836417361.0
2025-01-14 15:00:00,0.0001598,0.00016099,0.0001598,0.00016011,236109027.0
2025-01-14 16:00:00,0.00016011,0.0001608,0.00015839,0.00016002,669207372.0
2025-01-14 17:00:00,0.00016002,0.00016148,0.00015962,0.0001607,523454585.0
2025-01-14 18:00:00,0.0001607,0.00016185,0.00016037,0.00016131,446082747.0
2025-01-14 19:00:00,0.00016131,0.00016183,0.00016078,0.00016094,252160209.0
2025-01-14 20:00:00,0.00016094,0.00016181,0.0001597,0.00016139,419545305.0
2025-01-14 21:00:00,0.00016139,0.0001625,0.00016093,0.00016129,1067760324.0
2025-01-14 22:00:00,0.00016129,0.00016365,0.00016128,0.00016319,1099000976.0
2025-01-14 23:00:00,0.00016319,0.00016327,0.00016137,0.00016147,265889167.0
2025-01-15 00:00:00,0.00016147,0.00016251,0.00016102,0.00016135,548233343.0
2025-01-15 01:00:00,0.00016135,0.00016251,0.00016082,0.0001616,223345571.0
2025-01-15 02:00:00,0.0001616,0.00016245,0.00016045,0.00016049,202869002.0
2025-01-15 03:00:00,0.00016049,0.00016192,0.00016018,0.0001618,1208803617.0
2025-01-15 04:00:00,0.0001618,0.0001625,0.00016045,0.00016114,915986539.0
2025-01-15 05:00:00,0.00016114,0.00016114,0.00015997,0.00016079,220260409.0
2025-01-15 06:00:00,0.00016079,0.00016097,0.00015944,0.00016049,226187512.0
2025-01-15 07:00:00,0.00016049,0.00016183,0.00016027,0.00016037,538399776.0
2025-01-15 08:00:00,0.00016037,0.00016125,0.00015964,0.00015968,286912765.0
2025-01-15 09:00:00,0.00015968,0.00015996,0.00015668,0.00015689,1494248407.0
2025-01-15 10:00:00,0.00015689,0.00015799,0.00015673,0.00015732,361885678.0
2025-01-15 11:00:00,0.00015732,0.00015739,0.00015512,0.00015643,732163865.0
2025-01-15 12:00:00,0.00015643,0.00015703,0.00015537,0.00015638,2506013907.0
2025-01-15 13:00:00,0.00015638,0.00016427,0.00015634,0.0001642,7077649689.0
2025-01-15 14:00:00,0.0001642,0.00016559,0.00016251,0.00016519,1309160487.0
2025-01-15 15:00:00,0.00016519,0.00016761,0.00016501,0.00016578,3410722082.0
2025-01-15 16:00:00,0.00016578,0.00016915,0.00016578,0.00016796,1171153390.0
2025-01-15 17:00:00,0.00016796,0.00016852,0.00016542,0.00016568,799519359.0
2025-01-15 18:00:00,0.00016568,0.00016873,0.00016568,0.00016873,673391635.0
2025-01-15 19:00:00,0.00016873,0.00017187,0.00016807,0.00017134,3025096390.0
2025-01-15 20:00:00,0.00017134,0.00017327,0.0001708,0.00017099,972836176.0
2025-01-15 21:00:00,0.00017099,0.00017173,0.0001704,0.00017055,802877361.0
2025-01-15 22:00:00,0.00017055,0.0001723,0.00017001,0.00017223,573326529.0
2025-01-15 23:00:00,0.00017223,0.00017293,0.000171,0.0001718,1004432674.0
2025-01-16 00:00:00,0.0001718,0.00017298,0.00016823,0.00016963,1743949324.0
2025-01-16 01:00:00,0.00016963,0.0001708,0.00016957,0.00017048,454202857.0
2025-01-16 02:00:00,0.00017048,0.00017048,0.00016929,0.00016951,171372434.0
2025-01-16 03:00:00,0.00016951,0.00017003,0.00016783,0.00016866,1034680614.0
2025-01-16 04:00:00,0.00016866,0.00016911,0.00016847,0.0001689,252135031.0
2025-01-16 05:00:00,0.0001689,0.00016954,0.00016804,0.00016909,385502558.0
2025-01-16 06:00:00,0.00016909,0.00017045,0.00016853,0.0001696,435236035.0
2025-01-16 07:00:00,0.0001696,0.00017,0.00016926,0.00016973,477782394.0
2025-01-16 08:00:00,0.00016973,0.00016994,0.00016514,0.00016635,1090237942.0
2025-01-16 09:00:00,0.00016635,0.00016734,0.00016546,0.00016734,264379742.0
2025-01-16 10:00:00,0.00016734,0.00016738,0.00016605,0.00016647,268541455.0
2025-01-16 11:00:00,0.00016647,0.00016906,0.00016577,0.0001689,909286409.0
2025-01-16 12:00:00,0.0001689,0.00017426,0.00016838,0.0001728,3644610207.0
2025-01-16 13:00:00,0.0001728,0.00017407,0.00016978,0.00016979,2225326707.0
2025-01-16 14:00:00,0.00016979,0.00017193,0.00016514,0.00016734,3854040147.0
2025-01-16 15:00:00,0.00016734,0.00017012,0.00016661,0.00016996,2853557648.0
2025-01-16 16:00:00,0.00016996,0.00017223,0.00016996,0.0001706,5325909761.0
2025-01-16 17:00:00,0.0001706,0.00017213,0.00016942,0.00017159,569914790.0
2025-01-16 18:00:00,0.00017159,0.00017223,0.00017045,0.00017083,749991357.0
2025-01-16 19:00:00,0.00017083,0.00017251,0.00017023,0.00017234,639457547.0
2025-01-16 20:00:00,0.00017234,0.00017277,0.00017055,0.00017073,872343149.0
2025-01-16 21:00:00,0.00017073,0.00017122,0.00016956,0.00017047,397280552.0
2025-01-16 22:00:00,0.00017047,0.00017062,0.000168,0.00016897,597627690.0
2025-01-16 23:00:00,0.00016897,0.00016927,0.00016765,0.00016866,909906178.0
2025-01-17 00:00:00,0.00016866,0.00017053,0.00016866,0.00017035,497810251.0
2025-01-17 01:00:00,0.00017035,0.00017544,0.00017035,0.00017527,1477231100.0
2025-01-17 02:00:00,0.00017527,0.00017836,0.00017518,0.00017647,1740542993.0
2025-01-17 03:00:00,0.00017647,0.00017745,0.00017495,0.00017513,1208755337.0
2025-01-17 04:00:00,0.00017513,0.00017533,0.00017392,0.00017453,656693182.0
2025-01-17 05:00:00,0.00017453,0.00017501,0.0001735,0.00017403,452608786.0
2025-01-17 06:00:00,0.00017403,0.00017455,0.00017332,0.00017441,585361277.0
2025-01-17 07:00:00,0.00017441,0.0001758,0.00017356,0.0001758,1512882877.0
2025-01-17 08:00:00,0.0001758,0.00018416,0.00017547,0.00018171,4149230258.0
2025-01-17 09:00:00,0.00018171,0.00018238,0.00017729,0.00017823,2086326549.0
2025-01-17 10:00:00,0.00017823,0.00017923,0.00017777,0.00017884,1284844994.0
2025-01-17 11:00:00,0.00017884,0.00018027,0.00017815,0.00017893,919649731.0
2025-01-17 12:00:00,0.00017893,0.00017974,0.00017772,0.00017796,2330660255.0
2025-01-17 13:00:00,0.00017796,0.00017992,0.00017754,0.00017861,1374386413.0
2025-01-17 14:00:00,0.00017861,0.00018073,0.00017861,0.00018019,833182421.0
2025-01-17 15:00:00,0.00018019,0.00018476,0.00017992,0.00018265,3921871620.0
2025-01-17 16:00:00,0.00018265,0.00018567,0.00018133,0.00018411,2445694489.0
2025-01-17 17:00:00,0.00018411,0.00018424,0.00018109,0.0001822,1676297981.0
2025-01-17 18:00:00,0.0001822,0.00018337,0.00018074,0.00018141,676241343.0
2025-01-17 19:00:00,0.00018141,0.0001839,0.00018137,0.00018249,298873326.0
2025-01-17 20:00:00,0.00018249,0.00018691,0.00018241,0.00018629,2645490495.0
2025-01-17 21:00:00,0.00018629,0.00018677,0.00018457,0.00018498,833318445.0
2025-01-17 22:00:00,0.00018498,0.00018567,0.00018445,0.0001853,1013648955.0
2025-01-17 23:00:00,0.0001853,0.00018789,0.00018455,0.00018573,897263996.0
2025-01-18 00:00:00,0.00018573,0.00019063,0.00018568,0.00018938,1353496567.0
2025-01-18 01:00:00,0.00018938,0.00019136,0.00018583,0.00018643,1630694966.0
2025-01-18 02:00:00,0.00018643,0.00018712,0.00018473,0.00018526,1134906981.0
2025-01-18 03:00:00,0.00018526,0.00018607,0.0001813,0.00018303,2140379763.0
2025-01-18 04:00:00,0.00018303,0.00018358,0.00017988,0.00018115,984691280.0
2025-01-18 05:00:00,0.00018115,0.00018264,0.00017461,0.00017551,1854625494.0
2025-01-18 06:00:00,0.00017551,0.00017941,0.00017536,0.00017838,536834039.0
2025-01-18 07:00:00,0.00017838,0.00017871,0.00017377,0.00017499,1235980799.0
2025-01-18 08:00:00,0.00017499,0.00017519,0.00017173,0.00017403,1995551590.0
2025-01-18 09:00:00,0.00017403,0.00017539,0.00017273,0.00017343,436458149.0
2025-01-18 10:00:00,0.00017343,0.00017452,0.00017208,0.00017345,954060767.0
2025-01-18 11:00:00,0.00017345,0.00017491,0.00017227,0.00017368,848030993.0
2025-01-18 12:00:00,0.00017368,0.00017485,0.00017255,0.00017352,1367881173.0
2025-01-18 13:00:00,0.00017352,0.00017491,0.00017216,0.00017486,741927742.0
2025-01-18 14:00:00,0.00017486,0.00017486,0.00017092,0.0001717,1258174904.0
2025-01-18 15:00:00,0.0001717,0.00017327,0.0001697,0.00017173,1075939666.0
2025-01-18 16:00:00,0.00017173,0.00017397,0.00016773,0.00016773,2029653321.0
2025-01-18 17:00:00,0.00016773,0.00016938,0.00016753,0.00016766,591970788.0
2025-01-18 18:00:00,0.00016766,0.0001688,0.000166,0.0001662,7259139876.0
2025-01-18 19:00:00,0.0001662,0.00016901,0.00016619,0.00016849,637346094.0
2025-01-18 20:00:00,0.00016849,0.00016886,0.0001655,0.00016603,440422064.0
2025-01-18 21:00:00,0.00016603,0.00016803,0.00016603,0.00016654,360347992.0
2025-01-18 22:00:00,0.00016654,0.00016811,0.00016622,0.00016689,1822508769.0
2025-01-18 23:00:00,0.00016689,0.00016906,0.00016667,0.00016814,323212694.0
2025-01-19 00:00:00,0.00016814,0.00016913,0.00016734,0.00016787,647187479.0
2025-01-19 01:00:00,0.00016787,0.0001705,0.00016778,0.00017039,394659454.0
2025-01-19 02:00:00,0.00017039,0.00017195,0.00016971,0.00016993,543057507.0
2025-01-19 03:00:00,0.00016993,0.00017064,0.00016832,0.00016836,750393330.0
2025-01-19 04:00:00,0.00016836,0.0001685,0.0001656,0.00016641,501467441.0
2025-01-19 05:00:00,0.00016641,0.00016692,0.00016351,0.00016639,805926165.0
2025-01-19 06:00:00,0.00016639,0.00016758,0.00016533,0.00016544,386874737.0
2025-01-19 07:00:00,0.00016544,0.0001659,0.00016283,0.00016355,701984872.0
2025-01-19 08:00:00,0.00016355,0.00016355,0.00015646,0.00015658,3417316508.0
2025-01-19 09:00:00,0.00015658,0.00015763,0.00015304,0.00015763,2234202230.0
2025-01-19 10:00:00,0.00015763,0.00015763,0.00015404,0.00015499,812567976.0
2025-01-19 11:00:00,0.00015499,0.00015557,0.00014854,0.0001495,1443588719.0
2025-01-19 12:00:00,0.0001495,0.00015402,0.0001495,0.00015362,961334217.0
2025-01-19 13:00:00,0.00015362,0.0001565,0.00015303,0.00015635,631158972.0
2025-01-19 14:00:00,0.00015635,0.00015961,0.00015566,0.00015943,2105465394.0
2025-01-19 15:00:00,0.00015943,0.00016135,0.00015672,0.00015818,3878945241.0
2025-01-19 16:00:00,0.00015818,0.00016149,0.00015742,0.00015844,10128254122.0
2025-01-19 17:00:00,0.00015844,0.00015997,0.00015701,0.00015973,642255974.0
2025-01-19 18:00:00,0.00015973,0.00016073,0.00015869,0.00015987,593427729.0
2025-01-19 19:00:00,0.00015987,0.00016321,0.00015916,0.00016298,1204916746.0
2025-01-19 20:00:00,0.00016298,0.00016479,0.0001592,0.0001599,4693100946.0
2025-01-19 21:00:00,0.0001599,0.00016015,0.0001502,0.00015057,4934980108.0
2025-01-19 22:00:00,0.00015057,0.00015293,0.00014423,0.00014898,3279926416.0
2025-01-19 23:00:00,0.00014898,0.00014898,0.00014135,0.00014466,1799004959.0
2025-01-20 00:00:00,0.00014466,0.00014487,0.00013715,0.00013758,2810186466.0
2025-01-20 01:00:00,0.00013758,0.00014096,0.00013704,0.00013847,873518976.0
2025-01-20 02:00:00,0.00013847,0.00014261,0.00013806,0.00013925,523700508.0
2025-01-20 03:00:00,0.00013925,0.00014158,0.00013844,0.00014078,321856774.0
2025-01-20 04:00:00,0.00014078,0.00014325,0.00013935,0.00014127,550392864.0
2025-01-20 05:00:00,0.00014127,0.00014449,0.00014089,0.00014215,428157190.0
2025-01-20 06:00:00,0.00014215,0.00015399,0.00014184,0.00015285,1157288859.0
2025-01-20 07:00:00,0.00015285,0.00015734,0.00015059,0.00015256,5756758868.0
2025-01-20 08:00:00,0.00015256,0.00015515,0.000152,0.00015504,782991002.0
2025-01-20 09:00:00,0.00015504,0.00015619,0.0001521,0.000153,642333336.0
2025-01-20 10:00:00,0.000153,0.00015321,0.00014942,0.00015033,1049381412.0
2025-01-20 11:00:00,0.00015033,0.00015246,0.00014949,0.00015245,453805805.0
2025-01-20 12:00:00,0.00015245,0.0001526,0.00014511,0.00014648,3905634723.0
2025-01-20 13:00:00,0.00014648,0.00014857,0.00014595,0.00014839,932800873.0
2025-01-20 14:00:00,0.00014839,0.00014888,0.00014711,0.00014819,1006819251.0
2025-01-20 15:00:00,0.00014819,0.00014874,0.00014524,0.00014617,575564466.0
2025-01-20 16:00:00,0.00014617,0.0001472,0.00014228,0.0001472,1499036915.0
2025-01-20 17:00:00,0.0001472,0.0001473,0.00013664,0.00014035,17207850976.0
2025-01-20 18:00:00,0.00014035,0.00014442,0.00014024,0.00014389,552805587.0
2025-01-20 19:00:00,0.00014389,0.00014418,0.00014184,0.00014305,509210269.0
2025-01-20 20:00:00,0.00014305,0.00014432,0.00014194,0.00014324,381176415.0
2025-01-20 21:00:00,0.00014324,0.00014412,0.00013987,0.00013987,461439226.0
2025-01-20 22:00:00,0.00013987,0.00014369,0.00013835,0.00014281,703426629.0
2025-01-20 23:00:00,0.00014281,0.00014319,0.00014061,0.00014131,312404180.0
2025-01-21 00:00:00,0.00014131,0.00014214,0.00013853,0.00013854,407151723.0
2025-01-21 01:00:00,0.00013854,0.00014096,0.0001367,0.00013829,896771630.0
2025-01-21 02:00:00,0.00013829,0.00013844,0.0001347,0.00013767,1354255465.0
2025-01-21 03:00:00,0.00013767,0.00013783,0.00013501,0.00013624,349045618.0
2025-01-21 04:00:00,0.00013624,0.00013644,0.00013254,0.00013633,926051682.0
2025-01-21 05:00:00,0.00013633,0.00013644,0.00013394,0.00013415,299318438.0
2025-01-21 06:00:00,0.00013415,0.00013634,0.00013346,0.00013503,508849477.0
2025-01-21 07:00:00,0.00013503,0.00013716,0.00013422,0.00013639,1127996977.0
2025-01-21 08:00:00,0.00013639,0.00013754,0.00013516,0.00013671,665090209.0
2025-01-21 09:00:00,0.00013671,0.00013871,0.00013626,0.00013733,364858515.0
2025-01-21 10:00:00,0.00013733,0.0001399,0.00013685,0.00013977,1099645543.0
2025-01-21 11:00:00,0.00013977,0.00014532,0.00013895,0.000143,2450437078.0
2025-01-21 12:00:00,0.000143,0.00014396,0.00014119,0.00014164,2520229786.0
2025-01-21 13:00:00,0.00014164,0.00014246,0.00014005,0.0001424,1174329498.0
2025-01-21 14:00:00,0.0001424,0.00014419,0.00014098,0.00014154,806939821.0
2025-01-21 15:00:00,0.00014154,0.00014515,0.00014105,0.00014477,1469215859.0
2025-01-21 16:00:00,0.00014477,0.00014775,0.0001438,0.00014675,1982054644.0
2025-01-21 17:00:00,0.00014675,0.00015173,0.00014655,0.00015128,1311506029.0
2025-01-21 18:00:00,0.00015128,0.00015298,0.00014952,0.00014996,1373455839.0
2025-01-21 19:00:00,0.00014996,0.00015003,0.00014675,0.00014815,1253501201.0
2025-01-21 20:00:00,0.00014815,0.00014846,0.00014682,0.00014782,224309984.0
2025-01-21 21:00:00,0.00014782,0.0001483,0.00014684,0.00014735,315631128.0
2025-01-21 22:00:00,0.00014735,0.00014762,0.00014629,0.00014646,773993066.0
2025-01-21 23:00:00,0.00014646,0.00014704,0.00014499,0.00014608,1215780512.0
2025-01-22 00:00:00,0.00014608,0.00014752,0.00014483,0.00014746,627858524.0
2025-01-22 01:00:00,0.00014746,0.00014746,0.00014439,0.00014459,791523023.0
2025-01-22 02:00:00,0.00014459,0.00014611,0.00014421,0.00014576,508508159.0
2025-01-22 03:00:00,0.00014576,0.00014857,0.00014576,0.00014851,483488653.0
2025-01-22 04:00:00,0.00014851,0.00014851,0.00014563,0.00014744,733680029.0
2025-01-22 05:00:00,0.00014744,0.00014848,0.00014624,0.00014673,252086420.0
2025-01-22 06:00:00,0.00014673,0.00014742,0.00014571,0.00014614,533448512.0
2025-01-22 07:00:00,0.00014614,0.00014655,0.00014481,0.00014481,422065108.0
2025-01-22 08:00:00,0.00014481,0.00014529,0.0001429,0.00014499,634209628.0
2025-01-22 09:00:00,0.00014499,0.00014571,0.00014414,0.00014447,239809943.0
2025-01-22 10:00:00,0.00014447,0.00014488,0.00014357,0.00014454,470375451.0
2025-01-22 11:00:00,0.00014454,0.00014604,0.00014434,0.0001456,221231804.0
2025-01-22 12:00:00,0.0001456,0.00014602,0.00014432,0.00014504,494719113.0
2025-01-22 13:00:00,0.00014504,0.00014504,0.0001425,0.00014303,783071210.0
2025-01-22 14:00:00,0.00014303,0.00014457,0.00014199,0.00014366,472861730.0
2025-01-22 15:00:00,0.00014366,0.00014449,0.00014242,0.00014384,280229014.0
2025-01-22 16:00:00,0.00014384,0.00014517,0.00014248,0.00014457,624733099.0
2025-01-22 17:00:00,0.00014457,0.0001459,0.00014415,0.00014556,531983371.0
2025-01-22 18:00:00,0.00014556,0.00014623,0.00014216,0.00014234,513403863.0
2025-01-22 19:00:00,0.00014234,0.00014516,0.00014234,0.00014422,277285705.0
2025-01-22 20:00:00,0.00014422,0.00014595,0.00014412,0.00014439,319709676.0
2025-01-22 21:00:00,0.00014439,0.00014471,0.000143,0.00014396,187414150.0
2025-01-22 22:00:00,0.00014396,0.00014549,0.0001417,0.00014181,392739890.0
2025-01-22 23:00:00,0.00014181,0.00014257,0.00014095,0.00014233,285312060.0
2025-01-23 00:00:00,0.00014233,0.00014317,0.00014166,0.00014243,181459235.0
2025-01-23 01:00:00,0.00014243,0.00014287,0.00014046,0.00014102,291307216.0
2025-01-23 02:00:00,0.00014102,0.00014137,0.0001395,0.00014115,273047795.0
2025-01-23 03:00:00,0.00014115,0.00014211,0.0001405,0.00014087,348247843.0
2025-01-23 04:00:00,0.00014087,0.00014131,0.00013887,0.0001399,391540661.0
2025-01-23 05:00:00,0.0001399,0.00014109,0.00013968,0.00014094,252539580.0
2025-01-23 06:00:00,0.00014094,0.00014107,0.0001401,0.00014044,239298047.0
2025-01-23 07:00:00,0.00014044,0.0001432,0.00014032,0.0001429,582822847.0
2025-01-23 08:00:00,0.0001429,0.00014313,0.00014058,0.00014063,360847898.0
2025-01-23 09:00:00,0.00014063,0.00014114,0.0001393,0.00013968,408528374.0
2025-01-23 10:00:00,0.00013968,0.00014043,0.00013832,0.00013902,519819431.0
2025-01-23 11:00:00,0.00013902,0.00013997,0.00013835,0.00013989,214498696.0
2025-01-23 12:00:00,0.00013989,0.00013989,0.00013748,0.00013764,441079982.0
2025-01-23 13:00:00,0.00013764,0.00014057,0.00013697,0.00013997,1145218359.0
2025-01-23 14:00:00,0.00013997,0.00014363,0.00013935,0.00014245,845598039.0
2025-01-23 15:00:00,0.00014245,0.000145,0.00013968,0.00014327,2007917959.0
2025-01-23 16:00:00,0.00014327,0.00014573,0.00014218,0.00014234,900285760.0
2025-01-23 17:00:00,0.00014234,0.00014277,0.00014048,0.00014222,469182263.0
2025-01-23 18:00:00,0.00014222,0.00014278,0.00013948,0.00013951,347406108.0
2025-01-23 19:00:00,0.00013951,0.00013956,0.00013649,0.00013698,502754301.0
2025-01-23 20:00:00,0.00013698,0.00014192,0.00013647,0.00013916,1270350609.0
2025-01-23 21:00:00,0.00013916,0.00013961,0.00013643,0.00013763,660840701.0
2025-01-23 22:00:00,0.00013763,0.00014134,0.00013723,0.00014073,340517151.0
2025-01-23 23:00:00,0.00014073,0.00014197,0.00014002,0.00014104,248247355.0
2025-01-24 00:00:00,0.00014104,0.00014151,0.0001376,0.00013788,384823479.0
2025-01-24 01:00:00,0.00013788,0.00013897,0.00013681,0.00013731,395707267.0
2025-01-24 02:00:00,0.00013731,0.00013748,0.00013523,0.00013558,459885706.0
2025-01-24 03:00:00,0.00013558,0.00013839,0.00013525,0.0001372,460005818.0
2025-01-24 04:00:00,0.0001372,0.00014049,0.00013649,0.00014003,544000852.0
2025-01-24 05:00:00,0.00014003,0.00014329,0.00013947,0.00014316,1011126403.0
2025-01-24 06:00:00,0.00014316,0.00014372,0.00014222,0.00014235,1142957757.0
2025-01-24 07:00:00,0.00014235,0.00014317,0.00014135,0.00014184,532751634.0
2025-01-24 08:00:00,0.00014184,0.00014325,0.00014132,0.00014262,388045594.0
2025-01-24 09:00:00,0.00014262,0.00014288,0.00014145,0.00014201,502131418.0
2025-01-24 10:00:00,0.00014201,0.00014318,0.00014087,0.00014296,446296608.0
2025-01-24 11:00:00,0.00014296,0.00014367,0.00014261,0.00014318,504564824.0
2025-01-24 12:00:00,0.00014318,0.00014345,0.00014186,0.00014312,480754541.0
2025-01-24 13:00:00,0.00014312,0.00014384,0.00014234,0.00014282,634704384.0
2025-01-24 14:00:00,0.00014282,0.00014495,0.00014232,0.00014314,1047241688.0
2025-01-24 15:00:00,0.00014314,0.00014393,0.00014078,0.00014183,801343376.0
2025-01-24 16:00:00,0.00014183,0.00014218,0.0001409,0.00014091,379524216.0
2025-01-24 17:00:00,0.00014091,0.00014222,0.00014002,0.00014192,333115621.0
2025-01-24 18:00:00,0.00014192,0.0001425,0.0001407,0.00014124,319542872.0
2025-01-24 19:00:00,0.00014124,0.00014158,0.00013968,0.00014021,141880840.0
2025-01-24 20:00:00,0.00014021,0.00014108,0.00013787,0.00013787,298047598.0
2025-01-24 21:00:00,0.00013787,0.00013932,0.00013758,0.00013865,409646287.0
2025-01-24 22:00:00,0.00013865,0.00013865,0.00013732,0.00013742,420937281.0
2025-01-24 23:00:00,0.00013742,0.00013768,0.00013629,0.00013719,916226606.0
2025-01-25 00:00:00,0.00013719,0.00013719,0.00013381,0.00013381,979531107.0
2025-01-25 01:00:00,0.00013381,0.00013647,0.00013354,0.00013568,719885556.0
2025-01-25 02:00:00,0.00013568,0.00013699,0.00013501,0.00013671,251368837.0
2025-01-25 03:00:00,0.00013671,0.00013916,0.00013641,0.0001391,248413032.0
2025-01-25 04:00:00,0.0001391,0.0001391,0.00013702,0.00013758,2024738644.0
2025-01-25 05:00:00,0.00013758,0.00013861,0.00013669,0.00013796,2249276973.0
2025-01-25 06:00:00,0.00013796,0.00013887,0.00013659,0.00013718,687689438.0
2025-01-25 07:00:00,0.00013718,0.00013722,0.00013618,0.00013652,844437883.0
2025-01-25 08:00:00,0.00013652,0.00013747,0.00013605,0.00013639,568598876.0
2025-01-25 09:00:00,0.00013639,0.00013681,0.00013583,0.00013611,370095723.0
2025-01-25 10:00:00,0.00013611,0.00013681,0.00013507,0.00013661,626711992.0
2025-01-25 11:00:00,0.00013661,0.00013807,0.00013645,0.00013744,341637585.0
2025-01-25 12:00:00,0.00013744,0.00013801,0.00013663,0.00013778,464954062.0
2025-01-25 13:00:00,0.00013778,0.00013872,0.0001376,0.00013784,393751176.0
2025-01-25 14:00:00,0.00013784,0.00013844,0.00013715,0.00013837,391829523.0
2025-01-25 15:00:00,0.00013837,0.00013959,0.00013834,0.00013905,489512506.0
2025-01-25 16:00:00,0.00013905,0.00013957,0.00013748,0.00013775,390222282.0
2025-01-25 17:00:00,0.00013775,0.00013828,0.00013682,0.00013828,339717611.0
2025-01-25 18:00:00,0.00013828,0.00013884,0.00013768,0.00013819,557756765.0
2025-01-25 19:00:00,0.00013819,0.00013853,0.00013744,0.00013774,200149177.0
2025-01-25 20:00:00,0.00013774,0.00013892,0.00013763,0.00013768,358968192.0
2025-01-25 21:00:00,0.00013768,0.00013813,0.0001372,0.00013803,194530319.0
2025-01-25 22:00:00,0.00013803,0.00013882,0.00013787,0.0001381,288644287.0
2025-01-25 23:00:00,0.0001381,0.0001383,0.00013681,0.00013707,362504541.0
2025-01-26 00:00:00,0.00013707,0.0001383,0.00013639,0.0001376,448635136.0
2025-01-26 01:00:00,0.0001376,0.00013877,0.00013753,0.00013792,340738851.0
2025-01-26 02:00:00,0.00013792,0.00013792,0.00013698,0.0001376,220601933.0
2025-01-26 03:00:00,0.0001376,0.00013945,0.0001376,0.00013845,444075689.0
2025-01-26 04:00:00,0.00013845,0.00013932,0.00013774,0.0001389,246369522.0
2025-01-26 05:00:00,0.0001389,0.00013907,0.00013809,0.00013845,619057013.0
2025-01-26 06:00:00,0.00013845,0.00013852,0.00013758,0.00013816,402179580.0
2025-01-26 07:00:00,0.00013816,0.00013856,0.00013758,0.00013808,267130175.0
2025-01-26 08:00:00,0.00013808,0.00013853,0.00013716,0.0001375,470693695.0
2025-01-26 09:00:00,0.0001375,0.00013752,0.00013617,0.00013648,345031310.0
2025-01-26 10:00:00,0.00013648,0.00013756,0.00013634,0.00013756,455964801.0
2025-01-26 11:00:00,0.00013756,0.00013816,0.00013689,0.00013779,692045754.0
2025-01-26 12:00:00,0.00013779,0.00013817,0.00013721,0.00013817,347324344.0
2025-01-26 13:00:00,0.00013817,0.00013865,0.00013734,0.00013816,348950534.0
2025-01-26 14:00:00,0.00013816,0.00013819,0.00013686,0.00013769,371570368.0
2025-01-26 15:00:00,0.00013769,0.0001378,0.0001371,0.00013733,513258119.0
2025-01-26 16:00:00,0.00013733,0.00013756,0.00013653,0.00013679,521703110.0
2025-01-26 17:00:00,0.00013679,0.00013783,0.00013675,0.00013753,321076858.0
2025-01-26 18:00:00,0.00013753,0.00013849,0.00013731,0.00013777,222891219.0
2025-01-26 19:00:00,0.00013777,0.00013797,0.00013698,0.00013788,575689259.0
2025-01-26 20:00:00,0.00013788,0.00013799,0.00013631,0.00013644,289508682.0
2025-01-26 21:00:00,0.00013644,0.00013649,0.00013434,0.00013434,1202483784.0
2025-01-26 22:00:00,0.00013434,0.00013473,0.00013325,0.00013361,942457741.0
2025-01-26 23:00:00,0.00013361,0.00013361,0.00012926,0.00012967,3314755272.0
2025-01-27 00:00:00,0.00012967,0.00012997,0.00012721,0.00012792,1327719775.0
2025-01-27 01:00:00,0.00012792,0.00012828,0.00012574,0.00012632,863887419.0
2025-01-27 02:00:00,0.00012632,0.00012632,0.00012409,0.00012448,1214599253.0
2025-01-27 03:00:00,0.00012448,0.00012632,0.00012427,0.00012604,369529340.0
2025-01-27 04:00:00,0.00012604,0.00012623,0.00012404,0.00012416,630214562.0
2025-01-27 05:00:00,0.00012416,0.0001249,0.00012211,0.0001235,1508689702.0
2025-01-27 06:00:00,0.0001235,0.00012434,0.00012084,0.00012125,1637412200.0
2025-01-27 07:00:00,0.00012125,0.00012211,0.00011576,0.00011999,5879163289.0
2025-01-27 08:00:00,0.00011999,0.00012003,0.00011625,0.00011839,1978387459.0
2025-01-27 09:00:00,0.00011839,0.00012044,0.00011793,0.00011994,740751080.0
2025-01-27 10:00:00,0.00011994,0.00011997,0.00011732,0.00011781,514987495.0
2025-01-27 11:00:00,0.00011781,0.00012148,0.00011781,0.00011996,528605631.0
2025-01-27 12:00:00,0.00011996,0.00012375,0.00011947,0.00012293,771189123.0
2025-01-27 13:00:00,0.00012293,0.00012463,0.00012153,0.00012171,1095318650.0
2025-01-27 14:00:00,0.00012171,0.00012481,0.00012162,0.0001244,707420758.0
2025-01-27 15:00:00,0.0001244,0.00012537,0.0001227,0.00012423,834925187.0
2025-01-27 16:00:00,0.00012423,0.00012502,0.0001212,0.00012158,840564019.0
2025-01-27 17:00:00,0.00012158,0.00012244,0.00012061,0.00012093,490414191.0
2025-01-27 18:00:00,0.00012093,0.00012222,0.00012038,0.00012099,404518203.0
2025-01-27 19:00:00,0.00012099,0.00012318,0.00012098,0.00012178,422848637.0
2025-01-27 20:00:00,0.00012178,0.00012863,0.00012178,0.00012754,1381083906.0
2025-01-27 21:00:00,0.00012754,0.00012963,0.00012594,0.00012685,2701456655.0
2025-01-27 22:00:00,0.00012685,0.00012868,0.00012611,0.00012784,1038034817.0
2025-01-27 23:00:00,0.00012784,0.00012848,0.00012712,0.00012798,221751893.0
2025-01-28 00:00:00,0.00012798,0.00012923,0.00012517,0.00012589,564197152.0
2025-01-28 01:00:00,0.00012589,0.00013409,0.00012548,0.00013169,1144867194.0
2025-01-28 02:00:00,0.00013169,0.00013461,0.00012748,0.00012944,1917901030.0
2025-01-28 03:00:00,0.00012944,0.00012952,0.00012583,0.00012643,468185308.0
2025-01-28 04:00:00,0.00012643,0.00012733,0.00012607,0.00012646,828176800.0
2025-01-28 05:00:00,0.00012646,0.00013331,0.00012636,0.00013106,3211616233.0
2025-01-28 06:00:00,0.00013106,0.00013225,0.00012903,0.00012948,615165148.0
2025-01-28 07:00:00,0.00012948,0.00013128,0.00012717,0.00012839,822985218.0
2025-01-28 08:00:00,0.00012839,0.00012852,0.00012644,0.00012669,1307741774.0
2025-01-28 09:00:00,0.00012669,0.00012738,0.00012556,0.00012699,834677813.0
2025-01-28 10:00:00,0.00012699,0.00012722,0.00012526,0.00012568,1225108428.0
2025-01-28 11:00:00,0.00012568,0.00012902,0.00012564,0.00012758,1406473186.0
2025-01-28 12:00:00,0.00012758,0.00012798,0.00011921,0.00012104,2189749136.0
2025-01-28 13:00:00,0.00012104,0.00012828,0.00012104,0.00012752,2039627624.0
2025-01-28 14:00:00,0.00012752,0.00012752,0.00012474,0.00012517,1126118666.0
2025-01-28 15:00:00,0.00012517,0.00012698,0.00012008,0.00012022,1311999145.0
2025-01-28 16:00:00,0.00012022,0.00012219,0.00011944,0.00012008,1648106055.0
2025-01-28 17:00:00,0.00012008,0.00012315,0.00012004,0.00012139,1105460398.0
2025-01-28 18:00:00,0.00012139,0.00012183,0.00011842,0.00011861,924723993.0
2025-01-28 19:00:00,0.00011861,0.00012172,0.00011821,0.00012172,839340843.0
2025-01-28 20:00:00,0.00012172,0.00012548,0.00012062,0.00012075,2362349109.0
2025-01-28 21:00:00,0.00012075,0.00012152,0.00011631,0.00011759,2767517099.0
2025-01-28 22:00:00,0.00011759,0.00011803,0.00011416,0.00011607,3103576030.0
2025-01-28 23:00:00,0.00011607,0.00011607,0.00011301,0.00011351,1619582150.0
2025-01-29 00:00:00,0.00011351,0.00011496,0.00011288,0.00011357,758941655.0
2025-01-29 01:00:00,0.00011357,0.00011586,0.00011357,0.00011382,1801989217.0
2025-01-29 02:00:00,0.00011382,0.00011746,0.00011373,0.00011609,1335133375.0
2025-01-29 03:00:00,0.00011609,0.00011847,0.0001159,0.0001166,796802659.0
2025-01-29 04:00:00,0.0001166,0.00011744,0.00011501,0.00011546,569402284.0
2025-01-29 05:00:00,0.00011546,0.00011995,0.00011546,0.00011982,608313594.0
2025-01-29 06:00:00,0.00011982,0.00012352,0.00011862,0.00012209,741703916.0
2025-01-29 07:00:00,0.00012209,0.00012287,0.00012007,0.00012277,370760651.0
2025-01-29 08:00:00,0.00012277,0.00012353,0.00012151,0.00012199,483938141.0
2025-01-29 09:00:00,0.00012199,0.00012263,0.00012126,0.00012222,403243758.0
2025-01-29 10:00:00,0.00012222,0.00012451,0.0001213,0.00012298,1005829417.0
2025-01-29 11:00:00,0.00012298,0.00012363,0.00012219,0.00012291,559690850.0
2025-01-29 12:00:00,0.00012291,0.00012343,0.00012144,0.00012199,7152964027.0
2025-01-29 13:00:00,0.00012199,0.00012247,0.00012023,0.00012079,12870014435.0
2025-01-29 14:00:00,0.00012079,0.00012216,0.00012034,0.00012159,13363128668.0
2025-01-29 15:00:00,0.00012159,0.00012302,0.00012061,0.00012132,7675838034.0
2025-01-29 16:00:00,0.00012132,0.00012187,0.00011976,0.00012116,768742377.0
2025-01-29 17:00:00,0.00012116,0.00012342,0.00012111,0.00012199,1028824063.0
2025-01-29 18:00:00,0.00012199,0.00012365,0.00012076,0.0001232,602430341.0
2025-01-29 19:00:00,0.0001232,0.00012553,0.00011856,0.00012377,3721078866.0
2025-01-29 20:00:00,0.00012377,0.00012839,0.00012235,0.00012589,2762216841.0
2025-01-29 21:00:00,0.00012589,0.00012794,0.00012412,0.00012604,616120528.0
2025-01-29 22:00:00,0.00012604,0.0001264,0.00012434,0.00012434,645698291.0
