date,open,high,low,close,volume
2023-12-31 23:00:00,0.6112,0.61555,0.61058,0.61551,3624580.0
2024-01-01 00:00:00,0.61551,0.61721,0.61499,0.61643,1728732.0
2024-01-01 01:00:00,0.61643,0.61884,0.61528,0.61857,1999080.0
2024-01-01 02:00:00,0.61857,0.61865,0.6151,0.61575,1207566.0
2024-01-01 03:00:00,0.61575,0.61595,0.61169,0.61315,2838418.0
2024-01-01 04:00:00,0.61315,0.61348,0.60903,0.61194,5327455.0
2024-01-01 05:00:00,0.61194,0.61255,0.60833,0.60896,3129812.0
2024-01-01 06:00:00,0.60896,0.6132,0.60889,0.61291,1492071.0
2024-01-01 07:00:00,0.61291,0.61518,0.6128,0.61518,4721745.0
2024-01-01 08:00:00,0.61518,0.6165,0.61433,0.61617,1858481.0
2024-01-01 09:00:00,0.61617,0.61785,0.61562,0.61785,1932797.0
2024-01-01 10:00:00,0.61785,0.61892,0.61756,0.61886,1768865.0
2024-01-01 11:00:00,0.61886,0.62107,0.61786,0.62074,2645156.0
2024-01-01 12:00:00,0.62074,0.62126,0.61922,0.61989,2561987.0
2024-01-01 13:00:00,0.61989,0.62195,0.61947,0.62113,1658719.0
2024-01-01 14:00:00,0.62113,0.6213,0.61854,0.6196,2933645.0
2024-01-01 15:00:00,0.6196,0.62215,0.61919,0.62168,2580386.0
2024-01-01 16:00:00,0.62168,0.62198,0.61982,0.62123,2056640.0
2024-01-01 17:00:00,0.62123,0.62387,0.621,0.62366,1645737.0
2024-01-01 18:00:00,0.62366,0.62576,0.6235,0.62411,2646225.0
2024-01-01 19:00:00,0.62411,0.62636,0.62392,0.62636,1379952.0
2024-01-01 20:00:00,0.62636,0.62926,0.62571,0.62818,2626029.0
2024-01-01 21:00:00,0.62818,0.62876,0.62691,0.62848,3268894.0
2024-01-01 22:00:00,0.62848,0.62888,0.62671,0.62747,1331925.0
2024-01-01 23:00:00,0.62747,0.63135,0.62744,0.62985,2777899.0
2024-01-02 00:00:00,0.62985,0.63319,0.62931,0.63241,4124556.0
2024-01-02 01:00:00,0.63241,0.63521,0.63165,0.63308,4610255.0
2024-01-02 02:00:00,0.63308,0.6355,0.6323,0.6343,2308695.0
2024-01-02 03:00:00,0.6343,0.63486,0.63183,0.63412,2462703.0
2024-01-02 04:00:00,0.63412,0.63465,0.633,0.6335,1474400.0
2024-01-02 05:00:00,0.6335,0.63454,0.62798,0.63022,4415723.0
2024-01-02 06:00:00,0.63022,0.63085,0.62821,0.6286,3433464.0
2024-01-02 07:00:00,0.6286,0.6324,0.6285,0.63115,2372685.0
2024-01-02 08:00:00,0.63115,0.634,0.62978,0.63363,2906542.0
2024-01-02 09:00:00,0.63363,0.64105,0.63196,0.63834,4290671.0
2024-01-02 10:00:00,0.63834,0.63868,0.63466,0.63725,5049023.0
2024-01-02 11:00:00,0.63725,0.63735,0.63055,0.6327,5612736.0
2024-01-02 12:00:00,0.6327,0.63465,0.62831,0.63012,4882665.0
2024-01-02 13:00:00,0.63012,0.6334,0.62925,0.63219,2546178.0
2024-01-02 14:00:00,0.63219,0.63285,0.6233,0.62559,7622254.0
2024-01-02 15:00:00,0.62559,0.62826,0.62209,0.6258,3790091.0
2024-01-02 16:00:00,0.6258,0.62735,0.623,0.62735,2248085.0
2024-01-02 17:00:00,0.62735,0.62746,0.62154,0.62333,2400490.0
2024-01-02 18:00:00,0.62333,0.6266,0.62291,0.62589,1484921.0
2024-01-02 19:00:00,0.62589,0.62955,0.62533,0.62781,1803887.0
2024-01-02 20:00:00,0.62781,0.629,0.62581,0.62614,1169836.0
2024-01-02 21:00:00,0.62614,0.62826,0.62395,0.62726,1032653.0
2024-01-02 22:00:00,0.62726,0.62864,0.625,0.6275,1232430.0
2024-01-02 23:00:00,0.6275,0.6282,0.62441,0.62472,1500159.0
2024-01-03 00:00:00,0.62472,0.62733,0.6232,0.62664,2448684.0
2024-01-03 01:00:00,0.62664,0.62824,0.62661,0.62789,1288201.0
2024-01-03 02:00:00,0.62789,0.62816,0.62663,0.6267,1013229.0
2024-01-03 03:00:00,0.6267,0.62709,0.62571,0.62656,781147.0
2024-01-03 04:00:00,0.62656,0.63979,0.62651,0.6338,5720280.0
2024-01-03 05:00:00,0.6338,0.63957,0.63242,0.63611,6211355.0
2024-01-03 06:00:00,0.63611,0.63873,0.6314,0.6347,8972600.0
2024-01-03 07:00:00,0.6347,0.6362,0.63075,0.63231,5947975.0
2024-01-03 08:00:00,0.63231,0.63365,0.6303,0.63165,2536232.0
2024-01-03 09:00:00,0.63165,0.63605,0.63121,0.63564,4027944.0
2024-01-03 10:00:00,0.63564,0.63655,0.6328,0.6332,4260491.0
2024-01-03 11:00:00,0.6332,0.63335,0.60951,0.61861,26513000.0
2024-01-03 12:00:00,0.61861,0.61872,0.46041,0.56151,112490075.0
2024-01-03 13:00:00,0.56151,0.56903,0.5437,0.56785,25529417.0
2024-01-03 14:00:00,0.56785,0.56969,0.55521,0.56174,16621076.0
2024-01-03 15:00:00,0.56174,0.57751,0.56168,0.57647,10851833.0
2024-01-03 16:00:00,0.57647,0.58003,0.57061,0.57501,16659603.0
2024-01-03 17:00:00,0.57501,0.57662,0.57019,0.57533,6445503.0
2024-01-03 18:00:00,0.57533,0.57729,0.56508,0.57064,7329522.0
2024-01-03 19:00:00,0.57064,0.57943,0.56953,0.57365,5500494.0
2024-01-03 20:00:00,0.57365,0.58953,0.57331,0.58767,6127444.0
2024-01-03 21:00:00,0.58767,0.59015,0.58319,0.59,5183267.0
2024-01-03 22:00:00,0.59,0.59,0.57907,0.58318,4658111.0
2024-01-03 23:00:00,0.58318,0.58322,0.57855,0.582,2903982.0
2024-01-04 00:00:00,0.582,0.58326,0.57944,0.5805,2621448.0
2024-01-04 01:00:00,0.5805,0.5813,0.56876,0.57333,6928883.0
2024-01-04 02:00:00,0.57333,0.58258,0.57321,0.58218,3384425.0
2024-01-04 03:00:00,0.58218,0.58282,0.57929,0.58143,1615833.0
2024-01-04 04:00:00,0.58143,0.5835,0.57983,0.5827,1660350.0
2024-01-04 05:00:00,0.5827,0.58448,0.58003,0.58105,2021939.0
2024-01-04 06:00:00,0.58105,0.58249,0.57845,0.58009,4186553.0
2024-01-04 07:00:00,0.58009,0.58158,0.5745,0.57466,7883943.0
2024-01-04 08:00:00,0.57466,0.57751,0.57242,0.57409,8211536.0
2024-01-04 09:00:00,0.57409,0.5783,0.5733,0.57729,2850864.0
2024-01-04 10:00:00,0.57729,0.57893,0.57,0.57652,7588637.0
2024-01-04 11:00:00,0.57652,0.57822,0.57338,0.5769,3108198.0
2024-01-04 12:00:00,0.5769,0.5799,0.5753,0.57913,4465424.0
2024-01-04 13:00:00,0.57913,0.58142,0.57588,0.57949,3862467.0
2024-01-04 14:00:00,0.57949,0.58491,0.5784,0.58463,3992785.0
2024-01-04 15:00:00,0.58463,0.58804,0.58217,0.58526,6978890.0
2024-01-04 16:00:00,0.58526,0.58583,0.58075,0.58211,4728301.0
2024-01-04 17:00:00,0.58211,0.58476,0.58088,0.58439,2624821.0
2024-01-04 18:00:00,0.58439,0.58709,0.57978,0.58556,2040558.0
2024-01-04 19:00:00,0.58556,0.589,0.58447,0.58643,1763369.0
2024-01-04 20:00:00,0.58643,0.59133,0.58602,0.58929,3447156.0
2024-01-04 21:00:00,0.58929,0.59171,0.58771,0.5899,1822515.0
2024-01-04 22:00:00,0.5899,0.59323,0.58477,0.58703,5028804.0
2024-01-04 23:00:00,0.58703,0.58812,0.58507,0.58656,2692699.0
2024-01-05 00:00:00,0.58656,0.58809,0.58312,0.58458,3727188.0
2024-01-05 01:00:00,0.58458,0.58479,0.55181,0.5718,20265014.0
2024-01-05 02:00:00,0.5718,0.57634,0.57061,0.57431,9149101.0
2024-01-05 03:00:00,0.57431,0.57707,0.57385,0.57582,1487655.0
2024-01-05 04:00:00,0.57582,0.577,0.57287,0.57614,2265520.0
2024-01-05 05:00:00,0.57614,0.57794,0.57524,0.57579,1547533.0
2024-01-05 06:00:00,0.57579,0.57594,0.57229,0.57424,4186461.0
2024-01-05 07:00:00,0.57424,0.57564,0.57187,0.5733,3620095.0
2024-01-05 08:00:00,0.5733,0.57524,0.5729,0.57401,1436934.0
2024-01-05 09:00:00,0.57401,0.5789,0.574,0.57853,4215618.0
2024-01-05 10:00:00,0.57853,0.57881,0.56507,0.56948,6508634.0
2024-01-05 11:00:00,0.56948,0.57256,0.5665,0.56868,7311963.0
2024-01-05 12:00:00,0.56868,0.5726,0.56646,0.57059,7186955.0
2024-01-05 13:00:00,0.57059,0.57234,0.56698,0.57037,3157581.0
2024-01-05 14:00:00,0.57037,0.57174,0.55872,0.56044,19907108.0
2024-01-05 15:00:00,0.56044,0.56547,0.55968,0.56326,6336444.0
2024-01-05 16:00:00,0.56326,0.56625,0.55878,0.5592,3928019.0
2024-01-05 17:00:00,0.5592,0.56505,0.55279,0.5644,6561716.0
2024-01-05 18:00:00,0.5644,0.56791,0.56337,0.56729,2229439.0
2024-01-05 19:00:00,0.56729,0.56946,0.56592,0.56696,1356398.0
2024-01-05 20:00:00,0.56696,0.57364,0.56694,0.5724,2381032.0
2024-01-05 21:00:00,0.5724,0.5724,0.56848,0.57198,1889848.0
2024-01-05 22:00:00,0.57198,0.57364,0.56997,0.57339,1223197.0
2024-01-05 23:00:00,0.57339,0.57599,0.57327,0.57539,1951983.0
2024-01-06 00:00:00,0.57539,0.57542,0.57072,0.57257,1593003.0
2024-01-06 01:00:00,0.57257,0.57298,0.57057,0.57249,1387835.0
2024-01-06 02:00:00,0.57249,0.57284,0.571,0.57191,911933.0
2024-01-06 03:00:00,0.57191,0.57278,0.5704,0.57163,644734.0
2024-01-06 04:00:00,0.57163,0.57334,0.57074,0.57118,2164162.0
2024-01-06 05:00:00,0.57118,0.57209,0.56262,0.56635,7988687.0
2024-01-06 06:00:00,0.56635,0.56689,0.55582,0.55885,12692642.0
2024-01-06 07:00:00,0.55885,0.5643,0.5583,0.56429,4820845.0
2024-01-06 08:00:00,0.56429,0.56567,0.56068,0.56558,3192020.0
2024-01-06 09:00:00,0.56558,0.56675,0.565,0.56533,2334864.0
2024-01-06 10:00:00,0.56533,0.56717,0.56338,0.56586,1441746.0
2024-01-06 11:00:00,0.56586,0.56654,0.56409,0.56567,1434309.0
2024-01-06 12:00:00,0.56567,0.5679,0.56489,0.56595,1282590.0
2024-01-06 13:00:00,0.56595,0.5668,0.5645,0.56591,839408.0
2024-01-06 14:00:00,0.56591,0.571,0.56561,0.5704,2457513.0
2024-01-06 15:00:00,0.5704,0.57333,0.56899,0.57066,2091565.0
2024-01-06 16:00:00,0.57066,0.57194,0.569,0.56989,1379866.0
2024-01-06 17:00:00,0.56989,0.57142,0.5685,0.57114,1398843.0
2024-01-06 18:00:00,0.57114,0.57164,0.56928,0.56985,2076859.0
2024-01-06 19:00:00,0.56985,0.56994,0.56648,0.56898,2284903.0
2024-01-06 20:00:00,0.56898,0.5701,0.56666,0.56771,1384598.0
2024-01-06 21:00:00,0.56771,0.56784,0.56509,0.56678,1389614.0
2024-01-06 22:00:00,0.56678,0.56841,0.56509,0.56773,720192.0
2024-01-06 23:00:00,0.56773,0.5679,0.56288,0.56763,2941311.0
2024-01-07 00:00:00,0.56763,0.5707,0.56631,0.56969,1255994.0
2024-01-07 01:00:00,0.56969,0.5707,0.56683,0.5673,1577316.0
2024-01-07 02:00:00,0.5673,0.56969,0.56583,0.5667,1278144.0
2024-01-07 03:00:00,0.5667,0.5674,0.56443,0.5665,2256995.0
2024-01-07 04:00:00,0.5665,0.5678,0.56524,0.56736,2329879.0
2024-01-07 05:00:00,0.56736,0.5685,0.56611,0.56687,2396051.0
2024-01-07 06:00:00,0.56687,0.56969,0.56637,0.56923,1309282.0
2024-01-07 07:00:00,0.56923,0.56979,0.56811,0.56901,1148574.0
2024-01-07 08:00:00,0.56901,0.57289,0.56792,0.56823,4591520.0
2024-01-07 09:00:00,0.56823,0.5696,0.56364,0.5654,4544817.0
2024-01-07 10:00:00,0.5654,0.567,0.56475,0.56577,808313.0
2024-01-07 11:00:00,0.56577,0.56787,0.56551,0.56631,2329981.0
2024-01-07 12:00:00,0.56631,0.5669,0.56323,0.5663,2721034.0
2024-01-07 13:00:00,0.5663,0.57006,0.56585,0.56925,3414194.0
2024-01-07 14:00:00,0.56925,0.57019,0.56733,0.57007,2412878.0
2024-01-07 15:00:00,0.57007,0.57009,0.56549,0.56684,1890574.0
2024-01-07 16:00:00,0.56684,0.568,0.56071,0.5618,3200837.0
2024-01-07 17:00:00,0.5618,0.56639,0.5601,0.56513,3295378.0
2024-01-07 18:00:00,0.56513,0.56818,0.56513,0.5669,696827.0
2024-01-07 19:00:00,0.5669,0.56787,0.56523,0.56708,1020108.0
2024-01-07 20:00:00,0.56708,0.56752,0.56408,0.56441,1509447.0
2024-01-07 21:00:00,0.56441,0.56558,0.56265,0.56375,1606575.0
2024-01-07 22:00:00,0.56375,0.5638,0.54784,0.54974,13527544.0
2024-01-07 23:00:00,0.54974,0.5551,0.54479,0.55104,13174869.0
2024-01-08 00:00:00,0.55104,0.58127,0.5486,0.57708,24251503.0
2024-01-08 01:00:00,0.57708,0.57882,0.56151,0.57187,13921349.0
2024-01-08 02:00:00,0.57187,0.57513,0.55044,0.55995,13783626.0
2024-01-08 03:00:00,0.55995,0.56184,0.54339,0.5594,13744639.0
2024-01-08 04:00:00,0.5594,0.56409,0.55733,0.56114,5072698.0
2024-01-08 05:00:00,0.56114,0.56163,0.55665,0.55775,6290874.0
2024-01-08 06:00:00,0.55775,0.56574,0.55619,0.55851,6582325.0
2024-01-08 07:00:00,0.55851,0.55914,0.55308,0.55638,6124191.0
2024-01-08 08:00:00,0.55638,0.55816,0.55063,0.55133,4320316.0
2024-01-08 09:00:00,0.55133,0.5539,0.55038,0.55212,4631742.0
2024-01-08 10:00:00,0.55212,0.55741,0.55093,0.5574,2336350.0
2024-01-08 11:00:00,0.5574,0.56259,0.55632,0.56179,3613954.0
2024-01-08 12:00:00,0.56179,0.56948,0.56064,0.56609,6368390.0
2024-01-08 13:00:00,0.56609,0.56676,0.56231,0.56308,2597098.0
2024-01-08 14:00:00,0.56308,0.56496,0.56139,0.56353,2559110.0
2024-01-08 15:00:00,0.56353,0.5674,0.56159,0.56516,2215845.0
2024-01-08 16:00:00,0.56516,0.56774,0.56372,0.56494,2381050.0
2024-01-08 17:00:00,0.56494,0.56987,0.56409,0.56978,1516520.0
2024-01-08 18:00:00,0.56978,0.57793,0.5696,0.57707,7777133.0
2024-01-08 19:00:00,0.57707,0.58122,0.57622,0.5805,6115153.0
2024-01-08 20:00:00,0.5805,0.581,0.57416,0.57596,4438990.0
2024-01-08 21:00:00,0.57596,0.57867,0.57502,0.57666,1499425.0
2024-01-08 22:00:00,0.57666,0.57977,0.57511,0.5797,1755321.0
2024-01-08 23:00:00,0.5797,0.58,0.57612,0.57741,3451588.0
2024-01-09 00:00:00,0.57741,0.57834,0.5657,0.57123,7198270.0
2024-01-09 01:00:00,0.57123,0.57332,0.57027,0.57266,2052227.0
2024-01-09 02:00:00,0.57266,0.57442,0.57199,0.57413,1962182.0
2024-01-09 03:00:00,0.57413,0.57413,0.57078,0.57226,1256625.0
2024-01-09 04:00:00,0.57226,0.5749,0.5714,0.57448,2748177.0
2024-01-09 05:00:00,0.57448,0.5749,0.57068,0.571,2526518.0
2024-01-09 06:00:00,0.571,0.57143,0.56869,0.5692,2353150.0
2024-01-09 07:00:00,0.5692,0.57254,0.56746,0.57131,2930593.0
2024-01-09 08:00:00,0.57131,0.5728,0.56605,0.56668,2919352.0
2024-01-09 09:00:00,0.56668,0.56794,0.56169,0.56413,4573741.0
2024-01-09 10:00:00,0.56413,0.56734,0.56387,0.56662,1951038.0
2024-01-09 11:00:00,0.56662,0.5695,0.56579,0.56849,2998796.0
2024-01-09 12:00:00,0.56849,0.56929,0.55104,0.55809,8940734.0
2024-01-09 13:00:00,0.55809,0.56434,0.55751,0.56339,7940993.0
2024-01-09 14:00:00,0.56339,0.56474,0.55684,0.5573,6691998.0
2024-01-09 15:00:00,0.5573,0.56187,0.5546,0.55899,4673302.0
2024-01-09 16:00:00,0.55899,0.56064,0.555,0.55826,3394543.0
2024-01-09 17:00:00,0.55826,0.56084,0.55569,0.56065,2590857.0
2024-01-09 18:00:00,0.56065,0.57653,0.5601,0.56879,17420483.0
2024-01-09 19:00:00,0.56879,0.57601,0.56419,0.57244,7573401.0
2024-01-09 20:00:00,0.57244,0.57666,0.56699,0.5696,4943269.0
2024-01-09 21:00:00,0.5696,0.57944,0.56253,0.5659,14272496.0
2024-01-09 22:00:00,0.5659,0.57351,0.56523,0.5715,2812653.0
2024-01-09 23:00:00,0.5715,0.57223,0.56491,0.56672,2822045.0
2024-01-10 00:00:00,0.56672,0.57054,0.5657,0.56714,2400762.0
2024-01-10 01:00:00,0.56714,0.57234,0.56668,0.57188,1782821.0
2024-01-10 02:00:00,0.57188,0.5722,0.56704,0.56876,2407207.0
2024-01-10 03:00:00,0.56876,0.57108,0.56871,0.56941,898423.0
2024-01-10 04:00:00,0.56941,0.57169,0.56843,0.56943,1581533.0
2024-01-10 05:00:00,0.56943,0.56975,0.5674,0.56758,1937708.0
2024-01-10 06:00:00,0.56758,0.56782,0.56251,0.56351,4255762.0
2024-01-10 07:00:00,0.56351,0.5674,0.56278,0.56308,3335294.0
2024-01-10 08:00:00,0.56308,0.56463,0.55833,0.56029,3695503.0
2024-01-10 09:00:00,0.56029,0.5672,0.55827,0.5662,5071668.0
2024-01-10 10:00:00,0.5662,0.56782,0.56267,0.56351,3499056.0
2024-01-10 11:00:00,0.56351,0.5649,0.5592,0.56333,4226005.0
2024-01-10 12:00:00,0.56333,0.56412,0.54779,0.55318,16366188.0
2024-01-10 13:00:00,0.55318,0.55872,0.5493,0.55503,6155829.0
2024-01-10 14:00:00,0.55503,0.55772,0.55331,0.55363,2229491.0
2024-01-10 15:00:00,0.55363,0.58011,0.5529,0.57018,9720609.0
2024-01-10 16:00:00,0.57018,0.5741,0.56242,0.56361,7535712.0
2024-01-10 17:00:00,0.56361,0.57062,0.5631,0.56922,4352885.0
2024-01-10 18:00:00,0.56922,0.57378,0.56857,0.57289,6172915.0
2024-01-10 19:00:00,0.57289,0.57982,0.57289,0.5788,7502026.0
2024-01-10 20:00:00,0.5788,0.57943,0.56205,0.5789,9661652.0
2024-01-10 21:00:00,0.5789,0.5993,0.57518,0.5987,23574255.0
2024-01-10 22:00:00,0.5987,0.61477,0.59352,0.60768,17098058.0
2024-01-10 23:00:00,0.60768,0.61361,0.59719,0.60048,12750578.0
2024-01-11 00:00:00,0.60048,0.6017,0.59349,0.59803,5698682.0
2024-01-11 01:00:00,0.59803,0.6025,0.59425,0.59734,3551126.0
2024-01-11 02:00:00,0.59734,0.60146,0.59644,0.60125,2187568.0
2024-01-11 03:00:00,0.60125,0.60252,0.59771,0.60251,3853152.0
2024-01-11 04:00:00,0.60251,0.6057,0.60122,0.6051,3829768.0
2024-01-11 05:00:00,0.6051,0.60511,0.59541,0.59596,4924662.0
2024-01-11 06:00:00,0.59596,0.59678,0.58523,0.58913,7173230.0
2024-01-11 07:00:00,0.58913,0.59734,0.58913,0.59699,4013165.0
2024-01-11 08:00:00,0.59699,0.59946,0.5948,0.59767,3149462.0
2024-01-11 09:00:00,0.59767,0.60192,0.59698,0.59887,3519076.0
2024-01-11 10:00:00,0.59887,0.60995,0.5986,0.60822,5592140.0
2024-01-11 11:00:00,0.60822,0.61504,0.60413,0.61185,8772710.0
2024-01-11 12:00:00,0.61185,0.6193,0.61,0.6184,9038094.0
2024-01-11 13:00:00,0.6184,0.62372,0.60728,0.6144,15223930.0
2024-01-11 14:00:00,0.6144,0.6178,0.60614,0.61667,11461240.0
2024-01-11 15:00:00,0.61667,0.61719,0.59443,0.60111,13542712.0
2024-01-11 16:00:00,0.60111,0.60314,0.59174,0.60131,7352365.0
2024-01-11 17:00:00,0.60131,0.60508,0.59608,0.60453,3579839.0
2024-01-11 18:00:00,0.60453,0.6063,0.6027,0.60615,2139036.0
2024-01-11 19:00:00,0.60615,0.60667,0.60123,0.60506,2425736.0
2024-01-11 20:00:00,0.60506,0.60709,0.59918,0.60062,2944115.0
2024-01-11 21:00:00,0.60062,0.60411,0.6,0.6009,1372177.0
2024-01-11 22:00:00,0.6009,0.60281,0.59798,0.60249,1303471.0
2024-01-11 23:00:00,0.60249,0.6038,0.6012,0.60181,731354.0
2024-01-12 00:00:00,0.60181,0.60371,0.59838,0.59988,2121233.0
2024-01-12 01:00:00,0.59988,0.60058,0.59046,0.59431,6376213.0
2024-01-12 02:00:00,0.59431,0.59741,0.59431,0.59707,1618361.0
2024-01-12 03:00:00,0.59707,0.59925,0.59471,0.5978,1636392.0
2024-01-12 04:00:00,0.5978,0.59948,0.59666,0.59818,1560348.0
2024-01-12 05:00:00,0.59818,0.60073,0.59731,0.60014,1858510.0
2024-01-12 06:00:00,0.60014,0.60079,0.59539,0.59561,3620925.0
2024-01-12 07:00:00,0.59561,0.5986,0.59335,0.59479,3218072.0
2024-01-12 08:00:00,0.59479,0.59611,0.58854,0.59343,6548051.0
2024-01-12 09:00:00,0.59343,0.5965,0.59171,0.59602,3424838.0
2024-01-12 10:00:00,0.59602,0.59691,0.59386,0.59669,1594072.0
2024-01-12 11:00:00,0.59669,0.60262,0.59591,0.60033,3224257.0
2024-01-12 12:00:00,0.60033,0.60138,0.59387,0.59761,3972905.0
2024-01-12 13:00:00,0.59761,0.59949,0.59646,0.59804,2492095.0
2024-01-12 14:00:00,0.59804,0.60125,0.59559,0.59843,4733208.0
2024-01-12 15:00:00,0.59843,0.59902,0.5829,0.58729,10679983.0
2024-01-12 16:00:00,0.58729,0.59169,0.57348,0.58056,13239589.0
2024-01-12 17:00:00,0.58056,0.58241,0.5657,0.57851,9131535.0
2024-01-12 18:00:00,0.57851,0.58021,0.57472,0.57857,3785045.0
2024-01-12 19:00:00,0.57857,0.5801,0.575,0.57985,2943044.0
2024-01-12 20:00:00,0.57985,0.58383,0.57949,0.5807,2430500.0
2024-01-12 21:00:00,0.5807,0.58149,0.57058,0.57627,4574349.0
2024-01-12 22:00:00,0.57627,0.57635,0.55047,0.56722,10854284.0
2024-01-12 23:00:00,0.56722,0.57096,0.56682,0.56991,2359842.0
2024-01-13 00:00:00,0.56991,0.57243,0.56792,0.5683,2187132.0
2024-01-13 01:00:00,0.5683,0.56985,0.56261,0.56858,4213207.0
2024-01-13 02:00:00,0.56858,0.572,0.5678,0.57097,2385507.0
2024-01-13 03:00:00,0.57097,0.5721,0.56948,0.57167,2153074.0
2024-01-13 04:00:00,0.57167,0.57339,0.5712,0.57271,1192895.0
2024-01-13 05:00:00,0.57271,0.57614,0.5724,0.57562,1669210.0
2024-01-13 06:00:00,0.57562,0.5761,0.57337,0.57522,1433859.0
2024-01-13 07:00:00,0.57522,0.5763,0.57427,0.5746,1155911.0
2024-01-13 08:00:00,0.5746,0.5768,0.57449,0.57544,1276313.0
2024-01-13 09:00:00,0.57544,0.57579,0.57147,0.57258,2570804.0
2024-01-13 10:00:00,0.57258,0.57419,0.57003,0.57363,2055550.0
2024-01-13 11:00:00,0.57363,0.57483,0.57316,0.57423,1294668.0
2024-01-13 12:00:00,0.57423,0.57662,0.57347,0.57525,2208157.0
2024-01-13 13:00:00,0.57525,0.57544,0.5717,0.57299,2464313.0
2024-01-13 14:00:00,0.57299,0.57402,0.57157,0.5723,1520846.0
2024-01-13 15:00:00,0.5723,0.57489,0.57137,0.57453,2014991.0
2024-01-13 16:00:00,0.57453,0.57453,0.5711,0.57189,2751486.0
2024-01-13 17:00:00,0.57189,0.57474,0.57071,0.57406,940088.0
2024-01-13 18:00:00,0.57406,0.57448,0.5731,0.57371,758101.0
2024-01-13 19:00:00,0.57371,0.57583,0.57358,0.57439,725361.0
2024-01-13 20:00:00,0.57439,0.57604,0.57382,0.57516,801901.0
2024-01-13 21:00:00,0.57516,0.57704,0.57481,0.57698,605566.0
2024-01-13 22:00:00,0.57698,0.57754,0.57507,0.57613,895195.0
2024-01-13 23:00:00,0.57613,0.57651,0.57407,0.57453,1330948.0
2024-01-14 00:00:00,0.57453,0.57504,0.57134,0.57208,1465227.0
2024-01-14 01:00:00,0.57208,0.57525,0.57199,0.57493,1839234.0
2024-01-14 02:00:00,0.57493,0.57493,0.57241,0.57473,875359.0
2024-01-14 03:00:00,0.57473,0.57564,0.57257,0.57384,1072811.0
2024-01-14 04:00:00,0.57384,0.57457,0.57201,0.57263,1123439.0
2024-01-14 05:00:00,0.57263,0.57453,0.57259,0.57429,729397.0
2024-01-14 06:00:00,0.57429,0.57629,0.57428,0.57529,1230045.0
2024-01-14 07:00:00,0.57529,0.57571,0.57397,0.5755,738642.0
2024-01-14 08:00:00,0.5755,0.57793,0.57478,0.5777,933142.0
2024-01-14 09:00:00,0.5777,0.57884,0.5763,0.57823,3124684.0
2024-01-14 10:00:00,0.57823,0.5798,0.57757,0.57788,2153988.0
2024-01-14 11:00:00,0.57788,0.57849,0.57497,0.57644,1821834.0
2024-01-14 12:00:00,0.57644,0.57759,0.57507,0.5753,810233.0
2024-01-14 13:00:00,0.5753,0.57726,0.57397,0.57692,1221619.0
2024-01-14 14:00:00,0.57692,0.57827,0.57612,0.57668,1047621.0
2024-01-14 15:00:00,0.57668,0.5784,0.57664,0.57733,818060.0
2024-01-14 16:00:00,0.57733,0.57814,0.57507,0.57794,1108635.0
2024-01-14 17:00:00,0.57794,0.58275,0.57782,0.58244,2556885.0
2024-01-14 18:00:00,0.58244,0.58734,0.58147,0.58395,4827738.0
2024-01-14 19:00:00,0.58395,0.58395,0.57347,0.57633,7114599.0
2024-01-14 20:00:00,0.57633,0.5825,0.57117,0.57692,5764855.0
2024-01-14 21:00:00,0.57692,0.59136,0.5765,0.59121,7064424.0
2024-01-14 22:00:00,0.59121,0.593,0.58257,0.58554,5832179.0
2024-01-14 23:00:00,0.58554,0.58626,0.57367,0.5761,7477916.0
2024-01-15 00:00:00,0.5761,0.58436,0.5761,0.58425,4507485.0
2024-01-15 01:00:00,0.58425,0.58453,0.58137,0.58314,3790493.0
2024-01-15 02:00:00,0.58314,0.58676,0.58123,0.58626,1716799.0
2024-01-15 03:00:00,0.58626,0.58939,0.58524,0.586,2433865.0
2024-01-15 04:00:00,0.586,0.58726,0.58453,0.58571,2289476.0
2024-01-15 05:00:00,0.58571,0.58713,0.58211,0.5828,2890576.0
2024-01-15 06:00:00,0.5828,0.58358,0.57905,0.57938,3685058.0
2024-01-15 07:00:00,0.57938,0.57938,0.576,0.57724,6397663.0
2024-01-15 08:00:00,0.57724,0.57964,0.57648,0.57877,3316983.0
2024-01-15 09:00:00,0.57877,0.5816,0.577,0.58131,2306048.0
2024-01-15 10:00:00,0.58131,0.58158,0.57783,0.57823,2625324.0
2024-01-15 11:00:00,0.57823,0.5792,0.57674,0.57881,4342739.0
2024-01-15 12:00:00,0.57881,0.5798,0.57613,0.5782,3332042.0
2024-01-15 13:00:00,0.5782,0.57998,0.57701,0.57821,1621051.0
2024-01-15 14:00:00,0.57821,0.57848,0.56923,0.57064,8706824.0
2024-01-15 15:00:00,0.57064,0.57359,0.56816,0.56986,5967816.0
2024-01-15 16:00:00,0.56986,0.57336,0.5696,0.57242,1759222.0
2024-01-15 17:00:00,0.57242,0.5786,0.57214,0.57808,2965979.0
2024-01-15 18:00:00,0.57808,0.58133,0.57672,0.57799,3361856.0
2024-01-15 19:00:00,0.57799,0.5805,0.57742,0.5805,1388858.0
2024-01-15 20:00:00,0.5805,0.58119,0.5776,0.57898,1724582.0
2024-01-15 21:00:00,0.57898,0.58017,0.5781,0.57869,2713007.0
2024-01-15 22:00:00,0.57869,0.57939,0.57352,0.57774,2371095.0
2024-01-15 23:00:00,0.57774,0.57889,0.57499,0.57543,1832508.0
2024-01-16 00:00:00,0.57543,0.5764,0.57152,0.57229,2238005.0
2024-01-16 01:00:00,0.57229,0.57439,0.57182,0.57324,1053053.0
2024-01-16 02:00:00,0.57324,0.57589,0.57304,0.57468,1198704.0
2024-01-16 03:00:00,0.57468,0.57859,0.57432,0.57761,1197790.0
2024-01-16 04:00:00,0.57761,0.57816,0.57557,0.57628,908136.0
2024-01-16 05:00:00,0.57628,0.57669,0.57332,0.5735,1083023.0
2024-01-16 06:00:00,0.5735,0.5745,0.57132,0.5744,2952479.0
2024-01-16 07:00:00,0.5744,0.57728,0.57412,0.57624,3387292.0
2024-01-16 08:00:00,0.57624,0.57718,0.57394,0.5756,1412496.0
2024-01-16 09:00:00,0.5756,0.57609,0.5738,0.57531,2135308.0
2024-01-16 10:00:00,0.57531,0.57544,0.57285,0.57386,1912071.0
2024-01-16 11:00:00,0.57386,0.57499,0.57251,0.57423,1707930.0
2024-01-16 12:00:00,0.57423,0.57779,0.57419,0.57671,3895294.0
2024-01-16 13:00:00,0.57671,0.57779,0.57297,0.57381,3212593.0
2024-01-16 14:00:00,0.57381,0.57506,0.56551,0.57235,8816185.0
2024-01-16 15:00:00,0.57235,0.57633,0.5706,0.57533,2140686.0
2024-01-16 16:00:00,0.57533,0.5763,0.573,0.57435,1147045.0
2024-01-16 17:00:00,0.57435,0.57838,0.5738,0.57658,2102598.0
2024-01-16 18:00:00,0.57658,0.5777,0.57462,0.57564,948433.0
2024-01-16 19:00:00,0.57564,0.578,0.57473,0.57786,718288.0
2024-01-16 20:00:00,0.57786,0.57817,0.57643,0.57749,708648.0
2024-01-16 21:00:00,0.57749,0.5795,0.5774,0.57854,1458129.0
2024-01-16 22:00:00,0.57854,0.57965,0.57782,0.57803,992450.0
2024-01-16 23:00:00,0.57803,0.57901,0.57512,0.57569,1930401.0
2024-01-17 00:00:00,0.57569,0.57596,0.57358,0.57373,1342868.0
2024-01-17 01:00:00,0.57373,0.57565,0.57356,0.57523,1053835.0
2024-01-17 02:00:00,0.57523,0.57612,0.57355,0.57376,1016486.0
2024-01-17 03:00:00,0.57376,0.5752,0.57273,0.57475,777245.0
2024-01-17 04:00:00,0.57475,0.57536,0.57425,0.57485,1494042.0
2024-01-17 05:00:00,0.57485,0.57533,0.57174,0.57175,1273507.0
2024-01-17 06:00:00,0.57175,0.57346,0.57025,0.57054,2356061.0
2024-01-17 07:00:00,0.57054,0.57235,0.56892,0.57176,3908365.0
2024-01-17 08:00:00,0.57176,0.57231,0.56956,0.57227,1386219.0
2024-01-17 09:00:00,0.57227,0.57296,0.5693,0.57001,1530146.0
2024-01-17 10:00:00,0.57001,0.57156,0.56916,0.57137,1655362.0
2024-01-17 11:00:00,0.57137,0.572,0.5699,0.57001,1206059.0
2024-01-17 12:00:00,0.57001,0.57169,0.56786,0.57155,3138655.0
2024-01-17 13:00:00,0.57155,0.57155,0.56766,0.56892,2725063.0
2024-01-17 14:00:00,0.56892,0.57116,0.56726,0.56843,5141187.0
2024-01-17 15:00:00,0.56843,0.5705,0.56654,0.56852,2402114.0
2024-01-17 16:00:00,0.56852,0.56907,0.56666,0.56789,1877802.0
2024-01-17 17:00:00,0.56789,0.56799,0.56064,0.56627,4580406.0
2024-01-17 18:00:00,0.56627,0.56977,0.56627,0.56952,1773261.0
2024-01-17 19:00:00,0.56952,0.57134,0.5686,0.571,1570458.0
2024-01-17 20:00:00,0.571,0.57276,0.56967,0.57087,1516781.0
2024-01-17 21:00:00,0.57087,0.5725,0.57033,0.57057,967507.0
2024-01-17 22:00:00,0.57057,0.57124,0.56724,0.57012,1299157.0
2024-01-17 23:00:00,0.57012,0.57016,0.56686,0.56844,3124397.0
2024-01-18 00:00:00,0.56844,0.56847,0.56537,0.56668,1856485.0
2024-01-18 01:00:00,0.56668,0.56687,0.56257,0.56528,2116636.0
2024-01-18 02:00:00,0.56528,0.56769,0.56517,0.56665,933550.0
2024-01-18 03:00:00,0.56665,0.56714,0.56537,0.56615,491482.0
2024-01-18 04:00:00,0.56615,0.56771,0.56606,0.56704,604328.0
2024-01-18 05:00:00,0.56704,0.56797,0.56668,0.56708,707423.0
2024-01-18 06:00:00,0.56708,0.56727,0.5649,0.56592,1367252.0
2024-01-18 07:00:00,0.56592,0.56827,0.56477,0.56822,2549734.0
2024-01-18 08:00:00,0.56822,0.56887,0.5656,0.56601,1117815.0
2024-01-18 09:00:00,0.56601,0.56707,0.56542,0.56543,628321.0
2024-01-18 10:00:00,0.56543,0.56645,0.5619,0.56279,3193006.0
2024-01-18 11:00:00,0.56279,0.56356,0.56157,0.5631,1709112.0
2024-01-18 12:00:00,0.5631,0.5633,0.55877,0.56037,5016027.0
2024-01-18 13:00:00,0.56037,0.56277,0.55802,0.5618,5550072.0
2024-01-18 14:00:00,0.5618,0.56397,0.56096,0.56378,1625606.0
2024-01-18 15:00:00,0.56378,0.56407,0.56147,0.56206,1227328.0
2024-01-18 16:00:00,0.56206,0.56267,0.552,0.55599,7639613.0
2024-01-18 17:00:00,0.55599,0.5579,0.55056,0.55305,12781866.0
2024-01-18 18:00:00,0.55305,0.5539,0.54824,0.55288,4651656.0
2024-01-18 19:00:00,0.55288,0.55297,0.54203,0.54642,5033758.0
2024-01-18 20:00:00,0.54642,0.55067,0.5456,0.54775,4505057.0
2024-01-18 21:00:00,0.54775,0.55227,0.54638,0.55065,2709527.0
2024-01-18 22:00:00,0.55065,0.55247,0.54976,0.55247,1603522.0
2024-01-18 23:00:00,0.55247,0.55247,0.5509,0.55174,1642860.0
2024-01-19 00:00:00,0.55174,0.55359,0.54945,0.54959,2797374.0
2024-01-19 01:00:00,0.54959,0.54963,0.54409,0.54867,4609572.0
2024-01-19 02:00:00,0.54867,0.55045,0.54832,0.54977,822011.0
2024-01-19 03:00:00,0.54977,0.55046,0.54565,0.54967,1991639.0
2024-01-19 04:00:00,0.54967,0.5514,0.54893,0.55041,1165785.0
2024-01-19 05:00:00,0.55041,0.55205,0.55011,0.55049,1714784.0
2024-01-19 06:00:00,0.55049,0.55142,0.54785,0.55099,2586832.0
2024-01-19 07:00:00,0.55099,0.55105,0.54637,0.54706,2222756.0
2024-01-19 08:00:00,0.54706,0.54947,0.54595,0.54661,2050849.0
2024-01-19 09:00:00,0.54661,0.55049,0.54661,0.55036,1615870.0
2024-01-19 10:00:00,0.55036,0.55119,0.5484,0.54983,1360546.0
2024-01-19 11:00:00,0.54983,0.55037,0.54837,0.55027,1024246.0
2024-01-19 12:00:00,0.55027,0.55099,0.54898,0.55059,1103555.0
2024-01-19 13:00:00,0.55059,0.55089,0.54867,0.5494,2472926.0
2024-01-19 14:00:00,0.5494,0.54983,0.54275,0.54432,8071464.0
2024-01-19 15:00:00,0.54432,0.5449,0.53675,0.53871,8181092.0
2024-01-19 16:00:00,0.53871,0.5397,0.52151,0.52612,19062086.0
2024-01-19 17:00:00,0.52612,0.53617,0.525,0.53617,3956482.0
2024-01-19 18:00:00,0.53617,0.54371,0.53311,0.54246,3060237.0
2024-01-19 19:00:00,0.54246,0.54648,0.54041,0.54576,2249771.0
2024-01-19 20:00:00,0.54576,0.54921,0.54434,0.54462,2536820.0
2024-01-19 21:00:00,0.54462,0.54671,0.54384,0.5465,1311227.0
2024-01-19 22:00:00,0.5465,0.5471,0.54524,0.54641,1034656.0
2024-01-19 23:00:00,0.54641,0.54716,0.54343,0.54421,1311989.0
2024-01-20 00:00:00,0.54421,0.54421,0.53865,0.53911,1618117.0
2024-01-20 01:00:00,0.53911,0.54377,0.53906,0.54377,1784354.0
2024-01-20 02:00:00,0.54377,0.54406,0.54181,0.54263,961718.0
2024-01-20 03:00:00,0.54263,0.54374,0.54194,0.5431,527817.0
2024-01-20 04:00:00,0.5431,0.5454,0.54292,0.54478,823725.0
2024-01-20 05:00:00,0.54478,0.54512,0.5437,0.54451,1069633.0
2024-01-20 06:00:00,0.54451,0.5466,0.54432,0.54589,819096.0
2024-01-20 07:00:00,0.54589,0.55229,0.54589,0.549,3396456.0
2024-01-20 08:00:00,0.549,0.55222,0.54611,0.54793,2926228.0
2024-01-20 09:00:00,0.54793,0.549,0.54364,0.54471,4596149.0
2024-01-20 10:00:00,0.54471,0.54988,0.54443,0.54839,2344475.0
2024-01-20 11:00:00,0.54839,0.5499,0.5469,0.54917,853509.0
2024-01-20 12:00:00,0.54917,0.55056,0.5482,0.54878,1796247.0
2024-01-20 13:00:00,0.54878,0.5506,0.54831,0.55012,712723.0
2024-01-20 14:00:00,0.55012,0.55024,0.54745,0.54929,1663474.0
2024-01-20 15:00:00,0.54929,0.54987,0.54682,0.54792,2772011.0
2024-01-20 16:00:00,0.54792,0.54902,0.54636,0.54716,2232075.0
2024-01-20 17:00:00,0.54716,0.5488,0.5466,0.54824,1432259.0
2024-01-20 18:00:00,0.54824,0.54824,0.54532,0.54655,1015731.0
2024-01-20 19:00:00,0.54655,0.54703,0.54452,0.54657,1189786.0
2024-01-20 20:00:00,0.54657,0.54987,0.54586,0.54881,1047424.0
2024-01-20 21:00:00,0.54881,0.5504,0.54832,0.54896,1063413.0
2024-01-20 22:00:00,0.54896,0.55086,0.54862,0.54999,1349780.0
2024-01-20 23:00:00,0.54999,0.55482,0.54992,0.55353,1954887.0
2024-01-21 00:00:00,0.55353,0.55405,0.54922,0.55204,2238506.0
2024-01-21 01:00:00,0.55204,0.55375,0.55151,0.55178,1484167.0
2024-01-21 02:00:00,0.55178,0.5543,0.5517,0.55419,964954.0
2024-01-21 03:00:00,0.55419,0.55512,0.55302,0.55382,1795687.0
2024-01-21 04:00:00,0.55382,0.55412,0.55276,0.55403,799236.0
2024-01-21 05:00:00,0.55403,0.5543,0.55165,0.55235,754012.0
2024-01-21 06:00:00,0.55235,0.55302,0.55083,0.55099,990261.0
2024-01-21 07:00:00,0.55099,0.55259,0.55055,0.55217,802338.0
2024-01-21 08:00:00,0.55217,0.5528,0.55102,0.55138,1015969.0
2024-01-21 09:00:00,0.55138,0.55262,0.55126,0.55248,724610.0
2024-01-21 10:00:00,0.55248,0.55432,0.55191,0.55383,1498786.0
2024-01-21 11:00:00,0.55383,0.5542,0.55135,0.55224,1299381.0
2024-01-21 12:00:00,0.55224,0.55292,0.5515,0.55182,765460.0
2024-01-21 13:00:00,0.55182,0.55302,0.55151,0.55289,758839.0
2024-01-21 14:00:00,0.55289,0.55467,0.55181,0.5541,1546546.0
2024-01-21 15:00:00,0.5541,0.5544,0.54984,0.55114,2114449.0
2024-01-21 16:00:00,0.55114,0.55216,0.54863,0.5512,3335964.0
2024-01-21 17:00:00,0.5512,0.55232,0.55096,0.55222,859744.0
2024-01-21 18:00:00,0.55222,0.55272,0.55107,0.55147,823887.0
2024-01-21 19:00:00,0.55147,0.55155,0.55034,0.55097,1053170.0
2024-01-21 20:00:00,0.55097,0.55142,0.54822,0.54832,1705326.0
2024-01-21 21:00:00,0.54832,0.55069,0.54814,0.55066,653221.0
2024-01-21 22:00:00,0.55066,0.55068,0.54717,0.54809,1041021.0
2024-01-21 23:00:00,0.54809,0.54898,0.54517,0.54639,1774731.0
2024-01-22 00:00:00,0.54639,0.54929,0.54538,0.54767,3272746.0
2024-01-22 01:00:00,0.54767,0.548,0.54011,0.54198,5259724.0
2024-01-22 02:00:00,0.54198,0.54377,0.54084,0.54133,1866440.0
2024-01-22 03:00:00,0.54133,0.54266,0.53937,0.54168,1880798.0
2024-01-22 04:00:00,0.54168,0.54198,0.53639,0.53678,5439296.0
2024-01-22 05:00:00,0.53678,0.53989,0.53416,0.53889,4689073.0
2024-01-22 06:00:00,0.53889,0.54058,0.53816,0.53968,1571946.0
2024-01-22 07:00:00,0.53968,0.54039,0.53626,0.53699,2359790.0
2024-01-22 08:00:00,0.53699,0.53699,0.53367,0.53652,3855942.0
2024-01-22 09:00:00,0.53652,0.53759,0.52926,0.53071,6481678.0
2024-01-22 10:00:00,0.53071,0.53181,0.52528,0.52953,6936855.0
2024-01-22 11:00:00,0.52953,0.53162,0.52873,0.53123,2709037.0
2024-01-22 12:00:00,0.53123,0.5315,0.52921,0.53035,1840585.0
2024-01-22 13:00:00,0.53035,0.53448,0.53023,0.53236,2916496.0
2024-01-22 14:00:00,0.53236,0.53301,0.52454,0.52863,7699689.0
2024-01-22 15:00:00,0.52863,0.52954,0.52251,0.52832,7958365.0
2024-01-22 16:00:00,0.52832,0.53007,0.52575,0.52713,1767125.0
2024-01-22 17:00:00,0.52713,0.53243,0.5264,0.53146,2292921.0
2024-01-22 18:00:00,0.53146,0.53533,0.53042,0.5335,3887023.0
2024-01-22 19:00:00,0.5335,0.53503,0.51677,0.52535,9283032.0
2024-01-22 20:00:00,0.52535,0.5314,0.52521,0.52914,4454938.0
2024-01-22 21:00:00,0.52914,0.53143,0.52674,0.53028,3142044.0
2024-01-22 22:00:00,0.53028,0.53223,0.52561,0.52895,2400838.0
2024-01-22 23:00:00,0.52895,0.5305,0.52531,0.52721,1761121.0
2024-01-23 00:00:00,0.52721,0.53043,0.52654,0.52768,2467221.0
2024-01-23 01:00:00,0.52768,0.52813,0.52214,0.52591,2999966.0
2024-01-23 02:00:00,0.52591,0.53,0.52557,0.52983,1484659.0
2024-01-23 03:00:00,0.52983,0.53041,0.52876,0.52961,629736.0
2024-01-23 04:00:00,0.52961,0.53117,0.5295,0.52957,1527893.0
2024-01-23 05:00:00,0.52957,0.53026,0.52841,0.52889,1110194.0
2024-01-23 06:00:00,0.52889,0.52913,0.52494,0.52544,2685269.0
2024-01-23 07:00:00,0.52544,0.527,0.52026,0.5223,6706710.0
2024-01-23 08:00:00,0.5223,0.52375,0.51015,0.51282,15446487.0
2024-01-23 09:00:00,0.51282,0.5146,0.50057,0.50676,16195945.0
2024-01-23 10:00:00,0.50676,0.51054,0.50553,0.5063,5036876.0
2024-01-23 11:00:00,0.5063,0.50779,0.50214,0.50494,5909269.0
2024-01-23 12:00:00,0.50494,0.50749,0.5019,0.5054,4239387.0
2024-01-23 13:00:00,0.5054,0.50541,0.5009,0.50159,3471456.0
2024-01-23 14:00:00,0.50159,0.5042,0.49562,0.50361,9783708.0
2024-01-23 15:00:00,0.50361,0.51246,0.50361,0.51035,4645667.0
2024-01-23 16:00:00,0.51035,0.51116,0.50604,0.51016,2023738.0
2024-01-23 17:00:00,0.51016,0.51322,0.50879,0.51046,1782066.0
2024-01-23 18:00:00,0.51046,0.51335,0.50682,0.50705,2195380.0
2024-01-23 19:00:00,0.50705,0.50927,0.5066,0.50769,1611169.0
2024-01-23 20:00:00,0.50769,0.511,0.50704,0.50861,1315493.0
2024-01-23 21:00:00,0.50861,0.50999,0.50562,0.50941,1013687.0
2024-01-23 22:00:00,0.50941,0.51619,0.5093,0.51467,1776416.0
2024-01-23 23:00:00,0.51467,0.51883,0.5145,0.51787,1601182.0
2024-01-24 00:00:00,0.51787,0.51877,0.51481,0.51738,2617492.0
2024-01-24 01:00:00,0.51738,0.5174,0.5126,0.51271,2440480.0
2024-01-24 02:00:00,0.51271,0.5147,0.5125,0.51371,614254.0
2024-01-24 03:00:00,0.51371,0.51507,0.5132,0.51401,1210053.0
2024-01-24 04:00:00,0.51401,0.51609,0.51341,0.51534,2244810.0
2024-01-24 05:00:00,0.51534,0.51719,0.51365,0.51446,1630365.0
2024-01-24 06:00:00,0.51446,0.51557,0.5109,0.51359,3350455.0
2024-01-24 07:00:00,0.51359,0.51629,0.51228,0.51521,2149635.0
2024-01-24 08:00:00,0.51521,0.51546,0.5111,0.51392,2733970.0
2024-01-24 09:00:00,0.51392,0.5156,0.51302,0.51434,1259828.0
2024-01-24 10:00:00,0.51434,0.51897,0.5133,0.51676,2529789.0
2024-01-24 11:00:00,0.51676,0.51789,0.51511,0.51645,1708137.0
2024-01-24 12:00:00,0.51645,0.5178,0.51524,0.51566,2238339.0
2024-01-24 13:00:00,0.51566,0.516,0.5119,0.51359,3264857.0
2024-01-24 14:00:00,0.51359,0.51652,0.51244,0.51396,2371450.0
2024-01-24 15:00:00,0.51396,0.51671,0.51297,0.51574,5936408.0
2024-01-24 16:00:00,0.51574,0.51743,0.5141,0.51714,4406052.0
2024-01-24 17:00:00,0.51714,0.51727,0.51505,0.51641,1062461.0
2024-01-24 18:00:00,0.51641,0.51649,0.51154,0.51435,2338746.0
2024-01-24 19:00:00,0.51435,0.51485,0.51269,0.51449,1269175.0
2024-01-24 20:00:00,0.51449,0.51609,0.51247,0.51352,1327333.0
2024-01-24 21:00:00,0.51352,0.51545,0.51301,0.51528,742131.0
2024-01-24 22:00:00,0.51528,0.5172,0.51472,0.51594,672977.0
2024-01-24 23:00:00,0.51594,0.51884,0.51592,0.51775,1785383.0
2024-01-25 00:00:00,0.51775,0.51789,0.51391,0.51528,1817560.0
2024-01-25 01:00:00,0.51528,0.51559,0.51391,0.51419,753619.0
2024-01-25 02:00:00,0.51419,0.51538,0.51368,0.51409,624081.0
2024-01-25 03:00:00,0.51409,0.51569,0.51378,0.515,579606.0
2024-01-25 04:00:00,0.515,0.51537,0.51419,0.51478,685484.0
2024-01-25 05:00:00,0.51478,0.51492,0.51022,0.51059,4476714.0
2024-01-25 06:00:00,0.51059,0.51149,0.50898,0.51099,4012428.0
2024-01-25 07:00:00,0.51099,0.51426,0.50998,0.51349,2710203.0
2024-01-25 08:00:00,0.51349,0.51429,0.51059,0.51118,1036498.0
2024-01-25 09:00:00,0.51118,0.51279,0.51059,0.51126,960648.0
2024-01-25 10:00:00,0.51126,0.51299,0.50981,0.51279,1516214.0
2024-01-25 11:00:00,0.51279,0.51368,0.51168,0.5119,1711698.0
2024-01-25 12:00:00,0.5119,0.51267,0.50622,0.508,4045576.0
2024-01-25 13:00:00,0.508,0.5094,0.50619,0.508,2809688.0
2024-01-25 14:00:00,0.508,0.50999,0.50689,0.50878,1681679.0
2024-01-25 15:00:00,0.50878,0.50912,0.50532,0.50689,3275380.0
2024-01-25 16:00:00,0.50689,0.50791,0.50556,0.50653,2987086.0
2024-01-25 17:00:00,0.50653,0.50815,0.5036,0.50803,3259729.0
2024-01-25 18:00:00,0.50803,0.51271,0.50803,0.51167,2738649.0
2024-01-25 19:00:00,0.51167,0.51465,0.51082,0.51378,1734169.0
2024-01-25 20:00:00,0.51378,0.51378,0.51135,0.51328,1602528.0
2024-01-25 21:00:00,0.51328,0.51439,0.50889,0.51335,2772221.0
2024-01-25 22:00:00,0.51335,0.51472,0.51281,0.51468,1143241.0
2024-01-25 23:00:00,0.51468,0.51539,0.51309,0.51342,709062.0
2024-01-26 00:00:00,0.51342,0.51356,0.50927,0.51038,2053553.0
2024-01-26 01:00:00,0.51038,0.51188,0.50814,0.51138,1825202.0
2024-01-26 02:00:00,0.51138,0.51353,0.51117,0.51271,1280397.0
2024-01-26 03:00:00,0.51271,0.51339,0.5124,0.51287,962804.0
2024-01-26 04:00:00,0.51287,0.51471,0.51287,0.5136,821435.0
2024-01-26 05:00:00,0.5136,0.51397,0.51242,0.51269,1203690.0
2024-01-26 06:00:00,0.51269,0.51458,0.51146,0.51189,2289250.0
2024-01-26 07:00:00,0.51189,0.51269,0.50965,0.51105,2511456.0
2024-01-26 08:00:00,0.51105,0.51319,0.51051,0.51282,1231414.0
2024-01-26 09:00:00,0.51282,0.51536,0.51278,0.51328,1691592.0
2024-01-26 10:00:00,0.51328,0.51759,0.51322,0.51738,2262911.0
2024-01-26 11:00:00,0.51738,0.5225,0.51737,0.5207,5401876.0
2024-01-26 12:00:00,0.5207,0.52138,0.51839,0.51951,2927342.0
2024-01-26 13:00:00,0.51951,0.5203,0.51647,0.51754,1729993.0
2024-01-26 14:00:00,0.51754,0.52061,0.51741,0.52041,2089353.0
2024-01-26 15:00:00,0.52041,0.5211,0.5191,0.52105,1008419.0
2024-01-26 16:00:00,0.52105,0.52551,0.52091,0.5246,4414018.0
2024-01-26 17:00:00,0.5246,0.52561,0.5233,0.52442,2819916.0
2024-01-26 18:00:00,0.52442,0.53602,0.52442,0.53248,10330797.0
2024-01-26 19:00:00,0.53248,0.5342,0.5304,0.5319,1555356.0
2024-01-26 20:00:00,0.5319,0.53329,0.52917,0.5301,1884208.0
2024-01-26 21:00:00,0.5301,0.5323,0.529,0.532,1262178.0
2024-01-26 22:00:00,0.532,0.534,0.53086,0.53169,3204513.0
2024-01-26 23:00:00,0.53169,0.5323,0.53038,0.5318,1275862.0
2024-01-27 00:00:00,0.5318,0.53252,0.52955,0.5308,1485046.0
2024-01-27 01:00:00,0.5308,0.5313,0.5295,0.5308,1362876.0
2024-01-27 02:00:00,0.5308,0.5342,0.5306,0.53212,1887868.0
2024-01-27 03:00:00,0.53212,0.5332,0.53168,0.53227,1397644.0
2024-01-27 04:00:00,0.53227,0.53381,0.532,0.53364,910830.0
2024-01-27 05:00:00,0.53364,0.53441,0.53057,0.53116,1616008.0
2024-01-27 06:00:00,0.53116,0.5319,0.52958,0.53004,996716.0
2024-01-27 07:00:00,0.53004,0.53019,0.52746,0.52841,2636974.0
2024-01-27 08:00:00,0.52841,0.52871,0.52635,0.52669,2506838.0
2024-01-27 09:00:00,0.52669,0.5294,0.52604,0.52899,1139092.0
2024-01-27 10:00:00,0.52899,0.52971,0.5282,0.52861,691745.0
2024-01-27 11:00:00,0.52861,0.52981,0.52806,0.52957,617689.0
2024-01-27 12:00:00,0.52957,0.5315,0.52892,0.53126,1472643.0
2024-01-27 13:00:00,0.53126,0.53127,0.52878,0.52901,1141739.0
2024-01-27 14:00:00,0.52901,0.53,0.52857,0.5292,762211.0
2024-01-27 15:00:00,0.5292,0.53059,0.52885,0.52956,617364.0
2024-01-27 16:00:00,0.52956,0.531,0.52836,0.52865,879634.0
2024-01-27 17:00:00,0.52865,0.52958,0.52796,0.52877,906115.0
2024-01-27 18:00:00,0.52877,0.52956,0.5281,0.52834,395320.0
2024-01-27 19:00:00,0.52834,0.5302,0.5282,0.52968,737101.0
2024-01-27 20:00:00,0.52968,0.5307,0.52947,0.53006,922345.0
2024-01-27 21:00:00,0.53006,0.53064,0.52922,0.53061,601744.0
2024-01-27 22:00:00,0.53061,0.53193,0.53,0.53015,1004614.0
2024-01-27 23:00:00,0.53015,0.53039,0.52928,0.52999,594177.0
2024-01-28 00:00:00,0.52999,0.53,0.5286,0.52953,591012.0
2024-01-28 01:00:00,0.52953,0.53205,0.52953,0.5304,1179777.0
2024-01-28 02:00:00,0.5304,0.53135,0.5301,0.53039,655058.0
2024-01-28 03:00:00,0.53039,0.5329,0.53021,0.53274,1133485.0
2024-01-28 04:00:00,0.53274,0.53432,0.53161,0.53422,2136480.0
2024-01-28 05:00:00,0.53422,0.53489,0.53127,0.53177,1986717.0
2024-01-28 06:00:00,0.53177,0.5321,0.53077,0.53177,1331333.0
2024-01-28 07:00:00,0.53177,0.53218,0.52969,0.53004,1581018.0
2024-01-28 08:00:00,0.53004,0.53226,0.5296,0.53152,1060758.0
2024-01-28 09:00:00,0.53152,0.53298,0.53106,0.5322,1287887.0
2024-01-28 10:00:00,0.5322,0.53275,0.53118,0.532,777665.0
2024-01-28 11:00:00,0.532,0.53218,0.52942,0.52999,2106766.0
2024-01-28 12:00:00,0.52999,0.53018,0.52768,0.52958,2207768.0
2024-01-28 13:00:00,0.52958,0.52992,0.52861,0.52979,1152720.0
2024-01-28 14:00:00,0.52979,0.53077,0.528,0.52823,1215723.0
2024-01-28 15:00:00,0.52823,0.52981,0.5278,0.5291,632999.0
2024-01-28 16:00:00,0.5291,0.53019,0.5287,0.53007,1956941.0
2024-01-28 17:00:00,0.53007,0.53007,0.52821,0.52942,1503987.0
2024-01-28 18:00:00,0.52942,0.52969,0.5256,0.526,2287382.0
2024-01-28 19:00:00,0.526,0.52667,0.52128,0.52357,3586114.0
2024-01-28 20:00:00,0.52357,0.52559,0.52068,0.5253,2544535.0
2024-01-28 21:00:00,0.5253,0.52672,0.52449,0.52614,1615933.0
2024-01-28 22:00:00,0.52614,0.52614,0.52125,0.52314,2082507.0
2024-01-28 23:00:00,0.52314,0.52439,0.5208,0.52371,1475960.0
2024-01-29 00:00:00,0.52371,0.52407,0.5211,0.52163,1839830.0
2024-01-29 01:00:00,0.52163,0.52578,0.5216,0.52413,1183598.0
2024-01-29 02:00:00,0.52413,0.5265,0.52413,0.52547,1025026.0
2024-01-29 03:00:00,0.52547,0.5289,0.52547,0.52788,1452050.0
2024-01-29 04:00:00,0.52788,0.52887,0.52704,0.528,1318334.0
2024-01-29 05:00:00,0.528,0.5288,0.5259,0.52665,1472515.0
2024-01-29 06:00:00,0.52665,0.52756,0.52471,0.52543,2333632.0
2024-01-29 07:00:00,0.52543,0.52665,0.5237,0.52453,2943860.0
2024-01-29 08:00:00,0.52453,0.52487,0.5212,0.52207,4122672.0
2024-01-29 09:00:00,0.52207,0.52696,0.52068,0.52696,2330754.0
2024-01-29 10:00:00,0.52696,0.52847,0.52633,0.52716,3077845.0
2024-01-29 11:00:00,0.52716,0.52723,0.5249,0.52549,1684572.0
2024-01-29 12:00:00,0.52549,0.52676,0.52333,0.52456,3746083.0
2024-01-29 13:00:00,0.52456,0.52473,0.5205,0.52204,4553092.0
2024-01-29 14:00:00,0.52204,0.52367,0.51872,0.52155,4760494.0
2024-01-29 15:00:00,0.52155,0.52708,0.52067,0.52696,3233218.0
2024-01-29 16:00:00,0.52696,0.53167,0.52489,0.53082,5841326.0
2024-01-29 17:00:00,0.53082,0.53794,0.52949,0.53322,8613555.0
2024-01-29 18:00:00,0.53322,0.53737,0.53298,0.53475,2702617.0
2024-01-29 19:00:00,0.53475,0.5371,0.53458,0.53498,4117182.0
2024-01-29 20:00:00,0.53498,0.53849,0.53498,0.53848,2641178.0
2024-01-29 21:00:00,0.53848,0.53849,0.53632,0.53727,1154560.0
2024-01-29 22:00:00,0.53727,0.53952,0.5351,0.53577,3538835.0
2024-01-29 23:00:00,0.53577,0.53597,0.5343,0.53465,1032072.0
2024-01-30 00:00:00,0.53465,0.5347,0.53305,0.53389,1319561.0
2024-01-30 01:00:00,0.53389,0.5373,0.53379,0.53584,2894431.0
2024-01-30 02:00:00,0.53584,0.53878,0.53574,0.53701,1734001.0
2024-01-30 03:00:00,0.53701,0.53737,0.53571,0.53695,817550.0
2024-01-30 04:00:00,0.53695,0.53758,0.53502,0.53558,1689344.0
2024-01-30 05:00:00,0.53558,0.53578,0.53345,0.53355,883765.0
2024-01-30 06:00:00,0.53355,0.53364,0.53067,0.5319,3597339.0
2024-01-30 07:00:00,0.5319,0.53458,0.53141,0.53382,2658002.0
2024-01-30 08:00:00,0.53382,0.53394,0.53067,0.53138,2343544.0
2024-01-30 09:00:00,0.53138,0.53421,0.53106,0.53237,2473159.0
2024-01-30 10:00:00,0.53237,0.53438,0.53186,0.53403,1194009.0
2024-01-30 11:00:00,0.53403,0.53418,0.53281,0.53353,1044596.0
2024-01-30 12:00:00,0.53353,0.53534,0.52813,0.5293,3815781.0
2024-01-30 13:00:00,0.5293,0.52979,0.52267,0.52601,6951265.0
2024-01-30 14:00:00,0.52601,0.5267,0.52361,0.5247,4105934.0
2024-01-30 15:00:00,0.5247,0.5273,0.52348,0.52559,4167719.0
2024-01-30 16:00:00,0.52559,0.5281,0.52234,0.52649,3991303.0
2024-01-30 17:00:00,0.52649,0.529,0.52403,0.52425,5027365.0
2024-01-30 18:00:00,0.52425,0.5246,0.52067,0.5225,7726655.0
2024-01-30 19:00:00,0.5225,0.5228,0.51385,0.5142,11900275.0
2024-01-30 20:00:00,0.5142,0.516,0.51045,0.5121,8925430.0
2024-01-30 21:00:00,0.5121,0.5128,0.50682,0.51185,11208631.0
2024-01-30 22:00:00,0.51185,0.5126,0.50778,0.50933,5984786.0
2024-01-30 23:00:00,0.50933,0.5113,0.50803,0.51039,3680108.0
2024-01-31 00:00:00,0.51039,0.51048,0.5016,0.50877,10104533.0
2024-01-31 01:00:00,0.50877,0.50962,0.50395,0.50798,3170846.0
2024-01-31 02:00:00,0.50798,0.5096,0.50685,0.50944,1883215.0
2024-01-31 03:00:00,0.50944,0.51063,0.50831,0.51029,1395779.0
2024-01-31 04:00:00,0.51029,0.51223,0.50949,0.5114,3039185.0
2024-01-31 05:00:00,0.5114,0.51173,0.50983,0.51153,2257682.0
2024-01-31 06:00:00,0.51153,0.51413,0.51048,0.51103,3767323.0
2024-01-31 07:00:00,0.51103,0.51263,0.50954,0.5108,1493735.0
2024-01-31 08:00:00,0.5108,0.51082,0.50821,0.50961,3554700.0
2024-01-31 09:00:00,0.50961,0.51182,0.5055,0.50583,6623968.0
2024-01-31 10:00:00,0.50583,0.50674,0.50084,0.50204,10429264.0
2024-01-31 11:00:00,0.50204,0.50704,0.5014,0.50689,4063249.0
2024-01-31 12:00:00,0.50689,0.507,0.50515,0.50694,1578313.0
2024-01-31 13:00:00,0.50694,0.50777,0.50436,0.50506,3358188.0
2024-01-31 14:00:00,0.50506,0.50925,0.48437,0.50457,41861456.0
2024-01-31 15:00:00,0.50457,0.50943,0.49906,0.50829,16170383.0
2024-01-31 16:00:00,0.50829,0.5107,0.50724,0.50979,4676699.0
2024-01-31 17:00:00,0.50979,0.51338,0.50659,0.51293,4303605.0
2024-01-31 18:00:00,0.51293,0.51312,0.51009,0.51185,2235129.0
2024-01-31 19:00:00,0.51185,0.51343,0.50759,0.51048,3540145.0
2024-01-31 20:00:00,0.51048,0.51075,0.50423,0.50504,3851276.0
2024-01-31 21:00:00,0.50504,0.50717,0.49981,0.5036,5804865.0
2024-01-31 22:00:00,0.5036,0.50368,0.49872,0.50171,4560862.0
2024-01-31 23:00:00,0.50171,0.5035,0.50105,0.50305,1017427.0
2024-02-01 00:00:00,0.50305,0.504,0.4991,0.50023,3174478.0
2024-02-01 01:00:00,0.50023,0.50034,0.49113,0.49355,11885322.0
2024-02-01 02:00:00,0.49355,0.49794,0.49311,0.49738,3078798.0
2024-02-01 03:00:00,0.49738,0.49813,0.4956,0.49747,1188507.0
2024-02-01 04:00:00,0.49747,0.49859,0.49558,0.49611,1954726.0
2024-02-01 05:00:00,0.49611,0.49713,0.49516,0.49564,1286252.0
2024-02-01 06:00:00,0.49564,0.49579,0.49145,0.49378,6614765.0
2024-02-01 07:00:00,0.49378,0.49378,0.49156,0.49256,3119384.0
2024-02-01 08:00:00,0.49256,0.49369,0.49,0.49298,5198803.0
2024-02-01 09:00:00,0.49298,0.49597,0.49297,0.49541,2217492.0
2024-02-01 10:00:00,0.49541,0.49708,0.49389,0.49389,1826321.0
2024-02-01 11:00:00,0.49389,0.49506,0.49226,0.4925,2200823.0
2024-02-01 12:00:00,0.4925,0.4951,0.4925,0.49428,2275909.0
2024-02-01 13:00:00,0.49428,0.4958,0.49276,0.49558,1751681.0
2024-02-01 14:00:00,0.49558,0.49982,0.49504,0.49923,5772865.0
2024-02-01 15:00:00,0.49923,0.50219,0.49898,0.49899,4476265.0
2024-02-01 16:00:00,0.49899,0.50044,0.49702,0.5,4321674.0
2024-02-01 17:00:00,0.5,0.50669,0.49987,0.50574,6872931.0
2024-02-01 18:00:00,0.50574,0.50597,0.5035,0.50463,1524284.0
2024-02-01 19:00:00,0.50463,0.51026,0.50463,0.50897,2671136.0
2024-02-01 20:00:00,0.50897,0.50905,0.5068,0.50715,1764979.0
2024-02-01 21:00:00,0.50715,0.50904,0.5068,0.50856,1168535.0
2024-02-01 22:00:00,0.50856,0.50859,0.50332,0.5052,2667258.0
2024-02-01 23:00:00,0.5052,0.50598,0.5041,0.50545,880647.0
2024-02-02 00:00:00,0.50545,0.5071,0.50443,0.50451,1872997.0
2024-02-02 01:00:00,0.50451,0.50619,0.5039,0.50421,1184271.0
2024-02-02 02:00:00,0.50421,0.50659,0.5035,0.50628,1709354.0
2024-02-02 03:00:00,0.50628,0.5073,0.50519,0.50552,933117.0
2024-02-02 04:00:00,0.50552,0.50683,0.50507,0.50594,735219.0
2024-02-02 05:00:00,0.50594,0.50653,0.50436,0.50609,1500503.0
2024-02-02 06:00:00,0.50609,0.50613,0.50301,0.50439,3265036.0
2024-02-02 07:00:00,0.50439,0.50713,0.50435,0.50631,1383313.0
2024-02-02 08:00:00,0.50631,0.50667,0.50366,0.50445,1539901.0
2024-02-02 09:00:00,0.50445,0.50469,0.50266,0.5036,1686119.0
2024-02-02 10:00:00,0.5036,0.50603,0.50266,0.50491,2126636.0
2024-02-02 11:00:00,0.50491,0.5056,0.50318,0.50423,2168551.0
2024-02-02 12:00:00,0.50423,0.50478,0.50308,0.50343,1999418.0
2024-02-02 13:00:00,0.50343,0.50363,0.49816,0.49993,7781080.0
2024-02-02 14:00:00,0.49993,0.50159,0.49871,0.49958,2794892.0
2024-02-02 15:00:00,0.49958,0.5039,0.49952,0.50265,2642365.0
2024-02-02 16:00:00,0.50265,0.50436,0.50171,0.50232,1993618.0
2024-02-02 17:00:00,0.50232,0.5061,0.50202,0.5023,3226272.0
2024-02-02 18:00:00,0.5023,0.5033,0.5003,0.50298,1963251.0
2024-02-02 19:00:00,0.50298,0.50449,0.50177,0.50383,724738.0
2024-02-02 20:00:00,0.50383,0.50503,0.5036,0.50449,719739.0
2024-02-02 21:00:00,0.50449,0.50823,0.50449,0.50729,1227829.0
2024-02-02 22:00:00,0.50729,0.51374,0.50728,0.51037,8332971.0
2024-02-02 23:00:00,0.51037,0.51101,0.50836,0.50996,1718122.0
2024-02-03 00:00:00,0.50996,0.51027,0.5072,0.5078,1979349.0
2024-02-03 01:00:00,0.5078,0.5091,0.50628,0.50728,1667036.0
2024-02-03 02:00:00,0.50728,0.50748,0.5056,0.506,1504442.0
2024-02-03 03:00:00,0.506,0.50745,0.50576,0.50719,1941696.0
2024-02-03 04:00:00,0.50719,0.50772,0.50681,0.50727,1163848.0
2024-02-03 05:00:00,0.50727,0.50769,0.50624,0.50741,778418.0
2024-02-03 06:00:00,0.50741,0.50763,0.50644,0.50699,893458.0
2024-02-03 07:00:00,0.50699,0.50866,0.50611,0.50732,1727382.0
2024-02-03 08:00:00,0.50732,0.5085,0.50704,0.5072,1535143.0
2024-02-03 09:00:00,0.5072,0.50949,0.5072,0.50877,1517622.0
2024-02-03 10:00:00,0.50877,0.5246,0.50847,0.5183,28435987.0
2024-02-03 11:00:00,0.5183,0.5265,0.51699,0.52126,19114043.0
2024-02-03 12:00:00,0.52126,0.52591,0.51933,0.52308,7849976.0
2024-02-03 13:00:00,0.52308,0.52333,0.51848,0.51861,7892852.0
2024-02-03 14:00:00,0.51861,0.52161,0.5185,0.52058,4869630.0
2024-02-03 15:00:00,0.52058,0.52111,0.51569,0.5196,8052322.0
2024-02-03 16:00:00,0.5196,0.52108,0.51745,0.51772,2506622.0
2024-02-03 17:00:00,0.51772,0.52043,0.51739,0.51918,2798101.0
2024-02-03 18:00:00,0.51918,0.51933,0.5169,0.51726,2053608.0
2024-02-03 19:00:00,0.51726,0.52149,0.51711,0.5207,1887986.0
2024-02-03 20:00:00,0.5207,0.52071,0.51807,0.51863,2390909.0
2024-02-03 21:00:00,0.51863,0.52033,0.51771,0.51983,1578225.0
2024-02-03 22:00:00,0.51983,0.52093,0.51926,0.52013,745707.0
2024-02-03 23:00:00,0.52013,0.52199,0.51826,0.51832,2028563.0
2024-02-04 00:00:00,0.51832,0.51873,0.51476,0.51689,5791392.0
2024-02-04 01:00:00,0.51689,0.51816,0.51524,0.51808,1936960.0
2024-02-04 02:00:00,0.51808,0.5189,0.51714,0.51742,2179696.0
2024-02-04 03:00:00,0.51742,0.51851,0.51694,0.5173,1477919.0
2024-02-04 04:00:00,0.5173,0.51743,0.51374,0.51502,3358310.0
2024-02-04 05:00:00,0.51502,0.5158,0.51236,0.51278,3826194.0
2024-02-04 06:00:00,0.51278,0.5143,0.5107,0.51099,3911409.0
2024-02-04 07:00:00,0.51099,0.51183,0.50835,0.5097,3909927.0
2024-02-04 08:00:00,0.5097,0.51259,0.5091,0.51153,2796489.0
2024-02-04 09:00:00,0.51153,0.5134,0.51024,0.51219,2595431.0
2024-02-04 10:00:00,0.51219,0.51238,0.51027,0.51212,2487776.0
2024-02-04 11:00:00,0.51212,0.51393,0.5121,0.51254,1248410.0
2024-02-04 12:00:00,0.51254,0.5136,0.51174,0.512,1096338.0
2024-02-04 13:00:00,0.512,0.51261,0.51055,0.51153,1380988.0
2024-02-04 14:00:00,0.51153,0.5131,0.51027,0.51119,2515746.0
2024-02-04 15:00:00,0.51119,0.51196,0.50938,0.51038,1881236.0
2024-02-04 16:00:00,0.51038,0.51117,0.50905,0.51028,1644829.0
2024-02-04 17:00:00,0.51028,0.51243,0.50974,0.51146,1597542.0
2024-02-04 18:00:00,0.51146,0.51213,0.50734,0.50843,2126487.0
2024-02-04 19:00:00,0.50843,0.50884,0.50304,0.50638,4416864.0
2024-02-04 20:00:00,0.50638,0.50869,0.50485,0.50815,1871217.0
2024-02-04 21:00:00,0.50815,0.50954,0.50716,0.50735,1391596.0
2024-02-04 22:00:00,0.50735,0.50809,0.4995,0.5035,5436906.0
2024-02-04 23:00:00,0.5035,0.50399,0.50221,0.50283,1692555.0
2024-02-05 00:00:00,0.50283,0.50465,0.50069,0.5015,3419689.0
2024-02-05 01:00:00,0.5015,0.5015,0.49545,0.50041,11135923.0
2024-02-05 02:00:00,0.50041,0.50281,0.5,0.50218,2383207.0
2024-02-05 03:00:00,0.50218,0.5058,0.50191,0.50556,3434415.0
2024-02-05 04:00:00,0.50556,0.50597,0.50398,0.50455,2964425.0
2024-02-05 05:00:00,0.50455,0.50461,0.50275,0.50337,2349726.0
2024-02-05 06:00:00,0.50337,0.50492,0.50295,0.50491,2023302.0
2024-02-05 07:00:00,0.50491,0.5054,0.50288,0.50411,4049998.0
2024-02-05 08:00:00,0.50411,0.50561,0.5026,0.50273,2263686.0
2024-02-05 09:00:00,0.50273,0.50501,0.50189,0.50423,3015586.0
2024-02-05 10:00:00,0.50423,0.50716,0.50423,0.50468,5456845.0
2024-02-05 11:00:00,0.50468,0.507,0.50382,0.5054,2681274.0
2024-02-05 12:00:00,0.5054,0.50621,0.50408,0.50612,2205612.0
2024-02-05 13:00:00,0.50612,0.5081,0.50548,0.50752,3356898.0
2024-02-05 14:00:00,0.50752,0.50861,0.50569,0.5063,2731469.0
2024-02-05 15:00:00,0.5063,0.5063,0.50016,0.50221,6865020.0
2024-02-05 16:00:00,0.50221,0.50582,0.50194,0.50571,3494002.0
2024-02-05 17:00:00,0.50571,0.51388,0.50488,0.5086,10746722.0
2024-02-05 18:00:00,0.5086,0.50917,0.50668,0.50752,2292142.0
2024-02-05 19:00:00,0.50752,0.5096,0.50736,0.50959,1057987.0
2024-02-05 20:00:00,0.50959,0.5098,0.50404,0.50747,2665335.0
2024-02-05 21:00:00,0.50747,0.50861,0.50607,0.50656,1147696.0
2024-02-05 22:00:00,0.50656,0.50742,0.50419,0.50742,2109396.0
2024-02-05 23:00:00,0.50742,0.50748,0.50445,0.50637,3659778.0
2024-02-06 00:00:00,0.50637,0.5064,0.5043,0.505,1384837.0
2024-02-06 01:00:00,0.505,0.507,0.504,0.50609,1514074.0
2024-02-06 02:00:00,0.50609,0.50779,0.50574,0.5075,1234579.0
2024-02-06 03:00:00,0.5075,0.50813,0.5058,0.50653,1187138.0
2024-02-06 04:00:00,0.50653,0.50741,0.50538,0.50589,1904932.0
2024-02-06 05:00:00,0.50589,0.50589,0.50412,0.50431,1271332.0
2024-02-06 06:00:00,0.50431,0.505,0.50143,0.50251,3478849.0
2024-02-06 07:00:00,0.50251,0.5041,0.5024,0.50377,1671023.0
2024-02-06 08:00:00,0.50377,0.50411,0.50208,0.50341,4985500.0
2024-02-06 09:00:00,0.50341,0.50391,0.502,0.50233,2899689.0
2024-02-06 10:00:00,0.50233,0.50516,0.49956,0.50242,9329911.0
2024-02-06 11:00:00,0.50242,0.5035,0.50038,0.50098,2507774.0
2024-02-06 12:00:00,0.50098,0.50219,0.49743,0.50071,4342107.0
2024-02-06 13:00:00,0.50071,0.50221,0.4992,0.50055,2212797.0
2024-02-06 14:00:00,0.50055,0.50312,0.50051,0.50114,2129593.0
2024-02-06 15:00:00,0.50114,0.50511,0.49977,0.5039,4609031.0
2024-02-06 16:00:00,0.5039,0.50587,0.50237,0.50343,3006665.0
2024-02-06 17:00:00,0.50343,0.5049,0.5033,0.50406,1126645.0
2024-02-06 18:00:00,0.50406,0.507,0.50381,0.50699,2253976.0
2024-02-06 19:00:00,0.50699,0.50964,0.50654,0.50955,2408290.0
2024-02-06 20:00:00,0.50955,0.5107,0.50857,0.5091,1718474.0
2024-02-06 21:00:00,0.5091,0.51008,0.50822,0.50912,1656871.0
2024-02-06 22:00:00,0.50912,0.50951,0.50657,0.50738,2037128.0
2024-02-06 23:00:00,0.50738,0.50755,0.50448,0.5047,1670917.0
2024-02-07 00:00:00,0.5047,0.505,0.50273,0.50305,3026861.0
2024-02-07 01:00:00,0.50305,0.50601,0.50268,0.50493,1475160.0
2024-02-07 02:00:00,0.50493,0.50541,0.5038,0.5048,1225901.0
2024-02-07 03:00:00,0.5048,0.5052,0.50289,0.50331,1307859.0
2024-02-07 04:00:00,0.50331,0.50469,0.50251,0.5037,1645721.0
2024-02-07 05:00:00,0.5037,0.50486,0.50228,0.50269,2694356.0
2024-02-07 06:00:00,0.50269,0.50341,0.49938,0.50111,4664235.0
2024-02-07 07:00:00,0.50111,0.502,0.50003,0.50091,1342027.0
2024-02-07 08:00:00,0.50091,0.50131,0.49923,0.50002,2111487.0
2024-02-07 09:00:00,0.50002,0.50361,0.4993,0.50287,5212993.0
2024-02-07 10:00:00,0.50287,0.50288,0.49948,0.5004,1735366.0
2024-02-07 11:00:00,0.5004,0.50198,0.5004,0.50178,1136147.0
2024-02-07 12:00:00,0.50178,0.50281,0.50118,0.50275,1293118.0
2024-02-07 13:00:00,0.50275,0.50331,0.50138,0.50327,2029477.0
2024-02-07 14:00:00,0.50327,0.50432,0.50108,0.50221,2281827.0
2024-02-07 15:00:00,0.50221,0.50421,0.5011,0.50313,2428363.0
2024-02-07 16:00:00,0.50313,0.50491,0.50254,0.50485,1460860.0
2024-02-07 17:00:00,0.50485,0.50855,0.50479,0.50701,3426285.0
2024-02-07 18:00:00,0.50701,0.51,0.50668,0.5088,2716715.0
2024-02-07 19:00:00,0.5088,0.50956,0.50632,0.5088,1479442.0
2024-02-07 20:00:00,0.5088,0.51293,0.50871,0.51224,2814389.0
2024-02-07 21:00:00,0.51224,0.51419,0.51186,0.51264,1952583.0
2024-02-07 22:00:00,0.51264,0.51513,0.51117,0.51178,2467396.0
2024-02-07 23:00:00,0.51178,0.5138,0.51172,0.5134,1695821.0
2024-02-08 00:00:00,0.5134,0.515,0.51219,0.51461,2262341.0
2024-02-08 01:00:00,0.51461,0.51476,0.51063,0.51177,2959198.0
2024-02-08 02:00:00,0.51177,0.51807,0.51071,0.51562,2854360.0
2024-02-08 03:00:00,0.51562,0.5176,0.51207,0.51342,2141858.0
2024-02-08 04:00:00,0.51342,0.51484,0.51218,0.5132,2826825.0
2024-02-08 05:00:00,0.5132,0.51457,0.51084,0.51111,1895211.0
2024-02-08 06:00:00,0.51111,0.51142,0.50988,0.51078,2195307.0
2024-02-08 07:00:00,0.51078,0.51283,0.51072,0.51199,1140846.0
2024-02-08 08:00:00,0.51199,0.51349,0.5116,0.51278,3427800.0
2024-02-08 09:00:00,0.51278,0.51729,0.51211,0.51606,3038714.0
2024-02-08 10:00:00,0.51606,0.51659,0.51428,0.51449,1919315.0
2024-02-08 11:00:00,0.51449,0.51549,0.51195,0.51305,2506668.0
2024-02-08 12:00:00,0.51305,0.51436,0.51162,0.51216,1346155.0
2024-02-08 13:00:00,0.51216,0.5145,0.51155,0.51432,1376481.0
2024-02-08 14:00:00,0.51432,0.5182,0.51365,0.51555,3429540.0
2024-02-08 15:00:00,0.51555,0.51894,0.51369,0.51688,6233691.0
2024-02-08 16:00:00,0.51688,0.51693,0.51087,0.51276,4408334.0
2024-02-08 17:00:00,0.51276,0.51543,0.51147,0.5147,2543144.0
2024-02-08 18:00:00,0.5147,0.51805,0.51453,0.51642,1973324.0
2024-02-08 19:00:00,0.51642,0.51707,0.51471,0.51471,1373421.0
2024-02-08 20:00:00,0.51471,0.51703,0.51471,0.5159,1339224.0
2024-02-08 21:00:00,0.5159,0.51684,0.51497,0.51552,986807.0
2024-02-08 22:00:00,0.51552,0.51637,0.51293,0.514,1462921.0
2024-02-08 23:00:00,0.514,0.51448,0.51277,0.51428,2708761.0
2024-02-09 00:00:00,0.51428,0.51473,0.51367,0.51473,866200.0
2024-02-09 01:00:00,0.51473,0.516,0.5142,0.51587,971679.0
2024-02-09 02:00:00,0.51587,0.5197,0.51564,0.51961,2365020.0
2024-02-09 03:00:00,0.51961,0.5202,0.51793,0.51835,2833412.0
2024-02-09 04:00:00,0.51835,0.51919,0.51721,0.51828,1507931.0
2024-02-09 05:00:00,0.51828,0.51883,0.51737,0.51799,1475695.0
2024-02-09 06:00:00,0.51799,0.51802,0.515,0.51669,2388869.0
2024-02-09 07:00:00,0.51669,0.51803,0.51609,0.51707,1352307.0
2024-02-09 08:00:00,0.51707,0.52125,0.51629,0.52124,2626057.0
2024-02-09 09:00:00,0.52124,0.52246,0.5189,0.52246,3888565.0
2024-02-09 10:00:00,0.52246,0.523,0.5209,0.52227,2228158.0
2024-02-09 11:00:00,0.52227,0.526,0.52011,0.52443,4803177.0
2024-02-09 12:00:00,0.52443,0.526,0.52267,0.52329,7359655.0
2024-02-09 13:00:00,0.52329,0.5246,0.5223,0.52367,5272569.0
2024-02-09 14:00:00,0.52367,0.524,0.51717,0.52034,7193292.0
2024-02-09 15:00:00,0.52034,0.5219,0.51887,0.52097,2453714.0
2024-02-09 16:00:00,0.52097,0.5223,0.51923,0.51981,3295571.0
2024-02-09 17:00:00,0.51981,0.5236,0.51927,0.52336,1688602.0
2024-02-09 18:00:00,0.52336,0.52621,0.52258,0.52491,3040328.0
2024-02-09 19:00:00,0.52491,0.5257,0.52187,0.52551,2579864.0
2024-02-09 20:00:00,0.52551,0.52723,0.52352,0.5245,2620545.0
2024-02-09 21:00:00,0.5245,0.52791,0.52365,0.5275,1298068.0
2024-02-09 22:00:00,0.5275,0.52774,0.52342,0.52545,3791567.0
2024-02-09 23:00:00,0.52545,0.52664,0.52383,0.52568,1452961.0
2024-02-10 00:00:00,0.52568,0.5261,0.5235,0.5235,1036535.0
2024-02-10 01:00:00,0.5235,0.52579,0.52284,0.52566,1432288.0
2024-02-10 02:00:00,0.52566,0.52646,0.52504,0.52626,1066647.0
2024-02-10 03:00:00,0.52626,0.5279,0.52582,0.52698,1288662.0
2024-02-10 04:00:00,0.52698,0.52719,0.52485,0.52529,1114116.0
2024-02-10 05:00:00,0.52529,0.52538,0.5244,0.52463,1034436.0
2024-02-10 06:00:00,0.52463,0.52519,0.524,0.52412,1592595.0
2024-02-10 07:00:00,0.52412,0.52433,0.52302,0.52335,1582815.0
2024-02-10 08:00:00,0.52335,0.52519,0.52328,0.52332,1914205.0
2024-02-10 09:00:00,0.52332,0.52466,0.52178,0.52212,2274912.0
2024-02-10 10:00:00,0.52212,0.52269,0.51809,0.51949,5075243.0
2024-02-10 11:00:00,0.51949,0.52109,0.51883,0.52079,1910452.0
2024-02-10 12:00:00,0.52079,0.52163,0.51958,0.52023,1610736.0
2024-02-10 13:00:00,0.52023,0.52165,0.51898,0.52139,2403075.0
2024-02-10 14:00:00,0.52139,0.52219,0.52043,0.52109,1191910.0
2024-02-10 15:00:00,0.52109,0.52261,0.52065,0.52189,1234430.0
2024-02-10 16:00:00,0.52189,0.52339,0.52158,0.52305,1604583.0
2024-02-10 17:00:00,0.52305,0.5233,0.52105,0.52106,1606567.0
2024-02-10 18:00:00,0.52106,0.5223,0.52058,0.52166,1312069.0
2024-02-10 19:00:00,0.52166,0.52304,0.52108,0.52251,666764.0
2024-02-10 20:00:00,0.52251,0.52499,0.52209,0.52394,1240423.0
2024-02-10 21:00:00,0.52394,0.52545,0.52318,0.52469,839761.0
2024-02-10 22:00:00,0.52469,0.52472,0.52258,0.5238,1194626.0
2024-02-10 23:00:00,0.5238,0.52525,0.52291,0.5236,984641.0
2024-02-11 00:00:00,0.5236,0.52383,0.52131,0.52321,1492579.0
2024-02-11 01:00:00,0.52321,0.52348,0.522,0.52275,458335.0
2024-02-11 02:00:00,0.52275,0.52368,0.5223,0.52269,423575.0
2024-02-11 03:00:00,0.52269,0.52687,0.52253,0.52666,2558682.0
2024-02-11 04:00:00,0.52666,0.52878,0.52612,0.52672,4418827.0
2024-02-11 05:00:00,0.52672,0.528,0.52589,0.52708,2211449.0
2024-02-11 06:00:00,0.52708,0.52757,0.52617,0.52716,434389.0
2024-02-11 07:00:00,0.52716,0.52833,0.52716,0.52833,1119495.0
2024-02-11 08:00:00,0.52833,0.52888,0.5272,0.52851,1451490.0
2024-02-11 09:00:00,0.52851,0.5359,0.52819,0.53408,7520354.0
2024-02-11 10:00:00,0.53408,0.53408,0.53002,0.53304,4835562.0
2024-02-11 11:00:00,0.53304,0.53443,0.53173,0.53318,4499865.0
2024-02-11 12:00:00,0.53318,0.53348,0.53126,0.53174,1455414.0
2024-02-11 13:00:00,0.53174,0.53268,0.52904,0.52922,2115207.0
2024-02-11 14:00:00,0.52922,0.53043,0.5255,0.53038,4391255.0
2024-02-11 15:00:00,0.53038,0.53048,0.52803,0.52904,2249636.0
2024-02-11 16:00:00,0.52904,0.52926,0.52626,0.5274,1862455.0
2024-02-11 17:00:00,0.5274,0.52899,0.52739,0.52784,508659.0
2024-02-11 18:00:00,0.52784,0.52859,0.52424,0.52781,3706637.0
2024-02-11 19:00:00,0.52781,0.52969,0.52765,0.52887,1390289.0
2024-02-11 20:00:00,0.52887,0.52919,0.52308,0.52445,3402048.0
2024-02-11 21:00:00,0.52445,0.52548,0.52351,0.52479,1815594.0
2024-02-11 22:00:00,0.52479,0.52599,0.52387,0.52462,2049841.0
2024-02-11 23:00:00,0.52462,0.526,0.52431,0.526,387458.0
2024-02-12 00:00:00,0.526,0.52835,0.52523,0.52794,17528172.0
2024-02-12 01:00:00,0.52794,0.52852,0.52661,0.52794,3106178.0
2024-02-12 02:00:00,0.52794,0.52849,0.5182,0.52179,7353613.0
2024-02-12 03:00:00,0.52179,0.52399,0.52099,0.52292,1368570.0
2024-02-12 04:00:00,0.52292,0.52309,0.52038,0.52062,1819239.0
2024-02-12 05:00:00,0.52062,0.52244,0.51884,0.51989,1748510.0
2024-02-12 06:00:00,0.51989,0.51999,0.51455,0.51735,5790042.0
2024-02-12 07:00:00,0.51735,0.51959,0.51706,0.51924,2559214.0
2024-02-12 08:00:00,0.51924,0.52019,0.51738,0.51945,3405380.0
2024-02-12 09:00:00,0.51945,0.51999,0.51577,0.51707,3322700.0
2024-02-12 10:00:00,0.51707,0.51899,0.51621,0.51656,2306459.0
2024-02-12 11:00:00,0.51656,0.51791,0.51416,0.51791,3759832.0
2024-02-12 12:00:00,0.51791,0.51883,0.51685,0.51879,1791745.0
2024-02-12 13:00:00,0.51879,0.51899,0.5176,0.51788,1267888.0
2024-02-12 14:00:00,0.51788,0.52297,0.51758,0.52289,2966737.0
2024-02-12 15:00:00,0.52289,0.52859,0.52168,0.52753,6243054.0
2024-02-12 16:00:00,0.52753,0.52789,0.52418,0.5274,2926501.0
2024-02-12 17:00:00,0.5274,0.53548,0.52722,0.5313,9573302.0
2024-02-12 18:00:00,0.5313,0.53772,0.53127,0.53503,10027252.0
2024-02-12 19:00:00,0.53503,0.53658,0.53075,0.53102,4975403.0
2024-02-12 20:00:00,0.53102,0.53506,0.53102,0.53461,3298652.0
2024-02-12 21:00:00,0.53461,0.53489,0.5314,0.5317,2117832.0
2024-02-12 22:00:00,0.5317,0.53318,0.5294,0.53114,3240506.0
2024-02-12 23:00:00,0.53114,0.53213,0.53057,0.53148,1362163.0
2024-02-13 00:00:00,0.53148,0.53389,0.5314,0.53299,1673619.0
2024-02-13 01:00:00,0.53299,0.53348,0.53072,0.5314,3339112.0
2024-02-13 02:00:00,0.5314,0.53233,0.52992,0.53038,1778407.0
2024-02-13 03:00:00,0.53038,0.53076,0.52728,0.52838,3037075.0
2024-02-13 04:00:00,0.52838,0.53118,0.52831,0.53097,1474428.0
2024-02-13 05:00:00,0.53097,0.53097,0.52768,0.52863,2756531.0
2024-02-13 06:00:00,0.52863,0.52958,0.52778,0.5288,1608610.0
2024-02-13 07:00:00,0.5288,0.53097,0.52876,0.53069,2344442.0
2024-02-13 08:00:00,0.53069,0.53073,0.52901,0.52944,1824288.0
2024-02-13 09:00:00,0.52944,0.53118,0.529,0.53108,1583701.0
2024-02-13 10:00:00,0.53108,0.53125,0.52816,0.52857,5112573.0
2024-02-13 11:00:00,0.52857,0.52939,0.52597,0.52879,4735881.0
2024-02-13 12:00:00,0.52879,0.52879,0.5272,0.52799,999468.0
2024-02-13 13:00:00,0.52799,0.52819,0.51717,0.52245,15562597.0
2024-02-13 14:00:00,0.52245,0.52388,0.51362,0.5177,14693400.0
2024-02-13 15:00:00,0.5177,0.52061,0.51595,0.51968,5920592.0
2024-02-13 16:00:00,0.51968,0.5215,0.51865,0.51953,2310038.0
2024-02-13 17:00:00,0.51953,0.5243,0.51946,0.52396,2337785.0
2024-02-13 18:00:00,0.52396,0.526,0.52391,0.52551,1732734.0
2024-02-13 19:00:00,0.52551,0.5267,0.52435,0.52483,1737005.0
2024-02-13 20:00:00,0.52483,0.52758,0.52483,0.52678,1729175.0
2024-02-13 21:00:00,0.52678,0.52939,0.52647,0.52774,1526997.0
2024-02-13 22:00:00,0.52774,0.52824,0.52347,0.52594,2070648.0
2024-02-13 23:00:00,0.52594,0.52602,0.51745,0.52481,3933818.0
2024-02-14 00:00:00,0.52481,0.52484,0.52024,0.52165,1848542.0
2024-02-14 01:00:00,0.52165,0.52276,0.52071,0.52255,887871.0
2024-02-14 02:00:00,0.52255,0.5233,0.52148,0.52304,904827.0
2024-02-14 03:00:00,0.52304,0.52552,0.52304,0.52479,1794709.0
2024-02-14 04:00:00,0.52479,0.5252,0.52356,0.52456,1201460.0
2024-02-14 05:00:00,0.52456,0.52458,0.52169,0.5224,2126443.0
2024-02-14 06:00:00,0.5224,0.5235,0.52185,0.5235,1802985.0
2024-02-14 07:00:00,0.5235,0.52512,0.52339,0.52488,2395695.0
2024-02-14 08:00:00,0.52488,0.52916,0.5242,0.52916,2830849.0
2024-02-14 09:00:00,0.52916,0.53301,0.52855,0.53179,6604172.0
2024-02-14 10:00:00,0.53179,0.53281,0.53033,0.53229,4367383.0
2024-02-14 11:00:00,0.53229,0.5326,0.52424,0.53211,11085217.0
2024-02-14 12:00:00,0.53211,0.53256,0.52865,0.52977,5184208.0
2024-02-14 13:00:00,0.52977,0.53822,0.52949,0.5362,9260504.0
2024-02-14 14:00:00,0.5362,0.5362,0.53274,0.53417,8640390.0
2024-02-14 15:00:00,0.53417,0.53457,0.52974,0.53271,5716360.0
2024-02-14 16:00:00,0.53271,0.5335,0.52954,0.53167,2391718.0
2024-02-14 17:00:00,0.53167,0.53506,0.53167,0.53337,2071524.0
2024-02-14 18:00:00,0.53337,0.5381,0.5329,0.53759,7090158.0
2024-02-14 19:00:00,0.53759,0.53967,0.537,0.53873,5606860.0
2024-02-14 20:00:00,0.53873,0.53972,0.53789,0.53883,4386797.0
2024-02-14 21:00:00,0.53883,0.53991,0.5376,0.53949,1707451.0
2024-02-14 22:00:00,0.53949,0.54191,0.5379,0.53919,4204766.0
2024-02-14 23:00:00,0.53919,0.53931,0.53754,0.53781,2102314.0
2024-02-15 00:00:00,0.53781,0.54392,0.53781,0.54378,5771403.0
2024-02-15 01:00:00,0.54378,0.54714,0.53695,0.54055,5351261.0
2024-02-15 02:00:00,0.54055,0.54635,0.53979,0.54635,3044741.0
2024-02-15 03:00:00,0.54635,0.55903,0.54575,0.55258,15260625.0
2024-02-15 04:00:00,0.55258,0.55739,0.5511,0.55345,6164201.0
2024-02-15 05:00:00,0.55345,0.55437,0.54158,0.54511,13741790.0
2024-02-15 06:00:00,0.54511,0.5484,0.54321,0.54626,8881577.0
2024-02-15 07:00:00,0.54626,0.55002,0.54479,0.5497,8533353.0
2024-02-15 08:00:00,0.5497,0.54996,0.54642,0.54739,5943113.0
2024-02-15 09:00:00,0.54739,0.5524,0.54667,0.5522,6952137.0
2024-02-15 10:00:00,0.5522,0.55492,0.55114,0.55341,5356046.0
2024-02-15 11:00:00,0.55341,0.55352,0.54843,0.55032,7021709.0
2024-02-15 12:00:00,0.55032,0.55142,0.54602,0.55042,7808627.0
2024-02-15 13:00:00,0.55042,0.55129,0.5474,0.5502,3725006.0
2024-02-15 14:00:00,0.5502,0.5533,0.54937,0.55323,5036487.0
2024-02-15 15:00:00,0.55323,0.55486,0.5434,0.5466,12953840.0
2024-02-15 16:00:00,0.5466,0.54897,0.54176,0.54862,5338362.0
2024-02-15 17:00:00,0.54862,0.5491,0.54514,0.54549,2614470.0
2024-02-15 18:00:00,0.54549,0.5541,0.54474,0.55352,5502161.0
2024-02-15 19:00:00,0.55352,0.55509,0.55091,0.55405,3043095.0
2024-02-15 20:00:00,0.55405,0.56142,0.55065,0.56007,4487877.0
2024-02-15 21:00:00,0.56007,0.57671,0.55857,0.5637,22488902.0
2024-02-15 22:00:00,0.5637,0.56687,0.5577,0.56112,11037832.0
2024-02-15 23:00:00,0.56112,0.56512,0.56101,0.56217,3169126.0
2024-02-16 00:00:00,0.56217,0.56264,0.55804,0.56239,6928401.0
2024-02-16 01:00:00,0.56239,0.56616,0.56149,0.56582,5852525.0
2024-02-16 02:00:00,0.56582,0.57403,0.5646,0.57385,7327105.0
2024-02-16 03:00:00,0.57385,0.57954,0.57134,0.57881,7884620.0
2024-02-16 04:00:00,0.57881,0.57914,0.57399,0.5743,6459548.0
2024-02-16 05:00:00,0.5743,0.57506,0.57061,0.57123,5313621.0
2024-02-16 06:00:00,0.57123,0.5721,0.56753,0.56783,8098587.0
2024-02-16 07:00:00,0.56783,0.5689,0.56272,0.56644,8128812.0
2024-02-16 08:00:00,0.56644,0.5683,0.5643,0.565,2989622.0
2024-02-16 09:00:00,0.565,0.56655,0.55968,0.56571,6471880.0
2024-02-16 10:00:00,0.56571,0.57082,0.56555,0.57082,4356376.0
2024-02-16 11:00:00,0.57082,0.5746,0.56874,0.57137,5379993.0
2024-02-16 12:00:00,0.57137,0.5735,0.57066,0.5732,2826627.0
2024-02-16 13:00:00,0.5732,0.57384,0.56658,0.56954,10616244.0
2024-02-16 14:00:00,0.56954,0.57054,0.55527,0.55893,14236628.0
2024-02-16 15:00:00,0.55893,0.5604,0.55159,0.56032,12116288.0
2024-02-16 16:00:00,0.56032,0.56398,0.55879,0.56067,6384047.0
2024-02-16 17:00:00,0.56067,0.5661,0.56011,0.56335,6301947.0
2024-02-16 18:00:00,0.56335,0.56527,0.56058,0.5649,2407824.0
2024-02-16 19:00:00,0.5649,0.56526,0.56011,0.5611,3001187.0
2024-02-16 20:00:00,0.5611,0.5655,0.56054,0.56543,1853123.0
2024-02-16 21:00:00,0.56543,0.56873,0.56433,0.56651,2038975.0
2024-02-16 22:00:00,0.56651,0.56726,0.56348,0.56512,1683574.0
2024-02-16 23:00:00,0.56512,0.56605,0.56268,0.56442,2607704.0
2024-02-17 00:00:00,0.56442,0.56575,0.5622,0.56441,2335151.0
2024-02-17 01:00:00,0.56441,0.5645,0.55789,0.55976,4005969.0
2024-02-17 02:00:00,0.55976,0.5602,0.55769,0.56009,2831133.0
2024-02-17 03:00:00,0.56009,0.56055,0.55913,0.5602,1261755.0
2024-02-17 04:00:00,0.5602,0.56065,0.5585,0.5602,2016680.0
2024-02-17 05:00:00,0.5602,0.56065,0.55741,0.55924,4909125.0
2024-02-17 06:00:00,0.55924,0.56079,0.5588,0.56035,1945596.0
2024-02-17 07:00:00,0.56035,0.56195,0.56003,0.561,1502024.0
2024-02-17 08:00:00,0.561,0.5613,0.55552,0.55627,6075686.0
2024-02-17 09:00:00,0.55627,0.55749,0.55398,0.55398,6079727.0
2024-02-17 10:00:00,0.55398,0.55477,0.55069,0.55384,6469477.0
2024-02-17 11:00:00,0.55384,0.55532,0.55333,0.55399,2025991.0
2024-02-17 12:00:00,0.55399,0.55485,0.5526,0.55485,4115536.0
2024-02-17 13:00:00,0.55485,0.55486,0.54627,0.54786,12312396.0
2024-02-17 14:00:00,0.54786,0.54945,0.53923,0.54224,16419144.0
2024-02-17 15:00:00,0.54224,0.54715,0.5407,0.54642,8942563.0
2024-02-17 16:00:00,0.54642,0.54895,0.54439,0.54759,4017780.0
2024-02-17 17:00:00,0.54759,0.55032,0.5475,0.54998,2020908.0
2024-02-17 18:00:00,0.54998,0.55001,0.5478,0.54834,1359907.0
2024-02-17 19:00:00,0.54834,0.55112,0.54794,0.54943,1786626.0
2024-02-17 20:00:00,0.54943,0.55104,0.54874,0.55041,1554114.0
2024-02-17 21:00:00,0.55041,0.55314,0.5491,0.55092,2600016.0
2024-02-17 22:00:00,0.55092,0.55124,0.54936,0.5503,1454566.0
2024-02-17 23:00:00,0.5503,0.55084,0.5494,0.54966,791668.0
2024-02-18 00:00:00,0.54966,0.553,0.5484,0.55118,3316940.0
2024-02-18 01:00:00,0.55118,0.5525,0.54948,0.54965,2014074.0
2024-02-18 02:00:00,0.54965,0.55174,0.5484,0.549,3133340.0
2024-02-18 03:00:00,0.549,0.5503,0.54717,0.5503,2707979.0
2024-02-18 04:00:00,0.5503,0.5534,0.5503,0.55338,2126363.0
2024-02-18 05:00:00,0.55338,0.55914,0.5528,0.55662,5704050.0
2024-02-18 06:00:00,0.55662,0.5572,0.55271,0.55442,3038895.0
2024-02-18 07:00:00,0.55442,0.55632,0.55272,0.55503,1915880.0
2024-02-18 08:00:00,0.55503,0.55735,0.5533,0.55732,1748257.0
2024-02-18 09:00:00,0.55732,0.559,0.5568,0.55893,2420502.0
2024-02-18 10:00:00,0.55893,0.55893,0.55601,0.55744,1451361.0
2024-02-18 11:00:00,0.55744,0.55911,0.55692,0.55877,2613368.0
2024-02-18 12:00:00,0.55877,0.55878,0.5535,0.5544,4133921.0
2024-02-18 13:00:00,0.5544,0.55651,0.5541,0.55611,2320085.0
2024-02-18 14:00:00,0.55611,0.55846,0.55584,0.55801,1498690.0
2024-02-18 15:00:00,0.55801,0.56023,0.55671,0.55934,1832023.0
2024-02-18 16:00:00,0.55934,0.56032,0.5573,0.55971,2398504.0
2024-02-18 17:00:00,0.55971,0.56266,0.55949,0.56122,3075823.0
2024-02-18 18:00:00,0.56122,0.56122,0.55854,0.56066,2282090.0
2024-02-18 19:00:00,0.56066,0.56092,0.55811,0.55838,1398723.0
2024-02-18 20:00:00,0.55838,0.55913,0.55448,0.55674,3634050.0
2024-02-18 21:00:00,0.55674,0.55888,0.55671,0.55879,1100447.0
2024-02-18 22:00:00,0.55879,0.56198,0.55833,0.56047,3254166.0
2024-02-18 23:00:00,0.56047,0.5607,0.5559,0.5573,2463724.0
2024-02-19 00:00:00,0.5573,0.56272,0.557,0.55985,3660502.0
2024-02-19 01:00:00,0.55985,0.56183,0.55875,0.56161,2978814.0
2024-02-19 02:00:00,0.56161,0.56217,0.55989,0.56182,2935480.0
2024-02-19 03:00:00,0.56182,0.56248,0.55991,0.55998,2045174.0
2024-02-19 04:00:00,0.55998,0.56198,0.55989,0.56051,1826593.0
2024-02-19 05:00:00,0.56051,0.56051,0.55627,0.55791,4312570.0
2024-02-19 06:00:00,0.55791,0.5621,0.55791,0.56046,3519346.0
2024-02-19 07:00:00,0.56046,0.56478,0.56,0.56378,4435763.0
2024-02-19 08:00:00,0.56378,0.5642,0.557,0.55843,4949563.0
2024-02-19 09:00:00,0.55843,0.56308,0.55843,0.56111,3373492.0
2024-02-19 10:00:00,0.56111,0.56148,0.55609,0.56039,4718020.0
2024-02-19 11:00:00,0.56039,0.56065,0.55875,0.55938,1666088.0
2024-02-19 12:00:00,0.55938,0.56125,0.55784,0.55877,3728584.0
2024-02-19 13:00:00,0.55877,0.5612,0.55735,0.55876,3182683.0
2024-02-19 14:00:00,0.55876,0.55907,0.55542,0.55706,3642245.0
2024-02-19 15:00:00,0.55706,0.56032,0.55705,0.55837,4390784.0
2024-02-19 16:00:00,0.55837,0.5637,0.55614,0.5564,7733521.0
2024-02-19 17:00:00,0.5564,0.562,0.55369,0.56058,10863545.0
2024-02-19 18:00:00,0.56058,0.564,0.56,0.56135,3624985.0
2024-02-19 19:00:00,0.56135,0.56424,0.55945,0.56277,5320338.0
2024-02-19 20:00:00,0.56277,0.56318,0.56103,0.56156,2989476.0
2024-02-19 21:00:00,0.56156,0.56588,0.5609,0.565,3101207.0
2024-02-19 22:00:00,0.565,0.56809,0.5642,0.56603,5592199.0
2024-02-19 23:00:00,0.56603,0.56747,0.5618,0.56278,3501577.0
2024-02-20 00:00:00,0.56278,0.5643,0.55806,0.55911,4528571.0
2024-02-20 01:00:00,0.55911,0.56117,0.55516,0.5594,9304310.0
2024-02-20 02:00:00,0.5594,0.56353,0.55896,0.56353,2958556.0
2024-02-20 03:00:00,0.56353,0.57343,0.56353,0.5677,13455046.0
2024-02-20 04:00:00,0.5677,0.57438,0.5646,0.56947,10875887.0
2024-02-20 05:00:00,0.56947,0.5695,0.565,0.56865,3935979.0
2024-02-20 06:00:00,0.56865,0.57018,0.5667,0.57003,2928950.0
2024-02-20 07:00:00,0.57003,0.57087,0.56674,0.56722,5160275.0
2024-02-20 08:00:00,0.56722,0.56789,0.56116,0.5653,11148763.0
2024-02-20 09:00:00,0.5653,0.56798,0.5577,0.56179,11146255.0
2024-02-20 10:00:00,0.56179,0.57073,0.56159,0.56955,7383595.0
2024-02-20 11:00:00,0.56955,0.57228,0.56854,0.57102,5629089.0
2024-02-20 12:00:00,0.57102,0.57359,0.56977,0.57018,6941810.0
2024-02-20 13:00:00,0.57018,0.57558,0.5693,0.57375,7857428.0
2024-02-20 14:00:00,0.57375,0.57396,0.56014,0.56459,15862177.0
2024-02-20 15:00:00,0.56459,0.56541,0.54295,0.5547,27088573.0
2024-02-20 16:00:00,0.5547,0.55823,0.548,0.54891,11358734.0
2024-02-20 17:00:00,0.54891,0.5533,0.54369,0.5532,14263841.0
2024-02-20 18:00:00,0.5532,0.55613,0.5525,0.55586,2216787.0
2024-02-20 19:00:00,0.55586,0.56083,0.5537,0.56076,2254341.0
2024-02-20 20:00:00,0.56076,0.5635,0.5593,0.56301,9158554.0
2024-02-20 21:00:00,0.56301,0.56511,0.5613,0.56343,3378856.0
2024-02-20 22:00:00,0.56343,0.56503,0.5623,0.56462,2294643.0
2024-02-20 23:00:00,0.56462,0.56683,0.5624,0.5628,4326093.0
2024-02-21 00:00:00,0.5628,0.56323,0.55701,0.55801,4615064.0
2024-02-21 01:00:00,0.55801,0.55906,0.55581,0.55743,4847017.0
2024-02-21 02:00:00,0.55743,0.5584,0.55615,0.55697,2681837.0
2024-02-21 03:00:00,0.55697,0.55993,0.55696,0.55917,1226034.0
2024-02-21 04:00:00,0.55917,0.55944,0.55401,0.55468,6267910.0
2024-02-21 05:00:00,0.55468,0.55663,0.5523,0.55263,4190751.0
2024-02-21 06:00:00,0.55263,0.5533,0.54835,0.54992,6675177.0
2024-02-21 07:00:00,0.54992,0.54992,0.54512,0.5472,7199950.0
2024-02-21 08:00:00,0.5472,0.55073,0.54612,0.54901,4120556.0
2024-02-21 09:00:00,0.54901,0.5494,0.53577,0.538,20587305.0
2024-02-21 10:00:00,0.538,0.54213,0.53273,0.54123,13711211.0
2024-02-21 11:00:00,0.54123,0.54324,0.53678,0.53905,7177238.0
2024-02-21 12:00:00,0.53905,0.54339,0.53403,0.54272,7829420.0
2024-02-21 13:00:00,0.54272,0.54524,0.53903,0.54178,6041180.0
2024-02-21 14:00:00,0.54178,0.54239,0.53388,0.53817,9163621.0
2024-02-21 15:00:00,0.53817,0.54354,0.53646,0.54003,4442656.0
2024-02-21 16:00:00,0.54003,0.54365,0.53908,0.54278,3182413.0
2024-02-21 17:00:00,0.54278,0.54402,0.53785,0.53973,3319985.0
2024-02-21 18:00:00,0.53973,0.5406,0.53504,0.53924,3507331.0
2024-02-21 19:00:00,0.53924,0.5427,0.53771,0.54238,1989610.0
2024-02-21 20:00:00,0.54238,0.54302,0.54079,0.54287,708383.0
2024-02-21 21:00:00,0.54287,0.54674,0.54225,0.54634,2879152.0
2024-02-21 22:00:00,0.54634,0.5478,0.54458,0.54775,4749057.0
2024-02-21 23:00:00,0.54775,0.54984,0.54752,0.54912,2456432.0
2024-02-22 00:00:00,0.54912,0.54912,0.54518,0.54572,4077570.0
2024-02-22 01:00:00,0.54572,0.5464,0.53852,0.53926,6917282.0
2024-02-22 02:00:00,0.53926,0.54364,0.53926,0.54183,2138493.0
2024-02-22 03:00:00,0.54183,0.54394,0.54151,0.54318,1858681.0
2024-02-22 04:00:00,0.54318,0.54432,0.54021,0.54104,3350482.0
2024-02-22 05:00:00,0.54104,0.54304,0.54031,0.54206,1189183.0
2024-02-22 06:00:00,0.54206,0.54462,0.54144,0.5445,2520539.0
2024-02-22 07:00:00,0.5445,0.54766,0.54304,0.54605,3810439.0
2024-02-22 08:00:00,0.54605,0.54803,0.54486,0.54706,3043061.0
2024-02-22 09:00:00,0.54706,0.5508,0.5465,0.55019,4574952.0
2024-02-22 10:00:00,0.55019,0.55019,0.54571,0.54665,4326602.0
2024-02-22 11:00:00,0.54665,0.5467,0.54504,0.54568,2803716.0
2024-02-22 12:00:00,0.54568,0.54684,0.54323,0.54465,3972244.0
2024-02-22 13:00:00,0.54465,0.5448,0.53639,0.53964,9959674.0
2024-02-22 14:00:00,0.53964,0.54384,0.53898,0.54319,3387385.0
2024-02-22 15:00:00,0.54319,0.54484,0.5418,0.54433,2822177.0
2024-02-22 16:00:00,0.54433,0.54477,0.54016,0.54147,3360443.0
2024-02-22 17:00:00,0.54147,0.5437,0.54144,0.54333,1084285.0
2024-02-22 18:00:00,0.54333,0.55059,0.54295,0.54894,3377937.0
2024-02-22 19:00:00,0.54894,0.549,0.546,0.54798,2021794.0
2024-02-22 20:00:00,0.54798,0.5518,0.54735,0.55116,2685686.0
2024-02-22 21:00:00,0.55116,0.55124,0.5435,0.54662,4443375.0
2024-02-22 22:00:00,0.54662,0.54744,0.54172,0.54394,3086937.0
2024-02-22 23:00:00,0.54394,0.54426,0.54012,0.54113,1679662.0
2024-02-23 00:00:00,0.54113,0.54388,0.54113,0.54297,2544551.0
2024-02-23 01:00:00,0.54297,0.54394,0.54022,0.54024,2200018.0
2024-02-23 02:00:00,0.54024,0.54248,0.53716,0.53848,4098436.0
2024-02-23 03:00:00,0.53848,0.53908,0.53647,0.53818,3370044.0
2024-02-23 04:00:00,0.53818,0.53998,0.53586,0.5396,2527885.0
2024-02-23 05:00:00,0.5396,0.54068,0.53894,0.54005,1488860.0
2024-02-23 06:00:00,0.54005,0.54128,0.53961,0.54047,1507784.0
2024-02-23 07:00:00,0.54047,0.54048,0.53629,0.53714,5140115.0
2024-02-23 08:00:00,0.53714,0.53851,0.52902,0.53218,10442846.0
2024-02-23 09:00:00,0.53218,0.5354,0.53075,0.53511,3183747.0
2024-02-23 10:00:00,0.53511,0.5369,0.53476,0.5362,2733682.0
2024-02-23 11:00:00,0.5362,0.5373,0.5354,0.53675,1548204.0
2024-02-23 12:00:00,0.53675,0.53714,0.53272,0.534,3426739.0
2024-02-23 13:00:00,0.534,0.5362,0.533,0.53607,1904070.0
2024-02-23 14:00:00,0.53607,0.5379,0.5333,0.53736,6340543.0
2024-02-23 15:00:00,0.53736,0.5378,0.53103,0.53184,15438216.0
2024-02-23 16:00:00,0.53184,0.53319,0.52473,0.53318,12595628.0
2024-02-23 17:00:00,0.53318,0.536,0.53265,0.53598,1984928.0
2024-02-23 18:00:00,0.53598,0.5376,0.53435,0.53705,1919516.0
2024-02-23 19:00:00,0.53705,0.5388,0.5361,0.53872,1563722.0
2024-02-23 20:00:00,0.53872,0.54111,0.53795,0.5409,2291392.0
2024-02-23 21:00:00,0.5409,0.5412,0.53859,0.53891,2040001.0
2024-02-23 22:00:00,0.53891,0.53979,0.53328,0.53398,3599956.0
2024-02-23 23:00:00,0.53398,0.536,0.53046,0.53424,3819358.0
2024-02-24 00:00:00,0.53424,0.53704,0.53347,0.53678,1604233.0
2024-02-24 01:00:00,0.53678,0.53678,0.53121,0.53142,2069203.0
2024-02-24 02:00:00,0.53142,0.5351,0.53142,0.5351,1693673.0
2024-02-24 03:00:00,0.5351,0.5372,0.5335,0.53669,1902738.0
2024-02-24 04:00:00,0.53669,0.5399,0.53616,0.53919,2205734.0
2024-02-24 05:00:00,0.53919,0.54044,0.53838,0.53971,1749638.0
2024-02-24 06:00:00,0.53971,0.54219,0.5391,0.54144,1930455.0
2024-02-24 07:00:00,0.54144,0.54315,0.5408,0.54295,1654404.0
2024-02-24 08:00:00,0.54295,0.543,0.54014,0.54063,1398534.0
2024-02-24 09:00:00,0.54063,0.5453,0.54024,0.54455,4764403.0
2024-02-24 10:00:00,0.54455,0.54671,0.54378,0.54577,3063139.0
2024-02-24 11:00:00,0.54577,0.54683,0.54464,0.54629,2545697.0
2024-02-24 12:00:00,0.54629,0.54648,0.54324,0.54457,2273933.0
2024-02-24 13:00:00,0.54457,0.54591,0.54397,0.54529,1990981.0
2024-02-24 14:00:00,0.54529,0.54559,0.54273,0.54405,2552672.0
2024-02-24 15:00:00,0.54405,0.54481,0.54284,0.54335,1370099.0
2024-02-24 16:00:00,0.54335,0.54555,0.54307,0.5451,1335546.0
2024-02-24 17:00:00,0.5451,0.54812,0.5451,0.54716,2613572.0
2024-02-24 18:00:00,0.54716,0.54793,0.5455,0.54593,2032378.0
2024-02-24 19:00:00,0.54593,0.54661,0.54517,0.54633,1058094.0
2024-02-24 20:00:00,0.54633,0.54661,0.54404,0.54454,1034754.0
2024-02-24 21:00:00,0.54454,0.5465,0.54354,0.54591,1386418.0
2024-02-24 22:00:00,0.54591,0.54698,0.54557,0.54563,1063233.0
2024-02-24 23:00:00,0.54563,0.54594,0.54474,0.5452,893910.0
2024-02-25 00:00:00,0.5452,0.5454,0.5434,0.54537,2094239.0
2024-02-25 01:00:00,0.54537,0.5465,0.5443,0.54632,1341383.0
2024-02-25 02:00:00,0.54632,0.54841,0.5445,0.54484,2663358.0
2024-02-25 03:00:00,0.54484,0.5457,0.54235,0.54565,2358492.0
2024-02-25 04:00:00,0.54565,0.5463,0.54409,0.54544,832820.0
2024-02-25 05:00:00,0.54544,0.54666,0.54501,0.54666,1568758.0
2024-02-25 06:00:00,0.54666,0.5469,0.54585,0.54675,804399.0
2024-02-25 07:00:00,0.54675,0.54699,0.5456,0.54662,1585897.0
2024-02-25 08:00:00,0.54662,0.54891,0.5458,0.54615,2274227.0
2024-02-25 09:00:00,0.54615,0.54743,0.54474,0.54676,4490421.0
2024-02-25 10:00:00,0.54676,0.54717,0.54514,0.54536,1771809.0
2024-02-25 11:00:00,0.54536,0.54541,0.54436,0.54468,1356151.0
2024-02-25 12:00:00,0.54468,0.54511,0.54393,0.54491,1032618.0
2024-02-25 13:00:00,0.54491,0.5452,0.5437,0.54394,1093298.0
2024-02-25 14:00:00,0.54394,0.54661,0.54315,0.5461,2301785.0
2024-02-25 15:00:00,0.5461,0.54649,0.54195,0.54376,2156251.0
2024-02-25 16:00:00,0.54376,0.54463,0.54225,0.54296,1319974.0
2024-02-25 17:00:00,0.54296,0.545,0.54292,0.54491,937931.0
2024-02-25 18:00:00,0.54491,0.54505,0.54322,0.54434,1905424.0
2024-02-25 19:00:00,0.54434,0.54631,0.54265,0.54582,1851992.0
2024-02-25 20:00:00,0.54582,0.54751,0.5444,0.54462,2219584.0
2024-02-25 21:00:00,0.54462,0.5448,0.54353,0.54393,1342188.0
2024-02-25 22:00:00,0.54393,0.54621,0.54317,0.54471,3059336.0
2024-02-25 23:00:00,0.54471,0.54488,0.5424,0.54289,2077818.0
2024-02-26 00:00:00,0.54289,0.54346,0.54109,0.54235,4994077.0
2024-02-26 01:00:00,0.54235,0.54272,0.54051,0.54133,2872420.0
2024-02-26 02:00:00,0.54133,0.54166,0.53729,0.53916,6037743.0
2024-02-26 03:00:00,0.53916,0.54104,0.53852,0.54088,1818557.0
2024-02-26 04:00:00,0.54088,0.54112,0.53901,0.53928,1623188.0
2024-02-26 05:00:00,0.53928,0.54027,0.53826,0.54027,1967386.0
2024-02-26 06:00:00,0.54027,0.54037,0.53917,0.53997,991214.0
2024-02-26 07:00:00,0.53997,0.54047,0.53608,0.53706,6866812.0
2024-02-26 08:00:00,0.53706,0.53947,0.5362,0.53864,2761182.0
2024-02-26 09:00:00,0.53864,0.53913,0.53221,0.53336,9799874.0
2024-02-26 10:00:00,0.53336,0.53678,0.53331,0.53413,3315227.0
2024-02-26 11:00:00,0.53413,0.53472,0.53067,0.5309,5019618.0
2024-02-26 12:00:00,0.5309,0.53269,0.5291,0.53262,5742478.0
2024-02-26 13:00:00,0.53262,0.5346,0.53208,0.53289,3681971.0
2024-02-26 14:00:00,0.53289,0.538,0.53288,0.53682,3396258.0
2024-02-26 15:00:00,0.53682,0.5422,0.5362,0.54148,9280102.0
2024-02-26 16:00:00,0.54148,0.54599,0.54101,0.54587,6331886.0
2024-02-26 17:00:00,0.54587,0.55307,0.54531,0.54939,6856235.0
2024-02-26 18:00:00,0.54939,0.55008,0.54419,0.54566,4791038.0
2024-02-26 19:00:00,0.54566,0.55066,0.54396,0.55048,6192610.0
2024-02-26 20:00:00,0.55048,0.55198,0.54836,0.55134,4519934.0
2024-02-26 21:00:00,0.55134,0.5515,0.54906,0.55105,2380064.0
2024-02-26 22:00:00,0.55105,0.553,0.54806,0.55007,4185589.0
2024-02-26 23:00:00,0.55007,0.5524,0.5492,0.55088,1833452.0
2024-02-27 00:00:00,0.55088,0.55138,0.54778,0.54899,2383554.0
2024-02-27 01:00:00,0.54899,0.55526,0.54835,0.55261,4291893.0
2024-02-27 02:00:00,0.55261,0.5609,0.55181,0.55797,10796993.0
2024-02-27 03:00:00,0.55797,0.56079,0.55219,0.55299,6745182.0
2024-02-27 04:00:00,0.55299,0.5572,0.55276,0.55434,3332835.0
2024-02-27 05:00:00,0.55434,0.55659,0.55324,0.55497,3734434.0
2024-02-27 06:00:00,0.55497,0.556,0.55379,0.55451,3479985.0
2024-02-27 07:00:00,0.55451,0.55469,0.55017,0.55207,5617947.0
2024-02-27 08:00:00,0.55207,0.5557,0.55184,0.55458,3028709.0
2024-02-27 09:00:00,0.55458,0.56497,0.5542,0.5626,8298006.0
2024-02-27 10:00:00,0.5626,0.5627,0.55923,0.56038,7009086.0
2024-02-27 11:00:00,0.56038,0.56038,0.55623,0.55977,4305337.0
2024-02-27 12:00:00,0.55977,0.562,0.55644,0.55686,5272884.0
2024-02-27 13:00:00,0.55686,0.5655,0.55385,0.5619,10966117.0
2024-02-27 14:00:00,0.5619,0.56393,0.55753,0.5618,7813391.0
2024-02-27 15:00:00,0.5618,0.5702,0.55879,0.56109,12257626.0
2024-02-27 16:00:00,0.56109,0.56818,0.55741,0.565,10949106.0
2024-02-27 17:00:00,0.565,0.575,0.56492,0.5743,9877363.0
2024-02-27 18:00:00,0.5743,0.57981,0.572,0.5789,8907026.0
2024-02-27 19:00:00,0.5789,0.59714,0.5789,0.5937,22142742.0
2024-02-27 20:00:00,0.5937,0.59381,0.58001,0.58098,11797065.0
2024-02-27 21:00:00,0.58098,0.584,0.5773,0.5838,6416860.0
2024-02-27 22:00:00,0.5838,0.59024,0.58348,0.58673,9127663.0
2024-02-27 23:00:00,0.58673,0.5905,0.58582,0.5862,5076612.0
2024-02-28 00:00:00,0.5862,0.59053,0.58057,0.58284,9258534.0
2024-02-28 01:00:00,0.58284,0.58732,0.58182,0.58226,4524138.0
2024-02-28 02:00:00,0.58226,0.58519,0.58127,0.58471,1958313.0
2024-02-28 03:00:00,0.58471,0.58517,0.57753,0.57839,4348625.0
2024-02-28 04:00:00,0.57839,0.58244,0.57772,0.5809,2920801.0
2024-02-28 05:00:00,0.5809,0.5824,0.57787,0.57916,3532614.0
2024-02-28 06:00:00,0.57916,0.57979,0.57557,0.57903,4213349.0
2024-02-28 07:00:00,0.57903,0.58398,0.57793,0.58325,5365439.0
2024-02-28 08:00:00,0.58325,0.59063,0.58208,0.58884,10906186.0
2024-02-28 09:00:00,0.58884,0.58964,0.58235,0.58953,6629281.0
2024-02-28 10:00:00,0.58953,0.59113,0.58539,0.58746,18721548.0
2024-02-28 11:00:00,0.58746,0.59283,0.57493,0.5806,17045888.0
2024-02-28 12:00:00,0.5806,0.58613,0.57977,0.5842,8953626.0
2024-02-28 13:00:00,0.5842,0.58829,0.5803,0.58751,12931962.0
2024-02-28 14:00:00,0.58751,0.59093,0.58075,0.58797,7840145.0
2024-02-28 15:00:00,0.58797,0.5905,0.58503,0.58747,8138374.0
2024-02-28 16:00:00,0.58747,0.60574,0.58729,0.60165,21907162.0
2024-02-28 17:00:00,0.60165,0.60694,0.52021,0.57212,91789628.0
2024-02-28 18:00:00,0.57212,0.5727,0.54773,0.56703,26358701.0
2024-02-28 19:00:00,0.56703,0.56965,0.56258,0.56531,9270042.0
2024-02-28 20:00:00,0.56531,0.57014,0.55972,0.56862,8430958.0
2024-02-28 21:00:00,0.56862,0.5733,0.56471,0.57283,9487466.0
2024-02-28 22:00:00,0.57283,0.57654,0.57128,0.57317,5613345.0
2024-02-28 23:00:00,0.57317,0.57742,0.57311,0.57525,4438007.0
2024-02-29 00:00:00,0.57525,0.57669,0.56712,0.57564,14450128.0
2024-02-29 01:00:00,0.57564,0.5813,0.57329,0.5813,7069272.0
2024-02-29 02:00:00,0.5813,0.584,0.57673,0.57819,7300687.0
2024-02-29 03:00:00,0.57819,0.58799,0.57484,0.58722,5725884.0
2024-02-29 04:00:00,0.58722,0.59455,0.58183,0.59218,15941129.0
2024-02-29 05:00:00,0.59218,0.59733,0.58947,0.59661,10935753.0
2024-02-29 06:00:00,0.59661,0.60883,0.59621,0.60109,23346558.0
2024-02-29 07:00:00,0.60109,0.60115,0.58884,0.59399,19326004.0
2024-02-29 08:00:00,0.59399,0.59865,0.58842,0.5976,13641918.0
2024-02-29 09:00:00,0.5976,0.59963,0.58974,0.59567,7856079.0
2024-02-29 10:00:00,0.59567,0.60242,0.59159,0.60199,8849351.0
2024-02-29 11:00:00,0.60199,0.60235,0.59625,0.59734,8942055.0
2024-02-29 12:00:00,0.59734,0.59984,0.59055,0.59576,9226426.0
2024-02-29 13:00:00,0.59576,0.60884,0.5946,0.6039,11547129.0
2024-02-29 14:00:00,0.6039,0.6081,0.598,0.60271,14800554.0
2024-02-29 15:00:00,0.60271,0.60966,0.59879,0.60621,10801073.0
2024-02-29 16:00:00,0.60621,0.62639,0.59589,0.613,35339573.0
2024-02-29 17:00:00,0.613,0.613,0.59173,0.59863,16505073.0
2024-02-29 18:00:00,0.59863,0.61098,0.59709,0.6048,11413190.0
2024-02-29 19:00:00,0.6048,0.61344,0.60053,0.61042,7570911.0
2024-02-29 20:00:00,0.61042,0.6124,0.60584,0.6061,2897105.0
2024-02-29 21:00:00,0.6061,0.60719,0.58398,0.59461,19428970.0
2024-02-29 22:00:00,0.59461,0.59619,0.576,0.58446,16518811.0
2024-02-29 23:00:00,0.58446,0.5897,0.58422,0.5863,4753061.0
2024-03-01 00:00:00,0.5863,0.59615,0.5863,0.59584,6129030.0
2024-03-01 01:00:00,0.59584,0.59584,0.58902,0.59309,5418687.0
2024-03-01 02:00:00,0.59309,0.5949,0.58618,0.59209,8300649.0
2024-03-01 03:00:00,0.59209,0.5944,0.58866,0.59186,4867865.0
2024-03-01 04:00:00,0.59186,0.5959,0.59093,0.59531,4004716.0
2024-03-01 05:00:00,0.59531,0.5968,0.59097,0.59173,5082014.0
2024-03-01 06:00:00,0.59173,0.59509,0.58772,0.5897,9392210.0
2024-03-01 07:00:00,0.5897,0.59168,0.58295,0.58493,10858624.0
2024-03-01 08:00:00,0.58493,0.59338,0.58308,0.5922,13256299.0
2024-03-01 09:00:00,0.5922,0.59459,0.59131,0.59419,3308157.0
2024-03-01 10:00:00,0.59419,0.59573,0.5908,0.59295,3042793.0
2024-03-01 11:00:00,0.59295,0.59358,0.5884,0.5897,4814003.0
2024-03-01 12:00:00,0.5897,0.59371,0.589,0.59108,4616031.0
2024-03-01 13:00:00,0.59108,0.59515,0.5908,0.59443,4105702.0
2024-03-01 14:00:00,0.59443,0.59907,0.5874,0.59329,13498217.0
2024-03-01 15:00:00,0.59329,0.59449,0.58487,0.58787,6014567.0
2024-03-01 16:00:00,0.58787,0.59119,0.5867,0.5887,3357108.0
2024-03-01 17:00:00,0.5887,0.59567,0.5887,0.59394,4274369.0
2024-03-01 18:00:00,0.59394,0.59733,0.59149,0.59681,6978195.0
2024-03-01 19:00:00,0.59681,0.5973,0.59355,0.59597,1529627.0
2024-03-01 20:00:00,0.59597,0.59896,0.5934,0.59791,2125016.0
2024-03-01 21:00:00,0.59791,0.5986,0.59428,0.59808,2383830.0
2024-03-01 22:00:00,0.59808,0.6036,0.59729,0.6005,7132018.0
2024-03-01 23:00:00,0.6005,0.6036,0.6,0.60164,2725122.0
2024-03-02 00:00:00,0.60164,0.61655,0.59953,0.61635,11834531.0
2024-03-02 01:00:00,0.61635,0.62466,0.60773,0.6218,19574237.0
2024-03-02 02:00:00,0.6218,0.63457,0.61977,0.63226,14690586.0
2024-03-02 03:00:00,0.63226,0.63968,0.62944,0.63151,13627948.0
2024-03-02 04:00:00,0.63151,0.63436,0.62668,0.6307,7620001.0
2024-03-02 05:00:00,0.6307,0.6307,0.62,0.625,10630957.0
2024-03-02 06:00:00,0.625,0.62916,0.62424,0.62489,4021612.0
2024-03-02 07:00:00,0.62489,0.63119,0.6214,0.63102,8621377.0
2024-03-02 08:00:00,0.63102,0.63556,0.6203,0.63263,12435703.0
2024-03-02 09:00:00,0.63263,0.6388,0.62649,0.63161,9684074.0
2024-03-02 10:00:00,0.63161,0.64128,0.62879,0.63266,9516432.0
2024-03-02 11:00:00,0.63266,0.64345,0.63256,0.64338,12353126.0
2024-03-02 12:00:00,0.64338,0.65065,0.64186,0.6471,17084635.0
2024-03-02 13:00:00,0.6471,0.6479,0.6383,0.6396,11892714.0
2024-03-02 14:00:00,0.6396,0.64079,0.62833,0.63548,21314129.0
2024-03-02 15:00:00,0.63548,0.63788,0.62875,0.6296,6719436.0
2024-03-02 16:00:00,0.6296,0.6347,0.62553,0.63022,6394423.0
2024-03-02 17:00:00,0.63022,0.63181,0.62666,0.6276,5069113.0
2024-03-02 18:00:00,0.6276,0.6342,0.62752,0.63321,4211981.0
2024-03-02 19:00:00,0.63321,0.63912,0.63231,0.63421,6472713.0
2024-03-02 20:00:00,0.63421,0.63479,0.62767,0.63253,4606614.0
2024-03-02 21:00:00,0.63253,0.63594,0.63175,0.6358,1791450.0
2024-03-02 22:00:00,0.6358,0.639,0.63371,0.63589,3233897.0
2024-03-02 23:00:00,0.63589,0.6456,0.63529,0.64469,4649342.0
2024-03-03 00:00:00,0.64469,0.6449,0.63305,0.6336,7864857.0
2024-03-03 01:00:00,0.6336,0.63649,0.63091,0.636,5777941.0
2024-03-03 02:00:00,0.636,0.6371,0.62867,0.6326,4572600.0
2024-03-03 03:00:00,0.6326,0.637,0.63123,0.63637,2308686.0
2024-03-03 04:00:00,0.63637,0.64017,0.63521,0.63817,2634912.0
2024-03-03 05:00:00,0.63817,0.63844,0.63335,0.63388,3861124.0
2024-03-03 06:00:00,0.63388,0.6342,0.6263,0.62848,7200142.0
2024-03-03 07:00:00,0.62848,0.63006,0.58204,0.61037,51571583.0
2024-03-03 08:00:00,0.61037,0.61823,0.60633,0.61605,12849977.0
2024-03-03 09:00:00,0.61605,0.62144,0.61473,0.61979,6242611.0
2024-03-03 10:00:00,0.61979,0.622,0.61537,0.61907,8505134.0
2024-03-03 11:00:00,0.61907,0.62474,0.6178,0.62456,5856811.0
2024-03-03 12:00:00,0.62456,0.63021,0.62327,0.6255,9265513.0
2024-03-03 13:00:00,0.6255,0.62846,0.62182,0.627,5672702.0
2024-03-03 14:00:00,0.627,0.62747,0.61757,0.61975,9157003.0
2024-03-03 15:00:00,0.61975,0.62371,0.61975,0.62329,3229167.0
2024-03-03 16:00:00,0.62329,0.62751,0.62189,0.62728,3459294.0
2024-03-03 17:00:00,0.62728,0.62842,0.622,0.62277,3671351.0
2024-03-03 18:00:00,0.62277,0.62822,0.61987,0.62702,3911671.0
2024-03-03 19:00:00,0.62702,0.62971,0.62536,0.62712,3193564.0
2024-03-03 20:00:00,0.62712,0.6302,0.62535,0.62837,2432415.0
2024-03-03 21:00:00,0.62837,0.63,0.62704,0.62955,3775395.0
2024-03-03 22:00:00,0.62955,0.63322,0.62596,0.62824,6248631.0
2024-03-03 23:00:00,0.62824,0.62943,0.62411,0.6271,4296520.0
2024-03-04 00:00:00,0.6271,0.63372,0.61387,0.6261,15586805.0
2024-03-04 01:00:00,0.6261,0.63264,0.62148,0.62947,7473721.0
2024-03-04 02:00:00,0.62947,0.6375,0.62578,0.63472,6938590.0
2024-03-04 03:00:00,0.63472,0.63962,0.6325,0.6352,10330771.0
2024-03-04 04:00:00,0.6352,0.63558,0.63046,0.63301,5521861.0
2024-03-04 05:00:00,0.63301,0.6335,0.62448,0.62569,9164882.0
2024-03-04 06:00:00,0.62569,0.64444,0.62349,0.64391,12191553.0
2024-03-04 07:00:00,0.64391,0.644,0.63614,0.63741,10651241.0
2024-03-04 08:00:00,0.63741,0.64561,0.63662,0.64263,13528615.0
2024-03-04 09:00:00,0.64263,0.6445,0.633,0.6434,12623548.0
2024-03-04 10:00:00,0.6434,0.65207,0.63941,0.65027,16130870.0
2024-03-04 11:00:00,0.65027,0.6662,0.64631,0.66036,20753703.0
2024-03-04 12:00:00,0.66036,0.6608,0.65105,0.65368,10836375.0
2024-03-04 13:00:00,0.65368,0.65845,0.64716,0.64857,8129917.0
2024-03-04 14:00:00,0.64857,0.66,0.64353,0.6565,14939173.0
2024-03-04 15:00:00,0.6565,0.66531,0.65384,0.66234,11012878.0
2024-03-04 16:00:00,0.66234,0.66309,0.64825,0.64931,10943440.0
2024-03-04 17:00:00,0.64931,0.65468,0.63942,0.6396,14900322.0
2024-03-04 18:00:00,0.6396,0.65097,0.63448,0.65097,9658626.0
2024-03-04 19:00:00,0.65097,0.6575,0.64741,0.65618,5241264.0
2024-03-04 20:00:00,0.65618,0.65618,0.6484,0.6518,5892322.0
2024-03-04 21:00:00,0.6518,0.65273,0.64564,0.65093,2830726.0
2024-03-04 22:00:00,0.65093,0.65328,0.64709,0.65214,3744529.0
2024-03-04 23:00:00,0.65214,0.65448,0.64655,0.64779,5256935.0
2024-03-05 00:00:00,0.64779,0.65978,0.64394,0.65491,7611279.0
2024-03-05 01:00:00,0.65491,0.66881,0.65343,0.665,12497970.0
2024-03-05 02:00:00,0.665,0.66975,0.6531,0.6566,22175379.0
2024-03-05 03:00:00,0.6566,0.65665,0.64969,0.65365,8663304.0
2024-03-05 04:00:00,0.65365,0.65723,0.63335,0.64081,18300900.0
2024-03-05 05:00:00,0.64081,0.64427,0.62008,0.64419,31668795.0
2024-03-05 06:00:00,0.64419,0.64835,0.6393,0.64687,6851777.0
2024-03-05 07:00:00,0.64687,0.64765,0.64045,0.64075,8798754.0
2024-03-05 08:00:00,0.64075,0.64395,0.6318,0.64282,12168402.0
2024-03-05 09:00:00,0.64282,0.6479,0.63984,0.64255,6599199.0
2024-03-05 10:00:00,0.64255,0.64755,0.64252,0.64601,4088439.0
2024-03-05 11:00:00,0.64601,0.65387,0.64486,0.65032,7280707.0
2024-03-05 12:00:00,0.65032,0.65397,0.6479,0.65119,5657302.0
2024-03-05 13:00:00,0.65119,0.655,0.6489,0.65131,5946672.0
2024-03-05 14:00:00,0.65131,0.65227,0.6407,0.64875,9489232.0
2024-03-05 15:00:00,0.64875,0.65275,0.6319,0.6389,30617031.0
2024-03-05 16:00:00,0.6389,0.64237,0.608,0.62776,47872719.0
2024-03-05 17:00:00,0.62776,0.62819,0.60952,0.6264,12291870.0
2024-03-05 18:00:00,0.6264,0.62646,0.61348,0.616,4709424.0
2024-03-05 19:00:00,0.616,0.61926,0.5261,0.56857,58789254.0
2024-03-05 20:00:00,0.56857,0.57893,0.55732,0.56987,21091726.0
2024-03-05 21:00:00,0.56987,0.58887,0.56897,0.587,12297065.0
2024-03-05 22:00:00,0.587,0.5889,0.57805,0.58889,7470234.0
2024-03-05 23:00:00,0.58889,0.59516,0.5874,0.59146,4980390.0
2024-03-06 00:00:00,0.59146,0.59888,0.58913,0.59,4533408.0
2024-03-06 01:00:00,0.59,0.5952,0.58424,0.58551,6813839.0
2024-03-06 02:00:00,0.58551,0.58735,0.57497,0.57512,10814566.0
2024-03-06 03:00:00,0.57512,0.58485,0.57512,0.58391,4831612.0
2024-03-06 04:00:00,0.58391,0.59694,0.58336,0.59537,4455973.0
2024-03-06 05:00:00,0.59537,0.60545,0.5929,0.60521,6509606.0
2024-03-06 06:00:00,0.60521,0.60773,0.602,0.60645,8221307.0
2024-03-06 07:00:00,0.60645,0.6174,0.60291,0.61486,10286004.0
2024-03-06 08:00:00,0.61486,0.62455,0.61252,0.61484,13810496.0
2024-03-06 09:00:00,0.61484,0.62068,0.608,0.6089,8262824.0
2024-03-06 10:00:00,0.6089,0.61496,0.6087,0.6121,4333904.0
2024-03-06 11:00:00,0.6121,0.61692,0.60959,0.61496,3371730.0
2024-03-06 12:00:00,0.61496,0.6156,0.59029,0.60139,17782823.0
2024-03-06 13:00:00,0.60139,0.60444,0.59431,0.60261,11019756.0
2024-03-06 14:00:00,0.60261,0.60658,0.59577,0.59835,6428005.0
2024-03-06 15:00:00,0.59835,0.60027,0.58863,0.59901,10177282.0
2024-03-06 16:00:00,0.59901,0.60566,0.59806,0.60424,3744531.0
2024-03-06 17:00:00,0.60424,0.6104,0.60161,0.61031,2646337.0
2024-03-06 18:00:00,0.61031,0.61154,0.60554,0.60932,3017001.0
2024-03-06 19:00:00,0.60932,0.61444,0.60644,0.61207,1924503.0
2024-03-06 20:00:00,0.61207,0.61566,0.60865,0.6114,2950009.0
2024-03-06 21:00:00,0.6114,0.61646,0.60964,0.61515,2490379.0
2024-03-06 22:00:00,0.61515,0.6167,0.60876,0.61039,3466502.0
2024-03-06 23:00:00,0.61039,0.6148,0.60892,0.61239,2089642.0
2024-03-07 00:00:00,0.61239,0.61631,0.60604,0.61579,4686454.0
2024-03-07 01:00:00,0.61579,0.61694,0.60649,0.61665,4633791.0
2024-03-07 02:00:00,0.61665,0.61826,0.61047,0.61315,3062185.0
2024-03-07 03:00:00,0.61315,0.628,0.61141,0.62773,12548009.0
2024-03-07 04:00:00,0.62773,0.63068,0.61553,0.61868,8725730.0
2024-03-07 05:00:00,0.61868,0.6279,0.61293,0.61534,6717265.0
2024-03-07 06:00:00,0.61534,0.62465,0.61467,0.6209,5638175.0
2024-03-07 07:00:00,0.6209,0.62739,0.61925,0.62527,4230215.0
2024-03-07 08:00:00,0.62527,0.6281,0.62219,0.62391,4011517.0
2024-03-07 09:00:00,0.62391,0.62828,0.62157,0.62291,3106615.0
2024-03-07 10:00:00,0.62291,0.62399,0.6191,0.622,4081785.0
2024-03-07 11:00:00,0.622,0.62526,0.6176,0.62229,3402903.0
2024-03-07 12:00:00,0.62229,0.62546,0.6195,0.62101,4468980.0
2024-03-07 13:00:00,0.62101,0.6232,0.61483,0.62178,4273806.0
2024-03-07 14:00:00,0.62178,0.62884,0.61475,0.62437,9732785.0
2024-03-07 15:00:00,0.62437,0.6275,0.62056,0.62556,5485353.0
2024-03-07 16:00:00,0.62556,0.62867,0.62017,0.62287,2824005.0
2024-03-07 17:00:00,0.62287,0.62674,0.62202,0.62661,1784416.0
2024-03-07 18:00:00,0.62661,0.62995,0.62352,0.62946,3995210.0
2024-03-07 19:00:00,0.62946,0.63524,0.62932,0.63261,6513228.0
2024-03-07 20:00:00,0.63261,0.63928,0.63073,0.63588,5160894.0
2024-03-07 21:00:00,0.63588,0.63792,0.63112,0.63678,4568331.0
2024-03-07 22:00:00,0.63678,0.6376,0.63028,0.63179,4188072.0
2024-03-07 23:00:00,0.63179,0.63318,0.62674,0.62756,3030598.0
2024-03-08 00:00:00,0.62756,0.6314,0.62727,0.63138,4137799.0
2024-03-08 01:00:00,0.63138,0.6344,0.62837,0.62968,5323023.0
2024-03-08 02:00:00,0.62968,0.6304,0.6276,0.62929,2324766.0
2024-03-08 03:00:00,0.62929,0.6294,0.62567,0.62849,2759636.0
2024-03-08 04:00:00,0.62849,0.62994,0.62337,0.62497,3682642.0
2024-03-08 05:00:00,0.62497,0.62681,0.6201,0.62201,4008388.0
2024-03-08 06:00:00,0.62201,0.6251,0.62056,0.62479,5368945.0
2024-03-08 07:00:00,0.62479,0.6252,0.61918,0.62131,4833583.0
2024-03-08 08:00:00,0.62131,0.62416,0.61817,0.62372,5075001.0
2024-03-08 09:00:00,0.62372,0.63067,0.62181,0.6269,8928721.0
2024-03-08 10:00:00,0.6269,0.62881,0.62548,0.62601,2706818.0
2024-03-08 11:00:00,0.62601,0.62877,0.6223,0.62877,4900530.0
2024-03-08 12:00:00,0.62877,0.62913,0.62517,0.62867,4577102.0
2024-03-08 13:00:00,0.62867,0.63169,0.62551,0.6288,4793359.0
2024-03-08 14:00:00,0.6288,0.63069,0.62584,0.62728,4981573.0
2024-03-08 15:00:00,0.62728,0.63119,0.59762,0.61448,45125232.0
2024-03-08 16:00:00,0.61448,0.61785,0.6025,0.61772,22164007.0
2024-03-08 17:00:00,0.61772,0.62483,0.61652,0.62258,7304647.0
2024-03-08 18:00:00,0.62258,0.62419,0.619,0.62092,3653563.0
2024-03-08 19:00:00,0.62092,0.62232,0.61655,0.62022,2217624.0
2024-03-08 20:00:00,0.62022,0.6236,0.61965,0.62289,3168474.0
2024-03-08 21:00:00,0.62289,0.62333,0.61705,0.61932,2874249.0
2024-03-08 22:00:00,0.61932,0.62241,0.61782,0.61843,1553370.0
2024-03-08 23:00:00,0.61843,0.6224,0.61842,0.62015,2057126.0
2024-03-09 00:00:00,0.62015,0.624,0.61847,0.62381,2857344.0
2024-03-09 01:00:00,0.62381,0.62599,0.62188,0.62356,2752317.0
2024-03-09 02:00:00,0.62356,0.6295,0.6228,0.62779,1969936.0
2024-03-09 03:00:00,0.62779,0.62862,0.62577,0.6263,2985023.0
2024-03-09 04:00:00,0.6263,0.62767,0.625,0.62706,1889985.0
2024-03-09 05:00:00,0.62706,0.6316,0.62588,0.62972,5073009.0
2024-03-09 06:00:00,0.62972,0.63232,0.6291,0.63181,2135600.0
2024-03-09 07:00:00,0.63181,0.63257,0.62917,0.62934,2604577.0
2024-03-09 08:00:00,0.62934,0.63038,0.624,0.6246,9815191.0
2024-03-09 09:00:00,0.6246,0.62572,0.62208,0.62358,5375838.0
2024-03-09 10:00:00,0.62358,0.62398,0.61564,0.62201,13136959.0
2024-03-09 11:00:00,0.62201,0.62349,0.61969,0.62305,3744506.0
2024-03-09 12:00:00,0.62305,0.6235,0.62041,0.62317,3515783.0
2024-03-09 13:00:00,0.62317,0.6245,0.62167,0.62397,2038241.0
2024-03-09 14:00:00,0.62397,0.62573,0.61808,0.62035,4203463.0
2024-03-09 15:00:00,0.62035,0.62305,0.61975,0.622,2006264.0
2024-03-09 16:00:00,0.622,0.62315,0.61879,0.62223,1945272.0
2024-03-09 17:00:00,0.62223,0.62315,0.61641,0.61973,4279499.0
2024-03-09 18:00:00,0.61973,0.62402,0.61781,0.62305,1400927.0
2024-03-09 19:00:00,0.62305,0.62339,0.6192,0.61995,2754172.0
2024-03-09 20:00:00,0.61995,0.6236,0.619,0.62293,2410782.0
2024-03-09 21:00:00,0.62293,0.62362,0.62062,0.62312,923778.0
2024-03-09 22:00:00,0.62312,0.62373,0.62185,0.62211,1662353.0
2024-03-09 23:00:00,0.62211,0.62299,0.6196,0.62038,2082307.0
2024-03-10 00:00:00,0.62038,0.62333,0.61993,0.6211,2032199.0
2024-03-10 01:00:00,0.6211,0.62519,0.62052,0.62432,3117775.0
2024-03-10 02:00:00,0.62432,0.62478,0.6215,0.62167,2211989.0
2024-03-10 03:00:00,0.62167,0.62323,0.62031,0.62268,1154345.0
2024-03-10 04:00:00,0.62268,0.62515,0.62235,0.62446,1952233.0
2024-03-10 05:00:00,0.62446,0.62569,0.62229,0.62265,2177581.0
2024-03-10 06:00:00,0.62265,0.6248,0.62179,0.62439,1291723.0
2024-03-10 07:00:00,0.62439,0.62782,0.62364,0.62642,2649609.0
2024-03-10 08:00:00,0.62642,0.62839,0.6251,0.62789,5452287.0
2024-03-10 09:00:00,0.62789,0.62819,0.61691,0.62102,12386083.0
2024-03-10 10:00:00,0.62102,0.62296,0.6205,0.62241,2093866.0
2024-03-10 11:00:00,0.62241,0.62286,0.61769,0.61937,7165611.0
2024-03-10 12:00:00,0.61937,0.62098,0.61045,0.6152,11055989.0
2024-03-10 13:00:00,0.6152,0.61679,0.60806,0.61129,8926039.0
2024-03-10 14:00:00,0.61129,0.61292,0.60144,0.60945,14916213.0
2024-03-10 15:00:00,0.60945,0.61195,0.60673,0.61022,4436438.0
2024-03-10 16:00:00,0.61022,0.61486,0.60978,0.61202,5032964.0
2024-03-10 17:00:00,0.61202,0.61399,0.61128,0.61327,1508838.0
2024-03-10 18:00:00,0.61327,0.61485,0.61252,0.61289,1193477.0
2024-03-10 19:00:00,0.61289,0.6129,0.6111,0.61237,997691.0
2024-03-10 20:00:00,0.61237,0.61332,0.61045,0.61231,691191.0
2024-03-10 21:00:00,0.61231,0.61449,0.61,0.61,3144449.0
2024-03-10 22:00:00,0.61,0.61029,0.59626,0.6002,18464125.0
2024-03-10 23:00:00,0.6002,0.60876,0.60017,0.6083,6963766.0
2024-03-11 00:00:00,0.6083,0.6096,0.58106,0.598,23189150.0
2024-03-11 01:00:00,0.598,0.60276,0.59162,0.59954,7064723.0
2024-03-11 02:00:00,0.59954,0.60381,0.5978,0.60301,4120569.0
2024-03-11 03:00:00,0.60301,0.6095,0.6027,0.60883,4984675.0
2024-03-11 04:00:00,0.60883,0.60912,0.60601,0.60796,3273859.0
2024-03-11 05:00:00,0.60796,0.61097,0.60718,0.6078,2292309.0
2024-03-11 06:00:00,0.6078,0.6106,0.60338,0.6106,3933197.0
2024-03-11 07:00:00,0.6106,0.62469,0.61027,0.62033,15638778.0
2024-03-11 08:00:00,0.62033,0.6263,0.6201,0.62258,6133448.0
2024-03-11 09:00:00,0.62258,0.63054,0.62257,0.6305,4819550.0
2024-03-11 10:00:00,0.6305,0.63076,0.62392,0.6252,6299813.0
2024-03-11 11:00:00,0.6252,0.62909,0.6212,0.62306,9268215.0
2024-03-11 12:00:00,0.62306,0.62849,0.622,0.6267,3199823.0
2024-03-11 13:00:00,0.6267,0.6267,0.6159,0.61811,8630899.0
2024-03-11 14:00:00,0.61811,0.62407,0.61811,0.62162,3653980.0
2024-03-11 15:00:00,0.62162,0.69564,0.6214,0.69234,63071428.0
2024-03-11 16:00:00,0.69234,0.73855,0.67841,0.72106,156411497.0
2024-03-11 17:00:00,0.72106,0.74434,0.71628,0.73424,71879715.0
2024-03-11 18:00:00,0.73424,0.74497,0.72682,0.73175,42071087.0
2024-03-11 19:00:00,0.73175,0.74258,0.72204,0.7312,25034376.0
2024-03-11 20:00:00,0.7312,0.73768,0.72272,0.72383,16601739.0
2024-03-11 21:00:00,0.72383,0.7304,0.71127,0.73039,29063746.0
2024-03-11 22:00:00,0.73039,0.73299,0.724,0.7262,13569304.0
2024-03-11 23:00:00,0.7262,0.73125,0.71569,0.7236,26964398.0
2024-03-12 00:00:00,0.7236,0.73394,0.70362,0.70362,22469673.0
2024-03-12 01:00:00,0.70362,0.7148,0.703,0.71198,7984666.0
2024-03-12 02:00:00,0.71198,0.71615,0.7056,0.70663,7571744.0
2024-03-12 03:00:00,0.70663,0.70763,0.68792,0.68997,21006852.0
2024-03-12 04:00:00,0.68997,0.69809,0.68563,0.6973,20396811.0
2024-03-12 05:00:00,0.6973,0.70136,0.69317,0.69816,11235541.0
2024-03-12 06:00:00,0.69816,0.69836,0.686,0.69753,16127437.0
2024-03-12 07:00:00,0.69753,0.7103,0.69567,0.70295,14158596.0
2024-03-12 08:00:00,0.70295,0.70341,0.67761,0.691,29768411.0
2024-03-12 09:00:00,0.691,0.6993,0.6907,0.69672,15259892.0
2024-03-12 10:00:00,0.69672,0.6968,0.68803,0.69486,11233717.0
2024-03-12 11:00:00,0.69486,0.70533,0.6928,0.70145,18250772.0
2024-03-12 12:00:00,0.70145,0.71428,0.688,0.70694,27085049.0
2024-03-12 13:00:00,0.70694,0.70767,0.69251,0.7011,19390513.0
2024-03-12 14:00:00,0.7011,0.70813,0.69001,0.69413,19325538.0
2024-03-12 15:00:00,0.69413,0.705,0.68727,0.70322,16350778.0
2024-03-12 16:00:00,0.70322,0.70428,0.67879,0.68141,32511522.0
2024-03-12 17:00:00,0.68141,0.68817,0.65811,0.68817,41604459.0
2024-03-12 18:00:00,0.68817,0.69176,0.68232,0.69064,7639220.0
2024-03-12 19:00:00,0.69064,0.69326,0.68713,0.69159,3161788.0
2024-03-12 20:00:00,0.69159,0.69159,0.68337,0.68543,3565552.0
2024-03-12 21:00:00,0.68543,0.68957,0.6837,0.6866,2107526.0
2024-03-12 22:00:00,0.6866,0.68879,0.68274,0.68742,2812167.0
2024-03-12 23:00:00,0.68742,0.6906,0.6843,0.6883,2663682.0
2024-03-13 00:00:00,0.6883,0.69294,0.68312,0.68539,6289218.0
2024-03-13 01:00:00,0.68539,0.69787,0.68214,0.69393,10323404.0
2024-03-13 02:00:00,0.69393,0.69842,0.6925,0.69633,4419814.0
2024-03-13 03:00:00,0.69633,0.70047,0.69428,0.69914,5615889.0
2024-03-13 04:00:00,0.69914,0.69917,0.69454,0.69654,3475801.0
2024-03-13 05:00:00,0.69654,0.70289,0.69398,0.69961,5556984.0
2024-03-13 06:00:00,0.69961,0.69999,0.6966,0.69857,3522029.0
2024-03-13 07:00:00,0.69857,0.70183,0.69487,0.69641,5461899.0
2024-03-13 08:00:00,0.69641,0.69944,0.69521,0.69824,3931340.0
2024-03-13 09:00:00,0.69824,0.6992,0.6937,0.69481,5718048.0
2024-03-13 10:00:00,0.69481,0.69481,0.69073,0.6927,6490924.0
2024-03-13 11:00:00,0.6927,0.69296,0.6875,0.68933,8396871.0
2024-03-13 12:00:00,0.68933,0.69142,0.68337,0.68637,7868151.0
2024-03-13 13:00:00,0.68637,0.6909,0.66849,0.6765,19121475.0
2024-03-13 14:00:00,0.6765,0.68137,0.67092,0.6739,9896767.0
2024-03-13 15:00:00,0.6739,0.68136,0.67101,0.67726,6268584.0
2024-03-13 16:00:00,0.67726,0.68489,0.67401,0.68489,6314155.0
2024-03-13 17:00:00,0.68489,0.68707,0.68029,0.6856,4916258.0
2024-03-13 18:00:00,0.6856,0.68945,0.68371,0.68651,1959517.0
2024-03-13 19:00:00,0.68651,0.6867,0.68267,0.68505,2998852.0
2024-03-13 20:00:00,0.68505,0.68705,0.6805,0.6813,3085067.0
2024-03-13 21:00:00,0.6813,0.68697,0.68053,0.68615,3022325.0
2024-03-13 22:00:00,0.68615,0.68694,0.6831,0.68618,2760820.0
2024-03-13 23:00:00,0.68618,0.69212,0.68607,0.68948,4871572.0
2024-03-14 00:00:00,0.68948,0.6901,0.68136,0.68283,4669419.0
2024-03-14 01:00:00,0.68283,0.68659,0.68082,0.68639,4190147.0
2024-03-14 02:00:00,0.68639,0.68884,0.6847,0.68513,1856330.0
2024-03-14 03:00:00,0.68513,0.6877,0.6831,0.68569,2728491.0
2024-03-14 04:00:00,0.68569,0.68629,0.67312,0.67663,10504769.0
2024-03-14 05:00:00,0.67663,0.68188,0.6749,0.67907,4781190.0
2024-03-14 06:00:00,0.67907,0.68503,0.67886,0.68461,3727730.0
2024-03-14 07:00:00,0.68461,0.68461,0.67891,0.68119,2874442.0
2024-03-14 08:00:00,0.68119,0.68578,0.67861,0.68275,5479094.0
2024-03-14 09:00:00,0.68275,0.70819,0.68275,0.69986,17590539.0
2024-03-14 10:00:00,0.69986,0.70077,0.68521,0.68829,18336808.0
2024-03-14 11:00:00,0.68829,0.68931,0.67718,0.68595,12404332.0
2024-03-14 12:00:00,0.68595,0.6907,0.68031,0.68624,9245504.0
2024-03-14 13:00:00,0.68624,0.6879,0.65994,0.6687,25262135.0
2024-03-14 14:00:00,0.6687,0.68249,0.66615,0.68081,16016335.0
2024-03-14 15:00:00,0.68081,0.68961,0.664,0.6692,17650174.0
2024-03-14 16:00:00,0.6692,0.67761,0.6609,0.67749,9862250.0
2024-03-14 17:00:00,0.67749,0.67833,0.67014,0.67711,3285301.0
2024-03-14 18:00:00,0.67711,0.67719,0.65186,0.66197,12759169.0
2024-03-14 19:00:00,0.66197,0.66472,0.63801,0.65168,23237593.0
2024-03-14 20:00:00,0.65168,0.66742,0.65103,0.66546,6611569.0
2024-03-14 21:00:00,0.66546,0.66886,0.66021,0.6685,4437958.0
2024-03-14 22:00:00,0.6685,0.67393,0.66811,0.66965,6468706.0
2024-03-14 23:00:00,0.66965,0.6722,0.66861,0.6695,2471388.0
2024-03-15 00:00:00,0.6695,0.67623,0.6674,0.67201,4087836.0
2024-03-15 01:00:00,0.67201,0.6742,0.66921,0.6701,3247695.0
2024-03-15 02:00:00,0.6701,0.67251,0.63229,0.64673,23919891.0
2024-03-15 03:00:00,0.64673,0.65126,0.60802,0.63684,33043745.0
2024-03-15 04:00:00,0.63684,0.63889,0.62307,0.62899,14068154.0
2024-03-15 05:00:00,0.62899,0.63727,0.62661,0.628,6415580.0
2024-03-15 06:00:00,0.628,0.64047,0.62736,0.63879,4663362.0
2024-03-15 07:00:00,0.63879,0.64064,0.63252,0.63584,5747918.0
2024-03-15 08:00:00,0.63584,0.63712,0.60917,0.61124,15465806.0
2024-03-15 09:00:00,0.61124,0.62481,0.594,0.62293,28861357.0
2024-03-15 10:00:00,0.62293,0.62554,0.61723,0.61825,7910818.0
2024-03-15 11:00:00,0.61825,0.62419,0.60665,0.62248,13978407.0
2024-03-15 12:00:00,0.62248,0.62602,0.61871,0.6252,6170442.0
2024-03-15 13:00:00,0.6252,0.63177,0.6205,0.63069,6436506.0
2024-03-15 14:00:00,0.63069,0.63183,0.62433,0.6315,4802671.0
2024-03-15 15:00:00,0.6315,0.6321,0.62615,0.62736,4464597.0
2024-03-15 16:00:00,0.62736,0.63028,0.6188,0.62555,5984303.0
2024-03-15 17:00:00,0.62555,0.63041,0.62151,0.63001,2364644.0
2024-03-15 18:00:00,0.63001,0.64244,0.62971,0.64212,6199287.0
2024-03-15 19:00:00,0.64212,0.64479,0.62729,0.63082,6666427.0
2024-03-15 20:00:00,0.63082,0.63151,0.61919,0.62227,4778285.0
2024-03-15 21:00:00,0.62227,0.6297,0.62198,0.62969,2026804.0
2024-03-15 22:00:00,0.62969,0.634,0.628,0.6333,2123282.0
2024-03-15 23:00:00,0.6333,0.6375,0.6305,0.63431,2029507.0
2024-03-16 00:00:00,0.63431,0.63925,0.6333,0.63561,3304283.0
2024-03-16 01:00:00,0.63561,0.64758,0.6344,0.6403,5482747.0
2024-03-16 02:00:00,0.6403,0.64194,0.6382,0.64103,2661673.0
2024-03-16 03:00:00,0.64103,0.64336,0.6385,0.64133,3852691.0
2024-03-16 04:00:00,0.64133,0.6427,0.63672,0.63958,2922148.0
2024-03-16 05:00:00,0.63958,0.63984,0.6307,0.63619,4954101.0
2024-03-16 06:00:00,0.63619,0.6393,0.63416,0.63801,2405980.0
2024-03-16 07:00:00,0.63801,0.64064,0.63515,0.6404,2910052.0
2024-03-16 08:00:00,0.6404,0.6427,0.63772,0.63995,2156752.0
2024-03-16 09:00:00,0.63995,0.64151,0.63761,0.63801,1604870.0
2024-03-16 10:00:00,0.63801,0.6389,0.6335,0.63421,5384558.0
2024-03-16 11:00:00,0.63421,0.63596,0.6242,0.63058,7306384.0
2024-03-16 12:00:00,0.63058,0.63122,0.62206,0.62286,5483306.0
2024-03-16 13:00:00,0.62286,0.62694,0.61482,0.6159,6895275.0
2024-03-16 14:00:00,0.6159,0.6233,0.61256,0.62283,8234398.0
2024-03-16 15:00:00,0.62283,0.6252,0.61791,0.62474,3330650.0
2024-03-16 16:00:00,0.62474,0.62563,0.61958,0.62126,3415392.0
2024-03-16 17:00:00,0.62126,0.62338,0.60977,0.61241,7097463.0
2024-03-16 18:00:00,0.61241,0.61481,0.59695,0.60384,15762450.0
2024-03-16 19:00:00,0.60384,0.61622,0.60364,0.60709,5008629.0
2024-03-16 20:00:00,0.60709,0.61503,0.60155,0.61141,4375209.0
2024-03-16 21:00:00,0.61141,0.613,0.60015,0.6048,4488385.0
2024-03-16 22:00:00,0.6048,0.61138,0.60076,0.60623,3691554.0
2024-03-16 23:00:00,0.60623,0.60633,0.59187,0.603,10202589.0
2024-03-17 00:00:00,0.603,0.61259,0.59982,0.60097,5332587.0
2024-03-17 01:00:00,0.60097,0.61199,0.60086,0.61111,4237163.0
2024-03-17 02:00:00,0.61111,0.616,0.60974,0.61398,2805250.0
2024-03-17 03:00:00,0.61398,0.61599,0.6127,0.6154,2166275.0
2024-03-17 04:00:00,0.6154,0.6155,0.61192,0.6136,1635687.0
2024-03-17 05:00:00,0.6136,0.6149,0.60811,0.61004,4084702.0
2024-03-17 06:00:00,0.61004,0.6113,0.59484,0.59531,6488204.0
2024-03-17 07:00:00,0.59531,0.60127,0.5863,0.6006,11262396.0
2024-03-17 08:00:00,0.6006,0.61191,0.59697,0.61063,5400974.0
2024-03-17 09:00:00,0.61063,0.615,0.60907,0.61458,4286420.0
2024-03-17 10:00:00,0.61458,0.61982,0.6142,0.61799,5018037.0
2024-03-17 11:00:00,0.61799,0.62032,0.61366,0.61469,3180783.0
2024-03-17 12:00:00,0.61469,0.61837,0.60581,0.60872,5364412.0
2024-03-17 13:00:00,0.60872,0.61749,0.60851,0.61569,3614077.0
2024-03-17 14:00:00,0.61569,0.61999,0.61351,0.61837,2693052.0
2024-03-17 15:00:00,0.61837,0.62219,0.616,0.62068,2557312.0
2024-03-17 16:00:00,0.62068,0.62292,0.61775,0.6198,3681964.0
2024-03-17 17:00:00,0.6198,0.62442,0.61807,0.62387,2475264.0
2024-03-17 18:00:00,0.62387,0.62387,0.61885,0.62125,1988984.0
2024-03-17 19:00:00,0.62125,0.6226,0.62,0.62223,1123254.0
2024-03-17 20:00:00,0.62223,0.62249,0.61933,0.61952,1490795.0
2024-03-17 21:00:00,0.61952,0.62112,0.6183,0.61985,1860042.0
2024-03-17 22:00:00,0.61985,0.62493,0.61959,0.62025,3080714.0
2024-03-17 23:00:00,0.62025,0.6213,0.61651,0.61931,3040187.0
2024-03-18 00:00:00,0.61931,0.61931,0.607,0.60741,5220366.0
2024-03-18 01:00:00,0.60741,0.61326,0.60229,0.6122,6532018.0
2024-03-18 02:00:00,0.6122,0.61812,0.61165,0.61524,2801617.0
2024-03-18 03:00:00,0.61524,0.62488,0.61505,0.6206,2486477.0
2024-03-18 04:00:00,0.6206,0.62369,0.61636,0.62325,3665003.0
2024-03-18 05:00:00,0.62325,0.62832,0.62079,0.62766,4094910.0
2024-03-18 06:00:00,0.62766,0.62769,0.62235,0.62307,4012449.0
2024-03-18 07:00:00,0.62307,0.62326,0.62,0.62166,3923538.0
2024-03-18 08:00:00,0.62166,0.62172,0.60935,0.61525,8576665.0
2024-03-18 09:00:00,0.61525,0.6153,0.60801,0.60978,5266903.0
2024-03-18 10:00:00,0.60978,0.61381,0.60801,0.61365,5855376.0
2024-03-18 11:00:00,0.61365,0.61532,0.61119,0.61205,1804852.0
2024-03-18 12:00:00,0.61205,0.61378,0.60757,0.61219,7022172.0
2024-03-18 13:00:00,0.61219,0.61248,0.6,0.60309,10269276.0
2024-03-18 14:00:00,0.60309,0.60612,0.59715,0.60228,9610167.0
2024-03-18 15:00:00,0.60228,0.60728,0.59957,0.60658,4862426.0
2024-03-18 16:00:00,0.60658,0.61091,0.60055,0.60311,4868352.0
2024-03-18 17:00:00,0.60311,0.60387,0.59417,0.60215,7649798.0
2024-03-18 18:00:00,0.60215,0.60581,0.60096,0.60407,2132073.0
2024-03-18 19:00:00,0.60407,0.60762,0.60066,0.60385,1907624.0
2024-03-18 20:00:00,0.60385,0.60844,0.60371,0.60792,1474643.0
2024-03-18 21:00:00,0.60792,0.6123,0.60775,0.61202,1550776.0
2024-03-18 22:00:00,0.61202,0.64586,0.61148,0.63301,24013757.0
2024-03-18 23:00:00,0.63301,0.66829,0.6322,0.64511,37280189.0
2024-03-19 00:00:00,0.64511,0.64908,0.6247,0.62993,18693957.0
2024-03-19 01:00:00,0.62993,0.63433,0.61461,0.61979,18200586.0
2024-03-19 02:00:00,0.61979,0.6237,0.61184,0.61473,7034827.0
2024-03-19 03:00:00,0.61473,0.61981,0.60446,0.61509,10398009.0
2024-03-19 04:00:00,0.61509,0.61633,0.60433,0.6053,5375840.0
2024-03-19 05:00:00,0.6053,0.60868,0.59367,0.60147,13374207.0
2024-03-19 06:00:00,0.60147,0.60438,0.5911,0.59837,7416688.0
2024-03-19 07:00:00,0.59837,0.59948,0.57734,0.59934,21554067.0
2024-03-19 08:00:00,0.59934,0.59986,0.57703,0.58043,15411358.0
2024-03-19 09:00:00,0.58043,0.5927,0.57058,0.58963,15870219.0
2024-03-19 10:00:00,0.58963,0.58963,0.57857,0.5855,8121830.0
2024-03-19 11:00:00,0.5855,0.59138,0.58015,0.59034,4767879.0
2024-03-19 12:00:00,0.59034,0.59935,0.58854,0.59675,7026428.0
2024-03-19 13:00:00,0.59675,0.59894,0.59302,0.59721,4345260.0
2024-03-19 14:00:00,0.59721,0.59815,0.58914,0.59591,3880917.0
2024-03-19 15:00:00,0.59591,0.6071,0.5925,0.60582,5707612.0
2024-03-19 16:00:00,0.60582,0.60935,0.60283,0.60785,3901520.0
2024-03-19 17:00:00,0.60785,0.6107,0.60318,0.60446,3740961.0
2024-03-19 18:00:00,0.60446,0.60756,0.60148,0.6058,3227636.0
2024-03-19 19:00:00,0.6058,0.611,0.60395,0.60695,2568157.0
2024-03-19 20:00:00,0.60695,0.60785,0.59787,0.60194,4807514.0
2024-03-19 21:00:00,0.60194,0.60336,0.59575,0.60089,4056323.0
2024-03-19 22:00:00,0.60089,0.6018,0.58232,0.58614,10070737.0
2024-03-19 23:00:00,0.58614,0.5886,0.57535,0.58464,10740473.0
2024-03-20 00:00:00,0.58464,0.5928,0.58024,0.5922,7647170.0
2024-03-20 01:00:00,0.5922,0.59257,0.57926,0.58433,4303658.0
2024-03-20 02:00:00,0.58433,0.59164,0.58212,0.59097,3998224.0
2024-03-20 03:00:00,0.59097,0.59484,0.5815,0.58347,6088829.0
2024-03-20 04:00:00,0.58347,0.5875,0.57354,0.57876,7923394.0
2024-03-20 05:00:00,0.57876,0.5813,0.56829,0.57909,11463810.0
2024-03-20 06:00:00,0.57909,0.58466,0.5788,0.58404,3937059.0
2024-03-20 07:00:00,0.58404,0.5963,0.58331,0.5949,7406633.0
2024-03-20 08:00:00,0.5949,0.59626,0.59029,0.59067,4988038.0
2024-03-20 09:00:00,0.59067,0.5965,0.59067,0.59233,3589047.0
2024-03-20 10:00:00,0.59233,0.5976,0.59161,0.59522,4265094.0
2024-03-20 11:00:00,0.59522,0.59969,0.59383,0.59658,3297190.0
2024-03-20 12:00:00,0.59658,0.60049,0.59419,0.59812,4331659.0
2024-03-20 13:00:00,0.59812,0.59836,0.59272,0.594,2761199.0
2024-03-20 14:00:00,0.594,0.5993,0.5923,0.59598,3642202.0
2024-03-20 15:00:00,0.59598,0.5978,0.58466,0.58648,5158039.0
2024-03-20 16:00:00,0.58648,0.58903,0.568,0.57835,13038008.0
2024-03-20 17:00:00,0.57835,0.5868,0.57506,0.58492,4707412.0
2024-03-20 18:00:00,0.58492,0.60257,0.58492,0.6021,5598638.0
2024-03-20 19:00:00,0.6021,0.60868,0.59928,0.60629,6555052.0
2024-03-20 20:00:00,0.60629,0.61853,0.6045,0.61169,9545671.0
2024-03-20 21:00:00,0.61169,0.61545,0.60958,0.613,4389175.0
2024-03-20 22:00:00,0.613,0.61697,0.60987,0.6128,5347057.0
2024-03-20 23:00:00,0.6128,0.61399,0.6101,0.6112,1617068.0
2024-03-21 00:00:00,0.6112,0.61144,0.60462,0.60857,3781895.0
2024-03-21 01:00:00,0.60857,0.6104,0.60593,0.60935,3086992.0
2024-03-21 02:00:00,0.60935,0.6114,0.60826,0.60983,1616867.0
2024-03-21 03:00:00,0.60983,0.61369,0.6052,0.6073,3050389.0
2024-03-21 04:00:00,0.6073,0.60919,0.604,0.6069,4487643.0
2024-03-21 05:00:00,0.6069,0.60694,0.59708,0.60449,5688329.0
2024-03-21 06:00:00,0.60449,0.60848,0.60275,0.60518,4338029.0
2024-03-21 07:00:00,0.60518,0.60907,0.6038,0.60477,5548334.0
2024-03-21 08:00:00,0.60477,0.61071,0.6046,0.60819,3051664.0
2024-03-21 09:00:00,0.60819,0.61483,0.60646,0.61483,3433277.0
2024-03-21 10:00:00,0.61483,0.6244,0.61461,0.61738,13492875.0
2024-03-21 11:00:00,0.61738,0.62018,0.614,0.61797,4092518.0
2024-03-21 12:00:00,0.61797,0.61978,0.6135,0.61641,3119702.0
2024-03-21 13:00:00,0.61641,0.6237,0.61581,0.6215,5806561.0
2024-03-21 14:00:00,0.6215,0.63443,0.6194,0.62856,12157156.0
2024-03-21 15:00:00,0.62856,0.65474,0.6244,0.63653,32666786.0
2024-03-21 16:00:00,0.63653,0.64136,0.62998,0.63931,10547814.0
2024-03-21 17:00:00,0.63931,0.6465,0.63327,0.64329,8619836.0
2024-03-21 18:00:00,0.64329,0.6454,0.628,0.63191,15870223.0
2024-03-21 19:00:00,0.63191,0.6435,0.63191,0.63591,6426622.0
2024-03-21 20:00:00,0.63591,0.64202,0.62898,0.63893,7441607.0
2024-03-21 21:00:00,0.63893,0.6399,0.63501,0.63764,2752981.0
2024-03-21 22:00:00,0.63764,0.6427,0.6357,0.63848,3890408.0
2024-03-21 23:00:00,0.63848,0.64274,0.63809,0.64071,2249723.0
2024-03-22 00:00:00,0.64071,0.64569,0.62877,0.63262,10250379.0
2024-03-22 01:00:00,0.63262,0.6335,0.62209,0.62471,8118169.0
2024-03-22 02:00:00,0.62471,0.63096,0.62331,0.63053,3342845.0
2024-03-22 03:00:00,0.63053,0.63631,0.62949,0.63626,5364472.0
2024-03-22 04:00:00,0.63626,0.638,0.63312,0.63701,3811096.0
2024-03-22 05:00:00,0.63701,0.63898,0.63391,0.63447,6169473.0
2024-03-22 06:00:00,0.63447,0.63688,0.63038,0.63161,4672117.0
2024-03-22 07:00:00,0.63161,0.63528,0.6295,0.63516,3579473.0
2024-03-22 08:00:00,0.63516,0.6383,0.62769,0.62871,6266673.0
2024-03-22 09:00:00,0.62871,0.63407,0.62867,0.63109,3711731.0
2024-03-22 10:00:00,0.63109,0.6312,0.62094,0.62164,8057606.0
2024-03-22 11:00:00,0.62164,0.62385,0.61363,0.61591,9719291.0
2024-03-22 12:00:00,0.61591,0.62134,0.61218,0.6205,7303669.0
2024-03-22 13:00:00,0.6205,0.62211,0.60231,0.60588,10589210.0
2024-03-22 14:00:00,0.60588,0.60748,0.5988,0.60513,9681083.0
2024-03-22 15:00:00,0.60513,0.61564,0.60457,0.61057,7555369.0
2024-03-22 16:00:00,0.61057,0.6107,0.60372,0.60818,4439635.0
2024-03-22 17:00:00,0.60818,0.6128,0.60704,0.61142,2870595.0
2024-03-22 18:00:00,0.61142,0.61377,0.60901,0.61208,1837728.0
2024-03-22 19:00:00,0.61208,0.61456,0.61013,0.6124,775732.0
2024-03-22 20:00:00,0.6124,0.61508,0.60965,0.6147,2552051.0
2024-03-22 21:00:00,0.6147,0.6149,0.60444,0.61012,3026477.0
2024-03-22 22:00:00,0.61012,0.6109,0.60445,0.60843,3026742.0
2024-03-22 23:00:00,0.60843,0.61202,0.60755,0.61197,1726117.0
2024-03-23 00:00:00,0.61197,0.61324,0.60932,0.61081,1796503.0
2024-03-23 01:00:00,0.61081,0.61691,0.61079,0.61516,2074958.0
2024-03-23 02:00:00,0.61516,0.61698,0.61084,0.6131,1822982.0
2024-03-23 03:00:00,0.6131,0.61312,0.60318,0.60873,2809481.0
2024-03-23 04:00:00,0.60873,0.61319,0.60834,0.61174,2576643.0
2024-03-23 05:00:00,0.61174,0.61332,0.6103,0.613,1578929.0
2024-03-23 06:00:00,0.613,0.61469,0.61157,0.61364,2035613.0
2024-03-23 07:00:00,0.61364,0.61828,0.61364,0.61624,2339014.0
2024-03-23 08:00:00,0.61624,0.61747,0.61474,0.61724,1277702.0
2024-03-23 09:00:00,0.61724,0.61934,0.61591,0.61931,1261991.0
2024-03-23 10:00:00,0.61931,0.62133,0.61737,0.61851,1761308.0
2024-03-23 11:00:00,0.61851,0.61999,0.61708,0.6194,1026419.0
2024-03-23 12:00:00,0.6194,0.62337,0.61883,0.62166,2175519.0
2024-03-23 13:00:00,0.62166,0.62714,0.62008,0.62494,5508773.0
2024-03-23 14:00:00,0.62494,0.6326,0.62396,0.63008,8479509.0
2024-03-23 15:00:00,0.63008,0.63169,0.62603,0.628,4304409.0
2024-03-23 16:00:00,0.628,0.62882,0.62453,0.62573,3012388.0
2024-03-23 17:00:00,0.62573,0.63157,0.62515,0.62841,2141118.0
2024-03-23 18:00:00,0.62841,0.63043,0.62798,0.62901,776145.0
2024-03-23 19:00:00,0.62901,0.63041,0.62433,0.62455,1359650.0
2024-03-23 20:00:00,0.62455,0.62578,0.62343,0.6238,2047220.0
2024-03-23 21:00:00,0.6238,0.6246,0.62176,0.62397,1685494.0
2024-03-23 22:00:00,0.62397,0.62459,0.62173,0.62246,919867.0
2024-03-23 23:00:00,0.62246,0.6227,0.6156,0.61643,3574291.0
2024-03-24 00:00:00,0.61643,0.62159,0.61638,0.62127,2584761.0
2024-03-24 01:00:00,0.62127,0.62199,0.61921,0.62069,988049.0
2024-03-24 02:00:00,0.62069,0.62119,0.61798,0.61908,1072035.0
2024-03-24 03:00:00,0.61908,0.61909,0.61378,0.61511,3232791.0
2024-03-24 04:00:00,0.61511,0.617,0.61348,0.617,1988381.0
2024-03-24 05:00:00,0.617,0.63388,0.6166,0.6261,6891095.0
2024-03-24 06:00:00,0.6261,0.63014,0.62258,0.62679,5620487.0
2024-03-24 07:00:00,0.62679,0.62789,0.62345,0.62696,2986161.0
2024-03-24 08:00:00,0.62696,0.63074,0.62575,0.6307,3158336.0
2024-03-24 09:00:00,0.6307,0.63388,0.62888,0.63107,5060383.0
2024-03-24 10:00:00,0.63107,0.63344,0.62971,0.63288,1740921.0
2024-03-24 11:00:00,0.63288,0.63337,0.6298,0.63089,2154308.0
2024-03-24 12:00:00,0.63089,0.63233,0.62786,0.62853,3360733.0
2024-03-24 13:00:00,0.62853,0.63453,0.62698,0.63191,4836933.0
2024-03-24 14:00:00,0.63191,0.6342,0.63107,0.63215,3898434.0
2024-03-24 15:00:00,0.63215,0.6334,0.63022,0.6317,3281527.0
2024-03-24 16:00:00,0.6317,0.63257,0.62749,0.62952,2069459.0
2024-03-24 17:00:00,0.62952,0.63026,0.62353,0.62727,4639751.0
2024-03-24 18:00:00,0.62727,0.63228,0.62712,0.63066,2084555.0
2024-03-24 19:00:00,0.63066,0.63206,0.62945,0.6301,2013056.0
2024-03-24 20:00:00,0.6301,0.634,0.62851,0.63138,2785700.0
2024-03-24 21:00:00,0.63138,0.63362,0.63122,0.6332,910369.0
2024-03-24 22:00:00,0.6332,0.63577,0.63209,0.6334,1885077.0
2024-03-24 23:00:00,0.6334,0.63588,0.63238,0.63271,4075765.0
2024-03-25 00:00:00,0.63271,0.63333,0.62876,0.6292,2287185.0
2024-03-25 01:00:00,0.6292,0.63251,0.6288,0.63084,1020557.0
2024-03-25 02:00:00,0.63084,0.63253,0.6291,0.63219,882557.0
2024-03-25 03:00:00,0.63219,0.63382,0.63064,0.63165,1419612.0
2024-03-25 04:00:00,0.63165,0.63499,0.63038,0.63498,2080266.0
2024-03-25 05:00:00,0.63498,0.63745,0.63333,0.63465,3460660.0
2024-03-25 06:00:00,0.63465,0.63489,0.63091,0.63201,5148284.0
2024-03-25 07:00:00,0.63201,0.63415,0.62771,0.62931,3497037.0
2024-03-25 08:00:00,0.62931,0.63249,0.62906,0.63229,2813334.0
2024-03-25 09:00:00,0.63229,0.63292,0.62998,0.63221,1418561.0
2024-03-25 10:00:00,0.63221,0.6344,0.63013,0.63142,3855456.0
2024-03-25 11:00:00,0.63142,0.63142,0.6265,0.62719,3961580.0
2024-03-25 12:00:00,0.62719,0.63082,0.62702,0.62965,2908883.0
2024-03-25 13:00:00,0.62965,0.63271,0.62721,0.63271,3220384.0
2024-03-25 14:00:00,0.63271,0.64488,0.6302,0.64365,11451358.0
2024-03-25 15:00:00,0.64365,0.6462,0.64064,0.64203,6921582.0
2024-03-25 16:00:00,0.64203,0.653,0.64029,0.65265,8982082.0
2024-03-25 17:00:00,0.65265,0.65345,0.64647,0.6493,5867620.0
2024-03-25 18:00:00,0.6493,0.65134,0.64732,0.65023,2820353.0
2024-03-25 19:00:00,0.65023,0.66283,0.63562,0.65545,26060116.0
2024-03-25 20:00:00,0.65545,0.65833,0.65167,0.65248,5178947.0
2024-03-25 21:00:00,0.65248,0.65265,0.6412,0.6436,7421086.0
2024-03-25 22:00:00,0.6436,0.6469,0.64289,0.64334,2996330.0
2024-03-25 23:00:00,0.64334,0.64476,0.638,0.64046,2939850.0
2024-03-26 00:00:00,0.64046,0.6449,0.63932,0.64465,2585291.0
2024-03-26 01:00:00,0.64465,0.64803,0.64384,0.64526,2495715.0
2024-03-26 02:00:00,0.64526,0.64627,0.64328,0.64627,1527486.0
2024-03-26 03:00:00,0.64627,0.6464,0.64359,0.64396,1799698.0
2024-03-26 04:00:00,0.64396,0.6471,0.6437,0.64703,4089270.0
2024-03-26 05:00:00,0.64703,0.6472,0.64381,0.64428,1774703.0
2024-03-26 06:00:00,0.64428,0.64897,0.6435,0.64836,2768616.0
2024-03-26 07:00:00,0.64836,0.65302,0.64556,0.64688,7004231.0
2024-03-26 08:00:00,0.64688,0.64855,0.64429,0.64568,4325775.0
2024-03-26 09:00:00,0.64568,0.64997,0.64539,0.64941,3431573.0
2024-03-26 10:00:00,0.64941,0.6506,0.6466,0.64883,2607815.0
2024-03-26 11:00:00,0.64883,0.64883,0.64338,0.6445,4161752.0
2024-03-26 12:00:00,0.6445,0.64507,0.63543,0.64501,7563889.0
2024-03-26 13:00:00,0.64501,0.64541,0.63358,0.63779,8952924.0
2024-03-26 14:00:00,0.63779,0.6394,0.62586,0.63538,12511341.0
2024-03-26 15:00:00,0.63538,0.6356,0.62928,0.63457,4419194.0
2024-03-26 16:00:00,0.63457,0.63601,0.62504,0.62931,9219171.0
2024-03-26 17:00:00,0.62931,0.63348,0.62851,0.63147,2002003.0
2024-03-26 18:00:00,0.63147,0.6357,0.63071,0.63339,1763569.0
2024-03-26 19:00:00,0.63339,0.6338,0.6288,0.6299,2307819.0
2024-03-26 20:00:00,0.6299,0.6333,0.6298,0.6321,1683065.0
2024-03-26 21:00:00,0.6321,0.6344,0.6319,0.63399,1565177.0
2024-03-26 22:00:00,0.63399,0.634,0.63,0.63332,1818987.0
2024-03-26 23:00:00,0.63332,0.634,0.632,0.63219,1942162.0
2024-03-27 00:00:00,0.63219,0.63434,0.62903,0.63429,4361473.0
2024-03-27 01:00:00,0.63429,0.63516,0.63209,0.63266,2277505.0
2024-03-27 02:00:00,0.63266,0.6334,0.63025,0.63335,1776688.0
2024-03-27 03:00:00,0.63335,0.63343,0.63147,0.63204,961362.0
2024-03-27 04:00:00,0.63204,0.6329,0.62856,0.62999,2553939.0
2024-03-27 05:00:00,0.62999,0.6313,0.62946,0.63014,2018382.0
2024-03-27 06:00:00,0.63014,0.6316,0.62732,0.6292,3483282.0
2024-03-27 07:00:00,0.6292,0.62949,0.61813,0.62061,10551418.0
2024-03-27 08:00:00,0.62061,0.62361,0.6155,0.61661,5891494.0
2024-03-27 09:00:00,0.61661,0.62113,0.61143,0.62074,7279520.0
2024-03-27 10:00:00,0.62074,0.6218,0.6172,0.61952,3442609.0
2024-03-27 11:00:00,0.61952,0.62311,0.61811,0.62214,3018357.0
2024-03-27 12:00:00,0.62214,0.62387,0.6203,0.62214,3791029.0
2024-03-27 13:00:00,0.62214,0.6301,0.61586,0.61891,11703376.0
2024-03-27 14:00:00,0.61891,0.6201,0.60548,0.61899,13326341.0
2024-03-27 15:00:00,0.61899,0.6191,0.611,0.611,7344400.0
2024-03-27 16:00:00,0.611,0.61581,0.60718,0.61575,5301881.0
2024-03-27 17:00:00,0.61575,0.6182,0.61421,0.61526,1667155.0
2024-03-27 18:00:00,0.61526,0.61603,0.60948,0.6101,2731119.0
2024-03-27 19:00:00,0.6101,0.61519,0.61005,0.61453,608975.0
2024-03-27 20:00:00,0.61453,0.61631,0.6129,0.6137,1373705.0
2024-03-27 21:00:00,0.6137,0.6158,0.61281,0.61298,721121.0
2024-03-27 22:00:00,0.61298,0.6149,0.61257,0.61483,985013.0
2024-03-27 23:00:00,0.61483,0.6149,0.60878,0.61198,3619992.0
2024-03-28 00:00:00,0.61198,0.61649,0.61132,0.61574,3103057.0
2024-03-28 01:00:00,0.61574,0.61617,0.60869,0.6098,4131089.0
2024-03-28 02:00:00,0.6098,0.612,0.6035,0.60688,4869939.0
2024-03-28 03:00:00,0.60688,0.60979,0.60604,0.60962,2013332.0
2024-03-28 04:00:00,0.60962,0.61263,0.6093,0.61257,1735268.0
2024-03-28 05:00:00,0.61257,0.61365,0.61154,0.61177,1185642.0
2024-03-28 06:00:00,0.61177,0.62444,0.61136,0.62143,6460392.0
2024-03-28 07:00:00,0.62143,0.6231,0.61786,0.62248,3889660.0
2024-03-28 08:00:00,0.62248,0.62473,0.62128,0.62354,4091469.0
2024-03-28 09:00:00,0.62354,0.6251,0.62172,0.62415,3319308.0
2024-03-28 10:00:00,0.62415,0.62415,0.61899,0.624,3681422.0
2024-03-28 11:00:00,0.624,0.62407,0.62028,0.6218,1688637.0
2024-03-28 12:00:00,0.6218,0.62363,0.618,0.6216,2913728.0
2024-03-28 13:00:00,0.6216,0.62459,0.61718,0.62148,3952802.0
2024-03-28 14:00:00,0.62148,0.62489,0.61912,0.6245,4339959.0
2024-03-28 15:00:00,0.6245,0.6247,0.62111,0.62277,2040743.0
2024-03-28 16:00:00,0.62277,0.63742,0.6199,0.63068,13691645.0
2024-03-28 17:00:00,0.63068,0.63636,0.62726,0.63444,9802172.0
2024-03-28 18:00:00,0.63444,0.63445,0.62843,0.63029,3402642.0
2024-03-28 19:00:00,0.63029,0.632,0.62716,0.6277,4532585.0
2024-03-28 20:00:00,0.6277,0.62939,0.62708,0.62858,2010189.0
2024-03-28 21:00:00,0.62858,0.63038,0.62603,0.62695,3891534.0
2024-03-28 22:00:00,0.62695,0.62695,0.62328,0.62551,3167937.0
2024-03-28 23:00:00,0.62551,0.6277,0.62411,0.62485,1399877.0
2024-03-29 00:00:00,0.62485,0.62526,0.62151,0.624,2954431.0
2024-03-29 01:00:00,0.624,0.62586,0.62272,0.62328,1713418.0
2024-03-29 02:00:00,0.62328,0.62353,0.61975,0.62245,4176236.0
2024-03-29 03:00:00,0.62245,0.62366,0.61981,0.62146,1812044.0
2024-03-29 04:00:00,0.62146,0.62376,0.62,0.62102,1691510.0
2024-03-29 05:00:00,0.62102,0.62201,0.61658,0.61751,4211137.0
2024-03-29 06:00:00,0.61751,0.6202,0.61462,0.61874,3820681.0
2024-03-29 07:00:00,0.61874,0.61907,0.609,0.61059,4877550.0
2024-03-29 08:00:00,0.61059,0.61539,0.61051,0.61477,3322453.0
2024-03-29 09:00:00,0.61477,0.61588,0.6122,0.61518,2983722.0
2024-03-29 10:00:00,0.61518,0.6276,0.61329,0.62742,6058204.0
2024-03-29 11:00:00,0.62742,0.63187,0.62579,0.6296,7279244.0
2024-03-29 12:00:00,0.6296,0.63473,0.62852,0.62874,5630398.0
2024-03-29 13:00:00,0.62874,0.63047,0.62669,0.62899,2803307.0
2024-03-29 14:00:00,0.62899,0.64597,0.62897,0.63488,14048302.0
2024-03-29 15:00:00,0.63488,0.6383,0.62057,0.6248,11946405.0
2024-03-29 16:00:00,0.6248,0.63072,0.6248,0.62989,4179991.0
2024-03-29 17:00:00,0.62989,0.6366,0.6287,0.6329,4256748.0
2024-03-29 18:00:00,0.6329,0.634,0.62516,0.62656,4360056.0
2024-03-29 19:00:00,0.62656,0.6267,0.62386,0.62647,1377686.0
2024-03-29 20:00:00,0.62647,0.62751,0.62406,0.62751,2582780.0
2024-03-29 21:00:00,0.62751,0.6281,0.62082,0.62489,3566397.0
2024-03-29 22:00:00,0.62489,0.6291,0.62469,0.62901,1432828.0
2024-03-29 23:00:00,0.62901,0.6326,0.62827,0.63039,1404588.0
2024-03-30 00:00:00,0.63039,0.6309,0.62726,0.63015,1424410.0
2024-03-30 01:00:00,0.63015,0.632,0.6266,0.62785,1971253.0
2024-03-30 02:00:00,0.62785,0.6282,0.6254,0.62765,779639.0
2024-03-30 03:00:00,0.62765,0.6287,0.624,0.6257,2052899.0
2024-03-30 04:00:00,0.6257,0.62744,0.625,0.62717,656510.0
2024-03-30 05:00:00,0.62717,0.62839,0.62579,0.62776,1103308.0
2024-03-30 06:00:00,0.62776,0.62781,0.62285,0.6245,2270001.0
2024-03-30 07:00:00,0.6245,0.62562,0.62236,0.62271,1805626.0
2024-03-30 08:00:00,0.62271,0.6251,0.62096,0.62367,2246394.0
2024-03-30 09:00:00,0.62367,0.62561,0.62261,0.62525,734633.0
2024-03-30 10:00:00,0.62525,0.6258,0.6233,0.62555,1058378.0
2024-03-30 11:00:00,0.62555,0.62811,0.62555,0.62765,1946165.0
2024-03-30 12:00:00,0.62765,0.62921,0.62681,0.62808,1576541.0
2024-03-30 13:00:00,0.62808,0.62825,0.62564,0.62671,2126458.0
2024-03-30 14:00:00,0.62671,0.63779,0.62615,0.63411,7202703.0
2024-03-30 15:00:00,0.63411,0.6357,0.62866,0.62918,6668693.0
2024-03-30 16:00:00,0.62918,0.63352,0.62739,0.6325,4535165.0
2024-03-30 17:00:00,0.6325,0.6327,0.63091,0.63219,1678620.0
2024-03-30 18:00:00,0.63219,0.63244,0.63035,0.63035,1529574.0
2024-03-30 19:00:00,0.63035,0.63039,0.62312,0.62731,3191780.0
2024-03-30 20:00:00,0.62731,0.62811,0.62522,0.62522,1174438.0
2024-03-30 21:00:00,0.62522,0.6258,0.61919,0.62199,3114000.0
2024-03-30 22:00:00,0.62199,0.62261,0.61943,0.62034,2688016.0
2024-03-30 23:00:00,0.62034,0.62208,0.61785,0.62141,1758018.0
2024-03-31 00:00:00,0.62141,0.62415,0.6208,0.62372,3142269.0
2024-03-31 01:00:00,0.62372,0.6254,0.6233,0.62392,1132351.0
2024-03-31 02:00:00,0.62392,0.6261,0.62334,0.6257,1563038.0
2024-03-31 03:00:00,0.6257,0.62575,0.62223,0.62271,2193439.0
2024-03-31 04:00:00,0.62271,0.62405,0.62163,0.62357,1444683.0
2024-03-31 05:00:00,0.62357,0.62625,0.62313,0.62615,2257217.0
2024-03-31 06:00:00,0.62615,0.62723,0.62552,0.62631,1312972.0
2024-03-31 07:00:00,0.62631,0.62849,0.62621,0.62757,1350963.0
2024-03-31 08:00:00,0.62757,0.62923,0.62692,0.6275,2176880.0
2024-03-31 09:00:00,0.6275,0.62795,0.62634,0.62668,935842.0
2024-03-31 10:00:00,0.62668,0.62711,0.62519,0.6265,1812527.0
2024-03-31 11:00:00,0.6265,0.62719,0.62583,0.62698,1372811.0
2024-03-31 12:00:00,0.62698,0.62835,0.62589,0.62735,2772252.0
2024-03-31 13:00:00,0.62735,0.62903,0.62716,0.62828,1302981.0
2024-03-31 14:00:00,0.62828,0.62885,0.62715,0.62779,1686497.0
2024-03-31 15:00:00,0.62779,0.6284,0.62658,0.62672,1962948.0
2024-03-31 16:00:00,0.62672,0.62828,0.62586,0.62604,1895601.0
2024-03-31 17:00:00,0.62604,0.62715,0.6259,0.62645,538090.0
2024-03-31 18:00:00,0.62645,0.63064,0.62542,0.62791,2331810.0
2024-03-31 19:00:00,0.62791,0.62999,0.62522,0.62935,1655864.0
2024-03-31 20:00:00,0.62935,0.6301,0.6275,0.62804,1269343.0
2024-03-31 21:00:00,0.62804,0.62834,0.62548,0.6271,2129036.0
2024-03-31 22:00:00,0.6271,0.62888,0.62672,0.62884,944188.0
2024-03-31 23:00:00,0.62884,0.62994,0.62821,0.62939,1174820.0
2024-04-01 00:00:00,0.62939,0.63419,0.62846,0.63183,4120704.0
2024-04-01 01:00:00,0.63183,0.63188,0.62783,0.63075,1909190.0
2024-04-01 02:00:00,0.63075,0.63139,0.62877,0.63021,1167664.0
2024-04-01 03:00:00,0.63021,0.63029,0.62743,0.6278,2174813.0
2024-04-01 04:00:00,0.6278,0.62826,0.62643,0.62781,1690439.0
2024-04-01 05:00:00,0.62781,0.62938,0.5993,0.60719,21680061.0
2024-04-01 06:00:00,0.60719,0.61558,0.6046,0.61346,7877504.0
2024-04-01 07:00:00,0.61346,0.61621,0.61267,0.6157,3415368.0
2024-04-01 08:00:00,0.6157,0.6157,0.60828,0.6111,7487349.0
2024-04-01 09:00:00,0.6111,0.613,0.608,0.61012,2148191.0
2024-04-01 10:00:00,0.61012,0.61181,0.60725,0.61133,4309812.0
2024-04-01 11:00:00,0.61133,0.6129,0.60868,0.60968,3490429.0
2024-04-01 12:00:00,0.60968,0.6129,0.60896,0.61278,2097249.0
2024-04-01 13:00:00,0.61278,0.6149,0.6103,0.61368,3006746.0
2024-04-01 14:00:00,0.61368,0.61443,0.60046,0.60238,10857773.0
2024-04-01 15:00:00,0.60238,0.60419,0.59465,0.59988,12760267.0
2024-04-01 16:00:00,0.59988,0.60607,0.59847,0.6045,5038676.0
2024-04-01 17:00:00,0.6045,0.60829,0.60185,0.60773,2748112.0
2024-04-01 18:00:00,0.60773,0.6095,0.60527,0.60712,1900281.0
2024-04-01 19:00:00,0.60712,0.61182,0.60617,0.61127,2539238.0
2024-04-01 20:00:00,0.61127,0.61382,0.61041,0.6135,2505006.0
2024-04-01 21:00:00,0.6135,0.61467,0.6124,0.61288,2488388.0
2024-04-01 22:00:00,0.61288,0.61342,0.61141,0.61227,1034480.0
2024-04-01 23:00:00,0.61227,0.61378,0.61068,0.61128,990313.0
2024-04-02 00:00:00,0.61128,0.61151,0.60589,0.60948,3255844.0
2024-04-02 01:00:00,0.60948,0.61839,0.6083,0.61548,9368858.0
2024-04-02 02:00:00,0.61548,0.61842,0.58318,0.59817,25251898.0
2024-04-02 03:00:00,0.59817,0.60217,0.59187,0.5956,6456960.0
2024-04-02 04:00:00,0.5956,0.60291,0.59418,0.5997,4657805.0
2024-04-02 05:00:00,0.5997,0.59971,0.59357,0.59772,3231360.0
2024-04-02 06:00:00,0.59772,0.60195,0.59655,0.60119,4645241.0
2024-04-02 07:00:00,0.60119,0.60366,0.59867,0.59973,3869124.0
2024-04-02 08:00:00,0.59973,0.602,0.59219,0.59342,5379499.0
2024-04-02 09:00:00,0.59342,0.5953,0.58795,0.58911,9121261.0
2024-04-02 10:00:00,0.58911,0.59168,0.58318,0.58836,7246726.0
2024-04-02 11:00:00,0.58836,0.58921,0.58026,0.58874,7168573.0
2024-04-02 12:00:00,0.58874,0.5909,0.58568,0.58729,2952208.0
2024-04-02 13:00:00,0.58729,0.58733,0.57925,0.58402,5748951.0
2024-04-02 14:00:00,0.58402,0.59359,0.58398,0.58935,4861229.0
2024-04-02 15:00:00,0.58935,0.59252,0.58028,0.58148,3479113.0
2024-04-02 16:00:00,0.58148,0.5881,0.57958,0.58729,3055246.0
2024-04-02 17:00:00,0.58729,0.59187,0.5872,0.59126,2310385.0
2024-04-02 18:00:00,0.59126,0.59325,0.58967,0.59193,3263527.0
2024-04-02 19:00:00,0.59193,0.59335,0.58999,0.59096,1947522.0
2024-04-02 20:00:00,0.59096,0.59433,0.589,0.58927,4010623.0
2024-04-02 21:00:00,0.58927,0.58963,0.5842,0.58763,2468113.0
2024-04-02 22:00:00,0.58763,0.58923,0.58629,0.58883,1207883.0
2024-04-02 23:00:00,0.58883,0.58893,0.58471,0.58547,1334758.0
2024-04-03 00:00:00,0.58547,0.588,0.56625,0.5781,14909125.0
2024-04-03 01:00:00,0.5781,0.58489,0.57248,0.5839,6202942.0
2024-04-03 02:00:00,0.5839,0.58543,0.58182,0.58402,3665966.0
2024-04-03 03:00:00,0.58402,0.58589,0.58158,0.58531,2013012.0
2024-04-03 04:00:00,0.58531,0.58793,0.58462,0.58789,3399163.0
2024-04-03 05:00:00,0.58789,0.588,0.58308,0.58525,3981134.0
2024-04-03 06:00:00,0.58525,0.5879,0.58478,0.58697,2145654.0
2024-04-03 07:00:00,0.58697,0.5912,0.5861,0.5882,2351525.0
2024-04-03 08:00:00,0.5882,0.5923,0.58528,0.59111,3742638.0
2024-04-03 09:00:00,0.59111,0.59302,0.5891,0.59238,3657481.0
2024-04-03 10:00:00,0.59238,0.59248,0.58628,0.5877,3410461.0
2024-04-03 11:00:00,0.5877,0.58773,0.58062,0.58296,4729951.0
2024-04-03 12:00:00,0.58296,0.58395,0.57848,0.58115,3113375.0
2024-04-03 13:00:00,0.58115,0.583,0.57591,0.57885,3571218.0
2024-04-03 14:00:00,0.57885,0.58553,0.57885,0.58452,3730403.0
2024-04-03 15:00:00,0.58452,0.5855,0.57867,0.58013,2203253.0
2024-04-03 16:00:00,0.58013,0.58385,0.57902,0.58343,2299716.0
2024-04-03 17:00:00,0.58343,0.58448,0.57718,0.57943,2204752.0
2024-04-03 18:00:00,0.57943,0.57943,0.57245,0.57741,2704038.0
2024-04-03 19:00:00,0.57741,0.57813,0.5741,0.57558,799502.0
2024-04-03 20:00:00,0.57558,0.57593,0.5692,0.57162,3156151.0
2024-04-03 21:00:00,0.57162,0.57274,0.5665,0.57137,5206714.0
2024-04-03 22:00:00,0.57137,0.57563,0.57041,0.57508,2598536.0
2024-04-03 23:00:00,0.57508,0.57668,0.57388,0.57422,900200.0
2024-04-04 00:00:00,0.57422,0.57854,0.57341,0.57791,1747159.0
2024-04-04 01:00:00,0.57791,0.57849,0.57238,0.57476,1947167.0
2024-04-04 02:00:00,0.57476,0.57476,0.56526,0.57042,6146795.0
2024-04-04 03:00:00,0.57042,0.57122,0.5669,0.56871,2746314.0
2024-04-04 04:00:00,0.56871,0.56997,0.56243,0.56841,5232022.0
2024-04-04 05:00:00,0.56841,0.57228,0.5681,0.5714,1937637.0
2024-04-04 06:00:00,0.5714,0.57243,0.5683,0.57161,2392808.0
2024-04-04 07:00:00,0.57161,0.57673,0.5706,0.57349,4848957.0
2024-04-04 08:00:00,0.57349,0.5795,0.57281,0.57608,2541841.0
2024-04-04 09:00:00,0.57608,0.5792,0.57496,0.57614,2732426.0
2024-04-04 10:00:00,0.57614,0.57749,0.5755,0.5758,2187929.0
2024-04-04 11:00:00,0.5758,0.5773,0.5742,0.57514,965882.0
2024-04-04 12:00:00,0.57514,0.5795,0.57514,0.57869,2438881.0
2024-04-04 13:00:00,0.57869,0.6169,0.57862,0.5962,67251078.0
2024-04-04 14:00:00,0.5962,0.60073,0.59425,0.59642,8760152.0
2024-04-04 15:00:00,0.59642,0.5965,0.5896,0.59406,7809415.0
2024-04-04 16:00:00,0.59406,0.59962,0.594,0.59804,6423620.0
2024-04-04 17:00:00,0.59804,0.60423,0.59793,0.60319,4470912.0
2024-04-04 18:00:00,0.60319,0.605,0.59641,0.59771,4491538.0
2024-04-04 19:00:00,0.59771,0.6004,0.59603,0.59613,2737905.0
2024-04-04 20:00:00,0.59613,0.5967,0.5849,0.59117,5613956.0
2024-04-04 21:00:00,0.59117,0.59229,0.5859,0.58969,2533247.0
2024-04-04 22:00:00,0.58969,0.59189,0.58672,0.58991,2387370.0
2024-04-04 23:00:00,0.58991,0.5938,0.5889,0.59366,1499862.0
2024-04-05 00:00:00,0.59366,0.594,0.58891,0.5922,2662185.0
2024-04-05 01:00:00,0.5922,0.5922,0.58478,0.58728,3208406.0
2024-04-05 02:00:00,0.58728,0.5875,0.57889,0.58205,6548018.0
2024-04-05 03:00:00,0.58205,0.5882,0.58182,0.58808,2584842.0
2024-04-05 04:00:00,0.58808,0.58808,0.58231,0.58505,3752896.0
2024-04-05 05:00:00,0.58505,0.58609,0.57604,0.58041,5688070.0
2024-04-05 06:00:00,0.58041,0.58297,0.57803,0.5829,4059108.0
2024-04-05 07:00:00,0.5829,0.58378,0.5793,0.58185,4285916.0
2024-04-05 08:00:00,0.58185,0.58769,0.58106,0.58283,3804062.0
2024-04-05 09:00:00,0.58283,0.58283,0.57284,0.57758,5348254.0
2024-04-05 10:00:00,0.57758,0.5783,0.57262,0.57782,2897738.0
2024-04-05 11:00:00,0.57782,0.57886,0.57153,0.5723,2391579.0
2024-04-05 12:00:00,0.5723,0.57678,0.5684,0.57649,6227587.0
2024-04-05 13:00:00,0.57649,0.57922,0.5741,0.57799,2522904.0
2024-04-05 14:00:00,0.57799,0.58291,0.57676,0.58168,3304864.0
2024-04-05 15:00:00,0.58168,0.58334,0.5801,0.58334,2539360.0
2024-04-05 16:00:00,0.58334,0.58499,0.58062,0.58449,3142564.0
2024-04-05 17:00:00,0.58449,0.58539,0.58287,0.5838,1193953.0
2024-04-05 18:00:00,0.5838,0.5875,0.58371,0.58725,1110291.0
2024-04-05 19:00:00,0.58725,0.59103,0.58725,0.58863,2273071.0
2024-04-05 20:00:00,0.58863,0.5912,0.58722,0.58984,1960903.0
2024-04-05 21:00:00,0.58984,0.5906,0.58685,0.5882,1812453.0
2024-04-05 22:00:00,0.5882,0.58878,0.58622,0.58673,1268645.0
2024-04-05 23:00:00,0.58673,0.58848,0.58668,0.58706,1118797.0
2024-04-06 00:00:00,0.58706,0.58882,0.5855,0.58811,1635457.0
2024-04-06 01:00:00,0.58811,0.58951,0.58727,0.58835,1291439.0
2024-04-06 02:00:00,0.58835,0.59072,0.58759,0.589,1366955.0
2024-04-06 03:00:00,0.589,0.5907,0.58831,0.58939,777677.0
2024-04-06 04:00:00,0.58939,0.59132,0.58936,0.59116,1416126.0
2024-04-06 05:00:00,0.59116,0.5924,0.5895,0.59035,1904299.0
2024-04-06 06:00:00,0.59035,0.5913,0.58868,0.59084,1037087.0
2024-04-06 07:00:00,0.59084,0.59111,0.58928,0.58984,889507.0
2024-04-06 08:00:00,0.58984,0.59169,0.58934,0.59137,1028845.0
2024-04-06 09:00:00,0.59137,0.5924,0.58846,0.5893,1815602.0
2024-04-06 10:00:00,0.5893,0.59018,0.58824,0.58915,1013100.0
2024-04-06 11:00:00,0.58915,0.58952,0.58724,0.58788,1594158.0
2024-04-06 12:00:00,0.58788,0.58865,0.587,0.58806,923744.0
2024-04-06 13:00:00,0.58806,0.5888,0.58678,0.58726,1425537.0
2024-04-06 14:00:00,0.58726,0.5908,0.58708,0.59033,916790.0
2024-04-06 15:00:00,0.59033,0.59684,0.5896,0.59412,4263659.0
2024-04-06 16:00:00,0.59412,0.59479,0.59197,0.59323,1161609.0
2024-04-06 17:00:00,0.59323,0.5945,0.58834,0.59004,2586552.0
2024-04-06 18:00:00,0.59004,0.59122,0.58943,0.59042,948823.0
2024-04-06 19:00:00,0.59042,0.5909,0.58969,0.59071,311262.0
2024-04-06 20:00:00,0.59071,0.59084,0.58962,0.59083,371334.0
2024-04-06 21:00:00,0.59083,0.59115,0.58888,0.58943,1793298.0
2024-04-06 22:00:00,0.58943,0.59514,0.58942,0.59417,2406675.0
2024-04-06 23:00:00,0.59417,0.59876,0.59237,0.59293,3797167.0
2024-04-07 00:00:00,0.59293,0.59505,0.59246,0.59455,761221.0
2024-04-07 01:00:00,0.59455,0.59799,0.59443,0.5965,1290705.0
2024-04-07 02:00:00,0.5965,0.59736,0.59343,0.59424,1904745.0
2024-04-07 03:00:00,0.59424,0.59553,0.5938,0.59491,1284879.0
2024-04-07 04:00:00,0.59491,0.59576,0.59414,0.59496,1340050.0
2024-04-07 05:00:00,0.59496,0.59676,0.59481,0.59674,1264652.0
2024-04-07 06:00:00,0.59674,0.59676,0.59478,0.59503,1400335.0
2024-04-07 07:00:00,0.59503,0.5966,0.59483,0.59569,1103544.0
2024-04-07 08:00:00,0.59569,0.5971,0.595,0.59696,833828.0
2024-04-07 09:00:00,0.59696,0.59884,0.59513,0.59616,2976396.0
2024-04-07 10:00:00,0.59616,0.59719,0.59542,0.59711,667674.0
2024-04-07 11:00:00,0.59711,0.59738,0.59575,0.59734,876451.0
2024-04-07 12:00:00,0.59734,0.59746,0.59533,0.59596,1715786.0
2024-04-07 13:00:00,0.59596,0.60261,0.59574,0.59951,4737536.0
2024-04-07 14:00:00,0.59951,0.60196,0.59793,0.60144,3231930.0
2024-04-07 15:00:00,0.60144,0.60176,0.59503,0.59633,2483012.0
2024-04-07 16:00:00,0.59633,0.60075,0.59587,0.59716,2223199.0
2024-04-07 17:00:00,0.59716,0.59716,0.59455,0.59536,1760570.0
2024-04-07 18:00:00,0.59536,0.59552,0.59275,0.59366,1656472.0
2024-04-07 19:00:00,0.59366,0.59412,0.58888,0.59089,2805055.0
2024-04-07 20:00:00,0.59089,0.59431,0.59087,0.59258,1263373.0
2024-04-07 21:00:00,0.59258,0.59265,0.59053,0.59086,1166375.0
2024-04-07 22:00:00,0.59086,0.59306,0.58958,0.59263,883548.0
2024-04-07 23:00:00,0.59263,0.5951,0.59256,0.59445,2530820.0
2024-04-08 00:00:00,0.59445,0.59448,0.59044,0.59203,2109098.0
2024-04-08 01:00:00,0.59203,0.59455,0.59137,0.59335,1150284.0
2024-04-08 02:00:00,0.59335,0.59365,0.58919,0.59075,1806847.0
2024-04-08 03:00:00,0.59075,0.592,0.58819,0.59188,3271872.0
2024-04-08 04:00:00,0.59188,0.5923,0.58956,0.5918,1175990.0
2024-04-08 05:00:00,0.5918,0.59317,0.59179,0.59235,1296819.0
2024-04-08 06:00:00,0.59235,0.5985,0.59075,0.59676,4806212.0
2024-04-08 07:00:00,0.59676,0.60499,0.59657,0.60176,7049806.0
2024-04-08 08:00:00,0.60176,0.60999,0.60093,0.60805,8232699.0
2024-04-08 09:00:00,0.60805,0.61189,0.60573,0.60758,6156846.0
2024-04-08 10:00:00,0.60758,0.60898,0.60601,0.60823,2691165.0
2024-04-08 11:00:00,0.60823,0.60888,0.60628,0.60764,2336960.0
2024-04-08 12:00:00,0.60764,0.61127,0.6066,0.60674,3419258.0
2024-04-08 13:00:00,0.60674,0.61762,0.60273,0.61429,13524738.0
2024-04-08 14:00:00,0.61429,0.619,0.60998,0.61478,6822805.0
2024-04-08 15:00:00,0.61478,0.6179,0.61368,0.61531,4204642.0
2024-04-08 16:00:00,0.61531,0.62575,0.6148,0.61767,9982868.0
2024-04-08 17:00:00,0.61767,0.6251,0.61759,0.62355,3193673.0
2024-04-08 18:00:00,0.62355,0.62634,0.622,0.62482,3769667.0
2024-04-08 19:00:00,0.62482,0.62652,0.62178,0.62482,3339521.0
2024-04-08 20:00:00,0.62482,0.62585,0.62051,0.62149,1477537.0
2024-04-08 21:00:00,0.62149,0.62312,0.61803,0.61888,2760983.0
2024-04-08 22:00:00,0.61888,0.6193,0.6164,0.61892,2026693.0
2024-04-08 23:00:00,0.61892,0.6193,0.6151,0.61515,2422528.0
2024-04-09 00:00:00,0.61515,0.6171,0.61348,0.61568,2686189.0
2024-04-09 01:00:00,0.61568,0.61692,0.61205,0.61324,3280394.0
2024-04-09 02:00:00,0.61324,0.61681,0.61291,0.61617,1574613.0
2024-04-09 03:00:00,0.61617,0.61699,0.61205,0.61376,1773543.0
2024-04-09 04:00:00,0.61376,0.61629,0.61221,0.61565,2100157.0
2024-04-09 05:00:00,0.61565,0.61909,0.61552,0.61681,2875445.0
2024-04-09 06:00:00,0.61681,0.62066,0.61358,0.61739,5669209.0
2024-04-09 07:00:00,0.61739,0.6195,0.6073,0.60869,8683080.0
2024-04-09 08:00:00,0.60869,0.60983,0.60127,0.60936,8408287.0
2024-04-09 09:00:00,0.60936,0.61059,0.60662,0.60751,2267408.0
2024-04-09 10:00:00,0.60751,0.61089,0.60654,0.61026,1745216.0
2024-04-09 11:00:00,0.61026,0.6264,0.61018,0.6241,7945922.0
2024-04-09 12:00:00,0.6241,0.64367,0.6241,0.63038,35337266.0
2024-04-09 13:00:00,0.63038,0.63355,0.6242,0.625,10526537.0
2024-04-09 14:00:00,0.625,0.63233,0.61135,0.61781,17316985.0
2024-04-09 15:00:00,0.61781,0.62273,0.6115,0.62211,5775743.0
2024-04-09 16:00:00,0.62211,0.6224,0.61392,0.61548,3946451.0
2024-04-09 17:00:00,0.61548,0.62367,0.61072,0.6219,7222438.0
2024-04-09 18:00:00,0.6219,0.6232,0.61994,0.62309,2973899.0
2024-04-09 19:00:00,0.62309,0.62509,0.62054,0.62459,7543261.0
2024-04-09 20:00:00,0.62459,0.62653,0.6232,0.62653,882431.0
2024-04-09 21:00:00,0.62653,0.62773,0.62054,0.6237,6145355.0
2024-04-09 22:00:00,0.6237,0.62429,0.62124,0.62265,1143181.0
2024-04-09 23:00:00,0.62265,0.62273,0.60972,0.61396,5961592.0
2024-04-10 00:00:00,0.61396,0.61553,0.6112,0.61388,2991721.0
2024-04-10 01:00:00,0.61388,0.61392,0.60534,0.61148,7061722.0
2024-04-10 02:00:00,0.61148,0.61393,0.60056,0.60254,6072513.0
2024-04-10 03:00:00,0.60254,0.60713,0.60136,0.60673,3567626.0
2024-04-10 04:00:00,0.60673,0.60894,0.60581,0.60864,2064579.0
2024-04-10 05:00:00,0.60864,0.6117,0.60848,0.60968,3826700.0
2024-04-10 06:00:00,0.60968,0.61538,0.60815,0.61312,5531422.0
2024-04-10 07:00:00,0.61312,0.6163,0.61174,0.61454,5241777.0
2024-04-10 08:00:00,0.61454,0.61584,0.6077,0.61208,8077209.0
2024-04-10 09:00:00,0.61208,0.61643,0.60981,0.61231,5362393.0
2024-04-10 10:00:00,0.61231,0.61473,0.60536,0.61286,8541916.0
2024-04-10 11:00:00,0.61286,0.61391,0.6115,0.6127,2284006.0
2024-04-10 12:00:00,0.6127,0.61378,0.59165,0.60223,19609827.0
2024-04-10 13:00:00,0.60223,0.60392,0.59778,0.60352,6084126.0
2024-04-10 14:00:00,0.60352,0.60648,0.60156,0.60545,5780715.0
2024-04-10 15:00:00,0.60545,0.60834,0.60297,0.6076,3156892.0
2024-04-10 16:00:00,0.6076,0.61604,0.60411,0.61484,5147005.0
2024-04-10 17:00:00,0.61484,0.61735,0.6124,0.6154,3491749.0
2024-04-10 18:00:00,0.6154,0.62014,0.61307,0.6186,2806257.0
2024-04-10 19:00:00,0.6186,0.6194,0.6155,0.61867,1891638.0
2024-04-10 20:00:00,0.61867,0.61941,0.6145,0.61461,3836986.0
2024-04-10 21:00:00,0.61461,0.61661,0.61254,0.61623,3195861.0
2024-04-10 22:00:00,0.61623,0.62033,0.6162,0.61708,6671302.0
2024-04-10 23:00:00,0.61708,0.61927,0.61675,0.6171,1621244.0
2024-04-11 00:00:00,0.6171,0.62091,0.6148,0.62023,2721438.0
2024-04-11 01:00:00,0.62023,0.6203,0.617,0.61849,1765729.0
2024-04-11 02:00:00,0.61849,0.62021,0.61748,0.61862,1811858.0
2024-04-11 03:00:00,0.61862,0.62114,0.61656,0.62,1512646.0
2024-04-11 04:00:00,0.62,0.62039,0.61612,0.61819,3228626.0
2024-04-11 05:00:00,0.61819,0.61968,0.6173,0.61771,1796146.0
2024-04-11 06:00:00,0.61771,0.61791,0.61392,0.61676,3286039.0
2024-04-11 07:00:00,0.61676,0.62103,0.61644,0.6192,2567939.0
2024-04-11 08:00:00,0.6192,0.6212,0.6163,0.6189,4346053.0
2024-04-11 09:00:00,0.6189,0.6196,0.61566,0.61618,2194287.0
2024-04-11 10:00:00,0.61618,0.6171,0.6133,0.614,3663249.0
2024-04-11 11:00:00,0.614,0.61443,0.60767,0.60927,7898445.0
2024-04-11 12:00:00,0.60927,0.61511,0.60888,0.61398,4628593.0
2024-04-11 13:00:00,0.61398,0.61561,0.60653,0.61067,4917481.0
2024-04-11 14:00:00,0.61067,0.61067,0.60541,0.60605,2605351.0
2024-04-11 15:00:00,0.60605,0.6088,0.606,0.60826,1750783.0
2024-04-11 16:00:00,0.60826,0.60931,0.60268,0.60854,5619206.0
2024-04-11 17:00:00,0.60854,0.6121,0.60839,0.6114,2188489.0
2024-04-11 18:00:00,0.6114,0.61215,0.60818,0.61035,1406987.0
2024-04-11 19:00:00,0.61035,0.61271,0.60915,0.61229,786848.0
2024-04-11 20:00:00,0.61229,0.61399,0.6112,0.61354,1070394.0
2024-04-11 21:00:00,0.61354,0.61362,0.60951,0.61009,1320571.0
2024-04-11 22:00:00,0.61009,0.61099,0.6066,0.60842,3774108.0
2024-04-11 23:00:00,0.60842,0.60919,0.60704,0.60867,1213098.0
2024-04-12 00:00:00,0.60867,0.60942,0.6074,0.60816,3116841.0
2024-04-12 01:00:00,0.60816,0.60889,0.60682,0.60758,1691602.0
2024-04-12 02:00:00,0.60758,0.61039,0.60702,0.60944,3247061.0
2024-04-12 03:00:00,0.60944,0.61189,0.60944,0.61173,1373892.0
2024-04-12 04:00:00,0.61173,0.61415,0.61082,0.61312,1484738.0
2024-04-12 05:00:00,0.61312,0.61375,0.60923,0.61049,2271000.0
2024-04-12 06:00:00,0.61049,0.6135,0.60863,0.6114,4142892.0
2024-04-12 07:00:00,0.6114,0.61556,0.60907,0.61013,4223485.0
2024-04-12 08:00:00,0.61013,0.61225,0.60965,0.61177,1043513.0
2024-04-12 09:00:00,0.61177,0.61265,0.60763,0.61063,2608786.0
2024-04-12 10:00:00,0.61063,0.61077,0.60668,0.60875,2423957.0
2024-04-12 11:00:00,0.60875,0.60956,0.60795,0.60843,2007685.0
2024-04-12 12:00:00,0.60843,0.60848,0.6021,0.60306,5120899.0
2024-04-12 13:00:00,0.60306,0.60306,0.59131,0.59565,13217112.0
2024-04-12 14:00:00,0.59565,0.59738,0.59238,0.59443,5175538.0
2024-04-12 15:00:00,0.59443,0.59613,0.59301,0.59374,2311607.0
2024-04-12 16:00:00,0.59374,0.59687,0.58729,0.59424,17279404.0
2024-04-12 17:00:00,0.59424,0.5956,0.56604,0.57449,26584709.0
2024-04-12 18:00:00,0.57449,0.57689,0.49,0.52786,78466296.0
2024-04-12 19:00:00,0.52786,0.538,0.52354,0.53589,8834350.0
2024-04-12 20:00:00,0.53589,0.5458,0.53365,0.5435,5527548.0
2024-04-12 21:00:00,0.5435,0.54855,0.53918,0.54526,5144366.0
2024-04-12 22:00:00,0.54526,0.54711,0.54075,0.5445,2961673.0
2024-04-12 23:00:00,0.5445,0.5486,0.541,0.54665,2391952.0
2024-04-13 00:00:00,0.54665,0.5472,0.54381,0.54674,2110420.0
2024-04-13 01:00:00,0.54674,0.54679,0.52793,0.5304,7395306.0
2024-04-13 02:00:00,0.5304,0.5407,0.52995,0.53967,5021389.0
2024-04-13 03:00:00,0.53967,0.54356,0.53737,0.5427,1764476.0
2024-04-13 04:00:00,0.5427,0.54863,0.54102,0.54679,2592948.0
2024-04-13 05:00:00,0.54679,0.54771,0.54341,0.54372,2240549.0
2024-04-13 06:00:00,0.54372,0.54661,0.5432,0.5463,1143402.0
2024-04-13 07:00:00,0.5463,0.54699,0.54136,0.54214,2015966.0
2024-04-13 08:00:00,0.54214,0.54294,0.53877,0.53988,2119498.0
2024-04-13 09:00:00,0.53988,0.5414,0.5386,0.54018,2120274.0
2024-04-13 10:00:00,0.54018,0.54344,0.5392,0.54298,1928933.0
2024-04-13 11:00:00,0.54298,0.54593,0.54131,0.54177,2427735.0
2024-04-13 12:00:00,0.54177,0.54767,0.54037,0.54511,2969287.0
2024-04-13 13:00:00,0.54511,0.54789,0.54305,0.54424,2356455.0
2024-04-13 14:00:00,0.54424,0.54654,0.54066,0.54275,1944651.0
2024-04-13 15:00:00,0.54275,0.54715,0.54107,0.54277,1536985.0
2024-04-13 16:00:00,0.54277,0.54348,0.53087,0.53249,8736518.0
2024-04-13 17:00:00,0.53249,0.53273,0.512,0.51956,13806045.0
2024-04-13 18:00:00,0.51956,0.53021,0.51413,0.52964,6136153.0
2024-04-13 19:00:00,0.52964,0.53019,0.4705,0.4914,36397852.0
2024-04-13 20:00:00,0.4914,0.49567,0.40776,0.43032,78684938.0
2024-04-13 21:00:00,0.43032,0.46113,0.43032,0.46069,14861586.0
2024-04-13 22:00:00,0.46069,0.47877,0.4534,0.4754,12173443.0
2024-04-13 23:00:00,0.4754,0.48156,0.4744,0.47832,5868818.0
2024-04-14 00:00:00,0.47832,0.48295,0.46422,0.47354,14291688.0
2024-04-14 01:00:00,0.47354,0.47905,0.4653,0.4784,6768495.0
2024-04-14 02:00:00,0.4784,0.47903,0.46919,0.4726,4232290.0
2024-04-14 03:00:00,0.4726,0.47333,0.4636,0.4699,4798468.0
2024-04-14 04:00:00,0.4699,0.48384,0.46773,0.4822,4957342.0
2024-04-14 05:00:00,0.4822,0.49404,0.4814,0.49147,9843634.0
2024-04-14 06:00:00,0.49147,0.49847,0.4876,0.49541,5476423.0
2024-04-14 07:00:00,0.49541,0.49775,0.492,0.49527,3040294.0
2024-04-14 08:00:00,0.49527,0.49867,0.49202,0.49357,3171459.0
2024-04-14 09:00:00,0.49357,0.4966,0.48581,0.48808,5295052.0
2024-04-14 10:00:00,0.48808,0.49241,0.48731,0.49104,2486762.0
2024-04-14 11:00:00,0.49104,0.49224,0.4797,0.4825,10519929.0
2024-04-14 12:00:00,0.4825,0.49282,0.48123,0.48855,9441250.0
2024-04-14 13:00:00,0.48855,0.49212,0.48229,0.48436,4294505.0
2024-04-14 14:00:00,0.48436,0.48804,0.47883,0.4832,5321391.0
2024-04-14 15:00:00,0.4832,0.48891,0.48186,0.48637,13755391.0
2024-04-14 16:00:00,0.48637,0.49523,0.48521,0.49084,4018596.0
2024-04-14 17:00:00,0.49084,0.49535,0.47248,0.48499,7715625.0
2024-04-14 18:00:00,0.48499,0.49316,0.48325,0.4916,1753927.0
2024-04-14 19:00:00,0.4916,0.49313,0.48746,0.48933,4480028.0
2024-04-14 20:00:00,0.48933,0.4921,0.48415,0.48592,3225523.0
2024-04-14 21:00:00,0.48592,0.48832,0.48425,0.48753,1407814.0
2024-04-14 22:00:00,0.48753,0.5055,0.48753,0.50433,11408055.0
2024-04-14 23:00:00,0.50433,0.507,0.5011,0.50297,4843420.0
2024-04-15 00:00:00,0.50297,0.5043,0.49685,0.49809,4035040.0
2024-04-15 01:00:00,0.49809,0.50185,0.49358,0.50089,2459725.0
2024-04-15 02:00:00,0.50089,0.50089,0.49437,0.49585,2288395.0
2024-04-15 03:00:00,0.49585,0.49944,0.49489,0.49773,1356885.0
2024-04-15 04:00:00,0.49773,0.49904,0.49411,0.49795,1626320.0
2024-04-15 05:00:00,0.49795,0.50372,0.49795,0.5033,2358290.0
2024-04-15 06:00:00,0.5033,0.5181,0.50146,0.51457,7717339.0
2024-04-15 07:00:00,0.51457,0.51765,0.5115,0.51348,2896478.0
2024-04-15 08:00:00,0.51348,0.5181,0.51023,0.51349,4441219.0
2024-04-15 09:00:00,0.51349,0.517,0.5114,0.51455,2761014.0
2024-04-15 10:00:00,0.51455,0.51847,0.51382,0.51745,2668615.0
2024-04-15 11:00:00,0.51745,0.51852,0.5104,0.51084,6012455.0
2024-04-15 12:00:00,0.51084,0.51339,0.5083,0.51202,5071706.0
2024-04-15 13:00:00,0.51202,0.51414,0.50534,0.50688,4159009.0
2024-04-15 14:00:00,0.50688,0.50925,0.49279,0.49352,9783057.0
2024-04-15 15:00:00,0.49352,0.49834,0.48761,0.4965,6448467.0
2024-04-15 16:00:00,0.4965,0.49958,0.48951,0.493,3527843.0
2024-04-15 17:00:00,0.493,0.49903,0.4865,0.49365,4087908.0
2024-04-15 18:00:00,0.49365,0.496,0.48704,0.48747,3494368.0
2024-04-15 19:00:00,0.48747,0.49921,0.48034,0.49693,13547327.0
2024-04-15 20:00:00,0.49693,0.4999,0.48995,0.49227,2645133.0
2024-04-15 21:00:00,0.49227,0.49573,0.48807,0.49451,2559924.0
2024-04-15 22:00:00,0.49451,0.49908,0.49077,0.4987,1683680.0
2024-04-15 23:00:00,0.4987,0.4987,0.4945,0.49706,1516072.0
2024-04-16 00:00:00,0.49706,0.49769,0.48644,0.49198,2617333.0
2024-04-16 01:00:00,0.49198,0.49724,0.4894,0.49087,3393989.0
2024-04-16 02:00:00,0.49087,0.49396,0.48666,0.49341,2880175.0
2024-04-16 03:00:00,0.49341,0.49497,0.4853,0.4886,3686979.0
2024-04-16 04:00:00,0.4886,0.48959,0.47503,0.48251,7530745.0
2024-04-16 05:00:00,0.48251,0.48923,0.48091,0.48776,2982176.0
2024-04-16 06:00:00,0.48776,0.49495,0.487,0.4936,4320123.0
2024-04-16 07:00:00,0.4936,0.50147,0.4932,0.49809,13912262.0
2024-04-16 08:00:00,0.49809,0.4991,0.4942,0.49646,7298368.0
2024-04-16 09:00:00,0.49646,0.4983,0.49184,0.49254,6123931.0
2024-04-16 10:00:00,0.49254,0.49397,0.47759,0.488,19220215.0
2024-04-16 11:00:00,0.488,0.4932,0.48569,0.49069,17795269.0
2024-04-16 12:00:00,0.49069,0.4919,0.48672,0.48826,2585010.0
2024-04-16 13:00:00,0.48826,0.48991,0.48039,0.48571,9831268.0
2024-04-16 14:00:00,0.48571,0.48983,0.4817,0.48423,5906753.0
2024-04-16 15:00:00,0.48423,0.4892,0.48229,0.48721,5839606.0
2024-04-16 16:00:00,0.48721,0.49355,0.4864,0.49286,6329363.0
2024-04-16 17:00:00,0.49286,0.49693,0.49144,0.49408,8205233.0
2024-04-16 18:00:00,0.49408,0.49691,0.4898,0.49386,6643470.0
2024-04-16 19:00:00,0.49386,0.4945,0.48957,0.49114,5644539.0
2024-04-16 20:00:00,0.49114,0.49486,0.49052,0.49457,822800.0
2024-04-16 21:00:00,0.49457,0.49831,0.49394,0.4956,3670443.0
2024-04-16 22:00:00,0.4956,0.4969,0.49474,0.4965,3438195.0
2024-04-16 23:00:00,0.4965,0.49743,0.49494,0.49572,943582.0
2024-04-17 00:00:00,0.49572,0.49722,0.49356,0.49553,1587335.0
2024-04-17 01:00:00,0.49553,0.49554,0.49154,0.49502,1945429.0
2024-04-17 02:00:00,0.49502,0.4962,0.49281,0.4957,1354272.0
2024-04-17 03:00:00,0.4957,0.49716,0.49542,0.49696,1718897.0
2024-04-17 04:00:00,0.49696,0.49969,0.49522,0.49914,3043257.0
2024-04-17 05:00:00,0.49914,0.50052,0.49675,0.49814,2377012.0
2024-04-17 06:00:00,0.49814,0.4998,0.49486,0.49975,2715092.0
2024-04-17 07:00:00,0.49975,0.50731,0.49673,0.50349,6628394.0
2024-04-17 08:00:00,0.50349,0.50504,0.49575,0.4971,6747764.0
2024-04-17 09:00:00,0.4971,0.50051,0.4946,0.49561,3853485.0
2024-04-17 10:00:00,0.49561,0.49574,0.4905,0.49086,4606503.0
2024-04-17 11:00:00,0.49086,0.493,0.48666,0.48691,3991596.0
2024-04-17 12:00:00,0.48691,0.48935,0.4827,0.48713,7723098.0
2024-04-17 13:00:00,0.48713,0.49313,0.48706,0.49121,3331113.0
2024-04-17 14:00:00,0.49121,0.49149,0.47813,0.48593,16375333.0
2024-04-17 15:00:00,0.48593,0.48753,0.4727,0.47731,13119856.0
2024-04-17 16:00:00,0.47731,0.48466,0.4712,0.48224,8521313.0
2024-04-17 17:00:00,0.48224,0.49192,0.4819,0.49031,2772855.0
2024-04-17 18:00:00,0.49031,0.50163,0.4898,0.49878,6608126.0
2024-04-17 19:00:00,0.49878,0.50037,0.49474,0.49813,3084192.0
2024-04-17 20:00:00,0.49813,0.49906,0.48991,0.48991,7753601.0
2024-04-17 21:00:00,0.48991,0.49774,0.48991,0.49555,5046658.0
2024-04-17 22:00:00,0.49555,0.49666,0.49331,0.4964,1031470.0
2024-04-17 23:00:00,0.4964,0.49833,0.49273,0.49452,1346401.0
2024-04-18 00:00:00,0.49452,0.4968,0.48664,0.49332,5353168.0
2024-04-18 01:00:00,0.49332,0.49689,0.49209,0.49397,2446142.0
2024-04-18 02:00:00,0.49397,0.49652,0.49108,0.49583,2614779.0
2024-04-18 03:00:00,0.49583,0.49906,0.49573,0.4968,2236049.0
2024-04-18 04:00:00,0.4968,0.4978,0.49554,0.49573,1339553.0
2024-04-18 05:00:00,0.49573,0.4977,0.4933,0.4938,2345430.0
2024-04-18 06:00:00,0.4938,0.49483,0.48774,0.48977,4898863.0
2024-04-18 07:00:00,0.48977,0.49227,0.48718,0.48954,2628112.0
2024-04-18 08:00:00,0.48954,0.4919,0.48504,0.48912,2957788.0
2024-04-18 09:00:00,0.48912,0.4918,0.4871,0.49,1723963.0
2024-04-18 10:00:00,0.49,0.49087,0.48609,0.4901,5853363.0
2024-04-18 11:00:00,0.4901,0.49834,0.4898,0.495,5205590.0
2024-04-18 12:00:00,0.495,0.49558,0.48734,0.49141,5562180.0
2024-04-18 13:00:00,0.49141,0.49575,0.49,0.49556,3564023.0
2024-04-18 14:00:00,0.49556,0.5017,0.49341,0.50072,5392069.0
2024-04-18 15:00:00,0.50072,0.50521,0.49919,0.50007,4399328.0
2024-04-18 16:00:00,0.50007,0.50251,0.4982,0.49907,2491310.0
2024-04-18 17:00:00,0.49907,0.50207,0.49572,0.49641,4281703.0
2024-04-18 18:00:00,0.49641,0.5003,0.49313,0.49931,2932712.0
2024-04-18 19:00:00,0.49931,0.5031,0.49882,0.50217,1533124.0
2024-04-18 20:00:00,0.50217,0.50334,0.50018,0.50132,1498925.0
2024-04-18 21:00:00,0.50132,0.50264,0.50063,0.50153,1054716.0
2024-04-18 22:00:00,0.50153,0.50331,0.50011,0.50228,1525446.0
2024-04-18 23:00:00,0.50228,0.5032,0.5012,0.50183,628096.0
2024-04-19 00:00:00,0.50183,0.50194,0.49531,0.49544,3513708.0
2024-04-19 01:00:00,0.49544,0.4957,0.47677,0.47912,14801712.0
2024-04-19 02:00:00,0.47912,0.48138,0.46569,0.47767,19095293.0
2024-04-19 03:00:00,0.47767,0.48743,0.4769,0.4842,5035296.0
2024-04-19 04:00:00,0.4842,0.49154,0.4837,0.48941,4485430.0
2024-04-19 05:00:00,0.48941,0.4905,0.48393,0.48645,4927831.0
2024-04-19 06:00:00,0.48645,0.50129,0.4825,0.49891,9260257.0
2024-04-19 07:00:00,0.49891,0.50357,0.49322,0.49491,7756035.0
2024-04-19 08:00:00,0.49491,0.50157,0.49418,0.50059,6319273.0
2024-04-19 09:00:00,0.50059,0.50172,0.497,0.49787,2730837.0
2024-04-19 10:00:00,0.49787,0.50047,0.49631,0.49982,3274224.0
2024-04-19 11:00:00,0.49982,0.5028,0.4988,0.50088,2120049.0
2024-04-19 12:00:00,0.50088,0.50245,0.49868,0.499,2060722.0
2024-04-19 13:00:00,0.499,0.50139,0.49673,0.49946,2643603.0
2024-04-19 14:00:00,0.49946,0.50009,0.49268,0.49727,5651162.0
2024-04-19 15:00:00,0.49727,0.50292,0.49681,0.50261,2720380.0
2024-04-19 16:00:00,0.50261,0.50415,0.49662,0.50053,3590068.0
2024-04-19 17:00:00,0.50053,0.5042,0.49952,0.5034,1205672.0
2024-04-19 18:00:00,0.5034,0.50444,0.5014,0.50384,1507861.0
2024-04-19 19:00:00,0.50384,0.50697,0.503,0.50594,2058758.0
2024-04-19 20:00:00,0.50594,0.50629,0.50133,0.50289,1720764.0
2024-04-19 21:00:00,0.50289,0.50722,0.50289,0.50719,1578978.0
2024-04-19 22:00:00,0.50719,0.51042,0.5049,0.50516,3952345.0
2024-04-19 23:00:00,0.50516,0.50516,0.49551,0.5024,5155344.0
2024-04-20 00:00:00,0.5024,0.50457,0.49942,0.50079,1720501.0
2024-04-20 01:00:00,0.50079,0.50582,0.49766,0.50505,2489870.0
2024-04-20 02:00:00,0.50505,0.5071,0.50331,0.50545,1017572.0
2024-04-20 03:00:00,0.50545,0.51429,0.50496,0.51107,6007034.0
2024-04-20 04:00:00,0.51107,0.51377,0.50968,0.51103,3950287.0
2024-04-20 05:00:00,0.51103,0.51261,0.50991,0.51169,1597148.0
2024-04-20 06:00:00,0.51169,0.51537,0.5108,0.51365,2647429.0
2024-04-20 07:00:00,0.51365,0.51586,0.51282,0.51349,2123820.0
2024-04-20 08:00:00,0.51349,0.51586,0.5117,0.51576,1697470.0
2024-04-20 09:00:00,0.51576,0.52556,0.5136,0.51871,9248086.0
2024-04-20 10:00:00,0.51871,0.52198,0.5151,0.52041,8459342.0
2024-04-20 11:00:00,0.52041,0.52346,0.5181,0.51945,3631709.0
2024-04-20 12:00:00,0.51945,0.52116,0.5151,0.51633,5623121.0
2024-04-20 13:00:00,0.51633,0.51727,0.51505,0.51634,2449874.0
2024-04-20 14:00:00,0.51634,0.51717,0.5145,0.51598,1579037.0
2024-04-20 15:00:00,0.51598,0.52131,0.5151,0.52079,3122397.0
2024-04-20 16:00:00,0.52079,0.52274,0.51897,0.51964,2661614.0
2024-04-20 17:00:00,0.51964,0.5293,0.51959,0.5274,3651494.0
2024-04-20 18:00:00,0.5274,0.5296,0.52414,0.52497,3163069.0
2024-04-20 19:00:00,0.52497,0.52703,0.52282,0.52647,1568991.0
2024-04-20 20:00:00,0.52647,0.5289,0.52481,0.52806,2144387.0
2024-04-20 21:00:00,0.52806,0.52945,0.52718,0.52823,3228297.0
2024-04-20 22:00:00,0.52823,0.52867,0.52571,0.52589,819458.0
2024-04-20 23:00:00,0.52589,0.5296,0.52581,0.52837,1911558.0
2024-04-21 00:00:00,0.52837,0.52838,0.521,0.52249,4645700.0
2024-04-21 01:00:00,0.52249,0.52587,0.52245,0.52533,2010903.0
2024-04-21 02:00:00,0.52533,0.52948,0.52434,0.52836,2302307.0
2024-04-21 03:00:00,0.52836,0.52954,0.5251,0.52633,2310639.0
2024-04-21 04:00:00,0.52633,0.52759,0.52484,0.52701,1059786.0
2024-04-21 05:00:00,0.52701,0.52914,0.52701,0.5279,1299688.0
2024-04-21 06:00:00,0.5279,0.53333,0.52709,0.53036,4460092.0
2024-04-21 07:00:00,0.53036,0.53502,0.52948,0.5332,3583900.0
2024-04-21 08:00:00,0.5332,0.53623,0.53098,0.53125,3555594.0
2024-04-21 09:00:00,0.53125,0.53301,0.52959,0.53063,2276341.0
2024-04-21 10:00:00,0.53063,0.53128,0.52723,0.53081,3605733.0
2024-04-21 11:00:00,0.53081,0.533,0.52863,0.52982,2402459.0
2024-04-21 12:00:00,0.52982,0.53041,0.52604,0.5275,2895549.0
2024-04-21 13:00:00,0.5275,0.52869,0.52263,0.52444,5045673.0
2024-04-21 14:00:00,0.52444,0.52623,0.52263,0.524,2219000.0
2024-04-21 15:00:00,0.524,0.5283,0.52385,0.52693,1351851.0
2024-04-21 16:00:00,0.52693,0.52757,0.5176,0.5217,7670164.0
2024-04-21 17:00:00,0.5217,0.5245,0.5192,0.52393,2001421.0
2024-04-21 18:00:00,0.52393,0.52399,0.52071,0.52344,1059295.0
2024-04-21 19:00:00,0.52344,0.52494,0.52193,0.52274,1334949.0
2024-04-21 20:00:00,0.52274,0.52696,0.521,0.52581,2505963.0
2024-04-21 21:00:00,0.52581,0.5289,0.52475,0.52569,1067400.0
2024-04-21 22:00:00,0.52569,0.5277,0.52433,0.52529,765727.0
2024-04-21 23:00:00,0.52529,0.52566,0.52313,0.52393,1068743.0
2024-04-22 00:00:00,0.52393,0.5272,0.52179,0.52421,2068739.0
2024-04-22 01:00:00,0.52421,0.52928,0.5225,0.52341,3535381.0
2024-04-22 02:00:00,0.52341,0.52779,0.52222,0.52717,2700228.0
2024-04-22 03:00:00,0.52717,0.53589,0.52662,0.53272,4346772.0
2024-04-22 04:00:00,0.53272,0.53928,0.53219,0.53569,3500585.0
2024-04-22 05:00:00,0.53569,0.5378,0.53397,0.53511,2961554.0
2024-04-22 06:00:00,0.53511,0.5374,0.53465,0.53626,2225894.0
2024-04-22 07:00:00,0.53626,0.5388,0.53125,0.53167,5351394.0
2024-04-22 08:00:00,0.53167,0.5351,0.53073,0.53117,3813475.0
2024-04-22 09:00:00,0.53117,0.53335,0.52995,0.53193,2107220.0
2024-04-22 10:00:00,0.53193,0.53372,0.53137,0.53259,1255684.0
2024-04-22 11:00:00,0.53259,0.5331,0.53035,0.53247,1672501.0
2024-04-22 12:00:00,0.53247,0.53454,0.53195,0.53379,1848955.0
2024-04-22 13:00:00,0.53379,0.5363,0.53049,0.53408,2326285.0
2024-04-22 14:00:00,0.53408,0.53578,0.53202,0.53463,2325415.0
2024-04-22 15:00:00,0.53463,0.54318,0.53053,0.5381,5692167.0
2024-04-22 16:00:00,0.5381,0.54969,0.53767,0.54812,7017731.0
2024-04-22 17:00:00,0.54812,0.54862,0.54292,0.5432,4277563.0
2024-04-22 18:00:00,0.5432,0.54732,0.54213,0.54713,2152230.0
2024-04-22 19:00:00,0.54713,0.55331,0.54543,0.55062,6583616.0
2024-04-22 20:00:00,0.55062,0.57115,0.55062,0.56274,11023499.0
2024-04-22 21:00:00,0.56274,0.56331,0.55665,0.55831,5990077.0
2024-04-22 22:00:00,0.55831,0.56087,0.55702,0.558,2695314.0
2024-04-22 23:00:00,0.558,0.5598,0.55325,0.5554,4602774.0
2024-04-23 00:00:00,0.5554,0.55699,0.5542,0.55556,2447781.0
2024-04-23 01:00:00,0.55556,0.55589,0.55407,0.55433,2358396.0
2024-04-23 02:00:00,0.55433,0.5554,0.54891,0.54944,4427520.0
2024-04-23 03:00:00,0.54944,0.552,0.5465,0.54857,3702262.0
2024-04-23 04:00:00,0.54857,0.54931,0.54461,0.5468,3069325.0
2024-04-23 05:00:00,0.5468,0.5509,0.54628,0.55053,1555203.0
2024-04-23 06:00:00,0.55053,0.55123,0.54766,0.5495,2186661.0
2024-04-23 07:00:00,0.5495,0.55088,0.54624,0.54874,2394297.0
2024-04-23 08:00:00,0.54874,0.55049,0.54571,0.54631,4538250.0
2024-04-23 09:00:00,0.54631,0.54876,0.54211,0.54403,9444801.0
2024-04-23 10:00:00,0.54403,0.54622,0.543,0.54542,2383561.0
2024-04-23 11:00:00,0.54542,0.54618,0.541,0.54323,3604325.0
2024-04-23 12:00:00,0.54323,0.54421,0.54158,0.54372,1406359.0
2024-04-23 13:00:00,0.54372,0.54569,0.54251,0.5444,2573435.0
2024-04-23 14:00:00,0.5444,0.54881,0.5439,0.54784,4914464.0
2024-04-23 15:00:00,0.54784,0.54879,0.54521,0.54582,2967208.0
2024-04-23 16:00:00,0.54582,0.55203,0.54511,0.55021,3312107.0
2024-04-23 17:00:00,0.55021,0.5532,0.55021,0.55139,1825022.0
2024-04-23 18:00:00,0.55139,0.55198,0.54851,0.55152,2422001.0
2024-04-23 19:00:00,0.55152,0.5544,0.5496,0.55411,2214883.0
2024-04-23 20:00:00,0.55411,0.55425,0.54796,0.5526,3978129.0
2024-04-23 21:00:00,0.5526,0.55332,0.54608,0.55001,4774465.0
2024-04-23 22:00:00,0.55001,0.55018,0.5454,0.54629,2014207.0
2024-04-23 23:00:00,0.54629,0.5463,0.54278,0.54406,2029785.0
2024-04-24 00:00:00,0.54406,0.5457,0.54041,0.5441,4433922.0
2024-04-24 01:00:00,0.5441,0.546,0.54351,0.54469,1491147.0
2024-04-24 02:00:00,0.54469,0.54534,0.54026,0.54396,2605671.0
2024-04-24 03:00:00,0.54396,0.54744,0.54396,0.54619,1811901.0
2024-04-24 04:00:00,0.54619,0.55113,0.54561,0.54986,2924289.0
2024-04-24 05:00:00,0.54986,0.551,0.54755,0.5488,2110960.0
2024-04-24 06:00:00,0.5488,0.5492,0.54451,0.54721,4057652.0
2024-04-24 07:00:00,0.54721,0.5504,0.54637,0.54882,2293956.0
2024-04-24 08:00:00,0.54882,0.5515,0.54647,0.54677,3279333.0
2024-04-24 09:00:00,0.54677,0.54718,0.5421,0.54427,3902820.0
2024-04-24 10:00:00,0.54427,0.5458,0.54191,0.54523,2140077.0
2024-04-24 11:00:00,0.54523,0.5469,0.54271,0.54414,4441170.0
2024-04-24 12:00:00,0.54414,0.54549,0.54171,0.54241,2314585.0
2024-04-24 13:00:00,0.54241,0.54244,0.53464,0.53616,11969053.0
2024-04-24 14:00:00,0.53616,0.53821,0.52485,0.53051,13351989.0
2024-04-24 15:00:00,0.53051,0.53062,0.52352,0.52577,6985369.0
2024-04-24 16:00:00,0.52577,0.53115,0.52482,0.53115,3582472.0
2024-04-24 17:00:00,0.53115,0.53453,0.53101,0.53398,3454441.0
2024-04-24 18:00:00,0.53398,0.53577,0.53021,0.53371,3403009.0
2024-04-24 19:00:00,0.53371,0.53739,0.52882,0.53654,5549203.0
2024-04-24 20:00:00,0.53654,0.5375,0.53024,0.53173,3505054.0
2024-04-24 21:00:00,0.53173,0.53309,0.52892,0.53157,3172472.0
2024-04-24 22:00:00,0.53157,0.5319,0.52256,0.52547,4905861.0
2024-04-24 23:00:00,0.52547,0.52733,0.5208,0.52699,4800132.0
2024-04-25 00:00:00,0.52699,0.5303,0.5263,0.52866,2476810.0
2024-04-25 01:00:00,0.52866,0.53029,0.52263,0.5228,2902235.0
2024-04-25 02:00:00,0.5228,0.52689,0.51863,0.52685,4748563.0
2024-04-25 03:00:00,0.52685,0.52854,0.5237,0.52511,4344335.0
2024-04-25 04:00:00,0.52511,0.52712,0.518,0.5267,4780351.0
2024-04-25 05:00:00,0.5267,0.52848,0.5249,0.52664,1868693.0
2024-04-25 06:00:00,0.52664,0.5286,0.5254,0.52604,2678137.0
2024-04-25 07:00:00,0.52604,0.52643,0.52048,0.52199,3049798.0
2024-04-25 08:00:00,0.52199,0.52584,0.52152,0.52437,2682609.0
2024-04-25 09:00:00,0.52437,0.5265,0.52181,0.52325,2086448.0
2024-04-25 10:00:00,0.52325,0.52325,0.5151,0.51684,20112741.0
2024-04-25 11:00:00,0.51684,0.52049,0.51601,0.5186,2745301.0
2024-04-25 12:00:00,0.5186,0.52238,0.51283,0.51571,5566192.0
2024-04-25 13:00:00,0.51571,0.51862,0.51353,0.51834,2686857.0
2024-04-25 14:00:00,0.51834,0.5228,0.51732,0.5191,2815008.0
2024-04-25 15:00:00,0.5191,0.525,0.5184,0.52403,3782825.0
2024-04-25 16:00:00,0.52403,0.52669,0.52293,0.52629,2917332.0
2024-04-25 17:00:00,0.52629,0.52924,0.52551,0.52919,1567558.0
2024-04-25 18:00:00,0.52919,0.53068,0.52791,0.53045,1903133.0
2024-04-25 19:00:00,0.53045,0.53113,0.5287,0.53001,883325.0
2024-04-25 20:00:00,0.53001,0.53216,0.52839,0.52995,2206801.0
2024-04-25 21:00:00,0.52995,0.53199,0.5284,0.52858,4996422.0
2024-04-25 22:00:00,0.52858,0.52858,0.5252,0.52545,1478132.0
2024-04-25 23:00:00,0.52545,0.5263,0.52353,0.5249,1319189.0
2024-04-26 00:00:00,0.5249,0.52632,0.51904,0.52208,4289397.0
2024-04-26 01:00:00,0.52208,0.52453,0.51662,0.52291,3083781.0
2024-04-26 02:00:00,0.52291,0.5277,0.52287,0.5269,1268769.0
2024-04-26 03:00:00,0.5269,0.52912,0.52598,0.5271,1613509.0
2024-04-26 04:00:00,0.5271,0.53031,0.52626,0.52806,2548188.0
2024-04-26 05:00:00,0.52806,0.5356,0.52788,0.53398,3081853.0
2024-04-26 06:00:00,0.53398,0.53438,0.52882,0.52912,3575389.0
2024-04-26 07:00:00,0.52912,0.53171,0.52445,0.52548,4852616.0
2024-04-26 08:00:00,0.52548,0.52702,0.52255,0.52478,4898567.0
2024-04-26 09:00:00,0.52478,0.5263,0.523,0.52362,2959936.0
2024-04-26 10:00:00,0.52362,0.52473,0.52025,0.52162,2501592.0
2024-04-26 11:00:00,0.52162,0.52279,0.52063,0.52226,1708693.0
2024-04-26 12:00:00,0.52226,0.52532,0.51945,0.52121,4385088.0
2024-04-26 13:00:00,0.52121,0.5245,0.51667,0.52367,5637944.0
2024-04-26 14:00:00,0.52367,0.5258,0.51892,0.5198,5696302.0
2024-04-26 15:00:00,0.5198,0.52186,0.51355,0.51981,5931491.0
2024-04-26 16:00:00,0.51981,0.5231,0.51875,0.52211,1789651.0
2024-04-26 17:00:00,0.52211,0.52435,0.52165,0.52386,997884.0
2024-04-26 18:00:00,0.52386,0.525,0.52308,0.52479,1463319.0
2024-04-26 19:00:00,0.52479,0.5276,0.52442,0.52615,2495056.0
2024-04-26 20:00:00,0.52615,0.52854,0.52615,0.52722,1054456.0
2024-04-26 21:00:00,0.52722,0.52938,0.52565,0.52779,1496421.0
2024-04-26 22:00:00,0.52779,0.52794,0.52195,0.52346,2931570.0
2024-04-26 23:00:00,0.52346,0.52592,0.52331,0.52551,1134065.0
2024-04-27 00:00:00,0.52551,0.526,0.51726,0.52049,5891061.0
2024-04-27 01:00:00,0.52049,0.52061,0.50622,0.51461,11120782.0
2024-04-27 02:00:00,0.51461,0.52,0.51341,0.5184,3220550.0
2024-04-27 03:00:00,0.5184,0.51987,0.51757,0.51828,1547105.0
2024-04-27 04:00:00,0.51828,0.51987,0.51795,0.51807,947589.0
2024-04-27 05:00:00,0.51807,0.51846,0.51555,0.51712,2135847.0
2024-04-27 06:00:00,0.51712,0.51891,0.51517,0.51627,2189315.0
2024-04-27 07:00:00,0.51627,0.51732,0.51411,0.51421,1100525.0
2024-04-27 08:00:00,0.51421,0.51502,0.51278,0.51449,1892640.0
2024-04-27 09:00:00,0.51449,0.5153,0.5121,0.5145,1381377.0
2024-04-27 10:00:00,0.5145,0.51513,0.51171,0.51308,1813940.0
2024-04-27 11:00:00,0.51308,0.51419,0.51015,0.51293,2355046.0
2024-04-27 12:00:00,0.51293,0.51614,0.51214,0.51556,1494961.0
2024-04-27 13:00:00,0.51556,0.5175,0.51464,0.51676,1695046.0
2024-04-27 14:00:00,0.51676,0.5186,0.5153,0.51569,1298116.0
2024-04-27 15:00:00,0.51569,0.51652,0.51375,0.51522,946458.0
2024-04-27 16:00:00,0.51522,0.517,0.5144,0.515,1009046.0
2024-04-27 17:00:00,0.515,0.52262,0.51484,0.52158,2352409.0
2024-04-27 18:00:00,0.52158,0.52221,0.51604,0.52001,2329868.0
2024-04-27 19:00:00,0.52001,0.52048,0.51821,0.51975,990655.0
2024-04-27 20:00:00,0.51975,0.52007,0.51775,0.51846,624897.0
2024-04-27 21:00:00,0.51846,0.51879,0.51693,0.51806,467357.0
2024-04-27 22:00:00,0.51806,0.51877,0.5165,0.51672,743534.0
2024-04-27 23:00:00,0.51672,0.51883,0.51668,0.51744,737068.0
2024-04-28 00:00:00,0.51744,0.52002,0.51701,0.51946,897350.0
2024-04-28 01:00:00,0.51946,0.5211,0.51941,0.5205,531940.0
2024-04-28 02:00:00,0.5205,0.52373,0.51965,0.52312,711365.0
2024-04-28 03:00:00,0.52312,0.52412,0.52189,0.52225,1376723.0
2024-04-28 04:00:00,0.52225,0.52242,0.52082,0.52165,1044966.0
2024-04-28 05:00:00,0.52165,0.52297,0.52163,0.52276,592195.0
2024-04-28 06:00:00,0.52276,0.52492,0.5225,0.52393,897431.0
2024-04-28 07:00:00,0.52393,0.52482,0.5228,0.52296,1278413.0
2024-04-28 08:00:00,0.52296,0.5235,0.52016,0.52115,1460943.0
2024-04-28 09:00:00,0.52115,0.5223,0.51952,0.52011,2021536.0
2024-04-28 10:00:00,0.52011,0.52073,0.51755,0.51954,2287638.0
2024-04-28 11:00:00,0.51954,0.51998,0.516,0.51683,3053841.0
2024-04-28 12:00:00,0.51683,0.51886,0.51666,0.51871,1243280.0
2024-04-28 13:00:00,0.51871,0.52038,0.51801,0.51923,891230.0
2024-04-28 14:00:00,0.51923,0.5195,0.51755,0.51906,932377.0
2024-04-28 15:00:00,0.51906,0.52,0.51855,0.51958,1075415.0
2024-04-28 16:00:00,0.51958,0.52038,0.51855,0.51933,691646.0
2024-04-28 17:00:00,0.51933,0.51971,0.51835,0.51936,898427.0
2024-04-28 18:00:00,0.51936,0.52132,0.51826,0.52068,617135.0
2024-04-28 19:00:00,0.52068,0.52075,0.5185,0.5188,2247462.0
2024-04-28 20:00:00,0.5188,0.51936,0.51809,0.51854,1182849.0
2024-04-28 21:00:00,0.51854,0.51882,0.51691,0.51782,1978931.0
2024-04-28 22:00:00,0.51782,0.51822,0.51124,0.51278,3820054.0
2024-04-28 23:00:00,0.51278,0.51278,0.5079,0.50978,2912576.0
2024-04-29 00:00:00,0.50978,0.5128,0.509,0.5127,2541384.0
2024-04-29 01:00:00,0.5127,0.51379,0.51122,0.51288,1694787.0
2024-04-29 02:00:00,0.51288,0.5135,0.50659,0.50845,3446835.0
2024-04-29 03:00:00,0.50845,0.5093,0.50231,0.5032,3441941.0
2024-04-29 04:00:00,0.5032,0.50762,0.50088,0.50684,3925793.0
2024-04-29 05:00:00,0.50684,0.50755,0.50457,0.50729,1936805.0
2024-04-29 06:00:00,0.50729,0.50729,0.49777,0.50118,9357306.0
2024-04-29 07:00:00,0.50118,0.50333,0.5001,0.50196,8316272.0
2024-04-29 08:00:00,0.50196,0.50285,0.49916,0.50225,2151412.0
2024-04-29 09:00:00,0.50225,0.5074,0.50121,0.5053,2803911.0
2024-04-29 10:00:00,0.5053,0.50848,0.5049,0.50766,2770503.0
2024-04-29 11:00:00,0.50766,0.5084,0.50456,0.50526,2027484.0
2024-04-29 12:00:00,0.50526,0.5079,0.5024,0.50704,3114392.0
2024-04-29 13:00:00,0.50704,0.50913,0.50316,0.50558,3561779.0
2024-04-29 14:00:00,0.50558,0.51333,0.50466,0.51151,4960575.0
2024-04-29 15:00:00,0.51151,0.5133,0.51027,0.5118,2111968.0
2024-04-29 16:00:00,0.5118,0.51475,0.5108,0.51349,3387109.0
2024-04-29 17:00:00,0.51349,0.51689,0.51349,0.51456,2313428.0
2024-04-29 18:00:00,0.51456,0.51582,0.51275,0.51542,1582270.0
2024-04-29 19:00:00,0.51542,0.51732,0.51401,0.51564,2998413.0
2024-04-29 20:00:00,0.51564,0.51621,0.51335,0.51495,683832.0
2024-04-29 21:00:00,0.51495,0.51495,0.50918,0.51321,5369998.0
2024-04-29 22:00:00,0.51321,0.51642,0.513,0.51513,3264093.0
2024-04-29 23:00:00,0.51513,0.51692,0.51435,0.51454,1722696.0
2024-04-30 00:00:00,0.51454,0.51942,0.51334,0.51781,3633696.0
2024-04-30 01:00:00,0.51781,0.51802,0.5107,0.51095,2554681.0
2024-04-30 02:00:00,0.51095,0.51518,0.50707,0.51306,4678816.0
2024-04-30 03:00:00,0.51306,0.51542,0.51285,0.5143,2495837.0
2024-04-30 04:00:00,0.5143,0.51692,0.51377,0.51645,1800679.0
2024-04-30 05:00:00,0.51645,0.51712,0.51315,0.51407,1858953.0
2024-04-30 06:00:00,0.51407,0.51407,0.51134,0.51341,3380027.0
2024-04-30 07:00:00,0.51341,0.51342,0.50966,0.50978,3302060.0
2024-04-30 08:00:00,0.50978,0.5104,0.49882,0.50079,17823244.0
2024-04-30 09:00:00,0.50079,0.5044,0.49985,0.50206,4919206.0
2024-04-30 10:00:00,0.50206,0.50389,0.49847,0.50168,4414901.0
2024-04-30 11:00:00,0.50168,0.5017,0.49456,0.49653,10107565.0
2024-04-30 12:00:00,0.49653,0.49788,0.48713,0.49498,11145938.0
2024-04-30 13:00:00,0.49498,0.49723,0.49334,0.49405,4529074.0
2024-04-30 14:00:00,0.49405,0.4995,0.49207,0.49892,7076656.0
2024-04-30 15:00:00,0.49892,0.50038,0.49277,0.49558,3048104.0
2024-04-30 16:00:00,0.49558,0.49632,0.48704,0.49549,5863899.0
2024-04-30 17:00:00,0.49549,0.49795,0.49414,0.49532,2027180.0
2024-04-30 18:00:00,0.49532,0.4982,0.49364,0.4966,1919015.0
2024-04-30 19:00:00,0.4966,0.49865,0.49178,0.49558,2912176.0
2024-04-30 20:00:00,0.49558,0.50163,0.49558,0.49924,4040988.0
2024-04-30 21:00:00,0.49924,0.50119,0.49634,0.49681,2317033.0
2024-04-30 22:00:00,0.49681,0.5012,0.4964,0.49901,1478961.0
2024-04-30 23:00:00,0.49901,0.50062,0.4974,0.50025,1148202.0
2024-05-01 00:00:00,0.50025,0.50167,0.49674,0.49865,2420278.0
2024-05-01 01:00:00,0.49865,0.501,0.49534,0.50065,2295800.0
2024-05-01 02:00:00,0.50065,0.50155,0.4959,0.50084,2299815.0
2024-05-01 03:00:00,0.50084,0.5035,0.50028,0.50283,1437760.0
2024-05-01 04:00:00,0.50283,0.50419,0.50272,0.50315,1134650.0
2024-05-01 05:00:00,0.50315,0.5039,0.502,0.50295,1302839.0
2024-05-01 06:00:00,0.50295,0.50297,0.49774,0.49959,3171355.0
2024-05-01 07:00:00,0.49959,0.4998,0.48454,0.49035,15774858.0
2024-05-01 08:00:00,0.49035,0.49095,0.47769,0.4875,10351880.0
2024-05-01 09:00:00,0.4875,0.49061,0.48633,0.48849,3369435.0
2024-05-01 10:00:00,0.48849,0.4949,0.48801,0.49371,3764555.0
2024-05-01 11:00:00,0.49371,0.4951,0.49144,0.4936,3894137.0
2024-05-01 12:00:00,0.4936,0.49665,0.49203,0.49513,2429126.0
2024-05-01 13:00:00,0.49513,0.49765,0.49264,0.49577,3702183.0
2024-05-01 14:00:00,0.49577,0.49815,0.49381,0.49748,2613101.0
2024-05-01 15:00:00,0.49748,0.49915,0.49354,0.49838,2297174.0
2024-05-01 16:00:00,0.49838,0.50345,0.4976,0.50015,4670928.0
2024-05-01 17:00:00,0.50015,0.511,0.49945,0.5088,5941234.0
2024-05-01 18:00:00,0.5088,0.51965,0.50725,0.5167,6323278.0
2024-05-01 19:00:00,0.5167,0.52097,0.50874,0.51,8209902.0
2024-05-01 20:00:00,0.51,0.51681,0.50708,0.51342,3355484.0
2024-05-01 21:00:00,0.51342,0.51891,0.51229,0.51442,5252869.0
2024-05-01 22:00:00,0.51442,0.51575,0.51338,0.51399,1077422.0
2024-05-01 23:00:00,0.51399,0.5184,0.51379,0.51713,1776992.0
2024-05-02 00:00:00,0.51713,0.51873,0.5145,0.51578,2857911.0
2024-05-02 01:00:00,0.51578,0.5196,0.51132,0.51161,3340098.0
2024-05-02 02:00:00,0.51161,0.51339,0.50745,0.50904,2730448.0
2024-05-02 03:00:00,0.50904,0.51323,0.50873,0.51048,2002106.0
2024-05-02 04:00:00,0.51048,0.51293,0.50951,0.51177,1429359.0
2024-05-02 05:00:00,0.51177,0.51213,0.50842,0.51167,1780256.0
2024-05-02 06:00:00,0.51167,0.51167,0.50639,0.50858,3232828.0
2024-05-02 07:00:00,0.50858,0.51423,0.50839,0.51311,2317623.0
2024-05-02 08:00:00,0.51311,0.51499,0.51054,0.51249,3507524.0
2024-05-02 09:00:00,0.51249,0.51495,0.51154,0.51488,1562816.0
2024-05-02 10:00:00,0.51488,0.51533,0.51274,0.51472,1874188.0
2024-05-02 11:00:00,0.51472,0.51797,0.51456,0.51703,4361992.0
2024-05-02 12:00:00,0.51703,0.51963,0.51504,0.5154,4612823.0
2024-05-02 13:00:00,0.5154,0.51648,0.51234,0.51348,4828976.0
2024-05-02 14:00:00,0.51348,0.52172,0.51218,0.51881,7440116.0
2024-05-02 15:00:00,0.51881,0.52183,0.5184,0.51946,2819881.0
2024-05-02 16:00:00,0.51946,0.52149,0.51754,0.51855,2549338.0
2024-05-02 17:00:00,0.51855,0.52296,0.51797,0.52176,2294260.0
2024-05-02 18:00:00,0.52176,0.52328,0.51964,0.52099,2382206.0
2024-05-02 19:00:00,0.52099,0.52283,0.52001,0.52255,1318122.0
2024-05-02 20:00:00,0.52255,0.52413,0.51954,0.52045,2358450.0
2024-05-02 21:00:00,0.52045,0.52383,0.51914,0.51949,3232041.0
2024-05-02 22:00:00,0.51949,0.52126,0.51774,0.51909,1635700.0
2024-05-02 23:00:00,0.51909,0.51976,0.51718,0.5175,1077275.0
2024-05-03 00:00:00,0.5175,0.5191,0.51531,0.51713,2398644.0
2024-05-03 01:00:00,0.51713,0.52169,0.5168,0.51969,2110139.0
2024-05-03 02:00:00,0.51969,0.52246,0.51923,0.51989,1797212.0
2024-05-03 03:00:00,0.51989,0.5221,0.51943,0.52163,838184.0
2024-05-03 04:00:00,0.52163,0.5221,0.5195,0.52007,1182220.0
2024-05-03 05:00:00,0.52007,0.52169,0.51961,0.5201,1102405.0
2024-05-03 06:00:00,0.5201,0.52062,0.5173,0.51894,3079682.0
2024-05-03 07:00:00,0.51894,0.52152,0.51665,0.51788,8207232.0
2024-05-03 08:00:00,0.51788,0.52618,0.51788,0.51994,5781299.0
2024-05-03 09:00:00,0.51994,0.52077,0.5187,0.51872,1577465.0
2024-05-03 10:00:00,0.51872,0.51909,0.51415,0.51576,3027117.0
2024-05-03 11:00:00,0.51576,0.51702,0.51422,0.5157,2267101.0
2024-05-03 12:00:00,0.5157,0.52369,0.51485,0.52286,4957538.0
2024-05-03 13:00:00,0.52286,0.52532,0.52185,0.52425,5034505.0
2024-05-03 14:00:00,0.52425,0.52562,0.52185,0.52295,3047020.0
2024-05-03 15:00:00,0.52295,0.52722,0.52155,0.5261,2460555.0
2024-05-03 16:00:00,0.5261,0.52802,0.52467,0.52561,2595704.0
2024-05-03 17:00:00,0.52561,0.52728,0.5246,0.52725,840393.0
2024-05-03 18:00:00,0.52725,0.52792,0.5258,0.52616,710428.0
2024-05-03 19:00:00,0.52616,0.5306,0.52557,0.53,2066980.0
2024-05-03 20:00:00,0.53,0.53593,0.5289,0.53315,3740825.0
2024-05-03 21:00:00,0.53315,0.53414,0.53033,0.53193,2196700.0
2024-05-03 22:00:00,0.53193,0.53292,0.53007,0.53277,2772919.0
2024-05-03 23:00:00,0.53277,0.53292,0.53053,0.53115,1997121.0
2024-05-04 00:00:00,0.53115,0.53237,0.52979,0.53042,1518719.0
2024-05-04 01:00:00,0.53042,0.5322,0.52908,0.52954,1706750.0
2024-05-04 02:00:00,0.52954,0.52978,0.52644,0.52839,2959336.0
2024-05-04 03:00:00,0.52839,0.52949,0.52758,0.52906,446200.0
2024-05-04 04:00:00,0.52906,0.53068,0.52793,0.52962,1026255.0
2024-05-04 05:00:00,0.52962,0.52965,0.52758,0.52938,2332722.0
2024-05-04 06:00:00,0.52938,0.52958,0.52818,0.52848,586516.0
2024-05-04 07:00:00,0.52848,0.52899,0.52698,0.5273,761288.0
2024-05-04 08:00:00,0.5273,0.52939,0.52712,0.5288,899627.0
2024-05-04 09:00:00,0.5288,0.53098,0.5288,0.53075,1366198.0
2024-05-04 10:00:00,0.53075,0.53695,0.52994,0.53687,2413290.0
2024-05-04 11:00:00,0.53687,0.53698,0.53237,0.53389,4042221.0
2024-05-04 12:00:00,0.53389,0.53848,0.53327,0.53838,2244771.0
2024-05-04 13:00:00,0.53838,0.54049,0.53347,0.53671,5045315.0
2024-05-04 14:00:00,0.53671,0.53671,0.5347,0.53614,1516558.0
2024-05-04 15:00:00,0.53614,0.53629,0.53347,0.53559,2152908.0
2024-05-04 16:00:00,0.53559,0.53568,0.53287,0.53478,1414431.0
2024-05-04 17:00:00,0.53478,0.53478,0.53114,0.5325,2343138.0
2024-05-04 18:00:00,0.5325,0.53399,0.532,0.53235,1324143.0
2024-05-04 19:00:00,0.53235,0.53338,0.5317,0.53295,1308434.0
2024-05-04 20:00:00,0.53295,0.53479,0.53238,0.53258,761958.0
2024-05-04 21:00:00,0.53258,0.53342,0.52888,0.53071,3063869.0
2024-05-04 22:00:00,0.53071,0.53107,0.52828,0.52879,2103680.0
2024-05-04 23:00:00,0.52879,0.53048,0.52879,0.52961,797134.0
2024-05-05 00:00:00,0.52961,0.53048,0.52628,0.52907,3426050.0
2024-05-05 01:00:00,0.52907,0.52947,0.52348,0.52644,3315400.0
2024-05-05 02:00:00,0.52644,0.52768,0.52572,0.52589,1324281.0
2024-05-05 03:00:00,0.52589,0.52748,0.52551,0.5274,936706.0
2024-05-05 04:00:00,0.5274,0.52789,0.52598,0.52655,977766.0
2024-05-05 05:00:00,0.52655,0.52776,0.52584,0.5262,1155915.0
2024-05-05 06:00:00,0.5262,0.52769,0.526,0.52688,1190477.0
2024-05-05 07:00:00,0.52688,0.5294,0.52688,0.52801,2305975.0
2024-05-05 08:00:00,0.52801,0.53158,0.52799,0.52997,2446012.0
2024-05-05 09:00:00,0.52997,0.53001,0.52831,0.52897,2583702.0
2024-05-05 10:00:00,0.52897,0.5296,0.52738,0.52808,1387813.0
2024-05-05 11:00:00,0.52808,0.52959,0.5274,0.52906,718783.0
2024-05-05 12:00:00,0.52906,0.52917,0.52618,0.52661,2011543.0
2024-05-05 13:00:00,0.52661,0.52881,0.52575,0.52853,2219936.0
2024-05-05 14:00:00,0.52853,0.52957,0.5267,0.52936,2409971.0
2024-05-05 15:00:00,0.52936,0.53198,0.5284,0.53117,2466688.0
2024-05-05 16:00:00,0.53117,0.53298,0.53027,0.53047,2056119.0
2024-05-05 17:00:00,0.53047,0.53178,0.53,0.53048,732601.0
2024-05-05 18:00:00,0.53048,0.53048,0.52808,0.52962,3422975.0
2024-05-05 19:00:00,0.52962,0.53028,0.52916,0.52966,843303.0
2024-05-05 20:00:00,0.52966,0.53003,0.52818,0.52909,1344724.0
2024-05-05 21:00:00,0.52909,0.52909,0.52698,0.52879,698101.0
2024-05-05 22:00:00,0.52879,0.52919,0.52771,0.52845,391683.0
2024-05-05 23:00:00,0.52845,0.53008,0.52812,0.52906,1346207.0
2024-05-06 00:00:00,0.52906,0.53219,0.5288,0.53002,1116301.0
2024-05-06 01:00:00,0.53002,0.53276,0.52962,0.53035,1683495.0
2024-05-06 02:00:00,0.53035,0.53184,0.52931,0.52964,1661830.0
2024-05-06 03:00:00,0.52964,0.5316,0.528,0.53119,1033874.0
2024-05-06 04:00:00,0.53119,0.5347,0.53013,0.5338,3263740.0
2024-05-06 05:00:00,0.5338,0.5347,0.5325,0.53372,1250329.0
2024-05-06 06:00:00,0.53372,0.5353,0.53317,0.53362,2070313.0
2024-05-06 07:00:00,0.53362,0.53957,0.5334,0.5394,4969008.0
2024-05-06 08:00:00,0.5394,0.54708,0.5393,0.54266,10261087.0
2024-05-06 09:00:00,0.54266,0.5447,0.54033,0.54174,5640110.0
2024-05-06 10:00:00,0.54174,0.54245,0.53062,0.5341,8522067.0
2024-05-06 11:00:00,0.5341,0.53699,0.53395,0.53468,3662104.0
2024-05-06 12:00:00,0.53468,0.53515,0.52415,0.52775,8592898.0
2024-05-06 13:00:00,0.52775,0.53257,0.52651,0.53194,5199357.0
2024-05-06 14:00:00,0.53194,0.533,0.52891,0.5292,3224659.0
2024-05-06 15:00:00,0.5292,0.55888,0.52596,0.55879,13497290.0
2024-05-06 16:00:00,0.55879,0.55899,0.54514,0.5526,21182257.0
2024-05-06 17:00:00,0.5526,0.56964,0.54893,0.5518,22066459.0
2024-05-06 18:00:00,0.5518,0.5546,0.5428,0.54859,10410048.0
2024-05-06 19:00:00,0.54859,0.549,0.54183,0.54621,5026274.0
2024-05-06 20:00:00,0.54621,0.5475,0.54431,0.54597,1736184.0
2024-05-06 21:00:00,0.54597,0.54659,0.5435,0.54516,2032556.0
2024-05-06 22:00:00,0.54516,0.54614,0.54001,0.5416,3365660.0
2024-05-06 23:00:00,0.5416,0.54234,0.53858,0.5399,4233515.0
2024-05-07 00:00:00,0.5399,0.54175,0.5353,0.54034,4319463.0
2024-05-07 01:00:00,0.54034,0.5423,0.53941,0.54209,1473726.0
2024-05-07 02:00:00,0.54209,0.5431,0.541,0.54228,2828452.0
2024-05-07 03:00:00,0.54228,0.54379,0.5326,0.53835,4780631.0
2024-05-07 04:00:00,0.53835,0.53965,0.537,0.53811,2148392.0
2024-05-07 05:00:00,0.53811,0.53819,0.53461,0.53608,1980986.0
2024-05-07 06:00:00,0.53608,0.5365,0.53101,0.53485,5822645.0
2024-05-07 07:00:00,0.53485,0.53813,0.5347,0.5374,2344467.0
2024-05-07 08:00:00,0.5374,0.54235,0.53645,0.54141,6350856.0
2024-05-07 09:00:00,0.54141,0.543,0.54073,0.54188,1902913.0
2024-05-07 10:00:00,0.54188,0.54203,0.5376,0.53908,3440746.0
2024-05-07 11:00:00,0.53908,0.53974,0.534,0.53419,3465378.0
2024-05-07 12:00:00,0.53419,0.53625,0.53419,0.53623,2124016.0
2024-05-07 13:00:00,0.53623,0.5379,0.5335,0.53622,4955877.0
2024-05-07 14:00:00,0.53622,0.5404,0.53429,0.54001,3535724.0
2024-05-07 15:00:00,0.54001,0.54155,0.5374,0.53969,3352788.0
2024-05-07 16:00:00,0.53969,0.54137,0.53878,0.54045,1926040.0
2024-05-07 17:00:00,0.54045,0.54196,0.53878,0.54151,2070047.0
2024-05-07 18:00:00,0.54151,0.54196,0.5352,0.539,4153197.0
2024-05-07 19:00:00,0.539,0.53979,0.53486,0.53545,1666567.0
2024-05-07 20:00:00,0.53545,0.53722,0.53289,0.53375,2543216.0
2024-05-07 21:00:00,0.53375,0.53575,0.52813,0.53154,6015849.0
2024-05-07 22:00:00,0.53154,0.53168,0.52596,0.52821,5059002.0
2024-05-07 23:00:00,0.52821,0.52843,0.52111,0.52404,7377023.0
2024-05-08 00:00:00,0.52404,0.5258,0.51821,0.5225,6366382.0
2024-05-08 01:00:00,0.5225,0.52489,0.52211,0.52344,1599182.0
2024-05-08 02:00:00,0.52344,0.52551,0.52331,0.52465,1051424.0
2024-05-08 03:00:00,0.52465,0.52598,0.52351,0.52509,1599798.0
2024-05-08 04:00:00,0.52509,0.5266,0.5197,0.52086,5974942.0
2024-05-08 05:00:00,0.52086,0.5227,0.51838,0.52105,3865315.0
2024-05-08 06:00:00,0.52105,0.52201,0.51689,0.5195,3980953.0
2024-05-08 07:00:00,0.5195,0.52297,0.5173,0.52045,3933454.0
2024-05-08 08:00:00,0.52045,0.523,0.51891,0.52283,5118143.0
2024-05-08 09:00:00,0.52283,0.52311,0.51805,0.52083,5890893.0
2024-05-08 10:00:00,0.52083,0.52272,0.52041,0.52226,2190541.0
2024-05-08 11:00:00,0.52226,0.52226,0.51881,0.5193,2784230.0
2024-05-08 12:00:00,0.5193,0.52196,0.51745,0.52036,2220563.0
2024-05-08 13:00:00,0.52036,0.52496,0.51941,0.52476,2956827.0
2024-05-08 14:00:00,0.52476,0.52856,0.52301,0.52696,5681053.0
2024-05-08 15:00:00,0.52696,0.52921,0.52171,0.52697,7417606.0
2024-05-08 16:00:00,0.52697,0.52913,0.52569,0.52707,3173074.0
2024-05-08 17:00:00,0.52707,0.52866,0.52551,0.52621,1139514.0
2024-05-08 18:00:00,0.52621,0.52839,0.52563,0.52642,1097861.0
2024-05-08 19:00:00,0.52642,0.5274,0.52236,0.52489,1143100.0
2024-05-08 20:00:00,0.52489,0.5262,0.51701,0.52031,3032209.0
2024-05-08 21:00:00,0.52031,0.52154,0.51746,0.51863,4246673.0
2024-05-08 22:00:00,0.51863,0.5191,0.515,0.51629,5456693.0
2024-05-08 23:00:00,0.51629,0.5178,0.51437,0.51658,2694004.0
2024-05-09 00:00:00,0.51658,0.51972,0.51645,0.51896,1971499.0
2024-05-09 01:00:00,0.51896,0.52081,0.51896,0.51956,1196842.0
2024-05-09 02:00:00,0.51956,0.52165,0.51865,0.52096,910868.0
2024-05-09 03:00:00,0.52096,0.522,0.51993,0.52167,1189411.0
2024-05-09 04:00:00,0.52167,0.52242,0.52035,0.52037,1669472.0
2024-05-09 05:00:00,0.52037,0.52276,0.52015,0.52171,1089538.0
2024-05-09 06:00:00,0.52171,0.52322,0.51937,0.51946,2779851.0
2024-05-09 07:00:00,0.51946,0.52005,0.51406,0.51535,4136126.0
2024-05-09 08:00:00,0.51535,0.51895,0.51515,0.51874,2233284.0
2024-05-09 09:00:00,0.51874,0.519,0.51212,0.51499,10355197.0
2024-05-09 10:00:00,0.51499,0.5152,0.50895,0.51019,5111176.0
2024-05-09 11:00:00,0.51019,0.51498,0.50906,0.51336,2140434.0
2024-05-09 12:00:00,0.51336,0.51548,0.51225,0.5142,2576404.0
2024-05-09 13:00:00,0.5142,0.51479,0.50806,0.51153,4442695.0
2024-05-09 14:00:00,0.51153,0.514,0.5099,0.51224,3298945.0
2024-05-09 15:00:00,0.51224,0.51737,0.51137,0.5165,6037847.0
2024-05-09 16:00:00,0.5165,0.51825,0.51334,0.5139,3615899.0
2024-05-09 17:00:00,0.5139,0.51678,0.5129,0.51596,2010873.0
2024-05-09 18:00:00,0.51596,0.51848,0.51565,0.5181,1229615.0
2024-05-09 19:00:00,0.5181,0.51935,0.5178,0.51902,790513.0
2024-05-09 20:00:00,0.51902,0.52,0.51826,0.51866,526585.0
2024-05-09 21:00:00,0.51866,0.52,0.51609,0.51802,4443498.0
2024-05-09 22:00:00,0.51802,0.52138,0.5178,0.52057,2519764.0
2024-05-09 23:00:00,0.52057,0.52098,0.5187,0.52046,1710080.0
2024-05-10 00:00:00,0.52046,0.52049,0.51646,0.51761,2398359.0
2024-05-10 01:00:00,0.51761,0.51857,0.51606,0.51766,1892429.0
2024-05-10 02:00:00,0.51766,0.51877,0.5166,0.51752,1121844.0
2024-05-10 03:00:00,0.51752,0.51757,0.5162,0.51698,1132767.0
2024-05-10 04:00:00,0.51698,0.5182,0.51655,0.51778,976334.0
2024-05-10 05:00:00,0.51778,0.51817,0.51626,0.51655,1697040.0
2024-05-10 06:00:00,0.51655,0.51804,0.51416,0.5172,4130579.0
2024-05-10 07:00:00,0.5172,0.5183,0.5161,0.51712,3000235.0
2024-05-10 08:00:00,0.51712,0.5173,0.51535,0.51671,1324527.0
2024-05-10 09:00:00,0.51671,0.51671,0.51453,0.5156,1769307.0
2024-05-10 10:00:00,0.5156,0.5156,0.51326,0.51478,3457391.0
2024-05-10 11:00:00,0.51478,0.5159,0.51236,0.51586,2485761.0
2024-05-10 12:00:00,0.51586,0.51671,0.51139,0.51217,4015893.0
2024-05-10 13:00:00,0.51217,0.51371,0.511,0.51251,5453016.0
2024-05-10 14:00:00,0.51251,0.5134,0.49623,0.49997,19691832.0
2024-05-10 15:00:00,0.49997,0.50294,0.49726,0.50083,6940826.0
2024-05-10 16:00:00,0.50083,0.50283,0.49668,0.50136,5955679.0
2024-05-10 17:00:00,0.50136,0.504,0.49926,0.50376,3573884.0
2024-05-10 18:00:00,0.50376,0.50565,0.50228,0.50542,3208791.0
2024-05-10 19:00:00,0.50542,0.5058,0.50336,0.50464,2572688.0
2024-05-10 20:00:00,0.50464,0.506,0.50067,0.50125,4733424.0
2024-05-10 21:00:00,0.50125,0.50305,0.50039,0.50288,2130138.0
2024-05-10 22:00:00,0.50288,0.50403,0.49915,0.50135,2675872.0
2024-05-10 23:00:00,0.50135,0.50253,0.50101,0.50156,1308431.0
2024-05-11 00:00:00,0.50156,0.50383,0.50143,0.50286,1675985.0
2024-05-11 01:00:00,0.50286,0.5053,0.5021,0.50333,1053924.0
2024-05-11 02:00:00,0.50333,0.50399,0.50126,0.5034,688726.0
2024-05-11 03:00:00,0.5034,0.50433,0.502,0.50274,829703.0
2024-05-11 04:00:00,0.50274,0.50454,0.50198,0.50353,707932.0
2024-05-11 05:00:00,0.50353,0.50483,0.50353,0.50446,538024.0
2024-05-11 06:00:00,0.50446,0.5056,0.50416,0.50518,812140.0
2024-05-11 07:00:00,0.50518,0.50573,0.50456,0.505,2022119.0
2024-05-11 08:00:00,0.505,0.50553,0.50166,0.50221,1663433.0
2024-05-11 09:00:00,0.50221,0.50306,0.5011,0.50292,2098562.0
2024-05-11 10:00:00,0.50292,0.50308,0.50056,0.50218,922142.0
2024-05-11 11:00:00,0.50218,0.50303,0.50005,0.50187,3353744.0
2024-05-11 12:00:00,0.50187,0.50358,0.5014,0.50347,812337.0
2024-05-11 13:00:00,0.50347,0.50563,0.50327,0.50543,1583544.0
2024-05-11 14:00:00,0.50543,0.50543,0.50356,0.50423,993825.0
2024-05-11 15:00:00,0.50423,0.50746,0.50423,0.50605,1931977.0
2024-05-11 16:00:00,0.50605,0.50672,0.50556,0.5059,1237635.0
2024-05-11 17:00:00,0.5059,0.50647,0.5051,0.50579,398671.0
2024-05-11 18:00:00,0.50579,0.50668,0.50521,0.50602,219139.0
2024-05-11 19:00:00,0.50602,0.50669,0.5054,0.50616,215335.0
2024-05-11 20:00:00,0.50616,0.50664,0.50384,0.50644,860078.0
2024-05-11 21:00:00,0.50644,0.50672,0.50551,0.50612,567002.0
2024-05-11 22:00:00,0.50612,0.50643,0.50486,0.50562,1541831.0
2024-05-11 23:00:00,0.50562,0.50623,0.50474,0.50546,1786642.0
2024-05-12 00:00:00,0.50546,0.50645,0.50454,0.50567,1307619.0
2024-05-12 01:00:00,0.50567,0.50663,0.50551,0.50562,618215.0
2024-05-12 02:00:00,0.50562,0.50702,0.50534,0.50676,1037088.0
2024-05-12 03:00:00,0.50676,0.5075,0.50615,0.50706,581367.0
2024-05-12 04:00:00,0.50706,0.50819,0.5066,0.50795,1245460.0
2024-05-12 05:00:00,0.50795,0.50798,0.5063,0.50654,1431212.0
2024-05-12 06:00:00,0.50654,0.50687,0.50566,0.50599,857899.0
2024-05-12 07:00:00,0.50599,0.50619,0.5026,0.50368,2559864.0
2024-05-12 08:00:00,0.50368,0.50469,0.5026,0.50369,1796566.0
2024-05-12 09:00:00,0.50369,0.5045,0.5028,0.50441,946358.0
2024-05-12 10:00:00,0.50441,0.50635,0.50412,0.50483,1724508.0
2024-05-12 11:00:00,0.50483,0.50558,0.5034,0.50415,1176227.0
2024-05-12 12:00:00,0.50415,0.50469,0.50349,0.50409,654636.0
2024-05-12 13:00:00,0.50409,0.50488,0.5031,0.50435,1081768.0
2024-05-12 14:00:00,0.50435,0.50489,0.50283,0.50343,1079287.0
2024-05-12 15:00:00,0.50343,0.50498,0.5029,0.50432,832656.0
2024-05-12 16:00:00,0.50432,0.50589,0.50319,0.50319,1763922.0
2024-05-12 17:00:00,0.50319,0.50369,0.5016,0.50298,2642749.0
2024-05-12 18:00:00,0.50298,0.50299,0.5008,0.50142,2104773.0
2024-05-12 19:00:00,0.50142,0.50179,0.50005,0.50056,2947866.0
2024-05-12 20:00:00,0.50056,0.50089,0.4985,0.50029,1474598.0
2024-05-12 21:00:00,0.50029,0.50047,0.49501,0.49975,4146844.0
2024-05-12 22:00:00,0.49975,0.50009,0.4987,0.49884,818825.0
2024-05-12 23:00:00,0.49884,0.49989,0.4983,0.49879,1078887.0
2024-05-13 00:00:00,0.49879,0.50235,0.49878,0.50077,1068455.0
2024-05-13 01:00:00,0.50077,0.50088,0.4951,0.49813,3587689.0
2024-05-13 02:00:00,0.49813,0.49917,0.4885,0.49145,8841878.0
2024-05-13 03:00:00,0.49145,0.49294,0.4861,0.49287,5929380.0
2024-05-13 04:00:00,0.49287,0.49287,0.48966,0.49129,1776206.0
2024-05-13 05:00:00,0.49129,0.49322,0.49059,0.49109,1079763.0
2024-05-13 06:00:00,0.49109,0.49784,0.49078,0.49735,3596469.0
2024-05-13 07:00:00,0.49735,0.5041,0.49647,0.50298,5101745.0
2024-05-13 08:00:00,0.50298,0.50494,0.50201,0.50272,3757032.0
2024-05-13 09:00:00,0.50272,0.5055,0.50271,0.50459,1557277.0
2024-05-13 10:00:00,0.50459,0.50483,0.50006,0.50354,3501105.0
2024-05-13 11:00:00,0.50354,0.50993,0.50354,0.50605,7911946.0
2024-05-13 12:00:00,0.50605,0.50755,0.50518,0.50599,1899470.0
2024-05-13 13:00:00,0.50599,0.50655,0.50386,0.50492,2358779.0
2024-05-13 14:00:00,0.50492,0.50823,0.50447,0.50621,3482932.0
2024-05-13 15:00:00,0.50621,0.50963,0.50617,0.50866,2157589.0
2024-05-13 16:00:00,0.50866,0.51167,0.50778,0.5102,2399685.0
2024-05-13 17:00:00,0.5102,0.51097,0.50603,0.50666,1687767.0
2024-05-13 18:00:00,0.50666,0.5068,0.50407,0.506,1067129.0
2024-05-13 19:00:00,0.506,0.50803,0.5058,0.50723,666621.0
2024-05-13 20:00:00,0.50723,0.50763,0.50624,0.5068,753533.0
2024-05-13 21:00:00,0.5068,0.50743,0.50237,0.50447,3306811.0
2024-05-13 22:00:00,0.50447,0.50515,0.5025,0.50377,1179534.0
2024-05-13 23:00:00,0.50377,0.50548,0.50377,0.50478,670083.0
2024-05-14 00:00:00,0.50478,0.5092,0.5035,0.50556,2409892.0
2024-05-14 01:00:00,0.50556,0.50661,0.50391,0.5049,1526818.0
2024-05-14 02:00:00,0.5049,0.50603,0.503,0.50522,1429472.0
2024-05-14 03:00:00,0.50522,0.50683,0.50464,0.5065,426126.0
2024-05-14 04:00:00,0.5065,0.50738,0.50607,0.50642,1349854.0
2024-05-14 05:00:00,0.50642,0.50753,0.5057,0.50637,617657.0
2024-05-14 06:00:00,0.50637,0.50637,0.49696,0.50304,8000620.0
2024-05-14 07:00:00,0.50304,0.50722,0.50276,0.50529,1520408.0
2024-05-14 08:00:00,0.50529,0.50608,0.50438,0.5056,925091.0
2024-05-14 09:00:00,0.5056,0.50893,0.50336,0.50369,4448692.0
2024-05-14 10:00:00,0.50369,0.5081,0.503,0.50726,2374768.0
2024-05-14 11:00:00,0.50726,0.5075,0.5057,0.50609,1396103.0
2024-05-14 12:00:00,0.50609,0.5075,0.503,0.50393,4105096.0
2024-05-14 13:00:00,0.50393,0.5059,0.50247,0.50344,3342509.0
2024-05-14 14:00:00,0.50344,0.50463,0.4972,0.50314,9956816.0
2024-05-14 15:00:00,0.50314,0.51274,0.50237,0.50766,6751401.0
2024-05-14 16:00:00,0.50766,0.50803,0.50426,0.507,3276731.0
2024-05-14 17:00:00,0.507,0.508,0.5018,0.50366,4384538.0
2024-05-14 18:00:00,0.50366,0.50503,0.5029,0.50458,676552.0
2024-05-14 19:00:00,0.50458,0.50588,0.50399,0.50488,358589.0
2024-05-14 20:00:00,0.50488,0.5057,0.50326,0.50366,422054.0
2024-05-14 21:00:00,0.50366,0.50425,0.49979,0.50186,2485547.0
2024-05-14 22:00:00,0.50186,0.50198,0.49776,0.50021,2969169.0
2024-05-14 23:00:00,0.50021,0.50053,0.49864,0.49973,559981.0
2024-05-15 00:00:00,0.49973,0.5006,0.496,0.49776,2982785.0
2024-05-15 01:00:00,0.49776,0.5004,0.49774,0.49918,1486950.0
2024-05-15 02:00:00,0.49918,0.5013,0.49914,0.5003,602020.0
2024-05-15 03:00:00,0.5003,0.50162,0.50018,0.50103,724927.0
2024-05-15 04:00:00,0.50103,0.50191,0.50039,0.50142,542483.0
2024-05-15 05:00:00,0.50142,0.50205,0.50009,0.50027,829472.0
2024-05-15 06:00:00,0.50027,0.5006,0.49799,0.49854,4263673.0
2024-05-15 07:00:00,0.49854,0.5006,0.49769,0.49938,6238063.0
2024-05-15 08:00:00,0.49938,0.50066,0.49825,0.49853,1652267.0
2024-05-15 09:00:00,0.49853,0.503,0.49728,0.50132,4490217.0
2024-05-15 10:00:00,0.50132,0.50242,0.49979,0.50128,2357388.0
2024-05-15 11:00:00,0.50128,0.5017,0.49895,0.50016,2449679.0
2024-05-15 12:00:00,0.50016,0.50609,0.49779,0.5049,7290735.0
2024-05-15 13:00:00,0.5049,0.51035,0.50409,0.5078,4435714.0
2024-05-15 14:00:00,0.5078,0.51119,0.50682,0.51052,2544601.0
2024-05-15 15:00:00,0.51052,0.51159,0.50949,0.51037,1984650.0
2024-05-15 16:00:00,0.51037,0.51642,0.50939,0.51254,9470944.0
2024-05-15 17:00:00,0.51254,0.515,0.51228,0.51404,1051570.0
2024-05-15 18:00:00,0.51404,0.51679,0.51333,0.51651,2036244.0
2024-05-15 19:00:00,0.51651,0.51839,0.51462,0.5182,2644428.0
2024-05-15 20:00:00,0.5182,0.51909,0.51672,0.5186,2375802.0
2024-05-15 21:00:00,0.5186,0.51862,0.51628,0.51675,918718.0
2024-05-15 22:00:00,0.51675,0.51776,0.51598,0.51735,584395.0
2024-05-15 23:00:00,0.51735,0.51897,0.51681,0.51847,2131900.0
2024-05-16 00:00:00,0.51847,0.51869,0.51527,0.51672,5183639.0
2024-05-16 01:00:00,0.51672,0.5182,0.51568,0.51642,1186990.0
2024-05-16 02:00:00,0.51642,0.5184,0.51518,0.51579,1295439.0
2024-05-16 03:00:00,0.51579,0.5181,0.51532,0.5171,1182354.0
2024-05-16 04:00:00,0.5171,0.519,0.51644,0.519,1235271.0
2024-05-16 05:00:00,0.519,0.51939,0.51708,0.51719,1829390.0
2024-05-16 06:00:00,0.51719,0.51898,0.51642,0.51829,2690127.0
2024-05-16 07:00:00,0.51829,0.52019,0.51611,0.5201,11895326.0
2024-05-16 08:00:00,0.5201,0.52248,0.51581,0.51669,18147628.0
2024-05-16 09:00:00,0.51669,0.5199,0.5163,0.51936,14560946.0
2024-05-16 10:00:00,0.51936,0.51937,0.5164,0.51737,6286008.0
2024-05-16 11:00:00,0.51737,0.51856,0.51681,0.51833,2170692.0
2024-05-16 12:00:00,0.51833,0.51844,0.51359,0.51459,19044346.0
2024-05-16 13:00:00,0.51459,0.51662,0.51378,0.5166,5910745.0
2024-05-16 14:00:00,0.5166,0.51689,0.51184,0.5142,13502400.0
2024-05-16 15:00:00,0.5142,0.5191,0.51382,0.51816,10984387.0
2024-05-16 16:00:00,0.51816,0.52106,0.51578,0.51933,7071688.0
2024-05-16 17:00:00,0.51933,0.52087,0.51585,0.51823,11453237.0
2024-05-16 18:00:00,0.51823,0.51939,0.518,0.51834,3127516.0
2024-05-16 19:00:00,0.51834,0.51913,0.51746,0.51768,2576330.0
2024-05-16 20:00:00,0.51768,0.51788,0.51637,0.51664,5329787.0
2024-05-16 21:00:00,0.51664,0.51759,0.51309,0.51519,14750776.0
2024-05-16 22:00:00,0.51519,0.51529,0.51284,0.51506,7631415.0
2024-05-16 23:00:00,0.51506,0.51559,0.5141,0.51544,1265766.0
2024-05-17 00:00:00,0.51544,0.51589,0.5144,0.51517,1884469.0
2024-05-17 01:00:00,0.51517,0.51549,0.51323,0.51524,3234589.0
2024-05-17 02:00:00,0.51524,0.51723,0.51378,0.51598,4331601.0
2024-05-17 03:00:00,0.51598,0.51724,0.5153,0.51603,2516051.0
2024-05-17 04:00:00,0.51603,0.51698,0.5155,0.51651,1611554.0
2024-05-17 05:00:00,0.51651,0.5174,0.51548,0.51579,2926398.0
2024-05-17 06:00:00,0.51579,0.51799,0.51452,0.51726,4546608.0
2024-05-17 07:00:00,0.51726,0.52212,0.5171,0.5213,13381983.0
2024-05-17 08:00:00,0.5213,0.52219,0.519,0.51958,9134237.0
2024-05-17 09:00:00,0.51958,0.5206,0.51848,0.51859,4657428.0
2024-05-17 10:00:00,0.51859,0.52169,0.51758,0.52161,6573010.0
2024-05-17 11:00:00,0.52161,0.52189,0.51921,0.52009,4800730.0
2024-05-17 12:00:00,0.52009,0.52386,0.51915,0.52295,8353678.0
2024-05-17 13:00:00,0.52295,0.52339,0.51997,0.52142,12012536.0
2024-05-17 14:00:00,0.52142,0.52288,0.52063,0.52287,3240076.0
2024-05-17 15:00:00,0.52287,0.52654,0.52182,0.52479,15356999.0
2024-05-17 16:00:00,0.52479,0.5285,0.52442,0.52475,12262193.0
2024-05-17 17:00:00,0.52475,0.52599,0.52319,0.52339,2722595.0
2024-05-17 18:00:00,0.52339,0.52349,0.52078,0.52308,6902264.0
2024-05-17 19:00:00,0.52308,0.52362,0.52208,0.52359,1932352.0
2024-05-17 20:00:00,0.52359,0.52421,0.52291,0.52359,1706323.0
2024-05-17 21:00:00,0.52359,0.52383,0.52137,0.52269,6771337.0
2024-05-17 22:00:00,0.52269,0.52389,0.5223,0.52358,1382095.0
2024-05-17 23:00:00,0.52358,0.52399,0.52268,0.52293,1830278.0
2024-05-18 00:00:00,0.52293,0.52307,0.52148,0.52224,6729113.0
2024-05-18 01:00:00,0.52224,0.52309,0.52101,0.52308,2496819.0
2024-05-18 02:00:00,0.52308,0.52349,0.52234,0.52244,2083560.0
2024-05-18 03:00:00,0.52244,0.52399,0.52242,0.52373,1575870.0
2024-05-18 04:00:00,0.52373,0.52393,0.52302,0.5231,2882367.0
2024-05-18 05:00:00,0.5231,0.52369,0.52228,0.52263,1901750.0
2024-05-18 06:00:00,0.52263,0.52277,0.52168,0.52207,3224708.0
2024-05-18 07:00:00,0.52207,0.52377,0.5219,0.52249,2552086.0
2024-05-18 08:00:00,0.52249,0.52398,0.52221,0.52374,1788420.0
2024-05-18 09:00:00,0.52374,0.5249,0.52347,0.52453,1749487.0
2024-05-18 10:00:00,0.52453,0.52531,0.52369,0.52456,3040777.0
2024-05-18 11:00:00,0.52456,0.52499,0.52319,0.52338,2914858.0
2024-05-18 12:00:00,0.52338,0.52419,0.52158,0.5218,5213821.0
2024-05-18 13:00:00,0.5218,0.52218,0.51854,0.51949,9562568.0
2024-05-18 14:00:00,0.51949,0.52119,0.51808,0.52045,7333052.0
2024-05-18 15:00:00,0.52045,0.5221,0.52,0.5216,3250308.0
2024-05-18 16:00:00,0.5216,0.52239,0.52041,0.52082,3983925.0
2024-05-18 17:00:00,0.52082,0.52159,0.51998,0.52131,1909327.0
2024-05-18 18:00:00,0.52131,0.52179,0.5203,0.52043,1059994.0
2024-05-18 19:00:00,0.52043,0.52068,0.51988,0.52015,1333842.0
2024-05-18 20:00:00,0.52015,0.5216,0.5199,0.52092,1462809.0
2024-05-18 21:00:00,0.52092,0.52158,0.52003,0.52024,2634273.0
2024-05-18 22:00:00,0.52024,0.52088,0.51968,0.51987,1266396.0
2024-05-18 23:00:00,0.51987,0.5209,0.51986,0.52074,1875506.0
2024-05-19 00:00:00,0.52074,0.52108,0.52,0.52025,989232.0
2024-05-19 01:00:00,0.52025,0.52151,0.52025,0.52118,1289139.0
2024-05-19 02:00:00,0.52118,0.5231,0.52112,0.52277,2046852.0
2024-05-19 03:00:00,0.52277,0.52288,0.5215,0.52192,2814378.0
2024-05-19 04:00:00,0.52192,0.52211,0.52109,0.52179,1621038.0
2024-05-19 05:00:00,0.52179,0.52242,0.52123,0.52173,1685229.0
2024-05-19 06:00:00,0.52173,0.52173,0.5191,0.51978,3547456.0
2024-05-19 07:00:00,0.51978,0.52088,0.51932,0.52041,2203585.0
2024-05-19 08:00:00,0.52041,0.52063,0.51889,0.51983,2074047.0
2024-05-19 09:00:00,0.51983,0.52011,0.51821,0.51939,3096866.0
2024-05-19 10:00:00,0.51939,0.52053,0.51849,0.519,4182803.0
2024-05-19 11:00:00,0.519,0.51915,0.51522,0.51737,9953592.0
2024-05-19 12:00:00,0.51737,0.51737,0.51239,0.51404,19451039.0
2024-05-19 13:00:00,0.51404,0.51509,0.51179,0.51478,7408065.0
2024-05-19 14:00:00,0.51478,0.51488,0.51339,0.51404,1506919.0
2024-05-19 15:00:00,0.51404,0.51404,0.51058,0.51217,6218210.0
2024-05-19 16:00:00,0.51217,0.51278,0.50893,0.50984,9016253.0
2024-05-19 17:00:00,0.50984,0.51138,0.5091,0.51075,4380188.0
2024-05-19 18:00:00,0.51075,0.51128,0.5091,0.50925,2091411.0
2024-05-19 19:00:00,0.50925,0.5096,0.5064,0.50705,7724232.0
2024-05-19 20:00:00,0.50705,0.50979,0.50662,0.50918,1772141.0
2024-05-19 21:00:00,0.50918,0.51,0.5054,0.5085,5145290.0
2024-05-19 22:00:00,0.5085,0.50969,0.50804,0.50952,2184092.0
2024-05-19 23:00:00,0.50952,0.50959,0.5084,0.50907,1177103.0
2024-05-20 00:00:00,0.50907,0.51069,0.5079,0.50993,4408959.0
2024-05-20 01:00:00,0.50993,0.51068,0.5058,0.50993,7674426.0
2024-05-20 02:00:00,0.50993,0.51258,0.5098,0.51234,4029641.0
2024-05-20 03:00:00,0.51234,0.51311,0.51209,0.5128,2198776.0
2024-05-20 04:00:00,0.5128,0.51655,0.51266,0.51603,8203774.0
2024-05-20 05:00:00,0.51603,0.5176,0.51491,0.51518,7842895.0
2024-05-20 06:00:00,0.51518,0.51518,0.506,0.50849,23712216.0
2024-05-20 07:00:00,0.50849,0.51381,0.50791,0.51337,11281232.0
2024-05-20 08:00:00,0.51337,0.51428,0.5124,0.51299,4787964.0
2024-05-20 09:00:00,0.51299,0.51388,0.51019,0.51051,6491734.0
2024-05-20 10:00:00,0.51051,0.514,0.50979,0.51223,5092451.0
2024-05-20 11:00:00,0.51223,0.51321,0.51119,0.5117,2640416.0
2024-05-20 12:00:00,0.5117,0.51248,0.50999,0.51123,3699916.0
2024-05-20 13:00:00,0.51123,0.51323,0.51039,0.51268,6713630.0
2024-05-20 14:00:00,0.51268,0.51573,0.51116,0.51477,21086362.0
2024-05-20 15:00:00,0.51477,0.5173,0.51438,0.51628,8932514.0
2024-05-20 16:00:00,0.51628,0.52026,0.516,0.51894,11696923.0
2024-05-20 17:00:00,0.51894,0.52309,0.51801,0.52199,5957226.0
2024-05-20 18:00:00,0.52199,0.52451,0.52073,0.52282,6493706.0
2024-05-20 19:00:00,0.52282,0.53378,0.52232,0.53367,26341040.0
2024-05-20 20:00:00,0.53367,0.5349,0.52929,0.53095,18757333.0
2024-05-20 21:00:00,0.53095,0.53467,0.52837,0.5345,14665227.0
2024-05-20 22:00:00,0.5345,0.53647,0.53178,0.53448,19919179.0
2024-05-20 23:00:00,0.53448,0.5377,0.53288,0.53768,22934644.0
2024-05-21 00:00:00,0.53768,0.543,0.53615,0.53894,21561408.0
2024-05-21 01:00:00,0.53894,0.53894,0.53309,0.53666,14307700.0
2024-05-21 02:00:00,0.53666,0.5371,0.53434,0.53467,9182535.0
2024-05-21 03:00:00,0.53467,0.53652,0.53433,0.53513,3152385.0
2024-05-21 04:00:00,0.53513,0.53782,0.53396,0.53403,9391397.0
2024-05-21 05:00:00,0.53403,0.5365,0.53273,0.536,12005158.0
2024-05-21 06:00:00,0.536,0.53856,0.53526,0.53664,7751067.0
2024-05-21 07:00:00,0.53664,0.54062,0.5344,0.5404,23989132.0
2024-05-21 08:00:00,0.5404,0.54445,0.53802,0.54263,17253355.0
2024-05-21 09:00:00,0.54263,0.54643,0.5414,0.54191,16412233.0
2024-05-21 10:00:00,0.54191,0.5453,0.5409,0.5426,14552270.0
2024-05-21 11:00:00,0.5426,0.54447,0.5412,0.54274,7509623.0
2024-05-21 12:00:00,0.54274,0.54495,0.54044,0.54384,12928743.0
2024-05-21 13:00:00,0.54384,0.54924,0.54079,0.54394,17826159.0
2024-05-21 14:00:00,0.54394,0.54989,0.54381,0.5493,26292336.0
2024-05-21 15:00:00,0.5493,0.557,0.54104,0.54242,77752110.0
2024-05-21 16:00:00,0.54242,0.5457,0.54137,0.5436,11733563.0
2024-05-21 17:00:00,0.5436,0.54674,0.5432,0.54529,7962271.0
2024-05-21 18:00:00,0.54529,0.54579,0.54036,0.54203,6123580.0
2024-05-21 19:00:00,0.54203,0.5427,0.53348,0.53706,21983128.0
2024-05-21 20:00:00,0.53706,0.54127,0.5369,0.53976,7605033.0
2024-05-21 21:00:00,0.53976,0.53976,0.53187,0.5336,12367299.0
2024-05-21 22:00:00,0.5336,0.53849,0.53358,0.53832,8672030.0
2024-05-21 23:00:00,0.53832,0.53832,0.53606,0.53708,3591173.0
2024-05-22 00:00:00,0.53708,0.53732,0.5334,0.53343,7913047.0
2024-05-22 01:00:00,0.53343,0.5365,0.53296,0.53646,6450702.0
2024-05-22 02:00:00,0.53646,0.53745,0.53436,0.53598,8484328.0
2024-05-22 03:00:00,0.53598,0.5367,0.5348,0.53659,2502049.0
2024-05-22 04:00:00,0.53659,0.53667,0.5285,0.53276,19972852.0
2024-05-22 05:00:00,0.53276,0.53415,0.53076,0.53382,3048345.0
2024-05-22 06:00:00,0.53382,0.53555,0.53346,0.53411,5048921.0
2024-05-22 07:00:00,0.53411,0.5348,0.52964,0.53444,17064476.0
2024-05-22 08:00:00,0.53444,0.538,0.53352,0.53475,13402066.0
2024-05-22 09:00:00,0.53475,0.5371,0.53246,0.53504,7626673.0
2024-05-22 10:00:00,0.53504,0.5365,0.5345,0.53563,4125949.0
2024-05-22 11:00:00,0.53563,0.53568,0.53081,0.53263,13719074.0
2024-05-22 12:00:00,0.53263,0.53455,0.526,0.52762,19085914.0
2024-05-22 13:00:00,0.52762,0.53056,0.52762,0.53038,7254512.0
2024-05-22 14:00:00,0.53038,0.53349,0.52908,0.53318,7916498.0
2024-05-22 15:00:00,0.53318,0.53702,0.53209,0.5358,10297891.0
2024-05-22 16:00:00,0.5358,0.53597,0.5335,0.53521,5922840.0
2024-05-22 17:00:00,0.53521,0.538,0.52926,0.53173,11770741.0
2024-05-22 18:00:00,0.53173,0.53233,0.52631,0.52868,7682726.0
2024-05-22 19:00:00,0.52868,0.52948,0.5273,0.5287,2902462.0
2024-05-22 20:00:00,0.5287,0.53037,0.5246,0.52628,11332173.0
2024-05-22 21:00:00,0.52628,0.5282,0.52169,0.52746,12391365.0
2024-05-22 22:00:00,0.52746,0.52815,0.52611,0.52702,2462449.0
2024-05-22 23:00:00,0.52702,0.5274,0.5258,0.52711,2152937.0
2024-05-23 00:00:00,0.52711,0.5292,0.52668,0.52828,3127619.0
2024-05-23 01:00:00,0.52828,0.529,0.52551,0.52761,4529090.0
2024-05-23 02:00:00,0.52761,0.5288,0.5272,0.52807,1388166.0
2024-05-23 03:00:00,0.52807,0.5297,0.52739,0.5297,2650455.0
2024-05-23 04:00:00,0.5297,0.52971,0.52811,0.52885,2115930.0
2024-05-23 05:00:00,0.52885,0.52889,0.5265,0.52728,5184996.0
2024-05-23 06:00:00,0.52728,0.52753,0.5252,0.52639,3886636.0
2024-05-23 07:00:00,0.52639,0.52996,0.52478,0.52909,15152354.0
2024-05-23 08:00:00,0.52909,0.53048,0.52816,0.52967,5214223.0
2024-05-23 09:00:00,0.52967,0.53076,0.52546,0.5261,5728684.0
2024-05-23 10:00:00,0.5261,0.52725,0.52239,0.52527,17492024.0
2024-05-23 11:00:00,0.52527,0.52943,0.52476,0.52927,12115315.0
2024-05-23 12:00:00,0.52927,0.53033,0.51762,0.5243,75960138.0
2024-05-23 13:00:00,0.5243,0.54903,0.50864,0.52557,626242011.0
2024-05-23 14:00:00,0.52557,0.5387,0.5252,0.53236,66216056.0
2024-05-23 15:00:00,0.53236,0.53548,0.52789,0.5292,21766266.0
2024-05-23 16:00:00,0.5292,0.52994,0.524,0.52476,24372539.0
2024-05-23 17:00:00,0.52476,0.52867,0.52465,0.52617,6903052.0
2024-05-23 18:00:00,0.52617,0.52669,0.51616,0.52003,71104895.0
2024-05-23 19:00:00,0.52003,0.52231,0.5181,0.52041,4738988.0
2024-05-23 20:00:00,0.52041,0.52056,0.5,0.51736,219026390.0
2024-05-23 21:00:00,0.51736,0.52944,0.51348,0.52927,53465913.0
2024-05-23 22:00:00,0.52927,0.53031,0.5237,0.52667,13339153.0
2024-05-23 23:00:00,0.52667,0.5293,0.526,0.52861,6675345.0
2024-05-24 00:00:00,0.52861,0.53018,0.5258,0.52903,11916198.0
2024-05-24 01:00:00,0.52903,0.53479,0.5277,0.53359,9718293.0
2024-05-24 02:00:00,0.53359,0.53367,0.53006,0.53139,8495438.0
2024-05-24 03:00:00,0.53139,0.53145,0.5292,0.53037,22187391.0
2024-05-24 04:00:00,0.53037,0.53177,0.52929,0.53026,10027656.0
2024-05-24 05:00:00,0.53026,0.53055,0.52345,0.52462,16337686.0
2024-05-24 06:00:00,0.52462,0.52629,0.5186,0.5186,14983828.0
2024-05-24 07:00:00,0.5186,0.52322,0.51649,0.5229,16913631.0
2024-05-24 08:00:00,0.5229,0.52401,0.51755,0.52383,7470832.0
2024-05-24 09:00:00,0.52383,0.52541,0.52205,0.52369,8897055.0
2024-05-24 10:00:00,0.52369,0.52666,0.5214,0.52645,12126370.0
2024-05-24 11:00:00,0.52645,0.5312,0.5262,0.52781,27104464.0
2024-05-24 12:00:00,0.52781,0.5333,0.52673,0.53159,20641943.0
2024-05-24 13:00:00,0.53159,0.53723,0.53019,0.53284,17203403.0
2024-05-24 14:00:00,0.53284,0.5361,0.531,0.53408,10424687.0
2024-05-24 15:00:00,0.53408,0.5375,0.53212,0.53256,12329285.0
2024-05-24 16:00:00,0.53256,0.53333,0.5298,0.53005,8223540.0
2024-05-24 17:00:00,0.53005,0.53376,0.53005,0.53176,7759010.0
2024-05-24 18:00:00,0.53176,0.5342,0.53108,0.53228,14307130.0
2024-05-24 19:00:00,0.53228,0.5334,0.53155,0.53307,2547350.0
2024-05-24 20:00:00,0.53307,0.5346,0.53196,0.53196,2906755.0
2024-05-24 21:00:00,0.53196,0.5346,0.53115,0.53326,12294140.0
2024-05-24 22:00:00,0.53326,0.53569,0.5332,0.53543,2412354.0
2024-05-24 23:00:00,0.53543,0.53615,0.53414,0.53585,2020435.0
2024-05-25 00:00:00,0.53585,0.536,0.534,0.53452,4528892.0
2024-05-25 01:00:00,0.53452,0.5359,0.53451,0.53535,1614771.0
2024-05-25 02:00:00,0.53535,0.53535,0.53372,0.53405,4108222.0
2024-05-25 03:00:00,0.53405,0.53467,0.5329,0.53456,4292614.0
2024-05-25 04:00:00,0.53456,0.53755,0.53456,0.53717,8037182.0
2024-05-25 05:00:00,0.53717,0.53721,0.53513,0.53566,3339332.0
2024-05-25 06:00:00,0.53566,0.5365,0.53399,0.53439,4504136.0
2024-05-25 07:00:00,0.53439,0.53613,0.53407,0.53494,3310631.0
2024-05-25 08:00:00,0.53494,0.53528,0.53422,0.53452,2003220.0
2024-05-25 09:00:00,0.53452,0.53718,0.53431,0.53718,3507707.0
2024-05-25 10:00:00,0.53718,0.54038,0.53718,0.54038,10717543.0
2024-05-25 11:00:00,0.54038,0.54187,0.53761,0.53779,6411248.0
2024-05-25 12:00:00,0.53779,0.53799,0.5354,0.53604,8695223.0
2024-05-25 13:00:00,0.53604,0.53744,0.5327,0.53495,19992951.0
2024-05-25 14:00:00,0.53495,0.53845,0.5345,0.53841,6595615.0
2024-05-25 15:00:00,0.53841,0.54253,0.53816,0.53956,15957428.0
2024-05-25 16:00:00,0.53956,0.54059,0.53747,0.53806,7068752.0
2024-05-25 17:00:00,0.53806,0.53905,0.5376,0.53845,5428598.0
2024-05-25 18:00:00,0.53845,0.53952,0.53801,0.53882,2241800.0
2024-05-25 19:00:00,0.53882,0.53996,0.53834,0.53934,1027280.0
2024-05-25 20:00:00,0.53934,0.54035,0.53858,0.53981,1269321.0
2024-05-25 21:00:00,0.53981,0.54259,0.53956,0.5405,5671119.0
2024-05-25 22:00:00,0.5405,0.54175,0.5393,0.54122,3196357.0
2024-05-25 23:00:00,0.54122,0.54222,0.54077,0.54169,1916116.0
2024-05-26 00:00:00,0.54169,0.54169,0.54017,0.54025,2778913.0
2024-05-26 01:00:00,0.54025,0.54197,0.54025,0.54109,1197864.0
2024-05-26 02:00:00,0.54109,0.54137,0.53848,0.53948,4084455.0
2024-05-26 03:00:00,0.53948,0.54035,0.53859,0.54001,1509843.0
2024-05-26 04:00:00,0.54001,0.54001,0.53777,0.53873,4345282.0
2024-05-26 05:00:00,0.53873,0.53892,0.53778,0.53856,944508.0
2024-05-26 06:00:00,0.53856,0.53907,0.53784,0.53825,1186759.0
2024-05-26 07:00:00,0.53825,0.53968,0.53782,0.53948,2269168.0
2024-05-26 08:00:00,0.53948,0.53988,0.53639,0.53786,7186392.0
2024-05-26 09:00:00,0.53786,0.53826,0.53398,0.53593,11705689.0
2024-05-26 10:00:00,0.53593,0.53744,0.5353,0.53654,4581766.0
2024-05-26 11:00:00,0.53654,0.5369,0.53501,0.53644,3211141.0
2024-05-26 12:00:00,0.53644,0.53656,0.53388,0.53402,4707488.0
2024-05-26 13:00:00,0.53402,0.53478,0.53258,0.53366,7606768.0
2024-05-26 14:00:00,0.53366,0.53537,0.53287,0.53501,4476724.0
2024-05-26 15:00:00,0.53501,0.53536,0.5295,0.53113,12127175.0
2024-05-26 16:00:00,0.53113,0.53218,0.52949,0.53007,7514019.0
2024-05-26 17:00:00,0.53007,0.53106,0.52929,0.53052,5237007.0
2024-05-26 18:00:00,0.53052,0.53147,0.52951,0.53077,1934899.0
2024-05-26 19:00:00,0.53077,0.5315,0.53011,0.5309,1087499.0
2024-05-26 20:00:00,0.5309,0.53097,0.52955,0.52974,3834892.0
2024-05-26 21:00:00,0.52974,0.52988,0.52558,0.52919,14026186.0
2024-05-26 22:00:00,0.52919,0.5303,0.52861,0.52956,5798222.0
2024-05-26 23:00:00,0.52956,0.53015,0.52769,0.52833,7450245.0
2024-05-27 00:00:00,0.52833,0.5301,0.52739,0.53003,3967180.0
2024-05-27 01:00:00,0.53003,0.53388,0.52971,0.53206,8062457.0
2024-05-27 02:00:00,0.53206,0.53352,0.53089,0.53217,5039139.0
2024-05-27 03:00:00,0.53217,0.5327,0.5313,0.53143,3461724.0
2024-05-27 04:00:00,0.53143,0.53241,0.53028,0.53041,5072704.0
2024-05-27 05:00:00,0.53041,0.53078,0.52603,0.52816,9372254.0
2024-05-27 06:00:00,0.52816,0.52848,0.52469,0.52528,9581814.0
2024-05-27 07:00:00,0.52528,0.52798,0.52379,0.52766,13959432.0
2024-05-27 08:00:00,0.52766,0.53218,0.52766,0.53102,7929183.0
2024-05-27 09:00:00,0.53102,0.53147,0.52809,0.5295,9446492.0
2024-05-27 10:00:00,0.5295,0.53063,0.52756,0.52869,4230404.0
2024-05-27 11:00:00,0.52869,0.52949,0.52664,0.52817,6571473.0
2024-05-27 12:00:00,0.52817,0.52969,0.52814,0.52939,3126347.0
2024-05-27 13:00:00,0.52939,0.53508,0.52939,0.53282,20761634.0
2024-05-27 14:00:00,0.53282,0.53674,0.53277,0.53534,17141192.0
2024-05-27 15:00:00,0.53534,0.5409,0.53489,0.53927,12165448.0
2024-05-27 16:00:00,0.53927,0.541,0.53796,0.53922,6757241.0
2024-05-27 17:00:00,0.53922,0.54048,0.53656,0.53781,4099638.0
2024-05-27 18:00:00,0.53781,0.5387,0.53632,0.53639,2577320.0
2024-05-27 19:00:00,0.53639,0.53716,0.5285,0.53163,10489420.0
2024-05-27 20:00:00,0.53163,0.53627,0.531,0.53511,3702976.0
2024-05-27 21:00:00,0.53511,0.53539,0.53356,0.53464,2487440.0
2024-05-27 22:00:00,0.53464,0.5366,0.53386,0.53549,3379723.0
2024-05-27 23:00:00,0.53549,0.53577,0.53346,0.53399,2508499.0
2024-05-28 00:00:00,0.53399,0.53499,0.5321,0.53309,11272412.0
2024-05-28 01:00:00,0.53309,0.5355,0.52775,0.5298,15051508.0
2024-05-28 02:00:00,0.5298,0.53121,0.526,0.53095,14686394.0
2024-05-28 03:00:00,0.53095,0.53115,0.52529,0.52748,13083904.0
2024-05-28 04:00:00,0.52748,0.5279,0.52098,0.5239,14841625.0
2024-05-28 05:00:00,0.5239,0.52552,0.52289,0.5255,4630345.0
2024-05-28 06:00:00,0.5255,0.52591,0.5235,0.52559,5747247.0
2024-05-28 07:00:00,0.52559,0.52735,0.52301,0.52616,15834748.0
2024-05-28 08:00:00,0.52616,0.5276,0.52555,0.52735,8305451.0
2024-05-28 09:00:00,0.52735,0.52842,0.52678,0.52771,4282552.0
2024-05-28 10:00:00,0.52771,0.533,0.5273,0.53051,11494898.0
2024-05-28 11:00:00,0.53051,0.5328,0.52975,0.53064,7083598.0
2024-05-28 12:00:00,0.53064,0.5327,0.529,0.53113,11019162.0
2024-05-28 13:00:00,0.53113,0.5337,0.52752,0.5294,15917917.0
2024-05-28 14:00:00,0.5294,0.5309,0.5257,0.52821,14780322.0
2024-05-28 15:00:00,0.52821,0.53096,0.52616,0.53017,5881299.0
2024-05-28 16:00:00,0.53017,0.53066,0.52736,0.528,5296567.0
2024-05-28 17:00:00,0.528,0.52981,0.52606,0.52643,5032718.0
2024-05-28 18:00:00,0.52643,0.52761,0.52228,0.52477,7456136.0
2024-05-28 19:00:00,0.52477,0.528,0.52461,0.52742,2696133.0
2024-05-28 20:00:00,0.52742,0.52901,0.52644,0.52704,3330916.0
2024-05-28 21:00:00,0.52704,0.52841,0.5258,0.52796,2000657.0
2024-05-28 22:00:00,0.52796,0.52989,0.52783,0.5295,2240209.0
2024-05-28 23:00:00,0.5295,0.5298,0.5286,0.5288,1857489.0
2024-05-29 00:00:00,0.5288,0.5294,0.52666,0.52725,2491539.0
2024-05-29 01:00:00,0.52725,0.52771,0.52522,0.52581,8471262.0
2024-05-29 02:00:00,0.52581,0.52799,0.52504,0.5274,5492200.0
2024-05-29 03:00:00,0.5274,0.52931,0.52693,0.52884,2912920.0
2024-05-29 04:00:00,0.52884,0.5303,0.52816,0.53019,2830043.0
2024-05-29 05:00:00,0.53019,0.531,0.529,0.53017,3562441.0
2024-05-29 06:00:00,0.53017,0.532,0.529,0.52916,5978523.0
2024-05-29 07:00:00,0.52916,0.53031,0.52526,0.52636,21558807.0
2024-05-29 08:00:00,0.52636,0.52872,0.52161,0.52866,21556668.0
2024-05-29 09:00:00,0.52866,0.533,0.52763,0.52926,8964146.0
2024-05-29 10:00:00,0.52926,0.5319,0.52871,0.53079,3751717.0
2024-05-29 11:00:00,0.53079,0.533,0.52888,0.52923,6295259.0
2024-05-29 12:00:00,0.52923,0.53091,0.5277,0.53,12997530.0
2024-05-29 13:00:00,0.53,0.5325,0.52818,0.52989,10640985.0
2024-05-29 14:00:00,0.52989,0.53108,0.52816,0.52954,10267707.0
2024-05-29 15:00:00,0.52954,0.53093,0.5275,0.52807,11364020.0
2024-05-29 16:00:00,0.52807,0.52851,0.52516,0.52759,31632725.0
2024-05-29 17:00:00,0.52759,0.52932,0.52569,0.52726,4827058.0
2024-05-29 18:00:00,0.52726,0.52731,0.52446,0.5254,3426517.0
2024-05-29 19:00:00,0.5254,0.52644,0.52306,0.52331,3664359.0
2024-05-29 20:00:00,0.52331,0.5244,0.52246,0.52361,5858739.0
2024-05-29 21:00:00,0.52361,0.52469,0.51967,0.52428,15589633.0
2024-05-29 22:00:00,0.52428,0.52495,0.52359,0.52479,3270418.0
2024-05-29 23:00:00,0.52479,0.52493,0.52336,0.52379,3825380.0
2024-05-30 00:00:00,0.52379,0.52548,0.5236,0.52395,2061456.0
2024-05-30 01:00:00,0.52395,0.52549,0.5229,0.52438,2523948.0
2024-05-30 02:00:00,0.52438,0.5275,0.52409,0.52669,3929989.0
2024-05-30 03:00:00,0.52669,0.52763,0.52621,0.52751,889292.0
2024-05-30 04:00:00,0.52751,0.52848,0.52629,0.52694,3371696.0
2024-05-30 05:00:00,0.52694,0.52718,0.5257,0.52612,2107623.0
2024-05-30 06:00:00,0.52612,0.5265,0.51622,0.51838,28016925.0
2024-05-30 07:00:00,0.51838,0.52039,0.51344,0.51599,23262165.0
2024-05-30 08:00:00,0.51599,0.5182,0.51256,0.51797,17679323.0
2024-05-30 09:00:00,0.51797,0.51867,0.51697,0.5177,2557291.0
2024-05-30 10:00:00,0.5177,0.52094,0.5174,0.52044,14122142.0
2024-05-30 11:00:00,0.52044,0.52229,0.5198,0.52041,5208000.0
2024-05-30 12:00:00,0.52041,0.52227,0.5199,0.5218,4244874.0
2024-05-30 13:00:00,0.5218,0.524,0.52102,0.52328,9777062.0
2024-05-30 14:00:00,0.52328,0.52429,0.52176,0.52224,4608447.0
2024-05-30 15:00:00,0.52224,0.52469,0.52106,0.52459,6710399.0
2024-05-30 16:00:00,0.52459,0.52586,0.52377,0.52487,7225227.0
2024-05-30 17:00:00,0.52487,0.52639,0.52401,0.52557,11021192.0
2024-05-30 18:00:00,0.52557,0.52615,0.52437,0.5256,3717612.0
2024-05-30 19:00:00,0.5256,0.5258,0.5212,0.52193,5353939.0
2024-05-30 20:00:00,0.52193,0.52193,0.51633,0.51857,22383274.0
2024-05-30 21:00:00,0.51857,0.52036,0.51765,0.5201,5958016.0
2024-05-30 22:00:00,0.5201,0.52037,0.51915,0.51988,2275035.0
2024-05-30 23:00:00,0.51988,0.52037,0.51866,0.51869,2149252.0
2024-05-31 00:00:00,0.51869,0.5198,0.5177,0.51957,3747939.0
2024-05-31 01:00:00,0.51957,0.52063,0.5188,0.5197,3149900.0
2024-05-31 02:00:00,0.5197,0.5214,0.5196,0.521,4160601.0
2024-05-31 03:00:00,0.521,0.5219,0.52077,0.5217,1520900.0
2024-05-31 04:00:00,0.5217,0.52193,0.52081,0.5212,1375963.0
2024-05-31 05:00:00,0.5212,0.52127,0.51639,0.51909,17509290.0
2024-05-31 06:00:00,0.51909,0.5197,0.51697,0.51749,9703378.0
2024-05-31 07:00:00,0.51749,0.5185,0.51607,0.51637,7238984.0
2024-05-31 08:00:00,0.51637,0.5213,0.51637,0.52002,13231022.0
2024-05-31 09:00:00,0.52002,0.52305,0.51842,0.51986,8558574.0
2024-05-31 10:00:00,0.51986,0.5216,0.5195,0.52041,3040213.0
2024-05-31 11:00:00,0.52041,0.5221,0.51971,0.52148,11264252.0
2024-05-31 12:00:00,0.52148,0.52469,0.52081,0.52341,7243240.0
2024-05-31 13:00:00,0.52341,0.52423,0.5191,0.5192,6040617.0
2024-05-31 14:00:00,0.5192,0.52295,0.51703,0.52262,14332059.0
2024-05-31 15:00:00,0.52262,0.52617,0.51724,0.51746,14028191.0
2024-05-31 16:00:00,0.51746,0.51936,0.512,0.51603,31007424.0
2024-05-31 17:00:00,0.51603,0.5174,0.51528,0.51645,1876480.0
2024-05-31 18:00:00,0.51645,0.5173,0.51529,0.51676,1872978.0
2024-05-31 19:00:00,0.51676,0.51914,0.51631,0.5182,3829814.0
2024-05-31 20:00:00,0.5182,0.5188,0.51721,0.5181,2840640.0
2024-05-31 21:00:00,0.5181,0.5192,0.51729,0.518,4529325.0
2024-05-31 22:00:00,0.518,0.5198,0.518,0.51885,2632622.0
2024-05-31 23:00:00,0.51885,0.5192,0.51668,0.5176,3042950.0
2024-06-01 00:00:00,0.5176,0.51895,0.51759,0.51863,2215873.0
2024-06-01 01:00:00,0.51863,0.5195,0.51783,0.51826,1247814.0
2024-06-01 02:00:00,0.51826,0.51968,0.51805,0.51937,1599787.0
2024-06-01 03:00:00,0.51937,0.51998,0.51885,0.51938,2105849.0
2024-06-01 04:00:00,0.51938,0.51997,0.51836,0.51935,2137709.0
2024-06-01 05:00:00,0.51935,0.51968,0.51857,0.51883,3193283.0
2024-06-01 06:00:00,0.51883,0.51963,0.51873,0.51957,902982.0
2024-06-01 07:00:00,0.51957,0.51985,0.51893,0.51894,1271723.0
2024-06-01 08:00:00,0.51894,0.5198,0.51865,0.51968,1786377.0
2024-06-01 09:00:00,0.51968,0.52098,0.5193,0.5208,2334027.0
2024-06-01 10:00:00,0.5208,0.52141,0.52011,0.52055,2855792.0
2024-06-01 11:00:00,0.52055,0.52087,0.5192,0.52024,4026249.0
2024-06-01 12:00:00,0.52024,0.52124,0.51989,0.52053,3496969.0
2024-06-01 13:00:00,0.52053,0.5215,0.52053,0.52082,2925971.0
2024-06-01 14:00:00,0.52082,0.52199,0.52073,0.52098,2935053.0
2024-06-01 15:00:00,0.52098,0.52151,0.52001,0.52028,1778320.0
2024-06-01 16:00:00,0.52028,0.52088,0.51949,0.52038,3341393.0
2024-06-01 17:00:00,0.52038,0.52038,0.51827,0.51948,6609951.0
2024-06-01 18:00:00,0.51948,0.51958,0.51842,0.51878,3860591.0
2024-06-01 19:00:00,0.51878,0.51997,0.51835,0.51968,2649303.0
2024-06-01 20:00:00,0.51968,0.52048,0.51921,0.52041,1611184.0
2024-06-01 21:00:00,0.52041,0.52063,0.51959,0.52008,1564938.0
2024-06-01 22:00:00,0.52008,0.52066,0.51974,0.52021,1001871.0
2024-06-01 23:00:00,0.52021,0.52022,0.51799,0.51875,3333698.0
2024-06-02 00:00:00,0.51875,0.51978,0.51834,0.51962,3752061.0
2024-06-02 01:00:00,0.51962,0.5199,0.5187,0.51938,2223451.0
2024-06-02 02:00:00,0.51938,0.51958,0.51821,0.51892,1229928.0
2024-06-02 03:00:00,0.51892,0.51938,0.51843,0.51905,677623.0
2024-06-02 04:00:00,0.51905,0.51958,0.51839,0.51952,1582255.0
2024-06-02 05:00:00,0.51952,0.51957,0.51783,0.51828,3447084.0
2024-06-02 06:00:00,0.51828,0.51928,0.5182,0.51878,2737905.0
2024-06-02 07:00:00,0.51878,0.51898,0.51642,0.51662,8795567.0
2024-06-02 08:00:00,0.51662,0.51793,0.51619,0.51768,2304596.0
2024-06-02 09:00:00,0.51768,0.51778,0.51284,0.51498,13373816.0
2024-06-02 10:00:00,0.51498,0.51568,0.51349,0.5146,7558289.0
2024-06-02 11:00:00,0.5146,0.51738,0.51354,0.51738,6145900.0
2024-06-02 12:00:00,0.51738,0.51768,0.5162,0.51681,5114232.0
2024-06-02 13:00:00,0.51681,0.51763,0.51645,0.51728,1591735.0
2024-06-02 14:00:00,0.51728,0.52084,0.51654,0.51888,5439270.0
2024-06-02 15:00:00,0.51888,0.51928,0.51719,0.51768,2583265.0
2024-06-02 16:00:00,0.51768,0.51788,0.51599,0.51608,4809222.0
2024-06-02 17:00:00,0.51608,0.51615,0.51239,0.51263,7351770.0
2024-06-02 18:00:00,0.51263,0.51333,0.508,0.51278,17943007.0
2024-06-02 19:00:00,0.51278,0.51358,0.51,0.51251,3735684.0
2024-06-02 20:00:00,0.51251,0.51327,0.51029,0.51286,3476563.0
2024-06-02 21:00:00,0.51286,0.51426,0.51243,0.51418,4644119.0
2024-06-02 22:00:00,0.51418,0.51497,0.51349,0.51398,1720496.0
2024-06-02 23:00:00,0.51398,0.51446,0.51343,0.51343,939686.0
2024-06-03 00:00:00,0.51343,0.51578,0.51151,0.51438,6586816.0
2024-06-03 01:00:00,0.51438,0.51787,0.51404,0.51754,3856982.0
2024-06-03 02:00:00,0.51754,0.519,0.51699,0.51722,2808789.0
2024-06-03 03:00:00,0.51722,0.51754,0.51568,0.51664,6023830.0
2024-06-03 04:00:00,0.51664,0.51788,0.51508,0.51723,4046243.0
2024-06-03 05:00:00,0.51723,0.51851,0.51711,0.51748,3746154.0
2024-06-03 06:00:00,0.51748,0.52099,0.51727,0.52018,5804929.0
2024-06-03 07:00:00,0.52018,0.522,0.51708,0.52088,21869344.0
2024-06-03 08:00:00,0.52088,0.52276,0.5204,0.52099,11780025.0
2024-06-03 09:00:00,0.52099,0.52126,0.51979,0.51979,3206438.0
2024-06-03 10:00:00,0.51979,0.52062,0.51918,0.51979,2943038.0
2024-06-03 11:00:00,0.51979,0.52048,0.51888,0.51892,2652942.0
2024-06-03 12:00:00,0.51892,0.52214,0.51892,0.52161,5804157.0
2024-06-03 13:00:00,0.52161,0.52319,0.52093,0.52179,4574937.0
2024-06-03 14:00:00,0.52179,0.52259,0.51667,0.51807,11287120.0
2024-06-03 15:00:00,0.51807,0.52209,0.5179,0.52184,6042137.0
2024-06-03 16:00:00,0.52184,0.52206,0.51812,0.51957,4581618.0
2024-06-03 17:00:00,0.51957,0.52099,0.51922,0.52089,1013131.0
2024-06-03 18:00:00,0.52089,0.52099,0.51782,0.51967,10158906.0
2024-06-03 19:00:00,0.51967,0.52177,0.51928,0.52177,1574087.0
2024-06-03 20:00:00,0.52177,0.52289,0.52121,0.52135,5227106.0
2024-06-03 21:00:00,0.52135,0.5222,0.51952,0.52176,3166947.0
2024-06-03 22:00:00,0.52176,0.52186,0.5201,0.52109,2429792.0
2024-06-03 23:00:00,0.52109,0.52119,0.51948,0.51981,3447494.0
2024-06-04 00:00:00,0.51981,0.52009,0.51824,0.51931,4664431.0
2024-06-04 01:00:00,0.51931,0.52159,0.5188,0.52159,4338193.0
2024-06-04 02:00:00,0.52159,0.52191,0.52061,0.52071,2630816.0
2024-06-04 03:00:00,0.52071,0.52219,0.52018,0.5214,1781434.0
2024-06-04 04:00:00,0.5214,0.52199,0.5204,0.52057,1335029.0
2024-06-04 05:00:00,0.52057,0.52099,0.51958,0.51974,2881785.0
2024-06-04 06:00:00,0.51974,0.52011,0.51858,0.51861,2910385.0
2024-06-04 07:00:00,0.51861,0.52039,0.5185,0.5203,2574935.0
2024-06-04 08:00:00,0.5203,0.52519,0.51924,0.52028,17816290.0
2024-06-04 09:00:00,0.52028,0.52242,0.51931,0.52025,7291739.0
2024-06-04 10:00:00,0.52025,0.52545,0.51874,0.52419,14408531.0
2024-06-04 11:00:00,0.52419,0.52509,0.52182,0.52263,4511287.0
2024-06-04 12:00:00,0.52263,0.52439,0.52208,0.52354,3962002.0
2024-06-04 13:00:00,0.52354,0.5281,0.52354,0.52737,11209112.0
2024-06-04 14:00:00,0.52737,0.52909,0.52508,0.52663,12447663.0
2024-06-04 15:00:00,0.52663,0.52972,0.526,0.52953,6607829.0
2024-06-04 16:00:00,0.52953,0.53033,0.52748,0.52796,4390639.0
2024-06-04 17:00:00,0.52796,0.52899,0.52578,0.52745,5820258.0
2024-06-04 18:00:00,0.52745,0.52779,0.52538,0.52625,8550280.0
2024-06-04 19:00:00,0.52625,0.52799,0.52477,0.52705,8072368.0
2024-06-04 20:00:00,0.52705,0.52718,0.52532,0.52589,1494621.0
2024-06-04 21:00:00,0.52589,0.52608,0.52418,0.52512,3556784.0
2024-06-04 22:00:00,0.52512,0.52581,0.52476,0.52547,1242834.0
2024-06-04 23:00:00,0.52547,0.52609,0.52458,0.52579,3195643.0
2024-06-05 00:00:00,0.52579,0.52613,0.52504,0.52578,2154187.0
2024-06-05 01:00:00,0.52578,0.52812,0.52578,0.52638,3692482.0
2024-06-05 02:00:00,0.52638,0.52648,0.52477,0.52547,3090735.0
2024-06-05 03:00:00,0.52547,0.52668,0.5252,0.52572,5031440.0
2024-06-05 04:00:00,0.52572,0.52618,0.52458,0.52567,2677415.0
2024-06-05 05:00:00,0.52567,0.52588,0.52454,0.52537,2108161.0
2024-06-05 06:00:00,0.52537,0.5266,0.52458,0.52631,2157693.0
2024-06-05 07:00:00,0.52631,0.52739,0.52549,0.5269,5257055.0
2024-06-05 08:00:00,0.5269,0.53247,0.52529,0.52925,20823572.0
2024-06-05 09:00:00,0.52925,0.53057,0.52659,0.52766,6488575.0
2024-06-05 10:00:00,0.52766,0.52796,0.52591,0.52737,4139982.0
2024-06-05 11:00:00,0.52737,0.53098,0.52693,0.52894,9431891.0
2024-06-05 12:00:00,0.52894,0.5296,0.5266,0.52848,3903852.0
2024-06-05 13:00:00,0.52848,0.52849,0.52591,0.52739,5663347.0
2024-06-05 14:00:00,0.52739,0.52818,0.52623,0.52818,1586569.0
2024-06-05 15:00:00,0.52818,0.53018,0.52762,0.52939,3385419.0
2024-06-05 16:00:00,0.52939,0.53048,0.52787,0.5287,2626120.0
2024-06-05 17:00:00,0.5287,0.5303,0.52693,0.52807,4709366.0
2024-06-05 18:00:00,0.52807,0.52866,0.52603,0.52675,2310708.0
2024-06-05 19:00:00,0.52675,0.52771,0.52571,0.52761,4099797.0
2024-06-05 20:00:00,0.52761,0.52783,0.52669,0.52707,1160397.0
2024-06-05 21:00:00,0.52707,0.52738,0.52632,0.52656,669457.0
2024-06-05 22:00:00,0.52656,0.52666,0.5252,0.52572,2250058.0
2024-06-05 23:00:00,0.52572,0.5261,0.52389,0.52586,5523799.0
2024-06-06 00:00:00,0.52586,0.5261,0.5247,0.5249,1933201.0
2024-06-06 01:00:00,0.5249,0.52626,0.52415,0.52556,3677845.0
2024-06-06 02:00:00,0.52556,0.52715,0.525,0.5269,3549688.0
2024-06-06 03:00:00,0.5269,0.52693,0.5257,0.52579,2769830.0
2024-06-06 04:00:00,0.52579,0.52612,0.5247,0.526,6283382.0
2024-06-06 05:00:00,0.526,0.52603,0.52422,0.52447,2442274.0
2024-06-06 06:00:00,0.52447,0.52456,0.5223,0.52299,9099629.0
2024-06-06 07:00:00,0.52299,0.52492,0.52222,0.52478,6994830.0
2024-06-06 08:00:00,0.52478,0.52497,0.52302,0.52356,7364256.0
2024-06-06 09:00:00,0.52356,0.52477,0.52353,0.52417,4153397.0
2024-06-06 10:00:00,0.52417,0.52527,0.52334,0.52524,4726494.0
2024-06-06 11:00:00,0.52524,0.52732,0.5251,0.52636,10851384.0
2024-06-06 12:00:00,0.52636,0.52745,0.5253,0.5263,5154754.0
2024-06-06 13:00:00,0.5263,0.52738,0.5251,0.52636,6632377.0
2024-06-06 14:00:00,0.52636,0.52797,0.52549,0.52771,4897062.0
2024-06-06 15:00:00,0.52771,0.52821,0.5266,0.52677,4551707.0
2024-06-06 16:00:00,0.52677,0.52806,0.524,0.52537,13691064.0
2024-06-06 17:00:00,0.52537,0.52637,0.52496,0.52612,6895976.0
2024-06-06 18:00:00,0.52612,0.52661,0.5232,0.52375,14760804.0
2024-06-06 19:00:00,0.52375,0.5239,0.51939,0.52014,15672968.0
2024-06-06 20:00:00,0.52014,0.52137,0.51628,0.52121,22546989.0
2024-06-06 21:00:00,0.52121,0.52133,0.5202,0.52067,5000479.0
2024-06-06 22:00:00,0.52067,0.52217,0.52042,0.52197,2895781.0
2024-06-06 23:00:00,0.52197,0.52227,0.52162,0.52162,1655229.0
2024-06-07 00:00:00,0.52162,0.52228,0.52111,0.52134,4680685.0
2024-06-07 01:00:00,0.52134,0.52216,0.52,0.52204,14448304.0
2024-06-07 02:00:00,0.52204,0.52258,0.5203,0.52193,4810270.0
2024-06-07 03:00:00,0.52193,0.52278,0.52114,0.52259,3362049.0
2024-06-07 04:00:00,0.52259,0.52442,0.52242,0.5243,10098422.0
2024-06-07 05:00:00,0.5243,0.52572,0.52379,0.52409,21736736.0
2024-06-07 06:00:00,0.52409,0.52478,0.52316,0.52326,2621842.0
2024-06-07 07:00:00,0.52326,0.52504,0.5229,0.52503,10706704.0
2024-06-07 08:00:00,0.52503,0.52521,0.52373,0.52422,2697631.0
2024-06-07 09:00:00,0.52422,0.52463,0.52269,0.52449,6212832.0
2024-06-07 10:00:00,0.52449,0.52708,0.52382,0.52634,12094671.0
2024-06-07 11:00:00,0.52634,0.52808,0.52559,0.5274,8604821.0
2024-06-07 12:00:00,0.5274,0.52808,0.5215,0.52565,30155435.0
2024-06-07 13:00:00,0.52565,0.52641,0.52469,0.52573,6242810.0
2024-06-07 14:00:00,0.52573,0.52738,0.52559,0.52716,5428284.0
2024-06-07 15:00:00,0.52716,0.5274,0.52373,0.52417,5473911.0
2024-06-07 16:00:00,0.52417,0.52427,0.51929,0.52042,18948273.0
2024-06-07 17:00:00,0.52042,0.52048,0.51251,0.51319,25065024.0
2024-06-07 18:00:00,0.51319,0.51398,0.4503,0.49029,573485645.0
2024-06-07 19:00:00,0.49029,0.49446,0.48611,0.49303,26608537.0
2024-06-07 20:00:00,0.49303,0.50245,0.4913,0.50111,34660662.0
2024-06-07 21:00:00,0.50111,0.50119,0.4976,0.49854,17181977.0
2024-06-07 22:00:00,0.49854,0.5005,0.4975,0.50048,4471714.0
2024-06-07 23:00:00,0.50048,0.50048,0.4984,0.49877,3356258.0
2024-06-08 00:00:00,0.49877,0.49917,0.4963,0.49837,6865494.0
2024-06-08 01:00:00,0.49837,0.49989,0.49755,0.49966,5010442.0
2024-06-08 02:00:00,0.49966,0.50025,0.49846,0.50019,3257092.0
2024-06-08 03:00:00,0.50019,0.50028,0.4993,0.49979,3171494.0
2024-06-08 04:00:00,0.49979,0.50034,0.49911,0.49921,3521671.0
2024-06-08 05:00:00,0.49921,0.5,0.49843,0.49903,5474138.0
2024-06-08 06:00:00,0.49903,0.49947,0.49782,0.49947,7554416.0
2024-06-08 07:00:00,0.49947,0.50077,0.49927,0.5003,4037684.0
2024-06-08 08:00:00,0.5003,0.50037,0.49916,0.49939,5215026.0
2024-06-08 09:00:00,0.49939,0.49954,0.49753,0.4981,6915452.0
2024-06-08 10:00:00,0.4981,0.4982,0.49612,0.49702,8174340.0
2024-06-08 11:00:00,0.49702,0.4973,0.49088,0.49329,23330220.0
2024-06-08 12:00:00,0.49329,0.49508,0.49098,0.49425,17606063.0
2024-06-08 13:00:00,0.49425,0.49447,0.49026,0.4941,14973479.0
2024-06-08 14:00:00,0.4941,0.4955,0.4924,0.49548,11025350.0
2024-06-08 15:00:00,0.49548,0.49567,0.49262,0.4929,8386304.0
2024-06-08 16:00:00,0.4929,0.49402,0.49132,0.49219,14719370.0
2024-06-08 17:00:00,0.49219,0.49394,0.48952,0.49359,16357600.0
2024-06-08 18:00:00,0.49359,0.49524,0.49286,0.4931,3215171.0
2024-06-08 19:00:00,0.4931,0.49438,0.49202,0.49301,4571023.0
2024-06-08 20:00:00,0.49301,0.49315,0.49072,0.49259,3395628.0
2024-06-08 21:00:00,0.49259,0.49422,0.4923,0.49415,1344701.0
2024-06-08 22:00:00,0.49415,0.4942,0.49185,0.49306,3179000.0
2024-06-08 23:00:00,0.49306,0.49347,0.49266,0.49266,1368675.0
2024-06-09 00:00:00,0.49266,0.49427,0.4923,0.49376,2655675.0
2024-06-09 01:00:00,0.49376,0.49435,0.49306,0.49413,1497206.0
2024-06-09 02:00:00,0.49413,0.49413,0.49018,0.49215,11479108.0
2024-06-09 03:00:00,0.49215,0.49347,0.49151,0.4929,4218000.0
2024-06-09 04:00:00,0.4929,0.49354,0.4926,0.49307,1893765.0
2024-06-09 05:00:00,0.49307,0.4939,0.49182,0.49338,4308869.0
2024-06-09 06:00:00,0.49338,0.49407,0.49327,0.4938,1466920.0
2024-06-09 07:00:00,0.4938,0.49417,0.4932,0.49366,1531072.0
2024-06-09 08:00:00,0.49366,0.49429,0.49332,0.49405,1880603.0
2024-06-09 09:00:00,0.49405,0.49477,0.4939,0.49466,1400344.0
2024-06-09 10:00:00,0.49466,0.4948,0.4942,0.49438,1250447.0
2024-06-09 11:00:00,0.49438,0.49477,0.49242,0.49403,5329803.0
2024-06-09 12:00:00,0.49403,0.49697,0.49321,0.49657,7856154.0
2024-06-09 13:00:00,0.49657,0.49687,0.49483,0.49521,5200465.0
2024-06-09 14:00:00,0.49521,0.49557,0.49272,0.49471,8337454.0
2024-06-09 15:00:00,0.49471,0.49557,0.49454,0.49493,2088938.0
2024-06-09 16:00:00,0.49493,0.49606,0.49454,0.49597,2746227.0
2024-06-09 17:00:00,0.49597,0.49603,0.4951,0.4959,1039498.0
2024-06-09 18:00:00,0.4959,0.49669,0.49584,0.49649,1850744.0
2024-06-09 19:00:00,0.49649,0.49792,0.49641,0.497,2441313.0
2024-06-09 20:00:00,0.497,0.49787,0.49678,0.49732,3059274.0
2024-06-09 21:00:00,0.49732,0.49862,0.49722,0.49838,1872357.0
2024-06-09 22:00:00,0.49838,0.4988,0.49764,0.49816,2196570.0
2024-06-09 23:00:00,0.49816,0.49848,0.49772,0.49841,1328018.0
2024-06-10 00:00:00,0.49841,0.49848,0.49703,0.49717,1464777.0
2024-06-10 01:00:00,0.49717,0.50033,0.49652,0.49898,6915740.0
2024-06-10 02:00:00,0.49898,0.50028,0.49837,0.49858,4295918.0
2024-06-10 03:00:00,0.49858,0.50093,0.49856,0.50059,7369785.0
2024-06-10 04:00:00,0.50059,0.50062,0.49831,0.49847,10082982.0
2024-06-10 05:00:00,0.49847,0.49878,0.4963,0.49691,7803374.0
2024-06-10 06:00:00,0.49691,0.49761,0.49434,0.49594,13368290.0
2024-06-10 07:00:00,0.49594,0.49638,0.49263,0.49344,15324717.0
2024-06-10 08:00:00,0.49344,0.49638,0.49322,0.49585,9215196.0
2024-06-10 09:00:00,0.49585,0.49738,0.4939,0.49713,10355175.0
2024-06-10 10:00:00,0.49713,0.49952,0.49481,0.49773,15893727.0
2024-06-10 11:00:00,0.49773,0.49874,0.4963,0.49678,8420850.0
2024-06-10 12:00:00,0.49678,0.49808,0.49588,0.49788,6226792.0
2024-06-10 13:00:00,0.49788,0.49875,0.49673,0.49753,7243094.0
2024-06-10 14:00:00,0.49753,0.50312,0.49621,0.50255,10658670.0
2024-06-10 15:00:00,0.50255,0.50571,0.50145,0.50426,21123351.0
2024-06-10 16:00:00,0.50426,0.50502,0.50162,0.50254,9700191.0
2024-06-10 17:00:00,0.50254,0.5027,0.49895,0.50018,23824262.0
2024-06-10 18:00:00,0.50018,0.5002,0.49739,0.4989,6642727.0
2024-06-10 19:00:00,0.4989,0.49929,0.49599,0.49668,5584291.0
2024-06-10 20:00:00,0.49668,0.49773,0.49454,0.49613,19353073.0
2024-06-10 21:00:00,0.49613,0.4967,0.49439,0.49647,2475136.0
2024-06-10 22:00:00,0.49647,0.4969,0.4948,0.49665,2924065.0
2024-06-10 23:00:00,0.49665,0.497,0.49506,0.49665,1428428.0
2024-06-11 00:00:00,0.49665,0.49688,0.49517,0.49519,2862312.0
2024-06-11 01:00:00,0.49519,0.49547,0.47806,0.4875,113634364.0
2024-06-11 02:00:00,0.4875,0.49,0.48316,0.48898,43140263.0
2024-06-11 03:00:00,0.48898,0.49094,0.48775,0.48778,8994976.0
2024-06-11 04:00:00,0.48778,0.48842,0.48321,0.48733,24840792.0
2024-06-11 05:00:00,0.48733,0.48805,0.48574,0.48655,5704464.0
2024-06-11 06:00:00,0.48655,0.48815,0.47848,0.48428,60953203.0
2024-06-11 07:00:00,0.48428,0.48745,0.48318,0.48554,18857060.0
2024-06-11 08:00:00,0.48554,0.48633,0.48405,0.48548,6615470.0
2024-06-11 09:00:00,0.48548,0.48749,0.48333,0.48405,18857946.0
2024-06-11 10:00:00,0.48405,0.48755,0.48405,0.48598,17046294.0
2024-06-11 11:00:00,0.48598,0.48627,0.48375,0.4841,5600001.0
2024-06-11 12:00:00,0.4841,0.48465,0.4821,0.48259,14169725.0
2024-06-11 13:00:00,0.48259,0.4845,0.47802,0.48089,24028554.0
2024-06-11 14:00:00,0.48089,0.48322,0.48004,0.48309,3452043.0
2024-06-11 15:00:00,0.48309,0.48328,0.47013,0.476,79369304.0
2024-06-11 16:00:00,0.476,0.48027,0.47352,0.47527,13657569.0
2024-06-11 17:00:00,0.47527,0.47904,0.47093,0.47778,11933580.0
2024-06-11 18:00:00,0.47778,0.48136,0.4772,0.48124,4934162.0
2024-06-11 19:00:00,0.48124,0.48166,0.47734,0.47964,22325933.0
2024-06-11 20:00:00,0.47964,0.48097,0.47864,0.48039,2656208.0
2024-06-11 21:00:00,0.48039,0.48096,0.47968,0.48077,2303968.0
2024-06-11 22:00:00,0.48077,0.48096,0.47945,0.4801,3133659.0
2024-06-11 23:00:00,0.4801,0.4807,0.47961,0.48007,3192231.0
2024-06-12 00:00:00,0.48007,0.48093,0.47804,0.47825,6358328.0
2024-06-12 01:00:00,0.47825,0.47905,0.47344,0.4777,18737188.0
2024-06-12 02:00:00,0.4777,0.48067,0.47704,0.48046,5936653.0
2024-06-12 03:00:00,0.48046,0.48171,0.47981,0.48144,4195659.0
2024-06-12 04:00:00,0.48144,0.48297,0.4811,0.48176,3126282.0
2024-06-12 05:00:00,0.48176,0.48196,0.47984,0.48017,4743380.0
2024-06-12 06:00:00,0.48017,0.48183,0.48004,0.48039,3589261.0
2024-06-12 07:00:00,0.48039,0.48146,0.47786,0.48056,16014120.0
2024-06-12 08:00:00,0.48056,0.48263,0.47954,0.48064,11539050.0
2024-06-12 09:00:00,0.48064,0.48271,0.48002,0.48246,8140293.0
2024-06-12 10:00:00,0.48246,0.48457,0.48083,0.48433,22938189.0
2024-06-12 11:00:00,0.48433,0.48467,0.48084,0.48146,7902360.0
2024-06-12 12:00:00,0.48146,0.49333,0.48141,0.49297,55528858.0
2024-06-12 13:00:00,0.49297,0.49478,0.49106,0.49205,17780074.0
2024-06-12 14:00:00,0.49205,0.4975,0.49185,0.4963,47241886.0
2024-06-12 15:00:00,0.4963,0.49714,0.49508,0.49595,6837688.0
2024-06-12 16:00:00,0.49595,0.49739,0.49223,0.49416,20176303.0
2024-06-12 17:00:00,0.49416,0.49548,0.49276,0.49548,6767071.0
2024-06-12 18:00:00,0.49548,0.49548,0.48564,0.49083,59871782.0
2024-06-12 19:00:00,0.49083,0.49356,0.4814,0.48385,23665152.0
2024-06-12 20:00:00,0.48385,0.4898,0.48251,0.48966,4936208.0
2024-06-12 21:00:00,0.48966,0.49195,0.4896,0.49089,2920712.0
2024-06-12 22:00:00,0.49089,0.49195,0.49033,0.49109,3320638.0
2024-06-12 23:00:00,0.49109,0.49176,0.49043,0.4913,3740862.0
2024-06-13 00:00:00,0.4913,0.49139,0.48956,0.49024,6345611.0
2024-06-13 01:00:00,0.49024,0.49053,0.48696,0.48759,12843713.0
2024-06-13 02:00:00,0.48759,0.49084,0.48601,0.48642,11485123.0
2024-06-13 03:00:00,0.48642,0.48685,0.48228,0.48592,18203142.0
2024-06-13 04:00:00,0.48592,0.48798,0.48546,0.48704,6845165.0
2024-06-13 05:00:00,0.48704,0.48811,0.48677,0.4868,2194775.0
2024-06-13 06:00:00,0.4868,0.48696,0.4841,0.48435,7979264.0
2024-06-13 07:00:00,0.48435,0.48895,0.48282,0.48803,20944465.0
2024-06-13 08:00:00,0.48803,0.48803,0.48564,0.48742,5945891.0
2024-06-13 09:00:00,0.48742,0.48755,0.48357,0.48439,13913571.0
2024-06-13 10:00:00,0.48439,0.488,0.4838,0.48736,11137543.0
2024-06-13 11:00:00,0.48736,0.48757,0.4838,0.48422,5404891.0
2024-06-13 12:00:00,0.48422,0.48871,0.48228,0.48563,29879234.0
2024-06-13 13:00:00,0.48563,0.48833,0.48563,0.48647,8565419.0
2024-06-13 14:00:00,0.48647,0.48737,0.48373,0.48595,12142497.0
2024-06-13 15:00:00,0.48595,0.48613,0.47906,0.48031,24228969.0
2024-06-13 16:00:00,0.48031,0.48355,0.47871,0.48339,9817660.0
2024-06-13 17:00:00,0.48339,0.48449,0.48256,0.48415,3904399.0
2024-06-13 18:00:00,0.48415,0.48439,0.48261,0.48333,1669639.0
2024-06-13 19:00:00,0.48333,0.48334,0.48156,0.48168,1015894.0
2024-06-13 20:00:00,0.48168,0.4827,0.47884,0.47905,14850673.0
2024-06-13 21:00:00,0.47905,0.47915,0.47534,0.47882,18104862.0
2024-06-13 22:00:00,0.47882,0.4795,0.4781,0.47921,2873802.0
2024-06-13 23:00:00,0.47921,0.47921,0.476,0.47664,5368171.0
2024-06-14 00:00:00,0.47664,0.47922,0.47562,0.4773,5463465.0
2024-06-14 01:00:00,0.4773,0.47814,0.4746,0.47771,12430511.0
2024-06-14 02:00:00,0.47771,0.47974,0.47692,0.47948,6269246.0
2024-06-14 03:00:00,0.47948,0.48092,0.47751,0.47831,5095613.0
2024-06-14 04:00:00,0.47831,0.47936,0.47831,0.47921,3106068.0
2024-06-14 05:00:00,0.47921,0.48098,0.47901,0.48032,8879399.0
2024-06-14 06:00:00,0.48032,0.48083,0.47808,0.47811,6595001.0
2024-06-14 07:00:00,0.47811,0.47982,0.47709,0.47798,14501167.0
2024-06-14 08:00:00,0.47798,0.47952,0.4773,0.47919,3009977.0
2024-06-14 09:00:00,0.47919,0.47957,0.47598,0.47639,9713559.0
2024-06-14 10:00:00,0.47639,0.47862,0.47639,0.47727,14746821.0
2024-06-14 11:00:00,0.47727,0.4784,0.47669,0.47804,8067297.0
2024-06-14 12:00:00,0.47804,0.47928,0.47749,0.47803,10050978.0
2024-06-14 13:00:00,0.47803,0.48049,0.47741,0.47894,13024298.0
2024-06-14 14:00:00,0.47894,0.47921,0.475,0.47781,20448695.0
2024-06-14 15:00:00,0.47781,0.47802,0.4721,0.4738,24086951.0
2024-06-14 16:00:00,0.4738,0.4745,0.4586,0.4671,122107951.0
2024-06-14 17:00:00,0.4671,0.46998,0.4653,0.4684,8689949.0
2024-06-14 18:00:00,0.4684,0.46856,0.4634,0.46766,10591940.0
2024-06-14 19:00:00,0.46766,0.46999,0.46625,0.46863,4958431.0
2024-06-14 20:00:00,0.46863,0.4712,0.46826,0.46911,7879810.0
2024-06-14 21:00:00,0.46911,0.47851,0.46871,0.47509,15459510.0
2024-06-14 22:00:00,0.47509,0.47509,0.47279,0.47442,2659899.0
2024-06-14 23:00:00,0.47442,0.47448,0.47272,0.47426,1812148.0
2024-06-15 00:00:00,0.47426,0.47595,0.4736,0.47479,2454952.0
2024-06-15 01:00:00,0.47479,0.47627,0.47383,0.47407,3767409.0
2024-06-15 02:00:00,0.47407,0.47535,0.47374,0.47514,4890551.0
2024-06-15 03:00:00,0.47514,0.47669,0.47514,0.47669,5023717.0
2024-06-15 04:00:00,0.47669,0.47762,0.47628,0.47697,6389194.0
2024-06-15 05:00:00,0.47697,0.47823,0.47682,0.47737,2303665.0
2024-06-15 06:00:00,0.47737,0.47913,0.47737,0.47831,5880132.0
2024-06-15 07:00:00,0.47831,0.4796,0.478,0.47802,5742583.0
2024-06-15 08:00:00,0.47802,0.47947,0.47798,0.47909,3100831.0
2024-06-15 09:00:00,0.47909,0.47978,0.47827,0.4788,3949013.0
2024-06-15 10:00:00,0.4788,0.48017,0.4785,0.48002,3365517.0
2024-06-15 11:00:00,0.48002,0.4803,0.47902,0.47989,4740689.0
2024-06-15 12:00:00,0.47989,0.4802,0.47882,0.47995,2769075.0
2024-06-15 13:00:00,0.47995,0.48275,0.47948,0.48233,10970392.0
2024-06-15 14:00:00,0.48233,0.48346,0.48154,0.48288,12078334.0
2024-06-15 15:00:00,0.48288,0.48495,0.48258,0.48454,8642445.0
2024-06-15 16:00:00,0.48454,0.48601,0.48344,0.48587,5410803.0
2024-06-15 17:00:00,0.48587,0.48699,0.4849,0.48675,3027040.0
2024-06-15 18:00:00,0.48675,0.4876,0.4855,0.48744,4729856.0
2024-06-15 19:00:00,0.48744,0.50463,0.48616,0.49376,60787003.0
2024-06-15 20:00:00,0.49376,0.49714,0.48906,0.49122,18097005.0
2024-06-15 21:00:00,0.49122,0.49189,0.48887,0.48951,11062352.0
2024-06-15 22:00:00,0.48951,0.49204,0.48858,0.4919,9879251.0
2024-06-15 23:00:00,0.4919,0.49271,0.48995,0.49041,6608252.0
2024-06-16 00:00:00,0.49041,0.49041,0.48809,0.48842,15019503.0
2024-06-16 01:00:00,0.48842,0.48971,0.48764,0.48878,6025615.0
2024-06-16 02:00:00,0.48878,0.48971,0.488,0.4897,3327762.0
2024-06-16 03:00:00,0.4897,0.49144,0.4895,0.49073,7609343.0
2024-06-16 04:00:00,0.49073,0.49114,0.4881,0.4888,5468984.0
2024-06-16 05:00:00,0.4888,0.4902,0.4886,0.48969,2275795.0
2024-06-16 06:00:00,0.48969,0.48988,0.48789,0.48895,2882152.0
2024-06-16 07:00:00,0.48895,0.4894,0.488,0.48828,4625765.0
2024-06-16 08:00:00,0.48828,0.48967,0.4881,0.48941,6612483.0
2024-06-16 09:00:00,0.48941,0.49536,0.48902,0.49455,14270848.0
2024-06-16 10:00:00,0.49455,0.49896,0.49115,0.49769,28613377.0
2024-06-16 11:00:00,0.49769,0.49795,0.49446,0.49607,12377162.0
2024-06-16 12:00:00,0.49607,0.4963,0.49121,0.49213,12193682.0
2024-06-16 13:00:00,0.49213,0.49324,0.48887,0.49052,17231742.0
2024-06-16 14:00:00,0.49052,0.49141,0.48849,0.48891,6681640.0
2024-06-16 15:00:00,0.48891,0.49092,0.48876,0.49064,4036221.0
2024-06-16 16:00:00,0.49064,0.49087,0.48796,0.48918,6676213.0
2024-06-16 17:00:00,0.48918,0.48952,0.48736,0.48799,5341641.0
2024-06-16 18:00:00,0.48799,0.48902,0.4875,0.4888,1530653.0
2024-06-16 19:00:00,0.4888,0.48985,0.4886,0.48962,5093931.0
2024-06-16 20:00:00,0.48962,0.48964,0.48746,0.48831,2589909.0
2024-06-16 21:00:00,0.48831,0.48977,0.48797,0.48848,3327534.0
2024-06-16 22:00:00,0.48848,0.49104,0.48848,0.48891,8373746.0
2024-06-16 23:00:00,0.48891,0.48965,0.48771,0.48884,3364505.0
2024-06-17 00:00:00,0.48884,0.49058,0.48658,0.48826,13020669.0
2024-06-17 01:00:00,0.48826,0.48932,0.48474,0.48626,17761670.0
2024-06-17 02:00:00,0.48626,0.48873,0.48362,0.48671,17571764.0
2024-06-17 03:00:00,0.48671,0.489,0.48621,0.48852,3159488.0
2024-06-17 04:00:00,0.48852,0.48983,0.4879,0.48918,5286219.0
2024-06-17 05:00:00,0.48918,0.4942,0.48878,0.49113,15270328.0
2024-06-17 06:00:00,0.49113,0.49133,0.48558,0.48623,11224539.0
2024-06-17 07:00:00,0.48623,0.50038,0.48348,0.49858,88081811.0
2024-06-17 08:00:00,0.49858,0.49969,0.49066,0.495,41391379.0
2024-06-17 09:00:00,0.495,0.50362,0.4941,0.49891,38574082.0
2024-06-17 10:00:00,0.49891,0.50229,0.49167,0.4982,28914786.0
2024-06-17 11:00:00,0.4982,0.49912,0.496,0.4985,10262473.0
2024-06-17 12:00:00,0.4985,0.50475,0.4973,0.50302,24424945.0
2024-06-17 13:00:00,0.50302,0.50599,0.50042,0.50149,24865170.0
2024-06-17 14:00:00,0.50149,0.52069,0.50099,0.51374,118817746.0
2024-06-17 15:00:00,0.51374,0.51976,0.5084,0.509,45231814.0
2024-06-17 16:00:00,0.509,0.5124,0.49518,0.51108,106335820.0
2024-06-17 17:00:00,0.51108,0.51605,0.51019,0.5144,20502213.0
2024-06-17 18:00:00,0.5144,0.51885,0.5105,0.5169,23486803.0
2024-06-17 19:00:00,0.5169,0.51887,0.5149,0.51763,9034921.0
2024-06-17 20:00:00,0.51763,0.51822,0.50892,0.5091,19658803.0
2024-06-17 21:00:00,0.5091,0.51216,0.5052,0.50934,17808894.0
2024-06-17 22:00:00,0.50934,0.51023,0.50577,0.50655,8362669.0
2024-06-17 23:00:00,0.50655,0.50669,0.50281,0.50435,12907371.0
2024-06-18 00:00:00,0.50435,0.50767,0.49942,0.50401,22784709.0
2024-06-18 01:00:00,0.50401,0.5054,0.46695,0.48311,245547519.0
2024-06-18 02:00:00,0.48311,0.49131,0.47936,0.49039,28888127.0
2024-06-18 03:00:00,0.49039,0.49071,0.48659,0.48979,9808736.0
2024-06-18 04:00:00,0.48979,0.49335,0.48669,0.49084,18154328.0
2024-06-18 05:00:00,0.49084,0.4947,0.4905,0.4921,11466902.0
2024-06-18 06:00:00,0.4921,0.49389,0.48833,0.48859,15217422.0
2024-06-18 07:00:00,0.48859,0.50404,0.48859,0.50021,64061982.0
2024-06-18 08:00:00,0.50021,0.50932,0.49848,0.50652,25432916.0
2024-06-18 09:00:00,0.50652,0.50725,0.49663,0.49733,36621816.0
2024-06-18 10:00:00,0.49733,0.50011,0.49538,0.49731,35237295.0
2024-06-18 11:00:00,0.49731,0.49781,0.4921,0.49534,32490682.0
2024-06-18 12:00:00,0.49534,0.49666,0.4902,0.49328,38111490.0
2024-06-18 13:00:00,0.49328,0.4938,0.48644,0.48924,28989544.0
2024-06-18 14:00:00,0.48924,0.49452,0.48135,0.48265,95806531.0
2024-06-18 15:00:00,0.48265,0.4872,0.4819,0.48466,18474813.0
2024-06-18 16:00:00,0.48466,0.48466,0.47741,0.48101,24599967.0
2024-06-18 17:00:00,0.48101,0.48332,0.47719,0.48017,11033068.0
2024-06-18 18:00:00,0.48017,0.4823,0.47659,0.47938,12668204.0
2024-06-18 19:00:00,0.47938,0.48222,0.47565,0.4817,13832390.0
2024-06-18 20:00:00,0.4817,0.48928,0.48043,0.48636,17870458.0
2024-06-18 21:00:00,0.48636,0.489,0.4855,0.489,6345111.0
2024-06-18 22:00:00,0.489,0.49116,0.48723,0.49047,5886310.0
2024-06-18 23:00:00,0.49047,0.49119,0.48929,0.49031,4081235.0
2024-06-19 00:00:00,0.49031,0.49456,0.4886,0.49354,7456625.0
2024-06-19 01:00:00,0.49354,0.49619,0.49092,0.49283,10861609.0
2024-06-19 02:00:00,0.49283,0.49668,0.49283,0.49455,6561905.0
2024-06-19 03:00:00,0.49455,0.49703,0.4943,0.49511,6058462.0
2024-06-19 04:00:00,0.49511,0.49633,0.49318,0.49397,6248910.0
2024-06-19 05:00:00,0.49397,0.4942,0.49194,0.49232,4904640.0
2024-06-19 06:00:00,0.49232,0.49268,0.49003,0.49101,8660096.0
2024-06-19 07:00:00,0.49101,0.49558,0.49052,0.49131,15783673.0
2024-06-19 08:00:00,0.49131,0.49146,0.48649,0.48987,34661812.0
2024-06-19 09:00:00,0.48987,0.49345,0.48891,0.49225,7903481.0
2024-06-19 10:00:00,0.49225,0.49384,0.49147,0.4936,3922775.0
2024-06-19 11:00:00,0.4936,0.49379,0.49089,0.49183,3959260.0
2024-06-19 12:00:00,0.49183,0.49551,0.49142,0.49473,6162988.0
2024-06-19 13:00:00,0.49473,0.49558,0.49181,0.49221,10170513.0
2024-06-19 14:00:00,0.49221,0.49284,0.48975,0.49138,23104644.0
2024-06-19 15:00:00,0.49138,0.49281,0.49089,0.49214,1894008.0
2024-06-19 16:00:00,0.49214,0.4939,0.49109,0.49337,7675054.0
2024-06-19 17:00:00,0.49337,0.49751,0.49322,0.49695,5369481.0
2024-06-19 18:00:00,0.49695,0.49924,0.49608,0.49622,7124055.0
2024-06-19 19:00:00,0.49622,0.49649,0.49443,0.49561,10510976.0
2024-06-19 20:00:00,0.49561,0.49776,0.4917,0.49383,32527217.0
2024-06-19 21:00:00,0.49383,0.49468,0.4925,0.49371,4263827.0
2024-06-19 22:00:00,0.49371,0.49468,0.49271,0.49274,3298025.0
2024-06-19 23:00:00,0.49274,0.49335,0.49078,0.49291,5437814.0
2024-06-20 00:00:00,0.49291,0.49431,0.49128,0.49324,9073819.0
2024-06-20 01:00:00,0.49324,0.49756,0.49241,0.49351,12318995.0
2024-06-20 02:00:00,0.49351,0.49407,0.49119,0.49255,11845115.0
2024-06-20 03:00:00,0.49255,0.49344,0.4917,0.49283,4997249.0
2024-06-20 04:00:00,0.49283,0.49469,0.49177,0.49338,18422815.0
2024-06-20 05:00:00,0.49338,0.49535,0.49274,0.4947,3793657.0
2024-06-20 06:00:00,0.4947,0.49647,0.49292,0.49332,22385273.0
2024-06-20 07:00:00,0.49332,0.50156,0.49328,0.49928,75363917.0
2024-06-20 08:00:00,0.49928,0.4999,0.49631,0.49749,133800139.0
2024-06-20 09:00:00,0.49749,0.49794,0.49463,0.49479,23415349.0
2024-06-20 10:00:00,0.49479,0.49991,0.49367,0.4991,21132004.0
2024-06-20 11:00:00,0.4991,0.50172,0.49744,0.50058,17050762.0
2024-06-20 12:00:00,0.50058,0.50114,0.49818,0.49916,8867311.0
2024-06-20 13:00:00,0.49916,0.4995,0.49396,0.49631,19333127.0
2024-06-20 14:00:00,0.49631,0.4968,0.4915,0.49448,12117231.0
2024-06-20 15:00:00,0.49448,0.49722,0.49102,0.49188,50736837.0
2024-06-20 16:00:00,0.49188,0.49246,0.48787,0.491,16245259.0
2024-06-20 17:00:00,0.491,0.49248,0.48985,0.49231,4168434.0
2024-06-20 18:00:00,0.49231,0.49335,0.49075,0.49138,10427285.0
2024-06-20 19:00:00,0.49138,0.49148,0.4894,0.49092,5380870.0
2024-06-20 20:00:00,0.49092,0.49192,0.49032,0.49075,2779481.0
2024-06-20 21:00:00,0.49075,0.4908,0.48847,0.48884,4166861.0
2024-06-20 22:00:00,0.48884,0.48988,0.48838,0.48889,3266825.0
2024-06-20 23:00:00,0.48889,0.48914,0.48828,0.48835,4262516.0
2024-06-21 00:00:00,0.48835,0.4891,0.486,0.48719,13344959.0
2024-06-21 01:00:00,0.48719,0.4905,0.48699,0.48987,9345341.0
2024-06-21 02:00:00,0.48987,0.49039,0.48781,0.48812,7011208.0
2024-06-21 03:00:00,0.48812,0.4888,0.48714,0.4881,9721858.0
2024-06-21 04:00:00,0.4881,0.49013,0.48694,0.49011,5802418.0
2024-06-21 05:00:00,0.49011,0.49039,0.48851,0.48971,3915000.0
2024-06-21 06:00:00,0.48971,0.4905,0.48827,0.49046,5831316.0
2024-06-21 07:00:00,0.49046,0.49263,0.48701,0.49,28023759.0
2024-06-21 08:00:00,0.49,0.49066,0.4839,0.48566,16836222.0
2024-06-21 09:00:00,0.48566,0.49049,0.48491,0.48671,24186788.0
2024-06-21 10:00:00,0.48671,0.49289,0.4865,0.49067,27473617.0
2024-06-21 11:00:00,0.49067,0.4953,0.4906,0.49372,16938265.0
2024-06-21 12:00:00,0.49372,0.494,0.48751,0.48881,27864372.0
2024-06-21 13:00:00,0.48881,0.48888,0.48252,0.48508,23086705.0
2024-06-21 14:00:00,0.48508,0.49139,0.48356,0.49121,11675164.0
2024-06-21 15:00:00,0.49121,0.49228,0.48228,0.48512,35010711.0
2024-06-21 16:00:00,0.48512,0.48532,0.481,0.48174,5891392.0
2024-06-21 17:00:00,0.48174,0.48388,0.47911,0.47994,9786095.0
2024-06-21 18:00:00,0.47994,0.48397,0.47921,0.48386,3554166.0
2024-06-21 19:00:00,0.48386,0.48589,0.48291,0.48538,4800008.0
2024-06-21 20:00:00,0.48538,0.4893,0.48538,0.48647,8310802.0
2024-06-21 21:00:00,0.48647,0.48704,0.48365,0.48566,4472900.0
2024-06-21 22:00:00,0.48566,0.49212,0.48531,0.48971,52667734.0
2024-06-21 23:00:00,0.48971,0.4899,0.4882,0.48843,2451736.0
2024-06-22 00:00:00,0.48843,0.4889,0.4871,0.4889,4548354.0
2024-06-22 01:00:00,0.4889,0.48918,0.48766,0.48856,3927687.0
2024-06-22 02:00:00,0.48856,0.4892,0.48756,0.48776,5750606.0
2024-06-22 03:00:00,0.48776,0.48811,0.48672,0.48704,2873847.0
2024-06-22 04:00:00,0.48704,0.48749,0.4865,0.48701,2571855.0
2024-06-22 05:00:00,0.48701,0.48756,0.48648,0.48738,1869978.0
2024-06-22 06:00:00,0.48738,0.4882,0.48671,0.48711,2578232.0
2024-06-22 07:00:00,0.48711,0.48715,0.4859,0.48641,3845548.0
2024-06-22 08:00:00,0.48641,0.48661,0.4837,0.4839,9356674.0
2024-06-22 09:00:00,0.4839,0.48521,0.48375,0.48456,2387794.0
2024-06-22 10:00:00,0.48456,0.486,0.48447,0.48521,3716232.0
2024-06-22 11:00:00,0.48521,0.48581,0.48476,0.48546,2527451.0
2024-06-22 12:00:00,0.48546,0.48587,0.4848,0.48568,4448712.0
2024-06-22 13:00:00,0.48568,0.48749,0.48546,0.48717,4202078.0
2024-06-22 14:00:00,0.48717,0.4874,0.4862,0.48645,2037523.0
2024-06-22 15:00:00,0.48645,0.48649,0.48475,0.48568,2523087.0
2024-06-22 16:00:00,0.48568,0.48671,0.4852,0.4867,1472785.0
2024-06-22 17:00:00,0.4867,0.48693,0.48596,0.48607,1980958.0
2024-06-22 18:00:00,0.48607,0.48729,0.486,0.48702,1704781.0
2024-06-22 19:00:00,0.48702,0.48748,0.4866,0.48745,670987.0
2024-06-22 20:00:00,0.48745,0.4875,0.48593,0.4873,1483255.0
2024-06-22 21:00:00,0.4873,0.4874,0.4866,0.48738,539664.0
2024-06-22 22:00:00,0.48738,0.48739,0.48644,0.4869,1115840.0
2024-06-22 23:00:00,0.4869,0.48698,0.48598,0.48611,1000781.0
2024-06-23 00:00:00,0.48611,0.4877,0.48551,0.48698,1975443.0
2024-06-23 01:00:00,0.48698,0.488,0.48698,0.48771,2387251.0
2024-06-23 02:00:00,0.48771,0.488,0.48682,0.48761,1007336.0
2024-06-23 03:00:00,0.48761,0.4886,0.48761,0.48829,3559646.0
2024-06-23 04:00:00,0.48829,0.48853,0.487,0.48724,2480930.0
2024-06-23 05:00:00,0.48724,0.48788,0.4869,0.48747,1052821.0
2024-06-23 06:00:00,0.48747,0.488,0.48746,0.4876,847558.0
2024-06-23 07:00:00,0.4876,0.48769,0.48686,0.48745,1462945.0
2024-06-23 08:00:00,0.48745,0.48769,0.48686,0.48755,2179166.0
2024-06-23 09:00:00,0.48755,0.48821,0.4872,0.48815,1130302.0
2024-06-23 10:00:00,0.48815,0.48821,0.48384,0.4851,8378207.0
2024-06-23 11:00:00,0.4851,0.48601,0.48453,0.48574,23610659.0
2024-06-23 12:00:00,0.48574,0.48581,0.48511,0.48559,3134148.0
2024-06-23 13:00:00,0.48559,0.48564,0.4837,0.4842,5538443.0
2024-06-23 14:00:00,0.4842,0.48421,0.4813,0.4828,10983561.0
2024-06-23 15:00:00,0.4828,0.48344,0.48065,0.48226,9348299.0
2024-06-23 16:00:00,0.48226,0.48237,0.47903,0.4804,18732615.0
2024-06-23 17:00:00,0.4804,0.48221,0.48022,0.4814,6310779.0
2024-06-23 18:00:00,0.4814,0.4825,0.48116,0.48201,1792619.0
2024-06-23 19:00:00,0.48201,0.48211,0.48115,0.48168,839060.0
2024-06-23 20:00:00,0.48168,0.48211,0.474,0.47942,23776460.0
2024-06-23 21:00:00,0.47942,0.48116,0.47901,0.48076,4548938.0
2024-06-23 22:00:00,0.48076,0.48078,0.47854,0.47953,6789604.0
2024-06-23 23:00:00,0.47953,0.48015,0.47824,0.47947,2350055.0
2024-06-24 00:00:00,0.47947,0.48,0.47782,0.47849,5680015.0
2024-06-24 01:00:00,0.47849,0.47899,0.47482,0.47733,12295105.0
2024-06-24 02:00:00,0.47733,0.47829,0.4714,0.47485,18240022.0
2024-06-24 03:00:00,0.47485,0.47788,0.47443,0.47545,8747761.0
2024-06-24 04:00:00,0.47545,0.476,0.47289,0.47513,13390846.0
2024-06-24 05:00:00,0.47513,0.47529,0.46759,0.4698,35329418.0
2024-06-24 06:00:00,0.4698,0.47429,0.4698,0.47405,7719091.0
2024-06-24 07:00:00,0.47405,0.47667,0.47181,0.47325,21370569.0
2024-06-24 08:00:00,0.47325,0.478,0.47292,0.47561,21071024.0
2024-06-24 09:00:00,0.47561,0.47624,0.46186,0.47454,89418424.0
2024-06-24 10:00:00,0.47454,0.47741,0.4736,0.47686,12943063.0
2024-06-24 11:00:00,0.47686,0.47741,0.47432,0.47539,12415685.0
2024-06-24 12:00:00,0.47539,0.47753,0.47481,0.47733,7251773.0
2024-06-24 13:00:00,0.47733,0.4819,0.47652,0.48069,24506689.0
2024-06-24 14:00:00,0.48069,0.4812,0.47858,0.47982,10916001.0
2024-06-24 15:00:00,0.47982,0.48011,0.47188,0.47276,50957674.0
2024-06-24 16:00:00,0.47276,0.47439,0.46988,0.47149,12968027.0
2024-06-24 17:00:00,0.47149,0.4749,0.46998,0.47218,15038818.0
2024-06-24 18:00:00,0.47218,0.47322,0.46875,0.47147,7417300.0
2024-06-24 19:00:00,0.47147,0.4723,0.46543,0.46655,10817895.0
2024-06-24 20:00:00,0.46655,0.46854,0.46136,0.46793,21246096.0
2024-06-24 21:00:00,0.46793,0.47323,0.46781,0.47245,9987163.0
2024-06-24 22:00:00,0.47245,0.47296,0.47162,0.47191,3676466.0
2024-06-24 23:00:00,0.47191,0.47452,0.47158,0.47379,5100530.0
2024-06-25 00:00:00,0.47379,0.4744,0.4726,0.47362,4389596.0
2024-06-25 01:00:00,0.47362,0.47463,0.47296,0.47451,2520418.0
2024-06-25 02:00:00,0.47451,0.47613,0.47388,0.47504,5737981.0
2024-06-25 03:00:00,0.47504,0.4789,0.47482,0.47753,9724152.0
2024-06-25 04:00:00,0.47753,0.47837,0.4768,0.47828,3045240.0
2024-06-25 05:00:00,0.47828,0.4789,0.47619,0.47647,7974929.0
2024-06-25 06:00:00,0.47647,0.47647,0.47523,0.47555,4510835.0
2024-06-25 07:00:00,0.47555,0.47822,0.47302,0.47582,63877206.0
2024-06-25 08:00:00,0.47582,0.47663,0.475,0.47612,7019805.0
2024-06-25 09:00:00,0.47612,0.47673,0.47276,0.47512,17389154.0
2024-06-25 10:00:00,0.47512,0.477,0.47293,0.47434,24485276.0
2024-06-25 11:00:00,0.47434,0.47733,0.474,0.47608,10264876.0
2024-06-25 12:00:00,0.47608,0.4772,0.47533,0.4757,5323248.0
2024-06-25 13:00:00,0.4757,0.47637,0.47451,0.4752,5488295.0
2024-06-25 14:00:00,0.4752,0.47976,0.475,0.47802,15559724.0
2024-06-25 15:00:00,0.47802,0.4788,0.47368,0.47669,35442493.0
2024-06-25 16:00:00,0.47669,0.47753,0.4757,0.47637,3620861.0
2024-06-25 17:00:00,0.47637,0.47843,0.47588,0.476,3308591.0
2024-06-25 18:00:00,0.476,0.4786,0.47498,0.47817,4599866.0
2024-06-25 19:00:00,0.47817,0.47908,0.47695,0.47737,2736429.0
2024-06-25 20:00:00,0.47737,0.4781,0.47675,0.47751,2207068.0
2024-06-25 21:00:00,0.47751,0.47751,0.47518,0.47561,6109777.0
2024-06-25 22:00:00,0.47561,0.47683,0.4751,0.47528,4566887.0
2024-06-25 23:00:00,0.47528,0.47553,0.474,0.47529,3654640.0
2024-06-26 00:00:00,0.47529,0.47533,0.4736,0.47364,5809192.0
2024-06-26 01:00:00,0.47364,0.47755,0.47363,0.47634,7451883.0
2024-06-26 02:00:00,0.47634,0.47777,0.47511,0.47529,6423196.0
2024-06-26 03:00:00,0.47529,0.47572,0.47379,0.47458,5170623.0
2024-06-26 04:00:00,0.47458,0.47512,0.47415,0.4744,1938831.0
2024-06-26 05:00:00,0.4744,0.475,0.47239,0.47308,10150419.0
2024-06-26 06:00:00,0.47308,0.4738,0.47243,0.47317,4537711.0
2024-06-26 07:00:00,0.47317,0.47412,0.47158,0.47304,10164490.0
2024-06-26 08:00:00,0.47304,0.474,0.472,0.47223,6562137.0
2024-06-26 09:00:00,0.47223,0.47678,0.47176,0.4738,31809957.0
2024-06-26 10:00:00,0.4738,0.4739,0.47008,0.4709,26373542.0
2024-06-26 11:00:00,0.4709,0.47466,0.47053,0.47434,33963975.0
2024-06-26 12:00:00,0.47434,0.4749,0.47327,0.47353,2664646.0
2024-06-26 13:00:00,0.47353,0.47512,0.4732,0.47471,3165164.0
2024-06-26 14:00:00,0.47471,0.47562,0.46963,0.47148,35052142.0
2024-06-26 15:00:00,0.47148,0.47164,0.4676,0.46943,14246143.0
2024-06-26 16:00:00,0.46943,0.4697,0.46795,0.46883,5219873.0
2024-06-26 17:00:00,0.46883,0.46883,0.46454,0.4683,26492598.0
2024-06-26 18:00:00,0.4683,0.46921,0.46723,0.46872,2826297.0
2024-06-26 19:00:00,0.46872,0.47181,0.46845,0.47143,4264352.0
2024-06-26 20:00:00,0.47143,0.47208,0.4695,0.47107,4729455.0
2024-06-26 21:00:00,0.47107,0.47113,0.46979,0.47045,2369703.0
2024-06-26 22:00:00,0.47045,0.47092,0.47005,0.47088,1303805.0
2024-06-26 23:00:00,0.47088,0.47102,0.4693,0.46952,3599836.0
2024-06-27 00:00:00,0.46952,0.46966,0.46725,0.46923,4842303.0
2024-06-27 01:00:00,0.46923,0.46968,0.46793,0.4687,1998632.0
2024-06-27 02:00:00,0.4687,0.46911,0.4676,0.46893,2780728.0
2024-06-27 03:00:00,0.46893,0.46998,0.46857,0.46877,2172318.0
2024-06-27 04:00:00,0.46877,0.46947,0.46859,0.46887,1663479.0
2024-06-27 05:00:00,0.46887,0.46909,0.4661,0.46614,12330646.0
2024-06-27 06:00:00,0.46614,0.46731,0.46585,0.46623,9669619.0
2024-06-27 07:00:00,0.46623,0.46741,0.46532,0.46661,10011910.0
2024-06-27 08:00:00,0.46661,0.46899,0.4658,0.4678,15957759.0
2024-06-27 09:00:00,0.4678,0.4704,0.4674,0.46979,5518325.0
2024-06-27 10:00:00,0.46979,0.47029,0.46712,0.468,19773896.0
2024-06-27 11:00:00,0.468,0.4714,0.46792,0.47008,22687929.0
2024-06-27 12:00:00,0.47008,0.47352,0.47008,0.47289,18703046.0
2024-06-27 13:00:00,0.47289,0.4755,0.47249,0.47451,10392549.0
2024-06-27 14:00:00,0.47451,0.4768,0.47051,0.47247,42551343.0
2024-06-27 15:00:00,0.47247,0.47344,0.47159,0.47195,14225641.0
2024-06-27 16:00:00,0.47195,0.47288,0.47144,0.47203,4346333.0
2024-06-27 17:00:00,0.47203,0.47372,0.47193,0.47354,2142023.0
2024-06-27 18:00:00,0.47354,0.47468,0.47276,0.47373,3738997.0
2024-06-27 19:00:00,0.47373,0.47407,0.47291,0.47323,2918292.0
2024-06-27 20:00:00,0.47323,0.47515,0.47305,0.4748,2369048.0
2024-06-27 21:00:00,0.4748,0.47525,0.47414,0.47472,1054475.0
2024-06-27 22:00:00,0.47472,0.4756,0.47413,0.4755,2771915.0
2024-06-27 23:00:00,0.4755,0.47566,0.47445,0.47493,3302056.0
2024-06-28 00:00:00,0.47493,0.47626,0.47391,0.47458,5752466.0
2024-06-28 01:00:00,0.47458,0.47778,0.47414,0.47666,5262088.0
2024-06-28 02:00:00,0.47666,0.4771,0.47406,0.47409,6383936.0
2024-06-28 03:00:00,0.47409,0.4761,0.47368,0.47582,1903732.0
2024-06-28 04:00:00,0.47582,0.4768,0.47472,0.47658,4666694.0
2024-06-28 05:00:00,0.47658,0.47677,0.4755,0.47666,2523869.0
2024-06-28 06:00:00,0.47666,0.47727,0.47571,0.4766,2736551.0
2024-06-28 07:00:00,0.4766,0.47911,0.47421,0.47736,25710984.0
2024-06-28 08:00:00,0.47736,0.4787,0.47661,0.47845,11313665.0
2024-06-28 09:00:00,0.47845,0.47845,0.47551,0.47746,29271201.0
2024-06-28 10:00:00,0.47746,0.48034,0.47588,0.47965,31064400.0
2024-06-28 11:00:00,0.47965,0.48024,0.47883,0.47942,5236832.0
2024-06-28 12:00:00,0.47942,0.48045,0.4766,0.47837,17161453.0
2024-06-28 13:00:00,0.47837,0.48045,0.47775,0.47832,7342691.0
2024-06-28 14:00:00,0.47832,0.48033,0.47663,0.47895,12885050.0
2024-06-28 15:00:00,0.47895,0.47898,0.47403,0.4758,34712466.0
2024-06-28 16:00:00,0.4758,0.47608,0.47158,0.47433,19955751.0
2024-06-28 17:00:00,0.47433,0.47434,0.47001,0.47075,8589038.0
2024-06-28 18:00:00,0.47075,0.4738,0.47011,0.47338,15711374.0
2024-06-28 19:00:00,0.47338,0.47532,0.47251,0.47339,4199657.0
2024-06-28 20:00:00,0.47339,0.4749,0.47224,0.47234,3474416.0
2024-06-28 21:00:00,0.47234,0.47247,0.46857,0.47139,10492108.0
2024-06-28 22:00:00,0.47139,0.472,0.4708,0.47133,1670709.0
2024-06-28 23:00:00,0.47133,0.4715,0.47079,0.47115,1732704.0
2024-06-29 00:00:00,0.47115,0.47279,0.47113,0.47229,2851856.0
2024-06-29 01:00:00,0.47229,0.47369,0.47213,0.47346,2241717.0
2024-06-29 02:00:00,0.47346,0.47418,0.47315,0.47368,3320752.0
2024-06-29 03:00:00,0.47368,0.4745,0.47367,0.47409,4403505.0
2024-06-29 04:00:00,0.47409,0.47479,0.47385,0.47448,2081494.0
2024-06-29 05:00:00,0.47448,0.47469,0.47362,0.47397,4858279.0
2024-06-29 06:00:00,0.47397,0.47417,0.47352,0.47399,1836480.0
2024-06-29 07:00:00,0.47399,0.47629,0.47396,0.47535,6047028.0
2024-06-29 08:00:00,0.47535,0.47629,0.47482,0.47625,3990417.0
2024-06-29 09:00:00,0.47625,0.47638,0.47532,0.47598,2430955.0
2024-06-29 10:00:00,0.47598,0.47639,0.47558,0.47622,2853217.0
2024-06-29 11:00:00,0.47622,0.47639,0.4754,0.47623,3858019.0
2024-06-29 12:00:00,0.47623,0.47639,0.47492,0.4751,8281017.0
2024-06-29 13:00:00,0.4751,0.47567,0.47472,0.47504,3174414.0
2024-06-29 14:00:00,0.47504,0.47558,0.47407,0.47453,11132903.0
2024-06-29 15:00:00,0.47453,0.47519,0.47395,0.47483,2770836.0
2024-06-29 16:00:00,0.47483,0.47489,0.47362,0.47376,5744884.0
2024-06-29 17:00:00,0.47376,0.47479,0.4732,0.47454,4902217.0
2024-06-29 18:00:00,0.47454,0.47469,0.4735,0.47454,3450334.0
2024-06-29 19:00:00,0.47454,0.47479,0.47342,0.47417,4258627.0
2024-06-29 20:00:00,0.47417,0.47435,0.47322,0.47344,5086776.0
2024-06-29 21:00:00,0.47344,0.47368,0.4728,0.47283,3560046.0
2024-06-29 22:00:00,0.47283,0.47309,0.47142,0.47155,4334889.0
2024-06-29 23:00:00,0.47155,0.47229,0.47152,0.47219,2408409.0
2024-06-30 00:00:00,0.47219,0.47333,0.47196,0.47288,4560598.0
2024-06-30 01:00:00,0.47288,0.47306,0.47158,0.47205,8412219.0
2024-06-30 02:00:00,0.47205,0.47216,0.46959,0.47038,17043842.0
2024-06-30 03:00:00,0.47038,0.47129,0.4702,0.47109,4096154.0
2024-06-30 04:00:00,0.47109,0.4713,0.47012,0.47044,3022377.0
2024-06-30 05:00:00,0.47044,0.47129,0.4702,0.47104,4606317.0
2024-06-30 06:00:00,0.47104,0.47267,0.47085,0.47247,3734489.0
2024-06-30 07:00:00,0.47247,0.475,0.47242,0.47425,24996448.0
2024-06-30 08:00:00,0.47425,0.4749,0.47362,0.47489,8462281.0
2024-06-30 09:00:00,0.47489,0.475,0.47379,0.47394,2549498.0
2024-06-30 10:00:00,0.47394,0.47448,0.47122,0.47219,25137101.0
2024-06-30 11:00:00,0.47219,0.47297,0.47202,0.47229,6761579.0
2024-06-30 12:00:00,0.47229,0.47319,0.47122,0.47232,20049800.0
2024-06-30 13:00:00,0.47232,0.47329,0.47212,0.47314,4673749.0
2024-06-30 14:00:00,0.47314,0.4735,0.47161,0.47195,9441680.0
2024-06-30 15:00:00,0.47195,0.47359,0.47193,0.47311,4009800.0
2024-06-30 16:00:00,0.47311,0.47329,0.47212,0.47221,1525962.0
2024-06-30 17:00:00,0.47221,0.47399,0.47195,0.4738,4685489.0
2024-06-30 18:00:00,0.4738,0.47464,0.47313,0.47435,2723512.0
2024-06-30 19:00:00,0.47435,0.47472,0.47332,0.4738,3340815.0
2024-06-30 20:00:00,0.4738,0.47529,0.4738,0.47414,3910573.0
2024-06-30 21:00:00,0.47414,0.47434,0.4735,0.47419,1897965.0
2024-06-30 22:00:00,0.47419,0.47779,0.47408,0.47634,6538978.0
2024-06-30 23:00:00,0.47634,0.47689,0.4755,0.47562,4882527.0
2024-07-01 00:00:00,0.47562,0.47668,0.4751,0.4754,7248952.0
2024-07-01 01:00:00,0.4754,0.47936,0.47508,0.47902,10015621.0
2024-07-01 02:00:00,0.47902,0.47939,0.47737,0.47753,7181542.0
2024-07-01 03:00:00,0.47753,0.47879,0.47692,0.47807,2849315.0
2024-07-01 04:00:00,0.47807,0.47864,0.47745,0.47805,3272403.0
2024-07-01 05:00:00,0.47805,0.47895,0.47792,0.47813,2260643.0
2024-07-01 06:00:00,0.47813,0.47817,0.47642,0.47797,6415713.0
2024-07-01 07:00:00,0.47797,0.4816,0.47732,0.4795,27772745.0
2024-07-01 08:00:00,0.4795,0.48038,0.47831,0.47963,10424623.0
2024-07-01 09:00:00,0.47963,0.48148,0.47921,0.48098,10136551.0
2024-07-01 10:00:00,0.48098,0.48138,0.47831,0.47936,23896438.0
2024-07-01 11:00:00,0.47936,0.48491,0.4788,0.47932,41905900.0
2024-07-01 12:00:00,0.47932,0.48194,0.47906,0.48168,13244701.0
2024-07-01 13:00:00,0.48168,0.48222,0.47897,0.48028,9932949.0
2024-07-01 14:00:00,0.48028,0.48144,0.47912,0.47997,5143347.0
2024-07-01 15:00:00,0.47997,0.48261,0.47833,0.47954,28969072.0
2024-07-01 16:00:00,0.47954,0.47992,0.4783,0.47843,4757398.0
2024-07-01 17:00:00,0.47843,0.47911,0.47728,0.47884,6072754.0
2024-07-01 18:00:00,0.47884,0.47909,0.4765,0.47722,6124439.0
2024-07-01 19:00:00,0.47722,0.47761,0.4761,0.47662,3671639.0
2024-07-01 20:00:00,0.47662,0.47731,0.47635,0.47721,2681673.0
2024-07-01 21:00:00,0.47721,0.47834,0.4764,0.47783,6196848.0
2024-07-01 22:00:00,0.47783,0.47824,0.47529,0.47701,10509962.0
2024-07-01 23:00:00,0.47701,0.47727,0.4758,0.47658,4601727.0
2024-07-02 00:00:00,0.47658,0.4773,0.47592,0.47607,5992480.0
2024-07-02 01:00:00,0.47607,0.47681,0.4756,0.47644,4524776.0
2024-07-02 02:00:00,0.47644,0.47781,0.4764,0.477,3997001.0
2024-07-02 03:00:00,0.477,0.47869,0.47691,0.47805,3717255.0
2024-07-02 04:00:00,0.47805,0.4788,0.47783,0.47838,3919459.0
2024-07-02 05:00:00,0.47838,0.48031,0.47838,0.47948,5773079.0
2024-07-02 06:00:00,0.47948,0.47977,0.47858,0.47927,8117499.0
2024-07-02 07:00:00,0.47927,0.48039,0.47742,0.4783,19624788.0
2024-07-02 08:00:00,0.4783,0.48305,0.4778,0.48148,64309173.0
2024-07-02 09:00:00,0.48148,0.48299,0.48114,0.48142,6628893.0
2024-07-02 10:00:00,0.48142,0.48836,0.4811,0.4859,64279402.0
2024-07-02 11:00:00,0.4859,0.48631,0.48413,0.48584,27449360.0
2024-07-02 12:00:00,0.48584,0.48809,0.4855,0.48706,16032724.0
2024-07-02 13:00:00,0.48706,0.48869,0.48516,0.48608,13687429.0
2024-07-02 14:00:00,0.48608,0.48699,0.4827,0.48393,18708236.0
2024-07-02 15:00:00,0.48393,0.48552,0.48107,0.4817,28769508.0
2024-07-02 16:00:00,0.4817,0.4827,0.4808,0.48237,9930660.0
2024-07-02 17:00:00,0.48237,0.4824,0.4806,0.48227,7527883.0
2024-07-02 18:00:00,0.48227,0.4836,0.48198,0.4832,3334404.0
2024-07-02 19:00:00,0.4832,0.48341,0.48234,0.48261,3043004.0
2024-07-02 20:00:00,0.48261,0.48366,0.4824,0.48366,1933964.0
2024-07-02 21:00:00,0.48366,0.48478,0.48332,0.4842,4733356.0
2024-07-02 22:00:00,0.4842,0.48571,0.4839,0.48463,4979148.0
2024-07-02 23:00:00,0.48463,0.4851,0.48422,0.48501,2310046.0
2024-07-03 00:00:00,0.48501,0.48647,0.48483,0.48524,5886727.0
2024-07-03 01:00:00,0.48524,0.4861,0.48189,0.483,13770257.0
2024-07-03 02:00:00,0.483,0.48401,0.48181,0.48321,15032880.0
2024-07-03 03:00:00,0.48321,0.48327,0.47675,0.48004,27033660.0
2024-07-03 04:00:00,0.48004,0.48031,0.4787,0.48011,10060677.0
2024-07-03 05:00:00,0.48011,0.48051,0.47876,0.48021,8149982.0
2024-07-03 06:00:00,0.48021,0.48069,0.47927,0.47961,8635890.0
2024-07-03 07:00:00,0.47961,0.4839,0.4788,0.48236,29639909.0
2024-07-03 08:00:00,0.48236,0.48409,0.4817,0.4835,11413678.0
2024-07-03 09:00:00,0.4835,0.48521,0.4824,0.48388,24106489.0
2024-07-03 10:00:00,0.48388,0.48511,0.48064,0.48375,42214256.0
2024-07-03 11:00:00,0.48375,0.48379,0.48105,0.48209,12473321.0
2024-07-03 12:00:00,0.48209,0.4821,0.4739,0.47463,63579400.0
2024-07-03 13:00:00,0.47463,0.47783,0.4723,0.47768,23838768.0
2024-07-03 14:00:00,0.47768,0.47821,0.47241,0.47253,12773261.0
2024-07-03 15:00:00,0.47253,0.4741,0.4709,0.47135,16243213.0
2024-07-03 16:00:00,0.47135,0.47149,0.46549,0.4687,79425856.0
2024-07-03 17:00:00,0.4687,0.46955,0.46546,0.46719,12234897.0
2024-07-03 18:00:00,0.46719,0.46903,0.4659,0.46668,10380225.0
2024-07-03 19:00:00,0.46668,0.46732,0.4605,0.46232,42093528.0
2024-07-03 20:00:00,0.46232,0.46452,0.46192,0.46227,13955510.0
2024-07-03 21:00:00,0.46227,0.46657,0.46171,0.46646,20287123.0
2024-07-03 22:00:00,0.46646,0.46702,0.46583,0.46671,6455646.0
2024-07-03 23:00:00,0.46671,0.46708,0.46565,0.46664,3764333.0
2024-07-04 00:00:00,0.46664,0.46926,0.46651,0.4681,7984335.0
2024-07-04 01:00:00,0.4681,0.46852,0.45119,0.4542,153610398.0
2024-07-04 02:00:00,0.4542,0.45917,0.44457,0.45842,89560662.0
2024-07-04 03:00:00,0.45842,0.45989,0.45694,0.45919,4444236.0
2024-07-04 04:00:00,0.45919,0.46006,0.45812,0.45964,6434704.0
2024-07-04 05:00:00,0.45964,0.45991,0.45848,0.45882,2276854.0
2024-07-04 06:00:00,0.45882,0.4592,0.45477,0.45663,12026791.0
2024-07-04 07:00:00,0.45663,0.45826,0.45347,0.45392,29156192.0
2024-07-04 08:00:00,0.45392,0.45506,0.448,0.45297,23908546.0
2024-07-04 09:00:00,0.45297,0.45335,0.44759,0.45264,19003270.0
2024-07-04 10:00:00,0.45264,0.45423,0.44769,0.45302,74069034.0
2024-07-04 11:00:00,0.45302,0.4535,0.45058,0.4524,25107678.0
2024-07-04 12:00:00,0.4524,0.45248,0.4463,0.44632,20641627.0
2024-07-04 13:00:00,0.44632,0.44656,0.43767,0.44451,55594756.0
2024-07-04 14:00:00,0.44451,0.44596,0.4422,0.44526,11482204.0
2024-07-04 15:00:00,0.44526,0.44578,0.4403,0.44405,24397183.0
2024-07-04 16:00:00,0.44405,0.44426,0.4391,0.44168,9844881.0
2024-07-04 17:00:00,0.44168,0.44393,0.44089,0.44321,4557887.0
2024-07-04 18:00:00,0.44321,0.44324,0.43615,0.43925,19727592.0
2024-07-04 19:00:00,0.43925,0.44357,0.4388,0.44056,5087747.0
2024-07-04 20:00:00,0.44056,0.44413,0.44004,0.44413,4019568.0
2024-07-04 21:00:00,0.44413,0.44538,0.44311,0.44535,12690132.0
2024-07-04 22:00:00,0.44535,0.44688,0.44388,0.44401,8469989.0
2024-07-04 23:00:00,0.44401,0.44412,0.431,0.43225,41712084.0
2024-07-05 00:00:00,0.43225,0.43293,0.41824,0.4281,153973713.0
2024-07-05 01:00:00,0.4281,0.429,0.4169,0.42469,72702473.0
2024-07-05 02:00:00,0.42469,0.42469,0.38976,0.39771,154784236.0
2024-07-05 03:00:00,0.39771,0.40448,0.38062,0.3983,264899410.0
2024-07-05 04:00:00,0.3983,0.40364,0.38783,0.4018,106146893.0
2024-07-05 05:00:00,0.4018,0.40693,0.4001,0.40689,20881286.0
2024-07-05 06:00:00,0.40689,0.40689,0.39845,0.39907,17153353.0
2024-07-05 07:00:00,0.39907,0.40601,0.3984,0.40422,40065450.0
2024-07-05 08:00:00,0.40422,0.40422,0.397,0.39744,44609021.0
2024-07-05 09:00:00,0.39744,0.40629,0.39652,0.40584,42048887.0
2024-07-05 10:00:00,0.40584,0.41188,0.405,0.41155,40550531.0
2024-07-05 11:00:00,0.41155,0.41799,0.41122,0.4165,53126856.0
2024-07-05 12:00:00,0.4165,0.41991,0.41208,0.41218,29663970.0
2024-07-05 13:00:00,0.41218,0.42078,0.4113,0.41988,18849329.0
2024-07-05 14:00:00,0.41988,0.4224,0.41726,0.41909,20457358.0
2024-07-05 15:00:00,0.41909,0.42468,0.41824,0.42419,15401365.0
2024-07-05 16:00:00,0.42419,0.42751,0.42186,0.42295,35344496.0
2024-07-05 17:00:00,0.42295,0.4257,0.42212,0.42553,4215620.0
2024-07-05 18:00:00,0.42553,0.4269,0.42164,0.42673,6424907.0
2024-07-05 19:00:00,0.42673,0.42686,0.42398,0.4252,9278156.0
2024-07-05 20:00:00,0.4252,0.4258,0.4239,0.42513,1888338.0
2024-07-05 21:00:00,0.42513,0.42546,0.42278,0.42403,2862242.0
2024-07-05 22:00:00,0.42403,0.42621,0.4225,0.42468,2931844.0
2024-07-05 23:00:00,0.42468,0.42658,0.42435,0.42457,3892745.0
2024-07-06 00:00:00,0.42457,0.4316,0.42316,0.42784,12311441.0
2024-07-06 01:00:00,0.42784,0.42799,0.4254,0.4257,5371158.0
2024-07-06 02:00:00,0.4257,0.42849,0.42318,0.42682,7147424.0
2024-07-06 03:00:00,0.42682,0.42791,0.42576,0.42739,3523492.0
2024-07-06 04:00:00,0.42739,0.4283,0.42604,0.4265,4208272.0
2024-07-06 05:00:00,0.4265,0.42774,0.42601,0.42761,5764933.0
2024-07-06 06:00:00,0.42761,0.43287,0.42747,0.43105,24116383.0
2024-07-06 07:00:00,0.43105,0.43439,0.43081,0.43251,10860614.0
2024-07-06 08:00:00,0.43251,0.4333,0.4308,0.4315,5717889.0
2024-07-06 09:00:00,0.4315,0.43322,0.4298,0.43292,5374884.0
2024-07-06 10:00:00,0.43292,0.43429,0.43218,0.43381,4910127.0
2024-07-06 11:00:00,0.43381,0.43586,0.4327,0.43525,4700524.0
2024-07-06 12:00:00,0.43525,0.4359,0.43276,0.43477,7764676.0
2024-07-06 13:00:00,0.43477,0.43685,0.43335,0.43558,8053299.0
2024-07-06 14:00:00,0.43558,0.4363,0.4333,0.4352,9329524.0
2024-07-06 15:00:00,0.4352,0.43929,0.43518,0.43795,17379042.0
2024-07-06 16:00:00,0.43795,0.44629,0.43692,0.4451,17922280.0
2024-07-06 17:00:00,0.4451,0.4454,0.44295,0.44457,8299715.0
2024-07-06 18:00:00,0.44457,0.44729,0.4442,0.44682,9170740.0
2024-07-06 19:00:00,0.44682,0.44889,0.44634,0.44809,9501694.0
2024-07-06 20:00:00,0.44809,0.44809,0.4462,0.44675,4197010.0
2024-07-06 21:00:00,0.44675,0.44913,0.44669,0.44731,4215240.0
2024-07-06 22:00:00,0.44731,0.449,0.4473,0.44887,1662066.0
2024-07-06 23:00:00,0.44887,0.44902,0.44752,0.44833,3158891.0
2024-07-07 00:00:00,0.44833,0.4485,0.44471,0.44471,14117205.0
2024-07-07 01:00:00,0.44471,0.44602,0.44321,0.44506,8742725.0
2024-07-07 02:00:00,0.44506,0.4473,0.44494,0.44593,6175735.0
2024-07-07 03:00:00,0.44593,0.44614,0.44311,0.44414,6305779.0
2024-07-07 04:00:00,0.44414,0.44434,0.43931,0.43958,14518582.0
2024-07-07 05:00:00,0.43958,0.44236,0.43841,0.44127,8489565.0
2024-07-07 06:00:00,0.44127,0.44259,0.44033,0.44089,5028334.0
2024-07-07 07:00:00,0.44089,0.44094,0.43417,0.43674,26169290.0
2024-07-07 08:00:00,0.43674,0.43789,0.43583,0.4376,5566307.0
2024-07-07 09:00:00,0.4376,0.43819,0.43611,0.43701,4276252.0
2024-07-07 10:00:00,0.43701,0.43787,0.43279,0.43341,25367105.0
2024-07-07 11:00:00,0.43341,0.43467,0.43274,0.43453,8835595.0
2024-07-07 12:00:00,0.43453,0.43551,0.43179,0.43429,10622217.0
2024-07-07 13:00:00,0.43429,0.43454,0.42517,0.42656,32193840.0
2024-07-07 14:00:00,0.42656,0.42669,0.42133,0.42508,29791868.0
2024-07-07 15:00:00,0.42508,0.42918,0.42438,0.42661,13285507.0
2024-07-07 16:00:00,0.42661,0.43104,0.42633,0.43103,9204679.0
2024-07-07 17:00:00,0.43103,0.43217,0.42797,0.43158,9287960.0
2024-07-07 18:00:00,0.43158,0.43307,0.42945,0.43001,6378554.0
2024-07-07 19:00:00,0.43001,0.43005,0.42729,0.42882,7835587.0
2024-07-07 20:00:00,0.42882,0.43072,0.42829,0.42881,5360170.0
2024-07-07 21:00:00,0.42881,0.42898,0.42071,0.42456,18072230.0
2024-07-07 22:00:00,0.42456,0.42555,0.41996,0.42011,9562645.0
2024-07-07 23:00:00,0.42011,0.42294,0.41771,0.41912,12833203.0
2024-07-08 00:00:00,0.41912,0.42028,0.40882,0.4103,36443525.0
2024-07-08 01:00:00,0.4103,0.41088,0.4028,0.41029,45583403.0
2024-07-08 02:00:00,0.41029,0.4162,0.409,0.41428,14000125.0
2024-07-08 03:00:00,0.41428,0.41659,0.41178,0.41425,14435192.0
2024-07-08 04:00:00,0.41425,0.4193,0.41318,0.41842,104294796.0
2024-07-08 05:00:00,0.41842,0.42057,0.41788,0.42005,5250806.0
2024-07-08 06:00:00,0.42005,0.4227,0.41768,0.42053,10157984.0
2024-07-08 07:00:00,0.42053,0.42319,0.4188,0.42233,36170781.0
2024-07-08 08:00:00,0.42233,0.43631,0.42138,0.43429,33835652.0
2024-07-08 09:00:00,0.43429,0.43749,0.43071,0.43356,45632210.0
2024-07-08 10:00:00,0.43356,0.437,0.43056,0.43147,36830165.0
2024-07-08 11:00:00,0.43147,0.44081,0.4313,0.43929,54647514.0
2024-07-08 12:00:00,0.43929,0.44356,0.43724,0.44106,23316751.0
2024-07-08 13:00:00,0.44106,0.44119,0.43574,0.43771,15485204.0
2024-07-08 14:00:00,0.43771,0.439,0.4202,0.43018,89421813.0
2024-07-08 15:00:00,0.43018,0.4344,0.4232,0.42361,84515421.0
2024-07-08 16:00:00,0.42361,0.42619,0.42035,0.42522,16034063.0
2024-07-08 17:00:00,0.42522,0.42742,0.4238,0.42723,8466866.0
2024-07-08 18:00:00,0.42723,0.43012,0.42697,0.42997,7159529.0
2024-07-08 19:00:00,0.42997,0.43113,0.4286,0.42997,6889240.0
2024-07-08 20:00:00,0.42997,0.43116,0.42705,0.42794,4373106.0
2024-07-08 21:00:00,0.42794,0.43131,0.42657,0.43038,6077021.0
2024-07-08 22:00:00,0.43038,0.43221,0.42956,0.43093,4058269.0
2024-07-08 23:00:00,0.43093,0.43186,0.43037,0.43131,2976852.0
2024-07-09 00:00:00,0.43131,0.43131,0.42825,0.42925,7375476.0
2024-07-09 01:00:00,0.42925,0.4338,0.42726,0.42845,9622727.0
2024-07-09 02:00:00,0.42845,0.43351,0.42655,0.43334,8816089.0
2024-07-09 03:00:00,0.43334,0.4335,0.43079,0.43251,6374033.0
2024-07-09 04:00:00,0.43251,0.4344,0.43192,0.43336,7244965.0
2024-07-09 05:00:00,0.43336,0.43417,0.43194,0.43413,3412991.0
2024-07-09 06:00:00,0.43413,0.43671,0.43331,0.434,8603794.0
2024-07-09 07:00:00,0.434,0.43594,0.43294,0.43416,12726874.0
2024-07-09 08:00:00,0.43416,0.43776,0.43274,0.43537,10036637.0
2024-07-09 09:00:00,0.43537,0.4364,0.43218,0.43231,29198608.0
2024-07-09 10:00:00,0.43231,0.43579,0.43223,0.43488,33489434.0
2024-07-09 11:00:00,0.43488,0.4352,0.43354,0.43385,21680581.0
2024-07-09 12:00:00,0.43385,0.4343,0.43264,0.43367,6176209.0
2024-07-09 13:00:00,0.43367,0.4337,0.43015,0.43208,13919465.0
2024-07-09 14:00:00,0.43208,0.43567,0.43034,0.43067,15549306.0
2024-07-09 15:00:00,0.43067,0.4325,0.42873,0.43143,29190083.0
2024-07-09 16:00:00,0.43143,0.43431,0.43071,0.43396,10049509.0
2024-07-09 17:00:00,0.43396,0.43456,0.43165,0.43283,5875817.0
2024-07-09 18:00:00,0.43283,0.43592,0.4322,0.43458,6618928.0
2024-07-09 19:00:00,0.43458,0.43563,0.43364,0.43554,2444716.0
2024-07-09 20:00:00,0.43554,0.43696,0.43511,0.43621,7019324.0
2024-07-09 21:00:00,0.43621,0.4369,0.43444,0.43498,3409487.0
2024-07-09 22:00:00,0.43498,0.43666,0.43414,0.43497,2643382.0
2024-07-09 23:00:00,0.43497,0.43601,0.43445,0.43536,3227764.0
2024-07-10 00:00:00,0.43536,0.43536,0.43141,0.43192,15012882.0
2024-07-10 01:00:00,0.43192,0.43468,0.43114,0.43334,7324949.0
2024-07-10 02:00:00,0.43334,0.43415,0.43182,0.43401,4262016.0
2024-07-10 03:00:00,0.43401,0.43564,0.43361,0.43526,9200362.0
2024-07-10 04:00:00,0.43526,0.44054,0.43519,0.44,24764771.0
2024-07-10 05:00:00,0.44,0.44086,0.43711,0.43793,7913037.0
2024-07-10 06:00:00,0.43793,0.44034,0.43669,0.43949,5642987.0
2024-07-10 07:00:00,0.43949,0.44022,0.43814,0.43948,6961360.0
2024-07-10 08:00:00,0.43948,0.43986,0.43691,0.43818,7367785.0
2024-07-10 09:00:00,0.43818,0.44004,0.43628,0.43935,39311917.0
2024-07-10 10:00:00,0.43935,0.44223,0.43935,0.44183,21404352.0
2024-07-10 11:00:00,0.44183,0.44199,0.43976,0.44001,11374218.0
2024-07-10 12:00:00,0.44001,0.44055,0.4353,0.43837,28577863.0
2024-07-10 13:00:00,0.43837,0.4393,0.43441,0.43539,14507700.0
2024-07-10 14:00:00,0.43539,0.4366,0.43155,0.43257,33265769.0
2024-07-10 15:00:00,0.43257,0.434,0.43071,0.43271,16271203.0
2024-07-10 16:00:00,0.43271,0.43424,0.43141,0.43251,10416831.0
2024-07-10 17:00:00,0.43251,0.4343,0.43171,0.43404,8733179.0
2024-07-10 18:00:00,0.43404,0.4362,0.43379,0.43579,22921236.0
2024-07-10 19:00:00,0.43579,0.4363,0.43461,0.436,3679869.0
2024-07-10 20:00:00,0.436,0.43826,0.43558,0.43734,21578112.0
2024-07-10 21:00:00,0.43734,0.43736,0.43544,0.43681,4934120.0
2024-07-10 22:00:00,0.43681,0.43874,0.43661,0.43789,10264137.0
2024-07-10 23:00:00,0.43789,0.43914,0.43752,0.43821,8218210.0
2024-07-11 00:00:00,0.43821,0.43921,0.43773,0.43889,7620964.0
2024-07-11 01:00:00,0.43889,0.44293,0.43683,0.44261,22971997.0
2024-07-11 02:00:00,0.44261,0.44282,0.43953,0.44064,9329474.0
2024-07-11 03:00:00,0.44064,0.4408,0.43573,0.44005,20338020.0
2024-07-11 04:00:00,0.44005,0.4417,0.43903,0.44084,8983496.0
2024-07-11 05:00:00,0.44084,0.44265,0.44054,0.44208,7156040.0
2024-07-11 06:00:00,0.44208,0.44585,0.44176,0.44428,28604913.0
2024-07-11 07:00:00,0.44428,0.44554,0.44376,0.44413,12078779.0
2024-07-11 08:00:00,0.44413,0.44564,0.44382,0.44563,13101041.0
2024-07-11 09:00:00,0.44563,0.44653,0.44462,0.44599,19142404.0
2024-07-11 10:00:00,0.44599,0.44663,0.44422,0.44505,12302668.0
2024-07-11 11:00:00,0.44505,0.45202,0.44491,0.44943,69067842.0
2024-07-11 12:00:00,0.44943,0.45395,0.44682,0.45101,99601536.0
2024-07-11 13:00:00,0.45101,0.45135,0.44683,0.44931,22934549.0
2024-07-11 14:00:00,0.44931,0.45155,0.44539,0.4478,26609636.0
2024-07-11 15:00:00,0.4478,0.44859,0.43847,0.44029,50829857.0
2024-07-11 16:00:00,0.44029,0.4451,0.43829,0.44483,19035780.0
2024-07-11 17:00:00,0.44483,0.44862,0.44431,0.44645,14137798.0
2024-07-11 18:00:00,0.44645,0.44966,0.44615,0.44936,8287766.0
2024-07-11 19:00:00,0.44936,0.44943,0.44529,0.44693,9508164.0
2024-07-11 20:00:00,0.44693,0.44856,0.44579,0.44711,7882287.0
2024-07-11 21:00:00,0.44711,0.4476,0.44419,0.4469,9076001.0
2024-07-11 22:00:00,0.4469,0.44746,0.44545,0.44734,5384835.0
2024-07-11 23:00:00,0.44734,0.44916,0.44689,0.44879,8155247.0
2024-07-12 00:00:00,0.44879,0.45245,0.44764,0.44906,13647800.0
2024-07-12 01:00:00,0.44906,0.452,0.44387,0.45112,18259223.0
2024-07-12 02:00:00,0.45112,0.45183,0.44961,0.45165,5493719.0
2024-07-12 03:00:00,0.45165,0.45225,0.44998,0.4513,4872040.0
2024-07-12 04:00:00,0.4513,0.45159,0.44769,0.45095,8382471.0
2024-07-12 05:00:00,0.45095,0.45685,0.45058,0.45381,18963834.0
2024-07-12 06:00:00,0.45381,0.45916,0.45328,0.45648,25678967.0
2024-07-12 07:00:00,0.45648,0.46352,0.4536,0.46213,56013576.0
2024-07-12 08:00:00,0.46213,0.46657,0.45941,0.46588,63499231.0
2024-07-12 09:00:00,0.46588,0.47736,0.461,0.4612,188843801.0
2024-07-12 10:00:00,0.4612,0.47179,0.4597,0.4702,152647903.0
2024-07-12 11:00:00,0.4702,0.47395,0.46913,0.47064,36643179.0
2024-07-12 12:00:00,0.47064,0.47162,0.46542,0.47142,43010334.0
2024-07-12 13:00:00,0.47142,0.47199,0.46433,0.46544,37705342.0
2024-07-12 14:00:00,0.46544,0.4662,0.46163,0.46298,31208657.0
2024-07-12 15:00:00,0.46298,0.4646,0.45837,0.461,56144179.0
2024-07-12 16:00:00,0.461,0.4658,0.4605,0.46555,16723479.0
2024-07-12 17:00:00,0.46555,0.46757,0.46539,0.46637,11638869.0
2024-07-12 18:00:00,0.46637,0.4699,0.46637,0.46867,14524459.0
2024-07-12 19:00:00,0.46867,0.46951,0.46683,0.4691,9255337.0
2024-07-12 20:00:00,0.4691,0.4713,0.466,0.4706,10305360.0
2024-07-12 21:00:00,0.4706,0.47109,0.46803,0.46959,9605984.0
2024-07-12 22:00:00,0.46959,0.4771,0.46953,0.47377,75009670.0
2024-07-12 23:00:00,0.47377,0.47578,0.47251,0.47394,13713608.0
2024-07-13 00:00:00,0.47394,0.4754,0.4732,0.47492,8571864.0
2024-07-13 01:00:00,0.47492,0.4796,0.47492,0.47919,27425657.0
2024-07-13 02:00:00,0.47919,0.4854,0.47799,0.48516,30429994.0
2024-07-13 03:00:00,0.48516,0.49469,0.48296,0.49201,70595915.0
2024-07-13 04:00:00,0.49201,0.49909,0.49028,0.49643,64339518.0
2024-07-13 05:00:00,0.49643,0.51192,0.4961,0.50604,206368954.0
2024-07-13 06:00:00,0.50604,0.51324,0.50254,0.51024,66643149.0
2024-07-13 07:00:00,0.51024,0.51554,0.50601,0.51453,68353045.0
2024-07-13 08:00:00,0.51453,0.51649,0.51,0.51116,63054664.0
2024-07-13 09:00:00,0.51116,0.51786,0.50794,0.51331,107550503.0
2024-07-13 10:00:00,0.51331,0.51673,0.50985,0.51593,67910988.0
2024-07-13 11:00:00,0.51593,0.51629,0.50909,0.5096,40537201.0
2024-07-13 12:00:00,0.5096,0.51355,0.50948,0.51229,33397102.0
2024-07-13 13:00:00,0.51229,0.51945,0.512,0.51794,84508727.0
2024-07-13 14:00:00,0.51794,0.52253,0.5162,0.52119,84729139.0
2024-07-13 15:00:00,0.52119,0.5394,0.52083,0.53604,271405064.0
2024-07-13 16:00:00,0.53604,0.54185,0.53,0.53236,145439172.0
2024-07-13 17:00:00,0.53236,0.53953,0.5304,0.5379,67982716.0
2024-07-13 18:00:00,0.5379,0.54113,0.53373,0.53895,52152441.0
2024-07-13 19:00:00,0.53895,0.56587,0.53795,0.56052,260208471.0
2024-07-13 20:00:00,0.56052,0.56121,0.53613,0.53953,310253437.0
2024-07-13 21:00:00,0.53953,0.54063,0.52893,0.53375,127021773.0
2024-07-13 22:00:00,0.53375,0.535,0.5227,0.52315,155951255.0
2024-07-13 23:00:00,0.52315,0.52916,0.5217,0.52521,64350911.0
2024-07-14 00:00:00,0.52521,0.5312,0.51654,0.52156,145178622.0
2024-07-14 01:00:00,0.52156,0.52523,0.5184,0.52082,47842928.0
2024-07-14 02:00:00,0.52082,0.52223,0.51292,0.51511,62901951.0
2024-07-14 03:00:00,0.51511,0.522,0.51507,0.51921,38685097.0
2024-07-14 04:00:00,0.51921,0.52189,0.51629,0.51704,32119451.0
2024-07-14 05:00:00,0.51704,0.52,0.51611,0.51977,25662260.0
2024-07-14 06:00:00,0.51977,0.52863,0.51821,0.52515,62451614.0
2024-07-14 07:00:00,0.52515,0.5271,0.52275,0.52563,37338793.0
2024-07-14 08:00:00,0.52563,0.53269,0.5246,0.531,59796086.0
2024-07-14 09:00:00,0.531,0.53949,0.52377,0.52791,198977577.0
2024-07-14 10:00:00,0.52791,0.53359,0.52721,0.53214,49134439.0
2024-07-14 11:00:00,0.53214,0.53312,0.52664,0.52798,52532595.0
2024-07-14 12:00:00,0.52798,0.52798,0.52117,0.52346,85966119.0
2024-07-14 13:00:00,0.52346,0.5307,0.52346,0.53044,37911741.0
2024-07-14 14:00:00,0.53044,0.5323,0.52744,0.53007,40590753.0
2024-07-14 15:00:00,0.53007,0.53128,0.52475,0.5264,60817169.0
2024-07-14 16:00:00,0.5264,0.5318,0.52581,0.53008,25255299.0
2024-07-14 17:00:00,0.53008,0.5314,0.52834,0.53012,15613601.0
2024-07-14 18:00:00,0.53012,0.53467,0.52874,0.5321,22378392.0
2024-07-14 19:00:00,0.5321,0.53291,0.53053,0.53133,10739231.0
2024-07-14 20:00:00,0.53133,0.53438,0.52705,0.5286,26488529.0
2024-07-14 21:00:00,0.5286,0.53232,0.52518,0.5275,30007335.0
2024-07-14 22:00:00,0.5275,0.52957,0.52556,0.52793,20258224.0
2024-07-14 23:00:00,0.52793,0.52846,0.519,0.52,37415429.0
2024-07-15 00:00:00,0.52,0.52605,0.51959,0.5243,41558573.0
2024-07-15 01:00:00,0.5243,0.5284,0.52192,0.52791,27186144.0
2024-07-15 02:00:00,0.52791,0.5309,0.52618,0.5266,41547223.0
2024-07-15 03:00:00,0.5266,0.52927,0.52425,0.52619,27668449.0
2024-07-15 04:00:00,0.52619,0.52979,0.52582,0.52883,29755568.0
2024-07-15 05:00:00,0.52883,0.53047,0.52638,0.52724,21987035.0
2024-07-15 06:00:00,0.52724,0.534,0.5267,0.52854,44221585.0
2024-07-15 07:00:00,0.52854,0.533,0.52761,0.5302,64883258.0
2024-07-15 08:00:00,0.5302,0.53229,0.52718,0.52901,31773108.0
2024-07-15 09:00:00,0.52901,0.53372,0.52587,0.53077,43804689.0
2024-07-15 10:00:00,0.53077,0.53701,0.53029,0.53552,37037759.0
2024-07-15 11:00:00,0.53552,0.54025,0.52936,0.5361,119655691.0
2024-07-15 12:00:00,0.5361,0.53629,0.53027,0.53097,27048886.0
2024-07-15 13:00:00,0.53097,0.53124,0.52478,0.52851,47256942.0
2024-07-15 14:00:00,0.52851,0.52936,0.5259,0.52897,18218171.0
2024-07-15 15:00:00,0.52897,0.5303,0.52263,0.52308,35401314.0
2024-07-15 16:00:00,0.52308,0.5336,0.52163,0.53255,96552206.0
2024-07-15 17:00:00,0.53255,0.53438,0.53058,0.53089,37172117.0
2024-07-15 18:00:00,0.53089,0.53419,0.53056,0.53309,12566594.0
2024-07-15 19:00:00,0.53309,0.5358,0.53115,0.53455,16597509.0
2024-07-15 20:00:00,0.53455,0.5381,0.53203,0.5337,109277519.0
2024-07-15 21:00:00,0.5337,0.53445,0.53072,0.53155,14578153.0
2024-07-15 22:00:00,0.53155,0.5373,0.53155,0.53501,30731222.0
2024-07-15 23:00:00,0.53501,0.53776,0.53235,0.5368,18429222.0
2024-07-16 00:00:00,0.5368,0.55222,0.53434,0.5509,84275832.0
2024-07-16 01:00:00,0.5509,0.55583,0.54368,0.55306,88779618.0
2024-07-16 02:00:00,0.55306,0.56043,0.55204,0.55659,62846131.0
2024-07-16 03:00:00,0.55659,0.56999,0.55419,0.56476,108643544.0
2024-07-16 04:00:00,0.56476,0.56539,0.55392,0.55535,72404463.0
2024-07-16 05:00:00,0.55535,0.55538,0.54069,0.54318,132700339.0
2024-07-16 06:00:00,0.54318,0.54729,0.535,0.53769,79510996.0
2024-07-16 07:00:00,0.53769,0.5426,0.53626,0.53984,57392782.0
2024-07-16 08:00:00,0.53984,0.54182,0.53195,0.54027,77167263.0
2024-07-16 09:00:00,0.54027,0.54628,0.5388,0.5432,42974943.0
2024-07-16 10:00:00,0.5432,0.54719,0.54222,0.54467,19031679.0
2024-07-16 11:00:00,0.54467,0.5468,0.54189,0.54588,28906805.0
2024-07-16 12:00:00,0.54588,0.54876,0.54206,0.54353,38355421.0
2024-07-16 13:00:00,0.54353,0.56509,0.54266,0.5571,136357181.0
2024-07-16 14:00:00,0.5571,0.58082,0.55532,0.5782,412397602.0
2024-07-16 15:00:00,0.5782,0.58808,0.57628,0.58438,281297497.0
2024-07-16 16:00:00,0.58438,0.59462,0.57697,0.59171,164848432.0
2024-07-16 17:00:00,0.59171,0.5924,0.58335,0.58472,85553187.0
2024-07-16 18:00:00,0.58472,0.58685,0.57518,0.57614,95484374.0
2024-07-16 19:00:00,0.57614,0.58388,0.57567,0.58273,43272131.0
2024-07-16 20:00:00,0.58273,0.58466,0.57636,0.58191,25308057.0
2024-07-16 21:00:00,0.58191,0.58333,0.57792,0.57951,17155479.0
2024-07-16 22:00:00,0.57951,0.58143,0.57344,0.57634,39715308.0
2024-07-16 23:00:00,0.57634,0.58012,0.57313,0.57873,26176927.0
2024-07-17 00:00:00,0.57873,0.5845,0.57794,0.58061,32796749.0
2024-07-17 01:00:00,0.58061,0.58784,0.57917,0.5816,47387270.0
2024-07-17 02:00:00,0.5816,0.5867,0.5801,0.5864,28535899.0
2024-07-17 03:00:00,0.5864,0.5864,0.58107,0.58505,22902399.0
2024-07-17 04:00:00,0.58505,0.61091,0.5848,0.60726,149386327.0
2024-07-17 05:00:00,0.60726,0.60842,0.59823,0.60344,107290710.0
2024-07-17 06:00:00,0.60344,0.611,0.60101,0.6103,59536811.0
2024-07-17 07:00:00,0.6103,0.61746,0.5999,0.609,211550721.0
2024-07-17 08:00:00,0.609,0.61888,0.60236,0.6137,103171511.0
2024-07-17 09:00:00,0.6137,0.6158,0.6087,0.61099,104243936.0
2024-07-17 10:00:00,0.61099,0.618,0.61,0.61303,75460741.0
2024-07-17 11:00:00,0.61303,0.62245,0.61016,0.61304,128540288.0
2024-07-17 12:00:00,0.61304,0.62663,0.60896,0.62433,127606304.0
2024-07-17 13:00:00,0.62433,0.634,0.61237,0.615,337020938.0
2024-07-17 14:00:00,0.615,0.6164,0.60371,0.60679,169564305.0
2024-07-17 15:00:00,0.60679,0.61344,0.60055,0.60219,111147283.0
2024-07-17 16:00:00,0.60219,0.61234,0.5952,0.61158,129816867.0
2024-07-17 17:00:00,0.61158,0.61347,0.60774,0.61141,33921259.0
2024-07-17 18:00:00,0.61141,0.61828,0.61078,0.61673,28552985.0
2024-07-17 19:00:00,0.61673,0.62298,0.61252,0.61334,51259607.0
2024-07-17 20:00:00,0.61334,0.62943,0.61334,0.62717,56953440.0
2024-07-17 21:00:00,0.62717,0.63103,0.61823,0.63011,59258653.0
2024-07-17 22:00:00,0.63011,0.63742,0.6237,0.63282,100636047.0
2024-07-17 23:00:00,0.63282,0.63383,0.62357,0.62555,75512026.0
2024-07-18 00:00:00,0.62555,0.6363,0.6254,0.62704,74996074.0
2024-07-18 01:00:00,0.62704,0.62774,0.61157,0.61298,154738535.0
2024-07-18 02:00:00,0.61298,0.61719,0.60038,0.6028,138956573.0
2024-07-18 03:00:00,0.6028,0.6099,0.60169,0.6066,74852071.0
2024-07-18 04:00:00,0.6066,0.6122,0.6055,0.60908,50965385.0
2024-07-18 05:00:00,0.60908,0.61071,0.58053,0.58414,356774049.0
2024-07-18 06:00:00,0.58414,0.59099,0.578,0.58891,135228677.0
2024-07-18 07:00:00,0.58891,0.5901,0.57697,0.57974,160827156.0
2024-07-18 08:00:00,0.57974,0.5801,0.5663,0.57794,214256711.0
2024-07-18 09:00:00,0.57794,0.57993,0.57218,0.57315,66402682.0
2024-07-18 10:00:00,0.57315,0.5758,0.56784,0.5751,67101672.0
2024-07-18 11:00:00,0.5751,0.58352,0.57384,0.5781,106935685.0
2024-07-18 12:00:00,0.5781,0.58383,0.578,0.58277,45470469.0
2024-07-18 13:00:00,0.58277,0.5872,0.57222,0.57561,176368207.0
2024-07-18 14:00:00,0.57561,0.57763,0.57065,0.57436,84521122.0
2024-07-18 15:00:00,0.57436,0.57436,0.5615,0.56255,180025434.0
2024-07-18 16:00:00,0.56255,0.5714,0.55661,0.56855,132020496.0
2024-07-18 17:00:00,0.56855,0.57164,0.56726,0.56862,34131611.0
2024-07-18 18:00:00,0.56862,0.56995,0.5639,0.56498,42021664.0
2024-07-18 19:00:00,0.56498,0.57089,0.56368,0.56889,28594103.0
2024-07-18 20:00:00,0.56889,0.57,0.56372,0.56695,27819901.0
2024-07-18 21:00:00,0.56695,0.57,0.5646,0.56808,15111616.0
2024-07-18 22:00:00,0.56808,0.57221,0.5677,0.56862,32366880.0
2024-07-18 23:00:00,0.56862,0.57183,0.56792,0.56924,14691465.0
2024-07-19 00:00:00,0.56924,0.57025,0.54465,0.5511,202256001.0
2024-07-19 01:00:00,0.5511,0.5523,0.54,0.55211,124551342.0
2024-07-19 02:00:00,0.55211,0.55365,0.5459,0.54797,42829690.0
2024-07-19 03:00:00,0.54797,0.55674,0.54726,0.55538,46721578.0
2024-07-19 04:00:00,0.55538,0.56098,0.55538,0.55594,57789340.0
2024-07-19 05:00:00,0.55594,0.55633,0.55004,0.555,66857369.0
2024-07-19 06:00:00,0.555,0.55831,0.55169,0.55341,41367470.0
2024-07-19 07:00:00,0.55341,0.55542,0.54666,0.549,65682734.0
2024-07-19 08:00:00,0.549,0.55209,0.54478,0.54839,65565371.0
2024-07-19 09:00:00,0.54839,0.55179,0.5411,0.54421,48839235.0
2024-07-19 10:00:00,0.54421,0.5494,0.54035,0.54722,75013242.0
2024-07-19 11:00:00,0.54722,0.55351,0.54638,0.5525,17595959.0
2024-07-19 12:00:00,0.5525,0.55631,0.5508,0.55218,64991558.0
2024-07-19 13:00:00,0.55218,0.5577,0.54721,0.55626,89778651.0
2024-07-19 14:00:00,0.55626,0.56864,0.55536,0.56576,110962148.0
2024-07-19 15:00:00,0.56576,0.56602,0.55766,0.56249,76439334.0
2024-07-19 16:00:00,0.56249,0.58401,0.56151,0.57858,203695281.0
2024-07-19 17:00:00,0.57858,0.58634,0.5721,0.5825,91584108.0
2024-07-19 18:00:00,0.5825,0.5841,0.57585,0.57708,58041343.0
2024-07-19 19:00:00,0.57708,0.5834,0.57525,0.57979,47445146.0
2024-07-19 20:00:00,0.57979,0.58115,0.571,0.57193,57322565.0
2024-07-19 21:00:00,0.57193,0.578,0.5719,0.57552,32320888.0
2024-07-19 22:00:00,0.57552,0.57774,0.5683,0.57001,31286602.0
2024-07-19 23:00:00,0.57001,0.57374,0.56813,0.57272,27117484.0
2024-07-20 00:00:00,0.57272,0.58152,0.57024,0.58,62598096.0
2024-07-20 01:00:00,0.58,0.58,0.57504,0.5779,31633934.0
2024-07-20 02:00:00,0.5779,0.5788,0.57414,0.57596,23266678.0
2024-07-20 03:00:00,0.57596,0.582,0.5751,0.58125,28410339.0
2024-07-20 04:00:00,0.58125,0.59267,0.5795,0.59035,69982686.0
2024-07-20 05:00:00,0.59035,0.5936,0.5845,0.588,75630621.0
2024-07-20 06:00:00,0.588,0.6042,0.587,0.60071,112802150.0
2024-07-20 07:00:00,0.60071,0.6023,0.5934,0.59498,74866262.0
2024-07-20 08:00:00,0.59498,0.59656,0.58879,0.58982,76449339.0
2024-07-20 09:00:00,0.58982,0.59521,0.58728,0.59091,59233681.0
2024-07-20 10:00:00,0.59091,0.5944,0.58962,0.592,42026021.0
2024-07-20 11:00:00,0.592,0.59246,0.5853,0.59094,46877338.0
2024-07-20 12:00:00,0.59094,0.59641,0.5902,0.5912,44519809.0
2024-07-20 13:00:00,0.5912,0.5918,0.58572,0.58997,48025147.0
2024-07-20 14:00:00,0.58997,0.59324,0.5883,0.59187,30783030.0
2024-07-20 15:00:00,0.59187,0.59481,0.58845,0.59088,27225206.0
2024-07-20 16:00:00,0.59088,0.59284,0.58601,0.58833,36015072.0
2024-07-20 17:00:00,0.58833,0.59749,0.58771,0.59163,40215625.0
2024-07-20 18:00:00,0.59163,0.5942,0.58885,0.59344,25147275.0
2024-07-20 19:00:00,0.59344,0.5941,0.58961,0.59106,17782365.0
2024-07-20 20:00:00,0.59106,0.59517,0.59094,0.59412,19401429.0
2024-07-20 21:00:00,0.59412,0.5944,0.58899,0.59313,21054616.0
2024-07-20 22:00:00,0.59313,0.59721,0.59261,0.59586,25957769.0
2024-07-20 23:00:00,0.59586,0.59662,0.59241,0.59337,20124070.0
2024-07-21 00:00:00,0.59337,0.59689,0.5905,0.59164,26337025.0
2024-07-21 01:00:00,0.59164,0.59657,0.58841,0.59529,38137875.0
2024-07-21 02:00:00,0.59529,0.59621,0.59114,0.59299,15753583.0
2024-07-21 03:00:00,0.59299,0.5951,0.59138,0.59305,16093067.0
2024-07-21 04:00:00,0.59305,0.60221,0.59305,0.6011,61226688.0
2024-07-21 05:00:00,0.6011,0.60768,0.59529,0.59606,107980154.0
2024-07-21 06:00:00,0.59606,0.59651,0.5902,0.59237,49808455.0
2024-07-21 07:00:00,0.59237,0.59459,0.588,0.58861,39665389.0
2024-07-21 08:00:00,0.58861,0.5917,0.58651,0.588,26676962.0
2024-07-21 09:00:00,0.588,0.59285,0.58738,0.59096,28448317.0
2024-07-21 10:00:00,0.59096,0.59307,0.5878,0.58955,26671247.0
2024-07-21 11:00:00,0.58955,0.59071,0.58004,0.58189,58949198.0
2024-07-21 12:00:00,0.58189,0.58671,0.58051,0.58299,40699126.0
2024-07-21 13:00:00,0.58299,0.58401,0.5754,0.57738,56587150.0
2024-07-21 14:00:00,0.57738,0.58477,0.57327,0.5837,79337026.0
2024-07-21 15:00:00,0.5837,0.58928,0.5826,0.58771,29805850.0
2024-07-21 16:00:00,0.58771,0.59152,0.58385,0.5901,24645934.0
2024-07-21 17:00:00,0.5901,0.5914,0.57917,0.58367,44530336.0
2024-07-21 18:00:00,0.58367,0.58969,0.57175,0.58312,86064663.0
2024-07-21 19:00:00,0.58312,0.5927,0.58034,0.59068,33862435.0
2024-07-21 20:00:00,0.59068,0.59848,0.58911,0.5945,34198595.0
2024-07-21 21:00:00,0.5945,0.6026,0.5934,0.59819,28143550.0
2024-07-21 22:00:00,0.59819,0.60049,0.59609,0.59707,26728799.0
2024-07-21 23:00:00,0.59707,0.5993,0.59426,0.59823,14058346.0
2024-07-22 00:00:00,0.59823,0.60018,0.5932,0.59595,20073577.0
2024-07-22 01:00:00,0.59595,0.5964,0.59025,0.59171,19840883.0
2024-07-22 02:00:00,0.59171,0.59852,0.59133,0.598,25480674.0
2024-07-22 03:00:00,0.598,0.59954,0.5932,0.59408,21056384.0
2024-07-22 04:00:00,0.59408,0.59667,0.59353,0.5946,8936125.0
2024-07-22 05:00:00,0.5946,0.59557,0.58812,0.59147,23928105.0
2024-07-22 06:00:00,0.59147,0.59399,0.58504,0.58902,7959416.0
2024-07-22 07:00:00,0.58902,0.60461,0.58704,0.59753,15052465.0
2024-07-22 08:00:00,0.59753,0.5993,0.5907,0.59478,10116607.0
2024-07-22 09:00:00,0.59478,0.60362,0.5945,0.60151,15517764.0
2024-07-22 10:00:00,0.60151,0.60615,0.59913,0.60112,16381864.0
2024-07-22 11:00:00,0.60112,0.61376,0.59853,0.61059,29453547.0
2024-07-22 12:00:00,0.61059,0.6187,0.60699,0.61785,22022551.0
2024-07-22 13:00:00,0.61785,0.61785,0.60438,0.60596,29131608.0
2024-07-22 14:00:00,0.60596,0.6134,0.60445,0.61055,16552660.0
2024-07-22 15:00:00,0.61055,0.61572,0.60637,0.60976,13281342.0
2024-07-22 16:00:00,0.60976,0.61553,0.60802,0.60933,9559554.0
2024-07-22 17:00:00,0.60933,0.61534,0.60704,0.61417,4613854.0
2024-07-22 18:00:00,0.61417,0.62253,0.6132,0.6215,9830445.0
2024-07-22 19:00:00,0.6215,0.62236,0.61736,0.61814,6140440.0
2024-07-22 20:00:00,0.61814,0.62072,0.61361,0.6165,5810195.0
2024-07-22 21:00:00,0.6165,0.61811,0.61075,0.61443,5505618.0
2024-07-22 22:00:00,0.61443,0.61443,0.60627,0.60663,7748326.0
2024-07-22 23:00:00,0.60663,0.60769,0.59912,0.60721,15406181.0
2024-07-23 00:00:00,0.60721,0.6115,0.60488,0.6084,5246758.0
2024-07-23 01:00:00,0.6084,0.60887,0.60228,0.60849,7426461.0
2024-07-23 02:00:00,0.60849,0.61017,0.60486,0.60923,4686248.0
2024-07-23 03:00:00,0.60923,0.61433,0.60837,0.61376,5234917.0
2024-07-23 04:00:00,0.61376,0.61642,0.60554,0.60714,10853927.0
2024-07-23 05:00:00,0.60714,0.60792,0.59413,0.5995,20167916.0
2024-07-23 06:00:00,0.5995,0.6028,0.59431,0.59825,7805333.0
2024-07-23 07:00:00,0.59825,0.60102,0.59422,0.59952,7206763.0
2024-07-23 08:00:00,0.59952,0.60266,0.59549,0.60014,14801667.0
2024-07-23 09:00:00,0.60014,0.60271,0.59954,0.6008,3351939.0
2024-07-23 10:00:00,0.6008,0.60692,0.59755,0.59949,27017991.0
2024-07-23 11:00:00,0.59949,0.59949,0.59149,0.59578,11145309.0
2024-07-23 12:00:00,0.59578,0.59682,0.5905,0.59487,6976084.0
2024-07-23 13:00:00,0.59487,0.59697,0.58676,0.59053,12270552.0
2024-07-23 14:00:00,0.59053,0.60287,0.58973,0.60227,8608215.0
2024-07-23 15:00:00,0.60227,0.60278,0.59667,0.60012,7913603.0
2024-07-23 16:00:00,0.60012,0.60016,0.58204,0.58243,13613796.0
2024-07-23 17:00:00,0.58243,0.58965,0.57878,0.58831,22126734.0
2024-07-23 18:00:00,0.58831,0.59545,0.58807,0.59271,4604818.0
2024-07-23 19:00:00,0.59271,0.59625,0.59163,0.59418,3637517.0
2024-07-23 20:00:00,0.59418,0.59871,0.5922,0.59772,3910117.0
2024-07-23 21:00:00,0.59772,0.5982,0.59447,0.59538,3681029.0
2024-07-23 22:00:00,0.59538,0.6033,0.59289,0.59845,10992356.0
2024-07-23 23:00:00,0.59845,0.59921,0.59438,0.59712,4914413.0
2024-07-24 00:00:00,0.59712,0.59947,0.591,0.59256,4126672.0
2024-07-24 01:00:00,0.59256,0.60078,0.59256,0.59747,3424271.0
2024-07-24 02:00:00,0.59747,0.59869,0.59313,0.5966,2968401.0
2024-07-24 03:00:00,0.5966,0.60483,0.5949,0.60408,17299222.0
2024-07-24 04:00:00,0.60408,0.6055,0.60122,0.60453,93081755.0
2024-07-24 05:00:00,0.60453,0.60453,0.59655,0.59926,33312042.0
2024-07-24 06:00:00,0.59926,0.6003,0.59786,0.59893,15359302.0
2024-07-24 07:00:00,0.59893,0.60438,0.5982,0.60232,22445349.0
2024-07-24 08:00:00,0.60232,0.61516,0.60118,0.61326,177025917.0
2024-07-24 09:00:00,0.61326,0.62128,0.60871,0.62063,64465482.0
2024-07-24 10:00:00,0.62063,0.62998,0.61526,0.62598,130176920.0
2024-07-24 11:00:00,0.62598,0.63241,0.62422,0.62814,70384082.0
2024-07-24 12:00:00,0.62814,0.63105,0.62376,0.62384,71102824.0
2024-07-24 13:00:00,0.62384,0.63212,0.62384,0.62714,91439828.0
2024-07-24 14:00:00,0.62714,0.63205,0.62542,0.62865,59727526.0
2024-07-24 15:00:00,0.62865,0.62891,0.61803,0.6233,86889641.0
2024-07-24 16:00:00,0.6233,0.625,0.61896,0.62029,25820616.0
2024-07-24 17:00:00,0.62029,0.62542,0.61922,0.62097,71368679.0
2024-07-24 18:00:00,0.62097,0.62378,0.61586,0.6174,33584933.0
2024-07-24 19:00:00,0.6174,0.62363,0.61504,0.6223,23660351.0
2024-07-24 20:00:00,0.6223,0.62791,0.62229,0.62576,20164671.0
2024-07-24 21:00:00,0.62576,0.62606,0.61002,0.61594,92909303.0
2024-07-24 22:00:00,0.61594,0.61664,0.60756,0.60928,31371298.0
2024-07-24 23:00:00,0.60928,0.61912,0.60528,0.61756,30251072.0
2024-07-25 00:00:00,0.61756,0.62165,0.61579,0.61996,25998802.0
2024-07-25 01:00:00,0.61996,0.62116,0.59378,0.60775,222258865.0
2024-07-25 02:00:00,0.60775,0.6086,0.59502,0.60197,48827000.0
2024-07-25 03:00:00,0.60197,0.60688,0.59523,0.60511,25710264.0
2024-07-25 04:00:00,0.60511,0.60584,0.5977,0.59888,37047688.0
2024-07-25 05:00:00,0.59888,0.60214,0.59875,0.60047,24213145.0
2024-07-25 06:00:00,0.60047,0.61243,0.60004,0.61019,52056134.0
2024-07-25 07:00:00,0.61019,0.61421,0.60544,0.60828,268398947.0
2024-07-25 08:00:00,0.60828,0.61213,0.60476,0.60884,42767034.0
2024-07-25 09:00:00,0.60884,0.61137,0.60416,0.60634,43030859.0
2024-07-25 10:00:00,0.60634,0.60656,0.59883,0.60361,66137395.0
2024-07-25 11:00:00,0.60361,0.61128,0.60258,0.60985,25164905.0
2024-07-25 12:00:00,0.60985,0.62557,0.60985,0.62011,326518567.0
2024-07-25 13:00:00,0.62011,0.62044,0.60266,0.60575,129144018.0
2024-07-25 14:00:00,0.60575,0.61925,0.60013,0.61918,72965140.0
2024-07-25 15:00:00,0.61918,0.62139,0.61072,0.61724,64736692.0
2024-07-25 16:00:00,0.61724,0.61999,0.6073,0.61732,151975844.0
2024-07-25 17:00:00,0.61732,0.62547,0.61217,0.61477,72353607.0
2024-07-25 18:00:00,0.61477,0.61687,0.60115,0.60192,56215921.0
2024-07-25 19:00:00,0.60192,0.604,0.59668,0.60043,58051888.0
2024-07-25 20:00:00,0.60043,0.60074,0.58416,0.59246,138786433.0
2024-07-25 21:00:00,0.59246,0.60223,0.59216,0.59918,34676466.0
2024-07-25 22:00:00,0.59918,0.59953,0.5928,0.59577,35269515.0
2024-07-25 23:00:00,0.59577,0.59982,0.5944,0.5989,15255277.0
2024-07-26 00:00:00,0.5989,0.60667,0.59631,0.60501,29725287.0
2024-07-26 01:00:00,0.60501,0.60648,0.59968,0.6007,33481847.0
2024-07-26 02:00:00,0.6007,0.606,0.59947,0.60476,22438131.0
2024-07-26 03:00:00,0.60476,0.60778,0.60245,0.60446,30840869.0
2024-07-26 04:00:00,0.60446,0.60884,0.60069,0.60446,35138913.0
2024-07-26 05:00:00,0.60446,0.60674,0.60272,0.60591,13516590.0
2024-07-26 06:00:00,0.60591,0.60803,0.6035,0.60647,26762886.0
2024-07-26 07:00:00,0.60647,0.6068,0.59774,0.59775,36690312.0
2024-07-26 08:00:00,0.59775,0.60291,0.59702,0.60057,84384533.0
2024-07-26 09:00:00,0.60057,0.60391,0.5999,0.60055,19656522.0
2024-07-26 10:00:00,0.60055,0.6007,0.59497,0.59979,44656690.0
2024-07-26 11:00:00,0.59979,0.60169,0.59731,0.60102,22589734.0
2024-07-26 12:00:00,0.60102,0.60176,0.596,0.59854,29816055.0
2024-07-26 13:00:00,0.59854,0.6004,0.59261,0.59611,106551739.0
2024-07-26 14:00:00,0.59611,0.59681,0.58556,0.58825,117918708.0
2024-07-26 15:00:00,0.58825,0.59334,0.58652,0.59176,38621190.0
2024-07-26 16:00:00,0.59176,0.59675,0.58913,0.59463,67776015.0
2024-07-26 17:00:00,0.59463,0.59639,0.59368,0.59488,11232401.0
2024-07-26 18:00:00,0.59488,0.59899,0.59427,0.59771,15598692.0
2024-07-26 19:00:00,0.59771,0.60162,0.59749,0.59866,21597957.0
2024-07-26 20:00:00,0.59866,0.60047,0.59642,0.59824,25477003.0
2024-07-26 21:00:00,0.59824,0.60495,0.59755,0.60312,29408640.0
2024-07-26 22:00:00,0.60312,0.6052,0.60175,0.60265,11946971.0
2024-07-26 23:00:00,0.60265,0.60386,0.6016,0.60291,6699630.0
2024-07-27 00:00:00,0.60291,0.60291,0.59666,0.59804,24389527.0
2024-07-27 01:00:00,0.59804,0.59853,0.59545,0.59716,14886673.0
2024-07-27 02:00:00,0.59716,0.59725,0.5938,0.59655,21568253.0
2024-07-27 03:00:00,0.59655,0.59828,0.59468,0.59617,9489831.0
2024-07-27 04:00:00,0.59617,0.59963,0.59604,0.59805,13296606.0
2024-07-27 05:00:00,0.59805,0.59988,0.5965,0.59691,9719045.0
2024-07-27 06:00:00,0.59691,0.5995,0.5965,0.59874,6023430.0
2024-07-27 07:00:00,0.59874,0.60374,0.5985,0.60029,18935495.0
2024-07-27 08:00:00,0.60029,0.6029,0.59867,0.59969,21230462.0
2024-07-27 09:00:00,0.59969,0.60227,0.59924,0.60054,7990073.0
2024-07-27 10:00:00,0.60054,0.60105,0.59841,0.59968,12739098.0
2024-07-27 11:00:00,0.59968,0.60092,0.59691,0.60001,16985498.0
2024-07-27 12:00:00,0.60001,0.60196,0.5997,0.60112,11074760.0
2024-07-27 13:00:00,0.60112,0.60873,0.60091,0.60507,46634782.0
2024-07-27 14:00:00,0.60507,0.6068,0.6002,0.60171,39956596.0
2024-07-27 15:00:00,0.60171,0.6028,0.59487,0.59849,43221389.0
2024-07-27 16:00:00,0.59849,0.6003,0.59538,0.5959,15130447.0
2024-07-27 17:00:00,0.5959,0.59711,0.59359,0.59441,18760536.0
2024-07-27 18:00:00,0.59441,0.59789,0.59156,0.5928,16786392.0
2024-07-27 19:00:00,0.5928,0.59701,0.5887,0.59612,21819602.0
2024-07-27 20:00:00,0.59612,0.59752,0.58246,0.59356,181660101.0
2024-07-27 21:00:00,0.59356,0.60109,0.59127,0.60065,43626311.0
2024-07-27 22:00:00,0.60065,0.60122,0.59876,0.60027,13530241.0
2024-07-27 23:00:00,0.60027,0.60053,0.59467,0.59514,13005857.0
2024-07-28 00:00:00,0.59514,0.59583,0.59052,0.59352,22960162.0
2024-07-28 01:00:00,0.59352,0.59721,0.59241,0.59625,8576136.0
2024-07-28 02:00:00,0.59625,0.60101,0.59607,0.60051,14920484.0
2024-07-28 03:00:00,0.60051,0.60222,0.59865,0.59897,16977002.0
2024-07-28 04:00:00,0.59897,0.60194,0.59867,0.59927,21296097.0
2024-07-28 05:00:00,0.59927,0.60406,0.59522,0.60253,42359753.0
2024-07-28 06:00:00,0.60253,0.60334,0.59907,0.59966,14432317.0
2024-07-28 07:00:00,0.59966,0.60436,0.59947,0.60399,31510229.0
2024-07-28 08:00:00,0.60399,0.60937,0.60288,0.60844,48886757.0
2024-07-28 09:00:00,0.60844,0.61376,0.6065,0.60885,63948046.0
2024-07-28 10:00:00,0.60885,0.61071,0.60357,0.60455,47237640.0
2024-07-28 11:00:00,0.60455,0.60679,0.60206,0.60249,15589312.0
2024-07-28 12:00:00,0.60249,0.60427,0.60053,0.60227,22762389.0
2024-07-28 13:00:00,0.60227,0.60274,0.60024,0.60057,15357461.0
2024-07-28 14:00:00,0.60057,0.60107,0.59612,0.59975,29085170.0
2024-07-28 15:00:00,0.59975,0.60418,0.59944,0.60303,24902403.0
2024-07-28 16:00:00,0.60303,0.60346,0.60119,0.60232,9333711.0
2024-07-28 17:00:00,0.60232,0.60307,0.59862,0.60283,12716195.0
2024-07-28 18:00:00,0.60283,0.60493,0.60271,0.6033,13870466.0
2024-07-28 19:00:00,0.6033,0.60377,0.60126,0.60194,6471641.0
2024-07-28 20:00:00,0.60194,0.60255,0.59864,0.60037,15763742.0
2024-07-28 21:00:00,0.60037,0.60087,0.59724,0.59808,12735722.0
2024-07-28 22:00:00,0.59808,0.60047,0.5978,0.59851,8689748.0
2024-07-28 23:00:00,0.59851,0.60181,0.59824,0.60062,8413103.0
2024-07-29 00:00:00,0.60062,0.60378,0.59953,0.60137,17554882.0
2024-07-29 01:00:00,0.60137,0.60318,0.60097,0.60207,10466998.0
2024-07-29 02:00:00,0.60207,0.60667,0.60193,0.60523,20582303.0
2024-07-29 03:00:00,0.60523,0.6085,0.60523,0.60606,19089180.0
2024-07-29 04:00:00,0.60606,0.60737,0.60503,0.60651,14434444.0
2024-07-29 05:00:00,0.60651,0.6088,0.60537,0.60863,23674528.0
2024-07-29 06:00:00,0.60863,0.61093,0.60562,0.60576,36059257.0
2024-07-29 07:00:00,0.60576,0.61139,0.60561,0.60988,53654842.0
2024-07-29 08:00:00,0.60988,0.61222,0.60668,0.60786,31181415.0
2024-07-29 09:00:00,0.60786,0.60887,0.60468,0.60663,17535452.0
2024-07-29 10:00:00,0.60663,0.61017,0.60518,0.60837,73317101.0
2024-07-29 11:00:00,0.60837,0.61073,0.60743,0.60766,28477598.0
2024-07-29 12:00:00,0.60766,0.61051,0.60766,0.61028,12081208.0
2024-07-29 13:00:00,0.61028,0.61045,0.60361,0.60456,31558238.0
2024-07-29 14:00:00,0.60456,0.60524,0.5985,0.60016,50185817.0
2024-07-29 15:00:00,0.60016,0.60142,0.59334,0.59836,46988931.0
2024-07-29 16:00:00,0.59836,0.59845,0.5915,0.59559,25069886.0
2024-07-29 17:00:00,0.59559,0.6038,0.59439,0.60285,53612375.0
2024-07-29 18:00:00,0.60285,0.60375,0.60074,0.60306,8017832.0
2024-07-29 19:00:00,0.60306,0.60595,0.60156,0.605,9014964.0
2024-07-29 20:00:00,0.605,0.60927,0.60373,0.60476,26674013.0
2024-07-29 21:00:00,0.60476,0.60477,0.60101,0.60405,12952999.0
2024-07-29 22:00:00,0.60405,0.60448,0.60134,0.60167,10707699.0
2024-07-29 23:00:00,0.60167,0.60277,0.59903,0.60167,12258916.0
2024-07-30 00:00:00,0.60167,0.6044,0.59749,0.60226,21090247.0
2024-07-30 01:00:00,0.60226,0.60343,0.5965,0.59767,14617532.0
2024-07-30 02:00:00,0.59767,0.59942,0.59487,0.5989,22058074.0
2024-07-30 03:00:00,0.5989,0.60143,0.59848,0.59995,10016062.0
2024-07-30 04:00:00,0.59995,0.60193,0.59728,0.59922,20838180.0
2024-07-30 05:00:00,0.59922,0.59922,0.59651,0.59673,13318922.0
2024-07-30 06:00:00,0.59673,0.59821,0.59626,0.59687,11723873.0
2024-07-30 07:00:00,0.59687,0.60085,0.59641,0.59946,32860130.0
2024-07-30 08:00:00,0.59946,0.60023,0.59728,0.59753,14188046.0
2024-07-30 09:00:00,0.59753,0.60952,0.59695,0.60612,323294959.0
2024-07-30 10:00:00,0.60612,0.63723,0.60522,0.62341,394423264.0
2024-07-30 11:00:00,0.62341,0.63682,0.62066,0.62912,113916057.0
2024-07-30 12:00:00,0.62912,0.63581,0.62352,0.62505,90129541.0
2024-07-30 13:00:00,0.62505,0.63044,0.61664,0.61867,72493132.0
2024-07-30 14:00:00,0.61867,0.6222,0.61307,0.61388,101452362.0
2024-07-30 15:00:00,0.61388,0.61916,0.61107,0.61727,40208665.0
2024-07-30 16:00:00,0.61727,0.63247,0.61708,0.63006,131099137.0
2024-07-30 17:00:00,0.63006,0.63431,0.62444,0.62833,92782998.0
2024-07-30 18:00:00,0.62833,0.63572,0.62397,0.63222,53138744.0
2024-07-30 19:00:00,0.63222,0.63331,0.62306,0.62848,48920940.0
2024-07-30 20:00:00,0.62848,0.6288,0.61859,0.625,39200042.0
2024-07-30 21:00:00,0.625,0.62744,0.62,0.62556,17543684.0
2024-07-30 22:00:00,0.62556,0.63079,0.62433,0.63001,21143711.0
2024-07-30 23:00:00,0.63001,0.63021,0.62407,0.6272,26571003.0
2024-07-31 00:00:00,0.6272,0.6383,0.62492,0.63168,237324233.0
2024-07-31 01:00:00,0.63168,0.64915,0.63165,0.64898,116604044.0
2024-07-31 02:00:00,0.64898,0.65789,0.64542,0.65236,110679433.0
2024-07-31 03:00:00,0.65236,0.65529,0.64697,0.64892,46349332.0
2024-07-31 04:00:00,0.64892,0.6536,0.63858,0.6435,105224090.0
2024-07-31 05:00:00,0.6435,0.64415,0.63735,0.64209,78396135.0
2024-07-31 06:00:00,0.64209,0.64689,0.63805,0.64401,48823653.0
2024-07-31 07:00:00,0.64401,0.6487,0.64332,0.64586,63276100.0
2024-07-31 08:00:00,0.64586,0.64944,0.64238,0.64721,32639288.0
2024-07-31 09:00:00,0.64721,0.65155,0.64541,0.64871,33299668.0
2024-07-31 10:00:00,0.64871,0.64983,0.64375,0.64488,34782944.0
2024-07-31 11:00:00,0.64488,0.65464,0.64488,0.64931,276342658.0
2024-07-31 12:00:00,0.64931,0.6535,0.64635,0.65062,36167098.0
2024-07-31 13:00:00,0.65062,0.65231,0.644,0.64852,63336661.0
2024-07-31 14:00:00,0.64852,0.65508,0.64561,0.65241,75890487.0
2024-07-31 15:00:00,0.65241,0.6566,0.64952,0.65117,45939325.0
2024-07-31 16:00:00,0.65117,0.65363,0.62975,0.63617,172889857.0
2024-07-31 17:00:00,0.63617,0.64328,0.63126,0.63775,115218347.0
2024-07-31 18:00:00,0.63775,0.64567,0.63594,0.64241,43047185.0
2024-07-31 19:00:00,0.64241,0.64387,0.63062,0.63318,56961530.0
2024-07-31 20:00:00,0.63318,0.63326,0.62084,0.62342,141448734.0
2024-07-31 21:00:00,0.62342,0.63295,0.62269,0.63209,46297922.0
2024-07-31 22:00:00,0.63209,0.63471,0.62778,0.63379,25846625.0
2024-07-31 23:00:00,0.63379,0.63416,0.62187,0.6227,40328625.0
2024-08-01 00:00:00,0.6227,0.62973,0.62189,0.62772,31249180.0
2024-08-01 01:00:00,0.62772,0.62949,0.61822,0.62298,112903393.0
2024-08-01 02:00:00,0.62298,0.62298,0.61,0.61221,104730176.0
2024-08-01 03:00:00,0.61221,0.61374,0.6075,0.6113,59033583.0
2024-08-01 04:00:00,0.6113,0.6133,0.59565,0.60022,238893363.0
2024-08-01 05:00:00,0.60022,0.60884,0.59699,0.60629,46971394.0
2024-08-01 06:00:00,0.60629,0.61123,0.60453,0.60729,40048431.0
2024-08-01 07:00:00,0.60729,0.60994,0.6052,0.60801,37202170.0
2024-08-01 08:00:00,0.60801,0.61039,0.60628,0.60757,22161089.0
2024-08-01 09:00:00,0.60757,0.61044,0.60126,0.60245,61601732.0
2024-08-01 10:00:00,0.60245,0.60946,0.6009,0.60861,111638673.0
2024-08-01 11:00:00,0.60861,0.61099,0.60603,0.60976,25936177.0
2024-08-01 12:00:00,0.60976,0.6135,0.60865,0.61233,39885284.0
2024-08-01 13:00:00,0.61233,0.61243,0.60446,0.60703,46951711.0
2024-08-01 14:00:00,0.60703,0.60748,0.59157,0.59374,82076298.0
2024-08-01 15:00:00,0.59374,0.59527,0.58225,0.58527,187165287.0
2024-08-01 16:00:00,0.58527,0.58863,0.576,0.58606,239483456.0
2024-08-01 17:00:00,0.58606,0.58606,0.5748,0.58098,54943950.0
2024-08-01 18:00:00,0.58098,0.58098,0.56716,0.57657,96500390.0
2024-08-01 19:00:00,0.57657,0.58357,0.57605,0.58204,22953554.0
2024-08-01 20:00:00,0.58204,0.58948,0.57765,0.58865,35478320.0
2024-08-01 21:00:00,0.58865,0.5965,0.58595,0.59223,35059185.0
2024-08-01 22:00:00,0.59223,0.59852,0.59163,0.59809,28331237.0
2024-08-01 23:00:00,0.59809,0.59957,0.59493,0.59598,17337097.0
2024-08-02 00:00:00,0.59598,0.59628,0.58757,0.58775,35593189.0
2024-08-02 01:00:00,0.58775,0.59028,0.5859,0.58665,22764799.0
2024-08-02 02:00:00,0.58665,0.58931,0.57944,0.58091,32196871.0
2024-08-02 03:00:00,0.58091,0.58827,0.58068,0.58754,17893220.0
2024-08-02 04:00:00,0.58754,0.58827,0.57915,0.58174,72984823.0
2024-08-02 05:00:00,0.58174,0.58194,0.5718,0.57346,52054498.0
2024-08-02 06:00:00,0.57346,0.5748,0.55688,0.56512,141602072.0
2024-08-02 07:00:00,0.56512,0.57507,0.56076,0.57254,97364006.0
2024-08-02 08:00:00,0.57254,0.57415,0.5663,0.57408,44241719.0
2024-08-02 09:00:00,0.57408,0.57842,0.57158,0.57563,28025321.0
2024-08-02 10:00:00,0.57563,0.57795,0.57155,0.576,24399057.0
2024-08-02 11:00:00,0.576,0.57795,0.57282,0.57337,22893845.0
2024-08-02 12:00:00,0.57337,0.57624,0.56676,0.57303,132845501.0
2024-08-02 13:00:00,0.57303,0.58047,0.56811,0.57573,50554025.0
2024-08-02 14:00:00,0.57573,0.57837,0.55775,0.55979,65185190.0
2024-08-02 15:00:00,0.55979,0.56314,0.54572,0.56122,220862282.0
2024-08-02 16:00:00,0.56122,0.56215,0.55379,0.56039,32006290.0
2024-08-02 17:00:00,0.56039,0.5659,0.55904,0.56066,20112420.0
2024-08-02 18:00:00,0.56066,0.56574,0.55761,0.56222,13414579.0
2024-08-02 19:00:00,0.56222,0.56483,0.55886,0.56221,15393413.0
2024-08-02 20:00:00,0.56221,0.57253,0.56213,0.57072,35354544.0
2024-08-02 21:00:00,0.57072,0.57072,0.55807,0.56465,36154394.0
2024-08-02 22:00:00,0.56465,0.5675,0.55896,0.5605,18986972.0
2024-08-02 23:00:00,0.5605,0.56377,0.55801,0.56011,14978246.0
2024-08-03 00:00:00,0.56011,0.56395,0.549,0.55231,51073692.0
2024-08-03 01:00:00,0.55231,0.5581,0.54252,0.55711,75799812.0
2024-08-03 02:00:00,0.55711,0.56384,0.55672,0.55998,33079003.0
2024-08-03 03:00:00,0.55998,0.56452,0.55823,0.56325,18953001.0
2024-08-03 04:00:00,0.56325,0.57015,0.56119,0.567,38162118.0
2024-08-03 05:00:00,0.567,0.57333,0.567,0.57313,33260609.0
2024-08-03 06:00:00,0.57313,0.57494,0.57028,0.57214,33165126.0
2024-08-03 07:00:00,0.57214,0.57687,0.57201,0.57544,41102559.0
2024-08-03 08:00:00,0.57544,0.57544,0.56374,0.56909,68680882.0
2024-08-03 09:00:00,0.56909,0.57062,0.56549,0.57029,25970263.0
2024-08-03 10:00:00,0.57029,0.57029,0.5656,0.56775,16322291.0
2024-08-03 11:00:00,0.56775,0.57389,0.56587,0.56978,31058939.0
2024-08-03 12:00:00,0.56978,0.57281,0.5666,0.5685,27584411.0
2024-08-03 13:00:00,0.5685,0.57091,0.56658,0.57031,24217574.0
2024-08-03 14:00:00,0.57031,0.57249,0.56626,0.56744,26238441.0
2024-08-03 15:00:00,0.56744,0.56785,0.55473,0.55587,58656096.0
2024-08-03 16:00:00,0.55587,0.56604,0.55277,0.56149,90606804.0
2024-08-03 17:00:00,0.56149,0.56218,0.54895,0.55053,47092363.0
2024-08-03 18:00:00,0.55053,0.55379,0.54497,0.54903,32810834.0
2024-08-03 19:00:00,0.54903,0.55214,0.54155,0.54212,34242416.0
2024-08-03 20:00:00,0.54212,0.55134,0.53976,0.54797,40366044.0
2024-08-03 21:00:00,0.54797,0.55664,0.54541,0.55557,24847917.0
2024-08-03 22:00:00,0.55557,0.55574,0.55119,0.55461,13599577.0
2024-08-03 23:00:00,0.55461,0.55814,0.55237,0.55548,10700777.0
2024-08-04 00:00:00,0.55548,0.55671,0.5515,0.55582,11144662.0
2024-08-04 01:00:00,0.55582,0.55633,0.54971,0.55394,17723427.0
2024-08-04 02:00:00,0.55394,0.55873,0.55339,0.55565,20444773.0
2024-08-04 03:00:00,0.55565,0.55712,0.55412,0.5564,6014434.0
2024-08-04 04:00:00,0.5564,0.55834,0.55424,0.55482,9316942.0
2024-08-04 05:00:00,0.55482,0.55691,0.55366,0.55577,10817270.0
2024-08-04 06:00:00,0.55577,0.55679,0.55317,0.55413,5590701.0
2024-08-04 07:00:00,0.55413,0.55447,0.54569,0.54742,31096146.0
2024-08-04 08:00:00,0.54742,0.55109,0.54326,0.54873,31682250.0
2024-08-04 09:00:00,0.54873,0.55056,0.54691,0.54761,11975528.0
2024-08-04 10:00:00,0.54761,0.5497,0.54444,0.549,25069660.0
2024-08-04 11:00:00,0.549,0.55019,0.54136,0.54328,32366763.0
2024-08-04 12:00:00,0.54328,0.5492,0.54,0.54841,41542885.0
2024-08-04 13:00:00,0.54841,0.5492,0.5439,0.5439,17163240.0
2024-08-04 14:00:00,0.5439,0.54484,0.5265,0.53029,138262703.0
2024-08-04 15:00:00,0.53029,0.53035,0.52488,0.52799,62655440.0
2024-08-04 16:00:00,0.52799,0.53319,0.52133,0.52267,54332918.0
2024-08-04 17:00:00,0.52267,0.52653,0.5128,0.52402,99726793.0
2024-08-04 18:00:00,0.52402,0.53009,0.51872,0.52933,49221291.0
2024-08-04 19:00:00,0.52933,0.53702,0.52567,0.53534,29901933.0
2024-08-04 20:00:00,0.53534,0.5395,0.52917,0.53358,33677396.0
2024-08-04 21:00:00,0.53358,0.53364,0.52683,0.52783,15975720.0
2024-08-04 22:00:00,0.52783,0.53348,0.52615,0.52813,17587020.0
2024-08-04 23:00:00,0.52813,0.52899,0.52187,0.52235,37696766.0
2024-08-05 00:00:00,0.52235,0.5253,0.49066,0.49666,239097699.0
2024-08-05 01:00:00,0.49666,0.49841,0.44824,0.47425,958819204.0
2024-08-05 02:00:00,0.47425,0.47837,0.46345,0.4774,138762730.0
2024-08-05 03:00:00,0.4774,0.478,0.46775,0.4725,45879686.0
2024-08-05 04:00:00,0.4725,0.48047,0.47156,0.47653,50674133.0
2024-08-05 05:00:00,0.47653,0.47759,0.45993,0.46779,148560299.0
2024-08-05 06:00:00,0.46779,0.46981,0.4334,0.45539,629918217.0
2024-08-05 07:00:00,0.45539,0.47477,0.45285,0.46871,89875003.0
2024-08-05 08:00:00,0.46871,0.47124,0.46061,0.46531,38736242.0
2024-08-05 09:00:00,0.46531,0.4693,0.45807,0.46428,42882306.0
2024-08-05 10:00:00,0.46428,0.4653,0.44718,0.45103,85884827.0
2024-08-05 11:00:00,0.45103,0.45257,0.43749,0.45129,156648112.0
2024-08-05 12:00:00,0.45129,0.4559,0.43795,0.44027,134194740.0
2024-08-05 13:00:00,0.44027,0.46712,0.43125,0.46454,257933478.0
2024-08-05 14:00:00,0.46454,0.48613,0.46452,0.4822,186241617.0
2024-08-05 15:00:00,0.4822,0.4926,0.4767,0.48834,65975822.0
2024-08-05 16:00:00,0.48834,0.49825,0.48481,0.48524,61887918.0
2024-08-05 17:00:00,0.48524,0.49394,0.48315,0.49058,25126513.0
2024-08-05 18:00:00,0.49058,0.4916,0.47333,0.47382,28374745.0
2024-08-05 19:00:00,0.47382,0.48197,0.47214,0.47896,33168535.0
2024-08-05 20:00:00,0.47896,0.49042,0.47873,0.49037,36736804.0
2024-08-05 21:00:00,0.49037,0.49776,0.48707,0.48981,29152744.0
2024-08-05 22:00:00,0.48981,0.49704,0.48887,0.49529,24422467.0
2024-08-05 23:00:00,0.49529,0.4996,0.48739,0.48814,16442887.0
2024-08-06 00:00:00,0.48814,0.51331,0.48703,0.51194,61545568.0
2024-08-06 01:00:00,0.51194,0.51563,0.50479,0.5101,42586684.0
2024-08-06 02:00:00,0.5101,0.51256,0.50736,0.51019,15380870.0
2024-08-06 03:00:00,0.51019,0.51318,0.50869,0.51092,13324477.0
2024-08-06 04:00:00,0.51092,0.51169,0.50507,0.50864,24412500.0
2024-08-06 05:00:00,0.50864,0.5148,0.50654,0.51393,18634916.0
2024-08-06 06:00:00,0.51393,0.51777,0.5114,0.51396,31899404.0
2024-08-06 07:00:00,0.51396,0.51873,0.51011,0.51615,60713624.0
2024-08-06 08:00:00,0.51615,0.51615,0.50027,0.50301,87852208.0
2024-08-06 09:00:00,0.50301,0.50344,0.4984,0.50166,28538779.0
2024-08-06 10:00:00,0.50166,0.50254,0.49699,0.49962,17676937.0
2024-08-06 11:00:00,0.49962,0.50562,0.49686,0.50281,46033369.0
2024-08-06 12:00:00,0.50281,0.50658,0.49833,0.49921,27050227.0
2024-08-06 13:00:00,0.49921,0.50342,0.49394,0.50067,51318133.0
2024-08-06 14:00:00,0.50067,0.5175,0.50058,0.51186,60142110.0
2024-08-06 15:00:00,0.51186,0.51479,0.50319,0.51059,33596217.0
2024-08-06 16:00:00,0.51059,0.51718,0.50811,0.51535,67346374.0
2024-08-06 17:00:00,0.51535,0.5166,0.51047,0.51055,19296120.0
2024-08-06 18:00:00,0.51055,0.51594,0.51035,0.51348,11140283.0
2024-08-06 19:00:00,0.51348,0.5168,0.51018,0.51149,33973525.0
2024-08-06 20:00:00,0.51149,0.51258,0.50723,0.50959,14249974.0
2024-08-06 21:00:00,0.50959,0.51033,0.50569,0.50938,7380993.0
2024-08-06 22:00:00,0.50938,0.51477,0.50422,0.50702,36368662.0
2024-08-06 23:00:00,0.50702,0.50816,0.50273,0.50532,14068166.0
2024-08-07 00:00:00,0.50532,0.50747,0.5,0.50546,24534465.0
2024-08-07 01:00:00,0.50546,0.51132,0.49954,0.51099,22429634.0
2024-08-07 02:00:00,0.51099,0.51532,0.50714,0.51057,40884576.0
2024-08-07 03:00:00,0.51057,0.5167,0.51057,0.51455,48542695.0
2024-08-07 04:00:00,0.51455,0.51876,0.51335,0.51427,49754650.0
2024-08-07 05:00:00,0.51427,0.51572,0.51057,0.51084,22494145.0
2024-08-07 06:00:00,0.51084,0.51332,0.50974,0.51117,19470877.0
2024-08-07 07:00:00,0.51117,0.51525,0.50904,0.51251,25521586.0
2024-08-07 08:00:00,0.51251,0.51595,0.5125,0.51534,11204922.0
2024-08-07 09:00:00,0.51534,0.51833,0.51392,0.51454,25218964.0
2024-08-07 10:00:00,0.51454,0.51906,0.51399,0.51436,20051855.0
2024-08-07 11:00:00,0.51436,0.5173,0.51149,0.51363,37827818.0
2024-08-07 12:00:00,0.51363,0.51677,0.51215,0.51556,15328267.0
2024-08-07 13:00:00,0.51556,0.51668,0.5058,0.50784,61156191.0
2024-08-07 14:00:00,0.50784,0.50873,0.49175,0.49809,68984224.0
2024-08-07 15:00:00,0.49809,0.50246,0.49608,0.49927,28166454.0
2024-08-07 16:00:00,0.49927,0.50437,0.49684,0.50283,29834218.0
2024-08-07 17:00:00,0.50283,0.50531,0.49871,0.50224,13271633.0
2024-08-07 18:00:00,0.50224,0.50629,0.49824,0.49924,23543933.0
2024-08-07 19:00:00,0.49924,0.53809,0.49919,0.53301,989314599.0
2024-08-07 20:00:00,0.53301,0.63954,0.51339,0.60112,4748219529.0
2024-08-07 21:00:00,0.60112,0.64329,0.59091,0.62577,1449426079.0
2024-08-07 22:00:00,0.62577,0.63517,0.59753,0.61296,619746650.0
2024-08-07 23:00:00,0.61296,0.61486,0.595,0.59973,168341461.0
2024-08-08 00:00:00,0.59973,0.60285,0.57795,0.58392,237953263.0
2024-08-08 01:00:00,0.58392,0.61128,0.58242,0.60617,283196318.0
2024-08-08 02:00:00,0.60617,0.61924,0.602,0.61748,66653666.0
2024-08-08 03:00:00,0.61748,0.62344,0.60991,0.61007,66755493.0
2024-08-08 04:00:00,0.61007,0.61683,0.59405,0.59511,155752413.0
2024-08-08 05:00:00,0.59511,0.60677,0.5942,0.60483,85427500.0
2024-08-08 06:00:00,0.60483,0.60964,0.59956,0.60516,47665807.0
2024-08-08 07:00:00,0.60516,0.60763,0.59569,0.60512,103692479.0
2024-08-08 08:00:00,0.60512,0.61964,0.60435,0.61811,90677702.0
2024-08-08 09:00:00,0.61811,0.62257,0.60767,0.61322,113823758.0
2024-08-08 10:00:00,0.61322,0.61782,0.60731,0.61524,70042845.0
2024-08-08 11:00:00,0.61524,0.62092,0.61218,0.61426,50502377.0
2024-08-08 12:00:00,0.61426,0.61975,0.60477,0.61323,158998533.0
2024-08-08 13:00:00,0.61323,0.61696,0.59915,0.60192,93075527.0
2024-08-08 14:00:00,0.60192,0.61318,0.60123,0.61021,59399793.0
2024-08-08 15:00:00,0.61021,0.61785,0.60804,0.61247,47059135.0
2024-08-08 16:00:00,0.61247,0.61951,0.60664,0.61666,55292350.0
2024-08-08 17:00:00,0.61666,0.6268,0.61555,0.62112,107686733.0
2024-08-08 18:00:00,0.62112,0.62794,0.61819,0.6258,62249625.0
2024-08-08 19:00:00,0.6258,0.64188,0.61831,0.62103,121020687.0
2024-08-08 20:00:00,0.62103,0.62199,0.6108,0.61169,79890147.0
2024-08-08 21:00:00,0.61169,0.61477,0.60552,0.61266,76161081.0
2024-08-08 22:00:00,0.61266,0.61416,0.60619,0.61137,47641263.0
2024-08-08 23:00:00,0.61137,0.62133,0.61137,0.61629,64523085.0
2024-08-09 00:00:00,0.61629,0.61891,0.6094,0.61143,40860533.0
2024-08-09 01:00:00,0.61143,0.61474,0.60798,0.61427,29858782.0
2024-08-09 02:00:00,0.61427,0.62394,0.61345,0.61612,43977195.0
2024-08-09 03:00:00,0.61612,0.61847,0.613,0.61476,23857054.0
2024-08-09 04:00:00,0.61476,0.61667,0.5995,0.6004,119888637.0
2024-08-09 05:00:00,0.6004,0.6073,0.596,0.6069,69973320.0
2024-08-09 06:00:00,0.6069,0.6079,0.5998,0.6013,32551300.0
2024-08-09 07:00:00,0.6013,0.605,0.6006,0.6025,34135251.0
2024-08-09 08:00:00,0.6025,0.605,0.6008,0.6046,15153579.0
2024-08-09 09:00:00,0.6046,0.6049,0.5811,0.5869,184581989.0
2024-08-09 10:00:00,0.5869,0.5909,0.5826,0.5881,79812029.0
2024-08-09 11:00:00,0.5881,0.5893,0.583,0.5869,38140260.0
2024-08-09 12:00:00,0.5869,0.5888,0.5782,0.5831,63197504.0
2024-08-09 13:00:00,0.5831,0.586,0.5666,0.575,156386438.0
2024-08-09 14:00:00,0.575,0.5829,0.5685,0.5783,91683600.0
2024-08-09 15:00:00,0.5783,0.5812,0.57,0.5729,32471435.0
2024-08-09 16:00:00,0.5729,0.5849,0.5712,0.578,64303442.0
2024-08-09 17:00:00,0.578,0.5809,0.5748,0.5757,23499899.0
2024-08-09 18:00:00,0.5757,0.5797,0.572,0.5796,22221102.0
2024-08-09 19:00:00,0.5796,0.583,0.5772,0.5807,20973309.0
2024-08-09 20:00:00,0.5807,0.5817,0.5755,0.5787,19918837.0
2024-08-09 21:00:00,0.5787,0.5805,0.5731,0.5784,19641285.0
2024-08-09 22:00:00,0.5784,0.5824,0.5762,0.5811,11727224.0
2024-08-09 23:00:00,0.5811,0.582,0.5768,0.5806,8289387.0
2024-08-10 00:00:00,0.5806,0.587,0.5775,0.5796,35527408.0
2024-08-10 01:00:00,0.5796,0.5838,0.5789,0.5796,17111848.0
2024-08-10 02:00:00,0.5796,0.5837,0.579,0.5835,9232819.0
2024-08-10 03:00:00,0.5835,0.5938,0.5814,0.5888,63610270.0
2024-08-10 04:00:00,0.5888,0.5916,0.5842,0.587,25816077.0
2024-08-10 05:00:00,0.587,0.5877,0.5834,0.5842,14814666.0
2024-08-10 06:00:00,0.5842,0.5893,0.5832,0.5877,14402346.0
2024-08-10 07:00:00,0.5877,0.5883,0.5838,0.5858,13411771.0
2024-08-10 08:00:00,0.5858,0.5879,0.5842,0.5862,13249032.0
2024-08-10 09:00:00,0.5862,0.5878,0.5841,0.5857,19339860.0
2024-08-10 10:00:00,0.5857,0.5905,0.5852,0.5869,20113450.0
2024-08-10 11:00:00,0.5869,0.5899,0.5862,0.5888,20247652.0
2024-08-10 12:00:00,0.5888,0.6016,0.5883,0.6,86572275.0
2024-08-10 13:00:00,0.6,0.6013,0.5921,0.5933,60784953.0
2024-08-10 14:00:00,0.5933,0.5993,0.5927,0.5962,31851214.0
2024-08-10 15:00:00,0.5962,0.6011,0.5936,0.5966,24252042.0
2024-08-10 16:00:00,0.5966,0.6004,0.5927,0.5949,32277120.0
2024-08-10 17:00:00,0.5949,0.5977,0.5938,0.5955,11600426.0
2024-08-10 18:00:00,0.5955,0.5961,0.5871,0.5933,32056686.0
2024-08-10 19:00:00,0.5933,0.5949,0.589,0.5906,11323892.0
2024-08-10 20:00:00,0.5906,0.5947,0.5904,0.5946,9731066.0
2024-08-10 21:00:00,0.5946,0.5952,0.5875,0.5901,16212676.0
2024-08-10 22:00:00,0.5901,0.5901,0.5843,0.5867,21166642.0
2024-08-10 23:00:00,0.5867,0.587,0.581,0.5836,18377510.0
2024-08-11 00:00:00,0.5836,0.59,0.5821,0.5886,12838631.0
2024-08-11 01:00:00,0.5886,0.5906,0.5867,0.5905,11416524.0
2024-08-11 02:00:00,0.5905,0.5929,0.5891,0.5897,13906289.0
2024-08-11 03:00:00,0.5897,0.5923,0.5881,0.5886,10977116.0
2024-08-11 04:00:00,0.5886,0.5897,0.5854,0.5866,12563579.0
2024-08-11 05:00:00,0.5866,0.5906,0.5864,0.5897,9716444.0
2024-08-11 06:00:00,0.5897,0.5925,0.5892,0.5902,16851304.0
2024-08-11 07:00:00,0.5902,0.5916,0.5888,0.5911,10157308.0
2024-08-11 08:00:00,0.5911,0.5925,0.589,0.5895,9329718.0
2024-08-11 09:00:00,0.5895,0.592,0.5754,0.5797,90567475.0
2024-08-11 10:00:00,0.5797,0.5824,0.577,0.5797,27385794.0
2024-08-11 11:00:00,0.5797,0.5809,0.5728,0.5757,44391202.0
2024-08-11 12:00:00,0.5757,0.5758,0.5671,0.5747,57982662.0
2024-08-11 13:00:00,0.5747,0.575,0.5694,0.573,37614102.0
2024-08-11 14:00:00,0.573,0.5749,0.5632,0.567,46871202.0
2024-08-11 15:00:00,0.567,0.5692,0.5621,0.5661,44647606.0
2024-08-11 16:00:00,0.5661,0.5704,0.5648,0.5684,14708966.0
2024-08-11 17:00:00,0.5684,0.5708,0.5662,0.5697,13633829.0
2024-08-11 18:00:00,0.5697,0.5705,0.5677,0.5685,5800687.0
2024-08-11 19:00:00,0.5685,0.5685,0.5577,0.5588,52508367.0
2024-08-11 20:00:00,0.5588,0.5592,0.5499,0.5516,91167475.0
2024-08-11 21:00:00,0.5516,0.5564,0.5483,0.5548,39429672.0
2024-08-11 22:00:00,0.5548,0.5561,0.5447,0.5513,50643817.0
2024-08-11 23:00:00,0.5513,0.5534,0.5478,0.5521,24830557.0
2024-08-12 00:00:00,0.5521,0.5573,0.5494,0.5548,36968903.0
2024-08-12 01:00:00,0.5548,0.5607,0.5536,0.5597,28313853.0
2024-08-12 02:00:00,0.5597,0.5612,0.5573,0.5601,17075043.0
2024-08-12 03:00:00,0.5601,0.5656,0.5579,0.5634,28305503.0
2024-08-12 04:00:00,0.5634,0.5648,0.5589,0.5589,14209336.0
2024-08-12 05:00:00,0.5589,0.5644,0.5586,0.5627,16124160.0
2024-08-12 06:00:00,0.5627,0.5636,0.5606,0.5617,16503483.0
2024-08-12 07:00:00,0.5617,0.5703,0.5561,0.5673,49481490.0
2024-08-12 08:00:00,0.5673,0.5764,0.5672,0.5704,70312355.0
2024-08-12 09:00:00,0.5704,0.5751,0.5683,0.5695,29019311.0
2024-08-12 10:00:00,0.5695,0.5741,0.5661,0.5729,61239743.0
2024-08-12 11:00:00,0.5729,0.5797,0.5726,0.5759,38299588.0
2024-08-12 12:00:00,0.5759,0.5765,0.5721,0.5751,55249584.0
2024-08-12 13:00:00,0.5751,0.5764,0.5572,0.56,127467367.0
2024-08-12 14:00:00,0.56,0.5772,0.5545,0.5743,110794676.0
2024-08-12 15:00:00,0.5743,0.5765,0.5648,0.5708,63805423.0
2024-08-12 16:00:00,0.5708,0.5785,0.5687,0.5714,73093450.0
2024-08-12 17:00:00,0.5714,0.5744,0.5689,0.5693,13355725.0
2024-08-12 18:00:00,0.5693,0.5706,0.56,0.5619,45551394.0
2024-08-12 19:00:00,0.5619,0.5705,0.5619,0.5687,18409653.0
2024-08-12 20:00:00,0.5687,0.5696,0.5637,0.5646,42106094.0
2024-08-12 21:00:00,0.5646,0.5658,0.5595,0.5639,20493203.0
2024-08-12 22:00:00,0.5639,0.5678,0.5638,0.5654,12088228.0
2024-08-12 23:00:00,0.5654,0.572,0.5651,0.5679,19206590.0
2024-08-13 00:00:00,0.5679,0.5716,0.5661,0.5703,14962193.0
2024-08-13 01:00:00,0.5703,0.5719,0.5676,0.5711,11965993.0
2024-08-13 02:00:00,0.5711,0.5713,0.5649,0.5697,23884069.0
2024-08-13 03:00:00,0.5697,0.5716,0.5627,0.5647,30860302.0
2024-08-13 04:00:00,0.5647,0.5662,0.5621,0.5659,11847197.0
2024-08-13 05:00:00,0.5659,0.5674,0.5643,0.565,11683435.0
2024-08-13 06:00:00,0.565,0.569,0.5629,0.5684,19975779.0
2024-08-13 07:00:00,0.5684,0.573,0.5673,0.5724,39696997.0
2024-08-13 08:00:00,0.5724,0.5746,0.5687,0.5724,29828752.0
2024-08-13 09:00:00,0.5724,0.5725,0.5658,0.568,24614919.0
2024-08-13 10:00:00,0.568,0.5784,0.5646,0.5752,64203027.0
2024-08-13 11:00:00,0.5752,0.5773,0.5727,0.5749,22309842.0
2024-08-13 12:00:00,0.5749,0.578,0.5714,0.5751,32890031.0
2024-08-13 13:00:00,0.5751,0.578,0.5676,0.5708,71373133.0
2024-08-13 14:00:00,0.5708,0.5742,0.5648,0.5723,37478401.0
2024-08-13 15:00:00,0.5723,0.5762,0.5706,0.5733,20467907.0
2024-08-13 16:00:00,0.5733,0.5807,0.5723,0.5789,37526993.0
2024-08-13 17:00:00,0.5789,0.5831,0.5774,0.5822,16143562.0
2024-08-13 18:00:00,0.5822,0.5828,0.5774,0.5806,9814796.0
2024-08-13 19:00:00,0.5806,0.5812,0.5754,0.5772,17230625.0
2024-08-13 20:00:00,0.5772,0.578,0.5725,0.5758,17010535.0
2024-08-13 21:00:00,0.5758,0.5788,0.5737,0.5786,9677779.0
2024-08-13 22:00:00,0.5786,0.5795,0.5751,0.5759,11258718.0
2024-08-13 23:00:00,0.5759,0.5772,0.5735,0.5762,11224177.0
2024-08-14 00:00:00,0.5762,0.5774,0.5741,0.5748,10909304.0
2024-08-14 01:00:00,0.5748,0.5749,0.5704,0.5719,16853580.0
2024-08-14 02:00:00,0.5719,0.5807,0.5711,0.5791,21939558.0
2024-08-14 03:00:00,0.5791,0.5797,0.5772,0.5789,10555947.0
2024-08-14 04:00:00,0.5789,0.5807,0.5758,0.5772,21650934.0
2024-08-14 05:00:00,0.5772,0.5797,0.5764,0.5771,12046774.0
2024-08-14 06:00:00,0.5771,0.5784,0.5746,0.5775,14635590.0
2024-08-14 07:00:00,0.5775,0.5778,0.5739,0.5758,17332255.0
2024-08-14 08:00:00,0.5758,0.577,0.5743,0.5769,7568386.0
2024-08-14 09:00:00,0.5769,0.5772,0.5744,0.5753,7877206.0
2024-08-14 10:00:00,0.5753,0.582,0.5753,0.5792,24220530.0
2024-08-14 11:00:00,0.5792,0.5806,0.5761,0.5789,15232839.0
2024-08-14 12:00:00,0.5789,0.5819,0.5748,0.5767,50944701.0
2024-08-14 13:00:00,0.5767,0.5795,0.5665,0.5681,75826994.0
2024-08-14 14:00:00,0.5681,0.5742,0.5634,0.5728,53550104.0
2024-08-14 15:00:00,0.5728,0.5751,0.5713,0.5734,15597114.0
2024-08-14 16:00:00,0.5734,0.5751,0.5681,0.5711,45331812.0
2024-08-14 17:00:00,0.5711,0.5718,0.5694,0.5714,11692479.0
2024-08-14 18:00:00,0.5714,0.5714,0.5673,0.5699,8767018.0
2024-08-14 19:00:00,0.5699,0.5722,0.5659,0.567,7534417.0
2024-08-14 20:00:00,0.567,0.5692,0.5653,0.5689,18801558.0
2024-08-14 21:00:00,0.5689,0.5694,0.5666,0.5676,7381851.0
2024-08-14 22:00:00,0.5676,0.5686,0.5645,0.5679,9236308.0
2024-08-14 23:00:00,0.5679,0.5696,0.5677,0.5682,6882882.0
2024-08-15 00:00:00,0.5682,0.5713,0.5678,0.5704,7558600.0
2024-08-15 01:00:00,0.5704,0.5708,0.5671,0.5684,10249849.0
2024-08-15 02:00:00,0.5684,0.5734,0.5665,0.5719,34243700.0
2024-08-15 03:00:00,0.5719,0.5721,0.5706,0.5717,3829049.0
2024-08-15 04:00:00,0.5717,0.5719,0.5651,0.5685,17595796.0
2024-08-15 05:00:00,0.5685,0.5691,0.5648,0.5654,10588908.0
2024-08-15 06:00:00,0.5654,0.5661,0.5613,0.5644,23960369.0
2024-08-15 07:00:00,0.5644,0.5662,0.5624,0.5658,14416043.0
2024-08-15 08:00:00,0.5658,0.5667,0.5629,0.5652,12451345.0
2024-08-15 09:00:00,0.5652,0.5671,0.5632,0.5644,12818471.0
2024-08-15 10:00:00,0.5644,0.5672,0.5617,0.5663,19384718.0
2024-08-15 11:00:00,0.5663,0.5697,0.5662,0.5691,9485625.0
2024-08-15 12:00:00,0.5691,0.5717,0.5668,0.5675,20623875.0
2024-08-15 13:00:00,0.5675,0.5707,0.5655,0.5689,23973907.0
2024-08-15 14:00:00,0.5689,0.571,0.5676,0.5693,17134402.0
2024-08-15 15:00:00,0.5693,0.5728,0.568,0.571,22520552.0
2024-08-15 16:00:00,0.571,0.5719,0.5676,0.5708,22227864.0
2024-08-15 17:00:00,0.5708,0.5708,0.5639,0.5647,14396338.0
2024-08-15 18:00:00,0.5647,0.5648,0.5525,0.561,90414516.0
2024-08-15 19:00:00,0.561,0.561,0.5526,0.5558,19553681.0
2024-08-15 20:00:00,0.5558,0.5563,0.5501,0.5562,19485168.0
2024-08-15 21:00:00,0.5562,0.5584,0.5544,0.557,14114315.0
2024-08-15 22:00:00,0.557,0.5615,0.5545,0.5601,8120105.0
2024-08-15 23:00:00,0.5601,0.5618,0.5593,0.56,4618278.0
2024-08-16 00:00:00,0.56,0.562,0.5589,0.5593,6230916.0
2024-08-16 01:00:00,0.5593,0.5602,0.5573,0.5595,6443364.0
2024-08-16 02:00:00,0.5595,0.5663,0.5589,0.5658,18714817.0
2024-08-16 03:00:00,0.5658,0.568,0.5615,0.5619,10773274.0
2024-08-16 04:00:00,0.5619,0.5649,0.5592,0.5645,12994141.0
2024-08-16 05:00:00,0.5645,0.5665,0.5637,0.5654,5982233.0
2024-08-16 06:00:00,0.5654,0.569,0.5641,0.5686,7570457.0
2024-08-16 07:00:00,0.5686,0.5687,0.5656,0.5669,7391301.0
2024-08-16 08:00:00,0.5669,0.5707,0.5667,0.5671,17647341.0
2024-08-16 09:00:00,0.5671,0.5696,0.5663,0.5687,6333686.0
2024-08-16 10:00:00,0.5687,0.5688,0.5667,0.5681,7363283.0
2024-08-16 11:00:00,0.5681,0.5682,0.5638,0.5656,14187672.0
2024-08-16 12:00:00,0.5656,0.5673,0.5559,0.5568,40041086.0
2024-08-16 13:00:00,0.5568,0.5649,0.5553,0.5601,25169985.0
2024-08-16 14:00:00,0.5601,0.5632,0.5555,0.5571,14588749.0
2024-08-16 15:00:00,0.5571,0.5591,0.5528,0.5576,17126335.0
2024-08-16 16:00:00,0.5576,0.5639,0.5562,0.5622,20278448.0
2024-08-16 17:00:00,0.5622,0.5653,0.5562,0.5643,19247767.0
2024-08-16 18:00:00,0.5643,0.5671,0.5631,0.5661,9413163.0
2024-08-16 19:00:00,0.5661,0.5683,0.5638,0.566,5271869.0
2024-08-16 20:00:00,0.566,0.5676,0.565,0.566,8056863.0
2024-08-16 21:00:00,0.566,0.5671,0.5621,0.5636,11077613.0
2024-08-16 22:00:00,0.5636,0.5648,0.5629,0.5636,2791640.0
2024-08-16 23:00:00,0.5636,0.5649,0.5628,0.5632,6011270.0
2024-08-17 00:00:00,0.5632,0.5635,0.5604,0.5633,12353161.0
2024-08-17 01:00:00,0.5633,0.5644,0.5622,0.5634,3744008.0
2024-08-17 02:00:00,0.5634,0.5646,0.5621,0.5628,3066242.0
2024-08-17 03:00:00,0.5628,0.5632,0.5613,0.5626,6792522.0
2024-08-17 04:00:00,0.5626,0.5644,0.5619,0.5638,5295546.0
2024-08-17 05:00:00,0.5638,0.5651,0.5633,0.5645,5376481.0
2024-08-17 06:00:00,0.5645,0.5655,0.5633,0.5642,7869479.0
2024-08-17 07:00:00,0.5642,0.5646,0.563,0.5642,2772301.0
2024-08-17 08:00:00,0.5642,0.5646,0.5626,0.5637,2997648.0
2024-08-17 09:00:00,0.5637,0.5643,0.562,0.5632,6303185.0
2024-08-17 10:00:00,0.5632,0.564,0.5619,0.5626,3742745.0
2024-08-17 11:00:00,0.5626,0.5648,0.5619,0.5644,8303196.0
2024-08-17 12:00:00,0.5644,0.5667,0.5638,0.565,15507196.0
2024-08-17 13:00:00,0.565,0.5667,0.5645,0.5652,5838427.0
2024-08-17 14:00:00,0.5652,0.568,0.565,0.5678,12066358.0
2024-08-17 15:00:00,0.5678,0.5685,0.566,0.5661,12702508.0
2024-08-17 16:00:00,0.5661,0.5705,0.5661,0.5697,6680040.0
2024-08-17 17:00:00,0.5697,0.5705,0.5674,0.5674,7111934.0
2024-08-17 18:00:00,0.5674,0.5685,0.5663,0.5682,5523293.0
2024-08-17 19:00:00,0.5682,0.5685,0.5662,0.5668,4680194.0
2024-08-17 20:00:00,0.5668,0.5673,0.5653,0.5657,6545089.0
2024-08-17 21:00:00,0.5657,0.566,0.5637,0.5648,7280736.0
2024-08-17 22:00:00,0.5648,0.5659,0.5647,0.5652,6016394.0
2024-08-17 23:00:00,0.5652,0.5661,0.5645,0.566,2894318.0
2024-08-18 00:00:00,0.566,0.5671,0.5651,0.566,3365404.0
2024-08-18 01:00:00,0.566,0.5668,0.5645,0.565,2840882.0
2024-08-18 02:00:00,0.565,0.5689,0.5645,0.5682,5051294.0
2024-08-18 03:00:00,0.5682,0.569,0.565,0.5653,9668240.0
2024-08-18 04:00:00,0.5653,0.5661,0.564,0.5653,6612233.0
2024-08-18 05:00:00,0.5653,0.5664,0.564,0.5649,8311320.0
2024-08-18 06:00:00,0.5649,0.5655,0.5645,0.565,2197975.0
2024-08-18 07:00:00,0.565,0.5655,0.5645,0.5648,3933516.0
2024-08-18 08:00:00,0.5648,0.5657,0.5642,0.5656,2636939.0
2024-08-18 09:00:00,0.5656,0.5681,0.565,0.5663,7317852.0
2024-08-18 10:00:00,0.5663,0.5702,0.5663,0.5667,20421196.0
2024-08-18 11:00:00,0.5667,0.5675,0.5658,0.5674,4486757.0
2024-08-18 12:00:00,0.5674,0.5835,0.5667,0.5731,135481823.0
2024-08-18 13:00:00,0.5731,0.5742,0.5698,0.5711,17821176.0
2024-08-18 14:00:00,0.5711,0.5722,0.5698,0.5712,9513800.0
2024-08-18 15:00:00,0.5712,0.5735,0.5706,0.573,4169234.0
2024-08-18 16:00:00,0.573,0.575,0.5723,0.574,6201428.0
2024-08-18 17:00:00,0.574,0.5741,0.5678,0.5691,14302623.0
2024-08-18 18:00:00,0.5691,0.5715,0.5689,0.5708,4528476.0
2024-08-18 19:00:00,0.5708,0.5728,0.5706,0.5719,5451656.0
2024-08-18 20:00:00,0.5719,0.5737,0.5719,0.5726,4306411.0
2024-08-18 21:00:00,0.5726,0.5727,0.5686,0.5701,7384337.0
2024-08-18 22:00:00,0.5701,0.5729,0.57,0.571,5323968.0
2024-08-18 23:00:00,0.571,0.5716,0.562,0.5626,29136785.0
2024-08-19 00:00:00,0.5626,0.5645,0.56,0.5611,20373328.0
2024-08-19 01:00:00,0.5611,0.5669,0.5607,0.5663,10598067.0
2024-08-19 02:00:00,0.5663,0.5672,0.5645,0.5666,5214941.0
2024-08-19 03:00:00,0.5666,0.5671,0.5645,0.5656,6323226.0
2024-08-19 04:00:00,0.5656,0.5669,0.5646,0.5664,3729653.0
2024-08-19 05:00:00,0.5664,0.567,0.5651,0.5663,4168633.0
2024-08-19 06:00:00,0.5663,0.5723,0.565,0.57,31715289.0
2024-08-19 07:00:00,0.57,0.576,0.5689,0.573,17930877.0
2024-08-19 08:00:00,0.573,0.5803,0.5728,0.5769,31887786.0
2024-08-19 09:00:00,0.5769,0.5858,0.5761,0.58,47500098.0
2024-08-19 10:00:00,0.58,0.5895,0.5783,0.5854,44715508.0
2024-08-19 11:00:00,0.5854,0.5867,0.5801,0.5848,30754689.0
2024-08-19 12:00:00,0.5848,0.5861,0.5786,0.5802,14305854.0
2024-08-19 13:00:00,0.5802,0.5813,0.5742,0.5758,49242670.0
2024-08-19 14:00:00,0.5758,0.5804,0.5743,0.58,13844575.0
2024-08-19 15:00:00,0.58,0.5839,0.5777,0.5788,17676094.0
2024-08-19 16:00:00,0.5788,0.5872,0.578,0.5855,64639230.0
2024-08-19 17:00:00,0.5855,0.6045,0.5855,0.5981,112300292.0
2024-08-19 18:00:00,0.5981,0.6062,0.5956,0.604,35825608.0
2024-08-19 19:00:00,0.604,0.6086,0.6002,0.6019,36453224.0
2024-08-19 20:00:00,0.6019,0.6027,0.5938,0.5942,27534719.0
2024-08-19 21:00:00,0.5942,0.601,0.5935,0.5962,14593934.0
2024-08-19 22:00:00,0.5962,0.5985,0.5953,0.5963,8936295.0
2024-08-19 23:00:00,0.5963,0.5989,0.5949,0.5977,6116166.0
2024-08-20 00:00:00,0.5977,0.6054,0.5964,0.602,19861314.0
2024-08-20 01:00:00,0.602,0.6041,0.6,0.6031,13073373.0
2024-08-20 02:00:00,0.6031,0.6099,0.6026,0.6076,58310628.0
2024-08-20 03:00:00,0.6076,0.6079,0.603,0.6075,14283383.0
2024-08-20 04:00:00,0.6075,0.6109,0.6055,0.6073,25229057.0
2024-08-20 05:00:00,0.6073,0.6084,0.6051,0.6083,24091762.0
2024-08-20 06:00:00,0.6083,0.6128,0.6072,0.6085,23132401.0
2024-08-20 07:00:00,0.6085,0.6125,0.6061,0.6064,19520332.0
2024-08-20 08:00:00,0.6064,0.6146,0.6062,0.6092,19037842.0
2024-08-20 09:00:00,0.6092,0.61,0.6081,0.6095,9711253.0
2024-08-20 10:00:00,0.6095,0.6099,0.6059,0.6064,13003034.0
2024-08-20 11:00:00,0.6064,0.6093,0.6062,0.6083,9236342.0
2024-08-20 12:00:00,0.6083,0.6091,0.6025,0.6051,34299309.0
2024-08-20 13:00:00,0.6051,0.6051,0.5973,0.6002,37623740.0
2024-08-20 14:00:00,0.6002,0.6025,0.5917,0.5927,37452951.0
2024-08-20 15:00:00,0.5927,0.5931,0.5863,0.5893,40978530.0
2024-08-20 16:00:00,0.5893,0.5975,0.5884,0.5973,22498588.0
2024-08-20 17:00:00,0.5973,0.5984,0.594,0.5966,11248762.0
2024-08-20 18:00:00,0.5966,0.601,0.5959,0.5984,11057403.0
2024-08-20 19:00:00,0.5984,0.6027,0.5978,0.6,9930710.0
2024-08-20 20:00:00,0.6,0.6,0.5954,0.5963,16076832.0
2024-08-20 21:00:00,0.5963,0.5963,0.5911,0.5947,16900853.0
2024-08-20 22:00:00,0.5947,0.5969,0.5941,0.5945,9661207.0
2024-08-20 23:00:00,0.5945,0.5954,0.5925,0.593,8258113.0
2024-08-21 00:00:00,0.593,0.5952,0.5918,0.5931,15748981.0
2024-08-21 01:00:00,0.5931,0.5968,0.5917,0.5966,5919778.0
2024-08-21 02:00:00,0.5966,0.6013,0.596,0.5981,12173646.0
2024-08-21 03:00:00,0.5981,0.5993,0.5945,0.5952,7813683.0
2024-08-21 04:00:00,0.5952,0.5967,0.5929,0.5947,13780005.0
2024-08-21 05:00:00,0.5947,0.5961,0.5939,0.5956,3227296.0
2024-08-21 06:00:00,0.5956,0.5991,0.5955,0.5966,6771330.0
2024-08-21 07:00:00,0.5966,0.5985,0.596,0.5979,6354315.0
2024-08-21 08:00:00,0.5979,0.5991,0.5947,0.5955,8661848.0
2024-08-21 09:00:00,0.5955,0.597,0.5927,0.5969,10678238.0
2024-08-21 10:00:00,0.5969,0.5994,0.5959,0.5986,9348256.0
2024-08-21 11:00:00,0.5986,0.5995,0.5952,0.5954,9288841.0
2024-08-21 12:00:00,0.5954,0.5978,0.591,0.5953,28988312.0
2024-08-21 13:00:00,0.5953,0.5958,0.5843,0.5934,56883266.0
2024-08-21 14:00:00,0.5934,0.5963,0.5886,0.5903,37259964.0
2024-08-21 15:00:00,0.5903,0.5939,0.5888,0.5918,8023896.0
2024-08-21 16:00:00,0.5918,0.5961,0.5895,0.5949,33158706.0
2024-08-21 17:00:00,0.5949,0.6016,0.5947,0.599,13906630.0
2024-08-21 18:00:00,0.599,0.6039,0.5975,0.6035,20993210.0
2024-08-21 19:00:00,0.6035,0.6052,0.5991,0.6018,19264817.0
2024-08-21 20:00:00,0.6018,0.6035,0.5998,0.601,16327508.0
2024-08-21 21:00:00,0.601,0.6031,0.5993,0.6016,12097255.0
2024-08-21 22:00:00,0.6016,0.6028,0.5999,0.6001,4978727.0
2024-08-21 23:00:00,0.6001,0.6004,0.5978,0.5994,6916844.0
2024-08-22 00:00:00,0.5994,0.6008,0.5971,0.5971,9627546.0
2024-08-22 01:00:00,0.5971,0.6003,0.5971,0.6,5006075.0
2024-08-22 02:00:00,0.6,0.6001,0.5912,0.5946,18258212.0
2024-08-22 03:00:00,0.5946,0.5983,0.5938,0.5977,7984839.0
2024-08-22 04:00:00,0.5977,0.5992,0.5957,0.5973,9651209.0
2024-08-22 05:00:00,0.5973,0.6017,0.596,0.6013,11116792.0
2024-08-22 06:00:00,0.6013,0.6036,0.599,0.5992,12297096.0
2024-08-22 07:00:00,0.5992,0.602,0.5991,0.6011,12056579.0
2024-08-22 08:00:00,0.6011,0.6016,0.5993,0.5996,11384627.0
2024-08-22 09:00:00,0.5996,0.6004,0.5976,0.6003,10059937.0
2024-08-22 10:00:00,0.6003,0.6041,0.5998,0.6025,16258924.0
2024-08-22 11:00:00,0.6025,0.6035,0.6002,0.6023,14069074.0
2024-08-22 12:00:00,0.6023,0.6023,0.5958,0.5972,30906475.0
2024-08-22 13:00:00,0.5972,0.5995,0.5952,0.599,15775313.0
2024-08-22 14:00:00,0.599,0.5998,0.597,0.5982,8744861.0
2024-08-22 15:00:00,0.5982,0.5997,0.5938,0.5948,16562208.0
2024-08-22 16:00:00,0.5948,0.5981,0.5944,0.5957,12264448.0
2024-08-22 17:00:00,0.5957,0.5994,0.5944,0.5983,9468390.0
2024-08-22 18:00:00,0.5983,0.5996,0.5967,0.5968,8285089.0
2024-08-22 19:00:00,0.5968,0.5995,0.5968,0.5981,3720937.0
2024-08-22 20:00:00,0.5981,0.599,0.5933,0.5963,17636851.0
2024-08-22 21:00:00,0.5963,0.5966,0.5942,0.5956,4476620.0
2024-08-22 22:00:00,0.5956,0.5973,0.595,0.5973,3894261.0
2024-08-22 23:00:00,0.5973,0.5984,0.5966,0.5971,4621761.0
2024-08-23 00:00:00,0.5971,0.5995,0.596,0.5978,8085884.0
2024-08-23 01:00:00,0.5978,0.5992,0.5976,0.598,4252702.0
2024-08-23 02:00:00,0.598,0.6021,0.5979,0.5992,21411638.0
2024-08-23 03:00:00,0.5992,0.6,0.5973,0.5981,6621547.0
2024-08-23 04:00:00,0.5981,0.5989,0.5953,0.5971,6963489.0
2024-08-23 05:00:00,0.5971,0.5997,0.597,0.5994,10708502.0
2024-08-23 06:00:00,0.5994,0.6012,0.598,0.6006,8268253.0
2024-08-23 07:00:00,0.6006,0.601,0.598,0.5987,12623911.0
2024-08-23 08:00:00,0.5987,0.6003,0.5985,0.5996,5789282.0
2024-08-23 09:00:00,0.5996,0.5997,0.5979,0.5989,7611491.0
2024-08-23 10:00:00,0.5989,0.6,0.5978,0.5982,7427769.0
2024-08-23 11:00:00,0.5982,0.5996,0.5965,0.5966,18170433.0
2024-08-23 12:00:00,0.5966,0.5989,0.5959,0.598,9534889.0
2024-08-23 13:00:00,0.598,0.5981,0.5947,0.5959,22606920.0
2024-08-23 14:00:00,0.5959,0.6038,0.5899,0.5953,76035937.0
2024-08-23 15:00:00,0.5953,0.6013,0.5945,0.5984,27048908.0
2024-08-23 16:00:00,0.5984,0.6032,0.5978,0.6011,19269783.0
2024-08-23 17:00:00,0.6011,0.6059,0.5994,0.6055,18840941.0
2024-08-23 18:00:00,0.6055,0.6087,0.6045,0.6048,19593687.0
2024-08-23 19:00:00,0.6048,0.6092,0.6044,0.6069,11008864.0
2024-08-23 20:00:00,0.6069,0.6092,0.6047,0.6071,22875492.0
2024-08-23 21:00:00,0.6071,0.6143,0.6069,0.6116,25296747.0
2024-08-23 22:00:00,0.6116,0.6159,0.6084,0.6104,26652322.0
2024-08-23 23:00:00,0.6104,0.612,0.609,0.6104,14964826.0
2024-08-24 00:00:00,0.6104,0.6105,0.6072,0.608,9702366.0
2024-08-24 01:00:00,0.608,0.6082,0.6037,0.6065,20306787.0
2024-08-24 02:00:00,0.6065,0.608,0.606,0.6078,4201918.0
2024-08-24 03:00:00,0.6078,0.6086,0.6062,0.6076,3927733.0
2024-08-24 04:00:00,0.6076,0.6085,0.6059,0.6063,3762548.0
2024-08-24 05:00:00,0.6063,0.6084,0.6056,0.6081,5837388.0
2024-08-24 06:00:00,0.6081,0.6121,0.6078,0.6103,18345193.0
2024-08-24 07:00:00,0.6103,0.6114,0.6081,0.6082,8394165.0
2024-08-24 08:00:00,0.6082,0.6095,0.6069,0.6095,9318526.0
2024-08-24 09:00:00,0.6095,0.6107,0.6076,0.6103,4798605.0
2024-08-24 10:00:00,0.6103,0.6122,0.6096,0.6104,13347317.0
2024-08-24 11:00:00,0.6104,0.6144,0.6088,0.6097,15035771.0
2024-08-24 12:00:00,0.6097,0.6154,0.6095,0.6132,22975502.0
2024-08-24 13:00:00,0.6132,0.6288,0.6126,0.6261,88071005.0
2024-08-24 14:00:00,0.6261,0.6308,0.6221,0.6246,47700621.0
2024-08-24 15:00:00,0.6246,0.6247,0.6174,0.6195,28351908.0
2024-08-24 16:00:00,0.6195,0.6256,0.6188,0.623,20958300.0
2024-08-24 17:00:00,0.623,0.6245,0.6182,0.6196,15981134.0
2024-08-24 18:00:00,0.6196,0.6221,0.6164,0.6193,11716566.0
2024-08-24 19:00:00,0.6193,0.621,0.6186,0.6192,6135687.0
2024-08-24 20:00:00,0.6192,0.624,0.619,0.6206,8436142.0
2024-08-24 21:00:00,0.6206,0.6206,0.6029,0.6073,86853989.0
2024-08-24 22:00:00,0.6073,0.6111,0.6061,0.6093,25340055.0
2024-08-24 23:00:00,0.6093,0.6126,0.6091,0.612,10324161.0
2024-08-25 00:00:00,0.612,0.6143,0.6071,0.6088,19792552.0
2024-08-25 01:00:00,0.6088,0.6111,0.6033,0.607,24139411.0
2024-08-25 02:00:00,0.607,0.6096,0.6069,0.6086,6205452.0
2024-08-25 03:00:00,0.6086,0.6086,0.604,0.6072,13989969.0
2024-08-25 04:00:00,0.6072,0.6079,0.6045,0.6066,10254597.0
2024-08-25 05:00:00,0.6066,0.609,0.6062,0.6074,9316326.0
2024-08-25 06:00:00,0.6074,0.6078,0.6034,0.6044,12447228.0
2024-08-25 07:00:00,0.6044,0.6045,0.5941,0.5986,81038060.0
2024-08-25 08:00:00,0.5986,0.6011,0.5959,0.6004,17035166.0
2024-08-25 09:00:00,0.6004,0.6015,0.5965,0.5995,18445663.0
2024-08-25 10:00:00,0.5995,0.6004,0.5974,0.6002,9954868.0
2024-08-25 11:00:00,0.6002,0.6027,0.5998,0.6006,13701900.0
2024-08-25 12:00:00,0.6006,0.6023,0.5995,0.602,8022186.0
2024-08-25 13:00:00,0.602,0.6051,0.6014,0.6035,14573330.0
2024-08-25 14:00:00,0.6035,0.6058,0.6021,0.6036,10147845.0
2024-08-25 15:00:00,0.6036,0.6053,0.6008,0.602,9503963.0
2024-08-25 16:00:00,0.602,0.6038,0.5986,0.5994,13516174.0
2024-08-25 17:00:00,0.5994,0.6014,0.5994,0.6008,5865640.0
2024-08-25 18:00:00,0.6008,0.602,0.5998,0.6009,5024291.0
2024-08-25 19:00:00,0.6009,0.601,0.5983,0.5995,6363775.0
2024-08-25 20:00:00,0.5995,0.6025,0.5982,0.5995,7316128.0
2024-08-25 21:00:00,0.5995,0.6034,0.5993,0.6018,12881267.0
2024-08-25 22:00:00,0.6018,0.6039,0.6009,0.6027,7361632.0
2024-08-25 23:00:00,0.6027,0.6041,0.5983,0.5994,12672987.0
2024-08-26 00:00:00,0.5994,0.6013,0.5964,0.5986,20187322.0
2024-08-26 01:00:00,0.5986,0.5999,0.5943,0.596,19335829.0
2024-08-26 02:00:00,0.596,0.5965,0.5908,0.5956,26664819.0
2024-08-26 03:00:00,0.5956,0.5975,0.595,0.5961,5558894.0
2024-08-26 04:00:00,0.5961,0.5973,0.5955,0.5959,6055543.0
2024-08-26 05:00:00,0.5959,0.5977,0.5951,0.5971,6803320.0
2024-08-26 06:00:00,0.5971,0.5978,0.5923,0.5939,14489766.0
2024-08-26 07:00:00,0.5939,0.5954,0.5912,0.5948,15877723.0
2024-08-26 08:00:00,0.5948,0.5993,0.5939,0.5973,16085627.0
2024-08-26 09:00:00,0.5973,0.5976,0.5923,0.5968,18060319.0
2024-08-26 10:00:00,0.5968,0.5979,0.5946,0.5952,10286230.0
2024-08-26 11:00:00,0.5952,0.5965,0.5939,0.5952,5674476.0
2024-08-26 12:00:00,0.5952,0.5958,0.5839,0.5916,59746803.0
2024-08-26 13:00:00,0.5916,0.5939,0.5892,0.5929,19265362.0
2024-08-26 14:00:00,0.5929,0.5933,0.5866,0.5914,23224036.0
2024-08-26 15:00:00,0.5914,0.5941,0.588,0.5923,10782934.0
2024-08-26 16:00:00,0.5923,0.5932,0.5895,0.5913,27443409.0
2024-08-26 17:00:00,0.5913,0.5922,0.5766,0.5802,54983790.0
2024-08-26 18:00:00,0.5802,0.5861,0.5781,0.5814,21015327.0
2024-08-26 19:00:00,0.5814,0.5825,0.5789,0.5808,11749764.0
2024-08-26 20:00:00,0.5808,0.5853,0.5786,0.5851,14647344.0
2024-08-26 21:00:00,0.5851,0.5869,0.5832,0.5858,9948212.0
2024-08-26 22:00:00,0.5858,0.5886,0.5856,0.5879,6188054.0
2024-08-26 23:00:00,0.5879,0.5894,0.586,0.5868,5003640.0
2024-08-27 00:00:00,0.5868,0.5894,0.586,0.5888,6153697.0
2024-08-27 01:00:00,0.5888,0.5912,0.5883,0.59,6828626.0
2024-08-27 02:00:00,0.59,0.5948,0.5897,0.5916,12946609.0
2024-08-27 03:00:00,0.5916,0.5928,0.59,0.5923,10357752.0
2024-08-27 04:00:00,0.5923,0.594,0.5923,0.5924,5072130.0
2024-08-27 05:00:00,0.5924,0.593,0.5897,0.5925,12591464.0
2024-08-27 06:00:00,0.5925,0.5929,0.5893,0.5896,7073950.0
2024-08-27 07:00:00,0.5896,0.5908,0.586,0.5902,22635896.0
2024-08-27 08:00:00,0.5902,0.592,0.5873,0.5896,13263916.0
2024-08-27 09:00:00,0.5896,0.5898,0.5841,0.5854,19527809.0
2024-08-27 10:00:00,0.5854,0.5873,0.5829,0.5845,30242830.0
2024-08-27 11:00:00,0.5845,0.588,0.584,0.5867,9928178.0
2024-08-27 12:00:00,0.5867,0.5933,0.5845,0.5915,19443185.0
2024-08-27 13:00:00,0.5915,0.5945,0.5878,0.5925,37312687.0
2024-08-27 14:00:00,0.5925,0.5952,0.5866,0.5933,29880909.0
2024-08-27 15:00:00,0.5933,0.5988,0.5907,0.5934,31077110.0
2024-08-27 16:00:00,0.5934,0.5995,0.5919,0.5966,39225551.0
2024-08-27 17:00:00,0.5966,0.5982,0.5934,0.5953,12806476.0
2024-08-27 18:00:00,0.5953,0.5985,0.5937,0.5943,14678465.0
2024-08-27 19:00:00,0.5943,0.5953,0.5913,0.5924,13217495.0
2024-08-27 20:00:00,0.5924,0.5926,0.5895,0.5896,6833145.0
2024-08-27 21:00:00,0.5896,0.5911,0.5638,0.5726,193884104.0
2024-08-27 22:00:00,0.5726,0.5736,0.5513,0.5657,170946792.0
2024-08-27 23:00:00,0.5657,0.5695,0.5633,0.5659,15269287.0
2024-08-28 00:00:00,0.5659,0.566,0.559,0.5636,27320690.0
2024-08-28 01:00:00,0.5636,0.5682,0.5633,0.568,9195582.0
2024-08-28 02:00:00,0.568,0.5688,0.5652,0.5668,11266932.0
2024-08-28 03:00:00,0.5668,0.5695,0.566,0.5674,18208818.0
2024-08-28 04:00:00,0.5674,0.5688,0.5662,0.5675,12378185.0
2024-08-28 05:00:00,0.5675,0.5741,0.567,0.5695,22134687.0
2024-08-28 06:00:00,0.5695,0.5711,0.5689,0.5698,9971841.0
2024-08-28 07:00:00,0.5698,0.5739,0.5682,0.5689,19144546.0
2024-08-28 08:00:00,0.5689,0.5759,0.5637,0.5726,65872807.0
2024-08-28 09:00:00,0.5726,0.5787,0.5717,0.578,45618033.0
2024-08-28 10:00:00,0.578,0.5795,0.5758,0.5773,14337860.0
2024-08-28 11:00:00,0.5773,0.5831,0.5767,0.58,26434711.0
2024-08-28 12:00:00,0.58,0.5839,0.5789,0.5803,15031912.0
2024-08-28 13:00:00,0.5803,0.5805,0.5699,0.5704,29530944.0
2024-08-28 14:00:00,0.5704,0.5759,0.5664,0.5695,34221994.0
2024-08-28 15:00:00,0.5695,0.5698,0.5629,0.5686,28165465.0
2024-08-28 16:00:00,0.5686,0.5708,0.5548,0.5704,87888935.0
2024-08-28 17:00:00,0.5704,0.5716,0.5665,0.5671,11119478.0
2024-08-28 18:00:00,0.5671,0.5743,0.5656,0.574,6479263.0
2024-08-28 19:00:00,0.574,0.5764,0.5708,0.5715,6346352.0
2024-08-28 20:00:00,0.5715,0.577,0.569,0.5717,18548779.0
2024-08-28 21:00:00,0.5717,0.5729,0.5678,0.5697,9148575.0
2024-08-28 22:00:00,0.5697,0.5709,0.565,0.5698,13367811.0
2024-08-28 23:00:00,0.5698,0.5707,0.5683,0.5685,5207157.0
2024-08-29 00:00:00,0.5685,0.5715,0.5678,0.5697,9670603.0
2024-08-29 01:00:00,0.5697,0.5703,0.5672,0.5684,6083537.0
2024-08-29 02:00:00,0.5684,0.571,0.5679,0.5708,5104708.0
2024-08-29 03:00:00,0.5708,0.5727,0.57,0.5706,7373345.0
2024-08-29 04:00:00,0.5706,0.5718,0.5699,0.571,4188950.0
2024-08-29 05:00:00,0.571,0.5734,0.5704,0.5732,5485680.0
2024-08-29 06:00:00,0.5732,0.5757,0.5718,0.5752,12067115.0
2024-08-29 07:00:00,0.5752,0.5762,0.5737,0.5739,8673731.0
2024-08-29 08:00:00,0.5739,0.5743,0.5719,0.5721,7387608.0
2024-08-29 09:00:00,0.5721,0.5738,0.5706,0.5706,11396353.0
2024-08-29 10:00:00,0.5706,0.5743,0.5704,0.5737,8551741.0
2024-08-29 11:00:00,0.5737,0.5758,0.5731,0.5739,7479789.0
2024-08-29 12:00:00,0.5739,0.5752,0.5721,0.5733,14315124.0
2024-08-29 13:00:00,0.5733,0.5739,0.5709,0.5735,14147104.0
2024-08-29 14:00:00,0.5735,0.5748,0.5718,0.574,7625984.0
2024-08-29 15:00:00,0.574,0.5742,0.5701,0.5714,16777395.0
2024-08-29 16:00:00,0.5714,0.5758,0.5704,0.5715,14391246.0
2024-08-29 17:00:00,0.5715,0.5722,0.5696,0.572,8203387.0
2024-08-29 18:00:00,0.572,0.5722,0.5582,0.5617,45247902.0
2024-08-29 19:00:00,0.5617,0.5647,0.5573,0.5622,27786977.0
2024-08-29 20:00:00,0.5622,0.5648,0.5591,0.5624,24687148.0
2024-08-29 21:00:00,0.5624,0.5635,0.5613,0.5623,6346784.0
2024-08-29 22:00:00,0.5623,0.5627,0.556,0.5602,17581567.0
2024-08-29 23:00:00,0.5602,0.5617,0.5584,0.5616,5993853.0
2024-08-30 00:00:00,0.5616,0.564,0.5595,0.5632,6928567.0
2024-08-30 01:00:00,0.5632,0.5647,0.5618,0.5639,10315472.0
2024-08-30 02:00:00,0.5639,0.5643,0.5619,0.5638,5366212.0
2024-08-30 03:00:00,0.5638,0.5639,0.5599,0.5612,27596001.0
2024-08-30 04:00:00,0.5612,0.5635,0.561,0.5627,4472175.0
2024-08-30 05:00:00,0.5627,0.5627,0.5582,0.5584,10670839.0
2024-08-30 06:00:00,0.5584,0.5631,0.5582,0.5628,11077435.0
2024-08-30 07:00:00,0.5628,0.5653,0.5611,0.5636,12572733.0
2024-08-30 08:00:00,0.5636,0.5647,0.5623,0.5628,5005756.0
2024-08-30 09:00:00,0.5628,0.5637,0.5617,0.563,5271726.0
2024-08-30 10:00:00,0.563,0.5646,0.5603,0.5637,14628331.0
2024-08-30 11:00:00,0.5637,0.5644,0.5627,0.5631,3791973.0
2024-08-30 12:00:00,0.5631,0.5674,0.5627,0.5649,221549676.0
2024-08-30 13:00:00,0.5649,0.5653,0.5575,0.5616,30069198.0
2024-08-30 14:00:00,0.5616,0.5627,0.5544,0.5551,24999188.0
2024-08-30 15:00:00,0.5551,0.5566,0.545,0.5477,92225891.0
2024-08-30 16:00:00,0.5477,0.5562,0.5457,0.556,26926271.0
2024-08-30 17:00:00,0.556,0.5583,0.5541,0.5556,8045352.0
2024-08-30 18:00:00,0.5556,0.5619,0.5555,0.5611,8894719.0
2024-08-30 19:00:00,0.5611,0.5625,0.5576,0.5612,4685649.0
2024-08-30 20:00:00,0.5612,0.5624,0.5596,0.562,4236147.0
2024-08-30 21:00:00,0.562,0.5657,0.5615,0.5652,10061135.0
2024-08-30 22:00:00,0.5652,0.5667,0.5651,0.5658,5347253.0
2024-08-30 23:00:00,0.5658,0.5672,0.5651,0.5662,3524147.0
2024-08-31 00:00:00,0.5662,0.5678,0.5648,0.5661,6307902.0
2024-08-31 01:00:00,0.5661,0.5668,0.5652,0.566,2244297.0
2024-08-31 02:00:00,0.566,0.5664,0.5652,0.5658,3334866.0
2024-08-31 03:00:00,0.5658,0.5658,0.564,0.5643,6758764.0
2024-08-31 04:00:00,0.5643,0.5674,0.5638,0.5672,9351019.0
2024-08-31 05:00:00,0.5672,0.568,0.5661,0.5667,5479388.0
2024-08-31 06:00:00,0.5667,0.5675,0.566,0.5669,3301484.0
2024-08-31 07:00:00,0.5669,0.5676,0.566,0.566,3450146.0
2024-08-31 08:00:00,0.566,0.5672,0.5655,0.5656,5076284.0
2024-08-31 09:00:00,0.5656,0.5674,0.5639,0.5671,9238715.0
2024-08-31 10:00:00,0.5671,0.5718,0.5671,0.5699,14414899.0
2024-08-31 11:00:00,0.5699,0.5701,0.568,0.5685,5325357.0
2024-08-31 12:00:00,0.5685,0.5687,0.5672,0.5677,6957576.0
2024-08-31 13:00:00,0.5677,0.5697,0.565,0.5653,6747668.0
2024-08-31 14:00:00,0.5653,0.5669,0.5648,0.5656,7058806.0
2024-08-31 15:00:00,0.5656,0.5664,0.5638,0.5659,4581191.0
2024-08-31 16:00:00,0.5659,0.5659,0.563,0.5642,6178364.0
2024-08-31 17:00:00,0.5642,0.5651,0.5616,0.5645,6100646.0
2024-08-31 18:00:00,0.5645,0.5672,0.5639,0.5664,4095409.0
2024-08-31 19:00:00,0.5664,0.5678,0.5654,0.5672,4421451.0
2024-08-31 20:00:00,0.5672,0.5678,0.5657,0.5669,2023416.0
2024-08-31 21:00:00,0.5669,0.567,0.5654,0.5655,3184379.0
2024-08-31 22:00:00,0.5655,0.568,0.5655,0.567,3518101.0
2024-08-31 23:00:00,0.567,0.567,0.5651,0.5658,3349015.0
2024-09-01 00:00:00,0.5658,0.5661,0.5646,0.5646,2470929.0
2024-09-01 01:00:00,0.5646,0.5651,0.5604,0.5608,11037913.0
2024-09-01 02:00:00,0.5608,0.5612,0.5585,0.5597,12682829.0
2024-09-01 03:00:00,0.5597,0.5607,0.5596,0.5603,3273918.0
2024-09-01 04:00:00,0.5603,0.5604,0.5589,0.5596,5143640.0
2024-09-01 05:00:00,0.5596,0.5598,0.5525,0.554,20175004.0
2024-09-01 06:00:00,0.554,0.5577,0.5537,0.5576,7774253.0
2024-09-01 07:00:00,0.5576,0.5593,0.5561,0.5585,10186523.0
2024-09-01 08:00:00,0.5585,0.5597,0.558,0.5593,5331765.0
2024-09-01 09:00:00,0.5593,0.5597,0.5571,0.559,6084947.0
2024-09-01 10:00:00,0.559,0.559,0.555,0.556,10992612.0
2024-09-01 11:00:00,0.556,0.5578,0.5554,0.5576,6372020.0
2024-09-01 12:00:00,0.5576,0.5583,0.5559,0.5563,4466462.0
2024-09-01 13:00:00,0.5563,0.5578,0.5522,0.5562,10437002.0
2024-09-01 14:00:00,0.5562,0.5562,0.5508,0.554,22834075.0
2024-09-01 15:00:00,0.554,0.5569,0.5534,0.556,7935941.0
2024-09-01 16:00:00,0.556,0.5578,0.5545,0.5552,6665684.0
2024-09-01 17:00:00,0.5552,0.5561,0.5516,0.5545,8127328.0
2024-09-01 18:00:00,0.5545,0.5603,0.5545,0.5587,7162309.0
2024-09-01 19:00:00,0.5587,0.5606,0.5568,0.5591,7972182.0
2024-09-01 20:00:00,0.5591,0.5618,0.5586,0.5595,5607056.0
2024-09-01 21:00:00,0.5595,0.5595,0.5545,0.5578,6831455.0
2024-09-01 22:00:00,0.5578,0.5578,0.5424,0.5446,47414874.0
2024-09-01 23:00:00,0.5446,0.5491,0.5429,0.5465,24969802.0
2024-09-02 00:00:00,0.5465,0.5506,0.5455,0.5484,9131797.0
2024-09-02 01:00:00,0.5484,0.5497,0.547,0.5481,4789843.0
2024-09-02 02:00:00,0.5481,0.5497,0.5456,0.5463,6073648.0
2024-09-02 03:00:00,0.5463,0.5497,0.546,0.5494,3152658.0
2024-09-02 04:00:00,0.5494,0.5497,0.5437,0.5445,5434507.0
2024-09-02 05:00:00,0.5445,0.5505,0.544,0.5491,6177003.0
2024-09-02 06:00:00,0.5491,0.5504,0.548,0.5494,7092711.0
2024-09-02 07:00:00,0.5494,0.5497,0.5439,0.5459,10175788.0
2024-09-02 08:00:00,0.5459,0.5524,0.5451,0.5498,12444157.0
2024-09-02 09:00:00,0.5498,0.5537,0.5482,0.553,7990422.0
2024-09-02 10:00:00,0.553,0.5569,0.5517,0.5562,11637219.0
2024-09-02 11:00:00,0.5562,0.5562,0.5538,0.5543,6721465.0
2024-09-02 12:00:00,0.5543,0.5554,0.5532,0.5542,8021892.0
2024-09-02 13:00:00,0.5542,0.5554,0.5521,0.5523,5293376.0
2024-09-02 14:00:00,0.5523,0.5572,0.5501,0.5568,17426166.0
2024-09-02 15:00:00,0.5568,0.5592,0.5557,0.5575,8699310.0
2024-09-02 16:00:00,0.5575,0.559,0.5552,0.5559,7338056.0
2024-09-02 17:00:00,0.5559,0.5604,0.5558,0.5602,4248168.0
2024-09-02 18:00:00,0.5602,0.5613,0.5588,0.561,9288242.0
2024-09-02 19:00:00,0.561,0.5673,0.5599,0.5672,20052339.0
2024-09-02 20:00:00,0.5672,0.5681,0.5635,0.5667,11458152.0
2024-09-02 21:00:00,0.5667,0.5681,0.5645,0.5658,6361408.0
2024-09-02 22:00:00,0.5658,0.5674,0.5652,0.5671,3407684.0
2024-09-02 23:00:00,0.5671,0.568,0.5664,0.5669,3945552.0
2024-09-03 00:00:00,0.5669,0.5671,0.5649,0.5657,3571236.0
2024-09-03 01:00:00,0.5657,0.5684,0.5656,0.5684,4237724.0
2024-09-03 02:00:00,0.5684,0.572,0.566,0.566,21221530.0
2024-09-03 03:00:00,0.566,0.5675,0.5657,0.5658,11381807.0
2024-09-03 04:00:00,0.5658,0.5667,0.5644,0.5652,10335882.0
2024-09-03 05:00:00,0.5652,0.5672,0.5645,0.5667,6928159.0
2024-09-03 06:00:00,0.5667,0.5667,0.5649,0.5653,3660016.0
2024-09-03 07:00:00,0.5653,0.5691,0.5652,0.5688,6385419.0
2024-09-03 08:00:00,0.5688,0.5693,0.5653,0.5663,8591842.0
2024-09-03 09:00:00,0.5663,0.5717,0.566,0.5692,12673104.0
2024-09-03 10:00:00,0.5692,0.5717,0.5683,0.5691,13516653.0
2024-09-03 11:00:00,0.5691,0.5696,0.5676,0.5695,4833685.0
2024-09-03 12:00:00,0.5695,0.5719,0.5694,0.5699,9983167.0
2024-09-03 13:00:00,0.5699,0.5701,0.5599,0.5622,39629983.0
2024-09-03 14:00:00,0.5622,0.5645,0.5565,0.5612,41719688.0
2024-09-03 15:00:00,0.5612,0.5624,0.5582,0.5589,12376047.0
2024-09-03 16:00:00,0.5589,0.5624,0.558,0.5593,19288147.0
2024-09-03 17:00:00,0.5593,0.5644,0.5593,0.5611,9552634.0
2024-09-03 18:00:00,0.5611,0.5633,0.5599,0.5623,6732654.0
2024-09-03 19:00:00,0.5623,0.5654,0.5618,0.565,7182813.0
2024-09-03 20:00:00,0.565,0.5669,0.5641,0.5656,8339413.0
2024-09-03 21:00:00,0.5656,0.5661,0.5641,0.5653,4275512.0
2024-09-03 22:00:00,0.5653,0.5657,0.5622,0.5624,5563235.0
2024-09-03 23:00:00,0.5624,0.5626,0.5559,0.5568,15858305.0
2024-09-04 00:00:00,0.5568,0.5599,0.5509,0.5518,18205090.0
2024-09-04 01:00:00,0.5518,0.5519,0.5315,0.5497,174530039.0
2024-09-04 02:00:00,0.5497,0.5507,0.5485,0.5492,5528211.0
2024-09-04 03:00:00,0.5492,0.5544,0.549,0.5527,9695109.0
2024-09-04 04:00:00,0.5527,0.5535,0.5502,0.5533,5236652.0
2024-09-04 05:00:00,0.5533,0.5534,0.549,0.5492,8699144.0
2024-09-04 06:00:00,0.5492,0.5524,0.5491,0.5506,7033413.0
2024-09-04 07:00:00,0.5506,0.5549,0.5503,0.554,6831413.0
2024-09-04 08:00:00,0.554,0.5561,0.5537,0.5557,11714961.0
2024-09-04 09:00:00,0.5557,0.5565,0.5522,0.5524,8549944.0
2024-09-04 10:00:00,0.5524,0.5526,0.5481,0.5488,21075894.0
2024-09-04 11:00:00,0.5488,0.5527,0.5486,0.5502,8634138.0
2024-09-04 12:00:00,0.5502,0.5513,0.5485,0.5504,4786645.0
2024-09-04 13:00:00,0.5504,0.5534,0.5464,0.5528,20781251.0
2024-09-04 14:00:00,0.5528,0.5592,0.5509,0.5586,21719313.0
2024-09-04 15:00:00,0.5586,0.5625,0.5562,0.5616,21399307.0
2024-09-04 16:00:00,0.5616,0.5645,0.5594,0.5618,20107596.0
2024-09-04 17:00:00,0.5618,0.5622,0.5577,0.5586,10959758.0
2024-09-04 18:00:00,0.5586,0.56,0.5567,0.5568,5973817.0
2024-09-04 19:00:00,0.5568,0.5587,0.5556,0.557,7685424.0
2024-09-04 20:00:00,0.557,0.5584,0.5562,0.5567,6710499.0
2024-09-04 21:00:00,0.5567,0.559,0.5552,0.5581,9113658.0
2024-09-04 22:00:00,0.5581,0.5605,0.5581,0.559,7054787.0
2024-09-04 23:00:00,0.559,0.5599,0.5567,0.5574,3676955.0
2024-09-05 00:00:00,0.5574,0.5587,0.5567,0.5571,3180892.0
2024-09-05 01:00:00,0.5571,0.5594,0.5567,0.5576,5330395.0
2024-09-05 02:00:00,0.5576,0.5582,0.5558,0.5561,3770282.0
2024-09-05 03:00:00,0.5561,0.5565,0.5509,0.5525,15935282.0
2024-09-05 04:00:00,0.5525,0.5535,0.5519,0.553,4276158.0
2024-09-05 05:00:00,0.553,0.5531,0.5514,0.5525,4201398.0
2024-09-05 06:00:00,0.5525,0.5534,0.549,0.5514,12071236.0
2024-09-05 07:00:00,0.5514,0.5542,0.5508,0.5529,6676665.0
2024-09-05 08:00:00,0.5529,0.5542,0.5502,0.5515,10075644.0
2024-09-05 09:00:00,0.5515,0.5518,0.5478,0.5488,15625314.0
2024-09-05 10:00:00,0.5488,0.5508,0.548,0.5504,10645482.0
2024-09-05 11:00:00,0.5504,0.5509,0.5494,0.5499,4491219.0
2024-09-05 12:00:00,0.5499,0.5526,0.549,0.5513,6955590.0
2024-09-05 13:00:00,0.5513,0.5539,0.5507,0.5532,7397338.0
2024-09-05 14:00:00,0.5532,0.5552,0.549,0.5498,17445074.0
2024-09-05 15:00:00,0.5498,0.5503,0.5445,0.5459,27906682.0
2024-09-05 16:00:00,0.5459,0.5476,0.539,0.5414,22864509.0
2024-09-05 17:00:00,0.5414,0.5464,0.5408,0.5463,9502337.0
2024-09-05 18:00:00,0.5463,0.547,0.5448,0.5461,9550966.0
2024-09-05 19:00:00,0.5461,0.5471,0.5401,0.5424,12190409.0
2024-09-05 20:00:00,0.5424,0.5448,0.5417,0.5428,6719297.0
2024-09-05 21:00:00,0.5428,0.5441,0.5405,0.5433,8271172.0
2024-09-05 22:00:00,0.5433,0.5447,0.541,0.5439,4166990.0
2024-09-05 23:00:00,0.5439,0.5443,0.5425,0.5438,1953150.0
2024-09-06 00:00:00,0.5438,0.5444,0.5413,0.5424,5087383.0
2024-09-06 01:00:00,0.5424,0.5449,0.5398,0.5447,8323846.0
2024-09-06 02:00:00,0.5447,0.5465,0.5443,0.5455,3464182.0
2024-09-06 03:00:00,0.5455,0.5465,0.5447,0.5448,3825499.0
2024-09-06 04:00:00,0.5448,0.5459,0.5436,0.5437,9576130.0
2024-09-06 05:00:00,0.5437,0.5452,0.5423,0.5448,13051784.0
2024-09-06 06:00:00,0.5448,0.545,0.5419,0.5431,7891156.0
2024-09-06 07:00:00,0.5431,0.5431,0.5318,0.5346,39142982.0
2024-09-06 08:00:00,0.5346,0.5362,0.5334,0.5351,12965107.0
2024-09-06 09:00:00,0.5351,0.5371,0.5346,0.5364,6662025.0
2024-09-06 10:00:00,0.5364,0.5378,0.5347,0.5366,12719949.0
2024-09-06 11:00:00,0.5366,0.5395,0.5353,0.5379,21610629.0
2024-09-06 12:00:00,0.5379,0.5448,0.5364,0.544,32341626.0
2024-09-06 13:00:00,0.544,0.5443,0.5356,0.5372,27065690.0
2024-09-06 14:00:00,0.5372,0.5372,0.5262,0.5292,71927134.0
2024-09-06 15:00:00,0.5292,0.5314,0.5214,0.5258,52533702.0
2024-09-06 16:00:00,0.5258,0.5262,0.5154,0.5194,44614266.0
2024-09-06 17:00:00,0.5194,0.5224,0.5145,0.5207,19811781.0
2024-09-06 18:00:00,0.5207,0.5212,0.5125,0.5125,21384212.0
2024-09-06 19:00:00,0.5125,0.5174,0.5125,0.515,14239283.0
2024-09-06 20:00:00,0.515,0.5182,0.5036,0.5061,44380946.0
2024-09-06 21:00:00,0.5061,0.5193,0.5018,0.5189,38629825.0
2024-09-06 22:00:00,0.5189,0.5212,0.5173,0.5193,9291295.0
2024-09-06 23:00:00,0.5193,0.5214,0.519,0.5206,3596122.0
2024-09-07 00:00:00,0.5206,0.5232,0.5201,0.5223,4971647.0
2024-09-07 01:00:00,0.5223,0.5235,0.5192,0.5204,5149521.0
2024-09-07 02:00:00,0.5204,0.5212,0.5189,0.5191,3974901.0
2024-09-07 03:00:00,0.5191,0.5221,0.519,0.5217,4438866.0
2024-09-07 04:00:00,0.5217,0.5233,0.5213,0.523,3569075.0
2024-09-07 05:00:00,0.523,0.5271,0.5229,0.5271,11105134.0
2024-09-07 06:00:00,0.5271,0.5285,0.5261,0.5281,8836931.0
2024-09-07 07:00:00,0.5281,0.5299,0.5272,0.5289,12115621.0
2024-09-07 08:00:00,0.5289,0.5293,0.5266,0.5282,7385823.0
2024-09-07 09:00:00,0.5282,0.5286,0.5261,0.5265,5114050.0
2024-09-07 10:00:00,0.5265,0.5276,0.5257,0.5268,4894161.0
2024-09-07 11:00:00,0.5268,0.5276,0.5256,0.5269,3908017.0
2024-09-07 12:00:00,0.5269,0.5301,0.5269,0.5293,9127700.0
2024-09-07 13:00:00,0.5293,0.5306,0.528,0.5287,8232434.0
2024-09-07 14:00:00,0.5287,0.5301,0.5277,0.53,5815253.0
2024-09-07 15:00:00,0.53,0.5324,0.5299,0.5308,8319477.0
2024-09-07 16:00:00,0.5308,0.5313,0.5284,0.529,4258047.0
2024-09-07 17:00:00,0.529,0.5293,0.5249,0.5267,10862388.0
2024-09-07 18:00:00,0.5267,0.5291,0.5256,0.5288,4505887.0
2024-09-07 19:00:00,0.5288,0.5308,0.5278,0.5299,3572518.0
2024-09-07 20:00:00,0.5299,0.5301,0.5263,0.5265,4676806.0
2024-09-07 21:00:00,0.5265,0.5272,0.524,0.5242,11040862.0
2024-09-07 22:00:00,0.5242,0.5254,0.5221,0.5239,8254115.0
2024-09-07 23:00:00,0.5239,0.5249,0.5227,0.5244,2429227.0
2024-09-08 00:00:00,0.5244,0.5253,0.5234,0.525,3201975.0
2024-09-08 01:00:00,0.525,0.5267,0.5249,0.526,5413160.0
2024-09-08 02:00:00,0.526,0.5273,0.5255,0.5267,3915622.0
2024-09-08 03:00:00,0.5267,0.5276,0.5262,0.5275,2298860.0
2024-09-08 04:00:00,0.5275,0.5297,0.5273,0.5293,4111165.0
2024-09-08 05:00:00,0.5293,0.5298,0.5276,0.5277,2760741.0
2024-09-08 06:00:00,0.5277,0.5287,0.527,0.527,4341664.0
2024-09-08 07:00:00,0.527,0.5298,0.5269,0.5285,7089214.0
2024-09-08 08:00:00,0.5285,0.529,0.5273,0.529,2634724.0
2024-09-08 09:00:00,0.529,0.5312,0.5283,0.5285,6047208.0
2024-09-08 10:00:00,0.5285,0.5305,0.5285,0.5303,1948676.0
2024-09-08 11:00:00,0.5303,0.5306,0.528,0.5281,2697982.0
2024-09-08 12:00:00,0.5281,0.5287,0.5246,0.5248,14388816.0
2024-09-08 13:00:00,0.5248,0.527,0.5232,0.5269,11393125.0
2024-09-08 14:00:00,0.5269,0.5273,0.5249,0.5253,4825410.0
2024-09-08 15:00:00,0.5253,0.5253,0.5213,0.5216,16369599.0
2024-09-08 16:00:00,0.5216,0.5232,0.5201,0.5218,7343612.0
2024-09-08 17:00:00,0.5218,0.5261,0.5218,0.5259,6004346.0
2024-09-08 18:00:00,0.5259,0.5265,0.5248,0.5257,2668239.0
2024-09-08 19:00:00,0.5257,0.5259,0.5242,0.5249,2421274.0
2024-09-08 20:00:00,0.5249,0.5251,0.5232,0.5246,3787583.0
2024-09-08 21:00:00,0.5246,0.5276,0.5244,0.5259,3687889.0
2024-09-08 22:00:00,0.5259,0.5305,0.525,0.5261,9904116.0
2024-09-08 23:00:00,0.5261,0.5299,0.5254,0.5288,6052985.0
2024-09-09 00:00:00,0.5288,0.5299,0.5266,0.5285,6836738.0
2024-09-09 01:00:00,0.5285,0.5304,0.5275,0.5295,4756952.0
2024-09-09 02:00:00,0.5295,0.5296,0.5276,0.5293,2907180.0
2024-09-09 03:00:00,0.5293,0.53,0.5272,0.5297,3509261.0
2024-09-09 04:00:00,0.5297,0.5301,0.5282,0.5288,2218339.0
2024-09-09 05:00:00,0.5288,0.529,0.5262,0.527,6077622.0
2024-09-09 06:00:00,0.527,0.5282,0.5263,0.5282,3028257.0
2024-09-09 07:00:00,0.5282,0.531,0.5281,0.5306,6564101.0
2024-09-09 08:00:00,0.5306,0.5326,0.5303,0.5318,6248599.0
2024-09-09 09:00:00,0.5318,0.5337,0.5297,0.5299,12527776.0
2024-09-09 10:00:00,0.5299,0.5323,0.5293,0.532,5005356.0
2024-09-09 11:00:00,0.532,0.5325,0.5305,0.5306,3398800.0
2024-09-09 12:00:00,0.5306,0.5312,0.5284,0.5305,8543456.0
2024-09-09 13:00:00,0.5305,0.5332,0.5295,0.5322,6486885.0
2024-09-09 14:00:00,0.5322,0.5325,0.527,0.5275,14766723.0
2024-09-09 15:00:00,0.5275,0.5306,0.5272,0.529,4533795.0
2024-09-09 16:00:00,0.529,0.5364,0.5287,0.5355,25888325.0
2024-09-09 17:00:00,0.5355,0.5375,0.5343,0.5345,13236941.0
2024-09-09 18:00:00,0.5345,0.536,0.5328,0.5354,7124973.0
2024-09-09 19:00:00,0.5354,0.5388,0.5347,0.5384,7372929.0
2024-09-09 20:00:00,0.5384,0.5386,0.5356,0.538,7673382.0
2024-09-09 21:00:00,0.538,0.5426,0.5369,0.54,14165166.0
2024-09-09 22:00:00,0.54,0.5406,0.5382,0.5386,4140020.0
2024-09-09 23:00:00,0.5386,0.5406,0.5384,0.5389,5290239.0
2024-09-10 00:00:00,0.5389,0.5389,0.5342,0.5359,12640108.0
2024-09-10 01:00:00,0.5359,0.536,0.5337,0.5348,4449538.0
2024-09-10 02:00:00,0.5348,0.535,0.5334,0.5343,2339873.0
2024-09-10 03:00:00,0.5343,0.5344,0.533,0.5334,2458422.0
2024-09-10 04:00:00,0.5334,0.5348,0.5332,0.5343,4420555.0
2024-09-10 05:00:00,0.5343,0.5378,0.5341,0.5376,5256919.0
2024-09-10 06:00:00,0.5376,0.5376,0.5351,0.5359,5229964.0
2024-09-10 07:00:00,0.5359,0.5395,0.5353,0.5384,10674326.0
2024-09-10 08:00:00,0.5384,0.541,0.5381,0.5387,7582899.0
2024-09-10 09:00:00,0.5387,0.54,0.5356,0.5387,16348994.0
2024-09-10 10:00:00,0.5387,0.5393,0.5372,0.5385,3252383.0
2024-09-10 11:00:00,0.5385,0.5389,0.537,0.538,2767996.0
2024-09-10 12:00:00,0.538,0.5401,0.5378,0.5382,4235500.0
2024-09-10 13:00:00,0.5382,0.5382,0.5358,0.5364,10055244.0
2024-09-10 14:00:00,0.5364,0.5391,0.5351,0.537,7181679.0
2024-09-10 15:00:00,0.537,0.5403,0.5354,0.5358,7396851.0
2024-09-10 16:00:00,0.5358,0.5373,0.5352,0.5357,5957573.0
2024-09-10 17:00:00,0.5357,0.5388,0.5355,0.5373,2635774.0
2024-09-10 18:00:00,0.5373,0.5415,0.5371,0.538,7286934.0
2024-09-10 19:00:00,0.538,0.5404,0.5365,0.5399,2604369.0
2024-09-10 20:00:00,0.5399,0.542,0.5391,0.5402,2337025.0
2024-09-10 21:00:00,0.5402,0.5426,0.5391,0.5393,3902925.0
2024-09-10 22:00:00,0.5393,0.542,0.5388,0.5416,3624218.0
2024-09-10 23:00:00,0.5416,0.542,0.5403,0.5403,2678620.0
2024-09-11 00:00:00,0.5403,0.5409,0.5384,0.5397,5401295.0
2024-09-11 01:00:00,0.5397,0.5401,0.5313,0.5328,15488021.0
2024-09-11 02:00:00,0.5328,0.5364,0.5327,0.5342,4486272.0
2024-09-11 03:00:00,0.5342,0.5344,0.5321,0.5333,5328850.0
2024-09-11 04:00:00,0.5333,0.5333,0.5298,0.5322,11907928.0
2024-09-11 05:00:00,0.5322,0.5348,0.5305,0.5309,6815775.0
2024-09-11 06:00:00,0.5309,0.5327,0.5304,0.532,6123325.0
2024-09-11 07:00:00,0.532,0.5344,0.5316,0.5334,3198487.0
2024-09-11 08:00:00,0.5334,0.5335,0.5314,0.5318,4796099.0
2024-09-11 09:00:00,0.5318,0.5339,0.5316,0.5331,3842336.0
2024-09-11 10:00:00,0.5331,0.5334,0.5312,0.5325,4485342.0
2024-09-11 11:00:00,0.5325,0.5343,0.5325,0.5337,2608235.0
2024-09-11 12:00:00,0.5337,0.5341,0.5285,0.532,29371628.0
2024-09-11 13:00:00,0.532,0.5352,0.5255,0.5261,23877643.0
2024-09-11 14:00:00,0.5261,0.5289,0.5225,0.5261,21263593.0
2024-09-11 15:00:00,0.5261,0.5346,0.5255,0.5318,13642345.0
2024-09-11 16:00:00,0.5318,0.5351,0.5316,0.5336,8439223.0
2024-09-11 17:00:00,0.5336,0.5368,0.5334,0.5348,7240989.0
2024-09-11 18:00:00,0.5348,0.5378,0.5347,0.5375,7754508.0
2024-09-11 19:00:00,0.5375,0.5382,0.5359,0.5365,4081301.0
2024-09-11 20:00:00,0.5365,0.5375,0.5351,0.5351,4750042.0
2024-09-11 21:00:00,0.5351,0.536,0.5343,0.5348,7487999.0
2024-09-11 22:00:00,0.5348,0.5362,0.5341,0.535,2614756.0
2024-09-11 23:00:00,0.535,0.5357,0.5344,0.5347,3263789.0
2024-09-12 00:00:00,0.5347,0.5353,0.5331,0.5344,8931227.0
2024-09-12 01:00:00,0.5344,0.5381,0.5344,0.5377,3547707.0
2024-09-12 02:00:00,0.5377,0.5396,0.5353,0.5365,9598049.0
2024-09-12 03:00:00,0.5365,0.5379,0.5365,0.5373,4608492.0
2024-09-12 04:00:00,0.5373,0.5386,0.5364,0.5365,4689418.0
2024-09-12 05:00:00,0.5365,0.5375,0.5359,0.5371,5797351.0
2024-09-12 06:00:00,0.5371,0.5375,0.5347,0.5369,10400144.0
2024-09-12 07:00:00,0.5369,0.5389,0.5364,0.5378,4983303.0
2024-09-12 08:00:00,0.5378,0.5383,0.5367,0.537,4824377.0
2024-09-12 09:00:00,0.537,0.5392,0.5367,0.5389,8065791.0
2024-09-12 10:00:00,0.5389,0.5394,0.5378,0.5381,4699136.0
2024-09-12 11:00:00,0.5381,0.5388,0.5366,0.5372,3824966.0
2024-09-12 12:00:00,0.5372,0.5885,0.5352,0.5768,398879577.0
2024-09-12 13:00:00,0.5768,0.581,0.562,0.5708,305003027.0
2024-09-12 14:00:00,0.5708,0.5722,0.5585,0.5601,74529860.0
2024-09-12 15:00:00,0.5601,0.5644,0.5537,0.5574,46787595.0
2024-09-12 16:00:00,0.5574,0.5587,0.5543,0.5572,20293180.0
2024-09-12 17:00:00,0.5572,0.5629,0.5571,0.5618,32615931.0
2024-09-12 18:00:00,0.5618,0.5636,0.559,0.5608,31402737.0
2024-09-12 19:00:00,0.5608,0.5632,0.5596,0.5627,7872306.0
2024-09-12 20:00:00,0.5627,0.5645,0.5612,0.5643,13640886.0
2024-09-12 21:00:00,0.5643,0.5664,0.5625,0.5641,14641516.0
2024-09-12 22:00:00,0.5641,0.5658,0.5617,0.5629,9940981.0
2024-09-12 23:00:00,0.5629,0.5637,0.5604,0.5621,12677094.0
2024-09-13 00:00:00,0.5621,0.5634,0.5579,0.5585,11306886.0
2024-09-13 01:00:00,0.5585,0.5588,0.556,0.5577,17801681.0
2024-09-13 02:00:00,0.5577,0.5583,0.5553,0.5578,7189935.0
2024-09-13 03:00:00,0.5578,0.5633,0.5576,0.5608,10256156.0
2024-09-13 04:00:00,0.5608,0.5733,0.5604,0.5691,51691286.0
2024-09-13 05:00:00,0.5691,0.5725,0.5668,0.5681,26879699.0
2024-09-13 06:00:00,0.5681,0.5718,0.5657,0.5659,19995496.0
2024-09-13 07:00:00,0.5659,0.5662,0.5593,0.5634,36323607.0
2024-09-13 08:00:00,0.5634,0.5685,0.563,0.5685,19542666.0
2024-09-13 09:00:00,0.5685,0.5685,0.5623,0.5626,20056519.0
2024-09-13 10:00:00,0.5626,0.5675,0.5615,0.5656,17282294.0
2024-09-13 11:00:00,0.5656,0.5672,0.5615,0.5624,15383786.0
2024-09-13 12:00:00,0.5624,0.5707,0.5619,0.5697,21614505.0
2024-09-13 13:00:00,0.5697,0.5708,0.5648,0.5681,32938364.0
2024-09-13 14:00:00,0.5681,0.5704,0.5657,0.5688,27003195.0
2024-09-13 15:00:00,0.5688,0.5726,0.5685,0.571,18932756.0
2024-09-13 16:00:00,0.571,0.572,0.5676,0.5694,14103985.0
2024-09-13 17:00:00,0.5694,0.5698,0.5656,0.5668,14865685.0
2024-09-13 18:00:00,0.5668,0.5693,0.566,0.568,7753225.0
2024-09-13 19:00:00,0.568,0.5692,0.566,0.567,3615597.0
2024-09-13 20:00:00,0.567,0.5703,0.5666,0.5699,6614492.0
2024-09-13 21:00:00,0.5699,0.5741,0.5698,0.5717,12281997.0
2024-09-13 22:00:00,0.5717,0.5741,0.5717,0.5719,12245577.0
2024-09-13 23:00:00,0.5719,0.5724,0.5696,0.5724,10665159.0
2024-09-14 00:00:00,0.5724,0.5724,0.57,0.5702,5700193.0
2024-09-14 01:00:00,0.5702,0.5738,0.5702,0.5727,9745172.0
2024-09-14 02:00:00,0.5727,0.5765,0.5724,0.5758,15449550.0
2024-09-14 03:00:00,0.5758,0.5799,0.5756,0.5773,19458731.0
2024-09-14 04:00:00,0.5773,0.578,0.5758,0.5761,7373602.0
2024-09-14 05:00:00,0.5761,0.5802,0.5761,0.577,15054974.0
2024-09-14 06:00:00,0.577,0.5779,0.5735,0.5758,14858417.0
2024-09-14 07:00:00,0.5758,0.5795,0.5743,0.5787,17811002.0
2024-09-14 08:00:00,0.5787,0.5846,0.5779,0.5829,25169609.0
2024-09-14 09:00:00,0.5829,0.5879,0.5811,0.5815,25824362.0
2024-09-14 10:00:00,0.5815,0.5832,0.5794,0.581,13879523.0
2024-09-14 11:00:00,0.581,0.5921,0.5793,0.5867,145134550.0
2024-09-14 12:00:00,0.5867,0.59,0.5825,0.5852,46830693.0
2024-09-14 13:00:00,0.5852,0.5898,0.5852,0.5878,15109120.0
2024-09-14 14:00:00,0.5878,0.5887,0.5836,0.5844,30785181.0
2024-09-14 15:00:00,0.5844,0.5872,0.5826,0.5869,12577498.0
2024-09-14 16:00:00,0.5869,0.5895,0.5861,0.5893,12886798.0
2024-09-14 17:00:00,0.5893,0.5917,0.5874,0.5902,12179187.0
2024-09-14 18:00:00,0.5902,0.5943,0.5865,0.5897,35684053.0
2024-09-14 19:00:00,0.5897,0.5933,0.5887,0.5909,28571270.0
2024-09-14 20:00:00,0.5909,0.5926,0.5893,0.5919,15501208.0
2024-09-14 21:00:00,0.5919,0.599,0.5897,0.5958,120881350.0
2024-09-14 22:00:00,0.5958,0.5977,0.5928,0.5955,15883108.0
2024-09-14 23:00:00,0.5955,0.5987,0.5951,0.5953,19852342.0
2024-09-15 00:00:00,0.5953,0.5956,0.591,0.5928,29507761.0
2024-09-15 01:00:00,0.5928,0.5938,0.5909,0.5927,15055690.0
2024-09-15 02:00:00,0.5927,0.593,0.5895,0.5911,18412160.0
2024-09-15 03:00:00,0.5911,0.5914,0.5865,0.5876,27273894.0
2024-09-15 04:00:00,0.5876,0.5894,0.5848,0.5861,19935922.0
2024-09-15 05:00:00,0.5861,0.589,0.585,0.5869,13297593.0
2024-09-15 06:00:00,0.5869,0.5896,0.5869,0.5882,8815427.0
2024-09-15 07:00:00,0.5882,0.5891,0.5872,0.5884,5911662.0
2024-09-15 08:00:00,0.5884,0.5903,0.5855,0.587,21203845.0
2024-09-15 09:00:00,0.587,0.5883,0.5865,0.5871,12164639.0
2024-09-15 10:00:00,0.5871,0.5884,0.5832,0.5837,30894521.0
2024-09-15 11:00:00,0.5837,0.5842,0.5807,0.5832,29127283.0
2024-09-15 12:00:00,0.5832,0.5858,0.5819,0.5858,18506295.0
2024-09-15 13:00:00,0.5858,0.5873,0.585,0.5863,14082221.0
2024-09-15 14:00:00,0.5863,0.5875,0.5829,0.5874,17053202.0
2024-09-15 15:00:00,0.5874,0.5892,0.5872,0.5881,12460798.0
2024-09-15 16:00:00,0.5881,0.5886,0.5842,0.5842,9774294.0
2024-09-15 17:00:00,0.5842,0.5874,0.5813,0.5862,19331957.0
2024-09-15 18:00:00,0.5862,0.5874,0.5837,0.5846,11012098.0
2024-09-15 19:00:00,0.5846,0.5863,0.5827,0.5834,5411069.0
2024-09-15 20:00:00,0.5834,0.5838,0.5808,0.5822,17710005.0
2024-09-15 21:00:00,0.5822,0.5822,0.5738,0.5787,30705683.0
2024-09-15 22:00:00,0.5787,0.5787,0.5755,0.5757,10147896.0
2024-09-15 23:00:00,0.5757,0.5762,0.5678,0.5706,53675371.0
2024-09-16 00:00:00,0.5706,0.5714,0.5663,0.5675,27328454.0
2024-09-16 01:00:00,0.5675,0.5687,0.5602,0.5625,40661589.0
2024-09-16 02:00:00,0.5625,0.5634,0.5591,0.5601,19050456.0
2024-09-16 03:00:00,0.5601,0.5685,0.5597,0.5681,28744819.0
2024-09-16 04:00:00,0.5681,0.5698,0.5667,0.5694,13749806.0
2024-09-16 05:00:00,0.5694,0.5746,0.5691,0.5722,25472339.0
2024-09-16 06:00:00,0.5722,0.5743,0.569,0.5694,13659735.0
2024-09-16 07:00:00,0.5694,0.5722,0.5677,0.5714,14746148.0
2024-09-16 08:00:00,0.5714,0.5743,0.5705,0.5719,14420022.0
2024-09-16 09:00:00,0.5719,0.573,0.5683,0.5698,12336329.0
2024-09-16 10:00:00,0.5698,0.5714,0.5687,0.5711,6904740.0
2024-09-16 11:00:00,0.5711,0.5718,0.5699,0.5705,4083651.0
2024-09-16 12:00:00,0.5705,0.5737,0.5699,0.5727,9989095.0
2024-09-16 13:00:00,0.5727,0.5733,0.567,0.5713,23380715.0
2024-09-16 14:00:00,0.5713,0.5723,0.5644,0.5661,37938403.0
2024-09-16 15:00:00,0.5661,0.5695,0.5654,0.5681,8724080.0
2024-09-16 16:00:00,0.5681,0.5799,0.568,0.5784,27003486.0
2024-09-16 17:00:00,0.5784,0.5808,0.5743,0.5806,18980769.0
2024-09-16 18:00:00,0.5806,0.5816,0.5759,0.5795,13962359.0
2024-09-16 19:00:00,0.5795,0.591,0.5784,0.5864,22780723.0
2024-09-16 20:00:00,0.5864,0.5888,0.5791,0.5809,29084616.0
2024-09-16 21:00:00,0.5809,0.5855,0.5778,0.584,10445336.0
2024-09-16 22:00:00,0.584,0.5845,0.5801,0.5815,8113704.0
2024-09-16 23:00:00,0.5815,0.5868,0.5812,0.5861,9475120.0
2024-09-17 00:00:00,0.5861,0.5861,0.5784,0.5788,12501482.0
2024-09-17 01:00:00,0.5788,0.5826,0.5785,0.5817,12409618.0
2024-09-17 02:00:00,0.5817,0.5846,0.5812,0.5844,6331908.0
2024-09-17 03:00:00,0.5844,0.5885,0.5836,0.5863,25542491.0
2024-09-17 04:00:00,0.5863,0.5886,0.584,0.5885,6808269.0
2024-09-17 05:00:00,0.5885,0.5899,0.5871,0.5874,11976972.0
2024-09-17 06:00:00,0.5874,0.5875,0.5845,0.5874,11982045.0
2024-09-17 07:00:00,0.5874,0.5874,0.5833,0.585,10576060.0
2024-09-17 08:00:00,0.585,0.5863,0.5832,0.5847,8336817.0
2024-09-17 09:00:00,0.5847,0.5882,0.5844,0.5864,7202835.0
2024-09-17 10:00:00,0.5864,0.5876,0.5851,0.5864,4613439.0
2024-09-17 11:00:00,0.5864,0.5881,0.5841,0.5842,7758164.0
2024-09-17 12:00:00,0.5842,0.5855,0.5833,0.5841,8075348.0
2024-09-17 13:00:00,0.5841,0.5854,0.5798,0.5815,16592438.0
2024-09-17 14:00:00,0.5815,0.5928,0.5811,0.5889,31677203.0
2024-09-17 15:00:00,0.5889,0.5929,0.5883,0.5906,19614729.0
2024-09-17 16:00:00,0.5906,0.5906,0.5838,0.5856,15897952.0
2024-09-17 17:00:00,0.5856,0.5894,0.5844,0.5879,7993247.0
2024-09-17 18:00:00,0.5879,0.5902,0.5872,0.589,6231427.0
2024-09-17 19:00:00,0.589,0.5903,0.5854,0.5889,9551396.0
2024-09-17 20:00:00,0.5889,0.5893,0.5867,0.5877,6074551.0
2024-09-17 21:00:00,0.5877,0.5891,0.5864,0.5867,5372597.0
2024-09-17 22:00:00,0.5867,0.5867,0.5829,0.585,12036659.0
2024-09-17 23:00:00,0.585,0.5851,0.5833,0.5836,5957645.0
2024-09-18 00:00:00,0.5836,0.5837,0.5781,0.5815,15257708.0
2024-09-18 01:00:00,0.5815,0.582,0.5752,0.5758,14752316.0
2024-09-18 02:00:00,0.5758,0.5813,0.5757,0.5804,9462213.0
2024-09-18 03:00:00,0.5804,0.582,0.5797,0.5798,9080856.0
2024-09-18 04:00:00,0.5798,0.5806,0.5781,0.5788,8540904.0
2024-09-18 05:00:00,0.5788,0.5817,0.5773,0.5795,7220324.0
2024-09-18 06:00:00,0.5795,0.5795,0.5773,0.5778,4744139.0
2024-09-18 07:00:00,0.5778,0.5786,0.5753,0.5772,12045520.0
2024-09-18 08:00:00,0.5772,0.5778,0.5751,0.576,9105093.0
2024-09-18 09:00:00,0.576,0.5765,0.5724,0.5725,22114798.0
2024-09-18 10:00:00,0.5725,0.5739,0.5693,0.5706,35978898.0
2024-09-18 11:00:00,0.5706,0.574,0.5704,0.5724,10137758.0
2024-09-18 12:00:00,0.5724,0.5726,0.5701,0.5711,12604243.0
2024-09-18 13:00:00,0.5711,0.5725,0.566,0.5672,29891623.0
2024-09-18 14:00:00,0.5672,0.5697,0.5662,0.5681,13034971.0
2024-09-18 15:00:00,0.5681,0.5696,0.5616,0.5643,23970078.0
2024-09-18 16:00:00,0.5643,0.5677,0.5632,0.5672,9483225.0
2024-09-18 17:00:00,0.5672,0.5712,0.564,0.5705,14175924.0
2024-09-18 18:00:00,0.5705,0.5813,0.5693,0.5765,94412509.0
2024-09-18 19:00:00,0.5765,0.5782,0.5716,0.5745,20344903.0
2024-09-18 20:00:00,0.5745,0.578,0.5709,0.5777,10824454.0
2024-09-18 21:00:00,0.5777,0.5809,0.5773,0.5783,9536691.0
2024-09-18 22:00:00,0.5783,0.5812,0.5782,0.5808,6948317.0
2024-09-18 23:00:00,0.5808,0.5854,0.5808,0.5848,11419622.0
2024-09-19 00:00:00,0.5848,0.5896,0.5841,0.587,35273212.0
2024-09-19 01:00:00,0.587,0.5885,0.5809,0.5831,26330978.0
2024-09-19 02:00:00,0.5831,0.5865,0.5821,0.5865,5540072.0
2024-09-19 03:00:00,0.5865,0.5878,0.5844,0.585,10027346.0
2024-09-19 04:00:00,0.585,0.5867,0.5845,0.5864,11033957.0
2024-09-19 05:00:00,0.5864,0.588,0.5843,0.5855,9772313.0
2024-09-19 06:00:00,0.5855,0.5855,0.5821,0.5828,14009345.0
2024-09-19 07:00:00,0.5828,0.5848,0.5818,0.5848,4399253.0
2024-09-19 08:00:00,0.5848,0.586,0.5812,0.5816,10861457.0
2024-09-19 09:00:00,0.5816,0.583,0.5809,0.5816,10756595.0
2024-09-19 10:00:00,0.5816,0.5868,0.5811,0.5834,21507425.0
2024-09-19 11:00:00,0.5834,0.5856,0.5831,0.5855,14739513.0
2024-09-19 12:00:00,0.5855,0.5885,0.5841,0.5867,22740765.0
2024-09-19 13:00:00,0.5867,0.5874,0.583,0.5853,15964281.0
2024-09-19 14:00:00,0.5853,0.5926,0.584,0.5882,24096685.0
2024-09-19 15:00:00,0.5882,0.5888,0.5852,0.5857,16206786.0
2024-09-19 16:00:00,0.5857,0.5929,0.5856,0.5918,13611746.0
2024-09-19 17:00:00,0.5918,0.5944,0.5883,0.5922,23966097.0
2024-09-19 18:00:00,0.5922,0.5933,0.5902,0.5914,7173566.0
2024-09-19 19:00:00,0.5914,0.5914,0.5885,0.5892,5407711.0
2024-09-19 20:00:00,0.5892,0.5932,0.5891,0.5914,6767354.0
2024-09-19 21:00:00,0.5914,0.5916,0.5867,0.5869,15626890.0
2024-09-19 22:00:00,0.5869,0.5897,0.5845,0.5893,12083825.0
2024-09-19 23:00:00,0.5893,0.5899,0.5861,0.5866,7425971.0
2024-09-20 00:00:00,0.5866,0.5876,0.5823,0.5828,17485486.0
2024-09-20 01:00:00,0.5828,0.5834,0.5764,0.5805,38981544.0
2024-09-20 02:00:00,0.5805,0.5821,0.5794,0.5818,5926475.0
2024-09-20 03:00:00,0.5818,0.5881,0.5818,0.588,13182826.0
2024-09-20 04:00:00,0.588,0.5906,0.5871,0.5895,16680577.0
2024-09-20 05:00:00,0.5895,0.5926,0.5881,0.5899,13214226.0
2024-09-20 06:00:00,0.5899,0.5908,0.5857,0.5892,21527307.0
2024-09-20 07:00:00,0.5892,0.5916,0.5852,0.5906,16041899.0
2024-09-20 08:00:00,0.5906,0.591,0.5866,0.5892,24052687.0
2024-09-20 09:00:00,0.5892,0.5908,0.587,0.5873,21155846.0
2024-09-20 10:00:00,0.5873,0.5882,0.5852,0.5866,9501563.0
2024-09-20 11:00:00,0.5866,0.5874,0.5832,0.5845,20748543.0
2024-09-20 12:00:00,0.5845,0.5874,0.584,0.5843,11562332.0
2024-09-20 13:00:00,0.5843,0.5846,0.5785,0.5804,39610393.0
2024-09-20 14:00:00,0.5804,0.5834,0.5787,0.5811,17183369.0
2024-09-20 15:00:00,0.5811,0.5819,0.5771,0.5797,16852298.0
2024-09-20 16:00:00,0.5797,0.5807,0.5774,0.5786,15380653.0
2024-09-20 17:00:00,0.5786,0.5798,0.5758,0.5782,16562562.0
2024-09-20 18:00:00,0.5782,0.5823,0.5768,0.5821,10272986.0
2024-09-20 19:00:00,0.5821,0.5837,0.5812,0.5824,9483815.0
2024-09-20 20:00:00,0.5824,0.5858,0.5823,0.5858,14197441.0
2024-09-20 21:00:00,0.5858,0.5878,0.5851,0.5864,9166986.0
2024-09-20 22:00:00,0.5864,0.5875,0.5859,0.587,3841923.0
2024-09-20 23:00:00,0.587,0.587,0.5837,0.5845,10789822.0
2024-09-21 00:00:00,0.5845,0.5847,0.5808,0.5811,12869603.0
2024-09-21 01:00:00,0.5811,0.5825,0.5798,0.5804,9564852.0
2024-09-21 02:00:00,0.5804,0.5829,0.5804,0.5827,8166038.0
2024-09-21 03:00:00,0.5827,0.5832,0.5807,0.5809,3513490.0
2024-09-21 04:00:00,0.5809,0.5815,0.5795,0.5814,6700279.0
2024-09-21 05:00:00,0.5814,0.5831,0.5806,0.5816,7190271.0
2024-09-21 06:00:00,0.5816,0.5826,0.581,0.5817,8244754.0
2024-09-21 07:00:00,0.5817,0.5833,0.5816,0.5831,3612412.0
2024-09-21 08:00:00,0.5831,0.5835,0.5821,0.5821,4046056.0
2024-09-21 09:00:00,0.5821,0.5852,0.5821,0.5845,9881822.0
2024-09-21 10:00:00,0.5845,0.5847,0.5829,0.5832,6980982.0
2024-09-21 11:00:00,0.5832,0.5846,0.5831,0.5842,3713122.0
2024-09-21 12:00:00,0.5842,0.585,0.5825,0.585,10649601.0
2024-09-21 13:00:00,0.585,0.5866,0.584,0.586,10026265.0
2024-09-21 14:00:00,0.586,0.5874,0.5854,0.5862,9808495.0
2024-09-21 15:00:00,0.5862,0.5868,0.5834,0.5864,19994540.0
2024-09-21 16:00:00,0.5864,0.6048,0.5858,0.6044,46259424.0
2024-09-21 17:00:00,0.6044,0.6124,0.6013,0.6029,126900517.0
2024-09-21 18:00:00,0.6029,0.604,0.5982,0.5987,25018602.0
2024-09-21 19:00:00,0.5987,0.6024,0.5986,0.5996,12316411.0
2024-09-21 20:00:00,0.5996,0.6035,0.5981,0.5989,13567889.0
2024-09-21 21:00:00,0.5989,0.5997,0.5942,0.5961,33171590.0
2024-09-21 22:00:00,0.5961,0.5984,0.596,0.5982,7261608.0
2024-09-21 23:00:00,0.5982,0.5988,0.5962,0.5972,11038473.0
2024-09-22 00:00:00,0.5972,0.602,0.5949,0.6007,16794440.0
2024-09-22 01:00:00,0.6007,0.6049,0.5994,0.6014,18647421.0
2024-09-22 02:00:00,0.6014,0.6019,0.5952,0.5972,24843936.0
2024-09-22 03:00:00,0.5972,0.5996,0.597,0.5984,11018831.0
2024-09-22 04:00:00,0.5984,0.5996,0.5971,0.5989,10126716.0
2024-09-22 05:00:00,0.5989,0.5998,0.5959,0.5961,14051671.0
2024-09-22 06:00:00,0.5961,0.5982,0.5927,0.594,24924215.0
2024-09-22 07:00:00,0.594,0.596,0.5931,0.5956,12250260.0
2024-09-22 08:00:00,0.5956,0.5967,0.5943,0.5959,6285572.0
2024-09-22 09:00:00,0.5959,0.596,0.5908,0.5919,18580224.0
2024-09-22 10:00:00,0.5919,0.5941,0.59,0.5915,14329991.0
2024-09-22 11:00:00,0.5915,0.5934,0.5903,0.5925,8521979.0
2024-09-22 12:00:00,0.5925,0.5934,0.5882,0.5905,18815275.0
2024-09-22 13:00:00,0.5905,0.5912,0.5861,0.5877,16576659.0
2024-09-22 14:00:00,0.5877,0.5889,0.5835,0.5857,18309896.0
2024-09-22 15:00:00,0.5857,0.589,0.5851,0.5886,6677195.0
2024-09-22 16:00:00,0.5886,0.591,0.585,0.5904,10421514.0
2024-09-22 17:00:00,0.5904,0.5928,0.5902,0.5913,6127281.0
2024-09-22 18:00:00,0.5913,0.5917,0.5887,0.5903,9952353.0
2024-09-22 19:00:00,0.5903,0.5905,0.586,0.5896,6131193.0
2024-09-22 20:00:00,0.5896,0.5916,0.5896,0.5898,6517769.0
2024-09-22 21:00:00,0.5898,0.5908,0.5815,0.5831,19877223.0
2024-09-22 22:00:00,0.5831,0.5897,0.5774,0.589,50272547.0
2024-09-22 23:00:00,0.589,0.5895,0.5857,0.5868,6684932.0
2024-09-23 00:00:00,0.5868,0.5883,0.5783,0.5872,21306252.0
2024-09-23 01:00:00,0.5872,0.5907,0.5865,0.5893,10077083.0
2024-09-23 02:00:00,0.5893,0.5904,0.5869,0.59,5939187.0
2024-09-23 03:00:00,0.59,0.5956,0.5897,0.5934,19477998.0
2024-09-23 04:00:00,0.5934,0.5953,0.589,0.5906,13275457.0
2024-09-23 05:00:00,0.5906,0.5928,0.5895,0.5915,7264666.0
2024-09-23 06:00:00,0.5915,0.5934,0.5908,0.5916,5623762.0
2024-09-23 07:00:00,0.5916,0.5918,0.5872,0.5885,10495827.0
2024-09-23 08:00:00,0.5885,0.5886,0.5849,0.5865,13019586.0
2024-09-23 09:00:00,0.5865,0.5895,0.5863,0.588,6088693.0
2024-09-23 10:00:00,0.588,0.588,0.5842,0.5862,10963880.0
2024-09-23 11:00:00,0.5862,0.5872,0.5833,0.5863,13931080.0
2024-09-23 12:00:00,0.5863,0.588,0.5838,0.585,13988955.0
2024-09-23 13:00:00,0.585,0.5865,0.5837,0.5859,6148793.0
2024-09-23 14:00:00,0.5859,0.5901,0.5855,0.5874,19908159.0
2024-09-23 15:00:00,0.5874,0.5891,0.5844,0.5877,10179232.0
2024-09-23 16:00:00,0.5877,0.589,0.5845,0.5851,5704811.0
2024-09-23 17:00:00,0.5851,0.5868,0.584,0.5859,5123537.0
2024-09-23 18:00:00,0.5859,0.5885,0.5853,0.5873,3423514.0
2024-09-23 19:00:00,0.5873,0.5877,0.5863,0.5875,1423876.0
2024-09-23 20:00:00,0.5875,0.5875,0.5852,0.5857,3799963.0
2024-09-23 21:00:00,0.5857,0.5865,0.5826,0.5862,13499089.0
2024-09-23 22:00:00,0.5862,0.5867,0.585,0.5851,2123531.0
2024-09-23 23:00:00,0.5851,0.586,0.5843,0.5845,3730490.0
2024-09-24 00:00:00,0.5845,0.5859,0.581,0.5819,12114464.0
2024-09-24 01:00:00,0.5819,0.5854,0.5813,0.583,5267398.0
2024-09-24 02:00:00,0.583,0.5851,0.581,0.5845,7910638.0
2024-09-24 03:00:00,0.5845,0.5865,0.5834,0.5853,17020554.0
2024-09-24 04:00:00,0.5853,0.5859,0.5832,0.5842,7676340.0
2024-09-24 05:00:00,0.5842,0.5869,0.584,0.5859,4684352.0
2024-09-24 06:00:00,0.5859,0.5861,0.584,0.584,7333726.0
2024-09-24 07:00:00,0.584,0.5875,0.5839,0.5866,5868434.0
2024-09-24 08:00:00,0.5866,0.59,0.5862,0.5892,7257778.0
2024-09-24 09:00:00,0.5892,0.5906,0.5873,0.5901,11891101.0
2024-09-24 10:00:00,0.5901,0.5904,0.5881,0.5881,7516052.0
2024-09-24 11:00:00,0.5881,0.5889,0.5867,0.588,11365372.0
2024-09-24 12:00:00,0.588,0.5904,0.5873,0.5888,6253439.0
2024-09-24 13:00:00,0.5888,0.5908,0.5883,0.5888,6353098.0
2024-09-24 14:00:00,0.5888,0.5888,0.5809,0.585,46249349.0
2024-09-24 15:00:00,0.585,0.5862,0.5822,0.5831,12784114.0
2024-09-24 16:00:00,0.5831,0.5867,0.582,0.5861,11071985.0
2024-09-24 17:00:00,0.5861,0.5882,0.5848,0.5871,8059771.0
2024-09-24 18:00:00,0.5871,0.5894,0.5859,0.588,5189502.0
2024-09-24 19:00:00,0.588,0.5916,0.5877,0.5909,4695755.0
2024-09-24 20:00:00,0.5909,0.5924,0.5886,0.5889,8923342.0
2024-09-24 21:00:00,0.5889,0.5903,0.5879,0.59,8101908.0
2024-09-24 22:00:00,0.59,0.5927,0.5895,0.5921,8440990.0
2024-09-24 23:00:00,0.5921,0.5926,0.5904,0.5908,4717488.0
2024-09-25 00:00:00,0.5908,0.592,0.5893,0.5906,5864742.0
2024-09-25 01:00:00,0.5906,0.5957,0.5901,0.5924,14921997.0
2024-09-25 02:00:00,0.5924,0.5944,0.5919,0.5927,11999937.0
2024-09-25 03:00:00,0.5927,0.5933,0.5912,0.5933,15078047.0
2024-09-25 04:00:00,0.5933,0.594,0.5887,0.5889,10297011.0
2024-09-25 05:00:00,0.5889,0.5902,0.5873,0.5884,10682980.0
2024-09-25 06:00:00,0.5884,0.5884,0.585,0.5851,10534107.0
2024-09-25 07:00:00,0.5851,0.5875,0.5845,0.5874,6379564.0
2024-09-25 08:00:00,0.5874,0.5887,0.5866,0.5886,4318870.0
2024-09-25 09:00:00,0.5886,0.5896,0.5861,0.5864,7479230.0
2024-09-25 10:00:00,0.5864,0.5886,0.5863,0.5879,4668844.0
2024-09-25 11:00:00,0.5879,0.5906,0.5861,0.5901,9726401.0
2024-09-25 12:00:00,0.5901,0.5921,0.5889,0.5898,12718644.0
2024-09-25 13:00:00,0.5898,0.5911,0.5869,0.5908,9908233.0
2024-09-25 14:00:00,0.5908,0.5919,0.5882,0.5899,9566360.0
2024-09-25 15:00:00,0.5899,0.5909,0.5847,0.585,11887525.0
2024-09-25 16:00:00,0.585,0.5875,0.5845,0.5865,5875170.0
2024-09-25 17:00:00,0.5865,0.5871,0.5827,0.5843,11411504.0
2024-09-25 18:00:00,0.5843,0.5861,0.5832,0.5858,6243778.0
2024-09-25 19:00:00,0.5858,0.5867,0.5843,0.5844,2242933.0
2024-09-25 20:00:00,0.5844,0.5872,0.5843,0.5867,2843033.0
2024-09-25 21:00:00,0.5867,0.5871,0.5851,0.5853,1912695.0
2024-09-25 22:00:00,0.5853,0.586,0.5832,0.5847,6556367.0
2024-09-25 23:00:00,0.5847,0.5848,0.582,0.5828,11462755.0
2024-09-26 00:00:00,0.5828,0.5845,0.5734,0.5771,38476014.0
2024-09-26 01:00:00,0.5771,0.5809,0.5761,0.5808,19208824.0
2024-09-26 02:00:00,0.5808,0.5823,0.5805,0.5821,6801634.0
2024-09-26 03:00:00,0.5821,0.5831,0.5815,0.582,5372505.0
2024-09-26 04:00:00,0.582,0.5828,0.5815,0.5824,3848162.0
2024-09-26 05:00:00,0.5824,0.585,0.582,0.5843,5532322.0
2024-09-26 06:00:00,0.5843,0.5857,0.5834,0.5848,4859266.0
2024-09-26 07:00:00,0.5848,0.5888,0.5841,0.5878,32389557.0
2024-09-26 08:00:00,0.5878,0.5883,0.5855,0.5863,10181188.0
2024-09-26 09:00:00,0.5863,0.5881,0.5861,0.5867,5615801.0
2024-09-26 10:00:00,0.5867,0.591,0.5863,0.5903,14071873.0
2024-09-26 11:00:00,0.5903,0.5907,0.5887,0.5896,7339673.0
2024-09-26 12:00:00,0.5896,0.5901,0.5879,0.5891,7847393.0
2024-09-26 13:00:00,0.5891,0.5912,0.5876,0.5892,14838885.0
2024-09-26 14:00:00,0.5892,0.5928,0.5888,0.5892,22271237.0
2024-09-26 15:00:00,0.5892,0.5941,0.588,0.5925,16971681.0
2024-09-26 16:00:00,0.5925,0.5955,0.5913,0.5921,15152901.0
2024-09-26 17:00:00,0.5921,0.5961,0.5911,0.5912,11302009.0
2024-09-26 18:00:00,0.5912,0.5935,0.5907,0.5933,5789863.0
2024-09-26 19:00:00,0.5933,0.5946,0.592,0.5924,4939582.0
2024-09-26 20:00:00,0.5924,0.5937,0.5883,0.5884,10831410.0
2024-09-26 21:00:00,0.5884,0.5916,0.5881,0.5916,8675598.0
2024-09-26 22:00:00,0.5916,0.5928,0.5905,0.5907,5610986.0
2024-09-26 23:00:00,0.5907,0.5907,0.5867,0.5903,8128705.0
2024-09-27 00:00:00,0.5903,0.5911,0.5885,0.5891,5827272.0
2024-09-27 01:00:00,0.5891,0.5905,0.5856,0.5874,12748559.0
2024-09-27 02:00:00,0.5874,0.5879,0.583,0.5834,20338419.0
2024-09-27 03:00:00,0.5834,0.5865,0.5822,0.5862,13343205.0
2024-09-27 04:00:00,0.5862,0.5893,0.586,0.5887,12981496.0
2024-09-27 05:00:00,0.5887,0.5916,0.5876,0.5915,9264679.0
2024-09-27 06:00:00,0.5915,0.5926,0.5875,0.5881,17279004.0
2024-09-27 07:00:00,0.5881,0.5895,0.5866,0.5891,8916365.0
2024-09-27 08:00:00,0.5891,0.592,0.5888,0.5902,11503930.0
2024-09-27 09:00:00,0.5902,0.5914,0.5881,0.5885,11939232.0
2024-09-27 10:00:00,0.5885,0.5887,0.5851,0.587,22046139.0
2024-09-27 11:00:00,0.587,0.5876,0.5856,0.587,8389363.0
2024-09-27 12:00:00,0.587,0.5895,0.5864,0.5889,23841925.0
2024-09-27 13:00:00,0.5889,0.5895,0.5868,0.5889,11411019.0
2024-09-27 14:00:00,0.5889,0.5972,0.5879,0.5923,47333616.0
2024-09-27 15:00:00,0.5923,0.5939,0.5877,0.5881,18978722.0
2024-09-27 16:00:00,0.5881,0.5912,0.5867,0.5912,15421862.0
2024-09-27 17:00:00,0.5912,0.5917,0.5858,0.5878,12075631.0
2024-09-27 18:00:00,0.5878,0.5885,0.586,0.5885,7984929.0
2024-09-27 19:00:00,0.5885,0.5891,0.5854,0.5869,10115736.0
2024-09-27 20:00:00,0.5869,0.5873,0.5838,0.5861,10640533.0
2024-09-27 21:00:00,0.5861,0.5876,0.5857,0.5873,4925273.0
2024-09-27 22:00:00,0.5873,0.5882,0.5868,0.5879,5203594.0
2024-09-27 23:00:00,0.5879,0.5892,0.5869,0.5884,3490799.0
2024-09-28 00:00:00,0.5884,0.5893,0.588,0.5888,4133063.0
2024-09-28 01:00:00,0.5888,0.5899,0.5886,0.5898,4252496.0
2024-09-28 02:00:00,0.5898,0.593,0.5898,0.5925,10249807.0
2024-09-28 03:00:00,0.5925,0.5927,0.5899,0.5907,6238834.0
2024-09-28 04:00:00,0.5907,0.5908,0.5895,0.5897,5018833.0
2024-09-28 05:00:00,0.5897,0.5899,0.5867,0.5873,11038051.0
2024-09-28 06:00:00,0.5873,0.5879,0.5852,0.5875,15269630.0
2024-09-28 07:00:00,0.5875,0.6121,0.5871,0.6077,197122766.0
2024-09-28 08:00:00,0.6077,0.6112,0.5982,0.5992,81945623.0
2024-09-28 09:00:00,0.5992,0.6105,0.5962,0.6083,288913550.0
2024-09-28 10:00:00,0.6083,0.6193,0.6061,0.6192,177920605.0
2024-09-28 11:00:00,0.6192,0.6237,0.6144,0.6172,106217004.0
2024-09-28 12:00:00,0.6172,0.6177,0.6112,0.6157,32066558.0
2024-09-28 13:00:00,0.6157,0.6222,0.6131,0.6205,40578418.0
2024-09-28 14:00:00,0.6205,0.6247,0.6188,0.619,68956781.0
2024-09-28 15:00:00,0.619,0.6214,0.6165,0.6174,23346194.0
2024-09-28 16:00:00,0.6174,0.6242,0.6155,0.6217,40050577.0
2024-09-28 17:00:00,0.6217,0.6262,0.6212,0.6241,42709220.0
2024-09-28 18:00:00,0.6241,0.6257,0.6223,0.6233,13803872.0
2024-09-28 19:00:00,0.6233,0.624,0.6209,0.6226,11528663.0
2024-09-28 20:00:00,0.6226,0.6242,0.6181,0.6193,13809231.0
2024-09-28 21:00:00,0.6193,0.6193,0.6119,0.6172,34040449.0
2024-09-28 22:00:00,0.6172,0.6185,0.6148,0.616,14731900.0
2024-09-28 23:00:00,0.616,0.6163,0.612,0.6139,21840193.0
2024-09-29 00:00:00,0.6139,0.6166,0.6087,0.6094,32712101.0
2024-09-29 01:00:00,0.6094,0.6126,0.6092,0.6122,12320467.0
2024-09-29 02:00:00,0.6122,0.6136,0.6101,0.6107,11057593.0
2024-09-29 03:00:00,0.6107,0.6134,0.6074,0.6129,29327302.0
2024-09-29 04:00:00,0.6129,0.6167,0.6102,0.6148,20036222.0
2024-09-29 05:00:00,0.6148,0.6206,0.6123,0.6196,63413910.0
2024-09-29 06:00:00,0.6196,0.6296,0.6164,0.6242,90327896.0
2024-09-29 07:00:00,0.6242,0.6326,0.6231,0.6281,61052375.0
2024-09-29 08:00:00,0.6281,0.6292,0.6212,0.6229,54544065.0
2024-09-29 09:00:00,0.6229,0.6282,0.6226,0.6261,16535104.0
2024-09-29 10:00:00,0.6261,0.6307,0.6255,0.6277,22186169.0
2024-09-29 11:00:00,0.6277,0.6284,0.6234,0.6242,19096133.0
2024-09-29 12:00:00,0.6242,0.628,0.6226,0.6236,20538254.0
2024-09-29 13:00:00,0.6236,0.6328,0.6206,0.6297,49420951.0
2024-09-29 14:00:00,0.6297,0.6434,0.6277,0.6428,98243884.0
2024-09-29 15:00:00,0.6428,0.6654,0.6399,0.6597,585481862.0
2024-09-29 16:00:00,0.6597,0.6617,0.6514,0.6533,68533588.0
2024-09-29 17:00:00,0.6533,0.6557,0.6484,0.6532,39480623.0
2024-09-29 18:00:00,0.6532,0.6561,0.6495,0.6553,17916517.0
2024-09-29 19:00:00,0.6553,0.6553,0.6505,0.6522,12058578.0
2024-09-29 20:00:00,0.6522,0.6524,0.6414,0.6417,41715506.0
2024-09-29 21:00:00,0.6417,0.6457,0.6415,0.645,27415802.0
2024-09-29 22:00:00,0.645,0.646,0.6379,0.6404,37106034.0
2024-09-29 23:00:00,0.6404,0.6432,0.637,0.6412,24128276.0
2024-09-30 00:00:00,0.6412,0.649,0.6348,0.6473,49985198.0
2024-09-30 01:00:00,0.6473,0.6487,0.6411,0.6453,44083171.0
2024-09-30 02:00:00,0.6453,0.6513,0.6354,0.6391,62352199.0
2024-09-30 03:00:00,0.6391,0.647,0.6363,0.6452,26895779.0
2024-09-30 04:00:00,0.6452,0.65,0.6436,0.6438,50802224.0
2024-09-30 05:00:00,0.6438,0.6539,0.64,0.6504,57375887.0
2024-09-30 06:00:00,0.6504,0.6507,0.6441,0.6443,19287501.0
2024-09-30 07:00:00,0.6443,0.6477,0.6424,0.6452,20033314.0
2024-09-30 08:00:00,0.6452,0.653,0.6437,0.6513,31131282.0
2024-09-30 09:00:00,0.6513,0.6548,0.633,0.6337,81136735.0
2024-09-30 10:00:00,0.6337,0.6362,0.6249,0.6291,96952108.0
2024-09-30 11:00:00,0.6291,0.632,0.6263,0.6299,25478487.0
2024-09-30 12:00:00,0.6299,0.6368,0.6279,0.6339,30768309.0
2024-09-30 13:00:00,0.6339,0.6355,0.6272,0.6277,30953416.0
2024-09-30 14:00:00,0.6277,0.628,0.6214,0.6236,55727704.0
2024-09-30 15:00:00,0.6236,0.6248,0.6171,0.6176,38947346.0
2024-09-30 16:00:00,0.6176,0.622,0.6164,0.6179,30486237.0
2024-09-30 17:00:00,0.6179,0.6207,0.6172,0.6206,13355946.0
2024-09-30 18:00:00,0.6206,0.6221,0.6178,0.6221,15234725.0
2024-09-30 19:00:00,0.6221,0.6237,0.6219,0.6225,7039533.0
2024-09-30 20:00:00,0.6225,0.6246,0.6212,0.6237,8758175.0
2024-09-30 21:00:00,0.6237,0.6247,0.6229,0.6232,7808672.0
2024-09-30 22:00:00,0.6232,0.624,0.618,0.6186,16645713.0
2024-09-30 23:00:00,0.6186,0.6205,0.6084,0.6115,64744937.0
2024-10-01 00:00:00,0.6115,0.6203,0.6098,0.6199,21532265.0
2024-10-01 01:00:00,0.6199,0.6218,0.6188,0.6214,15666708.0
2024-10-01 02:00:00,0.6214,0.6228,0.6175,0.6221,15463655.0
2024-10-01 03:00:00,0.6221,0.6249,0.6216,0.6226,13133190.0
2024-10-01 04:00:00,0.6226,0.6238,0.619,0.6194,12978619.0
2024-10-01 05:00:00,0.6194,0.6218,0.6179,0.6214,12179439.0
2024-10-01 06:00:00,0.6214,0.6235,0.6195,0.6231,11015505.0
2024-10-01 07:00:00,0.6231,0.6291,0.6203,0.6283,52729898.0
2024-10-01 08:00:00,0.6283,0.6287,0.6253,0.6274,18100303.0
2024-10-01 09:00:00,0.6274,0.631,0.627,0.6301,17101140.0
2024-10-01 10:00:00,0.6301,0.6341,0.6294,0.6323,22321362.0
2024-10-01 11:00:00,0.6323,0.6327,0.6283,0.6283,48492458.0
2024-10-01 12:00:00,0.6283,0.6302,0.6274,0.6292,15577612.0
2024-10-01 13:00:00,0.6292,0.6296,0.6094,0.618,144508813.0
2024-10-01 14:00:00,0.618,0.6231,0.6055,0.6107,103073319.0
2024-10-01 15:00:00,0.6107,0.613,0.5926,0.6118,195230587.0
2024-10-01 16:00:00,0.6118,0.6162,0.5989,0.6061,88080801.0
2024-10-01 17:00:00,0.6061,0.6061,0.5774,0.5965,329324684.0
2024-10-01 18:00:00,0.5965,0.6214,0.5932,0.6204,217235594.0
2024-10-01 19:00:00,0.6204,0.6275,0.6014,0.6098,510621732.0
2024-10-01 20:00:00,0.6098,0.6205,0.5987,0.6063,145498102.0
2024-10-01 21:00:00,0.6063,0.6078,0.5879,0.6015,81591757.0
2024-10-01 22:00:00,0.6015,0.602,0.5909,0.595,26978650.0
2024-10-01 23:00:00,0.595,0.599,0.5922,0.5968,18671299.0
2024-10-02 00:00:00,0.5968,0.6038,0.5939,0.6018,25002190.0
2024-10-02 01:00:00,0.6018,0.6064,0.6003,0.606,14536196.0
2024-10-02 02:00:00,0.606,0.606,0.6015,0.6043,19146183.0
2024-10-02 03:00:00,0.6043,0.6052,0.6018,0.6024,13104178.0
2024-10-02 04:00:00,0.6024,0.6049,0.599,0.6038,31574171.0
2024-10-02 05:00:00,0.6038,0.6041,0.5964,0.5986,28033094.0
2024-10-02 06:00:00,0.5986,0.602,0.5953,0.599,22320862.0
2024-10-02 07:00:00,0.599,0.6039,0.5976,0.6004,23061991.0
2024-10-02 08:00:00,0.6004,0.6033,0.599,0.6015,13355290.0
2024-10-02 09:00:00,0.6015,0.6019,0.588,0.5897,47640484.0
2024-10-02 10:00:00,0.5897,0.5945,0.586,0.5892,44809775.0
2024-10-02 11:00:00,0.5892,0.5911,0.5797,0.5857,66170148.0
2024-10-02 12:00:00,0.5857,0.5894,0.5802,0.5865,47109122.0
2024-10-02 13:00:00,0.5865,0.5927,0.5758,0.5849,72940907.0
2024-10-02 14:00:00,0.5849,0.587,0.58,0.5803,27786811.0
2024-10-02 15:00:00,0.5803,0.5874,0.5784,0.5842,16319675.0
2024-10-02 16:00:00,0.5842,0.5898,0.5833,0.5837,19729061.0
2024-10-02 17:00:00,0.5837,0.5852,0.5798,0.5815,16150038.0
2024-10-02 18:00:00,0.5815,0.5815,0.5671,0.5689,66327426.0
2024-10-02 19:00:00,0.5689,0.5762,0.5647,0.575,47901417.0
2024-10-02 20:00:00,0.575,0.578,0.5617,0.5705,180859519.0
2024-10-02 21:00:00,0.5705,0.5737,0.5368,0.541,398058162.0
2024-10-02 22:00:00,0.541,0.5466,0.5266,0.5449,353796694.0
2024-10-02 23:00:00,0.5449,0.5479,0.5354,0.5381,60630864.0
2024-10-03 00:00:00,0.5381,0.5381,0.5229,0.5319,142507631.0
2024-10-03 01:00:00,0.5319,0.537,0.5256,0.5334,48167682.0
2024-10-03 02:00:00,0.5334,0.5444,0.5318,0.5406,40238104.0
2024-10-03 03:00:00,0.5406,0.5413,0.5361,0.5376,25583991.0
2024-10-03 04:00:00,0.5376,0.5416,0.5351,0.5374,33541187.0
2024-10-03 05:00:00,0.5374,0.5391,0.5329,0.5341,50482739.0
2024-10-03 06:00:00,0.5341,0.5355,0.5308,0.5319,29565536.0
2024-10-03 07:00:00,0.5319,0.5339,0.5185,0.5186,115131940.0
2024-10-03 08:00:00,0.5186,0.5207,0.5101,0.5136,97025425.0
2024-10-03 09:00:00,0.5136,0.5212,0.5066,0.5195,93073110.0
2024-10-03 10:00:00,0.5195,0.5254,0.519,0.5238,26233135.0
2024-10-03 11:00:00,0.5238,0.5252,0.5161,0.5169,23995054.0
2024-10-03 12:00:00,0.5169,0.5224,0.5126,0.5203,37168554.0
2024-10-03 13:00:00,0.5203,0.5236,0.5146,0.5212,57122342.0
2024-10-03 14:00:00,0.5212,0.528,0.5157,0.5171,50243293.0
2024-10-03 15:00:00,0.5171,0.523,0.5114,0.5221,51260103.0
2024-10-03 16:00:00,0.5221,0.5237,0.5139,0.5144,19523720.0
2024-10-03 17:00:00,0.5144,0.5227,0.5115,0.5206,29479463.0
2024-10-03 18:00:00,0.5206,0.5238,0.5197,0.5226,21879718.0
2024-10-03 19:00:00,0.5226,0.5277,0.5226,0.5271,25177875.0
2024-10-03 20:00:00,0.5271,0.5271,0.5222,0.5233,10229951.0
2024-10-03 21:00:00,0.5233,0.5258,0.5204,0.5248,7496259.0
2024-10-03 22:00:00,0.5248,0.5255,0.5215,0.5247,6759189.0
2024-10-03 23:00:00,0.5247,0.5258,0.5209,0.5217,9600877.0
2024-10-04 00:00:00,0.5217,0.5231,0.5147,0.5153,49384529.0
2024-10-04 01:00:00,0.5153,0.5239,0.5151,0.5236,36702513.0
2024-10-04 02:00:00,0.5236,0.5273,0.5222,0.5224,26057633.0
2024-10-04 03:00:00,0.5224,0.525,0.5213,0.5246,13925014.0
2024-10-04 04:00:00,0.5246,0.5276,0.524,0.5255,13797008.0
2024-10-04 05:00:00,0.5255,0.5284,0.5253,0.5274,16639735.0
2024-10-04 06:00:00,0.5274,0.5275,0.5204,0.5209,27336903.0
2024-10-04 07:00:00,0.5209,0.5241,0.5205,0.5239,13457526.0
2024-10-04 08:00:00,0.5239,0.5278,0.5224,0.5228,15168343.0
2024-10-04 09:00:00,0.5228,0.5259,0.522,0.5229,12469085.0
2024-10-04 10:00:00,0.5229,0.5254,0.5215,0.5232,18563507.0
2024-10-04 11:00:00,0.5232,0.5254,0.5223,0.525,7664101.0
2024-10-04 12:00:00,0.525,0.5274,0.5215,0.5274,29483038.0
2024-10-04 13:00:00,0.5274,0.528,0.5226,0.5231,20924013.0
2024-10-04 14:00:00,0.5231,0.5232,0.5151,0.5198,60858639.0
2024-10-04 15:00:00,0.5198,0.5229,0.518,0.5217,23732079.0
2024-10-04 16:00:00,0.5217,0.533,0.5212,0.5313,34111619.0
2024-10-04 17:00:00,0.5313,0.5328,0.5296,0.5311,12403565.0
2024-10-04 18:00:00,0.5311,0.5388,0.5301,0.5384,18598371.0
2024-10-04 19:00:00,0.5384,0.5384,0.5349,0.5355,15248832.0
2024-10-04 20:00:00,0.5355,0.5358,0.5312,0.5344,17177475.0
2024-10-04 21:00:00,0.5344,0.5349,0.533,0.5341,6470692.0
2024-10-04 22:00:00,0.5341,0.5342,0.5318,0.5339,11010771.0
2024-10-04 23:00:00,0.5339,0.5346,0.5322,0.5337,8697419.0
2024-10-05 00:00:00,0.5337,0.5343,0.5313,0.5341,12731312.0
2024-10-05 01:00:00,0.5341,0.5351,0.5304,0.5323,11406599.0
2024-10-05 02:00:00,0.5323,0.5324,0.5273,0.5279,17722131.0
2024-10-05 03:00:00,0.5279,0.5301,0.5262,0.5274,32726455.0
2024-10-05 04:00:00,0.5274,0.5305,0.5266,0.5295,8232598.0
2024-10-05 05:00:00,0.5295,0.5321,0.529,0.5321,5596271.0
2024-10-05 06:00:00,0.5321,0.5344,0.5304,0.5342,11593323.0
2024-10-05 07:00:00,0.5342,0.5345,0.5315,0.5327,7356887.0
2024-10-05 08:00:00,0.5327,0.5349,0.5317,0.5327,11947438.0
2024-10-05 09:00:00,0.5327,0.534,0.5317,0.5327,4647196.0
2024-10-05 10:00:00,0.5327,0.5332,0.5309,0.5315,8276302.0
2024-10-05 11:00:00,0.5315,0.5324,0.5309,0.5312,3865531.0
2024-10-05 12:00:00,0.5312,0.5323,0.5309,0.532,9214728.0
2024-10-05 13:00:00,0.532,0.5325,0.5293,0.5302,10993194.0
2024-10-05 14:00:00,0.5302,0.5317,0.5285,0.5307,9155328.0
2024-10-05 15:00:00,0.5307,0.531,0.5284,0.5301,7513245.0
2024-10-05 16:00:00,0.5301,0.5303,0.5262,0.5268,12536705.0
2024-10-05 17:00:00,0.5268,0.5285,0.5257,0.5281,10049390.0
2024-10-05 18:00:00,0.5281,0.5322,0.5274,0.5309,8397658.0
2024-10-05 19:00:00,0.5309,0.535,0.5305,0.5333,17204983.0
2024-10-05 20:00:00,0.5333,0.5341,0.5275,0.5281,18484491.0
2024-10-05 21:00:00,0.5281,0.5303,0.5263,0.5289,9733168.0
2024-10-05 22:00:00,0.5289,0.5325,0.5288,0.5321,7192889.0
2024-10-05 23:00:00,0.5321,0.5322,0.5284,0.5291,7632059.0
2024-10-06 00:00:00,0.5291,0.5308,0.5276,0.5307,6023779.0
2024-10-06 01:00:00,0.5307,0.5328,0.5301,0.5323,9216826.0
2024-10-06 02:00:00,0.5323,0.5327,0.5305,0.5312,5782876.0
2024-10-06 03:00:00,0.5312,0.5316,0.5292,0.5293,4198502.0
2024-10-06 04:00:00,0.5293,0.531,0.5284,0.5289,9385546.0
2024-10-06 05:00:00,0.5289,0.5306,0.5284,0.5303,5260110.0
2024-10-06 06:00:00,0.5303,0.5323,0.5299,0.5303,7741219.0
2024-10-06 07:00:00,0.5303,0.5314,0.5303,0.5309,5475462.0
2024-10-06 08:00:00,0.5309,0.5318,0.5293,0.5302,10987400.0
2024-10-06 09:00:00,0.5302,0.531,0.5296,0.5301,4720269.0
2024-10-06 10:00:00,0.5301,0.5305,0.528,0.5296,9454366.0
2024-10-06 11:00:00,0.5296,0.531,0.5293,0.5304,7835573.0
2024-10-06 12:00:00,0.5304,0.5314,0.5296,0.531,5893455.0
2024-10-06 13:00:00,0.531,0.5332,0.5308,0.5318,12950143.0
2024-10-06 14:00:00,0.5318,0.5354,0.5305,0.5351,15799014.0
2024-10-06 15:00:00,0.5351,0.5367,0.5324,0.5366,21698407.0
2024-10-06 16:00:00,0.5366,0.537,0.5331,0.5332,10843362.0
2024-10-06 17:00:00,0.5332,0.535,0.5315,0.5321,15436707.0
2024-10-06 18:00:00,0.5321,0.534,0.5313,0.5328,8045347.0
2024-10-06 19:00:00,0.5328,0.5349,0.5313,0.5317,12596996.0
2024-10-06 20:00:00,0.5317,0.5332,0.531,0.5319,7421640.0
2024-10-06 21:00:00,0.5319,0.533,0.5293,0.5299,10746407.0
2024-10-06 22:00:00,0.5299,0.5325,0.5297,0.5323,6082767.0
2024-10-06 23:00:00,0.5323,0.5344,0.5323,0.5332,10803664.0
2024-10-07 00:00:00,0.5332,0.5385,0.5321,0.5384,16292290.0
2024-10-07 01:00:00,0.5384,0.54,0.5368,0.539,13617661.0
2024-10-07 02:00:00,0.539,0.5444,0.5387,0.5408,19714637.0
2024-10-07 03:00:00,0.5408,0.5422,0.5382,0.5403,11557495.0
2024-10-07 04:00:00,0.5403,0.5424,0.5397,0.5413,6043662.0
2024-10-07 05:00:00,0.5413,0.5431,0.5396,0.5399,11787597.0
2024-10-07 06:00:00,0.5399,0.5423,0.5394,0.5417,12985117.0
2024-10-07 07:00:00,0.5417,0.5419,0.5395,0.54,7656259.0
2024-10-07 08:00:00,0.54,0.5421,0.5399,0.5406,9056554.0
2024-10-07 09:00:00,0.5406,0.5406,0.5332,0.5358,33617039.0
2024-10-07 10:00:00,0.5358,0.5358,0.5302,0.5334,22745397.0
2024-10-07 11:00:00,0.5334,0.5372,0.5305,0.5371,20949406.0
2024-10-07 12:00:00,0.5371,0.5383,0.5352,0.5364,8162949.0
2024-10-07 13:00:00,0.5364,0.5435,0.5362,0.5394,30735410.0
2024-10-07 14:00:00,0.5394,0.5448,0.5388,0.541,21167926.0
2024-10-07 15:00:00,0.541,0.5415,0.5373,0.5408,23496451.0
2024-10-07 16:00:00,0.5408,0.5442,0.5391,0.544,20418272.0
2024-10-07 17:00:00,0.544,0.5458,0.5416,0.5433,18164341.0
2024-10-07 18:00:00,0.5433,0.5434,0.5341,0.5358,17106336.0
2024-10-07 19:00:00,0.5358,0.5405,0.5356,0.5401,10509744.0
2024-10-07 20:00:00,0.5401,0.5401,0.5349,0.5352,9775620.0
2024-10-07 21:00:00,0.5352,0.5387,0.5349,0.5386,6628353.0
2024-10-07 22:00:00,0.5386,0.5387,0.5313,0.5315,14555301.0
2024-10-07 23:00:00,0.5315,0.5334,0.5282,0.5282,23578660.0
2024-10-08 00:00:00,0.5282,0.5323,0.5282,0.5318,12835894.0
2024-10-08 01:00:00,0.5318,0.5333,0.5295,0.5323,8153194.0
2024-10-08 02:00:00,0.5323,0.5334,0.5303,0.5334,8223709.0
2024-10-08 03:00:00,0.5334,0.5337,0.5313,0.5321,3757168.0
2024-10-08 04:00:00,0.5321,0.5342,0.532,0.5337,7689696.0
2024-10-08 05:00:00,0.5337,0.5339,0.5281,0.5303,21238417.0
2024-10-08 06:00:00,0.5303,0.5306,0.5269,0.5298,16312087.0
2024-10-08 07:00:00,0.5298,0.5298,0.5241,0.5272,26585764.0
2024-10-08 08:00:00,0.5272,0.5298,0.5259,0.5294,7226552.0
2024-10-08 09:00:00,0.5294,0.5301,0.5272,0.5297,4594041.0
2024-10-08 10:00:00,0.5297,0.5314,0.5289,0.5307,10773867.0
2024-10-08 11:00:00,0.5307,0.5315,0.5301,0.5311,4513035.0
2024-10-08 12:00:00,0.5311,0.5316,0.5278,0.5283,8551540.0
2024-10-08 13:00:00,0.5283,0.5321,0.5261,0.532,16844802.0
2024-10-08 14:00:00,0.532,0.5321,0.5264,0.5282,16027485.0
2024-10-08 15:00:00,0.5282,0.5286,0.5207,0.5244,26992888.0
2024-10-08 16:00:00,0.5244,0.5298,0.5228,0.5297,15016354.0
2024-10-08 17:00:00,0.5297,0.53,0.5279,0.5292,7108443.0
2024-10-08 18:00:00,0.5292,0.5305,0.526,0.5281,7220194.0
2024-10-08 19:00:00,0.5281,0.5306,0.5269,0.5297,8036240.0
2024-10-08 20:00:00,0.5297,0.5355,0.529,0.5306,29770520.0
2024-10-08 21:00:00,0.5306,0.5331,0.5305,0.5319,12315561.0
2024-10-08 22:00:00,0.5319,0.5322,0.5293,0.5295,7260178.0
2024-10-08 23:00:00,0.5295,0.5312,0.5286,0.5309,3669860.0
2024-10-09 00:00:00,0.5309,0.5317,0.529,0.531,6493008.0
2024-10-09 01:00:00,0.531,0.5345,0.5308,0.5335,8804234.0
2024-10-09 02:00:00,0.5335,0.5341,0.5319,0.5319,5511531.0
2024-10-09 03:00:00,0.5319,0.5335,0.5308,0.5329,5225189.0
2024-10-09 04:00:00,0.5329,0.5336,0.5322,0.5332,5058016.0
2024-10-09 05:00:00,0.5332,0.5343,0.5322,0.5328,12698090.0
2024-10-09 06:00:00,0.5328,0.5329,0.5314,0.5316,5660836.0
2024-10-09 07:00:00,0.5316,0.5319,0.5288,0.5306,13060313.0
2024-10-09 08:00:00,0.5306,0.531,0.5289,0.5295,5915330.0
2024-10-09 09:00:00,0.5295,0.5326,0.5288,0.5325,6450507.0
2024-10-09 10:00:00,0.5325,0.5343,0.531,0.533,17863753.0
2024-10-09 11:00:00,0.533,0.5336,0.5317,0.5325,3626991.0
2024-10-09 12:00:00,0.5325,0.5326,0.5291,0.5303,12717127.0
2024-10-09 13:00:00,0.5303,0.5307,0.5272,0.5288,16687223.0
2024-10-09 14:00:00,0.5288,0.5301,0.5257,0.5276,18968706.0
2024-10-09 15:00:00,0.5276,0.532,0.5276,0.5313,17142821.0
2024-10-09 16:00:00,0.5313,0.5335,0.5297,0.5318,18496295.0
2024-10-09 17:00:00,0.5318,0.5335,0.5316,0.5318,7234832.0
2024-10-09 18:00:00,0.5318,0.5322,0.5283,0.5288,10027912.0
2024-10-09 19:00:00,0.5288,0.5305,0.5282,0.5301,5286743.0
2024-10-09 20:00:00,0.5301,0.5303,0.5211,0.5225,31967599.0
2024-10-09 21:00:00,0.5225,0.5269,0.5204,0.5261,15665328.0
2024-10-09 22:00:00,0.5261,0.5261,0.5242,0.5258,4905848.0
2024-10-09 23:00:00,0.5258,0.5264,0.5236,0.5242,4473101.0
2024-10-10 00:00:00,0.5242,0.5254,0.5224,0.5234,7966975.0
2024-10-10 01:00:00,0.5234,0.5266,0.5232,0.5261,4480120.0
2024-10-10 02:00:00,0.5261,0.5282,0.5259,0.5277,5756701.0
2024-10-10 03:00:00,0.5277,0.5289,0.5271,0.5274,4847898.0
2024-10-10 04:00:00,0.5274,0.5284,0.527,0.5277,2691898.0
2024-10-10 05:00:00,0.5277,0.5281,0.5255,0.5276,7811476.0
2024-10-10 06:00:00,0.5276,0.5283,0.5257,0.5259,3700949.0
2024-10-10 07:00:00,0.5259,0.527,0.5248,0.5255,7198732.0
2024-10-10 08:00:00,0.5255,0.5274,0.5247,0.5263,9830548.0
2024-10-10 09:00:00,0.5263,0.5266,0.5227,0.5249,13886529.0
2024-10-10 10:00:00,0.5249,0.5275,0.5248,0.5271,5589912.0
2024-10-10 11:00:00,0.5271,0.5297,0.5265,0.5297,4316284.0
2024-10-10 12:00:00,0.5297,0.5377,0.5267,0.5372,33802647.0
2024-10-10 13:00:00,0.5372,0.5448,0.5336,0.5366,126615091.0
2024-10-10 14:00:00,0.5366,0.5377,0.5314,0.5322,39213528.0
2024-10-10 15:00:00,0.5322,0.537,0.5317,0.5355,31091297.0
2024-10-10 16:00:00,0.5355,0.5397,0.5344,0.5369,28744698.0
2024-10-10 17:00:00,0.5369,0.5385,0.5293,0.531,25227130.0
2024-10-10 18:00:00,0.531,0.5311,0.524,0.5276,36932437.0
2024-10-10 19:00:00,0.5276,0.5285,0.5256,0.5261,9675494.0
2024-10-10 20:00:00,0.5261,0.5305,0.5246,0.5302,19783298.0
2024-10-10 21:00:00,0.5302,0.5306,0.528,0.5304,5393450.0
2024-10-10 22:00:00,0.5304,0.5304,0.5272,0.5287,3945310.0
2024-10-10 23:00:00,0.5287,0.5303,0.5287,0.5302,4215240.0
2024-10-11 00:00:00,0.5302,0.5342,0.5293,0.5338,6031882.0
2024-10-11 01:00:00,0.5338,0.5355,0.5322,0.5351,10152332.0
2024-10-11 02:00:00,0.5351,0.5354,0.533,0.5346,3898371.0
2024-10-11 03:00:00,0.5346,0.5364,0.5344,0.5348,4834046.0
2024-10-11 04:00:00,0.5348,0.5356,0.5327,0.5331,5596829.0
2024-10-11 05:00:00,0.5331,0.5345,0.533,0.5341,3160449.0
2024-10-11 06:00:00,0.5341,0.5372,0.5337,0.5356,9174762.0
2024-10-11 07:00:00,0.5356,0.5407,0.5354,0.5379,15872611.0
2024-10-11 08:00:00,0.5379,0.5391,0.5372,0.5379,8722795.0
2024-10-11 09:00:00,0.5379,0.5407,0.5378,0.5394,10240742.0
2024-10-11 10:00:00,0.5394,0.5398,0.5376,0.5379,12897607.0
2024-10-11 11:00:00,0.5379,0.5382,0.5342,0.5357,22898713.0
2024-10-11 12:00:00,0.5357,0.5369,0.5336,0.5365,13837272.0
2024-10-11 13:00:00,0.5365,0.5375,0.5341,0.5358,13905480.0
2024-10-11 14:00:00,0.5358,0.5373,0.535,0.5361,13693645.0
2024-10-11 15:00:00,0.5361,0.5384,0.5356,0.5381,13515590.0
2024-10-11 16:00:00,0.5381,0.5384,0.5361,0.5376,11087277.0
2024-10-11 17:00:00,0.5376,0.5401,0.5376,0.5401,11134621.0
2024-10-11 18:00:00,0.5401,0.5403,0.538,0.5389,8175957.0
2024-10-11 19:00:00,0.5389,0.5418,0.5386,0.5414,7174976.0
2024-10-11 20:00:00,0.5414,0.5415,0.5398,0.5412,4902600.0
2024-10-11 21:00:00,0.5412,0.5416,0.5394,0.5398,5307841.0
2024-10-11 22:00:00,0.5398,0.5413,0.5391,0.5392,8253263.0
2024-10-11 23:00:00,0.5392,0.5399,0.5378,0.5387,7526157.0
2024-10-12 00:00:00,0.5387,0.5391,0.5377,0.5382,4559477.0
2024-10-12 01:00:00,0.5382,0.5395,0.538,0.5392,2868246.0
2024-10-12 02:00:00,0.5392,0.5393,0.5362,0.5366,7695499.0
2024-10-12 03:00:00,0.5366,0.5372,0.535,0.5359,9484958.0
2024-10-12 04:00:00,0.5359,0.5374,0.5359,0.5369,2630538.0
2024-10-12 05:00:00,0.5369,0.538,0.5368,0.5377,3885261.0
2024-10-12 06:00:00,0.5377,0.5387,0.5373,0.5387,3511492.0
2024-10-12 07:00:00,0.5387,0.5388,0.5375,0.5379,5080971.0
2024-10-12 08:00:00,0.5379,0.5397,0.5377,0.539,5135619.0
2024-10-12 09:00:00,0.539,0.54,0.5379,0.5398,4230419.0
2024-10-12 10:00:00,0.5398,0.5404,0.539,0.5402,3243027.0
2024-10-12 11:00:00,0.5402,0.5416,0.539,0.5392,11259344.0
2024-10-12 12:00:00,0.5392,0.5414,0.5385,0.5413,9353768.0
2024-10-12 13:00:00,0.5413,0.5426,0.5402,0.5414,8571663.0
2024-10-12 14:00:00,0.5414,0.5425,0.5408,0.5411,7907161.0
2024-10-12 15:00:00,0.5411,0.5432,0.5407,0.5413,10387474.0
2024-10-12 16:00:00,0.5413,0.542,0.5378,0.5379,21001819.0
2024-10-12 17:00:00,0.5379,0.5394,0.5375,0.5385,9026111.0
2024-10-12 18:00:00,0.5385,0.5397,0.5368,0.5379,7045017.0
2024-10-12 19:00:00,0.5379,0.5386,0.537,0.5382,4304752.0
2024-10-12 20:00:00,0.5382,0.5384,0.5371,0.5381,5794670.0
2024-10-12 21:00:00,0.5381,0.5397,0.5381,0.5396,2177649.0
2024-10-12 22:00:00,0.5396,0.5397,0.5386,0.5395,3314366.0
2024-10-12 23:00:00,0.5395,0.54,0.5387,0.5393,5264502.0
2024-10-13 00:00:00,0.5393,0.5394,0.5377,0.5384,8047054.0
2024-10-13 01:00:00,0.5384,0.5385,0.5355,0.5361,14223714.0
2024-10-13 02:00:00,0.5361,0.5367,0.5355,0.5363,4277003.0
2024-10-13 03:00:00,0.5363,0.5367,0.5354,0.5359,3746342.0
2024-10-13 04:00:00,0.5359,0.5374,0.5358,0.536,3078120.0
2024-10-13 05:00:00,0.536,0.5375,0.536,0.5366,5648761.0
2024-10-13 06:00:00,0.5366,0.5375,0.5364,0.5369,3184736.0
2024-10-13 07:00:00,0.5369,0.5374,0.536,0.5364,6731409.0
2024-10-13 08:00:00,0.5364,0.5372,0.5335,0.5348,17139235.0
2024-10-13 09:00:00,0.5348,0.5354,0.5333,0.5336,11280235.0
2024-10-13 10:00:00,0.5336,0.5338,0.5311,0.5312,18360498.0
2024-10-13 11:00:00,0.5312,0.533,0.5308,0.5309,15480051.0
2024-10-13 12:00:00,0.5309,0.5326,0.5308,0.5318,7215070.0
2024-10-13 13:00:00,0.5318,0.5331,0.5317,0.5327,4699082.0
2024-10-13 14:00:00,0.5327,0.5327,0.5274,0.5284,23878964.0
2024-10-13 15:00:00,0.5284,0.5297,0.5252,0.5276,23267036.0
2024-10-13 16:00:00,0.5276,0.53,0.5267,0.53,6159066.0
2024-10-13 17:00:00,0.53,0.5305,0.5273,0.5277,6437973.0
2024-10-13 18:00:00,0.5277,0.5277,0.5248,0.5255,8473504.0
2024-10-13 19:00:00,0.5255,0.528,0.5255,0.5272,3313282.0
2024-10-13 20:00:00,0.5272,0.5284,0.5261,0.5284,3141205.0
2024-10-13 21:00:00,0.5284,0.53,0.5275,0.5294,3796256.0
2024-10-13 22:00:00,0.5294,0.5313,0.528,0.5306,4971951.0
2024-10-13 23:00:00,0.5306,0.5318,0.53,0.5317,8176563.0
2024-10-14 00:00:00,0.5317,0.5318,0.5282,0.5286,4430666.0
2024-10-14 01:00:00,0.5286,0.5313,0.5286,0.5297,7191632.0
2024-10-14 02:00:00,0.5297,0.5304,0.5278,0.5299,4879511.0
2024-10-14 03:00:00,0.5299,0.539,0.5299,0.5381,34851552.0
2024-10-14 04:00:00,0.5381,0.5397,0.5364,0.5384,20904168.0
2024-10-14 05:00:00,0.5384,0.539,0.5356,0.5371,11357457.0
2024-10-14 06:00:00,0.5371,0.5381,0.5363,0.5375,4379241.0
2024-10-14 07:00:00,0.5375,0.5392,0.5357,0.5387,7505617.0
2024-10-14 08:00:00,0.5387,0.5394,0.5371,0.5376,11075410.0
2024-10-14 09:00:00,0.5376,0.5414,0.5371,0.5406,9976577.0
2024-10-14 10:00:00,0.5406,0.5415,0.5393,0.5399,6669999.0
2024-10-14 11:00:00,0.5399,0.5404,0.5383,0.5385,6207040.0
2024-10-14 12:00:00,0.5385,0.5396,0.5375,0.5388,8017347.0
2024-10-14 13:00:00,0.5388,0.5411,0.5379,0.5407,8698419.0
2024-10-14 14:00:00,0.5407,0.5451,0.5407,0.5426,24575091.0
2024-10-14 15:00:00,0.5426,0.5523,0.5421,0.5487,38058039.0
2024-10-14 16:00:00,0.5487,0.5507,0.5455,0.5465,13311769.0
2024-10-14 17:00:00,0.5465,0.5475,0.5446,0.5456,7079751.0
2024-10-14 18:00:00,0.5456,0.5487,0.5454,0.5478,4454281.0
2024-10-14 19:00:00,0.5478,0.549,0.5467,0.5471,3112923.0
2024-10-14 20:00:00,0.5471,0.5482,0.5463,0.5465,4587246.0
2024-10-14 21:00:00,0.5465,0.5472,0.5439,0.5449,6782786.0
2024-10-14 22:00:00,0.5449,0.5494,0.5449,0.5492,6549708.0
2024-10-14 23:00:00,0.5492,0.5498,0.5472,0.5484,7597706.0
2024-10-15 00:00:00,0.5484,0.5497,0.5465,0.5481,5078757.0
2024-10-15 01:00:00,0.5481,0.5557,0.5476,0.5544,29631455.0
2024-10-15 02:00:00,0.5544,0.5546,0.551,0.5514,5601513.0
2024-10-15 03:00:00,0.5514,0.5517,0.5472,0.5476,14685846.0
2024-10-15 04:00:00,0.5476,0.5503,0.5459,0.548,19555456.0
2024-10-15 05:00:00,0.548,0.548,0.5421,0.544,29939796.0
2024-10-15 06:00:00,0.544,0.5465,0.543,0.5462,6952525.0
2024-10-15 07:00:00,0.5462,0.5478,0.5458,0.5459,8583486.0
2024-10-15 08:00:00,0.5459,0.547,0.5435,0.5456,20521875.0
2024-10-15 09:00:00,0.5456,0.5472,0.5441,0.5449,13853258.0
2024-10-15 10:00:00,0.5449,0.5457,0.5431,0.5449,5796080.0
2024-10-15 11:00:00,0.5449,0.5453,0.5338,0.536,37429460.0
2024-10-15 12:00:00,0.536,0.5415,0.5354,0.5403,20207483.0
2024-10-15 13:00:00,0.5403,0.5481,0.5389,0.5474,22406615.0
2024-10-15 14:00:00,0.5474,0.5492,0.536,0.5389,64782466.0
2024-10-15 15:00:00,0.5389,0.5409,0.5314,0.5389,42003355.0
2024-10-15 16:00:00,0.5389,0.546,0.5385,0.5428,18528906.0
2024-10-15 17:00:00,0.5428,0.5439,0.5406,0.5435,10080640.0
2024-10-15 18:00:00,0.5435,0.5457,0.5429,0.5434,9817189.0
2024-10-15 19:00:00,0.5434,0.5444,0.5411,0.5436,8030750.0
2024-10-15 20:00:00,0.5436,0.5441,0.5366,0.5373,31531962.0
2024-10-15 21:00:00,0.5373,0.5406,0.5366,0.5399,6604046.0
2024-10-15 22:00:00,0.5399,0.5409,0.5391,0.54,4314979.0
2024-10-15 23:00:00,0.54,0.5416,0.5386,0.5413,3607415.0
2024-10-16 00:00:00,0.5413,0.5417,0.54,0.54,3604072.0
2024-10-16 01:00:00,0.54,0.5431,0.5391,0.5418,8926948.0
2024-10-16 02:00:00,0.5418,0.545,0.5416,0.5446,7290615.0
2024-10-16 03:00:00,0.5446,0.545,0.5425,0.5429,4982949.0
2024-10-16 04:00:00,0.5429,0.5441,0.5394,0.5405,12914827.0
2024-10-16 05:00:00,0.5405,0.5429,0.54,0.5425,2606149.0
2024-10-16 06:00:00,0.5425,0.5436,0.5395,0.5401,11005113.0
2024-10-16 07:00:00,0.5401,0.5401,0.5372,0.539,12119597.0
2024-10-16 08:00:00,0.539,0.5408,0.5384,0.5404,5836792.0
2024-10-16 09:00:00,0.5404,0.544,0.54,0.5435,7240614.0
2024-10-16 10:00:00,0.5435,0.5446,0.5423,0.5434,8786179.0
2024-10-16 11:00:00,0.5434,0.5459,0.542,0.5438,11383553.0
2024-10-16 12:00:00,0.5438,0.5453,0.5423,0.5443,17832918.0
2024-10-16 13:00:00,0.5443,0.5523,0.5441,0.5471,30461963.0
2024-10-16 14:00:00,0.5471,0.5508,0.5451,0.5473,19648038.0
2024-10-16 15:00:00,0.5473,0.5505,0.545,0.5475,14478571.0
2024-10-16 16:00:00,0.5475,0.5494,0.546,0.5492,9676807.0
2024-10-16 17:00:00,0.5492,0.5498,0.5472,0.5473,5870819.0
2024-10-16 18:00:00,0.5473,0.5487,0.5472,0.5483,2126377.0
2024-10-16 19:00:00,0.5483,0.5537,0.5483,0.5525,10087896.0
2024-10-16 20:00:00,0.5525,0.5537,0.5497,0.5499,11478426.0
2024-10-16 21:00:00,0.5499,0.5528,0.5485,0.5488,9697849.0
2024-10-16 22:00:00,0.5488,0.5508,0.5485,0.5507,12349452.0
2024-10-16 23:00:00,0.5507,0.5507,0.5473,0.5479,5207172.0
2024-10-17 00:00:00,0.5479,0.5501,0.5473,0.548,7291212.0
2024-10-17 01:00:00,0.548,0.5489,0.5456,0.5488,8071474.0
2024-10-17 02:00:00,0.5488,0.549,0.5458,0.5468,3873930.0
2024-10-17 03:00:00,0.5468,0.5495,0.5467,0.5492,3932807.0
2024-10-17 04:00:00,0.5492,0.5596,0.5491,0.5589,40185154.0
2024-10-17 05:00:00,0.5589,0.5664,0.5557,0.5571,76321632.0
2024-10-17 06:00:00,0.5571,0.5619,0.5542,0.5567,29008928.0
2024-10-17 07:00:00,0.5567,0.557,0.5516,0.5545,30898341.0
2024-10-17 08:00:00,0.5545,0.5545,0.551,0.5541,12521251.0
2024-10-17 09:00:00,0.5541,0.559,0.5527,0.5578,21707129.0
2024-10-17 10:00:00,0.5578,0.5587,0.5535,0.5578,20507231.0
2024-10-17 11:00:00,0.5578,0.5582,0.5505,0.5525,20948399.0
2024-10-17 12:00:00,0.5525,0.5574,0.5516,0.5569,15349210.0
2024-10-17 13:00:00,0.5569,0.5581,0.5495,0.551,24311266.0
2024-10-17 14:00:00,0.551,0.5529,0.5472,0.5515,25313164.0
2024-10-17 15:00:00,0.5515,0.5542,0.5509,0.5536,12564870.0
2024-10-17 16:00:00,0.5536,0.5537,0.5488,0.5505,12300253.0
2024-10-17 17:00:00,0.5505,0.5535,0.5485,0.5501,18450734.0
2024-10-17 18:00:00,0.5501,0.5508,0.5416,0.5428,49755234.0
2024-10-17 19:00:00,0.5428,0.5449,0.5415,0.5439,13148265.0
2024-10-17 20:00:00,0.5439,0.548,0.5437,0.546,7559380.0
2024-10-17 21:00:00,0.546,0.5473,0.5443,0.5455,6786182.0
2024-10-17 22:00:00,0.5455,0.5469,0.5452,0.5462,5845717.0
2024-10-17 23:00:00,0.5462,0.5466,0.5429,0.5439,8968255.0
2024-10-18 00:00:00,0.5439,0.5463,0.5393,0.5403,20694409.0
2024-10-18 01:00:00,0.5403,0.5467,0.5402,0.5453,8806231.0
2024-10-18 02:00:00,0.5453,0.5458,0.5426,0.5456,12265504.0
2024-10-18 03:00:00,0.5456,0.5467,0.5432,0.5434,9679120.0
2024-10-18 04:00:00,0.5434,0.5443,0.5426,0.5429,6472292.0
2024-10-18 05:00:00,0.5429,0.5454,0.5421,0.5453,15405628.0
2024-10-18 06:00:00,0.5453,0.5486,0.5451,0.5485,13292224.0
2024-10-18 07:00:00,0.5485,0.5528,0.5483,0.5495,19031962.0
2024-10-18 08:00:00,0.5495,0.552,0.5493,0.5511,9584301.0
2024-10-18 09:00:00,0.5511,0.553,0.548,0.5487,19574811.0
2024-10-18 10:00:00,0.5487,0.5501,0.5477,0.5493,8198956.0
2024-10-18 11:00:00,0.5493,0.5506,0.546,0.5463,13254405.0
2024-10-18 12:00:00,0.5463,0.5475,0.5433,0.5442,20725230.0
2024-10-18 13:00:00,0.5442,0.5452,0.5427,0.5449,18607801.0
2024-10-18 14:00:00,0.5449,0.5464,0.5426,0.5459,12288432.0
2024-10-18 15:00:00,0.5459,0.5471,0.5446,0.546,10421705.0
2024-10-18 16:00:00,0.546,0.5468,0.5431,0.5462,11360373.0
2024-10-18 17:00:00,0.5462,0.5482,0.5456,0.5463,9741847.0
2024-10-18 18:00:00,0.5463,0.549,0.545,0.5489,9183774.0
2024-10-18 19:00:00,0.5489,0.549,0.5456,0.5466,6173560.0
2024-10-18 20:00:00,0.5466,0.5473,0.5447,0.5448,5156274.0
2024-10-18 21:00:00,0.5448,0.5463,0.5444,0.5457,5589569.0
2024-10-18 22:00:00,0.5457,0.5466,0.545,0.5453,3299509.0
2024-10-18 23:00:00,0.5453,0.5468,0.5451,0.5467,2077083.0
2024-10-19 00:00:00,0.5467,0.5469,0.5453,0.5458,2454697.0
2024-10-19 01:00:00,0.5458,0.5474,0.5456,0.5468,2150121.0
2024-10-19 02:00:00,0.5468,0.5498,0.5458,0.5485,7388546.0
2024-10-19 03:00:00,0.5485,0.55,0.5474,0.5475,9668993.0
2024-10-19 04:00:00,0.5475,0.5488,0.5461,0.5462,7571380.0
2024-10-19 05:00:00,0.5462,0.5473,0.546,0.547,4293311.0
2024-10-19 06:00:00,0.547,0.5475,0.5461,0.5472,4221008.0
2024-10-19 07:00:00,0.5472,0.5479,0.5456,0.5461,5675765.0
2024-10-19 08:00:00,0.5461,0.5477,0.5461,0.5466,2891230.0
2024-10-19 09:00:00,0.5466,0.5474,0.5457,0.546,3986164.0
2024-10-19 10:00:00,0.546,0.5465,0.5441,0.5446,9218533.0
2024-10-19 11:00:00,0.5446,0.545,0.5429,0.5432,14838771.0
2024-10-19 12:00:00,0.5432,0.5448,0.543,0.5444,4191864.0
2024-10-19 13:00:00,0.5444,0.5454,0.5433,0.544,4618141.0
2024-10-19 14:00:00,0.544,0.5454,0.5435,0.5451,4191209.0
2024-10-19 15:00:00,0.5451,0.5452,0.5438,0.5444,4402174.0
2024-10-19 16:00:00,0.5444,0.5444,0.5399,0.541,19841438.0
2024-10-19 17:00:00,0.541,0.5424,0.5406,0.5412,7708558.0
2024-10-19 18:00:00,0.5412,0.5424,0.5408,0.5417,2158424.0
2024-10-19 19:00:00,0.5417,0.5428,0.5407,0.541,7794956.0
2024-10-19 20:00:00,0.541,0.5435,0.5408,0.5427,4741064.0
2024-10-19 21:00:00,0.5427,0.5434,0.5413,0.5415,3637252.0
2024-10-19 22:00:00,0.5415,0.5439,0.541,0.5434,2455601.0
2024-10-19 23:00:00,0.5434,0.5446,0.5433,0.5439,3393018.0
2024-10-20 00:00:00,0.5439,0.5446,0.5429,0.5438,10337214.0
2024-10-20 01:00:00,0.5438,0.5439,0.5423,0.5426,3881796.0
2024-10-20 02:00:00,0.5426,0.5434,0.5421,0.5428,1477137.0
2024-10-20 03:00:00,0.5428,0.5431,0.5413,0.543,3557057.0
2024-10-20 04:00:00,0.543,0.5434,0.5418,0.5425,5122695.0
2024-10-20 05:00:00,0.5425,0.5433,0.5412,0.5416,6089782.0
2024-10-20 06:00:00,0.5416,0.5423,0.5403,0.5422,7225484.0
2024-10-20 07:00:00,0.5422,0.5424,0.5388,0.5402,24028003.0
2024-10-20 08:00:00,0.5402,0.542,0.5381,0.5385,17079967.0
2024-10-20 09:00:00,0.5385,0.5398,0.536,0.5387,20786668.0
2024-10-20 10:00:00,0.5387,0.5404,0.5386,0.5396,4968288.0
2024-10-20 11:00:00,0.5396,0.5412,0.5396,0.5409,7845097.0
2024-10-20 12:00:00,0.5409,0.5413,0.5378,0.5388,10410381.0
2024-10-20 13:00:00,0.5388,0.5415,0.537,0.5409,18431963.0
2024-10-20 14:00:00,0.5409,0.5448,0.5409,0.5442,22175726.0
2024-10-20 15:00:00,0.5442,0.5446,0.5407,0.5446,11478735.0
2024-10-20 16:00:00,0.5446,0.5449,0.5436,0.5438,4244438.0
2024-10-20 17:00:00,0.5438,0.5449,0.5415,0.5438,8456661.0
2024-10-20 18:00:00,0.5438,0.5457,0.5435,0.5447,4051387.0
2024-10-20 19:00:00,0.5447,0.5447,0.5425,0.5425,3330256.0
2024-10-20 20:00:00,0.5425,0.5451,0.5423,0.5446,3921477.0
2024-10-20 21:00:00,0.5446,0.5454,0.5434,0.5441,5429090.0
2024-10-20 22:00:00,0.5441,0.5489,0.544,0.5481,13811045.0
2024-10-20 23:00:00,0.5481,0.5485,0.5463,0.5484,14711851.0
2024-10-21 00:00:00,0.5484,0.5508,0.5473,0.5478,11754096.0
2024-10-21 01:00:00,0.5478,0.5502,0.5473,0.549,5584537.0
2024-10-21 02:00:00,0.549,0.5496,0.5454,0.5454,6988169.0
2024-10-21 03:00:00,0.5454,0.5483,0.5454,0.5478,4851254.0
2024-10-21 04:00:00,0.5478,0.549,0.5463,0.5488,3026958.0
2024-10-21 05:00:00,0.5488,0.5499,0.5474,0.5476,7159498.0
2024-10-21 06:00:00,0.5476,0.5547,0.5473,0.5483,34468765.0
2024-10-21 07:00:00,0.5483,0.5505,0.5471,0.5488,15635187.0
2024-10-21 08:00:00,0.5488,0.5546,0.5487,0.5537,24906672.0
2024-10-21 09:00:00,0.5537,0.5566,0.5508,0.555,36245171.0
2024-10-21 10:00:00,0.555,0.561,0.5548,0.5588,30092925.0
2024-10-21 11:00:00,0.5588,0.5593,0.5524,0.5538,21786242.0
2024-10-21 12:00:00,0.5538,0.5552,0.5495,0.5512,20876255.0
2024-10-21 13:00:00,0.5512,0.5521,0.5422,0.5443,37784408.0
2024-10-21 14:00:00,0.5443,0.5477,0.5431,0.5465,19784471.0
2024-10-21 15:00:00,0.5465,0.5468,0.5436,0.5465,11265865.0
2024-10-21 16:00:00,0.5465,0.5467,0.541,0.545,14825575.0
2024-10-21 17:00:00,0.545,0.5484,0.5449,0.5477,5394711.0
2024-10-21 18:00:00,0.5477,0.5483,0.5447,0.5462,8542227.0
2024-10-21 19:00:00,0.5462,0.5482,0.5455,0.5476,6018539.0
2024-10-21 20:00:00,0.5476,0.5483,0.5463,0.5469,4666111.0
2024-10-21 21:00:00,0.5469,0.5475,0.5458,0.5467,2320160.0
2024-10-21 22:00:00,0.5467,0.5482,0.5458,0.5463,3127764.0
2024-10-21 23:00:00,0.5463,0.5464,0.5439,0.5448,5422907.0
2024-10-22 00:00:00,0.5448,0.5464,0.5391,0.5436,38555726.0
2024-10-22 01:00:00,0.5436,0.5455,0.5421,0.5449,8691979.0
2024-10-22 02:00:00,0.5449,0.5457,0.542,0.5424,5001714.0
2024-10-22 03:00:00,0.5424,0.5437,0.5422,0.5433,4928212.0
2024-10-22 04:00:00,0.5433,0.545,0.543,0.5436,8080264.0
2024-10-22 05:00:00,0.5436,0.5453,0.543,0.5443,5654589.0
2024-10-22 06:00:00,0.5443,0.545,0.544,0.5444,6162820.0
2024-10-22 07:00:00,0.5444,0.5495,0.5443,0.5472,27072694.0
2024-10-22 08:00:00,0.5472,0.5472,0.5402,0.5405,34266879.0
2024-10-22 09:00:00,0.5405,0.5409,0.5306,0.534,79258500.0
2024-10-22 10:00:00,0.534,0.5363,0.533,0.5359,9010802.0
2024-10-22 11:00:00,0.5359,0.5366,0.5326,0.5341,18587494.0
2024-10-22 12:00:00,0.5341,0.5352,0.5307,0.5328,26753457.0
2024-10-22 13:00:00,0.5328,0.5338,0.5287,0.5323,21351292.0
2024-10-22 14:00:00,0.5323,0.5353,0.5309,0.5348,17041600.0
2024-10-22 15:00:00,0.5348,0.5353,0.5312,0.5333,7344648.0
2024-10-22 16:00:00,0.5333,0.5334,0.5303,0.5303,6821425.0
2024-10-22 17:00:00,0.5303,0.534,0.5303,0.534,4059649.0
2024-10-22 18:00:00,0.534,0.536,0.5324,0.5327,5778040.0
2024-10-22 19:00:00,0.5327,0.5347,0.5326,0.5341,4206012.0
2024-10-22 20:00:00,0.5341,0.5341,0.5327,0.5333,7462950.0
2024-10-22 21:00:00,0.5333,0.534,0.532,0.5337,3182556.0
2024-10-22 22:00:00,0.5337,0.5363,0.5333,0.535,5951983.0
2024-10-22 23:00:00,0.535,0.535,0.533,0.5338,4844175.0
2024-10-23 00:00:00,0.5338,0.5339,0.5314,0.5318,5719341.0
2024-10-23 01:00:00,0.5318,0.5336,0.5317,0.5333,7823831.0
2024-10-23 02:00:00,0.5333,0.5335,0.5314,0.532,4791028.0
2024-10-23 03:00:00,0.532,0.5331,0.5301,0.5314,11946473.0
2024-10-23 04:00:00,0.5314,0.5321,0.5307,0.5314,3180658.0
2024-10-23 05:00:00,0.5314,0.5317,0.5279,0.5301,30543845.0
2024-10-23 06:00:00,0.5301,0.532,0.5296,0.5298,8707969.0
2024-10-23 07:00:00,0.5298,0.5302,0.5254,0.5265,22725450.0
2024-10-23 08:00:00,0.5265,0.5278,0.5227,0.524,28482555.0
2024-10-23 09:00:00,0.524,0.5262,0.5224,0.5255,14551339.0
2024-10-23 10:00:00,0.5255,0.527,0.5247,0.5252,5953382.0
2024-10-23 11:00:00,0.5252,0.5278,0.5252,0.5266,12148268.0
2024-10-23 12:00:00,0.5266,0.5273,0.5252,0.5257,4402130.0
2024-10-23 13:00:00,0.5257,0.5285,0.5255,0.5282,8314965.0
2024-10-23 14:00:00,0.5282,0.5288,0.5266,0.5269,7477958.0
2024-10-23 15:00:00,0.5269,0.5271,0.5218,0.524,23967451.0
2024-10-23 16:00:00,0.524,0.5243,0.5147,0.5174,55308822.0
2024-10-23 17:00:00,0.5174,0.5221,0.5169,0.5178,18104508.0
2024-10-23 18:00:00,0.5178,0.5178,0.5114,0.5171,41204619.0
2024-10-23 19:00:00,0.5171,0.5219,0.5168,0.5217,7433075.0
2024-10-23 20:00:00,0.5217,0.5239,0.5208,0.5239,10936858.0
2024-10-23 21:00:00,0.5239,0.5239,0.5223,0.5229,4578182.0
2024-10-23 22:00:00,0.5229,0.5263,0.5229,0.5251,5152105.0
2024-10-23 23:00:00,0.5251,0.5265,0.5248,0.5257,3505265.0
2024-10-24 00:00:00,0.5257,0.5296,0.5251,0.529,7454744.0
2024-10-24 01:00:00,0.529,0.5304,0.5266,0.5287,6493033.0
2024-10-24 02:00:00,0.5287,0.5292,0.5274,0.5291,2899248.0
2024-10-24 03:00:00,0.5291,0.53,0.5284,0.5284,2722794.0
2024-10-24 04:00:00,0.5284,0.531,0.5281,0.5308,8633148.0
2024-10-24 05:00:00,0.5308,0.5319,0.5303,0.5303,6541263.0
2024-10-24 06:00:00,0.5303,0.5334,0.5302,0.5314,9287594.0
2024-10-24 07:00:00,0.5314,0.5323,0.5277,0.529,17156439.0
2024-10-24 08:00:00,0.529,0.5301,0.5252,0.5254,10259116.0
2024-10-24 09:00:00,0.5254,0.5298,0.5239,0.5265,17363382.0
2024-10-24 10:00:00,0.5265,0.5284,0.5255,0.5265,7863204.0
2024-10-24 11:00:00,0.5265,0.5287,0.5262,0.5279,8801229.0
2024-10-24 12:00:00,0.5279,0.53,0.5277,0.5297,10171923.0
2024-10-24 13:00:00,0.5297,0.5314,0.529,0.5308,13964075.0
2024-10-24 14:00:00,0.5308,0.5309,0.5281,0.5297,10234227.0
2024-10-24 15:00:00,0.5297,0.5308,0.529,0.5294,3651470.0
2024-10-24 16:00:00,0.5294,0.5302,0.5279,0.53,6626625.0
2024-10-24 17:00:00,0.53,0.5323,0.5296,0.5318,5268152.0
2024-10-24 18:00:00,0.5318,0.5326,0.5309,0.5312,3662694.0
2024-10-24 19:00:00,0.5312,0.5331,0.531,0.5329,3948722.0
2024-10-24 20:00:00,0.5329,0.5329,0.5312,0.5321,6175196.0
2024-10-24 21:00:00,0.5321,0.5338,0.5313,0.5319,9872403.0
2024-10-24 22:00:00,0.5319,0.5333,0.5314,0.5316,2914022.0
2024-10-24 23:00:00,0.5316,0.5323,0.531,0.5321,2169652.0
2024-10-25 00:00:00,0.5321,0.5322,0.5302,0.5306,2672787.0
2024-10-25 01:00:00,0.5306,0.5316,0.5292,0.5299,6413650.0
2024-10-25 02:00:00,0.5299,0.5305,0.528,0.5292,4326029.0
2024-10-25 03:00:00,0.5292,0.5304,0.5287,0.5289,4229489.0
2024-10-25 04:00:00,0.5289,0.5291,0.5253,0.5265,9089892.0
2024-10-25 05:00:00,0.5265,0.5265,0.5244,0.5256,12222363.0
2024-10-25 06:00:00,0.5256,0.526,0.5221,0.5222,12283639.0
2024-10-25 07:00:00,0.5222,0.524,0.5201,0.5238,22536695.0
2024-10-25 08:00:00,0.5238,0.5253,0.5217,0.5251,8997896.0
2024-10-25 09:00:00,0.5251,0.5266,0.5246,0.5263,5099559.0
2024-10-25 10:00:00,0.5263,0.5263,0.5248,0.5258,4763758.0
2024-10-25 11:00:00,0.5258,0.5274,0.5254,0.5263,6767115.0
2024-10-25 12:00:00,0.5263,0.5271,0.5247,0.5248,4773926.0
2024-10-25 13:00:00,0.5248,0.526,0.5229,0.5256,11826980.0
2024-10-25 14:00:00,0.5256,0.5277,0.5248,0.5256,9551854.0
2024-10-25 15:00:00,0.5256,0.5264,0.5206,0.5223,11922342.0
2024-10-25 16:00:00,0.5223,0.5236,0.5196,0.5224,16093461.0
2024-10-25 17:00:00,0.5224,0.5233,0.5145,0.5157,23273766.0
2024-10-25 18:00:00,0.5157,0.52,0.509,0.5153,41972562.0
2024-10-25 19:00:00,0.5153,0.5166,0.5125,0.5148,18180627.0
2024-10-25 20:00:00,0.5148,0.5167,0.5134,0.515,7600493.0
2024-10-25 21:00:00,0.515,0.5183,0.5149,0.5181,11357087.0
2024-10-25 22:00:00,0.5181,0.5181,0.5112,0.5116,14445179.0
2024-10-25 23:00:00,0.5116,0.5118,0.4857,0.5018,814550251.0
2024-10-26 00:00:00,0.5018,0.5076,0.4985,0.5066,17875582.0
2024-10-26 01:00:00,0.5066,0.5087,0.5061,0.5072,11273273.0
2024-10-26 02:00:00,0.5072,0.5101,0.5052,0.5085,7680566.0
2024-10-26 03:00:00,0.5085,0.5121,0.5082,0.5121,5407169.0
2024-10-26 04:00:00,0.5121,0.514,0.5115,0.5139,5017233.0
2024-10-26 05:00:00,0.5139,0.5149,0.5126,0.5129,5463193.0
2024-10-26 06:00:00,0.5129,0.5139,0.5123,0.5136,3620098.0
2024-10-26 07:00:00,0.5136,0.5152,0.5126,0.5141,6661886.0
2024-10-26 08:00:00,0.5141,0.5151,0.5131,0.5135,7442140.0
2024-10-26 09:00:00,0.5135,0.5144,0.5126,0.5142,6938637.0
2024-10-26 10:00:00,0.5142,0.515,0.5136,0.5139,5690182.0
2024-10-26 11:00:00,0.5139,0.515,0.5132,0.5146,3219778.0
2024-10-26 12:00:00,0.5146,0.5148,0.5137,0.514,2933917.0
2024-10-26 13:00:00,0.514,0.514,0.509,0.5093,12838376.0
2024-10-26 14:00:00,0.5093,0.5112,0.506,0.5065,12051047.0
2024-10-26 15:00:00,0.5065,0.5106,0.5054,0.5091,7641431.0
2024-10-26 16:00:00,0.5091,0.5111,0.509,0.5106,6945155.0
2024-10-26 17:00:00,0.5106,0.5124,0.51,0.512,6819344.0
2024-10-26 18:00:00,0.512,0.5131,0.5118,0.512,2297054.0
2024-10-26 19:00:00,0.512,0.5134,0.512,0.5126,2347813.0
2024-10-26 20:00:00,0.5126,0.5148,0.5123,0.5126,4339405.0
2024-10-26 21:00:00,0.5126,0.5132,0.5118,0.5131,2892036.0
2024-10-26 22:00:00,0.5131,0.5137,0.5118,0.5119,4266805.0
2024-10-26 23:00:00,0.5119,0.5134,0.5115,0.5133,2353206.0
2024-10-27 00:00:00,0.5133,0.5134,0.5117,0.5124,2698355.0
2024-10-27 01:00:00,0.5124,0.5141,0.5122,0.514,3007369.0
2024-10-27 02:00:00,0.514,0.515,0.5133,0.5143,3389731.0
2024-10-27 03:00:00,0.5143,0.5166,0.5136,0.5162,3834488.0
2024-10-27 04:00:00,0.5162,0.5163,0.5144,0.5148,4084951.0
2024-10-27 05:00:00,0.5148,0.5154,0.5143,0.5149,1930186.0
2024-10-27 06:00:00,0.5149,0.5151,0.5143,0.5147,3013458.0
2024-10-27 07:00:00,0.5147,0.5152,0.5146,0.5149,1112015.0
2024-10-27 08:00:00,0.5149,0.5154,0.5124,0.5129,12897395.0
2024-10-27 09:00:00,0.5129,0.513,0.5108,0.5121,8968505.0
2024-10-27 10:00:00,0.5121,0.5132,0.5107,0.5108,7152521.0
2024-10-27 11:00:00,0.5108,0.5122,0.5105,0.5121,6425134.0
2024-10-27 12:00:00,0.5121,0.5136,0.512,0.5129,4651465.0
2024-10-27 13:00:00,0.5129,0.5153,0.5128,0.5137,6242917.0
2024-10-27 14:00:00,0.5137,0.5155,0.5137,0.5149,2778984.0
2024-10-27 15:00:00,0.5149,0.517,0.5149,0.5168,5435983.0
2024-10-27 16:00:00,0.5168,0.5175,0.5153,0.5165,5472177.0
2024-10-27 17:00:00,0.5165,0.5171,0.515,0.516,4127616.0
2024-10-27 18:00:00,0.516,0.516,0.5142,0.5146,6140604.0
2024-10-27 19:00:00,0.5146,0.5153,0.5134,0.5153,7254401.0
2024-10-27 20:00:00,0.5153,0.5155,0.5131,0.5136,3072138.0
2024-10-27 21:00:00,0.5136,0.5162,0.5134,0.5154,3704196.0
2024-10-27 22:00:00,0.5154,0.5172,0.5154,0.5165,3322153.0
2024-10-27 23:00:00,0.5165,0.518,0.5164,0.5164,6528290.0
2024-10-28 00:00:00,0.5164,0.5173,0.5152,0.5157,5197716.0
2024-10-28 01:00:00,0.5157,0.5159,0.5144,0.5145,3620795.0
2024-10-28 02:00:00,0.5145,0.5154,0.5141,0.5148,2138119.0
2024-10-28 03:00:00,0.5148,0.5153,0.5124,0.5129,8129135.0
2024-10-28 04:00:00,0.5129,0.514,0.5123,0.5131,3942279.0
2024-10-28 05:00:00,0.5131,0.5138,0.5113,0.5135,4513044.0
2024-10-28 06:00:00,0.5135,0.5149,0.5129,0.5149,3260781.0
2024-10-28 07:00:00,0.5149,0.5187,0.5147,0.5161,11001157.0
2024-10-28 08:00:00,0.5161,0.518,0.5159,0.517,10704508.0
2024-10-28 09:00:00,0.517,0.5199,0.5166,0.5192,16890156.0
2024-10-28 10:00:00,0.5192,0.5195,0.5177,0.5182,6710628.0
2024-10-28 11:00:00,0.5182,0.5213,0.5177,0.5197,13459868.0
2024-10-28 12:00:00,0.5197,0.5214,0.5192,0.5205,8426192.0
2024-10-28 13:00:00,0.5205,0.5209,0.5176,0.518,13726856.0
2024-10-28 14:00:00,0.518,0.5186,0.516,0.5166,23856134.0
2024-10-28 15:00:00,0.5166,0.5168,0.5136,0.5138,9956306.0
2024-10-28 16:00:00,0.5138,0.5161,0.5133,0.5146,6579712.0
2024-10-28 17:00:00,0.5146,0.516,0.5109,0.5131,15376801.0
2024-10-28 18:00:00,0.5131,0.5155,0.5121,0.5146,6565909.0
2024-10-28 19:00:00,0.5146,0.5187,0.5144,0.5171,10232227.0
2024-10-28 20:00:00,0.5171,0.5191,0.5169,0.5181,5732057.0
2024-10-28 21:00:00,0.5181,0.5192,0.5157,0.5191,14017941.0
2024-10-28 22:00:00,0.5191,0.5211,0.5184,0.5194,10922554.0
2024-10-28 23:00:00,0.5194,0.5206,0.5186,0.5193,5427019.0
2024-10-29 00:00:00,0.5193,0.5209,0.5185,0.5207,4856982.0
2024-10-29 01:00:00,0.5207,0.5218,0.5191,0.5217,7225989.0
2024-10-29 02:00:00,0.5217,0.5265,0.5213,0.5238,17075138.0
2024-10-29 03:00:00,0.5238,0.525,0.5227,0.5235,9429187.0
2024-10-29 04:00:00,0.5235,0.5248,0.523,0.5242,11328747.0
2024-10-29 05:00:00,0.5242,0.5242,0.523,0.5233,2649041.0
2024-10-29 06:00:00,0.5233,0.5244,0.5232,0.524,5087218.0
2024-10-29 07:00:00,0.524,0.5283,0.524,0.5259,17290621.0
2024-10-29 08:00:00,0.5259,0.5262,0.5235,0.5235,21771696.0
2024-10-29 09:00:00,0.5235,0.5242,0.5232,0.524,7382429.0
2024-10-29 10:00:00,0.524,0.5245,0.5232,0.5244,10038377.0
2024-10-29 11:00:00,0.5244,0.5269,0.5243,0.5258,22170460.0
2024-10-29 12:00:00,0.5258,0.526,0.5237,0.5243,13860142.0
2024-10-29 13:00:00,0.5243,0.5259,0.5238,0.5258,6953819.0
2024-10-29 14:00:00,0.5258,0.5299,0.5243,0.5254,36296602.0
2024-10-29 15:00:00,0.5254,0.5259,0.5234,0.5258,15052670.0
2024-10-29 16:00:00,0.5258,0.5302,0.5257,0.53,19474453.0
2024-10-29 17:00:00,0.53,0.5306,0.5272,0.5288,12546236.0
2024-10-29 18:00:00,0.5288,0.5306,0.5286,0.5305,7052796.0
2024-10-29 19:00:00,0.5305,0.5309,0.5252,0.5265,20413285.0
2024-10-29 20:00:00,0.5265,0.5269,0.5214,0.525,16742326.0
2024-10-29 21:00:00,0.525,0.5273,0.5242,0.5269,5326924.0
2024-10-29 22:00:00,0.5269,0.5292,0.5269,0.5278,4895908.0
2024-10-29 23:00:00,0.5278,0.5288,0.5274,0.5285,2831053.0
2024-10-30 00:00:00,0.5285,0.5288,0.5247,0.5251,14117930.0
2024-10-30 01:00:00,0.5251,0.5259,0.5227,0.525,11392811.0
2024-10-30 02:00:00,0.525,0.526,0.5246,0.5254,3870237.0
2024-10-30 03:00:00,0.5254,0.5266,0.5254,0.526,4292012.0
2024-10-30 04:00:00,0.526,0.5264,0.5255,0.5259,2570316.0
2024-10-30 05:00:00,0.5259,0.5262,0.5244,0.5252,7799878.0
2024-10-30 06:00:00,0.5252,0.5269,0.5244,0.5245,6667448.0
2024-10-30 07:00:00,0.5245,0.5253,0.5232,0.5241,8185855.0
2024-10-30 08:00:00,0.5241,0.5254,0.5216,0.5218,8065992.0
2024-10-30 09:00:00,0.5218,0.5258,0.5218,0.5251,10973446.0
2024-10-30 10:00:00,0.5251,0.5253,0.5233,0.524,7330592.0
2024-10-30 11:00:00,0.524,0.5241,0.5205,0.5209,11752705.0
2024-10-30 12:00:00,0.5209,0.5225,0.5194,0.5218,14846878.0
2024-10-30 13:00:00,0.5218,0.5247,0.5193,0.5239,12098335.0
2024-10-30 14:00:00,0.5239,0.5261,0.523,0.5257,21278002.0
2024-10-30 15:00:00,0.5257,0.5258,0.5203,0.5236,19838569.0
2024-10-30 16:00:00,0.5236,0.5242,0.5223,0.5236,4487377.0
2024-10-30 17:00:00,0.5236,0.5238,0.5219,0.5237,2111823.0
2024-10-30 18:00:00,0.5237,0.5246,0.5226,0.5236,4508914.0
2024-10-30 19:00:00,0.5236,0.5244,0.5225,0.5226,2312653.0
2024-10-30 20:00:00,0.5226,0.5255,0.5209,0.5252,8554653.0
2024-10-30 21:00:00,0.5252,0.5256,0.5226,0.5242,7495312.0
2024-10-30 22:00:00,0.5242,0.525,0.5235,0.5245,1775112.0
2024-10-30 23:00:00,0.5245,0.5249,0.523,0.5232,4596286.0
2024-10-31 00:00:00,0.5232,0.5238,0.5216,0.5221,4359096.0
2024-10-31 01:00:00,0.5221,0.5229,0.5193,0.522,8458733.0
2024-10-31 02:00:00,0.522,0.5228,0.5206,0.5228,3451023.0
2024-10-31 03:00:00,0.5228,0.523,0.5214,0.5215,3375886.0
2024-10-31 04:00:00,0.5215,0.522,0.5209,0.5214,2218199.0
2024-10-31 05:00:00,0.5214,0.5223,0.5199,0.5211,9871736.0
2024-10-31 06:00:00,0.5211,0.5211,0.5175,0.5183,13874486.0
2024-10-31 07:00:00,0.5183,0.5191,0.5165,0.5177,8015415.0
2024-10-31 08:00:00,0.5177,0.518,0.5152,0.5179,16795708.0
2024-10-31 09:00:00,0.5179,0.5201,0.5179,0.5193,4600999.0
2024-10-31 10:00:00,0.5193,0.521,0.5178,0.5206,6274248.0
2024-10-31 11:00:00,0.5206,0.521,0.5184,0.5186,4051381.0
2024-10-31 12:00:00,0.5186,0.5193,0.5177,0.5192,3389549.0
2024-10-31 13:00:00,0.5192,0.5197,0.5133,0.5146,18902189.0
2024-10-31 14:00:00,0.5146,0.5147,0.5076,0.5105,54954686.0
2024-10-31 15:00:00,0.5105,0.5124,0.5096,0.5108,5856823.0
2024-10-31 16:00:00,0.5108,0.5122,0.5078,0.5106,25477197.0
2024-10-31 17:00:00,0.5106,0.5108,0.5055,0.5087,28378308.0
2024-10-31 18:00:00,0.5087,0.5087,0.5029,0.5067,24589166.0
2024-10-31 19:00:00,0.5067,0.5088,0.5059,0.5061,4171199.0
2024-10-31 20:00:00,0.5061,0.5092,0.5057,0.5084,8038783.0
2024-10-31 21:00:00,0.5084,0.5108,0.5075,0.5101,3341904.0
2024-10-31 22:00:00,0.5101,0.511,0.5081,0.5108,4369283.0
2024-10-31 23:00:00,0.5108,0.5114,0.5093,0.5094,2211273.0
2024-11-01 00:00:00,0.5094,0.5123,0.5093,0.5115,4142202.0
2024-11-01 01:00:00,0.5115,0.5121,0.5068,0.5086,12205237.0
2024-11-01 02:00:00,0.5086,0.5116,0.5024,0.5111,19053142.0
2024-11-01 03:00:00,0.5111,0.5192,0.5104,0.5191,14230119.0
2024-11-01 04:00:00,0.5191,0.5215,0.5152,0.5165,14577801.0
2024-11-01 05:00:00,0.5165,0.517,0.5135,0.5149,10163424.0
2024-11-01 06:00:00,0.5149,0.5159,0.5129,0.5131,6206299.0
2024-11-01 07:00:00,0.5131,0.5149,0.5095,0.512,11125720.0
2024-11-01 08:00:00,0.512,0.5194,0.5112,0.5194,6939190.0
2024-11-01 09:00:00,0.5194,0.5245,0.5175,0.5206,14076965.0
2024-11-01 10:00:00,0.5206,0.5209,0.5184,0.5196,5986082.0
2024-11-01 11:00:00,0.5196,0.5199,0.5176,0.519,5367286.0
2024-11-01 12:00:00,0.519,0.5199,0.5176,0.5191,16680178.0
2024-11-01 13:00:00,0.5191,0.5205,0.5165,0.5198,11963732.0
2024-11-01 14:00:00,0.5198,0.5206,0.5174,0.5203,16080799.0
2024-11-01 15:00:00,0.5203,0.5238,0.5115,0.5161,38361366.0
2024-11-01 16:00:00,0.5161,0.5225,0.515,0.5209,26850734.0
2024-11-01 17:00:00,0.5209,0.5211,0.5153,0.5163,4692978.0
2024-11-01 18:00:00,0.5163,0.5171,0.5133,0.5141,5396163.0
2024-11-01 19:00:00,0.5141,0.5166,0.5123,0.5164,4903823.0
2024-11-01 20:00:00,0.5164,0.5172,0.5152,0.5153,1503670.0
2024-11-01 21:00:00,0.5153,0.5154,0.5074,0.5113,11559752.0
2024-11-01 22:00:00,0.5113,0.5125,0.509,0.5116,1678997.0
2024-11-01 23:00:00,0.5116,0.5137,0.5112,0.5132,3235018.0
2024-11-02 00:00:00,0.5132,0.5157,0.5127,0.5153,3395905.0
2024-11-02 01:00:00,0.5153,0.5162,0.5139,0.515,6219828.0
2024-11-02 02:00:00,0.515,0.5162,0.5149,0.5151,3286772.0
2024-11-02 03:00:00,0.5151,0.5156,0.5143,0.5144,3825493.0
2024-11-02 04:00:00,0.5144,0.5155,0.5128,0.5129,7329368.0
2024-11-02 05:00:00,0.5129,0.5142,0.5113,0.5137,6402852.0
2024-11-02 06:00:00,0.5137,0.514,0.512,0.5133,6000956.0
2024-11-02 07:00:00,0.5133,0.5135,0.5118,0.5132,6277211.0
2024-11-02 08:00:00,0.5132,0.5132,0.5111,0.5113,1774334.0
2024-11-02 09:00:00,0.5113,0.5132,0.5111,0.5121,1110347.0
2024-11-02 10:00:00,0.5121,0.5122,0.5104,0.5119,2165665.0
2024-11-02 11:00:00,0.5119,0.5123,0.5112,0.5115,1261303.0
2024-11-02 12:00:00,0.5115,0.513,0.5089,0.5097,3372600.0
2024-11-02 13:00:00,0.5097,0.5119,0.508,0.5085,10365417.0
2024-11-02 14:00:00,0.5085,0.5103,0.5077,0.5097,5232992.0
2024-11-02 15:00:00,0.5097,0.5108,0.5062,0.5102,8265407.0
2024-11-02 16:00:00,0.5102,0.5115,0.5098,0.5114,4313846.0
2024-11-02 17:00:00,0.5114,0.5114,0.5094,0.5106,2614227.0
2024-11-02 18:00:00,0.5106,0.5113,0.5077,0.5093,7245846.0
2024-11-02 19:00:00,0.5093,0.5102,0.5085,0.5099,3636443.0
2024-11-02 20:00:00,0.5099,0.51,0.5089,0.5091,4574376.0
2024-11-02 21:00:00,0.5091,0.5092,0.5078,0.5091,2748878.0
2024-11-02 22:00:00,0.5091,0.5104,0.5086,0.5098,4661593.0
2024-11-02 23:00:00,0.5098,0.5102,0.5084,0.5101,3483442.0
2024-11-03 00:00:00,0.5101,0.5112,0.5098,0.5099,3975696.0
2024-11-03 01:00:00,0.5099,0.51,0.5064,0.5065,7726450.0
2024-11-03 02:00:00,0.5065,0.5084,0.4975,0.5004,49933749.0
2024-11-03 03:00:00,0.5004,0.5029,0.4985,0.5018,15554599.0
2024-11-03 04:00:00,0.5018,0.505,0.5016,0.5046,5150911.0
2024-11-03 05:00:00,0.5046,0.5055,0.5034,0.5034,7470248.0
2024-11-03 06:00:00,0.5034,0.5061,0.5034,0.5056,4474288.0
2024-11-03 07:00:00,0.5056,0.5071,0.5053,0.5057,2968673.0
2024-11-03 08:00:00,0.5057,0.5059,0.5035,0.5039,11480796.0
2024-11-03 09:00:00,0.5039,0.505,0.5012,0.5014,6525189.0
2024-11-03 10:00:00,0.5014,0.504,0.5014,0.5033,4992510.0
2024-11-03 11:00:00,0.5033,0.5039,0.5012,0.5026,5476913.0
2024-11-03 12:00:00,0.5026,0.5034,0.5007,0.5007,3357370.0
2024-11-03 13:00:00,0.5007,0.5015,0.4941,0.4952,25577236.0
2024-11-03 14:00:00,0.4952,0.4979,0.4926,0.4969,23443115.0
2024-11-03 15:00:00,0.4969,0.4972,0.4913,0.497,37612953.0
2024-11-03 16:00:00,0.497,0.4989,0.4959,0.4978,5279365.0
2024-11-03 17:00:00,0.4978,0.5006,0.4977,0.5,4777127.0
2024-11-03 18:00:00,0.5,0.5005,0.4927,0.4945,5654928.0
2024-11-03 19:00:00,0.4945,0.5007,0.4945,0.5003,5761049.0
2024-11-03 20:00:00,0.5003,0.5038,0.4996,0.5035,4851473.0
2024-11-03 21:00:00,0.5035,0.5045,0.5024,0.5029,3181411.0
2024-11-03 22:00:00,0.5029,0.504,0.5017,0.5032,2306271.0
2024-11-03 23:00:00,0.5032,0.5033,0.501,0.5027,1923446.0
2024-11-04 00:00:00,0.5027,0.5037,0.5004,0.5032,3185850.0
2024-11-04 01:00:00,0.5032,0.5074,0.5026,0.5063,6182099.0
2024-11-04 02:00:00,0.5063,0.5077,0.5055,0.5072,7085933.0
2024-11-04 03:00:00,0.5072,0.508,0.5063,0.5071,5693243.0
2024-11-04 04:00:00,0.5071,0.5086,0.5063,0.5065,3512726.0
2024-11-04 05:00:00,0.5065,0.5065,0.5035,0.5039,7812794.0
2024-11-04 06:00:00,0.5039,0.5064,0.5039,0.5063,3176807.0
2024-11-04 07:00:00,0.5063,0.5075,0.5039,0.5051,9074396.0
2024-11-04 08:00:00,0.5051,0.5066,0.5044,0.5066,20671775.0
2024-11-04 09:00:00,0.5066,0.5108,0.5061,0.5105,16216618.0
2024-11-04 10:00:00,0.5105,0.5141,0.5102,0.5131,16718100.0
2024-11-04 11:00:00,0.5131,0.5147,0.5118,0.5118,10105404.0
2024-11-04 12:00:00,0.5118,0.512,0.5099,0.5109,10658085.0
2024-11-04 13:00:00,0.5109,0.5127,0.51,0.51,11120111.0
2024-11-04 14:00:00,0.51,0.5113,0.5081,0.5096,8606745.0
2024-11-04 15:00:00,0.5096,0.5115,0.5088,0.5105,3758389.0
2024-11-04 16:00:00,0.5105,0.5136,0.5083,0.5089,10410442.0
2024-11-04 17:00:00,0.5089,0.5106,0.5068,0.5099,12053334.0
2024-11-04 18:00:00,0.5099,0.5103,0.5079,0.5089,4697069.0
2024-11-04 19:00:00,0.5089,0.5109,0.5065,0.5065,2303786.0
2024-11-04 20:00:00,0.5065,0.5077,0.504,0.5051,4012519.0
2024-11-04 21:00:00,0.5051,0.5066,0.4954,0.4973,39500374.0
2024-11-04 22:00:00,0.4973,0.5044,0.4959,0.5033,11061840.0
2024-11-04 23:00:00,0.5033,0.5037,0.5015,0.5034,7143786.0
2024-11-05 00:00:00,0.5034,0.5057,0.5023,0.5049,5539011.0
2024-11-05 01:00:00,0.5049,0.5057,0.5016,0.5055,5189462.0
2024-11-05 02:00:00,0.5055,0.5059,0.5035,0.5047,3037159.0
2024-11-05 03:00:00,0.5047,0.5058,0.5044,0.5054,1583180.0
2024-11-05 04:00:00,0.5054,0.508,0.5045,0.5076,11022555.0
2024-11-05 05:00:00,0.5076,0.5095,0.5072,0.5089,4090702.0
2024-11-05 06:00:00,0.5089,0.5103,0.5079,0.5101,5242175.0
2024-11-05 07:00:00,0.5101,0.5149,0.5097,0.5143,10670975.0
2024-11-05 08:00:00,0.5143,0.5186,0.5112,0.5121,15485253.0
2024-11-05 09:00:00,0.5121,0.5136,0.5104,0.5109,5644975.0
2024-11-05 10:00:00,0.5109,0.5123,0.5101,0.5112,8016178.0
2024-11-05 11:00:00,0.5112,0.5114,0.5087,0.509,4162981.0
2024-11-05 12:00:00,0.509,0.5099,0.5072,0.5076,6129523.0
2024-11-05 13:00:00,0.5076,0.5079,0.5057,0.5072,11591417.0
2024-11-05 14:00:00,0.5072,0.5145,0.5071,0.5125,18315660.0
2024-11-05 15:00:00,0.5125,0.5125,0.5078,0.5097,11678169.0
2024-11-05 16:00:00,0.5097,0.5136,0.5096,0.5131,4775819.0
2024-11-05 17:00:00,0.5131,0.5144,0.5123,0.5125,6405623.0
2024-11-05 18:00:00,0.5125,0.5139,0.5121,0.5136,1683493.0
2024-11-05 19:00:00,0.5136,0.5139,0.5063,0.5076,8459997.0
2024-11-05 20:00:00,0.5076,0.5138,0.5064,0.5135,7798042.0
2024-11-05 21:00:00,0.5135,0.514,0.5106,0.5112,2823639.0
2024-11-05 22:00:00,0.5112,0.5139,0.5092,0.5138,4384687.0
2024-11-05 23:00:00,0.5138,0.5153,0.5124,0.5139,7184602.0
2024-11-06 00:00:00,0.5139,0.5215,0.5138,0.5199,27519797.0
2024-11-06 01:00:00,0.5199,0.5223,0.5176,0.52,16941135.0
2024-11-06 02:00:00,0.52,0.5312,0.519,0.5293,32164113.0
2024-11-06 03:00:00,0.5293,0.5376,0.5287,0.534,54179958.0
2024-11-06 04:00:00,0.534,0.5382,0.5307,0.5357,36183283.0
2024-11-06 05:00:00,0.5357,0.5364,0.5303,0.5331,31611642.0
2024-11-06 06:00:00,0.5331,0.5429,0.5331,0.5356,47644200.0
2024-11-06 07:00:00,0.5356,0.5427,0.5333,0.5363,39681126.0
2024-11-06 08:00:00,0.5363,0.5376,0.5265,0.5325,40807591.0
2024-11-06 09:00:00,0.5325,0.5363,0.5322,0.5341,9210604.0
2024-11-06 10:00:00,0.5341,0.5361,0.531,0.536,4777215.0
2024-11-06 11:00:00,0.536,0.5364,0.5337,0.5348,7542275.0
2024-11-06 12:00:00,0.5348,0.5362,0.5324,0.5326,10402104.0
2024-11-06 13:00:00,0.5326,0.5334,0.53,0.5325,13328827.0
2024-11-06 14:00:00,0.5325,0.5335,0.5269,0.5285,15479731.0
2024-11-06 15:00:00,0.5285,0.5322,0.5278,0.531,8447434.0
2024-11-06 16:00:00,0.531,0.5331,0.5305,0.5327,8999194.0
2024-11-06 17:00:00,0.5327,0.5344,0.5315,0.5323,7058743.0
2024-11-06 18:00:00,0.5323,0.5359,0.5321,0.5354,6150232.0
2024-11-06 19:00:00,0.5354,0.5362,0.5332,0.536,8544479.0
2024-11-06 20:00:00,0.536,0.5421,0.5355,0.5414,8941553.0
2024-11-06 21:00:00,0.5414,0.545,0.5407,0.5441,14124168.0
2024-11-06 22:00:00,0.5441,0.5473,0.5419,0.5461,17500776.0
2024-11-06 23:00:00,0.5461,0.5466,0.5421,0.5424,11355356.0
2024-11-07 00:00:00,0.5424,0.5424,0.5379,0.5399,12059684.0
2024-11-07 01:00:00,0.5399,0.5475,0.5396,0.5457,24357957.0
2024-11-07 02:00:00,0.5457,0.5529,0.5449,0.5526,11674280.0
2024-11-07 03:00:00,0.5526,0.5786,0.5516,0.5603,46741505.0
2024-11-07 04:00:00,0.5603,0.5628,0.5555,0.5572,22941920.0
2024-11-07 05:00:00,0.5572,0.561,0.5542,0.5589,19107914.0
2024-11-07 06:00:00,0.5589,0.5612,0.5505,0.5564,35013310.0
2024-11-07 07:00:00,0.5564,0.559,0.5552,0.5556,15366712.0
2024-11-07 08:00:00,0.5556,0.5573,0.5538,0.5557,11015412.0
2024-11-07 09:00:00,0.5557,0.5564,0.551,0.5519,14900381.0
2024-11-07 10:00:00,0.5519,0.552,0.547,0.5511,24219696.0
2024-11-07 11:00:00,0.5511,0.5521,0.5468,0.5473,17526090.0
2024-11-07 12:00:00,0.5473,0.5505,0.5473,0.5501,7115843.0
2024-11-07 13:00:00,0.5501,0.5504,0.5433,0.5437,16205202.0
2024-11-07 14:00:00,0.5437,0.5467,0.5406,0.5447,17646881.0
2024-11-07 15:00:00,0.5447,0.5502,0.5426,0.5501,15989730.0
2024-11-07 16:00:00,0.5501,0.5529,0.5485,0.5525,15726547.0
2024-11-07 17:00:00,0.5525,0.5548,0.5504,0.5545,9849552.0
2024-11-07 18:00:00,0.5545,0.5554,0.5513,0.555,10619066.0
2024-11-07 19:00:00,0.555,0.5557,0.5519,0.5549,8637791.0
2024-11-07 20:00:00,0.5549,0.558,0.5549,0.5567,9993476.0
2024-11-07 21:00:00,0.5567,0.5582,0.5543,0.5548,7056476.0
2024-11-07 22:00:00,0.5548,0.5553,0.5502,0.5533,14632680.0
2024-11-07 23:00:00,0.5533,0.556,0.5522,0.5557,6267652.0
2024-11-08 00:00:00,0.5557,0.5605,0.5552,0.5553,13412165.0
2024-11-08 01:00:00,0.5553,0.5573,0.5526,0.5552,9224604.0
2024-11-08 02:00:00,0.5552,0.5552,0.5482,0.5487,13130781.0
2024-11-08 03:00:00,0.5487,0.5513,0.5476,0.5499,11040536.0
2024-11-08 04:00:00,0.5499,0.5518,0.5494,0.5505,8053970.0
2024-11-08 05:00:00,0.5505,0.5532,0.5502,0.5509,5253095.0
2024-11-08 06:00:00,0.5509,0.5515,0.5495,0.5513,8669305.0
2024-11-08 07:00:00,0.5513,0.5517,0.5466,0.5511,19769786.0
2024-11-08 08:00:00,0.5511,0.5511,0.5458,0.5486,24417481.0
2024-11-08 09:00:00,0.5486,0.5506,0.5483,0.5505,5896232.0
2024-11-08 10:00:00,0.5505,0.5521,0.548,0.5516,8299487.0
2024-11-08 11:00:00,0.5516,0.5528,0.55,0.5506,11742735.0
2024-11-08 12:00:00,0.5506,0.5531,0.5493,0.553,9898893.0
2024-11-08 13:00:00,0.553,0.5536,0.55,0.5535,10044270.0
2024-11-08 14:00:00,0.5535,0.5581,0.5496,0.5506,27493863.0
2024-11-08 15:00:00,0.5506,0.5552,0.5493,0.5524,22484372.0
2024-11-08 16:00:00,0.5524,0.5552,0.5461,0.5474,22399727.0
2024-11-08 17:00:00,0.5474,0.5491,0.5413,0.5473,27963833.0
2024-11-08 18:00:00,0.5473,0.5508,0.546,0.549,7184104.0
2024-11-08 19:00:00,0.549,0.5535,0.5484,0.5512,13823036.0
2024-11-08 20:00:00,0.5512,0.552,0.5475,0.5493,8065497.0
2024-11-08 21:00:00,0.5493,0.5528,0.5463,0.5526,8927633.0
2024-11-08 22:00:00,0.5526,0.5546,0.551,0.5537,7092249.0
2024-11-08 23:00:00,0.5537,0.5548,0.5524,0.5541,7403533.0
2024-11-09 00:00:00,0.5541,0.5545,0.5512,0.5517,9456189.0
2024-11-09 01:00:00,0.5517,0.5529,0.5484,0.5486,16360466.0
2024-11-09 02:00:00,0.5486,0.5496,0.5468,0.5494,7437446.0
2024-11-09 03:00:00,0.5494,0.5501,0.5455,0.5466,9595590.0
2024-11-09 04:00:00,0.5466,0.5485,0.5465,0.5478,5199452.0
2024-11-09 05:00:00,0.5478,0.5523,0.5476,0.5516,8298578.0
2024-11-09 06:00:00,0.5516,0.5557,0.551,0.553,10173106.0
2024-11-09 07:00:00,0.553,0.5536,0.5513,0.5536,2697520.0
2024-11-09 08:00:00,0.5536,0.5575,0.5527,0.5542,25053469.0
2024-11-09 09:00:00,0.5542,0.5562,0.5529,0.553,14065030.0
2024-11-09 10:00:00,0.553,0.5541,0.5512,0.5519,7469051.0
2024-11-09 11:00:00,0.5519,0.5539,0.5517,0.5536,7475102.0
2024-11-09 12:00:00,0.5536,0.5538,0.549,0.549,15691952.0
2024-11-09 13:00:00,0.549,0.5505,0.5476,0.5492,15505843.0
2024-11-09 14:00:00,0.5492,0.5495,0.5446,0.5473,20568976.0
2024-11-09 15:00:00,0.5473,0.5497,0.5457,0.5486,6282584.0
2024-11-09 16:00:00,0.5486,0.5495,0.5463,0.5484,6419064.0
2024-11-09 17:00:00,0.5484,0.5494,0.5435,0.5493,17261404.0
2024-11-09 18:00:00,0.5493,0.5513,0.5487,0.5504,4968586.0
2024-11-09 19:00:00,0.5504,0.5522,0.5488,0.55,8156465.0
2024-11-09 20:00:00,0.55,0.5526,0.5491,0.552,5367203.0
2024-11-09 21:00:00,0.552,0.5536,0.5506,0.5523,4617099.0
2024-11-09 22:00:00,0.5523,0.556,0.5523,0.5556,13301867.0
2024-11-09 23:00:00,0.5556,0.5624,0.5549,0.5598,28789331.0
2024-11-10 00:00:00,0.5598,0.5613,0.5557,0.5595,18562797.0
2024-11-10 01:00:00,0.5595,0.5732,0.5585,0.5721,67826959.0
2024-11-10 02:00:00,0.5721,0.5737,0.5694,0.5701,25351733.0
2024-11-10 03:00:00,0.5701,0.5753,0.5688,0.5718,17970819.0
2024-11-10 04:00:00,0.5718,0.5784,0.5706,0.5777,50085749.0
2024-11-10 05:00:00,0.5777,0.593,0.5746,0.5851,78528926.0
2024-11-10 06:00:00,0.5851,0.5889,0.5783,0.5814,28858759.0
2024-11-10 07:00:00,0.5814,0.5872,0.5803,0.5862,8951810.0
2024-11-10 08:00:00,0.5862,0.5886,0.5818,0.5846,20370271.0
2024-11-10 09:00:00,0.5846,0.5872,0.5825,0.5855,26697395.0
2024-11-10 10:00:00,0.5855,0.5882,0.5843,0.587,30467801.0
2024-11-10 11:00:00,0.587,0.5876,0.5829,0.5874,13390052.0
2024-11-10 12:00:00,0.5874,0.6114,0.5822,0.607,136916718.0
2024-11-10 13:00:00,0.607,0.6191,0.6047,0.611,155645656.0
2024-11-10 14:00:00,0.611,0.6141,0.5947,0.5999,143877033.0
2024-11-10 15:00:00,0.5999,0.6056,0.5976,0.6052,28031725.0
2024-11-10 16:00:00,0.6052,0.6068,0.5992,0.6052,20868403.0
2024-11-10 17:00:00,0.6052,0.6125,0.6036,0.6064,25618891.0
2024-11-10 18:00:00,0.6064,0.612,0.6064,0.6083,26074393.0
2024-11-10 19:00:00,0.6083,0.6174,0.5916,0.5965,131953543.0
2024-11-10 20:00:00,0.5965,0.599,0.5803,0.5803,74798911.0
2024-11-10 21:00:00,0.5803,0.5882,0.5625,0.5872,163909149.0
2024-11-10 22:00:00,0.5872,0.5959,0.585,0.5906,42858240.0
2024-11-10 23:00:00,0.5906,0.5914,0.5864,0.5889,14116380.0
2024-11-11 00:00:00,0.5889,0.596,0.5855,0.5933,40639594.0
2024-11-11 01:00:00,0.5933,0.5972,0.5889,0.5923,23359827.0
2024-11-11 02:00:00,0.5923,0.5991,0.5907,0.5968,20722474.0
2024-11-11 03:00:00,0.5968,0.5968,0.5906,0.5947,18750523.0
2024-11-11 04:00:00,0.5947,0.5967,0.5873,0.591,22871577.0
2024-11-11 05:00:00,0.591,0.5914,0.5705,0.5754,66038380.0
2024-11-11 06:00:00,0.5754,0.579,0.5716,0.576,35237242.0
2024-11-11 07:00:00,0.576,0.5781,0.572,0.5778,18180212.0
2024-11-11 08:00:00,0.5778,0.5839,0.5771,0.5816,21576664.0
2024-11-11 09:00:00,0.5816,0.5842,0.5793,0.5837,20183916.0
2024-11-11 10:00:00,0.5837,0.5879,0.5828,0.587,28213238.0
2024-11-11 11:00:00,0.587,0.5885,0.5855,0.5879,17855975.0
2024-11-11 12:00:00,0.5879,0.5892,0.5814,0.5839,42655661.0
2024-11-11 13:00:00,0.5839,0.5846,0.5773,0.5797,44783928.0
2024-11-11 14:00:00,0.5797,0.5832,0.5762,0.5828,28705811.0
2024-11-11 15:00:00,0.5828,0.5965,0.5815,0.5912,61074013.0
2024-11-11 16:00:00,0.5912,0.5957,0.5891,0.5895,49782650.0
2024-11-11 17:00:00,0.5895,0.5953,0.5892,0.5933,28686674.0
2024-11-11 18:00:00,0.5933,0.5971,0.588,0.5962,21807732.0
2024-11-11 19:00:00,0.5962,0.5993,0.5927,0.5993,30863261.0
2024-11-11 20:00:00,0.5993,0.6336,0.5992,0.6192,323947650.0
2024-11-11 21:00:00,0.6192,0.6218,0.6097,0.6149,49326855.0
2024-11-11 22:00:00,0.6149,0.6195,0.6069,0.6189,44013588.0
2024-11-11 23:00:00,0.6189,0.6235,0.616,0.622,38850721.0
2024-11-12 00:00:00,0.622,0.6224,0.5975,0.613,112021393.0
2024-11-12 01:00:00,0.613,0.6132,0.601,0.6028,35539588.0
2024-11-12 02:00:00,0.6028,0.6092,0.599,0.6048,21996077.0
2024-11-12 03:00:00,0.6048,0.6077,0.6021,0.6068,7188898.0
2024-11-12 04:00:00,0.6068,0.6106,0.6025,0.6057,23567816.0
2024-11-12 05:00:00,0.6057,0.6115,0.5977,0.6016,77813666.0
2024-11-12 06:00:00,0.6016,0.6085,0.6004,0.6083,30705786.0
2024-11-12 07:00:00,0.6083,0.6179,0.6072,0.6163,48607309.0
2024-11-12 08:00:00,0.6163,0.6937,0.6151,0.6865,650245652.0
2024-11-12 09:00:00,0.6865,0.6998,0.6462,0.6477,633318242.0
2024-11-12 10:00:00,0.6477,0.6567,0.6063,0.6332,714017991.0
2024-11-12 11:00:00,0.6332,0.651,0.6281,0.6482,147424164.0
2024-11-12 12:00:00,0.6482,0.6671,0.6374,0.6432,215376562.0
2024-11-12 13:00:00,0.6432,0.6565,0.6251,0.642,242212621.0
2024-11-12 14:00:00,0.642,0.6721,0.6383,0.6679,262105099.0
2024-11-12 15:00:00,0.6679,0.7044,0.6592,0.6786,667492864.0
2024-11-12 16:00:00,0.6786,0.6889,0.6637,0.6835,325863997.0
2024-11-12 17:00:00,0.6835,0.694,0.679,0.6795,118496659.0
2024-11-12 18:00:00,0.6795,0.7061,0.6779,0.6976,96657917.0
2024-11-12 19:00:00,0.6976,0.6983,0.6813,0.693,88834490.0
2024-11-12 20:00:00,0.693,0.74,0.6924,0.705,576934283.0
2024-11-12 21:00:00,0.705,0.725,0.7049,0.7236,112853581.0
2024-11-12 22:00:00,0.7236,0.7391,0.7071,0.716,216387209.0
2024-11-12 23:00:00,0.716,0.7253,0.703,0.7048,69436168.0
2024-11-13 00:00:00,0.7048,0.7416,0.7014,0.7065,334447251.0
2024-11-13 01:00:00,0.7065,0.7111,0.6855,0.699,140795159.0
2024-11-13 02:00:00,0.699,0.7043,0.6804,0.6892,71511370.0
2024-11-13 03:00:00,0.6892,0.6917,0.667,0.6677,102206118.0
2024-11-13 04:00:00,0.6677,0.6779,0.6477,0.6616,133663847.0
2024-11-13 05:00:00,0.6616,0.6639,0.6444,0.6469,67676095.0
2024-11-13 06:00:00,0.6469,0.6585,0.641,0.6495,60125039.0
2024-11-13 07:00:00,0.6495,0.6616,0.6485,0.6608,81666669.0
2024-11-13 08:00:00,0.6608,0.6739,0.6565,0.6619,71350267.0
2024-11-13 09:00:00,0.6619,0.6659,0.6525,0.6595,45269008.0
2024-11-13 10:00:00,0.6595,0.6765,0.6558,0.6697,56066346.0
2024-11-13 11:00:00,0.6697,0.678,0.6665,0.677,22979603.0
2024-11-13 12:00:00,0.677,0.6773,0.6639,0.6735,37573137.0
2024-11-13 13:00:00,0.6735,0.7159,0.6674,0.7007,390332948.0
2024-11-13 14:00:00,0.7007,0.7177,0.6931,0.7121,143782550.0
2024-11-13 15:00:00,0.7121,0.7215,0.6974,0.7133,164841579.0
2024-11-13 16:00:00,0.7133,0.7405,0.7026,0.735,91050300.0
2024-11-13 17:00:00,0.735,0.7493,0.7093,0.7114,281015930.0
2024-11-13 18:00:00,0.7114,0.7207,0.7045,0.7061,51112589.0
2024-11-13 19:00:00,0.7061,0.709,0.6791,0.6815,170671682.0
2024-11-13 20:00:00,0.6815,0.6935,0.6736,0.6837,47520234.0
2024-11-13 21:00:00,0.6837,0.687,0.6693,0.6822,70999507.0
2024-11-13 22:00:00,0.6822,0.692,0.68,0.6917,37363787.0
2024-11-13 23:00:00,0.6917,0.6931,0.6858,0.6905,23228130.0
2024-11-14 00:00:00,0.6905,0.6997,0.6825,0.6841,54311782.0
2024-11-14 01:00:00,0.6841,0.7057,0.6833,0.7037,69826071.0
2024-11-14 02:00:00,0.7037,0.705,0.6913,0.7,40596555.0
2024-11-14 03:00:00,0.7,0.7,0.6905,0.6972,22382962.0
2024-11-14 04:00:00,0.6972,0.7028,0.6933,0.701,16980279.0
2024-11-14 05:00:00,0.701,0.701,0.694,0.6972,18691889.0
2024-11-14 06:00:00,0.6972,0.7059,0.6869,0.6871,64721379.0
2024-11-14 07:00:00,0.6871,0.6993,0.6838,0.6988,51767484.0
2024-11-14 08:00:00,0.6988,0.715,0.698,0.7122,46103430.0
2024-11-14 09:00:00,0.7122,0.7142,0.7006,0.7112,39016909.0
2024-11-14 10:00:00,0.7112,0.7171,0.7075,0.7098,39141976.0
2024-11-14 11:00:00,0.7098,0.7225,0.699,0.7186,106884650.0
2024-11-14 12:00:00,0.7186,0.7272,0.7117,0.7163,69078632.0
2024-11-14 13:00:00,0.7163,0.7416,0.7138,0.7273,185293845.0
2024-11-14 14:00:00,0.7273,0.7571,0.705,0.7075,419109243.0
2024-11-14 15:00:00,0.7075,0.7269,0.7012,0.7138,192245796.0
2024-11-14 16:00:00,0.7138,0.7333,0.7061,0.7272,95002656.0
2024-11-14 17:00:00,0.7272,0.773,0.7272,0.7664,476411088.0
2024-11-14 18:00:00,0.7664,0.7779,0.7585,0.7742,89271950.0
2024-11-14 19:00:00,0.7742,0.8006,0.7638,0.7907,159087453.0
2024-11-14 20:00:00,0.7907,0.7931,0.7682,0.7867,185160625.0
2024-11-14 21:00:00,0.7867,0.8405,0.7837,0.8255,861785688.0
2024-11-14 22:00:00,0.8255,0.8485,0.7845,0.7944,508126770.0
2024-11-14 23:00:00,0.7944,0.8017,0.7555,0.7743,301061182.0
2024-11-15 00:00:00,0.7743,0.8004,0.771,0.7996,231118526.0
2024-11-15 01:00:00,0.7996,0.8291,0.7954,0.8222,318088732.0
2024-11-15 02:00:00,0.8222,0.8319,0.8054,0.8283,154076469.0
2024-11-15 03:00:00,0.8283,0.8286,0.8129,0.8216,54839520.0
2024-11-15 04:00:00,0.8216,0.84,0.7922,0.8041,183134347.0
2024-11-15 05:00:00,0.8041,0.8121,0.7932,0.8072,77641345.0
2024-11-15 06:00:00,0.8072,0.8172,0.7878,0.7987,94293253.0
2024-11-15 07:00:00,0.7987,0.805,0.7828,0.786,59763235.0
2024-11-15 08:00:00,0.786,0.7983,0.7732,0.7969,103704871.0
2024-11-15 09:00:00,0.7969,0.8159,0.7942,0.8122,66947824.0
2024-11-15 10:00:00,0.8122,0.8276,0.8108,0.8141,167943203.0
2024-11-15 11:00:00,0.8141,0.835,0.8112,0.8278,144199365.0
2024-11-15 12:00:00,0.8278,0.8734,0.8157,0.8654,632706636.0
2024-11-15 13:00:00,0.8654,0.8872,0.8534,0.8778,781925564.0
2024-11-15 14:00:00,0.8778,0.9159,0.8666,0.9102,703914597.0
2024-11-15 15:00:00,0.9102,0.9102,0.858,0.8671,459110519.0
2024-11-15 16:00:00,0.8671,0.885,0.8606,0.881,140013043.0
2024-11-15 17:00:00,0.881,0.8891,0.8587,0.8701,81030589.0
2024-11-15 18:00:00,0.8701,0.8839,0.8622,0.8829,75598622.0
2024-11-15 19:00:00,0.8829,0.8985,0.8802,0.8985,95740626.0
2024-11-15 20:00:00,0.8985,0.902,0.8689,0.8734,169964648.0
2024-11-15 21:00:00,0.8734,0.9257,0.8689,0.9186,214870526.0
2024-11-15 22:00:00,0.9186,0.9287,0.8975,0.8991,184490828.0
2024-11-15 23:00:00,0.8991,0.904,0.8838,0.8928,75198940.0
2024-11-16 00:00:00,0.8928,0.9013,0.8773,0.8855,88670656.0
2024-11-16 01:00:00,0.8855,0.8921,0.8784,0.8849,23047949.0
2024-11-16 02:00:00,0.8849,0.8952,0.8825,0.892,28383103.0
2024-11-16 03:00:00,0.892,0.9191,0.8895,0.9078,61484538.0
2024-11-16 04:00:00,0.9078,0.9499,0.9052,0.9485,141789927.0
2024-11-16 05:00:00,0.9485,0.985,0.9443,0.9833,341139825.0
2024-11-16 06:00:00,0.9833,0.984,0.9449,0.9615,150699250.0
2024-11-16 07:00:00,0.9615,0.9802,0.9571,0.9723,128100159.0
2024-11-16 08:00:00,0.9723,0.9981,0.9616,0.9976,181114722.0
2024-11-16 09:00:00,0.9976,1.0583,0.9816,1.053,585971741.0
2024-11-16 10:00:00,1.053,1.075,1.0321,1.0688,533997300.0
2024-11-16 11:00:00,1.0688,1.0902,1.0138,1.0504,684040121.0
2024-11-16 12:00:00,1.0504,1.0648,1.0311,1.0614,207632146.0
2024-11-16 13:00:00,1.0614,1.1342,1.0569,1.116,913828778.0
2024-11-16 14:00:00,1.116,1.2026,1.1103,1.1954,1403988659.0
2024-11-16 15:00:00,1.1954,1.27,1.0688,1.1108,2287347603.0
2024-11-16 16:00:00,1.1108,1.1593,1.0853,1.1421,673867736.0
2024-11-16 17:00:00,1.1421,1.1664,1.1107,1.1251,416570878.0
2024-11-16 18:00:00,1.1251,1.1819,1.1249,1.1762,199288388.0
2024-11-16 19:00:00,1.1762,1.2079,1.1549,1.1884,285992365.0
2024-11-16 20:00:00,1.1884,1.2045,1.1358,1.1668,378773576.0
2024-11-16 21:00:00,1.1668,1.1822,1.1216,1.137,228814849.0
2024-11-16 22:00:00,1.137,1.158,1.1035,1.1054,181885374.0
2024-11-16 23:00:00,1.1054,1.1446,1.1054,1.1207,161744306.0
2024-11-17 00:00:00,1.1207,1.1628,1.0862,1.1243,323019056.0
2024-11-17 01:00:00,1.1243,1.128,1.0575,1.0775,319585460.0
2024-11-17 02:00:00,1.0775,1.0828,1.0363,1.0678,394010280.0
2024-11-17 03:00:00,1.0678,1.0729,1.0477,1.0622,86770995.0
2024-11-17 04:00:00,1.0622,1.066,1.015,1.0388,311611790.0
2024-11-17 05:00:00,1.0388,1.05,1.0043,1.0056,144315746.0
2024-11-17 06:00:00,1.0056,1.0704,1.0048,1.0669,153454234.0
2024-11-17 07:00:00,1.0669,1.0912,1.0617,1.0692,268100630.0
2024-11-17 08:00:00,1.0692,1.1025,1.0501,1.0812,243873014.0
2024-11-17 09:00:00,1.0812,1.0912,1.0685,1.0726,115015540.0
2024-11-17 10:00:00,1.0726,1.0859,1.0556,1.0634,90079228.0
2024-11-17 11:00:00,1.0634,1.0638,1.0355,1.0383,158270792.0
2024-11-17 12:00:00,1.0383,1.0802,1.038,1.0763,120799718.0
2024-11-17 13:00:00,1.0763,1.1495,1.0723,1.1279,460678700.0
2024-11-17 14:00:00,1.1279,1.1302,1.09,1.1087,257010495.0
2024-11-17 15:00:00,1.1087,1.1089,1.0717,1.0857,158111617.0
2024-11-17 16:00:00,1.0857,1.0921,1.0693,1.0865,85074147.0
2024-11-17 17:00:00,1.0865,1.0881,1.0636,1.0714,55905306.0
2024-11-17 18:00:00,1.0714,1.0778,1.0459,1.0503,71240230.0
2024-11-17 19:00:00,1.0503,1.058,1.0334,1.0376,68308753.0
2024-11-17 20:00:00,1.0376,1.0582,1.0315,1.0521,66057890.0
2024-11-17 21:00:00,1.0521,1.0663,1.049,1.0535,43952927.0
2024-11-17 22:00:00,1.0535,1.0726,1.0372,1.0674,86458644.0
2024-11-17 23:00:00,1.0674,1.0713,1.0527,1.0554,29727292.0
2024-11-18 00:00:00,1.0554,1.0881,1.0554,1.0708,106753477.0
2024-11-18 01:00:00,1.0708,1.1406,1.0681,1.1261,175306213.0
2024-11-18 02:00:00,1.1261,1.1266,1.0998,1.1159,151487062.0
2024-11-18 03:00:00,1.1159,1.1376,1.1112,1.1184,91912874.0
2024-11-18 04:00:00,1.1184,1.1489,1.1148,1.1385,108548313.0
2024-11-18 05:00:00,1.1385,1.1879,1.1349,1.1616,313359918.0
2024-11-18 06:00:00,1.1616,1.1867,1.157,1.1629,173047786.0
2024-11-18 07:00:00,1.1629,1.1773,1.1421,1.1722,157858247.0
2024-11-18 08:00:00,1.1722,1.1756,1.1487,1.1567,66446991.0
2024-11-18 09:00:00,1.1567,1.1572,1.1203,1.1284,118676249.0
2024-11-18 10:00:00,1.1284,1.1492,1.128,1.1477,47626902.0
2024-11-18 11:00:00,1.1477,1.1527,1.111,1.1208,159105491.0
2024-11-18 12:00:00,1.1208,1.135,1.1106,1.1293,63800023.0
2024-11-18 13:00:00,1.1293,1.1465,1.1046,1.1279,141752046.0
2024-11-18 14:00:00,1.1279,1.1537,1.1257,1.1418,121217816.0
2024-11-18 15:00:00,1.1418,1.1774,1.1386,1.168,162329849.0
2024-11-18 16:00:00,1.168,1.1681,1.1238,1.1331,175228745.0
2024-11-18 17:00:00,1.1331,1.1547,1.1165,1.1282,90240031.0
2024-11-18 18:00:00,1.1282,1.1332,1.0956,1.102,70477749.0
2024-11-18 19:00:00,1.102,1.1052,1.0752,1.0899,96026978.0
2024-11-18 20:00:00,1.0899,1.1212,1.0806,1.1114,112141531.0
2024-11-18 21:00:00,1.1114,1.1407,1.1086,1.1203,83825786.0
2024-11-18 22:00:00,1.1203,1.1355,1.12,1.1257,25593290.0
2024-11-18 23:00:00,1.1257,1.1298,1.1105,1.1153,33879559.0
2024-11-19 00:00:00,1.1153,1.1489,1.112,1.1419,70277503.0
2024-11-19 01:00:00,1.1419,1.1429,1.1264,1.1344,33483700.0
2024-11-19 02:00:00,1.1344,1.1373,1.1178,1.133,42253385.0
2024-11-19 03:00:00,1.133,1.1403,1.1227,1.1395,20359870.0
2024-11-19 04:00:00,1.1395,1.142,1.1046,1.1139,65609230.0
2024-11-19 05:00:00,1.1139,1.1243,1.1018,1.1117,43707893.0
2024-11-19 06:00:00,1.1117,1.1176,1.0982,1.1081,35212478.0
2024-11-19 07:00:00,1.1081,1.12,1.099,1.1035,49674072.0
2024-11-19 08:00:00,1.1035,1.1064,1.0821,1.0979,76869860.0
2024-11-19 09:00:00,1.0979,1.1068,1.0858,1.0926,48457862.0
2024-11-19 10:00:00,1.0926,1.1049,1.0858,1.1038,41954662.0
2024-11-19 11:00:00,1.1038,1.1084,1.0976,1.1015,23610434.0
2024-11-19 12:00:00,1.1015,1.1242,1.0994,1.1095,50607991.0
2024-11-19 13:00:00,1.1095,1.111,1.0764,1.0769,87317989.0
2024-11-19 14:00:00,1.0769,1.0909,1.0692,1.0829,101354895.0
2024-11-19 15:00:00,1.0829,1.1013,1.081,1.0976,31951348.0
2024-11-19 16:00:00,1.0976,1.1034,1.0868,1.0957,24270554.0
2024-11-19 17:00:00,1.0957,1.1017,1.0844,1.0963,29925390.0
2024-11-19 18:00:00,1.0963,1.1095,1.087,1.1,43459781.0
2024-11-19 19:00:00,1.1,1.1182,1.0901,1.1069,57398429.0
2024-11-19 20:00:00,1.1069,1.1183,1.0931,1.1056,62554156.0
2024-11-19 21:00:00,1.1056,1.1082,1.0725,1.0839,98294492.0
2024-11-19 22:00:00,1.0839,1.0921,1.0704,1.0915,52964285.0
2024-11-19 23:00:00,1.0915,1.1097,1.0897,1.101,31618502.0
2024-11-20 00:00:00,1.101,1.116,1.0987,1.1103,38383098.0
2024-11-20 01:00:00,1.1103,1.1132,1.0842,1.1029,52141698.0
2024-11-20 02:00:00,1.1029,1.1109,1.0912,1.0931,25908021.0
2024-11-20 03:00:00,1.0931,1.0953,1.0559,1.0794,141583388.0
2024-11-20 04:00:00,1.0794,1.0868,1.0683,1.0795,27521713.0
2024-11-20 05:00:00,1.0795,1.0853,1.0687,1.0848,25812774.0
2024-11-20 06:00:00,1.0848,1.0943,1.0823,1.085,21170503.0
2024-11-20 07:00:00,1.085,1.0937,1.0801,1.0825,20604045.0
2024-11-20 08:00:00,1.0825,1.1033,1.0764,1.0937,43939055.0
2024-11-20 09:00:00,1.0937,1.1156,1.0915,1.0992,51128214.0
2024-11-20 10:00:00,1.0992,1.1222,1.0953,1.1174,46659403.0
2024-11-20 11:00:00,1.1174,1.1394,1.1103,1.1213,114196105.0
2024-11-20 12:00:00,1.1213,1.1516,1.1184,1.121,121691081.0
2024-11-20 13:00:00,1.121,1.13,1.1111,1.125,80895649.0
2024-11-20 14:00:00,1.125,1.1483,1.1227,1.137,99682097.0
2024-11-20 15:00:00,1.137,1.1394,1.1126,1.121,73280758.0
2024-11-20 16:00:00,1.121,1.1312,1.0866,1.0962,114377765.0
2024-11-20 17:00:00,1.0962,1.105,1.0802,1.0809,72849522.0
2024-11-20 18:00:00,1.0809,1.0983,1.0732,1.0863,61733614.0
2024-11-20 19:00:00,1.0863,1.0879,1.0652,1.0837,50227419.0
2024-11-20 20:00:00,1.0837,1.0972,1.0761,1.0912,48152306.0
2024-11-20 21:00:00,1.0912,1.1079,1.0867,1.1041,29057073.0
2024-11-20 22:00:00,1.1041,1.1192,1.1011,1.1119,28994119.0
2024-11-20 23:00:00,1.1119,1.12,1.0981,1.1045,36170461.0
2024-11-21 00:00:00,1.1045,1.1163,1.099,1.1139,24267468.0
2024-11-21 01:00:00,1.1139,1.1312,1.1068,1.1208,24087665.0
2024-11-21 02:00:00,1.1208,1.121,1.0765,1.0919,63430877.0
2024-11-21 03:00:00,1.0919,1.1095,1.0898,1.0962,39797979.0
2024-11-21 04:00:00,1.0962,1.1188,1.085,1.1147,45547291.0
2024-11-21 05:00:00,1.1147,1.1323,1.1019,1.1081,46868368.0
2024-11-21 06:00:00,1.1081,1.1168,1.1052,1.1109,25444833.0
2024-11-21 07:00:00,1.1109,1.1141,1.0987,1.1102,25802276.0
2024-11-21 08:00:00,1.1102,1.1311,1.1098,1.1202,51915761.0
2024-11-21 09:00:00,1.1202,1.1365,1.1164,1.1188,156131293.0
2024-11-21 10:00:00,1.1188,1.1325,1.1183,1.1234,28823782.0
2024-11-21 11:00:00,1.1234,1.1279,1.1068,1.1113,57739643.0
2024-11-21 12:00:00,1.1113,1.1592,1.1096,1.1337,166805136.0
2024-11-21 13:00:00,1.1337,1.1412,1.1218,1.1275,94205953.0
2024-11-21 14:00:00,1.1275,1.1393,1.1158,1.1272,61055131.0
2024-11-21 15:00:00,1.1272,1.1272,1.0965,1.1041,102199482.0
2024-11-21 16:00:00,1.1041,1.116,1.0992,1.1151,25434052.0
2024-11-21 17:00:00,1.1151,1.148,1.1086,1.1416,32306420.0
2024-11-21 18:00:00,1.1416,1.2258,1.1254,1.2095,820285649.0
2024-11-21 19:00:00,1.2095,1.24,1.1613,1.1728,423786575.0
2024-11-21 20:00:00,1.1728,1.1967,1.1705,1.1809,103954511.0
2024-11-21 21:00:00,1.1809,1.1959,1.166,1.1927,70934764.0
2024-11-21 22:00:00,1.1927,1.2093,1.1927,1.2057,58837348.0
2024-11-21 23:00:00,1.2057,1.2653,1.1985,1.2482,195625796.0
2024-11-22 00:00:00,1.2482,1.2987,1.2481,1.2837,543699873.0
2024-11-22 01:00:00,1.2837,1.3771,1.2821,1.3533,529612281.0
2024-11-22 02:00:00,1.3533,1.4116,1.3418,1.3612,472892293.0
2024-11-22 03:00:00,1.3612,1.3993,1.3606,1.386,201161498.0
2024-11-22 04:00:00,1.386,1.4349,1.3793,1.3994,294180826.0
2024-11-22 05:00:00,1.3994,1.4156,1.3749,1.4039,106397753.0
2024-11-22 06:00:00,1.4039,1.4232,1.386,1.4033,147134655.0
2024-11-22 07:00:00,1.4033,1.4034,1.3628,1.3654,109290240.0
2024-11-22 08:00:00,1.3654,1.4,1.3648,1.395,70141509.0
2024-11-22 09:00:00,1.395,1.4058,1.3781,1.3889,60363695.0
2024-11-22 10:00:00,1.3889,1.4145,1.3807,1.412,95718539.0
2024-11-22 11:00:00,1.412,1.4779,1.395,1.4676,366368145.0
2024-11-22 12:00:00,1.4676,1.5003,1.451,1.4792,278234558.0
2024-11-22 13:00:00,1.4792,1.4794,1.3556,1.4218,867736732.0
2024-11-22 14:00:00,1.4218,1.4448,1.4022,1.4404,230442884.0
2024-11-22 15:00:00,1.4404,1.4689,1.4279,1.4427,195196395.0
2024-11-22 16:00:00,1.4427,1.492,1.4291,1.4724,151932371.0
2024-11-22 17:00:00,1.4724,1.4735,1.4451,1.4529,71205707.0
2024-11-22 18:00:00,1.4529,1.4679,1.4124,1.4225,124680351.0
2024-11-22 19:00:00,1.4225,1.438,1.4022,1.4376,66047171.0
2024-11-22 20:00:00,1.4376,1.4636,1.4273,1.4555,48440412.0
2024-11-22 21:00:00,1.4555,1.465,1.442,1.4496,55385438.0
2024-11-22 22:00:00,1.4496,1.4934,1.4427,1.4681,113538402.0
2024-11-22 23:00:00,1.4681,1.477,1.4495,1.4743,56944519.0
2024-11-23 00:00:00,1.4743,1.6252,1.4716,1.5811,919482789.0
2024-11-23 01:00:00,1.5811,1.6345,1.5521,1.5937,448770998.0
2024-11-23 02:00:00,1.5937,1.6032,1.5259,1.5502,220569519.0
2024-11-23 03:00:00,1.5502,1.5788,1.5447,1.5673,67871330.0
2024-11-23 04:00:00,1.5673,1.5673,1.4936,1.5316,258214953.0
2024-11-23 05:00:00,1.5316,1.5586,1.5202,1.5442,56319105.0
2024-11-23 06:00:00,1.5442,1.5571,1.5339,1.5522,34694427.0
2024-11-23 07:00:00,1.5522,1.5673,1.5389,1.547,56919104.0
2024-11-23 08:00:00,1.547,1.5779,1.542,1.5598,87522435.0
2024-11-23 09:00:00,1.5598,1.5624,1.5337,1.5375,50892591.0
2024-11-23 10:00:00,1.5375,1.5405,1.516,1.539,69408892.0
2024-11-23 11:00:00,1.539,1.5579,1.5335,1.5454,44704281.0
2024-11-23 12:00:00,1.5454,1.5497,1.5246,1.5412,51884140.0
2024-11-23 13:00:00,1.5412,1.5659,1.5287,1.5469,56875298.0
2024-11-23 14:00:00,1.5469,1.5784,1.5423,1.5667,75021394.0
2024-11-23 15:00:00,1.5667,1.5952,1.55,1.5574,155214878.0
2024-11-23 16:00:00,1.5574,1.5778,1.4204,1.463,800411835.0
2024-11-23 17:00:00,1.463,1.516,1.4285,1.5002,239878488.0
2024-11-23 18:00:00,1.5002,1.5018,1.4694,1.4989,76180959.0
2024-11-23 19:00:00,1.4989,1.5075,1.4665,1.4769,52617309.0
2024-11-23 20:00:00,1.4769,1.4769,1.421,1.4659,128299663.0
2024-11-23 21:00:00,1.4659,1.4976,1.4602,1.4969,44390579.0
2024-11-23 22:00:00,1.4969,1.4977,1.4634,1.4836,54722481.0
2024-11-23 23:00:00,1.4836,1.486,1.4573,1.4705,40802757.0
2024-11-24 00:00:00,1.4705,1.4845,1.4412,1.4745,101479263.0
2024-11-24 01:00:00,1.4745,1.4888,1.4703,1.4792,39139857.0
2024-11-24 02:00:00,1.4792,1.5142,1.4785,1.4919,54695050.0
2024-11-24 03:00:00,1.4919,1.4972,1.4714,1.4743,36292124.0
2024-11-24 04:00:00,1.4743,1.4851,1.4475,1.4649,53369315.0
2024-11-24 05:00:00,1.4649,1.4713,1.4369,1.4545,45116136.0
2024-11-24 06:00:00,1.4545,1.4659,1.4437,1.4621,30488125.0
2024-11-24 07:00:00,1.4621,1.4782,1.46,1.4667,27666502.0
2024-11-24 08:00:00,1.4667,1.4706,1.4327,1.4404,48289017.0
2024-11-24 09:00:00,1.4404,1.4514,1.4294,1.4438,46553352.0
2024-11-24 10:00:00,1.4438,1.4592,1.4236,1.4359,69682133.0
2024-11-24 11:00:00,1.4359,1.441,1.3771,1.385,448849076.0
2024-11-24 12:00:00,1.385,1.405,1.2774,1.3394,1253216980.0
2024-11-24 13:00:00,1.3394,1.3887,1.3269,1.3746,297540354.0
2024-11-24 14:00:00,1.3746,1.3751,1.3372,1.3671,262903275.0
2024-11-24 15:00:00,1.3671,1.3724,1.306,1.309,222233229.0
2024-11-24 16:00:00,1.309,1.3707,1.2992,1.3528,233635301.0
2024-11-24 17:00:00,1.3528,1.3539,1.3242,1.3402,98612863.0
2024-11-24 18:00:00,1.3402,1.4009,1.3362,1.3972,76736959.0
2024-11-24 19:00:00,1.3972,1.4074,1.3748,1.3801,60574608.0
2024-11-24 20:00:00,1.3801,1.422,1.373,1.4209,82593239.0
2024-11-24 21:00:00,1.4209,1.4435,1.4014,1.4393,57030600.0
2024-11-24 22:00:00,1.4393,1.4615,1.4274,1.4427,94415723.0
2024-11-24 23:00:00,1.4427,1.4581,1.4181,1.4336,72723731.0
2024-11-25 00:00:00,1.4336,1.4346,1.3966,1.4008,59920376.0
2024-11-25 01:00:00,1.4008,1.4038,1.3553,1.3801,129439592.0
2024-11-25 02:00:00,1.3801,1.399,1.3783,1.3867,54696224.0
2024-11-25 03:00:00,1.3867,1.4138,1.384,1.404,35442552.0
2024-11-25 04:00:00,1.404,1.4668,1.4027,1.4412,171359281.0
2024-11-25 05:00:00,1.4412,1.4775,1.4385,1.4597,80258975.0
2024-11-25 06:00:00,1.4597,1.4735,1.4495,1.4589,54905694.0
2024-11-25 07:00:00,1.4589,1.5078,1.4471,1.4799,131857272.0
2024-11-25 08:00:00,1.4799,1.5403,1.4777,1.5196,166314371.0
2024-11-25 09:00:00,1.5196,1.5196,1.4977,1.5101,52972662.0
2024-11-25 10:00:00,1.5101,1.5131,1.4825,1.4933,74258226.0
2024-11-25 11:00:00,1.4933,1.4953,1.4659,1.4805,105545220.0
2024-11-25 12:00:00,1.4805,1.4882,1.4592,1.4693,100164826.0
2024-11-25 13:00:00,1.4693,1.4752,1.4249,1.4294,180630091.0
2024-11-25 14:00:00,1.4294,1.4507,1.3867,1.3884,199242206.0
2024-11-25 15:00:00,1.3884,1.4418,1.3737,1.4238,258469871.0
2024-11-25 16:00:00,1.4238,1.5243,1.4125,1.472,444649299.0
2024-11-25 17:00:00,1.472,1.4739,1.4252,1.4517,164910591.0
2024-11-25 18:00:00,1.4517,1.487,1.4464,1.4692,90678269.0
2024-11-25 19:00:00,1.4692,1.4867,1.4542,1.4756,66524969.0
2024-11-25 20:00:00,1.4756,1.482,1.4457,1.4638,76613279.0
2024-11-25 21:00:00,1.4638,1.4744,1.415,1.4297,62653888.0
2024-11-25 22:00:00,1.4297,1.4414,1.3826,1.4211,167334356.0
2024-11-25 23:00:00,1.4211,1.4346,1.4078,1.4151,40859021.0
2024-11-26 00:00:00,1.4151,1.4514,1.3997,1.4211,76285014.0
2024-11-26 01:00:00,1.4211,1.451,1.4193,1.4486,39182436.0
2024-11-26 02:00:00,1.4486,1.4582,1.4403,1.4498,25348486.0
2024-11-26 03:00:00,1.4498,1.4583,1.4323,1.4477,22257605.0
2024-11-26 04:00:00,1.4477,1.4519,1.4339,1.4426,31985480.0
2024-11-26 05:00:00,1.4426,1.4576,1.435,1.4519,27454042.0
2024-11-26 06:00:00,1.4519,1.4558,1.4278,1.4306,61839525.0
2024-11-26 07:00:00,1.4306,1.4331,1.4072,1.4254,63523431.0
2024-11-26 08:00:00,1.4254,1.4265,1.378,1.3894,145953151.0
2024-11-26 09:00:00,1.3894,1.4064,1.357,1.3758,155657085.0
2024-11-26 10:00:00,1.3758,1.386,1.3274,1.3303,129442285.0
2024-11-26 11:00:00,1.3303,1.3457,1.285,1.3335,369064266.0
2024-11-26 12:00:00,1.3335,1.3551,1.3129,1.3283,139910155.0
2024-11-26 13:00:00,1.3283,1.372,1.3163,1.3496,162074757.0
2024-11-26 14:00:00,1.3496,1.3845,1.3378,1.3694,149759023.0
2024-11-26 15:00:00,1.3694,1.3746,1.3429,1.3446,80583585.0
2024-11-26 16:00:00,1.3446,1.3958,1.34,1.3823,75484689.0
2024-11-26 17:00:00,1.3823,1.3935,1.3721,1.38,38784703.0
2024-11-26 18:00:00,1.38,1.3835,1.3348,1.3463,61029330.0
2024-11-26 19:00:00,1.3463,1.3868,1.3377,1.3793,66872906.0
2024-11-26 20:00:00,1.3793,1.4312,1.3743,1.4064,85794293.0
2024-11-26 21:00:00,1.4064,1.4208,1.391,1.401,73124856.0
2024-11-26 22:00:00,1.401,1.4155,1.3868,1.3905,31969915.0
2024-11-26 23:00:00,1.3905,1.4088,1.389,1.3984,26250982.0
2024-11-27 00:00:00,1.3984,1.4211,1.3658,1.372,77178883.0
2024-11-27 01:00:00,1.372,1.4018,1.3643,1.3977,50931263.0
2024-11-27 02:00:00,1.3977,1.4012,1.3686,1.3775,49471617.0
2024-11-27 03:00:00,1.3775,1.3824,1.3566,1.3665,32581556.0
2024-11-27 04:00:00,1.3665,1.3899,1.3646,1.37,25060306.0
2024-11-27 05:00:00,1.37,1.3741,1.3527,1.3655,34070805.0
2024-11-27 06:00:00,1.3655,1.3918,1.3652,1.3786,34410956.0
2024-11-27 07:00:00,1.3786,1.4184,1.3754,1.411,49995502.0
2024-11-27 08:00:00,1.411,1.441,1.4061,1.4342,74509045.0
2024-11-27 09:00:00,1.4342,1.4678,1.4181,1.4554,128438294.0
2024-11-27 10:00:00,1.4554,1.4628,1.4384,1.4453,89435454.0
2024-11-27 11:00:00,1.4453,1.45,1.4246,1.4339,64031773.0
2024-11-27 12:00:00,1.4339,1.4351,1.4114,1.4272,96054605.0
2024-11-27 13:00:00,1.4272,1.4446,1.42,1.444,63183049.0
2024-11-27 14:00:00,1.444,1.458,1.4327,1.4516,58502666.0
2024-11-27 15:00:00,1.4516,1.5088,1.4338,1.4964,138427037.0
2024-11-27 16:00:00,1.4964,1.507,1.4659,1.4698,97385529.0
2024-11-27 17:00:00,1.4698,1.4916,1.4644,1.4882,44914150.0
2024-11-27 18:00:00,1.4882,1.4949,1.4804,1.481,26992856.0
2024-11-27 19:00:00,1.481,1.4994,1.4749,1.4866,26599706.0
2024-11-27 20:00:00,1.4866,1.5238,1.4837,1.4967,70820607.0
2024-11-27 21:00:00,1.4967,1.5085,1.4871,1.4954,33192503.0
2024-11-27 22:00:00,1.4954,1.499,1.4749,1.4777,42785247.0
2024-11-27 23:00:00,1.4777,1.4846,1.4654,1.4712,38422416.0
2024-11-28 00:00:00,1.4712,1.4791,1.4491,1.4651,58374455.0
2024-11-28 01:00:00,1.4651,1.4769,1.4576,1.4768,27936820.0
2024-11-28 02:00:00,1.4768,1.4854,1.4599,1.4651,37001528.0
2024-11-28 03:00:00,1.4651,1.472,1.4413,1.4657,58142203.0
2024-11-28 04:00:00,1.4657,1.4824,1.4597,1.4743,26465665.0
2024-11-28 05:00:00,1.4743,1.4834,1.4632,1.478,26096376.0
2024-11-28 06:00:00,1.478,1.494,1.4701,1.4844,39770363.0
2024-11-28 07:00:00,1.4844,1.4896,1.4582,1.4653,48116331.0
2024-11-28 08:00:00,1.4653,1.4744,1.4529,1.468,43763838.0
2024-11-28 09:00:00,1.468,1.471,1.4483,1.4491,31925432.0
2024-11-28 10:00:00,1.4491,1.4608,1.4406,1.4513,42569718.0
2024-11-28 11:00:00,1.4513,1.4686,1.441,1.4658,33163857.0
2024-11-28 12:00:00,1.4658,1.4752,1.4529,1.4654,44058478.0
2024-11-28 13:00:00,1.4654,1.4693,1.4489,1.466,31736697.0
2024-11-28 14:00:00,1.466,1.4795,1.4566,1.4666,37508290.0
2024-11-28 15:00:00,1.4666,1.4732,1.4303,1.4354,67708409.0
2024-11-28 16:00:00,1.4354,1.4668,1.4346,1.4659,40745336.0
2024-11-28 17:00:00,1.4659,1.4849,1.4655,1.4679,38282458.0
2024-11-28 18:00:00,1.4679,1.4828,1.4679,1.4775,18236912.0
2024-11-28 19:00:00,1.4775,1.4816,1.4707,1.4789,14100843.0
2024-11-28 20:00:00,1.4789,1.4812,1.4658,1.4761,16052282.0
2024-11-28 21:00:00,1.4761,1.4921,1.4761,1.4909,22999329.0
2024-11-28 22:00:00,1.4909,1.5108,1.483,1.5096,35527359.0
2024-11-28 23:00:00,1.5096,1.548,1.507,1.5428,168146314.0
2024-11-29 00:00:00,1.5428,1.5781,1.5271,1.5333,166163574.0
2024-11-29 01:00:00,1.5333,1.5585,1.5246,1.5576,33648315.0
2024-11-29 02:00:00,1.5576,1.5805,1.5552,1.5684,55486678.0
2024-11-29 03:00:00,1.5684,1.579,1.5513,1.5536,46499869.0
2024-11-29 04:00:00,1.5536,1.5614,1.5403,1.5497,41959797.0
2024-11-29 05:00:00,1.5497,1.5713,1.5457,1.565,30390746.0
2024-11-29 06:00:00,1.565,1.6206,1.5649,1.6146,164420156.0
2024-11-29 07:00:00,1.6146,1.6478,1.5873,1.5898,204379062.0
2024-11-29 08:00:00,1.5898,1.6186,1.5892,1.6128,79982884.0
2024-11-29 09:00:00,1.6128,1.6429,1.6006,1.6326,83504722.0
2024-11-29 10:00:00,1.6326,1.6853,1.6309,1.6649,208521450.0
2024-11-29 11:00:00,1.6649,1.676,1.6428,1.6538,92399431.0
2024-11-29 12:00:00,1.6538,1.6772,1.6445,1.6586,75787936.0
2024-11-29 13:00:00,1.6586,1.705,1.6524,1.687,147914653.0
2024-11-29 14:00:00,1.687,1.7485,1.6764,1.7429,214732276.0
2024-11-29 15:00:00,1.7429,1.7768,1.7078,1.7107,311982889.0
2024-11-29 16:00:00,1.7107,1.7343,1.6819,1.6958,238685195.0
2024-11-29 17:00:00,1.6958,1.7183,1.6852,1.7054,72774527.0
2024-11-29 18:00:00,1.7054,1.7151,1.6772,1.7125,61244238.0
2024-11-29 19:00:00,1.7125,1.7381,1.7048,1.7263,55074354.0
2024-11-29 20:00:00,1.7263,1.7532,1.7179,1.7348,81500651.0
2024-11-29 21:00:00,1.7348,1.7782,1.7287,1.7484,108039072.0
2024-11-29 22:00:00,1.7484,1.7699,1.7339,1.7558,107874975.0
2024-11-29 23:00:00,1.7558,1.8167,1.7554,1.8021,192337656.0
2024-11-30 00:00:00,1.8021,1.8691,1.7652,1.786,514758381.0
2024-11-30 01:00:00,1.786,1.8563,1.7696,1.8355,208733060.0
2024-11-30 02:00:00,1.8355,1.8446,1.7877,1.8034,131059416.0
2024-11-30 03:00:00,1.8034,1.8212,1.7765,1.8199,81370688.0
2024-11-30 04:00:00,1.8199,1.8587,1.8038,1.8468,100567968.0
2024-11-30 05:00:00,1.8468,1.9077,1.84,1.8822,185928754.0
2024-11-30 06:00:00,1.8822,1.9473,1.8712,1.899,238708699.0
2024-11-30 07:00:00,1.899,1.9503,1.8986,1.9153,210503535.0
2024-11-30 08:00:00,1.9153,1.9342,1.8795,1.9103,186567398.0
2024-11-30 09:00:00,1.9103,1.9247,1.8732,1.898,100395596.0
2024-11-30 10:00:00,1.898,1.9006,1.8504,1.8763,140461757.0
2024-11-30 11:00:00,1.8763,1.9126,1.8677,1.8982,87224062.0
2024-11-30 12:00:00,1.8982,1.9009,1.8219,1.8359,195659556.0
2024-11-30 13:00:00,1.8359,1.8584,1.8188,1.8319,126146476.0
2024-11-30 14:00:00,1.8319,1.8779,1.8298,1.8485,84302776.0
2024-11-30 15:00:00,1.8485,1.8863,1.837,1.8794,62641226.0
2024-11-30 16:00:00,1.8794,1.9028,1.8583,1.89,116308379.0
2024-11-30 17:00:00,1.89,1.909,1.8814,1.8983,62084015.0
2024-11-30 18:00:00,1.8983,1.8998,1.8652,1.8915,52789503.0
2024-11-30 19:00:00,1.8915,1.9116,1.8877,1.9004,59579886.0
2024-11-30 20:00:00,1.9004,1.9058,1.8801,1.893,39098625.0
2024-11-30 21:00:00,1.893,1.9404,1.8903,1.9226,86851132.0
2024-11-30 22:00:00,1.9226,1.9608,1.9048,1.9133,201574517.0
2024-11-30 23:00:00,1.9133,1.9545,1.9132,1.9514,93027230.0
2024-12-01 00:00:00,1.9514,1.9583,1.8751,1.8809,192674187.0
2024-12-01 01:00:00,1.8809,1.9069,1.8623,1.8987,83087177.0
2024-12-01 02:00:00,1.8987,1.8992,1.8479,1.864,111316739.0
2024-12-01 03:00:00,1.864,1.8955,1.8631,1.8916,36454208.0
2024-12-01 04:00:00,1.8916,1.9034,1.8783,1.8869,42533529.0
2024-12-01 05:00:00,1.8869,1.8872,1.8568,1.8597,42454574.0
2024-12-01 06:00:00,1.8597,1.885,1.8579,1.8778,34520255.0
2024-12-01 07:00:00,1.8778,1.8895,1.8722,1.8734,28153673.0
2024-12-01 08:00:00,1.8734,1.9136,1.8693,1.9098,68428895.0
2024-12-01 09:00:00,1.9098,1.95,1.9087,1.9244,143533804.0
2024-12-01 10:00:00,1.9244,1.9416,1.9069,1.9304,72806999.0
2024-12-01 11:00:00,1.9304,1.9367,1.8986,1.9138,78632453.0
2024-12-01 12:00:00,1.9138,1.9204,1.8937,1.8965,57657291.0
2024-12-01 13:00:00,1.8965,1.9217,1.8917,1.9019,63556574.0
2024-12-01 14:00:00,1.9019,1.9222,1.8966,1.9181,38341499.0
2024-12-01 15:00:00,1.9181,1.9189,1.897,1.9032,45639030.0
2024-12-01 16:00:00,1.9032,1.9152,1.8823,1.9114,75200168.0
2024-12-01 17:00:00,1.9114,1.9327,1.8986,1.93,53312814.0
2024-12-01 18:00:00,1.93,1.9821,1.9237,1.973,182407243.0
2024-12-01 19:00:00,1.973,2.1496,1.9721,2.1265,975585710.0
2024-12-01 20:00:00,2.1265,2.2039,2.0768,2.171,1091035337.0
2024-12-01 21:00:00,2.171,2.1893,2.1407,2.1743,303188736.0
2024-12-01 22:00:00,2.1743,2.1857,2.1412,2.171,130844905.0
2024-12-01 23:00:00,2.171,2.3556,2.1464,2.295,659965635.0
2024-12-02 00:00:00,2.295,2.4373,2.2787,2.4267,582931342.0
2024-12-02 01:00:00,2.4267,2.4956,2.3243,2.4089,1016631010.0
2024-12-02 02:00:00,2.4089,2.4222,2.2934,2.3969,403677413.0
2024-12-02 03:00:00,2.3969,2.4755,2.3693,2.3984,385353579.0
2024-12-02 04:00:00,2.3984,2.4414,2.3572,2.44,249468481.0
2024-12-02 05:00:00,2.44,2.4874,2.4224,2.4623,164310166.0
2024-12-02 06:00:00,2.4623,2.4638,2.365,2.4428,186061576.0
2024-12-02 07:00:00,2.4428,2.4595,2.3908,2.4423,140588017.0
2024-12-02 08:00:00,2.4423,2.458,2.2151,2.2781,888493385.0
2024-12-02 09:00:00,2.2781,2.368,2.2603,2.3535,339538628.0
2024-12-02 10:00:00,2.3535,2.355,2.24,2.2529,266459013.0
2024-12-02 11:00:00,2.2529,2.3334,2.2272,2.3156,255880792.0
2024-12-02 12:00:00,2.3156,2.4107,2.3,2.3517,227289231.0
2024-12-02 13:00:00,2.3517,2.4611,2.3367,2.4284,327990111.0
2024-12-02 14:00:00,2.4284,2.6722,2.4034,2.62,1029212029.0
2024-12-02 15:00:00,2.62,2.76,2.6033,2.7034,927578789.0
2024-12-02 16:00:00,2.7034,2.877,2.6086,2.7431,1117319799.0
2024-12-02 17:00:00,2.7431,2.7532,2.5809,2.6264,500314985.0
2024-12-02 18:00:00,2.6264,2.7432,2.6207,2.7209,219877933.0
2024-12-02 19:00:00,2.7209,2.7768,2.6658,2.7483,152819922.0
2024-12-02 20:00:00,2.7483,2.8013,2.7051,2.7221,154072038.0
2024-12-02 21:00:00,2.7221,2.7382,2.637,2.7051,184938652.0
2024-12-02 22:00:00,2.7051,2.7697,2.677,2.7549,131886873.0
2024-12-02 23:00:00,2.7549,2.7926,2.685,2.727,151032087.0
2024-12-03 00:00:00,2.727,2.7533,2.6464,2.6991,184504828.0
2024-12-03 01:00:00,2.6991,2.7549,2.682,2.6862,96737727.0
2024-12-03 02:00:00,2.6862,2.7554,2.6663,2.6918,78335470.0
2024-12-03 03:00:00,2.6918,2.7795,2.6884,2.7763,74500631.0
2024-12-03 04:00:00,2.7763,2.7895,2.7011,2.7241,111528798.0
2024-12-03 05:00:00,2.7241,2.7528,2.6943,2.7482,55591577.0
2024-12-03 06:00:00,2.7482,2.7558,2.612,2.6243,220399128.0
2024-12-03 07:00:00,2.6243,2.6483,2.5151,2.6274,465710264.0
2024-12-03 08:00:00,2.6274,2.704,2.597,2.6926,191810312.0
2024-12-03 09:00:00,2.6926,2.6926,2.6025,2.617,113031656.0
2024-12-03 10:00:00,2.617,2.6559,2.563,2.5791,130242598.0
2024-12-03 11:00:00,2.5791,2.8766,2.5741,2.8536,465262464.0
2024-12-03 12:00:00,2.8536,2.9176,2.6851,2.7251,781223615.0
2024-12-03 13:00:00,2.7251,2.7281,2.3045,2.444,1395143572.0
2024-12-03 14:00:00,2.444,2.6087,2.29,2.4855,2046199596.0
2024-12-03 15:00:00,2.4855,2.537,2.4033,2.528,720108550.0
2024-12-03 16:00:00,2.528,2.608,2.4785,2.5177,478848231.0
2024-12-03 17:00:00,2.5177,2.61,2.4842,2.5729,176943234.0
2024-12-03 18:00:00,2.5729,2.5832,2.5242,2.5455,85827505.0
2024-12-03 19:00:00,2.5455,2.594,2.492,2.5696,130994165.0
2024-12-03 20:00:00,2.5696,2.6341,2.5551,2.6007,123176840.0
2024-12-03 21:00:00,2.6007,2.6909,2.5977,2.625,137083114.0
2024-12-03 22:00:00,2.625,2.6432,2.5621,2.6075,144499675.0
2024-12-03 23:00:00,2.6075,2.6092,2.5088,2.5108,125748804.0
2024-12-04 00:00:00,2.5108,2.5747,2.5089,2.5501,81665817.0
2024-12-04 01:00:00,2.5501,2.582,2.5062,2.5659,54041717.0
2024-12-04 02:00:00,2.5659,2.5696,2.5008,2.5342,39625849.0
2024-12-04 03:00:00,2.5342,2.5723,2.5333,2.5448,33551306.0
2024-12-04 04:00:00,2.5448,2.5863,2.5415,2.5859,36094704.0
2024-12-04 05:00:00,2.5859,2.634,2.5703,2.6197,60800287.0
2024-12-04 06:00:00,2.6197,2.6576,2.5923,2.6086,93772635.0
2024-12-04 07:00:00,2.6086,2.648,2.6071,2.625,45169719.0
2024-12-04 08:00:00,2.625,2.6826,2.624,2.6506,72870764.0
2024-12-04 09:00:00,2.6506,2.665,2.6166,2.6376,73532094.0
2024-12-04 10:00:00,2.6376,2.6636,2.6068,2.6563,53642682.0
2024-12-04 11:00:00,2.6563,2.6586,2.612,2.614,46498245.0
2024-12-04 12:00:00,2.614,2.6222,2.5263,2.574,215964169.0
2024-12-04 13:00:00,2.574,2.5858,2.5301,2.5677,65535194.0
2024-12-04 14:00:00,2.5677,2.6283,2.5385,2.5683,136906605.0
2024-12-04 15:00:00,2.5683,2.5862,2.4868,2.5147,150235432.0
2024-12-04 16:00:00,2.5147,2.5237,2.3224,2.385,547014737.0
2024-12-04 17:00:00,2.385,2.42,2.33,2.4028,312018658.0
2024-12-04 18:00:00,2.4028,2.4745,2.4019,2.4284,171267304.0
2024-12-04 19:00:00,2.4284,2.46,2.3935,2.3959,70411307.0
2024-12-04 20:00:00,2.3959,2.4455,2.3522,2.3955,221802103.0
2024-12-04 21:00:00,2.3955,2.4042,2.2794,2.3959,327277490.0
2024-12-04 22:00:00,2.3959,2.4443,2.3661,2.3728,99832441.0
2024-12-04 23:00:00,2.3728,2.3884,2.29,2.3617,188437524.0
2024-12-05 00:00:00,2.3617,2.3972,2.3067,2.3537,164341593.0
2024-12-05 01:00:00,2.3537,2.354,2.179,2.2382,626435419.0
2024-12-05 02:00:00,2.2382,2.3943,2.2328,2.3628,254074264.0
2024-12-05 03:00:00,2.3628,2.3796,2.2316,2.2583,188695669.0
2024-12-05 04:00:00,2.2583,2.3375,2.2475,2.3029,86863560.0
2024-12-05 05:00:00,2.3029,2.3371,2.2709,2.2985,61068632.0
2024-12-05 06:00:00,2.2985,2.3522,2.2799,2.3189,88095372.0
2024-12-05 07:00:00,2.3189,2.39,2.3177,2.377,75257471.0
2024-12-05 08:00:00,2.377,2.4974,2.3641,2.4399,227981381.0
2024-12-05 09:00:00,2.4399,2.4433,2.3922,2.4063,74635501.0
2024-12-05 10:00:00,2.4063,2.4198,2.3742,2.3901,58820076.0
2024-12-05 11:00:00,2.3901,2.4227,2.384,2.4117,47057624.0
2024-12-05 12:00:00,2.4117,2.4197,2.3536,2.3815,76373579.0
2024-12-05 13:00:00,2.3815,2.3954,2.3581,2.3726,48963866.0
2024-12-05 14:00:00,2.3726,2.3883,2.3227,2.3495,83799444.0
2024-12-05 15:00:00,2.3495,2.3893,2.3091,2.3779,96028849.0
2024-12-05 16:00:00,2.3779,2.4423,2.3527,2.4323,58374664.0
2024-12-05 17:00:00,2.4323,2.4323,2.3965,2.422,53992459.0
2024-12-05 18:00:00,2.422,2.4297,2.3924,2.3955,34935267.0
2024-12-05 19:00:00,2.3955,2.4018,2.3292,2.3408,54748491.0
2024-12-05 20:00:00,2.3408,2.3536,2.2805,2.3179,114956981.0
2024-12-05 21:00:00,2.3179,2.3335,2.305,2.3298,39439472.0
2024-12-05 22:00:00,2.3298,2.3445,2.21,2.2875,353692108.0
2024-12-05 23:00:00,2.2875,2.2912,2.2186,2.2463,120461136.0
2024-12-06 00:00:00,2.2463,2.3035,2.2269,2.2963,90809223.0
2024-12-06 01:00:00,2.2963,2.3362,2.2808,2.323,54979246.0
2024-12-06 02:00:00,2.323,2.3414,2.3031,2.3124,39483602.0
2024-12-06 03:00:00,2.3124,2.3266,2.2941,2.3118,41423214.0
2024-12-06 04:00:00,2.3118,2.3553,2.3066,2.3518,45475692.0
2024-12-06 05:00:00,2.3518,2.3982,2.3502,2.3649,95411551.0
2024-12-06 06:00:00,2.3649,2.3677,2.3343,2.3562,42892976.0
2024-12-06 07:00:00,2.3562,2.3562,2.3217,2.3226,33819934.0
2024-12-06 08:00:00,2.3226,2.34,2.3091,2.3109,47666974.0
2024-12-06 09:00:00,2.3109,2.315,2.2633,2.2805,84802866.0
2024-12-06 10:00:00,2.2805,2.2879,2.2442,2.2745,83219960.0
2024-12-06 11:00:00,2.2745,2.2861,2.2535,2.2754,53077346.0
2024-12-06 12:00:00,2.2754,2.3193,2.2578,2.2647,98245285.0
2024-12-06 13:00:00,2.2647,2.32,2.2634,2.3048,94772240.0
2024-12-06 14:00:00,2.3048,2.3391,2.2815,2.3369,69666883.0
2024-12-06 15:00:00,2.3369,2.3771,2.3194,2.3318,110252833.0
2024-12-06 16:00:00,2.3318,2.4176,2.3308,2.3726,148287974.0
2024-12-06 17:00:00,2.3726,2.4017,2.3476,2.357,73230265.0
2024-12-06 18:00:00,2.357,2.3776,2.3494,2.3537,38995643.0
2024-12-06 19:00:00,2.3537,2.3678,2.3341,2.3654,39688992.0
2024-12-06 20:00:00,2.3654,2.4097,2.3603,2.3891,48556350.0
2024-12-06 21:00:00,2.3891,2.408,2.3597,2.3636,39314182.0
2024-12-06 22:00:00,2.3636,2.4654,2.3607,2.4492,82616830.0
2024-12-06 23:00:00,2.4492,2.4492,2.3793,2.4256,83938328.0
2024-12-07 00:00:00,2.4256,2.4705,2.3986,2.449,87132889.0
2024-12-07 01:00:00,2.449,2.503,2.449,2.4611,98855720.0
2024-12-07 02:00:00,2.4611,2.4782,2.4419,2.4471,34520275.0
2024-12-07 03:00:00,2.4471,2.4557,2.411,2.4177,41946588.0
2024-12-07 04:00:00,2.4177,2.4388,2.408,2.4311,25228933.0
2024-12-07 05:00:00,2.4311,2.4318,2.4037,2.4263,28375678.0
2024-12-07 06:00:00,2.4263,2.4472,2.4104,2.44,27283464.0
2024-12-07 07:00:00,2.44,2.4447,2.3857,2.4091,51009595.0
2024-12-07 08:00:00,2.4091,2.4429,2.3953,2.4255,45366925.0
2024-12-07 09:00:00,2.4255,2.4528,2.4251,2.4359,28203097.0
2024-12-07 10:00:00,2.4359,2.4447,2.4082,2.427,39270769.0
2024-12-07 11:00:00,2.427,2.443,2.407,2.433,34315808.0
2024-12-07 12:00:00,2.433,2.4468,2.4223,2.4412,31821733.0
2024-12-07 13:00:00,2.4412,2.4777,2.4335,2.452,77362051.0
2024-12-07 14:00:00,2.452,2.4829,2.4475,2.4716,61842250.0
2024-12-07 15:00:00,2.4716,2.5497,2.4684,2.5411,105846697.0
2024-12-07 16:00:00,2.5411,2.5721,2.524,2.538,122931477.0
2024-12-07 17:00:00,2.538,2.539,2.4852,2.4898,75223612.0
2024-12-07 18:00:00,2.4898,2.502,2.4712,2.4984,45777999.0
2024-12-07 19:00:00,2.4984,2.5325,2.4958,2.5168,42779472.0
2024-12-07 20:00:00,2.5168,2.5402,2.5036,2.5342,41201047.0
2024-12-07 21:00:00,2.5342,2.5738,2.5184,2.5245,81563247.0
2024-12-07 22:00:00,2.5245,2.559,2.5092,2.5459,51849190.0
2024-12-07 23:00:00,2.5459,2.6225,2.5397,2.6128,90452997.0
2024-12-08 00:00:00,2.6128,2.62,2.5759,2.5832,85000012.0
2024-12-08 01:00:00,2.5832,2.6028,2.565,2.5856,56706252.0
2024-12-08 02:00:00,2.5856,2.608,2.5725,2.5941,39958666.0
2024-12-08 03:00:00,2.5941,2.5965,2.5732,2.5941,28615468.0
2024-12-08 04:00:00,2.5941,2.5952,2.5525,2.5801,44834487.0
2024-12-08 05:00:00,2.5801,2.5879,2.5333,2.5484,58843055.0
2024-12-08 06:00:00,2.5484,2.5617,2.5289,2.5547,38204518.0
2024-12-08 07:00:00,2.5547,2.5759,2.5454,2.5547,29569684.0
2024-12-08 08:00:00,2.5547,2.5561,2.5132,2.5138,68410577.0
2024-12-08 09:00:00,2.5138,2.5379,2.4863,2.5031,72760739.0
2024-12-08 10:00:00,2.5031,2.5318,2.5031,2.5178,41542242.0
2024-12-08 11:00:00,2.5178,2.554,2.5067,2.5407,61073089.0
2024-12-08 12:00:00,2.5407,2.5689,2.5356,2.558,46566431.0
2024-12-08 13:00:00,2.558,2.568,2.5461,2.5636,32174724.0
2024-12-08 14:00:00,2.5636,2.5638,2.5298,2.5319,31435382.0
2024-12-08 15:00:00,2.5319,2.5506,2.511,2.5423,47938929.0
2024-12-08 16:00:00,2.5423,2.5629,2.538,2.5626,31415966.0
2024-12-08 17:00:00,2.5626,2.6118,2.5506,2.6027,65123926.0
2024-12-08 18:00:00,2.6027,2.6491,2.5721,2.5997,141871702.0
2024-12-08 19:00:00,2.5997,2.6298,2.5731,2.5825,77920590.0
2024-12-08 20:00:00,2.5825,2.588,2.5541,2.5589,56595703.0
2024-12-08 21:00:00,2.5589,2.5765,2.557,2.575,19278084.0
2024-12-08 22:00:00,2.575,2.6,2.5715,2.5965,27018060.0
2024-12-08 23:00:00,2.5965,2.6235,2.583,2.6043,34263318.0
2024-12-09 00:00:00,2.6043,2.6093,2.4429,2.4936,297303961.0
2024-12-09 01:00:00,2.4936,2.5181,2.4821,2.5024,82806370.0
2024-12-09 02:00:00,2.5024,2.514,2.4659,2.4877,49423985.0
2024-12-09 03:00:00,2.4877,2.4999,2.435,2.4721,81621213.0
2024-12-09 04:00:00,2.4721,2.4944,2.4521,2.4876,50666340.0
2024-12-09 05:00:00,2.4876,2.4946,2.4769,2.4916,27320756.0
2024-12-09 06:00:00,2.4916,2.4916,2.4375,2.4569,57711137.0
2024-12-09 07:00:00,2.4569,2.4648,2.407,2.4439,92394116.0
2024-12-09 08:00:00,2.4439,2.445,2.364,2.3711,161311436.0
2024-12-09 09:00:00,2.3711,2.4084,2.3553,2.3916,104731862.0
2024-12-09 10:00:00,2.3916,2.4258,2.3863,2.4103,67014593.0
2024-12-09 11:00:00,2.4103,2.4106,2.3456,2.3738,65814068.0
2024-12-09 12:00:00,2.3738,2.4018,2.3691,2.3951,61602807.0
2024-12-09 13:00:00,2.3951,2.4483,2.384,2.4283,97439032.0
2024-12-09 14:00:00,2.4283,2.4645,2.4034,2.459,65947173.0
2024-12-09 15:00:00,2.459,2.4629,2.3756,2.3873,92070574.0
2024-12-09 16:00:00,2.3873,2.4168,2.3782,2.3929,43491755.0
2024-12-09 17:00:00,2.3929,2.4156,2.3863,2.3884,22268090.0
2024-12-09 18:00:00,2.3884,2.4222,2.3884,2.4146,21717088.0
2024-12-09 19:00:00,2.4146,2.4421,2.3924,2.4082,37057705.0
2024-12-09 20:00:00,2.4082,2.4142,2.269,2.2746,459390319.0
2024-12-09 21:00:00,2.2746,2.3225,2.0092,2.2347,1331441780.0
2024-12-09 22:00:00,2.2347,2.2597,2.0554,2.216,918423703.0
2024-12-09 23:00:00,2.216,2.2525,2.1893,2.212,154619488.0
2024-12-10 00:00:00,2.212,2.278,2.1532,2.2541,261289713.0
2024-12-10 01:00:00,2.2541,2.2621,2.1956,2.253,98751076.0
2024-12-10 02:00:00,2.253,2.2532,2.13,2.1328,125112403.0
2024-12-10 03:00:00,2.1328,2.1572,2.0422,2.1504,307180792.0
2024-12-10 04:00:00,2.1504,2.176,2.0841,2.1723,113869960.0
2024-12-10 05:00:00,2.1723,2.1987,2.1438,2.1651,74941112.0
2024-12-10 06:00:00,2.1651,2.2244,2.1463,2.2139,74602885.0
2024-12-10 07:00:00,2.2139,2.2155,2.1726,2.2073,71089723.0
2024-12-10 08:00:00,2.2073,2.2422,2.1757,2.2281,86519073.0
2024-12-10 09:00:00,2.2281,2.2501,2.2017,2.2214,60123950.0
2024-12-10 10:00:00,2.2214,2.2564,2.2177,2.2396,54083136.0
2024-12-10 11:00:00,2.2396,2.2405,2.2033,2.2169,52462295.0
2024-12-10 12:00:00,2.2169,2.2253,2.1173,2.1316,148897769.0
2024-12-10 13:00:00,2.1316,2.1827,2.1274,2.1594,130894295.0
2024-12-10 14:00:00,2.1594,2.2168,2.1527,2.1923,124356706.0
2024-12-10 15:00:00,2.1923,2.2044,2.0332,2.0419,324869842.0
2024-12-10 16:00:00,2.0419,2.0982,1.9831,2.0817,603022892.0
2024-12-10 17:00:00,2.0817,2.0832,1.93,1.9318,390538070.0
2024-12-10 18:00:00,1.9318,2.0437,1.9005,2.0164,424874578.0
2024-12-10 19:00:00,2.0164,2.15,2.0128,2.1237,218760564.0
2024-12-10 20:00:00,2.1237,2.3009,2.1116,2.2905,491100375.0
2024-12-10 21:00:00,2.2905,2.4157,2.2801,2.3466,607716529.0
2024-12-10 22:00:00,2.3466,2.3537,2.2849,2.3329,144892412.0
2024-12-10 23:00:00,2.3329,2.4074,2.3323,2.3691,142418314.0
2024-12-11 00:00:00,2.3691,2.3861,2.2919,2.3142,153124827.0
2024-12-11 01:00:00,2.3142,2.3173,2.23,2.2385,157679126.0
2024-12-11 02:00:00,2.2385,2.3116,2.2369,2.3039,73832952.0
2024-12-11 03:00:00,2.3039,2.3138,2.2868,2.2998,42648467.0
2024-12-11 04:00:00,2.2998,2.3448,2.2936,2.3367,74102909.0
2024-12-11 05:00:00,2.3367,2.3488,2.3081,2.3273,49755252.0
2024-12-11 06:00:00,2.3273,2.3556,2.3181,2.3269,42316431.0
2024-12-11 07:00:00,2.3269,2.3465,2.2866,2.2881,70152635.0
2024-12-11 08:00:00,2.2881,2.3526,2.2837,2.343,72543099.0
2024-12-11 09:00:00,2.343,2.3611,2.3236,2.3515,47512836.0
2024-12-11 10:00:00,2.3515,2.3845,2.3321,2.3792,50350619.0
2024-12-11 11:00:00,2.3792,2.3976,2.3416,2.3595,84417191.0
2024-12-11 12:00:00,2.3595,2.3903,2.3491,2.3755,56972145.0
2024-12-11 13:00:00,2.3755,2.3945,2.3258,2.3814,185169437.0
2024-12-11 14:00:00,2.3814,2.4321,2.3505,2.4209,125362384.0
2024-12-11 15:00:00,2.4209,2.47,2.3992,2.4452,160029675.0
2024-12-11 16:00:00,2.4452,2.4623,2.3992,2.41,100098291.0
2024-12-11 17:00:00,2.41,2.4258,2.3793,2.3851,58845924.0
2024-12-11 18:00:00,2.3851,2.4342,2.3795,2.43,66253670.0
2024-12-11 19:00:00,2.43,2.4399,2.411,2.4343,32707067.0
2024-12-11 20:00:00,2.4343,2.4425,2.4049,2.4121,35524107.0
2024-12-11 21:00:00,2.4121,2.4323,2.393,2.4262,37393149.0
2024-12-11 22:00:00,2.4262,2.4427,2.4213,2.4315,33892635.0
2024-12-11 23:00:00,2.4315,2.4443,2.3902,2.3941,43315261.0
2024-12-12 00:00:00,2.3941,2.4097,2.3504,2.3645,82099613.0
2024-12-12 01:00:00,2.3645,2.3872,2.3489,2.3614,42142947.0
2024-12-12 02:00:00,2.3614,2.4121,2.359,2.4017,37737147.0
2024-12-12 03:00:00,2.4017,2.4294,2.3912,2.4053,48871181.0
2024-12-12 04:00:00,2.4053,2.4851,2.4032,2.4603,131876971.0
2024-12-12 05:00:00,2.4603,2.4679,2.4348,2.4387,49886313.0
2024-12-12 06:00:00,2.4387,2.4497,2.4155,2.4349,41007559.0
2024-12-12 07:00:00,2.4349,2.4523,2.4186,2.426,64723889.0
2024-12-12 08:00:00,2.426,2.4546,2.4241,2.4357,29989565.0
2024-12-12 09:00:00,2.4357,2.4517,2.4176,2.4185,36815382.0
2024-12-12 10:00:00,2.4185,2.4191,2.3893,2.3996,76815814.0
2024-12-12 11:00:00,2.3996,2.4104,2.3775,2.4095,58803523.0
2024-12-12 12:00:00,2.4095,2.4498,2.4028,2.4405,40157986.0
2024-12-12 13:00:00,2.4405,2.4516,2.395,2.4108,114854632.0
2024-12-12 14:00:00,2.4108,2.4354,2.3987,2.4264,59863798.0
2024-12-12 15:00:00,2.4264,2.4369,2.3958,2.4167,49332579.0
2024-12-12 16:00:00,2.4167,2.4455,2.4017,2.4091,57009580.0
2024-12-12 17:00:00,2.4091,2.4251,2.3923,2.411,38218137.0
2024-12-12 18:00:00,2.411,2.4326,2.4027,2.408,30064539.0
2024-12-12 19:00:00,2.408,2.4365,2.3368,2.3478,168615553.0
2024-12-12 20:00:00,2.3478,2.3971,2.3462,2.3868,58049622.0
2024-12-12 21:00:00,2.3868,2.3909,2.3514,2.3605,47714975.0
2024-12-12 22:00:00,2.3605,2.3625,2.3066,2.3509,85421134.0
2024-12-12 23:00:00,2.3509,2.3549,2.3252,2.3368,30315885.0
2024-12-13 00:00:00,2.3368,2.3675,2.3354,2.3478,37508543.0
2024-12-13 01:00:00,2.3478,2.3497,2.3071,2.3373,54835558.0
2024-12-13 02:00:00,2.3373,2.358,2.3306,2.3417,29249649.0
2024-12-13 03:00:00,2.3417,2.3569,2.3354,2.3512,24804648.0
2024-12-13 04:00:00,2.3512,2.3538,2.3201,2.3291,30953924.0
2024-12-13 05:00:00,2.3291,2.3505,2.3231,2.3384,24619821.0
2024-12-13 06:00:00,2.3384,2.3494,2.3029,2.3029,43395886.0
2024-12-13 07:00:00,2.3029,2.3254,2.2831,2.3139,76857065.0
2024-12-13 08:00:00,2.3139,2.3367,2.3096,2.3305,35492145.0
2024-12-13 09:00:00,2.3305,2.335,2.3053,2.3196,37831362.0
2024-12-13 10:00:00,2.3196,2.327,2.2995,2.3198,33863438.0
2024-12-13 11:00:00,2.3198,2.3545,2.3173,2.3342,49308955.0
2024-12-13 12:00:00,2.3342,2.3978,2.3336,2.3742,89347240.0
2024-12-13 13:00:00,2.3742,2.397,2.3632,2.3948,53990518.0
2024-12-13 14:00:00,2.3948,2.4664,2.3874,2.4514,188762610.0
2024-12-13 15:00:00,2.4514,2.48,2.3938,2.4002,135687825.0
2024-12-13 16:00:00,2.4002,2.4386,2.3824,2.4224,128605743.0
2024-12-13 17:00:00,2.4224,2.4447,2.4164,2.4311,50899278.0
2024-12-13 18:00:00,2.4311,2.4439,2.4134,2.4223,35035448.0
2024-12-13 19:00:00,2.4223,2.4297,2.4049,2.4207,29566452.0
2024-12-13 20:00:00,2.4207,2.435,2.4107,2.4267,21146504.0
2024-12-13 21:00:00,2.4267,2.4441,2.4217,2.4315,27696167.0
2024-12-13 22:00:00,2.4315,2.4418,2.4129,2.4157,32461627.0
2024-12-13 23:00:00,2.4157,2.4349,2.4117,2.4219,19491364.0
2024-12-14 00:00:00,2.4219,2.426,2.3979,2.4125,41481187.0
2024-12-14 01:00:00,2.4125,2.4545,2.4123,2.4317,60414419.0
2024-12-14 02:00:00,2.4317,2.4596,2.4264,2.4432,30987698.0
2024-12-14 03:00:00,2.4432,2.4792,2.4385,2.4621,38732190.0
2024-12-14 04:00:00,2.4621,2.4716,2.4475,2.4701,33120387.0
2024-12-14 05:00:00,2.4701,2.5323,2.4608,2.5143,84625346.0
2024-12-14 06:00:00,2.5143,2.5156,2.4755,2.479,55837827.0
2024-12-14 07:00:00,2.479,2.4949,2.4757,2.4878,31006249.0
2024-12-14 08:00:00,2.4878,2.5043,2.4529,2.4585,66353671.0
2024-12-14 09:00:00,2.4585,2.4691,2.45,2.4632,29704620.0
2024-12-14 10:00:00,2.4632,2.4662,2.4365,2.4438,44289524.0
2024-12-14 11:00:00,2.4438,2.444,2.424,2.431,40730256.0
2024-12-14 12:00:00,2.431,2.4366,2.4059,2.4094,52192175.0
2024-12-14 13:00:00,2.4094,2.4176,2.3641,2.3836,153891457.0
2024-12-14 14:00:00,2.3836,2.4174,2.3825,2.406,62974614.0
2024-12-14 15:00:00,2.406,2.4145,2.3874,2.404,48485167.0
2024-12-14 16:00:00,2.404,2.4118,2.3819,2.4065,43790730.0
2024-12-14 17:00:00,2.4065,2.4084,2.3725,2.3839,32041180.0
2024-12-14 18:00:00,2.3839,2.3932,2.3664,2.3782,35009491.0
2024-12-14 19:00:00,2.3782,2.402,2.3762,2.395,20150974.0
2024-12-14 20:00:00,2.395,2.3986,2.3534,2.3605,42626336.0
2024-12-14 21:00:00,2.3605,2.3887,2.3581,2.3812,20275003.0
2024-12-14 22:00:00,2.3812,2.4091,2.3806,2.3988,26236847.0
2024-12-14 23:00:00,2.3988,2.407,2.392,2.3998,17223414.0
2024-12-15 00:00:00,2.3998,2.4088,2.3835,2.3941,29205518.0
2024-12-15 01:00:00,2.3941,2.4215,2.394,2.4205,25872361.0
2024-12-15 02:00:00,2.4205,2.4371,2.4127,2.4203,34969606.0
2024-12-15 03:00:00,2.4203,2.4239,2.406,2.4154,20452122.0
2024-12-15 04:00:00,2.4154,2.4428,2.4153,2.4365,34486845.0
2024-12-15 05:00:00,2.4365,2.444,2.426,2.4346,30824345.0
2024-12-15 06:00:00,2.4346,2.4486,2.4178,2.4212,30639234.0
2024-12-15 07:00:00,2.4212,2.4298,2.3878,2.3987,66120786.0
2024-12-15 08:00:00,2.3987,2.4129,2.3871,2.4104,45187362.0
2024-12-15 09:00:00,2.4104,2.4245,2.4011,2.4212,26589926.0
2024-12-15 10:00:00,2.4212,2.4342,2.4074,2.4129,33751378.0
2024-12-15 11:00:00,2.4129,2.4297,2.4102,2.4275,25254849.0
2024-12-15 12:00:00,2.4275,2.4311,2.3971,2.4019,62871889.0
2024-12-15 13:00:00,2.4019,2.4188,2.3899,2.4066,39195204.0
2024-12-15 14:00:00,2.4066,2.4289,2.4054,2.4289,23959137.0
2024-12-15 15:00:00,2.4289,2.43,2.4133,2.4148,22427027.0
2024-12-15 16:00:00,2.4148,2.4273,2.4069,2.4265,20146898.0
2024-12-15 17:00:00,2.4265,2.4404,2.4185,2.4314,22364365.0
2024-12-15 18:00:00,2.4314,2.4316,2.4108,2.4128,21549933.0
2024-12-15 19:00:00,2.4128,2.4239,2.4037,2.4064,16482830.0
2024-12-15 20:00:00,2.4064,2.4194,2.4046,2.4082,10542058.0
2024-12-15 21:00:00,2.4082,2.4108,2.3656,2.368,47167805.0
2024-12-15 22:00:00,2.368,2.4025,2.3652,2.3997,34223794.0
2024-12-15 23:00:00,2.3997,2.4732,2.3955,2.4467,82503718.0
2024-12-16 00:00:00,2.4467,2.4716,2.4431,2.4515,52656660.0
2024-12-16 01:00:00,2.4515,2.4564,2.4311,2.4437,41928337.0
2024-12-16 02:00:00,2.4437,2.4446,2.4059,2.4111,48849913.0
2024-12-16 03:00:00,2.4111,2.4191,2.3889,2.4046,33449869.0
2024-12-16 04:00:00,2.4046,2.4063,2.3977,2.3991,13544055.0
2024-12-16 05:00:00,2.3991,2.4124,2.3965,2.4084,14853175.0
2024-12-16 06:00:00,2.4084,2.417,2.3974,2.4031,19957705.0
2024-12-16 07:00:00,2.4031,2.4142,2.3967,2.4037,18102605.0
2024-12-16 08:00:00,2.4037,2.4074,2.3846,2.3869,33945642.0
2024-12-16 09:00:00,2.3869,2.4028,2.3806,2.3893,29358863.0
2024-12-16 10:00:00,2.3893,2.3932,2.3756,2.3888,28366409.0
2024-12-16 11:00:00,2.3888,2.3892,2.3273,2.3493,86612977.0
2024-12-16 12:00:00,2.3493,2.3688,2.3428,2.3549,51248584.0
2024-12-16 13:00:00,2.3549,2.39,2.3484,2.3719,47246401.0
2024-12-16 14:00:00,2.3719,2.3987,2.3669,2.3762,38117005.0
2024-12-16 15:00:00,2.3762,2.3934,2.3647,2.3744,42151688.0
2024-12-16 16:00:00,2.3744,2.587,2.374,2.5161,642390323.0
2024-12-16 17:00:00,2.5161,2.5472,2.4818,2.5157,124518783.0
2024-12-16 18:00:00,2.5157,2.5157,2.4433,2.482,92954950.0
2024-12-16 19:00:00,2.482,2.4821,2.4455,2.4758,51512194.0
2024-12-16 20:00:00,2.4758,2.4991,2.4616,2.4752,34742324.0
2024-12-16 21:00:00,2.4752,2.498,2.473,2.4892,30729438.0
2024-12-16 22:00:00,2.4892,2.5289,2.4892,2.5053,50786062.0
2024-12-16 23:00:00,2.5053,2.512,2.4767,2.4844,35635186.0
2024-12-17 00:00:00,2.4844,2.4904,2.4393,2.4465,57868146.0
2024-12-17 01:00:00,2.4465,2.4756,2.4407,2.4733,25143280.0
2024-12-17 02:00:00,2.4733,2.4867,2.4696,2.4814,24057169.0
2024-12-17 03:00:00,2.4814,2.4908,2.4787,2.4846,17290380.0
2024-12-17 04:00:00,2.4846,2.486,2.46,2.4847,30893014.0
2024-12-17 05:00:00,2.4847,2.5088,2.4837,2.508,35183679.0
2024-12-17 06:00:00,2.508,2.5304,2.4978,2.515,58689118.0
2024-12-17 07:00:00,2.515,2.5526,2.504,2.5353,61639277.0
2024-12-17 08:00:00,2.5353,2.599,2.531,2.5699,97114660.0
2024-12-17 09:00:00,2.5699,2.5919,2.5619,2.5877,64720783.0
2024-12-17 10:00:00,2.5877,2.6866,2.5823,2.6435,249327246.0
2024-12-17 11:00:00,2.6435,2.7292,2.63,2.6895,234852571.0
2024-12-17 12:00:00,2.6895,2.7155,2.6415,2.7137,184685909.0
2024-12-17 13:00:00,2.7137,2.7137,2.6473,2.655,140820221.0
2024-12-17 14:00:00,2.655,2.681,2.6083,2.643,153011996.0
2024-12-17 15:00:00,2.643,2.6495,2.5504,2.5967,230400484.0
2024-12-17 16:00:00,2.5967,2.6326,2.5778,2.6162,82321437.0
2024-12-17 17:00:00,2.6162,2.6474,2.6046,2.6335,57187774.0
2024-12-17 18:00:00,2.6335,2.6581,2.5942,2.6025,59671867.0
2024-12-17 19:00:00,2.6025,2.607,2.5765,2.6008,48066998.0
2024-12-17 20:00:00,2.6008,2.629,2.6008,2.6119,31807051.0
2024-12-17 21:00:00,2.6119,2.6286,2.5941,2.6066,35811295.0
2024-12-17 22:00:00,2.6066,2.6228,2.5226,2.5538,93992490.0
2024-12-17 23:00:00,2.5538,2.5695,2.5225,2.5659,48779346.0
2024-12-18 00:00:00,2.5659,2.5922,2.537,2.5795,49657467.0
2024-12-18 01:00:00,2.5795,2.5898,2.5284,2.5378,42651330.0
2024-12-18 02:00:00,2.5378,2.5813,2.5283,2.5619,40002662.0
2024-12-18 03:00:00,2.5619,2.57,2.5225,2.524,29497169.0
2024-12-18 04:00:00,2.524,2.5256,2.466,2.5026,108866495.0
2024-12-18 05:00:00,2.5026,2.5219,2.49,2.5005,43843850.0
2024-12-18 06:00:00,2.5005,2.5218,2.4751,2.511,51143289.0
2024-12-18 07:00:00,2.511,2.5357,2.5041,2.5091,41228968.0
2024-12-18 08:00:00,2.5091,2.5198,2.4906,2.5035,25320722.0
2024-12-18 09:00:00,2.5035,2.5432,2.5018,2.5249,39535389.0
2024-12-18 10:00:00,2.5249,2.5464,2.5109,2.5396,33129100.0
2024-12-18 11:00:00,2.5396,2.5928,2.5376,2.5812,96906494.0
2024-12-18 12:00:00,2.5812,2.5827,2.5322,2.5411,69446989.0
2024-12-18 13:00:00,2.5411,2.5524,2.5192,2.5347,47680753.0
2024-12-18 14:00:00,2.5347,2.5553,2.4668,2.4714,101141226.0
2024-12-18 15:00:00,2.4714,2.4875,2.4493,2.471,120743650.0
2024-12-18 16:00:00,2.471,2.4821,2.4229,2.4621,106811451.0
2024-12-18 17:00:00,2.4621,2.4816,2.44,2.4705,48581206.0
2024-12-18 18:00:00,2.4705,2.5156,2.4607,2.514,42448218.0
2024-12-18 19:00:00,2.514,2.514,2.4006,2.4009,171090853.0
2024-12-18 20:00:00,2.4009,2.422,2.24,2.3271,954088714.0
2024-12-18 21:00:00,2.3271,2.3947,2.3176,2.3493,99120118.0
2024-12-18 22:00:00,2.3493,2.3739,2.3276,2.3462,54919311.0
2024-12-18 23:00:00,2.3462,2.3492,2.2756,2.309,117170379.0
2024-12-19 00:00:00,2.309,2.3518,2.2947,2.3411,86002067.0
2024-12-19 01:00:00,2.3411,2.343,2.2622,2.2744,59256502.0
2024-12-19 02:00:00,2.2744,2.2945,2.172,2.29,538113860.0
2024-12-19 03:00:00,2.29,2.3658,2.29,2.3508,125131185.0
2024-12-19 04:00:00,2.3508,2.3605,2.3328,2.3346,52395569.0
2024-12-19 05:00:00,2.3346,2.3713,2.3342,2.3605,41663086.0
2024-12-19 06:00:00,2.3605,2.3732,2.338,2.3549,40772654.0
2024-12-19 07:00:00,2.3549,2.3847,2.3548,2.3783,51891181.0
2024-12-19 08:00:00,2.3783,2.3789,2.3456,2.3543,43277453.0
2024-12-19 09:00:00,2.3543,2.384,2.3471,2.3828,56830080.0
2024-12-19 10:00:00,2.3828,2.4309,2.3824,2.4133,87980273.0
2024-12-19 11:00:00,2.4133,2.425,2.3994,2.4073,44181398.0
2024-12-19 12:00:00,2.4073,2.4173,2.3673,2.3797,68926869.0
2024-12-19 13:00:00,2.3797,2.3933,2.3537,2.3705,56202777.0
2024-12-19 14:00:00,2.3705,2.405,2.3232,2.3295,103293759.0
2024-12-19 15:00:00,2.3295,2.3329,2.2706,2.3258,170050855.0
2024-12-19 16:00:00,2.3258,2.3464,2.301,2.3455,61456764.0
2024-12-19 17:00:00,2.3455,2.3458,2.2001,2.2468,352721265.0
2024-12-19 18:00:00,2.2468,2.3118,2.2184,2.2933,322433848.0
2024-12-19 19:00:00,2.2933,2.3001,2.1886,2.2292,142024422.0
2024-12-19 20:00:00,2.2292,2.2485,2.1581,2.2289,217509702.0
2024-12-19 21:00:00,2.2289,2.2909,2.2112,2.2548,85104741.0
2024-12-19 22:00:00,2.2548,2.2867,2.2511,2.2833,31782833.0
2024-12-19 23:00:00,2.2833,2.2833,2.2368,2.2384,27532850.0
2024-12-20 00:00:00,2.2384,2.321,2.2231,2.3014,90432906.0
2024-12-20 01:00:00,2.3014,2.3105,2.2667,2.2761,47766117.0
2024-12-20 02:00:00,2.2761,2.356,2.2722,2.3356,55287089.0
2024-12-20 03:00:00,2.3356,2.3406,2.3194,2.3296,22529101.0
2024-12-20 04:00:00,2.3296,2.3424,2.3012,2.3028,26207164.0
2024-12-20 05:00:00,2.3028,2.3147,2.2761,2.2782,34550176.0
2024-12-20 06:00:00,2.2782,2.3007,2.2505,2.2793,34344638.0
2024-12-20 07:00:00,2.2793,2.329,2.2792,2.2889,57171271.0
2024-12-20 08:00:00,2.2889,2.2937,2.2,2.2222,120262926.0
2024-12-20 09:00:00,2.2222,2.2435,2.128,2.13,205014374.0
2024-12-20 10:00:00,2.13,2.1547,2.0573,2.064,630495430.0
2024-12-20 11:00:00,2.064,2.0972,1.96,1.9695,591415577.0
2024-12-20 12:00:00,1.9695,2.198,1.9617,2.154,512055208.0
2024-12-20 13:00:00,2.154,2.2003,2.1048,2.1774,358896598.0
2024-12-20 14:00:00,2.1774,2.1947,2.1352,2.1531,101497170.0
2024-12-20 15:00:00,2.1531,2.247,2.1521,2.2126,119654290.0
2024-12-20 16:00:00,2.2126,2.2538,2.1988,2.2219,76676437.0
2024-12-20 17:00:00,2.2219,2.2648,2.211,2.26,47100442.0
2024-12-20 18:00:00,2.26,2.265,2.2272,2.2322,30527449.0
2024-12-20 19:00:00,2.2322,2.311,2.2278,2.2772,60843279.0
2024-12-20 20:00:00,2.2772,2.2863,2.2433,2.2476,38258738.0
2024-12-20 21:00:00,2.2476,2.2594,2.2059,2.2474,55007699.0
2024-12-20 22:00:00,2.2474,2.2982,2.2354,2.2861,44437342.0
2024-12-20 23:00:00,2.2861,2.2947,2.2612,2.2793,37560745.0
2024-12-21 00:00:00,2.2793,2.2832,2.2505,2.2603,15929228.0
2024-12-21 01:00:00,2.2603,2.29,2.2554,2.2802,17519208.0
2024-12-21 02:00:00,2.2802,2.3166,2.26,2.2861,37038857.0
2024-12-21 03:00:00,2.2861,2.3,2.2685,2.2985,21029913.0
2024-12-21 04:00:00,2.2985,2.313,2.2898,2.3067,24644977.0
2024-12-21 05:00:00,2.3067,2.3514,2.3032,2.3507,59720208.0
2024-12-21 06:00:00,2.3507,2.3769,2.3456,2.3577,64674258.0
2024-12-21 07:00:00,2.3577,2.3859,2.343,2.3531,43626328.0
2024-12-21 08:00:00,2.3531,2.366,2.3221,2.3253,39299189.0
2024-12-21 09:00:00,2.3253,2.3305,2.2954,2.3173,56831528.0
2024-12-21 10:00:00,2.3173,2.3377,2.3063,2.3256,34364055.0
2024-12-21 11:00:00,2.3256,2.3271,2.2842,2.307,37631662.0
2024-12-21 12:00:00,2.307,2.3074,2.2336,2.2437,94075940.0
2024-12-21 13:00:00,2.2437,2.2598,2.1921,2.2406,138226775.0
2024-12-21 14:00:00,2.2406,2.265,2.2222,2.2307,82073914.0
2024-12-21 15:00:00,2.2307,2.2647,2.2307,2.256,58692329.0
2024-12-21 16:00:00,2.256,2.2638,2.2178,2.2368,76081747.0
2024-12-21 17:00:00,2.2368,2.266,2.221,2.2544,54341669.0
2024-12-21 18:00:00,2.2544,2.26,2.2164,2.2253,28492465.0
2024-12-21 19:00:00,2.2253,2.2432,2.1994,2.2417,56747977.0
2024-12-21 20:00:00,2.2417,2.2656,2.2305,2.2417,30917193.0
2024-12-21 21:00:00,2.2417,2.2532,2.2132,2.226,16017375.0
2024-12-21 22:00:00,2.226,2.2481,2.2046,2.235,24543474.0
2024-12-21 23:00:00,2.235,2.2432,2.2145,2.237,12689531.0
2024-12-22 00:00:00,2.237,2.2563,2.222,2.2463,22200870.0
2024-12-22 01:00:00,2.2463,2.2569,2.2177,2.2398,24823684.0
2024-12-22 02:00:00,2.2398,2.2486,2.22,2.2266,17983256.0
2024-12-22 03:00:00,2.2266,2.2439,2.2038,2.2391,27387302.0
2024-12-22 04:00:00,2.2391,2.2465,2.2003,2.2003,22511776.0
2024-12-22 05:00:00,2.2003,2.2166,2.1759,2.2073,53535516.0
2024-12-22 06:00:00,2.2073,2.2333,2.2018,2.2301,18004855.0
2024-12-22 07:00:00,2.2301,2.2409,2.2186,2.2281,24429433.0
2024-12-22 08:00:00,2.2281,2.2544,2.2278,2.246,23040130.0
2024-12-22 09:00:00,2.246,2.2933,2.2373,2.2671,38053807.0
2024-12-22 10:00:00,2.2671,2.2898,2.266,2.2744,23432956.0
2024-12-22 11:00:00,2.2744,2.2803,2.2583,2.26,19564223.0
2024-12-22 12:00:00,2.26,2.2758,2.2483,2.2569,30747699.0
2024-12-22 13:00:00,2.2569,2.2753,2.246,2.2626,28264160.0
2024-12-22 14:00:00,2.2626,2.2688,2.1968,2.2087,80958316.0
2024-12-22 15:00:00,2.2087,2.2302,2.2054,2.2188,33383770.0
2024-12-22 16:00:00,2.2188,2.2475,2.2019,2.2394,30533922.0
2024-12-22 17:00:00,2.2394,2.2492,2.2318,2.239,14919094.0
2024-12-22 18:00:00,2.239,2.2616,2.2245,2.2406,30901684.0
2024-12-22 19:00:00,2.2406,2.2462,2.182,2.1891,35109876.0
2024-12-22 20:00:00,2.1891,2.2126,2.159,2.2119,58944952.0
2024-12-22 21:00:00,2.2119,2.223,2.2001,2.2052,27430656.0
2024-12-22 22:00:00,2.2052,2.2103,2.1653,2.2101,46298444.0
2024-12-22 23:00:00,2.2101,2.2264,2.1931,2.2011,25073147.0
2024-12-23 00:00:00,2.2011,2.2087,2.169,2.1802,40617947.0
2024-12-23 01:00:00,2.1802,2.195,2.1354,2.1507,85617718.0
2024-12-23 02:00:00,2.1507,2.1676,2.1308,2.1635,35846042.0
2024-12-23 03:00:00,2.1635,2.2204,2.1549,2.2163,47143931.0
2024-12-23 04:00:00,2.2163,2.2341,2.2027,2.2101,33740778.0
2024-12-23 05:00:00,2.2101,2.2161,2.185,2.1969,55818973.0
2024-12-23 06:00:00,2.1969,2.2062,2.157,2.1645,56561716.0
2024-12-23 07:00:00,2.1645,2.1858,2.1547,2.1774,24081360.0
2024-12-23 08:00:00,2.1774,2.1993,2.1716,2.1958,21337736.0
2024-12-23 09:00:00,2.1958,2.2235,2.1952,2.2084,30848829.0
2024-12-23 10:00:00,2.2084,2.2233,2.1965,2.2127,26671641.0
2024-12-23 11:00:00,2.2127,2.22,2.1944,2.2008,18419008.0
2024-12-23 12:00:00,2.2008,2.2241,2.198,2.2163,30123088.0
2024-12-23 13:00:00,2.2163,2.219,2.1696,2.179,52407437.0
2024-12-23 14:00:00,2.179,2.2054,2.1408,2.1631,76265271.0
2024-12-23 15:00:00,2.1631,2.1664,2.1308,2.1417,70794981.0
2024-12-23 16:00:00,2.1417,2.203,2.1368,2.1967,55037372.0
2024-12-23 17:00:00,2.1967,2.2035,2.156,2.1642,66113114.0
2024-12-23 18:00:00,2.1642,2.18,2.152,2.1585,22414037.0
2024-12-23 19:00:00,2.1585,2.1997,2.1581,2.1832,28439497.0
2024-12-23 20:00:00,2.1832,2.2457,2.1814,2.2394,44169723.0
2024-12-23 21:00:00,2.2394,2.2786,2.2201,2.2254,69126287.0
2024-12-23 22:00:00,2.2254,2.259,2.2242,2.2571,47850200.0
2024-12-23 23:00:00,2.2571,2.2655,2.2493,2.2611,26860373.0
2024-12-24 00:00:00,2.2611,2.264,2.2344,2.2589,27489387.0
2024-12-24 01:00:00,2.2589,2.2627,2.2275,2.232,18739347.0
2024-12-24 02:00:00,2.232,2.2418,2.2128,2.2295,29063615.0
2024-12-24 03:00:00,2.2295,2.2497,2.2295,2.2483,11672887.0
2024-12-24 04:00:00,2.2483,2.2627,2.241,2.2617,18687764.0
2024-12-24 05:00:00,2.2617,2.266,2.254,2.2565,12437427.0
2024-12-24 06:00:00,2.2565,2.2581,2.2311,2.2357,17103323.0
2024-12-24 07:00:00,2.2357,2.2508,2.2276,2.2459,18247707.0
2024-12-24 08:00:00,2.2459,2.2593,2.2373,2.2513,26171301.0
2024-12-24 09:00:00,2.2513,2.2543,2.2286,2.2375,24046564.0
2024-12-24 10:00:00,2.2375,2.2409,2.2214,2.2275,20029143.0
2024-12-24 11:00:00,2.2275,2.2473,2.2232,2.2446,16383368.0
2024-12-24 12:00:00,2.2446,2.2462,2.2285,2.2397,15546180.0
2024-12-24 13:00:00,2.2397,2.3238,2.2349,2.3223,98212607.0
2024-12-24 14:00:00,2.3223,2.3289,2.294,2.3113,74789880.0
2024-12-24 15:00:00,2.3113,2.3354,2.298,2.3208,48610447.0
2024-12-24 16:00:00,2.3208,2.33,2.3068,2.3122,28981310.0
2024-12-24 17:00:00,2.3122,2.3463,2.3112,2.3428,31006062.0
2024-12-24 18:00:00,2.3428,2.3502,2.323,2.3415,34803542.0
2024-12-24 19:00:00,2.3415,2.3415,2.3045,2.3057,25073680.0
2024-12-24 20:00:00,2.3057,2.3087,2.2772,2.2914,52803951.0
2024-12-24 21:00:00,2.2914,2.3282,2.2889,2.3245,26076123.0
2024-12-24 22:00:00,2.3245,2.3376,2.3161,2.3252,29691654.0
2024-12-24 23:00:00,2.3252,2.332,2.3192,2.3224,11288622.0
2024-12-25 00:00:00,2.3224,2.3229,2.3041,2.3093,16999428.0
2024-12-25 01:00:00,2.3093,2.3205,2.2961,2.3027,16011453.0
2024-12-25 02:00:00,2.3027,2.3086,2.2914,2.3023,24566842.0
2024-12-25 03:00:00,2.3023,2.3041,2.283,2.2974,17965869.0
2024-12-25 04:00:00,2.2974,2.3011,2.2882,2.2914,8967481.0
2024-12-25 05:00:00,2.2914,2.3066,2.2906,2.3005,10234662.0
2024-12-25 06:00:00,2.3005,2.3141,2.289,2.2916,15400554.0
2024-12-25 07:00:00,2.2916,2.3035,2.2782,2.2848,18884732.0
2024-12-25 08:00:00,2.2848,2.297,2.2791,2.2889,10436337.0
2024-12-25 09:00:00,2.2889,2.3019,2.2855,2.2946,14153295.0
2024-12-25 10:00:00,2.2946,2.332,2.2918,2.3025,42790129.0
2024-12-25 11:00:00,2.3025,2.313,2.2649,2.2702,31675410.0
2024-12-25 12:00:00,2.2702,2.2885,2.2609,2.2813,43057747.0
2024-12-25 13:00:00,2.2813,2.291,2.2696,2.2812,21788362.0
2024-12-25 14:00:00,2.2812,2.2995,2.2772,2.293,19859914.0
2024-12-25 15:00:00,2.293,2.2965,2.2711,2.2791,28278706.0
2024-12-25 16:00:00,2.2791,2.2853,2.2606,2.2724,26622292.0
2024-12-25 17:00:00,2.2724,2.2872,2.266,2.2845,12132346.0
2024-12-25 18:00:00,2.2845,2.2976,2.2819,2.294,11567101.0
2024-12-25 19:00:00,2.294,2.3083,2.2892,2.306,13377797.0
2024-12-25 20:00:00,2.306,2.3142,2.2972,2.3062,16725580.0
2024-12-25 21:00:00,2.3062,2.3168,2.2902,2.2993,18931518.0
2024-12-25 22:00:00,2.2993,2.3051,2.288,2.2955,12319419.0
2024-12-25 23:00:00,2.2955,2.3066,2.2905,2.2973,8383583.0
2024-12-26 00:00:00,2.2973,2.3163,2.2721,2.281,25619752.0
2024-12-26 01:00:00,2.281,2.2896,2.2684,2.2752,16303674.0
2024-12-26 02:00:00,2.2752,2.2851,2.2654,2.2682,19116760.0
2024-12-26 03:00:00,2.2682,2.278,2.264,2.2705,12225614.0
2024-12-26 04:00:00,2.2705,2.2705,2.2476,2.2546,31396091.0
2024-12-26 05:00:00,2.2546,2.2563,2.2363,2.2533,23184957.0
2024-12-26 06:00:00,2.2533,2.2561,2.237,2.2473,16691065.0
2024-12-26 07:00:00,2.2473,2.2539,2.2322,2.2403,20619691.0
2024-12-26 08:00:00,2.2403,2.2458,2.1595,2.1871,109921843.0
2024-12-26 09:00:00,2.1871,2.1984,2.1789,2.1824,28259416.0
2024-12-26 10:00:00,2.1824,2.1888,2.1698,2.1781,25993629.0
2024-12-26 11:00:00,2.1781,2.2034,2.177,2.1891,24012907.0
2024-12-26 12:00:00,2.1891,2.1903,2.1505,2.1692,46181516.0
2024-12-26 13:00:00,2.1692,2.1743,2.1582,2.1717,27663534.0
2024-12-26 14:00:00,2.1717,2.1878,2.1509,2.1645,45326438.0
2024-12-26 15:00:00,2.1645,2.1798,2.1575,2.165,25535945.0
2024-12-26 16:00:00,2.165,2.1857,2.1618,2.1813,22298069.0
2024-12-26 17:00:00,2.1813,2.1821,2.1229,2.1498,66411110.0
2024-12-26 18:00:00,2.1498,2.1636,2.1395,2.1621,13278176.0
2024-12-26 19:00:00,2.1621,2.1694,2.1475,2.1663,16379766.0
2024-12-26 20:00:00,2.1663,2.1688,2.14,2.1506,15780587.0
2024-12-26 21:00:00,2.1506,2.1669,2.1285,2.1614,21367100.0
2024-12-26 22:00:00,2.1614,2.1783,2.1607,2.1675,16362211.0
2024-12-26 23:00:00,2.1675,2.1706,2.1434,2.1547,17101712.0
2024-12-27 00:00:00,2.1547,2.1673,2.1321,2.1611,25665562.0
2024-12-27 01:00:00,2.1611,2.1796,2.1464,2.1664,17680043.0
2024-12-27 02:00:00,2.1664,2.1894,2.1578,2.1667,29134606.0
2024-12-27 03:00:00,2.1667,2.1817,2.159,2.174,14377696.0
2024-12-27 04:00:00,2.174,2.1836,2.1658,2.168,13851714.0
2024-12-27 05:00:00,2.168,2.1718,2.1476,2.165,18553148.0
2024-12-27 06:00:00,2.165,2.187,2.165,2.187,19778692.0
2024-12-27 07:00:00,2.187,2.187,2.1264,2.143,48420680.0
2024-12-27 08:00:00,2.143,2.1833,2.143,2.1704,43332178.0
2024-12-27 09:00:00,2.1704,2.2366,2.1687,2.2133,68568885.0
2024-12-27 10:00:00,2.2133,2.2174,2.1763,2.1981,34488185.0
2024-12-27 11:00:00,2.1981,2.2155,2.1891,2.2135,25448486.0
2024-12-27 12:00:00,2.2135,2.215,2.1989,2.2029,16432671.0
2024-12-27 13:00:00,2.2029,2.2058,2.1798,2.1865,21486814.0
2024-12-27 14:00:00,2.1865,2.1879,2.1463,2.1639,44963861.0
2024-12-27 15:00:00,2.1639,2.1655,2.1322,2.1441,38766677.0
2024-12-27 16:00:00,2.1441,2.1521,2.1133,2.1392,48548714.0
2024-12-27 17:00:00,2.1392,2.1695,2.1298,2.1652,29905983.0
2024-12-27 18:00:00,2.1652,2.1794,2.1543,2.1708,12014388.0
2024-12-27 19:00:00,2.1708,2.1803,2.1641,2.1789,7642816.0
2024-12-27 20:00:00,2.1789,2.18,2.1603,2.17,8624898.0
2024-12-27 21:00:00,2.17,2.1714,2.1417,2.1437,8842267.0
2024-12-27 22:00:00,2.1437,2.1594,2.1345,2.1415,15526221.0
2024-12-27 23:00:00,2.1415,2.149,2.1323,2.145,12695794.0
2024-12-28 00:00:00,2.145,2.1549,2.14,2.151,7159961.0
2024-12-28 01:00:00,2.151,2.1537,2.1332,2.1474,13629887.0
2024-12-28 02:00:00,2.1474,2.1569,2.138,2.1391,15404095.0
2024-12-28 03:00:00,2.1391,2.1564,2.1382,2.1543,15009861.0
2024-12-28 04:00:00,2.1543,2.1558,2.1451,2.1498,10630544.0
2024-12-28 05:00:00,2.1498,2.1711,2.1498,2.1628,15224634.0
2024-12-28 06:00:00,2.1628,2.1664,2.1544,2.1571,19329307.0
2024-12-28 07:00:00,2.1571,2.167,2.1527,2.1577,13199289.0
2024-12-28 08:00:00,2.1577,2.1749,2.1571,2.1712,11071801.0
2024-12-28 09:00:00,2.1712,2.1758,2.1645,2.1651,8214705.0
2024-12-28 10:00:00,2.1651,2.1684,2.1567,2.1595,12349863.0
2024-12-28 11:00:00,2.1595,2.1709,2.1592,2.1688,6654200.0
2024-12-28 12:00:00,2.1688,2.1708,2.1586,2.1616,8476373.0
2024-12-28 13:00:00,2.1616,2.1714,2.1599,2.168,9002956.0
2024-12-28 14:00:00,2.168,2.1941,2.1637,2.1708,37502896.0
2024-12-28 15:00:00,2.1708,2.1846,2.1693,2.1725,15125045.0
2024-12-28 16:00:00,2.1725,2.1918,2.1707,2.1889,17402128.0
2024-12-28 17:00:00,2.1889,2.2035,2.1844,2.1933,24258146.0
2024-12-28 18:00:00,2.1933,2.1946,2.1822,2.1869,13839923.0
2024-12-28 19:00:00,2.1869,2.1965,2.186,2.1885,5325512.0
2024-12-28 20:00:00,2.1885,2.1936,2.1839,2.1919,5815629.0
2024-12-28 21:00:00,2.1919,2.1994,2.1865,2.1986,7130032.0
2024-12-28 22:00:00,2.1986,2.2072,2.1924,2.197,17247615.0
2024-12-28 23:00:00,2.197,2.198,2.1789,2.1835,20229812.0
2024-12-29 00:00:00,2.1835,2.188,2.1753,2.1815,13055401.0
2024-12-29 01:00:00,2.1815,2.1852,2.1688,2.1716,20797835.0
2024-12-29 02:00:00,2.1716,2.1847,2.1713,2.1824,10181212.0
2024-12-29 03:00:00,2.1824,2.1885,2.177,2.1863,7780448.0
2024-12-29 04:00:00,2.1863,2.1884,2.1766,2.1809,6934225.0
2024-12-29 05:00:00,2.1809,2.1855,2.1755,2.1828,5460109.0
2024-12-29 06:00:00,2.1828,2.1882,2.1754,2.1866,8716236.0
2024-12-29 07:00:00,2.1866,2.1969,2.1834,2.1959,14182854.0
2024-12-29 08:00:00,2.1959,2.1968,2.1826,2.1827,11472647.0
2024-12-29 09:00:00,2.1827,2.1872,2.1761,2.1856,13330403.0
2024-12-29 10:00:00,2.1856,2.1905,2.1829,2.1844,7196145.0
2024-12-29 11:00:00,2.1844,2.186,2.1741,2.1759,10959742.0
2024-12-29 12:00:00,2.1759,2.181,2.1674,2.1713,14032041.0
2024-12-29 13:00:00,2.1713,2.1792,2.1672,2.1754,14562215.0
2024-12-29 14:00:00,2.1754,2.186,2.1496,2.1618,49965552.0
2024-12-29 15:00:00,2.1618,2.171,2.1551,2.1632,15606442.0
2024-12-29 16:00:00,2.1632,2.1654,2.1401,2.1476,25729935.0
2024-12-29 17:00:00,2.1476,2.1512,2.1367,2.146,14882903.0
2024-12-29 18:00:00,2.146,2.1498,2.1352,2.1425,11811871.0
2024-12-29 19:00:00,2.1425,2.1466,2.1375,2.1417,6638648.0
2024-12-29 20:00:00,2.1417,2.1423,2.1154,2.1352,28635256.0
2024-12-29 21:00:00,2.1352,2.139,2.104,2.1099,26658128.0
2024-12-29 22:00:00,2.1099,2.1123,2.0696,2.0898,95392712.0
2024-12-29 23:00:00,2.0898,2.1002,2.0788,2.0926,20321278.0
2024-12-30 00:00:00,2.0926,2.1114,2.0827,2.1041,23189054.0
2024-12-30 01:00:00,2.1041,2.1512,2.0968,2.1252,31100295.0
2024-12-30 02:00:00,2.1252,2.1301,2.1054,2.1195,13435315.0
2024-12-30 03:00:00,2.1195,2.1282,2.0955,2.1013,21728692.0
2024-12-30 04:00:00,2.1013,2.1123,2.081,2.0816,18903272.0
2024-12-30 05:00:00,2.0816,2.0897,2.0496,2.0651,48389105.0
2024-12-30 06:00:00,2.0651,2.0994,2.0639,2.0842,25717361.0
2024-12-30 07:00:00,2.0842,2.086,2.046,2.0676,30823929.0
2024-12-30 08:00:00,2.0676,2.085,2.0496,2.0675,33933292.0
2024-12-30 09:00:00,2.0675,2.0822,2.0574,2.0745,25446509.0
2024-12-30 10:00:00,2.0745,2.0849,2.0662,2.0683,15825028.0
2024-12-30 11:00:00,2.0683,2.0814,2.0488,2.0752,31167574.0
2024-12-30 12:00:00,2.0752,2.095,2.0698,2.0754,37725783.0
2024-12-30 13:00:00,2.0754,2.0817,2.02,2.0227,73786293.0
2024-12-30 14:00:00,2.0227,2.0408,2.0035,2.008,67645809.0
2024-12-30 15:00:00,2.008,2.0359,1.9917,2.0235,100904025.0
2024-12-30 16:00:00,2.0235,2.0307,1.9973,2.0119,46355763.0
2024-12-30 17:00:00,2.0119,2.0898,2.0119,2.0792,79511214.0
2024-12-30 18:00:00,2.0792,2.1068,2.0647,2.0922,47670735.0
2024-12-30 19:00:00,2.0922,2.1052,2.0858,2.1025,17057811.0
2024-12-30 20:00:00,2.1025,2.1396,2.1024,2.1107,42150868.0
2024-12-30 21:00:00,2.1107,2.1119,2.0428,2.0509,65432056.0
2024-12-30 22:00:00,2.0509,2.075,2.0491,2.0639,29762723.0
2024-12-30 23:00:00,2.0639,2.0647,2.0486,2.0576,26487635.0
2024-12-31 00:00:00,2.0576,2.0659,2.0276,2.0303,24333047.0
2024-12-31 01:00:00,2.0303,2.0391,2.02,2.0347,18920651.0
2024-12-31 02:00:00,2.0347,2.0448,2.0225,2.0263,14255145.0
2024-12-31 03:00:00,2.0263,2.0325,2.015,2.0203,17697424.0
2024-12-31 04:00:00,2.0203,2.0337,2.0122,2.0168,14505316.0
2024-12-31 05:00:00,2.0168,2.028,2.0117,2.0201,16340175.0
2024-12-31 06:00:00,2.0201,2.0357,2.0152,2.0269,16185951.0
2024-12-31 07:00:00,2.0269,2.0368,2.0248,2.0325,12030621.0
2024-12-31 08:00:00,2.0325,2.0997,2.0322,2.0667,92022455.0
2024-12-31 09:00:00,2.0667,2.0794,2.059,2.0704,41306709.0
2024-12-31 10:00:00,2.0704,2.0875,2.0546,2.0756,28814197.0
2024-12-31 11:00:00,2.0756,2.0838,2.0723,2.0748,14208907.0
2024-12-31 12:00:00,2.0748,2.1023,2.0748,2.081,31227818.0
2024-12-31 13:00:00,2.081,2.1467,2.081,2.1249,75654607.0
2024-12-31 14:00:00,2.1249,2.1487,2.123,2.1305,49079337.0
2024-12-31 15:00:00,2.1305,2.1378,2.1111,2.1274,36496534.0
2024-12-31 16:00:00,2.1274,2.1288,2.1046,2.1195,24332292.0
2024-12-31 17:00:00,2.1195,2.1205,2.0612,2.0869,43144936.0
2024-12-31 18:00:00,2.0869,2.1054,2.0837,2.0876,16699215.0
2024-12-31 19:00:00,2.0876,2.0957,2.0794,2.092,7503982.0
2024-12-31 20:00:00,2.092,2.1049,2.0904,2.1004,20216494.0
2024-12-31 21:00:00,2.1004,2.1052,2.0882,2.0975,7959570.0
2024-12-31 22:00:00,2.0975,2.103,2.0719,2.0781,7685710.0
2024-12-31 23:00:00,2.0781,2.0887,2.073,2.0832,3827735.0
2025-01-01 00:00:00,2.0832,2.1115,2.0812,2.1096,12657030.0
2025-01-01 01:00:00,2.1096,2.11,2.0933,2.0937,10174091.0
2025-01-01 02:00:00,2.0937,2.1054,2.0924,2.1054,5189879.0
2025-01-01 03:00:00,2.1054,2.1077,2.0987,2.106,4242835.0
2025-01-01 04:00:00,2.106,2.1114,2.0986,2.1017,6390622.0
2025-01-01 05:00:00,2.1017,2.148,2.0998,2.135,25938720.0
2025-01-01 06:00:00,2.135,2.1469,2.1293,2.1435,11139063.0
2025-01-01 07:00:00,2.1435,2.1436,2.1228,2.1239,5792906.0
2025-01-01 08:00:00,2.1239,2.1349,2.1078,2.1098,23784477.0
2025-01-01 09:00:00,2.1098,2.116,2.09,2.1051,31441662.0
2025-01-01 10:00:00,2.1051,2.1182,2.1045,2.1084,17141881.0
2025-01-01 11:00:00,2.1084,2.1436,2.1015,2.135,28834202.0
2025-01-01 12:00:00,2.135,2.1741,2.1305,2.1672,56533101.0
2025-01-01 13:00:00,2.1672,2.1847,2.1581,2.1646,58665312.0
2025-01-01 14:00:00,2.1646,2.185,2.1598,2.1736,53793203.0
2025-01-01 15:00:00,2.1736,2.2337,2.1625,2.2282,75311524.0
2025-01-01 16:00:00,2.2282,2.2831,2.223,2.2636,147677715.0
2025-01-01 17:00:00,2.2636,2.266,2.2115,2.2587,77323486.0
2025-01-01 18:00:00,2.2587,2.333,2.2472,2.3216,122196244.0
2025-01-01 19:00:00,2.3216,2.3424,2.2879,2.3175,106925908.0
2025-01-01 20:00:00,2.3175,2.3194,2.2951,2.3056,30118184.0
2025-01-01 21:00:00,2.3056,2.3294,2.2842,2.3207,46106796.0
2025-01-01 22:00:00,2.3207,2.3545,2.2975,2.3485,52086023.0
2025-01-01 23:00:00,2.3485,2.352,2.3129,2.3319,47029729.0
2025-01-02 00:00:00,2.3319,2.4531,2.3288,2.3893,240989177.0
2025-01-02 01:00:00,2.3893,2.4113,2.3705,2.401,70468823.0
2025-01-02 02:00:00,2.401,2.4166,2.3864,2.4048,40022581.0
2025-01-02 03:00:00,2.4048,2.4302,2.4004,2.4238,30747765.0
2025-01-02 04:00:00,2.4238,2.428,2.3973,2.3997,26935892.0
2025-01-02 05:00:00,2.3997,2.4013,2.366,2.3728,53249974.0
2025-01-02 06:00:00,2.3728,2.3831,2.3439,2.3558,49721969.0
2025-01-02 07:00:00,2.3558,2.3735,2.3489,2.3675,29352485.0
2025-01-02 08:00:00,2.3675,2.384,2.3673,2.3784,21319581.0
2025-01-02 09:00:00,2.3784,2.4095,2.377,2.4,42855716.0
2025-01-02 10:00:00,2.4,2.405,2.3833,2.3955,37325611.0
2025-01-02 11:00:00,2.3955,2.4175,2.3873,2.4041,31655764.0
2025-01-02 12:00:00,2.4041,2.4222,2.3974,2.4073,26687866.0
2025-01-02 13:00:00,2.4073,2.4144,2.3851,2.391,33284003.0
2025-01-02 14:00:00,2.391,2.4225,2.3642,2.4076,99370192.0
2025-01-02 15:00:00,2.4076,2.4102,2.3774,2.4037,41781823.0
2025-01-02 16:00:00,2.4037,2.4216,2.3935,2.4187,28012800.0
2025-01-02 17:00:00,2.4187,2.4389,2.3766,2.3961,55161005.0
2025-01-02 18:00:00,2.3961,2.4147,2.3852,2.4067,19750721.0
2025-01-02 19:00:00,2.4067,2.4155,2.3868,2.3874,14812791.0
2025-01-02 20:00:00,2.3874,2.3971,2.3653,2.3836,23777369.0
2025-01-02 21:00:00,2.3836,2.3882,2.3721,2.3866,13603111.0
2025-01-02 22:00:00,2.3866,2.4111,2.3847,2.405,20334656.0
2025-01-02 23:00:00,2.405,2.414,2.3976,2.4025,14181687.0
2025-01-03 00:00:00,2.4025,2.4195,2.3979,2.4114,18852420.0
2025-01-03 01:00:00,2.4114,2.4381,2.3963,2.4236,37798016.0
2025-01-03 02:00:00,2.4236,2.466,2.4182,2.447,50331012.0
2025-01-03 03:00:00,2.447,2.4747,2.4371,2.4675,40858599.0
2025-01-03 04:00:00,2.4675,2.4683,2.437,2.4431,25786747.0
2025-01-03 05:00:00,2.4431,2.4452,2.4204,2.4293,30821484.0
2025-01-03 06:00:00,2.4293,2.4535,2.4287,2.4445,26331656.0
2025-01-03 07:00:00,2.4445,2.4463,2.4036,2.4155,43634828.0
2025-01-03 08:00:00,2.4155,2.4252,2.4014,2.4132,21400463.0
2025-01-03 09:00:00,2.4132,2.4279,2.4084,2.4203,19151878.0
2025-01-03 10:00:00,2.4203,2.4293,2.4081,2.4111,26984276.0
2025-01-03 11:00:00,2.4111,2.4365,2.4,2.4095,35063832.0
2025-01-03 12:00:00,2.4095,2.422,2.4033,2.4033,23250422.0
2025-01-03 13:00:00,2.4033,2.4181,2.4003,2.4087,25953562.0
2025-01-03 14:00:00,2.4087,2.445,2.4079,2.4342,41346253.0
2025-01-03 15:00:00,2.4342,2.4495,2.4241,2.4468,38256126.0
2025-01-03 16:00:00,2.4468,2.4813,2.437,2.4598,59556989.0
2025-01-03 17:00:00,2.4598,2.4713,2.4386,2.4427,51196365.0
2025-01-03 18:00:00,2.4427,2.4594,2.4388,2.4514,23909690.0
2025-01-03 19:00:00,2.4514,2.4794,2.4497,2.4731,34587739.0
2025-01-03 20:00:00,2.4731,2.4731,2.4484,2.4486,26427039.0
2025-01-03 21:00:00,2.4486,2.4546,2.441,2.4536,13632712.0
2025-01-03 22:00:00,2.4536,2.4671,2.4515,2.4596,12274231.0
2025-01-03 23:00:00,2.4596,2.4679,2.4503,2.4541,15382182.0
2025-01-04 00:00:00,2.4541,2.466,2.4271,2.4436,36912801.0
2025-01-04 01:00:00,2.4436,2.4745,2.4315,2.4734,23846497.0
2025-01-04 02:00:00,2.4734,2.51,2.464,2.4849,89630009.0
2025-01-04 03:00:00,2.4849,2.4872,2.461,2.4654,21391643.0
2025-01-04 04:00:00,2.4654,2.4659,2.4417,2.4508,26825646.0
2025-01-04 05:00:00,2.4508,2.4609,2.4458,2.4542,11687248.0
2025-01-04 06:00:00,2.4542,2.4615,2.4507,2.4563,9242071.0
2025-01-04 07:00:00,2.4563,2.46,2.4446,2.4458,9383892.0
2025-01-04 08:00:00,2.4458,2.4518,2.4306,2.4324,29372646.0
2025-01-04 09:00:00,2.4324,2.4488,2.4322,2.4457,15898708.0
2025-01-04 10:00:00,2.4457,2.4535,2.434,2.4397,14366881.0
2025-01-04 11:00:00,2.4397,2.4443,2.4275,2.4407,14835109.0
2025-01-04 12:00:00,2.4407,2.4535,2.438,2.4493,17696421.0
2025-01-04 13:00:00,2.4493,2.4583,2.4436,2.4542,14954448.0
2025-01-04 14:00:00,2.4542,2.4595,2.445,2.4586,12464761.0
2025-01-04 15:00:00,2.4586,2.4631,2.4006,2.4119,71818104.0
2025-01-04 16:00:00,2.4119,2.4339,2.4106,2.42,29585869.0
2025-01-04 17:00:00,2.42,2.4281,2.4119,2.4263,12745909.0
2025-01-04 18:00:00,2.4263,2.4298,2.4153,2.4202,11217629.0
2025-01-04 19:00:00,2.4202,2.4254,2.413,2.4229,8781357.0
2025-01-04 20:00:00,2.4229,2.4393,2.4188,2.4343,12450490.0
2025-01-04 21:00:00,2.4343,2.442,2.4183,2.4235,19604269.0
2025-01-04 22:00:00,2.4235,2.4325,2.417,2.4293,8003207.0
2025-01-04 23:00:00,2.4293,2.4328,2.4166,2.4203,9872228.0
2025-01-05 00:00:00,2.4203,2.4284,2.4058,2.409,20648491.0
2025-01-05 01:00:00,2.409,2.4109,2.3678,2.388,57803333.0
2025-01-05 02:00:00,2.388,2.3971,2.3836,2.3928,17352953.0
2025-01-05 03:00:00,2.3928,2.3949,2.3826,2.3906,12384696.0
2025-01-05 04:00:00,2.3906,2.4065,2.3899,2.4009,17753344.0
2025-01-05 05:00:00,2.4009,2.4054,2.3919,2.3948,11329172.0
2025-01-05 06:00:00,2.3948,2.408,2.3871,2.4064,15080126.0
2025-01-05 07:00:00,2.4064,2.4153,2.3964,2.4008,16849330.0
2025-01-05 08:00:00,2.4008,2.4033,2.3662,2.382,47148412.0
2025-01-05 09:00:00,2.382,2.3847,2.3449,2.3499,39572515.0
2025-01-05 10:00:00,2.3499,2.3543,2.328,2.3418,53565204.0
2025-01-05 11:00:00,2.3418,2.3588,2.3364,2.352,26508754.0
2025-01-05 12:00:00,2.352,2.3669,2.3428,2.358,20370185.0
2025-01-05 13:00:00,2.358,2.3786,2.3563,2.3655,24297589.0
2025-01-05 14:00:00,2.3655,2.3818,2.344,2.3742,45576688.0
2025-01-05 15:00:00,2.3742,2.3803,2.3593,2.3672,23106462.0
2025-01-05 16:00:00,2.3672,2.376,2.3579,2.3655,16381851.0
2025-01-05 17:00:00,2.3655,2.384,2.3654,2.3793,19907748.0
2025-01-05 18:00:00,2.3793,2.4094,2.3678,2.4027,28415609.0
2025-01-05 19:00:00,2.4027,2.4112,2.38,2.3825,27083453.0
2025-01-05 20:00:00,2.3825,2.4,2.382,2.397,16012047.0
2025-01-05 21:00:00,2.397,2.4048,2.3897,2.3908,9389081.0
2025-01-05 22:00:00,2.3908,2.4032,2.3856,2.402,11172517.0
2025-01-05 23:00:00,2.402,2.4149,2.3967,2.3988,20448369.0
2025-01-06 00:00:00,2.3988,2.4118,2.3845,2.3887,22721241.0
2025-01-06 01:00:00,2.3887,2.4199,2.3726,2.4188,40203223.0
2025-01-06 02:00:00,2.4188,2.4429,2.4041,2.4056,45923011.0
2025-01-06 03:00:00,2.4056,2.4153,2.3973,2.4116,13130830.0
2025-01-06 04:00:00,2.4116,2.4246,2.4116,2.4164,14772834.0
2025-01-06 05:00:00,2.4164,2.4178,2.4027,2.4035,18333286.0
2025-01-06 06:00:00,2.4035,2.4141,2.3977,2.41,24299594.0
2025-01-06 07:00:00,2.41,2.4154,2.3909,2.3935,19539342.0
2025-01-06 08:00:00,2.3935,2.4033,2.378,2.3797,21513859.0
2025-01-06 09:00:00,2.3797,2.3872,2.3734,2.385,14045891.0
2025-01-06 10:00:00,2.385,2.3896,2.3762,2.3865,18253565.0
2025-01-06 11:00:00,2.3865,2.4044,2.381,2.3955,16839740.0
2025-01-06 12:00:00,2.3955,2.4014,2.388,2.3907,16494327.0
2025-01-06 13:00:00,2.3907,2.3996,2.3785,2.3983,11834914.0
2025-01-06 14:00:00,2.3983,2.438,2.3662,2.4288,69147207.0
2025-01-06 15:00:00,2.4288,2.4514,2.417,2.4366,69514453.0
2025-01-06 16:00:00,2.4366,2.4592,2.4267,2.4449,37179081.0
2025-01-06 17:00:00,2.4449,2.445,2.4,2.416,38279926.0
2025-01-06 18:00:00,2.416,2.4308,2.4064,2.426,17643127.0
2025-01-06 19:00:00,2.426,2.4339,2.4203,2.4245,8668977.0
2025-01-06 20:00:00,2.4245,2.43,2.412,2.4195,9325216.0
2025-01-06 21:00:00,2.4195,2.4245,2.4085,2.412,9522531.0
2025-01-06 22:00:00,2.412,2.4252,2.4063,2.4207,8050089.0
2025-01-06 23:00:00,2.4207,2.4215,2.4094,2.4194,6036699.0
2025-01-07 00:00:00,2.4194,2.4234,2.405,2.4067,12213984.0
2025-01-07 01:00:00,2.4067,2.4154,2.3932,2.4138,19675043.0
2025-01-07 02:00:00,2.4138,2.4153,2.3919,2.394,12263892.0
2025-01-07 03:00:00,2.394,2.4069,2.394,2.4047,8749691.0
2025-01-07 04:00:00,2.4047,2.4175,2.4041,2.4056,9872122.0
2025-01-07 05:00:00,2.4056,2.4335,2.4035,2.4304,14735058.0
2025-01-07 06:00:00,2.4304,2.4479,2.4247,2.4467,21638861.0
2025-01-07 07:00:00,2.4467,2.4468,2.426,2.4283,18079531.0
2025-01-07 08:00:00,2.4283,2.4542,2.4278,2.4421,26262517.0
2025-01-07 09:00:00,2.4421,2.4526,2.4367,2.4485,16823514.0
2025-01-07 10:00:00,2.4485,2.4688,2.4392,2.4566,39012610.0
2025-01-07 11:00:00,2.4566,2.4599,2.407,2.4215,57931517.0
2025-01-07 12:00:00,2.4215,2.4315,2.4117,2.4137,20831812.0
2025-01-07 13:00:00,2.4137,2.4304,2.413,2.4258,14351319.0
2025-01-07 14:00:00,2.4258,2.4429,2.3768,2.3948,66709144.0
2025-01-07 15:00:00,2.3948,2.4029,2.2762,2.3126,641049147.0
2025-01-07 16:00:00,2.3126,2.3445,2.2978,2.31,59109387.0
2025-01-07 17:00:00,2.31,2.3268,2.2837,2.3004,54985227.0
2025-01-07 18:00:00,2.3004,2.317,2.2695,2.2931,36694874.0
2025-01-07 19:00:00,2.2931,2.3009,2.2621,2.2822,43150214.0
2025-01-07 20:00:00,2.2822,2.2945,2.2556,2.2758,29279639.0
2025-01-07 21:00:00,2.2758,2.3065,2.2675,2.2677,31275914.0
2025-01-07 22:00:00,2.2677,2.2966,2.261,2.2948,19542226.0
2025-01-07 23:00:00,2.2948,2.2956,2.2661,2.2692,22404943.0
2025-01-08 00:00:00,2.2692,2.3398,2.2664,2.3305,41331501.0
2025-01-08 01:00:00,2.3305,2.347,2.2967,2.3441,27920375.0
2025-01-08 02:00:00,2.3441,2.3665,2.325,2.335,38903193.0
2025-01-08 03:00:00,2.335,2.3467,2.3105,2.3192,33465597.0
2025-01-08 04:00:00,2.3192,2.3327,2.2997,2.3085,24483417.0
2025-01-08 05:00:00,2.3085,2.3279,2.2912,2.2976,19058434.0
2025-01-08 06:00:00,2.2976,2.3136,2.2615,2.2615,38928171.0
2025-01-08 07:00:00,2.2615,2.2952,2.258,2.286,36041670.0
2025-01-08 08:00:00,2.286,2.3345,2.2854,2.3232,35346225.0
2025-01-08 09:00:00,2.3232,2.3328,2.3061,2.3063,23771018.0
2025-01-08 10:00:00,2.3063,2.3398,2.3063,2.3293,34301870.0
2025-01-08 11:00:00,2.3293,2.3329,2.2966,2.3251,33539026.0
2025-01-08 12:00:00,2.3251,2.3784,2.308,2.3117,76814478.0
2025-01-08 13:00:00,2.3117,2.3421,2.311,2.3134,36572577.0
2025-01-08 14:00:00,2.3134,2.3421,2.3082,2.3169,51405474.0
2025-01-08 15:00:00,2.3169,2.3408,2.2761,2.3085,56345316.0
2025-01-08 16:00:00,2.3085,2.3146,2.2724,2.2743,25917817.0
2025-01-08 17:00:00,2.2743,2.2864,2.1987,2.2803,153964141.0
2025-01-08 18:00:00,2.2803,2.3375,2.2758,2.3022,63780074.0
2025-01-08 19:00:00,2.3022,2.3315,2.2911,2.3149,41626688.0
2025-01-08 20:00:00,2.3149,2.3332,2.2961,2.3225,19576171.0
2025-01-08 21:00:00,2.3225,2.3665,2.314,2.3391,31784998.0
2025-01-08 22:00:00,2.3391,2.3976,2.3383,2.3872,53748494.0
2025-01-08 23:00:00,2.3872,2.3903,2.3609,2.3723,45791994.0
2025-01-09 00:00:00,2.3723,2.3816,2.3605,2.3759,23376240.0
2025-01-09 01:00:00,2.3759,2.3948,2.3681,2.3724,21462540.0
2025-01-09 02:00:00,2.3724,2.3772,2.3351,2.3612,39236668.0
2025-01-09 03:00:00,2.3612,2.363,2.3407,2.3484,13217728.0
2025-01-09 04:00:00,2.3484,2.3628,2.3337,2.362,19532875.0
2025-01-09 05:00:00,2.362,2.366,2.3458,2.349,14145370.0
2025-01-09 06:00:00,2.349,2.3559,2.3292,2.3309,16658960.0
2025-01-09 07:00:00,2.3309,2.3382,2.2961,2.312,47714610.0
2025-01-09 08:00:00,2.312,2.3317,2.2994,2.3177,37435805.0
2025-01-09 09:00:00,2.3177,2.3285,2.3119,2.3175,17271886.0
2025-01-09 10:00:00,2.3175,2.3212,2.2864,2.3012,33847112.0
2025-01-09 11:00:00,2.3012,2.3132,2.2896,2.304,23905381.0
2025-01-09 12:00:00,2.304,2.3131,2.2826,2.2969,19067099.0
2025-01-09 13:00:00,2.2969,2.3,2.2335,2.2349,63610706.0
2025-01-09 14:00:00,2.2349,2.2771,2.2341,2.2732,42037835.0
2025-01-09 15:00:00,2.2732,2.3378,2.2636,2.3187,51365754.0
2025-01-09 16:00:00,2.3187,2.3285,2.2973,2.3208,31288373.0
2025-01-09 17:00:00,2.3208,2.3283,2.2801,2.2908,31650338.0
2025-01-09 18:00:00,2.2908,2.3216,2.2865,2.3099,17381807.0
2025-01-09 19:00:00,2.3099,2.3122,2.266,2.2781,21777946.0
2025-01-09 20:00:00,2.2781,2.2885,2.2501,2.2764,40723565.0
2025-01-09 21:00:00,2.2764,2.2883,2.258,2.2644,19865845.0
2025-01-09 22:00:00,2.2644,2.2979,2.2536,2.2899,18634298.0
2025-01-09 23:00:00,2.2899,2.2921,2.2697,2.2715,11507037.0
2025-01-10 00:00:00,2.2715,2.2866,2.2675,2.2721,11430166.0
2025-01-10 01:00:00,2.2721,2.2848,2.2562,2.2824,16874078.0
2025-01-10 02:00:00,2.2824,2.2931,2.2731,2.2771,15566327.0
2025-01-10 03:00:00,2.2771,2.2892,2.2746,2.2877,3294692.0
2025-01-10 04:00:00,2.2877,2.2984,2.2814,2.2882,3642942.0
2025-01-10 05:00:00,2.2882,2.3067,2.2793,2.2991,14041322.0
2025-01-10 06:00:00,2.2991,2.3037,2.2845,2.2999,6771130.0
2025-01-10 07:00:00,2.2999,2.3259,2.2939,2.3094,24930708.0
2025-01-10 08:00:00,2.3094,2.3212,2.3018,2.3103,17077692.0
2025-01-10 09:00:00,2.3103,2.3182,2.3034,2.3124,9655995.0
2025-01-10 10:00:00,2.3124,2.3226,2.3082,2.3201,8003458.0
2025-01-10 11:00:00,2.3201,2.3209,2.2995,2.3094,18475119.0
2025-01-10 12:00:00,2.3094,2.3103,2.2943,2.3087,14648178.0
2025-01-10 13:00:00,2.3087,2.319,2.2453,2.2768,234367079.0
2025-01-10 14:00:00,2.2768,2.3072,2.2704,2.294,44111460.0
2025-01-10 15:00:00,2.294,2.3032,2.2481,2.2877,54588660.0
2025-01-10 16:00:00,2.2877,2.2909,2.2678,2.2754,21292893.0
2025-01-10 17:00:00,2.2754,2.3506,2.2702,2.3493,40990886.0
2025-01-10 18:00:00,2.3493,2.3625,2.3215,2.3355,61145182.0
2025-01-10 19:00:00,2.3355,2.359,2.3239,2.3578,22234002.0
2025-01-10 20:00:00,2.3578,2.3694,2.3429,2.3554,23769676.0
2025-01-10 21:00:00,2.3554,2.3587,2.3368,2.3384,18189406.0
2025-01-10 22:00:00,2.3384,2.3517,2.3311,2.3427,25520873.0
2025-01-10 23:00:00,2.3427,2.3478,2.3355,2.3411,7550359.0
2025-01-11 00:00:00,2.3411,2.3602,2.3352,2.3601,12238513.0
2025-01-11 01:00:00,2.3601,2.3642,2.3415,2.3549,15744745.0
2025-01-11 02:00:00,2.3549,2.3573,2.3353,2.347,16607525.0
2025-01-11 03:00:00,2.347,2.3471,2.3242,2.3303,14902627.0
2025-01-11 04:00:00,2.3303,2.3397,2.3262,2.3329,7867369.0
2025-01-11 05:00:00,2.3329,2.3374,2.3269,2.3321,9449115.0
2025-01-11 06:00:00,2.3321,2.346,2.3319,2.3378,10783923.0
2025-01-11 07:00:00,2.3378,2.3457,2.3333,2.3437,11975839.0
2025-01-11 08:00:00,2.3437,2.3515,2.3313,2.3403,10918814.0
2025-01-11 09:00:00,2.3403,2.3593,2.3396,2.356,13481497.0
2025-01-11 10:00:00,2.356,2.3926,2.3508,2.3863,29759530.0
2025-01-11 11:00:00,2.3863,2.4363,2.3773,2.4202,67971586.0
2025-01-11 12:00:00,2.4202,2.4306,2.3982,2.4054,53731247.0
2025-01-11 13:00:00,2.4054,2.41,2.3807,2.3939,39704513.0
2025-01-11 14:00:00,2.3939,2.4072,2.3767,2.4018,27814234.0
2025-01-11 15:00:00,2.4018,2.4162,2.3887,2.4064,33744818.0
2025-01-11 16:00:00,2.4064,2.4983,2.3963,2.4744,105062739.0
2025-01-11 17:00:00,2.4744,2.5134,2.4456,2.4818,121658636.0
2025-01-11 18:00:00,2.4818,2.5036,2.4759,2.4888,45828912.0
2025-01-11 19:00:00,2.4888,2.5323,2.4724,2.5297,59421557.0
2025-01-11 20:00:00,2.5297,2.5987,2.5074,2.5927,141882531.0
2025-01-11 21:00:00,2.5927,2.6035,2.5523,2.574,86538459.0
2025-01-11 22:00:00,2.574,2.5759,2.5312,2.5482,52386490.0
2025-01-11 23:00:00,2.5482,2.5811,2.5447,2.5762,36849694.0
2025-01-12 00:00:00,2.5762,2.5834,2.5126,2.5213,71876206.0
2025-01-12 01:00:00,2.5213,2.5314,2.5058,2.5304,27266240.0
2025-01-12 02:00:00,2.5304,2.5494,2.5263,2.5436,23189493.0
2025-01-12 03:00:00,2.5436,2.5453,2.5263,2.5415,12533031.0
2025-01-12 04:00:00,2.5415,2.5536,2.5331,2.5515,16172339.0
2025-01-12 05:00:00,2.5515,2.556,2.5361,2.546,16599168.0
2025-01-12 06:00:00,2.546,2.5501,2.5221,2.5229,19818275.0
2025-01-12 07:00:00,2.5229,2.5432,2.5109,2.541,27727777.0
2025-01-12 08:00:00,2.541,2.5505,2.519,2.5247,30247282.0
2025-01-12 09:00:00,2.5247,2.532,2.4839,2.4961,57793787.0
2025-01-12 10:00:00,2.4961,2.5028,2.4693,2.4844,63353994.0
2025-01-12 11:00:00,2.4844,2.5031,2.4744,2.4943,45068264.0
2025-01-12 12:00:00,2.4943,2.5272,2.4877,2.5071,46316628.0
2025-01-12 13:00:00,2.5071,2.5213,2.5014,2.5072,20111174.0
2025-01-12 14:00:00,2.5072,2.511,2.4865,2.5018,30538791.0
2025-01-12 15:00:00,2.5018,2.5326,2.4935,2.5216,38689352.0
2025-01-12 16:00:00,2.5216,2.542,2.518,2.5293,25663041.0
2025-01-12 17:00:00,2.5293,2.5507,2.5138,2.5402,24138225.0
2025-01-12 18:00:00,2.5402,2.5529,2.5271,2.5426,15975899.0
2025-01-12 19:00:00,2.5426,2.553,2.5329,2.5468,15254598.0
2025-01-12 20:00:00,2.5468,2.5475,2.5257,2.5403,14391096.0
2025-01-12 21:00:00,2.5403,2.5424,2.5129,2.5188,26303131.0
2025-01-12 22:00:00,2.5188,2.5195,2.4894,2.4955,37718098.0
2025-01-12 23:00:00,2.4955,2.5089,2.4836,2.5035,24643410.0
2025-01-13 00:00:00,2.5035,2.5628,2.4979,2.5459,51456704.0
2025-01-13 01:00:00,2.5459,2.5619,2.5191,2.5295,35776194.0
2025-01-13 02:00:00,2.5295,2.5331,2.4928,2.5152,39238739.0
2025-01-13 03:00:00,2.5152,2.5394,2.5036,2.5048,32653706.0
2025-01-13 04:00:00,2.5048,2.5405,2.498,2.5233,33932496.0
2025-01-13 05:00:00,2.5233,2.5249,2.4965,2.5085,22569213.0
2025-01-13 06:00:00,2.5085,2.5203,2.435,2.4567,139157521.0
2025-01-13 07:00:00,2.4567,2.4755,2.4456,2.4611,32930102.0
2025-01-13 08:00:00,2.4611,2.464,2.4124,2.4374,58537177.0
2025-01-13 09:00:00,2.4374,2.4529,2.4112,2.4437,39219350.0
2025-01-13 10:00:00,2.4437,2.4518,2.4112,2.4248,42502224.0
2025-01-13 11:00:00,2.4248,2.4258,2.3335,2.3377,123305384.0
2025-01-13 12:00:00,2.3377,2.3894,2.331,2.3759,75872730.0
2025-01-13 13:00:00,2.3759,2.4127,2.3704,2.378,65271528.0
2025-01-13 14:00:00,2.378,2.4612,2.3327,2.4302,417928817.0
2025-01-13 15:00:00,2.4302,2.4966,2.4176,2.465,90103644.0
2025-01-13 16:00:00,2.465,2.4954,2.4441,2.4523,60036224.0
2025-01-13 17:00:00,2.4523,2.4771,2.4335,2.4453,47159149.0
2025-01-13 18:00:00,2.4453,2.4656,2.4241,2.4495,31816468.0
2025-01-13 19:00:00,2.4495,2.4812,2.4369,2.4629,24636724.0
2025-01-13 20:00:00,2.4629,2.5135,2.4501,2.507,27166113.0
2025-01-13 21:00:00,2.507,2.549,2.4923,2.5316,55977405.0
2025-01-13 22:00:00,2.5316,2.5561,2.5184,2.5297,29494968.0
2025-01-13 23:00:00,2.5297,2.5318,2.514,2.5224,16627315.0
2025-01-14 00:00:00,2.5224,2.5449,2.5141,2.5437,23212009.0
2025-01-14 01:00:00,2.5437,2.553,2.5316,2.5369,19825565.0
2025-01-14 02:00:00,2.5369,2.5505,2.5235,2.5314,27934204.0
2025-01-14 03:00:00,2.5314,2.538,2.5238,2.5319,13958141.0
2025-01-14 04:00:00,2.5319,2.5448,2.529,2.5389,16037171.0
2025-01-14 05:00:00,2.5389,2.553,2.523,2.5257,22342064.0
2025-01-14 06:00:00,2.5257,2.54,2.519,2.5311,16303466.0
2025-01-14 07:00:00,2.5311,2.5401,2.5111,2.5154,23559221.0
2025-01-14 08:00:00,2.5154,2.5511,2.5151,2.54,53330863.0
2025-01-14 09:00:00,2.54,2.5868,2.5392,2.5759,68641796.0
2025-01-14 10:00:00,2.5759,2.6028,2.5632,2.5906,48357770.0
2025-01-14 11:00:00,2.5906,2.5918,2.559,2.5749,32753813.0
2025-01-14 12:00:00,2.5749,2.5796,2.5501,2.5518,29873507.0
2025-01-14 13:00:00,2.5518,2.5859,2.5459,2.5647,89409944.0
2025-01-14 14:00:00,2.5647,2.5915,2.5516,2.5709,46620849.0
2025-01-14 15:00:00,2.5709,2.5905,2.5671,2.5785,30307821.0
2025-01-14 16:00:00,2.5785,2.617,2.5516,2.6164,53243276.0
2025-01-14 17:00:00,2.6164,2.6768,2.5975,2.6563,119785480.0
2025-01-14 18:00:00,2.6563,2.7008,2.653,2.6824,72181561.0
2025-01-14 19:00:00,2.6824,2.6909,2.6624,2.6624,29014510.0
2025-01-14 20:00:00,2.6624,2.672,2.6386,2.649,45744492.0
2025-01-14 21:00:00,2.649,2.6712,2.6452,2.6705,16660924.0
2025-01-14 22:00:00,2.6705,2.6792,2.658,2.6682,16399234.0
2025-01-14 23:00:00,2.6682,2.6742,2.6579,2.6667,14625156.0
2025-01-15 00:00:00,2.6667,2.6832,2.6487,2.6763,27619531.0
2025-01-15 01:00:00,2.6763,2.8105,2.67,2.7925,153699015.0
2025-01-15 02:00:00,2.7925,2.8785,2.7803,2.8473,120199262.0
2025-01-15 03:00:00,2.8473,2.8633,2.795,2.8296,85490490.0
2025-01-15 04:00:00,2.8296,2.8378,2.7818,2.8024,48166908.0
2025-01-15 05:00:00,2.8024,2.8495,2.7968,2.8448,55016042.0
2025-01-15 06:00:00,2.8448,2.8594,2.8241,2.8445,49258556.0
2025-01-15 07:00:00,2.8445,2.8922,2.8345,2.8594,80599922.0
2025-01-15 08:00:00,2.8594,2.8755,2.8274,2.8452,93937935.0
2025-01-15 09:00:00,2.8452,2.865,2.7911,2.8052,106671639.0
2025-01-15 10:00:00,2.8052,2.8423,2.8051,2.8174,55028327.0
2025-01-15 11:00:00,2.8174,2.82,2.7122,2.7607,228571787.0
2025-01-15 12:00:00,2.7607,2.7743,2.7254,2.7659,58647786.0
2025-01-15 13:00:00,2.7659,2.8869,2.7643,2.86,358706534.0
2025-01-15 14:00:00,2.86,2.8767,2.8253,2.8634,82563730.0
2025-01-15 15:00:00,2.8634,3.03,2.8454,2.9698,420999772.0
2025-01-15 16:00:00,2.9698,3.0068,2.8812,2.8982,190792756.0
2025-01-15 17:00:00,2.8982,2.9259,2.869,2.8962,110731646.0
2025-01-15 18:00:00,2.8962,2.9505,2.8944,2.9467,46167624.0
2025-01-15 19:00:00,2.9467,2.9691,2.9278,2.9448,53014599.0
2025-01-15 20:00:00,2.9448,2.976,2.9339,2.9669,44938875.0
2025-01-15 21:00:00,2.9669,3.0663,2.9646,3.0475,101519044.0
2025-01-15 22:00:00,3.0475,3.098,3.0157,3.0817,126535240.0
2025-01-15 23:00:00,3.0817,3.2,3.0754,3.1417,255314070.0
2025-01-16 00:00:00,3.1417,3.1488,2.9211,2.9997,413143704.0
2025-01-16 01:00:00,2.9997,3.0843,2.9984,3.0736,106786070.0
2025-01-16 02:00:00,3.0736,3.0851,3.0252,3.038,59373999.0
2025-01-16 03:00:00,3.038,3.0565,2.9821,3.0397,72757808.0
2025-01-16 04:00:00,3.0397,3.0839,3.0391,3.0738,43840766.0
2025-01-16 05:00:00,3.0738,3.0757,3.0476,3.0541,34360819.0
2025-01-16 06:00:00,3.0541,3.1218,3.043,3.1208,65174374.0
2025-01-16 07:00:00,3.1208,3.1492,3.0873,3.0907,81163889.0
2025-01-16 08:00:00,3.0907,3.1132,3.0413,3.0772,115267197.0
2025-01-16 09:00:00,3.0772,3.0869,3.0259,3.0727,64798150.0
2025-01-16 10:00:00,3.0727,3.1109,3.069,3.1105,48971336.0
2025-01-16 11:00:00,3.1105,3.2154,3.0874,3.1966,303104448.0
2025-01-16 12:00:00,3.1966,3.3473,3.1606,3.3373,301681518.0
2025-01-16 13:00:00,3.3373,3.3895,3.2562,3.2974,565916375.0
2025-01-16 14:00:00,3.2974,3.3659,3.1827,3.2197,401062075.0
2025-01-16 15:00:00,3.2197,3.3304,3.2154,3.307,171151722.0
2025-01-16 16:00:00,3.307,3.4,3.3027,3.3798,128280361.0
2025-01-16 17:00:00,3.3798,3.3857,3.3165,3.3502,161753276.0
2025-01-16 18:00:00,3.3502,3.3694,3.3171,3.3489,59203251.0
2025-01-16 19:00:00,3.3489,3.3917,3.3215,3.3493,56317939.0
2025-01-16 20:00:00,3.3493,3.3508,3.2552,3.2903,136382935.0
2025-01-16 21:00:00,3.2903,3.3057,3.24,3.2909,62848936.0
2025-01-16 22:00:00,3.2909,3.2968,3.1998,3.2234,100288132.0
2025-01-16 23:00:00,3.2234,3.2557,3.164,3.2396,77656039.0
2025-01-17 00:00:00,3.2396,3.2918,3.2396,3.2732,78265724.0
2025-01-17 01:00:00,3.2732,3.2917,3.2545,3.2796,33536581.0
2025-01-17 02:00:00,3.2796,3.3476,3.2777,3.3432,54841342.0
2025-01-17 03:00:00,3.3432,3.345,3.2925,3.3074,45575722.0
2025-01-17 04:00:00,3.3074,3.3183,3.2827,3.3074,28299032.0
2025-01-17 05:00:00,3.3074,3.3519,3.3074,3.3229,38519909.0
2025-01-17 06:00:00,3.3229,3.3423,3.3073,3.3402,26567241.0
2025-01-17 07:00:00,3.3402,3.3446,3.2926,3.301,38981078.0
2025-01-17 08:00:00,3.301,3.32,3.2308,3.2657,113062412.0
2025-01-17 09:00:00,3.2657,3.2817,3.2244,3.2746,55183574.0
2025-01-17 10:00:00,3.2746,3.3006,3.2671,3.291,41638370.0
2025-01-17 11:00:00,3.291,3.3267,3.2843,3.2966,41185203.0
2025-01-17 12:00:00,3.2966,3.2967,3.2341,3.2387,77818901.0
2025-01-17 13:00:00,3.2387,3.2607,3.2082,3.2386,65107231.0
2025-01-17 14:00:00,3.2386,3.2685,3.2205,3.2536,85053409.0
2025-01-17 15:00:00,3.2536,3.2639,3.1742,3.1999,125243815.0
2025-01-17 16:00:00,3.1999,3.2585,3.1969,3.2394,61919423.0
2025-01-17 17:00:00,3.2394,3.2531,3.1722,3.187,56909055.0
2025-01-17 18:00:00,3.187,3.2147,3.1754,3.2025,35707629.0
2025-01-17 19:00:00,3.2025,3.2484,3.2025,3.2334,40146126.0
2025-01-17 20:00:00,3.2334,3.286,3.2244,3.2647,54485769.0
2025-01-17 21:00:00,3.2647,3.2944,3.2594,3.2771,37782096.0
2025-01-17 22:00:00,3.2771,3.2872,3.2602,3.2665,18085520.0
2025-01-17 23:00:00,3.2665,3.3167,3.2479,3.2904,44599243.0
2025-01-18 00:00:00,3.2904,3.2979,3.2413,3.2503,38338715.0
2025-01-18 01:00:00,3.2503,3.2511,3.2174,3.246,33129933.0
2025-01-18 02:00:00,3.246,3.287,3.2456,3.2711,33657113.0
2025-01-18 03:00:00,3.2711,3.2783,3.1974,3.2394,51413578.0
2025-01-18 04:00:00,3.2394,3.247,3.185,3.2028,41571780.0
2025-01-18 05:00:00,3.2028,3.2172,3.0729,3.094,201263238.0
2025-01-18 06:00:00,3.094,3.1591,3.0932,3.1458,61599692.0
2025-01-18 07:00:00,3.1458,3.1564,3.0974,3.1158,56532777.0
2025-01-18 08:00:00,3.1158,3.138,3.0634,3.1335,79475662.0
2025-01-18 09:00:00,3.1335,3.1431,3.096,3.1268,35660053.0
2025-01-18 10:00:00,3.1268,3.1346,3.0571,3.1032,64946768.0
2025-01-18 11:00:00,3.1032,3.1834,3.0986,3.1711,70297342.0
2025-01-18 12:00:00,3.1711,3.1817,3.1515,3.1674,32898746.0
2025-01-18 13:00:00,3.1674,3.2478,3.158,3.2389,68079492.0
2025-01-18 14:00:00,3.2389,3.24,3.1941,3.1987,43999839.0
2025-01-18 15:00:00,3.1987,3.22,3.1727,3.1755,34875806.0
2025-01-18 16:00:00,3.1755,3.1864,3.1303,3.1416,71442401.0
2025-01-18 17:00:00,3.1416,3.1878,3.1416,3.154,26683662.0
2025-01-18 18:00:00,3.154,3.205,3.1476,3.1798,24444272.0
2025-01-18 19:00:00,3.1798,3.2168,3.1692,3.21,17063888.0
2025-01-18 20:00:00,3.21,3.2142,3.1699,3.2055,17541974.0
2025-01-18 21:00:00,3.2055,3.2312,3.1955,3.197,19083974.0
2025-01-18 22:00:00,3.197,3.2338,3.1953,3.2179,17532292.0
2025-01-18 23:00:00,3.2179,3.2909,3.2054,3.2698,51281072.0
2025-01-19 00:00:00,3.2698,3.2756,3.2234,3.2677,44677495.0
2025-01-19 01:00:00,3.2677,3.2935,3.2421,3.2794,38263142.0
2025-01-19 02:00:00,3.2794,3.2878,3.2491,3.2548,20191475.0
2025-01-19 03:00:00,3.2548,3.2639,3.2316,3.2495,20275000.0
2025-01-19 04:00:00,3.2495,3.2525,3.1799,3.1799,36364387.0
2025-01-19 05:00:00,3.1799,3.2075,3.1706,3.2031,29331537.0
2025-01-19 06:00:00,3.2031,3.2218,3.1965,3.2011,16409415.0
2025-01-19 07:00:00,3.2011,3.2079,3.171,3.1816,30724930.0
2025-01-19 08:00:00,3.1816,3.1816,3.1109,3.1289,74911709.0
2025-01-19 09:00:00,3.1289,3.1418,3.051,3.1355,125834286.0
2025-01-19 10:00:00,3.1355,3.1374,3.1024,3.1155,31375814.0
2025-01-19 11:00:00,3.1155,3.1203,3.035,3.0532,85752631.0
2025-01-19 12:00:00,3.0532,3.1102,3.053,3.1082,44888780.0
2025-01-19 13:00:00,3.1082,3.1348,3.0957,3.1326,32802940.0
2025-01-19 14:00:00,3.1326,3.1542,3.1131,3.1386,38755368.0
2025-01-19 15:00:00,3.1386,3.1592,3.1125,3.1461,29131041.0
2025-01-19 16:00:00,3.1461,3.1766,3.1129,3.1463,47087569.0
2025-01-19 17:00:00,3.1463,3.1661,3.1258,3.1596,26485150.0
2025-01-19 18:00:00,3.1596,3.1728,3.1439,3.1687,14517451.0
2025-01-19 19:00:00,3.1687,3.2256,3.1588,3.2228,33083299.0
2025-01-19 20:00:00,3.2228,3.2368,3.1771,3.1829,38370451.0
2025-01-19 21:00:00,3.1829,3.1866,3.0618,3.0644,111649655.0
2025-01-19 22:00:00,3.0644,3.1329,2.9078,3.0479,378972351.0
2025-01-19 23:00:00,3.0479,3.0483,2.8326,2.9538,463566181.0
2025-01-20 00:00:00,2.9538,3.0136,2.9061,2.9272,170992954.0
2025-01-20 01:00:00,2.9272,3.0333,2.9257,2.9833,58444235.0
2025-01-20 02:00:00,2.9833,3.1185,2.9805,3.0837,77529448.0
2025-01-20 03:00:00,3.0837,3.1318,3.0663,3.1121,25864257.0
2025-01-20 04:00:00,3.1121,3.1444,3.0724,3.0999,27079133.0
2025-01-20 05:00:00,3.0999,3.1254,3.0776,3.1061,19356877.0
2025-01-20 06:00:00,3.1061,3.222,3.0881,3.1737,80666052.0
2025-01-20 07:00:00,3.1737,3.2549,3.17,3.1998,109491519.0
2025-01-20 08:00:00,3.1998,3.2997,3.1994,3.2668,77714479.0
2025-01-20 09:00:00,3.2668,3.2918,3.2291,3.2555,43011168.0
2025-01-20 10:00:00,3.2555,3.3459,3.2418,3.3181,70227412.0
2025-01-20 11:00:00,3.3181,3.3324,3.2784,3.3269,51472627.0
2025-01-20 12:00:00,3.3269,3.355,3.2051,3.249,193746816.0
2025-01-20 13:00:00,3.249,3.3058,3.2398,3.2946,44345867.0
2025-01-20 14:00:00,3.2946,3.358,3.2619,3.3552,56111199.0
2025-01-20 15:00:00,3.3552,3.373,3.2576,3.2729,94809593.0
2025-01-20 16:00:00,3.2729,3.3232,3.2244,3.3123,83172973.0
2025-01-20 17:00:00,3.3123,3.3163,3.0092,3.1344,828662528.0
2025-01-20 18:00:00,3.1344,3.1996,3.1186,3.1881,44071978.0
2025-01-20 19:00:00,3.1881,3.1946,3.1343,3.152,27527400.0
2025-01-20 20:00:00,3.152,3.1661,3.0857,3.1544,34617723.0
2025-01-20 21:00:00,3.1544,3.1781,3.0639,3.0764,30818645.0
2025-01-20 22:00:00,3.0764,3.1578,3.0298,3.1417,72513495.0
2025-01-20 23:00:00,3.1417,3.1528,3.0815,3.1051,38354332.0
2025-01-21 00:00:00,3.1051,3.1593,3.0724,3.1305,52570949.0
2025-01-21 01:00:00,3.1305,3.1915,3.0847,3.092,62253629.0
2025-01-21 02:00:00,3.092,3.1339,3.0615,3.1216,38505602.0
2025-01-21 03:00:00,3.1216,3.1396,3.088,3.1031,19667449.0
2025-01-21 04:00:00,3.1031,3.1031,3.0396,3.0851,34223788.0
2025-01-21 05:00:00,3.0851,3.1009,3.0239,3.0355,24920950.0
2025-01-21 06:00:00,3.0355,3.0814,3.0136,3.0497,28054143.0
2025-01-21 07:00:00,3.0497,3.0933,3.0364,3.0681,25201373.0
2025-01-21 08:00:00,3.0681,3.0946,3.0418,3.0769,24718016.0
2025-01-21 09:00:00,3.0769,3.1115,3.06,3.0942,25990084.0
2025-01-21 10:00:00,3.0942,3.1141,3.0797,3.1057,25716882.0
2025-01-21 11:00:00,3.1057,3.1219,3.0785,3.1078,29331827.0
2025-01-21 12:00:00,3.1078,3.1514,3.1006,3.1293,39883123.0
2025-01-21 13:00:00,3.1293,3.1482,3.112,3.1347,33544987.0
2025-01-21 14:00:00,3.1347,3.1487,3.0919,3.101,38550833.0
2025-01-21 15:00:00,3.101,3.132,3.0771,3.12,24900282.0
2025-01-21 16:00:00,3.12,3.1886,3.1165,3.1734,39662201.0
2025-01-21 17:00:00,3.1734,3.2318,3.1669,3.224,31283783.0
2025-01-21 18:00:00,3.224,3.24,3.198,3.2091,35482293.0
2025-01-21 19:00:00,3.2091,3.2097,3.1753,3.1999,26065938.0
2025-01-21 20:00:00,3.1999,3.2023,3.1775,3.1975,11896920.0
2025-01-21 21:00:00,3.1975,3.2,3.1693,3.1829,14855370.0
2025-01-21 22:00:00,3.1829,3.1879,3.1622,3.1699,12031673.0
2025-01-21 23:00:00,3.1699,3.1744,3.1389,3.1732,28434300.0
2025-01-22 00:00:00,3.1732,3.2,3.1621,3.1952,19631736.0
2025-01-22 01:00:00,3.1952,3.2069,3.1803,3.1926,16824177.0
2025-01-22 02:00:00,3.1926,3.1966,3.1727,3.1899,8658833.0
2025-01-22 03:00:00,3.1899,3.1916,3.168,3.1761,8658891.0
2025-01-22 04:00:00,3.1761,3.1818,3.1504,3.1656,13071785.0
2025-01-22 05:00:00,3.1656,3.1798,3.1601,3.1614,10331200.0
2025-01-22 06:00:00,3.1614,3.1897,3.1569,3.1677,20743675.0
2025-01-22 07:00:00,3.1677,3.1781,3.152,3.1714,14711073.0
2025-01-22 08:00:00,3.1714,3.1733,3.1407,3.1712,18239262.0
2025-01-22 09:00:00,3.1712,3.1766,3.1595,3.17,13427474.0
2025-01-22 10:00:00,3.17,3.17,3.1502,3.1655,10636492.0
2025-01-22 11:00:00,3.1655,3.2361,3.1617,3.2341,34641385.0
2025-01-22 12:00:00,3.2341,3.2615,3.225,3.2269,52221524.0
2025-01-22 13:00:00,3.2269,3.2282,3.1672,3.1797,53130525.0
2025-01-22 14:00:00,3.1797,3.2007,3.1569,3.175,36448684.0
2025-01-22 15:00:00,3.175,3.1947,3.1511,3.1608,27568118.0
2025-01-22 16:00:00,3.1608,3.1696,3.1409,3.166,20695387.0
2025-01-22 17:00:00,3.166,3.192,3.1613,3.1876,15907369.0
2025-01-22 18:00:00,3.1876,3.1927,3.126,3.1402,24054359.0
2025-01-22 19:00:00,3.1402,3.2673,3.1402,3.2252,147799518.0
2025-01-22 20:00:00,3.2252,3.2865,3.209,3.2194,61016016.0
2025-01-22 21:00:00,3.2194,3.2256,3.1656,3.1698,41303579.0
2025-01-22 22:00:00,3.1698,3.1965,3.1535,3.164,16732077.0
2025-01-22 23:00:00,3.164,3.1791,3.1507,3.1791,10382069.0
2025-01-23 00:00:00,3.1791,3.1824,3.1603,3.1638,9566884.0
2025-01-23 01:00:00,3.1638,3.1737,3.1415,3.1509,19594976.0
2025-01-23 02:00:00,3.1509,3.1538,3.1139,3.1464,23602994.0
2025-01-23 03:00:00,3.1464,3.1675,3.1387,3.1511,11247676.0
2025-01-23 04:00:00,3.1511,3.1547,3.1057,3.114,20965717.0
2025-01-23 05:00:00,3.114,3.1416,3.1133,3.138,12813184.0
2025-01-23 06:00:00,3.138,3.1465,3.12,3.1223,10185951.0
2025-01-23 07:00:00,3.1223,3.1314,3.0956,3.1288,27126430.0
2025-01-23 08:00:00,3.1288,3.1312,3.091,3.1004,19594578.0
2025-01-23 09:00:00,3.1004,3.1175,3.0814,3.092,17410234.0
2025-01-23 10:00:00,3.092,3.1044,3.0763,3.0865,14786813.0
2025-01-23 11:00:00,3.0865,3.093,3.06,3.0844,20833932.0
2025-01-23 12:00:00,3.0844,3.0844,3.0503,3.0531,18955120.0
2025-01-23 13:00:00,3.0531,3.1011,3.0364,3.0844,41532194.0
2025-01-23 14:00:00,3.0844,3.1626,3.0751,3.1515,55452724.0
2025-01-23 15:00:00,3.1515,3.1585,3.0936,3.1332,78837536.0
2025-01-23 16:00:00,3.1332,3.1834,3.117,3.1224,58826651.0
2025-01-23 17:00:00,3.1224,3.1312,3.0903,3.124,25015482.0
2025-01-23 18:00:00,3.124,3.1273,3.0901,3.0912,18441106.0
2025-01-23 19:00:00,3.0912,3.0944,3.0572,3.0786,27281607.0
2025-01-23 20:00:00,3.0786,3.1743,3.0702,3.0976,107892255.0
2025-01-23 21:00:00,3.0976,3.1032,3.0561,3.0767,30335101.0
2025-01-23 22:00:00,3.0767,3.1282,3.0705,3.1185,18275864.0
2025-01-23 23:00:00,3.1185,3.144,3.1128,3.1184,15235077.0
2025-01-24 00:00:00,3.1184,3.122,3.0749,3.0776,16429890.0
2025-01-24 01:00:00,3.0776,3.1027,3.0651,3.074,15969778.0
2025-01-24 02:00:00,3.074,3.0814,3.0523,3.0529,15143722.0
2025-01-24 03:00:00,3.0529,3.1311,3.0529,3.1196,63094634.0
2025-01-24 04:00:00,3.1196,3.1622,3.111,3.1593,21926904.0
2025-01-24 05:00:00,3.1593,3.1735,3.1446,3.1706,18262568.0
2025-01-24 06:00:00,3.1706,3.1746,3.1482,3.1498,17875343.0
2025-01-24 07:00:00,3.1498,3.17,3.1414,3.1649,15857930.0
2025-01-24 08:00:00,3.1649,3.1824,3.1606,3.1797,15373516.0
2025-01-24 09:00:00,3.1797,3.1953,3.1702,3.1813,21488305.0
2025-01-24 10:00:00,3.1813,3.2013,3.1669,3.1946,21322718.0
2025-01-24 11:00:00,3.1946,3.2015,3.1822,3.1967,13751158.0
2025-01-24 12:00:00,3.1967,3.2032,3.1755,3.1923,18164160.0
2025-01-24 13:00:00,3.1923,3.194,3.17,3.1802,11570552.0
2025-01-24 14:00:00,3.1802,3.1944,3.1644,3.1812,18235706.0
2025-01-24 15:00:00,3.1812,3.188,3.1355,3.1646,32133738.0
2025-01-24 16:00:00,3.1646,3.1705,3.1471,3.1506,11380059.0
2025-01-24 17:00:00,3.1506,3.1627,3.1302,3.1502,14250002.0
2025-01-24 18:00:00,3.1502,3.1638,3.1442,3.1474,10068264.0
2025-01-24 19:00:00,3.1474,3.1544,3.1304,3.1396,9891709.0
2025-01-24 20:00:00,3.1396,3.1431,3.1,3.1042,19709191.0
2025-01-24 21:00:00,3.1042,3.1273,3.1009,3.1074,11687062.0
2025-01-24 22:00:00,3.1074,3.1137,3.0901,3.0928,14062390.0
2025-01-24 23:00:00,3.0928,3.1052,3.081,3.0997,12522344.0
2025-01-25 00:00:00,3.0997,3.1195,3.0943,3.0981,18031368.0
2025-01-25 01:00:00,3.0981,3.129,3.0958,3.1199,14207438.0
2025-01-25 02:00:00,3.1199,3.1237,3.1082,3.1175,5508233.0
2025-01-25 03:00:00,3.1175,3.1328,3.1116,3.1317,7559751.0
2025-01-25 04:00:00,3.1317,3.1353,3.113,3.1147,5471221.0
2025-01-25 05:00:00,3.1147,3.1159,3.0988,3.1066,11560098.0
2025-01-25 06:00:00,3.1066,3.1075,3.0918,3.1007,9326891.0
2025-01-25 07:00:00,3.1007,3.1073,3.0948,3.1072,5486310.0
2025-01-25 08:00:00,3.1072,3.1099,3.0933,3.1,6030805.0
2025-01-25 09:00:00,3.1,3.1059,3.0941,3.0981,4898856.0
2025-01-25 10:00:00,3.0981,3.101,3.0762,3.0981,18373798.0
2025-01-25 11:00:00,3.0981,3.1153,3.0962,3.1136,8877257.0
2025-01-25 12:00:00,3.1136,3.1201,3.1051,3.12,7457527.0
2025-01-25 13:00:00,3.12,3.1266,3.1095,3.1136,11598440.0
2025-01-25 14:00:00,3.1136,3.1197,3.1018,3.1117,10021587.0
2025-01-25 15:00:00,3.1117,3.1424,3.1107,3.1394,23368933.0
2025-01-25 16:00:00,3.1394,3.1442,3.1174,3.1268,16831413.0
2025-01-25 17:00:00,3.1268,3.1283,3.1108,3.119,7591501.0
2025-01-25 18:00:00,3.119,3.1276,3.1115,3.1234,8586943.0
2025-01-25 19:00:00,3.1234,3.1327,3.1176,3.1247,8204453.0
2025-01-25 20:00:00,3.1247,3.1318,3.1191,3.12,5728678.0
2025-01-25 21:00:00,3.12,3.1379,3.118,3.1348,7470708.0
2025-01-25 22:00:00,3.1348,3.1416,3.1219,3.1232,9353653.0
2025-01-25 23:00:00,3.1232,3.1276,3.1031,3.1065,10405936.0
2025-01-26 00:00:00,3.1065,3.1251,3.1033,3.1195,7105835.0
2025-01-26 01:00:00,3.1195,3.1296,3.1158,3.1292,5497627.0
2025-01-26 02:00:00,3.1292,3.1292,3.1093,3.1171,7671319.0
2025-01-26 03:00:00,3.1171,3.1429,3.1171,3.1338,11291447.0
2025-01-26 04:00:00,3.1338,3.144,3.1308,3.1321,7719039.0
2025-01-26 05:00:00,3.1321,3.135,3.1233,3.1301,7391778.0
2025-01-26 06:00:00,3.1301,3.1355,3.1264,3.1318,4588466.0
2025-01-26 07:00:00,3.1318,3.1425,3.1313,3.142,6351448.0
2025-01-26 08:00:00,3.142,3.1435,3.129,3.1348,8101819.0
2025-01-26 09:00:00,3.1348,3.135,3.1095,3.1143,18329441.0
2025-01-26 10:00:00,3.1143,3.1241,3.1116,3.124,12195599.0
2025-01-26 11:00:00,3.124,3.1353,3.1215,3.1302,9058869.0
2025-01-26 12:00:00,3.1302,3.1302,3.1148,3.1239,9048011.0
2025-01-26 13:00:00,3.1239,3.1261,3.1155,3.1196,6829204.0
2025-01-26 14:00:00,3.1196,3.1197,3.1115,3.1155,8567102.0
2025-01-26 15:00:00,3.1155,3.1203,3.1124,3.1144,5162096.0
2025-01-26 16:00:00,3.1144,3.1208,3.1049,3.1167,9397696.0
2025-01-26 17:00:00,3.1167,3.1218,3.1101,3.1183,5580603.0
2025-01-26 18:00:00,3.1183,3.1318,3.1141,3.1312,8357144.0
2025-01-26 19:00:00,3.1312,3.1375,3.1243,3.1306,9227319.0
2025-01-26 20:00:00,3.1306,3.1316,3.1218,3.1244,4650888.0
2025-01-26 21:00:00,3.1244,3.1258,3.0955,3.0967,20820011.0
2025-01-26 22:00:00,3.0967,3.0978,3.0698,3.0804,33656513.0
2025-01-26 23:00:00,3.0804,3.0804,3.0098,3.0202,77805989.0
2025-01-27 00:00:00,3.0202,3.0369,2.966,2.9876,107031903.0
2025-01-27 01:00:00,2.9876,3.0119,2.9563,2.9786,42280595.0
2025-01-27 02:00:00,2.9786,2.9851,2.9382,2.9764,50744796.0
2025-01-27 03:00:00,2.9764,3.0174,2.9684,3.0026,26510362.0
2025-01-27 04:00:00,3.0026,3.0034,2.956,2.9612,15920326.0
2025-01-27 05:00:00,2.9612,2.9657,2.9015,2.9334,43743623.0
2025-01-27 06:00:00,2.9334,2.9471,2.8378,2.8565,105809010.0
2025-01-27 07:00:00,2.8565,2.8735,2.6479,2.809,556992922.0
2025-01-27 08:00:00,2.809,2.8111,2.7145,2.7912,126927134.0
2025-01-27 09:00:00,2.7912,2.8319,2.7732,2.8265,56822922.0
2025-01-27 10:00:00,2.8265,2.8275,2.747,2.76,40807367.0
2025-01-27 11:00:00,2.76,2.8233,2.7599,2.7868,36249748.0
2025-01-27 12:00:00,2.7868,2.8809,2.7681,2.8769,66953162.0
2025-01-27 13:00:00,2.8769,2.9211,2.8563,2.8661,83350583.0
2025-01-27 14:00:00,2.8661,2.9632,2.8534,2.9506,106172747.0
2025-01-27 15:00:00,2.9506,2.993,2.9346,2.9538,109231369.0
2025-01-27 16:00:00,2.9538,3.0242,2.912,2.9226,90863583.0
2025-01-27 17:00:00,2.9226,2.944,2.8873,2.9128,36101306.0
2025-01-27 18:00:00,2.9128,2.9335,2.8766,2.8904,21353997.0
2025-01-27 19:00:00,2.8904,2.9275,2.8896,2.9145,20711319.0
2025-01-27 20:00:00,2.9145,3.0055,2.9136,3.0003,36523083.0
2025-01-27 21:00:00,3.0003,3.0574,2.9932,3.0117,61483348.0
2025-01-27 22:00:00,3.0117,3.0413,3.0,3.0314,18681274.0
2025-01-27 23:00:00,3.0314,3.0571,3.0172,3.0532,17408274.0
2025-01-28 00:00:00,3.0532,3.092,3.0293,3.0363,35666259.0
2025-01-28 01:00:00,3.0363,3.0404,3.004,3.019,18430752.0
2025-01-28 02:00:00,3.019,3.0621,3.018,3.0604,15372715.0
2025-01-28 03:00:00,3.0604,3.0941,3.0408,3.087,22990425.0
2025-01-28 04:00:00,3.087,3.1484,3.0831,3.1182,36266617.0
2025-01-28 05:00:00,3.1182,3.1251,3.0885,3.1029,25754694.0
2025-01-28 06:00:00,3.1029,3.1187,3.0928,3.1006,18675395.0
2025-01-28 07:00:00,3.1006,3.1215,3.091,3.1059,20869213.0
2025-01-28 08:00:00,3.1059,3.1154,3.0913,3.1031,15951845.0
2025-01-28 09:00:00,3.1031,3.1123,3.0704,3.0999,24517963.0
2025-01-28 10:00:00,3.0999,3.1375,3.0999,3.1153,32435657.0
2025-01-28 11:00:00,3.1153,3.143,3.1084,3.1347,25516884.0
2025-01-28 12:00:00,3.1347,3.1966,3.127,3.1694,71214221.0
2025-01-28 13:00:00,3.1694,3.185,3.1419,3.1484,38877713.0
2025-01-28 14:00:00,3.1484,3.1752,3.1138,3.158,60386317.0
2025-01-28 15:00:00,3.158,3.214,3.1553,3.1834,84240619.0
2025-01-28 16:00:00,3.1834,3.1976,3.1555,3.177,40283980.0
2025-01-28 17:00:00,3.177,3.188,3.1453,3.1542,39059843.0
2025-01-28 18:00:00,3.1542,3.1777,3.1299,3.1366,26732447.0
2025-01-28 19:00:00,3.1366,3.1477,3.1208,3.1365,27156349.0
2025-01-28 20:00:00,3.1365,3.1387,3.0722,3.0779,45955402.0
2025-01-28 21:00:00,3.0779,3.1028,3.0141,3.016,49305325.0
2025-01-28 22:00:00,3.016,3.0796,3.0126,3.0737,57290732.0
2025-01-28 23:00:00,3.0737,3.0837,3.0364,3.0568,28457911.0
2025-01-29 00:00:00,3.0568,3.0935,3.0541,3.0743,20958354.0
2025-01-29 01:00:00,3.0743,3.0867,3.0604,3.0666,13092519.0
2025-01-29 02:00:00,3.0666,3.0952,3.0574,3.0637,13909401.0
2025-01-29 03:00:00,3.0637,3.0901,3.0615,3.0822,9627312.0
2025-01-29 04:00:00,3.0822,3.0937,3.0721,3.0919,9528028.0
2025-01-29 05:00:00,3.0919,3.1194,3.0854,3.1178,20031160.0
2025-01-29 06:00:00,3.1178,3.1233,3.1083,3.1162,16444266.0
2025-01-29 07:00:00,3.1162,3.1165,3.0948,3.1047,14549462.0
2025-01-29 08:00:00,3.1047,3.1267,3.0968,3.1023,15923902.0
2025-01-29 09:00:00,3.1023,3.1043,3.071,3.0792,27318727.0
2025-01-29 10:00:00,3.0792,3.098,3.071,3.0883,13377096.0
2025-01-29 11:00:00,3.0883,3.0976,3.0797,3.0846,7519468.0
2025-01-29 12:00:00,3.0846,3.0983,3.0606,3.0625,19694357.0
2025-01-29 13:00:00,3.0625,3.0655,3.0239,3.0575,43993646.0
2025-01-29 14:00:00,3.0575,3.0761,3.045,3.0606,27582386.0
2025-01-29 15:00:00,3.0606,3.0794,3.0519,3.0634,19266406.0
2025-01-29 16:00:00,3.0634,3.0644,3.0239,3.0394,22852955.0
2025-01-29 17:00:00,3.0394,3.0689,3.0378,3.0405,19213941.0
2025-01-29 18:00:00,3.0405,3.0655,3.0157,3.0637,21060389.0
2025-01-29 19:00:00,3.0637,3.127,2.9652,3.0715,318716289.0
2025-01-29 20:00:00,3.0715,3.1353,3.0326,3.0956,93281450.0
2025-01-29 21:00:00,3.0956,3.1131,3.0721,3.0901,27581312.0
2025-01-29 22:00:00,3.0901,3.1017,3.0736,3.0784,14833718.0
