date,open,high,low,close,volume
2023-12-31 23:00:00,6.796,6.899,6.74,6.839,55392.7
2023-12-31 23:30:00,6.839,6.962,6.803,6.918,74841.1
2024-01-01 00:00:00,6.918,6.954,6.739,6.774,96901.2
2024-01-01 00:30:00,6.774,6.875,6.751,6.862,44269.9
2024-01-01 01:00:00,6.862,6.862,6.765,6.824,27369.8
2024-01-01 01:30:00,6.824,6.924,6.79,6.912,31536.2
2024-01-01 02:00:00,6.912,7.043,6.873,7.0,34176.3
2024-01-01 02:30:00,7.0,7.167,6.993,7.087,63258.2
2024-01-01 03:00:00,7.087,7.089,6.926,7.001,45520.7
2024-01-01 03:30:00,7.001,7.007,6.845,6.88,83028.8
2024-01-01 04:00:00,6.88,6.985,6.762,6.822,93562.3
2024-01-01 04:30:00,6.822,6.856,6.734,6.814,60444.4
2024-01-01 05:00:00,6.814,6.898,6.804,6.856,43224.0
2024-01-01 05:30:00,6.856,6.902,6.783,6.823,46439.2
2024-01-01 06:00:00,6.823,7.017,6.818,7.003,42518.1
2024-01-01 06:30:00,7.003,7.095,6.988,6.993,51746.9
2024-01-01 07:00:00,6.993,7.055,6.912,6.966,32275.2
2024-01-01 07:30:00,6.966,6.989,6.875,6.983,37309.8
2024-01-01 08:00:00,6.983,7.155,6.974,7.127,97156.8
2024-01-01 08:30:00,7.127,7.167,7.03,7.148,72592.9
2024-01-01 09:00:00,7.148,7.3,7.144,7.212,114685.9
2024-01-01 09:30:00,7.212,7.242,7.069,7.138,135948.2
2024-01-01 10:00:00,7.138,7.242,7.09,7.201,42995.3
2024-01-01 10:30:00,7.201,7.229,7.109,7.202,61387.1
2024-01-01 11:00:00,7.202,7.337,7.186,7.33,116266.4
2024-01-01 11:30:00,7.33,7.45,7.284,7.418,269256.1
2024-01-01 12:00:00,7.418,7.419,7.26,7.303,136304.4
2024-01-01 12:30:00,7.303,7.368,7.236,7.253,120312.6
2024-01-01 13:00:00,7.253,7.389,7.218,7.353,96858.5
2024-01-01 13:30:00,7.353,7.555,7.316,7.501,206056.5
2024-01-01 14:00:00,7.501,7.629,7.455,7.621,213294.4
2024-01-01 14:30:00,7.621,7.899,7.568,7.853,327225.7
2024-01-01 15:00:00,7.853,8.122,7.745,7.915,493435.2
2024-01-01 15:30:00,7.915,7.919,7.69,7.858,263480.8
2024-01-01 16:00:00,7.858,7.984,7.61,7.686,323262.8
2024-01-01 16:30:00,7.686,7.798,7.56,7.746,243460.5
2024-01-01 17:00:00,7.746,7.817,7.66,7.789,126389.2
2024-01-01 17:30:00,7.789,7.789,7.63,7.743,51607.7
2024-01-01 18:00:00,7.743,7.77,7.601,7.638,100832.6
2024-01-01 18:30:00,7.638,7.651,7.522,7.57,65519.3
2024-01-01 19:00:00,7.57,7.653,7.478,7.621,104496.8
2024-01-01 19:30:00,7.621,7.709,7.568,7.69,207791.9
2024-01-01 20:00:00,7.69,7.712,7.599,7.62,32296.9
2024-01-01 20:30:00,7.62,7.638,7.512,7.536,30747.7
2024-01-01 21:00:00,7.536,7.652,7.516,7.647,12708.4
2024-01-01 21:30:00,7.647,7.737,7.608,7.691,52880.6
2024-01-01 22:00:00,7.691,7.73,7.634,7.65,50115.3
2024-01-01 22:30:00,7.65,7.711,7.613,7.665,35316.8
2024-01-01 23:00:00,7.665,7.669,7.561,7.588,44143.4
2024-01-01 23:30:00,7.588,7.697,7.574,7.579,35643.5
2024-01-02 00:00:00,7.579,7.579,7.37,7.472,126087.5
2024-01-02 00:30:00,7.472,7.696,7.468,7.691,54299.0
2024-01-02 01:00:00,7.691,7.744,7.512,7.576,76278.5
2024-01-02 01:30:00,7.576,7.842,7.576,7.812,51939.5
2024-01-02 02:00:00,7.812,7.812,7.632,7.685,44783.0
2024-01-02 02:30:00,7.685,7.735,7.648,7.695,38557.5
2024-01-02 03:00:00,7.695,7.712,7.559,7.61,38128.5
2024-01-02 03:30:00,7.61,7.625,7.541,7.552,21661.9
2024-01-02 04:00:00,7.552,7.591,7.509,7.523,40675.4
2024-01-02 04:30:00,7.523,7.586,7.492,7.501,45606.4
2024-01-02 05:00:00,7.501,7.568,7.463,7.547,31074.8
2024-01-02 05:30:00,7.547,7.554,7.464,7.54,16697.0
2024-01-02 06:00:00,7.54,7.555,7.488,7.551,16621.2
2024-01-02 06:30:00,7.551,7.658,7.524,7.621,39963.8
2024-01-02 07:00:00,7.621,7.676,7.595,7.62,30594.3
2024-01-02 07:30:00,7.62,7.7,7.595,7.631,26927.4
2024-01-02 08:00:00,7.631,7.8,7.631,7.724,80790.0
2024-01-02 08:30:00,7.724,7.766,7.632,7.761,59135.9
2024-01-02 09:00:00,7.761,7.776,7.691,7.705,30694.6
2024-01-02 09:30:00,7.705,7.736,7.64,7.699,42794.4
2024-01-02 10:00:00,7.699,7.7,7.531,7.562,72717.4
2024-01-02 10:30:00,7.562,7.729,7.562,7.672,50942.3
2024-01-02 11:00:00,7.672,7.846,7.633,7.759,54874.9
2024-01-02 11:30:00,7.759,7.893,7.666,7.8,98061.8
2024-01-02 12:00:00,7.8,7.817,7.67,7.696,38933.2
2024-01-02 12:30:00,7.696,7.748,7.63,7.665,71338.7
2024-01-02 13:00:00,7.665,7.772,7.611,7.621,66694.6
2024-01-02 13:30:00,7.621,7.677,7.56,7.602,49726.3
2024-01-02 14:00:00,7.602,7.686,7.572,7.66,38896.5
2024-01-02 14:30:00,7.66,7.689,7.209,7.382,236682.7
2024-01-02 15:00:00,7.382,7.459,7.333,7.417,55662.5
2024-01-02 15:30:00,7.417,7.469,7.348,7.387,26491.1
2024-01-02 16:00:00,7.387,7.427,7.276,7.396,47800.6
2024-01-02 16:30:00,7.396,7.455,7.351,7.4,24457.3
2024-01-02 17:00:00,7.4,7.4,7.344,7.371,24433.6
2024-01-02 17:30:00,7.371,7.375,7.246,7.305,54462.1
2024-01-02 18:00:00,7.305,7.359,7.284,7.35,34651.8
2024-01-02 18:30:00,7.35,7.372,7.271,7.272,18957.8
2024-01-02 19:00:00,7.272,7.325,7.18,7.245,51006.4
2024-01-02 19:30:00,7.245,7.278,7.197,7.242,26256.8
2024-01-02 20:00:00,7.242,7.298,7.214,7.221,13156.4
2024-01-02 20:30:00,7.221,7.221,7.113,7.146,60892.9
2024-01-02 21:00:00,7.146,7.198,7.113,7.149,21512.3
2024-01-02 21:30:00,7.149,7.197,7.135,7.194,15700.3
2024-01-02 22:00:00,7.194,7.251,7.179,7.21,24554.1
2024-01-02 22:30:00,7.21,7.222,7.179,7.209,7133.0
2024-01-02 23:00:00,7.209,7.212,7.159,7.193,10163.4
2024-01-02 23:30:00,7.193,7.193,7.126,7.178,11369.0
2024-01-03 00:00:00,7.178,7.261,7.147,7.163,36272.7
2024-01-03 00:30:00,7.163,7.266,7.163,7.243,12869.3
2024-01-03 01:00:00,7.243,7.268,7.221,7.242,13803.5
2024-01-03 01:30:00,7.242,7.318,7.235,7.257,19868.2
2024-01-03 02:00:00,7.257,7.305,7.242,7.25,26556.9
2024-01-03 02:30:00,7.25,7.261,7.185,7.212,19225.9
2024-01-03 03:00:00,7.212,7.293,7.212,7.282,20951.3
2024-01-03 03:30:00,7.282,7.294,7.251,7.274,13867.7
2024-01-03 04:00:00,7.274,7.508,7.259,7.455,47214.9
2024-01-03 04:30:00,7.455,7.541,7.429,7.534,48785.4
2024-01-03 05:00:00,7.534,7.745,7.51,7.702,69184.4
2024-01-03 05:30:00,7.702,7.706,7.569,7.607,70497.1
2024-01-03 06:00:00,7.607,7.66,7.54,7.59,44541.6
2024-01-03 06:30:00,7.59,7.65,7.559,7.582,14883.8
2024-01-03 07:00:00,7.582,7.631,7.549,7.57,20747.2
2024-01-03 07:30:00,7.57,7.573,7.378,7.434,57108.9
2024-01-03 08:00:00,7.434,7.542,7.432,7.504,48304.7
2024-01-03 08:30:00,7.504,7.531,7.467,7.524,24919.3
2024-01-03 09:00:00,7.524,7.592,7.507,7.54,27661.0
2024-01-03 09:30:00,7.54,7.54,7.463,7.467,26483.3
2024-01-03 10:00:00,7.467,7.509,7.432,7.456,40187.8
2024-01-03 10:30:00,7.456,7.466,7.386,7.447,32597.8
2024-01-03 11:00:00,7.447,7.46,7.26,7.281,71006.1
2024-01-03 11:30:00,7.281,7.336,6.927,7.063,203414.2
2024-01-03 12:00:00,7.063,7.067,5.4,6.479,748322.0
2024-01-03 12:30:00,6.479,6.725,6.343,6.709,155892.9
2024-01-03 13:00:00,6.709,6.751,6.544,6.549,103437.9
2024-01-03 13:30:00,6.549,6.633,6.405,6.532,75332.3
2024-01-03 14:00:00,6.532,6.539,6.195,6.355,111452.2
2024-01-03 14:30:00,6.355,6.458,6.319,6.344,53724.1
2024-01-03 15:00:00,6.344,6.459,6.327,6.375,36343.3
2024-01-03 15:30:00,6.375,6.547,6.349,6.547,34302.0
2024-01-03 16:00:00,6.547,6.585,6.462,6.53,47677.9
2024-01-03 16:30:00,6.53,6.53,6.36,6.421,47194.2
2024-01-03 17:00:00,6.421,6.452,6.255,6.291,70095.9
2024-01-03 17:30:00,6.291,6.305,6.218,6.26,44632.0
2024-01-03 18:00:00,6.26,6.319,6.232,6.253,67411.6
2024-01-03 18:30:00,6.253,6.278,5.983,6.103,156107.6
2024-01-03 19:00:00,6.103,6.291,6.1,6.267,37669.4
2024-01-03 19:30:00,6.267,6.296,6.223,6.226,22587.3
2024-01-03 20:00:00,6.226,6.345,6.217,6.336,10694.5
2024-01-03 20:30:00,6.336,6.391,6.324,6.383,17313.7
2024-01-03 21:00:00,6.383,6.443,6.342,6.433,14034.7
2024-01-03 21:30:00,6.433,6.433,6.363,6.383,24168.2
2024-01-03 22:00:00,6.383,6.392,6.294,6.307,19137.6
2024-01-03 22:30:00,6.307,6.341,6.266,6.317,12308.2
2024-01-03 23:00:00,6.317,6.317,6.234,6.285,14237.6
2024-01-03 23:30:00,6.285,6.295,6.253,6.293,14487.0
2024-01-04 00:00:00,6.293,6.382,6.234,6.332,11138.0
2024-01-04 00:30:00,6.332,6.38,6.318,6.346,38753.9
2024-01-04 01:00:00,6.346,6.375,6.158,6.199,40212.5
2024-01-04 01:30:00,6.199,6.297,6.197,6.245,30472.3
2024-01-04 02:00:00,6.245,6.41,6.242,6.406,20227.4
2024-01-04 02:30:00,6.406,6.444,6.362,6.428,14384.5
2024-01-04 03:00:00,6.428,6.433,6.366,6.382,14763.7
2024-01-04 03:30:00,6.382,6.415,6.361,6.378,5170.1
2024-01-04 04:00:00,6.378,6.422,6.341,6.407,23238.4
2024-01-04 04:30:00,6.407,6.439,6.371,6.421,42908.7
2024-01-04 05:00:00,6.421,6.426,6.337,6.356,13025.6
2024-01-04 05:30:00,6.356,6.442,6.348,6.391,9703.0
2024-01-04 06:00:00,6.391,6.414,6.358,6.383,15013.4
2024-01-04 06:30:00,6.383,6.433,6.372,6.384,17741.6
2024-01-04 07:00:00,6.384,6.417,6.338,6.363,10703.9
2024-01-04 07:30:00,6.363,6.397,6.301,6.308,35546.3
2024-01-04 08:00:00,6.308,6.362,6.241,6.324,45198.2
2024-01-04 08:30:00,6.324,6.34,6.255,6.325,15331.7
2024-01-04 09:00:00,6.325,6.39,6.31,6.374,10702.6
2024-01-04 09:30:00,6.374,6.419,6.35,6.386,13741.5
2024-01-04 10:00:00,6.386,6.419,6.259,6.29,15946.8
2024-01-04 10:30:00,6.29,6.384,6.29,6.37,22985.4
2024-01-04 11:00:00,6.37,6.447,6.362,6.445,14614.9
2024-01-04 11:30:00,6.445,6.483,6.378,6.391,40942.9
2024-01-04 12:00:00,6.391,6.483,6.376,6.423,37122.0
2024-01-04 12:30:00,6.423,6.45,6.401,6.432,12416.1
2024-01-04 13:00:00,6.432,6.439,6.379,6.386,22679.4
2024-01-04 13:30:00,6.386,6.46,6.342,6.417,19422.8
2024-01-04 14:00:00,6.417,6.419,6.374,6.384,14445.1
2024-01-04 14:30:00,6.384,6.505,6.368,6.502,38275.5
2024-01-04 15:00:00,6.502,6.538,6.435,6.534,51753.1
2024-01-04 15:30:00,6.534,6.646,6.49,6.625,71813.0
2024-01-04 16:00:00,6.625,6.632,6.503,6.515,35180.5
2024-01-04 16:30:00,6.515,6.547,6.49,6.524,21453.3
2024-01-04 17:00:00,6.524,6.576,6.499,6.528,21558.6
2024-01-04 17:30:00,6.528,6.54,6.475,6.52,23806.1
2024-01-04 18:00:00,6.52,6.576,6.52,6.547,9445.6
2024-01-04 18:30:00,6.547,6.593,6.524,6.551,20120.1
2024-01-04 19:00:00,6.551,6.622,6.526,6.614,30705.3
2024-01-04 19:30:00,6.614,6.625,6.507,6.516,22262.5
2024-01-04 20:00:00,6.516,6.592,6.512,6.579,18520.8
2024-01-04 20:30:00,6.579,6.628,6.542,6.552,12051.5
2024-01-04 21:00:00,6.552,6.61,6.55,6.568,7811.8
2024-01-04 21:30:00,6.568,6.587,6.485,6.533,16279.4
2024-01-04 22:00:00,6.533,6.579,6.511,6.512,22416.7
2024-01-04 22:30:00,6.512,6.512,6.417,6.498,36273.1
2024-01-04 23:00:00,6.498,6.528,6.472,6.518,5360.8
2024-01-04 23:30:00,6.518,6.522,6.47,6.49,5877.4
2024-01-05 00:00:00,6.49,6.546,6.461,6.525,4312.8
2024-01-05 00:30:00,6.525,6.525,6.442,6.47,17909.6
2024-01-05 01:00:00,6.47,6.491,6.35,6.368,66005.8
2024-01-05 01:30:00,6.368,6.414,6.019,6.244,85125.1
2024-01-05 02:00:00,6.244,6.32,6.195,6.204,37381.5
2024-01-05 02:30:00,6.204,6.309,6.203,6.275,21626.8
2024-01-05 03:00:00,6.275,6.326,6.272,6.299,16014.8
2024-01-05 03:30:00,6.299,6.317,6.282,6.298,5868.7
2024-01-05 04:00:00,6.298,6.324,6.265,6.301,6186.3
2024-01-05 04:30:00,6.301,6.317,6.272,6.279,4516.8
2024-01-05 05:00:00,6.279,6.328,6.265,6.324,11127.5
2024-01-05 05:30:00,6.324,6.331,6.248,6.267,18429.9
2024-01-05 06:00:00,6.267,6.273,6.211,6.212,13433.6
2024-01-05 06:30:00,6.212,6.285,6.206,6.265,11169.1
2024-01-05 07:00:00,6.265,6.288,6.218,6.261,15102.4
2024-01-05 07:30:00,6.261,6.267,6.2,6.207,9898.5
2024-01-05 08:00:00,6.207,6.258,6.202,6.247,8206.8
2024-01-05 08:30:00,6.247,6.25,6.15,6.18,33284.0
2024-01-05 09:00:00,6.18,6.263,6.18,6.219,27509.7
2024-01-05 09:30:00,6.219,6.282,6.216,6.243,13816.7
2024-01-05 10:00:00,6.243,6.253,6.192,6.204,18487.7
2024-01-05 10:30:00,6.204,6.204,6.023,6.095,82021.0
2024-01-05 11:00:00,6.095,6.145,6.068,6.126,48708.2
2024-01-05 11:30:00,6.126,6.131,5.986,6.03,144851.2
2024-01-05 12:00:00,6.03,6.094,5.94,6.08,51048.5
2024-01-05 12:30:00,6.08,6.095,6.029,6.041,33428.4
2024-01-05 13:00:00,6.041,6.116,6.041,6.093,15414.5
2024-01-05 13:30:00,6.093,6.136,6.068,6.12,13829.4
2024-01-05 14:00:00,6.12,6.149,6.008,6.048,21316.6
2024-01-05 14:30:00,6.048,6.068,5.89,5.923,64868.8
2024-01-05 15:00:00,5.923,5.998,5.82,5.912,63000.0
2024-01-05 15:30:00,5.912,5.961,5.884,5.926,24544.8
2024-01-05 16:00:00,5.926,5.969,5.888,5.925,18545.7
2024-01-05 16:30:00,5.925,5.966,5.834,5.854,13277.5
2024-01-05 17:00:00,5.854,5.925,5.737,5.893,76333.4
2024-01-05 17:30:00,5.893,5.984,5.893,5.96,24094.1
2024-01-05 18:00:00,5.96,5.977,5.926,5.94,10436.4
2024-01-05 18:30:00,5.94,5.974,5.928,5.957,12432.9
2024-01-05 19:00:00,5.957,5.981,5.92,5.946,18579.5
2024-01-05 19:30:00,5.946,5.989,5.927,5.929,5563.0
2024-01-05 20:00:00,5.929,5.967,5.928,5.955,6004.8
2024-01-05 20:30:00,5.955,6.042,5.951,6.015,13875.9
2024-01-05 21:00:00,6.015,6.015,5.929,5.977,11786.7
2024-01-05 21:30:00,5.977,6.007,5.949,6.004,3403.3
2024-01-05 22:00:00,6.004,6.018,5.983,5.986,13751.5
2024-01-05 22:30:00,5.986,6.04,5.983,6.037,9665.0
2024-01-05 23:00:00,6.037,6.094,6.036,6.076,23952.2
2024-01-05 23:30:00,6.076,6.149,6.061,6.148,68636.9
2024-01-06 00:00:00,6.148,6.15,6.077,6.086,32901.1
2024-01-06 00:30:00,6.086,6.146,6.066,6.128,10103.1
2024-01-06 01:00:00,6.128,6.135,6.056,6.082,9769.4
2024-01-06 01:30:00,6.082,6.148,6.082,6.127,16637.7
2024-01-06 02:00:00,6.127,6.244,6.113,6.22,52399.8
2024-01-06 02:30:00,6.22,6.287,6.168,6.202,38036.5
2024-01-06 03:00:00,6.202,6.207,6.134,6.137,18492.7
2024-01-06 03:30:00,6.137,6.203,6.135,6.18,9033.2
2024-01-06 04:00:00,6.18,6.222,6.162,6.218,10263.1
2024-01-06 04:30:00,6.218,6.235,6.113,6.14,10852.7
2024-01-06 05:00:00,6.14,6.15,5.896,5.932,80522.0
2024-01-06 05:30:00,5.932,6.034,5.9,5.956,21343.6
2024-01-06 06:00:00,5.956,5.986,5.818,5.857,31004.0
2024-01-06 06:30:00,5.857,5.91,5.715,5.782,63071.0
2024-01-06 07:00:00,5.782,5.853,5.736,5.851,34137.8
2024-01-06 07:30:00,5.851,5.87,5.799,5.863,13569.2
2024-01-06 08:00:00,5.863,5.877,5.803,5.863,12022.3
2024-01-06 08:30:00,5.863,5.898,5.813,5.892,15093.2
2024-01-06 09:00:00,5.892,5.977,5.871,5.977,24859.7
2024-01-06 09:30:00,5.977,5.984,5.906,5.913,17044.1
2024-01-06 10:00:00,5.913,5.942,5.879,5.942,11020.3
2024-01-06 10:30:00,5.942,5.969,5.927,5.931,5168.2
2024-01-06 11:00:00,5.931,5.966,5.901,5.951,5938.7
2024-01-06 11:30:00,5.951,6.057,5.932,6.048,15846.9
2024-01-06 12:00:00,6.048,6.058,5.975,5.993,37638.0
2024-01-06 12:30:00,5.993,6.017,5.934,5.965,32879.7
2024-01-06 13:00:00,5.965,6.002,5.919,5.999,28503.6
2024-01-06 13:30:00,5.999,6.049,5.995,6.023,11740.1
2024-01-06 14:00:00,6.023,6.148,6.023,6.081,29111.6
2024-01-06 14:30:00,6.081,6.119,6.037,6.055,19986.1
2024-01-06 15:00:00,6.055,6.065,6.012,6.025,25895.7
2024-01-06 15:30:00,6.025,6.025,5.948,5.99,40569.9
2024-01-06 16:00:00,5.99,6.04,5.96,5.995,32862.0
2024-01-06 16:30:00,5.995,6.021,5.973,5.976,19957.6
2024-01-06 17:00:00,5.976,5.991,5.924,5.946,41753.5
2024-01-06 17:30:00,5.946,6.017,5.943,5.99,116284.3
2024-01-06 18:00:00,5.99,5.996,5.935,5.959,12785.3
2024-01-06 18:30:00,5.959,5.977,5.886,5.901,21300.8
2024-01-06 19:00:00,5.901,5.915,5.838,5.85,38750.9
2024-01-06 19:30:00,5.85,5.871,5.813,5.862,19080.8
2024-01-06 20:00:00,5.862,5.89,5.824,5.875,14990.5
2024-01-06 20:30:00,5.875,5.888,5.825,5.845,10306.7
2024-01-06 21:00:00,5.845,5.859,5.802,5.817,29089.3
2024-01-06 21:30:00,5.817,5.86,5.817,5.839,3541.3
2024-01-06 22:00:00,5.839,5.867,5.817,5.83,7560.8
2024-01-06 22:30:00,5.83,5.856,5.778,5.855,20352.9
2024-01-06 23:00:00,5.855,5.856,5.747,5.845,22957.5
2024-01-06 23:30:00,5.845,5.927,5.839,5.888,28253.8
2024-01-07 00:00:00,5.888,5.936,5.881,5.915,7883.5
2024-01-07 00:30:00,5.915,5.98,5.909,5.955,10470.5
2024-01-07 01:00:00,5.955,5.985,5.917,5.985,14188.7
2024-01-07 01:30:00,5.985,5.996,5.944,5.948,19868.7
2024-01-07 02:00:00,5.948,5.992,5.944,5.965,4849.2
2024-01-07 02:30:00,5.965,5.972,5.893,5.922,11353.0
2024-01-07 03:00:00,5.922,5.955,5.892,5.898,2516.1
2024-01-07 03:30:00,5.898,5.927,5.895,5.913,7771.7
2024-01-07 04:00:00,5.913,5.977,5.912,5.963,6994.4
2024-01-07 04:30:00,5.963,5.983,5.956,5.979,9684.8
2024-01-07 05:00:00,5.979,6.006,5.965,5.975,13677.1
2024-01-07 05:30:00,5.975,5.997,5.93,5.96,13808.3
2024-01-07 06:00:00,5.96,6.05,5.94,6.015,41158.2
2024-01-07 06:30:00,6.015,6.021,5.97,6.012,14165.5
2024-01-07 07:00:00,6.012,6.02,5.981,6.005,8808.6
2024-01-07 07:30:00,6.005,6.014,5.97,6.005,16293.4
2024-01-07 08:00:00,6.005,6.071,5.997,6.071,37771.2
2024-01-07 08:30:00,6.071,6.072,5.927,5.934,36153.5
2024-01-07 09:00:00,5.934,5.966,5.892,5.91,32030.5
2024-01-07 09:30:00,5.91,5.921,5.855,5.883,26682.5
2024-01-07 10:00:00,5.883,5.944,5.877,5.941,4745.5
2024-01-07 10:30:00,5.941,5.964,5.923,5.962,2863.0
2024-01-07 11:00:00,5.962,5.997,5.914,5.992,24404.3
2024-01-07 11:30:00,5.992,6.034,5.956,5.968,18839.9
2024-01-07 12:00:00,5.968,5.968,5.903,5.943,22844.3
2024-01-07 12:30:00,5.943,5.972,5.929,5.944,5399.7
2024-01-07 13:00:00,5.944,6.071,5.938,6.071,33234.8
2024-01-07 13:30:00,6.071,6.08,6.021,6.031,25203.7
2024-01-07 14:00:00,6.031,6.059,5.976,6.024,42138.4
2024-01-07 14:30:00,6.024,6.15,6.002,6.115,31506.3
2024-01-07 15:00:00,6.115,6.124,5.972,5.974,43442.5
2024-01-07 15:30:00,5.974,6.006,5.912,5.938,16056.4
2024-01-07 16:00:00,5.938,5.955,5.897,5.932,21880.9
2024-01-07 16:30:00,5.932,5.938,5.752,5.755,71010.8
2024-01-07 17:00:00,5.755,5.828,5.732,5.797,18740.4
2024-01-07 17:30:00,5.797,5.853,5.796,5.842,5514.2
2024-01-07 18:00:00,5.842,5.933,5.841,5.897,7825.1
2024-01-07 18:30:00,5.897,5.934,5.897,5.915,4062.0
2024-01-07 19:00:00,5.915,5.923,5.864,5.884,4371.0
2024-01-07 19:30:00,5.884,5.936,5.869,5.905,6543.2
2024-01-07 20:00:00,5.905,5.93,5.879,5.911,2208.7
2024-01-07 20:30:00,5.911,5.912,5.816,5.818,18680.7
2024-01-07 21:00:00,5.818,5.851,5.814,5.826,7156.4
2024-01-07 21:30:00,5.826,5.826,5.75,5.764,5866.7
2024-01-07 22:00:00,5.764,5.764,5.589,5.625,79071.1
2024-01-07 22:30:00,5.625,5.627,5.496,5.562,88092.8
2024-01-07 23:00:00,5.562,5.658,5.535,5.543,55202.1
2024-01-07 23:30:00,5.543,5.621,5.513,5.621,31692.8
2024-01-08 00:00:00,5.621,5.647,5.531,5.58,10275.1
2024-01-08 00:30:00,5.58,5.594,5.411,5.422,93464.6
2024-01-08 01:00:00,5.422,5.526,5.407,5.451,69831.6
2024-01-08 01:30:00,5.451,5.47,5.333,5.393,110863.3
2024-01-08 02:00:00,5.393,5.408,5.255,5.314,79013.8
2024-01-08 02:30:00,5.314,5.331,5.138,5.26,70384.9
2024-01-08 03:00:00,5.26,5.282,5.054,5.134,99180.3
2024-01-08 03:30:00,5.134,5.282,5.134,5.236,45829.5
2024-01-08 04:00:00,5.236,5.291,5.203,5.285,18719.5
2024-01-08 04:30:00,5.285,5.316,5.269,5.302,17537.6
2024-01-08 05:00:00,5.302,5.305,5.24,5.251,18379.5
2024-01-08 05:30:00,5.251,5.341,5.251,5.333,12744.5
2024-01-08 06:00:00,5.333,5.433,5.308,5.433,48183.6
2024-01-08 06:30:00,5.433,5.439,5.329,5.352,27231.8
2024-01-08 07:00:00,5.352,5.419,5.346,5.386,18530.0
2024-01-08 07:30:00,5.386,5.391,5.343,5.382,20331.5
2024-01-08 08:00:00,5.382,5.446,5.37,5.426,19403.6
2024-01-08 08:30:00,5.426,5.445,5.358,5.368,12587.7
2024-01-08 09:00:00,5.368,5.416,5.368,5.414,8849.1
2024-01-08 09:30:00,5.414,5.415,5.341,5.357,15044.3
2024-01-08 10:00:00,5.357,5.421,5.333,5.408,16383.4
2024-01-08 10:30:00,5.408,5.435,5.399,5.43,8020.4
2024-01-08 11:00:00,5.43,5.527,5.429,5.508,122452.9
2024-01-08 11:30:00,5.508,5.534,5.483,5.533,27021.7
2024-01-08 12:00:00,5.533,5.618,5.502,5.515,82752.8
2024-01-08 12:30:00,5.515,5.593,5.515,5.592,20080.9
2024-01-08 13:00:00,5.592,5.642,5.576,5.62,18008.8
2024-01-08 13:30:00,5.62,5.632,5.523,5.545,25627.7
2024-01-08 14:00:00,5.545,5.58,5.534,5.572,20647.0
2024-01-08 14:30:00,5.572,5.584,5.52,5.53,14622.3
2024-01-08 15:00:00,5.53,5.559,5.512,5.53,12792.0
2024-01-08 15:30:00,5.53,5.596,5.524,5.561,20633.7
2024-01-08 16:00:00,5.561,5.588,5.511,5.534,26289.1
2024-01-08 16:30:00,5.534,5.544,5.467,5.498,52429.1
2024-01-08 17:00:00,5.498,5.529,5.485,5.511,16853.3
2024-01-08 17:30:00,5.511,5.6,5.51,5.598,17022.7
2024-01-08 18:00:00,5.598,5.671,5.598,5.659,30147.6
2024-01-08 18:30:00,5.659,5.758,5.659,5.734,42276.1
2024-01-08 19:00:00,5.734,5.779,5.665,5.734,63033.2
2024-01-08 19:30:00,5.734,5.799,5.734,5.788,9362.7
2024-01-08 20:00:00,5.788,5.794,5.742,5.765,13334.3
2024-01-08 20:30:00,5.765,5.785,5.707,5.735,12063.1
2024-01-08 21:00:00,5.735,5.791,5.725,5.765,12588.0
2024-01-08 21:30:00,5.765,5.799,5.761,5.764,23342.1
2024-01-08 22:00:00,5.764,5.88,5.764,5.848,17679.9
2024-01-08 22:30:00,5.848,5.883,5.809,5.882,7346.7
2024-01-08 23:00:00,5.882,5.885,5.82,5.876,12425.2
2024-01-08 23:30:00,5.876,5.895,5.851,5.853,7232.0
2024-01-09 00:00:00,5.853,5.895,5.801,5.828,18307.2
2024-01-09 00:30:00,5.828,5.848,5.715,5.812,31711.8
2024-01-09 01:00:00,5.812,5.841,5.744,5.756,8976.4
2024-01-09 01:30:00,5.756,5.766,5.71,5.753,13901.8
2024-01-09 02:00:00,5.753,5.81,5.741,5.804,11695.8
2024-01-09 02:30:00,5.804,5.828,5.77,5.781,4240.3
2024-01-09 03:00:00,5.781,5.781,5.722,5.751,10843.9
2024-01-09 03:30:00,5.751,5.763,5.734,5.754,8501.6
2024-01-09 04:00:00,5.754,5.785,5.707,5.728,7843.8
2024-01-09 04:30:00,5.728,5.836,5.727,5.831,10362.3
2024-01-09 05:00:00,5.831,5.866,5.782,5.787,20876.1
2024-01-09 05:30:00,5.787,5.849,5.786,5.839,22254.2
2024-01-09 06:00:00,5.839,5.843,5.779,5.805,7943.4
2024-01-09 06:30:00,5.805,5.822,5.771,5.786,17730.0
2024-01-09 07:00:00,5.786,5.831,5.766,5.825,10442.8
2024-01-09 07:30:00,5.825,5.835,5.789,5.823,8952.3
2024-01-09 08:00:00,5.823,5.835,5.778,5.803,8640.8
2024-01-09 08:30:00,5.803,5.803,5.66,5.668,34533.1
2024-01-09 09:00:00,5.668,5.704,5.61,5.64,97971.3
2024-01-09 09:30:00,5.64,5.665,5.581,5.612,21014.7
2024-01-09 10:00:00,5.612,5.672,5.611,5.667,33490.7
2024-01-09 10:30:00,5.667,5.675,5.608,5.624,6331.5
2024-01-09 11:00:00,5.624,5.665,5.615,5.652,6883.1
2024-01-09 11:30:00,5.652,5.665,5.577,5.619,40593.6
2024-01-09 12:00:00,5.619,5.642,5.583,5.59,5497.7
2024-01-09 12:30:00,5.59,5.591,5.304,5.439,110828.9
2024-01-09 13:00:00,5.439,5.541,5.43,5.513,36284.8
2024-01-09 13:30:00,5.513,5.547,5.493,5.52,15277.0
2024-01-09 14:00:00,5.52,5.552,5.454,5.46,30117.7
2024-01-09 14:30:00,5.46,5.461,5.36,5.361,27687.3
2024-01-09 15:00:00,5.361,5.424,5.325,5.389,33225.8
2024-01-09 15:30:00,5.389,5.427,5.386,5.393,5979.4
2024-01-09 16:00:00,5.393,5.422,5.335,5.345,7718.7
2024-01-09 16:30:00,5.345,5.375,5.295,5.374,23659.8
2024-01-09 17:00:00,5.374,5.377,5.316,5.376,12965.2
2024-01-09 17:30:00,5.376,5.392,5.331,5.338,8208.9
2024-01-09 18:00:00,5.338,5.379,5.317,5.364,10193.0
2024-01-09 18:30:00,5.364,5.399,5.354,5.374,10519.4
2024-01-09 19:00:00,5.374,5.394,5.305,5.314,11365.0
2024-01-09 19:30:00,5.314,5.347,5.252,5.331,14009.5
2024-01-09 20:00:00,5.331,5.341,5.24,5.266,14216.3
2024-01-09 20:30:00,5.266,5.284,5.211,5.227,17287.5
2024-01-09 21:00:00,5.227,5.459,5.227,5.312,97262.9
2024-01-09 21:30:00,5.312,5.415,5.227,5.285,34785.2
2024-01-09 22:00:00,5.285,5.445,5.271,5.437,17553.5
2024-01-09 22:30:00,5.437,5.447,5.352,5.43,13402.0
2024-01-09 23:00:00,5.43,5.467,5.386,5.467,13596.5
2024-01-09 23:30:00,5.467,5.488,5.437,5.487,8575.7
2024-01-10 00:00:00,5.487,5.588,5.466,5.569,51482.7
2024-01-10 00:30:00,5.569,5.616,5.539,5.579,25590.2
2024-01-10 01:00:00,5.579,5.64,5.563,5.63,19717.3
2024-01-10 01:30:00,5.63,5.64,5.582,5.6,8674.2
2024-01-10 02:00:00,5.6,5.603,5.567,5.576,4556.2
2024-01-10 02:30:00,5.576,5.584,5.503,5.51,23300.9
2024-01-10 03:00:00,5.51,5.555,5.495,5.533,9377.3
2024-01-10 03:30:00,5.533,5.558,5.506,5.516,4329.1
2024-01-10 04:00:00,5.516,5.544,5.506,5.522,9831.3
2024-01-10 04:30:00,5.522,5.568,5.502,5.517,5845.9
2024-01-10 05:00:00,5.517,5.565,5.517,5.546,9981.7
2024-01-10 05:30:00,5.546,5.576,5.515,5.563,7150.9
2024-01-10 06:00:00,5.563,5.569,5.546,5.548,9214.6
2024-01-10 06:30:00,5.548,5.552,5.51,5.543,14210.0
2024-01-10 07:00:00,5.543,5.549,5.489,5.534,8497.8
2024-01-10 07:30:00,5.534,5.54,5.505,5.526,4038.0
2024-01-10 08:00:00,5.526,5.537,5.463,5.474,7248.9
2024-01-10 08:30:00,5.474,5.49,5.425,5.444,12321.4
2024-01-10 09:00:00,5.444,5.572,5.443,5.572,20345.0
2024-01-10 09:30:00,5.572,5.651,5.568,5.594,38982.8
2024-01-10 10:00:00,5.594,5.621,5.576,5.601,9626.4
2024-01-10 10:30:00,5.601,5.602,5.52,5.52,12460.7
2024-01-10 11:00:00,5.52,5.549,5.511,5.517,4545.5
2024-01-10 11:30:00,5.517,5.538,5.459,5.525,21369.9
2024-01-10 12:00:00,5.525,5.543,5.383,5.435,63101.6
2024-01-10 12:30:00,5.435,5.453,5.26,5.333,50922.0
2024-01-10 13:00:00,5.333,5.409,5.293,5.399,31458.6
2024-01-10 13:30:00,5.399,5.399,5.337,5.374,15133.6
2024-01-10 14:00:00,5.374,5.406,5.344,5.4,12282.5
2024-01-10 14:30:00,5.4,5.418,5.316,5.32,12409.3
2024-01-10 15:00:00,5.32,5.43,5.304,5.412,29138.1
2024-01-10 15:30:00,5.412,5.484,5.379,5.462,12323.8
2024-01-10 16:00:00,5.462,5.564,5.458,5.492,17978.9
2024-01-10 16:30:00,5.492,5.51,5.42,5.42,9552.9
2024-01-10 17:00:00,5.42,5.466,5.412,5.455,9633.6
2024-01-10 17:30:00,5.455,5.553,5.436,5.54,16072.3
2024-01-10 18:00:00,5.54,5.618,5.523,5.557,21145.9
2024-01-10 18:30:00,5.557,5.601,5.534,5.583,5049.5
2024-01-10 19:00:00,5.583,5.642,5.552,5.62,15017.9
2024-01-10 19:30:00,5.62,5.634,5.557,5.619,5624.8
2024-01-10 20:00:00,5.619,5.619,5.447,5.512,53402.3
2024-01-10 20:30:00,5.512,5.621,5.486,5.618,25407.9
2024-01-10 21:00:00,5.618,5.812,5.604,5.81,59252.6
2024-01-10 21:30:00,5.81,5.936,5.706,5.921,39596.7
2024-01-10 22:00:00,5.921,6.063,5.885,6.057,53369.0
2024-01-10 22:30:00,6.057,6.068,5.937,6.006,35190.9
2024-01-10 23:00:00,6.006,6.089,5.943,5.951,60112.9
2024-01-10 23:30:00,5.951,6.001,5.893,5.942,69089.8
2024-01-11 00:00:00,5.942,5.96,5.879,5.924,19257.0
2024-01-11 00:30:00,5.924,5.997,5.923,5.992,15947.4
2024-01-11 01:00:00,5.992,6.048,5.923,6.009,36353.9
2024-01-11 01:30:00,6.009,6.06,5.983,6.011,18846.8
2024-01-11 02:00:00,6.011,6.151,6.0,6.103,25268.8
2024-01-11 02:30:00,6.103,6.176,6.097,6.152,17503.7
2024-01-11 03:00:00,6.152,6.212,6.09,6.108,38499.4
2024-01-11 03:30:00,6.108,6.157,6.084,6.153,9608.2
2024-01-11 04:00:00,6.153,6.208,6.129,6.208,8094.8
2024-01-11 04:30:00,6.208,6.241,6.17,6.199,19244.7
2024-01-11 05:00:00,6.199,6.208,6.129,6.164,15274.0
2024-01-11 05:30:00,6.164,6.174,6.075,6.086,20274.4
2024-01-11 06:00:00,6.086,6.093,5.966,6.026,38340.0
2024-01-11 06:30:00,6.026,6.083,5.989,6.018,15709.4
2024-01-11 07:00:00,6.018,6.07,6.007,6.063,3113.6
2024-01-11 07:30:00,6.063,6.064,6.017,6.053,3003.4
2024-01-11 08:00:00,6.053,6.145,6.035,6.134,29916.4
2024-01-11 08:30:00,6.134,6.173,6.106,6.156,24897.1
2024-01-11 09:00:00,6.156,6.234,6.136,6.194,127352.9
2024-01-11 09:30:00,6.194,6.224,6.156,6.161,8982.0
2024-01-11 10:00:00,6.161,6.258,6.15,6.237,16022.1
2024-01-11 10:30:00,6.237,6.324,6.197,6.314,68754.4
2024-01-11 11:00:00,6.314,6.32,6.267,6.305,29220.6
2024-01-11 11:30:00,6.305,6.305,6.249,6.266,15082.6
2024-01-11 12:00:00,6.266,6.354,6.257,6.331,40872.5
2024-01-11 12:30:00,6.331,6.418,6.317,6.378,41509.0
2024-01-11 13:00:00,6.378,6.392,6.28,6.291,40177.9
2024-01-11 13:30:00,6.291,6.301,6.158,6.226,46944.1
2024-01-11 14:00:00,6.226,6.266,6.136,6.182,18659.0
2024-01-11 14:30:00,6.182,6.35,6.125,6.281,43636.1
2024-01-11 15:00:00,6.281,6.29,6.177,6.191,27334.3
2024-01-11 15:30:00,6.191,6.25,6.067,6.141,48402.9
2024-01-11 16:00:00,6.141,6.2,6.027,6.107,47345.1
2024-01-11 16:30:00,6.107,6.199,6.055,6.191,32416.1
2024-01-11 17:00:00,6.191,6.324,6.191,6.269,30815.1
2024-01-11 17:30:00,6.269,6.35,6.269,6.321,52717.0
2024-01-11 18:00:00,6.321,6.414,6.311,6.347,22472.2
2024-01-11 18:30:00,6.347,6.407,6.315,6.37,22157.9
2024-01-11 19:00:00,6.37,6.449,6.339,6.443,58639.7
2024-01-11 19:30:00,6.443,6.496,6.422,6.479,26344.9
2024-01-11 20:00:00,6.479,6.502,6.398,6.405,19323.4
2024-01-11 20:30:00,6.405,6.409,6.32,6.362,19186.4
2024-01-11 21:00:00,6.362,6.412,6.332,6.375,14597.0
2024-01-11 21:30:00,6.375,6.375,6.291,6.31,16148.0
2024-01-11 22:00:00,6.31,6.352,6.296,6.301,9359.8
2024-01-11 22:30:00,6.301,6.352,6.274,6.341,7802.7
2024-01-11 23:00:00,6.341,6.467,6.325,6.431,11633.2
2024-01-11 23:30:00,6.431,6.489,6.415,6.459,26985.8
2024-01-12 00:00:00,6.459,6.485,6.298,6.32,51456.3
2024-01-12 00:30:00,6.32,6.363,6.312,6.314,6661.0
2024-01-12 01:00:00,6.314,6.338,6.21,6.225,18583.9
2024-01-12 01:30:00,6.225,6.287,6.213,6.239,9376.8
2024-01-12 02:00:00,6.239,6.289,6.239,6.245,8746.4
2024-01-12 02:30:00,6.245,6.28,6.228,6.26,10461.2
2024-01-12 03:00:00,6.26,6.279,6.181,6.212,27341.4
2024-01-12 03:30:00,6.212,6.229,6.186,6.186,6027.9
2024-01-12 04:00:00,6.186,6.269,6.168,6.25,10626.1
2024-01-12 04:30:00,6.25,6.266,6.192,6.203,16089.8
2024-01-12 05:00:00,6.203,6.235,6.188,6.209,4058.7
2024-01-12 05:30:00,6.209,6.312,6.209,6.303,7184.7
2024-01-12 06:00:00,6.303,6.32,6.275,6.302,38418.7
2024-01-12 06:30:00,6.302,6.309,6.271,6.273,8085.4
2024-01-12 07:00:00,6.273,6.301,6.238,6.275,7679.4
2024-01-12 07:30:00,6.275,6.275,6.182,6.237,14556.6
2024-01-12 08:00:00,6.237,6.349,6.224,6.306,46074.8
2024-01-12 08:30:00,6.306,6.333,6.216,6.267,13653.0
2024-01-12 09:00:00,6.267,6.292,6.187,6.192,18651.3
2024-01-12 09:30:00,6.192,6.28,6.166,6.262,24603.6
2024-01-12 10:00:00,6.262,6.279,6.192,6.214,8698.8
2024-01-12 10:30:00,6.214,6.245,6.197,6.23,6476.4
2024-01-12 11:00:00,6.23,6.287,6.204,6.28,7684.2
2024-01-12 11:30:00,6.28,6.29,6.251,6.27,17018.8
2024-01-12 12:00:00,6.27,6.353,6.255,6.337,19200.1
2024-01-12 12:30:00,6.337,6.339,6.163,6.214,57691.4
2024-01-12 13:00:00,6.214,6.251,6.194,6.212,14672.0
2024-01-12 13:30:00,6.212,6.278,6.212,6.251,12766.2
2024-01-12 14:00:00,6.251,6.288,6.201,6.288,15342.8
2024-01-12 14:30:00,6.288,6.295,6.186,6.254,13739.8
2024-01-12 15:00:00,6.254,6.279,6.077,6.178,45129.1
2024-01-12 15:30:00,6.178,6.178,6.035,6.066,31799.2
2024-01-12 16:00:00,6.066,6.143,6.049,6.133,27559.9
2024-01-12 16:30:00,6.133,6.143,5.941,6.032,108277.5
2024-01-12 17:00:00,6.032,6.072,5.819,5.892,78839.1
2024-01-12 17:30:00,5.892,6.018,5.884,6.018,24359.4
2024-01-12 18:00:00,6.018,6.077,6.017,6.057,44463.9
2024-01-12 18:30:00,6.057,6.101,5.991,6.068,14043.3
2024-01-12 19:00:00,6.068,6.092,6.008,6.086,5787.5
2024-01-12 19:30:00,6.086,6.095,6.05,6.094,4836.8
2024-01-12 20:00:00,6.094,6.2,6.077,6.187,14725.0
2024-01-12 20:30:00,6.187,6.251,6.162,6.196,18937.7
2024-01-12 21:00:00,6.196,6.217,6.069,6.142,24364.6
2024-01-12 21:30:00,6.142,6.169,5.998,6.09,35102.3
2024-01-12 22:00:00,6.09,6.097,5.783,5.832,59528.4
2024-01-12 22:30:00,5.832,5.983,5.832,5.954,19559.5
2024-01-12 23:00:00,5.954,5.993,5.935,5.96,8863.4
2024-01-12 23:30:00,5.96,5.991,5.934,5.973,5954.2
2024-01-13 00:00:00,5.973,6.034,5.953,5.959,9874.5
2024-01-13 00:30:00,5.959,5.985,5.872,5.881,11392.1
2024-01-13 01:00:00,5.881,5.888,5.713,5.818,39285.3
2024-01-13 01:30:00,5.818,5.881,5.805,5.87,5371.3
2024-01-13 02:00:00,5.87,5.907,5.851,5.862,4937.9
2024-01-13 02:30:00,5.862,5.892,5.853,5.871,5100.6
2024-01-13 03:00:00,5.871,5.885,5.853,5.866,5837.0
2024-01-13 03:30:00,5.866,5.895,5.843,5.872,11755.8
2024-01-13 04:00:00,5.872,5.889,5.842,5.878,3759.9
2024-01-13 04:30:00,5.878,5.946,5.868,5.941,5342.2
2024-01-13 05:00:00,5.941,6.0,5.925,6.0,11022.8
2024-01-13 05:30:00,6.0,6.003,5.963,5.973,5334.6
2024-01-13 06:00:00,5.973,5.996,5.953,5.989,44157.8
2024-01-13 06:30:00,5.989,6.004,5.949,6.004,12402.1
2024-01-13 07:00:00,6.004,6.05,5.994,6.007,44560.4
2024-01-13 07:30:00,6.007,6.023,5.984,5.995,3794.3
2024-01-13 08:00:00,5.995,6.042,5.986,6.026,5743.6
2024-01-13 08:30:00,6.026,6.026,5.976,6.0,4959.3
2024-01-13 09:00:00,6.0,6.022,5.932,5.953,4865.6
2024-01-13 09:30:00,5.953,5.965,5.898,5.908,11772.7
2024-01-13 10:00:00,5.908,5.939,5.87,5.935,11237.0
2024-01-13 10:30:00,5.935,5.956,5.907,5.914,5256.1
2024-01-13 11:00:00,5.914,5.945,5.901,5.935,8278.9
2024-01-13 11:30:00,5.935,5.965,5.909,5.954,7156.2
2024-01-13 12:00:00,5.954,5.965,5.913,5.954,11500.2
2024-01-13 12:30:00,5.954,5.991,5.949,5.977,3514.5
2024-01-13 13:00:00,5.977,6.024,5.964,6.021,8676.7
2024-01-13 13:30:00,6.021,6.109,6.009,6.09,29990.3
2024-01-13 14:00:00,6.09,6.094,6.02,6.047,51031.7
2024-01-13 14:30:00,6.047,6.088,6.019,6.058,11396.2
2024-01-13 15:00:00,6.058,6.145,6.053,6.116,45943.1
2024-01-13 15:30:00,6.116,6.136,6.076,6.117,5390.5
2024-01-13 16:00:00,6.117,6.156,6.091,6.096,16938.9
2024-01-13 16:30:00,6.096,6.135,6.054,6.063,12990.2
2024-01-13 17:00:00,6.063,6.083,6.026,6.066,8287.7
2024-01-13 17:30:00,6.066,6.067,5.986,6.02,20892.8
2024-01-13 18:00:00,6.02,6.02,5.986,6.0,4312.7
2024-01-13 18:30:00,6.0,6.013,5.981,6.006,3503.3
2024-01-13 19:00:00,6.006,6.038,6.005,6.038,7271.4
2024-01-13 19:30:00,6.038,6.059,6.022,6.048,9244.9
2024-01-13 20:00:00,6.048,6.053,5.985,5.996,45523.1
2024-01-13 20:30:00,5.996,6.042,5.994,6.03,2128.9
2024-01-13 21:00:00,6.03,6.056,6.007,6.011,2792.9
2024-01-13 21:30:00,6.011,6.048,6.01,6.044,7791.8
2024-01-13 22:00:00,6.044,6.075,6.041,6.052,4654.9
2024-01-13 22:30:00,6.052,6.091,6.048,6.08,2234.6
2024-01-13 23:00:00,6.08,6.081,6.04,6.046,41002.0
2024-01-13 23:30:00,6.046,6.046,6.013,6.025,5066.1
2024-01-14 00:00:00,6.025,6.043,5.952,5.959,9199.2
2024-01-14 00:30:00,5.959,5.972,5.909,5.937,18855.5
2024-01-14 01:00:00,5.937,6.008,5.929,6.004,4875.8
2024-01-14 01:30:00,6.004,6.029,5.986,6.018,9702.1
2024-01-14 02:00:00,6.018,6.022,5.958,5.966,3017.8
2024-01-14 02:30:00,5.966,6.014,5.956,6.0,3816.5
2024-01-14 03:00:00,6.0,6.02,5.984,5.997,1726.8
2024-01-14 03:30:00,5.997,6.008,5.97,5.992,2513.0
2024-01-14 04:00:00,5.992,5.999,5.939,5.951,7612.7
2024-01-14 04:30:00,5.951,5.969,5.936,5.944,14566.6
2024-01-14 05:00:00,5.944,5.991,5.943,5.977,3805.1
2024-01-14 05:30:00,5.977,5.992,5.969,5.986,2132.7
2024-01-14 06:00:00,5.986,6.028,5.979,6.019,6298.2
2024-01-14 06:30:00,6.019,6.036,5.994,6.034,4843.3
2024-01-14 07:00:00,6.034,6.06,6.022,6.04,11950.6
2024-01-14 07:30:00,6.04,6.045,6.022,6.041,5036.2
2024-01-14 08:00:00,6.041,6.086,6.028,6.081,42457.6
2024-01-14 08:30:00,6.081,6.164,6.081,6.131,78685.9
2024-01-14 09:00:00,6.131,6.192,6.103,6.168,27383.2
2024-01-14 09:30:00,6.168,6.182,6.131,6.177,13000.9
2024-01-14 10:00:00,6.177,6.264,6.173,6.235,62475.6
2024-01-14 10:30:00,6.235,6.248,6.161,6.175,17444.6
2024-01-14 11:00:00,6.175,6.175,6.119,6.155,17271.7
2024-01-14 11:30:00,6.155,6.158,6.052,6.082,47000.9
2024-01-14 12:00:00,6.082,6.141,6.073,6.116,37720.5
2024-01-14 12:30:00,6.116,6.121,6.056,6.066,42846.1
2024-01-14 13:00:00,6.066,6.165,6.066,6.143,48462.4
2024-01-14 13:30:00,6.143,6.236,6.143,6.197,27216.3
2024-01-14 14:00:00,6.197,6.207,6.154,6.183,23979.7
2024-01-14 14:30:00,6.183,6.234,6.162,6.174,18055.4
2024-01-14 15:00:00,6.174,6.203,6.155,6.174,7466.3
2024-01-14 15:30:00,6.174,6.217,6.15,6.184,12836.1
2024-01-14 16:00:00,6.184,6.262,6.179,6.203,23348.7
2024-01-14 16:30:00,6.203,6.213,6.104,6.144,26090.3
2024-01-14 17:00:00,6.144,6.162,6.126,6.14,11970.9
2024-01-14 17:30:00,6.14,6.171,6.14,6.159,4977.3
2024-01-14 18:00:00,6.159,6.194,6.105,6.114,4583.1
2024-01-14 18:30:00,6.114,6.123,6.075,6.11,16353.2
2024-01-14 19:00:00,6.11,6.111,5.973,5.983,103116.1
2024-01-14 19:30:00,5.983,5.996,5.924,5.943,25538.7
2024-01-14 20:00:00,5.943,5.974,5.866,5.94,56113.7
2024-01-14 20:30:00,5.94,5.974,5.922,5.933,5274.0
2024-01-14 21:00:00,5.933,5.957,5.901,5.902,16740.4
2024-01-14 21:30:00,5.902,5.975,5.879,5.958,20920.6
2024-01-14 22:00:00,5.958,6.009,5.95,5.955,5062.2
2024-01-14 22:30:00,5.955,5.968,5.895,5.902,10010.1
2024-01-14 23:00:00,5.902,5.92,5.831,5.858,21480.2
2024-01-14 23:30:00,5.858,5.882,5.794,5.809,23727.9
2024-01-15 00:00:00,5.809,5.88,5.809,5.847,12518.0
2024-01-15 00:30:00,5.847,5.898,5.833,5.898,7309.3
2024-01-15 01:00:00,5.898,5.918,5.877,5.9,2492.5
2024-01-15 01:30:00,5.9,5.932,5.889,5.915,3312.9
2024-01-15 02:00:00,5.915,5.929,5.892,5.912,30887.7
2024-01-15 02:30:00,5.912,5.94,5.912,5.938,8052.4
2024-01-15 03:00:00,5.938,5.969,5.931,5.962,5447.4
2024-01-15 03:30:00,5.962,5.965,5.907,5.915,32625.9
2024-01-15 04:00:00,5.915,5.932,5.904,5.921,7129.5
2024-01-15 04:30:00,5.921,5.932,5.882,5.926,10790.6
2024-01-15 05:00:00,5.926,5.954,5.92,5.924,8126.9
2024-01-15 05:30:00,5.924,5.933,5.911,5.928,7098.8
2024-01-15 06:00:00,5.928,5.938,5.893,5.911,9042.8
2024-01-15 06:30:00,5.911,5.927,5.89,5.899,4856.9
2024-01-15 07:00:00,5.899,5.914,5.894,5.894,5365.0
2024-01-15 07:30:00,5.894,5.912,5.863,5.9,6668.6
2024-01-15 08:00:00,5.9,5.909,5.868,5.882,9670.9
2024-01-15 08:30:00,5.882,5.918,5.882,5.904,11220.7
2024-01-15 09:00:00,5.904,5.911,5.863,5.907,11609.7
2024-01-15 09:30:00,5.907,5.93,5.895,5.92,7583.8
2024-01-15 10:00:00,5.92,5.928,5.9,5.902,5134.0
2024-01-15 10:30:00,5.902,5.947,5.901,5.933,15390.2
2024-01-15 11:00:00,5.933,5.966,5.926,5.965,10654.5
2024-01-15 11:30:00,5.965,5.992,5.946,5.961,5226.1
2024-01-15 12:00:00,5.961,6.007,5.958,5.998,84553.1
2024-01-15 12:30:00,5.998,6.003,5.929,5.951,10848.0
2024-01-15 13:00:00,5.951,5.97,5.916,5.965,9152.6
2024-01-15 13:30:00,5.965,6.006,5.945,5.983,20942.8
2024-01-15 14:00:00,5.983,6.0,5.928,5.941,31345.6
2024-01-15 14:30:00,5.941,5.948,5.851,5.872,18038.0
2024-01-15 15:00:00,5.872,5.913,5.872,5.894,7916.9
2024-01-15 15:30:00,5.894,5.911,5.82,5.848,14737.3
2024-01-15 16:00:00,5.848,5.892,5.839,5.882,8894.2
2024-01-15 16:30:00,5.882,6.036,5.881,6.018,72629.7
2024-01-15 17:00:00,6.018,6.058,6.001,6.052,19781.6
2024-01-15 17:30:00,6.052,6.094,6.032,6.076,13261.8
2024-01-15 18:00:00,6.076,6.114,6.057,6.11,58684.1
2024-01-15 18:30:00,6.11,6.136,6.066,6.076,64040.4
2024-01-15 19:00:00,6.076,6.131,6.066,6.128,14136.6
2024-01-15 19:30:00,6.128,6.128,6.059,6.068,10877.9
2024-01-15 20:00:00,6.068,6.093,6.044,6.05,6869.2
2024-01-15 20:30:00,6.05,6.051,6.005,6.021,14905.4
2024-01-15 21:00:00,6.021,6.022,5.976,5.984,5786.4
2024-01-15 21:30:00,5.984,6.004,5.964,5.979,6915.7
2024-01-15 22:00:00,5.979,5.994,5.904,5.912,32935.8
2024-01-15 22:30:00,5.912,5.931,5.873,5.888,9497.5
2024-01-15 23:00:00,5.888,5.941,5.879,5.928,10263.7
2024-01-15 23:30:00,5.928,5.935,5.901,5.918,7366.7
2024-01-16 00:00:00,5.918,5.965,5.907,5.948,14275.2
2024-01-16 00:30:00,5.948,5.951,5.925,5.942,7125.0
2024-01-16 01:00:00,5.942,5.994,5.941,5.964,8882.3
2024-01-16 01:30:00,5.964,5.968,5.925,5.946,3277.2
2024-01-16 02:00:00,5.946,5.974,5.945,5.961,4655.6
2024-01-16 02:30:00,5.961,5.984,5.937,5.951,2493.0
2024-01-16 03:00:00,5.951,5.966,5.934,5.947,3954.1
2024-01-16 03:30:00,5.947,5.958,5.922,5.953,6397.8
2024-01-16 04:00:00,5.953,5.956,5.916,5.92,2955.4
2024-01-16 04:30:00,5.92,5.93,5.898,5.903,10591.0
2024-01-16 05:00:00,5.903,5.944,5.899,5.942,9778.9
2024-01-16 05:30:00,5.942,5.952,5.879,5.879,12132.4
2024-01-16 06:00:00,5.879,5.904,5.865,5.903,9467.3
2024-01-16 06:30:00,5.903,5.921,5.895,5.917,6551.7
2024-01-16 07:00:00,5.917,5.93,5.888,5.905,22735.6
2024-01-16 07:30:00,5.905,5.93,5.903,5.914,4259.5
2024-01-16 08:00:00,5.914,5.929,5.892,5.909,8078.8
2024-01-16 08:30:00,5.909,5.936,5.907,5.934,3615.0
2024-01-16 09:00:00,5.934,5.956,5.92,5.949,3760.7
2024-01-16 09:30:00,5.949,5.964,5.919,5.924,3776.5
2024-01-16 10:00:00,5.924,5.928,5.88,5.881,2823.5
2024-01-16 10:30:00,5.881,5.912,5.879,5.903,5737.2
2024-01-16 11:00:00,5.903,5.949,5.854,5.873,43369.0
2024-01-16 11:30:00,5.873,5.881,5.841,5.871,13843.0
2024-01-16 12:00:00,5.871,5.911,5.853,5.909,12620.5
2024-01-16 12:30:00,5.909,5.947,5.887,5.928,139118.3
2024-01-16 13:00:00,5.928,5.935,5.893,5.901,15137.9
2024-01-16 13:30:00,5.901,5.909,5.831,5.844,31748.6
2024-01-16 14:00:00,5.844,5.877,5.825,5.857,7655.4
2024-01-16 14:30:00,5.857,5.879,5.726,5.817,89236.0
2024-01-16 15:00:00,5.817,5.871,5.773,5.848,28095.3
2024-01-16 15:30:00,5.848,5.89,5.843,5.862,11260.2
2024-01-16 16:00:00,5.862,5.891,5.798,5.824,15131.0
2024-01-16 16:30:00,5.824,5.856,5.821,5.826,11682.4
2024-01-16 17:00:00,5.826,5.838,5.807,5.83,5426.8
2024-01-16 17:30:00,5.83,5.842,5.806,5.811,16265.3
2024-01-16 18:00:00,5.811,5.843,5.808,5.819,10324.9
2024-01-16 18:30:00,5.819,5.822,5.764,5.797,71343.7
2024-01-16 19:00:00,5.797,5.835,5.782,5.822,4181.6
2024-01-16 19:30:00,5.822,5.845,5.812,5.84,4375.9
2024-01-16 20:00:00,5.84,5.851,5.822,5.837,4238.1
2024-01-16 20:30:00,5.837,5.863,5.837,5.859,4977.2
2024-01-16 21:00:00,5.859,5.909,5.859,5.907,9645.1
2024-01-16 21:30:00,5.907,5.939,5.906,5.916,14731.7
2024-01-16 22:00:00,5.916,5.935,5.877,5.9,43481.8
2024-01-16 22:30:00,5.9,5.905,5.873,5.873,5023.3
2024-01-16 23:00:00,5.873,5.904,5.864,5.868,6331.3
2024-01-16 23:30:00,5.868,5.87,5.85,5.854,11685.9
2024-01-17 00:00:00,5.854,5.865,5.823,5.831,11720.4
2024-01-17 00:30:00,5.831,5.85,5.811,5.834,6616.1
2024-01-17 01:00:00,5.834,5.895,5.831,5.888,6516.4
2024-01-17 01:30:00,5.888,5.907,5.831,5.837,6235.2
2024-01-17 02:00:00,5.837,5.868,5.826,5.849,3492.1
2024-01-17 02:30:00,5.849,5.869,5.832,5.844,5863.7
2024-01-17 03:00:00,5.844,5.852,5.828,5.841,2443.3
2024-01-17 03:30:00,5.841,5.841,5.811,5.813,5574.6
2024-01-17 04:00:00,5.813,5.826,5.787,5.787,39864.0
2024-01-17 04:30:00,5.787,5.806,5.778,5.801,5269.1
2024-01-17 05:00:00,5.801,5.818,5.789,5.81,3802.6
2024-01-17 05:30:00,5.81,5.821,5.749,5.754,12955.2
2024-01-17 06:00:00,5.754,5.781,5.751,5.768,4861.2
2024-01-17 06:30:00,5.768,5.788,5.755,5.766,5671.1
2024-01-17 07:00:00,5.766,5.777,5.732,5.752,19621.3
2024-01-17 07:30:00,5.752,5.752,5.672,5.7,53867.0
2024-01-17 08:00:00,5.7,5.724,5.658,5.717,22790.8
2024-01-17 08:30:00,5.717,5.74,5.705,5.734,7843.0
2024-01-17 09:00:00,5.734,5.77,5.719,5.766,10575.3
2024-01-17 09:30:00,5.766,5.768,5.716,5.722,8610.7
2024-01-17 10:00:00,5.722,5.747,5.704,5.739,5492.4
2024-01-17 10:30:00,5.739,5.752,5.713,5.748,7501.4
2024-01-17 11:00:00,5.748,5.75,5.716,5.737,12823.9
2024-01-17 11:30:00,5.737,5.759,5.718,5.736,13154.7
2024-01-17 12:00:00,5.736,5.738,5.686,5.717,10550.4
2024-01-17 12:30:00,5.717,5.743,5.676,5.742,11796.6
2024-01-17 13:00:00,5.742,5.746,5.686,5.705,19551.3
2024-01-17 13:30:00,5.705,5.72,5.677,5.702,9965.7
2024-01-17 14:00:00,5.702,5.713,5.66,5.7,12001.1
2024-01-17 14:30:00,5.7,5.745,5.633,5.691,47013.9
2024-01-17 15:00:00,5.691,5.71,5.642,5.687,18293.4
2024-01-17 15:30:00,5.687,5.699,5.63,5.649,17599.1
2024-01-17 16:00:00,5.649,5.706,5.644,5.69,8979.6
2024-01-17 16:30:00,5.69,5.745,5.682,5.711,5912.6
2024-01-17 17:00:00,5.711,5.714,5.611,5.698,28666.2
2024-01-17 17:30:00,5.698,5.72,5.672,5.703,10706.1
2024-01-17 18:00:00,5.703,5.73,5.691,5.707,12869.7
2024-01-17 18:30:00,5.707,5.77,5.69,5.762,13299.7
2024-01-17 19:00:00,5.762,5.787,5.75,5.787,21490.5
2024-01-17 19:30:00,5.787,5.805,5.769,5.792,14971.4
2024-01-17 20:00:00,5.792,5.806,5.772,5.789,3430.1
2024-01-17 20:30:00,5.789,5.815,5.773,5.795,4327.3
2024-01-17 21:00:00,5.795,5.819,5.76,5.809,5387.6
2024-01-17 21:30:00,5.809,5.818,5.775,5.791,4009.3
2024-01-17 22:00:00,5.791,5.81,5.708,5.75,10638.2
2024-01-17 22:30:00,5.75,5.786,5.733,5.786,3614.6
2024-01-17 23:00:00,5.786,5.787,5.753,5.779,1617.9
2024-01-17 23:30:00,5.779,5.803,5.779,5.789,1013.5
2024-01-18 00:00:00,5.789,5.82,5.787,5.803,4624.1
2024-01-18 00:30:00,5.803,5.835,5.796,5.796,4102.5
2024-01-18 01:00:00,5.796,5.807,5.738,5.748,10890.6
2024-01-18 01:30:00,5.748,5.752,5.689,5.731,6451.8
2024-01-18 02:00:00,5.731,5.759,5.723,5.751,35712.4
2024-01-18 02:30:00,5.751,5.753,5.715,5.725,2109.0
2024-01-18 03:00:00,5.725,5.757,5.72,5.725,2852.0
2024-01-18 03:30:00,5.725,5.749,5.705,5.736,1486.3
2024-01-18 04:00:00,5.736,5.78,5.731,5.769,3187.0
2024-01-18 04:30:00,5.769,5.784,5.747,5.757,4969.4
2024-01-18 05:00:00,5.757,5.783,5.731,5.782,2411.9
2024-01-18 05:30:00,5.782,5.782,5.758,5.776,1862.0
2024-01-18 06:00:00,5.776,5.82,5.773,5.806,4384.4
2024-01-18 06:30:00,5.806,5.826,5.786,5.825,12308.1
2024-01-18 07:00:00,5.825,5.866,5.825,5.842,52618.7
2024-01-18 07:30:00,5.842,5.861,5.825,5.86,10736.3
2024-01-18 08:00:00,5.86,5.892,5.839,5.877,7738.3
2024-01-18 08:30:00,5.877,5.879,5.845,5.853,7424.4
2024-01-18 09:00:00,5.853,5.896,5.841,5.883,22349.8
2024-01-18 09:30:00,5.883,5.921,5.877,5.88,36064.5
2024-01-18 10:00:00,5.88,5.913,5.871,5.882,23683.9
2024-01-18 10:30:00,5.882,5.891,5.778,5.784,44923.3
2024-01-18 11:00:00,5.784,5.835,5.777,5.83,11843.8
2024-01-18 11:30:00,5.83,5.871,5.813,5.843,15314.3
2024-01-18 12:00:00,5.843,5.856,5.756,5.803,34095.9
2024-01-18 12:30:00,5.803,5.827,5.777,5.801,21983.3
2024-01-18 13:00:00,5.801,5.802,5.762,5.764,14685.4
2024-01-18 13:30:00,5.764,5.862,5.739,5.83,32631.3
2024-01-18 14:00:00,5.83,5.884,5.821,5.863,22540.8
2024-01-18 14:30:00,5.863,5.974,5.859,5.946,58831.7
2024-01-18 15:00:00,5.946,5.965,5.894,5.903,36963.2
2024-01-18 15:30:00,5.903,5.932,5.87,5.899,40474.8
2024-01-18 16:00:00,5.899,5.899,5.797,5.815,58127.7
2024-01-18 16:30:00,5.815,5.818,5.624,5.681,137290.4
2024-01-18 17:00:00,5.681,5.704,5.63,5.7,39752.8
2024-01-18 17:30:00,5.7,5.701,5.556,5.618,46726.5
2024-01-18 18:00:00,5.618,5.641,5.545,5.595,29729.8
2024-01-18 18:30:00,5.595,5.666,5.579,5.643,25686.0
2024-01-18 19:00:00,5.643,5.676,5.608,5.671,8933.2
2024-01-18 19:30:00,5.671,5.671,5.481,5.538,80181.1
2024-01-18 20:00:00,5.538,5.591,5.517,5.52,26606.3
2024-01-18 20:30:00,5.52,5.614,5.502,5.572,16232.5
2024-01-18 21:00:00,5.572,5.591,5.527,5.569,29780.8
2024-01-18 21:30:00,5.569,5.605,5.54,5.574,18302.6
2024-01-18 22:00:00,5.574,5.604,5.525,5.536,14897.8
2024-01-18 22:30:00,5.536,5.616,5.528,5.612,6746.7
2024-01-18 23:00:00,5.612,5.612,5.561,5.596,9563.9
2024-01-18 23:30:00,5.596,5.611,5.576,5.611,5798.3
2024-01-19 00:00:00,5.611,5.633,5.529,5.532,15601.3
2024-01-19 00:30:00,5.532,5.567,5.519,5.528,18901.3
2024-01-19 01:00:00,5.528,5.529,5.424,5.439,64400.4
2024-01-19 01:30:00,5.439,5.515,5.386,5.495,44376.2
2024-01-19 02:00:00,5.495,5.53,5.466,5.472,7787.6
2024-01-19 02:30:00,5.472,5.473,5.4,5.422,8610.8
2024-01-19 03:00:00,5.422,5.443,5.352,5.378,25531.1
2024-01-19 03:30:00,5.378,5.459,5.335,5.453,29236.5
2024-01-19 04:00:00,5.453,5.471,5.437,5.461,9460.3
2024-01-19 04:30:00,5.461,5.472,5.448,5.462,6587.7
2024-01-19 05:00:00,5.462,5.497,5.451,5.483,9112.8
2024-01-19 05:30:00,5.483,5.491,5.463,5.488,6712.7
2024-01-19 06:00:00,5.488,5.493,5.469,5.49,7092.4
2024-01-19 06:30:00,5.49,5.522,5.489,5.513,9122.4
2024-01-19 07:00:00,5.513,5.522,5.483,5.486,6038.2
2024-01-19 07:30:00,5.486,5.499,5.481,5.493,4831.3
2024-01-19 08:00:00,5.493,5.496,5.463,5.468,4295.1
2024-01-19 08:30:00,5.468,5.491,5.462,5.475,7116.3
2024-01-19 09:00:00,5.475,5.511,5.467,5.472,7868.9
2024-01-19 09:30:00,5.472,5.475,5.448,5.465,15057.0
2024-01-19 10:00:00,5.465,5.502,5.457,5.494,4818.9
2024-01-19 10:30:00,5.494,5.512,5.485,5.512,10189.9
2024-01-19 11:00:00,5.512,5.529,5.497,5.52,6578.8
2024-01-19 11:30:00,5.52,5.526,5.492,5.511,5175.6
2024-01-19 12:00:00,5.511,5.514,5.472,5.479,6802.0
2024-01-19 12:30:00,5.479,5.511,5.479,5.497,2447.7
2024-01-19 13:00:00,5.497,5.527,5.488,5.521,2566.0
2024-01-19 13:30:00,5.521,5.522,5.498,5.52,8571.9
2024-01-19 14:00:00,5.52,5.521,5.452,5.477,30519.8
2024-01-19 14:30:00,5.477,5.477,5.415,5.425,58095.5
2024-01-19 15:00:00,5.425,5.435,5.346,5.362,22175.8
2024-01-19 15:30:00,5.362,5.413,5.357,5.388,12139.6
2024-01-19 16:00:00,5.388,5.401,5.248,5.284,56480.8
2024-01-19 16:30:00,5.284,5.284,5.127,5.185,58948.7
2024-01-19 17:00:00,5.185,5.248,5.167,5.225,15373.0
2024-01-19 17:30:00,5.225,5.329,5.206,5.323,8880.5
2024-01-19 18:00:00,5.323,5.341,5.278,5.336,4751.1
2024-01-19 18:30:00,5.336,5.417,5.328,5.402,9386.9
2024-01-19 19:00:00,5.402,5.406,5.367,5.404,19563.7
2024-01-19 19:30:00,5.404,5.436,5.402,5.42,14342.5
2024-01-19 20:00:00,5.42,5.457,5.397,5.412,5831.8
2024-01-19 20:30:00,5.412,5.431,5.379,5.385,6284.0
2024-01-19 21:00:00,5.385,5.414,5.383,5.393,5470.0
2024-01-19 21:30:00,5.393,5.433,5.392,5.43,3095.1
2024-01-19 22:00:00,5.43,5.441,5.405,5.439,7838.0
2024-01-19 22:30:00,5.439,5.456,5.418,5.45,2959.4
2024-01-19 23:00:00,5.45,5.465,5.434,5.453,15063.8
2024-01-19 23:30:00,5.453,5.474,5.436,5.474,9804.3
2024-01-20 00:00:00,5.474,5.474,5.431,5.455,1777.3
2024-01-20 00:30:00,5.455,5.462,5.394,5.404,2267.7
2024-01-20 01:00:00,5.404,5.478,5.403,5.476,5296.9
2024-01-20 01:30:00,5.476,5.507,5.453,5.486,4145.6
2024-01-20 02:00:00,5.486,5.5,5.455,5.471,8055.0
2024-01-20 02:30:00,5.471,5.507,5.465,5.493,8578.4
2024-01-20 03:00:00,5.493,5.506,5.471,5.479,2478.8
2024-01-20 03:30:00,5.479,5.496,5.46,5.488,1405.9
2024-01-20 04:00:00,5.488,5.493,5.45,5.473,6490.5
2024-01-20 04:30:00,5.473,5.477,5.444,5.446,2334.3
2024-01-20 05:00:00,5.446,5.456,5.425,5.452,5449.3
2024-01-20 05:30:00,5.452,5.454,5.416,5.421,3520.5
2024-01-20 06:00:00,5.421,5.459,5.416,5.452,4181.7
2024-01-20 06:30:00,5.452,5.465,5.425,5.453,2575.1
2024-01-20 07:00:00,5.453,5.492,5.453,5.47,5390.9
2024-01-20 07:30:00,5.47,5.473,5.436,5.45,6218.9
2024-01-20 08:00:00,5.45,5.48,5.421,5.428,5064.9
2024-01-20 08:30:00,5.428,5.458,5.423,5.453,5875.2
2024-01-20 09:00:00,5.453,5.477,5.439,5.442,17520.5
2024-01-20 09:30:00,5.442,5.45,5.395,5.411,5866.3
2024-01-20 10:00:00,5.411,5.46,5.411,5.455,9855.5
2024-01-20 10:30:00,5.455,5.459,5.428,5.432,5250.0
2024-01-20 11:00:00,5.432,5.436,5.406,5.432,3843.7
2024-01-20 11:30:00,5.432,5.459,5.432,5.445,1612.0
2024-01-20 12:00:00,5.445,5.464,5.433,5.459,3520.5
2024-01-20 12:30:00,5.459,5.464,5.431,5.447,3543.1
2024-01-20 13:00:00,5.447,5.464,5.433,5.46,4226.4
2024-01-20 13:30:00,5.46,5.462,5.447,5.459,1903.1
2024-01-20 14:00:00,5.459,5.46,5.395,5.423,14984.7
2024-01-20 14:30:00,5.423,5.437,5.411,5.422,2399.5
2024-01-20 15:00:00,5.422,5.446,5.382,5.439,4500.1
2024-01-20 15:30:00,5.439,5.454,5.42,5.421,5050.8
2024-01-20 16:00:00,5.421,5.451,5.417,5.434,3823.5
2024-01-20 16:30:00,5.434,5.435,5.401,5.411,2268.8
2024-01-20 17:00:00,5.411,5.454,5.411,5.444,2464.9
2024-01-20 17:30:00,5.444,5.451,5.408,5.443,2294.0
2024-01-20 18:00:00,5.443,5.452,5.419,5.45,2594.3
2024-01-20 18:30:00,5.45,5.466,5.435,5.437,6034.6
2024-01-20 19:00:00,5.437,5.463,5.435,5.463,2662.3
2024-01-20 19:30:00,5.463,5.464,5.446,5.463,1559.8
2024-01-20 20:00:00,5.463,5.499,5.453,5.495,3313.7
2024-01-20 20:30:00,5.495,5.545,5.495,5.534,5235.0
2024-01-20 21:00:00,5.534,5.55,5.508,5.515,10372.8
2024-01-20 21:30:00,5.515,5.526,5.504,5.506,2600.0
2024-01-20 22:00:00,5.506,5.515,5.493,5.499,2648.2
2024-01-20 22:30:00,5.499,5.522,5.493,5.513,4592.3
2024-01-20 23:00:00,5.513,5.513,5.489,5.5,3247.7
2024-01-20 23:30:00,5.5,5.535,5.493,5.513,3637.3
2024-01-21 00:00:00,5.513,5.513,5.47,5.498,3452.7
2024-01-21 00:30:00,5.498,5.498,5.455,5.467,7387.1
2024-01-21 01:00:00,5.467,5.495,5.46,5.487,2676.5
2024-01-21 01:30:00,5.487,5.5,5.472,5.481,2967.7
2024-01-21 02:00:00,5.481,5.504,5.477,5.499,2806.3
2024-01-21 02:30:00,5.499,5.537,5.483,5.531,3584.7
2024-01-21 03:00:00,5.531,5.551,5.531,5.538,3837.2
2024-01-21 03:30:00,5.538,5.538,5.519,5.528,5016.3
2024-01-21 04:00:00,5.528,5.546,5.517,5.535,2636.9
2024-01-21 04:30:00,5.535,5.564,5.532,5.539,2717.7
2024-01-21 05:00:00,5.539,5.543,5.515,5.531,12789.2
2024-01-21 05:30:00,5.531,5.535,5.496,5.497,3596.4
2024-01-21 06:00:00,5.497,5.518,5.478,5.495,2764.9
2024-01-21 06:30:00,5.495,5.504,5.489,5.503,2602.3
2024-01-21 07:00:00,5.503,5.507,5.483,5.504,8086.7
2024-01-21 07:30:00,5.504,5.52,5.504,5.513,3128.7
2024-01-21 08:00:00,5.513,5.541,5.503,5.525,6807.8
2024-01-21 08:30:00,5.525,5.532,5.504,5.505,3593.3
2024-01-21 09:00:00,5.505,5.527,5.504,5.518,1874.4
2024-01-21 09:30:00,5.518,5.541,5.507,5.541,3759.5
2024-01-21 10:00:00,5.541,5.548,5.527,5.546,4645.1
2024-01-21 10:30:00,5.546,5.547,5.531,5.537,1413.8
2024-01-21 11:00:00,5.537,5.541,5.524,5.525,1802.9
2024-01-21 11:30:00,5.525,5.526,5.502,5.509,4576.9
2024-01-21 12:00:00,5.509,5.515,5.503,5.504,2123.2
2024-01-21 12:30:00,5.504,5.504,5.484,5.489,4709.4
2024-01-21 13:00:00,5.489,5.505,5.486,5.503,7226.2
2024-01-21 13:30:00,5.503,5.529,5.501,5.521,2013.5
2024-01-21 14:00:00,5.521,5.529,5.505,5.507,2884.7
2024-01-21 14:30:00,5.507,5.547,5.507,5.542,2151.9
2024-01-21 15:00:00,5.542,5.554,5.509,5.515,8461.4
2024-01-21 15:30:00,5.515,5.516,5.46,5.476,11039.4
2024-01-21 16:00:00,5.476,5.484,5.429,5.441,12554.1
2024-01-21 16:30:00,5.441,5.464,5.414,5.447,2968.6
2024-01-21 17:00:00,5.447,5.48,5.444,5.477,2584.2
2024-01-21 17:30:00,5.477,5.478,5.457,5.464,1858.4
2024-01-21 18:00:00,5.464,5.475,5.442,5.457,3382.2
2024-01-21 18:30:00,5.457,5.464,5.428,5.438,5287.0
2024-01-21 19:00:00,5.438,5.443,5.413,5.428,949.4
2024-01-21 19:30:00,5.428,5.449,5.428,5.447,2728.9
2024-01-21 20:00:00,5.447,5.465,5.433,5.436,1316.4
2024-01-21 20:30:00,5.436,5.441,5.394,5.413,7212.2
2024-01-21 21:00:00,5.413,5.442,5.404,5.441,1590.9
2024-01-21 21:30:00,5.441,5.444,5.413,5.443,1795.2
2024-01-21 22:00:00,5.443,5.443,5.406,5.42,2090.0
2024-01-21 22:30:00,5.42,5.428,5.383,5.402,4275.9
2024-01-21 23:00:00,5.402,5.418,5.38,5.394,6742.0
2024-01-21 23:30:00,5.394,5.406,5.358,5.362,14482.9
2024-01-22 00:00:00,5.362,5.404,5.332,5.348,7876.2
2024-01-22 00:30:00,5.348,5.392,5.342,5.377,4004.7
2024-01-22 01:00:00,5.377,5.396,5.289,5.297,24422.4
2024-01-22 01:30:00,5.297,5.335,5.27,5.288,23688.2
2024-01-22 02:00:00,5.288,5.316,5.282,5.289,4772.4
2024-01-22 02:30:00,5.289,5.291,5.235,5.261,12896.6
2024-01-22 03:00:00,5.261,5.281,5.227,5.257,11267.8
2024-01-22 03:30:00,5.257,5.276,5.251,5.265,3657.7
2024-01-22 04:00:00,5.265,5.266,5.23,5.251,4895.2
2024-01-22 04:30:00,5.251,5.269,5.218,5.221,5536.7
2024-01-22 05:00:00,5.221,5.271,5.193,5.268,8265.0
2024-01-22 05:30:00,5.268,5.297,5.257,5.297,5020.1
2024-01-22 06:00:00,5.297,5.305,5.262,5.273,8263.2
2024-01-22 06:30:00,5.273,5.304,5.268,5.286,3762.5
2024-01-22 07:00:00,5.286,5.288,5.265,5.27,2764.1
2024-01-22 07:30:00,5.27,5.278,5.243,5.255,6126.0
2024-01-22 08:00:00,5.255,5.257,5.226,5.232,4952.4
2024-01-22 08:30:00,5.232,5.247,5.179,5.246,29096.3
2024-01-22 09:00:00,5.246,5.273,5.228,5.269,33049.3
2024-01-22 09:30:00,5.269,5.269,5.209,5.241,34879.2
2024-01-22 10:00:00,5.241,5.256,5.165,5.174,9445.2
2024-01-22 10:30:00,5.174,5.232,5.174,5.229,16607.4
2024-01-22 11:00:00,5.229,5.253,5.223,5.227,4673.4
2024-01-22 11:30:00,5.227,5.235,5.206,5.209,4072.2
2024-01-22 12:00:00,5.209,5.213,5.169,5.192,8426.8
2024-01-22 12:30:00,5.192,5.221,5.177,5.216,7628.5
2024-01-22 13:00:00,5.216,5.273,5.214,5.253,10131.0
2024-01-22 13:30:00,5.253,5.283,5.214,5.28,29999.0
2024-01-22 14:00:00,5.28,5.296,5.232,5.235,13079.7
2024-01-22 14:30:00,5.235,5.266,5.169,5.213,25988.7
2024-01-22 15:00:00,5.213,5.225,5.108,5.15,65375.7
2024-01-22 15:30:00,5.15,5.239,5.138,5.228,39110.9
2024-01-22 16:00:00,5.228,5.254,5.19,5.193,5758.4
2024-01-22 16:30:00,5.193,5.213,5.174,5.175,27736.4
2024-01-22 17:00:00,5.175,5.198,5.148,5.161,12268.6
2024-01-22 17:30:00,5.161,5.208,5.154,5.189,18659.5
2024-01-22 18:00:00,5.189,5.246,5.17,5.214,5503.8
2024-01-22 18:30:00,5.214,5.23,5.141,5.203,10580.6
2024-01-22 19:00:00,5.203,5.246,5.1,5.102,65168.8
2024-01-22 19:30:00,5.102,5.119,5.013,5.094,54506.6
2024-01-22 20:00:00,5.094,5.181,5.084,5.169,13760.2
2024-01-22 20:30:00,5.169,5.184,5.131,5.141,7124.9
2024-01-22 21:00:00,5.141,5.143,5.106,5.116,1840.6
2024-01-22 21:30:00,5.116,5.119,5.078,5.098,8059.6
2024-01-22 22:00:00,5.098,5.122,5.069,5.09,29178.5
2024-01-22 22:30:00,5.09,5.094,5.011,5.055,22284.8
2024-01-22 23:00:00,5.055,5.082,5.03,5.042,9122.4
2024-01-22 23:30:00,5.042,5.05,5.022,5.043,3948.6
2024-01-23 00:00:00,5.043,5.093,5.04,5.068,6558.4
2024-01-23 00:30:00,5.068,5.085,5.019,5.07,11895.1
2024-01-23 01:00:00,5.07,5.099,5.055,5.08,2757.7
2024-01-23 01:30:00,5.08,5.083,5.036,5.06,4862.6
2024-01-23 02:00:00,5.06,5.105,5.055,5.093,5510.9
2024-01-23 02:30:00,5.093,5.127,5.085,5.127,5146.0
2024-01-23 03:00:00,5.127,5.138,5.104,5.108,4231.3
2024-01-23 03:30:00,5.108,5.121,5.093,5.097,4018.6
2024-01-23 04:00:00,5.097,5.134,5.097,5.13,2632.6
2024-01-23 04:30:00,5.13,5.131,5.099,5.101,4333.7
2024-01-23 05:00:00,5.101,5.113,5.097,5.106,3827.7
2024-01-23 05:30:00,5.106,5.128,5.104,5.116,10773.7
2024-01-23 06:00:00,5.116,5.124,5.092,5.124,9008.8
2024-01-23 06:30:00,5.124,5.124,5.078,5.088,3441.7
2024-01-23 07:00:00,5.088,5.089,5.04,5.048,10152.2
2024-01-23 07:30:00,5.048,5.068,4.973,5.007,55482.3
2024-01-23 08:00:00,5.007,5.035,4.91,4.943,53334.1
2024-01-23 08:30:00,4.943,4.95,4.853,4.893,48512.5
2024-01-23 09:00:00,4.893,4.907,4.639,4.661,96608.6
2024-01-23 09:30:00,4.661,4.782,4.655,4.727,50846.2
2024-01-23 10:00:00,4.727,4.813,4.724,4.806,14050.3
2024-01-23 10:30:00,4.806,4.806,4.734,4.744,53051.4
2024-01-23 11:00:00,4.744,4.778,4.736,4.752,6101.5
2024-01-23 11:30:00,4.752,4.78,4.72,4.747,16456.4
2024-01-23 12:00:00,4.747,4.784,4.729,4.751,12417.2
2024-01-23 12:30:00,4.751,4.764,4.705,4.757,15539.9
2024-01-23 13:00:00,4.757,4.757,4.693,4.697,7091.6
2024-01-23 13:30:00,4.697,4.746,4.681,4.687,14935.1
2024-01-23 14:00:00,4.687,4.711,4.61,4.702,49401.5
2024-01-23 14:30:00,4.702,4.776,4.676,4.771,15796.3
2024-01-23 15:00:00,4.771,4.834,4.771,4.815,15849.8
2024-01-23 15:30:00,4.815,4.872,4.795,4.83,18354.8
2024-01-23 16:00:00,4.83,4.837,4.8,4.824,8910.9
2024-01-23 16:30:00,4.824,4.853,4.79,4.843,11291.8
2024-01-23 17:00:00,4.843,4.877,4.828,4.846,74860.3
2024-01-23 17:30:00,4.846,4.885,4.826,4.835,9428.8
2024-01-23 18:00:00,4.835,4.882,4.833,4.84,5603.9
2024-01-23 18:30:00,4.84,4.843,4.784,4.791,31175.7
2024-01-23 19:00:00,4.791,4.812,4.779,4.789,6618.2
2024-01-23 19:30:00,4.789,4.796,4.761,4.771,11736.0
2024-01-23 20:00:00,4.771,4.815,4.77,4.787,3709.6
2024-01-23 20:30:00,4.787,4.8,4.756,4.778,3213.2
2024-01-23 21:00:00,4.778,4.801,4.741,4.756,3903.9
2024-01-23 21:30:00,4.756,4.793,4.753,4.778,2126.2
2024-01-23 22:00:00,4.778,4.813,4.775,4.811,5548.2
2024-01-23 22:30:00,4.811,4.854,4.811,4.842,7537.8
2024-01-23 23:00:00,4.842,4.895,4.842,4.895,6367.5
2024-01-23 23:30:00,4.895,4.895,4.872,4.892,9134.3
2024-01-24 00:00:00,4.892,4.903,4.859,4.868,12667.2
2024-01-24 00:30:00,4.868,4.916,4.846,4.898,7861.3
2024-01-24 01:00:00,4.898,4.9,4.845,4.86,7753.7
2024-01-24 01:30:00,4.86,4.867,4.814,4.816,16689.7
2024-01-24 02:00:00,4.816,4.853,4.805,4.839,10476.3
2024-01-24 02:30:00,4.839,4.857,4.82,4.838,3794.6
2024-01-24 03:00:00,4.838,4.857,4.821,4.829,7873.3
2024-01-24 03:30:00,4.829,4.843,4.821,4.832,1397.1
2024-01-24 04:00:00,4.832,4.84,4.814,4.836,4135.1
2024-01-24 04:30:00,4.836,4.839,4.801,4.803,8037.1
2024-01-24 05:00:00,4.803,4.847,4.798,4.828,7359.0
2024-01-24 05:30:00,4.828,4.842,4.804,4.825,5852.9
2024-01-24 06:00:00,4.825,4.837,4.796,4.82,4265.7
2024-01-24 06:30:00,4.82,4.844,4.82,4.843,5599.7
2024-01-24 07:00:00,4.843,4.882,4.824,4.881,9845.9
2024-01-24 07:30:00,4.881,4.884,4.841,4.855,2747.6
2024-01-24 08:00:00,4.855,4.887,4.848,4.853,4244.7
2024-01-24 08:30:00,4.853,4.882,4.843,4.879,1587.7
2024-01-24 09:00:00,4.879,4.905,4.874,4.894,15157.6
2024-01-24 09:30:00,4.894,4.898,4.869,4.893,3380.4
2024-01-24 10:00:00,4.893,4.92,4.881,4.918,7589.8
2024-01-24 10:30:00,4.918,4.966,4.909,4.946,6458.4
2024-01-24 11:00:00,4.946,4.951,4.898,4.925,3871.2
2024-01-24 11:30:00,4.925,4.935,4.9,4.914,6116.0
2024-01-24 12:00:00,4.914,4.938,4.911,4.92,2073.7
2024-01-24 12:30:00,4.92,4.938,4.877,4.884,7849.3
2024-01-24 13:00:00,4.884,4.898,4.866,4.895,6945.1
2024-01-24 13:30:00,4.895,4.895,4.834,4.856,9815.9
2024-01-24 14:00:00,4.856,4.871,4.837,4.865,4787.4
2024-01-24 14:30:00,4.865,4.898,4.856,4.883,6109.6
2024-01-24 15:00:00,4.883,4.952,4.874,4.942,5094.8
2024-01-24 15:30:00,4.942,4.955,4.908,4.94,7151.8
2024-01-24 16:00:00,4.94,4.949,4.907,4.937,4272.0
2024-01-24 16:30:00,4.937,4.963,4.907,4.963,6352.5
2024-01-24 17:00:00,4.963,4.963,4.922,4.947,2971.8
2024-01-24 17:30:00,4.947,5.023,4.939,4.984,41440.6
2024-01-24 18:00:00,4.984,4.984,4.897,4.935,13587.7
2024-01-24 18:30:00,4.935,4.965,4.924,4.932,3680.8
2024-01-24 19:00:00,4.932,4.948,4.925,4.932,4492.5
2024-01-24 19:30:00,4.932,4.945,4.906,4.936,1471.1
2024-01-24 20:00:00,4.936,4.971,4.929,4.944,3621.1
2024-01-24 20:30:00,4.944,4.944,4.886,4.89,3279.5
2024-01-24 21:00:00,4.89,4.935,4.89,4.924,4655.6
2024-01-24 21:30:00,4.924,4.937,4.912,4.933,7963.2
2024-01-24 22:00:00,4.933,4.959,4.926,4.952,12804.7
2024-01-24 22:30:00,4.952,4.969,4.935,4.943,4167.6
2024-01-24 23:00:00,4.943,4.988,4.943,4.987,4948.0
2024-01-24 23:30:00,4.987,5.012,4.982,5.006,7163.6
2024-01-25 00:00:00,5.006,5.016,4.982,4.988,13490.5
2024-01-25 00:30:00,4.988,5.032,4.988,5.014,7918.3
2024-01-25 01:00:00,5.014,5.016,4.987,4.997,3907.0
2024-01-25 01:30:00,4.997,5.0,4.948,4.957,7959.6
2024-01-25 02:00:00,4.957,4.976,4.955,4.967,1766.0
2024-01-25 02:30:00,4.967,4.968,4.933,4.94,8743.7
2024-01-25 03:00:00,4.94,4.971,4.935,4.969,3830.8
2024-01-25 03:30:00,4.969,4.981,4.955,4.962,26050.4
2024-01-25 04:00:00,4.962,4.977,4.952,4.972,13794.5
2024-01-25 04:30:00,4.972,4.983,4.942,4.957,4269.7
2024-01-25 05:00:00,4.957,4.957,4.902,4.914,12170.0
2024-01-25 05:30:00,4.914,4.929,4.908,4.91,3659.5
2024-01-25 06:00:00,4.91,4.934,4.9,4.914,2561.9
2024-01-25 06:30:00,4.914,4.958,4.894,4.95,11484.5
2024-01-25 07:00:00,4.95,4.971,4.933,4.961,3824.9
2024-01-25 07:30:00,4.961,4.969,4.944,4.968,5305.3
2024-01-25 08:00:00,4.968,4.976,4.951,4.955,4966.1
2024-01-25 08:30:00,4.955,4.959,4.944,4.953,1878.9
2024-01-25 09:00:00,4.953,4.976,4.948,4.964,2124.7
2024-01-25 09:30:00,4.964,4.971,4.926,4.927,11828.8
2024-01-25 10:00:00,4.927,4.933,4.891,4.918,10593.3
2024-01-25 10:30:00,4.918,4.949,4.918,4.949,2831.6
2024-01-25 11:00:00,4.949,4.962,4.926,4.959,10349.2
2024-01-25 11:30:00,4.959,4.975,4.94,4.944,5446.5
2024-01-25 12:00:00,4.944,4.964,4.907,4.907,7569.3
2024-01-25 12:30:00,4.907,4.912,4.844,4.864,13564.0
2024-01-25 13:00:00,4.864,4.895,4.859,4.869,5592.1
2024-01-25 13:30:00,4.869,4.899,4.845,4.876,8233.3
2024-01-25 14:00:00,4.876,4.895,4.862,4.886,6185.6
2024-01-25 14:30:00,4.886,4.909,4.857,4.882,7931.4
2024-01-25 15:00:00,4.882,4.887,4.836,4.861,6533.3
2024-01-25 15:30:00,4.861,4.874,4.823,4.851,10725.2
2024-01-25 16:00:00,4.851,4.878,4.827,4.872,2485.6
2024-01-25 16:30:00,4.872,4.904,4.857,4.859,1720.4
2024-01-25 17:00:00,4.859,4.895,4.838,4.891,5623.1
2024-01-25 17:30:00,4.891,4.927,4.889,4.92,3455.4
2024-01-25 18:00:00,4.92,4.965,4.92,4.953,4875.8
2024-01-25 18:30:00,4.953,4.965,4.92,4.93,11053.4
2024-01-25 19:00:00,4.93,4.961,4.918,4.955,1128.6
2024-01-25 19:30:00,4.955,4.981,4.947,4.972,1660.3
2024-01-25 20:00:00,4.972,4.973,4.951,4.961,3754.5
2024-01-25 20:30:00,4.961,4.968,4.932,4.963,838.4
2024-01-25 21:00:00,4.963,4.993,4.962,4.972,5304.7
2024-01-25 21:30:00,4.972,4.978,4.955,4.974,1817.8
2024-01-25 22:00:00,4.974,4.977,4.942,4.945,1683.5
2024-01-25 22:30:00,4.945,4.975,4.944,4.969,4216.5
2024-01-25 23:00:00,4.969,4.975,4.947,4.954,3063.4
2024-01-25 23:30:00,4.954,4.978,4.95,4.964,4357.3
2024-01-26 00:00:00,4.964,4.966,4.912,4.922,9637.7
2024-01-26 00:30:00,4.922,4.951,4.922,4.939,5192.5
2024-01-26 01:00:00,4.939,4.941,4.909,4.932,1102.8
2024-01-26 01:30:00,4.932,4.956,4.929,4.945,15039.7
2024-01-26 02:00:00,4.945,5.001,4.937,4.992,3511.3
2024-01-26 02:30:00,4.992,5.003,4.962,4.976,5058.8
2024-01-26 03:00:00,4.976,4.99,4.969,4.972,4113.0
2024-01-26 03:30:00,4.972,4.983,4.965,4.974,823.4
2024-01-26 04:00:00,4.974,4.987,4.969,4.969,2647.0
2024-01-26 04:30:00,4.969,4.993,4.961,4.967,4206.4
2024-01-26 05:00:00,4.967,4.975,4.952,4.962,3853.5
2024-01-26 05:30:00,4.962,4.973,4.955,4.959,7067.5
2024-01-26 06:00:00,4.959,4.978,4.959,4.967,871.0
2024-01-26 06:30:00,4.967,4.973,4.93,4.931,2535.7
2024-01-26 07:00:00,4.931,4.947,4.929,4.929,2125.4
2024-01-26 07:30:00,4.929,4.944,4.925,4.932,2154.6
2024-01-26 08:00:00,4.932,4.969,4.931,4.957,1032.5
2024-01-26 08:30:00,4.957,4.968,4.945,4.961,3265.1
2024-01-26 09:00:00,4.961,4.983,4.961,4.977,4501.4
2024-01-26 09:30:00,4.977,5.015,4.956,4.958,9226.7
2024-01-26 10:00:00,4.958,4.998,4.958,4.998,5069.1
2024-01-26 10:30:00,4.998,5.06,4.99,5.057,34714.7
2024-01-26 11:00:00,5.057,5.098,5.057,5.095,20786.8
2024-01-26 11:30:00,5.095,5.133,5.095,5.118,15520.6
2024-01-26 12:00:00,5.118,5.195,5.099,5.166,36434.1
2024-01-26 12:30:00,5.166,5.186,5.136,5.144,13169.1
2024-01-26 13:00:00,5.144,5.18,5.143,5.162,7954.9
2024-01-26 13:30:00,5.162,5.173,5.109,5.128,9042.7
2024-01-26 14:00:00,5.128,5.163,5.123,5.152,8896.5
2024-01-26 14:30:00,5.152,5.204,5.146,5.203,7027.1
2024-01-26 15:00:00,5.203,5.215,5.167,5.169,4952.8
2024-01-26 15:30:00,5.169,5.198,5.157,5.183,9937.1
2024-01-26 16:00:00,5.183,5.22,5.182,5.207,6265.8
2024-01-26 16:30:00,5.207,5.222,5.184,5.215,10739.2
2024-01-26 17:00:00,5.215,5.227,5.174,5.18,9748.8
2024-01-26 17:30:00,5.18,5.199,5.174,5.181,4555.3
2024-01-26 18:00:00,5.181,5.192,5.169,5.184,5531.1
2024-01-26 18:30:00,5.184,5.191,5.172,5.18,2477.2
2024-01-26 19:00:00,5.18,5.185,5.157,5.158,2963.7
2024-01-26 19:30:00,5.158,5.164,5.143,5.16,7532.5
2024-01-26 20:00:00,5.16,5.184,5.151,5.158,3770.0
2024-01-26 20:30:00,5.158,5.159,5.129,5.137,8484.9
2024-01-26 21:00:00,5.137,5.147,5.122,5.139,1752.6
2024-01-26 21:30:00,5.139,5.16,5.139,5.155,1405.4
2024-01-26 22:00:00,5.155,5.162,5.133,5.161,2189.0
2024-01-26 22:30:00,5.161,5.172,5.152,5.169,1726.7
2024-01-26 23:00:00,5.169,5.179,5.155,5.165,4134.1
2024-01-26 23:30:00,5.165,5.179,5.154,5.171,2787.3
2024-01-27 00:00:00,5.171,5.207,5.162,5.184,6920.8
2024-01-27 00:30:00,5.184,5.194,5.168,5.193,2812.0
2024-01-27 01:00:00,5.193,5.203,5.18,5.202,2973.9
2024-01-27 01:30:00,5.202,5.21,5.172,5.19,2663.7
2024-01-27 02:00:00,5.19,5.206,5.186,5.193,4204.6
2024-01-27 02:30:00,5.193,5.202,5.182,5.186,5832.7
2024-01-27 03:00:00,5.186,5.192,5.172,5.187,1676.2
2024-01-27 03:30:00,5.187,5.191,5.176,5.189,6036.6
2024-01-27 04:00:00,5.189,5.198,5.177,5.195,2272.3
2024-01-27 04:30:00,5.195,5.196,5.18,5.187,1084.5
2024-01-27 05:00:00,5.187,5.187,5.166,5.166,2339.1
2024-01-27 05:30:00,5.166,5.172,5.122,5.134,5288.8
2024-01-27 06:00:00,5.134,5.166,5.134,5.155,3351.4
2024-01-27 06:30:00,5.155,5.155,5.129,5.135,7935.0
2024-01-27 07:00:00,5.135,5.147,5.107,5.118,12521.3
2024-01-27 07:30:00,5.118,5.143,5.116,5.142,5610.4
2024-01-27 08:00:00,5.142,5.143,5.126,5.137,1973.6
2024-01-27 08:30:00,5.137,5.142,5.116,5.126,6426.1
2024-01-27 09:00:00,5.126,5.171,5.116,5.166,17364.8
2024-01-27 09:30:00,5.166,5.245,5.166,5.224,15048.8
2024-01-27 10:00:00,5.224,5.282,5.213,5.232,19966.0
2024-01-27 10:30:00,5.232,5.277,5.214,5.255,8035.3
2024-01-27 11:00:00,5.255,5.285,5.246,5.256,14302.2
2024-01-27 11:30:00,5.256,5.272,5.242,5.252,10600.7
2024-01-27 12:00:00,5.252,5.288,5.245,5.27,7241.9
2024-01-27 12:30:00,5.27,5.273,5.243,5.253,5595.3
2024-01-27 13:00:00,5.253,5.258,5.234,5.241,11194.5
2024-01-27 13:30:00,5.241,5.255,5.234,5.243,4575.6
2024-01-27 14:00:00,5.243,5.256,5.232,5.24,18992.3
2024-01-27 14:30:00,5.24,5.252,5.224,5.232,4217.9
2024-01-27 15:00:00,5.232,5.262,5.217,5.252,9408.0
2024-01-27 15:30:00,5.252,5.259,5.236,5.254,5402.8
2024-01-27 16:00:00,5.254,5.273,5.249,5.267,4926.4
2024-01-27 16:30:00,5.267,5.271,5.231,5.24,6142.7
2024-01-27 17:00:00,5.24,5.303,5.238,5.278,6460.2
2024-01-27 17:30:00,5.278,5.299,5.275,5.296,4698.5
2024-01-27 18:00:00,5.296,5.32,5.281,5.318,4338.7
2024-01-27 18:30:00,5.318,5.365,5.317,5.361,9820.1
2024-01-27 19:00:00,5.361,5.375,5.336,5.365,3626.6
2024-01-27 19:30:00,5.365,5.394,5.363,5.374,4583.7
2024-01-27 20:00:00,5.374,5.385,5.353,5.36,3276.9
2024-01-27 20:30:00,5.36,5.366,5.336,5.343,6654.1
2024-01-27 21:00:00,5.343,5.355,5.324,5.345,5278.2
2024-01-27 21:30:00,5.345,5.35,5.318,5.329,5992.9
2024-01-27 22:00:00,5.329,5.34,5.315,5.338,6616.1
2024-01-27 22:30:00,5.338,5.348,5.333,5.343,11926.3
2024-01-27 23:00:00,5.343,5.356,5.328,5.34,1899.4
2024-01-27 23:30:00,5.34,5.34,5.308,5.326,4368.9
2024-01-28 00:00:00,5.326,5.358,5.316,5.326,4435.3
2024-01-28 00:30:00,5.326,5.344,5.308,5.339,1881.1
2024-01-28 01:00:00,5.339,5.378,5.335,5.368,10383.0
2024-01-28 01:30:00,5.368,5.378,5.332,5.34,9911.9
2024-01-28 02:00:00,5.34,5.356,5.329,5.348,7768.7
2024-01-28 02:30:00,5.348,5.355,5.328,5.335,5322.9
2024-01-28 03:00:00,5.335,5.356,5.326,5.355,1525.7
2024-01-28 03:30:00,5.355,5.388,5.348,5.388,6060.7
2024-01-28 04:00:00,5.388,5.393,5.363,5.376,8336.1
2024-01-28 04:30:00,5.376,5.406,5.366,5.402,9070.3
2024-01-28 05:00:00,5.402,5.41,5.382,5.383,7121.2
2024-01-28 05:30:00,5.383,5.383,5.351,5.367,2531.2
2024-01-28 06:00:00,5.367,5.372,5.338,5.34,7931.4
2024-01-28 06:30:00,5.34,5.347,5.316,5.331,20800.9
2024-01-28 07:00:00,5.331,5.345,5.322,5.328,12955.1
2024-01-28 07:30:00,5.328,5.331,5.292,5.3,7474.3
2024-01-28 08:00:00,5.3,5.329,5.273,5.319,12354.2
2024-01-28 08:30:00,5.319,5.339,5.314,5.33,6795.5
2024-01-28 09:00:00,5.33,5.34,5.321,5.336,3350.2
2024-01-28 09:30:00,5.336,5.343,5.321,5.324,14526.3
2024-01-28 10:00:00,5.324,5.338,5.318,5.32,5752.4
2024-01-28 10:30:00,5.32,5.334,5.308,5.319,10078.7
2024-01-28 11:00:00,5.319,5.323,5.274,5.282,4984.0
2024-01-28 11:30:00,5.282,5.282,5.232,5.269,16322.2
2024-01-28 12:00:00,5.269,5.273,5.191,5.222,13033.1
2024-01-28 12:30:00,5.222,5.235,5.201,5.232,5657.4
2024-01-28 13:00:00,5.232,5.246,5.2,5.239,4123.1
2024-01-28 13:30:00,5.239,5.27,5.228,5.267,4752.5
2024-01-28 14:00:00,5.267,5.281,5.253,5.266,2394.4
2024-01-28 14:30:00,5.266,5.268,5.218,5.226,4921.4
2024-01-28 15:00:00,5.226,5.268,5.223,5.259,3384.8
2024-01-28 15:30:00,5.259,5.267,5.225,5.259,6065.0
2024-01-28 16:00:00,5.259,5.286,5.257,5.275,10469.2
2024-01-28 16:30:00,5.275,5.294,5.245,5.28,6322.3
2024-01-28 17:00:00,5.28,5.29,5.254,5.263,3467.4
2024-01-28 17:30:00,5.263,5.269,5.242,5.247,8050.8
2024-01-28 18:00:00,5.247,5.255,5.183,5.197,7851.8
2024-01-28 18:30:00,5.197,5.231,5.197,5.205,2964.5
2024-01-28 19:00:00,5.205,5.217,5.192,5.213,1802.1
2024-01-28 19:30:00,5.213,5.218,5.144,5.191,16028.4
2024-01-28 20:00:00,5.191,5.204,5.142,5.181,7762.8
2024-01-28 20:30:00,5.181,5.225,5.177,5.216,5746.6
2024-01-28 21:00:00,5.216,5.22,5.196,5.199,5641.2
2024-01-28 21:30:00,5.199,5.214,5.181,5.203,1521.7
2024-01-28 22:00:00,5.203,5.205,5.16,5.163,2108.1
2024-01-28 22:30:00,5.163,5.176,5.124,5.157,7664.2
2024-01-28 23:00:00,5.157,5.176,5.135,5.176,2433.7
2024-01-28 23:30:00,5.176,5.201,5.173,5.194,3449.6
2024-01-29 00:00:00,5.194,5.198,5.168,5.193,1097.9
2024-01-29 00:30:00,5.193,5.208,5.174,5.186,2456.1
2024-01-29 01:00:00,5.186,5.231,5.184,5.228,1844.2
2024-01-29 01:30:00,5.228,5.245,5.207,5.21,1865.7
2024-01-29 02:00:00,5.21,5.247,5.205,5.241,5193.0
2024-01-29 02:30:00,5.241,5.25,5.228,5.234,1160.9
2024-01-29 03:00:00,5.234,5.268,5.232,5.267,1163.0
2024-01-29 03:30:00,5.267,5.28,5.246,5.247,1654.0
2024-01-29 04:00:00,5.247,5.252,5.229,5.231,1345.5
2024-01-29 04:30:00,5.231,5.247,5.225,5.244,1052.1
2024-01-29 05:00:00,5.244,5.26,5.232,5.241,3279.0
2024-01-29 05:30:00,5.241,5.242,5.219,5.231,1076.1
2024-01-29 06:00:00,5.231,5.258,5.231,5.247,3161.0
2024-01-29 06:30:00,5.247,5.253,5.234,5.242,5682.6
2024-01-29 07:00:00,5.242,5.269,5.242,5.251,2727.0
2024-01-29 07:30:00,5.251,5.252,5.206,5.211,4246.7
2024-01-29 08:00:00,5.211,5.226,5.181,5.198,5770.9
2024-01-29 08:30:00,5.198,5.224,5.191,5.216,1045.0
2024-01-29 09:00:00,5.216,5.235,5.187,5.227,3839.9
2024-01-29 09:30:00,5.227,5.268,5.225,5.258,10116.1
2024-01-29 10:00:00,5.258,5.27,5.234,5.236,2597.2
2024-01-29 10:30:00,5.236,5.261,5.233,5.248,3057.3
2024-01-29 11:00:00,5.248,5.256,5.234,5.237,1838.4
2024-01-29 11:30:00,5.237,5.244,5.214,5.225,4530.1
2024-01-29 12:00:00,5.225,5.243,5.206,5.206,3392.9
2024-01-29 12:30:00,5.206,5.216,5.171,5.197,6185.6
2024-01-29 13:00:00,5.197,5.202,5.152,5.153,7285.4
2024-01-29 13:30:00,5.153,5.166,5.114,5.132,14137.5
2024-01-29 14:00:00,5.132,5.158,5.126,5.144,5331.1
2024-01-29 14:30:00,5.144,5.146,5.105,5.138,71643.8
2024-01-29 15:00:00,5.138,5.173,5.132,5.164,9768.0
2024-01-29 15:30:00,5.164,5.245,5.143,5.245,18014.4
2024-01-29 16:00:00,5.245,5.295,5.216,5.289,19260.4
2024-01-29 16:30:00,5.289,5.339,5.266,5.329,32021.3
2024-01-29 17:00:00,5.329,5.349,5.303,5.335,15070.0
2024-01-29 17:30:00,5.335,5.353,5.304,5.312,4175.8
2024-01-29 18:00:00,5.312,5.368,5.312,5.347,12368.5
2024-01-29 18:30:00,5.347,5.355,5.311,5.327,21546.6
2024-01-29 19:00:00,5.327,5.348,5.316,5.319,5155.6
2024-01-29 19:30:00,5.319,5.333,5.303,5.303,17306.5
2024-01-29 20:00:00,5.303,5.33,5.293,5.302,19797.8
2024-01-29 20:30:00,5.302,5.33,5.293,5.326,2944.3
2024-01-29 21:00:00,5.326,5.331,5.311,5.316,6412.0
2024-01-29 21:30:00,5.316,5.333,5.311,5.321,8974.1
2024-01-29 22:00:00,5.321,5.353,5.319,5.351,9437.2
2024-01-29 22:30:00,5.351,5.359,5.327,5.338,4263.7
2024-01-29 23:00:00,5.338,5.348,5.32,5.326,3417.8
2024-01-29 23:30:00,5.326,5.347,5.325,5.334,7090.6
2024-01-30 00:00:00,5.334,5.336,5.306,5.326,10427.2
2024-01-30 00:30:00,5.326,5.326,5.279,5.298,21727.5
2024-01-30 01:00:00,5.298,5.35,5.282,5.35,8733.3
2024-01-30 01:30:00,5.35,5.357,5.318,5.32,10211.0
2024-01-30 02:00:00,5.32,5.359,5.32,5.338,4627.9
2024-01-30 02:30:00,5.338,5.378,5.318,5.327,8206.8
2024-01-30 03:00:00,5.327,5.335,5.291,5.295,9792.9
2024-01-30 03:30:00,5.295,5.297,5.276,5.284,5488.0
2024-01-30 04:00:00,5.284,5.304,5.276,5.281,2988.6
2024-01-30 04:30:00,5.281,5.291,5.273,5.289,6154.4
2024-01-30 05:00:00,5.289,5.297,5.278,5.282,2804.2
2024-01-30 05:30:00,5.282,5.293,5.267,5.284,9738.2
2024-01-30 06:00:00,5.284,5.291,5.272,5.279,2811.1
2024-01-30 06:30:00,5.279,5.282,5.243,5.268,23842.4
2024-01-30 07:00:00,5.268,5.284,5.258,5.284,5194.6
2024-01-30 07:30:00,5.284,5.29,5.269,5.269,2446.0
2024-01-30 08:00:00,5.269,5.299,5.251,5.297,8286.7
2024-01-30 08:30:00,5.297,5.299,5.269,5.281,11810.9
2024-01-30 09:00:00,5.281,5.294,5.271,5.285,1866.7
2024-01-30 09:30:00,5.285,5.287,5.266,5.267,4496.6
2024-01-30 10:00:00,5.267,5.28,5.262,5.272,8441.5
2024-01-30 10:30:00,5.272,5.302,5.269,5.301,7282.6
2024-01-30 11:00:00,5.301,5.311,5.281,5.298,4631.1
2024-01-30 11:30:00,5.298,5.323,5.296,5.316,8562.9
2024-01-30 12:00:00,5.316,5.327,5.274,5.274,7684.0
2024-01-30 12:30:00,5.274,5.283,5.21,5.222,30530.0
2024-01-30 13:00:00,5.222,5.251,5.18,5.204,8068.1
2024-01-30 13:30:00,5.204,5.243,5.204,5.23,6844.4
2024-01-30 14:00:00,5.23,5.247,5.199,5.241,5763.2
2024-01-30 14:30:00,5.241,5.249,5.222,5.232,6173.1
2024-01-30 15:00:00,5.232,5.252,5.213,5.247,5011.1
2024-01-30 15:30:00,5.247,5.284,5.243,5.256,11236.7
2024-01-30 16:00:00,5.256,5.283,5.234,5.276,6963.4
2024-01-30 16:30:00,5.276,5.315,5.276,5.287,18533.8
2024-01-30 17:00:00,5.287,5.326,5.274,5.286,28402.5
2024-01-30 17:30:00,5.286,5.299,5.275,5.293,4364.2
2024-01-30 18:00:00,5.293,5.302,5.267,5.278,1510.1
2024-01-30 18:30:00,5.278,5.296,5.269,5.275,2949.8
2024-01-30 19:00:00,5.275,5.278,5.261,5.27,4381.5
2024-01-30 19:30:00,5.27,5.288,5.263,5.287,2535.9
2024-01-30 20:00:00,5.287,5.288,5.264,5.276,5307.4
2024-01-30 20:30:00,5.276,5.295,5.267,5.268,7309.5
2024-01-30 21:00:00,5.268,5.274,5.241,5.259,14610.4
2024-01-30 21:30:00,5.259,5.264,5.245,5.248,4718.6
2024-01-30 22:00:00,5.248,5.253,5.229,5.229,2745.5
2024-01-30 22:30:00,5.229,5.23,5.19,5.192,4902.9
2024-01-30 23:00:00,5.192,5.214,5.151,5.151,8073.7
2024-01-30 23:30:00,5.151,5.177,5.127,5.153,12099.2
2024-01-31 00:00:00,5.153,5.175,5.07,5.124,69535.5
2024-01-31 00:30:00,5.124,5.138,5.111,5.13,7863.9
2024-01-31 01:00:00,5.13,5.165,5.102,5.102,17601.5
2024-01-31 01:30:00,5.102,5.121,5.058,5.1,22917.5
2024-01-31 02:00:00,5.1,5.126,5.079,5.114,4898.3
2024-01-31 02:30:00,5.114,5.134,5.097,5.129,3873.8
2024-01-31 03:00:00,5.129,5.136,5.122,5.132,2421.6
2024-01-31 03:30:00,5.132,5.141,5.116,5.131,4862.3
2024-01-31 04:00:00,5.131,5.144,5.126,5.135,1984.6
2024-01-31 04:30:00,5.135,5.141,5.115,5.136,2784.9
2024-01-31 05:00:00,5.136,5.149,5.115,5.116,6419.8
2024-01-31 05:30:00,5.116,5.145,5.114,5.132,7530.7
2024-01-31 06:00:00,5.132,5.136,5.12,5.13,6749.3
2024-01-31 06:30:00,5.13,5.13,5.086,5.094,9234.6
2024-01-31 07:00:00,5.094,5.125,5.09,5.121,2074.5
2024-01-31 07:30:00,5.121,5.129,5.111,5.124,2230.4
2024-01-31 08:00:00,5.124,5.13,5.09,5.115,4873.4
2024-01-31 08:30:00,5.115,5.125,5.095,5.096,2290.8
2024-01-31 09:00:00,5.096,5.096,5.019,5.033,19572.0
2024-01-31 09:30:00,5.033,5.071,5.022,5.034,22527.6
2024-01-31 10:00:00,5.034,5.057,5.025,5.05,56242.3
2024-01-31 10:30:00,5.05,5.05,4.971,4.984,43162.6
2024-01-31 11:00:00,4.984,5.012,4.973,4.993,12967.6
2024-01-31 11:30:00,4.993,5.018,4.99,5.006,4249.3
2024-01-31 12:00:00,5.006,5.024,4.991,5.016,9252.5
2024-01-31 12:30:00,5.016,5.025,5.006,5.011,2661.3
2024-01-31 13:00:00,5.011,5.013,4.99,4.998,9376.1
2024-01-31 13:30:00,4.998,5.036,4.998,5.011,4231.9
2024-01-31 14:00:00,5.011,5.012,4.953,4.996,21381.2
2024-01-31 14:30:00,4.996,5.024,4.993,5.007,12063.8
2024-01-31 15:00:00,5.007,5.018,4.938,5.0,9471.7
2024-01-31 15:30:00,5.0,5.06,5.0,5.058,15013.2
2024-01-31 16:00:00,5.058,5.075,5.036,5.06,5243.0
2024-01-31 16:30:00,5.06,5.08,5.038,5.063,2761.8
2024-01-31 17:00:00,5.063,5.087,5.038,5.066,51189.4
2024-01-31 17:30:00,5.066,5.088,5.061,5.087,4568.2
2024-01-31 18:00:00,5.087,5.088,5.065,5.08,5156.6
2024-01-31 18:30:00,5.08,5.08,5.056,5.069,1981.2
2024-01-31 19:00:00,5.069,5.096,5.026,5.035,10210.5
2024-01-31 19:30:00,5.035,5.093,5.023,5.065,5240.1
2024-01-31 20:00:00,5.065,5.066,4.977,5.045,16423.7
2024-01-31 20:30:00,5.045,5.048,4.97,4.973,7539.6
2024-01-31 21:00:00,4.973,4.998,4.891,4.895,27118.7
2024-01-31 21:30:00,4.895,4.959,4.895,4.949,13026.5
2024-01-31 22:00:00,4.949,4.95,4.889,4.935,14608.6
2024-01-31 22:30:00,4.935,4.981,4.934,4.97,7951.5
2024-01-31 23:00:00,4.97,4.98,4.956,4.972,9243.2
2024-01-31 23:30:00,4.972,4.975,4.953,4.957,4453.5
2024-02-01 00:00:00,4.957,5.002,4.957,4.987,4180.5
2024-02-01 00:30:00,4.987,4.995,4.957,4.981,6825.0
2024-02-01 01:00:00,4.981,4.981,4.878,4.933,30490.5
2024-02-01 01:30:00,4.933,4.947,4.86,4.877,38707.2
2024-02-01 02:00:00,4.877,4.925,4.877,4.913,15839.8
2024-02-01 02:30:00,4.913,4.935,4.899,4.933,10102.5
2024-02-01 03:00:00,4.933,4.941,4.911,4.919,10294.9
2024-02-01 03:30:00,4.919,4.951,4.91,4.92,7638.1
2024-02-01 04:00:00,4.92,4.945,4.917,4.928,2038.8
2024-02-01 04:30:00,4.928,4.947,4.902,4.935,4927.7
2024-02-01 05:00:00,4.935,4.939,4.904,4.908,5682.6
2024-02-01 05:30:00,4.908,4.926,4.902,4.912,1653.2
2024-02-01 06:00:00,4.912,4.924,4.886,4.897,3100.0
2024-02-01 06:30:00,4.897,4.915,4.892,4.91,2265.8
2024-02-01 07:00:00,4.91,4.921,4.891,4.919,4334.5
2024-02-01 07:30:00,4.919,4.927,4.902,4.905,6529.2
2024-02-01 08:00:00,4.905,4.915,4.884,4.886,2989.2
2024-02-01 08:30:00,4.886,4.908,4.875,4.904,3034.3
2024-02-01 09:00:00,4.904,4.92,4.889,4.918,2579.5
2024-02-01 09:30:00,4.918,4.918,4.879,4.893,2843.6
2024-02-01 10:00:00,4.893,4.92,4.875,4.915,3252.8
2024-02-01 10:30:00,4.915,4.918,4.887,4.893,1535.2
2024-02-01 11:00:00,4.893,4.9,4.863,4.874,6183.2
2024-02-01 11:30:00,4.874,4.889,4.852,4.866,8606.3
2024-02-01 12:00:00,4.866,4.897,4.863,4.894,5411.3
2024-02-01 12:30:00,4.894,4.899,4.881,4.89,4778.1
2024-02-01 13:00:00,4.89,4.898,4.862,4.895,10563.7
2024-02-01 13:30:00,4.895,4.909,4.887,4.9,1160.6
2024-02-01 14:00:00,4.9,4.937,4.892,4.927,2625.3
2024-02-01 14:30:00,4.927,4.963,4.927,4.96,12104.3
2024-02-01 15:00:00,4.96,4.992,4.954,4.991,26165.5
2024-02-01 15:30:00,4.991,4.996,4.948,4.95,6154.3
2024-02-01 16:00:00,4.95,4.954,4.911,4.925,5987.8
2024-02-01 16:30:00,4.925,4.949,4.892,4.945,8040.8
2024-02-01 17:00:00,4.945,4.976,4.938,4.966,6746.2
2024-02-01 17:30:00,4.966,4.983,4.949,4.958,3682.6
2024-02-01 18:00:00,4.958,4.96,4.932,4.936,2273.1
2024-02-01 18:30:00,4.936,4.944,4.893,4.91,3012.3
2024-02-01 19:00:00,4.91,4.924,4.905,4.914,1775.8
2024-02-01 19:30:00,4.914,4.96,4.914,4.95,3425.7
2024-02-01 20:00:00,4.95,4.959,4.94,4.948,4270.0
2024-02-01 20:30:00,4.948,4.952,4.934,4.947,1269.0
2024-02-01 21:00:00,4.947,4.981,4.94,4.971,6381.9
2024-02-01 21:30:00,4.971,4.98,4.958,4.974,1545.1
2024-02-01 22:00:00,4.974,4.977,4.95,4.956,2085.1
2024-02-01 22:30:00,4.956,4.959,4.945,4.955,1441.6
2024-02-01 23:00:00,4.955,4.963,4.948,4.954,14055.6
2024-02-01 23:30:00,4.954,4.973,4.952,4.973,2682.5
2024-02-02 00:00:00,4.973,4.992,4.954,4.99,6423.3
2024-02-02 00:30:00,4.99,4.991,4.977,4.978,2385.7
2024-02-02 01:00:00,4.978,5.018,4.977,5.007,15112.6
2024-02-02 01:30:00,5.007,5.009,4.995,5.006,5405.9
2024-02-02 02:00:00,5.006,5.012,4.983,4.986,9888.9
2024-02-02 02:30:00,4.986,5.036,4.98,5.022,26921.2
2024-02-02 03:00:00,5.022,5.038,5.007,5.015,22742.4
2024-02-02 03:30:00,5.015,5.016,5.005,5.007,5006.3
2024-02-02 04:00:00,5.007,5.033,5.001,5.031,2907.9
2024-02-02 04:30:00,5.031,5.045,5.02,5.037,6413.5
2024-02-02 05:00:00,5.037,5.046,5.027,5.036,13942.3
2024-02-02 05:30:00,5.036,5.053,5.023,5.05,6369.1
2024-02-02 06:00:00,5.05,5.057,5.04,5.045,8137.2
2024-02-02 06:30:00,5.045,5.049,5.031,5.039,3345.2
2024-02-02 07:00:00,5.039,5.054,5.03,5.041,4947.0
2024-02-02 07:30:00,5.041,5.056,5.037,5.046,10173.2
2024-02-02 08:00:00,5.046,5.049,5.013,5.03,5577.0
2024-02-02 08:30:00,5.03,5.033,4.996,5.015,10192.7
2024-02-02 09:00:00,5.015,5.024,4.998,5.02,3839.5
2024-02-02 09:30:00,5.02,5.02,5.004,5.009,5520.9
2024-02-02 10:00:00,5.009,5.029,5.001,5.022,3645.9
2024-02-02 10:30:00,5.022,5.048,5.021,5.044,3512.7
2024-02-02 11:00:00,5.044,5.046,5.031,5.037,2198.5
2024-02-02 11:30:00,5.037,5.052,5.035,5.037,1948.5
2024-02-02 12:00:00,5.037,5.051,5.024,5.043,17773.4
2024-02-02 12:30:00,5.043,5.043,5.013,5.015,11102.0
2024-02-02 13:00:00,5.015,5.022,5.007,5.016,6596.0
2024-02-02 13:30:00,5.016,5.016,4.937,4.954,44267.4
2024-02-02 14:00:00,4.954,4.972,4.943,4.965,26653.9
2024-02-02 14:30:00,4.965,4.982,4.959,4.968,8095.1
2024-02-02 15:00:00,4.968,5.033,4.967,5.033,23908.1
2024-02-02 15:30:00,5.033,5.072,5.024,5.063,10946.5
2024-02-02 16:00:00,5.063,5.08,5.03,5.046,24092.8
2024-02-02 16:30:00,5.046,5.053,5.031,5.049,5127.8
2024-02-02 17:00:00,5.049,5.049,5.032,5.043,3702.4
2024-02-02 17:30:00,5.043,5.058,5.013,5.016,3704.2
2024-02-02 18:00:00,5.016,5.02,4.986,5.001,18566.6
2024-02-02 18:30:00,5.001,5.007,4.976,4.997,5230.9
2024-02-02 19:00:00,4.997,5.014,4.993,5.004,7260.4
2024-02-02 19:30:00,5.004,5.028,4.999,5.024,3367.0
2024-02-02 20:00:00,5.024,5.029,5.01,5.029,1777.6
2024-02-02 20:30:00,5.029,5.036,5.008,5.018,1690.4
2024-02-02 21:00:00,5.018,5.045,5.017,5.04,5829.6
2024-02-02 21:30:00,5.04,5.049,5.027,5.046,11996.4
2024-02-02 22:00:00,5.046,5.066,5.039,5.066,1249.3
2024-02-02 22:30:00,5.066,5.07,5.056,5.069,3293.8
2024-02-02 23:00:00,5.069,5.07,5.05,5.052,2250.1
2024-02-02 23:30:00,5.052,5.053,5.038,5.041,901.6
2024-02-03 00:00:00,5.041,5.221,5.028,5.215,85743.3
2024-02-03 00:30:00,5.215,5.298,5.21,5.251,50788.6
2024-02-03 01:00:00,5.251,5.31,5.233,5.245,64237.7
2024-02-03 01:30:00,5.245,5.255,5.191,5.2,34655.8
2024-02-03 02:00:00,5.2,5.211,5.168,5.199,13740.1
2024-02-03 02:30:00,5.199,5.221,5.178,5.185,16107.6
2024-02-03 03:00:00,5.185,5.193,5.164,5.172,12612.6
2024-02-03 03:30:00,5.172,5.209,5.164,5.202,14723.9
2024-02-03 04:00:00,5.202,5.205,5.168,5.17,13164.4
2024-02-03 04:30:00,5.17,5.187,5.161,5.173,3205.5
2024-02-03 05:00:00,5.173,5.178,5.151,5.152,2340.5
2024-02-03 05:30:00,5.152,5.165,5.145,5.163,3898.1
2024-02-03 06:00:00,5.163,5.18,5.152,5.18,2348.6
2024-02-03 06:30:00,5.18,5.184,5.167,5.177,3262.6
2024-02-03 07:00:00,5.177,5.19,5.16,5.18,7917.7
2024-02-03 07:30:00,5.18,5.199,5.152,5.17,13872.3
2024-02-03 08:00:00,5.17,5.203,5.165,5.195,12106.2
2024-02-03 08:30:00,5.195,5.207,5.179,5.203,13659.5
2024-02-03 09:00:00,5.203,5.244,5.185,5.243,11406.3
2024-02-03 09:30:00,5.243,5.262,5.222,5.258,7211.2
2024-02-03 10:00:00,5.258,5.259,5.221,5.225,12290.5
2024-02-03 10:30:00,5.225,5.239,5.21,5.221,8255.1
2024-02-03 11:00:00,5.221,5.226,5.19,5.203,7286.1
2024-02-03 11:30:00,5.203,5.247,5.181,5.236,7747.8
2024-02-03 12:00:00,5.236,5.254,5.227,5.245,4731.6
2024-02-03 12:30:00,5.245,5.245,5.223,5.237,4823.9
2024-02-03 13:00:00,5.237,5.244,5.22,5.239,6519.2
2024-02-03 13:30:00,5.239,5.256,5.158,5.179,30981.8
2024-02-03 14:00:00,5.179,5.197,5.151,5.173,10959.4
2024-02-03 14:30:00,5.173,5.187,5.155,5.161,3240.8
2024-02-03 15:00:00,5.161,5.164,5.101,5.149,19077.4
2024-02-03 15:30:00,5.149,5.17,5.14,5.161,4104.5
2024-02-03 16:00:00,5.161,5.175,5.141,5.149,9337.6
2024-02-03 16:30:00,5.149,5.149,5.113,5.119,9305.1
2024-02-03 17:00:00,5.119,5.134,5.108,5.132,8630.5
2024-02-03 17:30:00,5.132,5.162,5.128,5.158,7395.4
2024-02-03 18:00:00,5.158,5.176,5.137,5.147,12845.7
2024-02-03 18:30:00,5.147,5.148,5.108,5.115,5844.0
2024-02-03 19:00:00,5.115,5.125,5.111,5.119,19686.7
2024-02-03 19:30:00,5.119,5.133,5.115,5.13,2225.8
2024-02-03 20:00:00,5.13,5.133,5.1,5.115,5884.0
2024-02-03 20:30:00,5.115,5.124,5.103,5.106,2100.7
2024-02-03 21:00:00,5.106,5.115,5.092,5.103,11777.3
2024-02-03 21:30:00,5.103,5.107,5.077,5.093,7408.6
2024-02-03 22:00:00,5.093,5.094,5.061,5.078,13615.4
2024-02-03 22:30:00,5.078,5.078,5.061,5.062,3908.6
2024-02-03 23:00:00,5.062,5.083,5.051,5.065,6050.1
2024-02-03 23:30:00,5.065,5.067,5.048,5.062,10842.1
2024-02-04 00:00:00,5.062,5.065,4.997,5.008,50171.1
2024-02-04 00:30:00,5.008,5.021,4.978,5.009,10845.8
2024-02-04 01:00:00,5.009,5.029,4.994,5.027,5445.3
2024-02-04 01:30:00,5.027,5.037,5.025,5.035,9527.2
2024-02-04 02:00:00,5.035,5.036,5.02,5.026,2800.8
2024-02-04 02:30:00,5.026,5.031,5.013,5.015,3186.6
2024-02-04 03:00:00,5.015,5.036,5.012,5.027,1675.2
2024-02-04 03:30:00,5.027,5.034,5.024,5.028,1090.6
2024-02-04 04:00:00,5.028,5.028,4.985,4.993,15395.4
2024-02-04 04:30:00,4.993,5.009,4.985,4.999,2811.3
2024-02-04 05:00:00,4.999,5.012,4.989,4.998,5980.9
2024-02-04 05:30:00,4.998,5.002,4.988,4.988,1335.2
2024-02-04 06:00:00,4.988,5.006,4.98,4.985,8442.4
2024-02-04 06:30:00,4.985,4.994,4.958,4.98,12514.0
2024-02-04 07:00:00,4.98,5.004,4.98,4.984,4016.8
2024-02-04 07:30:00,4.984,4.994,4.965,4.989,7571.6
2024-02-04 08:00:00,4.989,5.007,4.985,5.006,9804.4
2024-02-04 08:30:00,5.006,5.01,4.982,4.995,10414.7
2024-02-04 09:00:00,4.995,5.014,4.975,5.011,3895.6
2024-02-04 09:30:00,5.011,5.034,5.011,5.026,11919.4
2024-02-04 10:00:00,5.026,5.029,5.016,5.026,2870.3
2024-02-04 10:30:00,5.026,5.031,5.015,5.029,4984.6
2024-02-04 11:00:00,5.029,5.044,5.024,5.035,9183.3
2024-02-04 11:30:00,5.035,5.054,5.033,5.037,6622.3
2024-02-04 12:00:00,5.037,5.049,5.032,5.042,2011.8
2024-02-04 12:30:00,5.042,5.044,5.017,5.024,7491.4
2024-02-04 13:00:00,5.024,5.031,5.019,5.029,2283.2
2024-02-04 13:30:00,5.029,5.033,5.015,5.021,1564.2
2024-02-04 14:00:00,5.021,5.037,5.015,5.037,1534.3
2024-02-04 14:30:00,5.037,5.038,5.001,5.011,4728.6
2024-02-04 15:00:00,5.011,5.019,4.991,5.007,13161.5
2024-02-04 15:30:00,5.007,5.021,5.0,5.013,4058.5
2024-02-04 16:00:00,5.013,5.014,4.992,4.998,6900.9
2024-02-04 16:30:00,4.998,5.034,4.998,5.013,8335.0
2024-02-04 17:00:00,5.013,5.019,4.984,4.998,11818.8
2024-02-04 17:30:00,4.998,5.014,4.998,5.007,2296.6
2024-02-04 18:00:00,5.007,5.013,4.975,4.985,5607.4
2024-02-04 18:30:00,4.985,4.995,4.964,4.987,6849.9
2024-02-04 19:00:00,4.987,4.994,4.931,4.966,40640.6
2024-02-04 19:30:00,4.966,4.977,4.953,4.959,4139.7
2024-02-04 20:00:00,4.959,4.972,4.925,4.943,9969.3
2024-02-04 20:30:00,4.943,4.993,4.937,4.984,4280.5
2024-02-04 21:00:00,4.984,5.002,4.977,4.986,6730.7
2024-02-04 21:30:00,4.986,5.0,4.979,4.99,3643.8
2024-02-04 22:00:00,4.99,4.995,4.954,4.958,4437.2
2024-02-04 22:30:00,4.958,4.958,4.895,4.93,21148.7
2024-02-04 23:00:00,4.93,4.944,4.909,4.918,5519.8
2024-02-04 23:30:00,4.918,4.935,4.915,4.924,4113.5
2024-02-05 00:00:00,4.924,4.948,4.91,4.942,6884.8
2024-02-05 00:30:00,4.942,4.942,4.898,4.912,7167.7
2024-02-05 01:00:00,4.912,4.916,4.853,4.902,38852.4
2024-02-05 01:30:00,4.902,4.924,4.897,4.922,11108.2
2024-02-05 02:00:00,4.922,4.926,4.908,4.92,3392.4
2024-02-05 02:30:00,4.92,4.924,4.908,4.918,4987.1
2024-02-05 03:00:00,4.918,4.945,4.918,4.939,9987.3
2024-02-05 03:30:00,4.939,4.964,4.936,4.96,3213.0
2024-02-05 04:00:00,4.96,4.978,4.95,4.968,19398.9
2024-02-05 04:30:00,4.968,4.973,4.946,4.951,7100.2
2024-02-05 05:00:00,4.951,4.953,4.935,4.939,1974.4
2024-02-05 05:30:00,4.939,4.954,4.938,4.953,3379.1
2024-02-05 06:00:00,4.953,4.964,4.947,4.959,5839.3
2024-02-05 06:30:00,4.959,4.974,4.955,4.97,1154.4
2024-02-05 07:00:00,4.97,4.983,4.962,4.981,5516.7
2024-02-05 07:30:00,4.981,5.005,4.978,4.994,9204.7
2024-02-05 08:00:00,4.994,5.012,4.986,4.996,7320.6
2024-02-05 08:30:00,4.996,4.999,4.986,4.997,14036.2
2024-02-05 09:00:00,4.997,4.997,4.972,4.976,5362.6
2024-02-05 09:30:00,4.976,4.988,4.973,4.988,4955.9
2024-02-05 10:00:00,4.988,5.01,4.988,5.003,4644.9
2024-02-05 10:30:00,5.003,5.01,4.995,4.999,4139.9
2024-02-05 11:00:00,4.999,5.01,4.996,5.001,2344.8
2024-02-05 11:30:00,5.001,5.011,4.998,5.004,2064.2
2024-02-05 12:00:00,5.004,5.007,4.988,4.989,3220.4
2024-02-05 12:30:00,4.989,5.009,4.989,5.003,5743.0
2024-02-05 13:00:00,5.003,5.027,5.002,5.018,3515.3
2024-02-05 13:30:00,5.018,5.04,5.016,5.021,11551.4
2024-02-05 14:00:00,5.021,5.029,5.002,5.014,11085.7
2024-02-05 14:30:00,5.014,5.021,4.997,5.001,14171.0
2024-02-05 15:00:00,5.001,5.001,4.954,4.971,18526.0
2024-02-05 15:30:00,4.971,4.979,4.937,4.952,10051.7
2024-02-05 16:00:00,4.952,4.973,4.934,4.943,6537.2
2024-02-05 16:30:00,4.943,4.968,4.943,4.962,3220.5
2024-02-05 17:00:00,4.962,4.978,4.959,4.96,4330.1
2024-02-05 17:30:00,4.96,4.982,4.96,4.96,7113.5
2024-02-05 18:00:00,4.96,4.972,4.956,4.967,3054.7
2024-02-05 18:30:00,4.967,4.978,4.96,4.978,7550.4
2024-02-05 19:00:00,4.978,4.997,4.972,4.987,4308.0
2024-02-05 19:30:00,4.987,4.995,4.98,4.982,2813.0
2024-02-05 20:00:00,4.982,4.987,4.94,4.977,3140.4
2024-02-05 20:30:00,4.977,5.006,4.977,5.004,5313.7
2024-02-05 21:00:00,5.004,5.004,4.961,4.963,3389.1
2024-02-05 21:30:00,4.963,4.979,4.947,4.966,3423.3
2024-02-05 22:00:00,4.966,4.978,4.953,4.955,1006.1
2024-02-05 22:30:00,4.955,4.974,4.924,4.97,12505.4
2024-02-05 23:00:00,4.97,4.989,4.961,4.984,1370.2
2024-02-05 23:30:00,4.984,4.996,4.981,4.995,6013.7
2024-02-06 00:00:00,4.995,5.002,4.983,4.988,3352.2
2024-02-06 00:30:00,4.988,5.012,4.987,5.01,9868.4
2024-02-06 01:00:00,5.01,5.023,5.0,5.012,2073.0
2024-02-06 01:30:00,5.012,5.015,4.99,4.993,2934.3
2024-02-06 02:00:00,4.993,5.022,4.99,5.011,8297.8
2024-02-06 02:30:00,5.011,5.035,5.011,5.021,2924.3
2024-02-06 03:00:00,5.021,5.032,5.009,5.013,15798.1
2024-02-06 03:30:00,5.013,5.013,4.993,5.004,9417.6
2024-02-06 04:00:00,5.004,5.012,4.992,5.012,10102.5
2024-02-06 04:30:00,5.012,5.013,5.0,5.005,2380.1
2024-02-06 05:00:00,5.005,5.005,4.988,4.991,6003.0
2024-02-06 05:30:00,4.991,5.006,4.99,5.002,1509.4
2024-02-06 06:00:00,5.002,5.002,4.982,4.986,1734.0
2024-02-06 06:30:00,4.986,5.006,4.985,5.0,2695.3
2024-02-06 07:00:00,5.0,5.002,4.984,4.993,5078.4
2024-02-06 07:30:00,4.993,5.01,4.993,5.007,9921.5
2024-02-06 08:00:00,5.007,5.028,5.001,5.01,11914.6
2024-02-06 08:30:00,5.01,5.035,5.007,5.032,6898.2
2024-02-06 09:00:00,5.032,5.037,5.015,5.024,6694.7
2024-02-06 09:30:00,5.024,5.024,5.002,5.004,5823.3
2024-02-06 10:00:00,5.004,5.011,4.996,4.996,2333.1
2024-02-06 10:30:00,4.996,5.02,4.949,4.985,18933.1
2024-02-06 11:00:00,4.985,4.991,4.965,4.985,9576.0
2024-02-06 11:30:00,4.985,4.988,4.975,4.984,2403.5
2024-02-06 12:00:00,4.984,4.996,4.956,4.975,11073.2
2024-02-06 12:30:00,4.975,4.984,4.935,4.973,25288.8
2024-02-06 13:00:00,4.973,4.987,4.952,4.986,6529.2
2024-02-06 13:30:00,4.986,4.99,4.962,4.975,9527.3
2024-02-06 14:00:00,4.975,4.987,4.97,4.981,4651.9
2024-02-06 14:30:00,4.981,5.008,4.977,4.986,9856.4
2024-02-06 15:00:00,4.986,5.018,4.976,5.016,10604.7
2024-02-06 15:30:00,5.016,5.025,5.007,5.02,6972.5
2024-02-06 16:00:00,5.02,5.029,4.997,5.016,6928.1
2024-02-06 16:30:00,5.016,5.023,4.997,4.997,14587.9
2024-02-06 17:00:00,4.997,5.023,4.995,5.018,1265.4
2024-02-06 17:30:00,5.018,5.03,5.013,5.022,9435.2
2024-02-06 18:00:00,5.022,5.034,5.017,5.022,14227.8
2024-02-06 18:30:00,5.022,5.079,5.015,5.079,27635.8
2024-02-06 19:00:00,5.079,5.1,5.075,5.096,23810.4
2024-02-06 19:30:00,5.096,5.137,5.093,5.125,11122.6
2024-02-06 20:00:00,5.125,5.143,5.104,5.106,15236.8
2024-02-06 20:30:00,5.106,5.115,5.095,5.112,9500.4
2024-02-06 21:00:00,5.112,5.117,5.089,5.09,13801.3
2024-02-06 21:30:00,5.09,5.107,5.089,5.095,5225.9
2024-02-06 22:00:00,5.095,5.103,5.089,5.09,7628.3
2024-02-06 22:30:00,5.09,5.101,5.084,5.096,6164.8
2024-02-06 23:00:00,5.096,5.099,5.057,5.073,20329.8
2024-02-06 23:30:00,5.073,5.076,5.062,5.067,6288.8
2024-02-07 00:00:00,5.067,5.079,5.053,5.071,3809.8
2024-02-07 00:30:00,5.071,5.075,5.044,5.051,3083.7
2024-02-07 01:00:00,5.051,5.072,5.049,5.067,4565.1
2024-02-07 01:30:00,5.067,5.079,5.066,5.068,1421.0
2024-02-07 02:00:00,5.068,5.078,5.066,5.071,2710.9
2024-02-07 02:30:00,5.071,5.077,5.059,5.059,2649.2
2024-02-07 03:00:00,5.059,5.072,5.058,5.058,2568.7
2024-02-07 03:30:00,5.058,5.061,5.02,5.029,17430.4
2024-02-07 04:00:00,5.029,5.035,5.008,5.026,10322.0
2024-02-07 04:30:00,5.026,5.041,5.024,5.024,10895.2
2024-02-07 05:00:00,5.024,5.026,4.98,5.016,10011.1
2024-02-07 05:30:00,5.016,5.037,5.016,5.02,4075.5
2024-02-07 06:00:00,5.02,5.02,4.995,5.008,11759.0
2024-02-07 06:30:00,5.008,5.015,4.998,5.011,4630.5
2024-02-07 07:00:00,5.011,5.029,5.005,5.012,4991.3
2024-02-07 07:30:00,5.012,5.012,4.977,5.002,4933.0
2024-02-07 08:00:00,5.002,5.008,4.991,4.998,963.9
2024-02-07 08:30:00,4.998,5.003,4.987,4.995,9910.7
2024-02-07 09:00:00,4.995,4.998,4.979,4.994,5568.7
2024-02-07 09:30:00,4.994,5.022,4.994,5.019,5442.7
2024-02-07 10:00:00,5.019,5.032,5.007,5.032,7913.9
2024-02-07 10:30:00,5.032,5.034,4.992,4.998,4444.9
2024-02-07 11:00:00,4.998,5.009,4.998,5.006,4218.4
2024-02-07 11:30:00,5.006,5.007,4.993,5.002,15632.6
2024-02-07 12:00:00,5.002,5.005,4.992,4.998,9877.9
2024-02-07 12:30:00,4.998,5.023,4.998,5.022,1663.2
2024-02-07 13:00:00,5.022,5.024,5.011,5.02,11416.5
2024-02-07 13:30:00,5.02,5.025,5.006,5.017,2538.8
2024-02-07 14:00:00,5.017,5.028,5.015,5.026,6027.4
2024-02-07 14:30:00,5.026,5.055,5.009,5.022,5479.7
2024-02-07 15:00:00,5.022,5.064,5.006,5.059,3771.0
2024-02-07 15:30:00,5.059,5.062,5.041,5.049,6821.3
2024-02-07 16:00:00,5.049,5.082,5.044,5.071,6130.9
2024-02-07 16:30:00,5.071,5.121,5.071,5.12,14789.7
2024-02-07 17:00:00,5.12,5.156,5.119,5.144,15385.0
2024-02-07 17:30:00,5.144,5.149,5.102,5.124,5423.6
2024-02-07 18:00:00,5.124,5.142,5.115,5.125,5240.3
2024-02-07 18:30:00,5.125,5.135,5.114,5.133,1017.5
2024-02-07 19:00:00,5.133,5.15,5.123,5.125,7128.6
2024-02-07 19:30:00,5.125,5.135,5.118,5.129,1022.9
2024-02-07 20:00:00,5.129,5.163,5.129,5.156,6223.4
2024-02-07 20:30:00,5.156,5.167,5.145,5.157,8916.0
2024-02-07 21:00:00,5.157,5.182,5.155,5.182,4172.4
2024-02-07 21:30:00,5.182,5.189,5.174,5.184,10785.0
2024-02-07 22:00:00,5.184,5.188,5.17,5.172,3343.6
2024-02-07 22:30:00,5.172,5.182,5.157,5.175,7612.8
2024-02-07 23:00:00,5.175,5.194,5.17,5.188,9599.1
2024-02-07 23:30:00,5.188,5.192,5.173,5.182,5246.1
2024-02-08 00:00:00,5.182,5.196,5.172,5.192,2452.9
2024-02-08 00:30:00,5.192,5.228,5.187,5.216,16164.3
2024-02-08 01:00:00,5.216,5.221,5.184,5.191,10278.3
2024-02-08 01:30:00,5.191,5.211,5.176,5.205,4515.4
2024-02-08 02:00:00,5.205,5.212,5.184,5.189,2962.8
2024-02-08 02:30:00,5.189,5.202,5.187,5.201,1452.9
2024-02-08 03:00:00,5.201,5.218,5.2,5.204,3086.6
2024-02-08 03:30:00,5.204,5.208,5.189,5.194,5376.6
2024-02-08 04:00:00,5.194,5.212,5.194,5.212,2140.4
2024-02-08 04:30:00,5.212,5.215,5.198,5.2,9501.2
2024-02-08 05:00:00,5.2,5.2,5.162,5.19,10703.0
2024-02-08 05:30:00,5.19,5.192,5.171,5.172,4043.2
2024-02-08 06:00:00,5.172,5.178,5.155,5.172,3974.9
2024-02-08 06:30:00,5.172,5.172,5.147,5.152,8972.0
2024-02-08 07:00:00,5.152,5.164,5.139,5.159,3885.2
2024-02-08 07:30:00,5.159,5.168,5.159,5.167,5475.2
2024-02-08 08:00:00,5.167,5.177,5.166,5.174,7984.6
2024-02-08 08:30:00,5.174,5.185,5.174,5.18,10606.7
2024-02-08 09:00:00,5.18,5.183,5.161,5.162,16112.3
2024-02-08 09:30:00,5.162,5.177,5.162,5.171,11898.0
2024-02-08 10:00:00,5.171,5.18,5.158,5.166,5446.4
2024-02-08 10:30:00,5.166,5.176,5.163,5.168,3571.9
2024-02-08 11:00:00,5.168,5.17,5.158,5.159,5046.2
2024-02-08 11:30:00,5.159,5.163,5.143,5.156,3311.4
2024-02-08 12:00:00,5.156,5.173,5.152,5.152,4664.9
2024-02-08 12:30:00,5.152,5.156,5.141,5.153,2820.9
2024-02-08 13:00:00,5.153,5.179,5.151,5.174,7987.9
2024-02-08 13:30:00,5.174,5.224,5.162,5.222,14117.1
2024-02-08 14:00:00,5.222,5.247,5.21,5.229,11094.3
2024-02-08 14:30:00,5.229,5.245,5.202,5.232,21404.7
2024-02-08 15:00:00,5.232,5.263,5.222,5.244,15398.0
2024-02-08 15:30:00,5.244,5.264,5.242,5.262,7205.2
2024-02-08 16:00:00,5.262,5.269,5.219,5.225,5843.1
2024-02-08 16:30:00,5.225,5.234,5.162,5.186,17876.1
2024-02-08 17:00:00,5.186,5.225,5.182,5.22,16098.9
2024-02-08 17:30:00,5.22,5.224,5.202,5.209,3838.0
2024-02-08 18:00:00,5.209,5.219,5.207,5.218,2055.7
2024-02-08 18:30:00,5.218,5.218,5.203,5.206,2175.5
2024-02-08 19:00:00,5.206,5.216,5.191,5.209,4762.2
2024-02-08 19:30:00,5.209,5.215,5.195,5.197,7999.3
2024-02-08 20:00:00,5.197,5.225,5.195,5.209,2068.2
2024-02-08 20:30:00,5.209,5.212,5.197,5.203,1556.5
2024-02-08 21:00:00,5.203,5.22,5.191,5.217,3334.9
2024-02-08 21:30:00,5.217,5.22,5.201,5.215,1512.2
2024-02-08 22:00:00,5.215,5.216,5.203,5.212,4011.2
2024-02-08 22:30:00,5.212,5.215,5.205,5.21,1179.6
2024-02-08 23:00:00,5.21,5.224,5.21,5.214,2488.7
2024-02-08 23:30:00,5.214,5.226,5.211,5.221,2888.8
2024-02-09 00:00:00,5.221,5.238,5.215,5.232,5497.3
2024-02-09 00:30:00,5.232,5.237,5.217,5.222,12684.6
2024-02-09 01:00:00,5.222,5.25,5.215,5.249,3134.9
2024-02-09 01:30:00,5.249,5.25,5.231,5.25,7321.2
2024-02-09 02:00:00,5.25,5.271,5.243,5.252,5172.9
2024-02-09 02:30:00,5.252,5.296,5.242,5.29,6457.1
2024-02-09 03:00:00,5.29,5.332,5.277,5.306,10345.2
2024-02-09 03:30:00,5.306,5.332,5.3,5.325,7403.6
2024-02-09 04:00:00,5.325,5.344,5.315,5.337,6381.3
2024-02-09 04:30:00,5.337,5.35,5.328,5.344,3876.2
2024-02-09 05:00:00,5.344,5.35,5.329,5.346,9525.5
2024-02-09 05:30:00,5.346,5.352,5.335,5.341,8496.2
2024-02-09 06:00:00,5.341,5.35,5.331,5.336,3096.7
2024-02-09 06:30:00,5.336,5.345,5.328,5.34,12163.2
2024-02-09 07:00:00,5.34,5.344,5.333,5.343,3368.5
2024-02-09 07:30:00,5.343,5.346,5.332,5.337,2507.1
2024-02-09 08:00:00,5.337,5.349,5.333,5.344,6387.2
2024-02-09 08:30:00,5.344,5.352,5.335,5.348,4092.3
2024-02-09 09:00:00,5.348,5.351,5.301,5.322,15878.2
2024-02-09 09:30:00,5.322,5.335,5.315,5.326,4254.0
2024-02-09 10:00:00,5.326,5.331,5.316,5.325,3369.6
2024-02-09 10:30:00,5.325,5.338,5.324,5.324,4211.0
2024-02-09 11:00:00,5.324,5.328,5.297,5.303,5456.7
2024-02-09 11:30:00,5.303,5.337,5.301,5.337,10094.6
2024-02-09 12:00:00,5.337,5.356,5.306,5.319,75351.8
2024-02-09 12:30:00,5.319,5.331,5.315,5.321,7743.1
2024-02-09 13:00:00,5.321,5.331,5.313,5.33,10519.9
2024-02-09 13:30:00,5.33,5.344,5.327,5.336,32938.5
2024-02-09 14:00:00,5.336,5.337,5.255,5.3,45507.6
2024-02-09 14:30:00,5.3,5.33,5.3,5.318,12042.9
2024-02-09 15:00:00,5.318,5.329,5.267,5.329,11702.9
2024-02-09 15:30:00,5.329,5.385,5.329,5.385,35727.0
2024-02-09 16:00:00,5.385,5.389,5.361,5.377,11291.5
2024-02-09 16:30:00,5.377,5.381,5.352,5.373,3838.2
2024-02-09 17:00:00,5.373,5.378,5.361,5.362,3745.2
2024-02-09 17:30:00,5.362,5.387,5.361,5.373,21049.8
2024-02-09 18:00:00,5.373,5.391,5.366,5.373,37649.4
2024-02-09 18:30:00,5.373,5.381,5.35,5.359,13656.7
2024-02-09 19:00:00,5.359,5.359,5.31,5.335,7621.7
2024-02-09 19:30:00,5.335,5.357,5.331,5.343,1684.6
2024-02-09 20:00:00,5.343,5.363,5.342,5.362,1921.2
2024-02-09 20:30:00,5.362,5.369,5.355,5.359,1693.5
2024-02-09 21:00:00,5.359,5.391,5.359,5.385,1420.7
2024-02-09 21:30:00,5.385,5.436,5.378,5.431,24721.9
2024-02-09 22:00:00,5.431,5.548,5.405,5.537,147482.8
2024-02-09 22:30:00,5.537,5.54,5.456,5.494,18336.7
2024-02-09 23:00:00,5.494,5.501,5.466,5.474,4867.3
2024-02-09 23:30:00,5.474,5.485,5.455,5.47,2502.2
2024-02-10 00:00:00,5.47,5.497,5.47,5.483,9334.0
2024-02-10 00:30:00,5.483,5.491,5.415,5.418,85560.9
2024-02-10 01:00:00,5.418,5.438,5.402,5.435,17257.1
2024-02-10 01:30:00,5.435,5.453,5.431,5.439,3634.8
2024-02-10 02:00:00,5.439,5.472,5.439,5.472,3197.0
2024-02-10 02:30:00,5.472,5.472,5.459,5.466,1040.9
2024-02-10 03:00:00,5.466,5.476,5.453,5.465,6892.4
2024-02-10 03:30:00,5.465,5.471,5.45,5.451,2637.1
2024-02-10 04:00:00,5.451,5.468,5.444,5.446,9975.6
2024-02-10 04:30:00,5.446,5.457,5.438,5.44,4907.7
2024-02-10 05:00:00,5.44,5.44,5.426,5.431,6337.6
2024-02-10 05:30:00,5.431,5.455,5.43,5.454,3427.6
2024-02-10 06:00:00,5.454,5.466,5.452,5.453,2738.9
2024-02-10 06:30:00,5.453,5.46,5.43,5.442,7089.1
2024-02-10 07:00:00,5.442,5.442,5.424,5.424,11258.8
2024-02-10 07:30:00,5.424,5.432,5.411,5.415,7425.0
2024-02-10 08:00:00,5.415,5.426,5.414,5.419,4270.0
2024-02-10 08:30:00,5.419,5.421,5.363,5.365,21271.5
2024-02-10 09:00:00,5.365,5.407,5.365,5.407,8509.4
2024-02-10 09:30:00,5.407,5.417,5.381,5.383,3860.0
2024-02-10 10:00:00,5.383,5.393,5.328,5.35,26925.1
2024-02-10 10:30:00,5.35,5.362,5.276,5.297,47751.4
2024-02-10 11:00:00,5.297,5.325,5.288,5.325,11148.1
2024-02-10 11:30:00,5.325,5.342,5.323,5.337,4469.2
2024-02-10 12:00:00,5.337,5.353,5.332,5.343,2843.8
2024-02-10 12:30:00,5.343,5.345,5.313,5.316,4987.8
2024-02-10 13:00:00,5.316,5.318,5.3,5.305,4367.0
2024-02-10 13:30:00,5.305,5.327,5.295,5.319,5522.7
2024-02-10 14:00:00,5.319,5.336,5.316,5.333,7354.2
2024-02-10 14:30:00,5.333,5.35,5.326,5.348,2834.1
2024-02-10 15:00:00,5.348,5.357,5.343,5.357,7141.5
2024-02-10 15:30:00,5.357,5.358,5.343,5.35,1849.0
2024-02-10 16:00:00,5.35,5.35,5.323,5.33,7402.6
2024-02-10 16:30:00,5.33,5.337,5.321,5.327,8240.6
2024-02-10 17:00:00,5.327,5.339,5.315,5.318,17127.1
2024-02-10 17:30:00,5.318,5.33,5.306,5.306,3725.3
2024-02-10 18:00:00,5.306,5.321,5.301,5.317,7031.2
2024-02-10 18:30:00,5.317,5.321,5.303,5.304,3438.2
2024-02-10 19:00:00,5.304,5.32,5.298,5.316,3568.6
2024-02-10 19:30:00,5.316,5.333,5.316,5.33,5413.8
2024-02-10 20:00:00,5.33,5.336,5.323,5.328,1861.9
2024-02-10 20:30:00,5.328,5.368,5.325,5.347,9640.4
2024-02-10 21:00:00,5.347,5.394,5.347,5.393,15581.5
2024-02-10 21:30:00,5.393,5.393,5.374,5.374,7140.1
2024-02-10 22:00:00,5.374,5.382,5.349,5.351,41973.5
2024-02-10 22:30:00,5.351,5.367,5.349,5.365,2038.5
2024-02-10 23:00:00,5.365,5.383,5.343,5.345,12686.4
2024-02-10 23:30:00,5.345,5.358,5.342,5.352,3912.5
2024-02-11 00:00:00,5.352,5.377,5.341,5.373,3464.6
2024-02-11 00:30:00,5.373,5.387,5.37,5.384,1971.7
2024-02-11 01:00:00,5.384,5.42,5.379,5.386,7685.3
2024-02-11 01:30:00,5.386,5.399,5.378,5.383,2260.0
2024-02-11 02:00:00,5.383,5.396,5.378,5.384,4210.3
2024-02-11 02:30:00,5.384,5.384,5.365,5.368,3765.0
2024-02-11 03:00:00,5.368,5.396,5.368,5.396,1674.3
2024-02-11 03:30:00,5.396,5.413,5.392,5.411,3492.5
2024-02-11 04:00:00,5.411,5.433,5.399,5.427,10145.0
2024-02-11 04:30:00,5.427,5.444,5.407,5.411,3495.8
2024-02-11 05:00:00,5.411,5.415,5.396,5.396,2910.3
2024-02-11 05:30:00,5.396,5.4,5.382,5.396,7458.3
2024-02-11 06:00:00,5.396,5.411,5.392,5.397,17132.0
2024-02-11 06:30:00,5.397,5.416,5.397,5.416,10575.8
2024-02-11 07:00:00,5.416,5.421,5.405,5.418,10595.5
2024-02-11 07:30:00,5.418,5.418,5.396,5.416,4214.1
2024-02-11 08:00:00,5.416,5.431,5.411,5.423,4313.0
2024-02-11 08:30:00,5.423,5.429,5.405,5.407,3144.0
2024-02-11 09:00:00,5.407,5.417,5.405,5.405,6282.3
2024-02-11 09:30:00,5.405,5.406,5.371,5.398,7626.6
2024-02-11 10:00:00,5.398,5.414,5.396,5.409,3268.7
2024-02-11 10:30:00,5.409,5.415,5.385,5.411,6077.6
2024-02-11 11:00:00,5.411,5.422,5.407,5.418,5632.1
2024-02-11 11:30:00,5.418,5.418,5.396,5.404,26518.6
2024-02-11 12:00:00,5.404,5.418,5.4,5.404,16105.8
2024-02-11 12:30:00,5.404,5.406,5.384,5.388,7980.4
2024-02-11 13:00:00,5.388,5.397,5.349,5.365,6113.8
2024-02-11 13:30:00,5.365,5.379,5.354,5.362,8091.7
2024-02-11 14:00:00,5.362,5.366,5.319,5.342,14146.9
2024-02-11 14:30:00,5.342,5.367,5.332,5.365,16589.8
2024-02-11 15:00:00,5.365,5.365,5.331,5.34,10685.3
2024-02-11 15:30:00,5.34,5.354,5.333,5.354,2606.1
2024-02-11 16:00:00,5.354,5.362,5.32,5.346,7274.2
2024-02-11 16:30:00,5.346,5.357,5.337,5.347,1762.7
2024-02-11 17:00:00,5.347,5.379,5.346,5.379,5016.8
2024-02-11 17:30:00,5.379,5.385,5.365,5.374,1198.7
2024-02-11 18:00:00,5.374,5.374,5.341,5.342,3195.8
2024-02-11 18:30:00,5.342,5.375,5.322,5.365,11529.5
2024-02-11 19:00:00,5.365,5.371,5.351,5.368,4817.1
2024-02-11 19:30:00,5.368,5.368,5.341,5.343,2192.1
2024-02-11 20:00:00,5.343,5.358,5.336,5.352,3192.0
2024-02-11 20:30:00,5.352,5.356,5.262,5.28,32282.2
2024-02-11 21:00:00,5.28,5.315,5.278,5.284,3638.1
2024-02-11 21:30:00,5.284,5.306,5.28,5.297,1090.8
2024-02-11 22:00:00,5.297,5.307,5.291,5.303,4363.5
2024-02-11 22:30:00,5.303,5.309,5.288,5.292,3558.7
2024-02-11 23:00:00,5.292,5.304,5.277,5.304,4354.6
2024-02-11 23:30:00,5.304,5.309,5.288,5.308,17541.0
2024-02-12 00:00:00,5.308,5.36,5.3,5.359,7825.6
2024-02-12 00:30:00,5.359,5.363,5.338,5.35,7201.8
2024-02-12 01:00:00,5.35,5.377,5.331,5.362,6415.9
2024-02-12 01:30:00,5.362,5.363,5.326,5.341,2556.1
2024-02-12 02:00:00,5.341,5.344,5.306,5.31,2862.0
2024-02-12 02:30:00,5.31,5.316,5.225,5.263,35648.7
2024-02-12 03:00:00,5.263,5.291,5.245,5.291,4147.9
2024-02-12 03:30:00,5.291,5.3,5.281,5.282,5805.2
2024-02-12 04:00:00,5.282,5.297,5.274,5.289,3980.6
2024-02-12 04:30:00,5.289,5.297,5.28,5.283,1199.9
2024-02-12 05:00:00,5.283,5.298,5.279,5.292,1692.7
2024-02-12 05:30:00,5.292,5.293,5.265,5.271,2574.1
2024-02-12 06:00:00,5.271,5.286,5.271,5.281,1531.3
2024-02-12 06:30:00,5.281,5.283,5.239,5.278,5952.7
2024-02-12 07:00:00,5.278,5.304,5.273,5.298,7818.1
2024-02-12 07:30:00,5.298,5.306,5.287,5.29,7628.6
2024-02-12 08:00:00,5.29,5.3,5.285,5.296,8959.2
2024-02-12 08:30:00,5.296,5.305,5.269,5.27,4411.5
2024-02-12 09:00:00,5.27,5.277,5.24,5.255,6665.9
2024-02-12 09:30:00,5.255,5.257,5.207,5.234,14923.6
2024-02-12 10:00:00,5.234,5.255,5.22,5.251,6441.3
2024-02-12 10:30:00,5.251,5.256,5.232,5.237,2086.5
2024-02-12 11:00:00,5.237,5.239,5.212,5.214,12941.7
2024-02-12 11:30:00,5.214,5.245,5.213,5.243,4049.8
2024-02-12 12:00:00,5.243,5.251,5.236,5.244,1666.3
2024-02-12 12:30:00,5.244,5.247,5.222,5.243,6526.2
2024-02-12 13:00:00,5.243,5.243,5.222,5.224,4226.6
2024-02-12 13:30:00,5.224,5.237,5.222,5.231,3201.5
2024-02-12 14:00:00,5.231,5.253,5.228,5.247,7530.0
2024-02-12 14:30:00,5.247,5.292,5.247,5.292,9209.3
2024-02-12 15:00:00,5.292,5.321,5.279,5.314,19548.4
2024-02-12 15:30:00,5.314,5.389,5.304,5.376,16817.5
2024-02-12 16:00:00,5.376,5.381,5.331,5.358,38110.5
2024-02-12 16:30:00,5.358,5.387,5.357,5.386,11847.8
2024-02-12 17:00:00,5.386,5.433,5.384,5.431,19730.0
2024-02-12 17:30:00,5.431,5.461,5.408,5.444,21378.2
2024-02-12 18:00:00,5.444,5.494,5.444,5.492,27966.7
2024-02-12 18:30:00,5.492,5.492,5.447,5.45,16287.4
2024-02-12 19:00:00,5.45,5.477,5.443,5.463,9006.4
2024-02-12 19:30:00,5.463,5.463,5.396,5.402,18874.1
2024-02-12 20:00:00,5.402,5.449,5.402,5.444,2276.2
2024-02-12 20:30:00,5.444,5.454,5.427,5.446,2826.3
2024-02-12 21:00:00,5.446,5.467,5.437,5.451,6090.0
2024-02-12 21:30:00,5.451,5.455,5.421,5.425,10662.3
2024-02-12 22:00:00,5.425,5.445,5.423,5.443,6658.0
2024-02-12 22:30:00,5.443,5.462,5.435,5.462,8701.1
2024-02-12 23:00:00,5.462,5.462,5.436,5.437,3609.8
2024-02-12 23:30:00,5.437,5.463,5.437,5.454,13210.1
2024-02-13 00:00:00,5.454,5.493,5.452,5.493,8161.4
2024-02-13 00:30:00,5.493,5.493,5.473,5.476,3809.2
2024-02-13 01:00:00,5.476,5.484,5.467,5.467,3577.1
2024-02-13 01:30:00,5.467,5.488,5.448,5.458,7039.0
2024-02-13 02:00:00,5.458,5.46,5.426,5.443,5347.5
2024-02-13 02:30:00,5.443,5.443,5.416,5.416,1151.1
2024-02-13 03:00:00,5.416,5.424,5.406,5.408,5253.1
2024-02-13 03:30:00,5.408,5.41,5.366,5.387,20063.8
2024-02-13 04:00:00,5.387,5.427,5.387,5.427,9573.3
2024-02-13 04:30:00,5.427,5.438,5.421,5.433,2758.1
2024-02-13 05:00:00,5.433,5.444,5.425,5.439,6134.7
2024-02-13 05:30:00,5.439,5.468,5.439,5.467,10058.5
2024-02-13 06:00:00,5.467,5.47,5.452,5.462,7641.9
2024-02-13 06:30:00,5.462,5.483,5.449,5.472,3872.0
2024-02-13 07:00:00,5.472,5.478,5.461,5.47,5489.7
2024-02-13 07:30:00,5.47,5.483,5.451,5.48,6715.4
2024-02-13 08:00:00,5.48,5.532,5.478,5.504,20991.6
2024-02-13 08:30:00,5.504,5.526,5.493,5.511,7822.7
2024-02-13 09:00:00,5.511,5.528,5.497,5.528,9581.4
2024-02-13 09:30:00,5.528,5.545,5.512,5.537,10483.8
2024-02-13 10:00:00,5.537,5.537,5.495,5.506,18408.0
2024-02-13 10:30:00,5.506,5.511,5.468,5.473,46254.5
2024-02-13 11:00:00,5.473,5.493,5.459,5.478,5411.3
2024-02-13 11:30:00,5.478,5.496,5.475,5.491,3755.3
2024-02-13 12:00:00,5.491,5.493,5.475,5.479,3824.3
2024-02-13 12:30:00,5.479,5.489,5.467,5.489,3569.5
2024-02-13 13:00:00,5.489,5.499,5.461,5.469,7403.6
2024-02-13 13:30:00,5.469,5.469,5.364,5.461,52077.6
2024-02-13 14:00:00,5.461,5.481,5.333,5.399,135765.4
2024-02-13 14:30:00,5.399,5.444,5.367,5.398,14356.7
2024-02-13 15:00:00,5.398,5.425,5.36,5.422,9895.7
2024-02-13 15:30:00,5.422,5.449,5.415,5.447,2692.0
2024-02-13 16:00:00,5.447,5.483,5.428,5.47,7485.0
2024-02-13 16:30:00,5.47,5.483,5.439,5.442,5965.1
2024-02-13 17:00:00,5.442,5.449,5.422,5.441,13503.5
2024-02-13 17:30:00,5.441,5.491,5.437,5.477,9016.7
2024-02-13 18:00:00,5.477,5.501,5.462,5.501,6019.6
2024-02-13 18:30:00,5.501,5.501,5.467,5.473,4210.7
2024-02-13 19:00:00,5.473,5.473,5.447,5.464,2986.2
2024-02-13 19:30:00,5.464,5.475,5.437,5.44,5002.6
2024-02-13 20:00:00,5.44,5.469,5.437,5.467,1633.6
2024-02-13 20:30:00,5.467,5.496,5.467,5.491,2934.7
2024-02-13 21:00:00,5.491,5.508,5.485,5.5,4546.1
2024-02-13 21:30:00,5.5,5.5,5.479,5.49,3807.3
2024-02-13 22:00:00,5.49,5.506,5.475,5.484,3358.6
2024-02-13 22:30:00,5.484,5.503,5.48,5.488,3777.0
2024-02-13 23:00:00,5.488,5.502,5.472,5.498,15876.4
2024-02-13 23:30:00,5.498,5.502,5.485,5.491,2365.6
2024-02-14 00:00:00,5.491,5.497,5.476,5.495,4776.8
2024-02-14 00:30:00,5.495,5.503,5.469,5.471,6502.8
2024-02-14 01:00:00,5.471,5.5,5.465,5.488,7378.5
2024-02-14 01:30:00,5.488,5.493,5.446,5.471,4037.5
2024-02-14 02:00:00,5.471,5.478,5.452,5.464,3810.3
2024-02-14 02:30:00,5.464,5.471,5.46,5.463,2344.1
2024-02-14 03:00:00,5.463,5.505,5.456,5.502,3459.6
2024-02-14 03:30:00,5.502,5.503,5.484,5.488,5341.3
2024-02-14 04:00:00,5.488,5.496,5.46,5.462,5923.3
2024-02-14 04:30:00,5.462,5.469,5.457,5.46,2281.8
2024-02-14 05:00:00,5.46,5.474,5.459,5.474,1838.4
2024-02-14 05:30:00,5.474,5.488,5.473,5.484,10796.1
2024-02-14 06:00:00,5.484,5.484,5.468,5.471,2031.2
2024-02-14 06:30:00,5.471,5.491,5.462,5.49,4072.2
2024-02-14 07:00:00,5.49,5.494,5.473,5.487,4643.3
2024-02-14 07:30:00,5.487,5.534,5.487,5.532,5994.2
2024-02-14 08:00:00,5.532,5.536,5.502,5.502,10101.8
2024-02-14 08:30:00,5.502,5.583,5.5,5.583,12767.8
2024-02-14 09:00:00,5.583,5.618,5.569,5.617,29396.2
2024-02-14 09:30:00,5.617,5.619,5.597,5.615,6783.4
2024-02-14 10:00:00,5.615,5.658,5.606,5.656,36295.0
2024-02-14 10:30:00,5.656,5.665,5.632,5.635,26974.1
2024-02-14 11:00:00,5.635,5.639,5.598,5.621,15812.7
2024-02-14 11:30:00,5.621,5.641,5.614,5.641,10828.0
2024-02-14 12:00:00,5.641,5.648,5.628,5.645,21572.7
2024-02-14 12:30:00,5.645,5.651,5.595,5.602,9760.3
2024-02-14 13:00:00,5.602,5.638,5.598,5.631,26012.7
2024-02-14 13:30:00,5.631,5.642,5.617,5.634,17279.7
2024-02-14 14:00:00,5.634,5.634,5.609,5.62,9929.5
2024-02-14 14:30:00,5.62,5.636,5.588,5.597,15963.7
2024-02-14 15:00:00,5.597,5.601,5.537,5.583,26064.2
2024-02-14 15:30:00,5.583,5.588,5.558,5.572,7928.3
2024-02-14 16:00:00,5.572,5.573,5.52,5.547,31925.5
2024-02-14 16:30:00,5.547,5.556,5.526,5.526,5413.8
2024-02-14 17:00:00,5.526,5.556,5.514,5.556,13626.2
2024-02-14 17:30:00,5.556,5.556,5.522,5.534,18400.4
2024-02-14 18:00:00,5.534,5.534,5.506,5.521,3412.3
2024-02-14 18:30:00,5.521,5.541,5.521,5.536,3414.6
2024-02-14 19:00:00,5.536,5.56,5.526,5.559,9626.7
2024-02-14 19:30:00,5.559,5.571,5.55,5.571,12333.5
2024-02-14 20:00:00,5.571,5.575,5.556,5.567,6262.0
2024-02-14 20:30:00,5.567,5.578,5.567,5.574,5422.1
2024-02-14 21:00:00,5.574,5.578,5.563,5.563,1755.4
2024-02-14 21:30:00,5.563,5.608,5.56,5.599,7815.5
2024-02-14 22:00:00,5.599,5.607,5.58,5.581,5077.1
2024-02-14 22:30:00,5.581,5.611,5.575,5.61,9464.1
2024-02-14 23:00:00,5.61,5.618,5.592,5.598,4458.6
2024-02-14 23:30:00,5.598,5.599,5.584,5.594,5964.4
2024-02-15 00:00:00,5.594,5.633,5.594,5.633,10672.1
2024-02-15 00:30:00,5.633,5.714,5.618,5.702,29738.1
2024-02-15 01:00:00,5.702,5.711,5.65,5.657,17307.6
2024-02-15 01:30:00,5.657,5.658,5.615,5.648,19822.5
2024-02-15 02:00:00,5.648,5.725,5.643,5.703,17096.0
2024-02-15 02:30:00,5.703,5.704,5.673,5.673,3272.3
2024-02-15 03:00:00,5.673,5.719,5.673,5.717,2629.6
2024-02-15 03:30:00,5.717,5.772,5.705,5.762,12124.8
2024-02-15 04:00:00,5.762,5.78,5.733,5.769,13458.0
2024-02-15 04:30:00,5.769,5.781,5.742,5.754,7445.7
2024-02-15 05:00:00,5.754,5.761,5.708,5.724,20968.2
2024-02-15 05:30:00,5.724,5.73,5.644,5.684,12345.9
2024-02-15 06:00:00,5.684,5.711,5.669,5.673,7015.4
2024-02-15 06:30:00,5.673,5.721,5.671,5.707,8974.4
2024-02-15 07:00:00,5.707,5.732,5.705,5.716,4251.6
2024-02-15 07:30:00,5.716,5.72,5.664,5.702,6173.8
2024-02-15 08:00:00,5.702,5.734,5.687,5.73,8787.2
2024-02-15 08:30:00,5.73,5.733,5.71,5.72,6001.4
2024-02-15 09:00:00,5.72,5.733,5.708,5.716,7558.5
2024-02-15 09:30:00,5.716,5.751,5.712,5.742,96823.0
2024-02-15 10:00:00,5.742,5.76,5.73,5.738,53578.7
2024-02-15 10:30:00,5.738,5.743,5.722,5.725,20940.3
2024-02-15 11:00:00,5.725,5.735,5.71,5.728,21971.9
2024-02-15 11:30:00,5.728,5.733,5.692,5.712,28118.5
2024-02-15 12:00:00,5.712,5.742,5.685,5.742,22145.0
2024-02-15 12:30:00,5.742,5.777,5.733,5.777,23374.6
2024-02-15 13:00:00,5.777,5.796,5.751,5.753,23150.5
2024-02-15 13:30:00,5.753,5.834,5.738,5.824,35073.0
2024-02-15 14:00:00,5.824,5.828,5.792,5.824,21869.7
2024-02-15 14:30:00,5.824,5.879,5.824,5.858,27513.7
2024-02-15 15:00:00,5.858,5.902,5.81,5.853,32846.7
2024-02-15 15:30:00,5.853,5.854,5.742,5.796,37754.2
2024-02-15 16:00:00,5.796,5.869,5.74,5.866,26026.2
2024-02-15 16:30:00,5.866,5.929,5.853,5.902,21670.3
2024-02-15 17:00:00,5.902,5.914,5.856,5.914,29923.2
2024-02-15 17:30:00,5.914,5.937,5.832,5.84,14969.4
2024-02-15 18:00:00,5.84,5.876,5.827,5.853,3134.8
2024-02-15 18:30:00,5.853,5.865,5.837,5.851,3582.1
2024-02-15 19:00:00,5.851,5.856,5.811,5.822,3783.7
2024-02-15 19:30:00,5.822,5.851,5.815,5.838,2482.0
2024-02-15 20:00:00,5.838,5.849,5.787,5.803,16642.5
2024-02-15 20:30:00,5.803,5.833,5.8,5.802,5978.6
2024-02-15 21:00:00,5.802,5.845,5.779,5.812,12513.3
2024-02-15 21:30:00,5.812,5.827,5.758,5.774,11646.4
2024-02-15 22:00:00,5.774,5.846,5.774,5.811,33993.3
2024-02-15 22:30:00,5.811,5.834,5.768,5.793,10066.5
2024-02-15 23:00:00,5.793,5.855,5.787,5.852,2526.8
2024-02-15 23:30:00,5.852,5.881,5.852,5.866,7296.7
2024-02-16 00:00:00,5.866,5.905,5.85,5.891,15151.4
2024-02-16 00:30:00,5.891,5.895,5.845,5.862,4120.3
2024-02-16 01:00:00,5.862,5.922,5.827,5.916,20439.1
2024-02-16 01:30:00,5.916,5.922,5.886,5.908,16797.4
2024-02-16 02:00:00,5.908,5.921,5.885,5.887,4850.3
2024-02-16 02:30:00,5.887,5.911,5.876,5.906,3906.2
2024-02-16 03:00:00,5.906,5.91,5.885,5.91,29788.4
2024-02-16 03:30:00,5.91,5.911,5.892,5.895,5190.7
2024-02-16 04:00:00,5.895,5.929,5.891,5.903,9244.5
2024-02-16 04:30:00,5.903,5.904,5.876,5.88,11437.4
2024-02-16 05:00:00,5.88,5.896,5.858,5.886,50406.1
2024-02-16 05:30:00,5.886,5.902,5.867,5.895,8931.1
2024-02-16 06:00:00,5.895,5.992,5.89,5.98,22091.2
2024-02-16 06:30:00,5.98,5.98,5.906,5.909,23638.7
2024-02-16 07:00:00,5.909,5.916,5.876,5.906,18264.3
2024-02-16 07:30:00,5.906,5.906,5.862,5.868,10995.2
2024-02-16 08:00:00,5.868,5.892,5.853,5.865,10731.9
2024-02-16 08:30:00,5.865,5.911,5.861,5.895,19971.6
2024-02-16 09:00:00,5.895,5.895,5.815,5.893,27094.2
2024-02-16 09:30:00,5.893,5.913,5.887,5.906,9912.9
2024-02-16 10:00:00,5.906,5.974,5.892,5.938,20320.6
2024-02-16 10:30:00,5.938,5.978,5.937,5.966,26894.2
2024-02-16 11:00:00,5.966,5.967,5.938,5.94,20113.2
2024-02-16 11:30:00,5.94,5.964,5.93,5.933,10788.9
2024-02-16 12:00:00,5.933,5.939,5.917,5.921,4568.4
2024-02-16 12:30:00,5.921,5.948,5.921,5.945,7210.2
2024-02-16 13:00:00,5.945,5.945,5.9,5.902,10136.8
2024-02-16 13:30:00,5.902,5.904,5.867,5.891,18729.7
2024-02-16 14:00:00,5.891,5.901,5.824,5.837,34670.2
2024-02-16 14:30:00,5.837,5.842,5.711,5.751,85866.0
2024-02-16 15:00:00,5.751,5.753,5.646,5.71,68280.2
2024-02-16 15:30:00,5.71,5.742,5.681,5.742,13066.4
2024-02-16 16:00:00,5.742,5.799,5.733,5.774,29047.5
2024-02-16 16:30:00,5.774,5.774,5.724,5.731,27258.3
2024-02-16 17:00:00,5.731,5.737,5.691,5.697,22214.2
2024-02-16 17:30:00,5.697,5.702,5.676,5.693,10219.1
2024-02-16 18:00:00,5.693,5.701,5.657,5.694,10459.8
2024-02-16 18:30:00,5.694,5.709,5.675,5.706,2664.9
2024-02-16 19:00:00,5.706,5.711,5.689,5.697,3351.1
2024-02-16 19:30:00,5.697,5.705,5.647,5.665,16886.5
2024-02-16 20:00:00,5.665,5.688,5.659,5.685,3126.5
2024-02-16 20:30:00,5.685,5.702,5.685,5.7,15372.3
2024-02-16 21:00:00,5.7,5.707,5.675,5.706,3324.9
2024-02-16 21:30:00,5.706,5.738,5.701,5.735,22098.0
2024-02-16 22:00:00,5.735,5.735,5.718,5.718,1909.2
2024-02-16 22:30:00,5.718,5.728,5.714,5.725,2763.3
2024-02-16 23:00:00,5.725,5.772,5.724,5.771,1882.2
2024-02-16 23:30:00,5.771,5.822,5.766,5.79,8843.1
2024-02-17 00:00:00,5.79,5.826,5.781,5.816,5020.1
2024-02-17 00:30:00,5.816,5.818,5.777,5.779,2580.9
2024-02-17 01:00:00,5.779,5.785,5.752,5.754,3842.6
2024-02-17 01:30:00,5.754,5.785,5.722,5.747,5448.0
2024-02-17 02:00:00,5.747,5.752,5.715,5.722,2848.8
2024-02-17 02:30:00,5.722,5.742,5.709,5.735,1452.0
2024-02-17 03:00:00,5.735,5.751,5.729,5.73,926.8
2024-02-17 03:30:00,5.73,5.757,5.73,5.757,2064.1
2024-02-17 04:00:00,5.757,5.763,5.744,5.751,2589.8
2024-02-17 04:30:00,5.751,5.761,5.743,5.746,6243.1
2024-02-17 05:00:00,5.746,5.746,5.713,5.721,7442.9
2024-02-17 05:30:00,5.721,5.751,5.72,5.75,2934.4
2024-02-17 06:00:00,5.75,5.761,5.736,5.748,4916.9
2024-02-17 06:30:00,5.748,5.775,5.738,5.764,4811.1
2024-02-17 07:00:00,5.764,6.246,5.764,6.213,235363.3
2024-02-17 07:30:00,6.213,6.303,6.13,6.28,197527.9
2024-02-17 08:00:00,6.28,6.395,6.207,6.238,203631.3
2024-02-17 08:30:00,6.238,6.32,6.205,6.206,92565.5
2024-02-17 09:00:00,6.206,6.302,6.15,6.29,128441.8
2024-02-17 09:30:00,6.29,6.308,6.18,6.22,40093.0
2024-02-17 10:00:00,6.22,6.234,6.141,6.157,65537.3
2024-02-17 10:30:00,6.157,6.165,6.071,6.156,83167.3
2024-02-17 11:00:00,6.156,6.157,6.105,6.126,40483.3
2024-02-17 11:30:00,6.126,6.201,6.116,6.19,56449.5
2024-02-17 12:00:00,6.19,6.227,6.164,6.217,30582.1
2024-02-17 12:30:00,6.217,6.228,6.169,6.179,25390.7
2024-02-17 13:00:00,6.179,6.185,6.022,6.038,94292.0
2024-02-17 13:30:00,6.038,6.102,6.009,6.088,43621.9
2024-02-17 14:00:00,6.088,6.101,6.031,6.033,40522.1
2024-02-17 14:30:00,6.033,6.041,5.883,5.942,167196.7
2024-02-17 15:00:00,5.942,5.98,5.903,5.977,29420.4
2024-02-17 15:30:00,5.977,6.016,5.967,6.011,33789.4
2024-02-17 16:00:00,6.011,6.013,5.967,5.969,7699.4
2024-02-17 16:30:00,5.969,6.071,5.965,6.057,27353.7
2024-02-17 17:00:00,6.057,6.065,6.023,6.024,19923.5
2024-02-17 17:30:00,6.024,6.09,6.024,6.09,13243.9
2024-02-17 18:00:00,6.09,6.09,6.051,6.064,14281.5
2024-02-17 18:30:00,6.064,6.133,6.055,6.129,17561.1
2024-02-17 19:00:00,6.129,6.187,6.107,6.17,85444.6
2024-02-17 19:30:00,6.17,6.2,6.133,6.177,30160.7
2024-02-17 20:00:00,6.177,6.205,6.151,6.191,28423.9
2024-02-17 20:30:00,6.191,6.265,6.191,6.218,49982.5
2024-02-17 21:00:00,6.218,6.283,6.21,6.248,19101.4
2024-02-17 21:30:00,6.248,6.281,6.214,6.235,26514.4
2024-02-17 22:00:00,6.235,6.259,6.204,6.213,32137.8
2024-02-17 22:30:00,6.213,6.219,6.182,6.189,31828.7
2024-02-17 23:00:00,6.189,6.189,6.16,6.176,14577.5
2024-02-17 23:30:00,6.176,6.224,6.169,6.214,16923.2
2024-02-18 00:00:00,6.214,6.222,6.147,6.152,11635.5
2024-02-18 00:30:00,6.152,6.233,6.152,6.22,20898.5
2024-02-18 01:00:00,6.22,6.26,6.21,6.254,23559.0
2024-02-18 01:30:00,6.254,6.283,6.158,6.174,41814.6
2024-02-18 02:00:00,6.174,6.197,6.127,6.167,26129.1
2024-02-18 02:30:00,6.167,6.224,6.153,6.216,29240.7
2024-02-18 03:00:00,6.216,6.287,6.215,6.239,36077.6
2024-02-18 03:30:00,6.239,6.279,6.212,6.248,11346.1
2024-02-18 04:00:00,6.248,6.309,6.22,6.267,48165.3
2024-02-18 04:30:00,6.267,6.267,6.23,6.23,10339.4
2024-02-18 05:00:00,6.23,6.257,6.217,6.22,11604.9
2024-02-18 05:30:00,6.22,6.439,6.22,6.367,67138.6
2024-02-18 06:00:00,6.367,6.375,6.253,6.262,29504.5
2024-02-18 06:30:00,6.262,6.277,6.13,6.174,49086.1
2024-02-18 07:00:00,6.174,6.201,6.113,6.179,57613.1
2024-02-18 07:30:00,6.179,6.22,6.174,6.212,17312.3
2024-02-18 08:00:00,6.212,6.237,6.169,6.225,17782.3
2024-02-18 08:30:00,6.225,6.25,6.196,6.199,28013.0
2024-02-18 09:00:00,6.199,6.237,6.177,6.192,35535.7
2024-02-18 09:30:00,6.192,6.237,6.152,6.22,38076.4
2024-02-18 10:00:00,6.22,6.22,6.175,6.201,25080.2
2024-02-18 10:30:00,6.201,6.201,6.109,6.152,91405.0
2024-02-18 11:00:00,6.152,6.159,6.135,6.139,9555.2
2024-02-18 11:30:00,6.139,6.172,6.136,6.159,8611.8
2024-02-18 12:00:00,6.159,6.181,6.142,6.175,10196.2
2024-02-18 12:30:00,6.175,6.175,6.066,6.082,60902.8
2024-02-18 13:00:00,6.082,6.12,6.082,6.096,29777.2
2024-02-18 13:30:00,6.096,6.114,6.083,6.09,22297.7
2024-02-18 14:00:00,6.09,6.146,6.089,6.125,10893.0
2024-02-18 14:30:00,6.125,6.157,6.125,6.138,9712.1
2024-02-18 15:00:00,6.138,6.138,6.102,6.119,18219.6
2024-02-18 15:30:00,6.119,6.132,6.101,6.115,11773.9
2024-02-18 16:00:00,6.115,6.129,6.086,6.115,20760.1
2024-02-18 16:30:00,6.115,6.172,6.102,6.146,7527.9
2024-02-18 17:00:00,6.146,6.202,6.146,6.195,24625.8
2024-02-18 17:30:00,6.195,6.206,6.16,6.186,16059.6
2024-02-18 18:00:00,6.186,6.262,6.174,6.21,115134.5
2024-02-18 18:30:00,6.21,6.221,6.155,6.211,18971.6
2024-02-18 19:00:00,6.211,6.33,6.17,6.329,206833.0
2024-02-18 19:30:00,6.329,6.352,6.268,6.303,183364.8
2024-02-18 20:00:00,6.303,6.36,6.255,6.322,25993.0
2024-02-18 20:30:00,6.322,6.37,6.32,6.36,20713.1
2024-02-18 21:00:00,6.36,6.373,6.315,6.338,10659.5
2024-02-18 21:30:00,6.338,6.344,6.281,6.319,10217.6
2024-02-18 22:00:00,6.319,6.372,6.298,6.364,21749.4
2024-02-18 22:30:00,6.364,6.371,6.308,6.319,19029.5
2024-02-18 23:00:00,6.319,6.355,6.281,6.292,20866.2
2024-02-18 23:30:00,6.292,6.293,6.24,6.282,78385.2
2024-02-19 00:00:00,6.282,6.286,6.25,6.281,5006.2
2024-02-19 00:30:00,6.281,6.333,6.256,6.312,18946.2
2024-02-19 01:00:00,6.312,6.313,6.244,6.268,7365.8
2024-02-19 01:30:00,6.268,6.275,6.22,6.26,25689.9
2024-02-19 02:00:00,6.26,6.34,6.252,6.34,97200.4
2024-02-19 02:30:00,6.34,6.374,6.31,6.365,11797.5
2024-02-19 03:00:00,6.365,6.393,6.35,6.38,36367.1
2024-02-19 03:30:00,6.38,6.452,6.38,6.43,62703.1
2024-02-19 04:00:00,6.43,6.5,6.4,6.473,30040.1
2024-02-19 04:30:00,6.473,6.504,6.461,6.498,15183.6
2024-02-19 05:00:00,6.498,6.507,6.403,6.444,140429.0
2024-02-19 05:30:00,6.444,6.49,6.417,6.475,31793.0
2024-02-19 06:00:00,6.475,6.513,6.462,6.472,32443.1
2024-02-19 06:30:00,6.472,6.474,6.432,6.452,21036.6
2024-02-19 07:00:00,6.452,6.572,6.452,6.543,31253.0
2024-02-19 07:30:00,6.543,6.558,6.517,6.526,46014.4
2024-02-19 08:00:00,6.526,6.577,6.501,6.551,22461.4
2024-02-19 08:30:00,6.551,6.575,6.396,6.429,153802.1
2024-02-19 09:00:00,6.429,6.501,6.429,6.491,24292.3
2024-02-19 09:30:00,6.491,6.6,6.483,6.579,23029.4
2024-02-19 10:00:00,6.579,6.663,6.524,6.563,89743.4
2024-02-19 10:30:00,6.563,6.659,6.56,6.637,93526.1
2024-02-19 11:00:00,6.637,6.733,6.629,6.691,35509.5
2024-02-19 11:30:00,6.691,6.782,6.614,6.625,182127.6
2024-02-19 12:00:00,6.625,6.636,6.53,6.551,103457.1
2024-02-19 12:30:00,6.551,6.65,6.551,6.585,52006.7
2024-02-19 13:00:00,6.585,6.619,6.556,6.58,25761.6
2024-02-19 13:30:00,6.58,6.697,6.562,6.663,93392.4
2024-02-19 14:00:00,6.663,6.669,6.602,6.613,54230.4
2024-02-19 14:30:00,6.613,6.699,6.571,6.695,73849.2
2024-02-19 15:00:00,6.695,6.848,6.692,6.841,74919.2
2024-02-19 15:30:00,6.841,6.877,6.761,6.805,70995.2
2024-02-19 16:00:00,6.805,7.005,6.758,6.957,144866.6
2024-02-19 16:30:00,6.957,7.111,6.89,6.941,120722.8
2024-02-19 17:00:00,6.941,6.976,6.81,6.973,72935.8
2024-02-19 17:30:00,6.973,7.058,6.945,6.975,40167.6
2024-02-19 18:00:00,6.975,7.089,6.954,7.078,42667.6
2024-02-19 18:30:00,7.078,7.367,7.078,7.211,185282.0
2024-02-19 19:00:00,7.211,7.328,7.211,7.255,219327.0
2024-02-19 19:30:00,7.255,7.295,7.21,7.293,60603.7
2024-02-19 20:00:00,7.293,7.374,7.225,7.345,49714.2
2024-02-19 20:30:00,7.345,7.518,7.345,7.38,139086.4
2024-02-19 21:00:00,7.38,7.506,7.337,7.451,94345.4
2024-02-19 21:30:00,7.451,7.507,7.388,7.493,70757.7
2024-02-19 22:00:00,7.493,7.808,7.448,7.705,181684.3
2024-02-19 22:30:00,7.705,7.716,7.527,7.555,103834.8
2024-02-19 23:00:00,7.555,7.625,7.434,7.44,88063.2
2024-02-19 23:30:00,7.44,7.502,7.377,7.404,66534.0
2024-02-20 00:00:00,7.404,7.594,7.404,7.536,96322.8
2024-02-20 00:30:00,7.536,7.7,7.477,7.672,113747.7
2024-02-20 01:00:00,7.672,7.818,7.529,7.531,206669.7
2024-02-20 01:30:00,7.531,7.538,7.347,7.478,108785.9
2024-02-20 02:00:00,7.478,7.52,7.41,7.517,71497.4
2024-02-20 02:30:00,7.517,7.609,7.443,7.608,52380.6
2024-02-20 03:00:00,7.608,7.643,7.35,7.403,91936.9
2024-02-20 03:30:00,7.403,7.448,7.218,7.249,169890.2
2024-02-20 04:00:00,7.249,7.334,7.219,7.305,129625.9
2024-02-20 04:30:00,7.305,7.347,7.287,7.325,38266.8
2024-02-20 05:00:00,7.325,7.448,7.29,7.414,55342.4
2024-02-20 05:30:00,7.414,7.473,7.386,7.447,62448.9
2024-02-20 06:00:00,7.447,7.587,7.438,7.535,57031.6
2024-02-20 06:30:00,7.535,7.579,7.486,7.539,49743.5
2024-02-20 07:00:00,7.539,7.581,7.49,7.55,39045.2
2024-02-20 07:30:00,7.55,7.719,7.547,7.624,110157.6
2024-02-20 08:00:00,7.624,7.671,7.467,7.53,122305.6
2024-02-20 08:30:00,7.53,7.762,7.527,7.688,143734.3
2024-02-20 09:00:00,7.688,7.844,7.518,7.545,265342.1
2024-02-20 09:30:00,7.545,7.59,7.399,7.513,166670.7
2024-02-20 10:00:00,7.513,7.657,7.481,7.647,89909.7
2024-02-20 10:30:00,7.647,7.73,7.632,7.718,119242.8
2024-02-20 11:00:00,7.718,7.798,7.669,7.784,157659.1
2024-02-20 11:30:00,7.784,7.902,7.733,7.867,189548.4
2024-02-20 12:00:00,7.867,8.006,7.797,7.952,237151.3
2024-02-20 12:30:00,7.952,7.965,7.813,7.826,138834.1
2024-02-20 13:00:00,7.826,7.922,7.773,7.862,179396.6
2024-02-20 13:30:00,7.862,7.987,7.601,7.689,321037.6
2024-02-20 14:00:00,7.689,7.731,7.511,7.599,256472.5
2024-02-20 14:30:00,7.599,7.695,7.484,7.638,224670.9
2024-02-20 15:00:00,7.638,7.676,6.977,7.243,423621.9
2024-02-20 15:30:00,7.243,7.442,7.196,7.368,179549.4
2024-02-20 16:00:00,7.368,7.589,7.305,7.547,167168.6
2024-02-20 16:30:00,7.547,7.781,7.486,7.5,277357.7
2024-02-20 17:00:00,7.5,7.617,7.326,7.414,218252.9
2024-02-20 17:30:00,7.414,7.445,7.18,7.342,155540.9
2024-02-20 18:00:00,7.342,7.406,7.321,7.369,49092.9
2024-02-20 18:30:00,7.369,7.39,7.304,7.338,41923.8
2024-02-20 19:00:00,7.338,7.338,7.214,7.314,53945.4
2024-02-20 19:30:00,7.314,7.537,7.314,7.532,57027.3
2024-02-20 20:00:00,7.532,7.59,7.454,7.55,81882.6
2024-02-20 20:30:00,7.55,7.687,7.531,7.574,85326.1
2024-02-20 21:00:00,7.574,7.653,7.534,7.646,47138.2
2024-02-20 21:30:00,7.646,7.667,7.532,7.562,33194.7
2024-02-20 22:00:00,7.562,7.636,7.533,7.565,39967.9
2024-02-20 22:30:00,7.565,7.751,7.477,7.663,92463.1
2024-02-20 23:00:00,7.663,7.735,7.572,7.604,42027.8
2024-02-20 23:30:00,7.604,7.765,7.59,7.708,40123.4
2024-02-21 00:00:00,7.708,7.75,7.59,7.623,41822.2
2024-02-21 00:30:00,7.623,7.68,7.523,7.539,43311.5
2024-02-21 01:00:00,7.539,7.571,7.465,7.469,29933.2
2024-02-21 01:30:00,7.469,7.535,7.455,7.461,19077.3
2024-02-21 02:00:00,7.461,7.49,7.414,7.418,25024.2
2024-02-21 02:30:00,7.418,7.449,7.358,7.37,21764.2
2024-02-21 03:00:00,7.37,7.486,7.337,7.444,75378.9
2024-02-21 03:30:00,7.444,7.515,7.403,7.51,21572.0
2024-02-21 04:00:00,7.51,7.523,7.447,7.454,11385.2
2024-02-21 04:30:00,7.454,7.454,7.364,7.371,35788.5
2024-02-21 05:00:00,7.371,7.425,7.35,7.354,23292.7
2024-02-21 05:30:00,7.354,7.377,7.314,7.314,36593.9
2024-02-21 06:00:00,7.314,7.34,7.257,7.266,35561.8
2024-02-21 06:30:00,7.266,7.29,7.206,7.229,53938.6
2024-02-21 07:00:00,7.229,7.233,7.137,7.214,75899.2
2024-02-21 07:30:00,7.214,7.215,7.123,7.149,45302.0
2024-02-21 08:00:00,7.149,7.281,7.138,7.254,63574.1
2024-02-21 08:30:00,7.254,7.444,7.247,7.384,196433.4
2024-02-21 09:00:00,7.384,7.39,7.251,7.263,78922.6
2024-02-21 09:30:00,7.263,7.314,7.131,7.154,60748.6
2024-02-21 10:00:00,7.154,7.213,7.055,7.183,138109.7
2024-02-21 10:30:00,7.183,7.285,7.15,7.269,44637.3
2024-02-21 11:00:00,7.269,7.335,7.258,7.282,37150.1
2024-02-21 11:30:00,7.282,7.345,7.263,7.317,51954.1
2024-02-21 12:00:00,7.317,7.517,7.182,7.478,164542.2
2024-02-21 12:30:00,7.478,7.488,7.404,7.429,58190.6
2024-02-21 13:00:00,7.429,7.474,7.346,7.36,54313.8
2024-02-21 13:30:00,7.36,7.36,7.113,7.149,215839.0
2024-02-21 14:00:00,7.149,7.15,6.852,6.884,222301.1
2024-02-21 14:30:00,6.884,6.98,6.849,6.929,75858.9
2024-02-21 15:00:00,6.929,7.019,6.901,6.996,70996.1
2024-02-21 15:30:00,6.996,7.063,6.936,6.955,52766.8
2024-02-21 16:00:00,6.955,7.037,6.916,6.917,50763.4
2024-02-21 16:30:00,6.917,7.03,6.91,7.029,27292.2
2024-02-21 17:00:00,7.029,7.104,7.021,7.046,45390.9
2024-02-21 17:30:00,7.046,7.061,6.875,6.911,70745.5
2024-02-21 18:00:00,6.911,6.968,6.813,6.856,49592.4
2024-02-21 18:30:00,6.856,7.035,6.854,7.032,23572.7
2024-02-21 19:00:00,7.032,7.125,6.982,7.05,35274.6
2024-02-21 19:30:00,7.05,7.121,7.044,7.086,15209.3
2024-02-21 20:00:00,7.086,7.086,7.011,7.019,11000.5
2024-02-21 20:30:00,7.019,7.048,7.01,7.025,16744.0
2024-02-21 21:00:00,7.025,7.162,7.003,7.162,22425.8
2024-02-21 21:30:00,7.162,7.2,7.125,7.175,43423.5
2024-02-21 22:00:00,7.175,7.227,7.159,7.213,27676.4
2024-02-21 22:30:00,7.213,7.216,7.161,7.193,32418.3
2024-02-21 23:00:00,7.193,7.248,7.188,7.209,23314.6
2024-02-21 23:30:00,7.209,7.26,7.17,7.243,25842.2
2024-02-22 00:00:00,7.243,7.356,7.194,7.329,52681.9
2024-02-22 00:30:00,7.329,7.394,7.208,7.267,34463.1
2024-02-22 01:00:00,7.267,7.352,7.199,7.224,24790.3
2024-02-22 01:30:00,7.224,7.237,7.072,7.112,81254.8
2024-02-22 02:00:00,7.112,7.231,7.112,7.201,24575.1
2024-02-22 02:30:00,7.201,7.3,7.185,7.212,23385.8
2024-02-22 03:00:00,7.212,7.345,7.176,7.325,31128.5
2024-02-22 03:30:00,7.325,7.405,7.275,7.374,16056.7
2024-02-22 04:00:00,7.374,7.393,7.319,7.333,24611.9
2024-02-22 04:30:00,7.333,7.438,7.308,7.412,40280.5
2024-02-22 05:00:00,7.412,7.418,7.326,7.331,38984.3
2024-02-22 05:30:00,7.331,7.393,7.302,7.365,32031.4
2024-02-22 06:00:00,7.365,7.479,7.333,7.422,74945.1
2024-02-22 06:30:00,7.422,7.49,7.409,7.442,46413.8
2024-02-22 07:00:00,7.442,7.503,7.386,7.49,142055.5
2024-02-22 07:30:00,7.49,7.564,7.44,7.521,206078.2
2024-02-22 08:00:00,7.521,7.611,7.516,7.562,82546.5
2024-02-22 08:30:00,7.562,7.562,7.442,7.502,47247.5
2024-02-22 09:00:00,7.502,7.517,7.451,7.503,25045.3
2024-02-22 09:30:00,7.503,7.632,7.5,7.581,35920.5
2024-02-22 10:00:00,7.581,7.586,7.503,7.51,34806.2
2024-02-22 10:30:00,7.51,7.529,7.458,7.495,40148.0
2024-02-22 11:00:00,7.495,7.495,7.41,7.468,44089.2
2024-02-22 11:30:00,7.468,7.564,7.467,7.524,51289.0
2024-02-22 12:00:00,7.524,7.549,7.46,7.512,25730.1
2024-02-22 12:30:00,7.512,7.52,7.404,7.519,37955.7
2024-02-22 13:00:00,7.519,7.559,7.409,7.46,54983.5
2024-02-22 13:30:00,7.46,7.495,7.321,7.458,62866.0
2024-02-22 14:00:00,7.458,7.633,7.432,7.611,54815.1
2024-02-22 14:30:00,7.611,7.736,7.576,7.719,108230.2
2024-02-22 15:00:00,7.719,7.773,7.619,7.661,76306.8
2024-02-22 15:30:00,7.661,7.818,7.653,7.738,56654.3
2024-02-22 16:00:00,7.738,7.986,7.73,7.939,168406.2
2024-02-22 16:30:00,7.939,8.34,7.933,8.152,355105.2
2024-02-22 17:00:00,8.152,8.283,8.152,8.156,98854.6
2024-02-22 17:30:00,8.156,8.267,8.104,8.249,85434.4
2024-02-22 18:00:00,8.249,8.378,8.203,8.305,116015.0
2024-02-22 18:30:00,8.305,8.449,8.302,8.37,69101.6
2024-02-22 19:00:00,8.37,8.373,8.213,8.301,75179.9
2024-02-22 19:30:00,8.301,8.386,8.279,8.364,21483.2
2024-02-22 20:00:00,8.364,8.406,8.309,8.356,39674.1
2024-02-22 20:30:00,8.356,8.485,8.355,8.425,67989.1
2024-02-22 21:00:00,8.425,8.455,8.344,8.444,53078.0
2024-02-22 21:30:00,8.444,8.454,8.127,8.281,188079.7
2024-02-22 22:00:00,8.281,8.323,8.089,8.109,78103.7
2024-02-22 22:30:00,8.109,8.234,8.066,8.202,97731.5
2024-02-22 23:00:00,8.202,8.24,8.064,8.099,59883.8
2024-02-22 23:30:00,8.099,8.149,8.028,8.075,60839.8
2024-02-23 00:00:00,8.075,8.214,8.066,8.174,59311.7
2024-02-23 00:30:00,8.174,8.257,8.17,8.235,39778.9
2024-02-23 01:00:00,8.235,8.284,8.162,8.241,41464.1
2024-02-23 01:30:00,8.241,8.325,8.129,8.151,79493.7
2024-02-23 02:00:00,8.151,8.27,8.134,8.176,77607.1
2024-02-23 02:30:00,8.176,8.176,8.02,8.063,56191.9
2024-02-23 03:00:00,8.063,8.183,8.005,8.175,37875.4
2024-02-23 03:30:00,8.175,8.276,8.151,8.251,45417.3
2024-02-23 04:00:00,8.251,8.256,8.095,8.245,73112.6
2024-02-23 04:30:00,8.245,8.469,8.245,8.383,147332.3
2024-02-23 05:00:00,8.383,8.461,8.369,8.422,46047.7
2024-02-23 05:30:00,8.422,8.443,8.324,8.366,50923.1
2024-02-23 06:00:00,8.366,8.437,8.302,8.419,41225.5
2024-02-23 06:30:00,8.419,8.448,8.35,8.36,46183.1
2024-02-23 07:00:00,8.36,8.407,8.27,8.277,43134.2
2024-02-23 07:30:00,8.277,8.309,8.152,8.184,93790.8
2024-02-23 08:00:00,8.184,8.263,8.133,8.203,67232.8
2024-02-23 08:30:00,8.203,8.242,8.06,8.061,104764.8
2024-02-23 09:00:00,8.061,8.16,8.049,8.1,80190.1
2024-02-23 09:30:00,8.1,8.228,8.1,8.224,57060.4
2024-02-23 10:00:00,8.224,8.232,8.067,8.196,59921.4
2024-02-23 10:30:00,8.196,8.225,8.115,8.155,43435.7
2024-02-23 11:00:00,8.155,8.206,8.1,8.106,54440.9
2024-02-23 11:30:00,8.106,8.2,8.101,8.138,20682.6
2024-02-23 12:00:00,8.138,8.18,7.874,7.902,187529.9
2024-02-23 12:30:00,7.902,8.044,7.855,7.978,110100.1
2024-02-23 13:00:00,7.978,8.092,7.947,8.067,65469.3
2024-02-23 13:30:00,8.067,8.381,8.064,8.309,170405.8
2024-02-23 14:00:00,8.309,8.578,8.288,8.467,229498.4
2024-02-23 14:30:00,8.467,8.508,8.158,8.287,171205.4
2024-02-23 15:00:00,8.287,8.292,7.91,7.936,178755.7
2024-02-23 15:30:00,7.936,8.043,7.823,7.923,146728.1
2024-02-23 16:00:00,7.923,8.105,7.803,8.007,165346.7
2024-02-23 16:30:00,8.007,8.114,7.918,8.075,105304.6
2024-02-23 17:00:00,8.075,8.136,8.015,8.032,47454.4
2024-02-23 17:30:00,8.032,8.23,8.03,8.129,47281.7
2024-02-23 18:00:00,8.129,8.145,8.043,8.126,38926.3
2024-02-23 18:30:00,8.126,8.211,8.095,8.19,14155.9
2024-02-23 19:00:00,8.19,8.221,8.109,8.199,22033.9
2024-02-23 19:30:00,8.199,8.261,8.153,8.174,31914.4
2024-02-23 20:00:00,8.174,8.191,8.109,8.112,11828.4
2024-02-23 20:30:00,8.112,8.212,8.112,8.188,10640.8
2024-02-23 21:00:00,8.188,8.221,8.122,8.172,18307.0
2024-02-23 21:30:00,8.172,8.217,8.117,8.126,23683.5
2024-02-23 22:00:00,8.126,8.202,8.054,8.087,21196.4
2024-02-23 22:30:00,8.087,8.087,7.979,8.011,55693.4
2024-02-23 23:00:00,8.011,8.013,7.889,7.95,38126.8
2024-02-23 23:30:00,7.95,8.041,7.947,8.009,41731.9
2024-02-24 00:00:00,8.009,8.098,7.983,8.044,92891.0
2024-02-24 00:30:00,8.044,8.045,7.931,7.931,25800.2
2024-02-24 01:00:00,7.931,7.97,7.75,7.774,101479.4
2024-02-24 01:30:00,7.774,7.829,7.706,7.709,43279.3
2024-02-24 02:00:00,7.709,7.822,7.704,7.789,50700.5
2024-02-24 02:30:00,7.789,7.864,7.789,7.863,6731.5
2024-02-24 03:00:00,7.863,7.863,7.798,7.828,14211.9
2024-02-24 03:30:00,7.828,7.933,7.809,7.899,40887.6
2024-02-24 04:00:00,7.899,7.971,7.897,7.95,16627.4
2024-02-24 04:30:00,7.95,8.233,7.95,8.202,86727.4
2024-02-24 05:00:00,8.202,8.228,8.129,8.189,31340.9
2024-02-24 05:30:00,8.189,8.227,8.149,8.152,28789.4
2024-02-24 06:00:00,8.152,8.168,8.094,8.104,24446.1
2024-02-24 06:30:00,8.104,8.15,8.074,8.101,11266.0
2024-02-24 07:00:00,8.101,8.13,8.072,8.121,8021.4
2024-02-24 07:30:00,8.121,8.142,8.086,8.113,27929.6
2024-02-24 08:00:00,8.113,8.115,8.032,8.063,17876.1
2024-02-24 08:30:00,8.063,8.071,7.98,8.004,36592.3
2024-02-24 09:00:00,8.004,8.017,7.959,7.991,13309.2
2024-02-24 09:30:00,7.991,8.036,7.961,7.972,23612.5
2024-02-24 10:00:00,7.972,8.067,7.928,8.001,30975.9
2024-02-24 10:30:00,8.001,8.013,7.903,7.932,16065.7
2024-02-24 11:00:00,7.932,7.964,7.916,7.946,16151.7
2024-02-24 11:30:00,7.946,7.99,7.924,7.954,29326.5
2024-02-24 12:00:00,7.954,7.969,7.91,7.919,13538.3
2024-02-24 12:30:00,7.919,7.929,7.842,7.878,36770.7
2024-02-24 13:00:00,7.878,7.953,7.865,7.945,38472.2
2024-02-24 13:30:00,7.945,7.958,7.887,7.912,18143.8
2024-02-24 14:00:00,7.912,7.934,7.855,7.882,31480.1
2024-02-24 14:30:00,7.882,7.915,7.781,7.835,42650.4
2024-02-24 15:00:00,7.835,7.851,7.794,7.845,34304.3
2024-02-24 15:30:00,7.845,7.859,7.761,7.78,42284.2
2024-02-24 16:00:00,7.78,7.835,7.765,7.769,44067.1
2024-02-24 16:30:00,7.769,7.829,7.749,7.822,41906.3
2024-02-24 17:00:00,7.822,7.917,7.772,7.782,67899.6
2024-02-24 17:30:00,7.782,7.872,7.779,7.852,53950.0
2024-02-24 18:00:00,7.852,7.945,7.847,7.863,52917.0
2024-02-24 18:30:00,7.863,7.892,7.824,7.833,14268.3
2024-02-24 19:00:00,7.833,7.885,7.828,7.868,9355.2
2024-02-24 19:30:00,7.868,7.918,7.866,7.911,14270.4
2024-02-24 20:00:00,7.911,7.911,7.807,7.824,27188.2
2024-02-24 20:30:00,7.824,7.866,7.821,7.832,15566.6
2024-02-24 21:00:00,7.832,7.861,7.815,7.849,7695.1
2024-02-24 21:30:00,7.849,7.917,7.821,7.917,15309.2
2024-02-24 22:00:00,7.917,7.954,7.883,7.94,19227.6
2024-02-24 22:30:00,7.94,7.995,7.891,7.975,25621.7
2024-02-24 23:00:00,7.975,8.025,7.947,8.016,31398.4
2024-02-24 23:30:00,8.016,8.114,8.004,8.095,38955.0
2024-02-25 00:00:00,8.095,8.159,8.043,8.069,45963.3
2024-02-25 00:30:00,8.069,8.071,7.972,8.057,37643.5
2024-02-25 01:00:00,8.057,8.348,8.049,8.316,122298.3
2024-02-25 01:30:00,8.316,8.343,8.216,8.306,41284.0
2024-02-25 02:00:00,8.306,8.35,8.262,8.347,25431.5
2024-02-25 02:30:00,8.347,8.389,8.271,8.32,39055.0
2024-02-25 03:00:00,8.32,8.34,8.143,8.203,58263.7
2024-02-25 03:30:00,8.203,8.244,8.157,8.191,30210.3
2024-02-25 04:00:00,8.191,8.244,8.168,8.193,37136.9
2024-02-25 04:30:00,8.193,8.253,8.153,8.253,14629.0
2024-02-25 05:00:00,8.253,8.322,8.234,8.255,27466.3
2024-02-25 05:30:00,8.255,8.273,8.193,8.221,19956.6
2024-02-25 06:00:00,8.221,8.229,8.168,8.21,29486.0
2024-02-25 06:30:00,8.21,8.327,8.174,8.305,33750.8
2024-02-25 07:00:00,8.305,8.33,8.238,8.283,27112.1
2024-02-25 07:30:00,8.283,8.324,8.249,8.301,23654.7
2024-02-25 08:00:00,8.301,8.367,8.242,8.345,40774.5
2024-02-25 08:30:00,8.345,8.345,8.183,8.19,28335.1
2024-02-25 09:00:00,8.19,8.312,8.184,8.26,37935.5
2024-02-25 09:30:00,8.26,8.336,8.259,8.303,22617.1
2024-02-25 10:00:00,8.303,8.353,8.296,8.35,22389.9
2024-02-25 10:30:00,8.35,8.515,8.35,8.494,130737.1
2024-02-25 11:00:00,8.494,8.532,8.409,8.432,80597.7
2024-02-25 11:30:00,8.432,8.471,8.421,8.436,35279.4
2024-02-25 12:00:00,8.436,8.44,8.317,8.332,48800.8
2024-02-25 12:30:00,8.332,8.368,8.304,8.316,21027.3
2024-02-25 13:00:00,8.316,8.359,8.297,8.322,35620.2
2024-02-25 13:30:00,8.322,8.437,8.321,8.412,23350.1
2024-02-25 14:00:00,8.412,8.429,8.355,8.422,15356.6
2024-02-25 14:30:00,8.422,8.62,8.412,8.62,94393.4
2024-02-25 15:00:00,8.62,8.624,8.422,8.512,71000.6
2024-02-25 15:30:00,8.512,8.521,8.321,8.336,61499.2
2024-02-25 16:00:00,8.336,8.364,8.195,8.201,92208.9
2024-02-25 16:30:00,8.201,8.247,8.142,8.161,97730.1
2024-02-25 17:00:00,8.161,8.228,8.153,8.209,29814.4
2024-02-25 17:30:00,8.209,8.267,8.187,8.246,13429.3
2024-02-25 18:00:00,8.246,8.251,8.185,8.185,13021.6
2024-02-25 18:30:00,8.185,8.226,8.17,8.208,11563.2
2024-02-25 19:00:00,8.208,8.25,8.158,8.218,20498.7
2024-02-25 19:30:00,8.218,8.244,8.202,8.218,11649.6
2024-02-25 20:00:00,8.218,8.257,8.201,8.244,15361.1
2024-02-25 20:30:00,8.244,8.247,8.18,8.186,17710.7
2024-02-25 21:00:00,8.186,8.218,8.147,8.181,18040.4
2024-02-25 21:30:00,8.181,8.198,8.079,8.079,67576.7
2024-02-25 22:00:00,8.079,8.122,8.043,8.111,37735.1
2024-02-25 22:30:00,8.111,8.175,8.111,8.146,18294.4
2024-02-25 23:00:00,8.146,8.171,8.125,8.133,4556.6
2024-02-25 23:30:00,8.133,8.17,8.108,8.122,11893.6
2024-02-26 00:00:00,8.122,8.251,8.089,8.231,18232.4
2024-02-26 00:30:00,8.231,8.327,8.223,8.261,36851.1
2024-02-26 01:00:00,8.261,8.261,8.179,8.228,12903.6
2024-02-26 01:30:00,8.228,8.229,8.128,8.138,26136.4
2024-02-26 02:00:00,8.138,8.151,8.056,8.06,36677.9
2024-02-26 02:30:00,8.06,8.113,8.056,8.084,10886.5
2024-02-26 03:00:00,8.084,8.116,8.06,8.106,8049.5
2024-02-26 03:30:00,8.106,8.157,8.088,8.15,12327.8
2024-02-26 04:00:00,8.15,8.156,8.083,8.09,14746.0
2024-02-26 04:30:00,8.09,8.124,8.082,8.099,11366.9
2024-02-26 05:00:00,8.099,8.143,8.049,8.06,14693.4
2024-02-26 05:30:00,8.06,8.107,8.054,8.079,7265.3
2024-02-26 06:00:00,8.079,8.119,8.066,8.098,6469.0
2024-02-26 06:30:00,8.098,8.138,8.09,8.135,17660.6
2024-02-26 07:00:00,8.135,8.135,8.053,8.062,13766.2
2024-02-26 07:30:00,8.062,8.067,7.943,7.991,84406.8
2024-02-26 08:00:00,7.991,8.03,7.949,8.03,36442.9
2024-02-26 08:30:00,8.03,8.033,7.955,7.955,20150.8
2024-02-26 09:00:00,7.955,7.988,7.856,7.877,49057.3
2024-02-26 09:30:00,7.877,7.879,7.818,7.862,58111.1
2024-02-26 10:00:00,7.862,7.927,7.853,7.906,30621.3
2024-02-26 10:30:00,7.906,7.914,7.841,7.869,24100.8
2024-02-26 11:00:00,7.869,7.904,7.82,7.881,31145.0
2024-02-26 11:30:00,7.881,7.886,7.845,7.871,24048.7
2024-02-26 12:00:00,7.871,7.887,7.826,7.868,22901.6
2024-02-26 12:30:00,7.868,7.909,7.852,7.879,34355.1
2024-02-26 13:00:00,7.879,7.937,7.865,7.927,18293.9
2024-02-26 13:30:00,7.927,7.929,7.823,7.839,21366.2
2024-02-26 14:00:00,7.839,7.905,7.829,7.87,17992.9
2024-02-26 14:30:00,7.87,7.992,7.868,7.982,39237.0
2024-02-26 15:00:00,7.982,8.088,7.964,8.058,56133.1
2024-02-26 15:30:00,8.058,8.1,8.019,8.074,56282.4
2024-02-26 16:00:00,8.074,8.134,8.044,8.105,40812.4
2024-02-26 16:30:00,8.105,8.113,8.037,8.06,43800.0
2024-02-26 17:00:00,8.06,8.127,8.015,8.092,36961.0
2024-02-26 17:30:00,8.092,8.214,8.092,8.182,36680.3
2024-02-26 18:00:00,8.182,8.188,8.067,8.067,27785.0
2024-02-26 18:30:00,8.067,8.07,7.876,7.909,104699.9
2024-02-26 19:00:00,7.909,8.048,7.873,7.986,117741.1
2024-02-26 19:30:00,7.986,8.045,7.969,8.036,60752.3
2024-02-26 20:00:00,8.036,8.039,7.97,8.026,27042.8
2024-02-26 20:30:00,8.026,8.04,7.996,8.009,16575.4
2024-02-26 21:00:00,8.009,8.066,7.99,8.052,16354.9
2024-02-26 21:30:00,8.052,8.087,8.013,8.043,25728.8
2024-02-26 22:00:00,8.043,8.055,7.954,7.979,21652.7
2024-02-26 22:30:00,7.979,8.048,7.948,8.048,25479.4
2024-02-26 23:00:00,8.048,8.095,8.038,8.072,19788.7
2024-02-26 23:30:00,8.072,8.158,8.058,8.148,14396.7
2024-02-27 00:00:00,8.148,8.173,8.056,8.106,24001.0
2024-02-27 00:30:00,8.106,8.106,8.029,8.064,23183.6
2024-02-27 01:00:00,8.064,8.211,8.063,8.186,36393.3
2024-02-27 01:30:00,8.186,8.262,8.15,8.201,21274.1
2024-02-27 02:00:00,8.201,8.246,8.132,8.219,53421.5
2024-02-27 02:30:00,8.219,8.261,8.175,8.214,20047.0
2024-02-27 03:00:00,8.214,8.275,8.168,8.252,30357.9
2024-02-27 03:30:00,8.252,8.321,8.091,8.109,48029.2
2024-02-27 04:00:00,8.109,8.269,8.109,8.249,61422.1
2024-02-27 04:30:00,8.249,8.296,8.199,8.244,22433.4
2024-02-27 05:00:00,8.244,8.316,8.206,8.224,26503.3
2024-02-27 05:30:00,8.224,8.266,8.202,8.266,15838.2
2024-02-27 06:00:00,8.266,8.28,8.204,8.231,12724.5
2024-02-27 06:30:00,8.231,8.244,8.174,8.186,16597.3
2024-02-27 07:00:00,8.186,8.233,8.143,8.168,12777.5
2024-02-27 07:30:00,8.168,8.168,8.101,8.13,16443.9
2024-02-27 08:00:00,8.13,8.202,8.13,8.173,8965.0
2024-02-27 08:30:00,8.173,8.186,8.136,8.165,12315.4
2024-02-27 09:00:00,8.165,8.243,8.154,8.233,18731.2
2024-02-27 09:30:00,8.233,8.246,8.189,8.213,16843.1
2024-02-27 10:00:00,8.213,8.226,8.105,8.146,13206.6
2024-02-27 10:30:00,8.146,8.173,8.141,8.164,12391.4
2024-02-27 11:00:00,8.164,8.164,8.102,8.133,17176.3
2024-02-27 11:30:00,8.133,8.139,8.052,8.105,24362.5
2024-02-27 12:00:00,8.105,8.124,8.075,8.094,22057.3
2024-02-27 12:30:00,8.094,8.157,8.056,8.061,27086.0
2024-02-27 13:00:00,8.061,8.086,7.897,7.934,67628.1
2024-02-27 13:30:00,7.934,7.964,7.903,7.928,39605.2
2024-02-27 14:00:00,7.928,7.934,7.831,7.876,56515.3
2024-02-27 14:30:00,7.876,7.918,7.83,7.86,48421.4
2024-02-27 15:00:00,7.86,7.912,7.839,7.891,24726.3
2024-02-27 15:30:00,7.891,7.936,7.455,7.664,301682.3
2024-02-27 16:00:00,7.664,7.781,7.589,7.719,129176.1
2024-02-27 16:30:00,7.719,7.752,7.678,7.708,31427.7
2024-02-27 17:00:00,7.708,7.729,7.682,7.693,15935.3
2024-02-27 17:30:00,7.693,7.709,7.586,7.627,78150.2
2024-02-27 18:00:00,7.627,7.732,7.62,7.701,29589.2
2024-02-27 18:30:00,7.701,7.706,7.661,7.667,10467.0
2024-02-27 19:00:00,7.667,7.724,7.567,7.581,40061.2
2024-02-27 19:30:00,7.581,7.635,7.549,7.593,37394.5
2024-02-27 20:00:00,7.593,7.621,7.548,7.567,33661.7
2024-02-27 20:30:00,7.567,7.63,7.549,7.624,19536.2
2024-02-27 21:00:00,7.624,7.667,7.594,7.659,39449.4
2024-02-27 21:30:00,7.659,7.685,7.624,7.685,13984.6
2024-02-27 22:00:00,7.685,7.7,7.672,7.68,13933.6
2024-02-27 22:30:00,7.68,7.684,7.643,7.669,13816.2
2024-02-27 23:00:00,7.669,7.686,7.629,7.636,22362.8
2024-02-27 23:30:00,7.636,7.681,7.619,7.671,17106.9
2024-02-28 00:00:00,7.671,7.747,7.651,7.732,14432.3
2024-02-28 00:30:00,7.732,7.814,7.726,7.787,26931.2
2024-02-28 01:00:00,7.787,7.787,7.691,7.742,7897.7
2024-02-28 01:30:00,7.742,7.799,7.711,7.799,9902.6
2024-02-28 02:00:00,7.799,7.814,7.757,7.812,30854.1
2024-02-28 02:30:00,7.812,8.075,7.79,8.068,103049.1
2024-02-28 03:00:00,8.068,8.108,7.938,8.034,95827.0
2024-02-28 03:30:00,8.034,8.151,8.003,8.035,52554.9
2024-02-28 04:00:00,8.035,8.047,7.97,7.999,21536.6
2024-02-28 04:30:00,7.999,8.005,7.931,7.966,25185.1
2024-02-28 05:00:00,7.966,7.989,7.911,7.947,13569.7
2024-02-28 05:30:00,7.947,7.965,7.897,7.912,31440.3
2024-02-28 06:00:00,7.912,7.912,7.834,7.888,42237.9
2024-02-28 06:30:00,7.888,7.918,7.858,7.882,19919.5
2024-02-28 07:00:00,7.882,7.903,7.848,7.902,19816.9
2024-02-28 07:30:00,7.902,7.98,7.887,7.964,42187.0
2024-02-28 08:00:00,7.964,8.033,7.861,7.885,53957.6
2024-02-28 08:30:00,7.885,7.924,7.856,7.911,32916.2
2024-02-28 09:00:00,7.911,7.923,7.729,7.844,98849.7
2024-02-28 09:30:00,7.844,8.051,7.844,8.027,47911.6
2024-02-28 10:00:00,8.027,8.057,7.982,8.001,65888.1
2024-02-28 10:30:00,8.001,8.006,7.873,7.995,40583.9
2024-02-28 11:00:00,7.995,7.998,7.936,7.98,18912.7
2024-02-28 11:30:00,7.98,8.004,7.683,7.775,139572.0
2024-02-28 12:00:00,7.775,7.843,7.73,7.775,59021.8
2024-02-28 12:30:00,7.775,7.837,7.746,7.804,26522.0
2024-02-28 13:00:00,7.804,7.93,7.791,7.885,133079.2
2024-02-28 13:30:00,7.885,8.054,7.863,8.004,53331.9
2024-02-28 14:00:00,8.004,8.047,7.913,8.047,122012.5
2024-02-28 14:30:00,8.047,8.182,8.013,8.044,57849.0
2024-02-28 15:00:00,8.044,8.069,7.959,7.996,37171.2
2024-02-28 15:30:00,7.996,7.998,7.929,7.967,37729.6
2024-02-28 16:00:00,7.967,8.054,7.963,8.035,41431.4
2024-02-28 16:30:00,8.035,8.045,7.919,7.992,78861.0
2024-02-28 17:00:00,7.992,8.12,7.782,7.808,215463.5
2024-02-28 17:30:00,7.808,7.818,6.584,7.596,643701.7
2024-02-28 18:00:00,7.596,7.62,7.223,7.403,207998.0
2024-02-28 18:30:00,7.403,7.464,7.367,7.45,45173.1
2024-02-28 19:00:00,7.45,7.47,7.366,7.427,52452.9
2024-02-28 19:30:00,7.427,7.461,7.385,7.449,58633.9
2024-02-28 20:00:00,7.449,7.457,7.369,7.39,27126.7
2024-02-28 20:30:00,7.39,7.527,7.388,7.477,52244.0
2024-02-28 21:00:00,7.477,7.495,7.415,7.47,31594.1
2024-02-28 21:30:00,7.47,7.527,7.434,7.492,39409.6
2024-02-28 22:00:00,7.492,7.596,7.472,7.58,29399.5
2024-02-28 22:30:00,7.58,7.618,7.536,7.613,42199.5
2024-02-28 23:00:00,7.613,7.631,7.594,7.616,20953.4
2024-02-28 23:30:00,7.616,7.733,7.6,7.718,23419.6
2024-02-29 00:00:00,7.718,7.725,7.612,7.672,15887.1
2024-02-29 00:30:00,7.672,7.737,7.646,7.684,12908.5
2024-02-29 01:00:00,7.684,7.821,7.663,7.799,28472.7
2024-02-29 01:30:00,7.799,7.803,7.722,7.74,20081.5
2024-02-29 02:00:00,7.74,7.757,7.67,7.687,15173.7
2024-02-29 02:30:00,7.687,7.689,7.64,7.645,9645.5
2024-02-29 03:00:00,7.645,7.695,7.598,7.615,26363.2
2024-02-29 03:30:00,7.615,7.648,7.559,7.634,22926.0
2024-02-29 04:00:00,7.634,7.705,7.587,7.675,22841.2
2024-02-29 04:30:00,7.675,7.784,7.657,7.77,26985.5
2024-02-29 05:00:00,7.77,7.966,7.765,7.904,43586.6
2024-02-29 05:30:00,7.904,7.934,7.857,7.885,52119.5
2024-02-29 06:00:00,7.885,7.954,7.877,7.9,17353.1
2024-02-29 06:30:00,7.9,7.961,7.855,7.939,42630.8
2024-02-29 07:00:00,7.939,7.939,7.785,7.808,69557.4
2024-02-29 07:30:00,7.808,8.056,7.798,8.027,30181.7
2024-02-29 08:00:00,8.027,8.184,8.009,8.061,46758.1
2024-02-29 08:30:00,8.061,8.254,8.059,8.182,70792.3
2024-02-29 09:00:00,8.182,8.226,8.108,8.16,56484.7
2024-02-29 09:30:00,8.16,8.204,8.075,8.122,62837.7
2024-02-29 10:00:00,8.122,8.266,8.052,8.211,40607.3
2024-02-29 10:30:00,8.211,8.224,8.158,8.2,25542.9
2024-02-29 11:00:00,8.2,8.27,8.175,8.223,27170.3
2024-02-29 11:30:00,8.223,8.267,8.177,8.247,29753.9
2024-02-29 12:00:00,8.247,8.268,8.091,8.167,71427.8
2024-02-29 12:30:00,8.167,8.263,8.164,8.219,19233.0
2024-02-29 13:00:00,8.219,8.372,8.208,8.284,65461.7
2024-02-29 13:30:00,8.284,8.385,8.256,8.345,58496.9
2024-02-29 14:00:00,8.345,8.392,8.299,8.299,23623.6
2024-02-29 14:30:00,8.299,8.318,8.154,8.248,97780.3
2024-02-29 15:00:00,8.248,8.281,8.201,8.205,15569.6
2024-02-29 15:30:00,8.205,8.224,8.174,8.212,19247.9
2024-02-29 16:00:00,8.212,8.238,8.013,8.201,98910.9
2024-02-29 16:30:00,8.201,8.89,8.201,8.68,272273.8
2024-02-29 17:00:00,8.68,8.738,8.555,8.57,114859.4
2024-02-29 17:30:00,8.57,8.753,8.521,8.663,92963.3
2024-02-29 18:00:00,8.663,8.731,8.58,8.594,39094.7
2024-02-29 18:30:00,8.594,8.633,8.428,8.486,63401.0
2024-02-29 19:00:00,8.486,8.534,8.408,8.533,43242.6
2024-02-29 19:30:00,8.533,8.627,8.527,8.602,19101.2
2024-02-29 20:00:00,8.602,8.621,8.564,8.582,9583.7
2024-02-29 20:30:00,8.582,8.646,8.581,8.594,15781.2
2024-02-29 21:00:00,8.594,8.633,8.345,8.383,107617.9
2024-02-29 21:30:00,8.383,8.421,8.204,8.35,82165.8
2024-02-29 22:00:00,8.35,8.375,8.066,8.071,62080.2
2024-02-29 22:30:00,8.071,8.143,7.889,8.005,91111.6
2024-02-29 23:00:00,8.005,8.208,8.005,8.199,28632.6
2024-02-29 23:30:00,8.199,8.225,8.114,8.146,17743.6
2024-03-01 00:00:00,8.146,8.195,8.086,8.171,20413.1
2024-03-01 00:30:00,8.171,8.475,8.157,8.463,39299.9
2024-03-01 01:00:00,8.463,8.508,8.371,8.421,32686.8
2024-03-01 01:30:00,8.421,8.479,8.37,8.405,13872.9
2024-03-01 02:00:00,8.405,8.457,8.252,8.315,27382.7
2024-03-01 02:30:00,8.315,8.346,8.246,8.299,22558.7
2024-03-01 03:00:00,8.299,8.395,8.297,8.327,17462.0
2024-03-01 03:30:00,8.327,8.422,8.29,8.368,24486.5
2024-03-01 04:00:00,8.368,8.419,8.321,8.388,10250.3
2024-03-01 04:30:00,8.388,8.388,8.302,8.336,13618.2
2024-03-01 05:00:00,8.336,8.388,8.324,8.365,10287.2
2024-03-01 05:30:00,8.365,8.42,8.309,8.332,24291.4
2024-03-01 06:00:00,8.332,8.398,8.303,8.384,16303.4
2024-03-01 06:30:00,8.384,8.384,8.264,8.313,27340.0
2024-03-01 07:00:00,8.313,8.336,8.232,8.234,31493.6
2024-03-01 07:30:00,8.234,8.259,8.159,8.181,46183.2
2024-03-01 08:00:00,8.181,8.239,8.133,8.2,24802.0
2024-03-01 08:30:00,8.2,8.284,8.181,8.253,19076.9
2024-03-01 09:00:00,8.253,8.296,8.213,8.283,24630.5
2024-03-01 09:30:00,8.283,8.32,8.214,8.247,14843.4
2024-03-01 10:00:00,8.247,8.247,8.183,8.204,8212.2
2024-03-01 10:30:00,8.204,8.217,8.142,8.183,24064.8
2024-03-01 11:00:00,8.183,8.28,8.176,8.206,28467.8
2024-03-01 11:30:00,8.206,8.21,8.113,8.148,23252.9
2024-03-01 12:00:00,8.148,8.217,8.133,8.182,10090.2
2024-03-01 12:30:00,8.182,8.27,8.164,8.214,26194.6
2024-03-01 13:00:00,8.214,8.339,8.191,8.303,20475.1
2024-03-01 13:30:00,8.303,8.32,8.192,8.219,18564.9
2024-03-01 14:00:00,8.219,8.222,8.124,8.164,20337.2
2024-03-01 14:30:00,8.164,8.188,8.041,8.128,59000.0
2024-03-01 15:00:00,8.128,8.154,7.982,8.05,89016.9
2024-03-01 15:30:00,8.05,8.069,7.958,7.999,58936.4
2024-03-01 16:00:00,7.999,8.059,7.991,8.038,30239.6
2024-03-01 16:30:00,8.038,8.045,7.998,8.027,11353.4
2024-03-01 17:00:00,8.027,8.148,8.018,8.117,23244.2
2024-03-01 17:30:00,8.117,8.16,8.115,8.144,18365.3
2024-03-01 18:00:00,8.144,8.187,8.108,8.168,14838.0
2024-03-01 18:30:00,8.168,8.18,8.141,8.159,22386.4
2024-03-01 19:00:00,8.159,8.191,8.145,8.163,9785.4
2024-03-01 19:30:00,8.163,8.185,8.114,8.12,12678.3
2024-03-01 20:00:00,8.12,8.145,8.07,8.124,23236.7
2024-03-01 20:30:00,8.124,8.17,8.086,8.169,11605.9
2024-03-01 21:00:00,8.169,8.18,8.091,8.159,16426.4
2024-03-01 21:30:00,8.159,8.195,8.156,8.181,5483.5
2024-03-01 22:00:00,8.181,8.224,8.172,8.193,10430.8
2024-03-01 22:30:00,8.193,8.214,8.155,8.181,19202.0
2024-03-01 23:00:00,8.181,8.228,8.18,8.221,27105.2
2024-03-01 23:30:00,8.221,8.244,8.189,8.205,28853.4
2024-03-02 00:00:00,8.205,8.334,8.186,8.22,41469.6
2024-03-02 00:30:00,8.22,8.317,8.21,8.317,22332.7
2024-03-02 01:00:00,8.317,8.475,8.076,8.204,123954.1
2024-03-02 01:30:00,8.204,8.364,8.196,8.355,30731.1
2024-03-02 02:00:00,8.355,8.499,8.308,8.426,52371.7
2024-03-02 02:30:00,8.426,8.571,8.406,8.563,56122.3
2024-03-02 03:00:00,8.563,8.61,8.458,8.5,43848.0
2024-03-02 03:30:00,8.5,8.596,8.463,8.541,18836.1
2024-03-02 04:00:00,8.541,8.808,8.502,8.659,162902.5
2024-03-02 04:30:00,8.659,8.879,8.588,8.629,136132.7
2024-03-02 05:00:00,8.629,8.677,8.456,8.56,96112.5
2024-03-02 05:30:00,8.56,8.585,8.498,8.55,29875.6
2024-03-02 06:00:00,8.55,8.65,8.55,8.639,17717.1
2024-03-02 06:30:00,8.639,8.809,8.623,8.762,59062.4
2024-03-02 07:00:00,8.762,8.846,8.665,8.8,36270.4
2024-03-02 07:30:00,8.8,8.829,8.725,8.741,26690.2
2024-03-02 08:00:00,8.741,8.822,8.572,8.704,85494.7
2024-03-02 08:30:00,8.704,8.8,8.652,8.724,45150.5
2024-03-02 09:00:00,8.724,8.78,8.582,8.587,48705.8
2024-03-02 09:30:00,8.587,8.656,8.523,8.6,42643.3
2024-03-02 10:00:00,8.6,8.866,8.6,8.82,52921.0
2024-03-02 10:30:00,8.82,9.034,8.801,8.85,118422.6
2024-03-02 11:00:00,8.85,8.92,8.773,8.834,29110.4
2024-03-02 11:30:00,8.834,8.894,8.71,8.74,38808.6
2024-03-02 12:00:00,8.74,8.883,8.707,8.872,41854.7
2024-03-02 12:30:00,8.872,8.968,8.845,8.925,28568.3
2024-03-02 13:00:00,8.925,8.931,8.826,8.889,20742.7
2024-03-02 13:30:00,8.889,8.889,8.747,8.761,53265.4
2024-03-02 14:00:00,8.761,8.809,8.608,8.655,80047.7
2024-03-02 14:30:00,8.655,8.839,8.613,8.834,40951.8
2024-03-02 15:00:00,8.834,8.905,8.787,8.824,49811.4
2024-03-02 15:30:00,8.824,8.836,8.668,8.71,48532.0
2024-03-02 16:00:00,8.71,8.813,8.65,8.672,29322.5
2024-03-02 16:30:00,8.672,8.738,8.618,8.694,22747.1
2024-03-02 17:00:00,8.694,8.715,8.666,8.694,13956.7
2024-03-02 17:30:00,8.694,8.763,8.673,8.694,15750.4
2024-03-02 18:00:00,8.694,8.796,8.691,8.776,12939.4
2024-03-02 18:30:00,8.776,8.98,8.764,8.954,36863.9
2024-03-02 19:00:00,8.954,9.229,8.946,9.122,96426.9
2024-03-02 19:30:00,9.122,9.222,9.068,9.177,37006.8
2024-03-02 20:00:00,9.177,9.349,9.092,9.304,122624.7
2024-03-02 20:30:00,9.304,9.407,9.255,9.302,48559.8
2024-03-02 21:00:00,9.302,9.425,9.294,9.32,85773.8
2024-03-02 21:30:00,9.32,9.404,9.305,9.367,48255.7
2024-03-02 22:00:00,9.367,9.511,9.345,9.403,74328.3
2024-03-02 22:30:00,9.403,9.404,9.263,9.282,20638.0
2024-03-02 23:00:00,9.282,9.399,9.276,9.373,21612.1
2024-03-02 23:30:00,9.373,9.418,9.308,9.32,23505.7
2024-03-03 00:00:00,9.32,9.331,9.184,9.199,46848.1
2024-03-03 00:30:00,9.199,9.229,9.041,9.088,71449.9
2024-03-03 01:00:00,9.088,9.229,9.075,9.216,27673.4
2024-03-03 01:30:00,9.216,9.223,9.144,9.16,22263.5
2024-03-03 02:00:00,9.16,9.275,9.148,9.212,41803.9
2024-03-03 02:30:00,9.212,9.359,9.158,9.329,37832.7
2024-03-03 03:00:00,9.329,9.329,9.248,9.284,32275.9
2024-03-03 03:30:00,9.284,9.344,9.259,9.3,31691.6
2024-03-03 04:00:00,9.3,9.302,9.225,9.23,18992.5
2024-03-03 04:30:00,9.23,9.249,9.188,9.243,33576.5
2024-03-03 05:00:00,9.243,9.245,9.122,9.156,29681.5
2024-03-03 05:30:00,9.156,9.189,9.115,9.139,41369.9
2024-03-03 06:00:00,9.139,9.205,9.06,9.188,48675.9
2024-03-03 06:30:00,9.188,9.223,9.106,9.141,20034.3
2024-03-03 07:00:00,9.141,9.16,8.54,8.822,381212.3
2024-03-03 07:30:00,8.822,9.126,8.728,9.011,115317.7
2024-03-03 08:00:00,9.011,9.192,8.981,8.994,88133.5
2024-03-03 08:30:00,8.994,9.606,8.994,9.454,181590.1
2024-03-03 09:00:00,9.454,9.661,9.439,9.625,74484.1
2024-03-03 09:30:00,9.625,9.871,9.619,9.673,117553.5
2024-03-03 10:00:00,9.673,9.78,9.59,9.692,74238.1
2024-03-03 10:30:00,9.692,9.864,9.671,9.713,46090.2
2024-03-03 11:00:00,9.713,9.842,9.648,9.788,50864.1
2024-03-03 11:30:00,9.788,9.829,9.685,9.749,43306.4
2024-03-03 12:00:00,9.749,9.886,9.661,9.728,70282.2
2024-03-03 12:30:00,9.728,9.739,9.628,9.655,47706.3
2024-03-03 13:00:00,9.655,9.842,9.604,9.808,57334.7
2024-03-03 13:30:00,9.808,9.852,9.7,9.749,31305.5
2024-03-03 14:00:00,9.749,10.033,9.677,10.021,81619.2
2024-03-03 14:30:00,10.021,10.498,9.9,10.407,161435.0
2024-03-03 15:00:00,10.407,10.658,10.36,10.468,69886.7
2024-03-03 15:30:00,10.468,10.572,10.379,10.42,26900.1
2024-03-03 16:00:00,10.42,10.739,10.342,10.653,58865.0
2024-03-03 16:30:00,10.653,10.653,10.478,10.592,28330.1
2024-03-03 17:00:00,10.592,10.645,10.5,10.523,15566.6
2024-03-03 17:30:00,10.523,10.638,10.455,10.525,28672.3
2024-03-03 18:00:00,10.525,10.691,10.506,10.68,19207.7
2024-03-03 18:30:00,10.68,10.68,10.496,10.594,15798.2
2024-03-03 19:00:00,10.594,10.782,10.519,10.71,22648.2
2024-03-03 19:30:00,10.71,10.797,10.652,10.662,26229.4
2024-03-03 20:00:00,10.662,10.795,10.571,10.787,20199.0
2024-03-03 20:30:00,10.787,10.868,10.643,10.833,23346.1
2024-03-03 21:00:00,10.833,10.89,10.72,10.85,18246.8
2024-03-03 21:30:00,10.85,10.875,10.729,10.855,14073.6
2024-03-03 22:00:00,10.855,10.856,10.697,10.773,13294.8
2024-03-03 22:30:00,10.773,10.858,10.545,10.588,60102.9
2024-03-03 23:00:00,10.588,10.611,10.507,10.533,16900.6
2024-03-03 23:30:00,10.533,10.55,10.46,10.522,24035.4
2024-03-04 00:00:00,10.522,10.633,10.488,10.602,25155.3
2024-03-04 00:30:00,10.602,10.604,10.174,10.513,124242.9
2024-03-04 01:00:00,10.513,10.822,10.5,10.567,67476.0
2024-03-04 01:30:00,10.567,10.614,10.399,10.427,51567.3
2024-03-04 02:00:00,10.427,10.427,10.26,10.304,62756.1
2024-03-04 02:30:00,10.304,10.346,10.281,10.299,21890.1
2024-03-04 03:00:00,10.299,10.304,10.164,10.197,25273.1
2024-03-04 03:30:00,10.197,10.197,10.054,10.093,41876.1
2024-03-04 04:00:00,10.093,10.27,10.088,10.21,33871.4
2024-03-04 04:30:00,10.21,10.258,10.172,10.205,21413.6
2024-03-04 05:00:00,10.205,10.222,10.1,10.198,14792.0
2024-03-04 05:30:00,10.198,10.2,10.064,10.086,11159.8
2024-03-04 06:00:00,10.086,10.212,10.074,10.162,23461.4
2024-03-04 06:30:00,10.162,10.346,10.131,10.336,32631.5
2024-03-04 07:00:00,10.336,10.339,10.187,10.194,29270.5
2024-03-04 07:30:00,10.194,10.29,10.166,10.191,40244.0
2024-03-04 08:00:00,10.191,10.311,10.191,10.257,45069.3
2024-03-04 08:30:00,10.257,10.304,10.165,10.182,27671.4
2024-03-04 09:00:00,10.182,10.319,10.006,10.218,97486.4
2024-03-04 09:30:00,10.218,10.226,10.09,10.203,26281.5
2024-03-04 10:00:00,10.203,10.242,9.853,10.029,107986.8
2024-03-04 10:30:00,10.029,10.042,9.863,10.024,48416.0
2024-03-04 11:00:00,10.024,10.032,9.884,9.897,32957.7
2024-03-04 11:30:00,9.897,9.951,9.875,9.95,22831.4
2024-03-04 12:00:00,9.95,10.089,9.862,10.079,36364.2
2024-03-04 12:30:00,10.079,10.092,9.948,10.059,30268.4
2024-03-04 13:00:00,10.059,10.059,9.976,9.989,21506.5
2024-03-04 13:30:00,9.989,10.004,9.733,9.807,65249.7
2024-03-04 14:00:00,9.807,9.953,9.763,9.889,43595.2
2024-03-04 14:30:00,9.889,9.984,9.86,9.961,39657.5
2024-03-04 15:00:00,9.961,10.112,9.961,10.11,42295.0
2024-03-04 15:30:00,10.11,10.11,10.024,10.031,59158.4
2024-03-04 16:00:00,10.031,10.112,9.932,9.998,39983.0
2024-03-04 16:30:00,9.998,10.1,9.909,9.97,39813.6
2024-03-04 17:00:00,9.97,10.02,9.827,9.964,43802.6
2024-03-04 17:30:00,9.964,9.964,9.735,9.75,87125.5
2024-03-04 18:00:00,9.75,10.165,9.74,9.832,84090.8
2024-03-04 18:30:00,9.832,10.037,9.823,10.035,23475.2
2024-03-04 19:00:00,10.035,10.035,9.919,9.983,28419.9
2024-03-04 19:30:00,9.983,10.162,9.931,10.031,38322.9
2024-03-04 20:00:00,10.031,10.118,10.002,10.012,35540.7
2024-03-04 20:30:00,10.012,10.062,9.963,10.062,25688.7
2024-03-04 21:00:00,10.062,10.15,9.987,10.116,26445.5
2024-03-04 21:30:00,10.116,10.171,10.103,10.133,13018.6
2024-03-04 22:00:00,10.133,10.237,10.095,10.225,29688.9
2024-03-04 22:30:00,10.225,10.361,10.198,10.34,14939.8
2024-03-04 23:00:00,10.34,10.34,10.061,10.099,43972.5
2024-03-04 23:30:00,10.099,10.099,9.982,10.024,37707.0
2024-03-05 00:00:00,10.024,10.376,9.974,10.347,68290.5
2024-03-05 00:30:00,10.347,10.359,10.096,10.115,55964.7
2024-03-05 01:00:00,10.115,10.306,10.115,10.169,32086.5
2024-03-05 01:30:00,10.169,10.459,10.156,10.313,51416.7
2024-03-05 02:00:00,10.313,10.348,10.036,10.101,43464.2
2024-03-05 02:30:00,10.101,10.255,10.032,10.116,25150.8
2024-03-05 03:00:00,10.116,10.176,10.06,10.124,19969.9
2024-03-05 03:30:00,10.124,10.132,10.009,10.009,15846.3
2024-03-05 04:00:00,10.009,10.457,10.003,10.428,58527.0
2024-03-05 04:30:00,10.428,10.528,10.275,10.385,116456.1
2024-03-05 05:00:00,10.385,10.392,10.044,10.255,123821.8
2024-03-05 05:30:00,10.255,10.369,10.132,10.323,34583.3
2024-03-05 06:00:00,10.323,10.339,10.168,10.281,8949.3
2024-03-05 06:30:00,10.281,10.281,10.164,10.226,11976.7
2024-03-05 07:00:00,10.226,10.367,10.172,10.347,9411.7
2024-03-05 07:30:00,10.347,10.371,10.174,10.194,16270.4
2024-03-05 08:00:00,10.194,10.358,10.075,10.322,34152.1
2024-03-05 08:30:00,10.322,10.378,10.241,10.265,24335.0
2024-03-05 09:00:00,10.265,10.345,10.195,10.322,23866.6
2024-03-05 09:30:00,10.322,10.322,10.175,10.21,15564.8
2024-03-05 10:00:00,10.21,10.248,10.187,10.2,12992.9
2024-03-05 10:30:00,10.2,10.275,10.161,10.21,12832.1
2024-03-05 11:00:00,10.21,10.3,10.182,10.298,13182.3
2024-03-05 11:30:00,10.298,10.3,10.208,10.217,14055.9
2024-03-05 12:00:00,10.217,10.297,10.192,10.217,10666.1
2024-03-05 12:30:00,10.217,10.226,10.168,10.214,7642.7
2024-03-05 13:00:00,10.214,10.243,10.124,10.162,22933.2
2024-03-05 13:30:00,10.162,10.199,10.122,10.172,9614.6
2024-03-05 14:00:00,10.172,10.175,9.954,10.037,53605.6
2024-03-05 14:30:00,10.037,10.145,9.87,9.96,47493.0
2024-03-05 15:00:00,9.96,10.063,9.674,9.738,153707.0
2024-03-05 15:30:00,9.738,9.847,9.605,9.713,103721.4
2024-03-05 16:00:00,9.713,9.78,9.294,9.57,227773.0
2024-03-05 16:30:00,9.57,9.592,9.443,9.548,46744.2
2024-03-05 17:00:00,9.548,9.552,9.208,9.337,66293.2
2024-03-05 17:30:00,9.337,9.537,9.211,9.525,30817.6
2024-03-05 18:00:00,9.525,9.525,9.394,9.419,13569.7
2024-03-05 18:30:00,9.419,9.516,9.286,9.309,24677.3
2024-03-05 19:00:00,9.309,9.385,9.135,9.221,55797.8
2024-03-05 19:30:00,9.221,9.238,7.451,8.34,535065.7
2024-03-05 20:00:00,8.34,8.735,8.331,8.629,177679.8
2024-03-05 20:30:00,8.629,8.658,8.272,8.449,66925.0
2024-03-05 21:00:00,8.449,8.84,8.443,8.822,162745.5
2024-03-05 21:30:00,8.822,8.822,8.663,8.789,46849.2
2024-03-05 22:00:00,8.789,8.807,8.58,8.666,37925.3
2024-03-05 22:30:00,8.666,8.805,8.649,8.802,11773.1
2024-03-05 23:00:00,8.802,8.888,8.786,8.888,32289.9
2024-03-05 23:30:00,8.888,8.939,8.863,8.884,16461.2
2024-03-06 00:00:00,8.884,8.896,8.797,8.874,34355.5
2024-03-06 00:30:00,8.874,8.908,8.756,8.768,16859.3
2024-03-06 01:00:00,8.768,8.846,8.685,8.697,31218.5
2024-03-06 01:30:00,8.697,8.755,8.652,8.67,27322.1
2024-03-06 02:00:00,8.67,8.719,8.57,8.571,31855.6
2024-03-06 02:30:00,8.571,8.632,8.49,8.498,23737.5
2024-03-06 03:00:00,8.498,8.642,8.498,8.624,10312.6
2024-03-06 03:30:00,8.624,8.664,8.601,8.642,9723.3
2024-03-06 04:00:00,8.642,8.767,8.642,8.721,15024.8
2024-03-06 04:30:00,8.721,8.974,8.714,8.944,27578.9
2024-03-06 05:00:00,8.944,9.182,8.903,9.177,35128.3
2024-03-06 05:30:00,9.177,9.362,9.166,9.314,26224.5
2024-03-06 06:00:00,9.314,9.314,9.23,9.26,37573.8
2024-03-06 06:30:00,9.26,9.398,9.26,9.33,44399.1
2024-03-06 07:00:00,9.33,9.376,9.258,9.355,24515.4
2024-03-06 07:30:00,9.355,9.482,9.31,9.482,16785.0
2024-03-06 08:00:00,9.482,9.801,9.403,9.614,53062.4
2024-03-06 08:30:00,9.614,9.674,9.501,9.549,44218.4
2024-03-06 09:00:00,9.549,9.587,9.472,9.516,27505.8
2024-03-06 09:30:00,9.516,9.532,9.291,9.297,47251.4
2024-03-06 10:00:00,9.297,9.66,9.297,9.485,35774.5
2024-03-06 10:30:00,9.485,9.537,9.476,9.505,6771.0
2024-03-06 11:00:00,9.505,9.635,9.455,9.633,16928.5
2024-03-06 11:30:00,9.633,9.652,9.56,9.599,24142.0
2024-03-06 12:00:00,9.599,9.629,9.458,9.527,38386.8
2024-03-06 12:30:00,9.527,9.56,9.119,9.311,93291.2
2024-03-06 13:00:00,9.311,9.417,9.2,9.294,61260.1
2024-03-06 13:30:00,9.294,9.424,9.265,9.363,31657.5
2024-03-06 14:00:00,9.363,9.459,9.3,9.348,26035.5
2024-03-06 14:30:00,9.348,9.394,9.182,9.21,23445.6
2024-03-06 15:00:00,9.21,9.273,9.042,9.259,48525.0
2024-03-06 15:30:00,9.259,9.344,9.259,9.306,12389.4
2024-03-06 16:00:00,9.306,9.456,9.283,9.453,11233.3
2024-03-06 16:30:00,9.453,9.566,9.307,9.48,9909.6
2024-03-06 17:00:00,9.48,9.852,9.446,9.812,45830.3
2024-03-06 17:30:00,9.812,10.213,9.812,10.188,78072.1
2024-03-06 18:00:00,10.188,10.215,10.014,10.045,34988.4
2024-03-06 18:30:00,10.045,10.053,9.93,9.945,23656.0
2024-03-06 19:00:00,9.945,10.044,9.807,9.996,23562.1
2024-03-06 19:30:00,9.996,9.999,9.9,9.913,6230.7
2024-03-06 20:00:00,9.913,10.017,9.874,9.898,15855.3
2024-03-06 20:30:00,9.898,10.057,9.871,10.057,16180.9
2024-03-06 21:00:00,10.057,10.059,9.955,9.992,12421.5
2024-03-06 21:30:00,9.992,10.106,9.977,10.087,19968.6
2024-03-06 22:00:00,10.087,10.154,10.071,10.129,19721.8
2024-03-06 22:30:00,10.129,10.229,10.089,10.206,11551.8
2024-03-06 23:00:00,10.206,10.226,10.101,10.126,23208.0
2024-03-06 23:30:00,10.126,10.136,10.025,10.066,21884.4
2024-03-07 00:00:00,10.066,10.177,9.955,9.959,27711.6
2024-03-07 00:30:00,9.959,10.15,9.959,10.045,16649.1
2024-03-07 01:00:00,10.045,10.045,9.872,9.958,17654.4
2024-03-07 01:30:00,9.958,9.974,9.877,9.974,12748.8
2024-03-07 02:00:00,9.974,9.974,9.803,9.814,21226.5
2024-03-07 02:30:00,9.814,9.896,9.765,9.837,29095.5
2024-03-07 03:00:00,9.837,9.917,9.792,9.863,16647.8
2024-03-07 03:30:00,9.863,9.907,9.766,9.899,18479.4
2024-03-07 04:00:00,9.899,9.974,9.873,9.886,20723.9
2024-03-07 04:30:00,9.886,9.943,9.822,9.866,14953.9
2024-03-07 05:00:00,9.866,9.961,9.849,9.865,31930.4
2024-03-07 05:30:00,9.865,9.866,9.669,9.751,40137.0
2024-03-07 06:00:00,9.751,9.836,9.677,9.836,31781.7
2024-03-07 06:30:00,9.836,9.836,9.717,9.763,16772.7
2024-03-07 07:00:00,9.763,9.905,9.698,9.899,26370.6
2024-03-07 07:30:00,9.899,9.93,9.84,9.866,20316.9
2024-03-07 08:00:00,9.866,9.942,9.843,9.846,17880.1
2024-03-07 08:30:00,9.846,9.854,9.755,9.764,27163.0
2024-03-07 09:00:00,9.764,9.844,9.757,9.765,10887.3
2024-03-07 09:30:00,9.765,9.832,9.731,9.793,16749.4
2024-03-07 10:00:00,9.793,9.872,9.758,9.841,9965.1
2024-03-07 10:30:00,9.841,9.841,9.725,9.802,16425.2
2024-03-07 11:00:00,9.802,9.933,9.75,9.818,28838.3
2024-03-07 11:30:00,9.818,9.855,9.718,9.834,13652.7
2024-03-07 12:00:00,9.834,9.882,9.769,9.771,19531.5
2024-03-07 12:30:00,9.771,9.796,9.681,9.744,20039.4
2024-03-07 13:00:00,9.744,9.76,9.565,9.686,62398.3
2024-03-07 13:30:00,9.686,9.751,9.663,9.738,13923.5
2024-03-07 14:00:00,9.738,9.828,9.729,9.784,12768.5
2024-03-07 14:30:00,9.784,9.906,9.62,9.781,71384.9
2024-03-07 15:00:00,9.781,9.87,9.622,9.67,32144.8
2024-03-07 15:30:00,9.67,9.846,9.67,9.817,12366.2
2024-03-07 16:00:00,9.817,9.885,9.738,9.782,12936.1
2024-03-07 16:30:00,9.782,9.801,9.673,9.739,11520.4
2024-03-07 17:00:00,9.739,9.843,9.676,9.827,12922.6
2024-03-07 17:30:00,9.827,9.917,9.806,9.913,31624.9
2024-03-07 18:00:00,9.913,10.064,9.906,10.006,24446.6
2024-03-07 18:30:00,10.006,10.211,9.972,10.188,28555.1
2024-03-07 19:00:00,10.188,10.315,10.162,10.226,37089.6
2024-03-07 19:30:00,10.226,10.234,10.119,10.205,25829.6
2024-03-07 20:00:00,10.205,10.218,10.122,10.149,13552.3
2024-03-07 20:30:00,10.149,10.177,10.074,10.102,12431.3
2024-03-07 21:00:00,10.102,10.107,9.953,9.956,21422.3
2024-03-07 21:30:00,9.956,10.004,9.929,9.983,7315.2
2024-03-07 22:00:00,9.983,10.029,9.923,9.935,20962.4
2024-03-07 22:30:00,9.935,9.948,9.905,9.919,18506.7
2024-03-07 23:00:00,9.919,9.982,9.903,9.944,19675.8
2024-03-07 23:30:00,9.944,9.975,9.915,9.938,9227.1
2024-03-08 00:00:00,9.938,10.164,9.933,10.149,29511.3
2024-03-08 00:30:00,10.149,10.255,10.038,10.21,18959.1
2024-03-08 01:00:00,10.21,10.351,10.198,10.244,33671.6
2024-03-08 01:30:00,10.244,10.254,10.104,10.116,30990.5
2024-03-08 02:00:00,10.116,10.164,10.062,10.147,14798.6
2024-03-08 02:30:00,10.147,10.17,10.036,10.06,10380.3
2024-03-08 03:00:00,10.06,10.136,10.038,10.128,8827.1
2024-03-08 03:30:00,10.128,10.134,10.064,10.079,5317.8
2024-03-08 04:00:00,10.079,10.159,10.074,10.118,9016.4
2024-03-08 04:30:00,10.118,10.121,10.018,10.084,8646.5
2024-03-08 05:00:00,10.084,10.094,9.958,9.964,15991.4
2024-03-08 05:30:00,9.964,10.003,9.92,10.001,16459.4
2024-03-08 06:00:00,10.001,10.038,9.951,10.02,9110.5
2024-03-08 06:30:00,10.02,10.137,10.002,10.132,9312.7
2024-03-08 07:00:00,10.132,10.225,10.07,10.211,15131.2
2024-03-08 07:30:00,10.211,10.343,10.18,10.266,41840.7
2024-03-08 08:00:00,10.266,10.279,10.152,10.156,25197.0
2024-03-08 08:30:00,10.156,10.39,10.154,10.386,25449.5
2024-03-08 09:00:00,10.386,10.511,10.203,10.216,57859.7
2024-03-08 09:30:00,10.216,10.26,10.167,10.228,16819.1
2024-03-08 10:00:00,10.228,10.364,10.187,10.312,26460.5
2024-03-08 10:30:00,10.312,10.351,10.217,10.241,14561.4
2024-03-08 11:00:00,10.241,10.241,10.166,10.19,10330.7
2024-03-08 11:30:00,10.19,10.27,10.105,10.249,18936.9
2024-03-08 12:00:00,10.249,10.277,10.141,10.164,13687.3
2024-03-08 12:30:00,10.164,10.212,10.088,10.164,10164.4
2024-03-08 13:00:00,10.164,10.212,10.04,10.088,21140.6
2024-03-08 13:30:00,10.088,10.155,10.018,10.043,20082.6
2024-03-08 14:00:00,10.043,10.107,10.003,10.079,51555.2
2024-03-08 14:30:00,10.079,10.257,10.079,10.117,29735.8
2024-03-08 15:00:00,10.117,10.195,9.967,10.177,92692.8
2024-03-08 15:30:00,10.177,10.253,9.63,10.141,247624.5
2024-03-08 16:00:00,10.141,10.248,9.828,10.043,109036.1
2024-03-08 16:30:00,10.043,10.182,10.0,10.119,37533.2
2024-03-08 17:00:00,10.119,10.732,10.109,10.708,84721.4
2024-03-08 17:30:00,10.708,11.108,10.656,10.959,220563.4
2024-03-08 18:00:00,10.959,11.347,10.943,11.276,87053.1
2024-03-08 18:30:00,11.276,11.552,11.14,11.417,105165.2
2024-03-08 19:00:00,11.417,11.515,11.281,11.367,59731.8
2024-03-08 19:30:00,11.367,11.718,11.338,11.662,74472.9
2024-03-08 20:00:00,11.662,11.707,11.492,11.615,70217.0
2024-03-08 20:30:00,11.615,11.723,11.548,11.671,88879.2
2024-03-08 21:00:00,11.671,11.757,11.535,11.645,62421.8
2024-03-08 21:30:00,11.645,11.68,11.505,11.578,31537.2
2024-03-08 22:00:00,11.578,11.788,11.561,11.708,56029.2
2024-03-08 22:30:00,11.708,11.806,11.67,11.72,18092.8
2024-03-08 23:00:00,11.72,11.77,11.533,11.538,41562.7
2024-03-08 23:30:00,11.538,11.549,11.417,11.464,28859.5
2024-03-09 00:00:00,11.464,11.669,11.398,11.619,60545.5
2024-03-09 00:30:00,11.619,11.867,11.605,11.629,40958.6
2024-03-09 01:00:00,11.629,11.748,11.554,11.685,28267.9
2024-03-09 01:30:00,11.685,11.766,11.6,11.748,11907.1
2024-03-09 02:00:00,11.748,11.761,11.646,11.749,20111.0
2024-03-09 02:30:00,11.749,11.749,11.464,11.469,111150.5
2024-03-09 03:00:00,11.469,11.537,11.364,11.397,60410.3
2024-03-09 03:30:00,11.397,11.488,11.368,11.438,21761.1
2024-03-09 04:00:00,11.438,11.575,11.438,11.552,16913.3
2024-03-09 04:30:00,11.552,11.772,11.552,11.634,60495.1
2024-03-09 05:00:00,11.634,11.773,11.618,11.677,17256.3
2024-03-09 05:30:00,11.677,11.72,11.581,11.615,17009.0
2024-03-09 06:00:00,11.615,11.615,11.481,11.496,17267.6
2024-03-09 06:30:00,11.496,11.507,11.403,11.43,23662.8
2024-03-09 07:00:00,11.43,11.547,11.43,11.482,16703.1
2024-03-09 07:30:00,11.482,11.589,11.445,11.485,21989.2
2024-03-09 08:00:00,11.485,11.569,11.449,11.46,28710.6
2024-03-09 08:30:00,11.46,11.706,11.411,11.648,61324.2
2024-03-09 09:00:00,11.648,11.656,11.43,11.483,25351.8
2024-03-09 09:30:00,11.483,11.604,11.461,11.496,14393.0
2024-03-09 10:00:00,11.496,11.518,11.234,11.339,96569.9
2024-03-09 10:30:00,11.339,11.397,11.25,11.335,34419.8
2024-03-09 11:00:00,11.335,11.373,11.205,11.277,49656.1
2024-03-09 11:30:00,11.277,11.331,11.241,11.312,27105.1
2024-03-09 12:00:00,11.312,11.326,11.224,11.246,21627.1
2024-03-09 12:30:00,11.246,11.297,11.17,11.221,21821.8
2024-03-09 13:00:00,11.221,11.295,11.163,11.26,15566.4
2024-03-09 13:30:00,11.26,11.333,11.244,11.304,14860.7
2024-03-09 14:00:00,11.304,11.316,11.174,11.205,9214.0
2024-03-09 14:30:00,11.205,11.248,11.124,11.156,30198.5
2024-03-09 15:00:00,11.156,11.203,11.145,11.197,15640.1
2024-03-09 15:30:00,11.197,11.275,11.155,11.162,16900.2
2024-03-09 16:00:00,11.162,11.196,11.024,11.078,32775.0
2024-03-09 16:30:00,11.078,11.09,10.99,11.041,19425.6
2024-03-09 17:00:00,11.041,11.078,10.951,10.975,19602.2
2024-03-09 17:30:00,10.975,11.047,10.969,11.018,16114.3
2024-03-09 18:00:00,11.018,11.118,11.0,11.086,16120.5
2024-03-09 18:30:00,11.086,11.102,11.029,11.036,10148.0
2024-03-09 19:00:00,11.036,11.052,11.013,11.034,3478.9
2024-03-09 19:30:00,11.034,11.036,10.939,10.951,17644.4
2024-03-09 20:00:00,10.951,11.005,10.944,10.989,8600.4
2024-03-09 20:30:00,10.989,11.043,10.989,11.011,8976.6
2024-03-09 21:00:00,11.011,11.012,10.905,10.931,22753.9
2024-03-09 21:30:00,10.931,10.986,10.916,10.981,14088.4
2024-03-09 22:00:00,10.981,11.0,10.951,10.992,6124.6
2024-03-09 22:30:00,10.992,11.014,10.922,10.946,11683.4
2024-03-09 23:00:00,10.946,11.058,10.937,11.028,22004.8
2024-03-09 23:30:00,11.028,11.096,11.019,11.068,13522.0
2024-03-10 00:00:00,11.068,11.174,11.049,11.142,16235.7
2024-03-10 00:30:00,11.142,11.241,11.103,11.216,11797.1
2024-03-10 01:00:00,11.216,11.268,11.105,11.167,10590.0
2024-03-10 01:30:00,11.167,11.221,11.095,11.219,13095.7
2024-03-10 02:00:00,11.219,11.245,11.121,11.141,5520.9
2024-03-10 02:30:00,11.141,11.153,11.068,11.139,10375.0
2024-03-10 03:00:00,11.139,11.143,11.066,11.11,6391.1
2024-03-10 03:30:00,11.11,11.145,11.085,11.114,6820.6
2024-03-10 04:00:00,11.114,11.21,11.1,11.176,6292.4
2024-03-10 04:30:00,11.176,11.19,11.105,11.126,6612.4
2024-03-10 05:00:00,11.126,11.199,11.109,11.134,6011.5
2024-03-10 05:30:00,11.134,11.186,11.104,11.178,5729.0
2024-03-10 06:00:00,11.178,11.19,11.131,11.143,7178.6
2024-03-10 06:30:00,11.143,11.163,11.121,11.128,4744.0
2024-03-10 07:00:00,11.128,11.181,11.102,11.136,8135.1
2024-03-10 07:30:00,11.136,11.272,11.136,11.251,3833.0
2024-03-10 08:00:00,11.251,11.303,11.205,11.223,12985.9
2024-03-10 08:30:00,11.223,11.277,11.202,11.268,5135.9
2024-03-10 09:00:00,11.268,11.268,11.052,11.115,26681.6
2024-03-10 09:30:00,11.115,11.262,10.985,11.173,51004.1
2024-03-10 10:00:00,11.173,11.183,11.016,11.043,26832.7
2024-03-10 10:30:00,11.043,11.113,11.002,11.04,16530.2
2024-03-10 11:00:00,11.04,11.046,10.791,10.849,69191.5
2024-03-10 11:30:00,10.849,10.868,10.752,10.837,54045.6
2024-03-10 12:00:00,10.837,10.914,10.775,10.794,28163.0
2024-03-10 12:30:00,10.794,10.814,10.629,10.754,58021.9
2024-03-10 13:00:00,10.754,10.777,10.7,10.701,22476.7
2024-03-10 13:30:00,10.701,10.762,10.55,10.608,48499.4
2024-03-10 14:00:00,10.608,10.665,10.549,10.572,27499.9
2024-03-10 14:30:00,10.572,10.608,10.369,10.582,101766.0
2024-03-10 15:00:00,10.582,10.584,10.46,10.531,38549.8
2024-03-10 15:30:00,10.531,10.549,10.43,10.445,17700.9
2024-03-10 16:00:00,10.445,10.632,10.432,10.631,33961.4
2024-03-10 16:30:00,10.631,10.724,10.62,10.634,35785.0
2024-03-10 17:00:00,10.634,10.654,10.589,10.589,12784.6
2024-03-10 17:30:00,10.589,10.669,10.585,10.66,5177.8
2024-03-10 18:00:00,10.66,10.7,10.59,10.613,5955.3
2024-03-10 18:30:00,10.613,10.638,10.579,10.606,8296.6
2024-03-10 19:00:00,10.606,10.623,10.535,10.584,13448.9
2024-03-10 19:30:00,10.584,10.633,10.572,10.584,12018.4
2024-03-10 20:00:00,10.584,10.613,10.546,10.563,16622.9
2024-03-10 20:30:00,10.563,10.602,10.53,10.596,6518.0
2024-03-10 21:00:00,10.596,10.656,10.53,10.542,8957.9
2024-03-10 21:30:00,10.542,10.612,10.516,10.582,12872.7
2024-03-10 22:00:00,10.582,10.603,10.437,10.515,19097.8
2024-03-10 22:30:00,10.515,10.515,10.303,10.405,52468.6
2024-03-10 23:00:00,10.405,10.624,10.396,10.624,16477.9
2024-03-10 23:30:00,10.624,10.724,10.567,10.688,8905.4
2024-03-11 00:00:00,10.688,10.7,10.537,10.542,23342.9
2024-03-11 00:30:00,10.542,10.562,9.948,10.411,142344.5
2024-03-11 01:00:00,10.411,10.477,10.319,10.37,30584.7
2024-03-11 01:30:00,10.37,10.387,10.2,10.341,36722.6
2024-03-11 02:00:00,10.341,10.405,10.269,10.371,13469.5
2024-03-11 02:30:00,10.371,10.506,10.366,10.45,11541.2
2024-03-11 03:00:00,10.45,10.567,10.436,10.506,21920.6
2024-03-11 03:30:00,10.506,10.577,10.473,10.561,12701.3
2024-03-11 04:00:00,10.561,10.582,10.481,10.512,6692.2
2024-03-11 04:30:00,10.512,10.543,10.442,10.483,14955.6
2024-03-11 05:00:00,10.483,10.531,10.447,10.463,9271.4
2024-03-11 05:30:00,10.463,10.514,10.423,10.448,10525.0
2024-03-11 06:00:00,10.448,10.448,10.326,10.375,14536.8
2024-03-11 06:30:00,10.375,10.509,10.331,10.509,11378.6
2024-03-11 07:00:00,10.509,10.716,10.502,10.71,40845.1
2024-03-11 07:30:00,10.71,10.828,10.69,10.776,66314.5
2024-03-11 08:00:00,10.776,10.85,10.696,10.826,32104.3
2024-03-11 08:30:00,10.826,10.974,10.826,10.933,26807.9
2024-03-11 09:00:00,10.933,10.953,10.854,10.9,24665.9
2024-03-11 09:30:00,10.9,11.137,10.899,11.137,42103.7
2024-03-11 10:00:00,11.137,11.165,11.053,11.157,19575.0
2024-03-11 10:30:00,11.157,11.19,11.093,11.179,32354.6
2024-03-11 11:00:00,11.179,11.275,11.136,11.244,20144.9
2024-03-11 11:30:00,11.244,11.248,11.088,11.11,54580.3
2024-03-11 12:00:00,11.11,11.272,11.058,11.196,19580.4
2024-03-11 12:30:00,11.196,11.367,11.182,11.362,22932.9
2024-03-11 13:00:00,11.362,11.392,11.268,11.282,23052.4
2024-03-11 13:30:00,11.282,11.303,11.121,11.121,24026.8
2024-03-11 14:00:00,11.121,11.28,11.121,11.268,13057.0
2024-03-11 14:30:00,11.268,11.276,11.121,11.196,11992.6
2024-03-11 15:00:00,11.196,11.345,11.183,11.308,9509.8
2024-03-11 15:30:00,11.308,11.333,11.169,11.173,13916.9
2024-03-11 16:00:00,11.173,11.192,10.919,10.941,72894.4
2024-03-11 16:30:00,10.941,11.266,10.941,11.16,22848.5
2024-03-11 17:00:00,11.16,11.171,10.999,11.01,12421.6
2024-03-11 17:30:00,11.01,11.117,11.01,11.065,22031.3
2024-03-11 18:00:00,11.065,11.155,10.973,11.111,25524.1
2024-03-11 18:30:00,11.111,11.127,11.027,11.091,6718.9
2024-03-11 19:00:00,11.091,11.101,11.0,11.035,3488.7
2024-03-11 19:30:00,11.035,11.043,10.95,10.961,19983.1
2024-03-11 20:00:00,10.961,11.051,10.956,11.025,7834.0
2024-03-11 20:30:00,11.025,11.124,11.024,11.072,5776.9
2024-03-11 21:00:00,11.072,11.145,11.031,11.145,4986.5
2024-03-11 21:30:00,11.145,11.256,11.144,11.204,13913.1
2024-03-11 22:00:00,11.204,11.211,11.081,11.11,7726.3
2024-03-11 22:30:00,11.11,11.171,11.074,11.17,15245.9
2024-03-11 23:00:00,11.17,11.203,11.124,11.159,6557.9
2024-03-11 23:30:00,11.159,11.253,11.146,11.203,13308.6
2024-03-12 00:00:00,11.203,11.212,11.1,11.16,23323.6
2024-03-12 00:30:00,11.16,11.163,11.008,11.013,10315.2
2024-03-12 01:00:00,11.013,11.053,10.97,11.026,12116.2
2024-03-12 01:30:00,11.026,11.11,10.999,11.097,8836.8
2024-03-12 02:00:00,11.097,11.164,11.035,11.096,8732.5
2024-03-12 02:30:00,11.096,11.149,11.045,11.052,2288.3
2024-03-12 03:00:00,11.052,11.064,10.905,10.909,10631.9
2024-03-12 03:30:00,10.909,10.98,10.811,10.849,32038.2
2024-03-12 04:00:00,10.849,11.005,10.716,10.999,28608.9
2024-03-12 04:30:00,10.999,11.051,10.976,10.978,12974.0
2024-03-12 05:00:00,10.978,11.022,10.925,11.006,8965.1
2024-03-12 05:30:00,11.006,11.009,10.928,10.963,7748.1
2024-03-12 06:00:00,10.963,10.973,10.756,10.756,19938.3
2024-03-12 06:30:00,10.756,10.903,10.68,10.887,32178.6
2024-03-12 07:00:00,10.887,10.969,10.811,10.93,16884.9
2024-03-12 07:30:00,10.93,10.93,10.786,10.799,7319.3
2024-03-12 08:00:00,10.799,10.861,10.46,10.522,68322.7
2024-03-12 08:30:00,10.522,10.637,10.522,10.568,27695.9
2024-03-12 09:00:00,10.568,10.689,10.568,10.676,13337.4
2024-03-12 09:30:00,10.676,10.757,10.609,10.745,9462.9
2024-03-12 10:00:00,10.745,10.745,10.625,10.646,20904.0
2024-03-12 10:30:00,10.646,10.757,10.646,10.716,13739.7
2024-03-12 11:00:00,10.716,10.833,10.705,10.763,11699.2
2024-03-12 11:30:00,10.763,10.783,10.661,10.673,10654.2
2024-03-12 12:00:00,10.673,10.702,10.495,10.538,41835.9
2024-03-12 12:30:00,10.538,10.757,10.508,10.725,24292.4
2024-03-12 13:00:00,10.725,10.78,10.677,10.771,10866.0
2024-03-12 13:30:00,10.771,10.832,10.652,10.788,13758.6
2024-03-12 14:00:00,10.788,11.014,10.634,10.733,97071.3
2024-03-12 14:30:00,10.733,10.791,10.565,10.581,18169.0
2024-03-12 15:00:00,10.581,10.764,10.51,10.763,23124.3
2024-03-12 15:30:00,10.763,10.776,10.637,10.655,11099.0
2024-03-12 16:00:00,10.655,10.699,10.323,10.464,80643.2
2024-03-12 16:30:00,10.464,10.562,10.381,10.431,21661.4
2024-03-12 17:00:00,10.431,10.493,10.0,10.267,97679.7
2024-03-12 17:30:00,10.267,10.593,10.249,10.589,22200.6
2024-03-12 18:00:00,10.589,10.804,10.536,10.656,36792.0
2024-03-12 18:30:00,10.656,10.758,10.632,10.707,8463.5
2024-03-12 19:00:00,10.707,10.818,10.695,10.778,8410.9
2024-03-12 19:30:00,10.778,10.803,10.75,10.777,8081.0
2024-03-12 20:00:00,10.777,10.777,10.623,10.671,11028.6
2024-03-12 20:30:00,10.671,10.679,10.581,10.61,8488.0
2024-03-12 21:00:00,10.61,10.645,10.557,10.599,5735.6
2024-03-12 21:30:00,10.599,10.727,10.588,10.67,6708.7
2024-03-12 22:00:00,10.67,10.739,10.634,10.732,8421.4
2024-03-12 22:30:00,10.732,10.793,10.718,10.792,9750.5
2024-03-12 23:00:00,10.792,10.843,10.745,10.839,10352.7
2024-03-12 23:30:00,10.839,10.924,10.826,10.912,12208.7
2024-03-13 00:00:00,10.912,10.974,10.819,10.867,16504.0
2024-03-13 00:30:00,10.867,10.874,10.787,10.804,24735.8
2024-03-13 01:00:00,10.804,10.824,10.761,10.824,10995.2
2024-03-13 01:30:00,10.824,10.898,10.81,10.858,13430.9
2024-03-13 02:00:00,10.858,10.874,10.799,10.804,4965.4
2024-03-13 02:30:00,10.804,10.831,10.799,10.822,9610.6
2024-03-13 03:00:00,10.822,10.822,10.748,10.773,7256.5
2024-03-13 03:30:00,10.773,10.781,10.709,10.718,6556.6
2024-03-13 04:00:00,10.718,10.739,10.653,10.668,7973.9
2024-03-13 04:30:00,10.668,10.744,10.658,10.729,2557.9
2024-03-13 05:00:00,10.729,10.801,10.678,10.781,16167.4
2024-03-13 05:30:00,10.781,10.812,10.769,10.777,8578.4
2024-03-13 06:00:00,10.777,10.861,10.76,10.838,7472.4
2024-03-13 06:30:00,10.838,10.971,10.831,10.967,34154.6
2024-03-13 07:00:00,10.967,11.072,10.919,11.02,48481.7
2024-03-13 07:30:00,11.02,11.04,10.949,10.966,18273.9
2024-03-13 08:00:00,10.966,11.126,10.96,11.09,14775.9
2024-03-13 08:30:00,11.09,11.121,11.03,11.121,12674.9
2024-03-13 09:00:00,11.121,11.186,11.082,11.162,18391.4
2024-03-13 09:30:00,11.162,11.162,11.035,11.035,17269.5
2024-03-13 10:00:00,11.035,11.055,10.928,10.935,23179.0
2024-03-13 10:30:00,10.935,11.003,10.935,10.974,13059.6
2024-03-13 11:00:00,10.974,10.981,10.881,10.881,16946.1
2024-03-13 11:30:00,10.881,10.908,10.818,10.825,9364.9
2024-03-13 12:00:00,10.825,10.867,10.762,10.767,13339.4
2024-03-13 12:30:00,10.767,10.801,10.694,10.759,24688.8
2024-03-13 13:00:00,10.759,10.819,10.709,10.728,15592.4
2024-03-13 13:30:00,10.728,10.759,10.454,10.581,64205.6
2024-03-13 14:00:00,10.581,10.642,10.543,10.544,22865.4
2024-03-13 14:30:00,10.544,10.709,10.471,10.701,63310.6
2024-03-13 15:00:00,10.701,10.868,10.624,10.779,25996.9
2024-03-13 15:30:00,10.779,10.843,10.654,10.727,11256.1
2024-03-13 16:00:00,10.727,10.777,10.64,10.774,13423.0
2024-03-13 16:30:00,10.774,10.779,10.638,10.65,9921.4
2024-03-13 17:00:00,10.65,10.739,10.517,10.555,20635.7
2024-03-13 17:30:00,10.555,10.609,10.517,10.588,7502.4
2024-03-13 18:00:00,10.588,10.623,10.547,10.618,5461.2
2024-03-13 18:30:00,10.618,10.622,10.51,10.538,51230.1
2024-03-13 19:00:00,10.538,10.538,10.468,10.482,24359.5
2024-03-13 19:30:00,10.482,10.521,10.465,10.515,6247.9
2024-03-13 20:00:00,10.515,10.531,10.468,10.515,9625.4
2024-03-13 20:30:00,10.515,10.515,10.405,10.447,15465.4
2024-03-13 21:00:00,10.447,10.486,10.281,10.378,91019.9
2024-03-13 21:30:00,10.378,10.437,10.313,10.43,10724.9
2024-03-13 22:00:00,10.43,10.494,10.383,10.433,15340.2
2024-03-13 22:30:00,10.433,10.588,10.426,10.535,46791.6
2024-03-13 23:00:00,10.535,10.645,10.527,10.632,7741.7
2024-03-13 23:30:00,10.632,10.668,10.601,10.63,8942.1
2024-03-14 00:00:00,10.63,10.662,10.583,10.657,33099.2
2024-03-14 00:30:00,10.657,10.708,10.587,10.632,15021.3
2024-03-14 01:00:00,10.632,10.645,10.55,10.574,8774.8
2024-03-14 01:30:00,10.574,10.62,10.486,10.605,19052.9
2024-03-14 02:00:00,10.605,10.619,10.522,10.613,6696.6
2024-03-14 02:30:00,10.613,10.661,10.525,10.536,15444.5
2024-03-14 03:00:00,10.536,10.614,10.51,10.599,17088.8
2024-03-14 03:30:00,10.599,10.62,10.488,10.543,10113.6
2024-03-14 04:00:00,10.543,10.552,10.431,10.501,19749.9
2024-03-14 04:30:00,10.501,10.52,10.341,10.41,19304.5
2024-03-14 05:00:00,10.41,10.459,10.371,10.425,12842.0
2024-03-14 05:30:00,10.425,10.521,10.409,10.489,11240.9
2024-03-14 06:00:00,10.489,10.628,10.489,10.614,9312.1
2024-03-14 06:30:00,10.614,10.622,10.504,10.564,7706.4
2024-03-14 07:00:00,10.564,10.581,10.431,10.442,8892.1
2024-03-14 07:30:00,10.442,10.53,10.409,10.498,14145.9
2024-03-14 08:00:00,10.498,10.559,10.476,10.557,23864.6
2024-03-14 08:30:00,10.557,10.586,10.52,10.523,5175.4
2024-03-14 09:00:00,10.523,10.715,10.509,10.71,20958.9
2024-03-14 09:30:00,10.71,10.756,10.648,10.731,24879.4
2024-03-14 10:00:00,10.731,10.77,10.695,10.705,25716.4
2024-03-14 10:30:00,10.705,10.723,10.437,10.472,51973.8
2024-03-14 11:00:00,10.472,10.502,10.299,10.428,49231.3
2024-03-14 11:30:00,10.428,10.489,10.376,10.484,12347.7
2024-03-14 12:00:00,10.484,10.55,10.361,10.421,27388.1
2024-03-14 12:30:00,10.421,10.462,10.373,10.445,10463.3
2024-03-14 13:00:00,10.445,10.47,10.252,10.261,55500.6
2024-03-14 13:30:00,10.261,10.293,9.993,10.144,92657.0
2024-03-14 14:00:00,10.144,10.348,10.136,10.295,28043.0
2024-03-14 14:30:00,10.295,10.295,10.151,10.246,37520.0
2024-03-14 15:00:00,10.246,10.292,10.074,10.082,24612.8
2024-03-14 15:30:00,10.082,10.212,10.021,10.167,13380.6
2024-03-14 16:00:00,10.167,10.262,10.1,10.136,18307.9
2024-03-14 16:30:00,10.136,10.459,10.1,10.453,22716.5
2024-03-14 17:00:00,10.453,10.477,10.335,10.347,13487.4
2024-03-14 17:30:00,10.347,10.496,10.337,10.491,12127.6
2024-03-14 18:00:00,10.491,10.495,10.355,10.41,7492.5
2024-03-14 18:30:00,10.41,10.454,10.177,10.338,37785.0
2024-03-14 19:00:00,10.338,10.413,10.163,10.172,24183.1
2024-03-14 19:30:00,10.172,10.237,9.804,10.14,136231.1
2024-03-14 20:00:00,10.14,10.481,10.14,10.441,43936.6
2024-03-14 20:30:00,10.441,10.549,10.406,10.482,23292.6
2024-03-14 21:00:00,10.482,10.547,10.397,10.471,15269.7
2024-03-14 21:30:00,10.471,10.525,10.452,10.513,11107.6
2024-03-14 22:00:00,10.513,10.589,10.51,10.552,10385.2
2024-03-14 22:30:00,10.552,10.562,10.462,10.489,14532.4
2024-03-14 23:00:00,10.489,10.556,10.476,10.525,13425.6
2024-03-14 23:30:00,10.525,10.582,10.506,10.514,4717.0
2024-03-15 00:00:00,10.514,10.577,10.448,10.573,9299.1
2024-03-15 00:30:00,10.573,10.64,10.495,10.526,20639.0
2024-03-15 01:00:00,10.526,10.533,10.438,10.454,11523.0
2024-03-15 01:30:00,10.454,10.507,10.375,10.4,20641.3
2024-03-15 02:00:00,10.4,10.459,10.18,10.198,31589.3
2024-03-15 02:30:00,10.198,10.218,9.689,9.902,110893.6
2024-03-15 03:00:00,9.902,9.988,9.162,9.49,242026.6
2024-03-15 03:30:00,9.49,9.752,9.49,9.689,62006.1
2024-03-15 04:00:00,9.689,9.736,9.537,9.606,29316.8
2024-03-15 04:30:00,9.606,9.622,9.398,9.445,35532.7
2024-03-15 05:00:00,9.445,9.614,9.429,9.508,18684.3
2024-03-15 05:30:00,9.508,9.591,9.408,9.473,16916.9
2024-03-15 06:00:00,9.473,9.681,9.473,9.681,21441.9
2024-03-15 06:30:00,9.681,9.741,9.645,9.724,36923.1
2024-03-15 07:00:00,9.724,9.727,9.591,9.645,36259.9
2024-03-15 07:30:00,9.645,9.769,9.617,9.682,36552.0
2024-03-15 08:00:00,9.682,9.704,9.487,9.497,16726.8
2024-03-15 08:30:00,9.497,9.549,9.192,9.222,59595.3
2024-03-15 09:00:00,9.222,9.333,8.885,9.223,100826.4
2024-03-15 09:30:00,9.223,9.464,9.156,9.439,27477.7
2024-03-15 10:00:00,9.439,9.464,9.319,9.453,19782.3
2024-03-15 10:30:00,9.453,9.453,9.322,9.326,22987.4
2024-03-15 11:00:00,9.326,9.38,9.144,9.183,19351.2
2024-03-15 11:30:00,9.183,9.45,9.172,9.408,15641.4
2024-03-15 12:00:00,9.408,9.45,9.334,9.421,16086.1
2024-03-15 12:30:00,9.421,9.477,9.386,9.451,13073.2
2024-03-15 13:00:00,9.451,9.539,9.404,9.441,14550.1
2024-03-15 13:30:00,9.441,9.615,9.394,9.589,47552.9
2024-03-15 14:00:00,9.589,9.601,9.471,9.499,8360.2
2024-03-15 14:30:00,9.499,9.549,9.44,9.544,7390.7
2024-03-15 15:00:00,9.544,9.573,9.468,9.508,5684.3
2024-03-15 15:30:00,9.508,9.522,9.464,9.473,5851.8
2024-03-15 16:00:00,9.473,9.504,9.34,9.429,18036.8
2024-03-15 16:30:00,9.429,9.555,9.393,9.425,6076.1
2024-03-15 17:00:00,9.425,9.446,9.322,9.399,8005.9
2024-03-15 17:30:00,9.399,9.441,9.366,9.42,3934.9
2024-03-15 18:00:00,9.42,9.517,9.42,9.47,3264.2
2024-03-15 18:30:00,9.47,9.761,9.47,9.752,17290.5
2024-03-15 19:00:00,9.752,9.802,9.612,9.67,29142.3
2024-03-15 19:30:00,9.67,9.679,9.421,9.482,23996.9
2024-03-15 20:00:00,9.482,9.498,9.274,9.454,14868.8
2024-03-15 20:30:00,9.454,9.454,9.267,9.335,12400.5
2024-03-15 21:00:00,9.335,9.489,9.321,9.433,12112.0
2024-03-15 21:30:00,9.433,9.552,9.408,9.552,13644.6
2024-03-15 22:00:00,9.552,9.629,9.511,9.596,7086.4
2024-03-15 22:30:00,9.596,9.731,9.565,9.713,10130.0
2024-03-15 23:00:00,9.713,9.713,9.61,9.679,11461.5
2024-03-15 23:30:00,9.679,9.824,9.661,9.77,40925.5
2024-03-16 00:00:00,9.77,9.83,9.72,9.77,6719.4
2024-03-16 00:30:00,9.77,9.786,9.661,9.672,14633.3
2024-03-16 01:00:00,9.672,9.721,9.623,9.656,6518.1
2024-03-16 01:30:00,9.656,9.702,9.607,9.63,15021.1
2024-03-16 02:00:00,9.63,9.713,9.602,9.676,7204.9
2024-03-16 02:30:00,9.676,9.7,9.657,9.687,7640.4
2024-03-16 03:00:00,9.687,9.743,9.623,9.724,5317.1
2024-03-16 03:30:00,9.724,9.743,9.699,9.72,6470.4
2024-03-16 04:00:00,9.72,9.738,9.672,9.729,2997.9
2024-03-16 04:30:00,9.729,9.739,9.613,9.666,34803.0
2024-03-16 05:00:00,9.666,9.671,9.514,9.541,26360.9
2024-03-16 05:30:00,9.541,9.668,9.541,9.646,8426.5
2024-03-16 06:00:00,9.646,9.72,9.646,9.669,3831.4
2024-03-16 06:30:00,9.669,9.713,9.592,9.698,7000.3
2024-03-16 07:00:00,9.698,9.742,9.67,9.699,23438.9
2024-03-16 07:30:00,9.699,9.8,9.672,9.797,16154.7
2024-03-16 08:00:00,9.797,9.843,9.737,9.805,10060.9
2024-03-16 08:30:00,9.805,9.896,9.783,9.8,10427.4
2024-03-16 09:00:00,9.8,9.831,9.743,9.775,33986.4
2024-03-16 09:30:00,9.775,9.79,9.685,9.705,5576.2
2024-03-16 10:00:00,9.705,9.739,9.646,9.66,16576.3
2024-03-16 10:30:00,9.66,9.689,9.606,9.626,6721.8
2024-03-16 11:00:00,9.626,9.657,9.457,9.477,25333.3
2024-03-16 11:30:00,9.477,9.613,9.427,9.565,15256.5
2024-03-16 12:00:00,9.565,9.588,9.453,9.487,17536.1
2024-03-16 12:30:00,9.487,9.519,9.343,9.352,33894.5
2024-03-16 13:00:00,9.352,9.414,9.287,9.347,15011.9
2024-03-16 13:30:00,9.347,9.406,9.188,9.205,20866.9
2024-03-16 14:00:00,9.205,9.301,9.152,9.237,14370.8
2024-03-16 14:30:00,9.237,9.341,9.203,9.331,30993.8
2024-03-16 15:00:00,9.331,9.364,9.242,9.361,14471.2
2024-03-16 15:30:00,9.361,9.454,9.321,9.441,10169.1
2024-03-16 16:00:00,9.441,9.441,9.337,9.389,9776.8
2024-03-16 16:30:00,9.389,9.403,9.298,9.341,10237.6
2024-03-16 17:00:00,9.341,9.379,9.141,9.141,20143.0
2024-03-16 17:30:00,9.141,9.247,9.071,9.14,30810.0
2024-03-16 18:00:00,9.14,9.187,8.879,8.919,70341.6
2024-03-16 18:30:00,8.919,9.004,8.715,8.84,73232.3
2024-03-16 19:00:00,8.84,9.111,8.83,9.05,20887.5
2024-03-16 19:30:00,9.05,9.083,8.883,8.91,14940.0
2024-03-16 20:00:00,8.91,8.944,8.767,8.901,23393.2
2024-03-16 20:30:00,8.901,9.04,8.896,8.962,12824.7
2024-03-16 21:00:00,8.962,9.009,8.743,8.786,22679.7
2024-03-16 21:30:00,8.786,8.906,8.769,8.865,21360.3
2024-03-16 22:00:00,8.865,8.89,8.776,8.89,10215.4
2024-03-16 22:30:00,8.89,8.954,8.845,8.869,8985.0
2024-03-16 23:00:00,8.869,8.869,8.617,8.742,60775.6
2024-03-16 23:30:00,8.742,8.855,8.731,8.839,19202.5
2024-03-17 00:00:00,8.839,8.994,8.837,8.951,17570.0
2024-03-17 00:30:00,8.951,8.955,8.685,8.689,18301.3
2024-03-17 01:00:00,8.689,8.838,8.689,8.775,6595.8
2024-03-17 01:30:00,8.775,8.903,8.775,8.903,5569.3
2024-03-17 02:00:00,8.903,8.975,8.856,8.974,8129.8
2024-03-17 02:30:00,8.974,9.024,8.934,8.967,6771.4
2024-03-17 03:00:00,8.967,8.978,8.893,8.908,5450.9
2024-03-17 03:30:00,8.908,9.004,8.908,8.998,79056.5
2024-03-17 04:00:00,8.998,9.002,8.918,8.947,5094.4
2024-03-17 04:30:00,8.947,8.97,8.891,8.928,4081.5
2024-03-17 05:00:00,8.928,8.954,8.861,8.875,6816.9
2024-03-17 05:30:00,8.875,8.875,8.759,8.801,17069.0
2024-03-17 06:00:00,8.801,8.838,8.716,8.718,17074.6
2024-03-17 06:30:00,8.718,8.723,8.509,8.516,43359.3
2024-03-17 07:00:00,8.516,8.596,8.298,8.452,87762.6
2024-03-17 07:30:00,8.452,8.62,8.368,8.59,16771.9
2024-03-17 08:00:00,8.59,8.729,8.572,8.729,8858.6
2024-03-17 08:30:00,8.729,8.863,8.706,8.86,13112.6
2024-03-17 09:00:00,8.86,8.898,8.803,8.857,10123.6
2024-03-17 09:30:00,8.857,8.879,8.78,8.823,20845.1
2024-03-17 10:00:00,8.823,9.018,8.823,8.986,15154.3
2024-03-17 10:30:00,8.986,9.024,8.901,8.983,9665.1
2024-03-17 11:00:00,8.983,9.024,8.949,8.958,24064.1
2024-03-17 11:30:00,8.958,8.981,8.904,8.922,10748.1
2024-03-17 12:00:00,8.922,9.012,8.868,8.868,9985.9
2024-03-17 12:30:00,8.868,8.916,8.759,8.816,10523.0
2024-03-17 13:00:00,8.816,8.987,8.811,8.93,11285.9
2024-03-17 13:30:00,8.93,9.007,8.918,8.998,37199.3
2024-03-17 14:00:00,8.998,9.149,8.94,9.148,16530.2
2024-03-17 14:30:00,9.148,9.189,9.055,9.184,35931.1
2024-03-17 15:00:00,9.184,9.184,9.089,9.159,16124.3
2024-03-17 15:30:00,9.159,9.298,9.156,9.257,16563.3
2024-03-17 16:00:00,9.257,9.284,9.17,9.202,10351.4
2024-03-17 16:30:00,9.202,9.239,9.105,9.145,8300.2
2024-03-17 17:00:00,9.145,9.214,9.125,9.204,11451.7
2024-03-17 17:30:00,9.204,9.283,9.154,9.272,15415.7
2024-03-17 18:00:00,9.272,9.272,9.157,9.159,8860.7
2024-03-17 18:30:00,9.159,9.193,9.133,9.144,7538.2
2024-03-17 19:00:00,9.144,9.181,9.13,9.165,2022.1
2024-03-17 19:30:00,9.165,9.262,9.165,9.259,3295.6
2024-03-17 20:00:00,9.259,9.26,9.204,9.217,4723.5
2024-03-17 20:30:00,9.217,9.226,9.15,9.175,3450.0
2024-03-17 21:00:00,9.175,9.231,9.165,9.219,4386.5
2024-03-17 21:30:00,9.219,9.231,9.184,9.203,3975.7
2024-03-17 22:00:00,9.203,9.282,9.203,9.274,4078.4
2024-03-17 22:30:00,9.274,9.357,9.194,9.201,11519.3
2024-03-17 23:00:00,9.201,9.222,9.13,9.148,7140.4
2024-03-17 23:30:00,9.148,9.212,9.135,9.181,1724.7
2024-03-18 00:00:00,9.181,9.181,9.04,9.082,14467.5
2024-03-18 00:30:00,9.082,9.104,8.891,8.891,21808.3
2024-03-18 01:00:00,8.891,9.118,8.816,9.105,56936.8
2024-03-18 01:30:00,9.105,9.288,9.034,9.247,42072.7
2024-03-18 02:00:00,9.247,9.638,9.192,9.422,156840.6
2024-03-18 02:30:00,9.422,9.497,9.382,9.437,71717.0
2024-03-18 03:00:00,9.437,9.525,9.411,9.419,19270.2
2024-03-18 03:30:00,9.419,9.449,9.347,9.348,10123.5
2024-03-18 04:00:00,9.348,9.36,9.271,9.328,16715.1
2024-03-18 04:30:00,9.328,9.448,9.315,9.404,17802.0
2024-03-18 05:00:00,9.404,9.46,9.336,9.455,7451.7
2024-03-18 05:30:00,9.455,9.52,9.416,9.473,18720.8
2024-03-18 06:00:00,9.473,9.504,9.446,9.468,9019.8
2024-03-18 06:30:00,9.468,9.54,9.452,9.505,9839.4
2024-03-18 07:00:00,9.505,9.505,9.345,9.361,11998.3
2024-03-18 07:30:00,9.361,9.424,9.332,9.417,5982.6
2024-03-18 08:00:00,9.417,9.418,9.129,9.161,38651.1
2024-03-18 08:30:00,9.161,9.268,9.143,9.236,11909.7
2024-03-18 09:00:00,9.236,9.267,9.111,9.265,21917.8
2024-03-18 09:30:00,9.265,9.269,9.113,9.169,11759.1
2024-03-18 10:00:00,9.169,9.229,9.126,9.175,12438.2
2024-03-18 10:30:00,9.175,9.332,9.175,9.328,14953.8
2024-03-18 11:00:00,9.328,9.328,9.24,9.29,16972.4
2024-03-18 11:30:00,9.29,9.293,9.162,9.178,12357.6
2024-03-18 12:00:00,9.178,9.222,9.064,9.111,33945.9
2024-03-18 12:30:00,9.111,9.156,9.057,9.152,20050.3
2024-03-18 13:00:00,9.152,9.165,8.955,9.002,53828.5
2024-03-18 13:30:00,9.002,9.122,8.927,8.97,48697.1
2024-03-18 14:00:00,8.97,9.038,8.913,8.936,13414.2
2024-03-18 14:30:00,8.936,8.948,8.792,8.86,37738.0
2024-03-18 15:00:00,8.86,8.899,8.772,8.875,29420.7
2024-03-18 15:30:00,8.875,8.973,8.864,8.948,12256.6
2024-03-18 16:00:00,8.948,9.044,8.9,9.009,8040.7
2024-03-18 16:30:00,9.009,9.009,8.755,8.78,12352.4
2024-03-18 17:00:00,8.78,8.781,8.616,8.708,52428.4
2024-03-18 17:30:00,8.708,8.762,8.65,8.711,11782.8
2024-03-18 18:00:00,8.711,8.75,8.664,8.687,5638.0
2024-03-18 18:30:00,8.687,8.774,8.654,8.7,12122.9
2024-03-18 19:00:00,8.7,8.84,8.675,8.824,9689.1
2024-03-18 19:30:00,8.824,8.835,8.733,8.75,12694.5
2024-03-18 20:00:00,8.75,8.847,8.75,8.847,22541.9
2024-03-18 20:30:00,8.847,8.879,8.812,8.846,6693.0
2024-03-18 21:00:00,8.846,8.922,8.836,8.92,4260.1
2024-03-18 21:30:00,8.92,8.957,8.845,8.875,12857.6
2024-03-18 22:00:00,8.875,8.877,8.799,8.811,12007.4
2024-03-18 22:30:00,8.811,8.877,8.807,8.872,5997.2
2024-03-18 23:00:00,8.872,8.974,8.843,8.955,7647.9
2024-03-18 23:30:00,8.955,8.955,8.863,8.871,2242.7
2024-03-19 00:00:00,8.871,8.972,8.848,8.896,10835.1
2024-03-19 00:30:00,8.896,8.948,8.671,8.711,28970.5
2024-03-19 01:00:00,8.711,8.724,8.442,8.492,50518.5
2024-03-19 01:30:00,8.492,8.548,8.402,8.523,32805.5
2024-03-19 02:00:00,8.523,8.742,8.514,8.691,15839.1
2024-03-19 02:30:00,8.691,8.746,8.579,8.603,15940.9
2024-03-19 03:00:00,8.603,8.662,8.562,8.567,18750.0
2024-03-19 03:30:00,8.567,8.651,8.41,8.625,35655.6
2024-03-19 04:00:00,8.625,8.686,8.538,8.676,11038.0
2024-03-19 04:30:00,8.676,8.696,8.507,8.532,12532.5
2024-03-19 05:00:00,8.532,8.614,8.458,8.46,15383.9
2024-03-19 05:30:00,8.46,8.561,8.405,8.51,16850.1
2024-03-19 06:00:00,8.51,8.546,8.423,8.488,20417.5
2024-03-19 06:30:00,8.488,8.531,8.281,8.369,50244.9
2024-03-19 07:00:00,8.369,8.38,8.049,8.321,109991.8
2024-03-19 07:30:00,8.321,8.434,8.254,8.427,26827.0
2024-03-19 08:00:00,8.427,8.43,8.204,8.204,19225.2
2024-03-19 08:30:00,8.204,8.285,8.028,8.085,53373.3
2024-03-19 09:00:00,8.085,8.255,7.964,8.205,78539.5
2024-03-19 09:30:00,8.205,8.325,8.148,8.317,10789.6
2024-03-19 10:00:00,8.317,8.317,8.088,8.133,17401.4
2024-03-19 10:30:00,8.133,8.189,8.054,8.15,68172.8
2024-03-19 11:00:00,8.15,8.173,8.029,8.062,15473.4
2024-03-19 11:30:00,8.062,8.319,8.062,8.292,58983.5
2024-03-19 12:00:00,8.292,8.384,8.244,8.301,21868.9
2024-03-19 12:30:00,8.301,8.427,8.295,8.359,11469.1
2024-03-19 13:00:00,8.359,8.379,8.253,8.37,6179.5
2024-03-19 13:30:00,8.37,8.37,8.252,8.33,12577.1
2024-03-19 14:00:00,8.33,8.33,8.183,8.229,11978.5
2024-03-19 14:30:00,8.229,8.347,8.213,8.309,5995.4
2024-03-19 15:00:00,8.309,8.337,8.212,8.3,10928.3
2024-03-19 15:30:00,8.3,8.505,8.3,8.495,20577.7
2024-03-19 16:00:00,8.495,8.559,8.423,8.448,32643.5
2024-03-19 16:30:00,8.448,8.537,8.415,8.506,20188.2
2024-03-19 17:00:00,8.506,8.598,8.479,8.587,11476.9
2024-03-19 17:30:00,8.587,8.588,8.46,8.506,10027.8
2024-03-19 18:00:00,8.506,8.51,8.385,8.452,9140.8
2024-03-19 18:30:00,8.452,8.494,8.413,8.422,5170.0
2024-03-19 19:00:00,8.422,8.538,8.401,8.516,6365.1
2024-03-19 19:30:00,8.516,8.524,8.426,8.447,4382.8
2024-03-19 20:00:00,8.447,8.461,8.26,8.295,14542.3
2024-03-19 20:30:00,8.295,8.38,8.255,8.283,22355.6
2024-03-19 21:00:00,8.283,8.316,8.169,8.197,15674.4
2024-03-19 21:30:00,8.197,8.299,8.151,8.28,7022.5
2024-03-19 22:00:00,8.28,8.295,8.026,8.026,13526.3
2024-03-19 22:30:00,8.026,8.118,8.0,8.061,9057.8
2024-03-19 23:00:00,8.061,8.074,7.855,7.893,37887.7
2024-03-19 23:30:00,7.893,8.043,7.893,7.998,14617.0
2024-03-20 00:00:00,7.998,8.147,7.979,8.109,11315.6
2024-03-20 00:30:00,8.109,8.177,8.026,8.165,10687.1
2024-03-20 01:00:00,8.165,8.168,7.945,8.048,28214.6
2024-03-20 01:30:00,8.048,8.048,7.928,7.979,4028.2
2024-03-20 02:00:00,7.979,8.12,7.95,8.12,10505.2
2024-03-20 02:30:00,8.12,8.157,8.073,8.141,3117.1
2024-03-20 03:00:00,8.141,8.218,8.107,8.218,20953.4
2024-03-20 03:30:00,8.218,8.218,7.962,7.989,14827.8
2024-03-20 04:00:00,7.989,8.071,7.953,7.969,7548.0
2024-03-20 04:30:00,7.969,7.969,7.825,7.926,47509.3
2024-03-20 05:00:00,7.926,7.957,7.682,7.741,42530.0
2024-03-20 05:30:00,7.741,7.854,7.684,7.825,15542.2
2024-03-20 06:00:00,7.825,7.978,7.821,7.971,20546.9
2024-03-20 06:30:00,7.971,8.01,7.926,7.975,15320.7
2024-03-20 07:00:00,7.975,8.207,7.961,8.187,65589.3
2024-03-20 07:30:00,8.187,8.243,8.142,8.208,33688.7
2024-03-20 08:00:00,8.208,8.241,8.147,8.207,18311.3
2024-03-20 08:30:00,8.207,8.223,8.081,8.087,16477.5
2024-03-20 09:00:00,8.087,8.192,8.076,8.165,8896.6
2024-03-20 09:30:00,8.165,8.222,8.159,8.189,11131.2
2024-03-20 10:00:00,8.189,8.226,8.143,8.226,9083.7
2024-03-20 10:30:00,8.226,8.227,8.145,8.19,6699.0
2024-03-20 11:00:00,8.19,8.322,8.171,8.312,19890.8
2024-03-20 11:30:00,8.312,8.329,8.23,8.275,12941.0
2024-03-20 12:00:00,8.275,8.402,8.232,8.356,12535.1
2024-03-20 12:30:00,8.356,8.384,8.301,8.349,11133.4
2024-03-20 13:00:00,8.349,8.349,8.267,8.267,11699.7
2024-03-20 13:30:00,8.267,8.317,8.221,8.239,8466.8
2024-03-20 14:00:00,8.239,8.3,8.19,8.295,12850.4
2024-03-20 14:30:00,8.295,8.315,8.221,8.254,16829.8
2024-03-20 15:00:00,8.254,8.303,8.156,8.167,20992.9
2024-03-20 15:30:00,8.167,8.167,8.043,8.057,39590.1
2024-03-20 16:00:00,8.057,8.095,7.804,7.835,49213.4
2024-03-20 16:30:00,7.835,7.963,7.733,7.92,24866.8
2024-03-20 17:00:00,7.92,8.114,7.876,8.103,32766.3
2024-03-20 17:30:00,8.103,8.15,8.043,8.08,5035.9
2024-03-20 18:00:00,8.08,8.298,8.08,8.219,25711.3
2024-03-20 18:30:00,8.219,8.469,8.161,8.457,25233.6
2024-03-20 19:00:00,8.457,8.523,8.387,8.453,21758.3
2024-03-20 19:30:00,8.453,8.542,8.43,8.501,9508.0
2024-03-20 20:00:00,8.501,8.651,8.486,8.642,13100.3
2024-03-20 20:30:00,8.642,8.742,8.614,8.651,51264.2
2024-03-20 21:00:00,8.651,8.716,8.605,8.674,10785.6
2024-03-20 21:30:00,8.674,8.677,8.623,8.658,7065.8
2024-03-20 22:00:00,8.658,8.73,8.637,8.665,20289.0
2024-03-20 22:30:00,8.665,8.672,8.588,8.642,8967.8
2024-03-20 23:00:00,8.642,8.684,8.601,8.665,11613.7
2024-03-20 23:30:00,8.665,8.673,8.62,8.642,7117.9
2024-03-21 00:00:00,8.642,8.643,8.565,8.587,9333.8
2024-03-21 00:30:00,8.587,8.728,8.575,8.69,7602.9
2024-03-21 01:00:00,8.69,8.783,8.677,8.77,15224.9
2024-03-21 01:30:00,8.77,8.774,8.652,8.757,88259.8
2024-03-21 02:00:00,8.757,8.912,8.756,8.837,33752.1
2024-03-21 02:30:00,8.837,8.905,8.817,8.83,2903.4
2024-03-21 03:00:00,8.83,8.938,8.813,8.887,30431.0
2024-03-21 03:30:00,8.887,9.034,8.799,8.876,38122.4
2024-03-21 04:00:00,8.876,8.948,8.813,8.874,14946.3
2024-03-21 04:30:00,8.874,8.908,8.764,8.778,9203.0
2024-03-21 05:00:00,8.778,8.789,8.594,8.663,18937.2
2024-03-21 05:30:00,8.663,8.856,8.663,8.839,20171.7
2024-03-21 06:00:00,8.839,8.959,8.816,8.903,58587.2
2024-03-21 06:30:00,8.903,8.913,8.801,8.88,26188.1
2024-03-21 07:00:00,8.88,9.008,8.875,8.992,37334.9
2024-03-21 07:30:00,8.992,9.011,8.938,8.947,15306.7
2024-03-21 08:00:00,8.947,9.05,8.93,9.001,29964.8
2024-03-21 08:30:00,9.001,9.059,8.973,9.024,18343.7
2024-03-21 09:00:00,9.024,9.15,8.999,9.081,55890.8
2024-03-21 09:30:00,9.081,9.154,9.008,9.154,19169.4
2024-03-21 10:00:00,9.154,9.302,9.109,9.258,18706.3
2024-03-21 10:30:00,9.258,9.283,9.198,9.216,17442.4
2024-03-21 11:00:00,9.216,9.216,9.092,9.125,15645.9
2024-03-21 11:30:00,9.125,9.173,9.078,9.089,9980.9
2024-03-21 12:00:00,9.089,9.175,9.089,9.126,15158.2
2024-03-21 12:30:00,9.126,9.154,9.005,9.026,15786.8
2024-03-21 13:00:00,9.026,9.078,9.015,9.037,10795.1
2024-03-21 13:30:00,9.037,9.044,8.95,8.985,12741.1
2024-03-21 14:00:00,8.985,9.147,8.965,9.103,14674.2
2024-03-21 14:30:00,9.103,9.148,9.071,9.123,8252.3
2024-03-21 15:00:00,9.123,9.136,9.015,9.11,14191.5
2024-03-21 15:30:00,9.11,9.148,9.03,9.123,13312.2
2024-03-21 16:00:00,9.123,9.201,9.071,9.201,13242.2
2024-03-21 16:30:00,9.201,9.269,9.122,9.252,12769.3
2024-03-21 17:00:00,9.252,9.252,9.041,9.051,12557.5
2024-03-21 17:30:00,9.051,9.094,8.993,9.036,20018.3
2024-03-21 18:00:00,9.036,9.06,8.862,8.915,41717.5
2024-03-21 18:30:00,8.915,8.916,8.801,8.832,22320.8
2024-03-21 19:00:00,8.832,8.943,8.821,8.939,21163.0
2024-03-21 19:30:00,8.939,9.176,8.937,9.137,13093.9
2024-03-21 20:00:00,9.137,9.167,9.0,9.105,15486.2
2024-03-21 20:30:00,9.105,9.148,9.067,9.135,6291.8
2024-03-21 21:00:00,9.135,9.146,9.002,9.007,7500.0
2024-03-21 21:30:00,9.007,9.111,8.973,9.102,14709.0
2024-03-21 22:00:00,9.102,9.151,9.049,9.053,7701.9
2024-03-21 22:30:00,9.053,9.065,9.003,9.019,4251.4
2024-03-21 23:00:00,9.019,9.059,9.005,9.012,3476.5
2024-03-21 23:30:00,9.012,9.059,8.984,9.025,3284.3
2024-03-22 00:00:00,9.025,9.128,8.961,9.108,8429.0
2024-03-22 00:30:00,9.108,9.108,8.924,8.993,9499.1
2024-03-22 01:00:00,8.993,9.034,8.899,8.956,14340.4
2024-03-22 01:30:00,8.956,8.961,8.839,8.845,20980.8
2024-03-22 02:00:00,8.845,8.894,8.804,8.859,28182.8
2024-03-22 02:30:00,8.859,8.911,8.811,8.907,24955.7
2024-03-22 03:00:00,8.907,8.982,8.874,8.976,14477.9
2024-03-22 03:30:00,8.976,9.046,8.974,9.019,4555.1
2024-03-22 04:00:00,9.019,9.101,8.99,9.073,10592.8
2024-03-22 04:30:00,9.073,9.181,9.037,9.16,8632.2
2024-03-22 05:00:00,9.16,9.203,9.085,9.117,11483.9
2024-03-22 05:30:00,9.117,9.14,9.072,9.119,8770.3
2024-03-22 06:00:00,9.119,9.159,9.092,9.135,6930.8
2024-03-22 06:30:00,9.135,9.177,9.113,9.171,7672.5
2024-03-22 07:00:00,9.171,9.177,9.106,9.158,14722.9
2024-03-22 07:30:00,9.158,9.278,9.137,9.204,33862.4
2024-03-22 08:00:00,9.204,9.259,9.157,9.196,31763.3
2024-03-22 08:30:00,9.196,9.198,9.095,9.143,25449.2
2024-03-22 09:00:00,9.143,9.236,9.139,9.224,11523.6
2024-03-22 09:30:00,9.224,9.226,9.129,9.144,10381.6
2024-03-22 10:00:00,9.144,9.186,9.0,9.043,26522.9
2024-03-22 10:30:00,9.043,9.05,8.923,8.933,19498.7
2024-03-22 11:00:00,8.933,8.971,8.894,8.957,11681.2
2024-03-22 11:30:00,8.957,8.978,8.817,8.838,19119.0
2024-03-22 12:00:00,8.838,8.944,8.778,8.93,41975.5
2024-03-22 12:30:00,8.93,8.943,8.832,8.841,15443.9
2024-03-22 13:00:00,8.841,8.873,8.705,8.758,35656.4
2024-03-22 13:30:00,8.758,8.759,8.504,8.546,56960.1
2024-03-22 14:00:00,8.546,8.594,8.441,8.479,84023.7
2024-03-22 14:30:00,8.479,8.564,8.478,8.51,32059.1
2024-03-22 15:00:00,8.51,8.78,8.51,8.78,84837.9
2024-03-22 15:30:00,8.78,8.853,8.66,8.701,65680.2
2024-03-22 16:00:00,8.701,8.721,8.53,8.588,24977.2
2024-03-22 16:30:00,8.588,8.595,8.47,8.534,14819.2
2024-03-22 17:00:00,8.534,8.602,8.513,8.524,11189.4
2024-03-22 17:30:00,8.524,8.6,8.513,8.592,4067.8
2024-03-22 18:00:00,8.592,8.664,8.526,8.566,8943.2
2024-03-22 18:30:00,8.566,8.663,8.538,8.591,10015.7
2024-03-22 19:00:00,8.591,8.63,8.534,8.551,6125.5
2024-03-22 19:30:00,8.551,8.693,8.539,8.651,7866.1
2024-03-22 20:00:00,8.651,8.661,8.561,8.585,5786.9
2024-03-22 20:30:00,8.585,8.607,8.555,8.571,2493.7
2024-03-22 21:00:00,8.571,8.577,8.488,8.522,11471.9
2024-03-22 21:30:00,8.522,8.542,8.412,8.518,29956.7
2024-03-22 22:00:00,8.518,8.52,8.396,8.479,18217.7
2024-03-22 22:30:00,8.479,8.563,8.466,8.532,5610.6
2024-03-22 23:00:00,8.532,8.667,8.528,8.654,10774.6
2024-03-22 23:30:00,8.654,8.74,8.631,8.725,17399.1
2024-03-23 00:00:00,8.725,8.734,8.666,8.674,11486.7
2024-03-23 00:30:00,8.674,8.712,8.647,8.658,5327.5
2024-03-23 01:00:00,8.658,8.776,8.65,8.771,11786.6
2024-03-23 01:30:00,8.771,8.845,8.742,8.818,13532.4
2024-03-23 02:00:00,8.818,8.865,8.739,8.739,16287.2
2024-03-23 02:30:00,8.739,8.747,8.684,8.715,10250.0
2024-03-23 03:00:00,8.715,8.715,8.562,8.566,25556.8
2024-03-23 03:30:00,8.566,8.65,8.5,8.621,25028.6
2024-03-23 04:00:00,8.621,8.659,8.564,8.573,12288.8
2024-03-23 04:30:00,8.573,8.588,8.529,8.54,3745.0
2024-03-23 05:00:00,8.54,8.591,8.51,8.581,11392.4
2024-03-23 05:30:00,8.581,8.601,8.539,8.574,5211.5
2024-03-23 06:00:00,8.574,8.638,8.549,8.633,4643.8
2024-03-23 06:30:00,8.633,8.644,8.582,8.606,15979.9
2024-03-23 07:00:00,8.606,8.805,8.606,8.776,42446.8
2024-03-23 07:30:00,8.776,8.808,8.751,8.779,16644.9
2024-03-23 08:00:00,8.779,8.818,8.733,8.734,14844.7
2024-03-23 08:30:00,8.734,8.77,8.695,8.769,22602.5
2024-03-23 09:00:00,8.769,8.774,8.699,8.739,4076.7
2024-03-23 09:30:00,8.739,8.759,8.688,8.758,6643.9
2024-03-23 10:00:00,8.758,8.837,8.753,8.834,17808.0
2024-03-23 10:30:00,8.834,8.855,8.74,8.758,12903.9
2024-03-23 11:00:00,8.758,8.821,8.747,8.815,6634.2
2024-03-23 11:30:00,8.815,8.815,8.738,8.761,14014.2
2024-03-23 12:00:00,8.761,8.797,8.731,8.794,6255.5
2024-03-23 12:30:00,8.794,8.853,8.779,8.813,12254.1
2024-03-23 13:00:00,8.813,8.844,8.779,8.787,9911.6
2024-03-23 13:30:00,8.787,8.853,8.761,8.839,9380.7
2024-03-23 14:00:00,8.839,8.894,8.798,8.871,25441.4
2024-03-23 14:30:00,8.871,8.963,8.857,8.926,17198.7
2024-03-23 15:00:00,8.926,8.95,8.821,8.845,9379.7
2024-03-23 15:30:00,8.845,8.885,8.821,8.875,10821.2
2024-03-23 16:00:00,8.875,8.877,8.799,8.864,6466.9
2024-03-23 16:30:00,8.864,8.939,8.863,8.879,7375.4
2024-03-23 17:00:00,8.879,8.927,8.868,8.905,12238.5
2024-03-23 17:30:00,8.905,8.943,8.898,8.92,8201.6
2024-03-23 18:00:00,8.92,8.929,8.88,8.89,7256.9
2024-03-23 18:30:00,8.89,8.907,8.86,8.89,9199.7
2024-03-23 19:00:00,8.89,8.895,8.823,8.826,7473.8
2024-03-23 19:30:00,8.826,8.831,8.767,8.771,7253.4
2024-03-23 20:00:00,8.771,8.79,8.747,8.778,10774.9
2024-03-23 20:30:00,8.778,8.791,8.764,8.768,1303.5
2024-03-23 21:00:00,8.768,8.784,8.72,8.726,4580.2
2024-03-23 21:30:00,8.726,8.776,8.719,8.755,1943.5
2024-03-23 22:00:00,8.755,8.779,8.724,8.753,6565.1
2024-03-23 22:30:00,8.753,8.764,8.714,8.726,7171.1
2024-03-23 23:00:00,8.726,8.738,8.679,8.693,11257.0
2024-03-23 23:30:00,8.693,8.699,8.612,8.626,12186.3
2024-03-24 00:00:00,8.626,8.735,8.611,8.716,14353.9
2024-03-24 00:30:00,8.716,8.764,8.714,8.755,4996.3
2024-03-24 01:00:00,8.755,8.768,8.692,8.746,9098.1
2024-03-24 01:30:00,8.746,8.752,8.706,8.743,2442.3
2024-03-24 02:00:00,8.743,8.751,8.698,8.714,2105.7
2024-03-24 02:30:00,8.714,8.717,8.65,8.67,9370.3
2024-03-24 03:00:00,8.67,8.673,8.529,8.59,56966.4
2024-03-24 03:30:00,8.59,8.59,8.54,8.542,8573.7
2024-03-24 04:00:00,8.542,8.586,8.527,8.548,3155.9
2024-03-24 04:30:00,8.548,8.579,8.529,8.563,12170.5
2024-03-24 05:00:00,8.563,8.588,8.531,8.582,5978.0
2024-03-24 05:30:00,8.582,8.61,8.576,8.588,4941.4
2024-03-24 06:00:00,8.588,8.61,8.563,8.585,1644.5
2024-03-24 06:30:00,8.585,8.586,8.525,8.56,1746.0
2024-03-24 07:00:00,8.56,8.569,8.533,8.559,2070.0
2024-03-24 07:30:00,8.559,8.605,8.531,8.6,2890.7
2024-03-24 08:00:00,8.6,8.657,8.589,8.62,11150.2
2024-03-24 08:30:00,8.62,8.721,8.609,8.716,4028.1
2024-03-24 09:00:00,8.716,8.72,8.621,8.633,5018.4
2024-03-24 09:30:00,8.633,8.676,8.626,8.669,2512.8
2024-03-24 10:00:00,8.669,8.742,8.662,8.734,11037.8
2024-03-24 10:30:00,8.734,8.757,8.694,8.72,9532.3
2024-03-24 11:00:00,8.72,8.72,8.684,8.684,4002.0
2024-03-24 11:30:00,8.684,8.736,8.674,8.725,5519.9
2024-03-24 12:00:00,8.725,8.768,8.71,8.753,6247.6
2024-03-24 12:30:00,8.753,8.804,8.74,8.784,7338.9
2024-03-24 13:00:00,8.784,8.798,8.719,8.724,6615.6
2024-03-24 13:30:00,8.724,8.74,8.694,8.712,16697.4
2024-03-24 14:00:00,8.712,8.803,8.7,8.778,9927.8
2024-03-24 14:30:00,8.778,8.785,8.714,8.735,5016.3
2024-03-24 15:00:00,8.735,8.769,8.718,8.752,4368.9
2024-03-24 15:30:00,8.752,8.752,8.715,8.737,4158.9
2024-03-24 16:00:00,8.737,8.766,8.697,8.712,8506.4
2024-03-24 16:30:00,8.712,8.743,8.677,8.686,11165.6
2024-03-24 17:00:00,8.686,8.699,8.583,8.6,10827.9
2024-03-24 17:30:00,8.6,8.658,8.556,8.642,10293.2
2024-03-24 18:00:00,8.642,8.725,8.639,8.715,8235.8
2024-03-24 18:30:00,8.715,8.751,8.685,8.704,4567.4
2024-03-24 19:00:00,8.704,8.747,8.691,8.73,3758.1
2024-03-24 19:30:00,8.73,8.754,8.714,8.739,1483.5
2024-03-24 20:00:00,8.739,8.839,8.709,8.834,18588.4
2024-03-24 20:30:00,8.834,8.889,8.829,8.856,9784.6
2024-03-24 21:00:00,8.856,8.923,8.856,8.883,12512.1
2024-03-24 21:30:00,8.883,8.9,8.843,8.888,8848.0
2024-03-24 22:00:00,8.888,8.943,8.874,8.933,9531.9
2024-03-24 22:30:00,8.933,8.941,8.896,8.934,13683.7
2024-03-24 23:00:00,8.934,8.985,8.928,8.956,20178.5
2024-03-24 23:30:00,8.956,8.957,8.913,8.915,8419.3
2024-03-25 00:00:00,8.915,8.927,8.862,8.886,8590.2
2024-03-25 00:30:00,8.886,8.933,8.832,8.892,25362.6
2024-03-25 01:00:00,8.892,9.006,8.88,9.001,15343.1
2024-03-25 01:30:00,9.001,9.101,8.984,9.04,24428.3
2024-03-25 02:00:00,9.04,9.176,9.031,9.171,7547.9
2024-03-25 02:30:00,9.171,9.191,9.123,9.132,33522.6
2024-03-25 03:00:00,9.132,9.208,9.108,9.149,22528.0
2024-03-25 03:30:00,9.149,9.199,9.121,9.158,3909.0
2024-03-25 04:00:00,9.158,9.196,9.113,9.115,7104.1
2024-03-25 04:30:00,9.115,9.211,9.114,9.199,10028.0
2024-03-25 05:00:00,9.199,9.201,9.143,9.164,4545.1
2024-03-25 05:30:00,9.164,9.202,9.159,9.171,3282.9
2024-03-25 06:00:00,9.171,9.179,9.121,9.143,10231.6
2024-03-25 06:30:00,9.143,9.155,9.073,9.114,8738.1
2024-03-25 07:00:00,9.114,9.156,9.073,9.085,4673.4
2024-03-25 07:30:00,9.085,9.085,8.993,9.005,13124.5
2024-03-25 08:00:00,9.005,9.067,8.995,9.052,7858.1
2024-03-25 08:30:00,9.052,9.073,9.016,9.057,7412.1
2024-03-25 09:00:00,9.057,9.086,9.032,9.039,8524.7
2024-03-25 09:30:00,9.039,9.109,9.01,9.109,3370.6
2024-03-25 10:00:00,9.109,9.137,9.078,9.087,4615.5
2024-03-25 10:30:00,9.087,9.097,9.05,9.07,7739.3
2024-03-25 11:00:00,9.07,9.073,8.978,8.994,14156.6
2024-03-25 11:30:00,8.994,9.014,8.925,8.937,13105.5
2024-03-25 12:00:00,8.937,9.032,8.937,9.005,10149.1
2024-03-25 12:30:00,9.005,9.035,8.979,9.012,5172.8
2024-03-25 13:00:00,9.012,9.044,8.949,8.968,8394.7
2024-03-25 13:30:00,8.968,9.103,8.962,9.103,11496.8
2024-03-25 14:00:00,9.103,9.25,9.061,9.228,41066.5
2024-03-25 14:30:00,9.228,9.3,9.161,9.297,100035.3
2024-03-25 15:00:00,9.297,9.35,9.23,9.311,27305.6
2024-03-25 15:30:00,9.311,9.39,9.293,9.336,17239.6
2024-03-25 16:00:00,9.336,9.367,9.277,9.321,8752.0
2024-03-25 16:30:00,9.321,9.41,9.321,9.366,12681.6
2024-03-25 17:00:00,9.366,9.452,9.359,9.436,12710.5
2024-03-25 17:30:00,9.436,9.462,9.37,9.42,27312.6
2024-03-25 18:00:00,9.42,9.455,9.35,9.374,8441.1
2024-03-25 18:30:00,9.374,9.422,9.337,9.409,13509.6
2024-03-25 19:00:00,9.409,9.448,9.344,9.437,9118.8
2024-03-25 19:30:00,9.437,9.511,9.428,9.511,11127.6
2024-03-25 20:00:00,9.511,9.521,9.444,9.482,11456.9
2024-03-25 20:30:00,9.482,9.499,9.455,9.489,6683.2
2024-03-25 21:00:00,9.489,9.489,9.301,9.349,21062.6
2024-03-25 21:30:00,9.349,9.428,9.349,9.392,11869.4
2024-03-25 22:00:00,9.392,9.464,9.392,9.464,6185.6
2024-03-25 22:30:00,9.464,9.548,9.45,9.469,14832.4
2024-03-25 23:00:00,9.469,9.486,9.388,9.416,44276.5
2024-03-25 23:30:00,9.416,9.419,9.316,9.376,7013.6
2024-03-26 00:00:00,9.376,9.43,9.345,9.379,8969.3
2024-03-26 00:30:00,9.379,9.409,9.36,9.368,7698.0
2024-03-26 01:00:00,9.368,9.391,9.339,9.38,5780.7
2024-03-26 01:30:00,9.38,9.456,9.353,9.455,11246.9
2024-03-26 02:00:00,9.455,9.616,9.405,9.587,19625.6
2024-03-26 02:30:00,9.587,9.616,9.543,9.546,10693.8
2024-03-26 03:00:00,9.546,9.706,9.539,9.689,62747.3
2024-03-26 03:30:00,9.689,9.732,9.666,9.708,57293.6
2024-03-26 04:00:00,9.708,9.74,9.64,9.669,13217.7
2024-03-26 04:30:00,9.669,9.732,9.669,9.729,12575.4
2024-03-26 05:00:00,9.729,9.729,9.661,9.68,17777.2
2024-03-26 05:30:00,9.68,9.68,9.606,9.627,6170.2
2024-03-26 06:00:00,9.627,9.638,9.585,9.601,7421.7
2024-03-26 06:30:00,9.601,9.678,9.601,9.666,10548.3
2024-03-26 07:00:00,9.666,9.713,9.624,9.69,28845.0
2024-03-26 07:30:00,9.69,9.725,9.573,9.6,18289.2
2024-03-26 08:00:00,9.6,9.66,9.564,9.591,22180.5
2024-03-26 08:30:00,9.591,9.624,9.574,9.62,4730.3
2024-03-26 09:00:00,9.62,9.659,9.594,9.644,15845.1
2024-03-26 09:30:00,9.644,9.678,9.616,9.651,9510.8
2024-03-26 10:00:00,9.651,9.667,9.6,9.601,5419.5
2024-03-26 10:30:00,9.601,9.661,9.601,9.646,9545.6
2024-03-26 11:00:00,9.646,9.646,9.558,9.616,19407.7
2024-03-26 11:30:00,9.616,9.618,9.545,9.564,12643.2
2024-03-26 12:00:00,9.564,9.601,9.508,9.601,25517.9
2024-03-26 12:30:00,9.601,9.622,9.562,9.606,6097.2
2024-03-26 13:00:00,9.606,9.62,9.515,9.533,13466.4
2024-03-26 13:30:00,9.533,9.533,9.389,9.431,46401.4
2024-03-26 14:00:00,9.431,9.471,9.287,9.289,38510.0
2024-03-26 14:30:00,9.289,9.387,9.193,9.376,90211.0
2024-03-26 15:00:00,9.376,9.382,9.229,9.299,24344.0
2024-03-26 15:30:00,9.299,9.316,9.212,9.294,12499.4
2024-03-26 16:00:00,9.294,9.469,9.293,9.386,100325.9
2024-03-26 16:30:00,9.386,9.429,9.247,9.289,19334.3
2024-03-26 17:00:00,9.289,9.387,9.219,9.386,16163.0
2024-03-26 17:30:00,9.386,9.395,9.321,9.334,4367.6
2024-03-26 18:00:00,9.334,9.381,9.324,9.352,7563.8
2024-03-26 18:30:00,9.352,9.413,9.336,9.341,9464.2
2024-03-26 19:00:00,9.341,9.35,9.228,9.28,15624.9
2024-03-26 19:30:00,9.28,9.342,9.231,9.258,10451.3
2024-03-26 20:00:00,9.258,9.391,9.258,9.379,4419.0
2024-03-26 20:30:00,9.379,9.41,9.315,9.374,4205.2
2024-03-26 21:00:00,9.374,9.455,9.365,9.449,19200.8
2024-03-26 21:30:00,9.449,9.489,9.439,9.458,4025.9
2024-03-26 22:00:00,9.458,9.466,9.226,9.281,69411.5
2024-03-26 22:30:00,9.281,9.354,9.262,9.348,9556.5
2024-03-26 23:00:00,9.348,9.433,9.322,9.385,7525.2
2024-03-26 23:30:00,9.385,9.487,9.377,9.443,20006.1
2024-03-27 00:00:00,9.443,9.481,9.379,9.444,11742.2
2024-03-27 00:30:00,9.444,9.517,9.409,9.501,12061.2
2024-03-27 01:00:00,9.501,9.535,9.472,9.523,8042.9
2024-03-27 01:30:00,9.523,9.628,9.519,9.579,17996.4
2024-03-27 02:00:00,9.579,9.61,9.51,9.547,9754.6
2024-03-27 02:30:00,9.547,9.572,9.501,9.52,15066.8
2024-03-27 03:00:00,9.52,9.526,9.443,9.484,15627.4
2024-03-27 03:30:00,9.484,9.489,9.373,9.395,12021.6
2024-03-27 04:00:00,9.395,9.456,9.395,9.405,5006.2
2024-03-27 04:30:00,9.405,9.407,9.334,9.351,15807.6
2024-03-27 05:00:00,9.351,9.397,9.343,9.359,6509.2
2024-03-27 05:30:00,9.359,9.457,9.349,9.451,9405.0
2024-03-27 06:00:00,9.451,9.524,9.425,9.486,8788.8
2024-03-27 06:30:00,9.486,9.498,9.388,9.414,9029.2
2024-03-27 07:00:00,9.414,9.431,9.233,9.264,29249.1
2024-03-27 07:30:00,9.264,9.302,9.224,9.293,17269.8
2024-03-27 08:00:00,9.293,9.36,9.285,9.314,24976.5
2024-03-27 08:30:00,9.314,9.315,9.166,9.21,25692.4
2024-03-27 09:00:00,9.21,9.273,9.114,9.262,49302.3
2024-03-27 09:30:00,9.262,9.306,9.235,9.299,14016.9
2024-03-27 10:00:00,9.299,9.364,9.278,9.359,22833.7
2024-03-27 10:30:00,9.359,9.364,9.298,9.342,5409.5
2024-03-27 11:00:00,9.342,9.37,9.307,9.356,11952.0
2024-03-27 11:30:00,9.356,9.413,9.328,9.395,17546.0
2024-03-27 12:00:00,9.395,9.46,9.376,9.418,43181.7
2024-03-27 12:30:00,9.418,9.423,9.331,9.381,21359.1
2024-03-27 13:00:00,9.381,9.603,9.381,9.544,46548.1
2024-03-27 13:30:00,9.544,9.566,9.241,9.286,78040.0
2024-03-27 14:00:00,9.286,9.311,9.001,9.201,61980.3
2024-03-27 14:30:00,9.201,9.282,9.176,9.239,15690.3
2024-03-27 15:00:00,9.239,9.243,9.047,9.087,28094.8
2024-03-27 15:30:00,9.087,9.131,9.012,9.015,14765.8
2024-03-27 16:00:00,9.015,9.149,8.993,9.127,36253.8
2024-03-27 16:30:00,9.127,9.154,9.096,9.149,7987.1
2024-03-27 17:00:00,9.149,9.193,9.113,9.169,13766.9
2024-03-27 17:30:00,9.169,9.199,9.106,9.125,13732.1
2024-03-27 18:00:00,9.125,9.135,8.967,9.008,21723.4
2024-03-27 18:30:00,9.008,9.056,8.906,8.926,16637.7
2024-03-27 19:00:00,8.926,9.082,8.922,9.063,10753.2
2024-03-27 19:30:00,9.063,9.133,9.033,9.126,8202.9
2024-03-27 20:00:00,9.126,9.18,9.11,9.139,6160.8
2024-03-27 20:30:00,9.139,9.143,9.087,9.121,5753.0
2024-03-27 21:00:00,9.121,9.163,9.11,9.157,11888.6
2024-03-27 21:30:00,9.157,9.175,9.092,9.104,5212.0
2024-03-27 22:00:00,9.104,9.154,9.093,9.148,3937.2
2024-03-27 22:30:00,9.148,9.179,9.142,9.171,1866.1
2024-03-27 23:00:00,9.171,9.171,9.106,9.109,2486.5
2024-03-27 23:30:00,9.109,9.142,9.059,9.126,4593.6
2024-03-28 00:00:00,9.126,9.207,9.107,9.15,27723.9
2024-03-28 00:30:00,9.15,9.159,9.076,9.146,10744.4
2024-03-28 01:00:00,9.146,9.155,9.027,9.043,5494.6
2024-03-28 01:30:00,9.043,9.08,9.002,9.048,4630.3
2024-03-28 02:00:00,9.048,9.132,9.045,9.107,8215.9
2024-03-28 02:30:00,9.107,9.111,8.991,9.033,19236.8
2024-03-28 03:00:00,9.033,9.069,8.986,9.012,10323.7
2024-03-28 03:30:00,9.012,9.057,8.977,9.038,9516.4
2024-03-28 04:00:00,9.038,9.1,9.033,9.098,7202.1
2024-03-28 04:30:00,9.098,9.122,9.071,9.091,10528.0
2024-03-28 05:00:00,9.091,9.104,9.054,9.097,12313.3
2024-03-28 05:30:00,9.097,9.097,9.042,9.073,17412.3
2024-03-28 06:00:00,9.073,9.147,9.042,9.135,10780.4
2024-03-28 06:30:00,9.135,9.174,9.119,9.145,6291.4
2024-03-28 07:00:00,9.145,9.17,9.12,9.144,10271.3
2024-03-28 07:30:00,9.144,9.197,9.141,9.196,9898.5
2024-03-28 08:00:00,9.196,9.206,9.153,9.169,8087.3
2024-03-28 08:30:00,9.169,9.234,9.165,9.186,8085.6
2024-03-28 09:00:00,9.186,9.224,9.16,9.179,3306.9
2024-03-28 09:30:00,9.179,9.21,9.153,9.203,4612.4
2024-03-28 10:00:00,9.203,9.209,9.134,9.152,21683.5
2024-03-28 10:30:00,9.152,9.172,9.129,9.159,8272.1
2024-03-28 11:00:00,9.159,9.19,9.112,9.164,15018.4
2024-03-28 11:30:00,9.164,9.17,9.113,9.153,8784.7
2024-03-28 12:00:00,9.153,9.181,9.098,9.115,24787.8
2024-03-28 12:30:00,9.115,9.134,9.044,9.119,26552.8
2024-03-28 13:00:00,9.119,9.135,9.015,9.11,13695.4
2024-03-28 13:30:00,9.11,9.154,9.067,9.121,25358.3
2024-03-28 14:00:00,9.121,9.149,9.061,9.107,23334.5
2024-03-28 14:30:00,9.107,9.213,9.107,9.202,13142.2
2024-03-28 15:00:00,9.202,9.217,9.138,9.151,9418.9
2024-03-28 15:30:00,9.151,9.269,9.146,9.258,6404.6
2024-03-28 16:00:00,9.258,9.295,9.151,9.191,14716.1
2024-03-28 16:30:00,9.191,9.194,9.117,9.129,23061.1
2024-03-28 17:00:00,9.129,9.183,9.1,9.183,8533.1
2024-03-28 17:30:00,9.183,9.183,9.122,9.143,2904.3
2024-03-28 18:00:00,9.143,9.193,9.117,9.185,12573.4
2024-03-28 18:30:00,9.185,9.192,9.14,9.192,5143.1
2024-03-28 19:00:00,9.192,9.253,9.183,9.216,36527.9
2024-03-28 19:30:00,9.216,9.243,9.21,9.224,5354.1
2024-03-28 20:00:00,9.224,9.283,9.216,9.281,3826.2
2024-03-28 20:30:00,9.281,9.32,9.274,9.32,9533.9
2024-03-28 21:00:00,9.32,9.38,9.319,9.358,13015.9
2024-03-28 21:30:00,9.358,9.369,9.334,9.345,3347.9
2024-03-28 22:00:00,9.345,9.345,9.278,9.306,11087.3
2024-03-28 22:30:00,9.306,9.322,9.28,9.317,5873.4
2024-03-28 23:00:00,9.317,9.356,9.3,9.342,2863.9
2024-03-28 23:30:00,9.342,9.342,9.293,9.308,2499.4
2024-03-29 00:00:00,9.308,9.318,9.252,9.28,21629.9
2024-03-29 00:30:00,9.28,9.299,9.245,9.297,5721.4
2024-03-29 01:00:00,9.297,9.374,9.277,9.353,4644.2
2024-03-29 01:30:00,9.353,9.396,9.323,9.344,7852.3
2024-03-29 02:00:00,9.344,9.35,9.248,9.254,8434.2
2024-03-29 02:30:00,9.254,9.391,9.248,9.379,7993.5
2024-03-29 03:00:00,9.379,9.399,9.303,9.325,28642.9
2024-03-29 03:30:00,9.325,9.398,9.317,9.397,9551.9
2024-03-29 04:00:00,9.397,9.419,9.338,9.415,5264.5
2024-03-29 04:30:00,9.415,9.483,9.367,9.392,15946.9
2024-03-29 05:00:00,9.392,9.454,9.36,9.373,11285.9
2024-03-29 05:30:00,9.373,9.408,9.302,9.363,19060.2
2024-03-29 06:00:00,9.363,9.457,9.311,9.425,16046.9
2024-03-29 06:30:00,9.425,9.478,9.409,9.441,19245.1
2024-03-29 07:00:00,9.441,9.447,9.386,9.396,8428.6
2024-03-29 07:30:00,9.396,9.396,9.203,9.244,22912.7
2024-03-29 08:00:00,9.244,9.343,9.24,9.333,13013.5
2024-03-29 08:30:00,9.333,9.511,9.311,9.463,24010.8
2024-03-29 09:00:00,9.463,9.6,9.441,9.54,23534.7
2024-03-29 09:30:00,9.54,9.652,9.466,9.643,20383.9
2024-03-29 10:00:00,9.643,9.694,9.545,9.547,47139.0
2024-03-29 10:30:00,9.547,9.603,9.524,9.591,27103.6
2024-03-29 11:00:00,9.591,9.603,9.556,9.572,14294.5
2024-03-29 11:30:00,9.572,9.598,9.519,9.569,13982.4
2024-03-29 12:00:00,9.569,9.758,9.567,9.74,47280.8
2024-03-29 12:30:00,9.74,9.97,9.714,9.944,59960.3
2024-03-29 13:00:00,9.944,9.944,9.784,9.809,36121.8
2024-03-29 13:30:00,9.809,9.884,9.779,9.848,12102.5
2024-03-29 14:00:00,9.848,9.985,9.838,9.929,81707.8
2024-03-29 14:30:00,9.929,10.257,9.92,10.144,76330.1
2024-03-29 15:00:00,10.144,10.203,9.96,10.013,70699.2
2024-03-29 15:30:00,10.013,10.027,9.825,9.831,48448.2
2024-03-29 16:00:00,9.831,9.982,9.829,9.92,28266.5
2024-03-29 16:30:00,9.92,10.067,9.893,9.945,23645.9
2024-03-29 17:00:00,9.945,10.053,9.929,9.937,11498.9
2024-03-29 17:30:00,9.937,9.942,9.764,9.804,66539.6
2024-03-29 18:00:00,9.804,9.82,9.709,9.733,23687.9
2024-03-29 18:30:00,9.733,9.8,9.688,9.715,10562.6
2024-03-29 19:00:00,9.715,9.715,9.639,9.68,13185.4
2024-03-29 19:30:00,9.68,9.751,9.653,9.748,6902.9
2024-03-29 20:00:00,9.748,9.763,9.706,9.724,5610.0
2024-03-29 20:30:00,9.724,9.732,9.661,9.689,6181.7
2024-03-29 21:00:00,9.689,9.704,9.587,9.631,11013.4
2024-03-29 21:30:00,9.631,9.693,9.565,9.677,9915.3
2024-03-29 22:00:00,9.677,9.715,9.629,9.67,12725.1
2024-03-29 22:30:00,9.67,9.749,9.661,9.703,5293.9
2024-03-29 23:00:00,9.703,9.749,9.688,9.722,7988.3
2024-03-29 23:30:00,9.722,9.732,9.652,9.657,2783.1
2024-03-30 00:00:00,9.657,9.672,9.571,9.672,13388.9
2024-03-30 00:30:00,9.672,9.848,9.65,9.846,11710.8
2024-03-30 01:00:00,9.846,9.955,9.803,9.901,12207.1
2024-03-30 01:30:00,9.901,9.924,9.822,9.888,10451.8
2024-03-30 02:00:00,9.888,9.888,9.792,9.834,14974.9
2024-03-30 02:30:00,9.834,9.933,9.83,9.903,4584.4
2024-03-30 03:00:00,9.903,9.932,9.825,9.901,9510.2
2024-03-30 03:30:00,9.901,9.918,9.826,9.837,3994.2
2024-03-30 04:00:00,9.837,9.911,9.812,9.835,8584.3
2024-03-30 04:30:00,9.835,9.904,9.804,9.904,7234.4
2024-03-30 05:00:00,9.904,9.961,9.822,9.824,9337.6
2024-03-30 05:30:00,9.824,9.873,9.82,9.869,3848.7
2024-03-30 06:00:00,9.869,9.899,9.812,9.86,7364.2
2024-03-30 06:30:00,9.86,9.86,9.721,9.721,9821.9
2024-03-30 07:00:00,9.721,9.775,9.715,9.744,3477.4
2024-03-30 07:30:00,9.744,9.813,9.728,9.731,8857.7
2024-03-30 08:00:00,9.731,9.781,9.686,9.759,11505.5
2024-03-30 08:30:00,9.759,9.759,9.646,9.718,6199.5
2024-03-30 09:00:00,9.718,9.744,9.666,9.718,6079.6
2024-03-30 09:30:00,9.718,9.719,9.668,9.685,2893.3
2024-03-30 10:00:00,9.685,9.696,9.604,9.655,5289.0
2024-03-30 10:30:00,9.655,9.702,9.651,9.674,2914.5
2024-03-30 11:00:00,9.674,9.713,9.666,9.687,3791.8
2024-03-30 11:30:00,9.687,9.733,9.678,9.725,2772.1
2024-03-30 12:00:00,9.725,9.734,9.668,9.668,2860.0
2024-03-30 12:30:00,9.668,9.694,9.663,9.67,3591.1
2024-03-30 13:00:00,9.67,9.678,9.612,9.612,6492.7
2024-03-30 13:30:00,9.612,9.627,9.581,9.597,5915.4
2024-03-30 14:00:00,9.597,9.646,9.585,9.63,7755.8
2024-03-30 14:30:00,9.63,9.649,9.551,9.602,12693.9
2024-03-30 15:00:00,9.602,9.666,9.596,9.644,5605.2
2024-03-30 15:30:00,9.644,9.672,9.616,9.662,5052.5
2024-03-30 16:00:00,9.662,9.677,9.565,9.625,9207.4
2024-03-30 16:30:00,9.625,9.662,9.536,9.636,9580.8
2024-03-30 17:00:00,9.636,9.642,9.582,9.613,2264.6
2024-03-30 17:30:00,9.613,9.638,9.598,9.63,1757.7
2024-03-30 18:00:00,9.63,9.638,9.588,9.629,2652.9
2024-03-30 18:30:00,9.629,9.636,9.578,9.578,1475.0
2024-03-30 19:00:00,9.578,9.578,9.462,9.541,14009.0
2024-03-30 19:30:00,9.541,9.58,9.515,9.57,5452.3
2024-03-30 20:00:00,9.57,9.57,9.522,9.553,2290.8
2024-03-30 20:30:00,9.553,9.553,9.5,9.506,2254.9
2024-03-30 21:00:00,9.506,9.528,9.464,9.468,5794.2
2024-03-30 21:30:00,9.468,9.496,9.422,9.47,5783.0
2024-03-30 22:00:00,9.47,9.501,9.436,9.489,10287.3
2024-03-30 22:30:00,9.489,9.493,9.433,9.446,7195.4
2024-03-30 23:00:00,9.446,9.483,9.4,9.405,15704.3
2024-03-30 23:30:00,9.405,9.455,9.405,9.44,2276.1
2024-03-31 00:00:00,9.44,9.503,9.405,9.5,6583.8
2024-03-31 00:30:00,9.5,9.54,9.476,9.499,4167.7
2024-03-31 01:00:00,9.499,9.559,9.483,9.556,2239.0
2024-03-31 01:30:00,9.556,9.595,9.527,9.565,2059.4
2024-03-31 02:00:00,9.565,9.589,9.547,9.58,3760.8
2024-03-31 02:30:00,9.58,9.58,9.509,9.541,1545.3
2024-03-31 03:00:00,9.541,9.544,9.47,9.527,4579.0
2024-03-31 03:30:00,9.527,9.547,9.476,9.494,5559.1
2024-03-31 04:00:00,9.494,9.527,9.476,9.526,1513.3
2024-03-31 04:30:00,9.526,9.546,9.511,9.528,2629.3
2024-03-31 05:00:00,9.528,9.606,9.521,9.598,6635.7
2024-03-31 05:30:00,9.598,9.627,9.58,9.607,5548.1
2024-03-31 06:00:00,9.607,9.635,9.592,9.603,6123.2
2024-03-31 06:30:00,9.603,9.624,9.572,9.599,3880.9
2024-03-31 07:00:00,9.599,9.64,9.589,9.628,15220.4
2024-03-31 07:30:00,9.628,9.649,9.6,9.619,7436.1
2024-03-31 08:00:00,9.619,9.638,9.6,9.628,3781.6
2024-03-31 08:30:00,9.628,9.655,9.605,9.619,7336.5
2024-03-31 09:00:00,9.619,9.627,9.568,9.616,8530.0
2024-03-31 09:30:00,9.616,9.616,9.587,9.592,2652.1
2024-03-31 10:00:00,9.592,9.609,9.585,9.591,1408.7
2024-03-31 10:30:00,9.591,9.603,9.561,9.591,2299.9
2024-03-31 11:00:00,9.591,9.651,9.591,9.649,6043.0
2024-03-31 11:30:00,9.649,9.652,9.628,9.632,6353.5
2024-03-31 12:00:00,9.632,9.658,9.601,9.604,5545.6
2024-03-31 12:30:00,9.604,9.624,9.581,9.615,1904.9
2024-03-31 13:00:00,9.615,9.647,9.611,9.632,1905.9
2024-03-31 13:30:00,9.632,9.682,9.629,9.682,9349.8
2024-03-31 14:00:00,9.682,9.71,9.651,9.704,9476.6
2024-03-31 14:30:00,9.704,9.709,9.658,9.687,23559.8
2024-03-31 15:00:00,9.687,9.7,9.652,9.689,5798.1
2024-03-31 15:30:00,9.689,9.759,9.689,9.71,11429.9
2024-03-31 16:00:00,9.71,9.757,9.705,9.709,5361.3
2024-03-31 16:30:00,9.709,9.715,9.667,9.682,7390.3
2024-03-31 17:00:00,9.682,9.715,9.672,9.703,3473.7
2024-03-31 17:30:00,9.703,9.718,9.685,9.685,5692.2
2024-03-31 18:00:00,9.685,9.716,9.667,9.714,4208.8
2024-03-31 18:30:00,9.714,9.793,9.699,9.746,7382.7
2024-03-31 19:00:00,9.746,9.783,9.694,9.766,4851.2
2024-03-31 19:30:00,9.766,9.789,9.745,9.784,4617.2
2024-03-31 20:00:00,9.784,9.844,9.783,9.817,9344.1
2024-03-31 20:30:00,9.817,9.876,9.809,9.867,3532.6
2024-03-31 21:00:00,9.867,9.913,9.843,9.912,5866.3
2024-03-31 21:30:00,9.912,9.992,9.833,9.857,30790.3
2024-03-31 22:00:00,9.857,9.924,9.827,9.843,13462.8
2024-03-31 22:30:00,9.843,9.898,9.819,9.893,2926.2
2024-03-31 23:00:00,9.893,9.94,9.859,9.935,5924.7
2024-03-31 23:30:00,9.935,9.988,9.934,9.964,8737.5
2024-04-01 00:00:00,9.964,10.14,9.964,10.14,17219.2
2024-04-01 00:30:00,10.14,10.192,10.074,10.168,23155.3
2024-04-01 01:00:00,10.168,10.411,10.154,10.297,60901.8
2024-04-01 01:30:00,10.297,10.342,10.24,10.243,16855.6
2024-04-01 02:00:00,10.243,10.277,10.192,10.227,21118.3
2024-04-01 02:30:00,10.227,10.229,10.136,10.156,32167.7
2024-04-01 03:00:00,10.156,10.187,10.135,10.154,8129.5
2024-04-01 03:30:00,10.154,10.161,10.098,10.111,12978.3
2024-04-01 04:00:00,10.111,10.131,10.022,10.052,20024.4
2024-04-01 04:30:00,10.052,10.069,10.004,10.009,5804.5
2024-04-01 05:00:00,10.009,10.08,9.941,9.976,24020.7
2024-04-01 05:30:00,9.976,9.983,9.418,9.577,154979.6
2024-04-01 06:00:00,9.577,9.758,9.536,9.73,33178.1
2024-04-01 06:30:00,9.73,9.766,9.638,9.683,13183.1
2024-04-01 07:00:00,9.683,9.771,9.667,9.762,17188.2
2024-04-01 07:30:00,9.762,9.807,9.701,9.777,40446.4
2024-04-01 08:00:00,9.777,9.808,9.65,9.677,27509.7
2024-04-01 08:30:00,9.677,9.72,9.61,9.663,20362.8
2024-04-01 09:00:00,9.663,9.757,9.66,9.668,18079.4
2024-04-01 09:30:00,9.668,9.69,9.573,9.597,12331.0
2024-04-01 10:00:00,9.597,9.633,9.562,9.567,8717.4
2024-04-01 10:30:00,9.567,9.618,9.543,9.604,9836.6
2024-04-01 11:00:00,9.604,9.675,9.583,9.598,12987.3
2024-04-01 11:30:00,9.598,9.598,9.504,9.526,14660.9
2024-04-01 12:00:00,9.526,9.603,9.51,9.593,10727.5
2024-04-01 12:30:00,9.593,9.656,9.588,9.646,16237.2
2024-04-01 13:00:00,9.646,9.666,9.567,9.666,6603.0
2024-04-01 13:30:00,9.666,9.714,9.628,9.635,15272.6
2024-04-01 14:00:00,9.635,9.667,9.506,9.513,19188.8
2024-04-01 14:30:00,9.513,9.526,9.202,9.276,85149.7
2024-04-01 15:00:00,9.276,9.323,9.068,9.193,77933.1
2024-04-01 15:30:00,9.193,9.23,9.121,9.139,19270.5
2024-04-01 16:00:00,9.139,9.246,9.12,9.227,13177.4
2024-04-01 16:30:00,9.227,9.232,9.125,9.13,5600.9
2024-04-01 17:00:00,9.13,9.159,9.073,9.095,11013.0
2024-04-01 17:30:00,9.095,9.182,9.029,9.171,18209.5
2024-04-01 18:00:00,9.171,9.172,9.063,9.127,6731.5
2024-04-01 18:30:00,9.127,9.173,9.093,9.164,7340.1
2024-04-01 19:00:00,9.164,9.305,9.15,9.267,14964.7
2024-04-01 19:30:00,9.267,9.344,9.264,9.341,7599.1
2024-04-01 20:00:00,9.341,9.355,9.302,9.315,5677.0
2024-04-01 20:30:00,9.315,9.384,9.308,9.371,4962.9
2024-04-01 21:00:00,9.371,9.371,9.324,9.339,3197.0
2024-04-01 21:30:00,9.339,9.371,9.324,9.347,1859.1
2024-04-01 22:00:00,9.347,9.42,9.341,9.414,4029.4
2024-04-01 22:30:00,9.414,9.423,9.38,9.393,8685.0
2024-04-01 23:00:00,9.393,9.421,9.362,9.405,3732.9
2024-04-01 23:30:00,9.405,9.446,9.378,9.378,6990.5
2024-04-02 00:00:00,9.378,9.382,9.282,9.302,10261.6
2024-04-02 00:30:00,9.302,9.328,9.194,9.232,14979.7
2024-04-02 01:00:00,9.232,9.305,9.215,9.296,5184.2
2024-04-02 01:30:00,9.296,9.341,9.267,9.279,4795.5
2024-04-02 02:00:00,9.279,9.284,9.079,9.079,13206.6
2024-04-02 02:30:00,9.079,9.126,8.657,8.852,145958.6
2024-04-02 03:00:00,8.852,8.916,8.809,8.881,24184.2
2024-04-02 03:30:00,8.881,8.883,8.762,8.808,98748.5
2024-04-02 04:00:00,8.808,8.886,8.793,8.861,16446.7
2024-04-02 04:30:00,8.861,8.9,8.798,8.829,9437.0
2024-04-02 05:00:00,8.829,8.838,8.714,8.76,15481.9
2024-04-02 05:30:00,8.76,8.87,8.733,8.861,7934.1
2024-04-02 06:00:00,8.861,8.889,8.84,8.867,6595.8
2024-04-02 06:30:00,8.867,8.949,8.852,8.921,10045.7
2024-04-02 07:00:00,8.921,8.921,8.849,8.854,4726.1
2024-04-02 07:30:00,8.854,8.894,8.783,8.801,11393.1
2024-04-02 08:00:00,8.801,8.839,8.773,8.815,5638.1
2024-04-02 08:30:00,8.815,8.84,8.634,8.657,37656.1
2024-04-02 09:00:00,8.657,8.749,8.563,8.744,45367.0
2024-04-02 09:30:00,8.744,8.75,8.685,8.715,8352.4
2024-04-02 10:00:00,8.715,8.72,8.635,8.718,6112.2
2024-04-02 10:30:00,8.718,8.718,8.583,8.65,17827.4
2024-04-02 11:00:00,8.65,8.674,8.495,8.508,28830.7
2024-04-02 11:30:00,8.508,8.653,8.501,8.652,10389.9
2024-04-02 12:00:00,8.652,8.7,8.617,8.692,10168.4
2024-04-02 12:30:00,8.692,8.693,8.592,8.619,19329.0
2024-04-02 13:00:00,8.619,8.647,8.498,8.508,34380.7
2024-04-02 13:30:00,8.508,8.596,8.462,8.586,26465.0
2024-04-02 14:00:00,8.586,8.804,8.571,8.793,32900.2
2024-04-02 14:30:00,8.793,8.827,8.713,8.721,8839.2
2024-04-02 15:00:00,8.721,8.783,8.705,8.726,8099.1
2024-04-02 15:30:00,8.726,8.738,8.59,8.613,12388.3
2024-04-02 16:00:00,8.613,8.677,8.562,8.668,8187.6
2024-04-02 16:30:00,8.668,8.741,8.643,8.679,6098.1
2024-04-02 17:00:00,8.679,8.701,8.654,8.654,7952.2
2024-04-02 17:30:00,8.654,8.675,8.619,8.673,3426.2
2024-04-02 18:00:00,8.673,8.694,8.619,8.654,2243.3
2024-04-02 18:30:00,8.654,8.713,8.62,8.674,2983.3
2024-04-02 19:00:00,8.674,8.738,8.67,8.708,7633.2
2024-04-02 19:30:00,8.708,8.75,8.696,8.702,5001.2
2024-04-02 20:00:00,8.702,8.748,8.669,8.714,2205.1
2024-04-02 20:30:00,8.714,8.714,8.644,8.68,7815.0
2024-04-02 21:00:00,8.68,8.703,8.595,8.614,7549.7
2024-04-02 21:30:00,8.614,8.639,8.591,8.627,3740.5
2024-04-02 22:00:00,8.627,8.657,8.609,8.654,1889.2
2024-04-02 22:30:00,8.654,8.716,8.651,8.702,4693.3
2024-04-02 23:00:00,8.702,8.704,8.644,8.654,2204.0
2024-04-02 23:30:00,8.654,8.654,8.543,8.577,11634.7
2024-04-03 00:00:00,8.577,8.639,8.475,8.501,20443.7
2024-04-03 00:30:00,8.501,8.546,8.289,8.533,64249.2
2024-04-03 01:00:00,8.533,8.568,8.427,8.529,9301.5
2024-04-03 01:30:00,8.529,8.704,8.526,8.681,11468.3
2024-04-03 02:00:00,8.681,8.716,8.632,8.693,7666.4
2024-04-03 02:30:00,8.693,8.693,8.631,8.656,2310.7
2024-04-03 03:00:00,8.656,8.7,8.606,8.63,5236.3
2024-04-03 03:30:00,8.63,8.701,8.63,8.689,3453.4
2024-04-03 04:00:00,8.689,8.736,8.664,8.729,11692.1
2024-04-03 04:30:00,8.729,8.743,8.69,8.719,6110.7
2024-04-03 05:00:00,8.719,8.733,8.641,8.672,6835.8
2024-04-03 05:30:00,8.672,8.672,8.609,8.654,3714.1
2024-04-03 06:00:00,8.654,8.722,8.645,8.708,4761.1
2024-04-03 06:30:00,8.708,8.713,8.67,8.686,6882.1
2024-04-03 07:00:00,8.686,8.686,8.641,8.642,3752.2
2024-04-03 07:30:00,8.642,8.676,8.623,8.666,9638.6
2024-04-03 08:00:00,8.666,8.684,8.606,8.674,7480.7
2024-04-03 08:30:00,8.674,8.763,8.669,8.73,5724.7
2024-04-03 09:00:00,8.73,8.761,8.721,8.738,5321.2
2024-04-03 09:30:00,8.738,8.793,8.722,8.76,10391.7
2024-04-03 10:00:00,8.76,8.767,8.698,8.699,5498.2
2024-04-03 10:30:00,8.699,8.708,8.646,8.672,5455.2
2024-04-03 11:00:00,8.672,8.717,8.583,8.676,42474.3
2024-04-03 11:30:00,8.676,8.744,8.676,8.711,3515.5
2024-04-03 12:00:00,8.711,8.745,8.69,8.699,3225.6
2024-04-03 12:30:00,8.699,8.7,8.637,8.68,4060.1
2024-04-03 13:00:00,8.68,8.717,8.604,8.639,20451.7
2024-04-03 13:30:00,8.639,8.695,8.615,8.653,11267.4
2024-04-03 14:00:00,8.653,8.794,8.653,8.787,13119.3
2024-04-03 14:30:00,8.787,8.787,8.721,8.75,7939.7
2024-04-03 15:00:00,8.75,8.755,8.669,8.682,4411.6
2024-04-03 15:30:00,8.682,8.688,8.507,8.518,92029.0
2024-04-03 16:00:00,8.518,8.583,8.499,8.539,7508.2
2024-04-03 16:30:00,8.539,8.596,8.519,8.525,7924.1
2024-04-03 17:00:00,8.525,8.537,8.391,8.405,17552.9
2024-04-03 17:30:00,8.405,8.431,8.341,8.406,44162.4
2024-04-03 18:00:00,8.406,8.417,8.301,8.315,10560.0
2024-04-03 18:30:00,8.315,8.465,8.293,8.456,12001.6
2024-04-03 19:00:00,8.456,8.479,8.424,8.445,6777.6
2024-04-03 19:30:00,8.445,8.483,8.417,8.471,3629.3
2024-04-03 20:00:00,8.471,8.473,8.404,8.439,6145.5
2024-04-03 20:30:00,8.439,8.439,8.361,8.385,4443.8
2024-04-03 21:00:00,8.385,8.385,8.253,8.311,23258.7
2024-04-03 21:30:00,8.311,8.458,8.311,8.43,8998.5
2024-04-03 22:00:00,8.43,8.467,8.411,8.444,2813.1
2024-04-03 22:30:00,8.444,8.466,8.4,8.444,4309.2
2024-04-03 23:00:00,8.444,8.477,8.431,8.446,2588.3
2024-04-03 23:30:00,8.446,8.472,8.424,8.425,2363.1
2024-04-04 00:00:00,8.425,8.499,8.397,8.498,8295.7
2024-04-04 00:30:00,8.498,8.567,8.487,8.551,6869.7
2024-04-04 01:00:00,8.551,8.585,8.51,8.541,4599.8
2024-04-04 01:30:00,8.541,8.544,8.473,8.505,5698.9
2024-04-04 02:00:00,8.505,8.516,8.404,8.404,16061.9
2024-04-04 02:30:00,8.404,8.445,8.371,8.419,19412.8
2024-04-04 03:00:00,8.419,8.425,8.304,8.313,18821.4
2024-04-04 03:30:00,8.313,8.365,8.305,8.318,4321.7
2024-04-04 04:00:00,8.318,8.351,8.215,8.245,28273.6
2024-04-04 04:30:00,8.245,8.357,8.21,8.343,7330.0
2024-04-04 05:00:00,8.343,8.385,8.326,8.327,2306.7
2024-04-04 05:30:00,8.327,8.369,8.306,8.332,9728.4
2024-04-04 06:00:00,8.332,8.387,8.33,8.347,2557.5
2024-04-04 06:30:00,8.347,8.388,8.341,8.387,1986.5
2024-04-04 07:00:00,8.387,8.459,8.359,8.445,6778.9
2024-04-04 07:30:00,8.445,8.487,8.421,8.437,6560.9
2024-04-04 08:00:00,8.437,8.512,8.42,8.494,4881.6
2024-04-04 08:30:00,8.494,8.509,8.473,8.494,4298.6
2024-04-04 09:00:00,8.494,8.535,8.487,8.515,1912.5
2024-04-04 09:30:00,8.515,8.532,8.503,8.507,8283.2
2024-04-04 10:00:00,8.507,8.542,8.473,8.523,17653.0
2024-04-04 10:30:00,8.523,8.531,8.496,8.502,1627.5
2024-04-04 11:00:00,8.502,8.512,8.462,8.512,58023.4
2024-04-04 11:30:00,8.512,8.572,8.512,8.522,19281.7
2024-04-04 12:00:00,8.522,8.553,8.504,8.549,5140.6
2024-04-04 12:30:00,8.549,8.704,8.526,8.642,93934.5
2024-04-04 13:00:00,8.642,8.761,8.619,8.72,34050.0
2024-04-04 13:30:00,8.72,8.777,8.69,8.719,12034.9
2024-04-04 14:00:00,8.719,8.762,8.689,8.698,20369.1
2024-04-04 14:30:00,8.698,8.748,8.687,8.723,23887.2
2024-04-04 15:00:00,8.723,8.723,8.647,8.677,13548.9
2024-04-04 15:30:00,8.677,8.707,8.667,8.683,7399.3
2024-04-04 16:00:00,8.683,8.781,8.655,8.741,17074.7
2024-04-04 16:30:00,8.741,8.747,8.712,8.719,8151.3
2024-04-04 17:00:00,8.719,8.742,8.7,8.72,11788.5
2024-04-04 17:30:00,8.72,8.817,8.711,8.801,11425.8
2024-04-04 18:00:00,8.801,8.84,8.758,8.761,10632.1
2024-04-04 18:30:00,8.761,8.761,8.686,8.692,10804.7
2024-04-04 19:00:00,8.692,8.725,8.67,8.681,5617.8
2024-04-04 19:30:00,8.681,8.713,8.654,8.667,8276.3
2024-04-04 20:00:00,8.667,8.673,8.48,8.542,52692.2
2024-04-04 20:30:00,8.542,8.606,8.542,8.592,9291.5
2024-04-04 21:00:00,8.592,8.614,8.55,8.578,8170.1
2024-04-04 21:30:00,8.578,8.587,8.513,8.557,6377.3
2024-04-04 22:00:00,8.557,8.629,8.515,8.624,13210.3
2024-04-04 22:30:00,8.624,8.641,8.572,8.582,5332.0
2024-04-04 23:00:00,8.582,8.616,8.566,8.587,10497.4
2024-04-04 23:30:00,8.587,8.642,8.581,8.637,10921.7
2024-04-05 00:00:00,8.637,8.647,8.584,8.588,10829.0
2024-04-05 00:30:00,8.588,8.661,8.564,8.644,9324.6
2024-04-05 01:00:00,8.644,8.644,8.537,8.556,11972.6
2024-04-05 01:30:00,8.556,8.571,8.492,8.525,38990.4
2024-04-05 02:00:00,8.525,8.536,8.42,8.445,20388.1
2024-04-05 02:30:00,8.445,8.448,8.343,8.406,25205.3
2024-04-05 03:00:00,8.406,8.484,8.396,8.467,8752.0
2024-04-05 03:30:00,8.467,8.539,8.465,8.536,9230.3
2024-04-05 04:00:00,8.536,8.536,8.456,8.459,5647.8
2024-04-05 04:30:00,8.459,8.459,8.389,8.436,10878.2
2024-04-05 05:00:00,8.436,8.46,8.272,8.331,34227.8
2024-04-05 05:30:00,8.331,8.424,8.302,8.412,8687.2
2024-04-05 06:00:00,8.412,8.445,8.387,8.43,5447.1
2024-04-05 06:30:00,8.43,8.438,8.349,8.371,7458.4
2024-04-05 07:00:00,8.371,8.377,8.301,8.377,8542.7
2024-04-05 07:30:00,8.377,8.39,8.345,8.358,7519.4
2024-04-05 08:00:00,8.358,8.47,8.353,8.442,10381.1
2024-04-05 08:30:00,8.442,8.457,8.337,8.371,13040.1
2024-04-05 09:00:00,8.371,8.371,8.228,8.282,27486.6
2024-04-05 09:30:00,8.282,8.298,8.232,8.271,11823.0
2024-04-05 10:00:00,8.271,8.3,8.202,8.219,11848.7
2024-04-05 10:30:00,8.219,8.294,8.172,8.267,35026.3
2024-04-05 11:00:00,8.267,8.272,8.211,8.229,4924.6
2024-04-05 11:30:00,8.229,8.254,8.146,8.162,23916.8
2024-04-05 12:00:00,8.162,8.245,8.095,8.235,39607.7
2024-04-05 12:30:00,8.235,8.283,8.107,8.281,25007.4
2024-04-05 13:00:00,8.281,8.296,8.234,8.282,4243.1
2024-04-05 13:30:00,8.282,8.34,8.266,8.32,13007.8
2024-04-05 14:00:00,8.32,8.371,8.281,8.321,14740.9
2024-04-05 14:30:00,8.321,8.43,8.296,8.398,17676.1
2024-04-05 15:00:00,8.398,8.405,8.339,8.357,7971.9
2024-04-05 15:30:00,8.357,8.461,8.348,8.461,56518.7
2024-04-05 16:00:00,8.461,8.484,8.412,8.421,12267.3
2024-04-05 16:30:00,8.421,8.422,8.373,8.412,6553.7
2024-04-05 17:00:00,8.412,8.413,8.349,8.381,8652.4
2024-04-05 17:30:00,8.381,8.404,8.351,8.364,6404.1
2024-04-05 18:00:00,8.364,8.407,8.325,8.389,7320.8
2024-04-05 18:30:00,8.389,8.42,8.377,8.42,3290.6
2024-04-05 19:00:00,8.42,8.475,8.418,8.459,7609.9
2024-04-05 19:30:00,8.459,8.468,8.4,8.4,15919.6
2024-04-05 20:00:00,8.4,8.466,8.397,8.464,4338.5
2024-04-05 20:30:00,8.464,8.468,8.43,8.431,3410.5
2024-04-05 21:00:00,8.431,8.446,8.414,8.443,2539.3
2024-04-05 21:30:00,8.443,8.448,8.394,8.405,1474.4
2024-04-05 22:00:00,8.405,8.422,8.398,8.409,1955.9
2024-04-05 22:30:00,8.409,8.427,8.383,8.392,6754.7
2024-04-05 23:00:00,8.392,8.423,8.385,8.404,4340.5
2024-04-05 23:30:00,8.404,8.416,8.392,8.394,2052.2
2024-04-06 00:00:00,8.394,8.448,8.347,8.446,8995.3
2024-04-06 00:30:00,8.446,8.485,8.443,8.47,4299.0
2024-04-06 01:00:00,8.47,8.536,8.455,8.507,7117.1
2024-04-06 01:30:00,8.507,8.525,8.452,8.463,5875.6
2024-04-06 02:00:00,8.463,8.482,8.437,8.466,29151.6
2024-04-06 02:30:00,8.466,8.508,8.44,8.496,2890.6
2024-04-06 03:00:00,8.496,8.552,8.486,8.537,5067.6
2024-04-06 03:30:00,8.537,8.544,8.518,8.53,2649.3
2024-04-06 04:00:00,8.53,8.561,8.519,8.525,3078.1
2024-04-06 04:30:00,8.525,8.56,8.504,8.546,3561.5
2024-04-06 05:00:00,8.546,8.599,8.539,8.591,3802.7
2024-04-06 05:30:00,8.591,8.608,8.557,8.578,4363.8
2024-04-06 06:00:00,8.578,8.58,8.541,8.573,3191.4
2024-04-06 06:30:00,8.573,8.612,8.566,8.612,5133.0
2024-04-06 07:00:00,8.612,8.613,8.568,8.572,12016.0
2024-04-06 07:30:00,8.572,8.601,8.557,8.57,5502.4
2024-04-06 08:00:00,8.57,8.601,8.563,8.601,3235.8
2024-04-06 08:30:00,8.601,8.672,8.587,8.653,13929.3
2024-04-06 09:00:00,8.653,8.663,8.593,8.593,6590.6
2024-04-06 09:30:00,8.593,8.594,8.548,8.554,7219.6
2024-04-06 10:00:00,8.554,8.603,8.554,8.58,3574.2
2024-04-06 10:30:00,8.58,8.58,8.543,8.563,6242.6
2024-04-06 11:00:00,8.563,8.57,8.534,8.54,6602.8
2024-04-06 11:30:00,8.54,8.564,8.521,8.543,5446.8
2024-04-06 12:00:00,8.543,8.556,8.53,8.55,2947.5
2024-04-06 12:30:00,8.55,8.55,8.502,8.53,9189.3
2024-04-06 13:00:00,8.53,8.53,8.472,8.475,5119.6
2024-04-06 13:30:00,8.475,8.5,8.463,8.474,2933.7
2024-04-06 14:00:00,8.474,8.525,8.465,8.507,4355.0
2024-04-06 14:30:00,8.507,8.55,8.505,8.54,4475.5
2024-04-06 15:00:00,8.54,8.602,8.519,8.55,6691.7
2024-04-06 15:30:00,8.55,8.566,8.528,8.551,8089.0
2024-04-06 16:00:00,8.551,8.597,8.538,8.565,7748.1
2024-04-06 16:30:00,8.565,8.579,8.536,8.558,4716.7
2024-04-06 17:00:00,8.558,8.558,8.516,8.535,6684.7
2024-04-06 17:30:00,8.535,8.581,8.525,8.533,2918.1
2024-04-06 18:00:00,8.533,8.533,8.493,8.511,2108.3
2024-04-06 18:30:00,8.511,8.513,8.481,8.49,1464.7
2024-04-06 19:00:00,8.49,8.515,8.471,8.502,3301.3
2024-04-06 19:30:00,8.502,8.511,8.476,8.506,2685.4
2024-04-06 20:00:00,8.506,8.524,8.497,8.519,2223.8
2024-04-06 20:30:00,8.519,8.552,8.512,8.546,3082.6
2024-04-06 21:00:00,8.546,8.568,8.524,8.528,3916.1
2024-04-06 21:30:00,8.528,8.539,8.52,8.534,1531.7
2024-04-06 22:00:00,8.534,8.58,8.527,8.568,3085.2
2024-04-06 22:30:00,8.568,8.639,8.554,8.633,4257.6
2024-04-06 23:00:00,8.633,8.688,8.625,8.633,12754.8
2024-04-06 23:30:00,8.633,8.635,8.582,8.587,5072.0
2024-04-07 00:00:00,8.587,8.62,8.565,8.565,9397.7
2024-04-07 00:30:00,8.565,8.646,8.565,8.635,2739.6
2024-04-07 01:00:00,8.635,8.73,8.627,8.717,8786.0
2024-04-07 01:30:00,8.717,8.732,8.676,8.695,9783.7
2024-04-07 02:00:00,8.695,8.729,8.679,8.724,4234.1
2024-04-07 02:30:00,8.724,8.724,8.694,8.703,4791.1
2024-04-07 03:00:00,8.703,8.722,8.678,8.713,2963.7
2024-04-07 03:30:00,8.713,8.723,8.691,8.701,4967.4
2024-04-07 04:00:00,8.701,8.726,8.672,8.674,5145.7
2024-04-07 04:30:00,8.674,8.721,8.66,8.713,11654.7
2024-04-07 05:00:00,8.713,8.764,8.705,8.757,9076.8
2024-04-07 05:30:00,8.757,8.763,8.736,8.747,2819.9
2024-04-07 06:00:00,8.747,8.751,8.692,8.711,12690.4
2024-04-07 06:30:00,8.711,8.726,8.682,8.699,4856.2
2024-04-07 07:00:00,8.699,8.706,8.683,8.701,4919.0
2024-04-07 07:30:00,8.701,8.719,8.685,8.687,4508.5
2024-04-07 08:00:00,8.687,8.713,8.683,8.703,5656.4
2024-04-07 08:30:00,8.703,8.747,8.703,8.736,6656.7
2024-04-07 09:00:00,8.736,8.752,8.714,8.715,10603.4
2024-04-07 09:30:00,8.715,8.725,8.685,8.71,9554.5
2024-04-07 10:00:00,8.71,8.729,8.695,8.729,7446.7
2024-04-07 10:30:00,8.729,8.763,8.721,8.755,7021.2
2024-04-07 11:00:00,8.755,8.762,8.739,8.756,10757.0
2024-04-07 11:30:00,8.756,8.799,8.75,8.797,25940.3
2024-04-07 12:00:00,8.797,8.8,8.775,8.781,2590.7
2024-04-07 12:30:00,8.781,8.831,8.768,8.823,20911.9
2024-04-07 13:00:00,8.823,8.856,8.816,8.843,15606.7
2024-04-07 13:30:00,8.843,8.874,8.803,8.823,11292.2
2024-04-07 14:00:00,8.823,8.831,8.796,8.814,7817.0
2024-04-07 14:30:00,8.814,8.878,8.796,8.872,7170.4
2024-04-07 15:00:00,8.872,8.895,8.849,8.857,15029.6
2024-04-07 15:30:00,8.857,8.857,8.777,8.801,11269.2
2024-04-07 16:00:00,8.801,8.875,8.798,8.831,4874.5
2024-04-07 16:30:00,8.831,8.86,8.809,8.818,5747.6
2024-04-07 17:00:00,8.818,8.823,8.77,8.784,8071.5
2024-04-07 17:30:00,8.784,8.789,8.747,8.766,6461.7
2024-04-07 18:00:00,8.766,8.77,8.706,8.728,12413.3
2024-04-07 18:30:00,8.728,8.736,8.695,8.732,9711.1
2024-04-07 19:00:00,8.732,8.746,8.697,8.74,4547.3
2024-04-07 19:30:00,8.74,8.741,8.673,8.696,5265.0
2024-04-07 20:00:00,8.696,8.757,8.683,8.744,3470.7
2024-04-07 20:30:00,8.744,8.774,8.742,8.745,2860.5
2024-04-07 21:00:00,8.745,8.773,8.745,8.752,3597.5
2024-04-07 21:30:00,8.752,8.765,8.724,8.724,6011.5
2024-04-07 22:00:00,8.724,8.752,8.683,8.747,7673.9
2024-04-07 22:30:00,8.747,8.773,8.726,8.754,5189.6
2024-04-07 23:00:00,8.754,8.823,8.749,8.8,8769.2
2024-04-07 23:30:00,8.8,8.841,8.79,8.836,4693.8
2024-04-08 00:00:00,8.836,8.836,8.751,8.751,14653.6
2024-04-08 00:30:00,8.751,8.773,8.719,8.756,9255.4
2024-04-08 01:00:00,8.756,8.828,8.725,8.819,8672.5
2024-04-08 01:30:00,8.819,8.836,8.812,8.816,8314.8
2024-04-08 02:00:00,8.816,8.816,8.769,8.769,9849.5
2024-04-08 02:30:00,8.769,8.777,8.695,8.702,12130.5
2024-04-08 03:00:00,8.702,8.727,8.665,8.72,18810.6
2024-04-08 03:30:00,8.72,8.749,8.714,8.723,2038.2
2024-04-08 04:00:00,8.723,8.729,8.7,8.706,1100.1
2024-04-08 04:30:00,8.706,8.746,8.69,8.73,3174.3
2024-04-08 05:00:00,8.73,8.789,8.728,8.754,5094.9
2024-04-08 05:30:00,8.754,8.798,8.747,8.794,10328.8
2024-04-08 06:00:00,8.794,8.797,8.754,8.772,7088.3
2024-04-08 06:30:00,8.772,8.772,8.711,8.739,5644.8
2024-04-08 07:00:00,8.739,8.796,8.736,8.79,7956.8
2024-04-08 07:30:00,8.79,8.942,8.79,8.909,22152.6
2024-04-08 08:00:00,8.909,9.037,8.907,9.021,38042.2
2024-04-08 08:30:00,9.021,9.1,8.979,9.061,29422.7
2024-04-08 09:00:00,9.061,9.1,9.031,9.086,10538.5
2024-04-08 09:30:00,9.086,9.1,9.054,9.099,11793.4
2024-04-08 10:00:00,9.099,9.143,9.087,9.117,17042.8
2024-04-08 10:30:00,9.117,9.199,9.101,9.199,8582.8
2024-04-08 11:00:00,9.199,9.211,9.142,9.15,19038.7
2024-04-08 11:30:00,9.15,9.179,9.113,9.168,7420.3
2024-04-08 12:00:00,9.168,9.194,9.126,9.132,6426.6
2024-04-08 12:30:00,9.132,9.156,9.102,9.127,4144.1
2024-04-08 13:00:00,9.127,9.181,9.121,9.177,12782.4
2024-04-08 13:30:00,9.177,9.239,9.108,9.207,8692.9
2024-04-08 14:00:00,9.207,9.221,9.162,9.17,5826.8
2024-04-08 14:30:00,9.17,9.252,9.143,9.25,32403.5
2024-04-08 15:00:00,9.25,9.333,9.218,9.218,19123.6
2024-04-08 15:30:00,9.218,9.244,9.184,9.213,13428.0
2024-04-08 16:00:00,9.213,9.262,9.197,9.21,6430.8
2024-04-08 16:30:00,9.21,9.247,9.207,9.233,2026.3
2024-04-08 17:00:00,9.233,9.236,9.15,9.161,8733.1
2024-04-08 17:30:00,9.161,9.229,9.161,9.228,4448.1
2024-04-08 18:00:00,9.228,9.244,9.211,9.229,7064.2
2024-04-08 18:30:00,9.229,9.273,9.201,9.225,2824.6
2024-04-08 19:00:00,9.225,9.235,9.185,9.211,4208.0
2024-04-08 19:30:00,9.211,9.229,9.186,9.229,2786.8
2024-04-08 20:00:00,9.229,9.236,9.217,9.22,2422.1
2024-04-08 20:30:00,9.22,9.263,9.208,9.259,4783.3
2024-04-08 21:00:00,9.259,9.279,9.24,9.267,2602.1
2024-04-08 21:30:00,9.267,9.311,9.247,9.296,4221.6
2024-04-08 22:00:00,9.296,9.308,9.279,9.308,3349.4
2024-04-08 22:30:00,9.308,9.333,9.278,9.322,6054.3
2024-04-08 23:00:00,9.322,9.353,9.293,9.338,5803.4
2024-04-08 23:30:00,9.338,9.344,9.307,9.312,2896.7
2024-04-09 00:00:00,9.312,9.343,9.231,9.246,12174.7
2024-04-09 00:30:00,9.246,9.29,9.187,9.218,12194.5
2024-04-09 01:00:00,9.218,9.218,9.13,9.21,13588.0
2024-04-09 01:30:00,9.21,9.211,9.167,9.181,2904.2
2024-04-09 02:00:00,9.181,9.247,9.166,9.232,5620.7
2024-04-09 02:30:00,9.232,9.248,9.196,9.209,4652.3
2024-04-09 03:00:00,9.209,9.225,9.171,9.177,3645.1
2024-04-09 03:30:00,9.177,9.177,9.112,9.147,8297.4
2024-04-09 04:00:00,9.147,9.186,9.123,9.183,3559.3
2024-04-09 04:30:00,9.183,9.205,9.163,9.193,2828.7
2024-04-09 05:00:00,9.193,9.206,9.138,9.162,6350.4
2024-04-09 05:30:00,9.162,9.171,9.104,9.152,10963.5
2024-04-09 06:00:00,9.152,9.174,9.097,9.106,11243.2
2024-04-09 06:30:00,9.106,9.121,9.01,9.031,20395.1
2024-04-09 07:00:00,9.031,9.081,8.987,8.991,12743.7
2024-04-09 07:30:00,8.991,9.02,8.922,8.958,15591.9
2024-04-09 08:00:00,8.958,8.958,8.79,8.935,46897.6
2024-04-09 08:30:00,8.935,9.004,8.906,8.981,11701.3
2024-04-09 09:00:00,8.981,9.009,8.977,8.995,7039.6
2024-04-09 09:30:00,8.995,9.011,8.963,8.993,8059.8
2024-04-09 10:00:00,8.993,9.03,8.962,9.027,7400.0
2024-04-09 10:30:00,9.027,9.131,9.021,9.095,15893.9
2024-04-09 11:00:00,9.095,9.174,9.091,9.108,7944.8
2024-04-09 11:30:00,9.108,9.189,9.101,9.188,24303.9
2024-04-09 12:00:00,9.188,9.211,9.115,9.143,17552.9
2024-04-09 12:30:00,9.143,9.25,9.127,9.222,14371.8
2024-04-09 13:00:00,9.222,9.246,9.106,9.143,5685.8
2024-04-09 13:30:00,9.143,9.18,9.022,9.022,12966.0
2024-04-09 14:00:00,9.022,9.135,8.984,9.037,25449.1
2024-04-09 14:30:00,9.037,9.037,8.77,8.872,58378.0
2024-04-09 15:00:00,8.872,8.88,8.739,8.81,20983.6
2024-04-09 15:30:00,8.81,8.878,8.802,8.878,32515.8
2024-04-09 16:00:00,8.878,8.905,8.809,8.876,9468.5
2024-04-09 16:30:00,8.876,8.876,8.742,8.751,17223.6
2024-04-09 17:00:00,8.751,8.792,8.653,8.754,67032.4
2024-04-09 17:30:00,8.754,8.791,8.732,8.767,2880.9
2024-04-09 18:00:00,8.767,8.784,8.74,8.749,3815.3
2024-04-09 18:30:00,8.749,8.749,8.707,8.719,6278.2
2024-04-09 19:00:00,8.719,8.778,8.682,8.773,5062.7
2024-04-09 19:30:00,8.773,8.782,8.746,8.771,3295.9
2024-04-09 20:00:00,8.771,8.808,8.755,8.794,3862.2
2024-04-09 20:30:00,8.794,8.808,8.778,8.797,2135.9
2024-04-09 21:00:00,8.797,8.797,8.701,8.712,17694.9
2024-04-09 21:30:00,8.712,8.746,8.712,8.738,12193.6
2024-04-09 22:00:00,8.738,8.744,8.674,8.722,4740.3
2024-04-09 22:30:00,8.722,8.788,8.722,8.774,7003.5
2024-04-09 23:00:00,8.774,8.774,8.618,8.635,16727.3
2024-04-09 23:30:00,8.635,8.682,8.603,8.662,20468.3
2024-04-10 00:00:00,8.662,8.72,8.61,8.712,6622.3
2024-04-10 00:30:00,8.712,8.712,8.634,8.645,6783.0
2024-04-10 01:00:00,8.645,8.645,8.476,8.515,25312.2
2024-04-10 01:30:00,8.515,8.59,8.443,8.587,19695.9
2024-04-10 02:00:00,8.587,8.653,8.53,8.539,11243.8
2024-04-10 02:30:00,8.539,8.542,8.364,8.392,25376.4
2024-04-10 03:00:00,8.392,8.463,8.361,8.434,20162.9
2024-04-10 03:30:00,8.434,8.529,8.434,8.519,4202.0
2024-04-10 04:00:00,8.519,8.57,8.493,8.555,5226.1
2024-04-10 04:30:00,8.555,8.561,8.522,8.55,5136.0
2024-04-10 05:00:00,8.55,8.598,8.543,8.596,7087.2
2024-04-10 05:30:00,8.596,8.604,8.552,8.568,13530.7
2024-04-10 06:00:00,8.568,8.641,8.551,8.637,4996.0
2024-04-10 06:30:00,8.637,8.637,8.58,8.581,8164.8
2024-04-10 07:00:00,8.581,8.605,8.567,8.582,6138.0
2024-04-10 07:30:00,8.582,8.62,8.577,8.584,3612.8
2024-04-10 08:00:00,8.584,8.593,8.497,8.567,10152.9
2024-04-10 08:30:00,8.567,8.581,8.539,8.551,4845.9
2024-04-10 09:00:00,8.551,8.57,8.51,8.544,3980.3
2024-04-10 09:30:00,8.544,8.544,8.457,8.515,10549.3
2024-04-10 10:00:00,8.515,8.524,8.403,8.428,34120.7
2024-04-10 10:30:00,8.428,8.526,8.385,8.499,18038.0
2024-04-10 11:00:00,8.499,8.534,8.466,8.528,20436.2
2024-04-10 11:30:00,8.528,8.547,8.508,8.531,8835.5
2024-04-10 12:00:00,8.531,8.541,8.424,8.509,9598.9
2024-04-10 12:30:00,8.509,8.509,8.19,8.328,63519.2
2024-04-10 13:00:00,8.328,8.328,8.232,8.257,17724.8
2024-04-10 13:30:00,8.257,8.349,8.239,8.331,10938.3
2024-04-10 14:00:00,8.331,8.414,8.275,8.386,4968.1
2024-04-10 14:30:00,8.386,8.458,8.348,8.419,14635.4
2024-04-10 15:00:00,8.419,8.432,8.345,8.399,4373.4
2024-04-10 15:30:00,8.399,8.433,8.378,8.396,6093.3
2024-04-10 16:00:00,8.396,8.43,8.342,8.396,5993.8
2024-04-10 16:30:00,8.396,8.52,8.373,8.517,9978.5
2024-04-10 17:00:00,8.517,8.56,8.474,8.523,4005.6
2024-04-10 17:30:00,8.523,8.531,8.469,8.472,4314.6
2024-04-10 18:00:00,8.472,8.472,8.39,8.393,10956.2
2024-04-10 18:30:00,8.393,8.416,8.346,8.383,7404.6
2024-04-10 19:00:00,8.383,8.425,8.365,8.416,2495.8
2024-04-10 19:30:00,8.416,8.451,8.393,8.443,3102.7
2024-04-10 20:00:00,8.443,8.504,8.415,8.471,5384.7
2024-04-10 20:30:00,8.471,8.471,8.401,8.411,2757.7
2024-04-10 21:00:00,8.411,8.416,8.367,8.37,3996.9
2024-04-10 21:30:00,8.37,8.426,8.366,8.421,3282.7
2024-04-10 22:00:00,8.421,8.533,8.421,8.505,15505.4
2024-04-10 22:30:00,8.505,8.514,8.462,8.466,11463.7
2024-04-10 23:00:00,8.466,8.495,8.459,8.48,3377.9
2024-04-10 23:30:00,8.48,8.512,8.471,8.497,16589.3
2024-04-11 00:00:00,8.497,8.5,8.426,8.467,8484.2
2024-04-11 00:30:00,8.467,8.537,8.463,8.532,7383.0
2024-04-11 01:00:00,8.532,8.533,8.451,8.451,5303.0
2024-04-11 01:30:00,8.451,8.479,8.417,8.435,7093.5
2024-04-11 02:00:00,8.435,8.497,8.419,8.476,7892.9
2024-04-11 02:30:00,8.476,8.566,8.474,8.538,13091.1
2024-04-11 03:00:00,8.538,8.557,8.488,8.53,8931.9
2024-04-11 03:30:00,8.53,8.57,8.514,8.54,10181.6
2024-04-11 04:00:00,8.54,8.552,8.477,8.49,9758.7
2024-04-11 04:30:00,8.49,8.521,8.467,8.51,4035.5
2024-04-11 05:00:00,8.51,8.529,8.501,8.509,5061.0
2024-04-11 05:30:00,8.509,8.534,8.5,8.52,8319.5
2024-04-11 06:00:00,8.52,8.551,8.478,8.478,6178.6
2024-04-11 06:30:00,8.478,8.544,8.478,8.544,2629.2
2024-04-11 07:00:00,8.544,8.606,8.53,8.568,16722.6
2024-04-11 07:30:00,8.568,8.585,8.542,8.544,9121.1
2024-04-11 08:00:00,8.544,8.575,8.522,8.562,2877.1
2024-04-11 08:30:00,8.562,8.593,8.547,8.563,5574.9
2024-04-11 09:00:00,8.563,8.565,8.454,8.471,15892.1
2024-04-11 09:30:00,8.471,8.471,8.357,8.369,42751.0
2024-04-11 10:00:00,8.369,8.404,8.335,8.371,8123.6
2024-04-11 10:30:00,8.371,8.378,8.286,8.3,18359.0
2024-04-11 11:00:00,8.3,8.301,8.217,8.26,29675.5
2024-04-11 11:30:00,8.26,8.26,8.122,8.157,46195.1
2024-04-11 12:00:00,8.157,8.205,8.127,8.152,16458.4
2024-04-11 12:30:00,8.152,8.269,8.152,8.216,11460.2
2024-04-11 13:00:00,8.216,8.263,8.193,8.216,12245.2
2024-04-11 13:30:00,8.216,8.265,8.044,8.129,51209.9
2024-04-11 14:00:00,8.129,8.139,8.017,8.04,27600.6
2024-04-11 14:30:00,8.04,8.114,8.012,8.066,19128.7
2024-04-11 15:00:00,8.066,8.136,8.054,8.087,19621.8
2024-04-11 15:30:00,8.087,8.113,8.057,8.106,18952.6
2024-04-11 16:00:00,8.106,8.132,8.023,8.036,7860.6
2024-04-11 16:30:00,8.036,8.091,7.976,8.082,47993.3
2024-04-11 17:00:00,8.082,8.158,8.079,8.14,6436.5
2024-04-11 17:30:00,8.14,8.14,8.079,8.088,7249.6
2024-04-11 18:00:00,8.088,8.094,8.0,8.003,30540.2
2024-04-11 18:30:00,8.003,8.039,7.968,8.009,15555.9
2024-04-11 19:00:00,8.009,8.036,7.961,8.023,21354.3
2024-04-11 19:30:00,8.023,8.064,8.008,8.039,6200.5
2024-04-11 20:00:00,8.039,8.106,8.03,8.087,5206.5
2024-04-11 20:30:00,8.087,8.102,8.063,8.096,4014.1
2024-04-11 21:00:00,8.096,8.096,8.033,8.033,6532.8
2024-04-11 21:30:00,8.033,8.055,8.018,8.038,3556.7
2024-04-11 22:00:00,8.038,8.07,8.015,8.068,17416.2
2024-04-11 22:30:00,8.068,8.068,8.025,8.052,18417.6
2024-04-11 23:00:00,8.052,8.073,7.994,8.023,4853.9
2024-04-11 23:30:00,8.023,8.063,8.022,8.055,10956.1
2024-04-12 00:00:00,8.055,8.118,8.046,8.113,16104.4
2024-04-12 00:30:00,8.113,8.139,8.105,8.139,3373.4
2024-04-12 01:00:00,8.139,8.145,8.087,8.099,2084.7
2024-04-12 01:30:00,8.099,8.114,8.085,8.104,1865.0
2024-04-12 02:00:00,8.104,8.186,8.093,8.171,13208.2
2024-04-12 02:30:00,8.171,8.173,8.136,8.143,6039.2
2024-04-12 03:00:00,8.143,8.183,8.143,8.18,16182.9
2024-04-12 03:30:00,8.18,8.188,8.157,8.187,4728.3
2024-04-12 04:00:00,8.187,8.191,8.167,8.19,4583.1
2024-04-12 04:30:00,8.19,8.222,8.19,8.198,18566.1
2024-04-12 05:00:00,8.198,8.205,8.164,8.179,9150.3
2024-04-12 05:30:00,8.179,8.195,8.162,8.18,7059.5
2024-04-12 06:00:00,8.18,8.181,8.116,8.131,8614.9
2024-04-12 06:30:00,8.131,8.15,8.119,8.143,5194.0
2024-04-12 07:00:00,8.143,8.149,8.106,8.121,4930.5
2024-04-12 07:30:00,8.121,8.121,8.053,8.084,13240.6
2024-04-12 08:00:00,8.084,8.118,8.075,8.089,8858.7
2024-04-12 08:30:00,8.089,8.102,8.05,8.088,9618.9
2024-04-12 09:00:00,8.088,8.106,8.061,8.075,5157.4
2024-04-12 09:30:00,8.075,8.089,8.044,8.077,7250.1
2024-04-12 10:00:00,8.077,8.077,8.045,8.06,7674.1
2024-04-12 10:30:00,8.06,8.115,8.049,8.106,4339.5
2024-04-12 11:00:00,8.106,8.147,8.1,8.121,8961.3
2024-04-12 11:30:00,8.121,8.156,8.109,8.129,7613.2
2024-04-12 12:00:00,8.129,8.132,8.069,8.092,7384.5
2024-04-12 12:30:00,8.092,8.092,7.992,8.033,21996.2
2024-04-12 13:00:00,8.033,8.033,7.831,7.878,56861.4
2024-04-12 13:30:00,7.878,7.914,7.798,7.866,44552.8
2024-04-12 14:00:00,7.866,7.911,7.84,7.881,15441.0
2024-04-12 14:30:00,7.881,7.908,7.822,7.834,27734.4
2024-04-12 15:00:00,7.834,7.854,7.781,7.847,37296.8
2024-04-12 15:30:00,7.847,7.853,7.792,7.811,9816.7
2024-04-12 16:00:00,7.811,7.86,7.682,7.759,92379.8
2024-04-12 16:30:00,7.759,7.809,7.751,7.768,30816.9
2024-04-12 17:00:00,7.768,7.771,7.003,7.241,395690.2
2024-04-12 17:30:00,7.241,7.369,7.188,7.288,90379.5
2024-04-12 18:00:00,7.288,7.33,7.13,7.179,31416.1
2024-04-12 18:30:00,7.179,7.19,5.213,6.26,1007476.5
2024-04-12 19:00:00,6.26,6.47,6.192,6.357,137630.0
2024-04-12 19:30:00,6.357,6.436,6.261,6.357,133500.9
2024-04-12 20:00:00,6.357,6.49,6.333,6.456,45413.5
2024-04-12 20:30:00,6.456,6.471,6.373,6.462,17361.3
2024-04-12 21:00:00,6.462,6.559,6.393,6.552,22311.2
2024-04-12 21:30:00,6.552,6.577,6.526,6.577,11379.2
2024-04-12 22:00:00,6.577,6.603,6.504,6.512,39362.1
2024-04-12 22:30:00,6.512,6.543,6.46,6.543,21099.2
2024-04-12 23:00:00,6.543,6.602,6.488,6.558,25715.9
2024-04-12 23:30:00,6.558,6.65,6.549,6.605,21195.5
2024-04-13 00:00:00,6.605,6.606,6.551,6.591,7266.5
2024-04-13 00:30:00,6.591,6.595,6.51,6.548,13376.1
2024-04-13 01:00:00,6.548,6.548,6.465,6.476,9885.0
2024-04-13 01:30:00,6.476,6.477,6.322,6.341,45864.0
2024-04-13 02:00:00,6.341,6.47,6.341,6.47,9415.0
2024-04-13 02:30:00,6.47,6.482,6.424,6.456,12384.5
2024-04-13 03:00:00,6.456,6.53,6.431,6.53,4834.6
2024-04-13 03:30:00,6.53,6.598,6.516,6.547,11600.5
2024-04-13 04:00:00,6.547,6.584,6.513,6.584,7518.7
2024-04-13 04:30:00,6.584,6.718,6.556,6.641,72867.2
2024-04-13 05:00:00,6.641,6.677,6.631,6.642,11395.7
2024-04-13 05:30:00,6.642,6.642,6.583,6.583,10640.5
2024-04-13 06:00:00,6.583,6.658,6.58,6.658,6789.6
2024-04-13 06:30:00,6.658,6.707,6.645,6.687,12507.5
2024-04-13 07:00:00,6.687,6.724,6.639,6.656,16681.0
2024-04-13 07:30:00,6.656,6.688,6.614,6.646,7845.8
2024-04-13 08:00:00,6.646,6.662,6.596,6.661,17486.9
2024-04-13 08:30:00,6.661,6.661,6.595,6.597,2855.9
2024-04-13 09:00:00,6.597,6.645,6.584,6.621,5904.7
2024-04-13 09:30:00,6.621,6.665,6.605,6.606,2631.1
2024-04-13 10:00:00,6.606,6.629,6.584,6.61,3605.0
2024-04-13 10:30:00,6.61,6.656,6.61,6.637,2513.9
2024-04-13 11:00:00,6.637,6.71,6.629,6.636,13066.1
2024-04-13 11:30:00,6.636,6.657,6.572,6.587,24422.6
2024-04-13 12:00:00,6.587,6.605,6.551,6.592,7835.9
2024-04-13 12:30:00,6.592,6.697,6.592,6.634,7361.9
2024-04-13 13:00:00,6.634,6.693,6.63,6.666,15798.2
2024-04-13 13:30:00,6.666,6.67,6.618,6.64,6137.3
2024-04-13 14:00:00,6.64,6.669,6.612,6.65,5274.2
2024-04-13 14:30:00,6.65,6.65,6.563,6.593,6904.7
2024-04-13 15:00:00,6.593,6.698,6.562,6.698,48937.7
2024-04-13 15:30:00,6.698,6.698,6.583,6.588,9692.6
2024-04-13 16:00:00,6.588,6.607,6.392,6.429,81321.6
2024-04-13 16:30:00,6.429,6.486,6.301,6.335,20073.9
2024-04-13 17:00:00,6.335,6.337,6.045,6.091,83331.9
2024-04-13 17:30:00,6.091,6.157,5.906,5.998,44575.8
2024-04-13 18:00:00,5.998,6.113,5.921,6.047,30032.3
2024-04-13 18:30:00,6.047,6.162,5.979,6.156,20157.1
2024-04-13 19:00:00,6.156,6.168,6.039,6.049,7601.7
2024-04-13 19:30:00,6.049,6.096,5.46,5.673,126080.6
2024-04-13 20:00:00,5.673,5.714,4.953,5.237,212985.4
2024-04-13 20:30:00,5.237,5.439,5.144,5.183,50142.2
2024-04-13 21:00:00,5.183,5.344,4.984,4.992,56043.2
2024-04-13 21:30:00,4.992,5.43,4.992,5.43,31754.3
2024-04-13 22:00:00,5.43,5.598,5.343,5.596,45532.7
2024-04-13 22:30:00,5.596,5.74,5.583,5.69,29247.1
2024-04-13 23:00:00,5.69,5.776,5.677,5.697,48112.8
2024-04-13 23:30:00,5.697,5.793,5.697,5.721,13904.5
2024-04-14 00:00:00,5.721,5.73,5.481,5.597,35680.7
2024-04-14 00:30:00,5.597,5.674,5.535,5.562,44211.4
2024-04-14 01:00:00,5.562,5.618,5.486,5.598,114863.5
2024-04-14 01:30:00,5.598,5.716,5.584,5.662,80339.8
2024-04-14 02:00:00,5.662,5.697,5.579,5.588,18789.4
2024-04-14 02:30:00,5.588,5.652,5.567,5.634,8734.1
2024-04-14 03:00:00,5.634,5.642,5.457,5.547,29744.4
2024-04-14 03:30:00,5.547,5.655,5.543,5.645,8700.0
2024-04-14 04:00:00,5.645,5.751,5.597,5.746,12306.5
2024-04-14 04:30:00,5.746,5.817,5.708,5.777,14796.8
2024-04-14 05:00:00,5.777,5.863,5.758,5.858,24344.3
2024-04-14 05:30:00,5.858,5.922,5.83,5.886,94242.1
2024-04-14 06:00:00,5.886,5.964,5.834,5.951,15347.1
2024-04-14 06:30:00,5.951,6.055,5.941,6.014,98816.3
2024-04-14 07:00:00,6.014,6.045,5.958,5.966,7969.3
2024-04-14 07:30:00,5.966,6.075,5.966,6.054,24033.3
2024-04-14 08:00:00,6.054,6.14,6.024,6.137,20937.0
2024-04-14 08:30:00,6.137,6.14,6.039,6.06,20690.6
2024-04-14 09:00:00,6.06,6.084,6.007,6.027,13334.9
2024-04-14 09:30:00,6.027,6.036,5.936,5.972,15547.5
2024-04-14 10:00:00,5.972,6.034,5.969,6.007,7452.9
2024-04-14 10:30:00,6.007,6.053,6.007,6.022,5367.1
2024-04-14 11:00:00,6.022,6.036,5.875,5.905,22425.4
2024-04-14 11:30:00,5.905,5.925,5.837,5.869,18683.0
2024-04-14 12:00:00,5.869,5.926,5.85,5.884,16693.4
2024-04-14 12:30:00,5.884,5.977,5.865,5.936,14156.9
2024-04-14 13:00:00,5.936,5.969,5.894,5.912,10324.2
2024-04-14 13:30:00,5.912,5.924,5.788,5.796,15860.3
2024-04-14 14:00:00,5.796,5.803,5.694,5.751,16216.6
2024-04-14 14:30:00,5.751,5.862,5.721,5.799,15420.3
2024-04-14 15:00:00,5.799,5.93,5.793,5.913,18614.0
2024-04-14 15:30:00,5.913,5.93,5.838,5.888,45802.7
2024-04-14 16:00:00,5.888,6.084,5.869,6.049,49298.2
2024-04-14 16:30:00,6.049,6.096,5.985,5.99,13062.0
2024-04-14 17:00:00,5.99,6.057,5.724,5.797,23912.4
2024-04-14 17:30:00,5.797,6.003,5.797,5.94,11522.6
2024-04-14 18:00:00,5.94,6.083,5.916,5.994,7084.0
2024-04-14 18:30:00,5.994,6.071,5.989,6.007,8388.5
2024-04-14 19:00:00,6.007,6.037,5.931,5.94,4814.3
2024-04-14 19:30:00,5.94,5.978,5.898,5.912,5499.2
2024-04-14 20:00:00,5.912,5.959,5.831,5.855,13259.3
2024-04-14 20:30:00,5.855,5.878,5.764,5.786,8786.0
2024-04-14 21:00:00,5.786,5.855,5.763,5.788,24342.7
2024-04-14 21:30:00,5.788,5.832,5.763,5.829,25137.9
2024-04-14 22:00:00,5.829,6.124,5.829,6.102,24057.5
2024-04-14 22:30:00,6.102,6.167,6.069,6.151,13726.8
2024-04-14 23:00:00,6.151,6.238,6.132,6.22,13323.0
2024-04-14 23:30:00,6.22,6.227,6.135,6.149,8361.9
2024-04-15 00:00:00,6.149,6.149,6.08,6.094,9870.5
2024-04-15 00:30:00,6.094,6.158,6.042,6.067,5166.9
2024-04-15 01:00:00,6.067,6.107,6.007,6.107,8915.9
2024-04-15 01:30:00,6.107,6.128,6.059,6.104,10241.6
2024-04-15 02:00:00,6.104,6.112,6.054,6.07,4720.9
2024-04-15 02:30:00,6.07,6.075,6.001,6.038,1936.7
2024-04-15 03:00:00,6.038,6.085,6.018,6.055,3983.2
2024-04-15 03:30:00,6.055,6.087,6.04,6.05,3890.9
2024-04-15 04:00:00,6.05,6.061,5.959,5.987,15393.9
2024-04-15 04:30:00,5.987,6.084,5.945,6.05,22991.1
2024-04-15 05:00:00,6.05,6.124,6.048,6.108,4621.0
2024-04-15 05:30:00,6.108,6.207,6.104,6.196,28294.3
2024-04-15 06:00:00,6.196,6.392,6.161,6.375,29534.4
2024-04-15 06:30:00,6.375,6.533,6.351,6.475,28536.7
2024-04-15 07:00:00,6.475,6.507,6.389,6.412,10845.8
2024-04-15 07:30:00,6.412,6.446,6.393,6.414,10329.6
2024-04-15 08:00:00,6.414,6.451,6.371,6.432,5242.5
2024-04-15 08:30:00,6.432,6.443,6.353,6.367,12096.4
2024-04-15 09:00:00,6.367,6.402,6.317,6.384,6907.7
2024-04-15 09:30:00,6.384,6.422,6.354,6.375,3750.6
2024-04-15 10:00:00,6.375,6.427,6.362,6.412,3544.1
2024-04-15 10:30:00,6.412,6.472,6.412,6.445,3646.5
2024-04-15 11:00:00,6.445,6.464,6.357,6.383,8219.1
2024-04-15 11:30:00,6.383,6.383,6.296,6.307,9586.8
2024-04-15 12:00:00,6.307,6.363,6.284,6.313,4536.6
2024-04-15 12:30:00,6.313,6.345,6.304,6.333,5920.2
2024-04-15 13:00:00,6.333,6.396,6.317,6.368,9719.5
2024-04-15 13:30:00,6.368,6.387,6.246,6.277,23849.5
2024-04-15 14:00:00,6.277,6.323,6.205,6.235,18841.9
2024-04-15 14:30:00,6.235,6.271,6.036,6.042,28961.9
2024-04-15 15:00:00,6.042,6.13,5.968,6.115,23117.9
2024-04-15 15:30:00,6.115,6.131,6.037,6.116,9901.8
2024-04-15 16:00:00,6.116,6.157,6.006,6.034,64661.1
2024-04-15 16:30:00,6.034,6.092,5.987,6.001,22651.9
2024-04-15 17:00:00,6.001,6.109,5.895,5.895,22791.8
2024-04-15 17:30:00,5.895,5.961,5.848,5.931,14808.9
2024-04-15 18:00:00,5.931,5.965,5.791,5.848,19108.4
2024-04-15 18:30:00,5.848,5.871,5.75,5.751,22071.2
2024-04-15 19:00:00,5.751,5.922,5.685,5.897,52191.8
2024-04-15 19:30:00,5.897,5.965,5.882,5.915,13158.8
2024-04-15 20:00:00,5.915,5.969,5.852,5.875,13040.9
2024-04-15 20:30:00,5.875,5.897,5.83,5.843,4719.0
2024-04-15 21:00:00,5.843,5.894,5.794,5.849,5187.2
2024-04-15 21:30:00,5.849,5.954,5.823,5.946,5080.5
2024-04-15 22:00:00,5.946,5.946,5.895,5.941,2260.2
2024-04-15 22:30:00,5.941,6.02,5.93,6.019,14444.2
2024-04-15 23:00:00,6.019,6.027,5.972,5.98,11129.8
2024-04-15 23:30:00,5.98,6.022,5.969,6.001,10954.3
2024-04-16 00:00:00,6.001,6.007,5.903,5.919,6192.9
2024-04-16 00:30:00,5.919,5.943,5.853,5.919,12921.4
2024-04-16 01:00:00,5.919,6.041,5.886,6.027,7016.2
2024-04-16 01:30:00,6.027,6.055,5.919,5.934,6139.6
2024-04-16 02:00:00,5.934,5.95,5.873,5.874,6445.5
2024-04-16 02:30:00,5.874,5.984,5.873,5.966,3232.8
2024-04-16 03:00:00,5.966,6.0,5.916,5.916,10239.6
2024-04-16 03:30:00,5.916,5.926,5.83,5.882,3708.6
2024-04-16 04:00:00,5.882,5.927,5.821,5.84,7220.5
2024-04-16 04:30:00,5.84,5.861,5.709,5.798,44744.4
2024-04-16 05:00:00,5.798,5.911,5.777,5.9,3686.1
2024-04-16 05:30:00,5.9,5.961,5.877,5.927,8456.3
2024-04-16 06:00:00,5.927,5.977,5.903,5.97,8431.7
2024-04-16 06:30:00,5.97,6.033,5.945,6.002,8293.3
2024-04-16 07:00:00,6.002,6.026,5.982,6.011,4348.0
2024-04-16 07:30:00,6.011,6.068,5.987,6.023,8043.9
2024-04-16 08:00:00,6.023,6.029,5.987,6.009,10003.1
2024-04-16 08:30:00,6.009,6.043,5.986,6.015,8403.3
2024-04-16 09:00:00,6.015,6.076,6.015,6.069,3724.9
2024-04-16 09:30:00,6.069,6.07,5.998,6.017,9799.6
2024-04-16 10:00:00,6.017,6.039,5.82,5.833,26988.2
2024-04-16 10:30:00,5.833,5.949,5.784,5.942,17928.4
2024-04-16 11:00:00,5.942,5.993,5.906,5.968,6102.9
2024-04-16 11:30:00,5.968,6.081,5.944,6.048,7223.6
2024-04-16 12:00:00,6.048,6.05,5.979,6.033,5619.0
2024-04-16 12:30:00,6.033,6.037,5.937,5.963,7961.6
2024-04-16 13:00:00,5.963,5.979,5.886,5.961,9951.1
2024-04-16 13:30:00,5.961,5.969,5.794,5.888,12235.0
2024-04-16 14:00:00,5.888,5.975,5.837,5.889,13986.0
2024-04-16 14:30:00,5.889,5.903,5.803,5.813,31944.8
2024-04-16 15:00:00,5.813,5.856,5.767,5.819,16954.5
2024-04-16 15:30:00,5.819,5.823,5.709,5.745,20660.5
2024-04-16 16:00:00,5.745,5.796,5.693,5.736,31138.6
2024-04-16 16:30:00,5.736,5.89,5.729,5.885,20768.1
2024-04-16 17:00:00,5.885,5.987,5.845,5.977,17261.8
2024-04-16 17:30:00,5.977,5.977,5.875,5.898,10411.7
2024-04-16 18:00:00,5.898,5.976,5.865,5.916,4484.7
2024-04-16 18:30:00,5.916,6.005,5.913,5.989,31501.2
2024-04-16 19:00:00,5.989,6.021,5.961,5.992,11676.3
2024-04-16 19:30:00,5.992,5.992,5.93,5.958,12573.5
2024-04-16 20:00:00,5.958,6.018,5.945,6.015,3097.3
2024-04-16 20:30:00,6.015,6.024,5.983,6.017,5649.2
2024-04-16 21:00:00,6.017,6.113,6.007,6.088,19491.2
2024-04-16 21:30:00,6.088,6.124,6.067,6.088,11066.3
2024-04-16 22:00:00,6.088,6.098,6.037,6.056,5936.0
2024-04-16 22:30:00,6.056,6.101,6.052,6.098,9012.1
2024-04-16 23:00:00,6.098,6.104,6.059,6.079,3306.7
2024-04-16 23:30:00,6.079,6.082,6.05,6.067,2917.1
2024-04-17 00:00:00,6.067,6.071,6.002,6.014,5078.4
2024-04-17 00:30:00,6.014,6.09,5.988,6.057,5058.5
2024-04-17 01:00:00,6.057,6.057,5.959,6.009,6724.7
2024-04-17 01:30:00,6.009,6.059,5.975,6.035,4152.9
2024-04-17 02:00:00,6.035,6.057,5.964,5.976,4099.0
2024-04-17 02:30:00,5.976,6.006,5.949,5.99,3425.8
2024-04-17 03:00:00,5.99,6.031,5.978,5.998,5375.2
2024-04-17 03:30:00,5.998,6.01,5.959,6.003,2042.5
2024-04-17 04:00:00,6.003,6.025,5.971,5.998,3461.7
2024-04-17 04:30:00,5.998,6.097,5.998,6.075,3207.3
2024-04-17 05:00:00,6.075,6.102,6.049,6.055,2920.2
2024-04-17 05:30:00,6.055,6.074,5.992,6.013,1714.7
2024-04-17 06:00:00,6.013,6.016,5.984,6.007,3121.6
2024-04-17 06:30:00,6.007,6.039,6.0,6.02,4170.3
2024-04-17 07:00:00,6.02,6.033,5.946,6.016,15315.9
2024-04-17 07:30:00,6.016,6.026,5.982,6.013,8162.1
2024-04-17 08:00:00,6.013,6.04,5.985,6.031,3233.4
2024-04-17 08:30:00,6.031,6.032,5.961,5.991,2055.3
2024-04-17 09:00:00,5.991,6.031,5.985,6.028,3737.5
2024-04-17 09:30:00,6.028,6.035,5.99,6.009,3402.3
2024-04-17 10:00:00,6.009,6.011,5.944,5.987,8566.9
2024-04-17 10:30:00,5.987,6.004,5.918,5.932,10601.8
2024-04-17 11:00:00,5.932,5.954,5.917,5.921,1738.8
2024-04-17 11:30:00,5.921,5.926,5.838,5.85,9821.0
2024-04-17 12:00:00,5.85,5.877,5.831,5.841,3461.5
2024-04-17 12:30:00,5.841,5.855,5.784,5.835,9922.2
2024-04-17 13:00:00,5.835,5.891,5.834,5.89,6070.7
2024-04-17 13:30:00,5.89,5.93,5.846,5.876,6857.5
2024-04-17 14:00:00,5.876,5.881,5.693,5.725,34980.6
2024-04-17 14:30:00,5.725,5.823,5.675,5.768,24727.8
2024-04-17 15:00:00,5.768,5.782,5.644,5.651,179875.6
2024-04-17 15:30:00,5.651,5.707,5.625,5.664,30030.5
2024-04-17 16:00:00,5.664,5.763,5.594,5.7,156408.5
2024-04-17 16:30:00,5.7,5.704,5.63,5.676,24756.7
2024-04-17 17:00:00,5.676,5.735,5.672,5.734,15635.2
2024-04-17 17:30:00,5.734,5.843,5.719,5.826,33541.2
2024-04-17 18:00:00,5.826,5.996,5.811,5.966,22358.4
2024-04-17 18:30:00,5.966,6.005,5.937,5.95,9373.1
2024-04-17 19:00:00,5.95,5.963,5.851,5.871,7070.2
2024-04-17 19:30:00,5.871,5.934,5.842,5.89,23299.0
2024-04-17 20:00:00,5.89,5.929,5.856,5.911,4617.7
2024-04-17 20:30:00,5.911,5.911,5.795,5.8,7053.5
2024-04-17 21:00:00,5.8,5.955,5.8,5.918,24669.9
2024-04-17 21:30:00,5.918,5.947,5.868,5.9,25924.7
2024-04-17 22:00:00,5.9,5.904,5.861,5.885,11155.8
2024-04-17 22:30:00,5.885,5.919,5.876,5.909,6074.6
2024-04-17 23:00:00,5.909,5.931,5.832,5.839,2470.4
2024-04-17 23:30:00,5.839,5.854,5.826,5.841,2662.3
2024-04-18 00:00:00,5.841,5.886,5.74,5.756,12464.1
2024-04-18 00:30:00,5.756,5.837,5.707,5.832,8729.1
2024-04-18 01:00:00,5.832,5.922,5.826,5.908,4426.7
2024-04-18 01:30:00,5.908,5.908,5.837,5.894,2518.3
2024-04-18 02:00:00,5.894,5.935,5.861,5.88,2352.1
2024-04-18 02:30:00,5.88,5.928,5.86,5.917,1827.2
2024-04-18 03:00:00,5.917,5.987,5.917,5.944,6130.5
2024-04-18 03:30:00,5.944,5.968,5.92,5.932,3096.0
2024-04-18 04:00:00,5.932,5.951,5.909,5.939,2336.3
2024-04-18 04:30:00,5.939,5.945,5.886,5.899,2601.6
2024-04-18 05:00:00,5.899,5.917,5.889,5.915,2369.3
2024-04-18 05:30:00,5.915,5.939,5.851,5.858,4225.2
2024-04-18 06:00:00,5.858,5.88,5.798,5.805,5598.8
2024-04-18 06:30:00,5.805,5.812,5.74,5.798,12160.5
2024-04-18 07:00:00,5.798,5.845,5.774,5.803,14476.8
2024-04-18 07:30:00,5.803,5.816,5.746,5.783,13321.8
2024-04-18 08:00:00,5.783,5.823,5.718,5.776,10397.0
2024-04-18 08:30:00,5.776,5.852,5.776,5.826,7953.2
2024-04-18 09:00:00,5.826,5.87,5.819,5.826,3469.9
2024-04-18 09:30:00,5.826,5.856,5.796,5.85,5462.4
2024-04-18 10:00:00,5.85,5.852,5.806,5.825,4832.4
2024-04-18 10:30:00,5.825,5.86,5.815,5.847,14247.5
2024-04-18 11:00:00,5.847,5.978,5.847,5.951,31195.4
2024-04-18 11:30:00,5.951,5.97,5.904,5.904,8291.7
2024-04-18 12:00:00,5.904,5.923,5.84,5.84,24100.7
2024-04-18 12:30:00,5.84,5.868,5.779,5.858,14350.6
2024-04-18 13:00:00,5.858,5.892,5.839,5.879,10720.6
2024-04-18 13:30:00,5.879,5.894,5.804,5.875,16173.0
2024-04-18 14:00:00,5.875,6.015,5.841,5.998,27585.1
2024-04-18 14:30:00,5.998,6.017,5.935,5.994,52382.6
2024-04-18 15:00:00,5.994,6.046,5.95,5.955,38726.6
2024-04-18 15:30:00,5.955,5.997,5.947,5.992,29197.3
2024-04-18 16:00:00,5.992,6.047,5.962,6.035,13085.7
2024-04-18 16:30:00,6.035,6.044,5.961,5.981,10776.6
2024-04-18 17:00:00,5.981,5.992,5.935,5.952,10023.3
2024-04-18 17:30:00,5.952,5.962,5.892,5.901,8900.5
2024-04-18 18:00:00,5.901,5.915,5.845,5.896,23129.2
2024-04-18 18:30:00,5.896,5.944,5.888,5.937,15636.1
2024-04-18 19:00:00,5.937,5.985,5.92,5.967,20039.9
2024-04-18 19:30:00,5.967,6.005,5.957,5.993,46872.5
2024-04-18 20:00:00,5.993,6.007,5.958,5.978,2083.4
2024-04-18 20:30:00,5.978,5.995,5.964,5.994,3115.9
2024-04-18 21:00:00,5.994,6.023,5.985,5.986,4555.3
2024-04-18 21:30:00,5.986,6.013,5.969,5.994,3849.6
2024-04-18 22:00:00,5.994,6.003,5.964,5.982,8051.1
2024-04-18 22:30:00,5.982,6.032,5.979,6.015,26554.9
2024-04-18 23:00:00,6.015,6.033,5.996,6.009,3246.9
2024-04-18 23:30:00,6.009,6.013,5.981,5.988,950.5
2024-04-19 00:00:00,5.988,5.992,5.923,5.931,4505.4
2024-04-19 00:30:00,5.931,5.966,5.907,5.907,3342.5
2024-04-19 01:00:00,5.907,5.913,5.794,5.817,13338.3
2024-04-19 01:30:00,5.817,5.836,5.673,5.702,20889.3
2024-04-19 02:00:00,5.702,5.727,5.536,5.536,30287.2
2024-04-19 02:30:00,5.536,5.684,5.522,5.684,20638.9
2024-04-19 03:00:00,5.684,5.804,5.677,5.8,9512.1
2024-04-19 03:30:00,5.8,5.814,5.743,5.758,6230.6
2024-04-19 04:00:00,5.758,5.871,5.756,5.821,4837.8
2024-04-19 04:30:00,5.821,5.89,5.816,5.834,4490.6
2024-04-19 05:00:00,5.834,5.857,5.781,5.788,4057.0
2024-04-19 05:30:00,5.788,5.843,5.758,5.795,3234.2
2024-04-19 06:00:00,5.795,5.799,5.765,5.782,2361.7
2024-04-19 06:30:00,5.782,6.162,5.782,6.14,37025.5
2024-04-19 07:00:00,6.14,6.208,6.037,6.06,27299.7
2024-04-19 07:30:00,6.06,6.092,6.03,6.072,6696.1
2024-04-19 08:00:00,6.072,6.159,6.064,6.116,6304.1
2024-04-19 08:30:00,6.116,6.15,6.062,6.147,11665.0
2024-04-19 09:00:00,6.147,6.206,6.108,6.162,41556.8
2024-04-19 09:30:00,6.162,6.223,6.152,6.202,9668.4
2024-04-19 10:00:00,6.202,6.262,6.188,6.213,9097.2
2024-04-19 10:30:00,6.213,6.255,6.18,6.238,28966.4
2024-04-19 11:00:00,6.238,6.263,6.202,6.203,24557.4
2024-04-19 11:30:00,6.203,6.281,6.203,6.238,32865.9
2024-04-19 12:00:00,6.238,6.252,6.171,6.207,127678.8
2024-04-19 12:30:00,6.207,6.214,6.153,6.174,7823.1
2024-04-19 13:00:00,6.174,6.182,6.113,6.142,23930.3
2024-04-19 13:30:00,6.142,6.189,6.128,6.162,29991.0
2024-04-19 14:00:00,6.162,6.182,6.055,6.073,17790.8
2024-04-19 14:30:00,6.073,6.178,6.073,6.134,11574.0
2024-04-19 15:00:00,6.134,6.215,6.128,6.215,14571.3
2024-04-19 15:30:00,6.215,6.227,6.163,6.184,13314.8
2024-04-19 16:00:00,6.184,6.189,6.086,6.109,6234.3
2024-04-19 16:30:00,6.109,6.211,6.104,6.166,6598.6
2024-04-19 17:00:00,6.166,6.189,6.144,6.144,3208.4
2024-04-19 17:30:00,6.144,6.25,6.144,6.219,5860.2
2024-04-19 18:00:00,6.219,6.219,6.162,6.168,3477.7
2024-04-19 18:30:00,6.168,6.19,6.156,6.18,1173.2
2024-04-19 19:00:00,6.18,6.22,6.172,6.21,3745.6
2024-04-19 19:30:00,6.21,6.232,6.179,6.232,7632.6
2024-04-19 20:00:00,6.232,6.232,6.185,6.195,4226.0
2024-04-19 20:30:00,6.195,6.206,6.142,6.18,3078.9
2024-04-19 21:00:00,6.18,6.26,6.18,6.243,3935.3
2024-04-19 21:30:00,6.243,6.244,6.215,6.239,8728.3
2024-04-19 22:00:00,6.239,6.253,6.209,6.212,1145.7
2024-04-19 22:30:00,6.212,6.227,6.178,6.181,2801.8
2024-04-19 23:00:00,6.181,6.181,6.042,6.102,26047.6
2024-04-19 23:30:00,6.102,6.187,6.09,6.136,10309.0
2024-04-20 00:00:00,6.136,6.177,6.075,6.14,9753.7
2024-04-20 00:30:00,6.14,6.16,6.076,6.092,3746.9
2024-04-20 01:00:00,6.092,6.136,6.055,6.132,5826.9
2024-04-20 01:30:00,6.132,6.24,6.126,6.206,11518.4
2024-04-20 02:00:00,6.206,6.247,6.184,6.24,9466.5
2024-04-20 02:30:00,6.24,6.254,6.198,6.212,5374.4
2024-04-20 03:00:00,6.212,6.212,6.173,6.179,4166.8
2024-04-20 03:30:00,6.179,6.194,6.159,6.189,12369.5
2024-04-20 04:00:00,6.189,6.217,6.168,6.216,3912.9
2024-04-20 04:30:00,6.216,6.271,6.205,6.243,7941.1
2024-04-20 05:00:00,6.243,6.255,6.225,6.251,3179.6
2024-04-20 05:30:00,6.251,6.291,6.249,6.251,5757.7
2024-04-20 06:00:00,6.251,6.251,6.213,6.24,6730.6
2024-04-20 06:30:00,6.24,6.292,6.229,6.271,16159.5
2024-04-20 07:00:00,6.271,6.273,6.234,6.235,5465.5
2024-04-20 07:30:00,6.235,6.269,6.229,6.24,2468.0
2024-04-20 08:00:00,6.24,6.244,6.187,6.219,6365.3
2024-04-20 08:30:00,6.219,6.239,6.202,6.215,2171.3
2024-04-20 09:00:00,6.215,6.224,6.171,6.192,4819.6
2024-04-20 09:30:00,6.192,6.197,6.129,6.175,6845.2
2024-04-20 10:00:00,6.175,6.197,6.133,6.148,11033.7
2024-04-20 10:30:00,6.148,6.192,6.145,6.173,1973.0
2024-04-20 11:00:00,6.173,6.206,6.161,6.171,5575.8
2024-04-20 11:30:00,6.171,6.194,6.165,6.176,1448.4
2024-04-20 12:00:00,6.176,6.212,6.15,6.174,3290.8
2024-04-20 12:30:00,6.174,6.235,6.158,6.207,5602.1
2024-04-20 13:00:00,6.207,6.231,6.197,6.221,2980.9
2024-04-20 13:30:00,6.221,6.265,6.21,6.228,7225.3
2024-04-20 14:00:00,6.228,6.252,6.222,6.234,1798.0
2024-04-20 14:30:00,6.234,6.288,6.217,6.259,3397.1
2024-04-20 15:00:00,6.259,6.291,6.249,6.289,5365.7
2024-04-20 15:30:00,6.289,6.436,6.289,6.432,7832.3
2024-04-20 16:00:00,6.432,6.499,6.385,6.499,11374.9
2024-04-20 16:30:00,6.499,6.564,6.484,6.522,13669.2
2024-04-20 17:00:00,6.522,6.606,6.507,6.603,5123.3
2024-04-20 17:30:00,6.603,6.663,6.564,6.637,9988.8
2024-04-20 18:00:00,6.637,6.693,6.573,6.591,5851.4
2024-04-20 18:30:00,6.591,6.608,6.551,6.571,3845.9
2024-04-20 19:00:00,6.571,6.585,6.537,6.561,2767.6
2024-04-20 19:30:00,6.561,6.579,6.553,6.571,1991.1
2024-04-20 20:00:00,6.571,6.596,6.537,6.556,4322.0
2024-04-20 20:30:00,6.556,6.589,6.552,6.587,2755.5
2024-04-20 21:00:00,6.587,6.6,6.553,6.57,2800.9
2024-04-20 21:30:00,6.57,6.581,6.557,6.571,11565.3
2024-04-20 22:00:00,6.571,6.595,6.552,6.59,8480.0
2024-04-20 22:30:00,6.59,6.599,6.556,6.556,2697.3
2024-04-20 23:00:00,6.556,6.67,6.556,6.66,11646.9
2024-04-20 23:30:00,6.66,6.666,6.628,6.644,12250.1
2024-04-21 00:00:00,6.644,6.664,6.572,6.589,21051.0
2024-04-21 00:30:00,6.589,6.592,6.521,6.562,9403.9
2024-04-21 01:00:00,6.562,6.632,6.562,6.622,3072.4
2024-04-21 01:30:00,6.622,6.626,6.594,6.603,1371.4
2024-04-21 02:00:00,6.603,6.681,6.598,6.679,11758.2
2024-04-21 02:30:00,6.679,6.709,6.636,6.661,5310.0
2024-04-21 03:00:00,6.661,6.698,6.65,6.666,11551.4
2024-04-21 03:30:00,6.666,6.723,6.644,6.653,8518.2
2024-04-21 04:00:00,6.653,6.676,6.612,6.65,13271.0
2024-04-21 04:30:00,6.65,6.687,6.631,6.684,5278.5
2024-04-21 05:00:00,6.684,6.757,6.674,6.697,16366.5
2024-04-21 05:30:00,6.697,6.716,6.659,6.674,9709.0
2024-04-21 06:00:00,6.674,6.681,6.648,6.674,8237.0
2024-04-21 06:30:00,6.674,6.683,6.624,6.628,12300.5
2024-04-21 07:00:00,6.628,6.638,6.582,6.594,5293.1
2024-04-21 07:30:00,6.594,6.627,6.572,6.617,12518.9
2024-04-21 08:00:00,6.617,6.646,6.583,6.595,7101.8
2024-04-21 08:30:00,6.595,6.609,6.561,6.561,5527.9
2024-04-21 09:00:00,6.561,6.585,6.544,6.585,10784.1
2024-04-21 09:30:00,6.585,6.585,6.55,6.567,5237.9
2024-04-21 10:00:00,6.567,6.575,6.528,6.563,2551.1
2024-04-21 10:30:00,6.563,6.599,6.561,6.583,4665.8
2024-04-21 11:00:00,6.583,6.629,6.583,6.595,8179.1
2024-04-21 11:30:00,6.595,6.622,6.569,6.601,11580.5
2024-04-21 12:00:00,6.601,6.603,6.532,6.553,8505.2
2024-04-21 12:30:00,6.553,6.596,6.539,6.553,4287.6
2024-04-21 13:00:00,6.553,6.578,6.504,6.575,8090.9
2024-04-21 13:30:00,6.575,6.578,6.462,6.491,39346.6
2024-04-21 14:00:00,6.491,6.524,6.488,6.517,16992.1
2024-04-21 14:30:00,6.517,6.517,6.453,6.46,26351.7
2024-04-21 15:00:00,6.46,6.541,6.458,6.506,10440.8
2024-04-21 15:30:00,6.506,6.538,6.49,6.522,3655.1
2024-04-21 16:00:00,6.522,6.532,6.423,6.445,26122.1
2024-04-21 16:30:00,6.445,6.445,6.331,6.401,23449.6
2024-04-21 17:00:00,6.401,6.412,6.357,6.404,6936.6
2024-04-21 17:30:00,6.404,6.442,6.391,6.428,15182.5
2024-04-21 18:00:00,6.428,6.44,6.4,6.44,15704.2
2024-04-21 18:30:00,6.44,6.442,6.417,6.428,4583.9
2024-04-21 19:00:00,6.428,6.462,6.407,6.433,1890.6
2024-04-21 19:30:00,6.433,6.452,6.413,6.414,3116.9
2024-04-21 20:00:00,6.414,6.464,6.389,6.437,15811.4
2024-04-21 20:30:00,6.437,6.462,6.416,6.457,2955.2
2024-04-21 21:00:00,6.457,6.526,6.457,6.486,7848.5
2024-04-21 21:30:00,6.486,6.486,6.449,6.467,2144.5
2024-04-21 22:00:00,6.467,6.52,6.459,6.481,7387.7
2024-04-21 22:30:00,6.481,6.503,6.473,6.483,10106.4
2024-04-21 23:00:00,6.483,6.492,6.454,6.477,5215.9
2024-04-21 23:30:00,6.477,6.488,6.463,6.472,3562.5
2024-04-22 00:00:00,6.472,6.546,6.472,6.504,6312.0
2024-04-22 00:30:00,6.504,6.505,6.448,6.478,2867.9
2024-04-22 01:00:00,6.478,6.601,6.454,6.499,9299.2
2024-04-22 01:30:00,6.499,6.514,6.442,6.449,22961.4
2024-04-22 02:00:00,6.449,6.488,6.401,6.439,14488.1
2024-04-22 02:30:00,6.439,6.46,6.411,6.437,4104.4
2024-04-22 03:00:00,6.437,6.544,6.434,6.542,7233.4
2024-04-22 03:30:00,6.542,6.625,6.524,6.581,10786.2
2024-04-22 04:00:00,6.581,6.623,6.573,6.608,8215.0
2024-04-22 04:30:00,6.608,6.626,6.581,6.617,3495.4
2024-04-22 05:00:00,6.617,6.671,6.613,6.654,14758.2
2024-04-22 05:30:00,6.654,6.66,6.614,6.655,9479.4
2024-04-22 06:00:00,6.655,6.72,6.64,6.713,10477.8
2024-04-22 06:30:00,6.713,6.713,6.657,6.661,6100.0
2024-04-22 07:00:00,6.661,6.685,6.619,6.619,37360.8
2024-04-22 07:30:00,6.619,6.639,6.591,6.591,7039.1
2024-04-22 08:00:00,6.591,6.622,6.557,6.612,16362.5
2024-04-22 08:30:00,6.612,6.625,6.558,6.567,12731.3
2024-04-22 09:00:00,6.567,6.608,6.559,6.6,6301.8
2024-04-22 09:30:00,6.6,6.614,6.573,6.6,4397.6
2024-04-22 10:00:00,6.6,6.632,6.583,6.616,11318.0
2024-04-22 10:30:00,6.616,6.617,6.578,6.583,5093.7
2024-04-22 11:00:00,6.583,6.591,6.541,6.55,15261.8
2024-04-22 11:30:00,6.55,6.558,6.515,6.531,3994.3
2024-04-22 12:00:00,6.531,6.577,6.525,6.572,12240.8
2024-04-22 12:30:00,6.572,6.575,6.535,6.566,3970.4
2024-04-22 13:00:00,6.566,6.596,6.548,6.565,9962.2
2024-04-22 13:30:00,6.565,6.567,6.491,6.551,18097.9
2024-04-22 14:00:00,6.551,6.564,6.519,6.551,6265.2
2024-04-22 14:30:00,6.551,6.564,6.472,6.485,9295.6
2024-04-22 15:00:00,6.485,6.497,6.42,6.429,15358.1
2024-04-22 15:30:00,6.429,6.491,6.429,6.474,6025.0
2024-04-22 16:00:00,6.474,6.523,6.463,6.478,6698.8
2024-04-22 16:30:00,6.478,6.492,6.432,6.478,3057.2
2024-04-22 17:00:00,6.478,6.548,6.478,6.545,3946.2
2024-04-22 17:30:00,6.545,6.577,6.52,6.533,5974.3
2024-04-22 18:00:00,6.533,6.56,6.517,6.53,7211.4
2024-04-22 18:30:00,6.53,6.547,6.515,6.522,9846.9
2024-04-22 19:00:00,6.522,6.533,6.482,6.498,2277.9
2024-04-22 19:30:00,6.498,6.539,6.476,6.539,6176.2
2024-04-22 20:00:00,6.539,6.563,6.514,6.543,4671.0
2024-04-22 20:30:00,6.543,6.548,6.523,6.53,4650.2
2024-04-22 21:00:00,6.53,6.552,6.512,6.548,5472.7
2024-04-22 21:30:00,6.548,6.563,6.53,6.549,5195.3
2024-04-22 22:00:00,6.549,6.584,6.549,6.577,16532.3
2024-04-22 22:30:00,6.577,6.632,6.558,6.614,21456.1
2024-04-22 23:00:00,6.614,6.65,6.599,6.607,28249.8
2024-04-22 23:30:00,6.607,6.608,6.558,6.565,15251.4
2024-04-23 00:00:00,6.565,6.607,6.551,6.598,8462.9
2024-04-23 00:30:00,6.598,6.646,6.597,6.635,10740.7
2024-04-23 01:00:00,6.635,6.654,6.599,6.628,10745.0
2024-04-23 01:30:00,6.628,6.632,6.587,6.589,9310.5
2024-04-23 02:00:00,6.589,6.63,6.586,6.597,5818.0
2024-04-23 02:30:00,6.597,6.611,6.546,6.556,3794.5
2024-04-23 03:00:00,6.556,6.581,6.54,6.548,4993.7
2024-04-23 03:30:00,6.548,6.552,6.505,6.524,6227.1
2024-04-23 04:00:00,6.524,6.562,6.524,6.534,3462.1
2024-04-23 04:30:00,6.534,6.569,6.488,6.521,15454.6
2024-04-23 05:00:00,6.521,6.541,6.504,6.535,8780.9
2024-04-23 05:30:00,6.535,6.576,6.535,6.567,24366.1
2024-04-23 06:00:00,6.567,6.587,6.556,6.571,4565.1
2024-04-23 06:30:00,6.571,6.579,6.478,6.495,16961.3
2024-04-23 07:00:00,6.495,6.521,6.467,6.478,12988.4
2024-04-23 07:30:00,6.478,6.487,6.426,6.453,8498.0
2024-04-23 08:00:00,6.453,6.477,6.426,6.475,5585.8
2024-04-23 08:30:00,6.475,6.503,6.456,6.497,3149.8
2024-04-23 09:00:00,6.497,6.516,6.485,6.502,5849.8
2024-04-23 09:30:00,6.502,6.517,6.481,6.5,6834.0
2024-04-23 10:00:00,6.5,6.531,6.5,6.518,18110.9
2024-04-23 10:30:00,6.518,6.538,6.493,6.493,13271.1
2024-04-23 11:00:00,6.493,6.504,6.465,6.485,3721.9
2024-04-23 11:30:00,6.485,6.488,6.446,6.471,4248.5
2024-04-23 12:00:00,6.471,6.495,6.442,6.476,6632.7
2024-04-23 12:30:00,6.476,6.485,6.432,6.485,7423.8
2024-04-23 13:00:00,6.485,6.499,6.442,6.453,8372.7
2024-04-23 13:30:00,6.453,6.523,6.44,6.507,16784.2
2024-04-23 14:00:00,6.507,6.566,6.495,6.528,21223.4
2024-04-23 14:30:00,6.528,6.576,6.508,6.56,10943.4
2024-04-23 15:00:00,6.56,6.578,6.511,6.56,10063.2
2024-04-23 15:30:00,6.56,6.56,6.488,6.498,5497.9
2024-04-23 16:00:00,6.498,6.535,6.475,6.507,18995.8
2024-04-23 16:30:00,6.507,6.521,6.49,6.496,4565.1
2024-04-23 17:00:00,6.496,6.508,6.452,6.502,5806.8
2024-04-23 17:30:00,6.502,6.552,6.494,6.516,6298.5
2024-04-23 18:00:00,6.516,6.52,6.487,6.501,5412.9
2024-04-23 18:30:00,6.501,6.503,6.439,6.472,13024.5
2024-04-23 19:00:00,6.472,6.481,6.452,6.475,2512.8
2024-04-23 19:30:00,6.475,6.529,6.463,6.521,5772.4
2024-04-23 20:00:00,6.521,6.53,6.422,6.486,22285.0
2024-04-23 20:30:00,6.486,6.509,6.471,6.493,1602.4
2024-04-23 21:00:00,6.493,6.494,6.434,6.457,4981.7
2024-04-23 21:30:00,6.457,6.465,6.406,6.419,10853.6
2024-04-23 22:00:00,6.419,6.441,6.406,6.433,4568.1
2024-04-23 22:30:00,6.433,6.446,6.349,6.38,23943.8
2024-04-23 23:00:00,6.38,6.38,6.326,6.37,7684.4
2024-04-23 23:30:00,6.37,6.394,6.364,6.383,3707.3
2024-04-24 00:00:00,6.383,6.419,6.366,6.392,6154.9
2024-04-24 00:30:00,6.392,6.431,6.38,6.419,15020.4
2024-04-24 01:00:00,6.419,6.472,6.417,6.472,4410.4
2024-04-24 01:30:00,6.472,6.476,6.421,6.423,4050.0
2024-04-24 02:00:00,6.423,6.427,6.358,6.358,3844.0
2024-04-24 02:30:00,6.358,6.359,6.3,6.34,39667.0
2024-04-24 03:00:00,6.34,6.352,6.314,6.338,15734.3
2024-04-24 03:30:00,6.338,6.371,6.333,6.346,9829.9
2024-04-24 04:00:00,6.346,6.375,6.333,6.371,3402.1
2024-04-24 04:30:00,6.371,6.463,6.353,6.449,11423.0
2024-04-24 05:00:00,6.449,6.485,6.414,6.432,12523.1
2024-04-24 05:30:00,6.432,6.459,6.41,6.45,7858.6
2024-04-24 06:00:00,6.45,6.45,6.388,6.411,10152.3
2024-04-24 06:30:00,6.411,6.46,6.389,6.442,21542.5
2024-04-24 07:00:00,6.442,6.496,6.442,6.496,21289.3
2024-04-24 07:30:00,6.496,6.496,6.434,6.445,16824.0
2024-04-24 08:00:00,6.445,6.479,6.432,6.478,13229.9
2024-04-24 08:30:00,6.478,6.494,6.438,6.449,5647.8
2024-04-24 09:00:00,6.449,6.452,6.407,6.441,8040.3
2024-04-24 09:30:00,6.441,6.466,6.414,6.464,6437.4
2024-04-24 10:00:00,6.464,6.492,6.44,6.474,7810.7
2024-04-24 10:30:00,6.474,6.484,6.442,6.476,5203.5
2024-04-24 11:00:00,6.476,6.532,6.456,6.519,17467.9
2024-04-24 11:30:00,6.519,6.53,6.483,6.511,13246.5
2024-04-24 12:00:00,6.511,6.525,6.48,6.489,8548.3
2024-04-24 12:30:00,6.489,6.508,6.457,6.461,4237.8
2024-04-24 13:00:00,6.461,6.461,6.368,6.37,17375.5
2024-04-24 13:30:00,6.37,6.393,6.318,6.337,23190.5
2024-04-24 14:00:00,6.337,6.368,6.176,6.257,47952.1
2024-04-24 14:30:00,6.257,6.257,6.108,6.191,44941.2
2024-04-24 15:00:00,6.191,6.208,6.13,6.13,13366.7
2024-04-24 15:30:00,6.13,6.173,6.086,6.103,11471.2
2024-04-24 16:00:00,6.103,6.148,6.049,6.052,12279.0
2024-04-24 16:30:00,6.052,6.147,6.05,6.121,17482.0
2024-04-24 17:00:00,6.121,6.183,6.108,6.181,16801.0
2024-04-24 17:30:00,6.181,6.205,6.154,6.167,5914.0
2024-04-24 18:00:00,6.167,6.167,6.134,6.155,16311.8
2024-04-24 18:30:00,6.155,6.169,6.073,6.093,6773.6
2024-04-24 19:00:00,6.093,6.142,6.029,6.134,5887.7
2024-04-24 19:30:00,6.134,6.139,6.098,6.105,20208.5
2024-04-24 20:00:00,6.105,6.136,6.071,6.105,4796.9
2024-04-24 20:30:00,6.105,6.127,6.066,6.101,12682.5
2024-04-24 21:00:00,6.101,6.114,6.062,6.102,7337.2
2024-04-24 21:30:00,6.102,6.136,6.1,6.136,6253.8
2024-04-24 22:00:00,6.136,6.136,6.069,6.086,6781.2
2024-04-24 22:30:00,6.086,6.107,6.005,6.038,13393.7
2024-04-24 23:00:00,6.038,6.056,5.973,6.007,13318.7
2024-04-24 23:30:00,6.007,6.053,5.999,6.043,3412.0
2024-04-25 00:00:00,6.043,6.062,6.03,6.058,7432.1
2024-04-25 00:30:00,6.058,6.095,6.054,6.078,3269.8
2024-04-25 01:00:00,6.078,6.109,6.068,6.093,11245.5
2024-04-25 01:30:00,6.093,6.1,5.979,5.981,3258.2
2024-04-25 02:00:00,5.981,6.034,5.927,6.022,12396.4
2024-04-25 02:30:00,6.022,6.027,5.987,6.016,4514.9
2024-04-25 03:00:00,6.016,6.045,5.959,5.999,4536.4
2024-04-25 03:30:00,5.999,6.027,5.975,5.989,2366.4
2024-04-25 04:00:00,5.989,6.0,5.867,5.936,13421.9
2024-04-25 04:30:00,5.936,6.001,5.936,5.988,2352.2
2024-04-25 05:00:00,5.988,5.991,5.947,5.974,3414.8
2024-04-25 05:30:00,5.974,6.02,5.974,5.996,4544.8
2024-04-25 06:00:00,5.996,6.019,5.987,6.0,2079.7
2024-04-25 06:30:00,6.0,6.021,5.968,5.982,7244.6
2024-04-25 07:00:00,5.982,5.998,5.965,5.969,7371.9
2024-04-25 07:30:00,5.969,5.969,5.897,5.923,6251.1
2024-04-25 08:00:00,5.923,5.978,5.912,5.937,10285.4
2024-04-25 08:30:00,5.937,5.963,5.908,5.945,4629.4
2024-04-25 09:00:00,5.945,5.99,5.933,5.963,6343.9
2024-04-25 09:30:00,5.963,5.966,5.919,5.934,1533.4
2024-04-25 10:00:00,5.934,5.935,5.833,5.861,56497.1
2024-04-25 10:30:00,5.861,5.881,5.849,5.861,8395.5
2024-04-25 11:00:00,5.861,5.918,5.856,5.916,5248.1
2024-04-25 11:30:00,5.916,5.933,5.898,5.905,3259.7
2024-04-25 12:00:00,5.905,5.947,5.885,5.941,16330.6
2024-04-25 12:30:00,5.941,5.971,5.868,5.878,10582.4
2024-04-25 13:00:00,5.878,5.903,5.822,5.883,11898.7
2024-04-25 13:30:00,5.883,5.926,5.855,5.901,4834.5
2024-04-25 14:00:00,5.901,5.967,5.893,5.941,10385.8
2024-04-25 14:30:00,5.941,5.944,5.895,5.923,10540.1
2024-04-25 15:00:00,5.923,5.983,5.906,5.983,8525.1
2024-04-25 15:30:00,5.983,6.039,5.962,6.023,38839.8
2024-04-25 16:00:00,6.023,6.043,5.983,6.002,9315.2
2024-04-25 16:30:00,6.002,6.028,5.987,6.026,11398.3
2024-04-25 17:00:00,6.026,6.069,6.011,6.023,24149.1
2024-04-25 17:30:00,6.023,6.03,5.999,6.028,5949.3
2024-04-25 18:00:00,6.028,6.039,6.003,6.015,21093.3
2024-04-25 18:30:00,6.015,6.031,5.986,6.028,13518.8
2024-04-25 19:00:00,6.028,6.033,5.995,6.01,6704.4
2024-04-25 19:30:00,6.01,6.028,5.993,6.028,2609.5
2024-04-25 20:00:00,6.028,6.062,6.002,6.029,10154.6
2024-04-25 20:30:00,6.029,6.061,6.028,6.055,14423.4
2024-04-25 21:00:00,6.055,6.097,6.05,6.059,13309.5
2024-04-25 21:30:00,6.059,6.081,6.03,6.036,2212.1
2024-04-25 22:00:00,6.036,6.038,6.005,6.014,3748.3
2024-04-25 22:30:00,6.014,6.017,5.98,5.988,9206.1
2024-04-25 23:00:00,5.988,6.005,5.97,5.982,4545.0
2024-04-25 23:30:00,5.982,6.001,5.982,5.989,8210.8
2024-04-26 00:00:00,5.989,5.999,5.919,5.955,17191.2
2024-04-26 00:30:00,5.955,5.955,5.871,5.915,8202.0
2024-04-26 01:00:00,5.915,5.923,5.821,5.862,16102.3
2024-04-26 01:30:00,5.862,5.956,5.837,5.933,16773.6
2024-04-26 02:00:00,5.933,5.984,5.919,5.928,21612.9
2024-04-26 02:30:00,5.928,5.965,5.924,5.952,11303.3
2024-04-26 03:00:00,5.952,5.978,5.921,5.941,3329.4
2024-04-26 03:30:00,5.941,5.959,5.91,5.919,1137.9
2024-04-26 04:00:00,5.919,5.939,5.875,5.933,4808.5
2024-04-26 04:30:00,5.933,5.956,5.91,5.919,4936.6
2024-04-26 05:00:00,5.919,5.962,5.911,5.947,1402.0
2024-04-26 05:30:00,5.947,5.99,5.942,5.989,5761.7
2024-04-26 06:00:00,5.989,5.99,5.954,5.962,2817.7
2024-04-26 06:30:00,5.962,5.99,5.94,5.976,3209.6
2024-04-26 07:00:00,5.976,5.996,5.939,5.985,8804.0
2024-04-26 07:30:00,5.985,5.991,5.941,5.946,6346.4
2024-04-26 08:00:00,5.946,5.991,5.944,5.978,5507.0
2024-04-26 08:30:00,5.978,5.989,5.956,5.97,3835.3
2024-04-26 09:00:00,5.97,5.994,5.958,5.989,4210.7
2024-04-26 09:30:00,5.989,6.009,5.965,5.977,7993.6
2024-04-26 10:00:00,5.977,6.0,5.958,5.966,6461.7
2024-04-26 10:30:00,5.966,5.978,5.924,5.935,8247.8
2024-04-26 11:00:00,5.935,5.969,5.935,5.956,6611.7
2024-04-26 11:30:00,5.956,5.977,5.945,5.968,3963.7
2024-04-26 12:00:00,5.968,6.005,5.948,5.985,5833.3
2024-04-26 12:30:00,5.985,6.036,5.96,5.987,18866.5
2024-04-26 13:00:00,5.987,5.998,5.907,5.938,7993.3
2024-04-26 13:30:00,5.938,6.069,5.933,6.052,11858.0
2024-04-26 14:00:00,6.052,6.107,6.022,6.054,22408.5
2024-04-26 14:30:00,6.054,6.077,5.992,6.013,15569.8
2024-04-26 15:00:00,6.013,6.029,5.935,5.959,10235.7
2024-04-26 15:30:00,5.959,6.033,5.956,5.99,14231.7
2024-04-26 16:00:00,5.99,6.009,5.951,5.959,8005.2
2024-04-26 16:30:00,5.959,5.977,5.929,5.964,13631.1
2024-04-26 17:00:00,5.964,5.998,5.954,5.996,7147.5
2024-04-26 17:30:00,5.996,6.034,5.985,6.027,6102.9
2024-04-26 18:00:00,6.027,6.047,6.009,6.025,5071.3
2024-04-26 18:30:00,6.025,6.04,6.015,6.026,2620.1
2024-04-26 19:00:00,6.026,6.055,6.012,6.04,3482.6
2024-04-26 19:30:00,6.04,6.061,6.025,6.04,4558.0
2024-04-26 20:00:00,6.04,6.083,6.039,6.071,6248.1
2024-04-26 20:30:00,6.071,6.074,6.043,6.053,3605.4
2024-04-26 21:00:00,6.053,6.069,6.026,6.031,5439.0
2024-04-26 21:30:00,6.031,6.069,6.026,6.061,2936.8
2024-04-26 22:00:00,6.061,6.061,5.993,6.009,6236.8
2024-04-26 22:30:00,6.009,6.021,5.96,5.977,5772.2
2024-04-26 23:00:00,5.977,6.001,5.974,5.998,3773.5
2024-04-26 23:30:00,5.998,6.006,5.986,5.998,1855.9
2024-04-27 00:00:00,5.998,6.02,5.95,5.95,7686.9
2024-04-27 00:30:00,5.95,5.965,5.882,5.948,28229.3
2024-04-27 01:00:00,5.948,5.949,5.7,5.786,54049.6
2024-04-27 01:30:00,5.786,5.823,5.762,5.78,8509.8
2024-04-27 02:00:00,5.78,5.859,5.752,5.855,6331.6
2024-04-27 02:30:00,5.855,5.87,5.802,5.829,3832.5
2024-04-27 03:00:00,5.829,5.857,5.821,5.848,9005.5
2024-04-27 03:30:00,5.848,5.863,5.83,5.833,3107.7
2024-04-27 04:00:00,5.833,5.86,5.816,5.85,3009.1
2024-04-27 04:30:00,5.85,5.855,5.829,5.841,8582.2
2024-04-27 05:00:00,5.841,5.844,5.8,5.832,11555.9
2024-04-27 05:30:00,5.832,5.841,5.816,5.827,2530.4
2024-04-27 06:00:00,5.827,5.859,5.811,5.82,22405.0
2024-04-27 06:30:00,5.82,5.838,5.792,5.81,4986.4
2024-04-27 07:00:00,5.81,5.837,5.801,5.812,5006.7
2024-04-27 07:30:00,5.812,5.823,5.78,5.784,4770.4
2024-04-27 08:00:00,5.784,5.803,5.757,5.785,17311.0
2024-04-27 08:30:00,5.785,5.788,5.744,5.783,7482.8
2024-04-27 09:00:00,5.783,5.801,5.769,5.794,4082.1
2024-04-27 09:30:00,5.794,5.814,5.782,5.796,3919.5
2024-04-27 10:00:00,5.796,5.799,5.752,5.77,7514.6
2024-04-27 10:30:00,5.77,5.772,5.693,5.713,11529.3
2024-04-27 11:00:00,5.713,5.731,5.663,5.731,18429.8
2024-04-27 11:30:00,5.731,5.745,5.71,5.712,7939.8
2024-04-27 12:00:00,5.712,5.763,5.698,5.739,15335.1
2024-04-27 12:30:00,5.739,5.777,5.735,5.764,5421.3
2024-04-27 13:00:00,5.764,5.807,5.754,5.779,5176.9
2024-04-27 13:30:00,5.779,5.822,5.768,5.818,13454.7
2024-04-27 14:00:00,5.818,5.845,5.801,5.812,15772.9
2024-04-27 14:30:00,5.812,5.829,5.796,5.808,4629.9
2024-04-27 15:00:00,5.808,5.823,5.792,5.797,3122.0
2024-04-27 15:30:00,5.797,5.799,5.752,5.766,3617.7
2024-04-27 16:00:00,5.766,5.795,5.755,5.761,5973.8
2024-04-27 16:30:00,5.761,5.785,5.743,5.759,11960.1
2024-04-27 17:00:00,5.759,5.795,5.759,5.771,5364.5
2024-04-27 17:30:00,5.771,5.943,5.771,5.937,27853.2
2024-04-27 18:00:00,5.937,5.982,5.841,5.849,16365.9
2024-04-27 18:30:00,5.849,5.93,5.845,5.907,8168.8
2024-04-27 19:00:00,5.907,5.917,5.87,5.88,9381.2
2024-04-27 19:30:00,5.88,5.92,5.878,5.915,2352.5
2024-04-27 20:00:00,5.915,5.928,5.883,5.895,11353.3
2024-04-27 20:30:00,5.895,5.927,5.894,5.919,3054.2
2024-04-27 21:00:00,5.919,5.929,5.889,5.902,2786.3
2024-04-27 21:30:00,5.902,5.939,5.897,5.921,1934.0
2024-04-27 22:00:00,5.921,5.944,5.901,5.905,1936.6
2024-04-27 22:30:00,5.905,5.921,5.901,5.908,3044.9
2024-04-27 23:00:00,5.908,5.949,5.908,5.942,5973.6
2024-04-27 23:30:00,5.942,5.946,5.913,5.917,4185.4
2024-04-28 00:00:00,5.917,5.946,5.904,5.945,8163.0
2024-04-28 00:30:00,5.945,5.957,5.926,5.953,5482.5
2024-04-28 01:00:00,5.953,5.964,5.918,5.964,5405.2
2024-04-28 01:30:00,5.964,5.99,5.942,5.972,5252.9
2024-04-28 02:00:00,5.972,5.98,5.962,5.979,5367.7
2024-04-28 02:30:00,5.979,6.065,5.96,6.038,23946.6
2024-04-28 03:00:00,6.038,6.065,6.03,6.049,3543.9
2024-04-28 03:30:00,6.049,6.052,6.008,6.016,4198.3
2024-04-28 04:00:00,6.016,6.018,5.989,5.998,3887.4
2024-04-28 04:30:00,5.998,5.998,5.973,5.981,3193.1
2024-04-28 05:00:00,5.981,6.002,5.98,5.997,3921.5
2024-04-28 05:30:00,5.997,6.005,5.984,5.996,1494.9
2024-04-28 06:00:00,5.996,6.014,5.987,5.991,1326.2
2024-04-28 06:30:00,5.991,6.033,5.986,6.022,2308.3
2024-04-28 07:00:00,6.022,6.047,6.006,6.012,2987.7
2024-04-28 07:30:00,6.012,6.026,6.001,6.018,1119.0
2024-04-28 08:00:00,6.018,6.03,6.003,6.006,1196.5
2024-04-28 08:30:00,6.006,6.006,5.953,5.968,5041.2
2024-04-28 09:00:00,5.968,5.992,5.965,5.976,3133.7
2024-04-28 09:30:00,5.976,5.978,5.944,5.967,3439.5
2024-04-28 10:00:00,5.967,5.981,5.921,5.957,4895.6
2024-04-28 10:30:00,5.957,5.983,5.951,5.974,1879.3
2024-04-28 11:00:00,5.974,5.98,5.935,5.945,1651.6
2024-04-28 11:30:00,5.945,5.953,5.922,5.934,4578.3
2024-04-28 12:00:00,5.934,5.958,5.93,5.953,2221.7
2024-04-28 12:30:00,5.953,5.977,5.948,5.968,4477.9
2024-04-28 13:00:00,5.968,6.024,5.962,6.002,8721.4
2024-04-28 13:30:00,6.002,6.018,5.993,6.014,8663.7
2024-04-28 14:00:00,6.014,6.039,5.985,6.003,4043.5
2024-04-28 14:30:00,6.003,6.046,5.998,6.032,7986.0
2024-04-28 15:00:00,6.032,6.057,6.022,6.041,3285.4
2024-04-28 15:30:00,6.041,6.056,6.029,6.034,16029.6
2024-04-28 16:00:00,6.034,6.082,6.032,6.062,17946.2
2024-04-28 16:30:00,6.062,6.073,6.042,6.063,3705.9
2024-04-28 17:00:00,6.063,6.103,6.063,6.084,10618.3
2024-04-28 17:30:00,6.084,6.097,6.078,6.087,6264.3
2024-04-28 18:00:00,6.087,6.087,6.059,6.07,17389.0
2024-04-28 18:30:00,6.07,6.124,6.058,6.106,17103.2
2024-04-28 19:00:00,6.106,6.114,6.083,6.09,8018.2
2024-04-28 19:30:00,6.09,6.096,6.076,6.086,3618.5
2024-04-28 20:00:00,6.086,6.091,6.048,6.059,15964.9
2024-04-28 20:30:00,6.059,6.071,6.058,6.066,14345.9
2024-04-28 21:00:00,6.066,6.073,6.048,6.06,859.7
2024-04-28 21:30:00,6.06,6.06,6.031,6.039,9647.1
2024-04-28 22:00:00,6.039,6.051,6.005,6.018,6263.4
2024-04-28 22:30:00,6.018,6.018,5.938,5.958,19283.0
2024-04-28 23:00:00,5.958,5.958,5.882,5.905,8770.4
2024-04-28 23:30:00,5.905,5.927,5.852,5.895,8993.4
2024-04-29 00:00:00,5.895,5.945,5.874,5.923,12097.6
2024-04-29 00:30:00,5.923,5.944,5.906,5.937,4654.7
2024-04-29 01:00:00,5.937,5.952,5.912,5.931,6351.2
2024-04-29 01:30:00,5.931,5.984,5.931,5.971,15434.1
2024-04-29 02:00:00,5.971,5.975,5.92,5.93,5154.9
2024-04-29 02:30:00,5.93,5.94,5.85,5.886,6532.0
2024-04-29 03:00:00,5.886,5.9,5.828,5.851,7909.6
2024-04-29 03:30:00,5.851,5.865,5.802,5.804,14648.4
2024-04-29 04:00:00,5.804,5.878,5.779,5.874,9832.4
2024-04-29 04:30:00,5.874,5.883,5.861,5.877,2990.1
2024-04-29 05:00:00,5.877,5.879,5.85,5.858,4947.9
2024-04-29 05:30:00,5.858,5.888,5.825,5.887,6727.2
2024-04-29 06:00:00,5.887,5.887,5.804,5.816,5039.8
2024-04-29 06:30:00,5.816,5.816,5.728,5.771,16802.4
2024-04-29 07:00:00,5.771,5.802,5.754,5.795,3312.7
2024-04-29 07:30:00,5.795,5.806,5.777,5.804,2679.7
2024-04-29 08:00:00,5.804,5.804,5.742,5.78,10023.0
2024-04-29 08:30:00,5.78,5.783,5.734,5.78,4891.3
2024-04-29 09:00:00,5.78,5.874,5.757,5.848,37458.4
2024-04-29 09:30:00,5.848,5.916,5.843,5.894,9801.4
2024-04-29 10:00:00,5.894,5.928,5.894,5.901,4850.0
2024-04-29 10:30:00,5.901,5.904,5.869,5.892,9984.6
2024-04-29 11:00:00,5.892,5.92,5.89,5.906,2846.7
2024-04-29 11:30:00,5.906,5.917,5.885,5.902,3594.7
2024-04-29 12:00:00,5.902,5.953,5.9,5.901,12175.9
2024-04-29 12:30:00,5.901,5.931,5.833,5.859,57703.5
2024-04-29 13:00:00,5.859,5.875,5.786,5.797,52908.4
2024-04-29 13:30:00,5.797,5.814,5.716,5.754,25536.1
2024-04-29 14:00:00,5.754,5.837,5.737,5.825,34432.4
2024-04-29 14:30:00,5.825,5.851,5.814,5.843,46005.6
2024-04-29 15:00:00,5.843,5.874,5.83,5.835,14537.2
2024-04-29 15:30:00,5.835,5.851,5.813,5.843,18529.5
2024-04-29 16:00:00,5.843,5.848,5.815,5.836,17096.9
2024-04-29 16:30:00,5.836,5.836,5.79,5.807,7876.1
2024-04-29 17:00:00,5.807,5.855,5.806,5.849,6849.4
2024-04-29 17:30:00,5.849,5.853,5.835,5.843,1330.4
2024-04-29 18:00:00,5.843,5.848,5.815,5.823,2128.7
2024-04-29 18:30:00,5.823,5.823,5.786,5.81,12144.3
2024-04-29 19:00:00,5.81,5.812,5.768,5.784,7191.0
2024-04-29 19:30:00,5.784,5.814,5.771,5.814,901.5
2024-04-29 20:00:00,5.814,5.843,5.795,5.813,10488.8
2024-04-29 20:30:00,5.813,5.816,5.781,5.795,4035.1
2024-04-29 21:00:00,5.795,5.8,5.751,5.769,6092.6
2024-04-29 21:30:00,5.769,5.792,5.744,5.785,4421.8
2024-04-29 22:00:00,5.785,5.854,5.778,5.854,3669.4
2024-04-29 22:30:00,5.854,5.915,5.854,5.901,10916.8
2024-04-29 23:00:00,5.901,5.963,5.901,5.952,7277.5
2024-04-29 23:30:00,5.952,5.972,5.91,5.916,3665.6
2024-04-30 00:00:00,5.916,5.946,5.891,5.946,3914.9
2024-04-30 00:30:00,5.946,5.99,5.918,5.97,4858.7
2024-04-30 01:00:00,5.97,5.978,5.927,5.93,2184.4
2024-04-30 01:30:00,5.93,5.937,5.872,5.872,4144.8
2024-04-30 02:00:00,5.872,5.893,5.811,5.887,3308.0
2024-04-30 02:30:00,5.887,5.924,5.883,5.909,2878.9
2024-04-30 03:00:00,5.909,5.924,5.894,5.916,2223.0
2024-04-30 03:30:00,5.916,5.928,5.882,5.9,2058.2
2024-04-30 04:00:00,5.9,5.916,5.884,5.893,3509.3
2024-04-30 04:30:00,5.893,5.899,5.87,5.883,5081.4
2024-04-30 05:00:00,5.883,5.899,5.869,5.878,1585.1
2024-04-30 05:30:00,5.878,5.878,5.839,5.868,9782.9
2024-04-30 06:00:00,5.868,5.893,5.856,5.89,2074.8
2024-04-30 06:30:00,5.89,5.909,5.885,5.9,2938.5
2024-04-30 07:00:00,5.9,5.92,5.89,5.905,2379.7
2024-04-30 07:30:00,5.905,5.908,5.869,5.872,4722.7
2024-04-30 08:00:00,5.872,5.891,5.824,5.825,7483.0
2024-04-30 08:30:00,5.825,5.825,5.626,5.665,160914.2
2024-04-30 09:00:00,5.665,5.753,5.644,5.753,12605.9
2024-04-30 09:30:00,5.753,5.753,5.693,5.715,28128.9
2024-04-30 10:00:00,5.715,5.737,5.697,5.726,3267.3
2024-04-30 10:30:00,5.726,5.726,5.666,5.692,4302.7
2024-04-30 11:00:00,5.692,5.695,5.604,5.621,14981.3
2024-04-30 11:30:00,5.621,5.638,5.562,5.603,16123.6
2024-04-30 12:00:00,5.603,5.632,5.469,5.588,23089.1
2024-04-30 12:30:00,5.588,5.588,5.545,5.559,8633.4
2024-04-30 13:00:00,5.559,5.577,5.539,5.545,9610.7
2024-04-30 13:30:00,5.545,5.561,5.478,5.512,8941.3
2024-04-30 14:00:00,5.512,5.547,5.495,5.533,3773.8
2024-04-30 14:30:00,5.533,5.632,5.532,5.621,5903.0
2024-04-30 15:00:00,5.621,5.66,5.573,5.581,3303.6
2024-04-30 15:30:00,5.581,5.59,5.542,5.579,73980.9
2024-04-30 16:00:00,5.579,5.579,5.436,5.472,33608.0
2024-04-30 16:30:00,5.472,5.522,5.458,5.514,4617.1
2024-04-30 17:00:00,5.514,5.543,5.497,5.532,4887.4
2024-04-30 17:30:00,5.532,5.541,5.475,5.513,5351.9
2024-04-30 18:00:00,5.513,5.538,5.5,5.503,6088.0
2024-04-30 18:30:00,5.503,5.549,5.496,5.547,6868.5
2024-04-30 19:00:00,5.547,5.577,5.457,5.488,9958.1
2024-04-30 19:30:00,5.488,5.54,5.479,5.494,5186.9
2024-04-30 20:00:00,5.494,5.595,5.494,5.547,3446.1
2024-04-30 20:30:00,5.547,5.589,5.547,5.573,2748.7
2024-04-30 21:00:00,5.573,5.601,5.573,5.592,1594.8
2024-04-30 21:30:00,5.592,5.592,5.566,5.58,5457.3
2024-04-30 22:00:00,5.58,5.651,5.569,5.649,9603.4
2024-04-30 22:30:00,5.649,5.681,5.607,5.619,8155.5
2024-04-30 23:00:00,5.619,5.623,5.581,5.604,2864.7
2024-04-30 23:30:00,5.604,5.639,5.596,5.617,2201.4
2024-05-01 00:00:00,5.617,5.638,5.589,5.594,2346.0
2024-05-01 00:30:00,5.594,5.598,5.553,5.564,4651.3
2024-05-01 01:00:00,5.564,5.611,5.528,5.597,7818.0
2024-05-01 01:30:00,5.597,5.639,5.594,5.619,7263.3
2024-05-01 02:00:00,5.619,5.626,5.535,5.589,6312.7
2024-05-01 02:30:00,5.589,5.619,5.576,5.61,3432.3
2024-05-01 03:00:00,5.61,5.619,5.583,5.583,2888.6
2024-05-01 03:30:00,5.583,5.616,5.577,5.608,53716.8
2024-05-01 04:00:00,5.608,5.626,5.598,5.621,26545.2
2024-05-01 04:30:00,5.621,5.632,5.609,5.62,3117.1
2024-05-01 05:00:00,5.62,5.637,5.588,5.595,2377.4
2024-05-01 05:30:00,5.595,5.628,5.584,5.598,2793.0
2024-05-01 06:00:00,5.598,5.6,5.539,5.548,2483.0
2024-05-01 06:30:00,5.548,5.568,5.5,5.503,7617.3
2024-05-01 07:00:00,5.503,5.516,5.275,5.346,140564.3
2024-05-01 07:30:00,5.346,5.369,5.287,5.328,15241.9
2024-05-01 08:00:00,5.328,5.343,5.2,5.244,53089.3
2024-05-01 08:30:00,5.244,5.311,5.228,5.309,11742.3
2024-05-01 09:00:00,5.309,5.369,5.297,5.328,4845.9
2024-05-01 09:30:00,5.328,5.348,5.32,5.327,16281.3
2024-05-01 10:00:00,5.327,5.347,5.3,5.322,20482.5
2024-05-01 10:30:00,5.322,5.345,5.309,5.344,17440.5
2024-05-01 11:00:00,5.344,5.355,5.312,5.315,3455.5
2024-05-01 11:30:00,5.315,5.359,5.307,5.359,3052.5
2024-05-01 12:00:00,5.359,5.421,5.336,5.394,8337.3
2024-05-01 12:30:00,5.394,5.426,5.386,5.41,3181.0
2024-05-01 13:00:00,5.41,5.421,5.374,5.379,6980.6
2024-05-01 13:30:00,5.379,5.41,5.351,5.397,27040.7
2024-05-01 14:00:00,5.397,5.426,5.373,5.411,5346.2
2024-05-01 14:30:00,5.411,5.451,5.4,5.446,6848.2
2024-05-01 15:00:00,5.446,5.446,5.361,5.389,5591.7
2024-05-01 15:30:00,5.389,5.406,5.351,5.373,8158.8
2024-05-01 16:00:00,5.373,5.419,5.34,5.415,5499.2
2024-05-01 16:30:00,5.415,5.436,5.37,5.395,2476.1
2024-05-01 17:00:00,5.395,5.429,5.356,5.417,5702.5
2024-05-01 17:30:00,5.417,5.496,5.415,5.491,32614.9
2024-05-01 18:00:00,5.491,5.661,5.486,5.63,25968.7
2024-05-01 18:30:00,5.63,5.775,5.586,5.729,14831.1
2024-05-01 19:00:00,5.729,5.771,5.652,5.657,8351.8
2024-05-01 19:30:00,5.657,5.661,5.549,5.578,11380.5
2024-05-01 20:00:00,5.578,5.629,5.536,5.624,4993.5
2024-05-01 20:30:00,5.624,5.643,5.606,5.618,4514.3
2024-05-01 21:00:00,5.618,5.678,5.599,5.678,4513.4
2024-05-01 21:30:00,5.678,5.678,5.648,5.658,3856.8
2024-05-01 22:00:00,5.658,5.684,5.652,5.663,3905.5
2024-05-01 22:30:00,5.663,5.688,5.655,5.666,1984.7
2024-05-01 23:00:00,5.666,5.685,5.658,5.67,807.7
2024-05-01 23:30:00,5.67,5.737,5.666,5.708,6126.8
2024-05-02 00:00:00,5.708,5.724,5.653,5.668,6571.9
2024-05-02 00:30:00,5.668,5.67,5.621,5.633,3518.9
2024-05-02 01:00:00,5.633,5.656,5.621,5.628,3657.4
2024-05-02 01:30:00,5.628,5.634,5.545,5.607,8059.8
2024-05-02 02:00:00,5.607,5.642,5.596,5.613,8169.2
2024-05-02 02:30:00,5.613,5.64,5.595,5.616,7563.7
2024-05-02 03:00:00,5.616,5.665,5.613,5.665,3456.4
2024-05-02 03:30:00,5.665,5.665,5.636,5.64,8980.4
2024-05-02 04:00:00,5.64,5.673,5.637,5.671,2225.9
2024-05-02 04:30:00,5.671,5.688,5.63,5.647,2692.1
2024-05-02 05:00:00,5.647,5.661,5.614,5.616,2843.3
2024-05-02 05:30:00,5.616,5.66,5.603,5.656,7665.6
2024-05-02 06:00:00,5.656,5.684,5.645,5.684,3063.5
2024-05-02 06:30:00,5.684,5.684,5.633,5.64,6747.0
2024-05-02 07:00:00,5.64,5.684,5.64,5.649,8841.9
2024-05-02 07:30:00,5.649,5.65,5.627,5.628,4659.5
2024-05-02 08:00:00,5.628,5.686,5.614,5.683,8104.0
2024-05-02 08:30:00,5.683,5.708,5.666,5.702,10140.6
2024-05-02 09:00:00,5.702,5.709,5.671,5.681,4949.7
2024-05-02 09:30:00,5.681,5.696,5.657,5.69,2856.2
2024-05-02 10:00:00,5.69,5.717,5.679,5.708,5610.8
2024-05-02 10:30:00,5.708,5.747,5.689,5.725,5804.2
2024-05-02 11:00:00,5.725,5.787,5.721,5.775,10162.2
2024-05-02 11:30:00,5.775,5.789,5.749,5.761,8016.9
2024-05-02 12:00:00,5.761,5.811,5.751,5.754,16590.4
2024-05-02 12:30:00,5.754,5.786,5.738,5.742,9577.8
2024-05-02 13:00:00,5.742,5.756,5.724,5.738,5821.4
2024-05-02 13:30:00,5.738,5.741,5.681,5.696,9824.9
2024-05-02 14:00:00,5.696,5.718,5.666,5.716,6840.4
2024-05-02 14:30:00,5.716,5.773,5.7,5.753,16839.2
2024-05-02 15:00:00,5.753,5.8,5.748,5.795,31217.4
2024-05-02 15:30:00,5.795,5.8,5.767,5.781,12035.0
2024-05-02 16:00:00,5.781,5.807,5.754,5.804,7194.8
2024-05-02 16:30:00,5.804,5.831,5.776,5.805,14457.5
2024-05-02 17:00:00,5.805,5.857,5.805,5.837,12137.1
2024-05-02 17:30:00,5.837,5.88,5.829,5.877,10574.7
2024-05-02 18:00:00,5.877,5.884,5.829,5.854,17860.2
2024-05-02 18:30:00,5.854,5.934,5.841,5.904,19137.8
2024-05-02 19:00:00,5.904,5.93,5.887,5.922,9239.7
2024-05-02 19:30:00,5.922,5.943,5.901,5.943,13406.3
2024-05-02 20:00:00,5.943,5.984,5.899,5.906,18897.5
2024-05-02 20:30:00,5.906,5.933,5.872,5.919,12253.9
2024-05-02 21:00:00,5.919,5.954,5.917,5.943,4473.4
2024-05-02 21:30:00,5.943,5.989,5.941,5.988,5161.6
2024-05-02 22:00:00,5.988,6.024,5.985,6.002,7470.2
2024-05-02 22:30:00,6.002,6.011,5.982,5.991,2232.2
2024-05-02 23:00:00,5.991,5.992,5.952,5.952,4546.4
2024-05-02 23:30:00,5.952,5.96,5.923,5.923,3687.3
2024-05-03 00:00:00,5.923,5.943,5.893,5.894,6406.5
2024-05-03 00:30:00,5.894,5.911,5.887,5.9,7249.9
2024-05-03 01:00:00,5.9,5.965,5.895,5.964,7247.5
2024-05-03 01:30:00,5.964,5.995,5.957,5.961,5204.8
2024-05-03 02:00:00,5.961,6.011,5.944,5.963,12761.6
2024-05-03 02:30:00,5.963,5.975,5.916,5.926,7523.9
2024-05-03 03:00:00,5.926,5.962,5.925,5.938,3770.9
2024-05-03 03:30:00,5.938,5.945,5.921,5.936,7021.6
2024-05-03 04:00:00,5.936,5.961,5.93,5.959,13792.4
2024-05-03 04:30:00,5.959,5.959,5.905,5.917,8741.8
2024-05-03 05:00:00,5.917,5.923,5.9,5.915,3860.7
2024-05-03 05:30:00,5.915,5.944,5.91,5.911,3615.3
2024-05-03 06:00:00,5.911,5.92,5.875,5.89,11955.3
2024-05-03 06:30:00,5.89,5.893,5.856,5.866,4498.5
2024-05-03 07:00:00,5.866,5.889,5.866,5.874,5618.9
2024-05-03 07:30:00,5.874,5.874,5.839,5.862,19236.7
2024-05-03 08:00:00,5.862,5.889,5.854,5.889,8096.6
2024-05-03 08:30:00,5.889,5.899,5.874,5.881,6340.9
2024-05-03 09:00:00,5.881,5.898,5.877,5.892,5856.8
2024-05-03 09:30:00,5.892,5.928,5.888,5.913,4925.7
2024-05-03 10:00:00,5.913,5.913,5.877,5.883,11086.9
2024-05-03 10:30:00,5.883,5.886,5.825,5.852,6737.4
2024-05-03 11:00:00,5.852,5.878,5.84,5.878,1560.9
2024-05-03 11:30:00,5.878,5.888,5.852,5.874,4205.0
2024-05-03 12:00:00,5.874,5.896,5.862,5.892,23062.2
2024-05-03 12:30:00,5.892,6.06,5.892,6.017,37998.5
2024-05-03 13:00:00,6.017,6.075,6.009,6.052,11885.3
2024-05-03 13:30:00,6.052,6.096,6.036,6.063,5775.3
2024-05-03 14:00:00,6.063,6.084,6.029,6.063,7379.4
2024-05-03 14:30:00,6.063,6.083,6.032,6.032,6121.4
2024-05-03 15:00:00,6.032,6.045,6.011,6.026,5764.7
2024-05-03 15:30:00,6.026,6.072,6.011,6.044,5544.4
2024-05-03 16:00:00,6.044,6.07,6.044,6.057,2851.2
2024-05-03 16:30:00,6.057,6.062,6.017,6.027,6830.4
2024-05-03 17:00:00,6.027,6.061,6.016,6.061,2070.0
2024-05-03 17:30:00,6.061,6.066,6.048,6.051,5340.9
2024-05-03 18:00:00,6.051,6.068,6.043,6.051,3183.9
2024-05-03 18:30:00,6.051,6.056,6.034,6.04,2979.6
2024-05-03 19:00:00,6.04,6.042,6.005,6.032,5237.7
2024-05-03 19:30:00,6.032,6.054,6.027,6.05,5866.0
2024-05-03 20:00:00,6.05,6.094,6.043,6.091,8354.8
2024-05-03 20:30:00,6.091,6.13,6.078,6.096,16399.9
2024-05-03 21:00:00,6.096,6.115,6.073,6.077,3958.3
2024-05-03 21:30:00,6.077,6.091,6.06,6.08,5299.9
2024-05-03 22:00:00,6.08,6.088,6.058,6.08,4630.4
2024-05-03 22:30:00,6.08,6.08,6.06,6.066,3555.4
2024-05-03 23:00:00,6.066,6.08,6.058,6.076,10397.7
2024-05-03 23:30:00,6.076,6.09,6.037,6.039,10124.1
2024-05-04 00:00:00,6.039,6.053,6.029,6.052,5028.8
2024-05-04 00:30:00,6.052,6.079,6.048,6.06,4700.7
2024-05-04 01:00:00,6.06,6.097,6.036,6.096,1704.4
2024-05-04 01:30:00,6.096,6.096,6.033,6.033,3850.9
2024-05-04 02:00:00,6.033,6.041,6.0,6.017,7025.9
2024-05-04 02:30:00,6.017,6.032,6.003,6.026,3710.4
2024-05-04 03:00:00,6.026,6.048,6.015,6.045,2177.1
2024-05-04 03:30:00,6.045,6.049,6.032,6.045,3966.8
2024-05-04 04:00:00,6.045,6.073,6.038,6.043,4594.3
2024-05-04 04:30:00,6.043,6.074,6.031,6.07,7240.5
2024-05-04 05:00:00,6.07,6.071,6.03,6.033,3021.0
2024-05-04 05:30:00,6.033,6.054,6.033,6.045,1544.2
2024-05-04 06:00:00,6.045,6.045,6.011,6.023,2707.0
2024-05-04 06:30:00,6.023,6.027,6.001,6.013,4876.4
2024-05-04 07:00:00,6.013,6.05,6.012,6.05,4277.6
2024-05-04 07:30:00,6.05,6.05,5.986,6.019,38788.4
2024-05-04 08:00:00,6.019,6.071,6.018,6.06,6919.1
2024-05-04 08:30:00,6.06,6.119,6.06,6.085,9622.1
2024-05-04 09:00:00,6.085,6.087,6.071,6.074,3949.4
2024-05-04 09:30:00,6.074,6.075,6.063,6.071,6026.6
2024-05-04 10:00:00,6.071,6.084,6.061,6.082,4967.2
2024-05-04 10:30:00,6.082,6.189,6.08,6.187,21225.3
2024-05-04 11:00:00,6.187,6.21,6.155,6.176,23829.1
2024-05-04 11:30:00,6.176,6.176,6.087,6.117,11616.3
2024-05-04 12:00:00,6.117,6.157,6.104,6.144,18188.8
2024-05-04 12:30:00,6.144,6.182,6.137,6.182,12765.8
2024-05-04 13:00:00,6.182,6.182,6.134,6.145,5769.6
2024-05-04 13:30:00,6.145,6.146,6.095,6.132,8896.4
2024-05-04 14:00:00,6.132,6.132,6.101,6.113,4170.6
2024-05-04 14:30:00,6.113,6.151,6.113,6.143,5224.5
2024-05-04 15:00:00,6.143,6.154,6.116,6.116,7098.0
2024-05-04 15:30:00,6.116,6.138,6.102,6.131,4333.6
2024-05-04 16:00:00,6.131,6.131,6.079,6.098,12362.0
2024-05-04 16:30:00,6.098,6.135,6.068,6.131,3865.8
2024-05-04 17:00:00,6.131,6.131,6.055,6.076,15202.6
2024-05-04 17:30:00,6.076,6.089,6.071,6.087,1495.2
2024-05-04 18:00:00,6.087,6.125,6.08,6.122,1485.4
2024-05-04 18:30:00,6.122,6.149,6.12,6.124,5316.2
2024-05-04 19:00:00,6.124,6.131,6.11,6.122,7406.2
2024-05-04 19:30:00,6.122,6.155,6.116,6.148,3087.7
2024-05-04 20:00:00,6.148,6.159,6.138,6.139,2302.5
2024-05-04 20:30:00,6.139,6.14,6.111,6.111,2469.8
2024-05-04 21:00:00,6.111,6.112,6.094,6.095,2191.9
2024-05-04 21:30:00,6.095,6.095,6.043,6.074,7396.0
2024-05-04 22:00:00,6.074,6.082,6.064,6.068,1925.7
2024-05-04 22:30:00,6.068,6.081,6.052,6.054,3496.1
2024-05-04 23:00:00,6.054,6.069,6.051,6.054,1405.2
2024-05-04 23:30:00,6.054,6.057,6.033,6.05,4959.2
2024-05-05 00:00:00,6.05,6.071,6.041,6.054,4734.0
2024-05-05 00:30:00,6.054,6.055,5.989,6.034,11630.8
2024-05-05 01:00:00,6.034,6.049,5.978,5.997,27192.9
2024-05-05 01:30:00,5.997,6.006,5.948,6.002,19050.3
2024-05-05 02:00:00,6.002,6.022,5.997,6.011,4727.9
2024-05-05 02:30:00,6.011,6.016,5.977,5.981,4252.4
2024-05-05 03:00:00,5.981,5.99,5.95,5.952,8615.0
2024-05-05 03:30:00,5.952,5.991,5.945,5.974,2801.1
2024-05-05 04:00:00,5.974,5.991,5.966,5.986,5025.2
2024-05-05 04:30:00,5.986,5.99,5.972,5.983,9697.5
2024-05-05 05:00:00,5.983,5.997,5.963,5.977,4284.2
2024-05-05 05:30:00,5.977,5.979,5.947,5.954,4237.5
2024-05-05 06:00:00,5.954,5.979,5.945,5.97,8448.2
2024-05-05 06:30:00,5.97,5.99,5.966,5.974,3542.6
2024-05-05 07:00:00,5.974,5.999,5.967,5.993,4274.6
2024-05-05 07:30:00,5.993,6.015,5.989,5.992,7284.4
2024-05-05 08:00:00,5.992,6.017,5.985,6.008,3305.7
2024-05-05 08:30:00,6.008,6.045,5.977,6.015,3890.7
2024-05-05 09:00:00,6.015,6.017,5.993,6.002,9077.9
2024-05-05 09:30:00,6.002,6.033,5.993,6.018,3930.2
2024-05-05 10:00:00,6.018,6.024,5.988,5.993,5312.2
2024-05-05 10:30:00,5.993,6.007,5.986,6.003,2532.8
2024-05-05 11:00:00,6.003,6.014,5.987,6.01,2578.7
2024-05-05 11:30:00,6.01,6.02,5.997,6.017,3378.4
2024-05-05 12:00:00,6.017,6.018,5.991,5.998,5559.5
2024-05-05 12:30:00,5.998,5.999,5.973,5.98,8039.0
2024-05-05 13:00:00,5.98,6.027,5.96,6.001,26674.8
2024-05-05 13:30:00,6.001,6.022,5.964,6.017,3434.1
2024-05-05 14:00:00,6.017,6.02,5.984,6.017,5859.5
2024-05-05 14:30:00,6.017,6.094,6.013,6.086,14368.2
2024-05-05 15:00:00,6.086,6.143,6.062,6.132,41683.9
2024-05-05 15:30:00,6.132,6.152,6.111,6.12,16452.5
2024-05-05 16:00:00,6.12,6.286,6.12,6.26,46666.4
2024-05-05 16:30:00,6.26,6.271,6.192,6.216,18408.3
2024-05-05 17:00:00,6.216,6.277,6.197,6.276,14620.0
2024-05-05 17:30:00,6.276,6.294,6.249,6.256,8802.0
2024-05-05 18:00:00,6.256,6.256,6.166,6.166,15439.3
2024-05-05 18:30:00,6.166,6.18,6.148,6.167,12682.0
2024-05-05 19:00:00,6.167,6.175,6.145,6.162,1948.2
2024-05-05 19:30:00,6.162,6.167,6.147,6.149,2027.9
2024-05-05 20:00:00,6.149,6.179,6.148,6.148,6025.6
2024-05-05 20:30:00,6.148,6.16,6.126,6.15,22017.1
2024-05-05 21:00:00,6.15,6.152,6.108,6.143,3105.6
2024-05-05 21:30:00,6.143,6.163,6.129,6.16,2737.1
2024-05-05 22:00:00,6.16,6.16,6.133,6.136,1838.2
2024-05-05 22:30:00,6.136,6.143,6.115,6.14,2951.4
2024-05-05 23:00:00,6.14,6.169,6.14,6.168,5143.4
2024-05-05 23:30:00,6.168,6.178,6.144,6.15,32706.1
2024-05-06 00:00:00,6.15,6.172,6.125,6.151,4528.3
2024-05-06 00:30:00,6.151,6.207,6.146,6.188,21180.5
2024-05-06 01:00:00,6.188,6.216,6.171,6.185,6545.9
2024-05-06 01:30:00,6.185,6.185,6.153,6.161,7323.5
2024-05-06 02:00:00,6.161,6.195,6.151,6.181,5191.5
2024-05-06 02:30:00,6.181,6.181,6.143,6.145,3761.5
2024-05-06 03:00:00,6.145,6.157,6.112,6.147,5076.5
2024-05-06 03:30:00,6.147,6.175,6.142,6.165,2735.1
2024-05-06 04:00:00,6.165,6.165,6.147,6.157,2109.6
2024-05-06 04:30:00,6.157,6.192,6.137,6.19,11459.9
2024-05-06 05:00:00,6.19,6.226,6.158,6.222,4019.5
2024-05-06 05:30:00,6.222,6.231,6.202,6.221,4028.4
2024-05-06 06:00:00,6.221,6.267,6.218,6.234,8109.9
2024-05-06 06:30:00,6.234,6.267,6.223,6.258,27455.1
2024-05-06 07:00:00,6.258,6.294,6.254,6.294,11153.1
2024-05-06 07:30:00,6.294,6.319,6.286,6.311,10134.6
2024-05-06 08:00:00,6.311,6.415,6.306,6.394,21301.4
2024-05-06 08:30:00,6.394,6.408,6.325,6.353,19086.1
2024-05-06 09:00:00,6.353,6.39,6.343,6.373,5340.1
2024-05-06 09:30:00,6.373,6.398,6.36,6.376,19936.4
2024-05-06 10:00:00,6.376,6.387,6.33,6.333,13205.9
2024-05-06 10:30:00,6.333,6.339,6.184,6.212,32452.6
2024-05-06 11:00:00,6.212,6.256,6.211,6.241,7407.6
2024-05-06 11:30:00,6.241,6.256,6.207,6.249,6357.1
2024-05-06 12:00:00,6.249,6.256,6.191,6.194,6221.1
2024-05-06 12:30:00,6.194,6.219,6.066,6.122,51007.0
2024-05-06 13:00:00,6.122,6.163,6.106,6.134,13445.5
2024-05-06 13:30:00,6.134,6.192,6.13,6.176,11998.1
2024-05-06 14:00:00,6.176,6.205,6.172,6.176,6775.5
2024-05-06 14:30:00,6.176,6.177,6.075,6.079,10583.8
2024-05-06 15:00:00,6.079,6.12,6.039,6.12,16987.5
2024-05-06 15:30:00,6.12,6.157,6.108,6.134,5318.4
2024-05-06 16:00:00,6.134,6.153,6.115,6.127,6029.6
2024-05-06 16:30:00,6.127,6.134,6.077,6.089,9362.8
2024-05-06 17:00:00,6.089,6.155,6.089,6.137,3713.5
2024-05-06 17:30:00,6.137,6.144,6.068,6.106,6378.8
2024-05-06 18:00:00,6.106,6.135,6.097,6.122,1490.7
2024-05-06 18:30:00,6.122,6.157,6.084,6.129,2305.0
2024-05-06 19:00:00,6.129,6.131,6.045,6.096,5977.3
2024-05-06 19:30:00,6.096,6.099,6.048,6.091,2467.0
2024-05-06 20:00:00,6.091,6.124,6.076,6.124,2816.3
2024-05-06 20:30:00,6.124,6.133,6.106,6.111,3285.6
2024-05-06 21:00:00,6.111,6.137,6.106,6.127,4014.0
2024-05-06 21:30:00,6.127,6.132,6.091,6.113,2806.5
2024-05-06 22:00:00,6.113,6.113,6.074,6.078,2909.3
2024-05-06 22:30:00,6.078,6.081,6.045,6.052,4510.7
2024-05-06 23:00:00,6.052,6.053,6.016,6.034,4663.9
2024-05-06 23:30:00,6.034,6.037,6.011,6.023,5655.4
2024-05-07 00:00:00,6.023,6.036,5.981,6.029,6266.3
2024-05-07 00:30:00,6.029,6.057,6.022,6.028,14145.3
2024-05-07 01:00:00,6.028,6.055,6.013,6.037,2463.8
2024-05-07 01:30:00,6.037,6.087,6.034,6.068,4761.8
2024-05-07 02:00:00,6.068,6.085,6.064,6.082,8079.8
2024-05-07 02:30:00,6.082,6.084,6.054,6.059,4132.2
2024-05-07 03:00:00,6.059,6.062,5.886,5.9,44052.3
2024-05-07 03:30:00,5.9,5.956,5.884,5.95,18873.8
2024-05-07 04:00:00,5.95,5.981,5.941,5.974,5197.0
2024-05-07 04:30:00,5.974,5.984,5.961,5.983,1570.0
2024-05-07 05:00:00,5.983,5.99,5.96,5.964,2907.8
2024-05-07 05:30:00,5.964,5.992,5.926,5.964,11705.6
2024-05-07 06:00:00,5.964,5.976,5.929,5.947,2003.3
2024-05-07 06:30:00,5.947,5.959,5.921,5.949,2392.8
2024-05-07 07:00:00,5.949,5.984,5.935,5.978,2162.1
2024-05-07 07:30:00,5.978,5.978,5.961,5.965,5141.8
2024-05-07 08:00:00,5.965,6.043,5.957,6.04,11105.4
2024-05-07 08:30:00,6.04,6.051,6.016,6.035,12316.6
2024-05-07 09:00:00,6.035,6.068,6.029,6.057,18809.5
2024-05-07 09:30:00,6.057,6.057,6.033,6.034,10641.9
2024-05-07 10:00:00,6.034,6.044,6.001,6.011,7466.6
2024-05-07 10:30:00,6.011,6.04,6.011,6.034,5087.1
2024-05-07 11:00:00,6.034,6.055,6.02,6.038,3809.8
2024-05-07 11:30:00,6.038,6.043,5.959,5.97,18150.1
2024-05-07 12:00:00,5.97,5.992,5.964,5.984,4850.7
2024-05-07 12:30:00,5.984,6.096,5.981,6.065,137438.4
2024-05-07 13:00:00,6.065,6.086,6.045,6.052,7198.4
2024-05-07 13:30:00,6.052,6.074,5.999,6.024,8127.6
2024-05-07 14:00:00,6.024,6.042,6.009,6.012,1192.7
2024-05-07 14:30:00,6.012,6.105,5.989,6.102,7879.0
2024-05-07 15:00:00,6.102,6.128,6.07,6.086,10468.2
2024-05-07 15:30:00,6.086,6.086,5.995,6.019,30775.5
2024-05-07 16:00:00,6.019,6.033,5.999,6.009,6676.9
2024-05-07 16:30:00,6.009,6.01,5.971,5.996,5166.9
2024-05-07 17:00:00,5.996,5.997,5.972,5.979,4074.0
2024-05-07 17:30:00,5.979,5.992,5.964,5.971,3198.7
2024-05-07 18:00:00,5.971,5.971,5.918,5.918,13598.9
2024-05-07 18:30:00,5.918,5.931,5.88,5.913,73727.5
2024-05-07 19:00:00,5.913,5.923,5.865,5.879,34105.8
2024-05-07 19:30:00,5.879,5.892,5.878,5.887,2388.8
2024-05-07 20:00:00,5.887,5.919,5.883,5.905,2235.7
2024-05-07 20:30:00,5.905,5.908,5.875,5.899,5222.8
2024-05-07 21:00:00,5.899,5.932,5.893,5.929,2911.7
2024-05-07 21:30:00,5.929,5.934,5.828,5.875,13471.5
2024-05-07 22:00:00,5.875,5.875,5.789,5.847,27912.1
2024-05-07 22:30:00,5.847,5.873,5.829,5.829,5068.7
2024-05-07 23:00:00,5.829,5.834,5.766,5.79,16984.8
2024-05-07 23:30:00,5.79,5.808,5.76,5.769,13842.8
2024-05-08 00:00:00,5.769,5.795,5.728,5.736,12718.0
2024-05-08 00:30:00,5.736,5.775,5.681,5.768,61847.9
2024-05-08 01:00:00,5.768,5.798,5.753,5.769,18628.0
2024-05-08 01:30:00,5.769,5.769,5.738,5.755,10897.1
2024-05-08 02:00:00,5.755,5.781,5.754,5.771,2091.7
2024-05-08 02:30:00,5.771,5.789,5.769,5.77,3116.4
2024-05-08 03:00:00,5.77,5.784,5.752,5.776,5526.9
2024-05-08 03:30:00,5.776,5.808,5.773,5.794,2325.9
2024-05-08 04:00:00,5.794,5.8,5.775,5.777,1993.6
2024-05-08 04:30:00,5.777,5.78,5.709,5.741,17499.7
2024-05-08 05:00:00,5.741,5.758,5.714,5.754,20291.1
2024-05-08 05:30:00,5.754,5.774,5.749,5.753,2643.1
2024-05-08 06:00:00,5.753,5.771,5.688,5.715,14704.8
2024-05-08 06:30:00,5.715,5.762,5.71,5.745,4807.1
2024-05-08 07:00:00,5.745,5.759,5.7,5.7,6643.2
2024-05-08 07:30:00,5.7,5.731,5.692,5.71,3497.4
2024-05-08 08:00:00,5.71,5.742,5.675,5.732,4736.1
2024-05-08 08:30:00,5.732,5.745,5.696,5.727,2827.7
2024-05-08 09:00:00,5.727,5.739,5.699,5.705,6124.6
2024-05-08 09:30:00,5.705,5.728,5.675,5.724,8439.8
2024-05-08 10:00:00,5.724,5.739,5.721,5.735,8089.6
2024-05-08 10:30:00,5.735,5.738,5.715,5.728,3843.6
2024-05-08 11:00:00,5.728,5.731,5.683,5.686,10368.3
2024-05-08 11:30:00,5.686,5.72,5.68,5.702,3975.0
2024-05-08 12:00:00,5.702,5.73,5.692,5.711,2808.0
2024-05-08 12:30:00,5.711,5.722,5.676,5.718,18181.4
2024-05-08 13:00:00,5.718,5.75,5.694,5.728,36134.2
2024-05-08 13:30:00,5.728,5.784,5.722,5.783,8451.4
2024-05-08 14:00:00,5.783,5.8,5.744,5.778,3902.0
2024-05-08 14:30:00,5.778,5.812,5.773,5.794,7514.4
2024-05-08 15:00:00,5.794,5.801,5.713,5.72,8175.7
2024-05-08 15:30:00,5.72,5.784,5.705,5.758,2568.7
2024-05-08 16:00:00,5.758,5.768,5.71,5.765,2845.6
2024-05-08 16:30:00,5.765,5.768,5.743,5.768,1786.3
2024-05-08 17:00:00,5.768,5.797,5.756,5.765,2675.5
2024-05-08 17:30:00,5.765,5.781,5.752,5.766,1780.3
2024-05-08 18:00:00,5.766,5.808,5.76,5.796,6540.3
2024-05-08 18:30:00,5.796,5.798,5.76,5.766,3499.4
2024-05-08 19:00:00,5.766,5.771,5.693,5.706,3828.0
2024-05-08 19:30:00,5.706,5.749,5.701,5.723,3715.8
2024-05-08 20:00:00,5.723,5.746,5.613,5.648,21351.5
2024-05-08 20:30:00,5.648,5.657,5.6,5.641,12977.3
2024-05-08 21:00:00,5.641,5.671,5.618,5.666,2864.0
2024-05-08 21:30:00,5.666,5.687,5.657,5.683,1369.4
2024-05-08 22:00:00,5.683,5.693,5.662,5.688,2678.3
2024-05-08 22:30:00,5.688,5.715,5.688,5.714,6541.7
2024-05-08 23:00:00,5.714,5.745,5.686,5.701,4360.9
2024-05-08 23:30:00,5.701,5.722,5.686,5.699,2682.7
2024-05-09 00:00:00,5.699,5.729,5.677,5.729,8088.7
2024-05-09 00:30:00,5.729,5.745,5.723,5.729,4131.7
2024-05-09 01:00:00,5.729,5.748,5.714,5.727,2468.0
2024-05-09 01:30:00,5.727,5.749,5.726,5.747,3971.1
2024-05-09 02:00:00,5.747,5.749,5.72,5.747,870.9
2024-05-09 02:30:00,5.747,5.764,5.744,5.748,2838.9
2024-05-09 03:00:00,5.748,5.756,5.721,5.737,2116.3
2024-05-09 03:30:00,5.737,5.759,5.736,5.751,1257.7
2024-05-09 04:00:00,5.751,5.776,5.749,5.77,3627.2
2024-05-09 04:30:00,5.77,5.783,5.758,5.768,3303.4
2024-05-09 05:00:00,5.768,5.796,5.761,5.775,2970.6
2024-05-09 05:30:00,5.775,5.793,5.763,5.773,2147.9
2024-05-09 06:00:00,5.773,5.803,5.773,5.781,33757.3
2024-05-09 06:30:00,5.781,5.79,5.764,5.774,5700.6
2024-05-09 07:00:00,5.774,5.792,5.767,5.774,5924.2
2024-05-09 07:30:00,5.774,5.777,5.728,5.752,34668.8
2024-05-09 08:00:00,5.752,5.766,5.729,5.744,4929.4
2024-05-09 08:30:00,5.744,5.768,5.743,5.768,3514.2
2024-05-09 09:00:00,5.768,5.777,5.721,5.735,42054.7
2024-05-09 09:30:00,5.735,5.75,5.695,5.749,8110.1
2024-05-09 10:00:00,5.749,5.752,5.696,5.707,6336.9
2024-05-09 10:30:00,5.707,5.738,5.696,5.696,7158.8
2024-05-09 11:00:00,5.696,5.754,5.688,5.749,5141.6
2024-05-09 11:30:00,5.749,5.768,5.739,5.758,9492.1
2024-05-09 12:00:00,5.758,5.78,5.754,5.778,3675.2
2024-05-09 12:30:00,5.778,5.825,5.751,5.774,14183.0
2024-05-09 13:00:00,5.774,5.783,5.754,5.764,2032.9
2024-05-09 13:30:00,5.764,5.773,5.703,5.735,6589.5
2024-05-09 14:00:00,5.735,5.768,5.709,5.737,5712.1
2024-05-09 14:30:00,5.737,5.757,5.735,5.747,2049.7
2024-05-09 15:00:00,5.747,5.823,5.733,5.811,7755.6
2024-05-09 15:30:00,5.811,5.828,5.777,5.815,11093.8
2024-05-09 16:00:00,5.815,5.857,5.811,5.828,14737.4
2024-05-09 16:30:00,5.828,5.829,5.773,5.781,40893.9
2024-05-09 17:00:00,5.781,5.809,5.763,5.791,4966.0
2024-05-09 17:30:00,5.791,5.819,5.791,5.805,3577.7
2024-05-09 18:00:00,5.805,5.825,5.798,5.822,2168.9
2024-05-09 18:30:00,5.822,5.84,5.818,5.84,2207.5
2024-05-09 19:00:00,5.84,5.848,5.822,5.844,6153.6
2024-05-09 19:30:00,5.844,5.86,5.837,5.851,3667.0
2024-05-09 20:00:00,5.851,5.866,5.834,5.838,2074.5
2024-05-09 20:30:00,5.838,5.851,5.83,5.843,2570.2
2024-05-09 21:00:00,5.843,5.863,5.832,5.833,1644.9
2024-05-09 21:30:00,5.833,5.845,5.831,5.843,4752.1
2024-05-09 22:00:00,5.843,5.875,5.831,5.873,13006.6
2024-05-09 22:30:00,5.873,5.929,5.862,5.919,10838.0
2024-05-09 23:00:00,5.919,5.93,5.892,5.909,7294.7
2024-05-09 23:30:00,5.909,5.929,5.889,5.914,4055.3
2024-05-10 00:00:00,5.914,5.929,5.889,5.897,27991.6
2024-05-10 00:30:00,5.897,5.908,5.876,5.886,2887.7
2024-05-10 01:00:00,5.886,5.906,5.862,5.901,10343.9
2024-05-10 01:30:00,5.901,5.94,5.895,5.925,4643.2
2024-05-10 02:00:00,5.925,5.931,5.908,5.921,18714.8
2024-05-10 02:30:00,5.921,5.932,5.903,5.909,4542.6
2024-05-10 03:00:00,5.909,5.915,5.891,5.911,1721.6
2024-05-10 03:30:00,5.911,5.924,5.903,5.918,11762.9
2024-05-10 04:00:00,5.918,5.946,5.913,5.944,9004.5
2024-05-10 04:30:00,5.944,5.949,5.929,5.944,6667.6
2024-05-10 05:00:00,5.944,5.948,5.9,5.907,2419.1
2024-05-10 05:30:00,5.907,5.92,5.904,5.913,3604.4
2024-05-10 06:00:00,5.913,5.939,5.91,5.925,1959.9
2024-05-10 06:30:00,5.925,5.961,5.913,5.955,4255.7
2024-05-10 07:00:00,5.955,5.969,5.935,5.963,5780.2
2024-05-10 07:30:00,5.963,5.964,5.945,5.948,3613.2
2024-05-10 08:00:00,5.948,5.957,5.927,5.953,3806.1
2024-05-10 08:30:00,5.953,5.955,5.927,5.935,6255.0
2024-05-10 09:00:00,5.935,5.935,5.908,5.913,28842.9
2024-05-10 09:30:00,5.913,5.929,5.908,5.917,2796.3
2024-05-10 10:00:00,5.917,5.925,5.901,5.921,6523.4
2024-05-10 10:30:00,5.921,5.926,5.909,5.918,1398.5
2024-05-10 11:00:00,5.918,5.922,5.886,5.907,4739.0
2024-05-10 11:30:00,5.907,5.92,5.889,5.917,4968.8
2024-05-10 12:00:00,5.917,5.933,5.894,5.904,27256.9
2024-05-10 12:30:00,5.904,5.91,5.876,5.885,9317.7
2024-05-10 13:00:00,5.885,5.89,5.856,5.861,21873.0
2024-05-10 13:30:00,5.861,5.894,5.861,5.878,14219.3
2024-05-10 14:00:00,5.878,5.885,5.797,5.806,32336.4
2024-05-10 14:30:00,5.806,5.817,5.65,5.695,87597.9
2024-05-10 15:00:00,5.695,5.726,5.661,5.717,28535.9
2024-05-10 15:30:00,5.717,5.729,5.678,5.699,9072.3
2024-05-10 16:00:00,5.699,5.711,5.607,5.673,20673.2
2024-05-10 16:30:00,5.673,5.692,5.625,5.68,11381.1
2024-05-10 17:00:00,5.68,5.685,5.62,5.643,15294.4
2024-05-10 17:30:00,5.643,5.666,5.621,5.661,17292.3
2024-05-10 18:00:00,5.661,5.662,5.626,5.652,7179.4
2024-05-10 18:30:00,5.652,5.683,5.652,5.679,5605.9
2024-05-10 19:00:00,5.679,5.697,5.658,5.663,2652.3
2024-05-10 19:30:00,5.663,5.668,5.636,5.656,1921.8
2024-05-10 20:00:00,5.656,5.68,5.607,5.621,22121.6
2024-05-10 20:30:00,5.621,5.639,5.591,5.639,16248.8
2024-05-10 21:00:00,5.639,5.669,5.629,5.662,22168.1
2024-05-10 21:30:00,5.662,5.667,5.62,5.633,10951.7
2024-05-10 22:00:00,5.633,5.644,5.568,5.584,10566.0
2024-05-10 22:30:00,5.584,5.594,5.557,5.592,6451.0
2024-05-10 23:00:00,5.592,5.626,5.59,5.615,5564.4
2024-05-10 23:30:00,5.615,5.632,5.613,5.616,2629.5
2024-05-11 00:00:00,5.616,5.656,5.604,5.65,10761.8
2024-05-11 00:30:00,5.65,5.657,5.614,5.638,2478.1
2024-05-11 01:00:00,5.638,5.683,5.632,5.661,3178.7
2024-05-11 01:30:00,5.661,5.661,5.641,5.65,13461.1
2024-05-11 02:00:00,5.65,5.659,5.624,5.636,1909.0
2024-05-11 02:30:00,5.636,5.663,5.635,5.652,1479.5
2024-05-11 03:00:00,5.652,5.658,5.635,5.648,2193.6
2024-05-11 03:30:00,5.648,5.663,5.629,5.648,7269.2
2024-05-11 04:00:00,5.648,5.658,5.626,5.633,2777.8
2024-05-11 04:30:00,5.633,5.646,5.629,5.633,2008.6
2024-05-11 05:00:00,5.633,5.656,5.633,5.648,962.2
2024-05-11 05:30:00,5.648,5.66,5.631,5.642,1704.5
2024-05-11 06:00:00,5.642,5.655,5.631,5.654,1395.0
2024-05-11 06:30:00,5.654,5.661,5.636,5.641,4855.1
2024-05-11 07:00:00,5.641,5.656,5.638,5.653,1353.9
2024-05-11 07:30:00,5.653,5.668,5.643,5.65,4871.8
2024-05-11 08:00:00,5.65,5.658,5.609,5.613,6362.0
2024-05-11 08:30:00,5.613,5.621,5.591,5.592,25582.7
2024-05-11 09:00:00,5.592,5.606,5.577,5.597,9683.5
2024-05-11 09:30:00,5.597,5.605,5.591,5.6,2644.9
2024-05-11 10:00:00,5.6,5.6,5.57,5.574,5218.4
2024-05-11 10:30:00,5.574,5.582,5.539,5.576,6348.2
2024-05-11 11:00:00,5.576,5.581,5.549,5.578,7917.7
2024-05-11 11:30:00,5.578,5.604,5.576,5.581,1786.6
2024-05-11 12:00:00,5.581,5.599,5.572,5.587,1824.8
2024-05-11 12:30:00,5.587,5.592,5.568,5.584,2492.6
2024-05-11 13:00:00,5.584,5.613,5.572,5.592,7141.9
2024-05-11 13:30:00,5.592,5.622,5.586,5.619,3132.9
2024-05-11 14:00:00,5.619,5.622,5.59,5.59,3876.2
2024-05-11 14:30:00,5.59,5.6,5.579,5.588,1531.3
2024-05-11 15:00:00,5.588,5.672,5.588,5.627,10657.9
2024-05-11 15:30:00,5.627,5.643,5.606,5.62,22363.9
2024-05-11 16:00:00,5.62,5.647,5.609,5.638,8204.0
2024-05-11 16:30:00,5.638,5.653,5.628,5.639,27336.6
2024-05-11 17:00:00,5.639,5.647,5.623,5.633,1528.7
2024-05-11 17:30:00,5.633,5.647,5.63,5.636,2723.5
2024-05-11 18:00:00,5.636,5.636,5.604,5.616,3118.3
2024-05-11 18:30:00,5.616,5.644,5.616,5.632,13056.0
2024-05-11 19:00:00,5.632,5.643,5.626,5.631,9248.5
2024-05-11 19:30:00,5.631,5.648,5.626,5.643,866.3
2024-05-11 20:00:00,5.643,5.646,5.622,5.628,1738.2
2024-05-11 20:30:00,5.628,5.639,5.603,5.633,1870.0
2024-05-11 21:00:00,5.633,5.633,5.601,5.607,1784.0
2024-05-11 21:30:00,5.607,5.62,5.594,5.612,5107.7
2024-05-11 22:00:00,5.612,5.631,5.609,5.614,5676.2
2024-05-11 22:30:00,5.614,5.631,5.61,5.628,2500.7
2024-05-11 23:00:00,5.628,5.633,5.615,5.626,3583.2
2024-05-11 23:30:00,5.626,5.626,5.593,5.604,2544.6
2024-05-12 00:00:00,5.604,5.633,5.593,5.625,2058.1
2024-05-12 00:30:00,5.625,5.632,5.609,5.617,786.7
2024-05-12 01:00:00,5.617,5.632,5.608,5.612,727.3
2024-05-12 01:30:00,5.612,5.626,5.608,5.612,598.5
2024-05-12 02:00:00,5.612,5.618,5.6,5.605,783.0
2024-05-12 02:30:00,5.605,5.636,5.605,5.627,1381.4
2024-05-12 03:00:00,5.627,5.629,5.611,5.629,865.3
2024-05-12 03:30:00,5.629,5.635,5.622,5.626,1957.5
2024-05-12 04:00:00,5.626,5.637,5.624,5.631,1077.2
2024-05-12 04:30:00,5.631,5.653,5.626,5.652,7989.8
2024-05-12 05:00:00,5.652,5.653,5.64,5.642,2819.8
2024-05-12 05:30:00,5.642,5.654,5.641,5.642,2439.7
2024-05-12 06:00:00,5.642,5.648,5.635,5.641,7530.4
2024-05-12 06:30:00,5.641,5.643,5.628,5.638,5511.8
2024-05-12 07:00:00,5.638,5.643,5.603,5.605,7284.9
2024-05-12 07:30:00,5.605,5.609,5.579,5.595,7907.5
2024-05-12 08:00:00,5.595,5.614,5.59,5.609,2760.7
2024-05-12 08:30:00,5.609,5.63,5.604,5.616,4886.8
2024-05-12 09:00:00,5.616,5.616,5.597,5.605,2998.6
2024-05-12 09:30:00,5.605,5.615,5.593,5.615,926.6
2024-05-12 10:00:00,5.615,5.657,5.601,5.656,11984.8
2024-05-12 10:30:00,5.656,5.665,5.636,5.64,3945.5
2024-05-12 11:00:00,5.64,5.651,5.632,5.64,16631.7
2024-05-12 11:30:00,5.64,5.647,5.631,5.642,705.1
2024-05-12 12:00:00,5.642,5.648,5.634,5.637,937.5
2024-05-12 12:30:00,5.637,5.657,5.634,5.642,1291.1
2024-05-12 13:00:00,5.642,5.648,5.633,5.644,559.2
2024-05-12 13:30:00,5.644,5.658,5.636,5.651,2429.1
2024-05-12 14:00:00,5.651,5.655,5.635,5.639,4352.0
2024-05-12 14:30:00,5.639,5.642,5.629,5.632,4356.0
2024-05-12 15:00:00,5.632,5.666,5.625,5.662,13582.9
2024-05-12 15:30:00,5.662,5.69,5.662,5.668,16219.1
2024-05-12 16:00:00,5.668,5.692,5.661,5.674,3360.2
2024-05-12 16:30:00,5.674,5.682,5.641,5.642,2286.6
2024-05-12 17:00:00,5.642,5.658,5.62,5.645,6272.4
2024-05-12 17:30:00,5.645,5.655,5.632,5.646,1634.5
2024-05-12 18:00:00,5.646,5.652,5.626,5.634,4541.0
2024-05-12 18:30:00,5.634,5.634,5.614,5.617,3277.1
2024-05-12 19:00:00,5.617,5.617,5.589,5.61,3793.6
2024-05-12 19:30:00,5.61,5.622,5.606,5.616,782.2
2024-05-12 20:00:00,5.616,5.621,5.6,5.617,2446.2
2024-05-12 20:30:00,5.617,5.629,5.614,5.62,1818.2
2024-05-12 21:00:00,5.62,5.62,5.55,5.581,6001.4
2024-05-12 21:30:00,5.581,5.612,5.58,5.61,1967.4
2024-05-12 22:00:00,5.61,5.621,5.603,5.607,4109.6
2024-05-12 22:30:00,5.607,5.615,5.604,5.605,2229.5
2024-05-12 23:00:00,5.605,5.617,5.602,5.607,2663.3
2024-05-12 23:30:00,5.607,5.613,5.594,5.6,1623.0
2024-05-13 00:00:00,5.6,5.63,5.596,5.627,1599.1
2024-05-13 00:30:00,5.627,5.635,5.597,5.607,2314.4
2024-05-13 01:00:00,5.607,5.607,5.554,5.576,4648.2
2024-05-13 01:30:00,5.576,5.576,5.479,5.528,63137.3
2024-05-13 02:00:00,5.528,5.547,5.46,5.473,32285.4
2024-05-13 02:30:00,5.473,5.476,5.393,5.445,28276.0
2024-05-13 03:00:00,5.445,5.445,5.363,5.423,26198.0
2024-05-13 03:30:00,5.423,5.436,5.393,5.434,5372.2
2024-05-13 04:00:00,5.434,5.434,5.401,5.403,2831.7
2024-05-13 04:30:00,5.403,5.412,5.377,5.402,3061.7
2024-05-13 05:00:00,5.402,5.437,5.395,5.407,9672.3
2024-05-13 05:30:00,5.407,5.426,5.393,5.397,16102.7
2024-05-13 06:00:00,5.397,5.461,5.391,5.453,7010.7
2024-05-13 06:30:00,5.453,5.516,5.445,5.516,7955.2
2024-05-13 07:00:00,5.516,5.569,5.506,5.556,9429.0
2024-05-13 07:30:00,5.556,5.611,5.533,5.595,5573.2
2024-05-13 08:00:00,5.595,5.665,5.595,5.641,19483.1
2024-05-13 08:30:00,5.641,5.664,5.629,5.652,10657.8
2024-05-13 09:00:00,5.652,5.695,5.649,5.676,10535.4
2024-05-13 09:30:00,5.676,5.705,5.662,5.687,8064.9
2024-05-13 10:00:00,5.687,5.692,5.65,5.653,7720.5
2024-05-13 10:30:00,5.653,5.661,5.616,5.624,11983.1
2024-05-13 11:00:00,5.624,5.643,5.606,5.634,3151.6
2024-05-13 11:30:00,5.634,5.65,5.627,5.642,4308.7
2024-05-13 12:00:00,5.642,5.646,5.601,5.631,2904.0
2024-05-13 12:30:00,5.631,5.641,5.611,5.621,5588.7
2024-05-13 13:00:00,5.621,5.643,5.613,5.634,6227.3
2024-05-13 13:30:00,5.634,5.643,5.608,5.618,2255.5
2024-05-13 14:00:00,5.618,5.681,5.616,5.665,8968.9
2024-05-13 14:30:00,5.665,5.667,5.636,5.643,7810.0
2024-05-13 15:00:00,5.643,5.665,5.642,5.659,7053.0
2024-05-13 15:30:00,5.659,5.675,5.649,5.66,4825.2
2024-05-13 16:00:00,5.66,5.696,5.604,5.676,19398.4
2024-05-13 16:30:00,5.676,5.708,5.652,5.67,8301.8
2024-05-13 17:00:00,5.67,5.679,5.587,5.596,12204.1
2024-05-13 17:30:00,5.596,5.606,5.56,5.578,7761.7
2024-05-13 18:00:00,5.578,5.581,5.518,5.535,12891.1
2024-05-13 18:30:00,5.535,5.57,5.533,5.568,4546.7
2024-05-13 19:00:00,5.568,5.622,5.566,5.593,13729.9
2024-05-13 19:30:00,5.593,5.596,5.575,5.589,5974.8
2024-05-13 20:00:00,5.589,5.601,5.569,5.595,1519.3
2024-05-13 20:30:00,5.595,5.614,5.591,5.598,7230.2
2024-05-13 21:00:00,5.598,5.616,5.591,5.612,2608.3
2024-05-13 21:30:00,5.612,5.628,5.587,5.602,5627.8
2024-05-13 22:00:00,5.602,5.611,5.587,5.591,2143.4
2024-05-13 22:30:00,5.591,5.602,5.577,5.582,2001.6
2024-05-13 23:00:00,5.582,5.609,5.58,5.609,5112.2
2024-05-13 23:30:00,5.609,5.609,5.588,5.597,1306.2
2024-05-14 00:00:00,5.597,5.6,5.576,5.595,2312.5
2024-05-14 00:30:00,5.595,5.618,5.554,5.566,5603.1
2024-05-14 01:00:00,5.566,5.604,5.555,5.59,2007.4
2024-05-14 01:30:00,5.59,5.598,5.53,5.545,4621.3
2024-05-14 02:00:00,5.545,5.559,5.507,5.526,11024.8
2024-05-14 02:30:00,5.526,5.558,5.52,5.547,2347.7
2024-05-14 03:00:00,5.547,5.584,5.535,5.568,1134.4
2024-05-14 03:30:00,5.568,5.577,5.548,5.558,2345.1
2024-05-14 04:00:00,5.558,5.583,5.547,5.567,2504.4
2024-05-14 04:30:00,5.567,5.567,5.545,5.564,2895.3
2024-05-14 05:00:00,5.564,5.587,5.548,5.585,1267.4
2024-05-14 05:30:00,5.585,5.588,5.557,5.56,2442.7
2024-05-14 06:00:00,5.56,5.561,5.417,5.453,22229.1
2024-05-14 06:30:00,5.453,5.512,5.453,5.506,6432.9
2024-05-14 07:00:00,5.506,5.536,5.504,5.526,2431.0
2024-05-14 07:30:00,5.526,5.546,5.517,5.546,4853.6
2024-05-14 08:00:00,5.546,5.546,5.507,5.517,3931.3
2024-05-14 08:30:00,5.517,5.522,5.489,5.513,2608.7
2024-05-14 09:00:00,5.513,5.522,5.501,5.506,2514.7
2024-05-14 09:30:00,5.506,5.507,5.48,5.485,3119.5
2024-05-14 10:00:00,5.485,5.498,5.474,5.494,3775.2
2024-05-14 10:30:00,5.494,5.509,5.479,5.498,3227.4
2024-05-14 11:00:00,5.498,5.515,5.493,5.508,7841.4
2024-05-14 11:30:00,5.508,5.511,5.486,5.495,1135.6
2024-05-14 12:00:00,5.495,5.53,5.488,5.507,2148.0
2024-05-14 12:30:00,5.507,5.507,5.451,5.464,5607.9
2024-05-14 13:00:00,5.464,5.496,5.453,5.492,18137.0
2024-05-14 13:30:00,5.492,5.5,5.428,5.44,20774.9
2024-05-14 14:00:00,5.44,5.463,5.372,5.459,21394.4
2024-05-14 14:30:00,5.459,5.488,5.408,5.432,11872.5
2024-05-14 15:00:00,5.432,5.48,5.415,5.462,4073.7
2024-05-14 15:30:00,5.462,5.464,5.424,5.445,10997.5
2024-05-14 16:00:00,5.445,5.45,5.387,5.399,7633.9
2024-05-14 16:30:00,5.399,5.423,5.392,5.419,6521.2
2024-05-14 17:00:00,5.419,5.419,5.363,5.376,41354.3
2024-05-14 17:30:00,5.376,5.376,5.333,5.362,10649.7
2024-05-14 18:00:00,5.362,5.396,5.349,5.369,3009.8
2024-05-14 18:30:00,5.369,5.388,5.363,5.377,2294.8
2024-05-14 19:00:00,5.377,5.411,5.375,5.411,3105.7
2024-05-14 19:30:00,5.411,5.411,5.381,5.387,3166.9
2024-05-14 20:00:00,5.387,5.395,5.372,5.389,3677.8
2024-05-14 20:30:00,5.389,5.392,5.367,5.375,2541.7
2024-05-14 21:00:00,5.375,5.38,5.334,5.346,4202.5
2024-05-14 21:30:00,5.346,5.37,5.332,5.357,3636.9
2024-05-14 22:00:00,5.357,5.36,5.311,5.323,21740.3
2024-05-14 22:30:00,5.323,5.358,5.318,5.348,8314.6
2024-05-14 23:00:00,5.348,5.348,5.323,5.338,4567.3
2024-05-14 23:30:00,5.338,5.347,5.319,5.343,5778.1
2024-05-15 00:00:00,5.343,5.369,5.34,5.369,6800.9
2024-05-15 00:30:00,5.369,5.374,5.277,5.308,31497.9
2024-05-15 01:00:00,5.308,5.354,5.304,5.352,5879.5
2024-05-15 01:30:00,5.352,5.361,5.34,5.349,3135.6
2024-05-15 02:00:00,5.349,5.364,5.344,5.364,4648.5
2024-05-15 02:30:00,5.364,5.369,5.355,5.364,2560.3
2024-05-15 03:00:00,5.364,5.387,5.359,5.382,3120.4
2024-05-15 03:30:00,5.382,5.405,5.374,5.404,2219.8
2024-05-15 04:00:00,5.404,5.404,5.372,5.387,9178.4
2024-05-15 04:30:00,5.387,5.392,5.38,5.386,1728.5
2024-05-15 05:00:00,5.386,5.395,5.377,5.383,2412.3
2024-05-15 05:30:00,5.383,5.383,5.366,5.369,10947.0
2024-05-15 06:00:00,5.369,5.377,5.36,5.365,2097.8
2024-05-15 06:30:00,5.365,5.375,5.355,5.373,2490.1
2024-05-15 07:00:00,5.373,5.393,5.373,5.385,2088.8
2024-05-15 07:30:00,5.385,5.409,5.379,5.398,22214.1
2024-05-15 08:00:00,5.398,5.408,5.367,5.374,1945.1
2024-05-15 08:30:00,5.374,5.381,5.361,5.373,1713.5
2024-05-15 09:00:00,5.373,5.376,5.341,5.35,2737.3
2024-05-15 09:30:00,5.35,5.433,5.34,5.416,6377.7
2024-05-15 10:00:00,5.416,5.432,5.389,5.41,4838.3
2024-05-15 10:30:00,5.41,5.426,5.395,5.398,5816.9
2024-05-15 11:00:00,5.398,5.411,5.35,5.366,18233.5
2024-05-15 11:30:00,5.366,5.375,5.345,5.373,20035.4
2024-05-15 12:00:00,5.373,5.39,5.359,5.383,18699.8
2024-05-15 12:30:00,5.383,5.573,5.383,5.572,63272.5
2024-05-15 13:00:00,5.572,5.588,5.522,5.588,13227.0
2024-05-15 13:30:00,5.588,5.629,5.559,5.568,10917.6
2024-05-15 14:00:00,5.568,5.626,5.559,5.614,17119.2
2024-05-15 14:30:00,5.614,5.639,5.611,5.633,5256.3
2024-05-15 15:00:00,5.633,5.654,5.611,5.647,3528.8
2024-05-15 15:30:00,5.647,5.683,5.62,5.625,140857.8
2024-05-15 16:00:00,5.625,5.666,5.601,5.631,9284.7
2024-05-15 16:30:00,5.631,5.644,5.623,5.64,1645.3
2024-05-15 17:00:00,5.64,5.725,5.64,5.706,6486.3
2024-05-15 17:30:00,5.706,5.745,5.701,5.736,7411.8
2024-05-15 18:00:00,5.736,5.822,5.726,5.798,9613.2
2024-05-15 18:30:00,5.798,5.808,5.732,5.77,30882.8
2024-05-15 19:00:00,5.77,5.796,5.741,5.778,20294.2
2024-05-15 19:30:00,5.778,5.826,5.771,5.818,8059.8
2024-05-15 20:00:00,5.818,5.832,5.78,5.78,5318.5
2024-05-15 20:30:00,5.78,5.818,5.776,5.818,18602.1
2024-05-15 21:00:00,5.818,5.835,5.793,5.817,14491.8
2024-05-15 21:30:00,5.817,5.831,5.803,5.809,4421.3
2024-05-15 22:00:00,5.809,5.819,5.797,5.797,4844.3
2024-05-15 22:30:00,5.797,5.831,5.797,5.803,4363.2
2024-05-15 23:00:00,5.803,5.815,5.775,5.791,3590.2
2024-05-15 23:30:00,5.791,5.812,5.777,5.78,4006.6
2024-05-16 00:00:00,5.78,5.809,5.755,5.759,25733.9
2024-05-16 00:30:00,5.759,5.764,5.725,5.756,6200.5
2024-05-16 01:00:00,5.756,5.768,5.74,5.758,2323.7
2024-05-16 01:30:00,5.758,5.791,5.752,5.791,3125.9
2024-05-16 02:00:00,5.791,5.794,5.768,5.778,1203.9
2024-05-16 02:30:00,5.778,5.779,5.74,5.758,9847.9
2024-05-16 03:00:00,5.758,5.8,5.758,5.793,3527.4
2024-05-16 03:30:00,5.793,5.819,5.791,5.812,6434.9
2024-05-16 04:00:00,5.812,5.82,5.79,5.802,2310.9
2024-05-16 04:30:00,5.802,5.809,5.787,5.803,8020.2
2024-05-16 05:00:00,5.803,5.813,5.793,5.795,5161.9
2024-05-16 05:30:00,5.795,5.824,5.794,5.806,29332.3
2024-05-16 06:00:00,5.806,5.86,5.8,5.84,8313.3
2024-05-16 06:30:00,5.84,5.846,5.827,5.835,10053.7
2024-05-16 07:00:00,5.835,5.85,5.826,5.839,4212.8
2024-05-16 07:30:00,5.839,5.847,5.815,5.821,3692.4
2024-05-16 08:00:00,5.821,5.837,5.799,5.799,5338.0
2024-05-16 08:30:00,5.799,5.802,5.778,5.791,58165.0
2024-05-16 09:00:00,5.791,5.805,5.779,5.792,7088.1
2024-05-16 09:30:00,5.792,5.924,5.779,5.88,104012.4
2024-05-16 10:00:00,5.88,5.88,5.824,5.824,7805.3
2024-05-16 10:30:00,5.824,5.824,5.799,5.802,3691.5
2024-05-16 11:00:00,5.802,5.815,5.791,5.814,2538.3
2024-05-16 11:30:00,5.814,5.815,5.79,5.801,6497.4
2024-05-16 12:00:00,5.801,5.801,5.748,5.77,48559.4
2024-05-16 12:30:00,5.77,5.795,5.73,5.758,6392.7
2024-05-16 13:00:00,5.758,5.766,5.727,5.748,25555.2
2024-05-16 13:30:00,5.748,5.785,5.748,5.776,4680.4
2024-05-16 14:00:00,5.776,5.779,5.67,5.703,48486.4
2024-05-16 14:30:00,5.703,5.72,5.615,5.627,27113.2
2024-05-16 15:00:00,5.627,5.697,5.614,5.688,9890.6
2024-05-16 15:30:00,5.688,5.712,5.673,5.704,20525.0
2024-05-16 16:00:00,5.704,5.714,5.674,5.707,13365.1
2024-05-16 16:30:00,5.707,5.747,5.689,5.742,6659.2
2024-05-16 17:00:00,5.742,5.759,5.618,5.624,261843.6
2024-05-16 17:30:00,5.624,5.681,5.622,5.676,15310.0
2024-05-16 18:00:00,5.676,5.687,5.659,5.666,3124.2
2024-05-16 18:30:00,5.666,5.685,5.661,5.667,2947.8
2024-05-16 19:00:00,5.667,5.738,5.662,5.738,4511.2
2024-05-16 19:30:00,5.738,5.765,5.726,5.746,14390.6
2024-05-16 20:00:00,5.746,5.747,5.706,5.71,1842.0
2024-05-16 20:30:00,5.71,5.71,5.69,5.701,899.8
2024-05-16 21:00:00,5.701,5.71,5.689,5.71,5681.5
2024-05-16 21:30:00,5.71,5.737,5.709,5.728,5046.4
2024-05-16 22:00:00,5.728,5.732,5.693,5.713,4501.1
2024-05-16 22:30:00,5.713,5.748,5.704,5.738,2761.6
2024-05-16 23:00:00,5.738,5.746,5.719,5.746,2279.0
2024-05-16 23:30:00,5.746,5.758,5.738,5.746,3846.5
2024-05-17 00:00:00,5.746,5.769,5.741,5.741,8324.7
2024-05-17 00:30:00,5.741,5.759,5.73,5.758,4873.6
2024-05-17 01:00:00,5.758,5.758,5.697,5.701,6245.6
2024-05-17 01:30:00,5.701,5.741,5.701,5.716,4665.0
2024-05-17 02:00:00,5.716,5.722,5.697,5.721,8375.9
2024-05-17 02:30:00,5.721,5.742,5.714,5.725,3478.0
2024-05-17 03:00:00,5.725,5.746,5.712,5.736,633.6
2024-05-17 03:30:00,5.736,5.74,5.719,5.723,3465.6
2024-05-17 04:00:00,5.723,5.731,5.704,5.714,2798.3
2024-05-17 04:30:00,5.714,5.716,5.695,5.704,1682.2
2024-05-17 05:00:00,5.704,5.727,5.698,5.698,3934.4
2024-05-17 05:30:00,5.698,5.715,5.698,5.713,931.4
2024-05-17 06:00:00,5.713,5.715,5.682,5.689,10634.2
2024-05-17 06:30:00,5.689,5.767,5.686,5.752,7718.9
2024-05-17 07:00:00,5.752,5.854,5.752,5.848,15566.7
2024-05-17 07:30:00,5.848,5.879,5.833,5.855,9901.1
2024-05-17 08:00:00,5.855,5.897,5.84,5.84,30844.7
2024-05-17 08:30:00,5.84,5.843,5.811,5.836,14362.8
2024-05-17 09:00:00,5.836,5.871,5.825,5.854,10337.7
2024-05-17 09:30:00,5.854,5.896,5.854,5.883,3489.0
2024-05-17 10:00:00,5.883,5.897,5.852,5.892,9217.4
2024-05-17 10:30:00,5.892,5.895,5.861,5.869,21830.7
2024-05-17 11:00:00,5.869,5.874,5.846,5.857,1881.3
2024-05-17 11:30:00,5.857,5.858,5.835,5.84,4278.1
2024-05-17 12:00:00,5.84,5.857,5.811,5.852,5850.8
2024-05-17 12:30:00,5.852,5.899,5.852,5.884,15759.5
2024-05-17 13:00:00,5.884,5.888,5.858,5.864,8009.5
2024-05-17 13:30:00,5.864,5.87,5.82,5.836,7359.6
2024-05-17 14:00:00,5.836,5.887,5.833,5.878,4836.1
2024-05-17 14:30:00,5.878,5.9,5.862,5.895,6964.8
2024-05-17 15:00:00,5.895,5.946,5.872,5.941,8618.3
2024-05-17 15:30:00,5.941,5.948,5.893,5.925,7159.7
2024-05-17 16:00:00,5.925,5.984,5.914,5.951,13060.1
2024-05-17 16:30:00,5.951,5.951,5.91,5.911,16742.9
2024-05-17 17:00:00,5.911,5.933,5.902,5.903,11539.6
2024-05-17 17:30:00,5.903,5.906,5.877,5.883,15513.2
2024-05-17 18:00:00,5.883,5.883,5.84,5.868,20401.8
2024-05-17 18:30:00,5.868,5.89,5.862,5.888,4751.9
2024-05-17 19:00:00,5.888,5.889,5.87,5.881,3922.8
2024-05-17 19:30:00,5.881,5.884,5.871,5.884,2707.9
2024-05-17 20:00:00,5.884,5.893,5.871,5.884,2969.6
2024-05-17 20:30:00,5.884,5.893,5.878,5.887,2952.1
2024-05-17 21:00:00,5.887,5.897,5.878,5.893,3334.4
2024-05-17 21:30:00,5.893,5.902,5.879,5.894,2805.7
2024-05-17 22:00:00,5.894,5.906,5.883,5.891,2255.3
2024-05-17 22:30:00,5.891,5.91,5.886,5.901,3797.2
2024-05-17 23:00:00,5.901,5.904,5.892,5.899,1396.0
2024-05-17 23:30:00,5.899,5.899,5.876,5.878,1559.8
2024-05-18 00:00:00,5.878,5.899,5.871,5.89,5314.5
2024-05-18 00:30:00,5.89,5.903,5.876,5.897,9350.1
2024-05-18 01:00:00,5.897,5.903,5.86,5.878,6199.1
2024-05-18 01:30:00,5.878,5.907,5.867,5.907,3553.1
2024-05-18 02:00:00,5.907,5.909,5.886,5.899,3958.0
2024-05-18 02:30:00,5.899,5.899,5.86,5.88,6490.0
2024-05-18 03:00:00,5.88,5.921,5.874,5.905,4945.9
2024-05-18 03:30:00,5.905,5.929,5.899,5.929,2527.3
2024-05-18 04:00:00,5.929,5.937,5.906,5.913,2553.4
2024-05-18 04:30:00,5.913,5.913,5.896,5.908,3709.2
2024-05-18 05:00:00,5.908,5.911,5.889,5.897,1047.9
2024-05-18 05:30:00,5.897,5.901,5.873,5.887,5136.9
2024-05-18 06:00:00,5.887,5.896,5.874,5.883,1684.1
2024-05-18 06:30:00,5.883,5.891,5.874,5.885,2164.7
2024-05-18 07:00:00,5.885,5.916,5.881,5.916,8052.6
2024-05-18 07:30:00,5.916,5.926,5.898,5.907,2456.1
2024-05-18 08:00:00,5.907,5.972,5.9,5.969,6143.4
2024-05-18 08:30:00,5.969,5.973,5.936,5.945,8661.0
2024-05-18 09:00:00,5.945,5.948,5.928,5.93,7745.6
2024-05-18 09:30:00,5.93,5.956,5.93,5.956,3208.1
2024-05-18 10:00:00,5.956,5.982,5.935,5.971,50525.0
2024-05-18 10:30:00,5.971,5.977,5.934,5.959,7826.1
2024-05-18 11:00:00,5.959,5.964,5.935,5.937,10606.4
2024-05-18 11:30:00,5.937,5.947,5.923,5.923,7613.4
2024-05-18 12:00:00,5.923,5.927,5.86,5.883,25814.7
2024-05-18 12:30:00,5.883,5.897,5.849,5.85,12242.4
2024-05-18 13:00:00,5.85,5.871,5.835,5.871,26253.4
2024-05-18 13:30:00,5.871,5.871,5.826,5.839,7761.5
2024-05-18 14:00:00,5.839,5.86,5.815,5.859,11881.2
2024-05-18 14:30:00,5.859,5.861,5.802,5.841,25082.2
2024-05-18 15:00:00,5.841,5.852,5.822,5.834,3641.6
2024-05-18 15:30:00,5.834,5.857,5.829,5.852,3013.5
2024-05-18 16:00:00,5.852,5.883,5.848,5.875,5591.4
2024-05-18 16:30:00,5.875,5.875,5.844,5.849,3570.8
2024-05-18 17:00:00,5.849,5.878,5.846,5.866,2985.0
2024-05-18 17:30:00,5.866,5.873,5.841,5.857,28830.0
2024-05-18 18:00:00,5.857,5.873,5.848,5.854,2913.4
2024-05-18 18:30:00,5.854,5.863,5.85,5.853,1410.7
2024-05-18 19:00:00,5.853,5.856,5.841,5.853,1575.5
2024-05-18 19:30:00,5.853,5.862,5.847,5.857,1527.3
2024-05-18 20:00:00,5.857,5.859,5.835,5.854,11746.1
2024-05-18 20:30:00,5.854,5.871,5.842,5.843,3546.6
2024-05-18 21:00:00,5.843,5.846,5.815,5.825,25736.7
2024-05-18 21:30:00,5.825,5.83,5.815,5.82,3196.4
2024-05-18 22:00:00,5.82,5.831,5.811,5.83,4087.7
2024-05-18 22:30:00,5.83,5.837,5.821,5.825,1012.5
2024-05-18 23:00:00,5.825,5.84,5.824,5.832,1714.9
2024-05-18 23:30:00,5.832,5.848,5.828,5.846,1216.6
2024-05-19 00:00:00,5.846,5.854,5.827,5.849,3676.3
2024-05-19 00:30:00,5.849,5.85,5.827,5.827,1374.5
2024-05-19 01:00:00,5.827,5.859,5.827,5.844,2286.9
2024-05-19 01:30:00,5.844,5.85,5.831,5.85,850.6
2024-05-19 02:00:00,5.85,5.889,5.846,5.886,6019.8
2024-05-19 02:30:00,5.886,5.928,5.878,5.927,37364.0
2024-05-19 03:00:00,5.927,5.956,5.902,5.928,19786.2
2024-05-19 03:30:00,5.928,5.928,5.905,5.91,9141.1
2024-05-19 04:00:00,5.91,5.915,5.864,5.87,19656.2
2024-05-19 04:30:00,5.87,5.889,5.855,5.884,7144.3
2024-05-19 05:00:00,5.884,5.888,5.865,5.877,3240.2
2024-05-19 05:30:00,5.877,5.893,5.875,5.883,1663.9
2024-05-19 06:00:00,5.883,5.886,5.871,5.878,2559.1
2024-05-19 06:30:00,5.878,5.878,5.819,5.841,18051.8
2024-05-19 07:00:00,5.841,5.873,5.832,5.868,3955.6
2024-05-19 07:30:00,5.868,5.88,5.864,5.879,2525.8
2024-05-19 08:00:00,5.879,5.88,5.85,5.861,2010.1
2024-05-19 08:30:00,5.861,5.861,5.807,5.818,4743.5
2024-05-19 09:00:00,5.818,5.83,5.76,5.775,52070.8
2024-05-19 09:30:00,5.775,5.791,5.769,5.782,4741.5
2024-05-19 10:00:00,5.782,5.789,5.757,5.788,5115.0
2024-05-19 10:30:00,5.788,5.827,5.767,5.787,7652.8
2024-05-19 11:00:00,5.787,5.787,5.726,5.735,48613.2
2024-05-19 11:30:00,5.735,5.778,5.726,5.774,6075.4
2024-05-19 12:00:00,5.774,5.774,5.68,5.71,37668.6
2024-05-19 12:30:00,5.71,5.719,5.668,5.688,12586.1
2024-05-19 13:00:00,5.688,5.7,5.652,5.652,14524.2
2024-05-19 13:30:00,5.652,5.717,5.648,5.704,12087.8
2024-05-19 14:00:00,5.704,5.71,5.67,5.67,12608.9
2024-05-19 14:30:00,5.67,5.691,5.664,5.678,5036.6
2024-05-19 15:00:00,5.678,5.678,5.63,5.656,38182.9
2024-05-19 15:30:00,5.656,5.669,5.626,5.658,9922.0
2024-05-19 16:00:00,5.658,5.658,5.601,5.614,17370.2
2024-05-19 16:30:00,5.614,5.622,5.54,5.555,89081.9
2024-05-19 17:00:00,5.555,5.595,5.539,5.59,4838.0
2024-05-19 17:30:00,5.59,5.591,5.57,5.583,20435.8
2024-05-19 18:00:00,5.583,5.607,5.574,5.585,12448.8
2024-05-19 18:30:00,5.585,5.588,5.566,5.579,1069.5
2024-05-19 19:00:00,5.579,5.61,5.566,5.597,13635.6
2024-05-19 19:30:00,5.597,5.602,5.553,5.557,10711.7
2024-05-19 20:00:00,5.557,5.572,5.55,5.562,9648.3
2024-05-19 20:30:00,5.562,5.563,5.534,5.555,8115.8
2024-05-19 21:00:00,5.555,5.568,5.525,5.53,17882.7
2024-05-19 21:30:00,5.53,5.542,5.474,5.531,90481.3
2024-05-19 22:00:00,5.531,5.554,5.519,5.552,10336.1
2024-05-19 22:30:00,5.552,5.56,5.551,5.556,9080.7
2024-05-19 23:00:00,5.556,5.561,5.532,5.535,8134.7
2024-05-19 23:30:00,5.535,5.553,5.532,5.548,1999.4
2024-05-20 00:00:00,5.548,5.553,5.509,5.525,7967.6
2024-05-20 00:30:00,5.525,5.582,5.517,5.55,8208.2
2024-05-20 01:00:00,5.55,5.574,5.504,5.519,12031.0
2024-05-20 01:30:00,5.519,5.552,5.477,5.551,16293.0
2024-05-20 02:00:00,5.551,5.589,5.543,5.589,9167.4
2024-05-20 02:30:00,5.589,5.607,5.564,5.567,10731.3
2024-05-20 03:00:00,5.567,5.582,5.551,5.558,5048.6
2024-05-20 03:30:00,5.558,5.581,5.558,5.563,2872.1
2024-05-20 04:00:00,5.563,5.587,5.562,5.582,4121.4
2024-05-20 04:30:00,5.582,5.638,5.574,5.623,31763.2
2024-05-20 05:00:00,5.623,5.663,5.618,5.659,7528.7
2024-05-20 05:30:00,5.659,5.675,5.652,5.663,7597.9
2024-05-20 06:00:00,5.663,5.669,5.61,5.611,12497.2
2024-05-20 06:30:00,5.611,5.614,5.481,5.507,52920.8
2024-05-20 07:00:00,5.507,5.575,5.495,5.573,16246.4
2024-05-20 07:30:00,5.573,5.597,5.573,5.582,9545.1
2024-05-20 08:00:00,5.582,5.615,5.573,5.59,3292.2
2024-05-20 08:30:00,5.59,5.606,5.576,5.603,5238.9
2024-05-20 09:00:00,5.603,5.615,5.58,5.594,14602.9
2024-05-20 09:30:00,5.594,5.597,5.57,5.571,3454.6
2024-05-20 10:00:00,5.571,5.608,5.563,5.59,6180.5
2024-05-20 10:30:00,5.59,5.597,5.571,5.571,5921.7
2024-05-20 11:00:00,5.571,5.587,5.568,5.577,7080.6
2024-05-20 11:30:00,5.577,5.578,5.543,5.554,6542.0
2024-05-20 12:00:00,5.554,5.567,5.546,5.56,3350.1
2024-05-20 12:30:00,5.56,5.561,5.53,5.541,5369.2
2024-05-20 13:00:00,5.541,5.559,5.535,5.543,7619.5
2024-05-20 13:30:00,5.543,5.571,5.528,5.564,2466.9
2024-05-20 14:00:00,5.564,5.564,5.519,5.538,10560.7
2024-05-20 14:30:00,5.538,5.538,5.5,5.526,9737.2
2024-05-20 15:00:00,5.526,5.591,5.519,5.575,16707.6
2024-05-20 15:30:00,5.575,5.597,5.563,5.591,8417.4
2024-05-20 16:00:00,5.591,5.63,5.574,5.605,19527.8
2024-05-20 16:30:00,5.605,5.701,5.587,5.674,25803.4
2024-05-20 17:00:00,5.674,5.693,5.62,5.645,58811.7
2024-05-20 17:30:00,5.645,5.675,5.629,5.67,5261.5
2024-05-20 18:00:00,5.67,5.72,5.667,5.719,7099.7
2024-05-20 18:30:00,5.719,5.795,5.712,5.761,24501.5
2024-05-20 19:00:00,5.761,5.945,5.75,5.94,56764.5
2024-05-20 19:30:00,5.94,6.106,5.939,6.091,66095.5
2024-05-20 20:00:00,6.091,6.146,6.032,6.081,58749.7
2024-05-20 20:30:00,6.081,6.178,6.072,6.083,30228.7
2024-05-20 21:00:00,6.083,6.086,6.025,6.061,16819.1
2024-05-20 21:30:00,6.061,6.152,6.055,6.144,35084.9
2024-05-20 22:00:00,6.144,6.17,6.119,6.16,24044.3
2024-05-20 22:30:00,6.16,6.199,6.136,6.136,13208.6
2024-05-20 23:00:00,6.136,6.199,6.126,6.191,5871.0
2024-05-20 23:30:00,6.191,6.197,6.153,6.166,13021.1
2024-05-21 00:00:00,6.166,6.29,6.138,6.29,27437.2
2024-05-21 00:30:00,6.29,6.352,6.229,6.238,30238.4
2024-05-21 01:00:00,6.238,6.24,6.134,6.138,28498.6
2024-05-21 01:30:00,6.138,6.209,6.138,6.205,48005.3
2024-05-21 02:00:00,6.205,6.211,6.158,6.159,4384.9
2024-05-21 02:30:00,6.159,6.203,6.156,6.165,7799.9
2024-05-21 03:00:00,6.165,6.179,6.146,6.15,5508.2
2024-05-21 03:30:00,6.15,6.15,6.106,6.127,8796.6
2024-05-21 04:00:00,6.127,6.14,6.113,6.118,2779.7
2024-05-21 04:30:00,6.118,6.121,6.075,6.079,25803.9
2024-05-21 05:00:00,6.079,6.107,6.051,6.103,15862.3
2024-05-21 05:30:00,6.103,6.149,6.103,6.127,20359.1
2024-05-21 06:00:00,6.127,6.169,6.119,6.159,34493.6
2024-05-21 06:30:00,6.159,6.16,6.126,6.152,8109.8
2024-05-21 07:00:00,6.152,6.164,6.118,6.143,3792.0
2024-05-21 07:30:00,6.143,6.151,6.124,6.15,4582.6
2024-05-21 08:00:00,6.15,6.152,6.115,6.119,9571.3
2024-05-21 08:30:00,6.119,6.141,6.108,6.13,9848.4
2024-05-21 09:00:00,6.13,6.156,6.12,6.124,6979.3
2024-05-21 09:30:00,6.124,6.148,6.119,6.148,3161.3
2024-05-21 10:00:00,6.148,6.179,6.13,6.153,4733.5
2024-05-21 10:30:00,6.153,6.166,6.123,6.131,5029.4
2024-05-21 11:00:00,6.131,6.172,6.124,6.172,23180.9
2024-05-21 11:30:00,6.172,6.19,6.142,6.155,12620.0
2024-05-21 12:00:00,6.155,6.171,6.119,6.149,12067.5
2024-05-21 12:30:00,6.149,6.163,6.117,6.146,8032.7
2024-05-21 13:00:00,6.146,6.189,6.092,6.185,21079.5
2024-05-21 13:30:00,6.185,6.267,6.149,6.157,93900.4
2024-05-21 14:00:00,6.157,6.223,6.149,6.156,12303.4
2024-05-21 14:30:00,6.156,6.231,6.151,6.173,17057.0
2024-05-21 15:00:00,6.173,6.228,6.156,6.221,21465.6
2024-05-21 15:30:00,6.221,6.251,6.119,6.138,29729.6
2024-05-21 16:00:00,6.138,6.262,6.117,6.23,23489.8
2024-05-21 16:30:00,6.23,6.275,6.192,6.213,13049.9
2024-05-21 17:00:00,6.213,6.244,6.177,6.219,20451.6
2024-05-21 17:30:00,6.219,6.248,6.208,6.243,4693.8
2024-05-21 18:00:00,6.243,6.274,6.23,6.23,16351.8
2024-05-21 18:30:00,6.23,6.238,6.198,6.216,19034.4
2024-05-21 19:00:00,6.216,6.226,6.138,6.147,10184.6
2024-05-21 19:30:00,6.147,6.161,6.104,6.155,31039.9
2024-05-21 20:00:00,6.155,6.237,6.149,6.232,7484.4
2024-05-21 20:30:00,6.232,6.236,6.201,6.21,30533.5
2024-05-21 21:00:00,6.21,6.233,6.167,6.199,14650.3
2024-05-21 21:30:00,6.199,6.212,6.179,6.212,21823.4
2024-05-21 22:00:00,6.212,6.248,6.203,6.246,9345.7
2024-05-21 22:30:00,6.246,6.249,6.214,6.239,4868.0
2024-05-21 23:00:00,6.239,6.241,6.212,6.223,4116.8
2024-05-21 23:30:00,6.223,6.246,6.219,6.234,4462.5
2024-05-22 00:00:00,6.234,6.243,6.207,6.229,16876.3
2024-05-22 00:30:00,6.229,6.233,6.169,6.169,16965.4
2024-05-22 01:00:00,6.169,6.224,6.166,6.207,1449.6
2024-05-22 01:30:00,6.207,6.243,6.204,6.229,2745.7
2024-05-22 02:00:00,6.229,6.299,6.222,6.246,11598.0
2024-05-22 02:30:00,6.246,6.246,6.199,6.231,5776.7
2024-05-22 03:00:00,6.231,6.235,6.201,6.225,5550.6
2024-05-22 03:30:00,6.225,6.234,6.201,6.218,19476.0
2024-05-22 04:00:00,6.218,6.22,6.16,6.165,9672.0
2024-05-22 04:30:00,6.165,6.18,6.067,6.139,45075.7
2024-05-22 05:00:00,6.139,6.149,6.112,6.144,9407.1
2024-05-22 05:30:00,6.144,6.185,6.143,6.176,3868.9
2024-05-22 06:00:00,6.176,6.204,6.167,6.19,17792.5
2024-05-22 06:30:00,6.19,6.245,6.185,6.243,4040.3
2024-05-22 07:00:00,6.243,6.245,6.188,6.198,16450.5
2024-05-22 07:30:00,6.198,6.223,6.198,6.205,6576.2
2024-05-22 08:00:00,6.205,6.238,6.166,6.236,12555.4
2024-05-22 08:30:00,6.236,6.261,6.225,6.231,4196.6
2024-05-22 09:00:00,6.231,6.235,6.191,6.221,6559.4
2024-05-22 09:30:00,6.221,6.222,6.191,6.202,9618.2
2024-05-22 10:00:00,6.202,6.23,6.184,6.211,5181.8
2024-05-22 10:30:00,6.211,6.221,6.179,6.187,9743.5
2024-05-22 11:00:00,6.187,6.195,6.151,6.17,10347.3
2024-05-22 11:30:00,6.17,6.18,6.101,6.104,26310.9
2024-05-22 12:00:00,6.104,6.144,6.097,6.117,18396.3
2024-05-22 12:30:00,6.117,6.119,5.958,5.979,39571.7
2024-05-22 13:00:00,5.979,6.03,5.97,6.011,13679.3
2024-05-22 13:30:00,6.011,6.051,5.991,6.047,9596.5
2024-05-22 14:00:00,6.047,6.093,5.999,6.066,13391.6
2024-05-22 14:30:00,6.066,6.101,6.045,6.087,11661.3
2024-05-22 15:00:00,6.087,6.111,6.046,6.111,10274.1
2024-05-22 15:30:00,6.111,6.165,6.105,6.13,22733.7
2024-05-22 16:00:00,6.13,6.172,6.097,6.15,7046.1
2024-05-22 16:30:00,6.15,6.186,6.125,6.179,6176.9
2024-05-22 17:00:00,6.179,6.234,6.165,6.214,11886.8
2024-05-22 17:30:00,6.214,6.219,6.139,6.146,10615.5
2024-05-22 18:00:00,6.146,6.161,6.058,6.064,19043.8
2024-05-22 18:30:00,6.064,6.111,6.034,6.11,12201.8
2024-05-22 19:00:00,6.11,6.12,6.076,6.093,6785.7
2024-05-22 19:30:00,6.093,6.134,6.09,6.123,6779.0
2024-05-22 20:00:00,6.123,6.168,6.098,6.102,7266.8
2024-05-22 20:30:00,6.102,6.116,6.051,6.099,8172.4
2024-05-22 21:00:00,6.099,6.122,6.053,6.117,8845.7
2024-05-22 21:30:00,6.117,6.167,6.106,6.164,3213.9
2024-05-22 22:00:00,6.164,6.172,6.124,6.14,4435.3
2024-05-22 22:30:00,6.14,6.14,6.103,6.109,2924.3
2024-05-22 23:00:00,6.109,6.111,6.078,6.097,6594.4
2024-05-22 23:30:00,6.097,6.123,6.081,6.119,2581.7
2024-05-23 00:00:00,6.119,6.149,6.111,6.117,1452.9
2024-05-23 00:30:00,6.117,6.184,6.111,6.154,6889.9
2024-05-23 01:00:00,6.154,6.158,6.086,6.134,6053.0
2024-05-23 01:30:00,6.134,6.171,6.126,6.135,7664.6
2024-05-23 02:00:00,6.135,6.165,6.131,6.144,3751.7
2024-05-23 02:30:00,6.144,6.16,6.126,6.16,6310.8
2024-05-23 03:00:00,6.16,6.166,6.142,6.153,8502.8
2024-05-23 03:30:00,6.153,6.163,6.119,6.142,9795.3
2024-05-23 04:00:00,6.142,6.142,6.105,6.132,13197.3
2024-05-23 04:30:00,6.132,6.181,6.12,6.16,4677.7
2024-05-23 05:00:00,6.16,6.162,6.129,6.145,3470.1
2024-05-23 05:30:00,6.145,6.145,6.106,6.119,4010.1
2024-05-23 06:00:00,6.119,6.122,6.095,6.108,10925.4
2024-05-23 06:30:00,6.108,6.171,6.107,6.142,4744.2
2024-05-23 07:00:00,6.142,6.152,6.117,6.126,6111.7
2024-05-23 07:30:00,6.126,6.169,6.117,6.135,3789.9
2024-05-23 08:00:00,6.135,6.151,6.121,6.127,3283.4
2024-05-23 08:30:00,6.127,6.128,6.106,6.118,4523.3
2024-05-23 09:00:00,6.118,6.144,6.116,6.134,5030.0
2024-05-23 09:30:00,6.134,6.143,6.069,6.077,9782.1
2024-05-23 10:00:00,6.077,6.098,6.056,6.073,7974.1
2024-05-23 10:30:00,6.073,6.079,6.017,6.052,8038.8
2024-05-23 11:00:00,6.052,6.122,6.05,6.122,9346.9
2024-05-23 11:30:00,6.122,6.173,6.116,6.168,13725.5
2024-05-23 12:00:00,6.168,6.233,6.156,6.216,12202.4
2024-05-23 12:30:00,6.216,6.216,5.928,6.032,112042.8
2024-05-23 13:00:00,6.032,6.064,5.973,6.02,35718.6
2024-05-23 13:30:00,6.02,6.043,5.662,5.839,131849.1
2024-05-23 14:00:00,5.839,5.89,5.823,5.854,31682.1
2024-05-23 14:30:00,5.854,5.868,5.768,5.779,18627.8
2024-05-23 15:00:00,5.779,5.843,5.766,5.831,17504.7
2024-05-23 15:30:00,5.831,5.844,5.763,5.786,5661.7
2024-05-23 16:00:00,5.786,5.795,5.75,5.765,3716.9
2024-05-23 16:30:00,5.765,5.795,5.75,5.783,8853.5
2024-05-23 17:00:00,5.783,5.813,5.768,5.795,2531.0
2024-05-23 17:30:00,5.795,5.797,5.731,5.731,6908.3
2024-05-23 18:00:00,5.731,5.745,5.621,5.651,93362.7
2024-05-23 18:30:00,5.651,5.731,5.645,5.718,11607.0
2024-05-23 19:00:00,5.718,5.731,5.679,5.722,9227.3
2024-05-23 19:30:00,5.722,5.743,5.692,5.695,17747.5
2024-05-23 20:00:00,5.695,5.698,5.478,5.662,93759.1
2024-05-23 20:30:00,5.662,5.708,5.636,5.697,10876.9
2024-05-23 21:00:00,5.697,5.829,5.669,5.741,91872.1
2024-05-23 21:30:00,5.741,5.821,5.739,5.819,22694.3
2024-05-23 22:00:00,5.819,5.835,5.773,5.773,8344.8
2024-05-23 22:30:00,5.773,5.803,5.773,5.798,5731.7
2024-05-23 23:00:00,5.798,5.804,5.76,5.792,6547.4
2024-05-23 23:30:00,5.792,5.803,5.778,5.795,2583.9
2024-05-24 00:00:00,5.795,5.823,5.751,5.822,9438.9
2024-05-24 00:30:00,5.822,5.89,5.818,5.864,5644.8
2024-05-24 01:00:00,5.864,5.865,5.808,5.809,4712.5
2024-05-24 01:30:00,5.809,5.855,5.809,5.837,3011.0
2024-05-24 02:00:00,5.837,5.848,5.794,5.809,4105.4
2024-05-24 02:30:00,5.809,5.853,5.794,5.843,4237.0
2024-05-24 03:00:00,5.843,5.864,5.826,5.843,2401.4
2024-05-24 03:30:00,5.843,5.856,5.834,5.845,1890.3
2024-05-24 04:00:00,5.845,5.876,5.83,5.84,8531.7
2024-05-24 04:30:00,5.84,5.865,5.835,5.836,5618.3
2024-05-24 05:00:00,5.836,5.842,5.799,5.823,5271.2
2024-05-24 05:30:00,5.823,5.824,5.769,5.781,6546.6
2024-05-24 06:00:00,5.781,5.807,5.72,5.736,10741.1
2024-05-24 06:30:00,5.736,5.748,5.7,5.7,13319.7
2024-05-24 07:00:00,5.7,5.757,5.672,5.747,5649.8
2024-05-24 07:30:00,5.747,5.762,5.725,5.751,7954.2
2024-05-24 08:00:00,5.751,5.757,5.652,5.666,8214.5
2024-05-24 08:30:00,5.666,5.739,5.666,5.736,10246.7
2024-05-24 09:00:00,5.736,5.75,5.716,5.732,2977.7
2024-05-24 09:30:00,5.732,5.762,5.721,5.749,11993.0
2024-05-24 10:00:00,5.749,5.767,5.745,5.757,30135.8
2024-05-24 10:30:00,5.757,5.77,5.738,5.746,5056.1
2024-05-24 11:00:00,5.746,5.762,5.726,5.732,3936.4
2024-05-24 11:30:00,5.732,5.764,5.724,5.763,2393.0
2024-05-24 12:00:00,5.763,5.863,5.745,5.799,161204.5
2024-05-24 12:30:00,5.799,5.85,5.797,5.815,9091.4
2024-05-24 13:00:00,5.815,5.844,5.796,5.84,4656.7
2024-05-24 13:30:00,5.84,5.842,5.782,5.8,8814.4
2024-05-24 14:00:00,5.8,5.864,5.794,5.847,39640.3
2024-05-24 14:30:00,5.847,5.878,5.837,5.853,23058.0
2024-05-24 15:00:00,5.853,5.895,5.826,5.83,11357.3
2024-05-24 15:30:00,5.83,5.842,5.734,5.774,76550.8
2024-05-24 16:00:00,5.774,5.78,5.703,5.718,18207.9
2024-05-24 16:30:00,5.718,5.734,5.691,5.703,3947.2
2024-05-24 17:00:00,5.703,5.725,5.687,5.717,33008.0
2024-05-24 17:30:00,5.717,5.767,5.713,5.765,11055.2
2024-05-24 18:00:00,5.765,5.843,5.764,5.811,13950.4
2024-05-24 18:30:00,5.811,5.817,5.773,5.783,4946.0
2024-05-24 19:00:00,5.783,5.79,5.763,5.78,7642.1
2024-05-24 19:30:00,5.78,5.81,5.768,5.807,6253.3
2024-05-24 20:00:00,5.807,5.827,5.797,5.803,6660.9
2024-05-24 20:30:00,5.803,5.811,5.793,5.805,5605.7
2024-05-24 21:00:00,5.805,5.823,5.79,5.813,4257.3
2024-05-24 21:30:00,5.813,5.843,5.808,5.833,5342.7
2024-05-24 22:00:00,5.833,5.842,5.805,5.813,2292.3
2024-05-24 22:30:00,5.813,5.825,5.801,5.817,2071.1
2024-05-24 23:00:00,5.817,5.817,5.798,5.798,7949.2
2024-05-24 23:30:00,5.798,5.822,5.789,5.822,5208.6
2024-05-25 00:00:00,5.822,5.847,5.812,5.845,4561.7
2024-05-25 00:30:00,5.845,5.849,5.808,5.815,3001.8
2024-05-25 01:00:00,5.815,5.84,5.81,5.826,1784.0
2024-05-25 01:30:00,5.826,5.848,5.813,5.825,4206.4
2024-05-25 02:00:00,5.825,5.849,5.819,5.835,10227.1
2024-05-25 02:30:00,5.835,5.843,5.815,5.832,4816.4
2024-05-25 03:00:00,5.832,5.844,5.815,5.825,4254.2
2024-05-25 03:30:00,5.825,5.842,5.815,5.837,8698.5
2024-05-25 04:00:00,5.837,5.87,5.837,5.854,9433.1
2024-05-25 04:30:00,5.854,5.881,5.852,5.866,11020.2
2024-05-25 05:00:00,5.866,5.868,5.841,5.854,16163.1
2024-05-25 05:30:00,5.854,5.859,5.837,5.858,6618.3
2024-05-25 06:00:00,5.858,5.872,5.852,5.869,4054.5
2024-05-25 06:30:00,5.869,5.872,5.836,5.842,4712.7
2024-05-25 07:00:00,5.842,5.87,5.838,5.859,6106.9
2024-05-25 07:30:00,5.859,5.869,5.842,5.861,2894.7
2024-05-25 08:00:00,5.861,5.873,5.849,5.864,4081.7
2024-05-25 08:30:00,5.864,5.881,5.845,5.854,23942.3
2024-05-25 09:00:00,5.854,5.877,5.847,5.873,18210.5
2024-05-25 09:30:00,5.873,5.912,5.872,5.906,6761.4
2024-05-25 10:00:00,5.906,5.918,5.887,5.89,4380.1
2024-05-25 10:30:00,5.89,5.929,5.884,5.914,8782.5
2024-05-25 11:00:00,5.914,5.942,5.914,5.937,2345.0
2024-05-25 11:30:00,5.937,5.937,5.886,5.89,6565.2
2024-05-25 12:00:00,5.89,5.892,5.861,5.887,3228.3
2024-05-25 12:30:00,5.887,5.887,5.851,5.87,10953.6
2024-05-25 13:00:00,5.87,5.884,5.858,5.873,1737.9
2024-05-25 13:30:00,5.873,5.887,5.822,5.831,20226.5
2024-05-25 14:00:00,5.831,5.856,5.825,5.829,17313.2
2024-05-25 14:30:00,5.829,5.86,5.813,5.854,3731.5
2024-05-25 15:00:00,5.854,5.88,5.851,5.88,3712.2
2024-05-25 15:30:00,5.88,5.899,5.863,5.871,9415.2
2024-05-25 16:00:00,5.871,5.903,5.87,5.886,3021.7
2024-05-25 16:30:00,5.886,5.903,5.88,5.893,1599.5
2024-05-25 17:00:00,5.893,5.951,5.889,5.935,7195.0
2024-05-25 17:30:00,5.935,5.963,5.923,5.947,20258.3
2024-05-25 18:00:00,5.947,6.002,5.941,5.985,24697.2
2024-05-25 18:30:00,5.985,6.019,5.979,6.018,11091.1
2024-05-25 19:00:00,6.018,6.044,5.981,5.981,8372.2
2024-05-25 19:30:00,5.981,6.013,5.977,6.006,3987.2
2024-05-25 20:00:00,6.006,6.02,5.955,5.958,10108.3
2024-05-25 20:30:00,5.958,5.971,5.931,5.954,17837.3
2024-05-25 21:00:00,5.954,5.958,5.929,5.943,17394.6
2024-05-25 21:30:00,5.943,5.96,5.929,5.958,7478.4
2024-05-25 22:00:00,5.958,5.958,5.925,5.929,7085.8
2024-05-25 22:30:00,5.929,5.96,5.926,5.955,4710.6
2024-05-25 23:00:00,5.955,5.995,5.955,5.99,6157.8
2024-05-25 23:30:00,5.99,6.017,5.981,6.007,10191.1
2024-05-26 00:00:00,6.007,6.029,5.993,6.006,12847.8
2024-05-26 00:30:00,6.006,6.021,5.978,5.978,5692.4
2024-05-26 01:00:00,5.978,6.038,5.978,6.026,5197.6
2024-05-26 01:30:00,6.026,6.041,6.005,6.01,5360.8
2024-05-26 02:00:00,6.01,6.028,5.929,5.942,7456.4
2024-05-26 02:30:00,5.942,5.948,5.905,5.926,7485.9
2024-05-26 03:00:00,5.926,5.939,5.917,5.93,1750.9
2024-05-26 03:30:00,5.93,5.972,5.926,5.964,6299.2
2024-05-26 04:00:00,5.964,5.964,5.937,5.94,1235.1
2024-05-26 04:30:00,5.94,5.942,5.911,5.933,21033.3
2024-05-26 05:00:00,5.933,5.937,5.911,5.913,4052.9
2024-05-26 05:30:00,5.913,5.945,5.913,5.942,4339.8
2024-05-26 06:00:00,5.942,5.95,5.927,5.927,1289.0
2024-05-26 06:30:00,5.927,5.942,5.917,5.926,2628.8
2024-05-26 07:00:00,5.926,5.971,5.922,5.945,1040.2
2024-05-26 07:30:00,5.945,6.002,5.945,5.973,4823.9
2024-05-26 08:00:00,5.973,5.982,5.946,5.971,3863.0
2024-05-26 08:30:00,5.971,5.977,5.918,5.933,3958.4
2024-05-26 09:00:00,5.933,5.942,5.901,5.909,11495.7
2024-05-26 09:30:00,5.909,5.909,5.866,5.899,16843.3
2024-05-26 10:00:00,5.899,5.932,5.899,5.911,2127.9
2024-05-26 10:30:00,5.911,5.94,5.899,5.934,32886.4
2024-05-26 11:00:00,5.934,5.948,5.918,5.926,2457.5
2024-05-26 11:30:00,5.926,5.929,5.896,5.906,3920.2
2024-05-26 12:00:00,5.906,5.908,5.868,5.882,12498.4
2024-05-26 12:30:00,5.882,5.9,5.871,5.877,6328.4
2024-05-26 13:00:00,5.877,5.886,5.845,5.866,11072.4
2024-05-26 13:30:00,5.866,5.866,5.806,5.853,41156.6
2024-05-26 14:00:00,5.853,5.876,5.844,5.86,11592.5
2024-05-26 14:30:00,5.86,5.944,5.851,5.939,15522.8
2024-05-26 15:00:00,5.939,5.968,5.91,5.968,75766.8
2024-05-26 15:30:00,5.968,5.968,5.85,5.878,5233.0
2024-05-26 16:00:00,5.878,5.9,5.846,5.86,4459.8
2024-05-26 16:30:00,5.86,5.934,5.859,5.9,23755.2
2024-05-26 17:00:00,5.9,5.917,5.876,5.885,1962.5
2024-05-26 17:30:00,5.885,5.906,5.872,5.891,16376.7
2024-05-26 18:00:00,5.891,5.905,5.873,5.889,17521.3
2024-05-26 18:30:00,5.889,5.906,5.88,5.893,13689.6
2024-05-26 19:00:00,5.893,5.912,5.871,5.872,2055.0
2024-05-26 19:30:00,5.872,5.914,5.871,5.897,3598.8
2024-05-26 20:00:00,5.897,5.9,5.866,5.875,1307.3
2024-05-26 20:30:00,5.875,5.876,5.854,5.861,2864.5
2024-05-26 21:00:00,5.861,5.866,5.835,5.84,19264.6
2024-05-26 21:30:00,5.84,5.883,5.811,5.883,2904.2
2024-05-26 22:00:00,5.883,5.894,5.866,5.892,1991.4
2024-05-26 22:30:00,5.892,5.901,5.883,5.891,2803.4
2024-05-26 23:00:00,5.891,5.896,5.863,5.863,3480.1
2024-05-26 23:30:00,5.863,5.863,5.848,5.857,1319.2
2024-05-27 00:00:00,5.857,5.87,5.85,5.86,9296.6
2024-05-27 00:30:00,5.86,5.886,5.857,5.881,6279.4
2024-05-27 01:00:00,5.881,5.893,5.869,5.878,1278.5
2024-05-27 01:30:00,5.878,5.948,5.868,5.926,3666.0
2024-05-27 02:00:00,5.926,5.945,5.9,5.93,3924.6
2024-05-27 02:30:00,5.93,5.953,5.917,5.945,5607.0
2024-05-27 03:00:00,5.945,5.969,5.935,5.952,12594.9
2024-05-27 03:30:00,5.952,5.953,5.921,5.924,5424.7
2024-05-27 04:00:00,5.924,5.949,5.913,5.948,3306.0
2024-05-27 04:30:00,5.948,5.951,5.894,5.899,7384.4
2024-05-27 05:00:00,5.899,5.905,5.845,5.845,6099.7
2024-05-27 05:30:00,5.845,5.893,5.836,5.871,38575.1
2024-05-27 06:00:00,5.871,5.876,5.85,5.859,5958.7
2024-05-27 06:30:00,5.859,5.864,5.846,5.849,4309.9
2024-05-27 07:00:00,5.849,5.875,5.847,5.861,5124.3
2024-05-27 07:30:00,5.861,5.897,5.861,5.883,2870.8
2024-05-27 08:00:00,5.883,5.923,5.883,5.923,4762.7
2024-05-27 08:30:00,5.923,5.925,5.882,5.898,5207.8
2024-05-27 09:00:00,5.898,5.935,5.883,5.924,3210.9
2024-05-27 09:30:00,5.924,5.946,5.911,5.923,2944.3
2024-05-27 10:00:00,5.923,5.944,5.906,5.93,11118.3
2024-05-27 10:30:00,5.93,5.949,5.921,5.935,6791.8
2024-05-27 11:00:00,5.935,5.953,5.927,5.949,5785.3
2024-05-27 11:30:00,5.949,5.951,5.911,5.945,5112.0
2024-05-27 12:00:00,5.945,5.964,5.925,5.939,6765.3
2024-05-27 12:30:00,5.939,5.955,5.933,5.948,3381.2
2024-05-27 13:00:00,5.948,5.982,5.947,5.967,7403.0
2024-05-27 13:30:00,5.967,6.019,5.953,6.002,46724.1
2024-05-27 14:00:00,6.002,6.033,6.0,6.008,12195.2
2024-05-27 14:30:00,6.008,6.073,5.993,6.072,15413.2
2024-05-27 15:00:00,6.072,6.147,6.063,6.108,36340.5
2024-05-27 15:30:00,6.108,6.219,6.108,6.201,13202.7
2024-05-27 16:00:00,6.201,6.246,6.18,6.18,11524.8
2024-05-27 16:30:00,6.18,6.222,6.168,6.205,11510.0
2024-05-27 17:00:00,6.205,6.216,6.161,6.194,8421.5
2024-05-27 17:30:00,6.194,6.204,6.171,6.178,4431.4
2024-05-27 18:00:00,6.178,6.192,6.165,6.172,3551.5
2024-05-27 18:30:00,6.172,6.173,6.142,6.147,4065.2
2024-05-27 19:00:00,6.147,6.16,6.132,6.14,1938.3
2024-05-27 19:30:00,6.14,6.147,6.027,6.06,12052.1
2024-05-27 20:00:00,6.06,6.139,6.056,6.13,6493.7
2024-05-27 20:30:00,6.13,6.148,6.124,6.137,2370.0
2024-05-27 21:00:00,6.137,6.147,6.117,6.117,2840.8
2024-05-27 21:30:00,6.117,6.141,6.112,6.119,7065.5
2024-05-27 22:00:00,6.119,6.132,6.101,6.131,3554.7
2024-05-27 22:30:00,6.131,6.14,6.115,6.119,4293.6
2024-05-27 23:00:00,6.119,6.126,6.095,6.104,4780.5
2024-05-27 23:30:00,6.104,6.126,6.08,6.117,5038.4
2024-05-28 00:00:00,6.117,6.132,6.074,6.101,7432.2
2024-05-28 00:30:00,6.101,6.11,6.053,6.068,3019.5
2024-05-28 01:00:00,6.068,6.098,6.058,6.086,6620.0
2024-05-28 01:30:00,6.086,6.127,5.99,6.005,18270.9
2024-05-28 02:00:00,6.005,6.029,5.941,6.001,19060.6
2024-05-28 02:30:00,6.001,6.043,5.999,6.032,5245.1
2024-05-28 03:00:00,6.032,6.047,5.948,5.959,21092.0
2024-05-28 03:30:00,5.959,5.973,5.908,5.94,8797.7
2024-05-28 04:00:00,5.94,5.948,5.873,5.873,12175.1
2024-05-28 04:30:00,5.873,5.899,5.827,5.861,31572.4
2024-05-28 05:00:00,5.861,5.909,5.843,5.895,4060.9
2024-05-28 05:30:00,5.895,5.906,5.883,5.905,5530.4
2024-05-28 06:00:00,5.905,5.907,5.872,5.878,3130.7
2024-05-28 06:30:00,5.878,5.915,5.869,5.904,6824.7
2024-05-28 07:00:00,5.904,5.912,5.866,5.872,4278.5
2024-05-28 07:30:00,5.872,5.903,5.867,5.89,4938.7
2024-05-28 08:00:00,5.89,5.917,5.877,5.91,5280.0
2024-05-28 08:30:00,5.91,5.919,5.895,5.915,6881.8
2024-05-28 09:00:00,5.915,5.922,5.897,5.917,2740.4
2024-05-28 09:30:00,5.917,5.942,5.91,5.931,8843.4
2024-05-28 10:00:00,5.931,5.969,5.926,5.947,2059.9
2024-05-28 10:30:00,5.947,5.961,5.915,5.933,6941.6
2024-05-28 11:00:00,5.933,5.963,5.92,5.956,11146.1
2024-05-28 11:30:00,5.956,5.956,5.929,5.94,11915.6
2024-05-28 12:00:00,5.94,5.94,5.904,5.922,10871.1
2024-05-28 12:30:00,5.922,5.946,5.906,5.914,4099.6
2024-05-28 13:00:00,5.914,5.94,5.89,5.934,3285.0
2024-05-28 13:30:00,5.934,5.944,5.867,5.881,16557.8
2024-05-28 14:00:00,5.881,5.919,5.859,5.905,6414.5
2024-05-28 14:30:00,5.905,5.918,5.85,5.878,9225.9
2024-05-28 15:00:00,5.878,5.896,5.856,5.872,5066.5
2024-05-28 15:30:00,5.872,5.928,5.863,5.92,3144.3
2024-05-28 16:00:00,5.92,5.932,5.881,5.881,7474.7
2024-05-28 16:30:00,5.881,5.894,5.864,5.874,4267.8
2024-05-28 17:00:00,5.874,5.919,5.869,5.914,2274.5
2024-05-28 17:30:00,5.914,5.932,5.896,5.905,2859.3
2024-05-28 18:00:00,5.905,5.928,5.896,5.919,5643.7
2024-05-28 18:30:00,5.919,5.919,5.84,5.878,5674.5
2024-05-28 19:00:00,5.878,5.935,5.878,5.924,2118.2
2024-05-28 19:30:00,5.924,5.958,5.924,5.949,2142.9
2024-05-28 20:00:00,5.949,5.985,5.946,5.973,3938.9
2024-05-28 20:30:00,5.973,5.983,5.944,5.955,1781.0
2024-05-28 21:00:00,5.955,5.966,5.93,5.955,5465.9
2024-05-28 21:30:00,5.955,5.963,5.939,5.939,3377.6
2024-05-28 22:00:00,5.939,5.958,5.937,5.954,1627.3
2024-05-28 22:30:00,5.954,5.955,5.941,5.943,984.2
2024-05-28 23:00:00,5.943,5.951,5.926,5.947,4915.9
2024-05-28 23:30:00,5.947,5.952,5.941,5.944,2828.4
2024-05-29 00:00:00,5.944,5.951,5.938,5.939,5151.6
2024-05-29 00:30:00,5.939,5.95,5.907,5.915,9412.9
2024-05-29 01:00:00,5.915,5.934,5.888,5.897,12078.4
2024-05-29 01:30:00,5.897,5.926,5.885,5.905,4144.7
2024-05-29 02:00:00,5.905,5.931,5.886,5.931,4481.2
2024-05-29 02:30:00,5.931,5.94,5.903,5.926,1941.1
2024-05-29 03:00:00,5.926,5.945,5.916,5.934,54316.4
2024-05-29 03:30:00,5.934,5.96,5.929,5.956,11564.3
2024-05-29 04:00:00,5.956,5.991,5.956,5.986,18307.5
2024-05-29 04:30:00,5.986,5.998,5.967,5.993,6125.2
2024-05-29 05:00:00,5.993,6.024,5.981,6.016,13741.1
2024-05-29 05:30:00,6.016,6.04,6.012,6.017,15190.8
2024-05-29 06:00:00,6.017,6.051,6.017,6.043,30768.2
2024-05-29 06:30:00,6.043,6.044,5.981,5.988,30066.6
2024-05-29 07:00:00,5.988,6.0,5.951,5.955,22240.5
2024-05-29 07:30:00,5.955,5.986,5.95,5.956,4117.8
2024-05-29 08:00:00,5.956,5.97,5.867,5.933,67946.8
2024-05-29 08:30:00,5.933,5.958,5.916,5.946,4146.6
2024-05-29 09:00:00,5.946,5.984,5.937,5.965,8263.7
2024-05-29 09:30:00,5.965,6.007,5.938,5.993,19452.0
2024-05-29 10:00:00,5.993,6.029,5.986,6.014,8471.7
2024-05-29 10:30:00,6.014,6.021,5.979,6.021,4472.8
2024-05-29 11:00:00,6.021,6.021,5.99,5.998,3054.8
2024-05-29 11:30:00,5.998,5.998,5.948,5.952,7915.5
2024-05-29 12:00:00,5.952,6.006,5.945,5.965,4249.1
2024-05-29 12:30:00,5.965,5.98,5.922,5.96,8732.7
2024-05-29 13:00:00,5.96,6.002,5.921,5.94,8121.3
2024-05-29 13:30:00,5.94,5.947,5.893,5.925,17702.2
2024-05-29 14:00:00,5.925,5.952,5.873,5.878,31479.3
2024-05-29 14:30:00,5.878,5.921,5.876,5.894,8161.8
2024-05-29 15:00:00,5.894,5.931,5.882,5.905,15608.9
2024-05-29 15:30:00,5.905,5.915,5.865,5.873,4895.7
2024-05-29 16:00:00,5.873,5.892,5.825,5.869,39124.4
2024-05-29 16:30:00,5.869,5.923,5.866,5.917,4546.4
2024-05-29 17:00:00,5.917,5.923,5.883,5.906,1246.8
2024-05-29 17:30:00,5.906,5.91,5.859,5.896,6693.8
2024-05-29 18:00:00,5.896,5.901,5.871,5.872,3981.3
2024-05-29 18:30:00,5.872,5.883,5.851,5.856,2097.7
2024-05-29 19:00:00,5.856,5.877,5.849,5.877,2232.2
2024-05-29 19:30:00,5.877,5.877,5.817,5.823,7173.6
2024-05-29 20:00:00,5.823,5.831,5.804,5.808,4114.0
2024-05-29 20:30:00,5.808,5.831,5.805,5.821,6483.8
2024-05-29 21:00:00,5.821,5.822,5.755,5.779,24775.9
2024-05-29 21:30:00,5.779,5.819,5.764,5.795,2432.2
2024-05-29 22:00:00,5.795,5.818,5.775,5.816,3425.1
2024-05-29 22:30:00,5.816,5.821,5.796,5.804,7823.8
2024-05-29 23:00:00,5.804,5.813,5.794,5.806,5342.7
2024-05-29 23:30:00,5.806,5.807,5.778,5.785,9299.7
2024-05-30 00:00:00,5.785,5.823,5.779,5.82,5190.9
2024-05-30 00:30:00,5.82,5.82,5.773,5.784,7860.6
2024-05-30 01:00:00,5.784,5.81,5.76,5.809,5475.4
2024-05-30 01:30:00,5.809,5.833,5.795,5.823,3121.5
2024-05-30 02:00:00,5.823,5.87,5.822,5.869,7031.5
2024-05-30 02:30:00,5.869,5.871,5.838,5.843,2357.3
2024-05-30 03:00:00,5.843,5.856,5.837,5.847,1436.3
2024-05-30 03:30:00,5.847,5.87,5.846,5.868,1155.7
2024-05-30 04:00:00,5.868,5.879,5.849,5.879,2584.9
2024-05-30 04:30:00,5.879,5.899,5.856,5.868,3733.8
2024-05-30 05:00:00,5.868,5.872,5.846,5.852,2655.6
2024-05-30 05:30:00,5.852,5.863,5.846,5.852,3212.6
2024-05-30 06:00:00,5.852,5.858,5.781,5.805,19310.1
2024-05-30 06:30:00,5.805,5.805,5.725,5.743,34833.9
2024-05-30 07:00:00,5.743,5.766,5.709,5.728,22425.6
2024-05-30 07:30:00,5.728,5.764,5.66,5.691,38378.1
2024-05-30 08:00:00,5.691,5.702,5.636,5.684,22253.2
2024-05-30 08:30:00,5.684,5.738,5.684,5.731,8385.0
2024-05-30 09:00:00,5.731,5.738,5.713,5.713,7708.4
2024-05-30 09:30:00,5.713,5.745,5.711,5.744,4634.8
2024-05-30 10:00:00,5.744,5.752,5.721,5.749,4198.4
2024-05-30 10:30:00,5.749,5.777,5.749,5.769,13764.0
2024-05-30 11:00:00,5.769,5.8,5.76,5.799,6075.6
2024-05-30 11:30:00,5.799,5.799,5.772,5.776,12735.9
2024-05-30 12:00:00,5.776,5.816,5.773,5.816,8959.7
2024-05-30 12:30:00,5.816,5.84,5.8,5.826,2956.8
2024-05-30 13:00:00,5.826,5.848,5.813,5.832,6555.3
2024-05-30 13:30:00,5.832,5.851,5.804,5.842,9547.5
2024-05-30 14:00:00,5.842,5.876,5.837,5.848,5695.8
2024-05-30 14:30:00,5.848,5.855,5.806,5.815,2731.0
2024-05-30 15:00:00,5.815,5.828,5.789,5.807,4186.9
2024-05-30 15:30:00,5.807,5.861,5.803,5.85,16059.0
2024-05-30 16:00:00,5.85,5.883,5.829,5.834,4844.0
2024-05-30 16:30:00,5.834,5.853,5.83,5.849,1800.3
2024-05-30 17:00:00,5.849,5.878,5.832,5.873,6434.5
2024-05-30 17:30:00,5.873,5.929,5.873,5.901,10381.6
2024-05-30 18:00:00,5.901,5.916,5.867,5.887,2565.2
2024-05-30 18:30:00,5.887,5.905,5.875,5.901,2258.4
2024-05-30 19:00:00,5.901,5.905,5.867,5.875,4677.2
2024-05-30 19:30:00,5.875,5.881,5.828,5.843,4662.4
2024-05-30 20:00:00,5.843,5.843,5.767,5.823,12563.1
2024-05-30 20:30:00,5.823,5.826,5.788,5.795,4704.0
2024-05-30 21:00:00,5.795,5.795,5.758,5.785,4571.2
2024-05-30 21:30:00,5.785,5.816,5.782,5.812,4852.4
2024-05-30 22:00:00,5.812,5.812,5.784,5.802,6174.9
2024-05-30 22:30:00,5.802,5.806,5.786,5.799,2080.7
2024-05-30 23:00:00,5.799,5.82,5.795,5.817,4899.6
2024-05-30 23:30:00,5.817,5.822,5.802,5.808,3735.8
2024-05-31 00:00:00,5.808,5.81,5.766,5.769,7556.6
2024-05-31 00:30:00,5.769,5.799,5.758,5.795,6322.1
2024-05-31 01:00:00,5.795,5.816,5.776,5.793,2522.8
2024-05-31 01:30:00,5.793,5.8,5.75,5.767,3116.7
2024-05-31 02:00:00,5.767,5.798,5.761,5.786,3367.2
2024-05-31 02:30:00,5.786,5.795,5.773,5.788,906.7
2024-05-31 03:00:00,5.788,5.799,5.779,5.79,2601.6
2024-05-31 03:30:00,5.79,5.809,5.763,5.794,261121.7
2024-05-31 04:00:00,5.794,5.817,5.794,5.798,4094.8
2024-05-31 04:30:00,5.798,5.807,5.788,5.792,1971.7
2024-05-31 05:00:00,5.792,5.792,5.725,5.751,8866.9
2024-05-31 05:30:00,5.751,5.769,5.734,5.767,3675.2
2024-05-31 06:00:00,5.767,5.792,5.759,5.789,4825.9
2024-05-31 06:30:00,5.789,5.795,5.752,5.765,4490.8
2024-05-31 07:00:00,5.765,5.79,5.76,5.788,2758.9
2024-05-31 07:30:00,5.788,5.79,5.75,5.768,2926.0
2024-05-31 08:00:00,5.768,5.793,5.761,5.772,9502.2
2024-05-31 08:30:00,5.772,5.787,5.76,5.761,5582.8
2024-05-31 09:00:00,5.761,5.772,5.73,5.739,12452.3
2024-05-31 09:30:00,5.739,5.754,5.732,5.75,4904.4
2024-05-31 10:00:00,5.75,5.788,5.746,5.764,17232.4
2024-05-31 10:30:00,5.764,5.786,5.752,5.777,3937.4
2024-05-31 11:00:00,5.777,5.799,5.775,5.794,2219.0
2024-05-31 11:30:00,5.794,5.81,5.789,5.798,2392.7
2024-05-31 12:00:00,5.798,5.818,5.795,5.815,5071.7
2024-05-31 12:30:00,5.815,5.855,5.815,5.832,14615.1
2024-05-31 13:00:00,5.832,5.841,5.806,5.811,5931.4
2024-05-31 13:30:00,5.811,5.816,5.747,5.751,12737.6
2024-05-31 14:00:00,5.751,5.762,5.708,5.745,14656.6
2024-05-31 14:30:00,5.745,5.754,5.718,5.749,5836.4
2024-05-31 15:00:00,5.749,5.753,5.721,5.742,5543.8
2024-05-31 15:30:00,5.742,5.744,5.685,5.69,21726.4
2024-05-31 16:00:00,5.69,5.708,5.643,5.691,19706.8
2024-05-31 16:30:00,5.691,5.724,5.679,5.718,5258.5
2024-05-31 17:00:00,5.718,5.736,5.696,5.729,9538.9
2024-05-31 17:30:00,5.729,5.73,5.707,5.727,1788.1
2024-05-31 18:00:00,5.727,5.732,5.707,5.708,1848.0
2024-05-31 18:30:00,5.708,5.722,5.701,5.712,1357.8
2024-05-31 19:00:00,5.712,5.74,5.702,5.733,1996.8
2024-05-31 19:30:00,5.733,5.759,5.723,5.742,7329.5
2024-05-31 20:00:00,5.742,5.753,5.734,5.752,3538.9
2024-05-31 20:30:00,5.752,5.764,5.745,5.757,1193.5
2024-05-31 21:00:00,5.757,5.775,5.75,5.768,2718.5
2024-05-31 21:30:00,5.768,5.778,5.755,5.764,2097.2
2024-05-31 22:00:00,5.764,5.775,5.759,5.768,1456.2
2024-05-31 22:30:00,5.768,5.768,5.745,5.746,1473.5
2024-05-31 23:00:00,5.746,5.754,5.721,5.724,5050.5
2024-05-31 23:30:00,5.724,5.756,5.722,5.735,2358.6
2024-06-01 00:00:00,5.735,5.75,5.721,5.734,3655.2
2024-06-01 00:30:00,5.734,5.744,5.725,5.732,1725.3
2024-06-01 01:00:00,5.732,5.741,5.713,5.72,2998.0
2024-06-01 01:30:00,5.72,5.732,5.709,5.726,2874.5
2024-06-01 02:00:00,5.726,5.745,5.722,5.74,4923.6
2024-06-01 02:30:00,5.74,5.764,5.74,5.756,4985.8
2024-06-01 03:00:00,5.756,5.756,5.736,5.743,2971.6
2024-06-01 03:30:00,5.743,5.764,5.742,5.757,6670.9
2024-06-01 04:00:00,5.757,5.759,5.743,5.753,986.8
2024-06-01 04:30:00,5.753,5.766,5.75,5.759,1375.2
2024-06-01 05:00:00,5.759,5.761,5.741,5.743,1067.1
2024-06-01 05:30:00,5.743,5.769,5.742,5.765,3325.9
2024-06-01 06:00:00,5.765,5.782,5.761,5.765,4183.5
2024-06-01 06:30:00,5.765,5.771,5.751,5.766,4837.1
2024-06-01 07:00:00,5.766,5.771,5.755,5.755,8972.4
2024-06-01 07:30:00,5.755,5.771,5.749,5.756,11464.9
2024-06-01 08:00:00,5.756,5.776,5.755,5.766,922.4
2024-06-01 08:30:00,5.766,5.786,5.764,5.785,3370.3
2024-06-01 09:00:00,5.785,5.788,5.761,5.762,1440.4
2024-06-01 09:30:00,5.762,5.773,5.757,5.772,9207.2
2024-06-01 10:00:00,5.772,5.778,5.763,5.768,4791.6
2024-06-01 10:30:00,5.768,5.778,5.755,5.758,2420.4
2024-06-01 11:00:00,5.758,5.773,5.758,5.764,4428.8
2024-06-01 11:30:00,5.764,5.783,5.762,5.771,6344.3
2024-06-01 12:00:00,5.771,5.779,5.764,5.769,1150.0
2024-06-01 12:30:00,5.769,5.783,5.761,5.772,4076.5
2024-06-01 13:00:00,5.772,5.786,5.771,5.779,3889.7
2024-06-01 13:30:00,5.779,5.801,5.779,5.784,2564.7
2024-06-01 14:00:00,5.784,5.809,5.779,5.808,6044.0
2024-06-01 14:30:00,5.808,5.809,5.783,5.798,5088.2
2024-06-01 15:00:00,5.798,5.806,5.789,5.797,4388.4
2024-06-01 15:30:00,5.797,5.804,5.777,5.777,6766.4
2024-06-01 16:00:00,5.777,5.791,5.766,5.788,3621.7
2024-06-01 16:30:00,5.788,5.788,5.766,5.77,5096.1
2024-06-01 17:00:00,5.77,5.779,5.764,5.775,2509.1
2024-06-01 17:30:00,5.775,5.79,5.758,5.787,1413.1
2024-06-01 18:00:00,5.787,5.792,5.772,5.781,2019.4
2024-06-01 18:30:00,5.781,5.782,5.772,5.777,563.6
2024-06-01 19:00:00,5.777,5.78,5.764,5.767,2585.8
2024-06-01 19:30:00,5.767,5.779,5.76,5.775,1546.9
2024-06-01 20:00:00,5.775,5.786,5.772,5.782,1019.2
2024-06-01 20:30:00,5.782,5.785,5.775,5.785,749.5
2024-06-01 21:00:00,5.785,5.803,5.779,5.8,1407.4
2024-06-01 21:30:00,5.8,5.809,5.795,5.798,3633.6
2024-06-01 22:00:00,5.798,5.819,5.798,5.813,2778.6
2024-06-01 22:30:00,5.813,5.817,5.803,5.81,4603.1
2024-06-01 23:00:00,5.81,5.817,5.797,5.798,4375.5
2024-06-01 23:30:00,5.798,5.803,5.791,5.796,11039.4
2024-06-02 00:00:00,5.796,5.82,5.792,5.809,1102.8
2024-06-02 00:30:00,5.809,5.832,5.803,5.826,8949.9
2024-06-02 01:00:00,5.826,5.838,5.802,5.833,6076.5
2024-06-02 01:30:00,5.833,5.838,5.813,5.819,6499.0
2024-06-02 02:00:00,5.819,5.834,5.814,5.815,2106.9
2024-06-02 02:30:00,5.815,5.82,5.797,5.811,2411.4
2024-06-02 03:00:00,5.811,5.822,5.805,5.819,1002.6
2024-06-02 03:30:00,5.819,5.823,5.813,5.82,1644.8
2024-06-02 04:00:00,5.82,5.825,5.81,5.817,938.3
2024-06-02 04:30:00,5.817,5.838,5.814,5.835,1486.7
2024-06-02 05:00:00,5.835,5.845,5.818,5.818,13070.5
2024-06-02 05:30:00,5.818,5.82,5.801,5.813,2017.9
2024-06-02 06:00:00,5.813,5.822,5.81,5.821,1284.8
2024-06-02 06:30:00,5.821,5.836,5.811,5.825,2027.4
2024-06-02 07:00:00,5.825,5.827,5.777,5.781,6361.0
2024-06-02 07:30:00,5.781,5.783,5.731,5.746,7725.7
2024-06-02 08:00:00,5.746,5.77,5.745,5.77,10160.6
2024-06-02 08:30:00,5.77,5.781,5.766,5.77,5399.2
2024-06-02 09:00:00,5.77,5.771,5.718,5.721,10801.5
2024-06-02 09:30:00,5.721,5.732,5.706,5.725,11911.4
2024-06-02 10:00:00,5.725,5.767,5.714,5.738,177771.6
2024-06-02 10:30:00,5.738,5.747,5.727,5.743,1744.9
2024-06-02 11:00:00,5.743,5.756,5.733,5.754,4887.9
2024-06-02 11:30:00,5.754,5.807,5.747,5.798,25401.6
2024-06-02 12:00:00,5.798,5.807,5.774,5.787,4262.6
2024-06-02 12:30:00,5.787,5.794,5.767,5.775,3713.5
2024-06-02 13:00:00,5.775,5.785,5.752,5.78,6088.2
2024-06-02 13:30:00,5.78,5.8,5.768,5.793,19312.6
2024-06-02 14:00:00,5.793,5.825,5.784,5.825,7075.8
2024-06-02 14:30:00,5.825,5.839,5.807,5.834,8098.4
2024-06-02 15:00:00,5.834,5.867,5.831,5.847,33561.3
2024-06-02 15:30:00,5.847,5.858,5.831,5.843,6607.8
2024-06-02 16:00:00,5.843,5.866,5.803,5.803,8799.9
2024-06-02 16:30:00,5.803,5.823,5.803,5.817,7003.6
2024-06-02 17:00:00,5.817,5.82,5.756,5.781,5898.9
2024-06-02 17:30:00,5.781,5.789,5.749,5.751,3093.8
2024-06-02 18:00:00,5.751,5.754,5.695,5.746,11295.8
2024-06-02 18:30:00,5.746,5.767,5.737,5.757,4764.4
2024-06-02 19:00:00,5.757,5.767,5.718,5.739,3637.5
2024-06-02 19:30:00,5.739,5.772,5.734,5.769,2981.1
2024-06-02 20:00:00,5.769,5.782,5.745,5.764,3433.4
2024-06-02 20:30:00,5.764,5.798,5.758,5.798,2698.2
2024-06-02 21:00:00,5.798,5.812,5.788,5.8,1557.9
2024-06-02 21:30:00,5.8,5.801,5.771,5.785,1711.4
2024-06-02 22:00:00,5.785,5.806,5.783,5.803,4206.1
2024-06-02 22:30:00,5.803,5.811,5.796,5.801,3194.9
2024-06-02 23:00:00,5.801,5.813,5.798,5.803,4898.3
2024-06-02 23:30:00,5.803,5.815,5.793,5.809,1221.6
2024-06-03 00:00:00,5.809,5.834,5.797,5.799,4077.9
2024-06-03 00:30:00,5.799,5.809,5.767,5.804,4786.8
2024-06-03 01:00:00,5.804,5.886,5.801,5.879,13254.2
2024-06-03 01:30:00,5.879,5.891,5.855,5.889,9073.5
2024-06-03 02:00:00,5.889,5.922,5.887,5.907,15695.3
2024-06-03 02:30:00,5.907,5.916,5.889,5.902,5516.9
2024-06-03 03:00:00,5.902,5.915,5.862,5.876,2600.2
2024-06-03 03:30:00,5.876,5.894,5.871,5.882,3598.6
2024-06-03 04:00:00,5.882,5.886,5.831,5.833,3543.9
2024-06-03 04:30:00,5.833,5.902,5.83,5.892,3903.6
2024-06-03 05:00:00,5.892,5.929,5.892,5.913,2072.3
2024-06-03 05:30:00,5.913,5.921,5.873,5.873,4586.6
2024-06-03 06:00:00,5.873,5.921,5.856,5.921,4326.4
2024-06-03 06:30:00,5.921,5.951,5.902,5.932,44530.4
2024-06-03 07:00:00,5.932,5.942,5.889,5.902,14064.0
2024-06-03 07:30:00,5.902,5.925,5.894,5.918,2915.7
2024-06-03 08:00:00,5.918,5.95,5.911,5.948,9083.6
2024-06-03 08:30:00,5.948,5.959,5.926,5.929,11034.4
2024-06-03 09:00:00,5.929,5.933,5.897,5.907,14671.7
2024-06-03 09:30:00,5.907,5.921,5.907,5.908,1902.3
2024-06-03 10:00:00,5.908,5.927,5.908,5.927,4338.9
2024-06-03 10:30:00,5.927,5.927,5.891,5.896,2330.0
2024-06-03 11:00:00,5.896,5.911,5.885,5.901,3007.5
2024-06-03 11:30:00,5.901,5.912,5.876,5.894,8526.1
2024-06-03 12:00:00,5.894,5.923,5.894,5.92,3500.8
2024-06-03 12:30:00,5.92,5.937,5.901,5.937,8329.5
2024-06-03 13:00:00,5.937,5.938,5.922,5.928,2955.1
2024-06-03 13:30:00,5.928,5.956,5.906,5.914,16839.4
2024-06-03 14:00:00,5.914,5.931,5.89,5.891,2708.6
2024-06-03 14:30:00,5.891,5.892,5.794,5.823,19533.4
2024-06-03 15:00:00,5.823,5.852,5.817,5.831,9752.3
2024-06-03 15:30:00,5.831,5.842,5.827,5.836,8058.7
2024-06-03 16:00:00,5.836,5.842,5.785,5.795,24782.1
2024-06-03 16:30:00,5.795,5.795,5.747,5.773,28434.7
2024-06-03 17:00:00,5.773,5.803,5.758,5.802,8250.9
2024-06-03 17:30:00,5.802,5.818,5.8,5.814,4606.5
2024-06-03 18:00:00,5.814,5.822,5.802,5.815,8737.4
2024-06-03 18:30:00,5.815,5.827,5.808,5.812,1506.1
2024-06-03 19:00:00,5.812,5.817,5.801,5.809,2300.1
2024-06-03 19:30:00,5.809,5.829,5.806,5.828,5800.8
2024-06-03 20:00:00,5.828,5.841,5.821,5.834,20958.7
2024-06-03 20:30:00,5.834,5.836,5.817,5.819,1314.2
2024-06-03 21:00:00,5.819,5.831,5.806,5.818,3296.1
2024-06-03 21:30:00,5.818,5.834,5.805,5.834,2601.5
2024-06-03 22:00:00,5.834,5.834,5.809,5.817,3748.8
2024-06-03 22:30:00,5.817,5.826,5.816,5.821,785.8
2024-06-03 23:00:00,5.821,5.827,5.801,5.801,4173.6
2024-06-03 23:30:00,5.801,5.807,5.776,5.788,7710.5
2024-06-04 00:00:00,5.788,5.799,5.76,5.781,19185.8
2024-06-04 00:30:00,5.781,5.816,5.775,5.807,12296.8
2024-06-04 01:00:00,5.807,5.808,5.777,5.802,7129.0
2024-06-04 01:30:00,5.802,5.828,5.799,5.828,5200.1
2024-06-04 02:00:00,5.828,5.828,5.804,5.807,5794.4
2024-06-04 02:30:00,5.807,5.807,5.781,5.792,5466.7
2024-06-04 03:00:00,5.792,5.82,5.788,5.795,1797.9
2024-06-04 03:30:00,5.795,5.817,5.793,5.815,1336.5
2024-06-04 04:00:00,5.815,5.819,5.798,5.805,1921.2
2024-06-04 04:30:00,5.805,5.809,5.783,5.786,8179.8
2024-06-04 05:00:00,5.786,5.812,5.775,5.807,2588.0
2024-06-04 05:30:00,5.807,5.807,5.779,5.785,7189.6
2024-06-04 06:00:00,5.785,5.789,5.758,5.774,32061.1
2024-06-04 06:30:00,5.774,5.793,5.761,5.761,5404.1
2024-06-04 07:00:00,5.761,5.78,5.757,5.779,4861.4
2024-06-04 07:30:00,5.779,5.786,5.758,5.782,7731.7
2024-06-04 08:00:00,5.782,5.808,5.75,5.799,31131.6
2024-06-04 08:30:00,5.799,5.8,5.753,5.755,2610.2
2024-06-04 09:00:00,5.755,5.766,5.724,5.737,8625.8
2024-06-04 09:30:00,5.737,5.748,5.711,5.727,8984.7
2024-06-04 10:00:00,5.727,5.764,5.72,5.752,3063.5
2024-06-04 10:30:00,5.752,5.774,5.748,5.772,3407.6
2024-06-04 11:00:00,5.772,5.781,5.761,5.762,1631.1
2024-06-04 11:30:00,5.762,5.774,5.746,5.77,4340.9
2024-06-04 12:00:00,5.77,5.78,5.755,5.772,3745.7
2024-06-04 12:30:00,5.772,5.778,5.75,5.758,7969.2
2024-06-04 13:00:00,5.758,5.855,5.758,5.855,84077.1
2024-06-04 13:30:00,5.855,5.875,5.824,5.84,53941.2
2024-06-04 14:00:00,5.84,5.888,5.84,5.869,20655.7
2024-06-04 14:30:00,5.869,5.876,5.827,5.853,8795.5
2024-06-04 15:00:00,5.853,5.931,5.845,5.903,19888.9
2024-06-04 15:30:00,5.903,5.945,5.895,5.937,12416.2
2024-06-04 16:00:00,5.937,5.955,5.919,5.925,23025.3
2024-06-04 16:30:00,5.925,5.948,5.914,5.931,10215.8
2024-06-04 17:00:00,5.931,5.963,5.913,5.953,16704.7
2024-06-04 17:30:00,5.953,5.994,5.939,5.985,10607.2
2024-06-04 18:00:00,5.985,6.052,5.985,6.036,39172.6
2024-06-04 18:30:00,6.036,6.036,5.992,6.025,42436.0
2024-06-04 19:00:00,6.025,6.033,5.957,5.96,332389.5
2024-06-04 19:30:00,5.96,5.97,5.917,5.965,19166.8
2024-06-04 20:00:00,5.965,5.969,5.943,5.949,8071.7
2024-06-04 20:30:00,5.949,5.983,5.944,5.968,2740.9
2024-06-04 21:00:00,5.968,5.975,5.948,5.955,1389.5
2024-06-04 21:30:00,5.955,5.958,5.939,5.945,4280.4
2024-06-04 22:00:00,5.945,5.949,5.93,5.949,2258.6
2024-06-04 22:30:00,5.949,5.972,5.94,5.957,2439.5
2024-06-04 23:00:00,5.957,5.961,5.947,5.947,4730.9
2024-06-04 23:30:00,5.947,5.969,5.946,5.962,2502.3
2024-06-05 00:00:00,5.962,5.971,5.953,5.969,8378.3
2024-06-05 00:30:00,5.969,5.985,5.961,5.967,3418.0
2024-06-05 01:00:00,5.967,6.006,5.958,6.004,4533.6
2024-06-05 01:30:00,6.004,6.026,5.99,6.015,25560.4
2024-06-05 02:00:00,6.015,6.019,5.96,5.978,7449.6
2024-06-05 02:30:00,5.978,5.998,5.953,5.974,3414.8
2024-06-05 03:00:00,5.974,5.997,5.967,5.986,6017.9
2024-06-05 03:30:00,5.986,6.005,5.982,6.005,5693.9
2024-06-05 04:00:00,6.005,6.006,5.979,5.987,1746.0
2024-06-05 04:30:00,5.987,6.005,5.977,5.995,5099.9
2024-06-05 05:00:00,5.995,5.999,5.963,5.987,6371.6
2024-06-05 05:30:00,5.987,6.02,5.979,6.01,27244.4
2024-06-05 06:00:00,6.01,6.028,6.003,6.027,9526.2
2024-06-05 06:30:00,6.027,6.054,6.023,6.037,7810.6
2024-06-05 07:00:00,6.037,6.037,6.011,6.014,4291.2
2024-06-05 07:30:00,6.014,6.017,5.991,5.994,14495.0
2024-06-05 08:00:00,5.994,6.007,5.974,5.998,3690.5
2024-06-05 08:30:00,5.998,6.01,5.978,5.986,7802.9
2024-06-05 09:00:00,5.986,6.002,5.983,5.992,3672.3
2024-06-05 09:30:00,5.992,6.009,5.972,6.008,2745.6
2024-06-05 10:00:00,6.008,6.041,6.001,6.032,16710.4
2024-06-05 10:30:00,6.032,6.101,6.024,6.051,52087.6
2024-06-05 11:00:00,6.051,6.064,6.032,6.04,6603.3
2024-06-05 11:30:00,6.04,6.046,6.024,6.029,8547.4
2024-06-05 12:00:00,6.029,6.046,5.996,6.015,8726.6
2024-06-05 12:30:00,6.015,6.046,6.005,6.035,3712.2
2024-06-05 13:00:00,6.035,6.041,6.011,6.015,12972.8
2024-06-05 13:30:00,6.015,6.015,5.984,5.994,7509.5
2024-06-05 14:00:00,5.994,6.001,5.946,5.981,15734.4
2024-06-05 14:30:00,5.981,6.016,5.98,6.001,22044.5
2024-06-05 15:00:00,6.001,6.046,6.001,6.039,17128.8
2024-06-05 15:30:00,6.039,6.059,6.028,6.035,6060.0
2024-06-05 16:00:00,6.035,6.074,6.026,6.064,12884.3
2024-06-05 16:30:00,6.064,6.07,6.02,6.026,8270.9
2024-06-05 17:00:00,6.026,6.058,6.023,6.035,6222.1
2024-06-05 17:30:00,6.035,6.078,6.035,6.076,17961.6
2024-06-05 18:00:00,6.076,6.094,6.059,6.061,9055.8
2024-06-05 18:30:00,6.061,6.07,6.033,6.048,10031.1
2024-06-05 19:00:00,6.048,6.065,6.047,6.049,2543.6
2024-06-05 19:30:00,6.049,6.094,6.049,6.09,7932.9
2024-06-05 20:00:00,6.09,6.102,6.07,6.072,10215.0
2024-06-05 20:30:00,6.072,6.086,6.07,6.074,2431.7
2024-06-05 21:00:00,6.074,6.077,6.064,6.064,3859.6
2024-06-05 21:30:00,6.064,6.072,6.057,6.057,4461.6
2024-06-05 22:00:00,6.057,6.057,6.039,6.04,3496.3
2024-06-05 22:30:00,6.04,6.052,6.039,6.045,1858.6
2024-06-05 23:00:00,6.045,6.072,6.045,6.066,1591.0
2024-06-05 23:30:00,6.066,6.088,6.066,6.077,1839.8
2024-06-06 00:00:00,6.077,6.083,6.062,6.071,2229.4
2024-06-06 00:30:00,6.071,6.076,6.05,6.05,4835.6
2024-06-06 01:00:00,6.05,6.065,6.031,6.061,7610.9
2024-06-06 01:30:00,6.061,6.069,6.039,6.039,2766.6
2024-06-06 02:00:00,6.039,6.05,6.031,6.037,5881.8
2024-06-06 02:30:00,6.037,6.042,6.03,6.034,4737.3
2024-06-06 03:00:00,6.034,6.035,6.023,6.023,6309.7
2024-06-06 03:30:00,6.023,6.027,6.006,6.008,9574.0
2024-06-06 04:00:00,6.008,6.026,6.0,6.022,6706.8
2024-06-06 04:30:00,6.022,6.055,6.019,6.036,4399.4
2024-06-06 05:00:00,6.036,6.042,6.015,6.017,4205.1
2024-06-06 05:30:00,6.017,6.029,6.005,6.006,2000.9
2024-06-06 06:00:00,6.006,6.021,6.002,6.002,3279.1
2024-06-06 06:30:00,6.002,6.003,5.975,6.0,11627.8
2024-06-06 07:00:00,6.0,6.014,5.988,6.005,5976.1
2024-06-06 07:30:00,6.005,6.027,6.0,6.025,5089.5
2024-06-06 08:00:00,6.025,6.028,6.0,6.021,5880.7
2024-06-06 08:30:00,6.021,6.035,6.018,6.027,6283.7
2024-06-06 09:00:00,6.027,6.094,6.027,6.09,11323.9
2024-06-06 09:30:00,6.09,6.094,6.055,6.08,6607.5
2024-06-06 10:00:00,6.08,6.086,6.05,6.051,13184.4
2024-06-06 10:30:00,6.051,6.059,6.043,6.049,4114.9
2024-06-06 11:00:00,6.049,6.059,6.031,6.043,8366.3
2024-06-06 11:30:00,6.043,6.061,6.038,6.041,4024.4
2024-06-06 12:00:00,6.041,6.069,6.037,6.065,3649.6
2024-06-06 12:30:00,6.065,6.071,6.018,6.03,6477.4
2024-06-06 13:00:00,6.03,6.036,6.005,6.029,4355.1
2024-06-06 13:30:00,6.029,6.063,6.019,6.023,5553.4
2024-06-06 14:00:00,6.023,6.023,5.989,6.013,7290.2
2024-06-06 14:30:00,6.013,6.047,6.008,6.035,7467.7
2024-06-06 15:00:00,6.035,6.055,6.034,6.048,9507.3
2024-06-06 15:30:00,6.048,6.053,6.015,6.016,3671.2
2024-06-06 16:00:00,6.016,6.034,6.006,6.006,4873.1
2024-06-06 16:30:00,6.006,6.006,5.95,5.972,12030.3
2024-06-06 17:00:00,5.972,6.007,5.957,6.005,4818.4
2024-06-06 17:30:00,6.005,6.005,5.985,5.99,2938.4
2024-06-06 18:00:00,5.99,5.999,5.967,5.981,4771.3
2024-06-06 18:30:00,5.981,5.984,5.97,5.982,1001.5
2024-06-06 19:00:00,5.982,5.982,5.945,5.953,11330.5
2024-06-06 19:30:00,5.953,5.954,5.882,5.892,80784.9
2024-06-06 20:00:00,5.892,5.92,5.842,5.913,24402.7
2024-06-06 20:30:00,5.913,5.938,5.913,5.936,3068.0
2024-06-06 21:00:00,5.936,5.941,5.923,5.923,20545.1
2024-06-06 21:30:00,5.923,5.941,5.922,5.928,5850.5
2024-06-06 22:00:00,5.928,5.94,5.921,5.939,2048.5
2024-06-06 22:30:00,5.939,5.951,5.936,5.95,1962.4
2024-06-06 23:00:00,5.95,5.954,5.938,5.95,8633.5
2024-06-06 23:30:00,5.95,5.963,5.946,5.959,3561.5
2024-06-07 00:00:00,5.959,5.963,5.945,5.957,2684.9
2024-06-07 00:30:00,5.957,5.962,5.946,5.957,2093.9
2024-06-07 01:00:00,5.957,5.962,5.938,5.941,1526.5
2024-06-07 01:30:00,5.941,5.95,5.93,5.934,4858.8
2024-06-07 02:00:00,5.934,5.946,5.925,5.934,3658.4
2024-06-07 02:30:00,5.934,5.934,5.911,5.927,3460.7
2024-06-07 03:00:00,5.927,5.941,5.918,5.941,2081.8
2024-06-07 03:30:00,5.941,5.946,5.937,5.937,1292.2
2024-06-07 04:00:00,5.937,5.95,5.93,5.941,1968.0
2024-06-07 04:30:00,5.941,5.947,5.933,5.942,1154.5
2024-06-07 05:00:00,5.942,5.984,5.938,5.981,11776.0
2024-06-07 05:30:00,5.981,5.99,5.969,5.976,14593.1
2024-06-07 06:00:00,5.976,5.988,5.967,5.987,5034.0
2024-06-07 06:30:00,5.987,6.014,5.983,6.012,7630.2
2024-06-07 07:00:00,6.012,6.028,6.008,6.011,2909.6
2024-06-07 07:30:00,6.011,6.012,5.989,6.0,5609.9
2024-06-07 08:00:00,6.0,6.012,5.993,6.008,7915.1
2024-06-07 08:30:00,6.008,6.027,6.002,6.003,1392.7
2024-06-07 09:00:00,6.003,6.012,5.987,6.012,7345.4
2024-06-07 09:30:00,6.012,6.076,6.004,6.074,10096.1
2024-06-07 10:00:00,6.074,6.394,6.074,6.348,188594.7
2024-06-07 10:30:00,6.348,6.527,6.288,6.467,145545.8
2024-06-07 11:00:00,6.467,6.493,6.326,6.373,157775.3
2024-06-07 11:30:00,6.373,6.423,6.328,6.405,66156.4
2024-06-07 12:00:00,6.405,6.443,6.367,6.405,37540.9
2024-06-07 12:30:00,6.405,6.453,6.254,6.431,158311.5
2024-06-07 13:00:00,6.431,6.533,6.417,6.523,58183.9
2024-06-07 13:30:00,6.523,6.596,6.465,6.593,51644.5
2024-06-07 14:00:00,6.593,6.699,6.579,6.699,85571.8
2024-06-07 14:30:00,6.699,6.729,6.628,6.719,424146.3
2024-06-07 15:00:00,6.719,6.75,6.645,6.665,137947.7
2024-06-07 15:30:00,6.665,6.723,6.631,6.706,77790.0
2024-06-07 16:00:00,6.706,6.729,6.639,6.698,80472.6
2024-06-07 16:30:00,6.698,6.706,6.538,6.568,164066.4
2024-06-07 17:00:00,6.568,6.568,6.476,6.491,60910.3
2024-06-07 17:30:00,6.491,6.508,6.372,6.372,71049.4
2024-06-07 18:00:00,6.372,6.389,5.685,5.99,723539.4
2024-06-07 18:30:00,5.99,6.084,5.971,6.019,80578.7
2024-06-07 19:00:00,6.019,6.079,5.943,6.059,60098.6
2024-06-07 19:30:00,6.059,6.133,6.031,6.061,126096.7
2024-06-07 20:00:00,6.061,6.07,5.999,6.053,37277.4
2024-06-07 20:30:00,6.053,6.08,6.029,6.063,16649.8
2024-06-07 21:00:00,6.063,6.067,6.002,6.047,10056.6
2024-06-07 21:30:00,6.047,6.053,5.999,6.041,29951.9
2024-06-07 22:00:00,6.041,6.124,6.026,6.11,22303.7
2024-06-07 22:30:00,6.11,6.13,6.074,6.124,28759.0
2024-06-07 23:00:00,6.124,6.236,6.108,6.164,64926.6
2024-06-07 23:30:00,6.164,6.164,6.099,6.114,23821.0
2024-06-08 00:00:00,6.114,6.127,6.03,6.125,124944.8
2024-06-08 00:30:00,6.125,6.133,6.075,6.133,31335.9
2024-06-08 01:00:00,6.133,6.254,6.122,6.195,83913.6
2024-06-08 01:30:00,6.195,6.409,6.184,6.394,67044.6
2024-06-08 02:00:00,6.394,6.412,6.302,6.342,101827.1
2024-06-08 02:30:00,6.342,6.397,6.32,6.351,51838.5
2024-06-08 03:00:00,6.351,6.394,6.303,6.375,26738.9
2024-06-08 03:30:00,6.375,6.395,6.312,6.313,24943.9
2024-06-08 04:00:00,6.313,6.347,6.305,6.321,19132.3
2024-06-08 04:30:00,6.321,6.39,6.269,6.349,48841.4
2024-06-08 05:00:00,6.349,6.361,6.262,6.299,42685.2
2024-06-08 05:30:00,6.299,6.413,6.291,6.37,69135.6
2024-06-08 06:00:00,6.37,6.412,6.309,6.387,73525.8
2024-06-08 06:30:00,6.387,6.395,6.29,6.326,41722.9
2024-06-08 07:00:00,6.326,6.394,6.311,6.384,17693.4
2024-06-08 07:30:00,6.384,6.469,6.375,6.446,45548.0
2024-06-08 08:00:00,6.446,6.454,6.355,6.363,34399.2
2024-06-08 08:30:00,6.363,6.382,6.32,6.329,19591.4
2024-06-08 09:00:00,6.329,6.335,6.27,6.332,30626.2
2024-06-08 09:30:00,6.332,6.337,6.224,6.28,46347.0
2024-06-08 10:00:00,6.28,6.305,6.252,6.267,26333.2
2024-06-08 10:30:00,6.267,6.283,6.17,6.255,70614.9
2024-06-08 11:00:00,6.255,6.308,6.206,6.22,47228.4
2024-06-08 11:30:00,6.22,6.234,6.118,6.135,119982.3
2024-06-08 12:00:00,6.135,6.144,6.077,6.119,59098.2
2024-06-08 12:30:00,6.119,6.146,6.091,6.12,11758.3
2024-06-08 13:00:00,6.12,6.133,6.003,6.016,66445.9
2024-06-08 13:30:00,6.016,6.098,5.98,6.097,58814.1
2024-06-08 14:00:00,6.097,6.107,6.039,6.047,63600.7
2024-06-08 14:30:00,6.047,6.135,6.047,6.127,44468.3
2024-06-08 15:00:00,6.127,6.184,6.1,6.166,80383.0
2024-06-08 15:30:00,6.166,6.183,6.139,6.146,31886.3
2024-06-08 16:00:00,6.146,6.203,6.108,6.13,39597.7
2024-06-08 16:30:00,6.13,6.176,6.085,6.109,36579.9
2024-06-08 17:00:00,6.109,6.151,6.087,6.098,27278.1
2024-06-08 17:30:00,6.098,6.153,6.061,6.129,31013.1
2024-06-08 18:00:00,6.129,6.195,6.124,6.18,26441.4
2024-06-08 18:30:00,6.18,6.182,6.127,6.142,18882.8
2024-06-08 19:00:00,6.142,6.185,6.127,6.138,4151.7
2024-06-08 19:30:00,6.138,6.151,6.095,6.126,19074.1
2024-06-08 20:00:00,6.126,6.13,6.104,6.11,3116.8
2024-06-08 20:30:00,6.11,6.143,6.096,6.115,11912.5
2024-06-08 21:00:00,6.115,6.131,6.079,6.126,12067.9
2024-06-08 21:30:00,6.126,6.155,6.101,6.119,5890.0
2024-06-08 22:00:00,6.119,6.136,6.021,6.034,26467.5
2024-06-08 22:30:00,6.034,6.071,6.034,6.046,29160.0
2024-06-08 23:00:00,6.046,6.059,6.009,6.033,9516.3
2024-06-08 23:30:00,6.033,6.062,6.019,6.05,6088.7
2024-06-09 00:00:00,6.05,6.081,6.006,6.057,13262.4
2024-06-09 00:30:00,6.057,6.142,6.057,6.12,14165.9
2024-06-09 01:00:00,6.12,6.167,6.106,6.165,10418.5
2024-06-09 01:30:00,6.165,6.19,6.147,6.19,9634.1
2024-06-09 02:00:00,6.19,6.19,6.108,6.121,24533.6
2024-06-09 02:30:00,6.121,6.151,6.095,6.113,15948.3
2024-06-09 03:00:00,6.113,6.146,6.11,6.135,6345.9
2024-06-09 03:30:00,6.135,6.3,6.126,6.25,79037.3
2024-06-09 04:00:00,6.25,6.271,6.19,6.209,21541.4
2024-06-09 04:30:00,6.209,6.255,6.199,6.218,6224.8
2024-06-09 05:00:00,6.218,6.223,6.163,6.217,27005.0
2024-06-09 05:30:00,6.217,6.229,6.171,6.188,19792.5
2024-06-09 06:00:00,6.188,6.251,6.166,6.238,14380.1
2024-06-09 06:30:00,6.238,6.263,6.207,6.217,6912.7
2024-06-09 07:00:00,6.217,6.269,6.216,6.225,7701.8
2024-06-09 07:30:00,6.225,6.253,6.18,6.186,23503.0
2024-06-09 08:00:00,6.186,6.249,6.165,6.234,9232.1
2024-06-09 08:30:00,6.234,6.295,6.232,6.287,6903.9
2024-06-09 09:00:00,6.287,6.328,6.263,6.27,21731.8
2024-06-09 09:30:00,6.27,6.291,6.246,6.255,7513.6
2024-06-09 10:00:00,6.255,6.266,6.229,6.239,26776.1
2024-06-09 10:30:00,6.239,6.28,6.23,6.272,4544.9
2024-06-09 11:00:00,6.272,6.322,6.261,6.284,11325.2
2024-06-09 11:30:00,6.284,6.363,6.262,6.315,17459.5
2024-06-09 12:00:00,6.315,6.327,6.243,6.252,8903.0
2024-06-09 12:30:00,6.252,6.308,6.245,6.288,56989.1
2024-06-09 13:00:00,6.288,6.349,6.238,6.272,62921.0
2024-06-09 13:30:00,6.272,6.272,6.215,6.24,30152.3
2024-06-09 14:00:00,6.24,6.256,6.173,6.184,32136.4
2024-06-09 14:30:00,6.184,6.224,6.176,6.219,8964.1
2024-06-09 15:00:00,6.219,6.239,6.197,6.227,16251.3
2024-06-09 15:30:00,6.227,6.243,6.202,6.216,15519.1
2024-06-09 16:00:00,6.216,6.246,6.211,6.214,4917.5
2024-06-09 16:30:00,6.214,6.228,6.194,6.222,2115.9
2024-06-09 17:00:00,6.222,6.243,6.208,6.213,3353.7
2024-06-09 17:30:00,6.213,6.242,6.207,6.221,5055.0
2024-06-09 18:00:00,6.221,6.23,6.204,6.214,5139.4
2024-06-09 18:30:00,6.214,6.232,6.205,6.226,5491.8
2024-06-09 19:00:00,6.226,6.238,6.204,6.205,3595.6
2024-06-09 19:30:00,6.205,6.205,6.178,6.181,7076.5
2024-06-09 20:00:00,6.181,6.192,6.123,6.129,154769.1
2024-06-09 20:30:00,6.129,6.145,6.113,6.122,25301.8
2024-06-09 21:00:00,6.122,6.127,6.104,6.113,29388.4
2024-06-09 21:30:00,6.113,6.118,6.068,6.11,57075.9
2024-06-09 22:00:00,6.11,6.116,6.092,6.108,4598.2
2024-06-09 22:30:00,6.108,6.13,6.108,6.123,8327.0
2024-06-09 23:00:00,6.123,6.134,6.117,6.133,2984.3
2024-06-09 23:30:00,6.133,6.137,6.118,6.13,6552.1
2024-06-10 00:00:00,6.13,6.149,6.093,6.104,8283.2
2024-06-10 00:30:00,6.104,6.145,6.09,6.129,13638.3
2024-06-10 01:00:00,6.129,6.138,6.106,6.124,17270.2
2024-06-10 01:30:00,6.124,6.141,6.112,6.115,6783.2
2024-06-10 02:00:00,6.115,6.14,6.108,6.138,4933.1
2024-06-10 02:30:00,6.138,6.153,6.125,6.129,14371.9
2024-06-10 03:00:00,6.129,6.141,6.112,6.119,1993.0
2024-06-10 03:30:00,6.119,6.127,6.068,6.088,26035.2
2024-06-10 04:00:00,6.088,6.11,6.051,6.109,18484.7
2024-06-10 04:30:00,6.109,6.136,6.096,6.107,10862.7
2024-06-10 05:00:00,6.107,6.107,6.053,6.07,13865.7
2024-06-10 05:30:00,6.07,6.094,6.02,6.035,70489.8
2024-06-10 06:00:00,6.035,6.05,6.002,6.003,45383.5
2024-06-10 06:30:00,6.003,6.016,5.91,5.945,112368.6
2024-06-10 07:00:00,5.945,5.945,5.855,5.893,73937.8
2024-06-10 07:30:00,5.893,5.899,5.819,5.83,37747.8
2024-06-10 08:00:00,5.83,5.901,5.824,5.883,21248.9
2024-06-10 08:30:00,5.883,5.906,5.883,5.897,5581.5
2024-06-10 09:00:00,5.897,5.908,5.867,5.881,21787.9
2024-06-10 09:30:00,5.881,5.928,5.861,5.909,143152.2
2024-06-10 10:00:00,5.909,5.927,5.884,5.888,12898.1
2024-06-10 10:30:00,5.888,5.9,5.877,5.88,11601.9
2024-06-10 11:00:00,5.88,5.897,5.873,5.877,10149.6
2024-06-10 11:30:00,5.877,5.91,5.868,5.884,8896.2
2024-06-10 12:00:00,5.884,5.885,5.856,5.876,16277.1
2024-06-10 12:30:00,5.876,5.88,5.841,5.865,15427.5
2024-06-10 13:00:00,5.865,5.867,5.822,5.842,20732.2
2024-06-10 13:30:00,5.842,5.879,5.808,5.829,45960.8
2024-06-10 14:00:00,5.829,5.862,5.796,5.851,149862.7
2024-06-10 14:30:00,5.851,5.898,5.843,5.897,19853.1
2024-06-10 15:00:00,5.897,5.934,5.883,5.914,60732.1
2024-06-10 15:30:00,5.914,5.958,5.893,5.934,36586.7
2024-06-10 16:00:00,5.934,5.947,5.869,5.892,16080.6
2024-06-10 16:30:00,5.892,5.92,5.885,5.915,6836.3
2024-06-10 17:00:00,5.915,5.915,5.883,5.899,12655.0
2024-06-10 17:30:00,5.899,5.906,5.882,5.906,5584.7
2024-06-10 18:00:00,5.906,5.932,5.889,5.891,11694.9
2024-06-10 18:30:00,5.891,5.912,5.864,5.904,12853.8
2024-06-10 19:00:00,5.904,5.908,5.844,5.883,17966.2
2024-06-10 19:30:00,5.883,5.883,5.834,5.843,5776.2
2024-06-10 20:00:00,5.843,5.843,5.761,5.827,68001.6
2024-06-10 20:30:00,5.827,5.849,5.809,5.816,7246.0
2024-06-10 21:00:00,5.816,5.827,5.769,5.776,8650.5
2024-06-10 21:30:00,5.776,5.805,5.776,5.789,5706.7
2024-06-10 22:00:00,5.789,5.789,5.722,5.759,605100.7
2024-06-10 22:30:00,5.759,5.802,5.753,5.799,36490.6
2024-06-10 23:00:00,5.799,5.813,5.778,5.778,17411.0
2024-06-10 23:30:00,5.778,5.805,5.766,5.793,16731.8
2024-06-11 00:00:00,5.793,5.808,5.783,5.8,6720.9
2024-06-11 00:30:00,5.8,5.816,5.785,5.808,11804.3
2024-06-11 01:00:00,5.808,5.815,5.783,5.796,21009.7
2024-06-11 01:30:00,5.796,5.805,5.5,5.651,240587.7
2024-06-11 02:00:00,5.651,5.701,5.578,5.605,51237.3
2024-06-11 02:30:00,5.605,5.66,5.565,5.658,43182.9
2024-06-11 03:00:00,5.658,5.681,5.637,5.668,19787.6
2024-06-11 03:30:00,5.668,5.668,5.625,5.644,11926.7
2024-06-11 04:00:00,5.644,5.665,5.585,5.627,37478.3
2024-06-11 04:30:00,5.627,5.65,5.588,5.631,7515.4
2024-06-11 05:00:00,5.631,5.636,5.601,5.614,5970.0
2024-06-11 05:30:00,5.614,5.643,5.592,5.643,20960.9
2024-06-11 06:00:00,5.643,5.643,5.59,5.609,7995.1
2024-06-11 06:30:00,5.609,5.617,5.51,5.588,34175.4
2024-06-11 07:00:00,5.588,5.645,5.57,5.639,12416.5
2024-06-11 07:30:00,5.639,5.639,5.585,5.609,16257.5
2024-06-11 08:00:00,5.609,5.63,5.596,5.627,9127.9
2024-06-11 08:30:00,5.627,5.635,5.614,5.628,4465.1
2024-06-11 09:00:00,5.628,5.636,5.592,5.601,8603.7
2024-06-11 09:30:00,5.601,5.612,5.576,5.593,12633.3
2024-06-11 10:00:00,5.593,5.652,5.581,5.65,11238.5
2024-06-11 10:30:00,5.65,5.65,5.601,5.609,5348.4
2024-06-11 11:00:00,5.609,5.621,5.585,5.593,8006.8
2024-06-11 11:30:00,5.593,5.62,5.583,5.594,9470.0
2024-06-11 12:00:00,5.594,5.62,5.568,5.572,7102.9
2024-06-11 12:30:00,5.572,5.582,5.543,5.549,14340.0
2024-06-11 13:00:00,5.549,5.582,5.504,5.569,21790.7
2024-06-11 13:30:00,5.569,5.569,5.457,5.505,172912.4
2024-06-11 14:00:00,5.505,5.56,5.489,5.552,5114.4
2024-06-11 14:30:00,5.552,5.569,5.524,5.555,14862.8
2024-06-11 15:00:00,5.555,5.564,5.499,5.526,13808.2
2024-06-11 15:30:00,5.526,5.526,5.328,5.415,212151.2
2024-06-11 16:00:00,5.415,5.482,5.405,5.473,28835.5
2024-06-11 16:30:00,5.473,5.485,5.379,5.398,13042.5
2024-06-11 17:00:00,5.398,5.412,5.282,5.315,31699.8
2024-06-11 17:30:00,5.315,5.426,5.315,5.404,16694.0
2024-06-11 18:00:00,5.404,5.425,5.384,5.415,4234.5
2024-06-11 18:30:00,5.415,5.447,5.411,5.433,4094.3
2024-06-11 19:00:00,5.433,5.445,5.399,5.406,2821.7
2024-06-11 19:30:00,5.406,5.438,5.405,5.429,1721.2
2024-06-11 20:00:00,5.429,5.429,5.405,5.418,1793.1
2024-06-11 20:30:00,5.418,5.418,5.398,5.407,4257.7
2024-06-11 21:00:00,5.407,5.413,5.389,5.402,11761.7
2024-06-11 21:30:00,5.402,5.433,5.391,5.431,7153.6
2024-06-11 22:00:00,5.431,5.431,5.403,5.406,11434.4
2024-06-11 22:30:00,5.406,5.409,5.381,5.392,4707.6
2024-06-11 23:00:00,5.392,5.406,5.37,5.371,6384.0
2024-06-11 23:30:00,5.371,5.39,5.368,5.38,3582.9
2024-06-12 00:00:00,5.38,5.398,5.346,5.35,9939.2
2024-06-12 00:30:00,5.35,5.358,5.325,5.341,13313.6
2024-06-12 01:00:00,5.341,5.36,5.284,5.291,19748.4
2024-06-12 01:30:00,5.291,5.301,5.21,5.295,39373.5
2024-06-12 02:00:00,5.295,5.384,5.281,5.377,7793.5
2024-06-12 02:30:00,5.377,5.39,5.357,5.384,5098.9
2024-06-12 03:00:00,5.384,5.415,5.384,5.394,4072.3
2024-06-12 03:30:00,5.394,5.42,5.385,5.414,11547.0
2024-06-12 04:00:00,5.414,5.458,5.399,5.431,15962.2
2024-06-12 04:30:00,5.431,5.451,5.429,5.437,20486.9
2024-06-12 05:00:00,5.437,5.44,5.409,5.42,5897.9
2024-06-12 05:30:00,5.42,5.438,5.417,5.422,4323.7
2024-06-12 06:00:00,5.422,5.448,5.421,5.441,2948.6
2024-06-12 06:30:00,5.441,5.456,5.419,5.422,3048.2
2024-06-12 07:00:00,5.422,5.444,5.422,5.439,9269.1
2024-06-12 07:30:00,5.439,5.449,5.424,5.449,1483.0
2024-06-12 08:00:00,5.449,5.454,5.422,5.424,2858.0
2024-06-12 08:30:00,5.424,5.436,5.4,5.408,2812.5
2024-06-12 09:00:00,5.408,5.416,5.398,5.411,1322.7
2024-06-12 09:30:00,5.411,5.449,5.408,5.432,8029.8
2024-06-12 10:00:00,5.432,5.455,5.431,5.434,12297.5
2024-06-12 10:30:00,5.434,5.441,5.421,5.435,2101.9
2024-06-12 11:00:00,5.435,5.438,5.401,5.402,4332.0
2024-06-12 11:30:00,5.402,5.408,5.377,5.384,7300.2
2024-06-12 12:00:00,5.384,5.411,5.381,5.411,5828.2
2024-06-12 12:30:00,5.411,5.652,5.411,5.643,112371.8
2024-06-12 13:00:00,5.643,5.69,5.592,5.597,31774.5
2024-06-12 13:30:00,5.597,5.625,5.577,5.592,8435.4
2024-06-12 14:00:00,5.592,5.651,5.588,5.644,7451.6
2024-06-12 14:30:00,5.644,5.686,5.633,5.686,21889.0
2024-06-12 15:00:00,5.686,5.718,5.667,5.71,14869.8
2024-06-12 15:30:00,5.71,5.711,5.663,5.675,6216.3
2024-06-12 16:00:00,5.675,5.718,5.647,5.647,12145.5
2024-06-12 16:30:00,5.647,5.678,5.628,5.677,4444.0
2024-06-12 17:00:00,5.677,5.713,5.655,5.711,2558.6
2024-06-12 17:30:00,5.711,5.733,5.689,5.732,11627.4
2024-06-12 18:00:00,5.732,5.734,5.6,5.709,67224.1
2024-06-12 18:30:00,5.709,5.744,5.593,5.614,51721.4
2024-06-12 19:00:00,5.614,5.699,5.578,5.594,19783.3
2024-06-12 19:30:00,5.594,5.617,5.439,5.481,37413.0
2024-06-12 20:00:00,5.481,5.564,5.459,5.559,12314.8
2024-06-12 20:30:00,5.559,5.612,5.556,5.605,11473.3
2024-06-12 21:00:00,5.605,5.612,5.582,5.596,3552.1
2024-06-12 21:30:00,5.596,5.619,5.584,5.59,5741.0
2024-06-12 22:00:00,5.59,5.601,5.573,5.6,1866.1
2024-06-12 22:30:00,5.6,5.612,5.595,5.605,1384.3
2024-06-12 23:00:00,5.605,5.625,5.601,5.618,10281.0
2024-06-12 23:30:00,5.618,5.656,5.618,5.651,5018.4
2024-06-13 00:00:00,5.651,5.653,5.617,5.64,2004.5
2024-06-13 00:30:00,5.64,5.686,5.64,5.673,4536.8
2024-06-13 01:00:00,5.673,5.694,5.642,5.644,2876.6
2024-06-13 01:30:00,5.644,5.656,5.591,5.595,9194.5
2024-06-13 02:00:00,5.595,5.595,5.54,5.582,11481.9
2024-06-13 02:30:00,5.582,5.595,5.507,5.512,6428.5
2024-06-13 03:00:00,5.512,5.513,5.404,5.45,22488.6
2024-06-13 03:30:00,5.45,5.477,5.424,5.458,13977.6
2024-06-13 04:00:00,5.458,5.503,5.455,5.501,7328.4
2024-06-13 04:30:00,5.501,5.511,5.478,5.483,8701.9
2024-06-13 05:00:00,5.483,5.513,5.483,5.496,4254.4
2024-06-13 05:30:00,5.496,5.496,5.448,5.451,8450.3
2024-06-13 06:00:00,5.451,5.476,5.43,5.472,4627.6
2024-06-13 06:30:00,5.472,5.472,5.421,5.433,3885.1
2024-06-13 07:00:00,5.433,5.467,5.413,5.459,11633.3
2024-06-13 07:30:00,5.459,5.463,5.439,5.463,2646.1
2024-06-13 08:00:00,5.463,5.464,5.432,5.442,4296.1
2024-06-13 08:30:00,5.442,5.451,5.434,5.441,3928.8
2024-06-13 09:00:00,5.441,5.448,5.401,5.416,6295.6
2024-06-13 09:30:00,5.416,5.431,5.395,5.425,7482.2
2024-06-13 10:00:00,5.425,5.435,5.398,5.421,5230.4
2024-06-13 10:30:00,5.421,5.457,5.408,5.447,2524.5
2024-06-13 11:00:00,5.447,5.449,5.407,5.419,6286.4
2024-06-13 11:30:00,5.419,5.421,5.371,5.389,12811.1
2024-06-13 12:00:00,5.389,5.425,5.388,5.425,3655.1
2024-06-13 12:30:00,5.425,5.471,5.359,5.397,22945.3
2024-06-13 13:00:00,5.397,5.456,5.388,5.454,5541.0
2024-06-13 13:30:00,5.454,5.466,5.394,5.398,12882.5
2024-06-13 14:00:00,5.398,5.418,5.367,5.38,11118.2
2024-06-13 14:30:00,5.38,5.443,5.378,5.406,6784.7
2024-06-13 15:00:00,5.406,5.417,5.362,5.373,6799.8
2024-06-13 15:30:00,5.373,5.378,5.31,5.325,19924.9
2024-06-13 16:00:00,5.325,5.375,5.285,5.363,15611.1
2024-06-13 16:30:00,5.363,5.38,5.339,5.375,9145.5
2024-06-13 17:00:00,5.375,5.399,5.372,5.379,6066.2
2024-06-13 17:30:00,5.379,5.426,5.377,5.415,1637.1
2024-06-13 18:00:00,5.415,5.431,5.411,5.42,1928.6
2024-06-13 18:30:00,5.42,5.443,5.406,5.439,3878.8
2024-06-13 19:00:00,5.439,5.448,5.417,5.436,3530.3
2024-06-13 19:30:00,5.436,5.437,5.408,5.416,2020.4
2024-06-13 20:00:00,5.416,5.434,5.406,5.417,2465.3
2024-06-13 20:30:00,5.417,5.422,5.393,5.4,5310.9
2024-06-13 21:00:00,5.4,5.4,5.344,5.344,5493.7
2024-06-13 21:30:00,5.344,5.404,5.344,5.404,4914.3
2024-06-13 22:00:00,5.404,5.404,5.363,5.379,1374.7
2024-06-13 22:30:00,5.379,5.405,5.376,5.392,1903.0
2024-06-13 23:00:00,5.392,5.392,5.347,5.384,2774.5
2024-06-13 23:30:00,5.384,5.396,5.371,5.38,1003.0
2024-06-14 00:00:00,5.38,5.402,5.338,5.382,8683.9
2024-06-14 00:30:00,5.382,5.385,5.341,5.363,7570.9
2024-06-14 01:00:00,5.363,5.398,5.321,5.36,5088.2
2024-06-14 01:30:00,5.36,5.418,5.341,5.415,3482.6
2024-06-14 02:00:00,5.415,5.441,5.409,5.426,4980.9
2024-06-14 02:30:00,5.426,5.435,5.408,5.429,1845.9
2024-06-14 03:00:00,5.429,5.435,5.414,5.419,3463.0
2024-06-14 03:30:00,5.419,5.427,5.39,5.395,4327.0
2024-06-14 04:00:00,5.395,5.411,5.389,5.411,2591.7
2024-06-14 04:30:00,5.411,5.417,5.396,5.404,4479.1
2024-06-14 05:00:00,5.404,5.423,5.404,5.422,4102.8
2024-06-14 05:30:00,5.422,5.454,5.417,5.434,9330.1
2024-06-14 06:00:00,5.434,5.445,5.422,5.428,1361.4
2024-06-14 06:30:00,5.428,5.452,5.423,5.436,1933.4
2024-06-14 07:00:00,5.436,5.45,5.435,5.439,1819.3
2024-06-14 07:30:00,5.439,5.462,5.437,5.444,10378.7
2024-06-14 08:00:00,5.444,5.464,5.436,5.444,2862.0
2024-06-14 08:30:00,5.444,5.465,5.44,5.465,3264.1
2024-06-14 09:00:00,5.465,5.465,5.439,5.446,7390.5
2024-06-14 09:30:00,5.446,5.446,5.396,5.41,9669.7
2024-06-14 10:00:00,5.41,5.424,5.402,5.411,6086.6
2024-06-14 10:30:00,5.411,5.418,5.402,5.402,4169.6
2024-06-14 11:00:00,5.402,5.413,5.382,5.409,12333.3
2024-06-14 11:30:00,5.409,5.414,5.4,5.406,5686.5
2024-06-14 12:00:00,5.406,5.429,5.4,5.423,6786.3
2024-06-14 12:30:00,5.423,5.43,5.4,5.401,3913.4
2024-06-14 13:00:00,5.401,5.422,5.393,5.419,1675.6
2024-06-14 13:30:00,5.419,5.419,5.391,5.391,1938.4
2024-06-14 14:00:00,5.391,5.396,5.308,5.319,17245.6
2024-06-14 14:30:00,5.319,5.342,5.283,5.325,27864.3
2024-06-14 15:00:00,5.325,5.333,5.267,5.305,7325.2
2024-06-14 15:30:00,5.305,5.329,5.203,5.244,26750.9
2024-06-14 16:00:00,5.244,5.252,4.96,5.068,150849.8
2024-06-14 16:30:00,5.068,5.09,5.008,5.05,17054.1
2024-06-14 17:00:00,5.05,5.071,5.008,5.054,8117.7
2024-06-14 17:30:00,5.054,5.087,5.028,5.036,6594.8
2024-06-14 18:00:00,5.036,5.041,4.94,4.992,35924.2
2024-06-14 18:30:00,4.992,5.014,4.98,4.999,4630.5
2024-06-14 19:00:00,4.999,5.037,4.981,5.037,4335.9
2024-06-14 19:30:00,5.037,5.038,4.994,5.01,4603.8
2024-06-14 20:00:00,5.01,5.046,5.008,5.046,4633.9
2024-06-14 20:30:00,5.046,5.055,5.012,5.023,8078.9
2024-06-14 21:00:00,5.023,5.093,5.019,5.091,3383.5
2024-06-14 21:30:00,5.091,5.159,5.085,5.138,9417.9
2024-06-14 22:00:00,5.138,5.139,5.081,5.087,7454.0
2024-06-14 22:30:00,5.087,5.109,5.073,5.103,2947.7
2024-06-14 23:00:00,5.103,5.103,5.075,5.089,1395.8
2024-06-14 23:30:00,5.089,5.096,5.081,5.089,1234.0
2024-06-15 00:00:00,5.089,5.128,5.083,5.121,5260.3
2024-06-15 00:30:00,5.121,5.139,5.102,5.117,6434.7
2024-06-15 01:00:00,5.117,5.148,5.113,5.123,2364.0
2024-06-15 01:30:00,5.123,5.126,5.093,5.098,3279.8
2024-06-15 02:00:00,5.098,5.118,5.088,5.111,3878.6
2024-06-15 02:30:00,5.111,5.15,5.111,5.143,1592.6
2024-06-15 03:00:00,5.143,5.164,5.143,5.156,2584.6
2024-06-15 03:30:00,5.156,5.169,5.151,5.166,2615.5
2024-06-15 04:00:00,5.166,5.172,5.143,5.148,4130.2
2024-06-15 04:30:00,5.148,5.173,5.145,5.166,2361.8
2024-06-15 05:00:00,5.166,5.186,5.163,5.186,4460.2
2024-06-15 05:30:00,5.186,5.196,5.169,5.171,7795.1
2024-06-15 06:00:00,5.171,5.215,5.171,5.195,10019.7
2024-06-15 06:30:00,5.195,5.197,5.174,5.184,5626.3
2024-06-15 07:00:00,5.184,5.192,5.172,5.172,5901.0
2024-06-15 07:30:00,5.172,5.18,5.157,5.162,3642.7
2024-06-15 08:00:00,5.162,5.173,5.152,5.165,1909.5
2024-06-15 08:30:00,5.165,5.181,5.164,5.175,3415.3
2024-06-15 09:00:00,5.175,5.191,5.167,5.171,2062.7
2024-06-15 09:30:00,5.171,5.182,5.157,5.171,9409.4
2024-06-15 10:00:00,5.171,5.185,5.167,5.176,1612.9
2024-06-15 10:30:00,5.176,5.189,5.173,5.177,5518.9
2024-06-15 11:00:00,5.177,5.18,5.164,5.178,2255.4
2024-06-15 11:30:00,5.178,5.286,5.172,5.246,314379.8
2024-06-15 12:00:00,5.246,5.287,5.239,5.245,6240.2
2024-06-15 12:30:00,5.245,5.275,5.24,5.27,6781.5
2024-06-15 13:00:00,5.27,5.274,5.244,5.273,10817.7
2024-06-15 13:30:00,5.273,5.322,5.256,5.317,42105.4
2024-06-15 14:00:00,5.317,5.36,5.283,5.291,168018.0
2024-06-15 14:30:00,5.291,5.314,5.272,5.286,8602.4
2024-06-15 15:00:00,5.286,5.307,5.275,5.285,8288.9
2024-06-15 15:30:00,5.285,5.299,5.274,5.283,1987.8
2024-06-15 16:00:00,5.283,5.3,5.198,5.237,504373.2
2024-06-15 16:30:00,5.237,5.245,5.185,5.19,7287.9
2024-06-15 17:00:00,5.19,5.232,5.185,5.231,15546.9
2024-06-15 17:30:00,5.231,5.232,5.211,5.22,9696.6
2024-06-15 18:00:00,5.22,5.225,5.197,5.21,2721.9
2024-06-15 18:30:00,5.21,5.214,5.194,5.197,2365.1
2024-06-15 19:00:00,5.197,5.202,5.169,5.197,11266.8
2024-06-15 19:30:00,5.197,5.219,5.197,5.208,2136.6
2024-06-15 20:00:00,5.208,5.219,5.172,5.186,4997.5
2024-06-15 20:30:00,5.186,5.218,5.186,5.189,13296.5
2024-06-15 21:00:00,5.189,5.205,5.189,5.201,1931.4
2024-06-15 21:30:00,5.201,5.229,5.194,5.223,2549.8
2024-06-15 22:00:00,5.223,5.226,5.199,5.205,6165.4
2024-06-15 22:30:00,5.205,5.221,5.199,5.22,2925.6
2024-06-15 23:00:00,5.22,5.232,5.213,5.229,2765.9
2024-06-15 23:30:00,5.229,5.236,5.22,5.224,2506.2
2024-06-16 00:00:00,5.224,5.228,5.201,5.207,3088.6
2024-06-16 00:30:00,5.207,5.212,5.176,5.181,2722.6
2024-06-16 01:00:00,5.181,5.211,5.148,5.189,14554.5
2024-06-16 01:30:00,5.189,5.192,5.177,5.192,2625.3
2024-06-16 02:00:00,5.192,5.207,5.179,5.204,4047.8
2024-06-16 02:30:00,5.204,5.204,5.174,5.176,3027.8
2024-06-16 03:00:00,5.176,5.184,5.161,5.171,4127.0
2024-06-16 03:30:00,5.171,5.178,5.155,5.169,4541.3
2024-06-16 04:00:00,5.169,5.171,5.127,5.151,7482.2
2024-06-16 04:30:00,5.151,5.187,5.148,5.173,3962.8
2024-06-16 05:00:00,5.173,5.192,5.168,5.189,5956.3
2024-06-16 05:30:00,5.189,5.209,5.185,5.203,6483.7
2024-06-16 06:00:00,5.203,5.208,5.191,5.196,4571.2
2024-06-16 06:30:00,5.196,5.226,5.191,5.213,8238.0
2024-06-16 07:00:00,5.213,5.223,5.201,5.201,3340.4
2024-06-16 07:30:00,5.201,5.207,5.192,5.198,2069.9
2024-06-16 08:00:00,5.198,5.208,5.189,5.189,3730.5
2024-06-16 08:30:00,5.189,5.192,5.176,5.178,4135.4
2024-06-16 09:00:00,5.178,5.195,5.168,5.188,5384.6
2024-06-16 09:30:00,5.188,5.189,5.175,5.188,2699.0
2024-06-16 10:00:00,5.188,5.194,5.175,5.178,2131.3
2024-06-16 10:30:00,5.178,5.212,5.177,5.212,2077.3
2024-06-16 11:00:00,5.212,5.216,5.186,5.188,2548.6
2024-06-16 11:30:00,5.188,5.199,5.177,5.184,2273.8
2024-06-16 12:00:00,5.184,5.196,5.179,5.191,3564.2
2024-06-16 12:30:00,5.191,5.205,5.177,5.201,3105.1
2024-06-16 13:00:00,5.201,5.236,5.2,5.228,4386.6
2024-06-16 13:30:00,5.228,5.243,5.214,5.232,8408.2
2024-06-16 14:00:00,5.232,5.25,5.215,5.223,10471.7
2024-06-16 14:30:00,5.223,5.232,5.205,5.219,4744.8
2024-06-16 15:00:00,5.219,5.236,5.215,5.228,4908.1
2024-06-16 15:30:00,5.228,5.253,5.225,5.244,4163.5
2024-06-16 16:00:00,5.244,5.248,5.227,5.247,3729.4
2024-06-16 16:30:00,5.247,5.256,5.226,5.241,3532.7
2024-06-16 17:00:00,5.241,5.253,5.238,5.241,2497.3
2024-06-16 17:30:00,5.241,5.241,5.219,5.228,1178.1
2024-06-16 18:00:00,5.228,5.236,5.223,5.232,1507.8
2024-06-16 18:30:00,5.232,5.234,5.217,5.218,3165.9
2024-06-16 19:00:00,5.218,5.246,5.218,5.243,3936.8
2024-06-16 19:30:00,5.243,5.257,5.233,5.249,4657.0
2024-06-16 20:00:00,5.249,5.257,5.241,5.249,3146.5
2024-06-16 20:30:00,5.249,5.249,5.233,5.242,4536.5
2024-06-16 21:00:00,5.242,5.242,5.231,5.242,2570.8
2024-06-16 21:30:00,5.242,5.242,5.227,5.239,2396.4
2024-06-16 22:00:00,5.239,5.287,5.239,5.262,13315.8
2024-06-16 22:30:00,5.262,5.274,5.256,5.263,2634.9
2024-06-16 23:00:00,5.263,5.277,5.24,5.24,3137.7
2024-06-16 23:30:00,5.24,5.247,5.23,5.236,2064.8
2024-06-17 00:00:00,5.236,5.25,5.219,5.246,4038.4
2024-06-17 00:30:00,5.246,5.272,5.222,5.229,13861.8
2024-06-17 01:00:00,5.229,5.241,5.19,5.203,8221.3
2024-06-17 01:30:00,5.203,5.214,5.188,5.208,2405.0
2024-06-17 02:00:00,5.208,5.208,5.145,5.163,12255.5
2024-06-17 02:30:00,5.163,5.209,5.139,5.186,13168.9
2024-06-17 03:00:00,5.186,5.198,5.163,5.171,5338.5
2024-06-17 03:30:00,5.171,5.183,5.151,5.162,4305.6
2024-06-17 04:00:00,5.162,5.176,5.131,5.173,2903.6
2024-06-17 04:30:00,5.173,5.193,5.169,5.192,5699.3
2024-06-17 05:00:00,5.192,5.199,5.179,5.198,2492.0
2024-06-17 05:30:00,5.198,5.208,5.152,5.17,2431.6
2024-06-17 06:00:00,5.17,5.173,5.128,5.16,16968.6
2024-06-17 06:30:00,5.16,5.168,5.114,5.126,6818.1
2024-06-17 07:00:00,5.126,5.144,5.071,5.139,11721.9
2024-06-17 07:30:00,5.139,5.151,5.111,5.113,2890.9
2024-06-17 08:00:00,5.113,5.131,5.093,5.093,6543.4
2024-06-17 08:30:00,5.093,5.093,5.031,5.063,16243.5
2024-06-17 09:00:00,5.063,5.114,5.063,5.111,4086.6
2024-06-17 09:30:00,5.111,5.124,5.037,5.055,6226.3
2024-06-17 10:00:00,5.055,5.064,4.939,4.995,36444.1
2024-06-17 10:30:00,4.995,5.063,4.995,5.046,2837.1
2024-06-17 11:00:00,5.046,5.072,5.041,5.069,2746.3
2024-06-17 11:30:00,5.069,5.069,5.046,5.057,2156.0
2024-06-17 12:00:00,5.057,5.077,5.051,5.064,3927.6
2024-06-17 12:30:00,5.064,5.092,5.049,5.067,2687.2
2024-06-17 13:00:00,5.067,5.089,5.049,5.061,4739.0
2024-06-17 13:30:00,5.061,5.067,5.001,5.014,15595.1
2024-06-17 14:00:00,5.014,5.079,5.014,5.058,28247.7
2024-06-17 14:30:00,5.058,5.08,5.044,5.048,16310.2
2024-06-17 15:00:00,5.048,5.072,4.987,4.994,16804.3
2024-06-17 15:30:00,4.994,5.005,4.872,4.914,65059.3
2024-06-17 16:00:00,4.914,4.97,4.674,4.865,277854.0
2024-06-17 16:30:00,4.865,4.967,4.84,4.944,26006.5
2024-06-17 17:00:00,4.944,4.984,4.942,4.955,10885.7
2024-06-17 17:30:00,4.955,5.007,4.954,5.007,13659.1
2024-06-17 18:00:00,5.007,5.035,4.996,5.024,10232.1
2024-06-17 18:30:00,5.024,5.059,5.016,5.057,17601.0
2024-06-17 19:00:00,5.057,5.072,5.032,5.072,3034.7
2024-06-17 19:30:00,5.072,5.072,5.021,5.029,12198.1
2024-06-17 20:00:00,5.029,5.032,4.966,4.991,14326.7
2024-06-17 20:30:00,4.991,4.991,4.936,4.966,8672.4
2024-06-17 21:00:00,4.966,4.984,4.919,4.98,11061.9
2024-06-17 21:30:00,4.98,5.002,4.974,4.985,5822.6
2024-06-17 22:00:00,4.985,4.998,4.959,4.978,6761.0
2024-06-17 22:30:00,4.978,4.985,4.955,4.964,2677.8
2024-06-17 23:00:00,4.964,4.976,4.928,4.929,8498.0
2024-06-17 23:30:00,4.929,4.938,4.904,4.924,12335.1
2024-06-18 00:00:00,4.924,4.94,4.855,4.867,40453.6
2024-06-18 00:30:00,4.867,4.901,4.775,4.841,45759.1
2024-06-18 01:00:00,4.841,4.864,4.502,4.656,174957.2
2024-06-18 01:30:00,4.656,4.656,4.03,4.373,444602.4
2024-06-18 02:00:00,4.373,4.406,4.311,4.39,42762.9
2024-06-18 02:30:00,4.39,4.412,4.339,4.386,13206.3
2024-06-18 03:00:00,4.386,4.386,4.355,4.38,5147.1
2024-06-18 03:30:00,4.38,4.415,4.374,4.409,8250.7
2024-06-18 04:00:00,4.409,4.455,4.4,4.436,6600.3
2024-06-18 04:30:00,4.436,4.462,4.433,4.441,6529.6
2024-06-18 05:00:00,4.441,4.468,4.424,4.463,7251.9
2024-06-18 05:30:00,4.463,4.468,4.428,4.432,5758.4
2024-06-18 06:00:00,4.432,4.438,4.417,4.421,8208.5
2024-06-18 06:30:00,4.421,4.438,4.403,4.41,11143.8
2024-06-18 07:00:00,4.41,4.453,4.41,4.438,12206.4
2024-06-18 07:30:00,4.438,4.439,4.409,4.416,9140.2
2024-06-18 08:00:00,4.416,4.434,4.389,4.423,6767.9
2024-06-18 08:30:00,4.423,4.457,4.415,4.455,4325.4
2024-06-18 09:00:00,4.455,4.459,4.422,4.425,5120.1
2024-06-18 09:30:00,4.425,4.435,4.406,4.409,3981.4
2024-06-18 10:00:00,4.409,4.421,4.393,4.421,11577.5
2024-06-18 10:30:00,4.421,4.44,4.408,4.414,11247.1
2024-06-18 11:00:00,4.414,4.416,4.356,4.357,14296.0
2024-06-18 11:30:00,4.357,4.394,4.336,4.377,5633.1
2024-06-18 12:00:00,4.377,4.392,4.285,4.299,354469.7
2024-06-18 12:30:00,4.299,4.356,4.29,4.336,28606.5
2024-06-18 13:00:00,4.336,4.337,4.275,4.289,18599.9
2024-06-18 13:30:00,4.289,4.306,4.248,4.267,25191.1
2024-06-18 14:00:00,4.267,4.343,4.216,4.324,88072.6
2024-06-18 14:30:00,4.324,4.353,4.241,4.255,12108.5
2024-06-18 15:00:00,4.255,4.289,4.214,4.263,23038.9
2024-06-18 15:30:00,4.263,4.309,4.263,4.289,5040.3
2024-06-18 16:00:00,4.289,4.289,4.181,4.248,52544.8
2024-06-18 16:30:00,4.248,4.27,4.205,4.266,6489.7
2024-06-18 17:00:00,4.266,4.286,4.217,4.219,7464.2
2024-06-18 17:30:00,4.219,4.24,4.186,4.195,7068.5
2024-06-18 18:00:00,4.195,4.251,4.168,4.244,5626.3
2024-06-18 18:30:00,4.244,4.254,4.197,4.201,3213.4
2024-06-18 19:00:00,4.201,4.235,4.153,4.216,11671.9
2024-06-18 19:30:00,4.216,4.274,4.206,4.269,7906.8
2024-06-18 20:00:00,4.269,4.298,4.247,4.271,6807.9
2024-06-18 20:30:00,4.271,4.318,4.247,4.315,19048.4
2024-06-18 21:00:00,4.315,4.337,4.297,4.318,8359.5
2024-06-18 21:30:00,4.318,4.362,4.313,4.356,3250.9
2024-06-18 22:00:00,4.356,4.358,4.318,4.345,1653.5
2024-06-18 22:30:00,4.345,4.367,4.339,4.354,6135.0
2024-06-18 23:00:00,4.354,4.363,4.344,4.349,2287.7
2024-06-18 23:30:00,4.349,4.351,4.327,4.346,5312.8
2024-06-19 00:00:00,4.346,4.349,4.288,4.288,4127.8
2024-06-19 00:30:00,4.288,4.361,4.288,4.357,7867.9
2024-06-19 01:00:00,4.357,4.411,4.345,4.388,10685.0
2024-06-19 01:30:00,4.388,4.395,4.35,4.375,4392.9
2024-06-19 02:00:00,4.375,4.453,4.369,4.453,8846.4
2024-06-19 02:30:00,4.453,4.453,4.387,4.424,8473.3
2024-06-19 03:00:00,4.424,4.469,4.414,4.451,3737.8
2024-06-19 03:30:00,4.451,4.462,4.422,4.426,3840.1
2024-06-19 04:00:00,4.426,4.46,4.416,4.449,23788.8
2024-06-19 04:30:00,4.449,4.459,4.432,4.44,14818.9
2024-06-19 05:00:00,4.44,4.446,4.412,4.442,2983.0
2024-06-19 05:30:00,4.442,4.464,4.43,4.447,12761.1
2024-06-19 06:00:00,4.447,4.457,4.436,4.452,7685.2
2024-06-19 06:30:00,4.452,4.465,4.445,4.464,5357.5
2024-06-19 07:00:00,4.464,4.472,4.424,4.427,7658.6
2024-06-19 07:30:00,4.427,4.462,4.426,4.453,8434.1
2024-06-19 08:00:00,4.453,4.458,4.411,4.412,4805.6
2024-06-19 08:30:00,4.412,4.43,4.402,4.412,5366.1
2024-06-19 09:00:00,4.412,4.434,4.403,4.412,2492.6
2024-06-19 09:30:00,4.412,4.424,4.392,4.418,4293.3
2024-06-19 10:00:00,4.418,4.435,4.414,4.417,3028.2
2024-06-19 10:30:00,4.417,4.461,4.417,4.454,3168.7
2024-06-19 11:00:00,4.454,4.458,4.415,4.43,6189.8
2024-06-19 11:30:00,4.43,4.435,4.393,4.423,10796.2
2024-06-19 12:00:00,4.423,4.443,4.413,4.425,6490.8
2024-06-19 12:30:00,4.425,4.449,4.421,4.442,8691.0
2024-06-19 13:00:00,4.442,4.456,4.435,4.452,5000.6
2024-06-19 13:30:00,4.452,4.454,4.431,4.437,3751.8
2024-06-19 14:00:00,4.437,4.438,4.376,4.384,21402.7
2024-06-19 14:30:00,4.384,4.423,4.37,4.395,20805.4
2024-06-19 15:00:00,4.395,4.425,4.389,4.392,3686.8
2024-06-19 15:30:00,4.392,4.404,4.381,4.4,4092.9
2024-06-19 16:00:00,4.4,4.42,4.376,4.414,3548.4
2024-06-19 16:30:00,4.414,4.442,4.405,4.421,9380.2
2024-06-19 17:00:00,4.421,4.493,4.418,4.487,10689.7
2024-06-19 17:30:00,4.487,4.489,4.449,4.461,5663.0
2024-06-19 18:00:00,4.461,4.487,4.455,4.46,3147.7
2024-06-19 18:30:00,4.46,4.481,4.455,4.457,3357.0
2024-06-19 19:00:00,4.457,4.462,4.429,4.44,3969.9
2024-06-19 19:30:00,4.44,4.459,4.432,4.443,2447.1
2024-06-19 20:00:00,4.443,4.452,4.426,4.45,2710.8
2024-06-19 20:30:00,4.45,4.472,4.429,4.456,7768.1
2024-06-19 21:00:00,4.456,4.49,4.45,4.477,10012.6
2024-06-19 21:30:00,4.477,4.489,4.467,4.473,6063.5
2024-06-19 22:00:00,4.473,4.478,4.456,4.475,7750.1
2024-06-19 22:30:00,4.475,4.477,4.437,4.441,4716.5
2024-06-19 23:00:00,4.441,4.452,4.435,4.441,6232.0
2024-06-19 23:30:00,4.441,4.445,4.41,4.44,5337.9
2024-06-20 00:00:00,4.44,4.459,4.412,4.423,6232.7
2024-06-20 00:30:00,4.423,4.457,4.407,4.429,3222.0
2024-06-20 01:00:00,4.429,4.487,4.418,4.482,7570.1
2024-06-20 01:30:00,4.482,4.512,4.429,4.445,21099.8
2024-06-20 02:00:00,4.445,4.461,4.416,4.448,6798.3
2024-06-20 02:30:00,4.448,4.455,4.417,4.434,1370.3
2024-06-20 03:00:00,4.434,4.438,4.417,4.423,1668.0
2024-06-20 03:30:00,4.423,4.447,4.422,4.441,1161.3
2024-06-20 04:00:00,4.441,4.442,4.409,4.433,7677.8
2024-06-20 04:30:00,4.433,4.471,4.433,4.46,8822.4
2024-06-20 05:00:00,4.46,4.488,4.457,4.464,6565.8
2024-06-20 05:30:00,4.464,4.506,4.461,4.5,3452.7
2024-06-20 06:00:00,4.5,4.54,4.491,4.519,10644.6
2024-06-20 06:30:00,4.519,4.521,4.482,4.503,5023.7
2024-06-20 07:00:00,4.503,4.544,4.503,4.538,5195.8
2024-06-20 07:30:00,4.538,4.568,4.533,4.561,7039.2
2024-06-20 08:00:00,4.561,4.564,4.525,4.547,4281.7
2024-06-20 08:30:00,4.547,4.554,4.528,4.554,3988.2
2024-06-20 09:00:00,4.554,4.561,4.531,4.538,4154.2
2024-06-20 09:30:00,4.538,4.548,4.526,4.529,18852.5
2024-06-20 10:00:00,4.529,4.541,4.511,4.52,8400.9
2024-06-20 10:30:00,4.52,4.575,4.52,4.572,6642.8
2024-06-20 11:00:00,4.572,4.618,4.566,4.604,17950.3
2024-06-20 11:30:00,4.604,4.612,4.554,4.559,9391.3
2024-06-20 12:00:00,4.559,4.569,4.53,4.543,9978.5
2024-06-20 12:30:00,4.543,4.56,4.516,4.517,4000.2
2024-06-20 13:00:00,4.517,4.524,4.438,4.456,31151.3
2024-06-20 13:30:00,4.456,4.493,4.438,4.452,10130.0
2024-06-20 14:00:00,4.452,4.461,4.374,4.432,21773.8
2024-06-20 14:30:00,4.432,4.445,4.417,4.433,6267.4
2024-06-20 15:00:00,4.433,4.442,4.414,4.415,3289.6
2024-06-20 15:30:00,4.415,4.438,4.386,4.391,7850.1
2024-06-20 16:00:00,4.391,4.401,4.313,4.366,16407.6
2024-06-20 16:30:00,4.366,4.416,4.359,4.398,7668.3
2024-06-20 17:00:00,4.398,4.411,4.373,4.406,2199.2
2024-06-20 17:30:00,4.406,4.431,4.404,4.427,2960.6
2024-06-20 18:00:00,4.427,4.447,4.414,4.437,5254.4
2024-06-20 18:30:00,4.437,4.447,4.421,4.441,5450.0
2024-06-20 19:00:00,4.441,4.449,4.421,4.445,3398.4
2024-06-20 19:30:00,4.445,4.451,4.436,4.45,1646.8
2024-06-20 20:00:00,4.45,4.467,4.434,4.438,3683.4
2024-06-20 20:30:00,4.438,4.449,4.425,4.442,1341.2
2024-06-20 21:00:00,4.442,4.447,4.428,4.441,2272.0
2024-06-20 21:30:00,4.441,4.446,4.422,4.429,2121.2
2024-06-20 22:00:00,4.429,4.437,4.416,4.43,4666.6
2024-06-20 22:30:00,4.43,4.434,4.423,4.427,1769.0
2024-06-20 23:00:00,4.427,4.437,4.406,4.407,2420.1
2024-06-20 23:30:00,4.407,4.419,4.401,4.402,3935.4
2024-06-21 00:00:00,4.402,4.41,4.329,4.362,8601.6
2024-06-21 00:30:00,4.362,4.393,4.34,4.349,2176.9
2024-06-21 01:00:00,4.349,4.405,4.339,4.405,3589.8
2024-06-21 01:30:00,4.405,4.435,4.404,4.427,5987.9
2024-06-21 02:00:00,4.427,4.447,4.398,4.411,4078.7
2024-06-21 02:30:00,4.411,4.417,4.387,4.404,3724.2
2024-06-21 03:00:00,4.404,4.418,4.39,4.391,2436.1
2024-06-21 03:30:00,4.391,4.41,4.372,4.395,5528.3
2024-06-21 04:00:00,4.395,4.43,4.375,4.412,3577.2
2024-06-21 04:30:00,4.412,4.426,4.411,4.425,4555.7
2024-06-21 05:00:00,4.425,4.427,4.389,4.41,1993.8
2024-06-21 05:30:00,4.41,4.42,4.4,4.415,3318.8
2024-06-21 06:00:00,4.415,4.42,4.386,4.396,4276.5
2024-06-21 06:30:00,4.396,4.401,4.387,4.396,1529.2
2024-06-21 07:00:00,4.396,4.41,4.386,4.397,3677.7
2024-06-21 07:30:00,4.397,4.4,4.314,4.341,20067.7
2024-06-21 08:00:00,4.341,4.355,4.301,4.343,15718.7
2024-06-21 08:30:00,4.343,4.357,4.265,4.286,30921.3
2024-06-21 09:00:00,4.286,4.354,4.278,4.352,6631.3
2024-06-21 09:30:00,4.352,4.394,4.351,4.381,4279.0
2024-06-21 10:00:00,4.381,4.404,4.373,4.385,6416.2
2024-06-21 10:30:00,4.385,4.396,4.368,4.378,8366.0
2024-06-21 11:00:00,4.378,4.403,4.378,4.399,2756.2
2024-06-21 11:30:00,4.399,4.404,4.371,4.394,2739.1
2024-06-21 12:00:00,4.394,4.415,4.361,4.387,14675.7
2024-06-21 12:30:00,4.387,4.39,4.351,4.377,6345.2
2024-06-21 13:00:00,4.377,4.383,4.334,4.337,10624.9
2024-06-21 13:30:00,4.337,4.369,4.319,4.335,3459.7
2024-06-21 14:00:00,4.335,4.423,4.318,4.407,12429.0
2024-06-21 14:30:00,4.407,4.432,4.403,4.421,29517.4
2024-06-21 15:00:00,4.421,4.436,4.39,4.404,6543.7
2024-06-21 15:30:00,4.404,4.413,4.345,4.373,6477.1
2024-06-21 16:00:00,4.373,4.404,4.366,4.387,3127.7
2024-06-21 16:30:00,4.387,4.401,4.366,4.376,2305.7
2024-06-21 17:00:00,4.376,4.382,4.314,4.319,8815.7
2024-06-21 17:30:00,4.319,4.351,4.297,4.328,11443.9
2024-06-21 18:00:00,4.328,4.359,4.313,4.341,3469.5
2024-06-21 18:30:00,4.341,4.421,4.334,4.421,3931.0
2024-06-21 19:00:00,4.421,4.429,4.404,4.411,2979.1
2024-06-21 19:30:00,4.411,4.427,4.406,4.413,4628.0
2024-06-21 20:00:00,4.413,4.444,4.407,4.417,6119.5
2024-06-21 20:30:00,4.417,4.423,4.405,4.419,2237.7
2024-06-21 21:00:00,4.419,4.426,4.379,4.384,1981.2
2024-06-21 21:30:00,4.384,4.411,4.378,4.409,1059.4
2024-06-21 22:00:00,4.409,4.418,4.398,4.413,936.1
2024-06-21 22:30:00,4.413,4.414,4.398,4.398,1483.8
2024-06-21 23:00:00,4.398,4.403,4.386,4.388,2437.5
2024-06-21 23:30:00,4.388,4.401,4.387,4.396,11153.1
2024-06-22 00:00:00,4.396,4.398,4.349,4.356,27725.7
2024-06-22 00:30:00,4.356,4.363,4.34,4.358,3082.8
2024-06-22 01:00:00,4.358,4.375,4.355,4.367,1104.5
2024-06-22 01:30:00,4.367,4.38,4.36,4.372,2419.8
2024-06-22 02:00:00,4.372,4.385,4.371,4.378,1639.6
2024-06-22 02:30:00,4.378,4.405,4.378,4.394,2478.8
2024-06-22 03:00:00,4.394,4.411,4.387,4.407,1494.2
2024-06-22 03:30:00,4.407,4.413,4.39,4.413,2260.1
2024-06-22 04:00:00,4.413,4.415,4.401,4.411,2007.9
2024-06-22 04:30:00,4.411,4.418,4.401,4.404,2374.2
2024-06-22 05:00:00,4.404,4.408,4.389,4.403,2027.8
2024-06-22 05:30:00,4.403,4.409,4.397,4.405,1490.9
2024-06-22 06:00:00,4.405,4.423,4.405,4.423,1837.0
2024-06-22 06:30:00,4.423,4.433,4.411,4.425,6072.8
2024-06-22 07:00:00,4.425,4.425,4.397,4.417,3367.4
2024-06-22 07:30:00,4.417,4.417,4.4,4.416,4010.7
2024-06-22 08:00:00,4.416,4.416,4.36,4.369,10541.0
2024-06-22 08:30:00,4.369,4.391,4.363,4.373,3935.1
2024-06-22 09:00:00,4.373,4.389,4.372,4.386,2117.6
2024-06-22 09:30:00,4.386,4.399,4.376,4.394,1338.3
2024-06-22 10:00:00,4.394,4.413,4.394,4.398,4122.7
2024-06-22 10:30:00,4.398,4.404,4.386,4.396,6874.4
2024-06-22 11:00:00,4.396,4.403,4.391,4.394,4700.6
2024-06-22 11:30:00,4.394,4.406,4.389,4.403,2737.4
2024-06-22 12:00:00,4.403,4.411,4.396,4.406,1552.3
2024-06-22 12:30:00,4.406,4.408,4.398,4.399,789.2
2024-06-22 13:00:00,4.399,4.403,4.396,4.402,1795.4
2024-06-22 13:30:00,4.402,4.426,4.398,4.41,7043.4
2024-06-22 14:00:00,4.41,4.423,4.404,4.417,1718.0
2024-06-22 14:30:00,4.417,4.422,4.411,4.415,1253.7
2024-06-22 15:00:00,4.415,4.415,4.394,4.397,3426.1
2024-06-22 15:30:00,4.397,4.411,4.396,4.405,4616.7
2024-06-22 16:00:00,4.405,4.41,4.394,4.404,5937.5
2024-06-22 16:30:00,4.404,4.441,4.404,4.411,7970.0
2024-06-22 17:00:00,4.411,4.425,4.407,4.424,12514.0
2024-06-22 17:30:00,4.424,4.429,4.392,4.393,8814.1
2024-06-22 18:00:00,4.393,4.4,4.381,4.389,8315.5
2024-06-22 18:30:00,4.389,4.401,4.389,4.393,1979.5
2024-06-22 19:00:00,4.393,4.397,4.384,4.39,1431.2
2024-06-22 19:30:00,4.39,4.393,4.38,4.392,911.9
2024-06-22 20:00:00,4.392,4.393,4.364,4.383,4857.6
2024-06-22 20:30:00,4.383,4.383,4.372,4.38,1515.1
2024-06-22 21:00:00,4.38,4.391,4.377,4.388,2433.7
2024-06-22 21:30:00,4.388,4.4,4.383,4.4,888.6
2024-06-22 22:00:00,4.4,4.4,4.382,4.388,1860.4
2024-06-22 22:30:00,4.388,4.4,4.384,4.391,7124.9
2024-06-22 23:00:00,4.391,4.398,4.386,4.389,6065.1
2024-06-22 23:30:00,4.389,4.391,4.372,4.376,2134.0
2024-06-23 00:00:00,4.376,4.411,4.369,4.407,4430.0
2024-06-23 00:30:00,4.407,4.431,4.407,4.419,3532.2
2024-06-23 01:00:00,4.419,4.437,4.408,4.434,7144.7
2024-06-23 01:30:00,4.434,4.456,4.428,4.453,12435.4
2024-06-23 02:00:00,4.453,4.454,4.433,4.434,6931.4
2024-06-23 02:30:00,4.434,4.454,4.434,4.453,3471.8
2024-06-23 03:00:00,4.453,4.468,4.441,4.446,7969.4
2024-06-23 03:30:00,4.446,4.473,4.442,4.459,2360.3
2024-06-23 04:00:00,4.459,4.462,4.449,4.452,4113.8
2024-06-23 04:30:00,4.452,4.458,4.443,4.447,6301.0
2024-06-23 05:00:00,4.447,4.458,4.436,4.437,4439.1
2024-06-23 05:30:00,4.437,4.446,4.43,4.439,2491.3
2024-06-23 06:00:00,4.439,4.44,4.429,4.432,6149.4
2024-06-23 06:30:00,4.432,4.447,4.432,4.438,1049.2
2024-06-23 07:00:00,4.438,4.459,4.436,4.452,2965.1
2024-06-23 07:30:00,4.452,4.455,4.44,4.45,1584.2
2024-06-23 08:00:00,4.45,4.453,4.437,4.444,1220.0
2024-06-23 08:30:00,4.444,4.452,4.443,4.452,4395.5
2024-06-23 09:00:00,4.452,4.466,4.449,4.452,1359.1
2024-06-23 09:30:00,4.452,4.455,4.439,4.448,1657.1
2024-06-23 10:00:00,4.448,4.449,4.424,4.432,4245.8
2024-06-23 10:30:00,4.432,4.432,4.412,4.422,4606.4
2024-06-23 11:00:00,4.422,4.429,4.402,4.411,3481.9
2024-06-23 11:30:00,4.411,4.427,4.409,4.413,9024.2
2024-06-23 12:00:00,4.413,4.417,4.399,4.411,12156.9
2024-06-23 12:30:00,4.411,4.415,4.405,4.41,2704.4
2024-06-23 13:00:00,4.41,4.419,4.386,4.387,7671.5
2024-06-23 13:30:00,4.387,4.396,4.378,4.384,6238.4
2024-06-23 14:00:00,4.384,4.389,4.342,4.361,25838.0
2024-06-23 14:30:00,4.361,4.372,4.342,4.349,5421.1
2024-06-23 15:00:00,4.349,4.357,4.321,4.329,14951.7
2024-06-23 15:30:00,4.329,4.339,4.283,4.3,21273.0
2024-06-23 16:00:00,4.3,4.307,4.271,4.288,15277.5
2024-06-23 16:30:00,4.288,4.301,4.217,4.234,47319.2
2024-06-23 17:00:00,4.234,4.293,4.23,4.272,10335.1
2024-06-23 17:30:00,4.272,4.295,4.271,4.282,26934.3
2024-06-23 18:00:00,4.282,4.303,4.281,4.294,5770.2
2024-06-23 18:30:00,4.294,4.318,4.294,4.313,19036.6
2024-06-23 19:00:00,4.313,4.343,4.312,4.339,8978.2
2024-06-23 19:30:00,4.339,4.34,4.326,4.337,2521.8
2024-06-23 20:00:00,4.337,4.353,4.326,4.331,2418.6
2024-06-23 20:30:00,4.331,4.338,4.269,4.319,11230.0
2024-06-23 21:00:00,4.319,4.355,4.316,4.334,14470.0
2024-06-23 21:30:00,4.334,4.353,4.323,4.348,7863.4
2024-06-23 22:00:00,4.348,4.348,4.304,4.305,1757.1
2024-06-23 22:30:00,4.305,4.308,4.281,4.305,2698.5
2024-06-23 23:00:00,4.305,4.33,4.287,4.291,3071.7
2024-06-23 23:30:00,4.291,4.299,4.277,4.285,109064.2
2024-06-24 00:00:00,4.285,4.318,4.28,4.311,10736.9
2024-06-24 00:30:00,4.311,4.348,4.291,4.321,5745.7
2024-06-24 01:00:00,4.321,4.331,4.258,4.306,14277.7
2024-06-24 01:30:00,4.306,4.32,4.298,4.311,2817.6
2024-06-24 02:00:00,4.311,4.326,4.294,4.306,2617.9
2024-06-24 02:30:00,4.306,4.308,4.231,4.264,16481.3
2024-06-24 03:00:00,4.264,4.312,4.264,4.302,3114.3
2024-06-24 03:30:00,4.302,4.312,4.286,4.288,3377.7
2024-06-24 04:00:00,4.288,4.296,4.257,4.262,5802.3
2024-06-24 04:30:00,4.262,4.293,4.26,4.281,1822.0
2024-06-24 05:00:00,4.281,4.288,4.174,4.199,47065.7
2024-06-24 05:30:00,4.199,4.21,4.158,4.19,58372.5
2024-06-24 06:00:00,4.19,4.23,4.187,4.219,4463.0
2024-06-24 06:30:00,4.219,4.237,4.211,4.235,1263.5
2024-06-24 07:00:00,4.235,4.236,4.201,4.208,4282.9
2024-06-24 07:30:00,4.208,4.237,4.2,4.208,5371.1
2024-06-24 08:00:00,4.208,4.213,4.164,4.203,14176.2
2024-06-24 08:30:00,4.203,4.248,4.203,4.225,4257.7
2024-06-24 09:00:00,4.225,4.234,4.168,4.17,8964.1
2024-06-24 09:30:00,4.17,4.177,4.0,4.172,98999.9
2024-06-24 10:00:00,4.172,4.229,4.166,4.225,16401.0
2024-06-24 10:30:00,4.225,4.249,4.215,4.237,5086.1
2024-06-24 11:00:00,4.237,4.256,4.185,4.188,5346.9
2024-06-24 11:30:00,4.188,4.226,4.185,4.212,3607.7
2024-06-24 12:00:00,4.212,4.366,4.203,4.356,130564.5
2024-06-24 12:30:00,4.356,4.366,4.298,4.331,6554.3
2024-06-24 13:00:00,4.331,4.357,4.304,4.357,5246.1
2024-06-24 13:30:00,4.357,4.407,4.349,4.373,17927.3
2024-06-24 14:00:00,4.373,4.385,4.35,4.359,8348.9
2024-06-24 14:30:00,4.359,4.396,4.35,4.377,7808.2
2024-06-24 15:00:00,4.377,4.406,4.361,4.381,6436.6
2024-06-24 15:30:00,4.381,4.381,4.285,4.306,310734.9
2024-06-24 16:00:00,4.306,4.325,4.275,4.29,7807.7
2024-06-24 16:30:00,4.29,4.317,4.277,4.307,32106.2
2024-06-24 17:00:00,4.307,4.381,4.284,4.307,34403.9
2024-06-24 17:30:00,4.307,4.365,4.3,4.338,4556.6
2024-06-24 18:00:00,4.338,4.36,4.291,4.357,4548.3
2024-06-24 18:30:00,4.357,4.362,4.304,4.326,2091.3
2024-06-24 19:00:00,4.326,4.336,4.282,4.292,3109.0
2024-06-24 19:30:00,4.292,4.295,4.232,4.25,19207.2
2024-06-24 20:00:00,4.25,4.301,4.222,4.233,5493.0
2024-06-24 20:30:00,4.233,4.289,4.2,4.284,6212.4
2024-06-24 21:00:00,4.284,4.389,4.282,4.368,4371.7
2024-06-24 21:30:00,4.368,4.409,4.356,4.381,15010.1
2024-06-24 22:00:00,4.381,4.387,4.367,4.376,2251.5
2024-06-24 22:30:00,4.376,4.399,4.369,4.394,2227.2
2024-06-24 23:00:00,4.394,4.406,4.375,4.391,3287.5
2024-06-24 23:30:00,4.391,4.409,4.383,4.396,6232.0
2024-06-25 00:00:00,4.396,4.401,4.372,4.379,3953.4
2024-06-25 00:30:00,4.379,4.406,4.363,4.382,4276.6
2024-06-25 01:00:00,4.382,4.4,4.365,4.384,1865.1
2024-06-25 01:30:00,4.384,4.404,4.366,4.404,2217.6
2024-06-25 02:00:00,4.404,4.421,4.385,4.402,25111.3
2024-06-25 02:30:00,4.402,4.419,4.387,4.395,1580.8
2024-06-25 03:00:00,4.395,4.444,4.391,4.43,37700.8
2024-06-25 03:30:00,4.43,4.455,4.424,4.424,10203.6
2024-06-25 04:00:00,4.424,4.436,4.407,4.433,6852.0
2024-06-25 04:30:00,4.433,4.441,4.411,4.434,5259.2
2024-06-25 05:00:00,4.434,4.437,4.414,4.424,3170.8
2024-06-25 05:30:00,4.424,4.429,4.401,4.413,4217.9
2024-06-25 06:00:00,4.413,4.413,4.398,4.402,6029.0
2024-06-25 06:30:00,4.402,4.42,4.402,4.419,3025.0
2024-06-25 07:00:00,4.419,4.428,4.391,4.391,4828.0
2024-06-25 07:30:00,4.391,4.405,4.375,4.384,6409.3
2024-06-25 08:00:00,4.384,4.398,4.365,4.371,3841.2
2024-06-25 08:30:00,4.371,4.379,4.359,4.379,4390.5
2024-06-25 09:00:00,4.379,4.39,4.371,4.374,15273.0
2024-06-25 09:30:00,4.374,4.423,4.371,4.412,3947.5
2024-06-25 10:00:00,4.412,4.432,4.406,4.412,40222.9
2024-06-25 10:30:00,4.412,4.422,4.401,4.418,1841.2
2024-06-25 11:00:00,4.418,4.444,4.418,4.425,8057.2
2024-06-25 11:30:00,4.425,4.439,4.415,4.433,5201.4
2024-06-25 12:00:00,4.433,4.444,4.413,4.44,31787.6
2024-06-25 12:30:00,4.44,4.441,4.412,4.415,3832.9
2024-06-25 13:00:00,4.415,4.426,4.414,4.422,1626.0
2024-06-25 13:30:00,4.422,4.428,4.399,4.404,7209.7
2024-06-25 14:00:00,4.404,4.465,4.402,4.463,8704.8
2024-06-25 14:30:00,4.463,4.474,4.434,4.449,12101.1
2024-06-25 15:00:00,4.449,4.471,4.422,4.467,4103.7
2024-06-25 15:30:00,4.467,4.517,4.467,4.479,58580.7
2024-06-25 16:00:00,4.479,4.489,4.469,4.478,5212.0
2024-06-25 16:30:00,4.478,4.482,4.437,4.444,5177.2
2024-06-25 17:00:00,4.444,4.469,4.435,4.448,9645.9
2024-06-25 17:30:00,4.448,4.455,4.438,4.441,3666.5
2024-06-25 18:00:00,4.441,4.479,4.431,4.479,6594.0
2024-06-25 18:30:00,4.479,4.496,4.468,4.49,12910.3
2024-06-25 19:00:00,4.49,4.504,4.476,4.491,3041.6
2024-06-25 19:30:00,4.491,4.492,4.468,4.476,2300.9
2024-06-25 20:00:00,4.476,4.481,4.467,4.472,5007.9
2024-06-25 20:30:00,4.472,4.476,4.466,4.472,1811.5
2024-06-25 21:00:00,4.472,4.477,4.461,4.474,7885.1
2024-06-25 21:30:00,4.474,4.48,4.466,4.468,8933.2
2024-06-25 22:00:00,4.468,4.482,4.465,4.471,6177.9
2024-06-25 22:30:00,4.471,4.475,4.452,4.454,3883.3
2024-06-25 23:00:00,4.454,4.458,4.427,4.437,5212.7
2024-06-25 23:30:00,4.437,4.446,4.437,4.441,2368.5
2024-06-26 00:00:00,4.441,4.449,4.426,4.444,5070.7
2024-06-26 00:30:00,4.444,4.445,4.419,4.43,4439.1
2024-06-26 01:00:00,4.43,4.456,4.425,4.444,4602.7
2024-06-26 01:30:00,4.444,4.476,4.439,4.466,2713.0
2024-06-26 02:00:00,4.466,4.495,4.462,4.475,3900.5
2024-06-26 02:30:00,4.475,4.486,4.457,4.457,3000.9
2024-06-26 03:00:00,4.457,4.466,4.415,4.424,33131.3
2024-06-26 03:30:00,4.424,4.444,4.422,4.436,17876.5
2024-06-26 04:00:00,4.436,4.438,4.421,4.433,4212.2
2024-06-26 04:30:00,4.433,4.433,4.408,4.413,59695.7
2024-06-26 05:00:00,4.413,4.43,4.388,4.395,14729.0
2024-06-26 05:30:00,4.395,4.411,4.394,4.399,3426.1
2024-06-26 06:00:00,4.399,4.414,4.399,4.407,3129.8
2024-06-26 06:30:00,4.407,4.413,4.398,4.403,4057.2
2024-06-26 07:00:00,4.403,4.435,4.394,4.413,2691.4
2024-06-26 07:30:00,4.413,4.433,4.401,4.427,3333.1
2024-06-26 08:00:00,4.427,4.434,4.388,4.413,6107.4
2024-06-26 08:30:00,4.413,4.423,4.401,4.403,3118.0
2024-06-26 09:00:00,4.403,4.414,4.395,4.413,2032.8
2024-06-26 09:30:00,4.413,4.413,4.4,4.407,3039.9
2024-06-26 10:00:00,4.407,4.41,4.392,4.403,5846.1
2024-06-26 10:30:00,4.403,4.41,4.393,4.399,2526.4
2024-06-26 11:00:00,4.399,4.417,4.391,4.392,1385.6
2024-06-26 11:30:00,4.392,4.403,4.385,4.396,4718.5
2024-06-26 12:00:00,4.396,4.406,4.363,4.375,6135.7
2024-06-26 12:30:00,4.375,4.379,4.364,4.368,5499.6
2024-06-26 13:00:00,4.368,4.378,4.352,4.373,19955.5
2024-06-26 13:30:00,4.373,4.406,4.371,4.397,13366.1
2024-06-26 14:00:00,4.397,4.415,4.372,4.375,7599.0
2024-06-26 14:30:00,4.375,4.389,4.357,4.376,12102.2
2024-06-26 15:00:00,4.376,4.379,4.323,4.353,88303.7
2024-06-26 15:30:00,4.353,4.38,4.348,4.38,4894.2
2024-06-26 16:00:00,4.38,4.393,4.372,4.377,3045.4
2024-06-26 16:30:00,4.377,4.389,4.371,4.376,6520.3
2024-06-26 17:00:00,4.376,4.376,4.317,4.374,34726.3
2024-06-26 17:30:00,4.374,4.393,4.361,4.392,2466.3
2024-06-26 18:00:00,4.392,4.394,4.369,4.382,5203.1
2024-06-26 18:30:00,4.382,4.394,4.376,4.382,2445.9
2024-06-26 19:00:00,4.382,4.399,4.376,4.394,3241.3
2024-06-26 19:30:00,4.394,4.424,4.39,4.42,2654.6
2024-06-26 20:00:00,4.42,4.447,4.404,4.413,2206.3
2024-06-26 20:30:00,4.413,4.434,4.411,4.431,1118.4
2024-06-26 21:00:00,4.431,4.438,4.415,4.424,1653.6
2024-06-26 21:30:00,4.424,4.429,4.415,4.424,1200.0
2024-06-26 22:00:00,4.424,4.429,4.401,4.401,2658.1
2024-06-26 22:30:00,4.401,4.409,4.399,4.409,1468.3
2024-06-26 23:00:00,4.409,4.411,4.384,4.4,56349.8
2024-06-26 23:30:00,4.4,4.405,4.389,4.393,818.5
2024-06-27 00:00:00,4.393,4.394,4.357,4.365,5379.3
2024-06-27 00:30:00,4.365,4.382,4.359,4.372,1453.8
2024-06-27 01:00:00,4.372,4.372,4.347,4.354,5665.6
2024-06-27 01:30:00,4.354,4.369,4.348,4.355,2895.3
2024-06-27 02:00:00,4.355,4.357,4.333,4.345,5857.2
2024-06-27 02:30:00,4.345,4.351,4.33,4.343,2128.2
2024-06-27 03:00:00,4.343,4.368,4.331,4.349,1486.8
2024-06-27 03:30:00,4.349,4.35,4.34,4.344,1338.5
2024-06-27 04:00:00,4.344,4.352,4.338,4.341,852.4
2024-06-27 04:30:00,4.341,4.347,4.336,4.34,1334.5
2024-06-27 05:00:00,4.34,4.342,4.297,4.304,18454.7
2024-06-27 05:30:00,4.304,4.313,4.287,4.294,12822.7
2024-06-27 06:00:00,4.294,4.307,4.289,4.304,23532.6
2024-06-27 06:30:00,4.304,4.308,4.282,4.303,7471.4
2024-06-27 07:00:00,4.303,4.31,4.289,4.299,2063.6
2024-06-27 07:30:00,4.299,4.316,4.298,4.311,23604.1
2024-06-27 08:00:00,4.311,4.319,4.31,4.316,2577.0
2024-06-27 08:30:00,4.316,4.331,4.309,4.33,1451.0
2024-06-27 09:00:00,4.33,4.365,4.327,4.363,3776.7
2024-06-27 09:30:00,4.363,4.39,4.363,4.381,9025.6
2024-06-27 10:00:00,4.381,4.393,4.373,4.389,7172.4
2024-06-27 10:30:00,4.389,4.398,4.373,4.373,2838.5
2024-06-27 11:00:00,4.373,4.408,4.373,4.396,4917.2
2024-06-27 11:30:00,4.396,4.409,4.394,4.398,4623.4
2024-06-27 12:00:00,4.398,4.433,4.397,4.432,6681.2
2024-06-27 12:30:00,4.432,4.441,4.398,4.416,6048.4
2024-06-27 13:00:00,4.416,4.473,4.412,4.445,8741.6
2024-06-27 13:30:00,4.445,4.475,4.442,4.456,20947.5
2024-06-27 14:00:00,4.456,4.495,4.454,4.485,17242.2
2024-06-27 14:30:00,4.485,4.485,4.442,4.454,10750.2
2024-06-27 15:00:00,4.454,4.495,4.454,4.474,34747.0
2024-06-27 15:30:00,4.474,4.494,4.47,4.475,4672.0
2024-06-27 16:00:00,4.475,4.488,4.453,4.46,22711.4
2024-06-27 16:30:00,4.46,4.476,4.453,4.463,3312.4
2024-06-27 17:00:00,4.463,4.487,4.462,4.484,821.9
2024-06-27 17:30:00,4.484,4.499,4.48,4.491,2365.2
2024-06-27 18:00:00,4.491,4.499,4.474,4.489,1679.2
2024-06-27 18:30:00,4.489,4.496,4.479,4.493,1493.2
2024-06-27 19:00:00,4.493,4.512,4.476,4.507,19927.9
2024-06-27 19:30:00,4.507,4.527,4.497,4.504,3097.8
2024-06-27 20:00:00,4.504,4.511,4.495,4.495,19406.5
2024-06-27 20:30:00,4.495,4.507,4.489,4.501,2046.4
2024-06-27 21:00:00,4.501,4.513,4.496,4.501,1779.8
2024-06-27 21:30:00,4.501,4.513,4.498,4.505,4269.8
2024-06-27 22:00:00,4.505,4.516,4.497,4.509,2929.7
2024-06-27 22:30:00,4.509,4.513,4.503,4.507,2886.9
2024-06-27 23:00:00,4.507,4.518,4.505,4.511,3403.8
2024-06-27 23:30:00,4.511,4.511,4.5,4.502,2903.3
2024-06-28 00:00:00,4.502,4.506,4.466,4.466,10277.8
2024-06-28 00:30:00,4.466,4.495,4.464,4.487,5507.7
2024-06-28 01:00:00,4.487,4.541,4.484,4.531,8535.2
2024-06-28 01:30:00,4.531,4.555,4.52,4.53,21042.1
2024-06-28 02:00:00,4.53,4.534,4.509,4.51,4640.1
2024-06-28 02:30:00,4.51,4.522,4.5,4.5,6854.3
2024-06-28 03:00:00,4.5,4.514,4.489,4.511,5647.6
2024-06-28 03:30:00,4.511,4.521,4.507,4.51,2643.4
2024-06-28 04:00:00,4.51,4.522,4.494,4.496,37209.1
2024-06-28 04:30:00,4.496,4.518,4.496,4.508,3339.6
2024-06-28 05:00:00,4.508,4.508,4.481,4.485,6521.4
2024-06-28 05:30:00,4.485,4.492,4.468,4.473,37899.2
2024-06-28 06:00:00,4.473,4.481,4.466,4.475,2519.4
2024-06-28 06:30:00,4.475,4.496,4.472,4.488,4136.2
2024-06-28 07:00:00,4.488,4.488,4.472,4.474,1984.1
2024-06-28 07:30:00,4.474,4.491,4.457,4.49,39696.1
2024-06-28 08:00:00,4.49,4.494,4.47,4.488,6211.5
2024-06-28 08:30:00,4.488,4.492,4.476,4.489,1765.2
2024-06-28 09:00:00,4.489,4.494,4.481,4.489,3440.9
2024-06-28 09:30:00,4.489,4.503,4.483,4.501,2218.4
2024-06-28 10:00:00,4.501,4.527,4.491,4.525,3784.7
2024-06-28 10:30:00,4.525,4.533,4.515,4.524,4524.4
2024-06-28 11:00:00,4.524,4.53,4.517,4.526,13963.8
2024-06-28 11:30:00,4.526,4.543,4.521,4.525,1893.6
2024-06-28 12:00:00,4.525,4.545,4.524,4.545,3027.1
2024-06-28 12:30:00,4.545,4.55,4.504,4.513,7888.6
2024-06-28 13:00:00,4.513,4.537,4.485,4.532,9330.0
2024-06-28 13:30:00,4.532,4.577,4.508,4.524,31495.5
2024-06-28 14:00:00,4.524,4.54,4.492,4.504,25591.2
2024-06-28 14:30:00,4.504,4.512,4.483,4.509,7837.1
2024-06-28 15:00:00,4.509,4.523,4.49,4.512,15503.6
2024-06-28 15:30:00,4.512,4.524,4.489,4.504,3829.1
2024-06-28 16:00:00,4.504,4.511,4.484,4.491,42329.1
2024-06-28 16:30:00,4.491,4.507,4.443,4.503,14697.0
2024-06-28 17:00:00,4.503,4.504,4.476,4.485,4932.6
2024-06-28 17:30:00,4.485,4.485,4.417,4.442,12569.3
2024-06-28 18:00:00,4.442,4.465,4.436,4.449,3134.6
2024-06-28 18:30:00,4.449,4.468,4.446,4.45,3007.0
2024-06-28 19:00:00,4.45,4.473,4.432,4.472,2426.2
2024-06-28 19:30:00,4.472,4.475,4.446,4.457,3468.4
2024-06-28 20:00:00,4.457,4.476,4.453,4.453,4043.7
2024-06-28 20:30:00,4.453,4.459,4.432,4.439,2441.0
2024-06-28 21:00:00,4.439,4.439,4.39,4.42,14231.8
2024-06-28 21:30:00,4.42,4.429,4.409,4.42,1290.3
2024-06-28 22:00:00,4.42,4.425,4.4,4.403,2716.7
2024-06-28 22:30:00,4.403,4.424,4.402,4.412,3659.4
2024-06-28 23:00:00,4.412,4.415,4.402,4.404,4628.8
2024-06-28 23:30:00,4.404,4.407,4.377,4.38,1705.9
2024-06-29 00:00:00,4.38,4.396,4.374,4.377,2234.5
2024-06-29 00:30:00,4.377,4.396,4.376,4.388,3621.0
2024-06-29 01:00:00,4.388,4.405,4.383,4.404,21645.0
2024-06-29 01:30:00,4.404,4.424,4.404,4.418,2437.6
2024-06-29 02:00:00,4.418,4.439,4.415,4.433,7675.7
2024-06-29 02:30:00,4.433,4.433,4.419,4.423,1184.2
2024-06-29 03:00:00,4.423,4.442,4.422,4.442,5468.7
2024-06-29 03:30:00,4.442,4.448,4.436,4.437,5140.8
2024-06-29 04:00:00,4.437,4.438,4.418,4.419,1030.1
2024-06-29 04:30:00,4.419,4.42,4.406,4.42,4033.9
2024-06-29 05:00:00,4.42,4.425,4.405,4.407,1472.9
2024-06-29 05:30:00,4.407,4.412,4.397,4.41,3549.1
2024-06-29 06:00:00,4.41,4.419,4.394,4.399,2560.5
2024-06-29 06:30:00,4.399,4.411,4.398,4.407,1873.3
2024-06-29 07:00:00,4.407,4.438,4.406,4.438,6465.9
2024-06-29 07:30:00,4.438,4.447,4.431,4.437,6850.7
2024-06-29 08:00:00,4.437,4.437,4.419,4.422,3710.2
2024-06-29 08:30:00,4.422,4.429,4.416,4.424,1611.6
2024-06-29 09:00:00,4.424,4.434,4.417,4.431,1507.9
2024-06-29 09:30:00,4.431,4.438,4.422,4.436,4053.7
2024-06-29 10:00:00,4.436,4.443,4.431,4.433,1585.6
2024-06-29 10:30:00,4.433,4.444,4.431,4.431,1357.9
2024-06-29 11:00:00,4.431,4.432,4.422,4.429,2173.9
2024-06-29 11:30:00,4.429,4.447,4.427,4.433,3295.0
2024-06-29 12:00:00,4.433,4.438,4.425,4.425,2229.7
2024-06-29 12:30:00,4.425,4.429,4.41,4.413,1921.5
2024-06-29 13:00:00,4.413,4.42,4.409,4.41,1970.2
2024-06-29 13:30:00,4.41,4.423,4.406,4.407,3813.0
2024-06-29 14:00:00,4.407,4.415,4.381,4.387,10764.9
2024-06-29 14:30:00,4.387,4.394,4.381,4.386,1380.4
2024-06-29 15:00:00,4.386,4.388,4.369,4.38,22167.9
2024-06-29 15:30:00,4.38,4.404,4.379,4.403,1665.4
2024-06-29 16:00:00,4.403,4.404,4.37,4.381,2798.3
2024-06-29 16:30:00,4.381,4.386,4.374,4.384,2692.9
2024-06-29 17:00:00,4.384,4.384,4.357,4.377,5021.9
2024-06-29 17:30:00,4.377,4.378,4.366,4.373,13637.0
2024-06-29 18:00:00,4.373,4.374,4.36,4.365,1316.1
2024-06-29 18:30:00,4.365,4.372,4.353,4.366,2415.8
2024-06-29 19:00:00,4.366,4.37,4.354,4.355,1412.2
2024-06-29 19:30:00,4.355,4.364,4.335,4.362,3533.0
2024-06-29 20:00:00,4.362,4.369,4.355,4.366,4255.4
2024-06-29 20:30:00,4.366,4.366,4.341,4.35,7332.8
2024-06-29 21:00:00,4.35,4.36,4.332,4.353,9031.5
2024-06-29 21:30:00,4.353,4.37,4.352,4.358,1701.9
2024-06-29 22:00:00,4.358,4.361,4.316,4.334,10175.0
2024-06-29 22:30:00,4.334,4.34,4.325,4.334,2780.5
2024-06-29 23:00:00,4.334,4.344,4.331,4.341,2197.7
2024-06-29 23:30:00,4.341,4.346,4.33,4.344,15870.5
2024-06-30 00:00:00,4.344,4.36,4.329,4.36,1325.2
2024-06-30 00:30:00,4.36,4.368,4.355,4.355,6570.9
2024-06-30 01:00:00,4.355,4.357,4.324,4.35,4512.0
2024-06-30 01:30:00,4.35,4.354,4.325,4.335,4178.5
2024-06-30 02:00:00,4.335,4.336,4.298,4.314,18502.1
2024-06-30 02:30:00,4.314,4.33,4.298,4.309,15059.2
2024-06-30 03:00:00,4.309,4.321,4.309,4.316,2606.6
2024-06-30 03:30:00,4.316,4.328,4.313,4.328,4437.3
2024-06-30 04:00:00,4.328,4.328,4.308,4.309,2182.9
2024-06-30 04:30:00,4.309,4.326,4.309,4.322,4654.5
2024-06-30 05:00:00,4.322,4.323,4.307,4.32,4706.4
2024-06-30 05:30:00,4.32,4.326,4.318,4.325,1905.4
2024-06-30 06:00:00,4.325,4.337,4.318,4.336,3717.0
2024-06-30 06:30:00,4.336,4.354,4.33,4.354,3715.0
2024-06-30 07:00:00,4.354,4.436,4.35,4.432,74968.4
2024-06-30 07:30:00,4.432,4.457,4.423,4.433,8698.4
2024-06-30 08:00:00,4.433,4.456,4.417,4.419,7256.8
2024-06-30 08:30:00,4.419,4.444,4.418,4.435,1676.4
2024-06-30 09:00:00,4.435,4.45,4.43,4.44,3645.0
2024-06-30 09:30:00,4.44,4.442,4.421,4.421,6671.0
2024-06-30 10:00:00,4.421,4.426,4.41,4.422,3393.8
2024-06-30 10:30:00,4.422,4.426,4.401,4.406,4170.2
2024-06-30 11:00:00,4.406,4.422,4.403,4.415,12208.3
2024-06-30 11:30:00,4.415,4.42,4.403,4.408,1150.1
2024-06-30 12:00:00,4.408,4.428,4.404,4.421,3731.1
2024-06-30 12:30:00,4.421,4.427,4.392,4.425,2873.2
2024-06-30 13:00:00,4.425,4.437,4.42,4.432,2745.0
2024-06-30 13:30:00,4.432,4.437,4.418,4.423,4875.4
2024-06-30 14:00:00,4.423,4.439,4.412,4.422,2571.8
2024-06-30 14:30:00,4.422,4.433,4.411,4.427,1487.0
2024-06-30 15:00:00,4.427,4.444,4.427,4.435,2253.6
2024-06-30 15:30:00,4.435,4.45,4.432,4.434,3317.8
2024-06-30 16:00:00,4.434,4.443,4.413,4.415,1431.6
2024-06-30 16:30:00,4.415,4.422,4.406,4.414,1361.6
2024-06-30 17:00:00,4.414,4.453,4.414,4.44,1057.4
2024-06-30 17:30:00,4.44,4.453,4.431,4.436,1773.0
2024-06-30 18:00:00,4.436,4.44,4.427,4.433,865.7
2024-06-30 18:30:00,4.433,4.456,4.433,4.451,1809.2
2024-06-30 19:00:00,4.451,4.454,4.437,4.444,1066.1
2024-06-30 19:30:00,4.444,4.444,4.434,4.438,723.7
2024-06-30 20:00:00,4.438,4.449,4.437,4.448,986.0
2024-06-30 20:30:00,4.448,4.454,4.436,4.438,2121.0
2024-06-30 21:00:00,4.438,4.441,4.419,4.423,2955.4
2024-06-30 21:30:00,4.423,4.431,4.414,4.429,1304.1
2024-06-30 22:00:00,4.429,4.485,4.423,4.481,8905.9
2024-06-30 22:30:00,4.481,4.499,4.463,4.48,476946.6
2024-06-30 23:00:00,4.48,4.488,4.472,4.476,3947.4
2024-06-30 23:30:00,4.476,4.486,4.468,4.477,4710.4
2024-07-01 00:00:00,4.477,4.48,4.455,4.473,18259.9
2024-07-01 00:30:00,4.473,4.48,4.467,4.472,2127.9
2024-07-01 01:00:00,4.472,4.541,4.464,4.54,46646.6
2024-07-01 01:30:00,4.54,4.551,4.53,4.544,14739.4
2024-07-01 02:00:00,4.544,4.555,4.53,4.536,20700.6
2024-07-01 02:30:00,4.536,4.539,4.52,4.529,4348.9
2024-07-01 03:00:00,4.529,4.532,4.518,4.519,4061.0
2024-07-01 03:30:00,4.519,4.521,4.507,4.508,2658.8
2024-07-01 04:00:00,4.508,4.521,4.503,4.507,2120.3
2024-07-01 04:30:00,4.507,4.51,4.49,4.499,2226.2
2024-07-01 05:00:00,4.499,4.51,4.491,4.499,6707.0
2024-07-01 05:30:00,4.499,4.511,4.493,4.508,1398.7
2024-07-01 06:00:00,4.508,4.513,4.494,4.499,1885.9
2024-07-01 06:30:00,4.499,4.508,4.494,4.504,2555.5
2024-07-01 07:00:00,4.504,4.518,4.498,4.507,3119.0
2024-07-01 07:30:00,4.507,4.512,4.492,4.496,2694.6
2024-07-01 08:00:00,4.496,4.5,4.477,4.482,2449.1
2024-07-01 08:30:00,4.482,4.487,4.452,4.473,5880.1
2024-07-01 09:00:00,4.473,4.479,4.458,4.47,2049.0
2024-07-01 09:30:00,4.47,4.532,4.467,4.524,347772.5
2024-07-01 10:00:00,4.524,4.538,4.496,4.504,79344.7
2024-07-01 10:30:00,4.504,4.515,4.49,4.511,28532.2
2024-07-01 11:00:00,4.511,4.517,4.481,4.486,6080.2
2024-07-01 11:30:00,4.486,4.488,4.468,4.479,6803.6
2024-07-01 12:00:00,4.479,4.492,4.475,4.475,3594.3
2024-07-01 12:30:00,4.475,4.488,4.472,4.488,2179.2
2024-07-01 13:00:00,4.488,4.497,4.465,4.484,15566.7
2024-07-01 13:30:00,4.484,4.497,4.443,4.459,35114.1
2024-07-01 14:00:00,4.459,4.473,4.433,4.454,12272.4
2024-07-01 14:30:00,4.454,4.46,4.443,4.45,3795.1
2024-07-01 15:00:00,4.45,4.466,4.444,4.45,3461.8
2024-07-01 15:30:00,4.45,4.458,4.437,4.457,2320.8
2024-07-01 16:00:00,4.457,4.475,4.407,4.42,670060.2
2024-07-01 16:30:00,4.42,4.43,4.412,4.423,19246.6
2024-07-01 17:00:00,4.423,4.426,4.403,4.422,15629.3
2024-07-01 17:30:00,4.422,4.444,4.416,4.442,4672.3
2024-07-01 18:00:00,4.442,4.46,4.428,4.43,33113.4
2024-07-01 18:30:00,4.43,4.431,4.418,4.427,6383.5
2024-07-01 19:00:00,4.427,4.432,4.408,4.408,42970.6
2024-07-01 19:30:00,4.408,4.408,4.375,4.4,33409.0
2024-07-01 20:00:00,4.4,4.402,4.385,4.391,2298.3
2024-07-01 20:30:00,4.391,4.391,4.379,4.379,9417.3
2024-07-01 21:00:00,4.379,4.388,4.359,4.366,19906.8
2024-07-01 21:30:00,4.366,4.367,4.353,4.364,24564.4
2024-07-01 22:00:00,4.364,4.367,4.325,4.335,26148.2
2024-07-01 22:30:00,4.335,4.346,4.325,4.34,5925.5
2024-07-01 23:00:00,4.34,4.345,4.329,4.33,3480.2
2024-07-01 23:30:00,4.33,4.337,4.323,4.327,6290.5
2024-07-02 00:00:00,4.327,4.327,4.305,4.325,49543.8
2024-07-02 00:30:00,4.325,4.33,4.311,4.323,14983.5
2024-07-02 01:00:00,4.323,4.333,4.314,4.319,6886.9
2024-07-02 01:30:00,4.319,4.326,4.313,4.326,3744.5
2024-07-02 02:00:00,4.326,4.336,4.324,4.324,2786.4
2024-07-02 02:30:00,4.324,4.353,4.319,4.352,22094.9
2024-07-02 03:00:00,4.352,4.367,4.35,4.366,4475.9
2024-07-02 03:30:00,4.366,4.391,4.364,4.368,6172.8
2024-07-02 04:00:00,4.368,4.376,4.357,4.367,2402.4
2024-07-02 04:30:00,4.367,4.373,4.354,4.356,3914.5
2024-07-02 05:00:00,4.356,4.371,4.355,4.364,1650.2
2024-07-02 05:30:00,4.364,4.374,4.352,4.36,4018.5
2024-07-02 06:00:00,4.36,4.365,4.347,4.353,2422.8
2024-07-02 06:30:00,4.353,4.356,4.341,4.346,5554.3
2024-07-02 07:00:00,4.346,4.346,4.323,4.343,7859.6
2024-07-02 07:30:00,4.343,4.345,4.327,4.338,3162.9
2024-07-02 08:00:00,4.338,4.355,4.325,4.348,4933.7
2024-07-02 08:30:00,4.348,4.362,4.339,4.356,1451.0
2024-07-02 09:00:00,4.356,4.364,4.347,4.357,2355.6
2024-07-02 09:30:00,4.357,4.369,4.355,4.367,2229.2
2024-07-02 10:00:00,4.367,4.387,4.36,4.382,5683.6
2024-07-02 10:30:00,4.382,4.398,4.378,4.382,8227.9
2024-07-02 11:00:00,4.382,4.391,4.372,4.389,6325.6
2024-07-02 11:30:00,4.389,4.39,4.376,4.382,1667.8
2024-07-02 12:00:00,4.382,4.385,4.37,4.384,15321.5
2024-07-02 12:30:00,4.384,4.415,4.382,4.393,11585.3
2024-07-02 13:00:00,4.393,4.403,4.39,4.4,13698.9
2024-07-02 13:30:00,4.4,4.424,4.356,4.368,13287.9
2024-07-02 14:00:00,4.368,4.384,4.348,4.379,4692.8
2024-07-02 14:30:00,4.379,4.382,4.347,4.366,5760.3
2024-07-02 15:00:00,4.366,4.375,4.346,4.358,4504.8
2024-07-02 15:30:00,4.358,4.374,4.351,4.361,3050.6
2024-07-02 16:00:00,4.361,4.367,4.351,4.357,2048.0
2024-07-02 16:30:00,4.357,4.365,4.351,4.365,2090.0
2024-07-02 17:00:00,4.365,4.367,4.351,4.359,2156.5
2024-07-02 17:30:00,4.359,4.369,4.351,4.368,2650.5
2024-07-02 18:00:00,4.368,4.42,4.368,4.417,3739.4
2024-07-02 18:30:00,4.417,4.417,4.403,4.407,2335.7
2024-07-02 19:00:00,4.407,4.415,4.395,4.4,9440.8
2024-07-02 19:30:00,4.4,4.417,4.397,4.411,4583.8
2024-07-02 20:00:00,4.411,4.427,4.409,4.417,1004.4
2024-07-02 20:30:00,4.417,4.418,4.408,4.415,766.8
2024-07-02 21:00:00,4.415,4.432,4.41,4.431,6507.5
2024-07-02 21:30:00,4.431,4.459,4.431,4.435,7179.3
2024-07-02 22:00:00,4.435,4.44,4.424,4.427,10186.8
2024-07-02 22:30:00,4.427,4.43,4.417,4.429,3697.6
2024-07-02 23:00:00,4.429,4.429,4.411,4.413,6405.3
2024-07-02 23:30:00,4.413,4.416,4.401,4.416,4708.2
2024-07-03 00:00:00,4.416,4.431,4.413,4.423,9721.4
2024-07-03 00:30:00,4.423,4.433,4.41,4.415,4617.1
2024-07-03 01:00:00,4.415,4.428,4.398,4.413,4581.3
2024-07-03 01:30:00,4.413,4.415,4.363,4.376,22632.7
2024-07-03 02:00:00,4.376,4.376,4.352,4.369,3114.5
2024-07-03 02:30:00,4.369,4.375,4.351,4.365,1197.5
2024-07-03 03:00:00,4.365,4.366,4.234,4.295,118424.9
2024-07-03 03:30:00,4.295,4.315,4.293,4.307,11702.3
2024-07-03 04:00:00,4.307,4.311,4.295,4.308,4235.5
2024-07-03 04:30:00,4.308,4.308,4.273,4.286,3175.6
2024-07-03 05:00:00,4.286,4.294,4.276,4.276,2830.8
2024-07-03 05:30:00,4.276,4.299,4.272,4.298,1870.2
2024-07-03 06:00:00,4.298,4.309,4.296,4.296,4185.0
2024-07-03 06:30:00,4.296,4.306,4.296,4.301,3793.1
2024-07-03 07:00:00,4.301,4.302,4.285,4.288,6254.8
2024-07-03 07:30:00,4.288,4.303,4.287,4.29,3718.7
2024-07-03 08:00:00,4.29,4.3,4.278,4.295,4578.0
2024-07-03 08:30:00,4.295,4.296,4.28,4.283,1835.4
2024-07-03 09:00:00,4.283,4.308,4.283,4.293,2472.4
2024-07-03 09:30:00,4.293,4.294,4.272,4.275,4421.2
2024-07-03 10:00:00,4.275,4.276,4.21,4.223,34509.4
2024-07-03 10:30:00,4.223,4.231,4.164,4.228,49965.2
2024-07-03 11:00:00,4.228,4.228,4.184,4.187,11055.8
2024-07-03 11:30:00,4.187,4.209,4.175,4.205,15833.7
2024-07-03 12:00:00,4.205,4.205,4.167,4.179,13231.5
2024-07-03 12:30:00,4.179,4.19,4.125,4.161,43609.4
2024-07-03 13:00:00,4.161,4.198,4.149,4.193,22719.1
2024-07-03 13:30:00,4.193,4.222,4.189,4.215,5576.1
2024-07-03 14:00:00,4.215,4.227,4.201,4.207,8284.4
2024-07-03 14:30:00,4.207,4.217,4.194,4.196,2953.5
2024-07-03 15:00:00,4.196,4.203,4.163,4.196,6949.7
2024-07-03 15:30:00,4.196,4.199,4.171,4.187,4320.4
2024-07-03 16:00:00,4.187,4.199,4.158,4.197,11466.1
2024-07-03 16:30:00,4.197,4.197,4.162,4.178,4756.5
2024-07-03 17:00:00,4.178,4.183,4.151,4.151,7598.7
2024-07-03 17:30:00,4.151,4.151,4.107,4.125,28838.0
2024-07-03 18:00:00,4.125,4.142,4.108,4.139,5730.8
2024-07-03 18:30:00,4.139,4.144,4.106,4.123,1103.8
2024-07-03 19:00:00,4.123,4.124,4.042,4.082,43269.3
2024-07-03 19:30:00,4.082,4.11,4.081,4.091,5297.9
2024-07-03 20:00:00,4.091,4.106,4.08,4.097,7846.2
2024-07-03 20:30:00,4.097,4.098,4.061,4.061,4860.6
2024-07-03 21:00:00,4.061,4.096,4.061,4.076,5677.6
2024-07-03 21:30:00,4.076,4.105,4.075,4.1,8644.3
2024-07-03 22:00:00,4.1,4.1,4.062,4.067,9328.7
2024-07-03 22:30:00,4.067,4.09,4.065,4.09,2704.1
2024-07-03 23:00:00,4.09,4.09,4.066,4.082,3276.4
2024-07-03 23:30:00,4.082,4.103,4.078,4.102,3459.1
2024-07-04 00:00:00,4.102,4.129,4.095,4.111,8701.1
2024-07-04 00:30:00,4.111,4.128,4.104,4.104,1288.8
2024-07-04 01:00:00,4.104,4.117,4.008,4.054,19603.5
2024-07-04 01:30:00,4.054,4.056,3.9,3.942,256741.8
2024-07-04 02:00:00,3.942,4.0,3.859,3.998,62479.6
2024-07-04 02:30:00,3.998,4.022,3.993,4.01,7185.0
2024-07-04 03:00:00,4.01,4.019,4.001,4.007,3451.3
2024-07-04 03:30:00,4.007,4.032,4.005,4.032,5205.5
2024-07-04 04:00:00,4.032,4.039,4.017,4.017,4283.2
2024-07-04 04:30:00,4.017,4.045,4.017,4.041,2947.1
2024-07-04 05:00:00,4.041,4.046,4.026,4.034,3788.8
2024-07-04 05:30:00,4.034,4.045,4.023,4.027,52770.4
2024-07-04 06:00:00,4.027,4.032,3.994,3.994,6234.1
2024-07-04 06:30:00,3.994,4.039,3.985,4.009,9252.6
2024-07-04 07:00:00,4.009,4.017,3.973,4.004,3390.3
2024-07-04 07:30:00,4.004,4.015,3.982,3.994,3173.4
2024-07-04 08:00:00,3.994,4.005,3.986,3.997,3622.1
2024-07-04 08:30:00,3.997,4.005,3.934,4.001,211051.2
2024-07-04 09:00:00,4.001,4.002,3.936,3.964,6458.0
2024-07-04 09:30:00,3.964,3.996,3.959,3.974,8199.4
2024-07-04 10:00:00,3.974,3.976,3.922,3.951,5762.5
2024-07-04 10:30:00,3.951,3.959,3.942,3.958,2295.9
2024-07-04 11:00:00,3.958,3.975,3.94,3.941,14571.8
2024-07-04 11:30:00,3.941,3.946,3.933,3.939,2480.9
2024-07-04 12:00:00,3.939,3.945,3.893,3.911,28501.3
2024-07-04 12:30:00,3.911,3.925,3.853,3.86,45133.4
2024-07-04 13:00:00,3.86,3.861,3.761,3.781,78522.2
2024-07-04 13:30:00,3.781,3.883,3.781,3.877,26719.2
2024-07-04 14:00:00,3.877,3.888,3.862,3.884,11556.4
2024-07-04 14:30:00,3.884,3.894,3.867,3.883,1941.0
2024-07-04 15:00:00,3.883,3.899,3.868,3.875,3399.4
2024-07-04 15:30:00,3.875,3.928,3.872,3.921,5827.9
2024-07-04 16:00:00,3.921,3.921,3.896,3.898,1553.5
2024-07-04 16:30:00,3.898,3.911,3.878,3.911,3286.3
2024-07-04 17:00:00,3.911,3.919,3.9,3.913,1746.3
2024-07-04 17:30:00,3.913,3.913,3.899,3.91,2261.4
2024-07-04 18:00:00,3.91,3.914,3.87,3.877,2463.9
2024-07-04 18:30:00,3.877,3.891,3.864,3.873,1973.2
2024-07-04 19:00:00,3.873,3.913,3.868,3.899,8218.7
2024-07-04 19:30:00,3.899,3.922,3.875,3.876,3089.8
2024-07-04 20:00:00,3.876,3.897,3.87,3.894,3514.7
2024-07-04 20:30:00,3.894,3.922,3.893,3.921,1692.9
2024-07-04 21:00:00,3.921,3.941,3.901,3.925,3549.5
2024-07-04 21:30:00,3.925,3.946,3.918,3.945,2554.6
2024-07-04 22:00:00,3.945,3.96,3.928,3.929,3434.7
2024-07-04 22:30:00,3.929,3.932,3.909,3.909,2275.4
2024-07-04 23:00:00,3.909,3.91,3.845,3.855,3795.4
2024-07-04 23:30:00,3.855,3.863,3.76,3.774,15191.8
2024-07-05 00:00:00,3.774,3.785,3.602,3.673,129149.6
2024-07-05 00:30:00,3.673,3.693,3.5,3.665,70594.0
2024-07-05 01:00:00,3.665,3.676,3.538,3.564,12296.0
2024-07-05 01:30:00,3.564,3.656,3.499,3.652,30795.9
2024-07-05 02:00:00,3.652,3.652,3.551,3.565,28170.0
2024-07-05 02:30:00,3.565,3.625,3.266,3.346,213047.4
2024-07-05 03:00:00,3.346,3.417,3.237,3.386,77831.7
2024-07-05 03:30:00,3.386,3.403,3.341,3.341,19214.6
2024-07-05 04:00:00,3.341,3.412,3.254,3.409,35194.9
2024-07-05 04:30:00,3.409,3.453,3.399,3.416,22111.1
2024-07-05 05:00:00,3.416,3.462,3.408,3.426,3800.8
2024-07-05 05:30:00,3.426,3.447,3.407,3.434,4387.5
2024-07-05 06:00:00,3.434,3.434,3.371,3.379,7121.5
2024-07-05 06:30:00,3.379,3.407,3.347,3.351,18839.6
2024-07-05 07:00:00,3.351,3.396,3.347,3.378,4257.6
2024-07-05 07:30:00,3.378,3.407,3.35,3.396,5193.2
2024-07-05 08:00:00,3.396,3.399,3.344,3.359,32395.1
2024-07-05 08:30:00,3.359,3.359,3.28,3.293,27086.7
2024-07-05 09:00:00,3.293,3.406,3.284,3.395,58088.2
2024-07-05 09:30:00,3.395,3.43,3.387,3.43,3539.1
2024-07-05 10:00:00,3.43,3.482,3.423,3.447,63538.3
2024-07-05 10:30:00,3.447,3.469,3.445,3.458,20539.6
2024-07-05 11:00:00,3.458,3.494,3.454,3.494,11481.7
2024-07-05 11:30:00,3.494,3.524,3.48,3.51,76170.6
2024-07-05 12:00:00,3.51,3.529,3.481,3.528,16141.8
2024-07-05 12:30:00,3.528,3.55,3.464,3.477,23090.7
2024-07-05 13:00:00,3.477,3.533,3.471,3.533,8215.0
2024-07-05 13:30:00,3.533,3.561,3.525,3.543,71453.7
2024-07-05 14:00:00,3.543,3.546,3.493,3.494,11363.9
2024-07-05 14:30:00,3.494,3.545,3.494,3.527,4423.2
2024-07-05 15:00:00,3.527,3.586,3.514,3.544,7831.0
2024-07-05 15:30:00,3.544,3.564,3.532,3.549,4360.7
2024-07-05 16:00:00,3.549,3.587,3.529,3.564,9295.2
2024-07-05 16:30:00,3.564,3.567,3.533,3.541,2708.3
2024-07-05 17:00:00,3.541,3.563,3.521,3.546,5453.5
2024-07-05 17:30:00,3.546,3.572,3.54,3.564,7240.4
2024-07-05 18:00:00,3.564,3.565,3.522,3.548,10355.4
2024-07-05 18:30:00,3.548,3.581,3.547,3.576,19338.3
2024-07-05 19:00:00,3.576,3.582,3.56,3.578,1739.5
2024-07-05 19:30:00,3.578,3.578,3.548,3.551,1410.4
2024-07-05 20:00:00,3.551,3.558,3.54,3.553,1785.3
2024-07-05 20:30:00,3.553,3.563,3.543,3.555,1201.6
2024-07-05 21:00:00,3.555,3.559,3.536,3.545,1269.3
2024-07-05 21:30:00,3.545,3.568,3.537,3.538,7524.8
2024-07-05 22:00:00,3.538,3.569,3.525,3.558,6083.0
2024-07-05 22:30:00,3.558,3.563,3.526,3.535,2379.0
2024-07-05 23:00:00,3.535,3.556,3.529,3.546,3369.6
2024-07-05 23:30:00,3.546,3.551,3.532,3.541,14754.0
2024-07-06 00:00:00,3.541,3.576,3.522,3.571,4960.0
2024-07-06 00:30:00,3.571,3.665,3.565,3.576,68314.9
2024-07-06 01:00:00,3.576,3.58,3.546,3.555,6704.2
2024-07-06 01:30:00,3.555,3.557,3.52,3.529,20232.0
2024-07-06 02:00:00,3.529,3.54,3.501,3.537,4451.8
2024-07-06 02:30:00,3.537,3.562,3.533,3.55,2294.5
2024-07-06 03:00:00,3.55,3.558,3.539,3.542,1990.2
2024-07-06 03:30:00,3.542,3.557,3.535,3.548,1974.4
2024-07-06 04:00:00,3.548,3.562,3.538,3.543,41057.8
2024-07-06 04:30:00,3.543,3.546,3.521,3.526,2490.3
2024-07-06 05:00:00,3.526,3.54,3.521,3.536,3813.3
2024-07-06 05:30:00,3.536,3.547,3.534,3.542,1395.0
2024-07-06 06:00:00,3.542,3.584,3.535,3.58,6801.7
2024-07-06 06:30:00,3.58,3.596,3.569,3.581,21519.7
2024-07-06 07:00:00,3.581,3.621,3.574,3.607,31673.8
2024-07-06 07:30:00,3.607,3.619,3.601,3.608,4769.0
2024-07-06 08:00:00,3.608,3.624,3.598,3.62,2319.4
2024-07-06 08:30:00,3.62,3.62,3.594,3.599,4488.5
2024-07-06 09:00:00,3.599,3.603,3.585,3.592,5380.1
2024-07-06 09:30:00,3.592,3.638,3.583,3.634,3053.1
2024-07-06 10:00:00,3.634,3.655,3.624,3.65,9092.3
2024-07-06 10:30:00,3.65,3.677,3.648,3.67,13208.4
2024-07-06 11:00:00,3.67,3.692,3.662,3.679,12648.5
2024-07-06 11:30:00,3.679,3.698,3.674,3.684,8493.4
2024-07-06 12:00:00,3.684,3.714,3.684,3.697,19431.3
2024-07-06 12:30:00,3.697,3.707,3.665,3.691,23511.4
2024-07-06 13:00:00,3.691,3.697,3.669,3.683,3231.6
2024-07-06 13:30:00,3.683,3.703,3.674,3.676,10220.4
2024-07-06 14:00:00,3.676,3.692,3.649,3.66,36337.9
2024-07-06 14:30:00,3.66,3.713,3.66,3.705,10564.2
2024-07-06 15:00:00,3.705,3.735,3.702,3.726,41680.4
2024-07-06 15:30:00,3.726,3.766,3.724,3.74,8537.0
2024-07-06 16:00:00,3.74,3.787,3.719,3.781,29115.4
2024-07-06 16:30:00,3.781,3.854,3.777,3.846,35685.1
2024-07-06 17:00:00,3.846,3.88,3.836,3.85,12402.2
2024-07-06 17:30:00,3.85,3.868,3.845,3.864,2651.5
2024-07-06 18:00:00,3.864,3.896,3.861,3.895,8604.2
2024-07-06 18:30:00,3.895,3.897,3.876,3.892,3129.2
2024-07-06 19:00:00,3.892,3.897,3.872,3.876,2364.4
2024-07-06 19:30:00,3.876,3.9,3.871,3.896,9724.6
2024-07-06 20:00:00,3.896,3.932,3.89,3.909,14325.4
2024-07-06 20:30:00,3.909,3.924,3.901,3.912,5982.1
2024-07-06 21:00:00,3.912,3.932,3.898,3.912,3159.9
2024-07-06 21:30:00,3.912,3.946,3.907,3.932,3076.6
2024-07-06 22:00:00,3.932,3.971,3.931,3.963,5804.7
2024-07-06 22:30:00,3.963,4.006,3.947,3.998,36087.9
2024-07-06 23:00:00,3.998,4.014,3.967,3.97,8739.4
2024-07-06 23:30:00,3.97,3.981,3.952,3.97,9633.3
2024-07-07 00:00:00,3.97,3.975,3.933,3.942,29241.0
2024-07-07 00:30:00,3.942,3.962,3.916,3.918,15730.7
2024-07-07 01:00:00,3.918,3.928,3.88,3.883,49763.5
2024-07-07 01:30:00,3.883,3.908,3.875,3.894,8073.3
2024-07-07 02:00:00,3.894,3.925,3.892,3.904,2799.7
2024-07-07 02:30:00,3.904,3.921,3.898,3.921,1865.5
2024-07-07 03:00:00,3.921,3.924,3.88,3.896,17699.0
2024-07-07 03:30:00,3.896,3.915,3.893,3.904,2659.0
2024-07-07 04:00:00,3.904,3.908,3.876,3.905,4084.7
2024-07-07 04:30:00,3.905,3.905,3.854,3.862,63968.6
2024-07-07 05:00:00,3.862,3.892,3.831,3.886,16417.9
2024-07-07 05:30:00,3.886,3.892,3.867,3.87,2926.1
2024-07-07 06:00:00,3.87,3.885,3.864,3.881,5189.4
2024-07-07 06:30:00,3.881,3.898,3.874,3.884,4778.7
2024-07-07 07:00:00,3.884,3.898,3.827,3.836,15709.2
2024-07-07 07:30:00,3.836,3.845,3.81,3.844,15550.0
2024-07-07 08:00:00,3.844,3.862,3.827,3.838,9138.2
2024-07-07 08:30:00,3.838,3.847,3.83,3.844,2863.1
2024-07-07 09:00:00,3.844,3.876,3.832,3.875,5408.2
2024-07-07 09:30:00,3.875,3.881,3.842,3.861,2289.5
2024-07-07 10:00:00,3.861,3.877,3.855,3.869,9431.9
2024-07-07 10:30:00,3.869,3.88,3.841,3.856,4123.3
2024-07-07 11:00:00,3.856,3.869,3.844,3.849,3989.9
2024-07-07 11:30:00,3.849,3.865,3.848,3.86,5595.7
2024-07-07 12:00:00,3.86,3.88,3.848,3.848,25507.1
2024-07-07 12:30:00,3.848,3.856,3.81,3.828,7925.1
2024-07-07 13:00:00,3.828,3.828,3.733,3.75,73674.8
2024-07-07 13:30:00,3.75,3.764,3.717,3.723,13510.6
2024-07-07 14:00:00,3.723,3.726,3.657,3.688,39527.7
2024-07-07 14:30:00,3.688,3.71,3.675,3.692,5211.1
2024-07-07 15:00:00,3.692,3.736,3.683,3.735,9520.6
2024-07-07 15:30:00,3.735,3.739,3.694,3.707,14588.2
2024-07-07 16:00:00,3.707,3.753,3.692,3.736,7054.6
2024-07-07 16:30:00,3.736,3.759,3.728,3.756,2127.6
2024-07-07 17:00:00,3.756,3.775,3.731,3.731,2494.5
2024-07-07 17:30:00,3.731,3.78,3.724,3.767,2532.8
2024-07-07 18:00:00,3.767,3.779,3.754,3.764,9630.8
2024-07-07 18:30:00,3.764,3.764,3.741,3.753,2260.9
2024-07-07 19:00:00,3.753,3.757,3.728,3.737,1436.0
2024-07-07 19:30:00,3.737,3.737,3.726,3.731,2341.6
2024-07-07 20:00:00,3.731,3.744,3.719,3.721,9346.1
2024-07-07 20:30:00,3.721,3.731,3.707,3.72,2278.3
2024-07-07 21:00:00,3.72,3.723,3.622,3.627,41455.3
2024-07-07 21:30:00,3.627,3.689,3.623,3.682,14091.5
2024-07-07 22:00:00,3.682,3.699,3.663,3.664,2331.8
2024-07-07 22:30:00,3.664,3.672,3.632,3.635,2346.1
2024-07-07 23:00:00,3.635,3.669,3.635,3.656,4498.8
2024-07-07 23:30:00,3.656,3.659,3.605,3.633,21628.5
2024-07-08 00:00:00,3.633,3.648,3.586,3.639,11284.8
2024-07-08 00:30:00,3.639,3.64,3.488,3.52,36478.9
2024-07-08 01:00:00,3.52,3.521,3.449,3.497,35994.2
2024-07-08 01:30:00,3.497,3.526,3.461,3.525,11375.2
2024-07-08 02:00:00,3.525,3.6,3.509,3.59,11916.0
2024-07-08 02:30:00,3.59,3.607,3.581,3.597,78114.6
2024-07-08 03:00:00,3.597,3.614,3.561,3.569,6013.9
2024-07-08 03:30:00,3.569,3.623,3.567,3.6,5618.4
2024-07-08 04:00:00,3.6,3.637,3.585,3.625,17936.4
2024-07-08 04:30:00,3.625,3.694,3.614,3.689,14834.9
2024-07-08 05:00:00,3.689,3.71,3.672,3.678,8516.4
2024-07-08 05:30:00,3.678,3.686,3.656,3.678,3636.6
2024-07-08 06:00:00,3.678,3.704,3.65,3.693,2765.7
2024-07-08 06:30:00,3.693,3.709,3.672,3.685,19072.3
2024-07-08 07:00:00,3.685,3.692,3.656,3.684,12274.6
2024-07-08 07:30:00,3.684,3.715,3.683,3.709,5438.1
2024-07-08 08:00:00,3.709,3.832,3.698,3.822,37834.2
2024-07-08 08:30:00,3.822,3.906,3.806,3.898,29153.2
2024-07-08 09:00:00,3.898,3.938,3.859,3.886,88186.8
2024-07-08 09:30:00,3.886,3.888,3.846,3.863,11406.0
2024-07-08 10:00:00,3.863,3.923,3.85,3.891,116415.3
2024-07-08 10:30:00,3.891,3.902,3.824,3.839,23780.7
2024-07-08 11:00:00,3.839,3.899,3.836,3.894,13062.1
2024-07-08 11:30:00,3.894,3.917,3.883,3.892,3010.9
2024-07-08 12:00:00,3.892,3.9,3.851,3.868,18825.3
2024-07-08 12:30:00,3.868,3.895,3.852,3.868,2695.7
2024-07-08 13:00:00,3.868,3.897,3.851,3.888,9543.3
2024-07-08 13:30:00,3.888,3.893,3.839,3.862,5284.5
2024-07-08 14:00:00,3.862,3.876,3.747,3.749,343363.3
2024-07-08 14:30:00,3.749,3.827,3.647,3.788,108296.5
2024-07-08 15:00:00,3.788,3.845,3.769,3.812,27406.4
2024-07-08 15:30:00,3.812,3.824,3.741,3.744,14577.2
2024-07-08 16:00:00,3.744,3.781,3.698,3.71,35415.4
2024-07-08 16:30:00,3.71,3.765,3.706,3.754,5194.2
2024-07-08 17:00:00,3.754,3.794,3.734,3.768,3040.1
2024-07-08 17:30:00,3.768,3.781,3.758,3.778,2996.5
2024-07-08 18:00:00,3.778,3.791,3.768,3.782,4472.4
2024-07-08 18:30:00,3.782,3.808,3.769,3.782,5121.1
2024-07-08 19:00:00,3.782,3.799,3.773,3.794,3596.4
2024-07-08 19:30:00,3.794,3.797,3.776,3.789,2493.9
2024-07-08 20:00:00,3.789,3.808,3.759,3.783,4750.5
2024-07-08 20:30:00,3.783,3.794,3.755,3.76,1134.4
2024-07-08 21:00:00,3.76,3.791,3.744,3.791,6509.8
2024-07-08 21:30:00,3.791,3.806,3.77,3.794,18217.3
2024-07-08 22:00:00,3.794,3.816,3.789,3.814,3268.6
2024-07-08 22:30:00,3.814,3.814,3.794,3.802,6185.4
2024-07-08 23:00:00,3.802,3.832,3.798,3.823,14443.6
2024-07-08 23:30:00,3.823,3.831,3.81,3.812,2318.0
2024-07-09 00:00:00,3.812,3.815,3.782,3.782,2251.3
2024-07-09 00:30:00,3.782,3.812,3.769,3.798,4808.8
2024-07-09 01:00:00,3.798,3.874,3.796,3.806,7900.2
2024-07-09 01:30:00,3.806,3.811,3.759,3.774,11317.8
2024-07-09 02:00:00,3.774,3.796,3.747,3.792,3906.0
2024-07-09 02:30:00,3.792,3.842,3.783,3.842,1759.0
2024-07-09 03:00:00,3.842,3.849,3.802,3.802,9021.4
2024-07-09 03:30:00,3.802,3.827,3.795,3.817,6456.5
2024-07-09 04:00:00,3.817,3.845,3.806,3.834,1374.3
2024-07-09 04:30:00,3.834,3.853,3.825,3.837,2317.9
2024-07-09 05:00:00,3.837,3.843,3.815,3.839,1374.9
2024-07-09 05:30:00,3.839,3.855,3.822,3.851,1177.4
2024-07-09 06:00:00,3.851,3.87,3.837,3.862,2386.1
2024-07-09 06:30:00,3.862,3.874,3.848,3.848,1680.3
2024-07-09 07:00:00,3.848,3.857,3.833,3.846,5858.5
2024-07-09 07:30:00,3.846,3.851,3.824,3.836,3521.9
2024-07-09 08:00:00,3.836,3.881,3.826,3.866,3405.1
2024-07-09 08:30:00,3.866,3.896,3.853,3.855,5211.5
2024-07-09 09:00:00,3.855,3.873,3.85,3.862,6535.9
2024-07-09 09:30:00,3.862,3.873,3.846,3.848,7517.2
2024-07-09 10:00:00,3.848,3.861,3.838,3.842,56669.5
2024-07-09 10:30:00,3.842,3.854,3.839,3.847,7516.5
2024-07-09 11:00:00,3.847,3.869,3.823,3.869,3282.9
2024-07-09 11:30:00,3.869,3.877,3.856,3.868,2465.2
2024-07-09 12:00:00,3.868,3.879,3.855,3.862,634.4
2024-07-09 12:30:00,3.862,3.879,3.859,3.868,1438.8
2024-07-09 13:00:00,3.868,3.875,3.849,3.868,1741.6
2024-07-09 13:30:00,3.868,3.891,3.854,3.871,1869.5
2024-07-09 14:00:00,3.871,3.956,3.857,3.9,15693.3
2024-07-09 14:30:00,3.9,3.932,3.881,3.881,13381.5
2024-07-09 15:00:00,3.881,3.899,3.845,3.895,13405.0
2024-07-09 15:30:00,3.895,3.917,3.883,3.915,3047.6
2024-07-09 16:00:00,3.915,3.932,3.901,3.914,23324.2
2024-07-09 16:30:00,3.914,3.944,3.904,3.929,11703.0
2024-07-09 17:00:00,3.929,3.938,3.909,3.909,3580.9
2024-07-09 17:30:00,3.909,3.909,3.876,3.888,4076.1
2024-07-09 18:00:00,3.888,3.925,3.88,3.914,1095.7
2024-07-09 18:30:00,3.914,3.939,3.911,3.916,9227.2
2024-07-09 19:00:00,3.916,3.917,3.903,3.913,2008.1
2024-07-09 19:30:00,3.913,3.915,3.9,3.91,2449.6
2024-07-09 20:00:00,3.91,3.918,3.903,3.907,3273.5
2024-07-09 20:30:00,3.907,3.935,3.907,3.913,5148.4
2024-07-09 21:00:00,3.913,3.922,3.904,3.919,3429.0
2024-07-09 21:30:00,3.919,3.931,3.907,3.909,2352.0
2024-07-09 22:00:00,3.909,3.914,3.892,3.909,2491.9
2024-07-09 22:30:00,3.909,3.94,3.909,3.911,4964.0
2024-07-09 23:00:00,3.911,3.915,3.9,3.901,2078.6
2024-07-09 23:30:00,3.901,3.919,3.901,3.907,6914.2
2024-07-10 00:00:00,3.907,3.907,3.864,3.87,6287.2
2024-07-10 00:30:00,3.87,3.893,3.842,3.846,21849.6
2024-07-10 01:00:00,3.846,3.873,3.833,3.87,8053.7
2024-07-10 01:30:00,3.87,3.891,3.853,3.865,8084.3
2024-07-10 02:00:00,3.865,3.883,3.844,3.857,6205.7
2024-07-10 02:30:00,3.857,3.889,3.856,3.879,5263.3
2024-07-10 03:00:00,3.879,3.892,3.875,3.89,1037.1
2024-07-10 03:30:00,3.89,3.912,3.885,3.904,3848.7
2024-07-10 04:00:00,3.904,3.986,3.902,3.979,13100.5
2024-07-10 04:30:00,3.979,3.984,3.949,3.973,6679.8
2024-07-10 05:00:00,3.973,3.992,3.963,3.965,6784.0
2024-07-10 05:30:00,3.965,3.967,3.94,3.951,14832.1
2024-07-10 06:00:00,3.951,3.959,3.936,3.954,1803.0
2024-07-10 06:30:00,3.954,3.98,3.946,3.975,3271.3
2024-07-10 07:00:00,3.975,3.981,3.95,3.951,58809.0
2024-07-10 07:30:00,3.951,3.954,3.92,3.937,4489.1
2024-07-10 08:00:00,3.937,3.939,3.897,3.911,3191.6
2024-07-10 08:30:00,3.911,3.92,3.902,3.912,4507.8
2024-07-10 09:00:00,3.912,3.916,3.875,3.883,5194.2
2024-07-10 09:30:00,3.883,3.901,3.872,3.89,1615.7
2024-07-10 10:00:00,3.89,3.9,3.874,3.892,1608.2
2024-07-10 10:30:00,3.892,3.916,3.892,3.908,10978.4
2024-07-10 11:00:00,3.908,3.912,3.872,3.872,8727.6
2024-07-10 11:30:00,3.872,3.894,3.86,3.879,10957.3
2024-07-10 12:00:00,3.879,3.892,3.869,3.872,9925.7
2024-07-10 12:30:00,3.872,3.885,3.838,3.885,32110.1
2024-07-10 13:00:00,3.885,3.901,3.872,3.881,9444.9
2024-07-10 13:30:00,3.881,3.893,3.862,3.893,10006.8
2024-07-10 14:00:00,3.893,3.914,3.884,3.905,9679.8
2024-07-10 14:30:00,3.905,3.912,3.869,3.883,4417.3
2024-07-10 15:00:00,3.883,3.902,3.859,3.896,8327.5
2024-07-10 15:30:00,3.896,3.937,3.895,3.908,13117.6
2024-07-10 16:00:00,3.908,3.95,3.901,3.936,8451.7
2024-07-10 16:30:00,3.936,3.946,3.901,3.919,10996.0
2024-07-10 17:00:00,3.919,3.925,3.883,3.895,22863.2
2024-07-10 17:30:00,3.895,3.934,3.888,3.931,5160.1
2024-07-10 18:00:00,3.931,3.943,3.921,3.924,2774.4
2024-07-10 18:30:00,3.924,3.937,3.919,3.931,1919.1
2024-07-10 19:00:00,3.931,3.939,3.919,3.93,2803.7
2024-07-10 19:30:00,3.93,3.944,3.925,3.94,2079.5
2024-07-10 20:00:00,3.94,3.954,3.926,3.932,6227.8
2024-07-10 20:30:00,3.932,3.95,3.911,3.938,4067.5
2024-07-10 21:00:00,3.938,3.939,3.902,3.92,5099.8
2024-07-10 21:30:00,3.92,3.929,3.91,3.921,1400.0
2024-07-10 22:00:00,3.921,3.951,3.92,3.947,3646.5
2024-07-10 22:30:00,3.947,3.954,3.94,3.949,1058.8
2024-07-10 23:00:00,3.949,3.962,3.937,3.959,2694.8
2024-07-10 23:30:00,3.959,3.984,3.956,3.967,12618.0
2024-07-11 00:00:00,3.967,3.97,3.941,3.948,6708.0
2024-07-11 00:30:00,3.948,3.987,3.945,3.985,5329.6
2024-07-11 01:00:00,3.985,3.985,3.945,3.963,4032.1
2024-07-11 01:30:00,3.963,4.071,3.945,4.052,61961.6
2024-07-11 02:00:00,4.052,4.059,4.003,4.054,40349.5
2024-07-11 02:30:00,4.054,4.056,4.017,4.021,7369.0
2024-07-11 03:00:00,4.021,4.035,3.932,3.964,20098.7
2024-07-11 03:30:00,3.964,3.973,3.95,3.967,4177.6
2024-07-11 04:00:00,3.967,3.98,3.956,3.965,4173.7
2024-07-11 04:30:00,3.965,3.983,3.958,3.983,3892.4
2024-07-11 05:00:00,3.983,4.02,3.979,3.996,6590.0
2024-07-11 05:30:00,3.996,4.036,3.981,4.029,5251.7
2024-07-11 06:00:00,4.029,4.029,3.995,4.006,10340.4
2024-07-11 06:30:00,4.006,4.017,4.0,4.002,16547.2
2024-07-11 07:00:00,4.002,4.016,3.993,4.008,2059.7
2024-07-11 07:30:00,4.008,4.012,3.996,4.007,6601.4
2024-07-11 08:00:00,4.007,4.021,3.993,3.996,8828.5
2024-07-11 08:30:00,3.996,4.0,3.975,3.982,5613.0
2024-07-11 09:00:00,3.982,3.989,3.975,3.981,4771.2
2024-07-11 09:30:00,3.981,3.999,3.975,3.997,2738.9
2024-07-11 10:00:00,3.997,4.013,3.981,3.99,5278.3
2024-07-11 10:30:00,3.99,4.018,3.99,4.018,6279.7
2024-07-11 11:00:00,4.018,4.029,4.009,4.013,7268.3
2024-07-11 11:30:00,4.013,4.045,4.008,4.023,12842.8
2024-07-11 12:00:00,4.023,4.046,4.013,4.038,13486.8
2024-07-11 12:30:00,4.038,4.101,4.038,4.071,91108.6
2024-07-11 13:00:00,4.071,4.083,4.039,4.06,12681.3
2024-07-11 13:30:00,4.06,4.103,4.021,4.096,281258.1
2024-07-11 14:00:00,4.096,4.155,4.047,4.088,217198.7
2024-07-11 14:30:00,4.088,4.111,4.063,4.086,24996.6
2024-07-11 15:00:00,4.086,4.135,4.08,4.124,23367.8
2024-07-11 15:30:00,4.124,4.132,4.054,4.092,66499.2
2024-07-11 16:00:00,4.092,4.166,4.072,4.158,63209.4
2024-07-11 16:30:00,4.158,4.212,4.149,4.185,201556.8
2024-07-11 17:00:00,4.185,4.188,4.14,4.141,50451.2
2024-07-11 17:30:00,4.141,4.193,4.141,4.191,23781.0
2024-07-11 18:00:00,4.191,4.217,4.175,4.201,19119.5
2024-07-11 18:30:00,4.201,4.211,4.191,4.192,14656.8
2024-07-11 19:00:00,4.192,4.204,4.165,4.166,19432.6
2024-07-11 19:30:00,4.166,4.203,4.16,4.181,8555.4
2024-07-11 20:00:00,4.181,4.195,4.155,4.177,10943.1
2024-07-11 20:30:00,4.177,4.231,4.163,4.214,19408.9
2024-07-11 21:00:00,4.214,4.218,4.14,4.151,28458.3
2024-07-11 21:30:00,4.151,4.163,4.128,4.157,62647.4
2024-07-11 22:00:00,4.157,4.157,4.076,4.105,332998.2
2024-07-11 22:30:00,4.105,4.105,4.069,4.093,4155.1
2024-07-11 23:00:00,4.093,4.112,4.063,4.074,6872.7
2024-07-11 23:30:00,4.074,4.084,4.064,4.077,6683.0
2024-07-12 00:00:00,4.077,4.108,4.073,4.101,6580.4
2024-07-12 00:30:00,4.101,4.142,4.08,4.086,31779.0
2024-07-12 01:00:00,4.086,4.1,4.001,4.015,39314.9
2024-07-12 01:30:00,4.015,4.068,4.012,4.06,5429.0
2024-07-12 02:00:00,4.06,4.089,4.05,4.066,6373.4
2024-07-12 02:30:00,4.066,4.097,4.065,4.088,11459.0
2024-07-12 03:00:00,4.088,4.088,4.034,4.042,3957.7
2024-07-12 03:30:00,4.042,4.051,4.011,4.016,7474.4
2024-07-12 04:00:00,4.016,4.025,3.986,3.987,26667.4
2024-07-12 04:30:00,3.987,4.007,3.977,4.007,9891.4
2024-07-12 05:00:00,4.007,4.036,3.998,4.034,70147.6
2024-07-12 05:30:00,4.034,4.049,4.025,4.044,4925.5
2024-07-12 06:00:00,4.044,4.064,4.032,4.061,6175.4
2024-07-12 06:30:00,4.061,4.063,4.039,4.039,5301.7
2024-07-12 07:00:00,4.039,4.046,4.019,4.026,11445.8
2024-07-12 07:30:00,4.026,4.04,4.005,4.036,10249.7
2024-07-12 08:00:00,4.036,4.07,4.034,4.05,57690.8
2024-07-12 08:30:00,4.05,4.059,4.034,4.058,6070.5
2024-07-12 09:00:00,4.058,4.058,4.021,4.024,4700.0
2024-07-12 09:30:00,4.024,4.025,3.981,3.992,17399.1
2024-07-12 10:00:00,3.992,4.009,3.962,3.975,10483.7
2024-07-12 10:30:00,3.975,4.03,3.969,4.007,46312.5
2024-07-12 11:00:00,4.007,4.012,3.985,4.005,5775.1
2024-07-12 11:30:00,4.005,4.005,3.987,3.992,1616.0
2024-07-12 12:00:00,3.992,4.033,3.992,4.028,104296.6
2024-07-12 12:30:00,4.028,4.028,3.986,4.011,11531.2
2024-07-12 13:00:00,4.011,4.032,4.001,4.021,17835.3
2024-07-12 13:30:00,4.021,4.053,4.011,4.044,18065.2
2024-07-12 14:00:00,4.044,4.055,3.992,4.008,18489.1
2024-07-12 14:30:00,4.008,4.012,3.973,3.984,11420.2
2024-07-12 15:00:00,3.984,4.019,3.967,4.008,22283.0
2024-07-12 15:30:00,4.008,4.018,3.981,4.007,5152.2
2024-07-12 16:00:00,4.007,4.018,3.984,4.017,7062.8
2024-07-12 16:30:00,4.017,4.025,3.977,3.999,15032.6
2024-07-12 17:00:00,3.999,4.031,3.983,4.014,4316.7
2024-07-12 17:30:00,4.014,4.027,3.993,3.997,14416.9
2024-07-12 18:00:00,3.997,4.008,3.988,3.995,686.0
2024-07-12 18:30:00,3.995,4.046,3.994,4.02,2322.1
2024-07-12 19:00:00,4.02,4.023,3.994,4.001,1850.1
2024-07-12 19:30:00,4.001,4.001,3.98,3.986,3019.4
2024-07-12 20:00:00,3.986,4.001,3.949,3.963,11132.5
2024-07-12 20:30:00,3.963,3.999,3.963,3.995,3359.7
2024-07-12 21:00:00,3.995,4.013,3.993,4.01,2852.3
2024-07-12 21:30:00,4.01,4.022,3.997,4.009,8762.1
2024-07-12 22:00:00,4.009,4.028,4.003,4.027,3851.3
2024-07-12 22:30:00,4.027,4.083,4.024,4.074,8411.9
2024-07-12 23:00:00,4.074,4.092,4.058,4.088,9257.5
2024-07-12 23:30:00,4.088,4.119,4.08,4.116,7690.2
2024-07-13 00:00:00,4.116,4.13,4.103,4.124,13682.7
2024-07-13 00:30:00,4.124,4.127,4.099,4.122,12912.6
2024-07-13 01:00:00,4.122,4.136,4.111,4.117,5598.4
2024-07-13 01:30:00,4.117,4.135,4.109,4.111,5256.5
2024-07-13 02:00:00,4.111,4.113,4.088,4.091,7824.6
2024-07-13 02:30:00,4.091,4.117,4.084,4.113,3219.5
2024-07-13 03:00:00,4.113,4.146,4.103,4.145,5702.0
2024-07-13 03:30:00,4.145,4.176,4.127,4.136,27556.6
2024-07-13 04:00:00,4.136,4.155,4.132,4.136,3356.1
2024-07-13 04:30:00,4.136,4.162,4.136,4.144,11195.9
2024-07-13 05:00:00,4.144,4.192,4.137,4.186,6477.7
2024-07-13 05:30:00,4.186,4.227,4.181,4.2,18556.4
2024-07-13 06:00:00,4.2,4.223,4.2,4.217,5052.5
2024-07-13 06:30:00,4.217,4.239,4.211,4.236,10177.5
2024-07-13 07:00:00,4.236,4.268,4.216,4.256,23615.1
2024-07-13 07:30:00,4.256,4.275,4.243,4.27,12883.9
2024-07-13 08:00:00,4.27,4.278,4.246,4.25,12684.5
2024-07-13 08:30:00,4.25,4.257,4.228,4.23,8280.1
2024-07-13 09:00:00,4.23,4.254,4.23,4.245,16091.7
2024-07-13 09:30:00,4.245,4.25,4.216,4.236,5609.5
2024-07-13 10:00:00,4.236,4.251,4.224,4.233,4218.2
2024-07-13 10:30:00,4.233,4.233,4.191,4.199,11197.9
2024-07-13 11:00:00,4.199,4.199,4.172,4.174,12713.5
2024-07-13 11:30:00,4.174,4.183,4.162,4.18,5547.8
2024-07-13 12:00:00,4.18,4.185,4.163,4.177,2024.7
2024-07-13 12:30:00,4.177,4.184,4.163,4.177,7234.0
2024-07-13 13:00:00,4.177,4.18,4.162,4.177,8959.8
2024-07-13 13:30:00,4.177,4.208,4.169,4.199,8254.3
2024-07-13 14:00:00,4.199,4.201,4.177,4.195,6753.8
2024-07-13 14:30:00,4.195,4.209,4.182,4.209,3513.9
2024-07-13 15:00:00,4.209,4.239,4.194,4.238,12967.5
2024-07-13 15:30:00,4.238,4.253,4.227,4.244,14973.4
2024-07-13 16:00:00,4.244,4.261,4.229,4.23,5036.5
2024-07-13 16:30:00,4.23,4.271,4.22,4.26,9717.0
2024-07-13 17:00:00,4.26,4.263,4.236,4.243,4128.5
2024-07-13 17:30:00,4.243,4.253,4.232,4.246,6455.9
2024-07-13 18:00:00,4.246,4.256,4.221,4.226,6239.0
2024-07-13 18:30:00,4.226,4.248,4.219,4.242,2450.2
2024-07-13 19:00:00,4.242,4.294,4.242,4.275,14953.5
2024-07-13 19:30:00,4.275,4.296,4.273,4.295,10547.3
2024-07-13 20:00:00,4.295,4.315,4.271,4.272,19522.4
2024-07-13 20:30:00,4.272,4.289,4.262,4.269,8488.2
2024-07-13 21:00:00,4.269,4.296,4.261,4.286,7055.3
2024-07-13 21:30:00,4.286,4.302,4.269,4.288,3362.4
2024-07-13 22:00:00,4.288,4.291,4.235,4.249,10998.0
2024-07-13 22:30:00,4.249,4.306,4.241,4.285,12734.3
2024-07-13 23:00:00,4.285,4.307,4.27,4.279,13285.5
2024-07-13 23:30:00,4.279,4.281,4.257,4.277,6484.0
2024-07-14 00:00:00,4.277,4.29,4.246,4.246,6032.4
2024-07-14 00:30:00,4.246,4.276,4.237,4.27,4589.7
2024-07-14 01:00:00,4.27,4.282,4.255,4.275,2196.8
2024-07-14 01:30:00,4.275,4.287,4.265,4.285,8203.3
2024-07-14 02:00:00,4.285,4.294,4.257,4.268,3562.0
2024-07-14 02:30:00,4.268,4.279,4.241,4.259,14354.8
2024-07-14 03:00:00,4.259,4.276,4.257,4.265,1441.6
2024-07-14 03:30:00,4.265,4.275,4.258,4.264,4472.2
2024-07-14 04:00:00,4.264,4.329,4.261,4.287,67142.5
2024-07-14 04:30:00,4.287,4.287,4.265,4.28,4904.3
2024-07-14 05:00:00,4.28,4.305,4.253,4.292,11946.7
2024-07-14 05:30:00,4.292,4.299,4.264,4.284,3507.0
2024-07-14 06:00:00,4.284,4.288,4.252,4.258,2302.7
2024-07-14 06:30:00,4.258,4.272,4.255,4.26,2635.3
2024-07-14 07:00:00,4.26,4.265,4.238,4.24,8496.5
2024-07-14 07:30:00,4.24,4.253,4.228,4.233,5118.5
2024-07-14 08:00:00,4.233,4.244,4.22,4.242,9517.0
2024-07-14 08:30:00,4.242,4.279,4.235,4.264,9018.2
2024-07-14 09:00:00,4.264,4.27,4.244,4.253,4208.8
2024-07-14 09:30:00,4.253,4.283,4.249,4.274,6152.3
2024-07-14 10:00:00,4.274,4.277,4.244,4.251,7202.8
2024-07-14 10:30:00,4.251,4.256,4.232,4.234,5590.8
2024-07-14 11:00:00,4.234,4.243,4.229,4.234,3706.7
2024-07-14 11:30:00,4.234,4.24,4.222,4.224,5028.9
2024-07-14 12:00:00,4.224,4.235,4.194,4.204,17881.5
2024-07-14 12:30:00,4.204,4.22,4.2,4.209,6521.2
2024-07-14 13:00:00,4.209,4.214,4.202,4.207,3616.9
2024-07-14 13:30:00,4.207,4.211,4.194,4.209,3052.7
2024-07-14 14:00:00,4.209,4.21,4.183,4.184,13721.8
2024-07-14 14:30:00,4.184,4.228,4.183,4.223,14669.6
2024-07-14 15:00:00,4.223,4.239,4.195,4.208,6343.8
2024-07-14 15:30:00,4.208,4.236,4.205,4.232,1833.3
2024-07-14 16:00:00,4.232,4.258,4.226,4.242,4949.7
2024-07-14 16:30:00,4.242,4.251,4.233,4.247,3397.7
2024-07-14 17:00:00,4.247,4.247,4.226,4.234,5993.2
2024-07-14 17:30:00,4.234,4.25,4.231,4.237,2824.7
2024-07-14 18:00:00,4.237,4.241,4.217,4.22,2477.8
2024-07-14 18:30:00,4.22,4.224,4.21,4.217,3075.3
2024-07-14 19:00:00,4.217,4.217,4.196,4.198,1501.4
2024-07-14 19:30:00,4.198,4.214,4.195,4.204,5060.5
2024-07-14 20:00:00,4.204,4.222,4.2,4.213,2859.7
2024-07-14 20:30:00,4.213,4.227,4.2,4.201,5070.2
2024-07-14 21:00:00,4.201,4.277,4.2,4.268,11301.2
2024-07-14 21:30:00,4.268,4.3,4.251,4.3,8147.3
2024-07-14 22:00:00,4.3,4.346,4.277,4.289,27308.7
2024-07-14 22:30:00,4.289,4.301,4.269,4.275,5051.6
2024-07-14 23:00:00,4.275,4.293,4.27,4.281,5207.4
2024-07-14 23:30:00,4.281,4.293,4.256,4.27,5290.9
2024-07-15 00:00:00,4.27,4.285,4.241,4.285,8518.5
2024-07-15 00:30:00,4.285,4.315,4.275,4.309,6736.9
2024-07-15 01:00:00,4.309,4.342,4.303,4.317,5025.9
2024-07-15 01:30:00,4.317,4.318,4.279,4.29,9656.8
2024-07-15 02:00:00,4.29,4.339,4.279,4.339,8885.7
2024-07-15 02:30:00,4.339,4.354,4.319,4.324,23942.4
2024-07-15 03:00:00,4.324,4.336,4.308,4.323,13628.9
2024-07-15 03:30:00,4.323,4.346,4.322,4.326,7730.6
2024-07-15 04:00:00,4.326,4.339,4.3,4.338,84268.0
2024-07-15 04:30:00,4.338,4.338,4.31,4.318,7553.4
2024-07-15 05:00:00,4.318,4.329,4.306,4.31,21342.9
2024-07-15 05:30:00,4.31,4.325,4.306,4.307,7778.3
2024-07-15 06:00:00,4.307,4.321,4.295,4.308,5025.6
2024-07-15 06:30:00,4.308,4.334,4.305,4.32,8256.6
2024-07-15 07:00:00,4.32,4.334,4.312,4.313,5970.7
2024-07-15 07:30:00,4.313,4.355,4.313,4.323,6327.3
2024-07-15 08:00:00,4.323,4.333,4.316,4.317,3201.4
2024-07-15 08:30:00,4.317,4.323,4.266,4.274,15114.1
2024-07-15 09:00:00,4.274,4.274,4.244,4.259,36415.5
2024-07-15 09:30:00,4.259,4.269,4.25,4.257,22450.3
2024-07-15 10:00:00,4.257,4.258,4.241,4.258,3606.9
2024-07-15 10:30:00,4.258,4.258,4.219,4.23,10634.5
2024-07-15 11:00:00,4.23,4.25,4.221,4.244,16218.5
2024-07-15 11:30:00,4.244,4.259,4.237,4.243,15954.9
2024-07-15 12:00:00,4.243,4.26,4.24,4.255,3449.3
2024-07-15 12:30:00,4.255,4.276,4.245,4.26,12345.3
2024-07-15 13:00:00,4.26,4.298,4.257,4.282,9434.9
2024-07-15 13:30:00,4.282,4.291,4.257,4.271,9493.0
2024-07-15 14:00:00,4.271,4.277,4.239,4.247,21474.8
2024-07-15 14:30:00,4.247,4.286,4.247,4.286,2324.3
2024-07-15 15:00:00,4.286,4.301,4.244,4.249,7218.1
2024-07-15 15:30:00,4.249,4.255,4.202,4.237,27793.6
2024-07-15 16:00:00,4.237,4.294,4.219,4.29,18226.7
2024-07-15 16:30:00,4.29,4.334,4.284,4.284,17872.8
2024-07-15 17:00:00,4.284,4.309,4.263,4.288,17799.9
2024-07-15 17:30:00,4.288,4.292,4.27,4.271,5650.0
2024-07-15 18:00:00,4.271,4.309,4.26,4.307,5384.0
2024-07-15 18:30:00,4.307,4.324,4.288,4.311,11331.5
2024-07-15 19:00:00,4.311,4.348,4.299,4.313,6511.9
2024-07-15 19:30:00,4.313,4.344,4.295,4.32,5417.3
2024-07-15 20:00:00,4.32,4.345,4.312,4.336,3846.9
2024-07-15 20:30:00,4.336,4.363,4.329,4.357,22531.2
2024-07-15 21:00:00,4.357,4.384,4.355,4.38,13082.7
2024-07-15 21:30:00,4.38,4.404,4.358,4.366,53374.3
2024-07-15 22:00:00,4.366,4.413,4.366,4.403,20998.1
2024-07-15 22:30:00,4.403,4.456,4.396,4.431,42902.2
2024-07-15 23:00:00,4.431,4.448,4.411,4.429,17370.4
2024-07-15 23:30:00,4.429,4.452,4.427,4.441,5932.7
2024-07-16 00:00:00,4.441,4.475,4.421,4.436,19771.6
2024-07-16 00:30:00,4.436,4.457,4.403,4.438,22573.3
2024-07-16 01:00:00,4.438,4.46,4.41,4.439,22947.3
2024-07-16 01:30:00,4.439,4.458,4.425,4.436,14420.8
2024-07-16 02:00:00,4.436,4.448,4.415,4.417,8936.5
2024-07-16 02:30:00,4.417,4.424,4.402,4.417,13460.1
2024-07-16 03:00:00,4.417,4.445,4.406,4.443,2599.5
2024-07-16 03:30:00,4.443,4.473,4.428,4.46,16339.4
2024-07-16 04:00:00,4.46,4.469,4.436,4.44,29022.5
2024-07-16 04:30:00,4.44,4.443,4.419,4.433,14221.4
2024-07-16 05:00:00,4.433,4.485,4.41,4.416,21212.8
2024-07-16 05:30:00,4.416,4.454,4.356,4.378,41015.4
2024-07-16 06:00:00,4.378,4.435,4.373,4.427,10043.4
2024-07-16 06:30:00,4.427,4.429,4.29,4.314,29335.4
2024-07-16 07:00:00,4.314,4.368,4.306,4.32,21707.9
2024-07-16 07:30:00,4.32,4.339,4.281,4.296,23929.1
2024-07-16 08:00:00,4.296,4.324,4.235,4.24,40958.8
2024-07-16 08:30:00,4.24,4.286,4.235,4.286,6620.5
2024-07-16 09:00:00,4.286,4.316,4.275,4.3,9207.8
2024-07-16 09:30:00,4.3,4.329,4.299,4.319,5317.6
2024-07-16 10:00:00,4.319,4.33,4.293,4.313,6212.9
2024-07-16 10:30:00,4.313,4.344,4.311,4.314,4345.3
2024-07-16 11:00:00,4.314,4.321,4.283,4.31,5644.4
2024-07-16 11:30:00,4.31,4.323,4.288,4.315,7474.7
2024-07-16 12:00:00,4.315,4.345,4.289,4.341,8680.4
2024-07-16 12:30:00,4.341,4.349,4.26,4.274,9214.9
2024-07-16 13:00:00,4.274,4.295,4.266,4.293,8149.0
2024-07-16 13:30:00,4.293,4.35,4.288,4.314,10223.8
2024-07-16 14:00:00,4.314,4.393,4.301,4.372,22591.9
2024-07-16 14:30:00,4.372,4.392,4.358,4.377,9622.9
2024-07-16 15:00:00,4.377,4.439,4.376,4.429,15689.2
2024-07-16 15:30:00,4.429,4.45,4.411,4.447,7690.9
2024-07-16 16:00:00,4.447,4.475,4.428,4.456,11967.5
2024-07-16 16:30:00,4.456,4.535,4.442,4.531,18767.0
2024-07-16 17:00:00,4.531,4.545,4.495,4.526,19178.8
2024-07-16 17:30:00,4.526,4.595,4.514,4.574,28626.2
2024-07-16 18:00:00,4.574,4.596,4.541,4.591,10643.3
2024-07-16 18:30:00,4.591,4.594,4.54,4.563,14254.5
2024-07-16 19:00:00,4.563,4.581,4.548,4.578,11029.2
2024-07-16 19:30:00,4.578,4.586,4.527,4.56,7477.2
2024-07-16 20:00:00,4.56,4.571,4.539,4.554,6621.3
2024-07-16 20:30:00,4.554,4.581,4.55,4.566,3535.3
2024-07-16 21:00:00,4.566,4.619,4.524,4.549,14435.9
2024-07-16 21:30:00,4.549,4.567,4.522,4.526,4031.7
2024-07-16 22:00:00,4.526,4.539,4.486,4.489,24227.6
2024-07-16 22:30:00,4.489,4.514,4.486,4.5,3539.1
2024-07-16 23:00:00,4.5,4.549,4.492,4.549,1899.9
2024-07-16 23:30:00,4.549,4.549,4.527,4.534,2544.1
2024-07-17 00:00:00,4.534,4.579,4.524,4.555,4884.9
2024-07-17 00:30:00,4.555,4.582,4.548,4.56,6561.6
2024-07-17 01:00:00,4.56,4.598,4.554,4.56,23547.9
2024-07-17 01:30:00,4.56,4.581,4.516,4.537,155432.9
2024-07-17 02:00:00,4.537,4.558,4.527,4.555,9576.2
2024-07-17 02:30:00,4.555,4.555,4.507,4.511,7719.5
2024-07-17 03:00:00,4.511,4.516,4.481,4.496,28872.8
2024-07-17 03:30:00,4.496,4.53,4.495,4.527,1888.0
2024-07-17 04:00:00,4.527,4.533,4.513,4.517,5147.7
2024-07-17 04:30:00,4.517,4.548,4.502,4.546,8720.7
2024-07-17 05:00:00,4.546,4.556,4.533,4.545,5206.9
2024-07-17 05:30:00,4.545,4.556,4.533,4.549,5569.9
2024-07-17 06:00:00,4.549,4.594,4.547,4.56,6283.1
2024-07-17 06:30:00,4.56,4.622,4.549,4.597,53190.9
2024-07-17 07:00:00,4.597,4.608,4.581,4.587,40256.6
2024-07-17 07:30:00,4.587,4.602,4.581,4.587,7598.8
2024-07-17 08:00:00,4.587,4.594,4.504,4.574,24691.4
2024-07-17 08:30:00,4.574,4.597,4.556,4.567,5074.4
2024-07-17 09:00:00,4.567,4.633,4.557,4.609,13850.7
2024-07-17 09:30:00,4.609,4.619,4.586,4.594,10174.4
2024-07-17 10:00:00,4.594,4.597,4.567,4.58,5856.9
2024-07-17 10:30:00,4.58,4.597,4.565,4.578,7018.0
2024-07-17 11:00:00,4.578,4.581,4.521,4.546,11133.9
2024-07-17 11:30:00,4.546,4.569,4.515,4.559,12400.2
2024-07-17 12:00:00,4.559,4.586,4.538,4.56,4800.0
2024-07-17 12:30:00,4.56,4.584,4.557,4.576,6776.0
2024-07-17 13:00:00,4.576,4.604,4.544,4.561,5703.2
2024-07-17 13:30:00,4.561,4.734,4.555,4.726,110858.1
2024-07-17 14:00:00,4.726,4.764,4.641,4.653,23328.6
2024-07-17 14:30:00,4.653,4.745,4.649,4.714,27339.0
2024-07-17 15:00:00,4.714,4.835,4.7,4.8,32530.2
2024-07-17 15:30:00,4.8,4.816,4.685,4.705,28157.9
2024-07-17 16:00:00,4.705,4.705,4.633,4.651,28140.4
2024-07-17 16:30:00,4.651,4.652,4.537,4.601,71872.0
2024-07-17 17:00:00,4.601,4.621,4.543,4.592,14902.3
2024-07-17 17:30:00,4.592,4.621,4.58,4.618,23534.4
2024-07-17 18:00:00,4.618,4.638,4.596,4.618,37625.4
2024-07-17 18:30:00,4.618,4.621,4.597,4.616,8571.9
2024-07-17 19:00:00,4.616,4.63,4.605,4.624,2778.2
2024-07-17 19:30:00,4.624,4.64,4.608,4.62,6522.6
2024-07-17 20:00:00,4.62,4.624,4.605,4.609,7511.2
2024-07-17 20:30:00,4.609,4.645,4.606,4.627,12613.0
2024-07-17 21:00:00,4.627,4.627,4.578,4.601,16742.0
2024-07-17 21:30:00,4.601,4.638,4.585,4.625,5324.0
2024-07-17 22:00:00,4.625,4.631,4.589,4.622,6027.0
2024-07-17 22:30:00,4.622,4.622,4.581,4.589,6415.7
2024-07-17 23:00:00,4.589,4.594,4.561,4.575,3856.3
2024-07-17 23:30:00,4.575,4.585,4.54,4.548,5823.7
2024-07-18 00:00:00,4.548,4.592,4.543,4.592,24594.5
2024-07-18 00:30:00,4.592,4.65,4.592,4.635,19037.3
2024-07-18 01:00:00,4.635,4.653,4.623,4.636,7442.6
2024-07-18 01:30:00,4.636,4.642,4.607,4.625,9861.7
2024-07-18 02:00:00,4.625,4.649,4.559,4.597,19826.1
2024-07-18 02:30:00,4.597,4.602,4.573,4.589,3264.1
2024-07-18 03:00:00,4.589,4.601,4.579,4.58,3646.6
2024-07-18 03:30:00,4.58,4.61,4.569,4.602,1893.5
2024-07-18 04:00:00,4.602,4.604,4.572,4.577,6826.3
2024-07-18 04:30:00,4.577,4.579,4.552,4.559,6843.7
2024-07-18 05:00:00,4.559,4.568,4.49,4.515,24079.4
2024-07-18 05:30:00,4.515,4.562,4.51,4.556,4741.3
2024-07-18 06:00:00,4.556,4.564,4.536,4.559,7701.6
2024-07-18 06:30:00,4.559,4.597,4.557,4.574,39947.9
2024-07-18 07:00:00,4.574,4.58,4.534,4.536,2799.5
2024-07-18 07:30:00,4.536,4.545,4.52,4.522,5903.4
2024-07-18 08:00:00,4.522,4.541,4.494,4.511,8519.8
2024-07-18 08:30:00,4.511,4.54,4.492,4.539,3716.8
2024-07-18 09:00:00,4.539,4.541,4.516,4.53,7325.3
2024-07-18 09:30:00,4.53,4.53,4.505,4.509,4261.7
2024-07-18 10:00:00,4.509,4.511,4.461,4.461,8643.4
2024-07-18 10:30:00,4.461,4.516,4.461,4.515,14490.6
2024-07-18 11:00:00,4.515,4.525,4.504,4.518,11020.3
2024-07-18 11:30:00,4.518,4.532,4.517,4.524,6974.1
2024-07-18 12:00:00,4.524,4.542,4.524,4.526,3629.8
2024-07-18 12:30:00,4.526,4.549,4.518,4.522,5829.5
2024-07-18 13:00:00,4.522,4.554,4.522,4.537,13426.9
2024-07-18 13:30:00,4.537,4.548,4.503,4.515,12762.7
2024-07-18 14:00:00,4.515,4.527,4.483,4.504,10574.5
2024-07-18 14:30:00,4.504,4.508,4.423,4.458,15925.4
2024-07-18 15:00:00,4.458,4.46,4.396,4.415,71417.8
2024-07-18 15:30:00,4.415,4.431,4.384,4.392,24579.7
2024-07-18 16:00:00,4.392,4.405,4.326,4.391,32180.0
2024-07-18 16:30:00,4.391,4.418,4.38,4.418,8697.4
2024-07-18 17:00:00,4.418,4.423,4.391,4.421,5002.4
2024-07-18 17:30:00,4.421,4.431,4.376,4.379,15115.0
2024-07-18 18:00:00,4.379,4.385,4.343,4.365,20840.8
2024-07-18 18:30:00,4.365,4.371,4.321,4.343,22256.4
2024-07-18 19:00:00,4.343,4.355,4.302,4.322,9768.7
2024-07-18 19:30:00,4.322,4.348,4.318,4.335,4253.1
2024-07-18 20:00:00,4.335,4.339,4.306,4.332,4571.6
2024-07-18 20:30:00,4.332,4.354,4.326,4.351,5030.7
2024-07-18 21:00:00,4.351,4.357,4.341,4.355,3018.5
2024-07-18 21:30:00,4.355,4.359,4.335,4.352,8723.0
2024-07-18 22:00:00,4.352,4.375,4.335,4.37,6346.1
2024-07-18 22:30:00,4.37,4.388,4.366,4.373,2989.6
2024-07-18 23:00:00,4.373,4.389,4.369,4.377,2377.2
2024-07-18 23:30:00,4.377,4.388,4.374,4.383,8742.9
2024-07-19 00:00:00,4.383,4.4,4.367,4.373,21334.5
2024-07-19 00:30:00,4.373,4.39,4.339,4.352,4799.1
2024-07-19 01:00:00,4.352,4.363,4.287,4.363,16486.3
2024-07-19 01:30:00,4.363,4.392,4.355,4.392,3423.2
2024-07-19 02:00:00,4.392,4.447,4.387,4.436,6229.3
2024-07-19 02:30:00,4.436,4.436,4.375,4.395,68899.6
2024-07-19 03:00:00,4.395,4.446,4.387,4.428,12540.7
2024-07-19 03:30:00,4.428,4.471,4.427,4.46,8975.8
2024-07-19 04:00:00,4.46,4.476,4.455,4.456,3413.0
2024-07-19 04:30:00,4.456,4.468,4.429,4.431,4575.7
2024-07-19 05:00:00,4.431,4.448,4.406,4.407,4044.1
2024-07-19 05:30:00,4.407,4.429,4.404,4.416,1791.9
2024-07-19 06:00:00,4.416,4.471,4.414,4.444,7363.9
2024-07-19 06:30:00,4.444,4.445,4.418,4.426,5257.6
2024-07-19 07:00:00,4.426,4.43,4.386,4.416,12918.3
2024-07-19 07:30:00,4.416,4.417,4.353,4.365,12043.3
2024-07-19 08:00:00,4.365,4.372,4.318,4.349,10211.7
2024-07-19 08:30:00,4.349,4.38,4.345,4.367,2596.2
2024-07-19 09:00:00,4.367,4.397,4.346,4.349,47528.3
2024-07-19 09:30:00,4.349,4.361,4.314,4.314,4157.5
2024-07-19 10:00:00,4.314,4.337,4.3,4.33,33696.4
2024-07-19 10:30:00,4.33,4.348,4.327,4.329,4402.7
2024-07-19 11:00:00,4.329,4.358,4.328,4.333,2035.9
2024-07-19 11:30:00,4.333,4.343,4.323,4.341,1759.2
2024-07-19 12:00:00,4.341,4.354,4.34,4.352,2735.3
2024-07-19 12:30:00,4.352,4.375,4.349,4.369,4020.2
2024-07-19 13:00:00,4.369,4.375,4.326,4.332,4762.7
2024-07-19 13:30:00,4.332,4.424,4.327,4.408,44431.5
2024-07-19 14:00:00,4.408,4.479,4.401,4.451,51102.5
2024-07-19 14:30:00,4.451,4.474,4.436,4.47,28447.7
2024-07-19 15:00:00,4.47,4.486,4.425,4.433,18254.8
2024-07-19 15:30:00,4.433,4.474,4.424,4.472,3365.8
2024-07-19 16:00:00,4.472,4.56,4.472,4.553,99566.1
2024-07-19 16:30:00,4.553,4.591,4.539,4.578,50466.0
2024-07-19 17:00:00,4.578,4.621,4.559,4.612,28917.9
2024-07-19 17:30:00,4.612,4.625,4.591,4.61,11872.5
2024-07-19 18:00:00,4.61,4.676,4.603,4.642,7279.0
2024-07-19 18:30:00,4.642,4.658,4.61,4.658,7345.2
2024-07-19 19:00:00,4.658,4.682,4.638,4.657,9817.7
2024-07-19 19:30:00,4.657,4.705,4.646,4.674,11261.3
2024-07-19 20:00:00,4.674,4.694,4.662,4.663,4474.7
2024-07-19 20:30:00,4.663,4.681,4.654,4.664,14545.7
2024-07-19 21:00:00,4.664,4.687,4.663,4.663,21054.3
2024-07-19 21:30:00,4.663,4.675,4.643,4.644,12124.2
2024-07-19 22:00:00,4.644,4.663,4.637,4.639,4127.9
2024-07-19 22:30:00,4.639,4.646,4.618,4.624,2810.4
2024-07-19 23:00:00,4.624,4.646,4.624,4.638,2958.0
2024-07-19 23:30:00,4.638,4.661,4.633,4.653,10845.9
2024-07-20 00:00:00,4.653,4.663,4.619,4.622,10253.1
2024-07-20 00:30:00,4.622,4.643,4.593,4.617,10122.5
2024-07-20 01:00:00,4.617,4.735,4.617,4.65,185126.6
2024-07-20 01:30:00,4.65,4.658,4.614,4.622,13481.8
2024-07-20 02:00:00,4.622,4.647,4.621,4.641,2116.1
2024-07-20 02:30:00,4.641,4.684,4.637,4.676,4767.1
2024-07-20 03:00:00,4.676,4.701,4.659,4.7,6310.3
2024-07-20 03:30:00,4.7,4.726,4.69,4.715,2859.7
2024-07-20 04:00:00,4.715,4.721,4.698,4.71,2913.5
2024-07-20 04:30:00,4.71,4.729,4.698,4.726,7817.5
2024-07-20 05:00:00,4.726,4.73,4.686,4.686,5929.0
2024-07-20 05:30:00,4.686,4.7,4.681,4.697,9884.1
2024-07-20 06:00:00,4.697,4.699,4.685,4.689,4000.0
2024-07-20 06:30:00,4.689,4.691,4.674,4.682,4981.9
2024-07-20 07:00:00,4.682,4.683,4.666,4.675,6449.5
2024-07-20 07:30:00,4.675,4.701,4.675,4.688,5402.4
2024-07-20 08:00:00,4.688,4.697,4.672,4.676,28347.6
2024-07-20 08:30:00,4.676,4.676,4.64,4.643,7300.0
2024-07-20 09:00:00,4.643,4.652,4.62,4.647,5836.1
2024-07-20 09:30:00,4.647,4.663,4.632,4.632,3711.0
2024-07-20 10:00:00,4.632,4.638,4.618,4.626,5704.3
2024-07-20 10:30:00,4.626,4.628,4.61,4.624,5516.5
2024-07-20 11:00:00,4.624,4.625,4.602,4.614,3294.3
2024-07-20 11:30:00,4.614,4.632,4.604,4.606,5855.5
2024-07-20 12:00:00,4.606,4.618,4.606,4.614,5238.0
2024-07-20 12:30:00,4.614,4.635,4.613,4.621,6068.3
2024-07-20 13:00:00,4.621,4.628,4.568,4.618,14595.0
2024-07-20 13:30:00,4.618,4.624,4.589,4.621,4304.0
2024-07-20 14:00:00,4.621,4.644,4.611,4.641,9572.4
2024-07-20 14:30:00,4.641,4.67,4.637,4.641,5840.2
2024-07-20 15:00:00,4.641,4.695,4.639,4.689,14459.9
2024-07-20 15:30:00,4.689,4.697,4.665,4.688,12406.1
2024-07-20 16:00:00,4.688,4.766,4.683,4.73,19938.0
2024-07-20 16:30:00,4.73,4.758,4.691,4.717,177469.2
2024-07-20 17:00:00,4.717,4.776,4.698,4.75,243288.1
2024-07-20 17:30:00,4.75,4.781,4.746,4.759,14278.0
2024-07-20 18:00:00,4.759,4.766,4.73,4.732,13145.9
2024-07-20 18:30:00,4.732,4.75,4.715,4.742,16192.3
2024-07-20 19:00:00,4.742,4.77,4.718,4.727,9279.6
2024-07-20 19:30:00,4.727,4.732,4.703,4.72,10185.0
2024-07-20 20:00:00,4.72,4.738,4.71,4.716,12613.8
2024-07-20 20:30:00,4.716,4.733,4.712,4.716,1816.8
2024-07-20 21:00:00,4.716,4.717,4.671,4.677,12124.8
2024-07-20 21:30:00,4.677,4.697,4.669,4.697,3634.1
2024-07-20 22:00:00,4.697,4.702,4.681,4.693,4048.1
2024-07-20 22:30:00,4.693,4.698,4.665,4.68,5397.5
2024-07-20 23:00:00,4.68,4.702,4.677,4.701,3051.3
2024-07-20 23:30:00,4.701,4.713,4.692,4.708,6169.5
2024-07-21 00:00:00,4.708,4.73,4.697,4.716,2430.4
2024-07-21 00:30:00,4.716,4.716,4.68,4.684,4578.7
2024-07-21 01:00:00,4.684,4.724,4.675,4.712,4502.5
2024-07-21 01:30:00,4.712,4.733,4.706,4.706,3605.3
2024-07-21 02:00:00,4.706,4.718,4.695,4.713,4250.2
2024-07-21 02:30:00,4.713,4.724,4.698,4.699,2791.9
2024-07-21 03:00:00,4.699,4.731,4.695,4.709,7624.5
2024-07-21 03:30:00,4.709,4.719,4.706,4.71,5351.1
2024-07-21 04:00:00,4.71,4.719,4.697,4.708,4661.2
2024-07-21 04:30:00,4.708,4.708,4.67,4.678,9006.5
2024-07-21 05:00:00,4.678,4.684,4.649,4.676,16059.3
2024-07-21 05:30:00,4.676,4.695,4.676,4.685,1751.6
2024-07-21 06:00:00,4.685,4.694,4.644,4.659,9963.4
2024-07-21 06:30:00,4.659,4.669,4.641,4.645,8172.2
2024-07-21 07:00:00,4.645,4.658,4.615,4.639,7368.8
2024-07-21 07:30:00,4.639,4.655,4.63,4.632,4113.6
2024-07-21 08:00:00,4.632,4.648,4.632,4.636,4599.6
2024-07-21 08:30:00,4.636,4.649,4.626,4.626,2664.1
2024-07-21 09:00:00,4.626,4.651,4.624,4.648,3171.7
2024-07-21 09:30:00,4.648,4.667,4.646,4.657,3634.9
2024-07-21 10:00:00,4.657,4.66,4.639,4.642,2627.3
2024-07-21 10:30:00,4.642,4.649,4.627,4.628,2936.0
2024-07-21 11:00:00,4.628,4.637,4.61,4.614,5693.4
2024-07-21 11:30:00,4.614,4.64,4.61,4.639,2851.3
2024-07-21 12:00:00,4.639,4.648,4.623,4.629,2465.8
2024-07-21 12:30:00,4.629,4.636,4.613,4.621,2522.8
2024-07-21 13:00:00,4.621,4.631,4.608,4.613,3243.2
2024-07-21 13:30:00,4.613,4.618,4.591,4.613,6765.4
2024-07-21 14:00:00,4.613,4.648,4.582,4.637,16915.8
2024-07-21 14:30:00,4.637,4.669,4.634,4.668,9715.8
2024-07-21 15:00:00,4.668,4.711,4.666,4.678,9799.2
2024-07-21 15:30:00,4.678,4.7,4.635,4.639,15043.8
2024-07-21 16:00:00,4.639,4.673,4.631,4.653,3771.0
2024-07-21 16:30:00,4.653,4.713,4.644,4.711,10597.4
2024-07-21 17:00:00,4.711,4.715,4.679,4.68,11825.7
2024-07-21 17:30:00,4.68,4.68,4.574,4.611,17349.4
2024-07-21 18:00:00,4.611,4.63,4.49,4.603,66672.2
2024-07-21 18:30:00,4.603,4.636,4.572,4.578,12536.6
2024-07-21 19:00:00,4.578,4.609,4.554,4.604,12197.5
2024-07-21 19:30:00,4.604,4.653,4.604,4.642,5068.2
2024-07-21 20:00:00,4.642,4.767,4.633,4.767,8254.0
2024-07-21 20:30:00,4.767,4.774,4.723,4.731,18429.0
2024-07-21 21:00:00,4.731,4.758,4.713,4.758,12851.4
2024-07-21 21:30:00,4.758,4.786,4.749,4.778,6226.5
2024-07-21 22:00:00,4.778,4.797,4.767,4.77,5781.0
2024-07-21 22:30:00,4.77,4.79,4.767,4.771,3369.7
2024-07-21 23:00:00,4.771,4.789,4.768,4.772,2387.7
2024-07-21 23:30:00,4.772,4.777,4.764,4.774,5829.2
2024-07-22 00:00:00,4.774,4.801,4.766,4.801,11026.7
2024-07-22 00:30:00,4.801,4.819,4.774,4.782,4411.8
2024-07-22 01:00:00,4.782,4.782,4.735,4.751,18557.1
2024-07-22 01:30:00,4.751,4.761,4.734,4.736,3705.7
2024-07-22 02:00:00,4.736,4.741,4.721,4.737,3733.5
2024-07-22 02:30:00,4.737,4.772,4.737,4.764,2403.9
2024-07-22 03:00:00,4.764,4.768,4.724,4.73,3602.7
2024-07-22 03:30:00,4.73,4.732,4.708,4.71,3236.5
2024-07-22 04:00:00,4.71,4.716,4.694,4.698,2990.5
2024-07-22 04:30:00,4.698,4.712,4.683,4.711,2420.8
2024-07-22 05:00:00,4.711,4.711,4.673,4.684,3703.5
2024-07-22 05:30:00,4.684,4.684,4.634,4.654,8138.9
2024-07-22 06:00:00,4.654,4.67,4.637,4.64,3007.6
2024-07-22 06:30:00,4.64,4.64,4.571,4.61,9976.1
2024-07-22 07:00:00,4.61,4.616,4.59,4.605,9777.8
2024-07-22 07:30:00,4.605,4.655,4.604,4.649,9942.9
2024-07-22 08:00:00,4.649,4.654,4.609,4.646,2050.3
2024-07-22 08:30:00,4.646,4.661,4.616,4.621,7226.6
2024-07-22 09:00:00,4.621,4.656,4.608,4.653,4257.3
2024-07-22 09:30:00,4.653,4.655,4.63,4.652,2941.4
2024-07-22 10:00:00,4.652,4.673,4.64,4.67,3632.9
2024-07-22 10:30:00,4.67,4.67,4.635,4.639,5240.0
2024-07-22 11:00:00,4.639,4.648,4.626,4.639,4288.3
2024-07-22 11:30:00,4.639,4.664,4.634,4.66,3455.8
2024-07-22 12:00:00,4.66,4.663,4.623,4.651,15163.1
2024-07-22 12:30:00,4.651,4.662,4.632,4.64,10286.9
2024-07-22 13:00:00,4.64,4.657,4.609,4.609,7651.2
2024-07-22 13:30:00,4.609,4.652,4.577,4.583,19411.5
2024-07-22 14:00:00,4.583,4.717,4.569,4.657,69487.8
2024-07-22 14:30:00,4.657,4.661,4.602,4.62,10306.2
2024-07-22 15:00:00,4.62,4.652,4.608,4.623,10038.9
2024-07-22 15:30:00,4.623,4.674,4.623,4.65,4914.9
2024-07-22 16:00:00,4.65,4.687,4.628,4.657,70946.9
2024-07-22 16:30:00,4.657,4.661,4.628,4.64,3069.1
2024-07-22 17:00:00,4.64,4.665,4.627,4.66,3207.7
2024-07-22 17:30:00,4.66,4.678,4.656,4.675,4129.7
2024-07-22 18:00:00,4.675,4.688,4.659,4.673,2732.6
2024-07-22 18:30:00,4.673,4.692,4.656,4.685,8557.3
2024-07-22 19:00:00,4.685,4.699,4.676,4.681,2822.8
2024-07-22 19:30:00,4.681,4.71,4.676,4.702,2841.8
2024-07-22 20:00:00,4.702,4.708,4.674,4.676,8122.4
2024-07-22 20:30:00,4.676,4.691,4.667,4.68,9006.4
2024-07-22 21:00:00,4.68,4.681,4.61,4.627,10330.2
2024-07-22 21:30:00,4.627,4.644,4.61,4.624,3777.6
2024-07-22 22:00:00,4.624,4.624,4.575,4.589,11779.2
2024-07-22 22:30:00,4.589,4.6,4.522,4.536,46696.8
2024-07-22 23:00:00,4.536,4.536,4.474,4.504,23146.0
2024-07-22 23:30:00,4.504,4.519,4.494,4.507,11975.2
2024-07-23 00:00:00,4.507,4.525,4.495,4.501,17557.6
2024-07-23 00:30:00,4.501,4.565,4.501,4.552,9059.4
2024-07-23 01:00:00,4.552,4.597,4.536,4.585,2762.7
2024-07-23 01:30:00,4.585,4.598,4.549,4.558,4440.0
2024-07-23 02:00:00,4.558,4.578,4.518,4.532,3727.0
2024-07-23 02:30:00,4.532,4.572,4.526,4.55,3346.6
2024-07-23 03:00:00,4.55,4.556,4.525,4.532,2700.1
2024-07-23 03:30:00,4.532,4.537,4.521,4.521,2696.5
2024-07-23 04:00:00,4.521,4.537,4.5,4.503,2613.1
2024-07-23 04:30:00,4.503,4.504,4.46,4.472,20590.8
2024-07-23 05:00:00,4.472,4.481,4.406,4.436,20561.4
2024-07-23 05:30:00,4.436,4.436,4.404,4.421,7033.8
2024-07-23 06:00:00,4.421,4.457,4.417,4.433,8191.3
2024-07-23 06:30:00,4.433,4.452,4.408,4.446,7657.1
2024-07-23 07:00:00,4.446,4.456,4.421,4.423,4609.2
2024-07-23 07:30:00,4.423,4.469,4.419,4.449,5491.5
2024-07-23 08:00:00,4.449,4.491,4.442,4.485,19066.4
2024-07-23 08:30:00,4.485,4.549,4.485,4.531,23470.1
2024-07-23 09:00:00,4.531,4.547,4.516,4.54,4629.8
2024-07-23 09:30:00,4.54,4.557,4.527,4.529,5115.6
2024-07-23 10:00:00,4.529,4.546,4.502,4.546,12595.8
2024-07-23 10:30:00,4.546,4.554,4.516,4.522,6451.7
2024-07-23 11:00:00,4.522,4.529,4.477,4.519,10635.8
2024-07-23 11:30:00,4.519,4.539,4.515,4.53,3645.8
2024-07-23 12:00:00,4.53,4.538,4.498,4.5,2395.1
2024-07-23 12:30:00,4.5,4.526,4.482,4.519,11594.2
2024-07-23 13:00:00,4.519,4.526,4.479,4.492,4355.4
2024-07-23 13:30:00,4.492,4.526,4.442,4.464,17883.1
2024-07-23 14:00:00,4.464,4.522,4.456,4.517,7407.5
2024-07-23 14:30:00,4.517,4.559,4.511,4.549,14042.7
2024-07-23 15:00:00,4.549,4.558,4.503,4.504,6735.2
2024-07-23 15:30:00,4.504,4.53,4.479,4.488,10296.9
2024-07-23 16:00:00,4.488,4.489,4.424,4.428,14033.5
2024-07-23 16:30:00,4.428,4.441,4.333,4.336,55304.7
2024-07-23 17:00:00,4.336,4.384,4.331,4.375,12522.2
2024-07-23 17:30:00,4.375,4.394,4.352,4.393,9361.0
2024-07-23 18:00:00,4.393,4.399,4.371,4.375,3639.7
2024-07-23 18:30:00,4.375,4.398,4.369,4.376,11745.6
2024-07-23 19:00:00,4.376,4.424,4.368,4.416,3236.1
2024-07-23 19:30:00,4.416,4.427,4.387,4.416,6626.7
2024-07-23 20:00:00,4.416,4.472,4.416,4.446,107394.5
2024-07-23 20:30:00,4.446,4.471,4.44,4.449,12342.4
2024-07-23 21:00:00,4.449,4.46,4.432,4.45,5874.1
2024-07-23 21:30:00,4.45,4.454,4.43,4.43,8094.8
2024-07-23 22:00:00,4.43,4.444,4.404,4.418,13912.5
2024-07-23 22:30:00,4.418,4.438,4.412,4.432,2655.3
2024-07-23 23:00:00,4.432,4.455,4.419,4.419,3135.4
2024-07-23 23:30:00,4.419,4.453,4.419,4.447,2096.5
2024-07-24 00:00:00,4.447,4.462,4.434,4.451,4092.6
2024-07-24 00:30:00,4.451,4.453,4.41,4.41,3281.6
2024-07-24 01:00:00,4.41,4.454,4.41,4.446,3868.0
2024-07-24 01:30:00,4.446,4.448,4.398,4.411,4871.3
2024-07-24 02:00:00,4.411,4.421,4.399,4.421,3208.7
2024-07-24 02:30:00,4.421,4.445,4.419,4.44,3558.9
2024-07-24 03:00:00,4.44,4.454,4.427,4.451,3868.3
2024-07-24 03:30:00,4.451,4.467,4.444,4.463,1888.9
2024-07-24 04:00:00,4.463,4.463,4.441,4.447,6836.3
2024-07-24 04:30:00,4.447,4.461,4.442,4.448,2070.9
2024-07-24 05:00:00,4.448,4.453,4.404,4.41,3591.4
2024-07-24 05:30:00,4.41,4.447,4.408,4.444,1613.2
2024-07-24 06:00:00,4.444,4.45,4.434,4.438,2351.6
2024-07-24 06:30:00,4.438,4.455,4.437,4.451,4496.4
2024-07-24 07:00:00,4.451,4.473,4.444,4.47,3430.9
2024-07-24 07:30:00,4.47,4.476,4.453,4.471,16531.6
2024-07-24 08:00:00,4.471,4.515,4.462,4.492,11538.4
2024-07-24 08:30:00,4.492,4.514,4.488,4.511,3778.3
2024-07-24 09:00:00,4.511,4.515,4.492,4.508,4724.1
2024-07-24 09:30:00,4.508,4.515,4.502,4.508,5295.0
2024-07-24 10:00:00,4.508,4.517,4.497,4.512,4770.0
2024-07-24 10:30:00,4.512,4.525,4.499,4.517,6345.3
2024-07-24 11:00:00,4.517,4.54,4.506,4.53,8414.8
2024-07-24 11:30:00,4.53,4.536,4.517,4.521,3561.7
2024-07-24 12:00:00,4.521,4.532,4.507,4.515,2862.5
2024-07-24 12:30:00,4.515,4.525,4.49,4.497,5348.8
2024-07-24 13:00:00,4.497,4.532,4.497,4.521,3300.1
2024-07-24 13:30:00,4.521,4.529,4.472,4.473,6819.6
2024-07-24 14:00:00,4.473,4.523,4.463,4.513,3908.0
2024-07-24 14:30:00,4.513,4.534,4.487,4.497,15783.2
2024-07-24 15:00:00,4.497,4.507,4.439,4.462,13895.2
2024-07-24 15:30:00,4.462,4.473,4.425,4.431,5466.4
2024-07-24 16:00:00,4.431,4.446,4.398,4.425,5742.9
2024-07-24 16:30:00,4.425,4.444,4.406,4.426,2551.4
2024-07-24 17:00:00,4.426,4.441,4.414,4.428,1801.7
2024-07-24 17:30:00,4.428,4.437,4.411,4.412,4727.8
2024-07-24 18:00:00,4.412,4.413,4.352,4.369,7933.7
2024-07-24 18:30:00,4.369,4.373,4.318,4.325,11889.4
2024-07-24 19:00:00,4.325,4.349,4.306,4.349,11147.2
2024-07-24 19:30:00,4.349,4.354,4.294,4.318,14044.4
2024-07-24 20:00:00,4.318,4.32,4.299,4.314,3608.1
2024-07-24 20:30:00,4.314,4.336,4.306,4.331,3054.2
2024-07-24 21:00:00,4.331,4.337,4.245,4.248,43987.5
2024-07-24 21:30:00,4.248,4.302,4.193,4.296,52341.5
2024-07-24 22:00:00,4.296,4.297,4.265,4.27,6760.1
2024-07-24 22:30:00,4.27,4.274,4.244,4.251,4611.3
2024-07-24 23:00:00,4.251,4.257,4.215,4.242,12545.1
2024-07-24 23:30:00,4.242,4.268,4.24,4.265,1820.5
2024-07-25 00:00:00,4.265,4.28,4.257,4.262,4683.3
2024-07-25 00:30:00,4.262,4.285,4.254,4.272,3052.4
2024-07-25 01:00:00,4.272,4.274,4.059,4.111,81494.5
2024-07-25 01:30:00,4.111,4.152,4.088,4.148,5287.3
2024-07-25 02:00:00,4.148,4.148,4.113,4.134,7460.1
2024-07-25 02:30:00,4.134,4.142,4.093,4.135,14531.6
2024-07-25 03:00:00,4.135,4.139,4.107,4.128,4982.4
2024-07-25 03:30:00,4.128,4.129,4.104,4.12,11916.4
2024-07-25 04:00:00,4.12,4.149,4.106,4.133,14073.0
2024-07-25 04:30:00,4.133,4.172,4.131,4.162,6965.4
2024-07-25 05:00:00,4.162,4.178,4.146,4.158,6534.8
2024-07-25 05:30:00,4.158,4.167,4.139,4.153,2568.4
2024-07-25 06:00:00,4.153,4.168,4.139,4.167,3842.4
2024-07-25 06:30:00,4.167,4.186,4.167,4.178,7087.6
2024-07-25 07:00:00,4.178,4.188,4.161,4.173,6811.6
2024-07-25 07:30:00,4.173,4.188,4.162,4.17,9924.4
2024-07-25 08:00:00,4.17,4.185,4.154,4.175,5537.2
2024-07-25 08:30:00,4.175,4.189,4.162,4.181,4623.5
2024-07-25 09:00:00,4.181,4.198,4.175,4.19,19849.2
2024-07-25 09:30:00,4.19,4.195,4.166,4.179,4334.9
2024-07-25 10:00:00,4.179,4.185,4.151,4.161,12823.4
2024-07-25 10:30:00,4.161,4.17,4.147,4.168,9065.5
2024-07-25 11:00:00,4.168,4.18,4.157,4.173,4122.7
2024-07-25 11:30:00,4.173,4.18,4.162,4.172,4384.5
2024-07-25 12:00:00,4.172,4.186,4.167,4.171,4093.3
2024-07-25 12:30:00,4.171,4.189,4.128,4.149,10558.3
2024-07-25 13:00:00,4.149,4.153,4.112,4.148,5009.7
2024-07-25 13:30:00,4.148,4.159,4.12,4.128,3195.0
2024-07-25 14:00:00,4.128,4.159,4.095,4.157,9855.3
2024-07-25 14:30:00,4.157,4.184,4.152,4.181,10092.8
2024-07-25 15:00:00,4.181,4.208,4.165,4.165,6407.1
2024-07-25 15:30:00,4.165,4.18,4.144,4.158,4783.4
2024-07-25 16:00:00,4.158,4.179,4.132,4.178,3165.2
2024-07-25 16:30:00,4.178,4.206,4.162,4.173,2326.0
2024-07-25 17:00:00,4.173,4.204,4.168,4.186,3722.2
2024-07-25 17:30:00,4.186,4.194,4.171,4.193,3331.6
2024-07-25 18:00:00,4.193,4.197,4.153,4.157,3512.7
2024-07-25 18:30:00,4.157,4.162,4.076,4.106,9427.1
2024-07-25 19:00:00,4.106,4.144,4.065,4.142,25370.3
2024-07-25 19:30:00,4.142,4.143,4.113,4.12,3590.9
2024-07-25 20:00:00,4.12,4.128,4.033,4.085,21391.7
2024-07-25 20:30:00,4.085,4.159,4.062,4.158,10430.3
2024-07-25 21:00:00,4.158,4.197,4.154,4.171,6490.9
2024-07-25 21:30:00,4.171,4.195,4.169,4.181,3409.4
2024-07-25 22:00:00,4.181,4.207,4.172,4.191,4749.5
2024-07-25 22:30:00,4.191,4.214,4.185,4.189,5966.7
2024-07-25 23:00:00,4.189,4.211,4.189,4.192,3147.0
2024-07-25 23:30:00,4.192,4.206,4.191,4.198,3875.1
2024-07-26 00:00:00,4.198,4.215,4.186,4.192,9937.1
2024-07-26 00:30:00,4.192,4.212,4.181,4.21,4725.8
2024-07-26 01:00:00,4.21,4.23,4.193,4.203,4801.5
2024-07-26 01:30:00,4.203,4.216,4.191,4.202,2844.9
2024-07-26 02:00:00,4.202,4.261,4.196,4.254,9282.3
2024-07-26 02:30:00,4.254,4.27,4.231,4.261,13943.7
2024-07-26 03:00:00,4.261,4.292,4.252,4.278,15728.3
2024-07-26 03:30:00,4.278,4.282,4.257,4.268,3353.1
2024-07-26 04:00:00,4.268,4.305,4.266,4.288,8406.9
2024-07-26 04:30:00,4.288,4.293,4.28,4.292,2658.2
2024-07-26 05:00:00,4.292,4.31,4.281,4.31,6070.5
2024-07-26 05:30:00,4.31,4.321,4.304,4.315,5104.0
2024-07-26 06:00:00,4.315,4.376,4.308,4.364,16105.4
2024-07-26 06:30:00,4.364,4.382,4.355,4.377,14415.1
2024-07-26 07:00:00,4.377,4.389,4.367,4.37,18692.1
2024-07-26 07:30:00,4.37,4.372,4.355,4.361,5941.4
2024-07-26 08:00:00,4.361,4.387,4.359,4.377,12597.8
2024-07-26 08:30:00,4.377,4.399,4.368,4.397,7033.6
2024-07-26 09:00:00,4.397,4.42,4.385,4.402,8765.9
2024-07-26 09:30:00,4.402,4.414,4.383,4.383,7931.5
2024-07-26 10:00:00,4.383,4.408,4.381,4.396,7793.0
2024-07-26 10:30:00,4.396,4.402,4.381,4.388,4553.4
2024-07-26 11:00:00,4.388,4.394,4.374,4.392,7747.2
2024-07-26 11:30:00,4.392,4.406,4.388,4.397,5349.0
2024-07-26 12:00:00,4.397,4.415,4.389,4.403,6761.3
2024-07-26 12:30:00,4.403,4.411,4.376,4.392,8562.4
2024-07-26 13:00:00,4.392,4.399,4.368,4.393,4201.5
2024-07-26 13:30:00,4.393,4.433,4.379,4.43,13323.8
2024-07-26 14:00:00,4.43,4.441,4.374,4.378,26757.8
2024-07-26 14:30:00,4.378,4.418,4.363,4.415,36065.7
2024-07-26 15:00:00,4.415,4.472,4.413,4.463,84025.4
2024-07-26 15:30:00,4.463,4.495,4.463,4.49,13051.0
2024-07-26 16:00:00,4.49,4.573,4.489,4.563,29098.5
2024-07-26 16:30:00,4.563,4.596,4.549,4.588,20255.5
2024-07-26 17:00:00,4.588,4.625,4.577,4.623,31207.8
2024-07-26 17:30:00,4.623,4.657,4.593,4.651,22867.3
2024-07-26 18:00:00,4.651,4.698,4.627,4.667,17803.9
2024-07-26 18:30:00,4.667,4.687,4.653,4.678,16819.1
2024-07-26 19:00:00,4.678,4.709,4.668,4.689,28500.1
2024-07-26 19:30:00,4.689,4.692,4.667,4.678,9765.7
2024-07-26 20:00:00,4.678,4.681,4.635,4.655,16929.8
2024-07-26 20:30:00,4.655,4.664,4.621,4.634,22921.9
2024-07-26 21:00:00,4.634,4.657,4.619,4.644,9657.9
2024-07-26 21:30:00,4.644,4.656,4.631,4.637,2799.3
2024-07-26 22:00:00,4.637,4.646,4.627,4.629,4125.8
2024-07-26 22:30:00,4.629,4.632,4.617,4.624,7180.0
2024-07-26 23:00:00,4.624,4.647,4.621,4.642,5731.7
2024-07-26 23:30:00,4.642,4.646,4.628,4.638,3883.3
2024-07-27 00:00:00,4.638,4.659,4.625,4.656,11927.4
2024-07-27 00:30:00,4.656,4.661,4.633,4.636,5396.4
2024-07-27 01:00:00,4.636,4.647,4.629,4.633,13415.1
2024-07-27 01:30:00,4.633,4.644,4.612,4.617,14413.9
2024-07-27 02:00:00,4.617,4.617,4.582,4.605,16525.1
2024-07-27 02:30:00,4.605,4.615,4.589,4.602,44291.1
2024-07-27 03:00:00,4.602,4.61,4.572,4.572,5301.6
2024-07-27 03:30:00,4.572,4.582,4.561,4.57,6486.1
2024-07-27 04:00:00,4.57,4.589,4.568,4.589,3512.7
2024-07-27 04:30:00,4.589,4.629,4.585,4.625,10102.7
2024-07-27 05:00:00,4.625,4.633,4.61,4.616,4081.4
2024-07-27 05:30:00,4.616,4.618,4.591,4.592,5150.7
2024-07-27 06:00:00,4.592,4.614,4.59,4.604,4401.0
2024-07-27 06:30:00,4.604,4.614,4.6,4.604,4353.9
2024-07-27 07:00:00,4.604,4.631,4.6,4.628,3324.4
2024-07-27 07:30:00,4.628,4.631,4.609,4.61,2688.5
2024-07-27 08:00:00,4.61,4.626,4.582,4.583,12587.0
2024-07-27 08:30:00,4.583,4.601,4.582,4.588,6614.1
2024-07-27 09:00:00,4.588,4.615,4.581,4.611,4260.1
2024-07-27 09:30:00,4.611,4.623,4.599,4.615,4657.9
2024-07-27 10:00:00,4.615,4.619,4.59,4.6,4051.1
2024-07-27 10:30:00,4.6,4.605,4.587,4.6,2592.8
2024-07-27 11:00:00,4.6,4.608,4.583,4.608,4428.7
2024-07-27 11:30:00,4.608,4.63,4.606,4.628,2792.4
2024-07-27 12:00:00,4.628,4.637,4.614,4.62,2959.1
2024-07-27 12:30:00,4.62,4.629,4.614,4.62,4917.7
2024-07-27 13:00:00,4.62,4.669,4.617,4.645,9703.8
2024-07-27 13:30:00,4.645,4.665,4.635,4.645,10838.0
2024-07-27 14:00:00,4.645,4.651,4.608,4.618,15624.8
2024-07-27 14:30:00,4.618,4.628,4.596,4.613,14711.9
2024-07-27 15:00:00,4.613,4.628,4.579,4.601,44060.6
2024-07-27 15:30:00,4.601,4.609,4.57,4.607,7689.2
2024-07-27 16:00:00,4.607,4.608,4.573,4.592,3705.7
2024-07-27 16:30:00,4.592,4.606,4.571,4.588,4626.1
2024-07-27 17:00:00,4.588,4.613,4.576,4.599,5516.8
2024-07-27 17:30:00,4.599,4.606,4.575,4.584,3766.8
2024-07-27 18:00:00,4.584,4.606,4.578,4.596,2634.0
2024-07-27 18:30:00,4.596,4.596,4.551,4.564,48652.7
2024-07-27 19:00:00,4.564,4.585,4.525,4.58,25057.6
2024-07-27 19:30:00,4.58,4.619,4.568,4.619,15607.3
2024-07-27 20:00:00,4.619,4.619,4.513,4.582,20439.9
2024-07-27 20:30:00,4.582,4.613,4.561,4.595,10486.3
2024-07-27 21:00:00,4.595,4.638,4.579,4.609,13986.9
2024-07-27 21:30:00,4.609,4.63,4.609,4.621,4892.0
2024-07-27 22:00:00,4.621,4.622,4.597,4.601,3628.5
2024-07-27 22:30:00,4.601,4.616,4.592,4.599,1629.4
2024-07-27 23:00:00,4.599,4.604,4.582,4.589,3610.2
2024-07-27 23:30:00,4.589,4.601,4.569,4.572,3888.8
2024-07-28 00:00:00,4.572,4.572,4.526,4.554,5610.9
2024-07-28 00:30:00,4.554,4.586,4.547,4.581,5530.4
2024-07-28 01:00:00,4.581,4.605,4.578,4.598,4085.1
2024-07-28 01:30:00,4.598,4.624,4.591,4.61,5806.9
2024-07-28 02:00:00,4.61,4.636,4.61,4.619,2383.4
2024-07-28 02:30:00,4.619,4.644,4.612,4.613,4355.9
2024-07-28 03:00:00,4.613,4.615,4.584,4.587,4420.8
2024-07-28 03:30:00,4.587,4.596,4.564,4.568,7010.4
2024-07-28 04:00:00,4.568,4.57,4.537,4.539,7422.7
2024-07-28 04:30:00,4.539,4.553,4.522,4.522,18515.2
2024-07-28 05:00:00,4.522,4.528,4.483,4.519,11654.3
2024-07-28 05:30:00,4.519,4.534,4.512,4.525,5915.6
2024-07-28 06:00:00,4.525,4.571,4.524,4.562,10630.6
2024-07-28 06:30:00,4.562,4.573,4.549,4.557,4578.2
2024-07-28 07:00:00,4.557,4.559,4.537,4.543,6697.9
2024-07-28 07:30:00,4.543,4.555,4.538,4.549,2382.3
2024-07-28 08:00:00,4.549,4.551,4.53,4.539,4888.9
2024-07-28 08:30:00,4.539,4.546,4.515,4.526,4520.3
2024-07-28 09:00:00,4.526,4.545,4.525,4.53,4062.9
2024-07-28 09:30:00,4.53,4.55,4.528,4.548,4060.0
2024-07-28 10:00:00,4.548,4.554,4.532,4.536,3226.1
2024-07-28 10:30:00,4.536,4.545,4.526,4.536,4516.6
2024-07-28 11:00:00,4.536,4.55,4.528,4.546,2261.3
2024-07-28 11:30:00,4.546,4.547,4.526,4.527,3852.7
2024-07-28 12:00:00,4.527,4.536,4.518,4.524,3424.4
2024-07-28 12:30:00,4.524,4.549,4.519,4.537,5211.1
2024-07-28 13:00:00,4.537,4.545,4.531,4.54,14222.4
2024-07-28 13:30:00,4.54,4.549,4.533,4.533,2982.2
2024-07-28 14:00:00,4.533,4.537,4.491,4.491,9764.7
2024-07-28 14:30:00,4.491,4.514,4.483,4.493,11886.6
2024-07-28 15:00:00,4.493,4.502,4.474,4.5,3899.9
2024-07-28 15:30:00,4.5,4.509,4.488,4.494,2066.8
2024-07-28 16:00:00,4.494,4.502,4.486,4.488,4627.5
2024-07-28 16:30:00,4.488,4.504,4.476,4.481,9331.0
2024-07-28 17:00:00,4.481,4.494,4.457,4.464,6479.4
2024-07-28 17:30:00,4.464,4.498,4.457,4.497,2880.0
2024-07-28 18:00:00,4.497,4.507,4.477,4.504,1564.9
2024-07-28 18:30:00,4.504,4.51,4.478,4.48,11041.6
2024-07-28 19:00:00,4.48,4.487,4.464,4.471,4334.1
2024-07-28 19:30:00,4.471,4.477,4.461,4.467,3130.4
2024-07-28 20:00:00,4.467,4.475,4.46,4.463,3965.9
2024-07-28 20:30:00,4.463,4.466,4.445,4.451,9692.9
2024-07-28 21:00:00,4.451,4.452,4.414,4.425,10445.4
2024-07-28 21:30:00,4.425,4.443,4.418,4.425,6376.1
2024-07-28 22:00:00,4.425,4.434,4.389,4.419,9711.7
2024-07-28 22:30:00,4.419,4.421,4.394,4.408,1655.3
2024-07-28 23:00:00,4.408,4.432,4.407,4.429,2625.7
2024-07-28 23:30:00,4.429,4.444,4.427,4.442,2857.7
2024-07-29 00:00:00,4.442,4.511,4.435,4.509,29239.4
2024-07-29 00:30:00,4.509,4.528,4.501,4.52,6053.9
2024-07-29 01:00:00,4.52,4.561,4.505,4.56,15683.1
2024-07-29 01:30:00,4.56,4.566,4.521,4.522,16786.5
2024-07-29 02:00:00,4.522,4.55,4.501,4.545,3266.5
2024-07-29 02:30:00,4.545,4.594,4.545,4.59,8349.2
2024-07-29 03:00:00,4.59,4.623,4.586,4.591,21523.7
2024-07-29 03:30:00,4.591,4.597,4.563,4.571,3908.4
2024-07-29 04:00:00,4.571,4.592,4.551,4.568,2695.0
2024-07-29 04:30:00,4.568,4.582,4.555,4.569,4634.2
2024-07-29 05:00:00,4.569,4.577,4.554,4.564,5795.3
2024-07-29 05:30:00,4.564,4.613,4.564,4.608,11484.0
2024-07-29 06:00:00,4.608,4.618,4.586,4.61,19498.4
2024-07-29 06:30:00,4.61,4.621,4.587,4.589,11899.1
2024-07-29 07:00:00,4.589,4.614,4.589,4.609,2695.7
2024-07-29 07:30:00,4.609,4.614,4.598,4.612,3325.2
2024-07-29 08:00:00,4.612,4.642,4.611,4.626,17075.8
2024-07-29 08:30:00,4.626,4.626,4.598,4.605,18886.5
2024-07-29 09:00:00,4.605,4.613,4.594,4.612,4006.8
2024-07-29 09:30:00,4.612,4.613,4.588,4.61,6506.2
2024-07-29 10:00:00,4.61,4.619,4.6,4.619,9954.8
2024-07-29 10:30:00,4.619,4.622,4.595,4.598,4628.1
2024-07-29 11:00:00,4.598,4.607,4.593,4.604,17956.8
2024-07-29 11:30:00,4.604,4.605,4.586,4.591,4557.2
2024-07-29 12:00:00,4.591,4.593,4.571,4.586,3459.0
2024-07-29 12:30:00,4.586,4.6,4.569,4.593,3575.0
2024-07-29 13:00:00,4.593,4.61,4.588,4.59,7305.1
2024-07-29 13:30:00,4.59,4.638,4.58,4.59,14931.4
2024-07-29 14:00:00,4.59,4.598,4.546,4.566,26110.6
2024-07-29 14:30:00,4.566,4.606,4.558,4.58,14155.5
2024-07-29 15:00:00,4.58,4.58,4.494,4.53,18149.7
2024-07-29 15:30:00,4.53,4.53,4.483,4.515,14082.2
2024-07-29 16:00:00,4.515,4.524,4.471,4.479,9449.5
2024-07-29 16:30:00,4.479,4.479,4.431,4.435,15899.8
2024-07-29 17:00:00,4.435,4.488,4.418,4.462,49801.3
2024-07-29 17:30:00,4.462,4.476,4.442,4.457,8195.3
2024-07-29 18:00:00,4.457,4.473,4.444,4.444,6121.4
2024-07-29 18:30:00,4.444,4.495,4.434,4.494,31746.9
2024-07-29 19:00:00,4.494,4.494,4.463,4.471,4949.2
2024-07-29 19:30:00,4.471,4.481,4.465,4.478,4938.3
2024-07-29 20:00:00,4.478,4.501,4.463,4.494,5573.6
2024-07-29 20:30:00,4.494,4.501,4.467,4.49,1507.3
2024-07-29 21:00:00,4.49,4.494,4.434,4.437,7011.1
2024-07-29 21:30:00,4.437,4.472,4.427,4.468,13372.6
2024-07-29 22:00:00,4.468,4.492,4.453,4.478,5248.7
2024-07-29 22:30:00,4.478,4.481,4.433,4.433,2480.1
2024-07-29 23:00:00,4.433,4.442,4.4,4.437,16539.4
2024-07-29 23:30:00,4.437,4.446,4.423,4.439,13773.2
2024-07-30 00:00:00,4.439,4.449,4.364,4.434,131165.9
2024-07-30 00:30:00,4.434,4.472,4.424,4.466,10563.6
2024-07-30 01:00:00,4.466,4.53,4.456,4.5,11839.5
2024-07-30 01:30:00,4.5,4.5,4.427,4.441,9876.0
2024-07-30 02:00:00,4.441,4.472,4.419,4.422,3788.7
2024-07-30 02:30:00,4.422,4.447,4.409,4.434,6655.1
2024-07-30 03:00:00,4.434,4.47,4.431,4.457,58266.7
2024-07-30 03:30:00,4.457,4.474,4.451,4.459,5472.0
2024-07-30 04:00:00,4.459,4.477,4.457,4.463,2562.5
2024-07-30 04:30:00,4.463,4.467,4.443,4.456,3729.5
2024-07-30 05:00:00,4.456,4.461,4.422,4.427,2952.2
2024-07-30 05:30:00,4.427,4.435,4.413,4.427,10882.2
2024-07-30 06:00:00,4.427,4.444,4.42,4.443,2009.6
2024-07-30 06:30:00,4.443,4.451,4.435,4.449,1622.5
2024-07-30 07:00:00,4.449,4.472,4.446,4.451,2897.8
2024-07-30 07:30:00,4.451,4.459,4.44,4.441,2267.5
2024-07-30 08:00:00,4.441,4.449,4.429,4.429,2913.7
2024-07-30 08:30:00,4.429,4.461,4.425,4.441,9647.3
2024-07-30 09:00:00,4.441,4.446,4.424,4.434,2308.6
2024-07-30 09:30:00,4.434,4.439,4.412,4.416,5663.2
2024-07-30 10:00:00,4.416,4.426,4.404,4.424,3708.4
2024-07-30 10:30:00,4.424,4.435,4.407,4.412,2340.8
2024-07-30 11:00:00,4.412,4.42,4.401,4.407,8795.9
2024-07-30 11:30:00,4.407,4.423,4.403,4.416,4650.9
2024-07-30 12:00:00,4.416,4.428,4.395,4.396,2726.0
2024-07-30 12:30:00,4.396,4.45,4.396,4.433,4827.6
2024-07-30 13:00:00,4.433,4.464,4.432,4.44,5073.6
2024-07-30 13:30:00,4.44,4.461,4.406,4.409,6541.2
2024-07-30 14:00:00,4.409,4.425,4.392,4.41,6215.6
2024-07-30 14:30:00,4.41,4.433,4.4,4.408,6399.8
2024-07-30 15:00:00,4.408,4.448,4.392,4.44,11203.4
2024-07-30 15:30:00,4.44,4.44,4.41,4.424,3709.9
2024-07-30 16:00:00,4.424,4.435,4.413,4.416,2077.5
2024-07-30 16:30:00,4.416,4.44,4.404,4.407,2784.0
2024-07-30 17:00:00,4.407,4.407,4.333,4.35,33523.2
2024-07-30 17:30:00,4.35,4.371,4.325,4.348,12258.0
2024-07-30 18:00:00,4.348,4.35,4.319,4.338,5252.2
2024-07-30 18:30:00,4.338,4.342,4.306,4.32,14869.3
2024-07-30 19:00:00,4.32,4.324,4.274,4.286,13906.8
2024-07-30 19:30:00,4.286,4.314,4.281,4.299,16039.4
2024-07-30 20:00:00,4.299,4.303,4.233,4.282,15353.1
2024-07-30 20:30:00,4.282,4.308,4.282,4.293,5851.9
2024-07-30 21:00:00,4.293,4.296,4.246,4.266,4061.7
2024-07-30 21:30:00,4.266,4.293,4.266,4.287,11332.9
2024-07-30 22:00:00,4.287,4.294,4.271,4.289,10599.7
2024-07-30 22:30:00,4.289,4.325,4.286,4.324,3224.9
2024-07-30 23:00:00,4.324,4.342,4.316,4.322,4470.0
2024-07-30 23:30:00,4.322,4.332,4.312,4.329,10002.3
2024-07-31 00:00:00,4.329,4.334,4.292,4.305,4498.0
2024-07-31 00:30:00,4.305,4.35,4.305,4.344,2718.8
2024-07-31 01:00:00,4.344,4.37,4.339,4.347,3633.4
2024-07-31 01:30:00,4.347,4.365,4.334,4.365,2438.8
2024-07-31 02:00:00,4.365,4.372,4.339,4.371,1991.1
2024-07-31 02:30:00,4.371,4.371,4.335,4.343,1454.7
2024-07-31 03:00:00,4.343,4.355,4.326,4.332,4697.8
2024-07-31 03:30:00,4.332,4.349,4.329,4.341,1326.9
2024-07-31 04:00:00,4.341,4.341,4.323,4.323,3451.0
2024-07-31 04:30:00,4.323,4.324,4.29,4.315,4584.1
2024-07-31 05:00:00,4.315,4.319,4.278,4.3,3481.5
2024-07-31 05:30:00,4.3,4.347,4.297,4.33,3852.8
2024-07-31 06:00:00,4.33,4.363,4.326,4.34,3695.0
2024-07-31 06:30:00,4.34,4.352,4.334,4.343,3582.5
2024-07-31 07:00:00,4.343,4.345,4.329,4.332,1531.0
2024-07-31 07:30:00,4.332,4.343,4.321,4.328,2329.6
2024-07-31 08:00:00,4.328,4.332,4.302,4.315,5040.2
2024-07-31 08:30:00,4.315,4.331,4.312,4.317,2102.6
2024-07-31 09:00:00,4.317,4.325,4.302,4.315,3831.7
2024-07-31 09:30:00,4.315,4.325,4.308,4.309,1430.1
2024-07-31 10:00:00,4.309,4.313,4.292,4.31,43419.3
2024-07-31 10:30:00,4.31,4.312,4.284,4.284,2828.1
2024-07-31 11:00:00,4.284,4.307,4.278,4.292,3516.6
2024-07-31 11:30:00,4.292,4.304,4.286,4.304,2737.4
2024-07-31 12:00:00,4.304,4.317,4.296,4.306,2015.7
2024-07-31 12:30:00,4.306,4.33,4.302,4.306,4935.8
2024-07-31 13:00:00,4.306,4.347,4.306,4.345,5355.4
2024-07-31 13:30:00,4.345,4.364,4.329,4.335,11677.4
2024-07-31 14:00:00,4.335,4.356,4.302,4.312,1723.3
2024-07-31 14:30:00,4.312,4.34,4.303,4.336,3085.9
2024-07-31 15:00:00,4.336,4.345,4.318,4.321,6772.1
2024-07-31 15:30:00,4.321,4.332,4.303,4.304,3435.4
2024-07-31 16:00:00,4.304,4.349,4.293,4.325,3497.5
2024-07-31 16:30:00,4.325,4.33,4.291,4.301,1216.9
2024-07-31 17:00:00,4.301,4.329,4.291,4.326,4045.6
2024-07-31 17:30:00,4.326,4.37,4.32,4.361,5252.3
2024-07-31 18:00:00,4.361,4.365,4.289,4.307,5904.8
2024-07-31 18:30:00,4.307,4.371,4.303,4.367,4312.3
2024-07-31 19:00:00,4.367,4.373,4.301,4.314,3914.3
2024-07-31 19:30:00,4.314,4.341,4.24,4.281,11623.0
2024-07-31 20:00:00,4.281,4.281,4.182,4.224,37505.3
2024-07-31 20:30:00,4.224,4.225,4.169,4.184,19533.2
2024-07-31 21:00:00,4.184,4.229,4.164,4.176,27740.3
2024-07-31 21:30:00,4.176,4.258,4.176,4.25,24041.6
2024-07-31 22:00:00,4.25,4.257,4.219,4.228,4616.6
2024-07-31 22:30:00,4.228,4.257,4.217,4.242,4210.4
2024-07-31 23:00:00,4.242,4.242,4.207,4.22,33985.7
2024-07-31 23:30:00,4.22,4.22,4.196,4.203,3032.1
2024-08-01 00:00:00,4.203,4.235,4.197,4.197,7246.9
2024-08-01 00:30:00,4.197,4.234,4.193,4.234,3621.9
2024-08-01 01:00:00,4.234,4.238,4.193,4.221,4331.7
2024-08-01 01:30:00,4.221,4.24,4.174,4.219,3101.3
2024-08-01 02:00:00,4.219,4.234,4.187,4.187,5333.3
2024-08-01 02:30:00,4.187,4.202,4.177,4.199,5756.7
2024-08-01 03:00:00,4.199,4.203,4.166,4.202,2210.7
2024-08-01 03:30:00,4.202,4.21,4.18,4.18,2746.3
2024-08-01 04:00:00,4.18,4.203,4.145,4.16,4781.8
2024-08-01 04:30:00,4.16,4.168,4.101,4.119,17408.9
2024-08-01 05:00:00,4.119,4.174,4.095,4.173,9979.1
2024-08-01 05:30:00,4.173,4.18,4.16,4.174,20873.0
2024-08-01 06:00:00,4.174,4.176,4.154,4.163,6506.3
2024-08-01 06:30:00,4.163,4.167,4.126,4.126,21710.7
2024-08-01 07:00:00,4.126,4.172,4.126,4.155,4728.5
2024-08-01 07:30:00,4.155,4.163,4.146,4.157,3659.7
2024-08-01 08:00:00,4.157,4.178,4.153,4.178,19166.7
2024-08-01 08:30:00,4.178,4.188,4.17,4.183,6046.3
2024-08-01 09:00:00,4.183,4.215,4.179,4.203,11609.7
2024-08-01 09:30:00,4.203,4.208,4.191,4.194,3131.6
2024-08-01 10:00:00,4.194,4.212,4.185,4.208,3784.5
2024-08-01 10:30:00,4.208,4.224,4.207,4.219,2120.3
2024-08-01 11:00:00,4.219,4.234,4.208,4.224,7256.3
2024-08-01 11:30:00,4.224,4.248,4.216,4.242,6213.1
2024-08-01 12:00:00,4.242,4.292,4.228,4.259,32524.2
2024-08-01 12:30:00,4.259,4.279,4.257,4.275,6405.6
2024-08-01 13:00:00,4.275,4.28,4.228,4.23,5614.7
2024-08-01 13:30:00,4.23,4.249,4.218,4.234,3955.1
2024-08-01 14:00:00,4.234,4.238,4.172,4.18,15489.5
2024-08-01 14:30:00,4.18,4.195,4.129,4.129,16302.3
2024-08-01 15:00:00,4.129,4.134,4.062,4.116,241154.3
2024-08-01 15:30:00,4.116,4.129,4.082,4.091,20092.6
2024-08-01 16:00:00,4.091,4.091,3.978,4.008,56888.0
2024-08-01 16:30:00,4.008,4.024,3.955,3.992,14058.1
2024-08-01 17:00:00,3.992,3.999,3.96,3.971,11703.3
2024-08-01 17:30:00,3.971,4.009,3.951,4.008,6063.0
2024-08-01 18:00:00,4.008,4.04,3.871,4.008,459652.9
2024-08-01 18:30:00,4.008,4.014,3.961,3.996,45394.6
2024-08-01 19:00:00,3.996,4.043,3.985,4.038,22298.1
2024-08-01 19:30:00,4.038,4.054,4.024,4.03,7075.0
2024-08-01 20:00:00,4.03,4.043,4.001,4.003,7955.0
2024-08-01 20:30:00,4.003,4.107,4.001,4.073,618306.6
2024-08-01 21:00:00,4.073,4.094,4.053,4.093,8853.0
2024-08-01 21:30:00,4.093,4.121,4.077,4.089,32246.8
2024-08-01 22:00:00,4.089,4.18,4.089,4.176,21266.7
2024-08-01 22:30:00,4.176,4.181,4.141,4.158,18563.5
2024-08-01 23:00:00,4.158,4.172,4.139,4.143,5834.4
2024-08-01 23:30:00,4.143,4.17,4.137,4.158,5691.2
2024-08-02 00:00:00,4.158,4.184,4.142,4.142,4860.7
2024-08-02 00:30:00,4.142,4.159,4.139,4.139,2039.2
2024-08-02 01:00:00,4.139,4.139,4.097,4.105,13521.7
2024-08-02 01:30:00,4.105,4.121,4.087,4.089,7080.5
2024-08-02 02:00:00,4.089,4.11,4.044,4.051,7536.3
2024-08-02 02:30:00,4.051,4.079,4.03,4.062,8184.0
2024-08-02 03:00:00,4.062,4.096,4.048,4.096,11127.1
2024-08-02 03:30:00,4.096,4.11,4.082,4.103,2469.5
2024-08-02 04:00:00,4.103,4.115,4.089,4.105,3314.6
2024-08-02 04:30:00,4.105,4.111,4.089,4.105,4328.3
2024-08-02 05:00:00,4.105,4.108,4.074,4.093,7638.8
2024-08-02 05:30:00,4.093,4.093,4.043,4.044,14657.7
2024-08-02 06:00:00,4.044,4.054,4.001,4.006,12032.1
2024-08-02 06:30:00,4.006,4.077,3.996,4.069,5222.8
2024-08-02 07:00:00,4.069,4.072,4.035,4.056,5862.9
2024-08-02 07:30:00,4.056,4.076,4.046,4.047,4104.2
2024-08-02 08:00:00,4.047,4.059,4.008,4.051,6176.6
2024-08-02 08:30:00,4.051,4.068,4.04,4.063,3583.6
2024-08-02 09:00:00,4.063,4.079,4.05,4.06,12179.6
2024-08-02 09:30:00,4.06,4.077,4.051,4.07,10435.0
2024-08-02 10:00:00,4.07,4.087,4.05,4.074,9751.1
2024-08-02 10:30:00,4.074,4.108,4.066,4.096,3801.2
2024-08-02 11:00:00,4.096,4.114,4.082,4.101,3195.0
2024-08-02 11:30:00,4.101,4.109,4.079,4.089,4969.0
2024-08-02 12:00:00,4.089,4.106,4.071,4.077,4190.5
2024-08-02 12:30:00,4.077,4.119,4.062,4.116,13457.9
2024-08-02 13:00:00,4.116,4.144,4.088,4.125,15161.3
2024-08-02 13:30:00,4.125,4.192,4.119,4.153,17652.1
2024-08-02 14:00:00,4.153,4.162,4.081,4.109,54319.8
2024-08-02 14:30:00,4.109,4.129,3.954,3.962,30035.2
2024-08-02 15:00:00,3.962,3.977,3.817,3.869,94204.3
2024-08-02 15:30:00,3.869,3.96,3.857,3.938,71593.0
2024-08-02 16:00:00,3.938,3.956,3.904,3.913,8230.5
2024-08-02 16:30:00,3.913,3.968,3.906,3.946,11023.0
2024-08-02 17:00:00,3.946,3.975,3.922,3.957,10999.9
2024-08-02 17:30:00,3.957,3.97,3.926,3.933,4828.0
2024-08-02 18:00:00,3.933,3.935,3.902,3.913,5023.8
2024-08-02 18:30:00,3.913,3.931,3.892,3.911,3993.5
2024-08-02 19:00:00,3.911,3.923,3.887,3.902,4489.9
2024-08-02 19:30:00,3.902,3.917,3.867,3.905,8396.1
2024-08-02 20:00:00,3.905,3.952,3.884,3.916,5360.3
2024-08-02 20:30:00,3.916,3.946,3.896,3.925,9312.7
2024-08-02 21:00:00,3.925,3.929,3.861,3.874,8098.0
2024-08-02 21:30:00,3.874,3.927,3.856,3.897,8032.8
2024-08-02 22:00:00,3.897,3.897,3.858,3.891,3202.0
2024-08-02 22:30:00,3.891,3.897,3.863,3.876,2255.9
2024-08-02 23:00:00,3.876,3.888,3.849,3.885,16696.8
2024-08-02 23:30:00,3.885,3.885,3.858,3.868,5284.7
2024-08-03 00:00:00,3.868,3.913,3.863,3.886,3356.8
2024-08-03 00:30:00,3.886,3.903,3.828,3.851,11318.9
2024-08-03 01:00:00,3.851,3.863,3.769,3.863,67423.7
2024-08-03 01:30:00,3.863,3.888,3.849,3.876,116871.9
2024-08-03 02:00:00,3.876,3.913,3.871,3.879,15910.5
2024-08-03 02:30:00,3.879,3.887,3.868,3.88,2061.8
2024-08-03 03:00:00,3.88,3.905,3.874,3.9,3020.4
2024-08-03 03:30:00,3.9,3.924,3.894,3.918,2595.3
2024-08-03 04:00:00,3.918,3.921,3.898,3.91,4063.6
2024-08-03 04:30:00,3.91,3.927,3.909,3.927,27024.7
2024-08-03 05:00:00,3.927,3.937,3.923,3.931,3747.8
2024-08-03 05:30:00,3.931,3.936,3.918,3.931,3076.1
2024-08-03 06:00:00,3.931,3.939,3.915,3.918,4009.5
2024-08-03 06:30:00,3.918,3.931,3.912,3.925,4591.1
2024-08-03 07:00:00,3.925,3.942,3.921,3.942,3416.8
2024-08-03 07:30:00,3.942,3.951,3.925,3.928,7470.7
2024-08-03 08:00:00,3.928,3.928,3.898,3.909,7213.0
2024-08-03 08:30:00,3.909,3.916,3.885,3.912,3640.1
2024-08-03 09:00:00,3.912,3.915,3.888,3.912,4666.3
2024-08-03 09:30:00,3.912,3.922,3.907,3.912,4236.5
2024-08-03 10:00:00,3.912,3.914,3.886,3.89,3392.7
2024-08-03 10:30:00,3.89,3.901,3.887,3.888,2325.2
2024-08-03 11:00:00,3.888,3.899,3.879,3.895,2420.2
2024-08-03 11:30:00,3.895,3.912,3.893,3.894,5543.9
2024-08-03 12:00:00,3.894,3.926,3.889,3.923,1743.8
2024-08-03 12:30:00,3.923,3.934,3.894,3.907,2327.2
2024-08-03 13:00:00,3.907,3.911,3.89,3.894,6092.8
2024-08-03 13:30:00,3.894,3.91,3.89,3.899,3637.9
2024-08-03 14:00:00,3.899,3.914,3.895,3.905,3665.1
2024-08-03 14:30:00,3.905,3.921,3.884,3.891,3151.3
2024-08-03 15:00:00,3.891,3.904,3.84,3.84,9333.2
2024-08-03 15:30:00,3.84,3.854,3.772,3.781,37858.9
2024-08-03 16:00:00,3.781,3.782,3.7,3.767,73880.8
2024-08-03 16:30:00,3.767,3.807,3.721,3.736,19488.9
2024-08-03 17:00:00,3.736,3.737,3.67,3.693,16135.5
2024-08-03 17:30:00,3.693,3.706,3.647,3.659,33887.1
2024-08-03 18:00:00,3.659,3.676,3.62,3.634,23983.2
2024-08-03 18:30:00,3.634,3.673,3.606,3.633,11413.8
2024-08-03 19:00:00,3.633,3.658,3.618,3.625,5464.4
2024-08-03 19:30:00,3.625,3.666,3.622,3.625,5235.0
2024-08-03 20:00:00,3.625,3.645,3.595,3.64,12063.3
2024-08-03 20:30:00,3.64,3.654,3.603,3.608,5496.2
2024-08-03 21:00:00,3.608,3.669,3.593,3.651,13039.6
2024-08-03 21:30:00,3.651,3.683,3.649,3.673,7192.6
2024-08-03 22:00:00,3.673,3.686,3.643,3.658,3303.3
2024-08-03 22:30:00,3.658,3.677,3.653,3.659,3792.8
2024-08-03 23:00:00,3.659,3.706,3.652,3.697,9649.9
2024-08-03 23:30:00,3.697,3.7,3.67,3.681,5513.9
2024-08-04 00:00:00,3.681,3.708,3.67,3.691,8270.1
2024-08-04 00:30:00,3.691,3.72,3.685,3.715,4580.5
2024-08-04 01:00:00,3.715,3.717,3.681,3.688,10261.5
2024-08-04 01:30:00,3.688,3.715,3.67,3.709,10066.1
2024-08-04 02:00:00,3.709,3.751,3.708,3.748,27343.1
2024-08-04 02:30:00,3.748,3.768,3.731,3.744,6884.2
2024-08-04 03:00:00,3.744,3.75,3.724,3.739,3842.3
2024-08-04 03:30:00,3.739,3.744,3.726,3.734,2854.9
2024-08-04 04:00:00,3.734,3.746,3.721,3.731,2701.4
2024-08-04 04:30:00,3.731,3.736,3.705,3.705,3440.5
2024-08-04 05:00:00,3.705,3.721,3.704,3.718,2313.4
2024-08-04 05:30:00,3.718,3.737,3.713,3.724,2042.9
2024-08-04 06:00:00,3.724,3.731,3.71,3.728,4218.2
2024-08-04 06:30:00,3.728,3.733,3.714,3.725,10735.0
2024-08-04 07:00:00,3.725,3.725,3.707,3.71,4748.1
2024-08-04 07:30:00,3.71,3.712,3.681,3.688,6058.3
2024-08-04 08:00:00,3.688,3.703,3.662,3.695,6801.3
2024-08-04 08:30:00,3.695,3.723,3.695,3.709,2245.4
2024-08-04 09:00:00,3.709,3.721,3.696,3.703,3809.6
2024-08-04 09:30:00,3.703,3.72,3.692,3.708,3342.4
2024-08-04 10:00:00,3.708,3.712,3.685,3.698,6098.7
2024-08-04 10:30:00,3.698,3.716,3.692,3.715,5112.3
2024-08-04 11:00:00,3.715,3.729,3.709,3.724,4643.5
2024-08-04 11:30:00,3.724,3.73,3.692,3.704,6202.1
2024-08-04 12:00:00,3.704,3.714,3.694,3.699,2793.9
2024-08-04 12:30:00,3.699,3.719,3.696,3.713,3223.2
2024-08-04 13:00:00,3.713,3.72,3.681,3.696,3125.9
2024-08-04 13:30:00,3.696,3.702,3.681,3.681,2414.8
2024-08-04 14:00:00,3.681,3.681,3.603,3.607,18625.0
2024-08-04 14:30:00,3.607,3.613,3.54,3.548,33167.4
2024-08-04 15:00:00,3.548,3.55,3.513,3.523,18361.1
2024-08-04 15:30:00,3.523,3.56,3.517,3.544,10936.1
2024-08-04 16:00:00,3.544,3.565,3.489,3.503,22408.7
2024-08-04 16:30:00,3.503,3.52,3.457,3.464,12827.8
2024-08-04 17:00:00,3.464,3.481,3.411,3.455,30888.0
2024-08-04 17:30:00,3.455,3.485,3.372,3.446,201596.8
2024-08-04 18:00:00,3.446,3.449,3.391,3.439,41028.6
2024-08-04 18:30:00,3.439,3.491,3.431,3.487,25648.2
2024-08-04 19:00:00,3.487,3.56,3.459,3.555,84929.1
2024-08-04 19:30:00,3.555,3.563,3.528,3.538,98437.8
2024-08-04 20:00:00,3.538,3.575,3.528,3.564,40357.8
2024-08-04 20:30:00,3.564,3.569,3.521,3.558,538896.3
2024-08-04 21:00:00,3.558,3.572,3.534,3.545,57205.7
2024-08-04 21:30:00,3.545,3.557,3.53,3.542,71947.6
2024-08-04 22:00:00,3.542,3.589,3.532,3.587,51704.3
2024-08-04 22:30:00,3.587,3.604,3.564,3.571,20164.6
2024-08-04 23:00:00,3.571,3.572,3.527,3.543,5208.4
2024-08-04 23:30:00,3.543,3.544,3.514,3.528,229797.7
2024-08-05 00:00:00,3.528,3.563,3.496,3.529,236126.0
2024-08-05 00:30:00,3.529,3.544,3.329,3.371,170515.8
2024-08-05 01:00:00,3.371,3.386,3.017,3.206,413309.8
2024-08-05 01:30:00,3.206,3.259,3.165,3.194,40970.8
2024-08-05 02:00:00,3.194,3.205,3.111,3.182,35982.7
2024-08-05 02:30:00,3.182,3.204,3.123,3.192,44955.6
2024-08-05 03:00:00,3.192,3.193,3.12,3.154,18927.6
2024-08-05 03:30:00,3.154,3.166,3.114,3.115,23388.9
2024-08-05 04:00:00,3.115,3.186,3.11,3.123,40069.6
2024-08-05 04:30:00,3.123,3.152,3.103,3.151,26896.1
2024-08-05 05:00:00,3.151,3.168,3.027,3.149,93503.8
2024-08-05 05:30:00,3.149,3.198,3.115,3.124,33344.7
2024-08-05 06:00:00,3.124,3.146,2.86,2.925,156381.9
2024-08-05 06:30:00,2.925,3.015,2.878,3.012,315048.7
2024-08-05 07:00:00,3.012,3.158,2.988,3.151,53986.0
2024-08-05 07:30:00,3.151,3.209,3.135,3.17,23688.5
2024-08-05 08:00:00,3.17,3.17,3.113,3.116,24196.3
2024-08-05 08:30:00,3.116,3.137,3.067,3.094,83213.7
2024-08-05 09:00:00,3.094,3.119,3.066,3.1,7846.7
2024-08-05 09:30:00,3.1,3.113,3.045,3.097,13248.7
2024-08-05 10:00:00,3.097,3.097,3.015,3.022,28836.3
2024-08-05 10:30:00,3.022,3.051,2.978,3.014,25617.2
2024-08-05 11:00:00,3.014,3.018,2.924,2.931,49640.7
2024-08-05 11:30:00,2.931,3.034,2.913,3.034,21983.0
2024-08-05 12:00:00,3.034,3.065,2.973,2.984,66982.0
2024-08-05 12:30:00,2.984,3.042,2.943,2.971,45995.2
2024-08-05 13:00:00,2.971,3.02,2.942,2.942,54557.3
2024-08-05 13:30:00,2.942,3.188,2.939,3.159,41535.4
2024-08-05 14:00:00,3.159,3.263,3.159,3.208,28302.6
2024-08-05 14:30:00,3.208,3.291,3.208,3.265,24927.3
2024-08-05 15:00:00,3.265,3.305,3.236,3.283,20844.2
2024-08-05 15:30:00,3.283,3.313,3.273,3.282,9174.2
2024-08-05 16:00:00,3.282,3.351,3.266,3.343,17904.9
2024-08-05 16:30:00,3.343,3.348,3.251,3.26,6384.7
2024-08-05 17:00:00,3.26,3.298,3.241,3.279,13223.2
2024-08-05 17:30:00,3.279,3.34,3.279,3.297,121562.0
2024-08-05 18:00:00,3.297,3.298,3.227,3.248,6996.9
2024-08-05 18:30:00,3.248,3.264,3.182,3.182,11447.8
2024-08-05 19:00:00,3.182,3.252,3.174,3.231,10417.5
2024-08-05 19:30:00,3.231,3.246,3.185,3.218,9865.3
2024-08-05 20:00:00,3.218,3.265,3.218,3.248,5754.4
2024-08-05 20:30:00,3.248,3.26,3.216,3.246,5005.3
2024-08-05 21:00:00,3.246,3.279,3.216,3.241,10022.3
2024-08-05 21:30:00,3.241,3.25,3.223,3.235,3810.2
2024-08-05 22:00:00,3.235,3.28,3.229,3.279,4735.1
2024-08-05 22:30:00,3.279,3.279,3.25,3.264,3718.9
2024-08-05 23:00:00,3.264,3.297,3.249,3.25,3120.4
2024-08-05 23:30:00,3.25,3.26,3.232,3.233,4233.7
2024-08-06 00:00:00,3.233,3.356,3.226,3.35,17148.5
2024-08-06 00:30:00,3.35,3.391,3.336,3.384,11891.0
2024-08-06 01:00:00,3.384,3.437,3.378,3.41,11499.0
2024-08-06 01:30:00,3.41,3.41,3.362,3.373,53155.7
2024-08-06 02:00:00,3.373,3.386,3.347,3.359,5448.6
2024-08-06 02:30:00,3.359,3.384,3.348,3.38,2154.8
2024-08-06 03:00:00,3.38,3.384,3.356,3.375,5679.1
2024-08-06 03:30:00,3.375,3.385,3.356,3.358,6457.6
2024-08-06 04:00:00,3.358,3.391,3.346,3.391,4400.4
2024-08-06 04:30:00,3.391,3.401,3.367,3.397,5549.1
2024-08-06 05:00:00,3.397,3.425,3.384,3.419,5740.6
2024-08-06 05:30:00,3.419,3.449,3.412,3.438,9033.7
2024-08-06 06:00:00,3.438,3.469,3.416,3.452,11034.5
2024-08-06 06:30:00,3.452,3.484,3.442,3.451,5411.5
2024-08-06 07:00:00,3.451,3.465,3.426,3.434,3604.9
2024-08-06 07:30:00,3.434,3.475,3.43,3.462,5932.0
2024-08-06 08:00:00,3.462,3.465,3.417,3.417,6983.6
2024-08-06 08:30:00,3.417,3.425,3.358,3.391,14688.2
2024-08-06 09:00:00,3.391,3.404,3.373,3.404,7588.8
2024-08-06 09:30:00,3.404,3.412,3.375,3.404,11846.5
2024-08-06 10:00:00,3.404,3.405,3.37,3.395,2773.7
2024-08-06 10:30:00,3.395,3.411,3.379,3.397,2573.8
2024-08-06 11:00:00,3.397,3.409,3.381,3.389,4554.4
2024-08-06 11:30:00,3.389,3.413,3.385,3.401,2060.4
2024-08-06 12:00:00,3.401,3.43,3.387,3.43,4145.0
2024-08-06 12:30:00,3.43,3.43,3.38,3.397,5332.1
2024-08-06 13:00:00,3.397,3.419,3.366,3.415,5673.9
2024-08-06 13:30:00,3.415,3.427,3.368,3.411,36121.9
2024-08-06 14:00:00,3.411,3.546,3.408,3.522,29371.4
2024-08-06 14:30:00,3.522,3.562,3.506,3.536,13390.9
2024-08-06 15:00:00,3.536,3.564,3.524,3.525,7183.5
2024-08-06 15:30:00,3.525,3.559,3.502,3.551,6458.3
2024-08-06 16:00:00,3.551,3.571,3.526,3.531,14528.7
2024-08-06 16:30:00,3.531,3.587,3.523,3.555,8596.7
2024-08-06 17:00:00,3.555,3.574,3.541,3.552,8736.4
2024-08-06 17:30:00,3.552,3.552,3.508,3.511,3350.9
2024-08-06 18:00:00,3.511,3.542,3.507,3.517,1787.6
2024-08-06 18:30:00,3.517,3.542,3.508,3.519,9479.4
2024-08-06 19:00:00,3.519,3.533,3.491,3.516,4814.2
2024-08-06 19:30:00,3.516,3.526,3.478,3.504,3847.8
2024-08-06 20:00:00,3.504,3.523,3.483,3.501,4365.1
2024-08-06 20:30:00,3.501,3.522,3.491,3.519,3764.3
2024-08-06 21:00:00,3.519,3.532,3.5,3.516,2826.5
2024-08-06 21:30:00,3.516,3.525,3.506,3.524,2487.6
2024-08-06 22:00:00,3.524,3.554,3.488,3.496,9777.2
2024-08-06 22:30:00,3.496,3.517,3.493,3.507,4337.3
2024-08-06 23:00:00,3.507,3.52,3.491,3.495,2332.1
2024-08-06 23:30:00,3.495,3.497,3.482,3.495,3216.8
2024-08-07 00:00:00,3.495,3.496,3.441,3.466,8191.4
2024-08-07 00:30:00,3.466,3.505,3.455,3.476,6583.3
2024-08-07 01:00:00,3.476,3.485,3.432,3.458,5297.8
2024-08-07 01:30:00,3.458,3.529,3.455,3.518,4671.5
2024-08-07 02:00:00,3.518,3.546,3.492,3.539,5651.9
2024-08-07 02:30:00,3.539,3.553,3.477,3.495,3136.2
2024-08-07 03:00:00,3.495,3.52,3.483,3.5,2059.6
2024-08-07 03:30:00,3.5,3.512,3.491,3.506,3133.7
2024-08-07 04:00:00,3.506,3.533,3.496,3.518,5300.9
2024-08-07 04:30:00,3.518,3.535,3.517,3.52,4252.9
2024-08-07 05:00:00,3.52,3.545,3.513,3.531,2030.4
2024-08-07 05:30:00,3.531,3.549,3.515,3.519,2207.0
2024-08-07 06:00:00,3.519,3.535,3.501,3.524,7962.5
2024-08-07 06:30:00,3.524,3.534,3.511,3.521,3421.0
2024-08-07 07:00:00,3.521,3.529,3.491,3.518,2427.1
2024-08-07 07:30:00,3.518,3.535,3.51,3.517,7076.5
2024-08-07 08:00:00,3.517,3.533,3.509,3.522,4935.0
2024-08-07 08:30:00,3.522,3.539,3.508,3.53,3421.9
2024-08-07 09:00:00,3.53,3.555,3.513,3.536,19973.1
2024-08-07 09:30:00,3.536,3.56,3.529,3.535,4088.3
2024-08-07 10:00:00,3.535,3.559,3.521,3.545,5540.6
2024-08-07 10:30:00,3.545,3.561,3.521,3.522,5599.2
2024-08-07 11:00:00,3.522,3.528,3.492,3.5,9844.8
2024-08-07 11:30:00,3.5,3.506,3.483,3.491,5001.3
2024-08-07 12:00:00,3.491,3.508,3.473,3.501,14858.6
2024-08-07 12:30:00,3.501,3.522,3.499,3.513,4073.6
2024-08-07 13:00:00,3.513,3.528,3.48,3.502,5278.3
2024-08-07 13:30:00,3.502,3.52,3.474,3.482,5961.0
2024-08-07 14:00:00,3.482,3.493,3.397,3.402,27855.4
2024-08-07 14:30:00,3.402,3.419,3.341,3.381,49150.2
2024-08-07 15:00:00,3.381,3.408,3.357,3.376,36380.2
2024-08-07 15:30:00,3.376,3.406,3.356,3.394,8941.1
2024-08-07 16:00:00,3.394,3.405,3.366,3.382,6604.9
2024-08-07 16:30:00,3.382,3.394,3.368,3.38,4206.8
2024-08-07 17:00:00,3.38,3.392,3.333,3.366,14234.4
2024-08-07 17:30:00,3.366,3.388,3.361,3.372,5026.8
2024-08-07 18:00:00,3.372,3.385,3.349,3.349,3984.5
2024-08-07 18:30:00,3.349,3.356,3.314,3.331,11851.9
2024-08-07 19:00:00,3.331,3.356,3.324,3.331,5952.8
2024-08-07 19:30:00,3.331,3.352,3.314,3.346,5101.3
2024-08-07 20:00:00,3.346,3.414,3.332,3.414,6388.1
2024-08-07 20:30:00,3.414,3.417,3.33,3.384,10016.3
2024-08-07 21:00:00,3.384,3.416,3.375,3.403,4296.3
2024-08-07 21:30:00,3.403,3.409,3.378,3.38,3366.2
2024-08-07 22:00:00,3.38,3.395,3.334,3.347,4827.4
2024-08-07 22:30:00,3.347,3.376,3.344,3.374,3180.1
2024-08-07 23:00:00,3.374,3.382,3.36,3.364,3132.6
2024-08-07 23:30:00,3.364,3.364,3.341,3.349,2425.8
2024-08-08 00:00:00,3.349,3.371,3.314,3.315,4056.0
2024-08-08 00:30:00,3.315,3.353,3.296,3.349,6040.9
2024-08-08 01:00:00,3.349,3.419,3.349,3.385,24145.8
2024-08-08 01:30:00,3.385,3.483,3.385,3.469,27847.1
2024-08-08 02:00:00,3.469,3.525,3.469,3.518,18228.6
2024-08-08 02:30:00,3.518,3.529,3.506,3.523,6309.7
2024-08-08 03:00:00,3.523,3.539,3.515,3.535,16741.1
2024-08-08 03:30:00,3.535,3.538,3.485,3.488,2745.9
2024-08-08 04:00:00,3.488,3.535,3.488,3.509,7072.7
2024-08-08 04:30:00,3.509,3.517,3.495,3.504,8072.9
2024-08-08 05:00:00,3.504,3.532,3.502,3.529,9679.9
2024-08-08 05:30:00,3.529,3.546,3.517,3.538,3840.5
2024-08-08 06:00:00,3.538,3.549,3.521,3.531,6239.5
2024-08-08 06:30:00,3.531,3.54,3.525,3.525,8681.3
2024-08-08 07:00:00,3.525,3.542,3.515,3.518,2714.4
2024-08-08 07:30:00,3.518,3.524,3.505,3.505,2455.0
2024-08-08 08:00:00,3.505,3.526,3.499,3.511,3038.7
2024-08-08 08:30:00,3.511,3.528,3.511,3.523,3069.6
2024-08-08 09:00:00,3.523,3.528,3.51,3.523,15710.7
2024-08-08 09:30:00,3.523,3.535,3.514,3.516,2923.0
2024-08-08 10:00:00,3.516,3.523,3.503,3.517,2270.1
2024-08-08 10:30:00,3.517,3.524,3.506,3.518,1957.0
2024-08-08 11:00:00,3.518,3.524,3.511,3.521,2806.1
2024-08-08 11:30:00,3.521,3.531,3.508,3.512,4742.7
2024-08-08 12:00:00,3.512,3.514,3.495,3.507,6759.3
2024-08-08 12:30:00,3.507,3.6,3.507,3.548,25752.2
2024-08-08 13:00:00,3.548,3.582,3.541,3.558,4992.5
2024-08-08 13:30:00,3.558,3.565,3.485,3.526,12848.1
2024-08-08 14:00:00,3.526,3.58,3.518,3.577,3979.8
2024-08-08 14:30:00,3.577,3.629,3.571,3.629,11727.8
2024-08-08 15:00:00,3.629,3.675,3.613,3.64,106929.0
2024-08-08 15:30:00,3.64,3.684,3.638,3.678,2794.4
2024-08-08 16:00:00,3.678,3.767,3.677,3.744,35481.0
2024-08-08 16:30:00,3.744,3.759,3.713,3.757,4363.3
2024-08-08 17:00:00,3.757,3.804,3.743,3.799,23436.5
2024-08-08 17:30:00,3.799,3.799,3.761,3.769,21099.6
2024-08-08 18:00:00,3.769,3.78,3.749,3.755,6521.5
2024-08-08 18:30:00,3.755,3.764,3.745,3.748,7802.4
2024-08-08 19:00:00,3.748,3.758,3.734,3.738,6847.4
2024-08-08 19:30:00,3.738,3.746,3.722,3.731,6342.0
2024-08-08 20:00:00,3.731,3.746,3.731,3.736,7258.3
2024-08-08 20:30:00,3.736,3.745,3.729,3.73,5518.9
2024-08-08 21:00:00,3.73,3.739,3.718,3.724,7827.9
2024-08-08 21:30:00,3.724,3.804,3.722,3.797,19704.3
2024-08-08 22:00:00,3.797,3.801,3.752,3.756,22178.5
2024-08-08 22:30:00,3.756,3.826,3.754,3.81,22885.5
2024-08-08 23:00:00,3.81,3.824,3.784,3.802,11398.7
2024-08-08 23:30:00,3.802,3.83,3.797,3.826,5145.5
2024-08-09 00:00:00,3.826,3.841,3.805,3.84,30141.6
2024-08-09 00:30:00,3.84,3.855,3.811,3.823,17372.9
2024-08-09 01:00:00,3.823,3.839,3.811,3.82,19686.4
2024-08-09 01:30:00,3.82,3.821,3.794,3.804,4987.2
2024-08-09 02:00:00,3.804,3.806,3.781,3.8,7553.3
2024-08-09 02:30:00,3.8,3.818,3.799,3.801,4515.3
2024-08-09 03:00:00,3.801,3.806,3.796,3.805,2221.0
2024-08-09 03:30:00,3.805,3.807,3.786,3.799,3019.3
2024-08-09 04:00:00,3.799,3.799,3.772,3.772,4326.4
2024-08-09 04:30:00,3.772,3.783,3.739,3.74,22848.4
2024-08-09 05:00:00,3.74,3.773,3.731,3.76,5568.3
2024-08-09 05:30:00,3.76,3.773,3.758,3.769,2980.5
2024-08-09 06:00:00,3.769,3.777,3.757,3.759,3648.5
2024-08-09 06:30:00,3.759,3.782,3.759,3.762,5192.2
2024-08-09 07:00:00,3.762,3.79,3.761,3.781,2924.7
2024-08-09 07:30:00,3.781,3.785,3.763,3.768,2171.4
2024-08-09 08:00:00,3.768,3.788,3.761,3.785,3396.4
2024-08-09 08:30:00,3.785,3.798,3.782,3.79,1889.0
2024-08-09 09:00:00,3.79,3.797,3.767,3.777,3007.2
2024-08-09 09:30:00,3.777,3.777,3.754,3.759,4444.7
2024-08-09 10:00:00,3.759,3.773,3.723,3.761,8984.3
2024-08-09 10:30:00,3.761,3.777,3.741,3.775,3636.5
2024-08-09 11:00:00,3.775,3.78,3.747,3.753,9826.4
2024-08-09 11:30:00,3.753,3.79,3.749,3.778,3634.0
2024-08-09 12:00:00,3.778,3.797,3.762,3.772,5571.5
2024-08-09 12:30:00,3.772,3.788,3.754,3.788,7999.0
2024-08-09 13:00:00,3.788,3.797,3.754,3.764,6526.8
2024-08-09 13:30:00,3.764,3.769,3.709,3.766,7373.6
2024-08-09 14:00:00,3.766,3.804,3.741,3.742,8209.3
2024-08-09 14:30:00,3.742,3.761,3.688,3.753,14174.1
2024-08-09 15:00:00,3.753,3.767,3.748,3.753,2759.7
2024-08-09 15:30:00,3.753,3.762,3.721,3.721,3628.3
2024-08-09 16:00:00,3.721,3.765,3.714,3.763,6726.5
2024-08-09 16:30:00,3.763,3.777,3.747,3.77,2343.3
2024-08-09 17:00:00,3.77,3.792,3.76,3.771,2922.4
2024-08-09 17:30:00,3.771,3.781,3.746,3.75,3159.5
2024-08-09 18:00:00,3.75,3.753,3.736,3.749,2212.8
2024-08-09 18:30:00,3.749,3.76,3.744,3.757,2578.1
2024-08-09 19:00:00,3.757,3.763,3.739,3.751,3410.7
2024-08-09 19:30:00,3.751,3.763,3.749,3.757,2765.7
2024-08-09 20:00:00,3.757,3.775,3.745,3.748,5850.9
2024-08-09 20:30:00,3.748,3.762,3.737,3.746,1840.7
2024-08-09 21:00:00,3.746,3.746,3.714,3.729,5914.6
2024-08-09 21:30:00,3.729,3.757,3.721,3.75,2610.5
2024-08-09 22:00:00,3.75,3.763,3.734,3.76,6457.9
2024-08-09 22:30:00,3.76,3.772,3.747,3.759,2259.5
2024-08-09 23:00:00,3.759,3.762,3.735,3.749,1557.5
2024-08-09 23:30:00,3.749,3.765,3.744,3.761,2558.9
2024-08-10 00:00:00,3.761,3.816,3.758,3.786,5775.2
2024-08-10 00:30:00,3.786,3.786,3.749,3.766,3781.2
2024-08-10 01:00:00,3.766,3.799,3.761,3.779,1576.4
2024-08-10 01:30:00,3.779,3.794,3.771,3.774,1513.2
2024-08-10 02:00:00,3.774,3.79,3.764,3.768,1241.7
2024-08-10 02:30:00,3.768,3.768,3.754,3.757,1424.8
2024-08-10 03:00:00,3.757,3.757,3.737,3.739,4581.2
2024-08-10 03:30:00,3.739,3.766,3.733,3.756,6263.2
2024-08-10 04:00:00,3.756,3.762,3.737,3.739,2358.5
2024-08-10 04:30:00,3.739,3.755,3.735,3.753,2880.0
2024-08-10 05:00:00,3.753,3.756,3.739,3.746,2260.7
2024-08-10 05:30:00,3.746,3.756,3.741,3.75,1668.7
2024-08-10 06:00:00,3.75,3.756,3.74,3.747,2140.1
2024-08-10 06:30:00,3.747,3.765,3.741,3.754,2596.1
2024-08-10 07:00:00,3.754,3.777,3.751,3.762,3692.5
2024-08-10 07:30:00,3.762,3.788,3.755,3.781,2814.0
2024-08-10 08:00:00,3.781,3.782,3.751,3.758,2473.4
2024-08-10 08:30:00,3.758,3.765,3.751,3.752,2223.3
2024-08-10 09:00:00,3.752,3.764,3.749,3.752,2243.4
2024-08-10 09:30:00,3.752,3.777,3.75,3.767,3972.0
2024-08-10 10:00:00,3.767,3.767,3.738,3.746,1869.8
2024-08-10 10:30:00,3.746,3.76,3.744,3.75,2050.2
2024-08-10 11:00:00,3.75,3.759,3.744,3.748,2442.0
2024-08-10 11:30:00,3.748,3.762,3.746,3.752,2533.6
2024-08-10 12:00:00,3.752,3.76,3.74,3.744,3197.2
2024-08-10 12:30:00,3.744,3.754,3.738,3.743,884.2
2024-08-10 13:00:00,3.743,3.745,3.722,3.736,9475.8
2024-08-10 13:30:00,3.736,3.754,3.728,3.733,3005.4
2024-08-10 14:00:00,3.733,3.748,3.727,3.74,1679.1
2024-08-10 14:30:00,3.74,3.778,3.735,3.768,3931.1
2024-08-10 15:00:00,3.768,3.789,3.761,3.782,4330.5
2024-08-10 15:30:00,3.782,3.783,3.758,3.759,2918.8
2024-08-10 16:00:00,3.759,3.785,3.757,3.784,3715.4
2024-08-10 16:30:00,3.784,3.795,3.766,3.779,3247.5
2024-08-10 17:00:00,3.779,3.794,3.776,3.783,1852.2
2024-08-10 17:30:00,3.783,3.794,3.774,3.79,1834.1
2024-08-10 18:00:00,3.79,3.808,3.776,3.781,3702.4
2024-08-10 18:30:00,3.781,3.8,3.773,3.788,1997.0
2024-08-10 19:00:00,3.788,3.807,3.782,3.795,2358.2
2024-08-10 19:30:00,3.795,3.803,3.783,3.783,3296.9
2024-08-10 20:00:00,3.783,3.802,3.783,3.789,4608.3
2024-08-10 20:30:00,3.789,3.799,3.783,3.796,10906.9
2024-08-10 21:00:00,3.796,3.817,3.793,3.809,3789.0
2024-08-10 21:30:00,3.809,3.814,3.796,3.807,1885.6
2024-08-10 22:00:00,3.807,3.813,3.797,3.799,4583.9
2024-08-10 22:30:00,3.799,3.805,3.799,3.805,1208.1
2024-08-10 23:00:00,3.805,3.805,3.771,3.778,1481.8
2024-08-10 23:30:00,3.778,3.783,3.771,3.775,2043.5
2024-08-11 00:00:00,3.775,3.785,3.773,3.78,4219.7
2024-08-11 00:30:00,3.78,3.791,3.778,3.789,2594.2
2024-08-11 01:00:00,3.789,3.798,3.774,3.778,2661.3
2024-08-11 01:30:00,3.778,3.802,3.775,3.796,3791.5
2024-08-11 02:00:00,3.796,3.807,3.788,3.797,2812.3
2024-08-11 02:30:00,3.797,3.802,3.789,3.795,2221.0
2024-08-11 03:00:00,3.795,3.834,3.795,3.829,5747.5
2024-08-11 03:30:00,3.829,3.845,3.81,3.813,9699.2
2024-08-11 04:00:00,3.813,3.83,3.803,3.83,4116.8
2024-08-11 04:30:00,3.83,3.834,3.814,3.818,2339.1
2024-08-11 05:00:00,3.818,3.82,3.799,3.819,2049.9
2024-08-11 05:30:00,3.819,3.823,3.808,3.821,3908.5
2024-08-11 06:00:00,3.821,3.823,3.808,3.815,3382.8
2024-08-11 06:30:00,3.815,3.831,3.809,3.825,3620.9
2024-08-11 07:00:00,3.825,3.829,3.81,3.81,4161.5
2024-08-11 07:30:00,3.81,3.829,3.81,3.822,6438.1
2024-08-11 08:00:00,3.822,3.832,3.817,3.821,3053.6
2024-08-11 08:30:00,3.821,3.83,3.811,3.812,5050.2
2024-08-11 09:00:00,3.812,3.832,3.805,3.816,4930.8
2024-08-11 09:30:00,3.816,3.817,3.775,3.788,11774.2
2024-08-11 10:00:00,3.788,3.788,3.771,3.776,7184.3
2024-08-11 10:30:00,3.776,3.782,3.762,3.763,6549.9
2024-08-11 11:00:00,3.763,3.764,3.723,3.738,9843.8
2024-08-11 11:30:00,3.738,3.752,3.721,3.727,7765.5
2024-08-11 12:00:00,3.727,3.73,3.673,3.693,31307.2
2024-08-11 12:30:00,3.693,3.695,3.672,3.682,11761.6
2024-08-11 13:00:00,3.682,3.682,3.649,3.662,13227.6
2024-08-11 13:30:00,3.662,3.688,3.656,3.681,7891.2
2024-08-11 14:00:00,3.681,3.686,3.661,3.675,7382.7
2024-08-11 14:30:00,3.675,3.682,3.615,3.624,8193.2
2024-08-11 15:00:00,3.624,3.639,3.6,3.635,15019.2
2024-08-11 15:30:00,3.635,3.637,3.595,3.608,13696.2
2024-08-11 16:00:00,3.608,3.625,3.6,3.62,7103.5
2024-08-11 16:30:00,3.62,3.63,3.614,3.618,6299.9
2024-08-11 17:00:00,3.618,3.627,3.614,3.615,4010.5
2024-08-11 17:30:00,3.615,3.647,3.614,3.638,4032.9
2024-08-11 18:00:00,3.638,3.644,3.623,3.623,4294.6
2024-08-11 18:30:00,3.623,3.633,3.619,3.625,2730.1
2024-08-11 19:00:00,3.625,3.63,3.549,3.553,46683.8
2024-08-11 19:30:00,3.553,3.573,3.539,3.546,44885.8
2024-08-11 20:00:00,3.546,3.552,3.511,3.531,35621.5
2024-08-11 20:30:00,3.531,3.541,3.513,3.524,12965.7
2024-08-11 21:00:00,3.524,3.53,3.497,3.511,22880.0
2024-08-11 21:30:00,3.511,3.528,3.504,3.511,12057.4
2024-08-11 22:00:00,3.511,3.52,3.457,3.457,44822.9
2024-08-11 22:30:00,3.457,3.497,3.444,3.488,12912.9
2024-08-11 23:00:00,3.488,3.49,3.461,3.483,31727.8
2024-08-11 23:30:00,3.483,3.498,3.481,3.485,29783.1
2024-08-12 00:00:00,3.485,3.517,3.485,3.499,10622.2
2024-08-12 00:30:00,3.499,3.534,3.491,3.518,30552.8
2024-08-12 01:00:00,3.518,3.54,3.506,3.519,3659.5
2024-08-12 01:30:00,3.519,3.531,3.511,3.526,4398.9
2024-08-12 02:00:00,3.526,3.535,3.516,3.522,5726.4
2024-08-12 02:30:00,3.522,3.535,3.511,3.527,5082.2
2024-08-12 03:00:00,3.527,3.535,3.503,3.519,6376.5
2024-08-12 03:30:00,3.519,3.526,3.504,3.511,5788.1
2024-08-12 04:00:00,3.511,3.525,3.508,3.524,3532.5
2024-08-12 04:30:00,3.524,3.529,3.511,3.514,3057.0
2024-08-12 05:00:00,3.514,3.527,3.511,3.523,7381.8
2024-08-12 05:30:00,3.523,3.525,3.505,3.519,7115.3
2024-08-12 06:00:00,3.519,3.522,3.502,3.515,4339.8
2024-08-12 06:30:00,3.515,3.52,3.5,3.507,5909.0
2024-08-12 07:00:00,3.507,3.522,3.467,3.518,7938.8
2024-08-12 07:30:00,3.518,3.573,3.511,3.554,39849.0
2024-08-12 08:00:00,3.554,3.603,3.551,3.583,25964.4
2024-08-12 08:30:00,3.583,3.597,3.541,3.548,11795.9
2024-08-12 09:00:00,3.548,3.583,3.546,3.569,10869.9
2024-08-12 09:30:00,3.569,3.59,3.558,3.59,10762.9
2024-08-12 10:00:00,3.59,3.616,3.566,3.615,14869.7
2024-08-12 10:30:00,3.615,3.641,3.605,3.64,21265.0
2024-08-12 11:00:00,3.64,3.716,3.634,3.709,33738.1
2024-08-12 11:30:00,3.709,3.745,3.698,3.742,16066.1
2024-08-12 12:00:00,3.742,3.764,3.713,3.741,11825.0
2024-08-12 12:30:00,3.741,3.759,3.718,3.731,8518.8
2024-08-12 13:00:00,3.731,3.742,3.703,3.71,10713.0
2024-08-12 13:30:00,3.71,3.723,3.604,3.625,32524.1
2024-08-12 14:00:00,3.625,3.714,3.586,3.683,21985.4
2024-08-12 14:30:00,3.683,3.762,3.675,3.74,13785.1
2024-08-12 15:00:00,3.74,3.775,3.693,3.719,15273.7
2024-08-12 15:30:00,3.719,3.766,3.708,3.765,83740.9
2024-08-12 16:00:00,3.765,3.79,3.728,3.746,17210.4
2024-08-12 16:30:00,3.746,3.755,3.721,3.729,12797.7
2024-08-12 17:00:00,3.729,3.747,3.723,3.726,6865.6
2024-08-12 17:30:00,3.726,3.744,3.705,3.712,48942.5
2024-08-12 18:00:00,3.712,3.725,3.7,3.705,10435.2
2024-08-12 18:30:00,3.705,3.706,3.65,3.653,14782.3
2024-08-12 19:00:00,3.653,3.699,3.653,3.689,9130.0
2024-08-12 19:30:00,3.689,3.69,3.659,3.679,10347.7
2024-08-12 20:00:00,3.679,3.688,3.662,3.675,4144.6
2024-08-12 20:30:00,3.675,3.696,3.655,3.668,10490.1
2024-08-12 21:00:00,3.668,3.668,3.624,3.658,26272.7
2024-08-12 21:30:00,3.658,3.679,3.657,3.673,1432.0
2024-08-12 22:00:00,3.673,3.692,3.671,3.688,2427.1
2024-08-12 22:30:00,3.688,3.688,3.666,3.682,6308.0
2024-08-12 23:00:00,3.682,3.753,3.68,3.722,107216.6
2024-08-12 23:30:00,3.722,3.749,3.722,3.732,6501.4
2024-08-13 00:00:00,3.732,3.742,3.712,3.742,7117.9
2024-08-13 00:30:00,3.742,3.752,3.719,3.728,5178.4
2024-08-13 01:00:00,3.728,3.74,3.704,3.723,31311.3
2024-08-13 01:30:00,3.723,3.756,3.721,3.755,30219.8
2024-08-13 02:00:00,3.755,3.756,3.709,3.744,11999.7
2024-08-13 02:30:00,3.744,3.753,3.73,3.751,2476.3
2024-08-13 03:00:00,3.751,3.767,3.717,3.719,30892.1
2024-08-13 03:30:00,3.719,3.719,3.686,3.695,5960.8
2024-08-13 04:00:00,3.695,3.703,3.673,3.701,1825.3
2024-08-13 04:30:00,3.701,3.717,3.689,3.717,1981.8
2024-08-13 05:00:00,3.717,3.723,3.703,3.716,1632.9
2024-08-13 05:30:00,3.716,3.716,3.682,3.686,1778.0
2024-08-13 06:00:00,3.686,3.692,3.662,3.677,5483.3
2024-08-13 06:30:00,3.677,3.705,3.676,3.696,4810.8
2024-08-13 07:00:00,3.696,3.703,3.68,3.682,6098.4
2024-08-13 07:30:00,3.682,3.689,3.669,3.671,6784.8
2024-08-13 08:00:00,3.671,3.684,3.65,3.654,8485.9
2024-08-13 08:30:00,3.654,3.66,3.644,3.66,8415.0
2024-08-13 09:00:00,3.66,3.66,3.63,3.646,6331.6
2024-08-13 09:30:00,3.646,3.655,3.621,3.636,26312.9
2024-08-13 10:00:00,3.636,3.637,3.589,3.61,33579.1
2024-08-13 10:30:00,3.61,3.626,3.605,3.614,13029.2
2024-08-13 11:00:00,3.614,3.622,3.603,3.606,10083.9
2024-08-13 11:30:00,3.606,3.624,3.602,3.614,6837.0
2024-08-13 12:00:00,3.614,3.635,3.607,3.619,27051.2
2024-08-13 12:30:00,3.619,3.654,3.608,3.637,36446.5
2024-08-13 13:00:00,3.637,3.653,3.626,3.629,15093.1
2024-08-13 13:30:00,3.629,3.674,3.627,3.673,6555.5
2024-08-13 14:00:00,3.673,3.693,3.652,3.653,9067.3
2024-08-13 14:30:00,3.653,3.694,3.618,3.693,21039.7
2024-08-13 15:00:00,3.693,3.697,3.653,3.664,15051.7
2024-08-13 15:30:00,3.664,3.682,3.652,3.675,7474.3
2024-08-13 16:00:00,3.675,3.714,3.669,3.691,4148.6
2024-08-13 16:30:00,3.691,3.756,3.69,3.755,16755.8
2024-08-13 17:00:00,3.755,3.77,3.734,3.747,18294.7
2024-08-13 17:30:00,3.747,3.758,3.728,3.751,5657.3
2024-08-13 18:00:00,3.751,3.752,3.716,3.721,26161.8
2024-08-13 18:30:00,3.721,3.725,3.698,3.701,14222.6
2024-08-13 19:00:00,3.701,3.709,3.661,3.7,21535.5
2024-08-13 19:30:00,3.7,3.713,3.688,3.712,4704.7
2024-08-13 20:00:00,3.712,3.715,3.687,3.688,8255.0
2024-08-13 20:30:00,3.688,3.698,3.682,3.683,10289.5
2024-08-13 21:00:00,3.683,3.704,3.681,3.701,4519.4
2024-08-13 21:30:00,3.701,3.719,3.694,3.713,4307.2
2024-08-13 22:00:00,3.713,3.719,3.689,3.707,5965.3
2024-08-13 22:30:00,3.707,3.716,3.699,3.704,7948.7
2024-08-13 23:00:00,3.704,3.714,3.699,3.708,4305.6
2024-08-13 23:30:00,3.708,3.717,3.696,3.703,3121.1
2024-08-14 00:00:00,3.703,3.703,3.683,3.687,6116.6
2024-08-14 00:30:00,3.687,3.692,3.664,3.675,14524.7
2024-08-14 01:00:00,3.675,3.676,3.618,3.62,25114.6
2024-08-14 01:30:00,3.62,3.653,3.62,3.636,6242.8
2024-08-14 02:00:00,3.636,3.652,3.627,3.637,2613.3
2024-08-14 02:30:00,3.637,3.659,3.635,3.651,3708.3
2024-08-14 03:00:00,3.651,3.664,3.648,3.661,6613.2
2024-08-14 03:30:00,3.661,3.679,3.658,3.661,8347.8
2024-08-14 04:00:00,3.661,3.674,3.658,3.674,15287.1
2024-08-14 04:30:00,3.674,3.678,3.66,3.661,5217.0
2024-08-14 05:00:00,3.661,3.679,3.653,3.668,3336.4
2024-08-14 05:30:00,3.668,3.672,3.652,3.655,3097.3
2024-08-14 06:00:00,3.655,3.677,3.637,3.665,22363.2
2024-08-14 06:30:00,3.665,3.675,3.657,3.671,6668.0
2024-08-14 07:00:00,3.671,3.671,3.656,3.659,4974.1
2024-08-14 07:30:00,3.659,3.668,3.657,3.664,3655.4
2024-08-14 08:00:00,3.664,3.677,3.647,3.66,8887.1
2024-08-14 08:30:00,3.66,3.671,3.658,3.671,11283.6
2024-08-14 09:00:00,3.671,3.676,3.656,3.672,6122.3
2024-08-14 09:30:00,3.672,3.68,3.666,3.673,3022.6
2024-08-14 10:00:00,3.673,3.705,3.672,3.7,3241.8
2024-08-14 10:30:00,3.7,3.712,3.684,3.688,6479.0
2024-08-14 11:00:00,3.688,3.689,3.663,3.683,16597.8
2024-08-14 11:30:00,3.683,3.698,3.677,3.681,5045.4
2024-08-14 12:00:00,3.681,3.701,3.667,3.701,14630.5
2024-08-14 12:30:00,3.701,3.73,3.656,3.674,56286.7
2024-08-14 13:00:00,3.674,3.682,3.632,3.648,14934.7
2024-08-14 13:30:00,3.648,3.662,3.565,3.582,35401.0
2024-08-14 14:00:00,3.582,3.586,3.529,3.585,39804.8
2024-08-14 14:30:00,3.585,3.613,3.571,3.602,9650.9
2024-08-14 15:00:00,3.602,3.615,3.578,3.581,11342.1
2024-08-14 15:30:00,3.581,3.635,3.58,3.614,10553.8
2024-08-14 16:00:00,3.614,3.627,3.596,3.612,5525.9
2024-08-14 16:30:00,3.612,3.616,3.58,3.607,4818.2
2024-08-14 17:00:00,3.607,3.613,3.583,3.59,1657.6
2024-08-14 17:30:00,3.59,3.601,3.587,3.591,2926.7
2024-08-14 18:00:00,3.591,3.611,3.585,3.594,2972.6
2024-08-14 18:30:00,3.594,3.597,3.569,3.584,2459.3
2024-08-14 19:00:00,3.584,3.59,3.568,3.582,2322.2
2024-08-14 19:30:00,3.582,3.593,3.578,3.588,3444.9
2024-08-14 20:00:00,3.588,3.595,3.579,3.579,1545.1
2024-08-14 20:30:00,3.579,3.592,3.574,3.578,2428.9
2024-08-14 21:00:00,3.578,3.587,3.572,3.584,5150.5
2024-08-14 21:30:00,3.584,3.585,3.562,3.562,6836.0
2024-08-14 22:00:00,3.562,3.583,3.538,3.579,9738.5
2024-08-14 22:30:00,3.579,3.593,3.577,3.589,6578.0
2024-08-14 23:00:00,3.589,3.599,3.586,3.595,17245.3
2024-08-14 23:30:00,3.595,3.595,3.578,3.58,2449.9
2024-08-15 00:00:00,3.58,3.597,3.573,3.591,9072.1
2024-08-15 00:30:00,3.591,3.612,3.59,3.602,4762.9
2024-08-15 01:00:00,3.602,3.606,3.584,3.585,4095.3
2024-08-15 01:30:00,3.585,3.599,3.574,3.582,5839.0
2024-08-15 02:00:00,3.582,3.607,3.568,3.607,3374.5
2024-08-15 02:30:00,3.607,3.633,3.599,3.609,3616.8
2024-08-15 03:00:00,3.609,3.632,3.608,3.628,2819.3
2024-08-15 03:30:00,3.628,3.636,3.626,3.627,2532.7
2024-08-15 04:00:00,3.627,3.646,3.627,3.637,7371.0
2024-08-15 04:30:00,3.637,3.653,3.63,3.643,8261.0
2024-08-15 05:00:00,3.643,3.65,3.617,3.632,3434.3
2024-08-15 05:30:00,3.632,3.644,3.601,3.603,3039.8
2024-08-15 06:00:00,3.603,3.626,3.594,3.604,6687.1
2024-08-15 06:30:00,3.604,3.613,3.581,3.592,5195.8
2024-08-15 07:00:00,3.592,3.609,3.579,3.581,2867.3
2024-08-15 07:30:00,3.581,3.608,3.581,3.606,4402.1
2024-08-15 08:00:00,3.606,3.626,3.59,3.623,4047.2
2024-08-15 08:30:00,3.623,3.635,3.618,3.631,5408.5
2024-08-15 09:00:00,3.631,3.648,3.631,3.631,3247.8
2024-08-15 09:30:00,3.631,3.641,3.616,3.619,1319.2
2024-08-15 10:00:00,3.619,3.623,3.606,3.617,6974.9
2024-08-15 10:30:00,3.617,3.618,3.601,3.605,5302.8
2024-08-15 11:00:00,3.605,3.637,3.605,3.633,10151.3
2024-08-15 11:30:00,3.633,3.636,3.621,3.635,4244.1
2024-08-15 12:00:00,3.635,3.638,3.618,3.626,2133.1
2024-08-15 12:30:00,3.626,3.666,3.623,3.629,12002.6
2024-08-15 13:00:00,3.629,3.659,3.611,3.655,5753.2
2024-08-15 13:30:00,3.655,3.667,3.643,3.661,6798.4
2024-08-15 14:00:00,3.661,3.673,3.64,3.654,6204.7
2024-08-15 14:30:00,3.654,3.672,3.649,3.654,1491.7
2024-08-15 15:00:00,3.654,3.667,3.631,3.655,1933.2
2024-08-15 15:30:00,3.655,3.66,3.639,3.641,2609.4
2024-08-15 16:00:00,3.641,3.656,3.631,3.643,2747.1
2024-08-15 16:30:00,3.643,3.643,3.606,3.621,6827.9
2024-08-15 17:00:00,3.621,3.624,3.599,3.607,2937.0
2024-08-15 17:30:00,3.607,3.607,3.527,3.53,14833.2
2024-08-15 18:00:00,3.53,3.53,3.424,3.446,87443.9
2024-08-15 18:30:00,3.446,3.474,3.429,3.472,12373.3
2024-08-15 19:00:00,3.472,3.473,3.444,3.46,6758.2
2024-08-15 19:30:00,3.46,3.471,3.433,3.462,13253.2
2024-08-15 20:00:00,3.462,3.465,3.434,3.459,8087.7
2024-08-15 20:30:00,3.459,3.469,3.443,3.468,8938.2
2024-08-15 21:00:00,3.468,3.474,3.442,3.461,3989.3
2024-08-15 21:30:00,3.461,3.474,3.443,3.474,17161.9
2024-08-15 22:00:00,3.474,3.486,3.455,3.486,8077.6
2024-08-15 22:30:00,3.486,3.514,3.483,3.497,2605.4
2024-08-15 23:00:00,3.497,3.514,3.492,3.508,7040.3
2024-08-15 23:30:00,3.508,3.52,3.496,3.5,2515.0
2024-08-16 00:00:00,3.5,3.525,3.495,3.513,4551.1
2024-08-16 00:30:00,3.513,3.528,3.513,3.518,5542.0
2024-08-16 01:00:00,3.518,3.526,3.498,3.5,1569.8
2024-08-16 01:30:00,3.5,3.509,3.491,3.509,3234.4
2024-08-16 02:00:00,3.509,3.514,3.485,3.514,1920.2
2024-08-16 02:30:00,3.514,3.554,3.509,3.52,3812.5
2024-08-16 03:00:00,3.52,3.527,3.51,3.519,2189.6
2024-08-16 03:30:00,3.519,3.523,3.506,3.508,2234.8
2024-08-16 04:00:00,3.508,3.52,3.502,3.519,12494.9
2024-08-16 04:30:00,3.519,3.531,3.517,3.529,2449.5
2024-08-16 05:00:00,3.529,3.533,3.521,3.532,2735.4
2024-08-16 05:30:00,3.532,3.549,3.532,3.541,4572.4
2024-08-16 06:00:00,3.541,3.563,3.535,3.56,5145.5
2024-08-16 06:30:00,3.56,3.579,3.559,3.567,7112.4
2024-08-16 07:00:00,3.567,3.571,3.545,3.559,5208.9
2024-08-16 07:30:00,3.559,3.57,3.554,3.557,3525.6
2024-08-16 08:00:00,3.557,3.56,3.544,3.547,4719.1
2024-08-16 08:30:00,3.547,3.554,3.534,3.539,6229.4
2024-08-16 09:00:00,3.539,3.548,3.531,3.535,7573.9
2024-08-16 09:30:00,3.535,3.552,3.527,3.55,2406.1
2024-08-16 10:00:00,3.55,3.553,3.53,3.536,9828.3
2024-08-16 10:30:00,3.536,3.544,3.531,3.538,3364.1
2024-08-16 11:00:00,3.538,3.542,3.52,3.526,6135.0
2024-08-16 11:30:00,3.526,3.531,3.504,3.511,5769.9
2024-08-16 12:00:00,3.511,3.524,3.469,3.474,8506.4
2024-08-16 12:30:00,3.474,3.474,3.404,3.435,39890.8
2024-08-16 13:00:00,3.435,3.509,3.426,3.498,8043.7
2024-08-16 13:30:00,3.498,3.53,3.451,3.488,16868.5
2024-08-16 14:00:00,3.488,3.498,3.445,3.46,11150.8
2024-08-16 14:30:00,3.46,3.515,3.453,3.478,95157.2
2024-08-16 15:00:00,3.478,3.499,3.452,3.466,10477.7
2024-08-16 15:30:00,3.466,3.472,3.43,3.447,9025.3
2024-08-16 16:00:00,3.447,3.51,3.437,3.509,7607.9
2024-08-16 16:30:00,3.509,3.516,3.469,3.484,5160.3
2024-08-16 17:00:00,3.484,3.484,3.445,3.469,4349.8
2024-08-16 17:30:00,3.469,3.537,3.469,3.526,10354.0
2024-08-16 18:00:00,3.526,3.55,3.514,3.529,7884.4
2024-08-16 18:30:00,3.529,3.546,3.523,3.538,4894.8
2024-08-16 19:00:00,3.538,3.548,3.525,3.543,3175.0
2024-08-16 19:30:00,3.543,3.547,3.527,3.541,2914.0
2024-08-16 20:00:00,3.541,3.568,3.539,3.566,4892.0
2024-08-16 20:30:00,3.566,3.573,3.525,3.527,146167.7
2024-08-16 21:00:00,3.527,3.527,3.5,3.515,5130.7
2024-08-16 21:30:00,3.515,3.52,3.497,3.503,6049.4
2024-08-16 22:00:00,3.503,3.513,3.498,3.51,4834.1
2024-08-16 22:30:00,3.51,3.514,3.497,3.498,3112.0
2024-08-16 23:00:00,3.498,3.506,3.484,3.503,4098.9
2024-08-16 23:30:00,3.503,3.508,3.491,3.495,3051.5
2024-08-17 00:00:00,3.495,3.504,3.485,3.493,9970.6
2024-08-17 00:30:00,3.493,3.512,3.481,3.512,6618.6
2024-08-17 01:00:00,3.512,3.52,3.504,3.513,8457.7
2024-08-17 01:30:00,3.513,3.516,3.502,3.503,2764.5
2024-08-17 02:00:00,3.503,3.515,3.493,3.5,5661.5
2024-08-17 02:30:00,3.5,3.51,3.495,3.495,2160.8
2024-08-17 03:00:00,3.495,3.511,3.495,3.504,2691.0
2024-08-17 03:30:00,3.504,3.506,3.486,3.492,2845.8
2024-08-17 04:00:00,3.492,3.505,3.484,3.501,2522.8
2024-08-17 04:30:00,3.501,3.516,3.501,3.516,2184.8
2024-08-17 05:00:00,3.516,3.516,3.502,3.512,3772.8
2024-08-17 05:30:00,3.512,3.519,3.509,3.511,6153.2
2024-08-17 06:00:00,3.511,3.531,3.503,3.521,18352.8
2024-08-17 06:30:00,3.521,3.526,3.512,3.518,5704.2
2024-08-17 07:00:00,3.518,3.527,3.507,3.522,7501.7
2024-08-17 07:30:00,3.522,3.525,3.513,3.518,9818.3
2024-08-17 08:00:00,3.518,3.524,3.515,3.515,2865.8
2024-08-17 08:30:00,3.515,3.522,3.508,3.518,3274.9
2024-08-17 09:00:00,3.518,3.522,3.509,3.518,4147.8
2024-08-17 09:30:00,3.518,3.533,3.515,3.526,7598.4
2024-08-17 10:00:00,3.526,3.533,3.51,3.515,8595.1
2024-08-17 10:30:00,3.515,3.529,3.507,3.511,7558.3
2024-08-17 11:00:00,3.511,3.521,3.501,3.516,4532.1
2024-08-17 11:30:00,3.516,3.518,3.503,3.512,4239.7
2024-08-17 12:00:00,3.512,3.522,3.503,3.52,10888.6
2024-08-17 12:30:00,3.52,3.538,3.519,3.533,10527.5
2024-08-17 13:00:00,3.533,3.547,3.53,3.535,9724.2
2024-08-17 13:30:00,3.535,3.541,3.516,3.52,8831.5
2024-08-17 14:00:00,3.52,3.532,3.506,3.515,7071.0
2024-08-17 14:30:00,3.515,3.535,3.513,3.527,92250.9
2024-08-17 15:00:00,3.527,3.546,3.523,3.53,5487.2
2024-08-17 15:30:00,3.53,3.542,3.523,3.525,8934.8
2024-08-17 16:00:00,3.525,3.553,3.522,3.549,5846.9
2024-08-17 16:30:00,3.549,3.549,3.53,3.548,6400.5
2024-08-17 17:00:00,3.548,3.559,3.545,3.559,11909.5
2024-08-17 17:30:00,3.559,3.571,3.546,3.546,3120.6
2024-08-17 18:00:00,3.546,3.551,3.535,3.541,3929.9
2024-08-17 18:30:00,3.541,3.547,3.538,3.546,3572.5
2024-08-17 19:00:00,3.546,3.551,3.538,3.543,3063.9
2024-08-17 19:30:00,3.543,3.554,3.538,3.551,2995.3
2024-08-17 20:00:00,3.551,3.557,3.542,3.543,1273.8
2024-08-17 20:30:00,3.543,3.555,3.543,3.548,1448.7
2024-08-17 21:00:00,3.548,3.557,3.545,3.554,3546.5
2024-08-17 21:30:00,3.554,3.565,3.55,3.564,2960.2
2024-08-17 22:00:00,3.564,3.583,3.562,3.567,7874.0
2024-08-17 22:30:00,3.567,3.568,3.559,3.561,3134.2
2024-08-17 23:00:00,3.561,3.573,3.558,3.56,3567.2
2024-08-17 23:30:00,3.56,3.566,3.556,3.566,4494.3
2024-08-18 00:00:00,3.566,3.566,3.547,3.558,1928.2
2024-08-18 00:30:00,3.558,3.572,3.556,3.562,3348.6
2024-08-18 01:00:00,3.562,3.564,3.541,3.55,2860.7
2024-08-18 01:30:00,3.55,3.553,3.535,3.539,2086.8
2024-08-18 02:00:00,3.539,3.542,3.529,3.534,2920.4
2024-08-18 02:30:00,3.534,3.567,3.531,3.563,2450.6
2024-08-18 03:00:00,3.563,3.571,3.532,3.538,6973.8
2024-08-18 03:30:00,3.538,3.539,3.524,3.524,5139.0
2024-08-18 04:00:00,3.524,3.526,3.514,3.52,3188.5
2024-08-18 04:30:00,3.52,3.532,3.507,3.528,1551.9
2024-08-18 05:00:00,3.528,3.537,3.525,3.527,2751.4
2024-08-18 05:30:00,3.527,3.532,3.52,3.527,2541.1
2024-08-18 06:00:00,3.527,3.537,3.522,3.531,2360.1
2024-08-18 06:30:00,3.531,3.54,3.529,3.535,2343.1
2024-08-18 07:00:00,3.535,3.536,3.524,3.527,975.6
2024-08-18 07:30:00,3.527,3.53,3.521,3.523,2076.9
2024-08-18 08:00:00,3.523,3.534,3.521,3.531,2233.4
2024-08-18 08:30:00,3.531,3.539,3.525,3.539,1820.6
2024-08-18 09:00:00,3.539,3.547,3.538,3.542,6272.2
2024-08-18 09:30:00,3.542,3.558,3.524,3.55,10742.3
2024-08-18 10:00:00,3.55,3.575,3.547,3.572,11535.6
2024-08-18 10:30:00,3.572,3.592,3.563,3.573,25449.5
2024-08-18 11:00:00,3.573,3.584,3.567,3.573,12096.0
2024-08-18 11:30:00,3.573,3.583,3.567,3.582,4643.6
2024-08-18 12:00:00,3.582,3.591,3.567,3.588,1488.9
2024-08-18 12:30:00,3.588,3.626,3.588,3.6,6777.0
2024-08-18 13:00:00,3.6,3.62,3.598,3.616,6147.1
2024-08-18 13:30:00,3.616,3.623,3.583,3.591,7946.3
2024-08-18 14:00:00,3.591,3.599,3.584,3.589,10231.7
2024-08-18 14:30:00,3.589,3.597,3.572,3.591,8478.5
2024-08-18 15:00:00,3.591,3.61,3.579,3.604,8859.8
2024-08-18 15:30:00,3.604,3.613,3.598,3.603,1950.3
2024-08-18 16:00:00,3.603,3.611,3.588,3.591,12086.3
2024-08-18 16:30:00,3.591,3.61,3.589,3.597,4185.9
2024-08-18 17:00:00,3.597,3.606,3.576,3.579,21924.2
2024-08-18 17:30:00,3.579,3.59,3.568,3.577,8194.3
2024-08-18 18:00:00,3.577,3.587,3.568,3.582,4205.9
2024-08-18 18:30:00,3.582,3.601,3.582,3.596,3317.5
2024-08-18 19:00:00,3.596,3.605,3.59,3.601,3333.0
2024-08-18 19:30:00,3.601,3.611,3.599,3.611,3937.3
2024-08-18 20:00:00,3.611,3.625,3.606,3.608,69609.8
2024-08-18 20:30:00,3.608,3.621,3.603,3.615,21312.4
2024-08-18 21:00:00,3.615,3.619,3.605,3.607,3053.0
2024-08-18 21:30:00,3.607,3.614,3.585,3.597,2671.8
2024-08-18 22:00:00,3.597,3.617,3.595,3.608,3044.1
2024-08-18 22:30:00,3.608,3.612,3.595,3.595,6347.2
2024-08-18 23:00:00,3.595,3.604,3.565,3.569,3148.9
2024-08-18 23:30:00,3.569,3.573,3.542,3.543,8987.3
2024-08-19 00:00:00,3.543,3.552,3.526,3.541,9685.7
2024-08-19 00:30:00,3.541,3.549,3.529,3.532,4200.3
2024-08-19 01:00:00,3.532,3.561,3.528,3.559,2480.1
2024-08-19 01:30:00,3.559,3.594,3.558,3.576,17449.4
2024-08-19 02:00:00,3.576,3.582,3.561,3.581,7431.3
2024-08-19 02:30:00,3.581,3.594,3.571,3.587,3025.8
2024-08-19 03:00:00,3.587,3.59,3.567,3.576,2349.8
2024-08-19 03:30:00,3.576,3.586,3.571,3.577,2809.8
2024-08-19 04:00:00,3.577,3.579,3.561,3.57,3955.7
2024-08-19 04:30:00,3.57,3.572,3.556,3.565,3669.1
2024-08-19 05:00:00,3.565,3.571,3.547,3.547,2654.5
2024-08-19 05:30:00,3.547,3.564,3.546,3.554,3336.0
2024-08-19 06:00:00,3.554,3.559,3.542,3.548,2823.6
2024-08-19 06:30:00,3.548,3.571,3.548,3.563,8071.7
2024-08-19 07:00:00,3.563,3.574,3.556,3.561,5588.3
2024-08-19 07:30:00,3.561,3.569,3.557,3.563,2996.9
2024-08-19 08:00:00,3.563,3.579,3.557,3.578,5983.2
2024-08-19 08:30:00,3.578,3.588,3.575,3.583,4167.2
2024-08-19 09:00:00,3.583,3.601,3.578,3.6,3993.4
2024-08-19 09:30:00,3.6,3.616,3.551,3.561,11167.0
2024-08-19 10:00:00,3.561,3.586,3.538,3.583,8344.2
2024-08-19 10:30:00,3.583,3.585,3.568,3.57,3107.5
2024-08-19 11:00:00,3.57,3.592,3.553,3.554,9081.0
2024-08-19 11:30:00,3.554,3.597,3.549,3.589,11570.7
2024-08-19 12:00:00,3.589,3.599,3.574,3.585,9346.9
2024-08-19 12:30:00,3.585,3.591,3.574,3.575,4169.7
2024-08-19 13:00:00,3.575,3.611,3.574,3.604,5271.0
2024-08-19 13:30:00,3.604,3.616,3.557,3.566,8093.4
2024-08-19 14:00:00,3.566,3.576,3.542,3.551,23912.4
2024-08-19 14:30:00,3.551,3.577,3.539,3.573,2984.7
2024-08-19 15:00:00,3.573,3.595,3.567,3.574,2900.1
2024-08-19 15:30:00,3.574,3.588,3.564,3.566,4938.9
2024-08-19 16:00:00,3.566,3.574,3.552,3.56,3050.3
2024-08-19 16:30:00,3.56,3.568,3.539,3.568,3039.1
2024-08-19 17:00:00,3.568,3.591,3.565,3.586,3017.6
2024-08-19 17:30:00,3.586,3.633,3.58,3.598,8226.1
2024-08-19 18:00:00,3.598,3.61,3.579,3.6,6496.6
2024-08-19 18:30:00,3.6,3.617,3.593,3.606,8534.6
2024-08-19 19:00:00,3.606,3.611,3.597,3.605,2757.4
2024-08-19 19:30:00,3.605,3.606,3.585,3.595,6991.0
2024-08-19 20:00:00,3.595,3.61,3.594,3.605,5244.2
2024-08-19 20:30:00,3.605,3.613,3.601,3.601,3551.8
2024-08-19 21:00:00,3.601,3.609,3.595,3.598,4526.2
2024-08-19 21:30:00,3.598,3.605,3.579,3.581,9761.9
2024-08-19 22:00:00,3.581,3.595,3.574,3.579,10723.8
2024-08-19 22:30:00,3.579,3.604,3.579,3.597,9712.9
2024-08-19 23:00:00,3.597,3.618,3.587,3.605,11298.1
2024-08-19 23:30:00,3.605,3.623,3.605,3.62,78747.0
2024-08-20 00:00:00,3.62,3.656,3.61,3.654,11240.4
2024-08-20 00:30:00,3.654,3.678,3.647,3.66,26055.2
2024-08-20 01:00:00,3.66,3.685,3.656,3.656,12977.7
2024-08-20 01:30:00,3.656,3.663,3.645,3.659,9536.1
2024-08-20 02:00:00,3.659,3.665,3.644,3.647,8324.7
2024-08-20 02:30:00,3.647,3.662,3.646,3.66,2905.0
2024-08-20 03:00:00,3.66,3.664,3.647,3.658,3107.1
2024-08-20 03:30:00,3.658,3.66,3.65,3.658,2973.3
2024-08-20 04:00:00,3.658,3.675,3.658,3.665,8606.3
2024-08-20 04:30:00,3.665,3.674,3.657,3.67,4919.0
2024-08-20 05:00:00,3.67,3.694,3.665,3.68,7028.9
2024-08-20 05:30:00,3.68,3.685,3.667,3.673,4172.5
2024-08-20 06:00:00,3.673,3.677,3.661,3.67,6953.4
2024-08-20 06:30:00,3.67,3.675,3.662,3.668,10593.4
2024-08-20 07:00:00,3.668,3.669,3.655,3.661,2599.7
2024-08-20 07:30:00,3.661,3.675,3.659,3.666,6673.3
2024-08-20 08:00:00,3.666,3.673,3.642,3.646,5448.8
2024-08-20 08:30:00,3.646,3.654,3.635,3.645,10279.0
2024-08-20 09:00:00,3.645,3.658,3.64,3.655,4815.4
2024-08-20 09:30:00,3.655,3.66,3.648,3.655,5009.3
2024-08-20 10:00:00,3.655,3.658,3.642,3.648,5022.1
2024-08-20 10:30:00,3.648,3.651,3.637,3.641,7454.8
2024-08-20 11:00:00,3.641,3.643,3.625,3.632,5237.0
2024-08-20 11:30:00,3.632,3.64,3.623,3.631,8355.8
2024-08-20 12:00:00,3.631,3.647,3.628,3.642,7082.0
2024-08-20 12:30:00,3.642,3.651,3.642,3.648,8055.3
2024-08-20 13:00:00,3.648,3.648,3.631,3.644,5224.7
2024-08-20 13:30:00,3.644,3.676,3.632,3.664,2649.2
2024-08-20 14:00:00,3.664,3.669,3.603,3.615,18115.5
2024-08-20 14:30:00,3.615,3.629,3.605,3.605,8096.9
2024-08-20 15:00:00,3.605,3.628,3.551,3.607,24552.5
2024-08-20 15:30:00,3.607,3.611,3.584,3.591,10530.3
2024-08-20 16:00:00,3.591,3.613,3.585,3.613,9438.7
2024-08-20 16:30:00,3.613,3.628,3.608,3.625,4518.4
2024-08-20 17:00:00,3.625,3.638,3.619,3.625,5735.4
2024-08-20 17:30:00,3.625,3.637,3.614,3.632,9065.5
2024-08-20 18:00:00,3.632,3.662,3.626,3.648,8515.6
2024-08-20 18:30:00,3.648,3.671,3.644,3.659,5123.8
2024-08-20 19:00:00,3.659,3.675,3.659,3.665,7650.8
2024-08-20 19:30:00,3.665,3.694,3.665,3.682,5950.8
2024-08-20 20:00:00,3.682,3.703,3.677,3.69,12199.1
2024-08-20 20:30:00,3.69,3.697,3.674,3.674,7113.4
2024-08-20 21:00:00,3.674,3.679,3.652,3.677,5603.3
2024-08-20 21:30:00,3.677,3.681,3.671,3.671,2988.6
2024-08-20 22:00:00,3.671,3.686,3.671,3.672,4485.7
2024-08-20 22:30:00,3.672,3.674,3.661,3.668,3795.7
2024-08-20 23:00:00,3.668,3.671,3.65,3.653,8035.9
2024-08-20 23:30:00,3.653,3.658,3.645,3.647,3853.7
2024-08-21 00:00:00,3.647,3.659,3.647,3.656,2649.8
2024-08-21 00:30:00,3.656,3.657,3.634,3.634,7370.7
2024-08-21 01:00:00,3.634,3.636,3.603,3.626,35820.5
2024-08-21 01:30:00,3.626,3.644,3.615,3.641,4245.1
2024-08-21 02:00:00,3.641,3.665,3.64,3.652,68602.2
2024-08-21 02:30:00,3.652,3.663,3.648,3.653,9420.8
2024-08-21 03:00:00,3.653,3.662,3.649,3.654,3690.2
2024-08-21 03:30:00,3.654,3.657,3.647,3.655,8691.3
2024-08-21 04:00:00,3.655,3.664,3.652,3.663,4560.7
2024-08-21 04:30:00,3.663,3.676,3.659,3.676,11935.0
2024-08-21 05:00:00,3.676,3.679,3.666,3.676,12443.5
2024-08-21 05:30:00,3.676,3.685,3.667,3.678,3171.2
2024-08-21 06:00:00,3.678,3.699,3.677,3.693,5000.1
2024-08-21 06:30:00,3.693,3.696,3.672,3.674,4770.4
2024-08-21 07:00:00,3.674,3.693,3.674,3.691,6854.7
2024-08-21 07:30:00,3.691,3.691,3.674,3.685,2059.3
2024-08-21 08:00:00,3.685,3.695,3.661,3.669,10948.1
2024-08-21 08:30:00,3.669,3.68,3.662,3.665,10526.7
2024-08-21 09:00:00,3.665,3.671,3.638,3.649,8070.9
2024-08-21 09:30:00,3.649,3.66,3.644,3.657,8129.2
2024-08-21 10:00:00,3.657,3.663,3.648,3.656,4035.5
2024-08-21 10:30:00,3.656,3.678,3.653,3.677,10915.6
2024-08-21 11:00:00,3.677,3.679,3.664,3.669,6172.9
2024-08-21 11:30:00,3.669,3.673,3.663,3.666,3577.6
2024-08-21 12:00:00,3.666,3.674,3.65,3.659,2677.6
2024-08-21 12:30:00,3.659,3.676,3.657,3.658,2373.7
2024-08-21 13:00:00,3.658,3.672,3.658,3.664,3216.3
2024-08-21 13:30:00,3.664,3.688,3.611,3.681,16224.3
2024-08-21 14:00:00,3.681,3.696,3.629,3.656,19772.1
2024-08-21 14:30:00,3.656,3.685,3.636,3.653,11267.6
2024-08-21 15:00:00,3.653,3.683,3.648,3.667,4060.2
2024-08-21 15:30:00,3.667,3.68,3.664,3.671,15934.1
2024-08-21 16:00:00,3.671,3.676,3.654,3.667,3371.9
2024-08-21 16:30:00,3.667,3.693,3.664,3.688,4965.3
2024-08-21 17:00:00,3.688,3.716,3.676,3.716,13544.4
2024-08-21 17:30:00,3.716,3.737,3.709,3.737,12598.5
2024-08-21 18:00:00,3.737,3.765,3.732,3.764,15762.7
2024-08-21 18:30:00,3.764,3.805,3.76,3.797,22285.0
2024-08-21 19:00:00,3.797,3.836,3.795,3.817,26684.3
2024-08-21 19:30:00,3.817,3.823,3.8,3.819,12727.8
2024-08-21 20:00:00,3.819,3.832,3.802,3.809,12019.0
2024-08-21 20:30:00,3.809,3.819,3.8,3.815,8597.9
2024-08-21 21:00:00,3.815,3.818,3.79,3.806,22383.5
2024-08-21 21:30:00,3.806,3.818,3.801,3.813,4919.6
2024-08-21 22:00:00,3.813,3.822,3.801,3.806,7680.5
2024-08-21 22:30:00,3.806,3.815,3.793,3.795,2879.3
2024-08-21 23:00:00,3.795,3.798,3.786,3.79,4721.2
2024-08-21 23:30:00,3.79,3.793,3.776,3.793,1840.8
2024-08-22 00:00:00,3.793,3.809,3.792,3.801,6086.3
2024-08-22 00:30:00,3.801,3.812,3.79,3.79,1991.9
2024-08-22 01:00:00,3.79,3.812,3.788,3.808,3943.7
2024-08-22 01:30:00,3.808,3.814,3.802,3.811,3121.3
2024-08-22 02:00:00,3.811,3.819,3.8,3.8,5436.4
2024-08-22 02:30:00,3.8,3.818,3.757,3.795,32763.6
2024-08-22 03:00:00,3.795,3.813,3.785,3.808,3063.9
2024-08-22 03:30:00,3.808,3.813,3.794,3.8,7748.5
2024-08-22 04:00:00,3.8,3.813,3.796,3.812,3138.6
2024-08-22 04:30:00,3.812,3.818,3.803,3.815,8680.7
2024-08-22 05:00:00,3.815,3.818,3.803,3.809,4906.2
2024-08-22 05:30:00,3.809,3.813,3.803,3.811,6192.3
2024-08-22 06:00:00,3.811,3.829,3.808,3.826,11061.9
2024-08-22 06:30:00,3.826,3.832,3.817,3.829,7708.3
2024-08-22 07:00:00,3.829,3.851,3.828,3.84,8406.3
2024-08-22 07:30:00,3.84,3.85,3.837,3.845,38163.9
2024-08-22 08:00:00,3.845,3.874,3.834,3.866,18569.3
2024-08-22 08:30:00,3.866,3.872,3.855,3.858,12450.9
2024-08-22 09:00:00,3.858,3.883,3.856,3.88,25838.8
2024-08-22 09:30:00,3.88,3.892,3.864,3.865,9285.8
2024-08-22 10:00:00,3.865,3.897,3.858,3.896,6901.4
2024-08-22 10:30:00,3.896,3.897,3.882,3.895,7822.7
2024-08-22 11:00:00,3.895,3.899,3.877,3.895,10114.1
2024-08-22 11:30:00,3.895,3.938,3.894,3.925,17274.0
2024-08-22 12:00:00,3.925,3.929,3.907,3.913,10889.4
2024-08-22 12:30:00,3.913,3.914,3.875,3.88,79564.2
2024-08-22 13:00:00,3.88,3.904,3.88,3.898,6902.5
2024-08-22 13:30:00,3.898,3.919,3.878,3.912,15886.2
2024-08-22 14:00:00,3.912,3.916,3.886,3.894,27131.9
2024-08-22 14:30:00,3.894,3.904,3.885,3.901,7986.0
2024-08-22 15:00:00,3.901,3.934,3.897,3.91,16113.6
2024-08-22 15:30:00,3.91,3.913,3.882,3.901,31224.6
2024-08-22 16:00:00,3.901,3.911,3.887,3.899,4059.9
2024-08-22 16:30:00,3.899,3.912,3.894,3.895,3333.4
2024-08-22 17:00:00,3.895,3.901,3.883,3.889,5329.6
2024-08-22 17:30:00,3.889,3.893,3.875,3.886,5293.1
2024-08-22 18:00:00,3.886,3.899,3.88,3.893,3948.7
2024-08-22 18:30:00,3.893,3.898,3.876,3.88,3699.5
2024-08-22 19:00:00,3.88,3.892,3.865,3.87,7133.3
2024-08-22 19:30:00,3.87,3.877,3.863,3.865,2736.3
2024-08-22 20:00:00,3.865,3.881,3.865,3.873,5758.5
2024-08-22 20:30:00,3.873,3.894,3.873,3.894,10680.1
2024-08-22 21:00:00,3.894,3.903,3.886,3.902,4034.3
2024-08-22 21:30:00,3.902,3.905,3.893,3.902,3655.3
2024-08-22 22:00:00,3.902,3.92,3.9,3.919,9019.8
2024-08-22 22:30:00,3.919,3.931,3.918,3.93,15664.6
2024-08-22 23:00:00,3.93,3.937,3.916,3.937,3061.0
2024-08-22 23:30:00,3.937,3.948,3.932,3.944,6672.4
2024-08-23 00:00:00,3.944,4.018,3.939,4.018,43091.8
2024-08-23 00:30:00,4.018,4.056,4.011,4.027,29955.4
2024-08-23 01:00:00,4.027,4.041,3.998,3.999,33279.1
2024-08-23 01:30:00,3.999,4.036,3.993,4.018,41458.0
2024-08-23 02:00:00,4.018,4.024,3.994,3.998,25137.0
2024-08-23 02:30:00,3.998,4.006,3.991,4.001,9053.4
2024-08-23 03:00:00,4.001,4.013,3.992,4.01,4432.7
2024-08-23 03:30:00,4.01,4.018,4.001,4.004,13676.6
2024-08-23 04:00:00,4.004,4.01,3.996,4.001,11963.3
2024-08-23 04:30:00,4.001,4.002,3.987,3.997,11916.6
2024-08-23 05:00:00,3.997,4.017,3.994,4.007,7236.0
2024-08-23 05:30:00,4.007,4.007,3.989,3.989,7561.0
2024-08-23 06:00:00,3.989,4.008,3.989,3.996,22806.8
2024-08-23 06:30:00,3.996,4.024,3.992,4.013,23985.6
2024-08-23 07:00:00,4.013,4.016,4.004,4.013,6550.0
2024-08-23 07:30:00,4.013,4.023,4.0,4.018,7478.3
2024-08-23 08:00:00,4.018,4.029,4.014,4.019,10393.5
2024-08-23 08:30:00,4.019,4.049,4.011,4.048,16582.3
2024-08-23 09:00:00,4.048,4.049,4.03,4.048,8509.0
2024-08-23 09:30:00,4.048,4.053,4.033,4.043,6466.5
2024-08-23 10:00:00,4.043,4.087,4.039,4.077,46418.6
2024-08-23 10:30:00,4.077,4.114,4.077,4.105,35532.5
2024-08-23 11:00:00,4.105,4.111,4.056,4.074,18204.9
2024-08-23 11:30:00,4.074,4.082,4.053,4.053,29613.7
2024-08-23 12:00:00,4.053,4.095,4.053,4.086,10019.3
2024-08-23 12:30:00,4.086,4.125,4.081,4.121,19430.7
2024-08-23 13:00:00,4.121,4.14,4.097,4.109,18999.3
2024-08-23 13:30:00,4.109,4.134,4.088,4.114,21290.6
2024-08-23 14:00:00,4.114,4.167,4.106,4.155,283371.8
2024-08-23 14:30:00,4.155,4.155,4.066,4.131,226668.6
2024-08-23 15:00:00,4.131,4.166,4.122,4.129,202635.8
2024-08-23 15:30:00,4.129,4.18,4.123,4.154,19594.2
2024-08-23 16:00:00,4.154,4.167,4.13,4.134,8921.6
2024-08-23 16:30:00,4.134,4.159,4.131,4.147,3661.1
2024-08-23 17:00:00,4.147,4.166,4.133,4.164,5059.0
2024-08-23 17:30:00,4.164,4.215,4.151,4.214,14892.3
2024-08-23 18:00:00,4.214,4.235,4.19,4.223,10818.4
2024-08-23 18:30:00,4.223,4.266,4.22,4.249,9256.3
2024-08-23 19:00:00,4.249,4.278,4.234,4.272,9628.7
2024-08-23 19:30:00,4.272,4.272,4.244,4.251,5849.2
2024-08-23 20:00:00,4.251,4.287,4.251,4.28,6326.2
2024-08-23 20:30:00,4.28,4.28,4.256,4.261,4599.7
2024-08-23 21:00:00,4.261,4.282,4.241,4.263,6773.5
2024-08-23 21:30:00,4.263,4.271,4.24,4.262,18356.4
2024-08-23 22:00:00,4.262,4.288,4.257,4.273,3850.3
2024-08-23 22:30:00,4.273,4.281,4.217,4.233,19425.1
2024-08-23 23:00:00,4.233,4.247,4.233,4.233,7733.3
2024-08-23 23:30:00,4.233,4.234,4.211,4.221,3933.7
2024-08-24 00:00:00,4.221,4.242,4.214,4.228,9528.7
2024-08-24 00:30:00,4.228,4.268,4.226,4.24,4310.8
2024-08-24 01:00:00,4.24,4.245,4.224,4.227,5996.2
2024-08-24 01:30:00,4.227,4.246,4.224,4.241,3888.6
2024-08-24 02:00:00,4.241,4.241,4.224,4.23,20391.0
2024-08-24 02:30:00,4.23,4.23,4.215,4.225,2147.2
2024-08-24 03:00:00,4.225,4.226,4.207,4.213,2843.2
2024-08-24 03:30:00,4.213,4.221,4.19,4.196,7826.8
2024-08-24 04:00:00,4.196,4.213,4.195,4.211,4248.1
2024-08-24 04:30:00,4.211,4.219,4.197,4.197,5984.3
2024-08-24 05:00:00,4.197,4.216,4.194,4.213,2865.4
2024-08-24 05:30:00,4.213,4.214,4.204,4.21,2822.9
2024-08-24 06:00:00,4.21,4.22,4.2,4.219,3157.0
2024-08-24 06:30:00,4.219,4.232,4.203,4.204,4113.0
2024-08-24 07:00:00,4.204,4.222,4.201,4.219,3567.5
2024-08-24 07:30:00,4.219,4.237,4.218,4.232,2897.4
2024-08-24 08:00:00,4.232,4.234,4.22,4.23,1874.7
2024-08-24 08:30:00,4.23,4.261,4.225,4.259,2827.7
2024-08-24 09:00:00,4.259,4.259,4.23,4.242,3112.0
2024-08-24 09:30:00,4.242,4.285,4.241,4.279,26042.4
2024-08-24 10:00:00,4.279,4.297,4.267,4.294,32434.3
2024-08-24 10:30:00,4.294,4.328,4.293,4.302,16140.3
2024-08-24 11:00:00,4.302,4.331,4.301,4.315,16349.7
2024-08-24 11:30:00,4.315,4.335,4.308,4.31,7436.2
2024-08-24 12:00:00,4.31,4.323,4.295,4.315,5355.3
2024-08-24 12:30:00,4.315,4.315,4.265,4.271,9642.8
2024-08-24 13:00:00,4.271,4.308,4.269,4.298,2377.6
2024-08-24 13:30:00,4.298,4.325,4.286,4.299,4377.8
2024-08-24 14:00:00,4.299,4.309,4.285,4.303,2501.9
2024-08-24 14:30:00,4.303,4.308,4.283,4.292,2671.6
2024-08-24 15:00:00,4.292,4.292,4.254,4.266,11366.4
2024-08-24 15:30:00,4.266,4.27,4.233,4.246,4446.9
2024-08-24 16:00:00,4.246,4.279,4.242,4.276,4097.6
2024-08-24 16:30:00,4.276,4.29,4.267,4.28,5900.2
2024-08-24 17:00:00,4.28,4.303,4.257,4.263,3202.4
2024-08-24 17:30:00,4.263,4.285,4.246,4.251,3847.4
2024-08-24 18:00:00,4.251,4.315,4.242,4.297,4040.9
2024-08-24 18:30:00,4.297,4.299,4.27,4.281,7897.1
2024-08-24 19:00:00,4.281,4.3,4.28,4.293,9767.1
2024-08-24 19:30:00,4.293,4.296,4.274,4.281,1989.1
2024-08-24 20:00:00,4.281,4.294,4.276,4.286,1858.3
2024-08-24 20:30:00,4.286,4.292,4.262,4.266,4556.2
2024-08-24 21:00:00,4.266,4.266,4.205,4.214,21918.6
2024-08-24 21:30:00,4.214,4.227,4.162,4.183,21111.6
2024-08-24 22:00:00,4.183,4.212,4.179,4.186,9912.0
2024-08-24 22:30:00,4.186,4.216,4.185,4.206,1252.1
2024-08-24 23:00:00,4.206,4.228,4.206,4.221,3177.2
2024-08-24 23:30:00,4.221,4.246,4.215,4.239,4137.4
2024-08-25 00:00:00,4.239,4.255,4.23,4.246,6088.1
2024-08-25 00:30:00,4.246,4.248,4.183,4.185,21503.5
2024-08-25 01:00:00,4.185,4.219,4.182,4.185,7316.1
2024-08-25 01:30:00,4.185,4.186,4.125,4.158,17395.9
2024-08-25 02:00:00,4.158,4.185,4.155,4.172,4002.6
2024-08-25 02:30:00,4.172,4.192,4.169,4.176,1375.7
2024-08-25 03:00:00,4.176,4.187,4.165,4.17,1467.2
2024-08-25 03:30:00,4.17,4.176,4.141,4.175,4005.2
2024-08-25 04:00:00,4.175,4.179,4.134,4.153,4631.6
2024-08-25 04:30:00,4.153,4.167,4.148,4.165,1705.4
2024-08-25 05:00:00,4.165,4.181,4.156,4.172,1207.1
2024-08-25 05:30:00,4.172,4.181,4.155,4.166,2416.2
2024-08-25 06:00:00,4.166,4.175,4.14,4.148,3423.5
2024-08-25 06:30:00,4.148,4.157,4.137,4.141,5625.7
2024-08-25 07:00:00,4.141,4.144,4.077,4.097,13832.8
2024-08-25 07:30:00,4.097,4.097,4.054,4.088,13524.5
2024-08-25 08:00:00,4.088,4.137,4.066,4.137,4917.5
2024-08-25 08:30:00,4.137,4.142,4.116,4.119,3139.9
2024-08-25 09:00:00,4.119,4.131,4.107,4.115,3620.8
2024-08-25 09:30:00,4.115,4.136,4.106,4.131,1509.2
2024-08-25 10:00:00,4.131,4.138,4.115,4.131,2066.0
2024-08-25 10:30:00,4.131,4.139,4.107,4.116,43113.5
2024-08-25 11:00:00,4.116,4.144,4.112,4.141,1709.4
2024-08-25 11:30:00,4.141,4.163,4.139,4.147,1528.1
2024-08-25 12:00:00,4.147,4.169,4.139,4.142,3421.9
2024-08-25 12:30:00,4.142,4.164,4.141,4.157,1939.5
2024-08-25 13:00:00,4.157,4.205,4.15,4.2,6211.3
2024-08-25 13:30:00,4.2,4.211,4.182,4.206,8212.0
2024-08-25 14:00:00,4.206,4.219,4.189,4.19,32912.1
2024-08-25 14:30:00,4.19,4.217,4.184,4.201,4100.0
2024-08-25 15:00:00,4.201,4.238,4.187,4.229,4949.3
2024-08-25 15:30:00,4.229,4.233,4.185,4.197,4179.0
2024-08-25 16:00:00,4.197,4.228,4.17,4.171,2785.7
2024-08-25 16:30:00,4.171,4.185,4.163,4.172,5367.3
2024-08-25 17:00:00,4.172,4.186,4.146,4.152,1898.0
2024-08-25 17:30:00,4.152,4.163,4.146,4.16,2298.6
2024-08-25 18:00:00,4.16,4.168,4.153,4.167,2071.5
2024-08-25 18:30:00,4.167,4.194,4.166,4.177,2281.7
2024-08-25 19:00:00,4.177,4.184,4.166,4.183,1235.6
2024-08-25 19:30:00,4.183,4.187,4.173,4.177,1253.3
2024-08-25 20:00:00,4.177,4.198,4.174,4.178,1968.7
2024-08-25 20:30:00,4.178,4.188,4.173,4.176,2118.8
2024-08-25 21:00:00,4.176,4.217,4.171,4.216,2986.5
2024-08-25 21:30:00,4.216,4.231,4.203,4.226,2804.9
2024-08-25 22:00:00,4.226,4.233,4.189,4.189,1995.4
2024-08-25 22:30:00,4.189,4.198,4.187,4.197,1132.7
2024-08-25 23:00:00,4.197,4.212,4.173,4.187,4401.4
2024-08-25 23:30:00,4.187,4.191,4.142,4.156,8074.1
2024-08-26 00:00:00,4.156,4.181,4.154,4.175,3172.9
2024-08-26 00:30:00,4.175,4.189,4.131,4.151,11387.3
2024-08-26 01:00:00,4.151,4.165,4.131,4.164,2558.9
2024-08-26 01:30:00,4.164,4.164,4.121,4.122,1836.0
2024-08-26 02:00:00,4.122,4.132,4.08,4.114,8660.4
2024-08-26 02:30:00,4.114,4.128,4.104,4.121,2915.2
2024-08-26 03:00:00,4.121,4.126,4.109,4.112,5100.9
2024-08-26 03:30:00,4.112,4.123,4.1,4.121,2212.4
2024-08-26 04:00:00,4.121,4.126,4.106,4.118,2226.1
2024-08-26 04:30:00,4.118,4.121,4.101,4.111,7132.2
2024-08-26 05:00:00,4.111,4.115,4.081,4.081,3430.7
2024-08-26 05:30:00,4.081,4.098,4.081,4.089,3109.5
2024-08-26 06:00:00,4.089,4.094,4.056,4.059,7419.1
2024-08-26 06:30:00,4.059,4.078,4.056,4.064,9015.9
2024-08-26 07:00:00,4.064,4.074,4.032,4.068,13179.0
2024-08-26 07:30:00,4.068,4.095,4.063,4.077,12169.9
2024-08-26 08:00:00,4.077,4.111,4.073,4.097,4146.0
2024-08-26 08:30:00,4.097,4.101,4.084,4.091,7327.8
2024-08-26 09:00:00,4.091,4.094,4.06,4.067,5942.4
2024-08-26 09:30:00,4.067,4.101,4.045,4.099,13099.7
2024-08-26 10:00:00,4.099,4.105,4.086,4.096,8492.6
2024-08-26 10:30:00,4.096,4.106,4.071,4.071,11699.7
2024-08-26 11:00:00,4.071,4.086,4.061,4.085,3476.3
2024-08-26 11:30:00,4.085,4.089,4.062,4.065,5530.5
2024-08-26 12:00:00,4.065,4.104,4.052,4.063,197156.4
2024-08-26 12:30:00,4.063,4.067,4.014,4.034,29580.7
2024-08-26 13:00:00,4.034,4.059,4.015,4.041,13240.2
2024-08-26 13:30:00,4.041,4.045,4.009,4.034,8315.4
2024-08-26 14:00:00,4.034,4.05,4.012,4.038,21113.2
2024-08-26 14:30:00,4.038,4.061,4.019,4.06,15981.8
2024-08-26 15:00:00,4.06,4.067,4.014,4.034,15269.0
2024-08-26 15:30:00,4.034,4.056,4.013,4.013,17809.0
2024-08-26 16:00:00,4.013,4.015,3.96,3.979,29312.9
2024-08-26 16:30:00,3.979,4.012,3.973,4.0,9661.8
2024-08-26 17:00:00,4.0,4.008,3.975,3.985,6338.5
2024-08-26 17:30:00,3.985,3.999,3.923,3.929,21218.0
2024-08-26 18:00:00,3.929,3.953,3.913,3.953,44669.9
2024-08-26 18:30:00,3.953,3.966,3.938,3.947,5550.5
2024-08-26 19:00:00,3.947,3.954,3.913,3.919,1822.6
2024-08-26 19:30:00,3.919,3.932,3.906,3.918,10438.8
2024-08-26 20:00:00,3.918,3.922,3.883,3.911,39954.1
2024-08-26 20:30:00,3.911,3.933,3.903,3.931,3477.7
2024-08-26 21:00:00,3.931,3.938,3.89,3.9,12474.0
2024-08-26 21:30:00,3.9,3.931,3.899,3.92,5897.5
2024-08-26 22:00:00,3.92,3.933,3.912,3.926,2687.1
2024-08-26 22:30:00,3.926,3.94,3.92,3.933,2711.5
2024-08-26 23:00:00,3.933,3.954,3.931,3.945,1560.7
2024-08-26 23:30:00,3.945,3.946,3.923,3.927,34356.3
2024-08-27 00:00:00,3.927,3.959,3.925,3.953,20511.7
2024-08-27 00:30:00,3.953,3.968,3.936,3.942,6676.6
2024-08-27 01:00:00,3.942,3.975,3.94,3.973,2893.4
2024-08-27 01:30:00,3.973,3.989,3.96,3.961,4411.9
2024-08-27 02:00:00,3.961,4.007,3.955,4.0,101334.7
2024-08-27 02:30:00,4.0,4.003,3.976,3.991,15772.4
2024-08-27 03:00:00,3.991,3.991,3.974,3.99,2520.0
2024-08-27 03:30:00,3.99,4.008,3.984,4.007,6727.1
2024-08-27 04:00:00,4.007,4.016,3.991,3.991,7518.4
2024-08-27 04:30:00,3.991,4.016,3.983,4.005,8472.1
2024-08-27 05:00:00,4.005,4.017,4.002,4.007,5126.2
2024-08-27 05:30:00,4.007,4.045,4.005,4.042,14009.6
2024-08-27 06:00:00,4.042,4.042,3.997,4.0,106173.6
2024-08-27 06:30:00,4.0,4.001,3.97,3.978,11421.4
2024-08-27 07:00:00,3.978,3.993,3.976,3.991,9850.8
2024-08-27 07:30:00,3.991,3.994,3.972,3.983,2555.3
2024-08-27 08:00:00,3.983,3.999,3.955,3.96,7681.6
2024-08-27 08:30:00,3.96,3.972,3.945,3.972,7389.3
2024-08-27 09:00:00,3.972,3.994,3.964,3.989,7415.0
2024-08-27 09:30:00,3.989,3.994,3.948,3.954,10591.8
2024-08-27 10:00:00,3.954,3.956,3.914,3.925,18448.0
2024-08-27 10:30:00,3.925,3.937,3.902,3.917,9300.5
2024-08-27 11:00:00,3.917,3.939,3.895,3.931,23441.4
2024-08-27 11:30:00,3.931,3.931,3.903,3.91,3855.5
2024-08-27 12:00:00,3.91,3.911,3.87,3.878,19232.4
2024-08-27 12:30:00,3.878,3.894,3.854,3.892,40453.5
2024-08-27 13:00:00,3.892,3.9,3.865,3.898,12403.9
2024-08-27 13:30:00,3.898,3.899,3.872,3.887,22870.3
2024-08-27 14:00:00,3.887,3.909,3.846,3.909,30081.4
2024-08-27 14:30:00,3.909,3.933,3.898,3.907,4773.2
2024-08-27 15:00:00,3.907,3.917,3.884,3.915,5923.1
2024-08-27 15:30:00,3.915,3.937,3.914,3.925,2678.9
2024-08-27 16:00:00,3.925,3.964,3.913,3.963,8044.1
2024-08-27 16:30:00,3.963,3.97,3.933,3.938,6314.2
2024-08-27 17:00:00,3.938,3.965,3.927,3.95,2463.4
2024-08-27 17:30:00,3.95,3.95,3.923,3.944,4045.9
2024-08-27 18:00:00,3.944,3.957,3.927,3.927,7250.7
2024-08-27 18:30:00,3.927,3.951,3.927,3.949,2377.6
2024-08-27 19:00:00,3.949,3.967,3.937,3.949,1473.8
2024-08-27 19:30:00,3.949,3.949,3.923,3.934,2832.4
2024-08-27 20:00:00,3.934,3.934,3.901,3.915,10199.6
2024-08-27 20:30:00,3.915,3.918,3.894,3.896,5300.0
2024-08-27 21:00:00,3.896,3.91,3.832,3.842,24759.3
2024-08-27 21:30:00,3.842,3.855,3.744,3.797,49895.2
2024-08-27 22:00:00,3.797,3.803,3.642,3.697,105114.9
2024-08-27 22:30:00,3.697,3.723,3.673,3.709,13878.0
2024-08-27 23:00:00,3.709,3.724,3.691,3.709,10119.9
2024-08-27 23:30:00,3.709,3.735,3.695,3.716,27327.7
2024-08-28 00:00:00,3.716,3.716,3.659,3.676,16957.5
2024-08-28 00:30:00,3.676,3.703,3.665,3.679,9925.2
2024-08-28 01:00:00,3.679,3.695,3.662,3.669,3843.6
2024-08-28 01:30:00,3.669,3.707,3.662,3.704,5484.3
2024-08-28 02:00:00,3.704,3.708,3.665,3.668,8445.2
2024-08-28 02:30:00,3.668,3.688,3.658,3.682,2621.2
2024-08-28 03:00:00,3.682,3.71,3.68,3.704,1805.5
2024-08-28 03:30:00,3.704,3.719,3.703,3.712,2626.2
2024-08-28 04:00:00,3.712,3.714,3.697,3.701,1844.2
2024-08-28 04:30:00,3.701,3.706,3.68,3.685,3055.3
2024-08-28 05:00:00,3.685,3.711,3.679,3.697,7955.2
2024-08-28 05:30:00,3.697,3.711,3.685,3.691,24098.1
2024-08-28 06:00:00,3.691,3.708,3.682,3.707,6899.6
2024-08-28 06:30:00,3.707,3.715,3.696,3.7,7392.7
2024-08-28 07:00:00,3.7,3.709,3.677,3.692,52872.1
2024-08-28 07:30:00,3.692,3.694,3.651,3.654,34308.5
2024-08-28 08:00:00,3.654,3.704,3.632,3.701,47076.6
2024-08-28 08:30:00,3.701,3.706,3.685,3.695,5746.0
2024-08-28 09:00:00,3.695,3.719,3.683,3.719,14254.3
2024-08-28 09:30:00,3.719,3.8,3.714,3.797,28757.9
2024-08-28 10:00:00,3.797,3.811,3.755,3.798,26514.8
2024-08-28 10:30:00,3.798,3.799,3.773,3.78,9142.5
2024-08-28 11:00:00,3.78,3.808,3.769,3.792,7012.4
2024-08-28 11:30:00,3.792,3.8,3.77,3.773,3593.5
2024-08-28 12:00:00,3.773,3.805,3.77,3.799,3404.0
2024-08-28 12:30:00,3.799,3.825,3.792,3.793,5031.0
2024-08-28 13:00:00,3.793,3.798,3.767,3.778,4792.8
2024-08-28 13:30:00,3.778,3.783,3.711,3.72,29093.4
2024-08-28 14:00:00,3.72,3.776,3.714,3.752,14727.0
2024-08-28 14:30:00,3.752,3.757,3.701,3.726,8344.7
2024-08-28 15:00:00,3.726,3.73,3.664,3.703,19946.7
2024-08-28 15:30:00,3.703,3.711,3.675,3.708,43858.7
2024-08-28 16:00:00,3.708,3.708,3.552,3.597,36707.8
2024-08-28 16:30:00,3.597,3.657,3.555,3.655,14074.1
2024-08-28 17:00:00,3.655,3.669,3.628,3.64,9914.0
2024-08-28 17:30:00,3.64,3.655,3.601,3.602,8523.9
2024-08-28 18:00:00,3.602,3.663,3.595,3.654,41706.3
2024-08-28 18:30:00,3.654,3.7,3.639,3.698,9234.4
2024-08-28 19:00:00,3.698,3.722,3.665,3.683,6101.9
2024-08-28 19:30:00,3.683,3.687,3.649,3.649,3557.2
2024-08-28 20:00:00,3.649,3.706,3.628,3.654,8088.0
2024-08-28 20:30:00,3.654,3.678,3.639,3.665,2711.1
2024-08-28 21:00:00,3.665,3.676,3.636,3.663,3028.1
2024-08-28 21:30:00,3.663,3.676,3.635,3.64,3750.2
2024-08-28 22:00:00,3.64,3.647,3.601,3.602,10246.8
2024-08-28 22:30:00,3.602,3.645,3.592,3.643,9007.5
2024-08-28 23:00:00,3.643,3.647,3.622,3.63,3354.7
2024-08-28 23:30:00,3.63,3.659,3.628,3.638,1573.7
2024-08-29 00:00:00,3.638,3.675,3.634,3.658,5115.5
2024-08-29 00:30:00,3.658,3.668,3.646,3.667,2473.3
2024-08-29 01:00:00,3.667,3.699,3.662,3.667,3503.6
2024-08-29 01:30:00,3.667,3.687,3.659,3.677,1557.7
2024-08-29 02:00:00,3.677,3.695,3.667,3.693,2525.5
2024-08-29 02:30:00,3.693,3.699,3.681,3.698,1366.4
2024-08-29 03:00:00,3.698,3.704,3.684,3.689,2015.2
2024-08-29 03:30:00,3.689,3.701,3.684,3.691,3282.5
2024-08-29 04:00:00,3.691,3.694,3.669,3.671,2508.7
2024-08-29 04:30:00,3.671,3.689,3.66,3.678,1940.1
2024-08-29 05:00:00,3.678,3.708,3.673,3.701,4680.2
2024-08-29 05:30:00,3.701,3.713,3.688,3.708,2640.8
2024-08-29 06:00:00,3.708,3.719,3.692,3.709,3108.6
2024-08-29 06:30:00,3.709,3.728,3.704,3.712,5350.6
2024-08-29 07:00:00,3.712,3.723,3.707,3.709,3807.7
2024-08-29 07:30:00,3.709,3.72,3.705,3.708,4781.3
2024-08-29 08:00:00,3.708,3.724,3.694,3.71,8147.7
2024-08-29 08:30:00,3.71,3.714,3.69,3.697,2491.0
2024-08-29 09:00:00,3.697,3.719,3.692,3.719,3592.4
2024-08-29 09:30:00,3.719,3.719,3.688,3.69,8119.3
2024-08-29 10:00:00,3.69,3.713,3.683,3.691,3538.5
2024-08-29 10:30:00,3.691,3.698,3.681,3.686,2152.0
2024-08-29 11:00:00,3.686,3.714,3.681,3.706,1974.2
2024-08-29 11:30:00,3.706,3.751,3.704,3.713,6872.4
2024-08-29 12:00:00,3.713,3.732,3.704,3.731,3201.4
2024-08-29 12:30:00,3.731,3.746,3.719,3.733,11667.1
2024-08-29 13:00:00,3.733,3.748,3.728,3.734,1178.9
2024-08-29 13:30:00,3.734,3.748,3.717,3.743,5350.7
2024-08-29 14:00:00,3.743,3.753,3.719,3.734,4363.5
2024-08-29 14:30:00,3.734,3.761,3.726,3.753,14571.4
2024-08-29 15:00:00,3.753,3.777,3.747,3.775,7579.6
2024-08-29 15:30:00,3.775,3.794,3.756,3.765,7537.4
2024-08-29 16:00:00,3.765,3.783,3.734,3.738,8012.3
2024-08-29 16:30:00,3.738,3.748,3.709,3.721,7370.8
2024-08-29 17:00:00,3.721,3.73,3.704,3.713,3911.8
2024-08-29 17:30:00,3.713,3.73,3.713,3.72,12893.3
2024-08-29 18:00:00,3.72,3.721,3.656,3.67,8957.3
2024-08-29 18:30:00,3.67,3.673,3.607,3.612,10828.1
2024-08-29 19:00:00,3.612,3.636,3.586,3.63,11371.4
2024-08-29 19:30:00,3.63,3.661,3.629,3.64,3988.8
2024-08-29 20:00:00,3.64,3.66,3.625,3.634,2774.1
2024-08-29 20:30:00,3.634,3.649,3.621,3.646,6369.4
2024-08-29 21:00:00,3.646,3.659,3.639,3.647,3230.4
2024-08-29 21:30:00,3.647,3.658,3.644,3.646,9646.7
2024-08-29 22:00:00,3.646,3.646,3.605,3.621,18043.8
2024-08-29 22:30:00,3.621,3.638,3.614,3.631,3416.3
2024-08-29 23:00:00,3.631,3.646,3.62,3.631,1871.4
2024-08-29 23:30:00,3.631,3.643,3.625,3.638,1692.4
2024-08-30 00:00:00,3.638,3.652,3.626,3.651,2552.9
2024-08-30 00:30:00,3.651,3.666,3.642,3.653,12650.6
2024-08-30 01:00:00,3.653,3.659,3.632,3.634,2238.6
2024-08-30 01:30:00,3.634,3.662,3.631,3.65,1159.3
2024-08-30 02:00:00,3.65,3.658,3.623,3.641,1902.6
2024-08-30 02:30:00,3.641,3.648,3.631,3.638,1830.7
2024-08-30 03:00:00,3.638,3.639,3.62,3.628,3206.8
2024-08-30 03:30:00,3.628,3.635,3.62,3.629,1698.6
2024-08-30 04:00:00,3.629,3.651,3.623,3.637,22481.8
2024-08-30 04:30:00,3.637,3.648,3.635,3.635,3833.0
2024-08-30 05:00:00,3.635,3.639,3.617,3.626,2836.4
2024-08-30 05:30:00,3.626,3.649,3.624,3.635,1248.0
2024-08-30 06:00:00,3.635,3.654,3.629,3.65,3538.9
2024-08-30 06:30:00,3.65,3.68,3.648,3.68,9729.5
2024-08-30 07:00:00,3.68,3.696,3.667,3.695,7660.1
2024-08-30 07:30:00,3.695,3.695,3.675,3.679,9560.2
2024-08-30 08:00:00,3.679,3.705,3.678,3.701,3360.8
2024-08-30 08:30:00,3.701,3.709,3.681,3.686,5501.7
2024-08-30 09:00:00,3.686,3.692,3.676,3.684,2801.5
2024-08-30 09:30:00,3.684,3.699,3.679,3.692,2107.8
2024-08-30 10:00:00,3.692,3.694,3.683,3.685,2315.2
2024-08-30 10:30:00,3.685,3.688,3.668,3.673,7414.0
2024-08-30 11:00:00,3.673,3.688,3.673,3.679,3131.5
2024-08-30 11:30:00,3.679,3.683,3.658,3.661,6352.8
2024-08-30 12:00:00,3.661,3.68,3.656,3.676,5603.1
2024-08-30 12:30:00,3.676,3.694,3.66,3.662,8582.9
2024-08-30 13:00:00,3.662,3.681,3.66,3.675,9020.0
2024-08-30 13:30:00,3.675,3.683,3.614,3.668,17890.6
2024-08-30 14:00:00,3.668,3.684,3.619,3.634,6477.0
2024-08-30 14:30:00,3.634,3.637,3.542,3.544,17023.1
2024-08-30 15:00:00,3.544,3.557,3.501,3.511,56466.1
2024-08-30 15:30:00,3.511,3.522,3.457,3.472,15118.0
2024-08-30 16:00:00,3.472,3.511,3.452,3.483,10174.8
2024-08-30 16:30:00,3.483,3.537,3.478,3.531,14078.9
2024-08-30 17:00:00,3.531,3.546,3.522,3.534,8955.8
2024-08-30 17:30:00,3.534,3.563,3.525,3.55,8238.3
2024-08-30 18:00:00,3.55,3.604,3.545,3.604,7919.7
2024-08-30 18:30:00,3.604,3.629,3.593,3.618,5313.8
2024-08-30 19:00:00,3.618,3.622,3.587,3.612,9700.4
2024-08-30 19:30:00,3.612,3.614,3.581,3.595,4449.6
2024-08-30 20:00:00,3.595,3.613,3.591,3.591,3037.2
2024-08-30 20:30:00,3.591,3.607,3.586,3.605,3701.7
2024-08-30 21:00:00,3.605,3.626,3.603,3.616,4905.5
2024-08-30 21:30:00,3.616,3.622,3.613,3.616,2534.2
2024-08-30 22:00:00,3.616,3.642,3.616,3.635,3377.3
2024-08-30 22:30:00,3.635,3.646,3.625,3.635,2234.9
2024-08-30 23:00:00,3.635,3.647,3.628,3.646,4366.9
2024-08-30 23:30:00,3.646,3.65,3.635,3.637,2233.9
2024-08-31 00:00:00,3.637,3.648,3.622,3.637,5562.9
2024-08-31 00:30:00,3.637,3.654,3.634,3.637,4319.4
2024-08-31 01:00:00,3.637,3.646,3.628,3.638,3317.6
2024-08-31 01:30:00,3.638,3.647,3.622,3.629,7553.2
2024-08-31 02:00:00,3.629,3.638,3.624,3.633,2949.8
2024-08-31 02:30:00,3.633,3.638,3.625,3.633,2369.2
2024-08-31 03:00:00,3.633,3.641,3.627,3.641,7560.3
2024-08-31 03:30:00,3.641,3.651,3.64,3.647,4359.1
2024-08-31 04:00:00,3.647,3.664,3.641,3.662,4816.9
2024-08-31 04:30:00,3.662,3.665,3.655,3.664,3959.8
2024-08-31 05:00:00,3.664,3.664,3.648,3.65,4615.1
2024-08-31 05:30:00,3.65,3.656,3.638,3.64,2460.2
2024-08-31 06:00:00,3.64,3.655,3.636,3.646,2629.1
2024-08-31 06:30:00,3.646,3.653,3.636,3.639,4930.7
2024-08-31 07:00:00,3.639,3.644,3.627,3.631,4446.8
2024-08-31 07:30:00,3.631,3.638,3.625,3.63,6736.1
2024-08-31 08:00:00,3.63,3.642,3.624,3.631,2957.8
2024-08-31 08:30:00,3.631,3.631,3.597,3.597,14989.8
2024-08-31 09:00:00,3.597,3.611,3.57,3.59,9122.6
2024-08-31 09:30:00,3.59,3.6,3.583,3.595,5595.3
2024-08-31 10:00:00,3.595,3.619,3.59,3.608,6257.3
2024-08-31 10:30:00,3.608,3.63,3.606,3.621,2446.9
2024-08-31 11:00:00,3.621,3.628,3.615,3.62,2852.9
2024-08-31 11:30:00,3.62,3.628,3.615,3.619,2607.7
2024-08-31 12:00:00,3.619,3.624,3.608,3.617,6174.7
2024-08-31 12:30:00,3.617,3.619,3.607,3.607,3341.8
2024-08-31 13:00:00,3.607,3.615,3.595,3.6,11352.3
2024-08-31 13:30:00,3.6,3.605,3.563,3.563,3495.8
2024-08-31 14:00:00,3.563,3.59,3.562,3.59,3218.5
2024-08-31 14:30:00,3.59,3.603,3.578,3.589,3126.3
2024-08-31 15:00:00,3.589,3.594,3.57,3.572,4202.2
2024-08-31 15:30:00,3.572,3.587,3.57,3.586,2650.7
2024-08-31 16:00:00,3.586,3.586,3.565,3.577,14184.3
2024-08-31 16:30:00,3.577,3.585,3.552,3.559,5264.7
2024-08-31 17:00:00,3.559,3.568,3.537,3.55,4708.1
2024-08-31 17:30:00,3.55,3.556,3.528,3.55,3319.8
2024-08-31 18:00:00,3.55,3.584,3.545,3.582,4414.1
2024-08-31 18:30:00,3.582,3.586,3.551,3.552,2361.7
2024-08-31 19:00:00,3.552,3.563,3.548,3.561,2537.5
2024-08-31 19:30:00,3.561,3.564,3.551,3.56,4460.4
2024-08-31 20:00:00,3.56,3.563,3.547,3.556,19959.6
2024-08-31 20:30:00,3.556,3.574,3.556,3.572,2979.4
2024-08-31 21:00:00,3.572,3.576,3.563,3.575,2074.0
2024-08-31 21:30:00,3.575,3.592,3.569,3.582,23611.0
2024-08-31 22:00:00,3.582,3.586,3.57,3.572,2542.6
2024-08-31 22:30:00,3.572,3.58,3.57,3.572,2698.4
2024-08-31 23:00:00,3.572,3.576,3.561,3.567,2412.2
2024-08-31 23:30:00,3.567,3.568,3.557,3.567,2454.4
2024-09-01 00:00:00,3.567,3.579,3.561,3.566,4045.1
2024-09-01 00:30:00,3.566,3.575,3.563,3.572,2122.9
2024-09-01 01:00:00,3.572,3.577,3.557,3.563,2364.2
2024-09-01 01:30:00,3.563,3.564,3.524,3.53,10222.5
2024-09-01 02:00:00,3.53,3.534,3.507,3.509,9497.0
2024-09-01 02:30:00,3.509,3.528,3.495,3.528,42741.1
2024-09-01 03:00:00,3.528,3.543,3.522,3.537,3199.9
2024-09-01 03:30:00,3.537,3.542,3.53,3.533,2775.0
2024-09-01 04:00:00,3.533,3.534,3.518,3.533,3824.7
2024-09-01 04:30:00,3.533,3.543,3.525,3.53,2712.2
2024-09-01 05:00:00,3.53,3.534,3.496,3.501,169206.4
2024-09-01 05:30:00,3.501,3.501,3.451,3.458,27267.1
2024-09-01 06:00:00,3.458,3.491,3.457,3.489,6424.0
2024-09-01 06:30:00,3.489,3.49,3.461,3.469,58952.5
2024-09-01 07:00:00,3.469,3.479,3.455,3.459,2362.5
2024-09-01 07:30:00,3.459,3.495,3.459,3.495,4674.5
2024-09-01 08:00:00,3.495,3.501,3.478,3.487,7142.4
2024-09-01 08:30:00,3.487,3.489,3.476,3.48,8674.6
2024-09-01 09:00:00,3.48,3.487,3.467,3.484,4574.7
2024-09-01 09:30:00,3.484,3.499,3.477,3.478,4407.4
2024-09-01 10:00:00,3.478,3.478,3.453,3.457,9653.5
2024-09-01 10:30:00,3.457,3.462,3.446,3.45,4957.4
2024-09-01 11:00:00,3.45,3.457,3.428,3.455,47736.9
2024-09-01 11:30:00,3.455,3.47,3.442,3.469,34456.6
2024-09-01 12:00:00,3.469,3.478,3.462,3.462,42433.9
2024-09-01 12:30:00,3.462,3.47,3.44,3.441,3522.6
2024-09-01 13:00:00,3.441,3.457,3.437,3.439,3341.6
2024-09-01 13:30:00,3.439,3.447,3.405,3.441,24140.0
2024-09-01 14:00:00,3.441,3.441,3.374,3.391,91530.3
2024-09-01 14:30:00,3.391,3.441,3.389,3.418,6731.1
2024-09-01 15:00:00,3.418,3.435,3.407,3.417,5980.1
2024-09-01 15:30:00,3.417,3.476,3.413,3.469,9381.8
2024-09-01 16:00:00,3.469,3.498,3.445,3.446,14794.6
2024-09-01 16:30:00,3.446,3.46,3.427,3.437,3938.2
2024-09-01 17:00:00,3.437,3.459,3.414,3.419,5012.0
2024-09-01 17:30:00,3.419,3.419,3.384,3.406,21462.9
2024-09-01 18:00:00,3.406,3.475,3.402,3.457,9396.8
2024-09-01 18:30:00,3.457,3.472,3.442,3.456,3089.3
2024-09-01 19:00:00,3.456,3.486,3.446,3.45,5102.2
2024-09-01 19:30:00,3.45,3.459,3.438,3.459,1996.9
2024-09-01 20:00:00,3.459,3.486,3.453,3.475,4530.1
2024-09-01 20:30:00,3.475,3.479,3.446,3.455,9390.4
2024-09-01 21:00:00,3.455,3.457,3.417,3.42,20052.6
2024-09-01 21:30:00,3.42,3.438,3.409,3.435,6860.9
2024-09-01 22:00:00,3.435,3.439,3.355,3.368,44832.3
2024-09-01 22:30:00,3.368,3.369,3.305,3.321,34980.5
2024-09-01 23:00:00,3.321,3.352,3.316,3.344,8562.7
2024-09-01 23:30:00,3.344,3.368,3.343,3.358,4292.7
2024-09-02 00:00:00,3.358,3.372,3.343,3.362,18310.7
2024-09-02 00:30:00,3.362,3.379,3.338,3.367,4846.2
2024-09-02 01:00:00,3.367,3.39,3.357,3.377,6098.3
2024-09-02 01:30:00,3.377,3.388,3.357,3.361,3359.1
2024-09-02 02:00:00,3.361,3.387,3.36,3.371,2700.0
2024-09-02 02:30:00,3.371,3.371,3.349,3.362,4404.0
2024-09-02 03:00:00,3.362,3.379,3.36,3.369,3721.4
2024-09-02 03:30:00,3.369,3.377,3.361,3.375,3736.3
2024-09-02 04:00:00,3.375,3.38,3.359,3.364,4685.2
2024-09-02 04:30:00,3.364,3.369,3.341,3.342,3213.1
2024-09-02 05:00:00,3.342,3.368,3.338,3.366,4234.4
2024-09-02 05:30:00,3.366,3.396,3.353,3.383,6566.1
2024-09-02 06:00:00,3.383,3.393,3.365,3.365,5238.8
2024-09-02 06:30:00,3.365,3.369,3.356,3.362,2819.8
2024-09-02 07:00:00,3.362,3.369,3.331,3.335,4430.5
2024-09-02 07:30:00,3.335,3.345,3.313,3.332,7084.1
2024-09-02 08:00:00,3.332,3.387,3.33,3.385,2567.4
2024-09-02 08:30:00,3.385,3.396,3.376,3.379,7712.6
2024-09-02 09:00:00,3.379,3.387,3.359,3.368,2859.9
2024-09-02 09:30:00,3.368,3.411,3.357,3.408,6804.9
2024-09-02 10:00:00,3.408,3.439,3.398,3.437,20301.7
2024-09-02 10:30:00,3.437,3.459,3.428,3.439,26011.8
2024-09-02 11:00:00,3.439,3.45,3.424,3.449,6635.2
2024-09-02 11:30:00,3.449,3.45,3.42,3.425,5783.6
2024-09-02 12:00:00,3.425,3.44,3.419,3.437,6160.0
2024-09-02 12:30:00,3.437,3.439,3.421,3.434,6885.6
2024-09-02 13:00:00,3.434,3.447,3.417,3.418,3568.2
2024-09-02 13:30:00,3.418,3.422,3.4,3.402,7751.5
2024-09-02 14:00:00,3.402,3.414,3.375,3.414,13070.7
2024-09-02 14:30:00,3.414,3.502,3.414,3.496,330630.7
2024-09-02 15:00:00,3.496,3.503,3.48,3.481,13137.0
2024-09-02 15:30:00,3.481,3.508,3.48,3.484,17338.1
2024-09-02 16:00:00,3.484,3.502,3.472,3.472,5474.8
2024-09-02 16:30:00,3.472,3.482,3.451,3.454,12646.2
2024-09-02 17:00:00,3.454,3.482,3.454,3.482,4337.9
2024-09-02 17:30:00,3.482,3.497,3.473,3.488,4187.8
2024-09-02 18:00:00,3.488,3.502,3.48,3.487,3563.8
2024-09-02 18:30:00,3.487,3.491,3.424,3.44,389238.2
2024-09-02 19:00:00,3.44,3.454,3.427,3.45,6645.1
2024-09-02 19:30:00,3.45,3.45,3.44,3.446,2247.5
2024-09-02 20:00:00,3.446,3.462,3.443,3.457,2199.7
2024-09-02 20:30:00,3.457,3.51,3.452,3.504,26090.1
2024-09-02 21:00:00,3.504,3.522,3.484,3.498,11868.0
2024-09-02 21:30:00,3.498,3.499,3.48,3.49,15938.7
2024-09-02 22:00:00,3.49,3.5,3.478,3.486,12539.0
2024-09-02 22:30:00,3.486,3.493,3.48,3.491,12384.5
2024-09-02 23:00:00,3.491,3.495,3.483,3.485,3325.2
2024-09-02 23:30:00,3.485,3.495,3.484,3.488,1731.9
2024-09-03 00:00:00,3.488,3.491,3.477,3.486,10100.6
2024-09-03 00:30:00,3.486,3.502,3.478,3.502,6390.8
2024-09-03 01:00:00,3.502,3.513,3.496,3.506,9924.1
2024-09-03 01:30:00,3.506,3.517,3.491,3.517,5161.5
2024-09-03 02:00:00,3.517,3.555,3.508,3.533,23639.2
2024-09-03 02:30:00,3.533,3.544,3.507,3.509,13693.6
2024-09-03 03:00:00,3.509,3.519,3.49,3.49,23843.4
2024-09-03 03:30:00,3.49,3.499,3.487,3.49,5702.5
2024-09-03 04:00:00,3.49,3.495,3.472,3.481,17537.6
2024-09-03 04:30:00,3.481,3.499,3.478,3.488,5255.6
2024-09-03 05:00:00,3.488,3.499,3.478,3.499,6185.6
2024-09-03 05:30:00,3.499,3.499,3.487,3.499,4177.9
2024-09-03 06:00:00,3.499,3.499,3.473,3.482,4297.2
2024-09-03 06:30:00,3.482,3.489,3.472,3.473,5234.4
2024-09-03 07:00:00,3.473,3.486,3.472,3.479,9340.4
2024-09-03 07:30:00,3.479,3.502,3.478,3.5,7784.5
2024-09-03 08:00:00,3.5,3.5,3.483,3.486,6218.5
2024-09-03 08:30:00,3.486,3.487,3.447,3.458,21085.3
2024-09-03 09:00:00,3.458,3.468,3.454,3.455,6194.3
2024-09-03 09:30:00,3.455,3.467,3.452,3.452,4859.1
2024-09-03 10:00:00,3.452,3.481,3.449,3.478,7789.6
2024-09-03 10:30:00,3.478,3.479,3.463,3.472,6727.7
2024-09-03 11:00:00,3.472,3.479,3.462,3.477,2256.9
2024-09-03 11:30:00,3.477,3.487,3.464,3.482,4615.8
2024-09-03 12:00:00,3.482,3.498,3.479,3.489,7291.8
2024-09-03 12:30:00,3.489,3.5,3.484,3.486,5183.6
2024-09-03 13:00:00,3.486,3.503,3.483,3.484,4839.4
2024-09-03 13:30:00,3.484,3.484,3.41,3.428,13808.1
2024-09-03 14:00:00,3.428,3.428,3.381,3.402,18355.8
2024-09-03 14:30:00,3.402,3.419,3.391,3.405,5720.9
2024-09-03 15:00:00,3.405,3.419,3.39,3.392,6806.1
2024-09-03 15:30:00,3.392,3.402,3.375,3.382,4714.2
2024-09-03 16:00:00,3.382,3.403,3.376,3.388,4709.8
2024-09-03 16:30:00,3.388,3.409,3.385,3.39,8031.1
2024-09-03 17:00:00,3.39,3.422,3.389,3.422,4916.1
2024-09-03 17:30:00,3.422,3.427,3.404,3.406,5496.2
2024-09-03 18:00:00,3.406,3.412,3.391,3.406,7140.5
2024-09-03 18:30:00,3.406,3.416,3.401,3.401,5102.1
2024-09-03 19:00:00,3.401,3.419,3.398,3.402,7830.7
2024-09-03 19:30:00,3.402,3.404,3.383,3.393,4832.7
2024-09-03 20:00:00,3.393,3.417,3.393,3.404,3340.6
2024-09-03 20:30:00,3.404,3.415,3.394,3.409,2943.5
2024-09-03 21:00:00,3.409,3.409,3.375,3.375,2344.1
2024-09-03 21:30:00,3.375,3.394,3.374,3.387,9031.3
2024-09-03 22:00:00,3.387,3.395,3.381,3.39,3178.7
2024-09-03 22:30:00,3.39,3.391,3.375,3.377,1987.8
2024-09-03 23:00:00,3.377,3.379,3.349,3.349,8795.8
2024-09-03 23:30:00,3.349,3.365,3.339,3.352,7337.9
2024-09-04 00:00:00,3.352,3.378,3.349,3.367,9327.8
2024-09-04 00:30:00,3.367,3.375,3.305,3.311,29097.3
2024-09-04 01:00:00,3.311,3.312,3.164,3.258,139198.3
2024-09-04 01:30:00,3.258,3.289,3.258,3.271,54657.6
2024-09-04 02:00:00,3.271,3.295,3.266,3.289,5588.3
2024-09-04 02:30:00,3.289,3.3,3.283,3.286,6161.0
2024-09-04 03:00:00,3.286,3.329,3.285,3.329,12531.4
2024-09-04 03:30:00,3.329,3.331,3.314,3.326,10345.2
2024-09-04 04:00:00,3.326,3.361,3.323,3.347,33876.0
2024-09-04 04:30:00,3.347,3.373,3.347,3.368,4647.8
2024-09-04 05:00:00,3.368,3.368,3.349,3.359,5190.5
2024-09-04 05:30:00,3.359,3.359,3.326,3.327,8590.0
2024-09-04 06:00:00,3.327,3.356,3.327,3.346,9281.1
2024-09-04 06:30:00,3.346,3.349,3.327,3.333,6014.4
2024-09-04 07:00:00,3.333,3.353,3.327,3.333,15890.3
2024-09-04 07:30:00,3.333,3.367,3.332,3.352,6487.6
2024-09-04 08:00:00,3.352,3.357,3.338,3.357,9095.4
2024-09-04 08:30:00,3.357,3.367,3.345,3.365,4116.3
2024-09-04 09:00:00,3.365,3.383,3.36,3.373,12358.1
2024-09-04 09:30:00,3.373,3.379,3.352,3.354,4893.8
2024-09-04 10:00:00,3.354,3.363,3.339,3.354,8310.2
2024-09-04 10:30:00,3.354,3.359,3.322,3.322,3305.4
2024-09-04 11:00:00,3.322,3.343,3.322,3.333,5443.9
2024-09-04 11:30:00,3.333,3.346,3.326,3.33,2791.9
2024-09-04 12:00:00,3.33,3.345,3.323,3.337,15021.7
2024-09-04 12:30:00,3.337,3.353,3.327,3.335,3804.1
2024-09-04 13:00:00,3.335,3.337,3.311,3.313,7610.7
2024-09-04 13:30:00,3.313,3.344,3.307,3.334,17311.6
2024-09-04 14:00:00,3.334,3.368,3.322,3.339,12723.2
2024-09-04 14:30:00,3.339,3.428,3.339,3.413,33887.9
2024-09-04 15:00:00,3.413,3.42,3.389,3.395,6383.2
2024-09-04 15:30:00,3.395,3.429,3.39,3.427,8050.1
2024-09-04 16:00:00,3.427,3.458,3.413,3.449,16108.1
2024-09-04 16:30:00,3.449,3.468,3.435,3.438,5521.7
2024-09-04 17:00:00,3.438,3.443,3.425,3.427,6053.1
2024-09-04 17:30:00,3.427,3.429,3.408,3.408,6407.6
2024-09-04 18:00:00,3.408,3.415,3.378,3.378,7729.6
2024-09-04 18:30:00,3.378,3.397,3.373,3.378,8032.2
2024-09-04 19:00:00,3.378,3.391,3.374,3.389,5006.4
2024-09-04 19:30:00,3.389,3.399,3.381,3.392,5055.1
2024-09-04 20:00:00,3.392,3.407,3.384,3.388,4119.2
2024-09-04 20:30:00,3.388,3.407,3.385,3.403,4803.0
2024-09-04 21:00:00,3.403,3.407,3.396,3.401,3532.9
2024-09-04 21:30:00,3.401,3.429,3.401,3.426,10401.4
2024-09-04 22:00:00,3.426,3.433,3.411,3.415,5622.4
2024-09-04 22:30:00,3.415,3.42,3.407,3.415,2971.7
2024-09-04 23:00:00,3.415,3.416,3.401,3.401,4858.2
2024-09-04 23:30:00,3.401,3.407,3.384,3.389,7321.3
2024-09-05 00:00:00,3.389,3.409,3.379,3.406,6295.4
2024-09-05 00:30:00,3.406,3.406,3.381,3.381,4068.7
2024-09-05 01:00:00,3.381,3.395,3.377,3.391,5531.3
2024-09-05 01:30:00,3.391,3.411,3.391,3.403,3854.2
2024-09-05 02:00:00,3.403,3.407,3.382,3.384,5119.3
2024-09-05 02:30:00,3.384,3.392,3.381,3.383,5403.9
2024-09-05 03:00:00,3.383,3.383,3.344,3.351,12751.1
2024-09-05 03:30:00,3.351,3.354,3.333,3.337,8613.6
2024-09-05 04:00:00,3.337,3.349,3.327,3.348,5960.4
2024-09-05 04:30:00,3.348,3.359,3.339,3.349,7793.0
2024-09-05 05:00:00,3.349,3.358,3.338,3.358,9425.8
2024-09-05 05:30:00,3.358,3.365,3.351,3.359,6974.6
2024-09-05 06:00:00,3.359,3.364,3.321,3.342,11957.8
2024-09-05 06:30:00,3.342,3.361,3.338,3.361,8281.5
2024-09-05 07:00:00,3.361,3.388,3.356,3.383,7376.0
2024-09-05 07:30:00,3.383,3.388,3.377,3.382,4148.4
2024-09-05 08:00:00,3.382,3.395,3.38,3.385,5443.4
2024-09-05 08:30:00,3.385,3.392,3.358,3.365,8833.5
2024-09-05 09:00:00,3.365,3.38,3.361,3.368,8575.7
2024-09-05 09:30:00,3.368,3.387,3.361,3.375,7911.7
2024-09-05 10:00:00,3.375,3.381,3.362,3.374,5020.2
2024-09-05 10:30:00,3.374,3.378,3.366,3.372,8016.9
2024-09-05 11:00:00,3.372,3.379,3.365,3.379,3991.8
2024-09-05 11:30:00,3.379,3.385,3.367,3.37,2975.6
2024-09-05 12:00:00,3.37,3.386,3.362,3.383,11270.7
2024-09-05 12:30:00,3.383,3.394,3.365,3.381,6285.8
2024-09-05 13:00:00,3.381,3.395,3.38,3.393,3664.0
2024-09-05 13:30:00,3.393,3.423,3.383,3.404,14998.8
2024-09-05 14:00:00,3.404,3.424,3.383,3.395,12630.8
2024-09-05 14:30:00,3.395,3.4,3.349,3.359,8310.5
2024-09-05 15:00:00,3.359,3.372,3.328,3.332,19508.7
2024-09-05 15:30:00,3.332,3.359,3.321,3.346,6879.1
2024-09-05 16:00:00,3.346,3.351,3.326,3.335,3980.1
2024-09-05 16:30:00,3.335,3.343,3.314,3.329,10602.5
2024-09-05 17:00:00,3.329,3.344,3.321,3.333,1778.0
2024-09-05 17:30:00,3.333,3.369,3.329,3.369,5486.1
2024-09-05 18:00:00,3.369,3.373,3.357,3.371,2716.0
2024-09-05 18:30:00,3.371,3.377,3.363,3.364,1168.4
2024-09-05 19:00:00,3.364,3.365,3.323,3.344,7016.3
2024-09-05 19:30:00,3.344,3.346,3.311,3.328,2784.5
2024-09-05 20:00:00,3.328,3.355,3.323,3.348,5309.4
2024-09-05 20:30:00,3.348,3.357,3.341,3.342,3381.5
2024-09-05 21:00:00,3.342,3.348,3.336,3.341,3400.7
2024-09-05 21:30:00,3.341,3.357,3.318,3.357,8861.4
2024-09-05 22:00:00,3.357,3.359,3.334,3.345,1743.2
2024-09-05 22:30:00,3.345,3.362,3.343,3.359,1074.4
2024-09-05 23:00:00,3.359,3.364,3.353,3.36,1558.4
2024-09-05 23:30:00,3.36,3.363,3.352,3.357,1623.5
2024-09-06 00:00:00,3.357,3.362,3.351,3.352,1654.6
2024-09-06 00:30:00,3.352,3.357,3.335,3.354,7113.8
2024-09-06 01:00:00,3.354,3.365,3.339,3.357,5105.9
2024-09-06 01:30:00,3.357,3.385,3.357,3.379,3963.4
2024-09-06 02:00:00,3.379,3.397,3.375,3.393,3401.1
2024-09-06 02:30:00,3.393,3.409,3.393,3.398,6944.9
2024-09-06 03:00:00,3.398,3.415,3.396,3.403,6386.2
2024-09-06 03:30:00,3.403,3.407,3.387,3.387,3248.4
2024-09-06 04:00:00,3.387,3.394,3.384,3.391,1589.8
2024-09-06 04:30:00,3.391,3.392,3.376,3.377,3602.4
2024-09-06 05:00:00,3.377,3.387,3.363,3.364,7299.6
2024-09-06 05:30:00,3.364,3.386,3.36,3.382,3106.8
2024-09-06 06:00:00,3.382,3.383,3.366,3.366,2335.6
2024-09-06 06:30:00,3.366,3.383,3.366,3.379,4787.9
2024-09-06 07:00:00,3.379,3.384,3.317,3.343,19234.5
2024-09-06 07:30:00,3.343,3.351,3.322,3.342,3698.8
2024-09-06 08:00:00,3.342,3.358,3.336,3.345,5017.5
2024-09-06 08:30:00,3.345,3.348,3.325,3.339,3314.6
2024-09-06 09:00:00,3.339,3.339,3.322,3.334,3153.5
2024-09-06 09:30:00,3.334,3.346,3.327,3.331,1401.8
2024-09-06 10:00:00,3.331,3.357,3.33,3.35,2936.0
2024-09-06 10:30:00,3.35,3.359,3.341,3.342,3105.7
2024-09-06 11:00:00,3.342,3.347,3.336,3.339,3291.1
2024-09-06 11:30:00,3.339,3.346,3.331,3.339,4994.8
2024-09-06 12:00:00,3.339,3.347,3.327,3.344,6550.4
2024-09-06 12:30:00,3.344,3.406,3.334,3.405,35276.0
2024-09-06 13:00:00,3.405,3.407,3.384,3.395,9612.8
2024-09-06 13:30:00,3.395,3.405,3.343,3.366,15294.4
2024-09-06 14:00:00,3.366,3.371,3.313,3.321,28081.7
2024-09-06 14:30:00,3.321,3.339,3.306,3.328,15499.6
2024-09-06 15:00:00,3.328,3.345,3.27,3.324,24224.4
2024-09-06 15:30:00,3.324,3.34,3.314,3.326,19910.5
2024-09-06 16:00:00,3.326,3.328,3.292,3.313,23872.9
2024-09-06 16:30:00,3.313,3.315,3.264,3.291,20177.8
2024-09-06 17:00:00,3.291,3.332,3.284,3.316,9413.8
2024-09-06 17:30:00,3.316,3.32,3.266,3.303,10150.4
2024-09-06 18:00:00,3.303,3.305,3.286,3.286,7452.5
2024-09-06 18:30:00,3.286,3.296,3.243,3.247,17619.7
2024-09-06 19:00:00,3.247,3.27,3.246,3.256,7159.5
2024-09-06 19:30:00,3.256,3.266,3.222,3.246,21462.7
2024-09-06 20:00:00,3.246,3.257,3.224,3.226,39123.0
2024-09-06 20:30:00,3.226,3.235,3.147,3.166,54284.6
2024-09-06 21:00:00,3.166,3.216,3.139,3.214,22453.2
2024-09-06 21:30:00,3.214,3.232,3.21,3.232,8483.4
2024-09-06 22:00:00,3.232,3.26,3.226,3.256,8176.1
2024-09-06 22:30:00,3.256,3.27,3.251,3.253,7543.6
2024-09-06 23:00:00,3.253,3.266,3.25,3.264,6532.5
2024-09-06 23:30:00,3.264,3.277,3.26,3.271,3245.0
2024-09-07 00:00:00,3.271,3.294,3.267,3.283,3566.7
2024-09-07 00:30:00,3.283,3.302,3.28,3.301,5056.7
2024-09-07 01:00:00,3.301,3.304,3.273,3.277,4431.1
2024-09-07 01:30:00,3.277,3.292,3.272,3.279,4355.9
2024-09-07 02:00:00,3.279,3.296,3.275,3.284,4067.0
2024-09-07 02:30:00,3.284,3.294,3.278,3.285,3510.0
2024-09-07 03:00:00,3.285,3.302,3.283,3.3,5229.7
2024-09-07 03:30:00,3.3,3.302,3.282,3.286,1853.3
2024-09-07 04:00:00,3.286,3.302,3.284,3.297,1741.0
2024-09-07 04:30:00,3.297,3.307,3.295,3.307,3094.0
2024-09-07 05:00:00,3.307,3.339,3.302,3.315,8253.8
2024-09-07 05:30:00,3.315,3.333,3.313,3.333,2500.4
2024-09-07 06:00:00,3.333,3.335,3.321,3.331,3198.4
2024-09-07 06:30:00,3.331,3.334,3.322,3.329,1886.7
2024-09-07 07:00:00,3.329,3.343,3.325,3.34,3771.5
2024-09-07 07:30:00,3.34,3.348,3.322,3.333,4820.1
2024-09-07 08:00:00,3.333,3.343,3.327,3.343,6933.5
2024-09-07 08:30:00,3.343,3.357,3.337,3.355,9035.9
2024-09-07 09:00:00,3.355,3.358,3.338,3.338,16377.8
2024-09-07 09:30:00,3.338,3.344,3.331,3.332,2736.8
2024-09-07 10:00:00,3.332,3.343,3.331,3.34,2203.8
2024-09-07 10:30:00,3.34,3.344,3.331,3.334,2217.8
2024-09-07 11:00:00,3.334,3.339,3.328,3.338,6464.8
2024-09-07 11:30:00,3.338,3.346,3.327,3.328,26295.7
2024-09-07 12:00:00,3.328,3.343,3.328,3.335,6841.6
2024-09-07 12:30:00,3.335,3.34,3.327,3.331,3752.4
2024-09-07 13:00:00,3.331,3.341,3.327,3.337,3342.4
2024-09-07 13:30:00,3.337,3.344,3.328,3.331,3284.8
2024-09-07 14:00:00,3.331,3.343,3.327,3.342,26171.4
2024-09-07 14:30:00,3.342,3.344,3.331,3.339,11431.1
2024-09-07 15:00:00,3.339,3.363,3.339,3.363,23602.6
2024-09-07 15:30:00,3.363,3.365,3.351,3.356,4562.2
2024-09-07 16:00:00,3.356,3.368,3.352,3.356,5908.6
2024-09-07 16:30:00,3.356,3.357,3.339,3.348,8544.1
2024-09-07 17:00:00,3.348,3.352,3.336,3.338,12280.0
2024-09-07 17:30:00,3.338,3.342,3.317,3.331,8467.5
2024-09-07 18:00:00,3.331,3.347,3.321,3.345,4306.8
2024-09-07 18:30:00,3.345,3.355,3.342,3.348,4273.6
2024-09-07 19:00:00,3.348,3.364,3.341,3.361,4534.9
2024-09-07 19:30:00,3.361,3.369,3.354,3.366,3301.8
2024-09-07 20:00:00,3.366,3.368,3.35,3.354,11245.8
2024-09-07 20:30:00,3.354,3.358,3.336,3.341,16040.7
2024-09-07 21:00:00,3.341,3.349,3.323,3.344,5951.8
2024-09-07 21:30:00,3.344,3.345,3.331,3.334,3160.1
2024-09-07 22:00:00,3.334,3.344,3.322,3.332,4671.7
2024-09-07 22:30:00,3.332,3.334,3.319,3.323,4565.1
2024-09-07 23:00:00,3.323,3.338,3.318,3.335,3730.3
2024-09-07 23:30:00,3.335,3.346,3.329,3.344,5547.0
2024-09-08 00:00:00,3.344,3.349,3.335,3.341,7215.6
2024-09-08 00:30:00,3.341,3.346,3.331,3.34,7887.0
2024-09-08 01:00:00,3.34,3.369,3.338,3.364,4466.0
2024-09-08 01:30:00,3.364,3.382,3.364,3.38,8581.6
2024-09-08 02:00:00,3.38,3.392,3.372,3.388,6532.2
2024-09-08 02:30:00,3.388,3.394,3.381,3.391,8309.1
2024-09-08 03:00:00,3.391,3.395,3.384,3.389,8651.0
2024-09-08 03:30:00,3.389,3.392,3.377,3.39,6954.6
2024-09-08 04:00:00,3.39,3.394,3.383,3.393,3334.4
2024-09-08 04:30:00,3.393,3.398,3.381,3.392,20592.4
2024-09-08 05:00:00,3.392,3.395,3.386,3.392,6319.2
2024-09-08 05:30:00,3.392,3.392,3.373,3.374,2790.2
2024-09-08 06:00:00,3.374,3.382,3.37,3.378,15219.4
2024-09-08 06:30:00,3.378,3.382,3.371,3.374,3649.2
2024-09-08 07:00:00,3.374,3.398,3.373,3.391,3195.3
2024-09-08 07:30:00,3.391,3.401,3.389,3.396,12314.0
2024-09-08 08:00:00,3.396,3.397,3.381,3.381,1726.2
2024-09-08 08:30:00,3.381,3.399,3.381,3.398,4496.1
2024-09-08 09:00:00,3.398,3.413,3.392,3.398,29332.0
2024-09-08 09:30:00,3.398,3.402,3.378,3.386,8020.4
2024-09-08 10:00:00,3.386,3.401,3.384,3.4,8498.1
2024-09-08 10:30:00,3.4,3.4,3.386,3.393,2868.5
2024-09-08 11:00:00,3.393,3.4,3.384,3.385,8831.5
2024-09-08 11:30:00,3.385,3.392,3.371,3.373,12380.4
2024-09-08 12:00:00,3.373,3.379,3.353,3.359,13576.1
2024-09-08 12:30:00,3.359,3.366,3.343,3.348,30096.8
2024-09-08 13:00:00,3.348,3.359,3.333,3.358,12487.9
2024-09-08 13:30:00,3.358,3.366,3.349,3.364,7379.3
2024-09-08 14:00:00,3.364,3.365,3.344,3.349,4463.6
2024-09-08 14:30:00,3.349,3.351,3.334,3.335,3519.5
2024-09-08 15:00:00,3.335,3.349,3.327,3.329,2405.3
2024-09-08 15:30:00,3.329,3.345,3.326,3.332,3476.9
2024-09-08 16:00:00,3.332,3.343,3.317,3.335,3957.9
2024-09-08 16:30:00,3.335,3.348,3.333,3.335,1919.7
2024-09-08 17:00:00,3.335,3.36,3.334,3.355,6677.2
2024-09-08 17:30:00,3.355,3.372,3.355,3.367,3876.9
2024-09-08 18:00:00,3.367,3.371,3.357,3.359,3001.0
2024-09-08 18:30:00,3.359,3.373,3.359,3.368,2422.2
2024-09-08 19:00:00,3.368,3.377,3.361,3.362,2810.9
2024-09-08 19:30:00,3.362,3.369,3.355,3.358,3530.3
2024-09-08 20:00:00,3.358,3.365,3.355,3.355,1757.0
2024-09-08 20:30:00,3.355,3.368,3.351,3.364,1539.9
2024-09-08 21:00:00,3.364,3.394,3.361,3.375,7322.3
2024-09-08 21:30:00,3.375,3.386,3.374,3.381,4060.9
2024-09-08 22:00:00,3.381,3.439,3.377,3.434,16968.5
2024-09-08 22:30:00,3.434,3.437,3.384,3.385,8645.6
2024-09-08 23:00:00,3.385,3.421,3.379,3.419,7841.3
2024-09-08 23:30:00,3.419,3.419,3.4,3.401,2664.7
2024-09-09 00:00:00,3.401,3.437,3.4,3.418,4558.2
2024-09-09 00:30:00,3.418,3.426,3.395,3.423,2452.5
2024-09-09 01:00:00,3.423,3.437,3.411,3.415,2057.7
2024-09-09 01:30:00,3.415,3.436,3.406,3.431,1435.8
2024-09-09 02:00:00,3.431,3.434,3.408,3.41,3035.3
2024-09-09 02:30:00,3.41,3.415,3.402,3.412,4830.8
2024-09-09 03:00:00,3.412,3.415,3.372,3.385,3624.9
2024-09-09 03:30:00,3.385,3.414,3.385,3.405,4116.8
2024-09-09 04:00:00,3.405,3.409,3.383,3.387,3450.4
2024-09-09 04:30:00,3.387,3.394,3.381,3.387,3576.7
2024-09-09 05:00:00,3.387,3.389,3.374,3.382,2986.0
2024-09-09 05:30:00,3.382,3.388,3.366,3.372,3113.2
2024-09-09 06:00:00,3.372,3.395,3.371,3.393,2338.2
2024-09-09 06:30:00,3.393,3.406,3.391,3.406,3934.5
2024-09-09 07:00:00,3.406,3.413,3.395,3.41,1689.6
2024-09-09 07:30:00,3.41,3.428,3.408,3.424,3430.3
2024-09-09 08:00:00,3.424,3.45,3.416,3.45,372964.2
2024-09-09 08:30:00,3.45,3.455,3.437,3.445,3898.6
2024-09-09 09:00:00,3.445,3.459,3.43,3.435,2848.8
2024-09-09 09:30:00,3.435,3.44,3.424,3.425,2179.5
2024-09-09 10:00:00,3.425,3.451,3.418,3.45,9717.3
2024-09-09 10:30:00,3.45,3.452,3.436,3.441,1583.6
2024-09-09 11:00:00,3.441,3.442,3.431,3.442,1025.2
2024-09-09 11:30:00,3.442,3.442,3.432,3.436,1846.9
2024-09-09 12:00:00,3.436,3.437,3.414,3.418,11002.9
2024-09-09 12:30:00,3.418,3.429,3.417,3.428,7273.2
2024-09-09 13:00:00,3.428,3.44,3.417,3.435,18787.4
2024-09-09 13:30:00,3.435,3.47,3.427,3.465,186580.4
2024-09-09 14:00:00,3.465,3.51,3.449,3.449,184164.0
2024-09-09 14:30:00,3.449,3.457,3.42,3.441,17202.1
2024-09-09 15:00:00,3.441,3.475,3.441,3.472,27155.4
2024-09-09 15:30:00,3.472,3.479,3.463,3.471,17751.0
2024-09-09 16:00:00,3.471,3.551,3.469,3.541,36242.2
2024-09-09 16:30:00,3.541,3.644,3.526,3.631,59087.1
2024-09-09 17:00:00,3.631,3.67,3.621,3.621,14086.4
2024-09-09 17:30:00,3.621,3.633,3.57,3.572,278998.4
2024-09-09 18:00:00,3.572,3.584,3.56,3.576,12775.3
2024-09-09 18:30:00,3.576,3.582,3.559,3.573,12694.8
2024-09-09 19:00:00,3.573,3.59,3.572,3.588,4045.4
2024-09-09 19:30:00,3.588,3.614,3.587,3.613,10820.8
2024-09-09 20:00:00,3.613,3.614,3.599,3.601,4972.8
2024-09-09 20:30:00,3.601,3.614,3.598,3.608,1591.1
2024-09-09 21:00:00,3.608,3.646,3.599,3.631,6988.3
2024-09-09 21:30:00,3.631,3.631,3.602,3.621,4790.0
2024-09-09 22:00:00,3.621,3.628,3.602,3.603,3459.9
2024-09-09 22:30:00,3.603,3.606,3.594,3.597,6043.4
2024-09-09 23:00:00,3.597,3.607,3.591,3.602,1242.9
2024-09-09 23:30:00,3.602,3.606,3.594,3.598,1126.9
2024-09-10 00:00:00,3.598,3.601,3.565,3.565,7745.7
2024-09-10 00:30:00,3.565,3.582,3.565,3.572,6913.2
2024-09-10 01:00:00,3.572,3.579,3.563,3.569,6403.5
2024-09-10 01:30:00,3.569,3.571,3.551,3.563,1643.6
2024-09-10 02:00:00,3.563,3.565,3.543,3.547,4030.4
2024-09-10 02:30:00,3.547,3.558,3.547,3.551,3869.5
2024-09-10 03:00:00,3.551,3.555,3.54,3.546,4934.4
2024-09-10 03:30:00,3.546,3.548,3.537,3.545,2562.4
2024-09-10 04:00:00,3.545,3.559,3.544,3.559,2550.7
2024-09-10 04:30:00,3.559,3.565,3.546,3.563,1689.1
2024-09-10 05:00:00,3.563,3.586,3.56,3.585,5221.7
2024-09-10 05:30:00,3.585,3.597,3.579,3.596,5325.1
2024-09-10 06:00:00,3.596,3.596,3.572,3.574,5757.2
2024-09-10 06:30:00,3.574,3.586,3.574,3.586,3153.0
2024-09-10 07:00:00,3.586,3.605,3.576,3.594,7334.0
2024-09-10 07:30:00,3.594,3.605,3.593,3.6,8163.1
2024-09-10 08:00:00,3.6,3.608,3.593,3.597,17048.3
2024-09-10 08:30:00,3.597,3.604,3.574,3.579,5811.9
2024-09-10 09:00:00,3.579,3.586,3.562,3.584,6764.2
2024-09-10 09:30:00,3.584,3.598,3.575,3.584,5919.8
2024-09-10 10:00:00,3.584,3.591,3.573,3.59,3684.2
2024-09-10 10:30:00,3.59,3.599,3.586,3.595,3147.7
2024-09-10 11:00:00,3.595,3.606,3.593,3.604,3530.9
2024-09-10 11:30:00,3.604,3.622,3.595,3.618,3969.8
2024-09-10 12:00:00,3.618,3.628,3.599,3.603,3907.9
2024-09-10 12:30:00,3.603,3.615,3.593,3.596,4563.4
2024-09-10 13:00:00,3.596,3.596,3.574,3.58,5787.9
2024-09-10 13:30:00,3.58,3.611,3.577,3.598,4189.7
2024-09-10 14:00:00,3.598,3.615,3.577,3.615,5306.7
2024-09-10 14:30:00,3.615,3.622,3.591,3.599,10203.7
2024-09-10 15:00:00,3.599,3.61,3.591,3.61,2117.6
2024-09-10 15:30:00,3.61,3.616,3.577,3.577,6573.6
2024-09-10 16:00:00,3.577,3.603,3.577,3.595,4806.2
2024-09-10 16:30:00,3.595,3.623,3.592,3.615,1128.9
2024-09-10 17:00:00,3.615,3.645,3.61,3.63,11635.6
2024-09-10 17:30:00,3.63,3.656,3.63,3.651,10962.8
2024-09-10 18:00:00,3.651,3.66,3.639,3.647,7018.9
2024-09-10 18:30:00,3.647,3.675,3.635,3.644,6651.9
2024-09-10 19:00:00,3.644,3.649,3.631,3.648,2275.7
2024-09-10 19:30:00,3.648,3.673,3.648,3.671,1470.0
2024-09-10 20:00:00,3.671,3.689,3.654,3.689,2409.5
2024-09-10 20:30:00,3.689,3.69,3.664,3.666,4382.4
2024-09-10 21:00:00,3.666,3.67,3.654,3.655,1799.0
2024-09-10 21:30:00,3.655,3.66,3.647,3.649,4468.7
2024-09-10 22:00:00,3.649,3.657,3.641,3.646,10374.3
2024-09-10 22:30:00,3.646,3.662,3.64,3.661,16256.1
2024-09-10 23:00:00,3.661,3.671,3.655,3.667,3056.5
2024-09-10 23:30:00,3.667,3.669,3.654,3.657,1768.5
2024-09-11 00:00:00,3.657,3.663,3.638,3.643,6891.1
2024-09-11 00:30:00,3.643,3.657,3.64,3.645,1282.3
2024-09-11 01:00:00,3.645,3.651,3.617,3.628,5770.1
2024-09-11 01:30:00,3.628,3.633,3.585,3.6,20928.4
2024-09-11 02:00:00,3.6,3.619,3.598,3.61,9417.5
2024-09-11 02:30:00,3.61,3.613,3.592,3.605,3795.3
2024-09-11 03:00:00,3.605,3.608,3.588,3.598,2244.9
2024-09-11 03:30:00,3.598,3.607,3.586,3.589,3141.7
2024-09-11 04:00:00,3.589,3.591,3.556,3.565,7487.3
2024-09-11 04:30:00,3.565,3.565,3.517,3.545,32621.2
2024-09-11 05:00:00,3.545,3.548,3.517,3.521,8069.3
2024-09-11 05:30:00,3.521,3.545,3.521,3.539,5734.3
2024-09-11 06:00:00,3.539,3.564,3.536,3.562,3843.7
2024-09-11 06:30:00,3.562,3.578,3.561,3.567,3964.0
2024-09-11 07:00:00,3.567,3.579,3.564,3.578,2758.1
2024-09-11 07:30:00,3.578,3.582,3.567,3.577,1285.5
2024-09-11 08:00:00,3.577,3.579,3.551,3.562,5827.4
2024-09-11 08:30:00,3.562,3.563,3.535,3.538,4895.5
2024-09-11 09:00:00,3.538,3.565,3.538,3.556,4918.6
2024-09-11 09:30:00,3.556,3.568,3.556,3.561,2798.2
2024-09-11 10:00:00,3.561,3.564,3.549,3.562,2703.4
2024-09-11 10:30:00,3.562,3.568,3.542,3.555,3239.7
2024-09-11 11:00:00,3.555,3.571,3.555,3.56,2134.8
2024-09-11 11:30:00,3.56,3.57,3.549,3.553,28960.0
2024-09-11 12:00:00,3.553,3.573,3.542,3.573,4297.8
2024-09-11 12:30:00,3.573,3.585,3.55,3.577,36196.3
2024-09-11 13:00:00,3.577,3.632,3.574,3.603,91603.4
2024-09-11 13:30:00,3.603,3.603,3.521,3.523,211298.0
2024-09-11 14:00:00,3.523,3.542,3.51,3.534,24159.0
2024-09-11 14:30:00,3.534,3.534,3.483,3.518,35314.7
2024-09-11 15:00:00,3.518,3.543,3.509,3.531,6902.3
2024-09-11 15:30:00,3.531,3.584,3.529,3.559,5640.4
2024-09-11 16:00:00,3.559,3.595,3.551,3.591,5579.8
2024-09-11 16:30:00,3.591,3.604,3.578,3.589,14811.5
2024-09-11 17:00:00,3.589,3.605,3.589,3.6,3960.4
2024-09-11 17:30:00,3.6,3.601,3.578,3.578,5034.8
2024-09-11 18:00:00,3.578,3.603,3.578,3.597,4729.2
2024-09-11 18:30:00,3.597,3.604,3.572,3.584,4891.8
2024-09-11 19:00:00,3.584,3.596,3.57,3.592,4380.2
2024-09-11 19:30:00,3.592,3.605,3.588,3.598,3251.8
2024-09-11 20:00:00,3.598,3.612,3.594,3.612,5080.1
2024-09-11 20:30:00,3.612,3.613,3.602,3.606,4461.8
2024-09-11 21:00:00,3.606,3.615,3.599,3.608,9479.9
2024-09-11 21:30:00,3.608,3.612,3.6,3.602,4470.4
2024-09-11 22:00:00,3.602,3.605,3.588,3.593,4354.2
2024-09-11 22:30:00,3.593,3.598,3.583,3.593,3124.8
2024-09-11 23:00:00,3.593,3.602,3.59,3.599,4973.1
2024-09-11 23:30:00,3.599,3.608,3.596,3.6,2370.3
2024-09-12 00:00:00,3.6,3.608,3.588,3.603,2633.9
2024-09-12 00:30:00,3.603,3.627,3.593,3.616,4026.9
2024-09-12 01:00:00,3.616,3.649,3.616,3.649,8188.0
2024-09-12 01:30:00,3.649,3.661,3.631,3.65,9037.9
2024-09-12 02:00:00,3.65,3.678,3.625,3.639,11594.7
2024-09-12 02:30:00,3.639,3.64,3.622,3.632,3460.2
2024-09-12 03:00:00,3.632,3.654,3.631,3.652,5769.6
2024-09-12 03:30:00,3.652,3.655,3.638,3.638,2685.5
2024-09-12 04:00:00,3.638,3.657,3.627,3.647,4441.5
2024-09-12 04:30:00,3.647,3.65,3.631,3.631,7812.0
2024-09-12 05:00:00,3.631,3.632,3.617,3.627,7199.9
2024-09-12 05:30:00,3.627,3.636,3.621,3.627,4951.2
2024-09-12 06:00:00,3.627,3.632,3.613,3.614,4293.5
2024-09-12 06:30:00,3.614,3.623,3.606,3.618,10954.7
2024-09-12 07:00:00,3.618,3.625,3.613,3.622,3813.8
2024-09-12 07:30:00,3.622,3.624,3.61,3.617,4050.2
2024-09-12 08:00:00,3.617,3.64,3.61,3.635,6488.9
2024-09-12 08:30:00,3.635,3.64,3.621,3.621,2609.7
2024-09-12 09:00:00,3.621,3.627,3.613,3.619,7050.4
2024-09-12 09:30:00,3.619,3.625,3.61,3.614,2770.2
2024-09-12 10:00:00,3.614,3.618,3.606,3.609,3668.5
2024-09-12 10:30:00,3.609,3.611,3.595,3.598,5238.2
2024-09-12 11:00:00,3.598,3.607,3.593,3.603,2858.0
2024-09-12 11:30:00,3.603,3.604,3.594,3.597,5049.5
2024-09-12 12:00:00,3.597,3.604,3.592,3.597,8056.3
2024-09-12 12:30:00,3.597,3.607,3.574,3.6,9755.0
2024-09-12 13:00:00,3.6,3.619,3.597,3.616,47119.0
2024-09-12 13:30:00,3.616,3.636,3.602,3.614,10954.4
2024-09-12 14:00:00,3.614,3.657,3.612,3.643,7469.5
2024-09-12 14:30:00,3.643,3.652,3.595,3.599,16943.1
2024-09-12 15:00:00,3.599,3.628,3.591,3.601,11980.1
2024-09-12 15:30:00,3.601,3.614,3.589,3.597,2235.7
2024-09-12 16:00:00,3.597,3.629,3.593,3.623,2567.6
2024-09-12 16:30:00,3.623,3.638,3.611,3.632,4940.2
2024-09-12 17:00:00,3.632,3.648,3.628,3.639,2309.6
2024-09-12 17:30:00,3.639,3.656,3.639,3.655,2724.0
2024-09-12 18:00:00,3.655,3.656,3.634,3.645,3539.6
2024-09-12 18:30:00,3.645,3.651,3.622,3.634,6642.9
2024-09-12 19:00:00,3.634,3.65,3.634,3.644,1193.4
2024-09-12 19:30:00,3.644,3.656,3.638,3.656,5775.8
2024-09-12 20:00:00,3.656,3.656,3.635,3.65,4675.8
2024-09-12 20:30:00,3.65,3.657,3.642,3.651,4179.2
2024-09-12 21:00:00,3.651,3.653,3.631,3.636,2179.7
2024-09-12 21:30:00,3.636,3.654,3.633,3.652,3181.0
2024-09-12 22:00:00,3.652,3.659,3.645,3.648,5342.6
2024-09-12 22:30:00,3.648,3.665,3.644,3.665,2283.9
2024-09-12 23:00:00,3.665,3.665,3.648,3.653,5119.5
2024-09-12 23:30:00,3.653,3.658,3.65,3.654,2295.9
2024-09-13 00:00:00,3.654,3.66,3.638,3.641,3107.5
2024-09-13 00:30:00,3.641,3.658,3.641,3.644,2507.4
2024-09-13 01:00:00,3.644,3.653,3.626,3.636,5875.3
2024-09-13 01:30:00,3.636,3.662,3.63,3.662,14095.9
2024-09-13 02:00:00,3.662,3.672,3.649,3.667,1786.3
2024-09-13 02:30:00,3.667,3.679,3.661,3.663,14422.6
2024-09-13 03:00:00,3.663,3.673,3.659,3.664,4371.2
2024-09-13 03:30:00,3.664,3.665,3.65,3.65,3165.1
2024-09-13 04:00:00,3.65,3.665,3.65,3.658,1374.0
2024-09-13 04:30:00,3.658,3.658,3.641,3.641,7731.4
2024-09-13 05:00:00,3.641,3.651,3.64,3.641,2499.2
2024-09-13 05:30:00,3.641,3.653,3.64,3.645,6055.1
2024-09-13 06:00:00,3.645,3.653,3.635,3.636,5894.2
2024-09-13 06:30:00,3.636,3.641,3.621,3.621,4130.7
2024-09-13 07:00:00,3.621,3.629,3.62,3.629,4154.9
2024-09-13 07:30:00,3.629,3.64,3.617,3.639,3838.3
2024-09-13 08:00:00,3.639,3.64,3.625,3.631,1871.1
2024-09-13 08:30:00,3.631,3.636,3.623,3.628,2455.2
2024-09-13 09:00:00,3.628,3.654,3.627,3.648,4388.0
2024-09-13 09:30:00,3.648,3.655,3.641,3.644,3106.9
2024-09-13 10:00:00,3.644,3.654,3.639,3.65,3820.4
2024-09-13 10:30:00,3.65,3.686,3.649,3.682,8814.9
2024-09-13 11:00:00,3.682,3.689,3.673,3.684,6632.4
2024-09-13 11:30:00,3.684,3.686,3.637,3.64,25548.5
2024-09-13 12:00:00,3.64,3.653,3.624,3.626,4488.2
2024-09-13 12:30:00,3.626,3.661,3.621,3.656,6807.1
2024-09-13 13:00:00,3.656,3.664,3.627,3.627,3384.5
2024-09-13 13:30:00,3.627,3.672,3.626,3.667,11804.5
2024-09-13 14:00:00,3.667,3.694,3.652,3.656,55983.9
2024-09-13 14:30:00,3.656,3.695,3.641,3.694,4366.3
2024-09-13 15:00:00,3.694,3.745,3.694,3.731,28247.9
2024-09-13 15:30:00,3.731,3.756,3.729,3.741,27131.0
2024-09-13 16:00:00,3.741,3.757,3.732,3.749,8443.9
2024-09-13 16:30:00,3.749,3.755,3.722,3.74,15798.1
2024-09-13 17:00:00,3.74,3.757,3.731,3.755,2222.1
2024-09-13 17:30:00,3.755,3.768,3.74,3.741,18683.1
2024-09-13 18:00:00,3.741,3.755,3.735,3.74,49169.5
2024-09-13 18:30:00,3.74,3.757,3.736,3.748,6429.8
2024-09-13 19:00:00,3.748,3.751,3.736,3.747,4771.7
2024-09-13 19:30:00,3.747,3.747,3.715,3.721,4932.0
2024-09-13 20:00:00,3.721,3.732,3.72,3.727,4588.8
2024-09-13 20:30:00,3.727,3.731,3.719,3.724,2891.8
2024-09-13 21:00:00,3.724,3.743,3.722,3.738,5636.4
2024-09-13 21:30:00,3.738,3.757,3.726,3.734,7652.6
2024-09-13 22:00:00,3.734,3.755,3.734,3.742,7803.6
2024-09-13 22:30:00,3.742,3.748,3.736,3.736,1881.9
2024-09-13 23:00:00,3.736,3.738,3.716,3.716,12398.4
2024-09-13 23:30:00,3.716,3.727,3.716,3.721,3702.8
2024-09-14 00:00:00,3.721,3.728,3.719,3.72,3250.5
2024-09-14 00:30:00,3.72,3.72,3.706,3.712,11056.1
2024-09-14 01:00:00,3.712,3.741,3.712,3.738,5079.9
2024-09-14 01:30:00,3.738,3.739,3.719,3.721,3664.4
2024-09-14 02:00:00,3.721,3.731,3.719,3.728,2123.7
2024-09-14 02:30:00,3.728,3.735,3.714,3.714,2608.3
2024-09-14 03:00:00,3.714,3.727,3.714,3.72,1818.3
2024-09-14 03:30:00,3.72,3.722,3.713,3.719,1560.9
2024-09-14 04:00:00,3.719,3.719,3.709,3.714,1934.4
2024-09-14 04:30:00,3.714,3.714,3.703,3.703,2160.3
2024-09-14 05:00:00,3.703,3.706,3.691,3.692,12735.7
2024-09-14 05:30:00,3.692,3.702,3.68,3.681,4137.8
2024-09-14 06:00:00,3.681,3.69,3.676,3.683,2831.6
2024-09-14 06:30:00,3.683,3.69,3.67,3.682,5178.0
2024-09-14 07:00:00,3.682,3.689,3.676,3.686,6689.1
2024-09-14 07:30:00,3.686,3.691,3.683,3.685,3837.2
2024-09-14 08:00:00,3.685,3.692,3.674,3.678,8843.1
2024-09-14 08:30:00,3.678,3.688,3.673,3.674,18426.0
2024-09-14 09:00:00,3.674,3.684,3.671,3.674,3500.9
2024-09-14 09:30:00,3.674,3.68,3.663,3.679,8619.3
2024-09-14 10:00:00,3.679,3.679,3.657,3.662,6599.7
2024-09-14 10:30:00,3.662,3.668,3.644,3.648,6974.2
2024-09-14 11:00:00,3.648,3.649,3.635,3.641,4706.4
2024-09-14 11:30:00,3.641,3.656,3.637,3.656,6603.1
2024-09-14 12:00:00,3.656,3.663,3.642,3.662,9852.7
2024-09-14 12:30:00,3.662,3.665,3.651,3.661,5212.1
2024-09-14 13:00:00,3.661,3.674,3.658,3.665,3634.2
2024-09-14 13:30:00,3.665,3.674,3.658,3.671,6841.6
2024-09-14 14:00:00,3.671,3.68,3.663,3.679,11024.4
2024-09-14 14:30:00,3.679,3.692,3.674,3.686,37161.3
2024-09-14 15:00:00,3.686,3.694,3.676,3.682,3764.9
2024-09-14 15:30:00,3.682,3.682,3.66,3.665,3870.8
2024-09-14 16:00:00,3.665,3.684,3.662,3.672,8962.7
2024-09-14 16:30:00,3.672,3.676,3.665,3.671,8948.6
2024-09-14 17:00:00,3.671,3.681,3.662,3.678,4830.7
2024-09-14 17:30:00,3.678,3.682,3.669,3.682,3934.2
2024-09-14 18:00:00,3.682,3.682,3.643,3.654,24899.7
2024-09-14 18:30:00,3.654,3.673,3.651,3.67,18482.0
2024-09-14 19:00:00,3.67,3.67,3.645,3.654,2923.9
2024-09-14 19:30:00,3.654,3.658,3.641,3.644,3142.9
2024-09-14 20:00:00,3.644,3.663,3.636,3.651,11770.2
2024-09-14 20:30:00,3.651,3.667,3.647,3.661,15869.9
2024-09-14 21:00:00,3.661,3.673,3.654,3.672,6338.8
2024-09-14 21:30:00,3.672,3.672,3.656,3.66,4086.5
2024-09-14 22:00:00,3.66,3.661,3.647,3.652,3642.2
2024-09-14 22:30:00,3.652,3.666,3.652,3.661,5245.1
2024-09-14 23:00:00,3.661,3.662,3.65,3.652,2228.9
2024-09-14 23:30:00,3.652,3.659,3.65,3.659,2616.5
2024-09-15 00:00:00,3.659,3.662,3.65,3.661,2182.6
2024-09-15 00:30:00,3.661,3.668,3.657,3.657,3063.2
2024-09-15 01:00:00,3.657,3.674,3.657,3.664,5906.8
2024-09-15 01:30:00,3.664,3.673,3.662,3.67,3890.7
2024-09-15 02:00:00,3.67,3.675,3.665,3.665,5630.7
2024-09-15 02:30:00,3.665,3.682,3.664,3.681,4637.0
2024-09-15 03:00:00,3.681,3.683,3.662,3.662,9143.6
2024-09-15 03:30:00,3.662,3.67,3.658,3.658,4460.6
2024-09-15 04:00:00,3.658,3.66,3.644,3.644,8796.0
2024-09-15 04:30:00,3.644,3.648,3.641,3.644,4248.5
2024-09-15 05:00:00,3.644,3.656,3.641,3.655,3294.7
2024-09-15 05:30:00,3.655,3.659,3.651,3.652,1753.7
2024-09-15 06:00:00,3.652,3.667,3.651,3.663,2942.4
2024-09-15 06:30:00,3.663,3.668,3.658,3.663,5068.4
2024-09-15 07:00:00,3.663,3.665,3.65,3.659,21546.1
2024-09-15 07:30:00,3.659,3.659,3.646,3.653,5169.0
2024-09-15 08:00:00,3.653,3.657,3.642,3.642,5679.2
2024-09-15 08:30:00,3.642,3.649,3.639,3.643,1813.7
2024-09-15 09:00:00,3.643,3.648,3.628,3.63,8305.9
2024-09-15 09:30:00,3.63,3.634,3.6,3.603,16601.8
2024-09-15 10:00:00,3.603,3.604,3.59,3.595,11988.6
2024-09-15 10:30:00,3.595,3.601,3.583,3.597,40821.1
2024-09-15 11:00:00,3.597,3.597,3.579,3.58,6916.8
2024-09-15 11:30:00,3.58,3.581,3.551,3.575,42763.8
2024-09-15 12:00:00,3.575,3.582,3.559,3.582,34630.6
2024-09-15 12:30:00,3.582,3.588,3.575,3.585,6037.3
2024-09-15 13:00:00,3.585,3.599,3.576,3.581,55742.8
2024-09-15 13:30:00,3.581,3.585,3.563,3.568,10952.4
2024-09-15 14:00:00,3.568,3.575,3.531,3.555,41128.2
2024-09-15 14:30:00,3.555,3.565,3.55,3.565,7570.4
2024-09-15 15:00:00,3.565,3.573,3.55,3.561,7127.5
2024-09-15 15:30:00,3.561,3.566,3.55,3.561,5546.9
2024-09-15 16:00:00,3.561,3.571,3.538,3.546,5633.9
2024-09-15 16:30:00,3.546,3.555,3.522,3.523,14374.5
2024-09-15 17:00:00,3.523,3.534,3.508,3.525,17100.4
2024-09-15 17:30:00,3.525,3.525,3.515,3.521,42067.8
2024-09-15 18:00:00,3.521,3.531,3.513,3.528,4116.1
2024-09-15 18:30:00,3.528,3.544,3.514,3.533,61489.9
2024-09-15 19:00:00,3.533,3.545,3.522,3.526,4498.6
2024-09-15 19:30:00,3.526,3.537,3.525,3.526,1599.2
2024-09-15 20:00:00,3.526,3.532,3.511,3.517,3381.3
2024-09-15 20:30:00,3.517,3.524,3.512,3.515,5027.9
2024-09-15 21:00:00,3.515,3.515,3.46,3.475,65319.1
2024-09-15 21:30:00,3.475,3.484,3.464,3.47,9755.0
2024-09-15 22:00:00,3.47,3.471,3.446,3.461,82332.5
2024-09-15 22:30:00,3.461,3.477,3.461,3.472,2023.1
2024-09-15 23:00:00,3.472,3.474,3.407,3.464,14002.9
2024-09-15 23:30:00,3.464,3.467,3.443,3.446,12054.9
2024-09-16 00:00:00,3.446,3.459,3.428,3.446,11520.8
2024-09-16 00:30:00,3.446,3.464,3.434,3.457,10749.1
2024-09-16 01:00:00,3.457,3.461,3.431,3.454,6388.9
2024-09-16 01:30:00,3.454,3.455,3.431,3.444,3239.8
2024-09-16 02:00:00,3.444,3.445,3.42,3.424,10790.2
2024-09-16 02:30:00,3.424,3.439,3.403,3.409,19732.4
2024-09-16 03:00:00,3.409,3.44,3.402,3.432,15940.7
2024-09-16 03:30:00,3.432,3.453,3.43,3.45,4453.3
2024-09-16 04:00:00,3.45,3.458,3.444,3.445,6771.7
2024-09-16 04:30:00,3.445,3.45,3.434,3.435,4267.8
2024-09-16 05:00:00,3.435,3.452,3.434,3.437,10043.5
2024-09-16 05:30:00,3.437,3.458,3.434,3.457,15685.4
2024-09-16 06:00:00,3.457,3.46,3.443,3.451,2601.7
2024-09-16 06:30:00,3.451,3.451,3.436,3.437,2681.9
2024-09-16 07:00:00,3.437,3.458,3.434,3.453,28840.5
2024-09-16 07:30:00,3.453,3.467,3.45,3.464,10363.6
2024-09-16 08:00:00,3.464,3.476,3.451,3.46,4555.4
2024-09-16 08:30:00,3.46,3.464,3.441,3.448,7147.4
2024-09-16 09:00:00,3.448,3.456,3.433,3.438,5696.2
2024-09-16 09:30:00,3.438,3.438,3.409,3.42,4819.7
2024-09-16 10:00:00,3.42,3.428,3.411,3.417,3669.8
2024-09-16 10:30:00,3.417,3.44,3.413,3.43,2442.0
2024-09-16 11:00:00,3.43,3.439,3.426,3.433,2024.7
2024-09-16 11:30:00,3.433,3.439,3.427,3.429,2699.8
2024-09-16 12:00:00,3.429,3.44,3.419,3.421,3959.5
2024-09-16 12:30:00,3.421,3.429,3.408,3.413,3525.4
2024-09-16 13:00:00,3.413,3.421,3.395,3.41,13047.6
2024-09-16 13:30:00,3.41,3.417,3.384,3.411,125364.8
2024-09-16 14:00:00,3.411,3.418,3.38,3.388,52454.3
2024-09-16 14:30:00,3.388,3.388,3.354,3.372,12425.4
2024-09-16 15:00:00,3.372,3.399,3.365,3.396,4367.8
2024-09-16 15:30:00,3.396,3.409,3.385,3.393,4647.6
2024-09-16 16:00:00,3.393,3.415,3.384,3.409,3592.4
2024-09-16 16:30:00,3.409,3.41,3.389,3.401,2203.5
2024-09-16 17:00:00,3.401,3.403,3.377,3.39,5106.0
2024-09-16 17:30:00,3.39,3.426,3.379,3.42,3595.2
2024-09-16 18:00:00,3.42,3.421,3.39,3.392,2098.8
2024-09-16 18:30:00,3.392,3.395,3.38,3.388,4852.0
2024-09-16 19:00:00,3.388,3.412,3.384,3.412,3365.8
2024-09-16 19:30:00,3.412,3.427,3.407,3.414,5023.7
2024-09-16 20:00:00,3.414,3.422,3.396,3.397,3743.7
2024-09-16 20:30:00,3.397,3.4,3.385,3.385,3951.4
2024-09-16 21:00:00,3.385,3.404,3.381,3.396,5801.7
2024-09-16 21:30:00,3.396,3.408,3.391,3.407,2274.9
2024-09-16 22:00:00,3.407,3.407,3.382,3.387,5061.1
2024-09-16 22:30:00,3.387,3.399,3.383,3.396,2211.9
2024-09-16 23:00:00,3.396,3.408,3.396,3.404,3185.3
2024-09-16 23:30:00,3.404,3.417,3.404,3.41,2447.7
2024-09-17 00:00:00,3.41,3.416,3.405,3.414,3374.6
2024-09-17 00:30:00,3.414,3.414,3.384,3.387,8571.8
2024-09-17 01:00:00,3.387,3.402,3.386,3.398,1181.7
2024-09-17 01:30:00,3.398,3.414,3.396,3.41,1191.8
2024-09-17 02:00:00,3.41,3.416,3.405,3.416,2556.8
2024-09-17 02:30:00,3.416,3.433,3.413,3.421,4113.6
2024-09-17 03:00:00,3.421,3.432,3.418,3.429,2323.8
2024-09-17 03:30:00,3.429,3.441,3.429,3.438,5321.4
2024-09-17 04:00:00,3.438,3.44,3.429,3.435,2932.1
2024-09-17 04:30:00,3.435,3.445,3.431,3.443,3262.1
2024-09-17 05:00:00,3.443,3.452,3.44,3.45,3808.5
2024-09-17 05:30:00,3.45,3.472,3.447,3.469,5097.2
2024-09-17 06:00:00,3.469,3.47,3.452,3.452,4323.1
2024-09-17 06:30:00,3.452,3.46,3.45,3.451,1817.8
2024-09-17 07:00:00,3.451,3.46,3.444,3.454,2226.5
2024-09-17 07:30:00,3.454,3.469,3.453,3.462,6201.8
2024-09-17 08:00:00,3.462,3.476,3.451,3.452,11771.3
2024-09-17 08:30:00,3.452,3.459,3.447,3.448,2280.4
2024-09-17 09:00:00,3.448,3.462,3.434,3.437,3265.5
2024-09-17 09:30:00,3.437,3.46,3.436,3.45,2509.0
2024-09-17 10:00:00,3.45,3.464,3.444,3.452,3262.6
2024-09-17 10:30:00,3.452,3.461,3.445,3.459,3208.1
2024-09-17 11:00:00,3.459,3.462,3.431,3.435,4784.5
2024-09-17 11:30:00,3.435,3.439,3.427,3.437,3062.4
2024-09-17 12:00:00,3.437,3.446,3.429,3.444,4008.8
2024-09-17 12:30:00,3.444,3.454,3.439,3.452,1870.8
2024-09-17 13:00:00,3.452,3.452,3.436,3.443,2229.8
2024-09-17 13:30:00,3.443,3.447,3.407,3.414,11050.9
2024-09-17 14:00:00,3.414,3.492,3.41,3.483,22808.3
2024-09-17 14:30:00,3.483,3.485,3.454,3.47,14664.2
2024-09-17 15:00:00,3.47,3.528,3.47,3.521,21655.2
2024-09-17 15:30:00,3.521,3.528,3.496,3.511,17021.7
2024-09-17 16:00:00,3.511,3.519,3.476,3.491,12228.6
2024-09-17 16:30:00,3.491,3.491,3.464,3.468,14008.0
2024-09-17 17:00:00,3.468,3.493,3.459,3.487,5841.1
2024-09-17 17:30:00,3.487,3.491,3.474,3.482,10854.2
2024-09-17 18:00:00,3.482,3.485,3.471,3.476,29882.1
2024-09-17 18:30:00,3.476,3.483,3.454,3.467,6892.0
2024-09-17 19:00:00,3.467,3.473,3.458,3.469,5361.6
2024-09-17 19:30:00,3.469,3.469,3.419,3.448,34735.5
2024-09-17 20:00:00,3.448,3.466,3.444,3.462,3796.1
2024-09-17 20:30:00,3.462,3.47,3.445,3.45,3260.0
2024-09-17 21:00:00,3.45,3.465,3.45,3.461,4108.7
2024-09-17 21:30:00,3.461,3.465,3.453,3.463,3129.7
2024-09-17 22:00:00,3.463,3.468,3.453,3.456,3985.2
2024-09-17 22:30:00,3.456,3.462,3.453,3.457,2129.6
2024-09-17 23:00:00,3.457,3.457,3.44,3.446,18608.0
2024-09-17 23:30:00,3.446,3.463,3.446,3.46,5509.3
2024-09-18 00:00:00,3.46,3.46,3.428,3.438,6892.0
2024-09-18 00:30:00,3.438,3.449,3.419,3.449,4281.5
2024-09-18 01:00:00,3.449,3.449,3.432,3.449,2716.3
2024-09-18 01:30:00,3.449,3.45,3.439,3.444,3397.9
2024-09-18 02:00:00,3.444,3.458,3.438,3.455,3213.8
2024-09-18 02:30:00,3.455,3.48,3.454,3.48,3441.3
2024-09-18 03:00:00,3.48,3.499,3.479,3.491,2982.3
2024-09-18 03:30:00,3.491,3.497,3.484,3.491,27786.7
2024-09-18 04:00:00,3.491,3.496,3.488,3.496,38494.8
2024-09-18 04:30:00,3.496,3.496,3.467,3.476,1955.9
2024-09-18 05:00:00,3.476,3.486,3.463,3.482,3749.1
2024-09-18 05:30:00,3.482,3.485,3.475,3.483,2512.2
2024-09-18 06:00:00,3.483,3.495,3.477,3.486,28156.9
2024-09-18 06:30:00,3.486,3.494,3.48,3.488,5121.6
2024-09-18 07:00:00,3.488,3.498,3.485,3.493,3977.3
2024-09-18 07:30:00,3.493,3.497,3.481,3.482,4620.7
2024-09-18 08:00:00,3.482,3.482,3.453,3.454,15169.4
2024-09-18 08:30:00,3.454,3.454,3.444,3.448,16155.4
2024-09-18 09:00:00,3.448,3.45,3.43,3.437,12370.0
2024-09-18 09:30:00,3.437,3.437,3.398,3.399,32134.7
2024-09-18 10:00:00,3.399,3.411,3.376,3.4,19246.8
2024-09-18 10:30:00,3.4,3.415,3.396,3.415,3339.8
2024-09-18 11:00:00,3.415,3.419,3.402,3.419,6077.2
2024-09-18 11:30:00,3.419,3.422,3.41,3.41,1544.7
2024-09-18 12:00:00,3.41,3.416,3.399,3.416,4099.4
2024-09-18 12:30:00,3.416,3.429,3.415,3.427,18562.4
2024-09-18 13:00:00,3.427,3.438,3.419,3.422,4671.2
2024-09-18 13:30:00,3.422,3.424,3.384,3.399,15165.8
2024-09-18 14:00:00,3.399,3.412,3.392,3.409,7242.3
2024-09-18 14:30:00,3.409,3.416,3.392,3.398,4137.5
2024-09-18 15:00:00,3.398,3.416,3.392,3.397,3091.3
2024-09-18 15:30:00,3.397,3.397,3.365,3.372,17749.0
2024-09-18 16:00:00,3.372,3.397,3.362,3.389,3495.3
2024-09-18 16:30:00,3.389,3.404,3.386,3.4,4985.4
2024-09-18 17:00:00,3.4,3.404,3.372,3.394,9010.8
2024-09-18 17:30:00,3.394,3.42,3.391,3.407,4328.1
2024-09-18 18:00:00,3.407,3.489,3.402,3.478,65206.2
2024-09-18 18:30:00,3.478,3.527,3.472,3.498,16608.6
2024-09-18 19:00:00,3.498,3.524,3.473,3.506,18463.3
2024-09-18 19:30:00,3.506,3.519,3.481,3.487,3337.0
2024-09-18 20:00:00,3.487,3.487,3.446,3.48,8734.5
2024-09-18 20:30:00,3.48,3.506,3.476,3.506,4666.0
2024-09-18 21:00:00,3.506,3.515,3.501,3.508,9237.1
2024-09-18 21:30:00,3.508,3.523,3.492,3.493,3441.3
2024-09-18 22:00:00,3.493,3.521,3.493,3.521,4246.1
2024-09-18 22:30:00,3.521,3.53,3.515,3.517,18231.0
2024-09-18 23:00:00,3.517,3.554,3.517,3.554,6240.5
2024-09-18 23:30:00,3.554,3.616,3.55,3.61,20283.3
2024-09-19 00:00:00,3.61,3.675,3.61,3.663,160477.7
2024-09-19 00:30:00,3.663,3.698,3.648,3.692,11263.2
2024-09-19 01:00:00,3.692,3.712,3.68,3.688,13569.5
2024-09-19 01:30:00,3.688,3.721,3.667,3.699,11589.6
2024-09-19 02:00:00,3.699,3.703,3.674,3.694,5128.3
2024-09-19 02:30:00,3.694,3.697,3.664,3.682,12663.0
2024-09-19 03:00:00,3.682,3.689,3.661,3.676,9859.5
2024-09-19 03:30:00,3.676,3.682,3.657,3.657,9239.8
2024-09-19 04:00:00,3.657,3.671,3.645,3.646,36851.6
2024-09-19 04:30:00,3.646,3.67,3.639,3.666,34770.9
2024-09-19 05:00:00,3.666,3.677,3.658,3.659,42793.9
2024-09-19 05:30:00,3.659,3.667,3.642,3.651,22605.1
2024-09-19 06:00:00,3.651,3.654,3.633,3.646,8802.3
2024-09-19 06:30:00,3.646,3.662,3.645,3.647,3630.4
2024-09-19 07:00:00,3.647,3.67,3.637,3.668,12603.7
2024-09-19 07:30:00,3.668,3.678,3.658,3.671,2964.5
2024-09-19 08:00:00,3.671,3.691,3.67,3.679,7544.9
2024-09-19 08:30:00,3.679,3.683,3.641,3.644,45532.5
2024-09-19 09:00:00,3.644,3.67,3.644,3.662,4557.4
2024-09-19 09:30:00,3.662,3.671,3.652,3.652,5905.6
2024-09-19 10:00:00,3.652,3.674,3.652,3.673,12939.8
2024-09-19 10:30:00,3.673,3.673,3.645,3.648,3388.6
2024-09-19 11:00:00,3.648,3.669,3.645,3.669,3273.0
2024-09-19 11:30:00,3.669,3.681,3.666,3.681,6831.1
2024-09-19 12:00:00,3.681,3.707,3.665,3.672,10640.9
2024-09-19 12:30:00,3.672,3.68,3.665,3.67,4488.2
2024-09-19 13:00:00,3.67,3.686,3.663,3.683,3606.2
2024-09-19 13:30:00,3.683,3.689,3.654,3.688,8375.2
2024-09-19 14:00:00,3.688,3.704,3.678,3.7,5537.2
2024-09-19 14:30:00,3.7,3.707,3.673,3.674,9414.7
2024-09-19 15:00:00,3.674,3.706,3.669,3.691,4258.9
2024-09-19 15:30:00,3.691,3.706,3.685,3.693,9412.4
2024-09-19 16:00:00,3.693,3.745,3.692,3.738,46847.5
2024-09-19 16:30:00,3.738,3.746,3.73,3.737,10619.4
2024-09-19 17:00:00,3.737,3.754,3.723,3.725,58625.1
2024-09-19 17:30:00,3.725,3.748,3.723,3.737,1869.1
2024-09-19 18:00:00,3.737,3.748,3.728,3.739,3118.5
2024-09-19 18:30:00,3.739,3.746,3.713,3.718,22852.5
2024-09-19 19:00:00,3.718,3.728,3.714,3.718,8372.8
2024-09-19 19:30:00,3.718,3.722,3.696,3.704,9305.5
2024-09-19 20:00:00,3.704,3.723,3.702,3.72,13262.9
2024-09-19 20:30:00,3.72,3.73,3.714,3.716,2629.4
2024-09-19 21:00:00,3.716,3.721,3.7,3.701,6607.6
2024-09-19 21:30:00,3.701,3.703,3.687,3.687,4030.8
2024-09-19 22:00:00,3.687,3.695,3.676,3.688,5532.9
2024-09-19 22:30:00,3.688,3.704,3.681,3.696,2299.1
2024-09-19 23:00:00,3.696,3.706,3.693,3.697,3330.2
2024-09-19 23:30:00,3.697,3.699,3.683,3.683,2400.4
2024-09-20 00:00:00,3.683,3.706,3.673,3.674,6346.4
2024-09-20 00:30:00,3.674,3.689,3.662,3.675,7286.2
2024-09-20 01:00:00,3.675,3.679,3.648,3.665,7639.1
2024-09-20 01:30:00,3.665,3.689,3.665,3.683,3304.2
2024-09-20 02:00:00,3.683,3.692,3.667,3.676,2162.9
2024-09-20 02:30:00,3.676,3.694,3.675,3.692,2959.7
2024-09-20 03:00:00,3.692,3.712,3.692,3.708,5908.4
2024-09-20 03:30:00,3.708,3.759,3.708,3.757,11896.9
2024-09-20 04:00:00,3.757,3.799,3.755,3.791,77891.6
2024-09-20 04:30:00,3.791,3.825,3.765,3.811,8253.6
2024-09-20 05:00:00,3.811,3.816,3.793,3.798,7472.9
2024-09-20 05:30:00,3.798,3.803,3.777,3.79,5668.1
2024-09-20 06:00:00,3.79,3.797,3.771,3.786,6950.9
2024-09-20 06:30:00,3.786,3.82,3.778,3.818,8119.0
2024-09-20 07:00:00,3.818,3.822,3.781,3.791,8908.6
2024-09-20 07:30:00,3.791,3.837,3.791,3.832,14240.1
2024-09-20 08:00:00,3.832,3.835,3.789,3.792,4790.9
2024-09-20 08:30:00,3.792,3.813,3.78,3.807,4227.6
2024-09-20 09:00:00,3.807,3.822,3.8,3.814,5980.6
2024-09-20 09:30:00,3.814,3.82,3.804,3.806,3372.6
2024-09-20 10:00:00,3.806,3.821,3.795,3.814,12890.5
2024-09-20 10:30:00,3.814,3.829,3.804,3.823,6569.9
2024-09-20 11:00:00,3.823,3.825,3.776,3.782,15401.0
2024-09-20 11:30:00,3.782,3.785,3.755,3.775,9702.0
2024-09-20 12:00:00,3.775,3.792,3.77,3.78,3197.6
2024-09-20 12:30:00,3.78,3.792,3.769,3.778,7306.8
2024-09-20 13:00:00,3.778,3.781,3.718,3.74,62159.8
2024-09-20 13:30:00,3.74,3.753,3.724,3.729,133645.7
2024-09-20 14:00:00,3.729,3.75,3.715,3.745,12862.9
2024-09-20 14:30:00,3.745,3.755,3.73,3.739,7587.0
2024-09-20 15:00:00,3.739,3.749,3.724,3.735,8443.4
2024-09-20 15:30:00,3.735,3.768,3.734,3.763,7673.2
2024-09-20 16:00:00,3.763,3.777,3.739,3.74,9792.1
2024-09-20 16:30:00,3.74,3.744,3.718,3.726,5371.1
2024-09-20 17:00:00,3.726,3.736,3.704,3.716,12319.2
2024-09-20 17:30:00,3.716,3.725,3.706,3.717,3100.0
2024-09-20 18:00:00,3.717,3.721,3.692,3.719,7234.0
2024-09-20 18:30:00,3.719,3.742,3.711,3.74,5403.1
2024-09-20 19:00:00,3.74,3.742,3.729,3.734,3351.7
2024-09-20 19:30:00,3.734,3.742,3.726,3.726,2735.5
2024-09-20 20:00:00,3.726,3.738,3.724,3.729,2262.3
2024-09-20 20:30:00,3.729,3.742,3.726,3.739,6232.0
2024-09-20 21:00:00,3.739,3.777,3.737,3.772,7701.6
2024-09-20 21:30:00,3.772,3.783,3.767,3.776,9251.3
2024-09-20 22:00:00,3.776,3.795,3.776,3.777,10316.3
2024-09-20 22:30:00,3.777,3.791,3.774,3.786,2304.2
2024-09-20 23:00:00,3.786,3.786,3.762,3.765,1869.2
2024-09-20 23:30:00,3.765,3.784,3.765,3.773,2899.2
2024-09-21 00:00:00,3.773,3.779,3.756,3.767,6301.5
2024-09-21 00:30:00,3.767,3.79,3.76,3.769,7498.3
2024-09-21 01:00:00,3.769,3.784,3.751,3.774,3658.6
2024-09-21 01:30:00,3.774,3.779,3.737,3.737,2444.5
2024-09-21 02:00:00,3.737,3.749,3.727,3.74,3888.6
2024-09-21 02:30:00,3.74,3.752,3.735,3.746,5077.0
2024-09-21 03:00:00,3.746,3.76,3.744,3.75,6234.3
2024-09-21 03:30:00,3.75,3.754,3.721,3.721,2163.0
2024-09-21 04:00:00,3.721,3.729,3.701,3.712,6916.7
2024-09-21 04:30:00,3.712,3.712,3.694,3.705,8440.4
2024-09-21 05:00:00,3.705,3.726,3.702,3.723,2045.8
2024-09-21 05:30:00,3.723,3.73,3.719,3.726,3605.2
2024-09-21 06:00:00,3.726,3.752,3.724,3.75,8539.7
2024-09-21 06:30:00,3.75,3.753,3.738,3.74,11725.0
2024-09-21 07:00:00,3.74,3.753,3.738,3.745,4162.5
2024-09-21 07:30:00,3.745,3.764,3.742,3.758,2050.5
2024-09-21 08:00:00,3.758,3.768,3.751,3.759,4011.0
2024-09-21 08:30:00,3.759,3.766,3.754,3.764,3445.9
2024-09-21 09:00:00,3.764,3.808,3.763,3.807,14061.3
2024-09-21 09:30:00,3.807,3.82,3.779,3.787,9757.4
2024-09-21 10:00:00,3.787,3.788,3.767,3.772,5953.2
2024-09-21 10:30:00,3.772,3.775,3.764,3.774,2073.5
2024-09-21 11:00:00,3.774,3.782,3.767,3.77,2806.5
2024-09-21 11:30:00,3.77,3.778,3.761,3.77,6295.1
2024-09-21 12:00:00,3.77,3.772,3.759,3.763,4339.1
2024-09-21 12:30:00,3.763,3.798,3.76,3.797,3093.7
2024-09-21 13:00:00,3.797,3.802,3.789,3.801,1753.1
2024-09-21 13:30:00,3.801,3.817,3.798,3.81,5083.6
2024-09-21 14:00:00,3.81,3.827,3.807,3.807,7536.5
2024-09-21 14:30:00,3.807,3.867,3.807,3.852,15056.0
2024-09-21 15:00:00,3.852,3.856,3.809,3.831,13992.1
2024-09-21 15:30:00,3.831,3.846,3.823,3.824,5341.9
2024-09-21 16:00:00,3.824,3.842,3.806,3.817,7688.5
2024-09-21 16:30:00,3.817,3.826,3.81,3.818,5088.0
2024-09-21 17:00:00,3.818,3.836,3.81,3.81,4150.1
2024-09-21 17:30:00,3.81,3.82,3.81,3.817,1929.1
2024-09-21 18:00:00,3.817,3.823,3.812,3.813,1715.4
2024-09-21 18:30:00,3.813,3.819,3.806,3.808,4067.6
2024-09-21 19:00:00,3.808,3.826,3.806,3.813,2709.3
2024-09-21 19:30:00,3.813,3.819,3.804,3.811,2971.0
2024-09-21 20:00:00,3.811,3.82,3.804,3.815,12867.3
2024-09-21 20:30:00,3.815,3.829,3.813,3.824,1494.4
2024-09-21 21:00:00,3.824,3.829,3.81,3.81,1426.2
2024-09-21 21:30:00,3.81,3.827,3.81,3.822,1104.2
2024-09-21 22:00:00,3.822,3.833,3.82,3.824,1667.1
2024-09-21 22:30:00,3.824,3.84,3.824,3.839,1490.4
2024-09-21 23:00:00,3.839,3.861,3.838,3.857,1647.7
2024-09-21 23:30:00,3.857,3.877,3.852,3.862,7432.2
2024-09-22 00:00:00,3.862,3.871,3.83,3.83,9626.9
2024-09-22 00:30:00,3.83,3.842,3.823,3.839,6493.5
2024-09-22 01:00:00,3.839,3.847,3.817,3.819,4407.7
2024-09-22 01:30:00,3.819,3.828,3.812,3.812,4459.9
2024-09-22 02:00:00,3.812,3.817,3.784,3.798,55384.1
2024-09-22 02:30:00,3.798,3.801,3.772,3.788,7514.5
2024-09-22 03:00:00,3.788,3.811,3.786,3.795,3502.8
2024-09-22 03:30:00,3.795,3.803,3.789,3.801,1917.5
2024-09-22 04:00:00,3.801,3.805,3.796,3.801,2589.2
2024-09-22 04:30:00,3.801,3.811,3.792,3.801,2364.0
2024-09-22 05:00:00,3.801,3.807,3.769,3.775,2506.5
2024-09-22 05:30:00,3.775,3.781,3.766,3.768,2780.6
2024-09-22 06:00:00,3.768,3.774,3.765,3.772,1721.6
2024-09-22 06:30:00,3.772,3.772,3.741,3.752,7290.0
2024-09-22 07:00:00,3.752,3.754,3.739,3.751,12561.9
2024-09-22 07:30:00,3.751,3.758,3.745,3.755,20849.3
2024-09-22 08:00:00,3.755,3.769,3.755,3.761,8809.8
2024-09-22 08:30:00,3.761,3.767,3.749,3.767,19076.0
2024-09-22 09:00:00,3.767,3.767,3.727,3.731,14588.9
2024-09-22 09:30:00,3.731,3.743,3.721,3.726,19091.3
2024-09-22 10:00:00,3.726,3.734,3.72,3.722,29297.9
2024-09-22 10:30:00,3.722,3.722,3.695,3.71,17422.1
2024-09-22 11:00:00,3.71,3.719,3.697,3.717,39610.5
2024-09-22 11:30:00,3.717,3.722,3.711,3.713,7127.1
2024-09-22 12:00:00,3.713,3.723,3.711,3.714,8037.7
2024-09-22 12:30:00,3.714,3.717,3.7,3.717,13919.3
2024-09-22 13:00:00,3.717,3.725,3.704,3.708,27162.7
2024-09-22 13:30:00,3.708,3.708,3.656,3.663,116857.6
2024-09-22 14:00:00,3.663,3.688,3.657,3.664,8851.0
2024-09-22 14:30:00,3.664,3.673,3.645,3.666,13241.8
2024-09-22 15:00:00,3.666,3.683,3.65,3.678,18735.2
2024-09-22 15:30:00,3.678,3.687,3.672,3.674,6901.1
2024-09-22 16:00:00,3.674,3.678,3.646,3.669,9091.4
2024-09-22 16:30:00,3.669,3.688,3.661,3.669,4960.0
2024-09-22 17:00:00,3.669,3.686,3.666,3.686,6218.7
2024-09-22 17:30:00,3.686,3.708,3.685,3.699,21658.4
2024-09-22 18:00:00,3.699,3.699,3.666,3.682,19916.1
2024-09-22 18:30:00,3.682,3.694,3.681,3.686,5092.8
2024-09-22 19:00:00,3.686,3.688,3.661,3.661,7214.0
2024-09-22 19:30:00,3.661,3.704,3.661,3.693,5237.6
2024-09-22 20:00:00,3.693,3.709,3.687,3.707,6915.8
2024-09-22 20:30:00,3.707,3.707,3.683,3.685,8949.3
2024-09-22 21:00:00,3.685,3.699,3.682,3.686,15800.1
2024-09-22 21:30:00,3.686,3.689,3.62,3.621,125180.3
2024-09-22 22:00:00,3.621,3.662,3.602,3.661,11929.3
2024-09-22 22:30:00,3.661,3.732,3.661,3.724,15511.8
2024-09-22 23:00:00,3.724,3.732,3.701,3.704,7779.7
2024-09-22 23:30:00,3.704,3.727,3.696,3.72,5567.3
2024-09-23 00:00:00,3.72,3.722,3.654,3.711,26422.8
2024-09-23 00:30:00,3.711,3.753,3.698,3.735,10603.5
2024-09-23 01:00:00,3.735,3.764,3.73,3.761,6533.7
2024-09-23 01:30:00,3.761,3.775,3.758,3.769,8489.2
2024-09-23 02:00:00,3.769,3.774,3.739,3.74,2692.0
2024-09-23 02:30:00,3.74,3.771,3.74,3.765,5834.6
2024-09-23 03:00:00,3.765,3.807,3.758,3.802,7822.8
2024-09-23 03:30:00,3.802,3.807,3.775,3.785,10276.6
2024-09-23 04:00:00,3.785,3.797,3.753,3.755,24238.6
2024-09-23 04:30:00,3.755,3.764,3.744,3.756,10039.1
2024-09-23 05:00:00,3.756,3.762,3.738,3.749,13339.4
2024-09-23 05:30:00,3.749,3.78,3.749,3.766,7464.9
2024-09-23 06:00:00,3.766,3.775,3.754,3.769,18776.1
2024-09-23 06:30:00,3.769,3.784,3.767,3.774,15763.8
2024-09-23 07:00:00,3.774,3.785,3.746,3.748,9758.5
2024-09-23 07:30:00,3.748,3.752,3.72,3.731,15325.7
2024-09-23 08:00:00,3.731,3.735,3.693,3.725,31418.3
2024-09-23 08:30:00,3.725,3.73,3.704,3.716,3283.4
2024-09-23 09:00:00,3.716,3.749,3.714,3.746,10355.4
2024-09-23 09:30:00,3.746,3.753,3.734,3.75,13651.9
2024-09-23 10:00:00,3.75,3.751,3.714,3.737,11373.1
2024-09-23 10:30:00,3.737,3.749,3.724,3.725,2574.0
2024-09-23 11:00:00,3.725,3.729,3.704,3.719,6530.6
2024-09-23 11:30:00,3.719,3.736,3.715,3.724,3498.4
2024-09-23 12:00:00,3.724,3.735,3.706,3.735,36977.4
2024-09-23 12:30:00,3.735,3.736,3.695,3.712,15938.7
2024-09-23 13:00:00,3.712,3.738,3.704,3.737,3174.7
2024-09-23 13:30:00,3.737,3.744,3.715,3.73,38322.1
2024-09-23 14:00:00,3.73,3.79,3.73,3.775,13095.9
2024-09-23 14:30:00,3.775,3.78,3.739,3.766,5754.8
2024-09-23 15:00:00,3.766,3.772,3.732,3.764,7036.9
2024-09-23 15:30:00,3.764,3.778,3.76,3.764,4815.3
2024-09-23 16:00:00,3.764,3.791,3.738,3.741,15143.6
2024-09-23 16:30:00,3.741,3.75,3.733,3.736,3287.5
2024-09-23 17:00:00,3.736,3.74,3.722,3.733,8573.2
2024-09-23 17:30:00,3.733,3.745,3.729,3.74,16859.3
2024-09-23 18:00:00,3.74,3.754,3.737,3.747,2890.5
2024-09-23 18:30:00,3.747,3.768,3.747,3.757,7772.5
2024-09-23 19:00:00,3.757,3.764,3.748,3.76,10666.7
2024-09-23 19:30:00,3.76,3.76,3.742,3.743,3374.1
2024-09-23 20:00:00,3.743,3.751,3.732,3.737,14306.0
2024-09-23 20:30:00,3.737,3.752,3.731,3.745,6661.9
2024-09-23 21:00:00,3.745,3.753,3.717,3.736,13827.5
2024-09-23 21:30:00,3.736,3.754,3.736,3.754,9924.4
2024-09-23 22:00:00,3.754,3.758,3.74,3.758,5594.4
2024-09-23 22:30:00,3.758,3.767,3.75,3.751,2621.3
2024-09-23 23:00:00,3.751,3.763,3.739,3.743,6352.6
2024-09-23 23:30:00,3.743,3.771,3.743,3.76,2923.0
2024-09-24 00:00:00,3.76,3.772,3.755,3.768,37319.1
2024-09-24 00:30:00,3.768,3.777,3.711,3.713,23839.5
2024-09-24 01:00:00,3.713,3.737,3.702,3.707,4226.3
2024-09-24 01:30:00,3.707,3.729,3.694,3.724,5798.8
2024-09-24 02:00:00,3.724,3.73,3.701,3.728,5343.6
2024-09-24 02:30:00,3.728,3.742,3.717,3.74,3081.1
2024-09-24 03:00:00,3.74,3.748,3.73,3.745,4929.8
2024-09-24 03:30:00,3.745,3.766,3.731,3.762,12564.0
2024-09-24 04:00:00,3.762,3.765,3.731,3.742,4154.7
2024-09-24 04:30:00,3.742,3.742,3.713,3.721,4247.6
2024-09-24 05:00:00,3.721,3.741,3.716,3.728,32489.6
2024-09-24 05:30:00,3.728,3.732,3.718,3.729,3627.6
2024-09-24 06:00:00,3.729,3.745,3.727,3.735,2491.0
2024-09-24 06:30:00,3.735,3.744,3.724,3.739,2678.4
2024-09-24 07:00:00,3.739,3.777,3.738,3.763,18679.6
2024-09-24 07:30:00,3.763,3.78,3.762,3.78,17776.6
2024-09-24 08:00:00,3.78,3.794,3.767,3.778,6204.0
2024-09-24 08:30:00,3.778,3.807,3.775,3.799,6820.1
2024-09-24 09:00:00,3.799,3.809,3.772,3.775,9407.7
2024-09-24 09:30:00,3.775,3.78,3.756,3.763,20479.8
2024-09-24 10:00:00,3.763,3.795,3.76,3.788,5497.1
2024-09-24 10:30:00,3.788,3.793,3.776,3.777,1968.2
2024-09-24 11:00:00,3.777,3.777,3.758,3.774,6273.8
2024-09-24 11:30:00,3.774,3.796,3.77,3.792,9938.6
2024-09-24 12:00:00,3.792,3.799,3.782,3.791,9611.6
2024-09-24 12:30:00,3.791,3.806,3.78,3.786,19902.6
2024-09-24 13:00:00,3.786,3.806,3.784,3.793,9736.3
2024-09-24 13:30:00,3.793,3.82,3.79,3.792,34512.8
2024-09-24 14:00:00,3.792,3.794,3.72,3.72,30275.2
2024-09-24 14:30:00,3.72,3.746,3.696,3.743,46868.6
2024-09-24 15:00:00,3.743,3.75,3.729,3.731,8144.7
2024-09-24 15:30:00,3.731,3.749,3.73,3.736,2228.1
2024-09-24 16:00:00,3.736,3.754,3.735,3.743,17878.1
2024-09-24 16:30:00,3.743,3.759,3.739,3.75,4391.2
2024-09-24 17:00:00,3.75,3.783,3.745,3.775,10162.2
2024-09-24 17:30:00,3.775,3.809,3.772,3.796,5674.4
2024-09-24 18:00:00,3.796,3.813,3.787,3.789,13083.9
2024-09-24 18:30:00,3.789,3.8,3.781,3.781,9828.0
2024-09-24 19:00:00,3.781,3.797,3.775,3.792,2278.9
2024-09-24 19:30:00,3.792,3.842,3.788,3.837,19466.1
2024-09-24 20:00:00,3.837,3.849,3.812,3.834,13191.6
2024-09-24 20:30:00,3.834,3.845,3.819,3.826,4699.5
2024-09-24 21:00:00,3.826,3.853,3.826,3.838,7724.1
2024-09-24 21:30:00,3.838,3.841,3.82,3.839,2234.1
2024-09-24 22:00:00,3.839,3.88,3.839,3.867,22750.9
2024-09-24 22:30:00,3.867,3.878,3.849,3.872,13377.4
2024-09-24 23:00:00,3.872,3.876,3.853,3.854,7660.2
2024-09-24 23:30:00,3.854,3.864,3.849,3.853,6555.4
2024-09-25 00:00:00,3.853,3.881,3.851,3.87,12396.8
2024-09-25 00:30:00,3.87,3.901,3.856,3.867,22320.7
2024-09-25 01:00:00,3.867,3.945,3.864,3.941,105362.0
2024-09-25 01:30:00,3.941,3.949,3.917,3.928,7320.4
2024-09-25 02:00:00,3.928,3.95,3.928,3.942,5694.8
2024-09-25 02:30:00,3.942,3.961,3.933,3.959,11692.8
2024-09-25 03:00:00,3.959,3.959,3.93,3.932,37662.1
2024-09-25 03:30:00,3.932,3.954,3.932,3.953,4948.7
2024-09-25 04:00:00,3.953,3.975,3.944,3.95,47154.1
2024-09-25 04:30:00,3.95,3.954,3.922,3.923,12390.3
2024-09-25 05:00:00,3.923,3.949,3.923,3.938,3780.5
2024-09-25 05:30:00,3.938,3.953,3.926,3.931,4031.9
2024-09-25 06:00:00,3.931,3.931,3.9,3.917,9106.6
2024-09-25 06:30:00,3.917,3.924,3.898,3.902,4976.7
2024-09-25 07:00:00,3.902,3.924,3.886,3.923,9601.5
2024-09-25 07:30:00,3.923,3.93,3.904,3.914,5544.5
2024-09-25 08:00:00,3.914,3.949,3.913,3.929,7787.0
2024-09-25 08:30:00,3.929,3.933,3.896,3.907,69008.4
2024-09-25 09:00:00,3.907,3.92,3.899,3.904,6313.7
2024-09-25 09:30:00,3.904,3.915,3.898,3.903,1892.4
2024-09-25 10:00:00,3.903,3.937,3.897,3.931,25314.0
2024-09-25 10:30:00,3.931,3.942,3.921,3.931,12127.1
2024-09-25 11:00:00,3.931,3.934,3.905,3.916,8215.5
2024-09-25 11:30:00,3.916,3.94,3.914,3.936,7934.9
2024-09-25 12:00:00,3.936,3.941,3.922,3.927,6253.8
2024-09-25 12:30:00,3.927,3.927,3.906,3.909,9318.2
2024-09-25 13:00:00,3.909,3.932,3.907,3.912,7562.0
2024-09-25 13:30:00,3.912,3.916,3.886,3.914,7666.9
2024-09-25 14:00:00,3.914,3.962,3.913,3.945,6008.4
2024-09-25 14:30:00,3.945,3.993,3.934,3.977,33705.4
2024-09-25 15:00:00,3.977,4.001,3.972,3.986,113872.1
2024-09-25 15:30:00,3.986,3.986,3.924,3.924,14717.5
2024-09-25 16:00:00,3.924,3.963,3.922,3.96,7095.2
2024-09-25 16:30:00,3.96,3.983,3.955,3.957,15198.7
2024-09-25 17:00:00,3.957,3.967,3.92,3.92,9974.1
2024-09-25 17:30:00,3.92,3.937,3.913,3.925,8505.2
2024-09-25 18:00:00,3.925,3.948,3.92,3.94,70046.6
2024-09-25 18:30:00,3.94,3.978,3.937,3.975,6125.5
2024-09-25 19:00:00,3.975,4.001,3.972,3.994,13716.2
2024-09-25 19:30:00,3.994,4.0,3.955,3.958,9137.4
2024-09-25 20:00:00,3.958,4.001,3.957,3.964,34854.8
2024-09-25 20:30:00,3.964,3.984,3.963,3.978,2769.7
2024-09-25 21:00:00,3.978,4.024,3.976,4.024,31820.7
2024-09-25 21:30:00,4.024,4.045,3.995,3.999,70966.6
2024-09-25 22:00:00,3.999,4.002,3.943,3.964,9987.0
2024-09-25 22:30:00,3.964,3.975,3.937,3.953,7326.1
2024-09-25 23:00:00,3.953,3.959,3.922,3.93,7003.4
2024-09-25 23:30:00,3.93,3.945,3.91,3.941,6577.5
2024-09-26 00:00:00,3.941,3.964,3.937,3.956,3549.3
2024-09-26 00:30:00,3.956,3.96,3.897,3.91,11784.3
2024-09-26 01:00:00,3.91,3.932,3.898,3.907,6729.0
2024-09-26 01:30:00,3.907,3.942,3.879,3.942,17264.6
2024-09-26 02:00:00,3.942,3.974,3.938,3.965,15046.9
2024-09-26 02:30:00,3.965,3.967,3.949,3.952,4332.2
2024-09-26 03:00:00,3.952,3.988,3.948,3.955,17515.9
2024-09-26 03:30:00,3.955,3.981,3.955,3.97,4218.4
2024-09-26 04:00:00,3.97,3.987,3.963,3.985,2973.2
2024-09-26 04:30:00,3.985,4.005,3.973,3.981,9285.4
2024-09-26 05:00:00,3.981,4.05,3.98,4.033,22854.4
2024-09-26 05:30:00,4.033,4.116,4.027,4.079,29582.3
2024-09-26 06:00:00,4.079,4.098,4.066,4.083,19363.7
2024-09-26 06:30:00,4.083,4.107,4.071,4.091,12123.7
2024-09-26 07:00:00,4.091,4.105,4.074,4.097,17687.7
2024-09-26 07:30:00,4.097,4.098,4.081,4.086,8198.4
2024-09-26 08:00:00,4.086,4.097,4.075,4.08,13408.2
2024-09-26 08:30:00,4.08,4.103,4.071,4.08,38413.2
2024-09-26 09:00:00,4.08,4.097,4.071,4.09,15663.2
2024-09-26 09:30:00,4.09,4.105,4.08,4.092,4826.2
2024-09-26 10:00:00,4.092,4.113,4.083,4.108,8549.4
2024-09-26 10:30:00,4.108,4.131,4.1,4.108,18770.6
2024-09-26 11:00:00,4.108,4.116,4.095,4.103,16604.3
2024-09-26 11:30:00,4.103,4.139,4.103,4.126,80813.1
2024-09-26 12:00:00,4.126,4.146,4.104,4.108,59961.9
2024-09-26 12:30:00,4.108,4.13,4.084,4.095,48527.5
2024-09-26 13:00:00,4.095,4.126,4.085,4.098,90966.8
2024-09-26 13:30:00,4.098,4.107,4.073,4.077,108794.9
2024-09-26 14:00:00,4.077,4.118,4.077,4.092,119229.5
2024-09-26 14:30:00,4.092,4.114,4.054,4.054,101820.4
2024-09-26 15:00:00,4.054,4.103,4.045,4.102,37469.4
2024-09-26 15:30:00,4.102,4.133,4.101,4.115,12589.8
2024-09-26 16:00:00,4.115,4.146,4.106,4.131,48693.8
2024-09-26 16:30:00,4.131,4.143,4.114,4.121,12565.8
2024-09-26 17:00:00,4.121,4.145,4.106,4.112,43792.1
2024-09-26 17:30:00,4.112,4.115,4.067,4.075,45245.6
2024-09-26 18:00:00,4.075,4.106,4.075,4.089,13284.2
2024-09-26 18:30:00,4.089,4.112,4.083,4.109,9485.9
2024-09-26 19:00:00,4.109,4.119,4.099,4.108,4916.3
2024-09-26 19:30:00,4.108,4.113,4.093,4.095,7224.3
2024-09-26 20:00:00,4.095,4.106,4.06,4.067,4877.1
2024-09-26 20:30:00,4.067,4.074,4.048,4.053,4688.6
2024-09-26 21:00:00,4.053,4.092,4.049,4.084,5569.8
2024-09-26 21:30:00,4.084,4.084,4.063,4.083,3100.3
2024-09-26 22:00:00,4.083,4.1,4.074,4.076,11668.9
2024-09-26 22:30:00,4.076,4.097,4.075,4.096,7847.6
2024-09-26 23:00:00,4.096,4.096,4.054,4.078,7241.3
2024-09-26 23:30:00,4.078,4.103,4.07,4.102,5006.3
2024-09-27 00:00:00,4.102,4.119,4.097,4.116,8750.5
2024-09-27 00:30:00,4.116,4.129,4.11,4.118,17085.8
2024-09-27 01:00:00,4.118,4.156,4.1,4.143,25941.1
2024-09-27 01:30:00,4.143,4.162,4.125,4.138,28706.5
2024-09-27 02:00:00,4.138,4.155,4.111,4.112,100276.9
2024-09-27 02:30:00,4.112,4.125,4.111,4.114,4101.0
2024-09-27 03:00:00,4.114,4.146,4.108,4.143,18812.1
2024-09-27 03:30:00,4.143,4.186,4.142,4.181,49520.5
2024-09-27 04:00:00,4.181,4.191,4.167,4.168,14334.5
2024-09-27 04:30:00,4.168,4.188,4.163,4.175,6093.5
2024-09-27 05:00:00,4.175,4.214,4.174,4.204,7614.0
2024-09-27 05:30:00,4.204,4.218,4.192,4.215,8614.6
2024-09-27 06:00:00,4.215,4.238,4.209,4.209,15281.0
2024-09-27 06:30:00,4.209,4.23,4.202,4.203,12270.5
2024-09-27 07:00:00,4.203,4.212,4.186,4.199,17089.2
2024-09-27 07:30:00,4.199,4.199,4.177,4.187,8342.2
2024-09-27 08:00:00,4.187,4.209,4.187,4.208,8704.2
2024-09-27 08:30:00,4.208,4.213,4.179,4.188,20226.6
2024-09-27 09:00:00,4.188,4.202,4.174,4.175,9504.6
2024-09-27 09:30:00,4.175,4.179,4.157,4.162,32212.9
2024-09-27 10:00:00,4.162,4.164,4.132,4.144,27427.8
2024-09-27 10:30:00,4.144,4.144,4.116,4.116,13696.4
2024-09-27 11:00:00,4.116,4.134,4.108,4.111,5510.3
2024-09-27 11:30:00,4.111,4.13,4.111,4.13,5663.0
2024-09-27 12:00:00,4.13,4.148,4.115,4.137,6407.4
2024-09-27 12:30:00,4.137,4.176,4.134,4.176,12089.9
2024-09-27 13:00:00,4.176,4.178,4.151,4.161,12110.6
2024-09-27 13:30:00,4.161,4.171,4.132,4.169,26033.3
2024-09-27 14:00:00,4.169,4.246,4.159,4.23,48118.1
2024-09-27 14:30:00,4.23,4.289,4.222,4.243,304657.4
2024-09-27 15:00:00,4.243,4.264,4.223,4.225,18333.1
2024-09-27 15:30:00,4.225,4.243,4.192,4.192,13343.5
2024-09-27 16:00:00,4.192,4.208,4.163,4.199,298356.8
2024-09-27 16:30:00,4.199,4.225,4.191,4.223,12416.1
2024-09-27 17:00:00,4.223,4.23,4.165,4.169,25631.3
2024-09-27 17:30:00,4.169,4.186,4.156,4.186,26036.2
2024-09-27 18:00:00,4.186,4.189,4.166,4.169,11573.6
2024-09-27 18:30:00,4.169,4.192,4.166,4.192,8568.0
2024-09-27 19:00:00,4.192,4.203,4.175,4.195,5669.1
2024-09-27 19:30:00,4.195,4.205,4.185,4.196,3660.2
2024-09-27 20:00:00,4.196,4.202,4.173,4.183,7661.2
2024-09-27 20:30:00,4.183,4.202,4.181,4.181,10889.1
2024-09-27 21:00:00,4.181,4.194,4.179,4.185,8726.4
2024-09-27 21:30:00,4.185,4.188,4.171,4.178,1149.9
2024-09-27 22:00:00,4.178,4.195,4.162,4.193,5219.7
2024-09-27 22:30:00,4.193,4.214,4.189,4.206,3845.2
2024-09-27 23:00:00,4.206,4.216,4.194,4.197,16306.7
2024-09-27 23:30:00,4.197,4.206,4.189,4.195,1037.2
2024-09-28 00:00:00,4.195,4.212,4.187,4.195,18194.9
2024-09-28 00:30:00,4.195,4.207,4.19,4.2,2698.3
2024-09-28 01:00:00,4.2,4.203,4.186,4.19,2537.9
2024-09-28 01:30:00,4.19,4.197,4.182,4.195,2283.2
2024-09-28 02:00:00,4.195,4.213,4.187,4.211,4153.0
2024-09-28 02:30:00,4.211,4.223,4.2,4.209,12487.9
2024-09-28 03:00:00,4.209,4.22,4.187,4.189,6903.4
2024-09-28 03:30:00,4.189,4.191,4.172,4.178,7284.3
2024-09-28 04:00:00,4.178,4.185,4.163,4.182,5494.9
2024-09-28 04:30:00,4.182,4.188,4.161,4.162,2679.7
2024-09-28 05:00:00,4.162,4.164,4.132,4.132,7631.7
2024-09-28 05:30:00,4.132,4.146,4.125,4.128,9627.2
2024-09-28 06:00:00,4.128,4.136,4.11,4.124,26449.2
2024-09-28 06:30:00,4.124,4.13,4.088,4.103,25526.6
2024-09-28 07:00:00,4.103,4.117,4.1,4.104,8134.1
2024-09-28 07:30:00,4.104,4.118,4.093,4.1,11042.5
2024-09-28 08:00:00,4.1,4.105,4.071,4.081,9022.3
2024-09-28 08:30:00,4.081,4.094,4.057,4.059,10851.0
2024-09-28 09:00:00,4.059,4.066,4.017,4.063,40334.5
2024-09-28 09:30:00,4.063,4.078,4.057,4.077,6013.2
2024-09-28 10:00:00,4.077,4.082,4.061,4.075,6857.7
2024-09-28 10:30:00,4.075,4.101,4.072,4.1,5066.2
2024-09-28 11:00:00,4.1,4.101,4.079,4.088,12201.0
2024-09-28 11:30:00,4.088,4.101,4.082,4.099,7106.1
2024-09-28 12:00:00,4.099,4.101,4.07,4.08,7131.6
2024-09-28 12:30:00,4.08,4.089,4.069,4.078,15564.4
2024-09-28 13:00:00,4.078,4.078,4.052,4.077,6222.4
2024-09-28 13:30:00,4.077,4.08,4.066,4.077,4444.7
2024-09-28 14:00:00,4.077,4.115,4.074,4.107,14989.0
2024-09-28 14:30:00,4.107,4.122,4.1,4.113,13589.2
2024-09-28 15:00:00,4.113,4.118,4.103,4.109,2986.9
2024-09-28 15:30:00,4.109,4.125,4.107,4.116,16417.3
2024-09-28 16:00:00,4.116,4.176,4.112,4.169,10635.7
2024-09-28 16:30:00,4.169,4.17,4.107,4.117,24478.3
2024-09-28 17:00:00,4.117,4.155,4.117,4.151,4986.5
2024-09-28 17:30:00,4.151,4.162,4.142,4.155,4744.6
2024-09-28 18:00:00,4.155,4.163,4.137,4.151,8280.0
2024-09-28 18:30:00,4.151,4.163,4.14,4.141,11238.6
2024-09-28 19:00:00,4.141,4.156,4.141,4.145,13168.8
2024-09-28 19:30:00,4.145,4.154,4.142,4.153,6513.5
2024-09-28 20:00:00,4.153,4.162,4.146,4.152,12700.0
2024-09-28 20:30:00,4.152,4.156,4.121,4.125,8124.1
2024-09-28 21:00:00,4.125,4.126,4.073,4.103,39548.3
2024-09-28 21:30:00,4.103,4.128,4.103,4.126,4913.9
2024-09-28 22:00:00,4.126,4.136,4.111,4.133,7609.2
2024-09-28 22:30:00,4.133,4.144,4.129,4.134,18877.4
2024-09-28 23:00:00,4.134,4.137,4.114,4.123,3066.3
2024-09-28 23:30:00,4.123,4.137,4.118,4.125,2186.5
2024-09-29 00:00:00,4.125,4.156,4.117,4.144,4768.6
2024-09-29 00:30:00,4.144,4.144,4.089,4.097,7324.4
2024-09-29 01:00:00,4.097,4.114,4.09,4.104,10481.9
2024-09-29 01:30:00,4.104,4.119,4.088,4.118,8346.6
2024-09-29 02:00:00,4.118,4.142,4.113,4.135,10990.0
2024-09-29 02:30:00,4.135,4.138,4.113,4.113,3202.1
2024-09-29 03:00:00,4.113,4.12,4.098,4.116,2469.6
2024-09-29 03:30:00,4.116,4.125,4.109,4.12,1517.8
2024-09-29 04:00:00,4.12,4.122,4.083,4.099,5143.9
2024-09-29 04:30:00,4.099,4.11,4.089,4.099,1292.4
2024-09-29 05:00:00,4.099,4.108,4.091,4.102,5193.3
2024-09-29 05:30:00,4.102,4.104,4.075,4.081,24345.3
2024-09-29 06:00:00,4.081,4.094,4.062,4.078,24078.1
2024-09-29 06:30:00,4.078,4.085,4.061,4.07,6412.1
2024-09-29 07:00:00,4.07,4.086,4.061,4.066,22141.3
2024-09-29 07:30:00,4.066,4.073,4.037,4.047,9855.0
2024-09-29 08:00:00,4.047,4.063,4.028,4.031,7587.3
2024-09-29 08:30:00,4.031,4.055,4.031,4.041,5392.5
2024-09-29 09:00:00,4.041,4.075,4.039,4.058,11343.7
2024-09-29 09:30:00,4.058,4.076,4.055,4.059,3849.3
2024-09-29 10:00:00,4.059,4.063,4.032,4.033,7921.0
2024-09-29 10:30:00,4.033,4.053,4.025,4.048,3261.3
2024-09-29 11:00:00,4.048,4.059,4.043,4.054,16462.8
2024-09-29 11:30:00,4.054,4.062,4.047,4.057,22652.0
2024-09-29 12:00:00,4.057,4.069,4.051,4.054,42379.8
2024-09-29 12:30:00,4.054,4.064,4.027,4.033,5403.8
2024-09-29 13:00:00,4.033,4.065,4.01,4.045,13897.9
2024-09-29 13:30:00,4.045,4.084,4.043,4.079,12787.4
2024-09-29 14:00:00,4.079,4.086,4.064,4.079,7054.3
2024-09-29 14:30:00,4.079,4.09,4.058,4.064,2830.3
2024-09-29 15:00:00,4.064,4.084,4.044,4.047,72418.6
2024-09-29 15:30:00,4.047,4.083,4.043,4.081,22617.0
2024-09-29 16:00:00,4.081,4.09,4.068,4.08,6310.2
2024-09-29 16:30:00,4.08,4.087,4.055,4.084,14744.2
2024-09-29 17:00:00,4.084,4.109,4.078,4.095,35099.8
2024-09-29 17:30:00,4.095,4.103,4.08,4.092,4979.7
2024-09-29 18:00:00,4.092,4.107,4.083,4.086,9383.4
2024-09-29 18:30:00,4.086,4.116,4.084,4.095,3525.5
2024-09-29 19:00:00,4.095,4.12,4.093,4.109,4276.5
2024-09-29 19:30:00,4.109,4.137,4.106,4.134,17015.0
2024-09-29 20:00:00,4.134,4.149,4.105,4.106,14861.5
2024-09-29 20:30:00,4.106,4.126,4.098,4.103,3347.0
2024-09-29 21:00:00,4.103,4.134,4.102,4.125,10074.4
2024-09-29 21:30:00,4.125,4.125,4.099,4.113,5732.2
2024-09-29 22:00:00,4.113,4.129,4.072,4.088,8809.5
2024-09-29 22:30:00,4.088,4.106,4.079,4.085,5773.9
2024-09-29 23:00:00,4.085,4.089,4.06,4.065,22372.2
2024-09-29 23:30:00,4.065,4.088,4.058,4.082,5208.4
2024-09-30 00:00:00,4.082,4.091,4.039,4.039,27205.0
2024-09-30 00:30:00,4.039,4.079,4.02,4.077,27135.3
2024-09-30 01:00:00,4.077,4.096,4.051,4.074,3820.4
2024-09-30 01:30:00,4.074,4.095,4.004,4.009,45873.5
2024-09-30 02:00:00,4.009,4.017,3.972,3.99,51417.8
2024-09-30 02:30:00,3.99,3.997,3.953,3.959,29050.6
2024-09-30 03:00:00,3.959,3.985,3.935,3.985,27924.5
2024-09-30 03:30:00,3.985,3.999,3.98,3.996,16836.5
2024-09-30 04:00:00,3.996,3.996,3.953,3.964,22553.3
2024-09-30 04:30:00,3.964,3.98,3.956,3.969,6508.9
2024-09-30 05:00:00,3.969,3.992,3.96,3.989,4816.0
2024-09-30 05:30:00,3.989,4.007,3.981,4.001,14666.8
2024-09-30 06:00:00,4.001,4.031,4.0,4.015,59252.9
2024-09-30 06:30:00,4.015,4.02,3.986,3.986,27262.9
2024-09-30 07:00:00,3.986,4.031,3.985,4.024,3719.1
2024-09-30 07:30:00,4.024,4.037,4.014,4.028,3181.1
2024-09-30 08:00:00,4.028,4.032,3.992,4.006,8068.6
2024-09-30 08:30:00,4.006,4.031,3.998,4.027,8265.5
2024-09-30 09:00:00,4.027,4.027,3.978,3.994,70135.1
2024-09-30 09:30:00,3.994,4.001,3.933,3.934,57612.4
2024-09-30 10:00:00,3.934,3.953,3.903,3.94,79930.4
2024-09-30 10:30:00,3.94,3.94,3.917,3.939,22794.9
2024-09-30 11:00:00,3.939,3.961,3.925,3.957,15703.1
2024-09-30 11:30:00,3.957,3.965,3.924,3.949,9006.7
2024-09-30 12:00:00,3.949,3.952,3.933,3.936,8358.9
2024-09-30 12:30:00,3.936,3.954,3.931,3.951,6275.4
2024-09-30 13:00:00,3.951,3.964,3.941,3.949,20774.3
2024-09-30 13:30:00,3.949,3.963,3.941,3.941,3093.7
2024-09-30 14:00:00,3.941,3.943,3.905,3.925,59259.3
2024-09-30 14:30:00,3.925,3.937,3.911,3.915,8358.3
2024-09-30 15:00:00,3.915,3.933,3.887,3.921,258704.1
2024-09-30 15:30:00,3.921,3.925,3.86,3.861,50511.4
2024-09-30 16:00:00,3.861,3.891,3.86,3.885,16973.7
2024-09-30 16:30:00,3.885,3.889,3.863,3.887,8577.0
2024-09-30 17:00:00,3.887,3.91,3.877,3.896,18537.4
2024-09-30 17:30:00,3.896,3.922,3.886,3.921,6766.3
2024-09-30 18:00:00,3.921,3.927,3.884,3.888,12846.0
2024-09-30 18:30:00,3.888,3.918,3.883,3.906,6742.1
2024-09-30 19:00:00,3.906,3.912,3.891,3.896,40811.8
2024-09-30 19:30:00,3.896,3.901,3.886,3.89,5346.1
2024-09-30 20:00:00,3.89,3.923,3.886,3.902,40417.1
2024-09-30 20:30:00,3.902,3.91,3.894,3.903,2830.1
2024-09-30 21:00:00,3.903,3.91,3.896,3.901,15539.5
2024-09-30 21:30:00,3.901,3.902,3.877,3.883,2538.1
2024-09-30 22:00:00,3.883,3.884,3.844,3.847,51293.1
2024-09-30 22:30:00,3.847,3.86,3.823,3.825,37165.6
2024-09-30 23:00:00,3.825,3.839,3.792,3.817,70290.9
2024-09-30 23:30:00,3.817,3.817,3.776,3.812,78402.0
2024-10-01 00:00:00,3.812,3.844,3.804,3.844,47199.5
2024-10-01 00:30:00,3.844,3.865,3.836,3.86,10580.8
2024-10-01 01:00:00,3.86,3.881,3.854,3.878,14000.8
2024-10-01 01:30:00,3.878,3.882,3.86,3.865,3254.7
2024-10-01 02:00:00,3.865,3.869,3.826,3.851,14981.7
2024-10-01 02:30:00,3.851,3.871,3.849,3.87,1876.6
2024-10-01 03:00:00,3.87,3.903,3.866,3.884,7748.5
2024-10-01 03:30:00,3.884,3.914,3.883,3.911,11639.9
2024-10-01 04:00:00,3.911,3.92,3.893,3.905,12644.6
2024-10-01 04:30:00,3.905,3.923,3.904,3.909,12398.7
2024-10-01 05:00:00,3.909,3.91,3.889,3.897,3505.1
2024-10-01 05:30:00,3.897,3.901,3.888,3.894,21265.7
2024-10-01 06:00:00,3.894,3.916,3.891,3.908,4694.6
2024-10-01 06:30:00,3.908,3.923,3.9,3.92,52667.5
2024-10-01 07:00:00,3.92,3.923,3.908,3.917,4182.9
2024-10-01 07:30:00,3.917,3.932,3.911,3.916,5990.6
2024-10-01 08:00:00,3.916,3.922,3.901,3.905,3093.1
2024-10-01 08:30:00,3.905,3.914,3.896,3.906,22423.8
2024-10-01 09:00:00,3.906,3.924,3.905,3.92,6965.6
2024-10-01 09:30:00,3.92,3.923,3.908,3.912,2405.7
2024-10-01 10:00:00,3.912,3.929,3.911,3.929,8346.2
2024-10-01 10:30:00,3.929,3.939,3.918,3.935,5546.7
2024-10-01 11:00:00,3.935,3.939,3.921,3.921,4836.3
2024-10-01 11:30:00,3.921,3.93,3.916,3.917,10403.7
2024-10-01 12:00:00,3.917,3.929,3.915,3.926,12544.5
2024-10-01 12:30:00,3.926,3.926,3.895,3.908,6160.8
2024-10-01 13:00:00,3.908,3.909,3.868,3.871,15331.8
2024-10-01 13:30:00,3.871,3.883,3.785,3.833,236749.2
2024-10-01 14:00:00,3.833,3.861,3.808,3.822,102140.8
2024-10-01 14:30:00,3.822,3.822,3.721,3.749,119644.8
2024-10-01 15:00:00,3.749,3.754,3.6,3.709,172108.4
2024-10-01 15:30:00,3.709,3.75,3.704,3.714,52195.4
2024-10-01 16:00:00,3.714,3.723,3.671,3.689,53989.8
2024-10-01 16:30:00,3.689,3.703,3.624,3.672,82366.0
2024-10-01 17:00:00,3.672,3.672,3.439,3.55,160978.3
2024-10-01 17:30:00,3.55,3.616,3.524,3.6,33964.5
2024-10-01 18:00:00,3.6,3.616,3.587,3.612,18328.3
2024-10-01 18:30:00,3.612,3.616,3.556,3.574,33455.7
2024-10-01 19:00:00,3.574,3.595,3.55,3.591,48088.5
2024-10-01 19:30:00,3.591,3.591,3.556,3.56,41573.7
2024-10-01 20:00:00,3.56,3.57,3.517,3.529,28003.7
2024-10-01 20:30:00,3.529,3.576,3.496,3.563,39235.0
2024-10-01 21:00:00,3.563,3.565,3.529,3.546,58409.3
2024-10-01 21:30:00,3.546,3.59,3.535,3.585,15965.1
2024-10-01 22:00:00,3.585,3.585,3.546,3.548,31876.8
2024-10-01 22:30:00,3.548,3.552,3.528,3.537,6668.6
2024-10-01 23:00:00,3.537,3.552,3.526,3.531,40285.8
2024-10-01 23:30:00,3.531,3.557,3.526,3.555,2698.0
2024-10-02 00:00:00,3.555,3.566,3.528,3.55,11717.6
2024-10-02 00:30:00,3.55,3.579,3.547,3.553,12581.6
2024-10-02 01:00:00,3.553,3.593,3.55,3.591,13518.7
2024-10-02 01:30:00,3.591,3.604,3.575,3.601,5082.5
2024-10-02 02:00:00,3.601,3.626,3.592,3.625,45091.8
2024-10-02 02:30:00,3.625,3.639,3.61,3.63,7820.9
2024-10-02 03:00:00,3.63,3.639,3.623,3.632,8847.1
2024-10-02 03:30:00,3.632,3.655,3.632,3.641,39855.0
2024-10-02 04:00:00,3.641,3.643,3.621,3.637,6157.3
2024-10-02 04:30:00,3.637,3.639,3.623,3.633,1738.5
2024-10-02 05:00:00,3.633,3.648,3.627,3.631,4126.7
2024-10-02 05:30:00,3.631,3.648,3.627,3.646,13118.0
2024-10-02 06:00:00,3.646,3.655,3.63,3.653,1359.9
2024-10-02 06:30:00,3.653,3.683,3.653,3.676,8841.3
2024-10-02 07:00:00,3.676,3.678,3.652,3.663,9881.5
2024-10-02 07:30:00,3.663,3.684,3.659,3.662,7689.2
2024-10-02 08:00:00,3.662,3.662,3.643,3.648,6836.3
2024-10-02 08:30:00,3.648,3.666,3.647,3.653,8020.6
2024-10-02 09:00:00,3.653,3.655,3.621,3.624,42605.0
2024-10-02 09:30:00,3.624,3.631,3.579,3.585,46382.1
2024-10-02 10:00:00,3.585,3.621,3.577,3.618,7809.4
2024-10-02 10:30:00,3.618,3.629,3.566,3.566,15054.6
2024-10-02 11:00:00,3.566,3.597,3.542,3.589,23092.1
2024-10-02 11:30:00,3.589,3.604,3.575,3.582,11001.1
2024-10-02 12:00:00,3.582,3.582,3.549,3.574,3646.3
2024-10-02 12:30:00,3.574,3.596,3.55,3.56,7176.5
2024-10-02 13:00:00,3.56,3.589,3.554,3.564,10279.4
2024-10-02 13:30:00,3.564,3.616,3.541,3.608,32302.5
2024-10-02 14:00:00,3.608,3.623,3.568,3.588,15972.1
2024-10-02 14:30:00,3.588,3.619,3.571,3.572,9595.1
2024-10-02 15:00:00,3.572,3.622,3.567,3.618,11914.0
2024-10-02 15:30:00,3.618,3.629,3.608,3.618,12533.9
2024-10-02 16:00:00,3.618,3.649,3.613,3.624,7233.5
2024-10-02 16:30:00,3.624,3.626,3.595,3.597,12306.7
2024-10-02 17:00:00,3.597,3.614,3.573,3.608,9133.6
2024-10-02 17:30:00,3.608,3.61,3.585,3.591,10899.2
2024-10-02 18:00:00,3.591,3.594,3.5,3.536,32055.5
2024-10-02 18:30:00,3.536,3.539,3.478,3.48,16504.1
2024-10-02 19:00:00,3.48,3.5,3.443,3.487,65651.3
2024-10-02 19:30:00,3.487,3.526,3.486,3.509,78327.2
2024-10-02 20:00:00,3.509,3.518,3.491,3.508,38402.7
2024-10-02 20:30:00,3.508,3.563,3.508,3.545,23536.1
2024-10-02 21:00:00,3.545,3.558,3.517,3.532,18092.8
2024-10-02 21:30:00,3.532,3.547,3.523,3.537,33025.3
2024-10-02 22:00:00,3.537,3.537,3.499,3.512,44737.4
2024-10-02 22:30:00,3.512,3.556,3.508,3.556,7119.2
2024-10-02 23:00:00,3.556,3.559,3.542,3.552,9909.9
2024-10-02 23:30:00,3.552,3.556,3.535,3.536,2620.9
2024-10-03 00:00:00,3.536,3.55,3.511,3.531,20760.4
2024-10-03 00:30:00,3.531,3.57,3.531,3.553,5815.2
2024-10-03 01:00:00,3.553,3.588,3.553,3.588,4120.1
2024-10-03 01:30:00,3.588,3.598,3.58,3.593,6448.0
2024-10-03 02:00:00,3.593,3.607,3.581,3.594,11145.9
2024-10-03 02:30:00,3.594,3.608,3.589,3.597,35076.2
2024-10-03 03:00:00,3.597,3.643,3.593,3.633,42890.1
2024-10-03 03:30:00,3.633,3.64,3.619,3.639,2944.7
2024-10-03 04:00:00,3.639,3.641,3.619,3.627,3803.3
2024-10-03 04:30:00,3.627,3.652,3.624,3.63,19091.2
2024-10-03 05:00:00,3.63,3.635,3.62,3.624,32042.3
2024-10-03 05:30:00,3.624,3.636,3.606,3.628,10939.4
2024-10-03 06:00:00,3.628,3.638,3.61,3.619,25794.7
2024-10-03 06:30:00,3.619,3.635,3.617,3.62,21150.2
2024-10-03 07:00:00,3.62,3.622,3.586,3.601,57106.3
2024-10-03 07:30:00,3.601,3.609,3.558,3.571,77484.6
2024-10-03 08:00:00,3.571,3.577,3.474,3.509,79255.2
2024-10-03 08:30:00,3.509,3.539,3.484,3.504,39661.1
2024-10-03 09:00:00,3.504,3.528,3.447,3.519,71887.4
2024-10-03 09:30:00,3.519,3.533,3.503,3.531,32329.3
2024-10-03 10:00:00,3.531,3.532,3.503,3.514,7641.6
2024-10-03 10:30:00,3.514,3.538,3.511,3.531,14504.5
2024-10-03 11:00:00,3.531,3.539,3.495,3.506,51279.6
2024-10-03 11:30:00,3.506,3.51,3.482,3.482,27631.5
2024-10-03 12:00:00,3.482,3.495,3.453,3.489,33035.3
2024-10-03 12:30:00,3.489,3.505,3.479,3.493,2565.9
2024-10-03 13:00:00,3.493,3.524,3.463,3.513,214686.3
2024-10-03 13:30:00,3.513,3.523,3.482,3.512,14355.7
2024-10-03 14:00:00,3.512,3.562,3.496,3.508,39277.3
2024-10-03 14:30:00,3.508,3.53,3.487,3.49,16514.7
2024-10-03 15:00:00,3.49,3.507,3.431,3.442,42137.6
2024-10-03 15:30:00,3.442,3.519,3.418,3.517,27871.3
2024-10-03 16:00:00,3.517,3.526,3.479,3.479,71748.4
2024-10-03 16:30:00,3.479,3.515,3.474,3.507,135894.4
2024-10-03 17:00:00,3.507,3.547,3.482,3.541,11649.3
2024-10-03 17:30:00,3.541,3.546,3.502,3.531,10840.5
2024-10-03 18:00:00,3.531,3.548,3.52,3.539,72279.4
2024-10-03 18:30:00,3.539,3.54,3.523,3.528,13824.4
2024-10-03 19:00:00,3.528,3.548,3.523,3.543,9369.2
2024-10-03 19:30:00,3.543,3.573,3.543,3.564,2300.7
2024-10-03 20:00:00,3.564,3.572,3.549,3.552,3330.7
2024-10-03 20:30:00,3.552,3.553,3.533,3.534,9091.3
2024-10-03 21:00:00,3.534,3.562,3.517,3.561,4502.9
2024-10-03 21:30:00,3.561,3.562,3.551,3.559,1388.0
2024-10-03 22:00:00,3.559,3.564,3.548,3.562,1843.0
2024-10-03 22:30:00,3.562,3.581,3.551,3.569,7022.6
2024-10-03 23:00:00,3.569,3.586,3.553,3.568,4656.6
2024-10-03 23:30:00,3.568,3.573,3.557,3.571,3874.8
2024-10-04 00:00:00,3.571,3.579,3.551,3.562,4966.8
2024-10-04 00:30:00,3.562,3.567,3.545,3.545,9847.4
2024-10-04 01:00:00,3.545,3.602,3.544,3.595,9970.4
2024-10-04 01:30:00,3.595,3.608,3.583,3.601,3558.3
2024-10-04 02:00:00,3.601,3.608,3.587,3.596,2211.0
2024-10-04 02:30:00,3.596,3.603,3.587,3.587,6425.6
2024-10-04 03:00:00,3.587,3.589,3.566,3.569,4754.8
2024-10-04 03:30:00,3.569,3.589,3.565,3.584,4325.3
2024-10-04 04:00:00,3.584,3.607,3.583,3.607,1601.2
2024-10-04 04:30:00,3.607,3.614,3.579,3.586,9296.7
2024-10-04 05:00:00,3.586,3.602,3.583,3.6,2135.3
2024-10-04 05:30:00,3.6,3.613,3.594,3.611,5822.4
2024-10-04 06:00:00,3.611,3.621,3.593,3.616,3900.6
2024-10-04 06:30:00,3.616,3.619,3.587,3.588,6099.2
2024-10-04 07:00:00,3.588,3.601,3.575,3.597,9610.8
2024-10-04 07:30:00,3.597,3.605,3.59,3.599,7368.3
2024-10-04 08:00:00,3.599,3.636,3.596,3.621,59477.4
2024-10-04 08:30:00,3.621,3.629,3.6,3.602,9536.1
2024-10-04 09:00:00,3.602,3.626,3.598,3.603,14489.1
2024-10-04 09:30:00,3.603,3.605,3.596,3.604,5181.0
2024-10-04 10:00:00,3.604,3.616,3.603,3.607,5971.7
2024-10-04 10:30:00,3.607,3.611,3.586,3.589,14845.4
2024-10-04 11:00:00,3.589,3.608,3.585,3.595,2930.0
2024-10-04 11:30:00,3.595,3.612,3.592,3.612,12615.2
2024-10-04 12:00:00,3.612,3.621,3.603,3.617,6115.5
2024-10-04 12:30:00,3.617,3.635,3.583,3.633,31116.0
2024-10-04 13:00:00,3.633,3.64,3.596,3.596,14530.4
2024-10-04 13:30:00,3.596,3.624,3.591,3.601,11465.7
2024-10-04 14:00:00,3.601,3.607,3.566,3.576,20358.3
2024-10-04 14:30:00,3.576,3.606,3.569,3.6,6833.6
2024-10-04 15:00:00,3.6,3.623,3.6,3.618,10961.4
2024-10-04 15:30:00,3.618,3.639,3.612,3.639,8724.8
2024-10-04 16:00:00,3.639,3.642,3.62,3.638,12226.0
2024-10-04 16:30:00,3.638,3.662,3.636,3.636,57069.9
2024-10-04 17:00:00,3.636,3.647,3.626,3.626,6739.2
2024-10-04 17:30:00,3.626,3.636,3.616,3.629,14442.4
2024-10-04 18:00:00,3.629,3.64,3.621,3.637,5089.0
2024-10-04 18:30:00,3.637,3.65,3.636,3.65,3875.3
2024-10-04 19:00:00,3.65,3.652,3.643,3.646,5116.2
2024-10-04 19:30:00,3.646,3.648,3.634,3.644,3172.8
2024-10-04 20:00:00,3.644,3.645,3.632,3.635,4328.4
2024-10-04 20:30:00,3.635,3.65,3.628,3.647,4024.3
2024-10-04 21:00:00,3.647,3.648,3.639,3.642,2296.8
2024-10-04 21:30:00,3.642,3.643,3.631,3.633,4627.4
2024-10-04 22:00:00,3.633,3.643,3.625,3.636,40828.2
2024-10-04 22:30:00,3.636,3.636,3.625,3.629,2215.9
2024-10-04 23:00:00,3.629,3.635,3.625,3.631,4248.2
2024-10-04 23:30:00,3.631,3.645,3.63,3.645,3354.0
2024-10-05 00:00:00,3.645,3.653,3.643,3.649,2510.2
2024-10-05 00:30:00,3.649,3.672,3.647,3.672,5092.1
2024-10-05 01:00:00,3.672,3.676,3.65,3.655,11342.0
2024-10-05 01:30:00,3.655,3.667,3.642,3.649,5400.6
2024-10-05 02:00:00,3.649,3.656,3.638,3.647,1182.1
2024-10-05 02:30:00,3.647,3.651,3.619,3.621,3662.4
2024-10-05 03:00:00,3.621,3.636,3.606,3.635,4554.5
2024-10-05 03:30:00,3.635,3.635,3.618,3.62,3051.6
2024-10-05 04:00:00,3.62,3.632,3.611,3.632,2344.4
2024-10-05 04:30:00,3.632,3.643,3.625,3.638,2228.8
2024-10-05 05:00:00,3.638,3.656,3.634,3.654,6757.6
2024-10-05 05:30:00,3.654,3.663,3.654,3.657,7688.8
2024-10-05 06:00:00,3.657,3.657,3.641,3.65,6264.6
2024-10-05 06:30:00,3.65,3.664,3.65,3.662,3883.9
2024-10-05 07:00:00,3.662,3.666,3.64,3.64,3610.5
2024-10-05 07:30:00,3.64,3.653,3.638,3.641,5080.1
2024-10-05 08:00:00,3.641,3.662,3.639,3.659,2510.2
2024-10-05 08:30:00,3.659,3.661,3.641,3.648,1531.4
2024-10-05 09:00:00,3.648,3.662,3.646,3.654,45126.3
2024-10-05 09:30:00,3.654,3.669,3.647,3.667,5506.8
2024-10-05 10:00:00,3.667,3.674,3.662,3.667,14630.0
2024-10-05 10:30:00,3.667,3.671,3.649,3.652,4594.3
2024-10-05 11:00:00,3.652,3.667,3.647,3.655,2498.4
2024-10-05 11:30:00,3.655,3.663,3.654,3.656,3351.6
2024-10-05 12:00:00,3.656,3.669,3.656,3.662,2619.7
2024-10-05 12:30:00,3.662,3.669,3.658,3.668,4649.2
2024-10-05 13:00:00,3.668,3.671,3.658,3.658,7668.3
2024-10-05 13:30:00,3.658,3.66,3.637,3.642,12159.9
2024-10-05 14:00:00,3.642,3.651,3.635,3.643,7985.6
2024-10-05 14:30:00,3.643,3.656,3.639,3.647,7118.9
2024-10-05 15:00:00,3.647,3.651,3.631,3.646,7653.0
2024-10-05 15:30:00,3.646,3.659,3.644,3.659,9693.6
2024-10-05 16:00:00,3.659,3.665,3.631,3.635,243296.5
2024-10-05 16:30:00,3.635,3.635,3.607,3.612,21473.8
2024-10-05 17:00:00,3.612,3.622,3.608,3.616,5427.7
2024-10-05 17:30:00,3.616,3.629,3.616,3.623,2020.3
2024-10-05 18:00:00,3.623,3.627,3.609,3.617,3682.4
2024-10-05 18:30:00,3.617,3.62,3.595,3.603,9517.2
2024-10-05 19:00:00,3.603,3.606,3.589,3.599,6552.8
2024-10-05 19:30:00,3.599,3.602,3.589,3.594,4000.5
2024-10-05 20:00:00,3.594,3.594,3.57,3.585,4691.7
2024-10-05 20:30:00,3.585,3.585,3.562,3.566,6801.6
2024-10-05 21:00:00,3.566,3.59,3.555,3.589,58691.7
2024-10-05 21:30:00,3.589,3.596,3.573,3.577,44028.0
2024-10-05 22:00:00,3.577,3.604,3.574,3.601,4250.7
2024-10-05 22:30:00,3.601,3.622,3.601,3.622,3683.5
2024-10-05 23:00:00,3.622,3.622,3.607,3.607,3854.8
2024-10-05 23:30:00,3.607,3.619,3.603,3.615,2658.0
2024-10-06 00:00:00,3.615,3.618,3.605,3.617,5477.9
2024-10-06 00:30:00,3.617,3.619,3.606,3.61,3611.0
2024-10-06 01:00:00,3.61,3.645,3.606,3.642,4943.3
2024-10-06 01:30:00,3.642,3.65,3.628,3.635,6109.9
2024-10-06 02:00:00,3.635,3.638,3.619,3.631,2074.9
2024-10-06 02:30:00,3.631,3.634,3.621,3.63,2703.4
2024-10-06 03:00:00,3.63,3.649,3.622,3.64,4040.2
2024-10-06 03:30:00,3.64,3.64,3.62,3.62,2080.2
2024-10-06 04:00:00,3.62,3.635,3.62,3.628,4277.1
2024-10-06 04:30:00,3.628,3.631,3.61,3.615,5744.0
2024-10-06 05:00:00,3.615,3.635,3.613,3.635,4330.4
2024-10-06 05:30:00,3.635,3.638,3.625,3.636,6537.4
2024-10-06 06:00:00,3.636,3.644,3.633,3.642,3943.4
2024-10-06 06:30:00,3.642,3.645,3.625,3.632,3548.4
2024-10-06 07:00:00,3.632,3.645,3.631,3.635,2641.2
2024-10-06 07:30:00,3.635,3.646,3.633,3.641,3128.6
2024-10-06 08:00:00,3.641,3.646,3.625,3.641,7710.0
2024-10-06 08:30:00,3.641,3.644,3.628,3.629,9415.4
2024-10-06 09:00:00,3.629,3.644,3.628,3.64,2643.0
2024-10-06 09:30:00,3.64,3.647,3.634,3.637,8577.7
2024-10-06 10:00:00,3.637,3.643,3.635,3.637,2755.0
2024-10-06 10:30:00,3.637,3.637,3.629,3.633,6093.0
2024-10-06 11:00:00,3.633,3.641,3.632,3.638,5274.5
2024-10-06 11:30:00,3.638,3.655,3.637,3.648,4149.8
2024-10-06 12:00:00,3.648,3.667,3.645,3.664,12889.1
2024-10-06 12:30:00,3.664,3.672,3.661,3.67,4600.2
2024-10-06 13:00:00,3.67,3.683,3.664,3.667,9099.5
2024-10-06 13:30:00,3.667,3.676,3.664,3.667,8956.5
2024-10-06 14:00:00,3.667,3.698,3.658,3.694,17552.8
2024-10-06 14:30:00,3.694,3.711,3.688,3.704,21765.0
2024-10-06 15:00:00,3.704,3.708,3.675,3.679,13011.5
2024-10-06 15:30:00,3.679,3.698,3.679,3.689,5426.8
2024-10-06 16:00:00,3.689,3.704,3.669,3.674,3529.4
2024-10-06 16:30:00,3.674,3.682,3.663,3.666,6477.0
2024-10-06 17:00:00,3.666,3.684,3.666,3.681,26949.4
2024-10-06 17:30:00,3.681,3.681,3.666,3.666,10328.6
2024-10-06 18:00:00,3.666,3.677,3.664,3.665,4990.2
2024-10-06 18:30:00,3.665,3.673,3.658,3.668,19695.4
2024-10-06 19:00:00,3.668,3.707,3.668,3.697,316188.2
2024-10-06 19:30:00,3.697,3.699,3.657,3.662,18573.1
2024-10-06 20:00:00,3.662,3.679,3.662,3.667,18418.6
2024-10-06 20:30:00,3.667,3.669,3.662,3.666,2119.0
2024-10-06 21:00:00,3.666,3.677,3.652,3.663,5902.4
2024-10-06 21:30:00,3.663,3.676,3.643,3.644,3412.3
2024-10-06 22:00:00,3.644,3.675,3.644,3.667,1780.3
2024-10-06 22:30:00,3.667,3.685,3.666,3.685,4276.4
2024-10-06 23:00:00,3.685,3.701,3.678,3.692,4353.5
2024-10-06 23:30:00,3.692,3.701,3.689,3.696,4899.1
2024-10-07 00:00:00,3.696,3.71,3.682,3.697,10460.7
2024-10-07 00:30:00,3.697,3.745,3.692,3.744,32692.4
2024-10-07 01:00:00,3.744,3.758,3.734,3.751,9538.2
2024-10-07 01:30:00,3.751,3.777,3.748,3.773,8632.1
2024-10-07 02:00:00,3.773,3.806,3.773,3.799,16783.0
2024-10-07 02:30:00,3.799,3.8,3.775,3.788,8391.9
2024-10-07 03:00:00,3.788,3.806,3.782,3.784,7021.0
2024-10-07 03:30:00,3.784,3.797,3.765,3.793,6670.0
2024-10-07 04:00:00,3.793,3.812,3.793,3.809,3219.9
2024-10-07 04:30:00,3.809,3.811,3.777,3.778,2269.9
2024-10-07 05:00:00,3.778,3.804,3.773,3.775,61863.9
2024-10-07 05:30:00,3.775,3.775,3.762,3.766,3397.1
2024-10-07 06:00:00,3.766,3.789,3.764,3.783,9249.8
2024-10-07 06:30:00,3.783,3.787,3.777,3.782,12637.5
2024-10-07 07:00:00,3.782,3.782,3.769,3.777,3611.1
2024-10-07 07:30:00,3.777,3.778,3.76,3.769,2279.0
2024-10-07 08:00:00,3.769,3.786,3.766,3.775,8136.6
2024-10-07 08:30:00,3.775,3.793,3.771,3.777,10052.9
2024-10-07 09:00:00,3.777,3.778,3.734,3.734,18015.7
2024-10-07 09:30:00,3.734,3.751,3.723,3.751,9511.5
2024-10-07 10:00:00,3.751,3.751,3.696,3.71,51888.0
2024-10-07 10:30:00,3.71,3.725,3.707,3.717,4898.4
2024-10-07 11:00:00,3.717,3.721,3.683,3.715,7189.0
2024-10-07 11:30:00,3.715,3.743,3.709,3.738,15533.9
2024-10-07 12:00:00,3.738,3.739,3.718,3.736,14242.3
2024-10-07 12:30:00,3.736,3.736,3.718,3.72,5213.4
2024-10-07 13:00:00,3.72,3.733,3.718,3.73,5478.2
2024-10-07 13:30:00,3.73,3.749,3.713,3.741,8200.2
2024-10-07 14:00:00,3.741,3.805,3.741,3.789,396388.8
2024-10-07 14:30:00,3.789,3.801,3.774,3.782,29340.2
2024-10-07 15:00:00,3.782,3.782,3.753,3.778,19353.8
2024-10-07 15:30:00,3.778,3.785,3.756,3.768,3913.9
2024-10-07 16:00:00,3.768,3.796,3.761,3.79,9542.8
2024-10-07 16:30:00,3.79,3.798,3.782,3.791,20330.2
2024-10-07 17:00:00,3.791,3.797,3.781,3.789,9533.5
2024-10-07 17:30:00,3.789,3.803,3.777,3.794,7768.8
2024-10-07 18:00:00,3.794,3.799,3.765,3.779,19009.4
2024-10-07 18:30:00,3.779,3.78,3.709,3.717,44166.3
2024-10-07 19:00:00,3.717,3.766,3.715,3.741,7666.5
2024-10-07 19:30:00,3.741,3.768,3.74,3.765,3254.1
2024-10-07 20:00:00,3.765,3.772,3.753,3.76,3109.2
2024-10-07 20:30:00,3.76,3.76,3.745,3.746,9408.1
2024-10-07 21:00:00,3.746,3.775,3.746,3.765,4322.7
2024-10-07 21:30:00,3.765,3.783,3.765,3.781,4518.0
2024-10-07 22:00:00,3.781,3.783,3.766,3.78,6815.0
2024-10-07 22:30:00,3.78,3.782,3.72,3.73,16400.4
2024-10-07 23:00:00,3.73,3.749,3.695,3.735,17845.5
2024-10-07 23:30:00,3.735,3.743,3.701,3.711,4256.1
2024-10-08 00:00:00,3.711,3.735,3.709,3.726,14890.2
2024-10-08 00:30:00,3.726,3.748,3.726,3.747,5156.9
2024-10-08 01:00:00,3.747,3.754,3.725,3.734,11762.4
2024-10-08 01:30:00,3.734,3.77,3.728,3.748,7037.4
2024-10-08 02:00:00,3.748,3.776,3.736,3.746,10501.7
2024-10-08 02:30:00,3.746,3.77,3.738,3.77,6532.1
2024-10-08 03:00:00,3.77,3.771,3.748,3.75,5035.2
2024-10-08 03:30:00,3.75,3.762,3.749,3.762,4413.6
2024-10-08 04:00:00,3.762,3.774,3.753,3.773,4747.8
2024-10-08 04:30:00,3.773,3.774,3.736,3.745,16591.2
2024-10-08 05:00:00,3.745,3.748,3.705,3.71,21345.7
2024-10-08 05:30:00,3.71,3.718,3.69,3.71,54065.8
2024-10-08 06:00:00,3.71,3.71,3.673,3.679,13616.5
2024-10-08 06:30:00,3.679,3.714,3.679,3.712,2948.3
2024-10-08 07:00:00,3.712,3.712,3.648,3.666,35728.8
2024-10-08 07:30:00,3.666,3.689,3.659,3.683,11612.3
2024-10-08 08:00:00,3.683,3.699,3.666,3.697,13235.7
2024-10-08 08:30:00,3.697,3.702,3.684,3.69,5386.4
2024-10-08 09:00:00,3.69,3.698,3.671,3.694,6021.0
2024-10-08 09:30:00,3.694,3.709,3.68,3.7,8187.2
2024-10-08 10:00:00,3.7,3.706,3.69,3.695,6149.1
2024-10-08 10:30:00,3.695,3.714,3.694,3.705,6023.7
2024-10-08 11:00:00,3.705,3.715,3.699,3.706,6320.9
2024-10-08 11:30:00,3.706,3.729,3.706,3.727,3302.9
2024-10-08 12:00:00,3.727,3.727,3.707,3.717,69577.7
2024-10-08 12:30:00,3.717,3.721,3.689,3.69,25493.6
2024-10-08 13:00:00,3.69,3.699,3.649,3.678,142724.2
2024-10-08 13:30:00,3.678,3.728,3.673,3.726,53411.8
2024-10-08 14:00:00,3.726,3.742,3.661,3.664,28100.7
2024-10-08 14:30:00,3.664,3.709,3.658,3.706,9807.9
2024-10-08 15:00:00,3.706,3.707,3.633,3.633,31710.4
2024-10-08 15:30:00,3.633,3.66,3.613,3.646,25768.1
2024-10-08 16:00:00,3.646,3.653,3.622,3.653,14973.0
2024-10-08 16:30:00,3.653,3.675,3.649,3.673,11182.1
2024-10-08 17:00:00,3.673,3.675,3.631,3.637,8477.6
2024-10-08 17:30:00,3.637,3.645,3.619,3.645,8814.8
2024-10-08 18:00:00,3.645,3.662,3.634,3.636,24716.9
2024-10-08 18:30:00,3.636,3.636,3.588,3.606,27397.1
2024-10-08 19:00:00,3.606,3.611,3.586,3.609,25261.1
2024-10-08 19:30:00,3.609,3.631,3.604,3.626,16301.6
2024-10-08 20:00:00,3.626,3.637,3.613,3.637,7374.1
2024-10-08 20:30:00,3.637,3.647,3.633,3.643,5676.2
2024-10-08 21:00:00,3.643,3.654,3.636,3.653,42430.7
2024-10-08 21:30:00,3.653,3.667,3.651,3.662,4131.2
2024-10-08 22:00:00,3.662,3.663,3.638,3.641,4729.6
2024-10-08 22:30:00,3.641,3.647,3.627,3.628,3970.5
2024-10-08 23:00:00,3.628,3.629,3.606,3.611,7738.0
2024-10-08 23:30:00,3.611,3.634,3.611,3.628,3446.6
2024-10-09 00:00:00,3.628,3.638,3.619,3.633,3603.8
2024-10-09 00:30:00,3.633,3.639,3.604,3.629,7936.3
2024-10-09 01:00:00,3.629,3.66,3.622,3.657,34349.4
2024-10-09 01:30:00,3.657,3.667,3.638,3.649,36743.1
2024-10-09 02:00:00,3.649,3.65,3.636,3.639,10084.2
2024-10-09 02:30:00,3.639,3.645,3.627,3.63,7823.9
2024-10-09 03:00:00,3.63,3.643,3.617,3.641,8412.8
2024-10-09 03:30:00,3.641,3.654,3.633,3.643,49948.2
2024-10-09 04:00:00,3.643,3.652,3.632,3.649,13942.9
2024-10-09 04:30:00,3.649,3.66,3.637,3.641,2241.9
2024-10-09 05:00:00,3.641,3.667,3.641,3.664,18710.5
2024-10-09 05:30:00,3.664,3.674,3.661,3.669,4285.9
2024-10-09 06:00:00,3.669,3.675,3.658,3.66,7709.3
2024-10-09 06:30:00,3.66,3.663,3.65,3.655,3222.2
2024-10-09 07:00:00,3.655,3.662,3.629,3.644,25762.7
2024-10-09 07:30:00,3.644,3.65,3.635,3.645,2880.8
2024-10-09 08:00:00,3.645,3.655,3.63,3.63,3033.0
2024-10-09 08:30:00,3.63,3.636,3.619,3.628,3788.8
2024-10-09 09:00:00,3.628,3.639,3.62,3.627,4324.4
2024-10-09 09:30:00,3.627,3.638,3.627,3.637,2073.6
2024-10-09 10:00:00,3.637,3.641,3.605,3.61,12060.5
2024-10-09 10:30:00,3.61,3.618,3.6,3.615,11605.1
2024-10-09 11:00:00,3.615,3.622,3.61,3.615,2892.2
2024-10-09 11:30:00,3.615,3.625,3.612,3.62,5597.3
2024-10-09 12:00:00,3.62,3.62,3.602,3.607,10320.8
2024-10-09 12:30:00,3.607,3.607,3.576,3.592,28660.4
2024-10-09 13:00:00,3.592,3.598,3.563,3.581,15684.7
2024-10-09 13:30:00,3.581,3.581,3.541,3.542,46141.3
2024-10-09 14:00:00,3.542,3.573,3.536,3.57,36656.7
2024-10-09 14:30:00,3.57,3.57,3.543,3.556,4143.5
2024-10-09 15:00:00,3.556,3.604,3.556,3.6,35497.8
2024-10-09 15:30:00,3.6,3.614,3.592,3.601,77929.6
2024-10-09 16:00:00,3.601,3.605,3.553,3.567,28343.2
2024-10-09 16:30:00,3.567,3.576,3.555,3.567,57615.3
2024-10-09 17:00:00,3.567,3.571,3.547,3.562,7996.2
2024-10-09 17:30:00,3.562,3.569,3.554,3.56,6543.7
2024-10-09 18:00:00,3.56,3.568,3.53,3.542,14060.5
2024-10-09 18:30:00,3.542,3.542,3.515,3.525,11461.2
2024-10-09 19:00:00,3.525,3.536,3.511,3.519,9054.2
2024-10-09 19:30:00,3.519,3.529,3.518,3.526,4616.3
2024-10-09 20:00:00,3.526,3.526,3.475,3.491,65518.4
2024-10-09 20:30:00,3.491,3.505,3.456,3.468,18213.9
2024-10-09 21:00:00,3.468,3.492,3.459,3.491,13006.7
2024-10-09 21:30:00,3.491,3.503,3.482,3.503,8545.7
2024-10-09 22:00:00,3.503,3.503,3.48,3.486,8875.0
2024-10-09 22:30:00,3.486,3.5,3.486,3.491,3853.8
2024-10-09 23:00:00,3.491,3.492,3.483,3.483,1308.8
2024-10-09 23:30:00,3.483,3.503,3.483,3.499,7893.8
2024-10-10 00:00:00,3.499,3.508,3.48,3.486,2083.9
2024-10-10 00:30:00,3.486,3.505,3.484,3.497,5601.0
2024-10-10 01:00:00,3.497,3.514,3.496,3.509,2745.7
2024-10-10 01:30:00,3.509,3.523,3.506,3.516,3074.9
2024-10-10 02:00:00,3.516,3.526,3.508,3.52,5253.1
2024-10-10 02:30:00,3.52,3.525,3.515,3.523,5833.6
2024-10-10 03:00:00,3.523,3.529,3.52,3.526,6395.5
2024-10-10 03:30:00,3.526,3.529,3.516,3.518,48123.4
2024-10-10 04:00:00,3.518,3.528,3.516,3.527,9922.7
2024-10-10 04:30:00,3.527,3.529,3.517,3.524,4146.8
2024-10-10 05:00:00,3.524,3.528,3.505,3.516,5321.2
2024-10-10 05:30:00,3.516,3.531,3.506,3.524,54757.6
2024-10-10 06:00:00,3.524,3.529,3.514,3.514,2651.3
2024-10-10 06:30:00,3.514,3.528,3.514,3.528,4728.7
2024-10-10 07:00:00,3.528,3.53,3.518,3.519,3230.2
2024-10-10 07:30:00,3.519,3.523,3.506,3.506,7646.9
2024-10-10 08:00:00,3.506,3.516,3.499,3.513,22351.2
2024-10-10 08:30:00,3.513,3.513,3.484,3.485,22424.8
2024-10-10 09:00:00,3.485,3.489,3.456,3.463,15866.7
2024-10-10 09:30:00,3.463,3.488,3.462,3.48,5887.3
2024-10-10 10:00:00,3.48,3.502,3.479,3.496,5367.3
2024-10-10 10:30:00,3.496,3.505,3.494,3.503,4458.5
2024-10-10 11:00:00,3.503,3.529,3.502,3.527,6072.9
2024-10-10 11:30:00,3.527,3.535,3.518,3.528,7996.9
2024-10-10 12:00:00,3.528,3.535,3.519,3.531,11479.2
2024-10-10 12:30:00,3.531,3.531,3.485,3.508,23039.2
2024-10-10 13:00:00,3.508,3.529,3.499,3.52,6976.3
2024-10-10 13:30:00,3.52,3.52,3.465,3.495,23928.5
2024-10-10 14:00:00,3.495,3.498,3.457,3.469,16068.3
2024-10-10 14:30:00,3.469,3.499,3.457,3.493,11454.5
2024-10-10 15:00:00,3.493,3.51,3.482,3.487,5063.0
2024-10-10 15:30:00,3.487,3.498,3.477,3.498,4306.2
2024-10-10 16:00:00,3.498,3.512,3.483,3.483,3097.2
2024-10-10 16:30:00,3.483,3.494,3.472,3.473,5517.4
2024-10-10 17:00:00,3.473,3.491,3.451,3.488,39530.1
2024-10-10 17:30:00,3.488,3.492,3.435,3.452,28063.8
2024-10-10 18:00:00,3.452,3.459,3.432,3.455,26382.6
2024-10-10 18:30:00,3.455,3.492,3.451,3.488,15444.3
2024-10-10 19:00:00,3.488,3.498,3.476,3.495,6567.3
2024-10-10 19:30:00,3.495,3.514,3.494,3.511,7799.6
2024-10-10 20:00:00,3.511,3.521,3.501,3.502,12372.7
2024-10-10 20:30:00,3.502,3.517,3.501,3.513,5984.6
2024-10-10 21:00:00,3.513,3.514,3.502,3.51,3742.5
2024-10-10 21:30:00,3.51,3.534,3.507,3.534,19757.4
2024-10-10 22:00:00,3.534,3.534,3.506,3.516,7127.3
2024-10-10 22:30:00,3.516,3.532,3.516,3.52,4112.8
2024-10-10 23:00:00,3.52,3.536,3.52,3.531,6510.1
2024-10-10 23:30:00,3.531,3.536,3.526,3.535,23193.0
2024-10-11 00:00:00,3.535,3.542,3.528,3.533,9352.9
2024-10-11 00:30:00,3.533,3.547,3.527,3.539,4706.7
2024-10-11 01:00:00,3.539,3.543,3.529,3.534,8637.9
2024-10-11 01:30:00,3.534,3.565,3.522,3.559,7802.3
2024-10-11 02:00:00,3.559,3.559,3.541,3.55,7243.7
2024-10-11 02:30:00,3.55,3.563,3.544,3.56,4533.8
2024-10-11 03:00:00,3.56,3.565,3.556,3.557,34140.7
2024-10-11 03:30:00,3.557,3.56,3.55,3.55,6790.8
2024-10-11 04:00:00,3.55,3.556,3.54,3.54,5175.9
2024-10-11 04:30:00,3.54,3.543,3.527,3.533,18396.6
2024-10-11 05:00:00,3.533,3.542,3.523,3.525,11949.1
2024-10-11 05:30:00,3.525,3.535,3.507,3.518,23277.3
2024-10-11 06:00:00,3.518,3.52,3.507,3.515,4682.0
2024-10-11 06:30:00,3.515,3.531,3.502,3.507,6585.3
2024-10-11 07:00:00,3.507,3.514,3.505,3.512,2180.2
2024-10-11 07:30:00,3.512,3.524,3.51,3.515,4370.4
2024-10-11 08:00:00,3.515,3.529,3.514,3.52,4367.8
2024-10-11 08:30:00,3.52,3.521,3.51,3.513,3224.9
2024-10-11 09:00:00,3.513,3.528,3.511,3.517,8462.8
2024-10-11 09:30:00,3.517,3.536,3.511,3.536,13809.9
2024-10-11 10:00:00,3.536,3.545,3.523,3.523,37889.8
2024-10-11 10:30:00,3.523,3.532,3.517,3.529,4945.5
2024-10-11 11:00:00,3.529,3.529,3.519,3.521,4366.2
2024-10-11 11:30:00,3.521,3.535,3.521,3.527,3409.0
2024-10-11 12:00:00,3.527,3.534,3.52,3.531,11307.7
2024-10-11 12:30:00,3.531,3.542,3.525,3.542,12786.5
2024-10-11 13:00:00,3.542,3.542,3.527,3.537,7617.7
2024-10-11 13:30:00,3.537,3.56,3.536,3.557,28687.5
2024-10-11 14:00:00,3.557,3.567,3.544,3.547,18446.9
2024-10-11 14:30:00,3.547,3.556,3.538,3.55,13707.3
2024-10-11 15:00:00,3.55,3.587,3.548,3.571,42524.7
2024-10-11 15:30:00,3.571,3.587,3.563,3.583,7118.0
2024-10-11 16:00:00,3.583,3.594,3.564,3.573,5698.7
2024-10-11 16:30:00,3.573,3.582,3.566,3.579,8633.9
2024-10-11 17:00:00,3.579,3.582,3.561,3.573,5640.3
2024-10-11 17:30:00,3.573,3.591,3.571,3.586,14035.9
2024-10-11 18:00:00,3.586,3.589,3.573,3.576,10250.8
2024-10-11 18:30:00,3.576,3.578,3.565,3.569,10932.1
2024-10-11 19:00:00,3.569,3.599,3.568,3.587,4104.4
2024-10-11 19:30:00,3.587,3.597,3.58,3.589,9371.5
2024-10-11 20:00:00,3.589,3.594,3.584,3.593,4893.2
2024-10-11 20:30:00,3.593,3.599,3.587,3.594,3466.8
2024-10-11 21:00:00,3.594,3.61,3.594,3.61,3981.1
2024-10-11 21:30:00,3.61,3.615,3.596,3.601,4802.2
2024-10-11 22:00:00,3.601,3.608,3.587,3.596,6318.0
2024-10-11 22:30:00,3.596,3.599,3.584,3.591,4270.3
2024-10-11 23:00:00,3.591,3.599,3.586,3.589,6844.0
2024-10-11 23:30:00,3.589,3.591,3.575,3.584,6960.8
2024-10-12 00:00:00,3.584,3.608,3.582,3.607,5790.0
2024-10-12 00:30:00,3.607,3.608,3.599,3.6,3384.1
2024-10-12 01:00:00,3.6,3.608,3.59,3.601,5806.0
2024-10-12 01:30:00,3.601,3.62,3.598,3.617,7030.7
2024-10-12 02:00:00,3.617,3.617,3.591,3.596,12241.1
2024-10-12 02:30:00,3.596,3.597,3.583,3.59,6730.5
2024-10-12 03:00:00,3.59,3.599,3.571,3.574,39225.4
2024-10-12 03:30:00,3.574,3.587,3.574,3.581,9036.9
2024-10-12 04:00:00,3.581,3.592,3.578,3.585,19524.2
2024-10-12 04:30:00,3.585,3.593,3.584,3.588,6851.0
2024-10-12 05:00:00,3.588,3.592,3.58,3.587,32463.9
2024-10-12 05:30:00,3.587,3.609,3.585,3.606,7864.5
2024-10-12 06:00:00,3.606,3.614,3.602,3.609,2222.1
2024-10-12 06:30:00,3.609,3.614,3.601,3.604,4050.8
2024-10-12 07:00:00,3.604,3.604,3.591,3.6,32200.0
2024-10-12 07:30:00,3.6,3.616,3.595,3.614,9242.7
2024-10-12 08:00:00,3.614,3.644,3.611,3.632,194620.0
2024-10-12 08:30:00,3.632,3.639,3.63,3.632,6576.1
2024-10-12 09:00:00,3.632,3.645,3.629,3.641,11755.0
2024-10-12 09:30:00,3.641,3.644,3.63,3.635,101169.4
2024-10-12 10:00:00,3.635,3.653,3.629,3.645,18025.0
2024-10-12 10:30:00,3.645,3.649,3.633,3.646,8755.9
2024-10-12 11:00:00,3.646,3.649,3.634,3.643,18977.0
2024-10-12 11:30:00,3.643,3.646,3.618,3.63,16630.4
2024-10-12 12:00:00,3.63,3.633,3.615,3.624,22408.5
2024-10-12 12:30:00,3.624,3.633,3.621,3.629,2839.1
2024-10-12 13:00:00,3.629,3.639,3.627,3.633,8447.1
2024-10-12 13:30:00,3.633,3.641,3.619,3.638,21524.7
2024-10-12 14:00:00,3.638,3.645,3.628,3.637,7388.3
2024-10-12 14:30:00,3.637,3.652,3.629,3.634,24796.3
2024-10-12 15:00:00,3.634,3.645,3.628,3.631,10508.3
2024-10-12 15:30:00,3.631,3.645,3.617,3.628,12085.8
2024-10-12 16:00:00,3.628,3.655,3.628,3.634,19382.8
2024-10-12 16:30:00,3.634,3.644,3.614,3.615,4230.3
2024-10-12 17:00:00,3.615,3.629,3.611,3.627,11702.1
2024-10-12 17:30:00,3.627,3.627,3.606,3.613,5095.6
2024-10-12 18:00:00,3.613,3.622,3.588,3.601,11771.3
2024-10-12 18:30:00,3.601,3.606,3.593,3.596,10471.9
2024-10-12 19:00:00,3.596,3.603,3.589,3.597,6245.0
2024-10-12 19:30:00,3.597,3.6,3.588,3.596,3557.5
2024-10-12 20:00:00,3.596,3.608,3.594,3.598,5668.0
2024-10-12 20:30:00,3.598,3.601,3.59,3.599,3825.5
2024-10-12 21:00:00,3.599,3.615,3.599,3.614,2619.2
2024-10-12 21:30:00,3.614,3.617,3.603,3.611,3324.7
2024-10-12 22:00:00,3.611,3.612,3.599,3.611,4550.9
2024-10-12 22:30:00,3.611,3.623,3.608,3.622,4459.4
2024-10-12 23:00:00,3.622,3.63,3.61,3.611,16345.1
2024-10-12 23:30:00,3.611,3.614,3.603,3.612,4400.2
2024-10-13 00:00:00,3.612,3.618,3.601,3.614,16748.4
2024-10-13 00:30:00,3.614,3.627,3.605,3.606,16213.9
2024-10-13 01:00:00,3.606,3.606,3.565,3.591,60459.5
2024-10-13 01:30:00,3.591,3.596,3.575,3.578,19102.7
2024-10-13 02:00:00,3.578,3.592,3.571,3.588,17158.5
2024-10-13 02:30:00,3.588,3.595,3.584,3.591,6364.2
2024-10-13 03:00:00,3.591,3.599,3.571,3.578,7492.4
2024-10-13 03:30:00,3.578,3.581,3.569,3.574,15059.2
2024-10-13 04:00:00,3.574,3.593,3.572,3.588,3385.8
2024-10-13 04:30:00,3.588,3.589,3.58,3.581,6711.0
2024-10-13 05:00:00,3.581,3.605,3.58,3.603,7293.8
2024-10-13 05:30:00,3.603,3.604,3.587,3.591,2286.5
2024-10-13 06:00:00,3.591,3.601,3.583,3.585,3451.2
2024-10-13 06:30:00,3.585,3.592,3.585,3.588,4001.8
2024-10-13 07:00:00,3.588,3.589,3.564,3.579,9908.4
2024-10-13 07:30:00,3.579,3.583,3.57,3.581,4488.9
2024-10-13 08:00:00,3.581,3.588,3.575,3.583,4367.8
2024-10-13 08:30:00,3.583,3.583,3.566,3.569,8433.1
2024-10-13 09:00:00,3.569,3.587,3.567,3.585,3853.4
2024-10-13 09:30:00,3.585,3.59,3.58,3.586,22387.0
2024-10-13 10:00:00,3.586,3.59,3.576,3.586,4032.0
2024-10-13 10:30:00,3.586,3.59,3.567,3.568,9626.1
2024-10-13 11:00:00,3.568,3.578,3.553,3.563,23963.1
2024-10-13 11:30:00,3.563,3.572,3.544,3.546,35877.3
2024-10-13 12:00:00,3.546,3.572,3.543,3.569,21903.0
2024-10-13 12:30:00,3.569,3.572,3.553,3.558,18179.1
2024-10-13 13:00:00,3.558,3.579,3.554,3.574,32537.5
2024-10-13 13:30:00,3.574,3.583,3.569,3.578,1867.5
2024-10-13 14:00:00,3.578,3.582,3.559,3.564,2798.1
2024-10-13 14:30:00,3.564,3.568,3.513,3.524,97670.3
2024-10-13 15:00:00,3.524,3.536,3.484,3.484,110148.9
2024-10-13 15:30:00,3.484,3.512,3.484,3.504,17570.3
2024-10-13 16:00:00,3.504,3.523,3.498,3.519,3485.6
2024-10-13 16:30:00,3.519,3.543,3.519,3.533,21952.8
2024-10-13 17:00:00,3.533,3.539,3.519,3.524,20374.6
2024-10-13 17:30:00,3.524,3.525,3.5,3.502,7497.2
2024-10-13 18:00:00,3.502,3.506,3.475,3.503,44090.5
2024-10-13 18:30:00,3.503,3.514,3.491,3.498,4059.1
2024-10-13 19:00:00,3.498,3.516,3.498,3.503,1277.1
2024-10-13 19:30:00,3.503,3.518,3.503,3.516,3296.1
2024-10-13 20:00:00,3.516,3.521,3.509,3.515,5605.9
2024-10-13 20:30:00,3.515,3.529,3.515,3.529,4562.1
2024-10-13 21:00:00,3.529,3.538,3.517,3.538,2268.9
2024-10-13 21:30:00,3.538,3.554,3.536,3.547,28808.3
2024-10-13 22:00:00,3.547,3.573,3.542,3.542,5648.8
2024-10-13 22:30:00,3.542,3.555,3.54,3.554,3278.8
2024-10-13 23:00:00,3.554,3.555,3.543,3.55,2496.9
2024-10-13 23:30:00,3.55,3.564,3.55,3.562,4498.6
2024-10-14 00:00:00,3.562,3.571,3.54,3.549,4836.1
2024-10-14 00:30:00,3.549,3.556,3.533,3.535,5119.7
2024-10-14 01:00:00,3.535,3.573,3.534,3.571,5278.3
2024-10-14 01:30:00,3.571,3.576,3.551,3.553,5055.8
2024-10-14 02:00:00,3.553,3.553,3.531,3.535,14316.2
2024-10-14 02:30:00,3.535,3.547,3.528,3.538,10644.9
2024-10-14 03:00:00,3.538,3.603,3.537,3.602,15552.8
2024-10-14 03:30:00,3.602,3.639,3.59,3.633,16841.8
2024-10-14 04:00:00,3.633,3.645,3.62,3.638,14011.9
2024-10-14 04:30:00,3.638,3.66,3.638,3.641,16458.3
2024-10-14 05:00:00,3.641,3.649,3.621,3.623,14122.1
2024-10-14 05:30:00,3.623,3.633,3.614,3.63,12595.7
2024-10-14 06:00:00,3.63,3.655,3.618,3.652,13038.8
2024-10-14 06:30:00,3.652,3.652,3.637,3.64,89683.8
2024-10-14 07:00:00,3.64,3.645,3.633,3.638,6768.7
2024-10-14 07:30:00,3.638,3.653,3.638,3.644,4099.2
2024-10-14 08:00:00,3.644,3.653,3.633,3.639,25382.2
2024-10-14 08:30:00,3.639,3.641,3.628,3.635,2471.1
2024-10-14 09:00:00,3.635,3.641,3.622,3.631,14221.7
2024-10-14 09:30:00,3.631,3.661,3.629,3.655,15571.1
2024-10-14 10:00:00,3.655,3.676,3.653,3.666,70778.0
2024-10-14 10:30:00,3.666,3.671,3.66,3.666,4356.8
2024-10-14 11:00:00,3.666,3.674,3.656,3.664,10488.9
2024-10-14 11:30:00,3.664,3.674,3.659,3.669,6970.4
2024-10-14 12:00:00,3.669,3.683,3.659,3.659,14540.0
2024-10-14 12:30:00,3.659,3.681,3.659,3.674,10611.9
2024-10-14 13:00:00,3.674,3.701,3.671,3.673,68488.5
2024-10-14 13:30:00,3.673,3.707,3.671,3.706,18864.8
2024-10-14 14:00:00,3.706,3.747,3.702,3.742,100071.3
2024-10-14 14:30:00,3.742,3.765,3.738,3.745,241505.9
2024-10-14 15:00:00,3.745,3.775,3.743,3.762,33027.7
2024-10-14 15:30:00,3.762,3.777,3.762,3.773,23468.7
2024-10-14 16:00:00,3.773,3.806,3.758,3.77,25188.1
2024-10-14 16:30:00,3.77,3.788,3.768,3.774,29386.3
2024-10-14 17:00:00,3.774,3.797,3.768,3.787,62605.6
2024-10-14 17:30:00,3.787,3.829,3.787,3.824,99231.4
2024-10-14 18:00:00,3.824,3.855,3.822,3.833,15205.6
2024-10-14 18:30:00,3.833,3.85,3.83,3.83,5478.4
2024-10-14 19:00:00,3.83,3.852,3.825,3.829,8629.4
2024-10-14 19:30:00,3.829,3.838,3.824,3.834,17079.0
2024-10-14 20:00:00,3.834,3.857,3.832,3.844,5653.1
2024-10-14 20:30:00,3.844,3.855,3.844,3.847,9898.0
2024-10-14 21:00:00,3.847,3.867,3.845,3.849,17136.8
2024-10-14 21:30:00,3.849,3.861,3.836,3.842,27463.9
2024-10-14 22:00:00,3.842,3.869,3.842,3.865,14359.5
2024-10-14 22:30:00,3.865,3.896,3.861,3.895,21502.6
2024-10-14 23:00:00,3.895,3.899,3.866,3.867,12250.4
2024-10-14 23:30:00,3.867,3.871,3.85,3.857,12210.4
2024-10-15 00:00:00,3.857,3.879,3.853,3.875,14871.6
2024-10-15 00:30:00,3.875,3.876,3.843,3.86,16398.8
2024-10-15 01:00:00,3.86,3.887,3.857,3.871,7890.5
2024-10-15 01:30:00,3.871,3.886,3.864,3.878,15069.3
2024-10-15 02:00:00,3.878,3.899,3.878,3.89,18327.2
2024-10-15 02:30:00,3.89,3.898,3.868,3.879,24810.8
2024-10-15 03:00:00,3.879,3.88,3.847,3.852,18763.7
2024-10-15 03:30:00,3.852,3.852,3.823,3.828,6140.6
2024-10-15 04:00:00,3.828,3.853,3.814,3.849,20377.1
2024-10-15 04:30:00,3.849,3.863,3.843,3.852,5377.1
2024-10-15 05:00:00,3.852,3.855,3.839,3.841,5567.3
2024-10-15 05:30:00,3.841,3.841,3.808,3.825,34113.0
2024-10-15 06:00:00,3.825,3.84,3.805,3.834,33287.5
2024-10-15 06:30:00,3.834,3.845,3.828,3.839,5372.2
2024-10-15 07:00:00,3.839,3.852,3.821,3.823,59887.3
2024-10-15 07:30:00,3.823,3.835,3.816,3.826,252925.3
2024-10-15 08:00:00,3.826,3.852,3.826,3.848,15809.1
2024-10-15 08:30:00,3.848,3.86,3.843,3.859,4369.5
2024-10-15 09:00:00,3.859,3.86,3.829,3.843,10725.2
2024-10-15 09:30:00,3.843,3.858,3.833,3.843,11013.1
2024-10-15 10:00:00,3.843,3.859,3.832,3.859,32081.0
2024-10-15 10:30:00,3.859,3.882,3.854,3.865,28645.3
2024-10-15 11:00:00,3.865,3.871,3.776,3.8,66305.3
2024-10-15 11:30:00,3.8,3.822,3.726,3.748,118399.3
2024-10-15 12:00:00,3.748,3.786,3.746,3.782,38314.4
2024-10-15 12:30:00,3.782,3.817,3.78,3.797,32906.8
2024-10-15 13:00:00,3.797,3.81,3.775,3.784,31852.0
2024-10-15 13:30:00,3.784,3.897,3.775,3.884,31314.8
2024-10-15 14:00:00,3.884,3.935,3.829,3.831,118735.0
2024-10-15 14:30:00,3.831,3.845,3.711,3.748,171612.9
2024-10-15 15:00:00,3.748,3.762,3.684,3.756,61506.5
2024-10-15 15:30:00,3.756,3.782,3.753,3.76,6345.0
2024-10-15 16:00:00,3.76,3.803,3.76,3.803,5633.4
2024-10-15 16:30:00,3.803,3.821,3.782,3.796,37165.6
2024-10-15 17:00:00,3.796,3.804,3.762,3.771,18873.9
2024-10-15 17:30:00,3.771,3.796,3.766,3.779,30241.6
2024-10-15 18:00:00,3.779,3.802,3.773,3.791,8211.5
2024-10-15 18:30:00,3.791,3.796,3.773,3.775,8236.5
2024-10-15 19:00:00,3.775,3.777,3.737,3.737,40817.8
2024-10-15 19:30:00,3.737,3.764,3.736,3.76,12336.6
2024-10-15 20:00:00,3.76,3.766,3.708,3.709,18925.6
2024-10-15 20:30:00,3.709,3.723,3.692,3.704,17748.6
2024-10-15 21:00:00,3.704,3.739,3.689,3.736,3313.4
2024-10-15 21:30:00,3.736,3.741,3.716,3.74,4877.5
2024-10-15 22:00:00,3.74,3.755,3.725,3.755,9997.1
2024-10-15 22:30:00,3.755,3.767,3.751,3.756,7312.9
2024-10-15 23:00:00,3.756,3.784,3.756,3.779,5804.7
2024-10-15 23:30:00,3.779,3.805,3.778,3.804,9918.0
2024-10-16 00:00:00,3.804,3.812,3.781,3.783,45318.4
2024-10-16 00:30:00,3.783,3.8,3.771,3.771,10432.6
2024-10-16 01:00:00,3.771,3.806,3.762,3.803,14833.5
2024-10-16 01:30:00,3.803,3.803,3.777,3.797,11013.3
2024-10-16 02:00:00,3.797,3.827,3.797,3.8,14532.3
2024-10-16 02:30:00,3.8,3.814,3.789,3.79,8464.1
2024-10-16 03:00:00,3.79,3.808,3.786,3.799,8813.5
2024-10-16 03:30:00,3.799,3.799,3.782,3.783,4115.7
2024-10-16 04:00:00,3.783,3.802,3.773,3.774,4791.2
2024-10-16 04:30:00,3.774,3.777,3.755,3.772,2934.7
2024-10-16 05:00:00,3.772,3.79,3.77,3.779,12641.7
2024-10-16 05:30:00,3.779,3.794,3.775,3.78,3266.9
2024-10-16 06:00:00,3.78,3.789,3.731,3.736,19238.4
2024-10-16 06:30:00,3.736,3.754,3.725,3.744,26877.8
2024-10-16 07:00:00,3.744,3.744,3.712,3.723,26297.0
2024-10-16 07:30:00,3.723,3.727,3.707,3.724,19321.4
2024-10-16 08:00:00,3.724,3.744,3.716,3.744,10420.5
2024-10-16 08:30:00,3.744,3.75,3.729,3.731,6635.1
2024-10-16 09:00:00,3.731,3.737,3.719,3.735,5291.9
2024-10-16 09:30:00,3.735,3.767,3.735,3.748,8976.9
2024-10-16 10:00:00,3.748,3.753,3.733,3.742,10810.4
2024-10-16 10:30:00,3.742,3.744,3.724,3.729,12274.3
2024-10-16 11:00:00,3.729,3.77,3.709,3.767,21243.9
2024-10-16 11:30:00,3.767,3.78,3.757,3.76,15685.2
2024-10-16 12:00:00,3.76,3.775,3.747,3.761,12196.7
2024-10-16 12:30:00,3.761,3.764,3.742,3.744,8173.2
2024-10-16 13:00:00,3.744,3.761,3.731,3.739,4187.3
2024-10-16 13:30:00,3.739,3.741,3.694,3.706,30892.0
2024-10-16 14:00:00,3.706,3.763,3.706,3.741,31405.7
2024-10-16 14:30:00,3.741,3.746,3.704,3.725,41171.9
2024-10-16 15:00:00,3.725,3.746,3.703,3.734,11539.9
2024-10-16 15:30:00,3.734,3.743,3.708,3.71,14898.6
2024-10-16 16:00:00,3.71,3.734,3.703,3.728,2707.9
2024-10-16 16:30:00,3.728,3.753,3.704,3.743,12298.3
2024-10-16 17:00:00,3.743,3.757,3.734,3.753,7510.4
2024-10-16 17:30:00,3.753,3.763,3.743,3.744,5252.2
2024-10-16 18:00:00,3.744,3.754,3.737,3.746,8150.5
2024-10-16 18:30:00,3.746,3.75,3.738,3.741,4000.8
2024-10-16 19:00:00,3.741,3.762,3.738,3.746,6807.0
2024-10-16 19:30:00,3.746,3.755,3.737,3.753,1896.8
2024-10-16 20:00:00,3.753,3.777,3.752,3.777,6944.6
2024-10-16 20:30:00,3.777,3.789,3.774,3.779,12839.5
2024-10-16 21:00:00,3.779,3.787,3.772,3.775,6032.1
2024-10-16 21:30:00,3.775,3.78,3.765,3.777,8150.6
2024-10-16 22:00:00,3.777,3.784,3.773,3.779,7653.8
2024-10-16 22:30:00,3.779,3.79,3.776,3.778,12158.1
2024-10-16 23:00:00,3.778,3.779,3.76,3.763,4584.4
2024-10-16 23:30:00,3.763,3.772,3.744,3.748,40908.5
2024-10-17 00:00:00,3.748,3.766,3.744,3.763,6318.7
2024-10-17 00:30:00,3.763,3.773,3.744,3.746,10778.8
2024-10-17 01:00:00,3.746,3.761,3.74,3.743,3215.1
2024-10-17 01:30:00,3.743,3.761,3.722,3.761,31785.6
2024-10-17 02:00:00,3.761,3.762,3.728,3.735,3821.7
2024-10-17 02:30:00,3.735,3.74,3.713,3.713,55434.5
2024-10-17 03:00:00,3.713,3.739,3.713,3.739,5340.7
2024-10-17 03:30:00,3.739,3.739,3.723,3.729,1842.5
2024-10-17 04:00:00,3.729,3.73,3.72,3.722,4487.4
2024-10-17 04:30:00,3.722,3.729,3.71,3.712,3527.6
2024-10-17 05:00:00,3.712,3.725,3.71,3.71,7055.8
2024-10-17 05:30:00,3.71,3.725,3.691,3.699,30005.9
2024-10-17 06:00:00,3.699,3.718,3.686,3.717,58809.0
2024-10-17 06:30:00,3.717,3.725,3.707,3.71,6020.4
2024-10-17 07:00:00,3.71,3.718,3.671,3.694,48985.3
2024-10-17 07:30:00,3.694,3.708,3.69,3.708,8956.0
2024-10-17 08:00:00,3.708,3.724,3.686,3.696,108600.7
2024-10-17 08:30:00,3.696,3.719,3.696,3.712,9695.4
2024-10-17 09:00:00,3.712,3.719,3.68,3.696,118485.5
2024-10-17 09:30:00,3.696,3.697,3.685,3.685,7120.0
2024-10-17 10:00:00,3.685,3.692,3.654,3.658,33237.7
2024-10-17 10:30:00,3.658,3.668,3.627,3.663,71849.0
2024-10-17 11:00:00,3.663,3.667,3.631,3.64,9031.2
2024-10-17 11:30:00,3.64,3.648,3.63,3.64,33223.5
2024-10-17 12:00:00,3.64,3.657,3.625,3.654,109068.0
2024-10-17 12:30:00,3.654,3.674,3.654,3.671,8255.4
2024-10-17 13:00:00,3.671,3.675,3.654,3.658,53343.8
2024-10-17 13:30:00,3.658,3.683,3.635,3.664,31185.9
2024-10-17 14:00:00,3.664,3.673,3.636,3.67,16646.5
2024-10-17 14:30:00,3.67,3.683,3.66,3.674,51013.7
2024-10-17 15:00:00,3.674,3.686,3.663,3.685,6273.2
2024-10-17 15:30:00,3.685,3.719,3.68,3.699,54133.6
2024-10-17 16:00:00,3.699,3.7,3.673,3.697,14641.1
2024-10-17 16:30:00,3.697,3.697,3.675,3.684,11051.2
2024-10-17 17:00:00,3.684,3.696,3.652,3.656,8193.7
2024-10-17 17:30:00,3.656,3.685,3.648,3.655,19360.8
2024-10-17 18:00:00,3.655,3.655,3.599,3.622,39126.4
2024-10-17 18:30:00,3.622,3.629,3.605,3.606,8091.2
2024-10-17 19:00:00,3.606,3.653,3.603,3.652,10077.8
2024-10-17 19:30:00,3.652,3.656,3.641,3.645,3710.1
2024-10-17 20:00:00,3.645,3.666,3.644,3.666,5912.6
2024-10-17 20:30:00,3.666,3.667,3.653,3.653,6800.4
2024-10-17 21:00:00,3.653,3.668,3.651,3.667,6127.1
2024-10-17 21:30:00,3.667,3.667,3.654,3.658,3488.7
2024-10-17 22:00:00,3.658,3.677,3.658,3.661,3813.2
2024-10-17 22:30:00,3.661,3.669,3.659,3.659,1382.3
2024-10-17 23:00:00,3.659,3.66,3.64,3.646,49721.8
2024-10-17 23:30:00,3.646,3.647,3.63,3.642,10606.4
2024-10-18 00:00:00,3.642,3.651,3.628,3.644,8490.5
2024-10-18 00:30:00,3.644,3.645,3.625,3.628,4079.5
2024-10-18 01:00:00,3.628,3.665,3.626,3.664,6717.6
2024-10-18 01:30:00,3.664,3.704,3.661,3.692,13447.4
2024-10-18 02:00:00,3.692,3.699,3.675,3.683,10054.0
2024-10-18 02:30:00,3.683,3.7,3.683,3.696,14501.3
2024-10-18 03:00:00,3.696,3.696,3.663,3.67,5113.9
2024-10-18 03:30:00,3.67,3.684,3.662,3.662,10107.6
2024-10-18 04:00:00,3.662,3.682,3.662,3.681,2179.7
2024-10-18 04:30:00,3.681,3.685,3.669,3.671,18333.3
2024-10-18 05:00:00,3.671,3.677,3.663,3.674,6522.4
2024-10-18 05:30:00,3.674,3.695,3.673,3.694,12129.8
2024-10-18 06:00:00,3.694,3.711,3.688,3.706,5901.1
2024-10-18 06:30:00,3.706,3.711,3.699,3.707,3435.0
2024-10-18 07:00:00,3.707,3.717,3.699,3.713,8790.7
2024-10-18 07:30:00,3.713,3.715,3.69,3.708,3842.5
2024-10-18 08:00:00,3.708,3.717,3.692,3.697,13051.9
2024-10-18 08:30:00,3.697,3.701,3.689,3.697,1194.6
2024-10-18 09:00:00,3.697,3.699,3.685,3.686,4058.5
2024-10-18 09:30:00,3.686,3.689,3.676,3.68,10406.3
2024-10-18 10:00:00,3.68,3.692,3.675,3.688,7985.5
2024-10-18 10:30:00,3.688,3.693,3.679,3.686,11457.2
2024-10-18 11:00:00,3.686,3.69,3.673,3.677,89338.9
2024-10-18 11:30:00,3.677,3.683,3.667,3.669,6882.0
2024-10-18 12:00:00,3.669,3.682,3.658,3.66,11840.2
2024-10-18 12:30:00,3.66,3.666,3.646,3.649,78014.0
2024-10-18 13:00:00,3.649,3.667,3.649,3.662,7813.3
2024-10-18 13:30:00,3.662,3.683,3.651,3.683,9932.4
2024-10-18 14:00:00,3.683,3.704,3.66,3.683,17549.6
2024-10-18 14:30:00,3.683,3.715,3.683,3.709,26332.8
2024-10-18 15:00:00,3.709,3.728,3.701,3.728,31528.5
2024-10-18 15:30:00,3.728,3.74,3.724,3.73,15873.1
2024-10-18 16:00:00,3.73,3.736,3.698,3.72,18248.2
2024-10-18 16:30:00,3.72,3.748,3.709,3.743,9710.2
2024-10-18 17:00:00,3.743,3.757,3.725,3.725,5151.7
2024-10-18 17:30:00,3.725,3.741,3.722,3.727,6429.5
2024-10-18 18:00:00,3.727,3.746,3.722,3.745,4615.4
2024-10-18 18:30:00,3.745,3.752,3.733,3.744,8245.1
2024-10-18 19:00:00,3.744,3.75,3.734,3.74,3296.5
2024-10-18 19:30:00,3.74,3.747,3.73,3.731,6882.8
2024-10-18 20:00:00,3.731,3.748,3.73,3.736,7439.0
2024-10-18 20:30:00,3.736,3.745,3.731,3.739,3759.8
2024-10-18 21:00:00,3.739,3.744,3.73,3.731,5368.2
2024-10-18 21:30:00,3.731,3.741,3.722,3.732,8112.4
2024-10-18 22:00:00,3.732,3.744,3.724,3.741,8442.5
2024-10-18 22:30:00,3.741,3.767,3.735,3.76,5451.2
2024-10-18 23:00:00,3.76,3.785,3.759,3.772,95581.3
2024-10-18 23:30:00,3.772,3.779,3.764,3.775,11533.5
2024-10-19 00:00:00,3.775,3.789,3.772,3.781,30390.7
2024-10-19 00:30:00,3.781,3.785,3.77,3.782,11377.5
2024-10-19 01:00:00,3.782,3.8,3.781,3.793,20033.9
2024-10-19 01:30:00,3.793,3.815,3.776,3.776,63245.6
2024-10-19 02:00:00,3.776,3.801,3.775,3.801,12034.0
2024-10-19 02:30:00,3.801,3.803,3.79,3.803,5471.1
2024-10-19 03:00:00,3.803,3.826,3.803,3.807,48421.2
2024-10-19 03:30:00,3.807,3.816,3.791,3.794,21899.5
2024-10-19 04:00:00,3.794,3.807,3.781,3.785,17780.0
2024-10-19 04:30:00,3.785,3.789,3.77,3.772,21257.4
2024-10-19 05:00:00,3.772,3.784,3.769,3.776,7845.3
2024-10-19 05:30:00,3.776,3.781,3.771,3.78,1506.6
2024-10-19 06:00:00,3.78,3.786,3.775,3.776,935.7
2024-10-19 06:30:00,3.776,3.784,3.774,3.78,2492.7
2024-10-19 07:00:00,3.78,3.788,3.769,3.785,3105.1
2024-10-19 07:30:00,3.785,3.785,3.761,3.764,11331.1
2024-10-19 08:00:00,3.764,3.773,3.761,3.768,7299.1
2024-10-19 08:30:00,3.768,3.773,3.757,3.761,7519.7
2024-10-19 09:00:00,3.761,3.772,3.757,3.76,52474.8
2024-10-19 09:30:00,3.76,3.766,3.753,3.763,3761.3
2024-10-19 10:00:00,3.763,3.768,3.754,3.756,4669.8
2024-10-19 10:30:00,3.756,3.765,3.742,3.747,15847.9
2024-10-19 11:00:00,3.747,3.757,3.742,3.748,2395.7
2024-10-19 11:30:00,3.748,3.748,3.722,3.723,9000.2
2024-10-19 12:00:00,3.723,3.743,3.718,3.739,10545.1
2024-10-19 12:30:00,3.739,3.745,3.735,3.741,3917.1
2024-10-19 13:00:00,3.741,3.741,3.725,3.734,3941.4
2024-10-19 13:30:00,3.734,3.735,3.724,3.731,3669.0
2024-10-19 14:00:00,3.731,3.747,3.731,3.747,1914.3
2024-10-19 14:30:00,3.747,3.754,3.737,3.754,5334.3
2024-10-19 15:00:00,3.754,3.758,3.734,3.738,7494.1
2024-10-19 15:30:00,3.738,3.738,3.728,3.733,4184.5
2024-10-19 16:00:00,3.733,3.739,3.718,3.728,5882.7
2024-10-19 16:30:00,3.728,3.739,3.712,3.714,3089.2
2024-10-19 17:00:00,3.714,3.726,3.712,3.72,11650.4
2024-10-19 17:30:00,3.72,3.726,3.703,3.713,9951.3
2024-10-19 18:00:00,3.713,3.726,3.71,3.723,2911.6
2024-10-19 18:30:00,3.723,3.727,3.718,3.723,2459.2
2024-10-19 19:00:00,3.723,3.731,3.714,3.727,1597.2
2024-10-19 19:30:00,3.727,3.727,3.704,3.708,1827.4
2024-10-19 20:00:00,3.708,3.727,3.707,3.725,3778.2
2024-10-19 20:30:00,3.725,3.73,3.725,3.726,2542.3
2024-10-19 21:00:00,3.726,3.749,3.723,3.749,5196.9
2024-10-19 21:30:00,3.749,3.751,3.736,3.736,3574.0
2024-10-19 22:00:00,3.736,3.747,3.733,3.745,4794.0
2024-10-19 22:30:00,3.745,3.771,3.743,3.763,24683.3
2024-10-19 23:00:00,3.763,3.779,3.76,3.774,7497.6
2024-10-19 23:30:00,3.774,3.779,3.765,3.765,67691.5
2024-10-20 00:00:00,3.765,3.788,3.765,3.78,9462.4
2024-10-20 00:30:00,3.78,3.788,3.758,3.774,2872.5
2024-10-20 01:00:00,3.774,3.779,3.744,3.756,16022.7
2024-10-20 01:30:00,3.756,3.757,3.745,3.746,1763.0
2024-10-20 02:00:00,3.746,3.757,3.735,3.741,2573.2
2024-10-20 02:30:00,3.741,3.745,3.723,3.725,3811.1
2024-10-20 03:00:00,3.725,3.726,3.708,3.712,47573.6
2024-10-20 03:30:00,3.712,3.733,3.712,3.732,16124.7
2024-10-20 04:00:00,3.732,3.759,3.726,3.757,3098.5
2024-10-20 04:30:00,3.757,3.762,3.745,3.762,24887.0
2024-10-20 05:00:00,3.762,3.797,3.762,3.777,32122.3
2024-10-20 05:30:00,3.777,3.782,3.759,3.782,14110.7
2024-10-20 06:00:00,3.782,3.799,3.768,3.794,8242.9
2024-10-20 06:30:00,3.794,3.811,3.778,3.806,22455.9
2024-10-20 07:00:00,3.806,3.814,3.792,3.808,8884.6
2024-10-20 07:30:00,3.808,3.818,3.797,3.799,7662.0
2024-10-20 08:00:00,3.799,3.812,3.795,3.808,11968.6
2024-10-20 08:30:00,3.808,3.811,3.787,3.798,68648.9
2024-10-20 09:00:00,3.798,3.834,3.789,3.829,9902.1
2024-10-20 09:30:00,3.829,3.84,3.817,3.837,11581.1
2024-10-20 10:00:00,3.837,3.848,3.828,3.832,7853.8
2024-10-20 10:30:00,3.832,3.835,3.81,3.811,13310.6
2024-10-20 11:00:00,3.811,3.82,3.809,3.816,6244.8
2024-10-20 11:30:00,3.816,3.826,3.813,3.82,4118.3
2024-10-20 12:00:00,3.82,3.831,3.809,3.81,8650.5
2024-10-20 12:30:00,3.81,3.825,3.794,3.809,6245.8
2024-10-20 13:00:00,3.809,3.899,3.8,3.891,81756.9
2024-10-20 13:30:00,3.891,3.963,3.875,3.958,81985.2
2024-10-20 14:00:00,3.958,3.978,3.939,3.954,76491.3
2024-10-20 14:30:00,3.954,3.955,3.924,3.942,16145.4
2024-10-20 15:00:00,3.942,3.949,3.902,3.923,56665.4
2024-10-20 15:30:00,3.923,3.929,3.915,3.918,9463.1
2024-10-20 16:00:00,3.918,3.943,3.918,3.939,8053.9
2024-10-20 16:30:00,3.939,3.994,3.939,3.983,69873.5
2024-10-20 17:00:00,3.983,4.014,3.979,3.995,39612.5
2024-10-20 17:30:00,3.995,4.0,3.953,3.957,120450.5
2024-10-20 18:00:00,3.957,3.981,3.957,3.964,21998.8
2024-10-20 18:30:00,3.964,3.969,3.947,3.948,10857.9
2024-10-20 19:00:00,3.948,3.95,3.927,3.93,16858.7
2024-10-20 19:30:00,3.93,3.934,3.922,3.928,10040.7
2024-10-20 20:00:00,3.928,3.938,3.926,3.938,10967.5
2024-10-20 20:30:00,3.938,3.957,3.938,3.948,6067.9
2024-10-20 21:00:00,3.948,3.952,3.937,3.941,13918.4
2024-10-20 21:30:00,3.941,3.947,3.934,3.943,7035.3
2024-10-20 22:00:00,3.943,3.97,3.939,3.969,96642.1
2024-10-20 22:30:00,3.969,3.99,3.961,3.985,22996.3
2024-10-20 23:00:00,3.985,3.988,3.961,3.976,105498.1
2024-10-20 23:30:00,3.976,3.985,3.968,3.984,8165.5
2024-10-21 00:00:00,3.984,4.021,3.982,4.006,302788.3
2024-10-21 00:30:00,4.006,4.008,3.973,3.983,10689.5
2024-10-21 01:00:00,3.983,3.995,3.967,3.995,27435.9
2024-10-21 01:30:00,3.995,3.995,3.978,3.989,5890.4
2024-10-21 02:00:00,3.989,3.999,3.978,3.99,4278.7
2024-10-21 02:30:00,3.99,3.993,3.96,3.965,6447.5
2024-10-21 03:00:00,3.965,3.973,3.95,3.962,15576.2
2024-10-21 03:30:00,3.962,3.978,3.96,3.975,7394.0
2024-10-21 04:00:00,3.975,3.978,3.959,3.968,8587.3
2024-10-21 04:30:00,3.968,3.993,3.965,3.993,9856.3
2024-10-21 05:00:00,3.993,3.993,3.975,3.989,4375.3
2024-10-21 05:30:00,3.989,3.989,3.976,3.98,47680.4
2024-10-21 06:00:00,3.98,3.987,3.974,3.976,13162.2
2024-10-21 06:30:00,3.976,3.976,3.923,3.93,24715.1
2024-10-21 07:00:00,3.93,3.947,3.927,3.939,21651.1
2024-10-21 07:30:00,3.939,3.943,3.923,3.933,49482.4
2024-10-21 08:00:00,3.933,3.95,3.933,3.937,3817.1
2024-10-21 08:30:00,3.937,3.942,3.913,3.913,34823.6
2024-10-21 09:00:00,3.913,3.928,3.907,3.913,29148.5
2024-10-21 09:30:00,3.913,3.913,3.884,3.903,34565.5
2024-10-21 10:00:00,3.903,3.91,3.895,3.898,15632.0
2024-10-21 10:30:00,3.898,3.9,3.885,3.89,14531.1
2024-10-21 11:00:00,3.89,3.902,3.875,3.898,18959.2
2024-10-21 11:30:00,3.898,3.899,3.872,3.881,16327.2
2024-10-21 12:00:00,3.881,3.904,3.881,3.894,4978.8
2024-10-21 12:30:00,3.894,3.898,3.867,3.889,27025.1
2024-10-21 13:00:00,3.889,3.896,3.844,3.872,73356.1
2024-10-21 13:30:00,3.872,3.872,3.805,3.83,56368.5
2024-10-21 14:00:00,3.83,3.842,3.81,3.838,36561.9
2024-10-21 14:30:00,3.838,3.841,3.809,3.84,14673.8
2024-10-21 15:00:00,3.84,3.84,3.807,3.819,21970.5
2024-10-21 15:30:00,3.819,3.834,3.815,3.834,3129.9
2024-10-21 16:00:00,3.834,3.836,3.781,3.789,40791.8
2024-10-21 16:30:00,3.789,3.825,3.781,3.823,61470.3
2024-10-21 17:00:00,3.823,3.837,3.814,3.835,6504.3
2024-10-21 17:30:00,3.835,3.838,3.828,3.829,54972.3
2024-10-21 18:00:00,3.829,3.83,3.812,3.815,12747.9
2024-10-21 18:30:00,3.815,3.832,3.815,3.829,3464.3
2024-10-21 19:00:00,3.829,3.847,3.829,3.847,16893.5
2024-10-21 19:30:00,3.847,3.868,3.839,3.862,48877.2
2024-10-21 20:00:00,3.862,3.868,3.849,3.85,4744.6
2024-10-21 20:30:00,3.85,3.866,3.85,3.86,60251.1
2024-10-21 21:00:00,3.86,3.882,3.86,3.878,61767.2
2024-10-21 21:30:00,3.878,3.882,3.867,3.882,33662.0
2024-10-21 22:00:00,3.882,3.889,3.872,3.887,6882.1
2024-10-21 22:30:00,3.887,3.892,3.874,3.879,11677.7
2024-10-21 23:00:00,3.879,3.879,3.86,3.862,8260.3
2024-10-21 23:30:00,3.862,3.862,3.847,3.849,5817.5
2024-10-22 00:00:00,3.849,3.864,3.832,3.835,11690.7
2024-10-22 00:30:00,3.835,3.87,3.801,3.858,22424.4
2024-10-22 01:00:00,3.858,3.875,3.843,3.873,11855.6
2024-10-22 01:30:00,3.873,3.911,3.869,3.896,23166.3
2024-10-22 02:00:00,3.896,3.907,3.887,3.888,3785.9
2024-10-22 02:30:00,3.888,3.894,3.859,3.864,4773.4
2024-10-22 03:00:00,3.864,3.885,3.862,3.88,2442.9
2024-10-22 03:30:00,3.88,3.895,3.872,3.884,18382.3
2024-10-22 04:00:00,3.884,3.893,3.872,3.892,4497.9
2024-10-22 04:30:00,3.892,3.892,3.879,3.882,4324.1
2024-10-22 05:00:00,3.882,3.897,3.875,3.89,2913.0
2024-10-22 05:30:00,3.89,3.897,3.871,3.875,9942.5
2024-10-22 06:00:00,3.875,3.893,3.875,3.889,15972.7
2024-10-22 06:30:00,3.889,3.905,3.886,3.891,9267.0
2024-10-22 07:00:00,3.891,3.899,3.887,3.892,2271.0
2024-10-22 07:30:00,3.892,3.892,3.859,3.864,38078.3
2024-10-22 08:00:00,3.864,3.865,3.833,3.836,53197.9
2024-10-22 08:30:00,3.836,3.86,3.818,3.82,30149.6
2024-10-22 09:00:00,3.82,3.835,3.787,3.805,86631.8
2024-10-22 09:30:00,3.805,3.814,3.785,3.805,19843.2
2024-10-22 10:00:00,3.805,3.82,3.791,3.82,6027.4
2024-10-22 10:30:00,3.82,3.828,3.81,3.82,68252.8
2024-10-22 11:00:00,3.82,3.832,3.814,3.832,18861.8
2024-10-22 11:30:00,3.832,3.846,3.814,3.829,127363.0
2024-10-22 12:00:00,3.829,3.833,3.796,3.807,26822.8
2024-10-22 12:30:00,3.807,3.81,3.777,3.787,18446.2
2024-10-22 13:00:00,3.787,3.792,3.761,3.787,28800.5
2024-10-22 13:30:00,3.787,3.789,3.735,3.765,32095.0
2024-10-22 14:00:00,3.765,3.806,3.751,3.769,12198.6
2024-10-22 14:30:00,3.769,3.804,3.769,3.801,41487.2
2024-10-22 15:00:00,3.801,3.809,3.755,3.761,50565.4
2024-10-22 15:30:00,3.761,3.792,3.759,3.776,13933.3
2024-10-22 16:00:00,3.776,3.787,3.753,3.756,38896.0
2024-10-22 16:30:00,3.756,3.769,3.729,3.731,26603.2
2024-10-22 17:00:00,3.731,3.767,3.728,3.766,9157.4
2024-10-22 17:30:00,3.766,3.781,3.762,3.78,53209.8
2024-10-22 18:00:00,3.78,3.794,3.773,3.794,22486.5
2024-10-22 18:30:00,3.794,3.795,3.769,3.77,28964.8
2024-10-22 19:00:00,3.77,3.801,3.77,3.796,9187.7
2024-10-22 19:30:00,3.796,3.803,3.789,3.797,6021.2
2024-10-22 20:00:00,3.797,3.802,3.785,3.793,10946.8
2024-10-22 20:30:00,3.793,3.808,3.793,3.807,6175.7
2024-10-22 21:00:00,3.807,3.811,3.8,3.805,49131.2
2024-10-22 21:30:00,3.805,3.823,3.801,3.818,8084.0
2024-10-22 22:00:00,3.818,3.833,3.814,3.827,11378.5
2024-10-22 22:30:00,3.827,3.834,3.822,3.826,21381.5
2024-10-22 23:00:00,3.826,3.829,3.805,3.808,6869.3
2024-10-22 23:30:00,3.808,3.808,3.792,3.805,3389.8
2024-10-23 00:00:00,3.805,3.814,3.787,3.793,4262.4
2024-10-23 00:30:00,3.793,3.793,3.778,3.782,5892.7
2024-10-23 01:00:00,3.782,3.796,3.772,3.793,7716.8
2024-10-23 01:30:00,3.793,3.803,3.788,3.794,10352.7
2024-10-23 02:00:00,3.794,3.794,3.772,3.774,1450.8
2024-10-23 02:30:00,3.774,3.78,3.767,3.767,15469.7
2024-10-23 03:00:00,3.767,3.781,3.748,3.754,3449.2
2024-10-23 03:30:00,3.754,3.781,3.749,3.775,35195.0
2024-10-23 04:00:00,3.775,3.778,3.753,3.76,3713.7
2024-10-23 04:30:00,3.76,3.775,3.753,3.766,4739.9
2024-10-23 05:00:00,3.766,3.776,3.756,3.764,1634.8
2024-10-23 05:30:00,3.764,3.769,3.756,3.761,7257.0
2024-10-23 06:00:00,3.761,3.786,3.754,3.784,6299.3
2024-10-23 06:30:00,3.784,3.789,3.75,3.753,10889.2
2024-10-23 07:00:00,3.753,3.761,3.738,3.75,74006.5
2024-10-23 07:30:00,3.75,3.751,3.721,3.731,43736.7
2024-10-23 08:00:00,3.731,3.748,3.715,3.731,32716.5
2024-10-23 08:30:00,3.731,3.739,3.71,3.714,33913.9
2024-10-23 09:00:00,3.714,3.727,3.704,3.716,16945.7
2024-10-23 09:30:00,3.716,3.734,3.714,3.724,84828.8
2024-10-23 10:00:00,3.724,3.736,3.719,3.732,9059.4
2024-10-23 10:30:00,3.732,3.735,3.71,3.71,8696.1
2024-10-23 11:00:00,3.71,3.724,3.71,3.717,52037.4
2024-10-23 11:30:00,3.717,3.719,3.694,3.701,15873.0
2024-10-23 12:00:00,3.701,3.708,3.683,3.7,34360.6
2024-10-23 12:30:00,3.7,3.719,3.693,3.703,66112.0
2024-10-23 13:00:00,3.703,3.722,3.695,3.72,42431.5
2024-10-23 13:30:00,3.72,3.735,3.711,3.724,22047.5
2024-10-23 14:00:00,3.724,3.727,3.705,3.726,11396.5
2024-10-23 14:30:00,3.726,3.733,3.705,3.708,8522.4
2024-10-23 15:00:00,3.708,3.714,3.666,3.676,120393.7
2024-10-23 15:30:00,3.676,3.691,3.661,3.686,54872.8
2024-10-23 16:00:00,3.686,3.688,3.671,3.684,19108.4
2024-10-23 16:30:00,3.684,3.699,3.656,3.664,24570.3
2024-10-23 17:00:00,3.664,3.69,3.658,3.683,38196.1
2024-10-23 17:30:00,3.683,3.683,3.643,3.651,60964.8
2024-10-23 18:00:00,3.651,3.651,3.602,3.631,150830.6
2024-10-23 18:30:00,3.631,3.648,3.62,3.646,10246.7
2024-10-23 19:00:00,3.646,3.664,3.638,3.659,17525.0
2024-10-23 19:30:00,3.659,3.671,3.651,3.667,5300.9
2024-10-23 20:00:00,3.667,3.669,3.656,3.667,4975.8
2024-10-23 20:30:00,3.667,3.68,3.667,3.678,4167.6
2024-10-23 21:00:00,3.678,3.681,3.668,3.676,8384.8
2024-10-23 21:30:00,3.676,3.678,3.666,3.667,9462.7
2024-10-23 22:00:00,3.667,3.683,3.667,3.668,5398.3
2024-10-23 22:30:00,3.668,3.689,3.664,3.678,57416.3
2024-10-23 23:00:00,3.678,3.694,3.672,3.691,11489.3
2024-10-23 23:30:00,3.691,3.7,3.689,3.696,6468.9
2024-10-24 00:00:00,3.696,3.7,3.68,3.682,15458.9
2024-10-24 00:30:00,3.682,3.744,3.682,3.744,54027.2
2024-10-24 01:00:00,3.744,3.749,3.726,3.727,36794.9
2024-10-24 01:30:00,3.727,3.728,3.711,3.724,14169.5
2024-10-24 02:00:00,3.724,3.729,3.709,3.729,6617.7
2024-10-24 02:30:00,3.729,3.736,3.721,3.734,2281.3
2024-10-24 03:00:00,3.734,3.738,3.727,3.731,3957.2
2024-10-24 03:30:00,3.731,3.733,3.716,3.716,3509.2
2024-10-24 04:00:00,3.716,3.727,3.71,3.726,7365.9
2024-10-24 04:30:00,3.726,3.737,3.722,3.735,1873.2
2024-10-24 05:00:00,3.735,3.742,3.73,3.734,5153.1
2024-10-24 05:30:00,3.734,3.737,3.729,3.732,4879.1
2024-10-24 06:00:00,3.732,3.739,3.726,3.727,6789.8
2024-10-24 06:30:00,3.727,3.734,3.703,3.704,18488.5
2024-10-24 07:00:00,3.704,3.717,3.7,3.709,7900.0
2024-10-24 07:30:00,3.709,3.712,3.688,3.689,5546.2
2024-10-24 08:00:00,3.689,3.709,3.683,3.699,6952.0
2024-10-24 08:30:00,3.699,3.702,3.655,3.656,44062.0
2024-10-24 09:00:00,3.656,3.672,3.647,3.671,74908.6
2024-10-24 09:30:00,3.671,3.676,3.655,3.661,22557.1
2024-10-24 10:00:00,3.661,3.684,3.656,3.683,19833.4
2024-10-24 10:30:00,3.683,3.688,3.675,3.685,27568.9
2024-10-24 11:00:00,3.685,3.697,3.684,3.695,16664.4
2024-10-24 11:30:00,3.695,3.705,3.691,3.698,6020.0
2024-10-24 12:00:00,3.698,3.706,3.694,3.697,6570.7
2024-10-24 12:30:00,3.697,3.707,3.689,3.703,4408.4
2024-10-24 13:00:00,3.703,3.71,3.695,3.702,5060.6
2024-10-24 13:30:00,3.702,3.719,3.694,3.709,7686.9
2024-10-24 14:00:00,3.709,3.713,3.681,3.688,10902.6
2024-10-24 14:30:00,3.688,3.712,3.686,3.705,5450.3
2024-10-24 15:00:00,3.705,3.722,3.697,3.714,5662.0
2024-10-24 15:30:00,3.714,3.737,3.712,3.723,9330.8
2024-10-24 16:00:00,3.723,3.737,3.711,3.726,14422.1
2024-10-24 16:30:00,3.726,3.733,3.717,3.717,5798.8
2024-10-24 17:00:00,3.717,3.719,3.703,3.708,10244.6
2024-10-24 17:30:00,3.708,3.723,3.706,3.714,7556.3
2024-10-24 18:00:00,3.714,3.742,3.712,3.736,5601.3
2024-10-24 18:30:00,3.736,3.741,3.72,3.723,9277.4
2024-10-24 19:00:00,3.723,3.737,3.72,3.737,4097.8
2024-10-24 19:30:00,3.737,3.751,3.731,3.744,16795.9
2024-10-24 20:00:00,3.744,3.747,3.732,3.733,31508.4
2024-10-24 20:30:00,3.733,3.74,3.727,3.74,13075.2
2024-10-24 21:00:00,3.74,3.771,3.733,3.753,13357.5
2024-10-24 21:30:00,3.753,3.761,3.743,3.749,15918.6
2024-10-24 22:00:00,3.749,3.759,3.738,3.743,9075.2
2024-10-24 22:30:00,3.743,3.743,3.725,3.727,5794.3
2024-10-24 23:00:00,3.727,3.733,3.716,3.728,8445.2
2024-10-24 23:30:00,3.728,3.74,3.723,3.74,1814.0
2024-10-25 00:00:00,3.74,3.748,3.734,3.741,2047.8
2024-10-25 00:30:00,3.741,3.741,3.72,3.727,3402.3
2024-10-25 01:00:00,3.727,3.729,3.713,3.726,2178.9
2024-10-25 01:30:00,3.726,3.727,3.708,3.714,25580.0
2024-10-25 02:00:00,3.714,3.718,3.693,3.703,21076.7
2024-10-25 02:30:00,3.703,3.711,3.7,3.708,4230.5
2024-10-25 03:00:00,3.708,3.729,3.708,3.726,10559.3
2024-10-25 03:30:00,3.726,3.728,3.711,3.715,3593.5
2024-10-25 04:00:00,3.715,3.719,3.669,3.67,27542.4
2024-10-25 04:30:00,3.67,3.692,3.662,3.682,8585.6
2024-10-25 05:00:00,3.682,3.683,3.662,3.679,245442.8
2024-10-25 05:30:00,3.679,3.686,3.675,3.678,10658.7
2024-10-25 06:00:00,3.678,3.689,3.675,3.679,5497.5
2024-10-25 06:30:00,3.679,3.681,3.67,3.674,6826.8
2024-10-25 07:00:00,3.674,3.682,3.644,3.654,76275.1
2024-10-25 07:30:00,3.654,3.674,3.652,3.672,15346.5
2024-10-25 08:00:00,3.672,3.679,3.647,3.678,17626.1
2024-10-25 08:30:00,3.678,3.699,3.676,3.696,25045.8
2024-10-25 09:00:00,3.696,3.707,3.691,3.705,8441.5
2024-10-25 09:30:00,3.705,3.721,3.699,3.719,22775.7
2024-10-25 10:00:00,3.719,3.72,3.705,3.718,22437.5
2024-10-25 10:30:00,3.718,3.721,3.71,3.718,10865.7
2024-10-25 11:00:00,3.718,3.725,3.712,3.715,28717.8
2024-10-25 11:30:00,3.715,3.73,3.71,3.727,26500.6
2024-10-25 12:00:00,3.727,3.738,3.717,3.717,21979.3
2024-10-25 12:30:00,3.717,3.718,3.701,3.704,24399.2
2024-10-25 13:00:00,3.704,3.711,3.697,3.702,25515.6
2024-10-25 13:30:00,3.702,3.73,3.696,3.725,23281.1
2024-10-25 14:00:00,3.725,3.745,3.714,3.741,43972.1
2024-10-25 14:30:00,3.741,3.749,3.716,3.725,5554.2
2024-10-25 15:00:00,3.725,3.733,3.706,3.708,26205.5
2024-10-25 15:30:00,3.708,3.72,3.663,3.678,89802.4
2024-10-25 16:00:00,3.678,3.697,3.651,3.673,37413.5
2024-10-25 16:30:00,3.673,3.697,3.657,3.687,46051.2
2024-10-25 17:00:00,3.687,3.704,3.665,3.68,21595.9
2024-10-25 17:30:00,3.68,3.685,3.634,3.642,51045.7
2024-10-25 18:00:00,3.642,3.648,3.56,3.637,474974.0
2024-10-25 18:30:00,3.637,3.647,3.611,3.612,5589.7
2024-10-25 19:00:00,3.612,3.617,3.578,3.588,98329.9
2024-10-25 19:30:00,3.588,3.606,3.58,3.601,12119.2
2024-10-25 20:00:00,3.601,3.601,3.565,3.586,21045.7
2024-10-25 20:30:00,3.586,3.602,3.565,3.581,9170.5
2024-10-25 21:00:00,3.581,3.608,3.581,3.601,35120.6
2024-10-25 21:30:00,3.601,3.625,3.589,3.625,22047.6
2024-10-25 22:00:00,3.625,3.631,3.617,3.618,6679.9
2024-10-25 22:30:00,3.618,3.626,3.575,3.575,14347.6
2024-10-25 23:00:00,3.575,3.581,3.27,3.379,1265130.2
2024-10-25 23:30:00,3.379,3.449,3.371,3.439,92596.6
2024-10-26 00:00:00,3.439,3.439,3.387,3.421,24531.5
2024-10-26 00:30:00,3.421,3.458,3.416,3.45,18760.8
2024-10-26 01:00:00,3.45,3.468,3.441,3.466,8929.4
2024-10-26 01:30:00,3.466,3.468,3.439,3.454,121221.5
2024-10-26 02:00:00,3.454,3.46,3.427,3.456,13104.2
2024-10-26 02:30:00,3.456,3.487,3.445,3.462,15564.1
2024-10-26 03:00:00,3.462,3.475,3.449,3.474,53760.1
2024-10-26 03:30:00,3.474,3.485,3.469,3.473,17036.0
2024-10-26 04:00:00,3.473,3.476,3.46,3.463,63019.8
2024-10-26 04:30:00,3.463,3.464,3.45,3.463,2416.1
2024-10-26 05:00:00,3.463,3.478,3.46,3.476,5160.5
2024-10-26 05:30:00,3.476,3.482,3.465,3.472,14756.1
2024-10-26 06:00:00,3.472,3.473,3.462,3.462,5305.2
2024-10-26 06:30:00,3.462,3.48,3.461,3.466,59405.3
2024-10-26 07:00:00,3.466,3.469,3.46,3.461,5699.1
2024-10-26 07:30:00,3.461,3.464,3.453,3.453,4829.8
2024-10-26 08:00:00,3.453,3.463,3.446,3.463,11597.0
2024-10-26 08:30:00,3.463,3.469,3.455,3.459,8374.4
2024-10-26 09:00:00,3.459,3.473,3.456,3.467,13556.3
2024-10-26 09:30:00,3.467,3.467,3.452,3.455,5543.9
2024-10-26 10:00:00,3.455,3.461,3.452,3.457,8091.0
2024-10-26 10:30:00,3.457,3.461,3.443,3.45,22310.8
2024-10-26 11:00:00,3.45,3.456,3.441,3.444,2501.9
2024-10-26 11:30:00,3.444,3.467,3.442,3.46,18403.2
2024-10-26 12:00:00,3.46,3.464,3.45,3.454,2397.5
2024-10-26 12:30:00,3.454,3.459,3.45,3.451,3776.7
2024-10-26 13:00:00,3.451,3.451,3.427,3.446,10169.2
2024-10-26 13:30:00,3.446,3.448,3.405,3.411,31843.7
2024-10-26 14:00:00,3.411,3.426,3.398,3.413,14731.8
2024-10-26 14:30:00,3.413,3.413,3.372,3.377,46479.9
2024-10-26 15:00:00,3.377,3.422,3.377,3.419,14216.4
2024-10-26 15:30:00,3.419,3.42,3.398,3.403,4192.6
2024-10-26 16:00:00,3.403,3.418,3.391,3.415,6509.8
2024-10-26 16:30:00,3.415,3.427,3.41,3.425,2997.1
2024-10-26 17:00:00,3.425,3.429,3.419,3.428,4201.0
2024-10-26 17:30:00,3.428,3.442,3.427,3.437,9076.8
2024-10-26 18:00:00,3.437,3.448,3.434,3.436,8759.2
2024-10-26 18:30:00,3.436,3.439,3.427,3.427,2428.7
2024-10-26 19:00:00,3.427,3.443,3.427,3.441,3113.6
2024-10-26 19:30:00,3.441,3.449,3.435,3.447,2676.3
2024-10-26 20:00:00,3.447,3.471,3.442,3.47,10762.8
2024-10-26 20:30:00,3.47,3.473,3.449,3.452,6874.7
2024-10-26 21:00:00,3.452,3.456,3.441,3.443,2482.8
2024-10-26 21:30:00,3.443,3.449,3.438,3.445,4065.7
2024-10-26 22:00:00,3.445,3.45,3.442,3.447,12212.3
2024-10-26 22:30:00,3.447,3.46,3.446,3.459,12620.1
2024-10-26 23:00:00,3.459,3.463,3.454,3.463,3633.0
2024-10-26 23:30:00,3.463,3.469,3.457,3.467,92443.6
2024-10-27 00:00:00,3.467,3.477,3.463,3.476,2841.1
2024-10-27 00:30:00,3.476,3.483,3.465,3.465,8851.7
2024-10-27 01:00:00,3.465,3.465,3.453,3.456,4445.4
2024-10-27 01:30:00,3.456,3.473,3.454,3.47,3370.8
2024-10-27 02:00:00,3.47,3.475,3.456,3.459,5676.7
2024-10-27 02:30:00,3.459,3.468,3.459,3.463,2320.1
2024-10-27 03:00:00,3.463,3.485,3.462,3.485,3978.9
2024-10-27 03:30:00,3.485,3.494,3.482,3.493,12543.0
2024-10-27 04:00:00,3.493,3.505,3.485,3.486,16153.8
2024-10-27 04:30:00,3.486,3.486,3.477,3.479,5676.9
2024-10-27 05:00:00,3.479,3.486,3.476,3.478,6514.2
2024-10-27 05:30:00,3.478,3.488,3.475,3.481,4261.4
2024-10-27 06:00:00,3.481,3.481,3.476,3.476,3410.3
2024-10-27 06:30:00,3.476,3.48,3.472,3.48,10372.4
2024-10-27 07:00:00,3.48,3.487,3.478,3.481,2622.8
2024-10-27 07:30:00,3.481,3.493,3.481,3.487,2579.3
2024-10-27 08:00:00,3.487,3.495,3.487,3.489,3796.4
2024-10-27 08:30:00,3.489,3.496,3.481,3.491,8016.4
2024-10-27 09:00:00,3.491,3.491,3.468,3.469,13008.8
2024-10-27 09:30:00,3.469,3.472,3.459,3.469,6823.0
2024-10-27 10:00:00,3.469,3.483,3.465,3.467,6471.0
2024-10-27 10:30:00,3.467,3.473,3.462,3.468,4133.0
2024-10-27 11:00:00,3.468,3.482,3.463,3.479,3877.3
2024-10-27 11:30:00,3.479,3.481,3.47,3.472,3497.6
2024-10-27 12:00:00,3.472,3.5,3.472,3.495,3820.8
2024-10-27 12:30:00,3.495,3.499,3.483,3.484,8957.7
2024-10-27 13:00:00,3.484,3.515,3.484,3.506,5108.5
2024-10-27 13:30:00,3.506,3.511,3.498,3.503,9329.2
2024-10-27 14:00:00,3.503,3.515,3.501,3.509,6866.0
2024-10-27 14:30:00,3.509,3.512,3.504,3.509,6745.5
2024-10-27 15:00:00,3.509,3.526,3.508,3.521,18095.3
2024-10-27 15:30:00,3.521,3.539,3.518,3.526,56943.8
2024-10-27 16:00:00,3.526,3.535,3.511,3.515,8165.3
2024-10-27 16:30:00,3.515,3.531,3.513,3.527,3175.1
2024-10-27 17:00:00,3.527,3.529,3.51,3.514,7106.8
2024-10-27 17:30:00,3.514,3.532,3.513,3.519,2610.1
2024-10-27 18:00:00,3.519,3.522,3.506,3.517,24119.2
2024-10-27 18:30:00,3.517,3.52,3.504,3.508,6676.2
2024-10-27 19:00:00,3.508,3.516,3.501,3.515,6218.3
2024-10-27 19:30:00,3.515,3.521,3.513,3.518,3585.6
2024-10-27 20:00:00,3.518,3.521,3.511,3.52,1373.5
2024-10-27 20:30:00,3.52,3.524,3.515,3.521,6262.6
2024-10-27 21:00:00,3.521,3.547,3.516,3.544,7297.6
2024-10-27 21:30:00,3.544,3.562,3.536,3.549,3630.8
2024-10-27 22:00:00,3.549,3.566,3.549,3.558,11426.5
2024-10-27 22:30:00,3.558,3.559,3.543,3.55,13817.6
2024-10-27 23:00:00,3.55,3.601,3.545,3.588,455345.6
2024-10-27 23:30:00,3.588,3.591,3.561,3.562,65339.4
2024-10-28 00:00:00,3.562,3.576,3.559,3.576,18463.7
2024-10-28 00:30:00,3.576,3.576,3.558,3.565,7556.4
2024-10-28 01:00:00,3.565,3.573,3.561,3.57,10697.2
2024-10-28 01:30:00,3.57,3.57,3.549,3.552,5933.9
2024-10-28 02:00:00,3.552,3.561,3.544,3.556,4400.5
2024-10-28 02:30:00,3.556,3.556,3.543,3.546,4773.0
2024-10-28 03:00:00,3.546,3.553,3.535,3.535,4206.7
2024-10-28 03:30:00,3.535,3.537,3.509,3.515,12085.1
2024-10-28 04:00:00,3.515,3.53,3.505,3.516,14097.3
2024-10-28 04:30:00,3.516,3.52,3.51,3.519,987.5
2024-10-28 05:00:00,3.519,3.519,3.495,3.498,2581.6
2024-10-28 05:30:00,3.498,3.525,3.483,3.524,19595.0
2024-10-28 06:00:00,3.524,3.529,3.515,3.525,6823.7
2024-10-28 06:30:00,3.525,3.529,3.517,3.523,10706.4
2024-10-28 07:00:00,3.523,3.569,3.522,3.564,29442.4
2024-10-28 07:30:00,3.564,3.566,3.548,3.556,8585.9
2024-10-28 08:00:00,3.556,3.575,3.556,3.575,4266.3
2024-10-28 08:30:00,3.575,3.575,3.561,3.57,4924.2
2024-10-28 09:00:00,3.57,3.58,3.561,3.561,43660.4
2024-10-28 09:30:00,3.561,3.586,3.55,3.581,19920.3
2024-10-28 10:00:00,3.581,3.584,3.566,3.575,11871.3
2024-10-28 10:30:00,3.575,3.587,3.571,3.573,3954.9
2024-10-28 11:00:00,3.573,3.576,3.56,3.575,11356.9
2024-10-28 11:30:00,3.575,3.578,3.561,3.566,7655.3
2024-10-28 12:00:00,3.566,3.632,3.557,3.63,712085.5
2024-10-28 12:30:00,3.63,3.632,3.572,3.583,253136.1
2024-10-28 13:00:00,3.583,3.606,3.571,3.601,29413.9
2024-10-28 13:30:00,3.601,3.606,3.573,3.573,33133.6
2024-10-28 14:00:00,3.573,3.586,3.554,3.562,29578.0
2024-10-28 14:30:00,3.562,3.587,3.562,3.571,12867.6
2024-10-28 15:00:00,3.571,3.571,3.533,3.549,82798.6
2024-10-28 15:30:00,3.549,3.552,3.529,3.529,7506.2
2024-10-28 16:00:00,3.529,3.554,3.52,3.547,14391.1
2024-10-28 16:30:00,3.547,3.547,3.508,3.517,20326.4
2024-10-28 17:00:00,3.517,3.529,3.49,3.529,70167.8
2024-10-28 17:30:00,3.529,3.547,3.52,3.527,27330.9
2024-10-28 18:00:00,3.527,3.547,3.523,3.531,50376.6
2024-10-28 18:30:00,3.531,3.536,3.515,3.534,2878.7
2024-10-28 19:00:00,3.534,3.586,3.534,3.584,17357.1
2024-10-28 19:30:00,3.584,3.586,3.564,3.574,6309.8
2024-10-28 20:00:00,3.574,3.586,3.573,3.575,7355.4
2024-10-28 20:30:00,3.575,3.584,3.575,3.581,1964.2
2024-10-28 21:00:00,3.581,3.598,3.58,3.588,43024.9
2024-10-28 21:30:00,3.588,3.629,3.586,3.629,23776.1
2024-10-28 22:00:00,3.629,3.668,3.629,3.63,62863.4
2024-10-28 22:30:00,3.63,3.643,3.622,3.635,18191.4
2024-10-28 23:00:00,3.635,3.647,3.621,3.622,4042.7
2024-10-28 23:30:00,3.622,3.632,3.618,3.622,6013.7
2024-10-29 00:00:00,3.622,3.632,3.61,3.627,6708.2
2024-10-29 00:30:00,3.627,3.644,3.622,3.637,12975.0
2024-10-29 01:00:00,3.637,3.644,3.629,3.636,3466.4
2024-10-29 01:30:00,3.636,3.648,3.624,3.646,11170.0
2024-10-29 02:00:00,3.646,3.69,3.643,3.686,25916.3
2024-10-29 02:30:00,3.686,3.698,3.669,3.674,50066.9
2024-10-29 03:00:00,3.674,3.689,3.674,3.681,26469.2
2024-10-29 03:30:00,3.681,3.684,3.666,3.668,15543.0
2024-10-29 04:00:00,3.668,3.676,3.665,3.673,2367.6
2024-10-29 04:30:00,3.673,3.676,3.656,3.666,11164.1
2024-10-29 05:00:00,3.666,3.667,3.645,3.648,63820.9
2024-10-29 05:30:00,3.648,3.658,3.641,3.656,21215.5
2024-10-29 06:00:00,3.656,3.667,3.648,3.648,12033.7
2024-10-29 06:30:00,3.648,3.663,3.648,3.652,3861.7
2024-10-29 07:00:00,3.652,3.657,3.639,3.65,4948.4
2024-10-29 07:30:00,3.65,3.654,3.611,3.636,474581.4
2024-10-29 08:00:00,3.636,3.65,3.636,3.647,12239.5
2024-10-29 08:30:00,3.647,3.649,3.635,3.637,6365.8
2024-10-29 09:00:00,3.637,3.646,3.63,3.645,2854.2
2024-10-29 09:30:00,3.645,3.647,3.637,3.644,3560.2
2024-10-29 10:00:00,3.644,3.65,3.628,3.628,4302.8
2024-10-29 10:30:00,3.628,3.646,3.627,3.64,4327.0
2024-10-29 11:00:00,3.64,3.647,3.638,3.643,9970.0
2024-10-29 11:30:00,3.643,3.657,3.642,3.649,24540.9
2024-10-29 12:00:00,3.649,3.653,3.637,3.64,16369.4
2024-10-29 12:30:00,3.64,3.642,3.633,3.637,3383.4
2024-10-29 13:00:00,3.637,3.644,3.632,3.643,6193.6
2024-10-29 13:30:00,3.643,3.655,3.624,3.651,26567.4
2024-10-29 14:00:00,3.651,3.661,3.629,3.638,9713.2
2024-10-29 14:30:00,3.638,3.653,3.634,3.65,1515.5
2024-10-29 15:00:00,3.65,3.659,3.631,3.657,24062.6
2024-10-29 15:30:00,3.657,3.683,3.656,3.682,8398.2
2024-10-29 16:00:00,3.682,3.705,3.682,3.7,14180.7
2024-10-29 16:30:00,3.7,3.723,3.689,3.714,22270.6
2024-10-29 17:00:00,3.714,3.735,3.7,3.724,31534.3
2024-10-29 17:30:00,3.724,3.729,3.7,3.709,12133.0
2024-10-29 18:00:00,3.709,3.715,3.691,3.702,7054.4
2024-10-29 18:30:00,3.702,3.719,3.699,3.719,4365.6
2024-10-29 19:00:00,3.719,3.742,3.683,3.694,34729.9
2024-10-29 19:30:00,3.694,3.703,3.672,3.686,13802.0
2024-10-29 20:00:00,3.686,3.695,3.656,3.67,10570.7
2024-10-29 20:30:00,3.67,3.685,3.662,3.685,8087.1
2024-10-29 21:00:00,3.685,3.714,3.68,3.706,8534.6
2024-10-29 21:30:00,3.706,3.713,3.691,3.713,47212.9
2024-10-29 22:00:00,3.713,3.722,3.705,3.716,3455.8
2024-10-29 22:30:00,3.716,3.725,3.712,3.712,2891.6
2024-10-29 23:00:00,3.712,3.713,3.702,3.706,6215.7
2024-10-29 23:30:00,3.706,3.711,3.693,3.709,6005.6
2024-10-30 00:00:00,3.709,3.726,3.708,3.721,19473.1
2024-10-30 00:30:00,3.721,3.721,3.689,3.697,5988.9
2024-10-30 01:00:00,3.697,3.699,3.666,3.687,24357.6
2024-10-30 01:30:00,3.687,3.701,3.686,3.694,4404.8
2024-10-30 02:00:00,3.694,3.71,3.694,3.707,4017.4
2024-10-30 02:30:00,3.707,3.707,3.695,3.697,7546.2
2024-10-30 03:00:00,3.697,3.72,3.697,3.719,5002.9
2024-10-30 03:30:00,3.719,3.735,3.715,3.725,31622.4
2024-10-30 04:00:00,3.725,3.736,3.724,3.732,11295.8
2024-10-30 04:30:00,3.732,3.732,3.716,3.717,7479.8
2024-10-30 05:00:00,3.717,3.733,3.717,3.729,5242.8
2024-10-30 05:30:00,3.729,3.729,3.711,3.722,7150.6
2024-10-30 06:00:00,3.722,3.784,3.722,3.74,275613.9
2024-10-30 06:30:00,3.74,3.748,3.733,3.74,26279.9
2024-10-30 07:00:00,3.74,3.76,3.737,3.76,7360.5
2024-10-30 07:30:00,3.76,3.766,3.746,3.751,5964.7
2024-10-30 08:00:00,3.751,3.768,3.746,3.761,5416.4
2024-10-30 08:30:00,3.761,3.764,3.715,3.718,16440.0
2024-10-30 09:00:00,3.718,3.747,3.716,3.742,4763.6
2024-10-30 09:30:00,3.742,3.746,3.725,3.739,5759.9
2024-10-30 10:00:00,3.739,3.759,3.735,3.749,7388.1
2024-10-30 10:30:00,3.749,3.752,3.727,3.733,8588.9
2024-10-30 11:00:00,3.733,3.734,3.702,3.711,10163.6
2024-10-30 11:30:00,3.711,3.721,3.697,3.698,5951.5
2024-10-30 12:00:00,3.698,3.715,3.679,3.708,47386.2
2024-10-30 12:30:00,3.708,3.724,3.687,3.716,5985.6
2024-10-30 13:00:00,3.716,3.721,3.699,3.702,15321.2
2024-10-30 13:30:00,3.702,3.737,3.687,3.736,6691.2
2024-10-30 14:00:00,3.736,3.775,3.731,3.755,46854.0
2024-10-30 14:30:00,3.755,3.772,3.749,3.765,10827.7
2024-10-30 15:00:00,3.765,3.79,3.708,3.739,75598.8
2024-10-30 15:30:00,3.739,3.743,3.726,3.737,6032.4
2024-10-30 16:00:00,3.737,3.749,3.717,3.731,3532.7
2024-10-30 16:30:00,3.731,3.741,3.717,3.735,8307.3
2024-10-30 17:00:00,3.735,3.735,3.706,3.717,9174.9
2024-10-30 17:30:00,3.717,3.725,3.705,3.713,6717.2
2024-10-30 18:00:00,3.713,3.729,3.713,3.728,6412.4
2024-10-30 18:30:00,3.728,3.747,3.724,3.731,4882.5
2024-10-30 19:00:00,3.731,3.738,3.721,3.727,6890.4
2024-10-30 19:30:00,3.727,3.737,3.717,3.717,4435.1
2024-10-30 20:00:00,3.717,3.752,3.705,3.738,6811.5
2024-10-30 20:30:00,3.738,3.774,3.735,3.772,9609.4
2024-10-30 21:00:00,3.772,3.776,3.742,3.747,7092.8
2024-10-30 21:30:00,3.747,3.749,3.727,3.747,5186.3
2024-10-30 22:00:00,3.747,3.763,3.733,3.757,22022.6
2024-10-30 22:30:00,3.757,3.759,3.73,3.733,27824.7
2024-10-30 23:00:00,3.733,3.749,3.733,3.744,3010.7
2024-10-30 23:30:00,3.744,3.746,3.723,3.724,4860.8
2024-10-31 00:00:00,3.724,3.741,3.716,3.718,4950.5
2024-10-31 00:30:00,3.718,3.723,3.701,3.704,7924.7
2024-10-31 01:00:00,3.704,3.719,3.702,3.714,4916.9
2024-10-31 01:30:00,3.714,3.717,3.671,3.715,48310.6
2024-10-31 02:00:00,3.715,3.716,3.694,3.706,7236.0
2024-10-31 02:30:00,3.706,3.718,3.697,3.705,2876.7
2024-10-31 03:00:00,3.705,3.713,3.695,3.7,3702.9
2024-10-31 03:30:00,3.7,3.7,3.685,3.691,2385.7
2024-10-31 04:00:00,3.691,3.696,3.676,3.683,3559.7
2024-10-31 04:30:00,3.683,3.686,3.667,3.676,10834.4
2024-10-31 05:00:00,3.676,3.682,3.667,3.677,16157.8
2024-10-31 05:30:00,3.677,3.691,3.675,3.685,6992.4
2024-10-31 06:00:00,3.685,3.688,3.664,3.667,7339.0
2024-10-31 06:30:00,3.667,3.671,3.643,3.656,16320.2
2024-10-31 07:00:00,3.656,3.666,3.637,3.663,8848.9
2024-10-31 07:30:00,3.663,3.667,3.658,3.666,7885.3
2024-10-31 08:00:00,3.666,3.667,3.63,3.635,16230.3
2024-10-31 08:30:00,3.635,3.647,3.63,3.64,3527.9
2024-10-31 09:00:00,3.64,3.653,3.637,3.649,4996.6
2024-10-31 09:30:00,3.649,3.652,3.64,3.643,7893.0
2024-10-31 10:00:00,3.643,3.655,3.62,3.629,51158.3
2024-10-31 10:30:00,3.629,3.639,3.61,3.634,41790.6
2024-10-31 11:00:00,3.634,3.636,3.608,3.621,46975.0
2024-10-31 11:30:00,3.621,3.628,3.617,3.627,3858.5
2024-10-31 12:00:00,3.627,3.635,3.619,3.631,13474.7
2024-10-31 12:30:00,3.631,3.649,3.629,3.648,20785.7
2024-10-31 13:00:00,3.648,3.655,3.624,3.625,43408.1
2024-10-31 13:30:00,3.625,3.641,3.616,3.625,34868.3
2024-10-31 14:00:00,3.625,3.627,3.568,3.586,64954.8
2024-10-31 14:30:00,3.586,3.593,3.552,3.57,50147.3
2024-10-31 15:00:00,3.57,3.596,3.562,3.594,46171.4
2024-10-31 15:30:00,3.594,3.596,3.572,3.577,17547.1
2024-10-31 16:00:00,3.577,3.578,3.556,3.561,57533.0
2024-10-31 16:30:00,3.561,3.568,3.554,3.56,9003.1
2024-10-31 17:00:00,3.56,3.565,3.544,3.551,9653.9
2024-10-31 17:30:00,3.551,3.551,3.504,3.537,143857.5
2024-10-31 18:00:00,3.537,3.537,3.49,3.512,34354.4
2024-10-31 18:30:00,3.512,3.531,3.502,3.527,11355.9
2024-10-31 19:00:00,3.527,3.538,3.52,3.526,5644.1
2024-10-31 19:30:00,3.526,3.535,3.505,3.507,3441.8
2024-10-31 20:00:00,3.507,3.529,3.506,3.523,30547.6
2024-10-31 20:30:00,3.523,3.529,3.497,3.519,5770.7
2024-10-31 21:00:00,3.519,3.527,3.507,3.523,4438.2
2024-10-31 21:30:00,3.523,3.538,3.521,3.533,46270.9
2024-10-31 22:00:00,3.533,3.54,3.511,3.516,5579.5
2024-10-31 22:30:00,3.516,3.534,3.516,3.531,43522.0
2024-10-31 23:00:00,3.531,3.548,3.523,3.544,6145.5
2024-10-31 23:30:00,3.544,3.555,3.533,3.533,5707.1
2024-11-01 00:00:00,3.533,3.556,3.532,3.556,6801.1
2024-11-01 00:30:00,3.556,3.565,3.541,3.549,3599.2
2024-11-01 01:00:00,3.549,3.552,3.521,3.523,47405.9
2024-11-01 01:30:00,3.523,3.546,3.501,3.514,10211.9
2024-11-01 02:00:00,3.514,3.528,3.459,3.528,342677.9
2024-11-01 02:30:00,3.528,3.532,3.512,3.53,5947.7
2024-11-01 03:00:00,3.53,3.55,3.526,3.549,7888.7
2024-11-01 03:30:00,3.549,3.549,3.532,3.539,7501.7
2024-11-01 04:00:00,3.539,3.55,3.535,3.547,3288.3
2024-11-01 04:30:00,3.547,3.558,3.546,3.553,7725.1
2024-11-01 05:00:00,3.553,3.559,3.541,3.545,6869.2
2024-11-01 05:30:00,3.545,3.549,3.533,3.533,41801.0
2024-11-01 06:00:00,3.533,3.535,3.503,3.512,13504.3
2024-11-01 06:30:00,3.512,3.518,3.482,3.484,15197.5
2024-11-01 07:00:00,3.484,3.494,3.457,3.491,18935.9
2024-11-01 07:30:00,3.491,3.495,3.472,3.483,5977.6
2024-11-01 08:00:00,3.483,3.499,3.479,3.498,13408.8
2024-11-01 08:30:00,3.498,3.502,3.489,3.492,4584.2
2024-11-01 09:00:00,3.492,3.499,3.484,3.492,14266.3
2024-11-01 09:30:00,3.492,3.503,3.483,3.487,32758.9
2024-11-01 10:00:00,3.487,3.504,3.482,3.497,23983.2
2024-11-01 10:30:00,3.497,3.508,3.495,3.504,11406.5
2024-11-01 11:00:00,3.504,3.512,3.501,3.51,7106.1
2024-11-01 11:30:00,3.51,3.51,3.497,3.497,6962.0
2024-11-01 12:00:00,3.497,3.512,3.494,3.502,18454.8
2024-11-01 12:30:00,3.502,3.533,3.495,3.529,16814.1
2024-11-01 13:00:00,3.529,3.531,3.515,3.521,4331.8
2024-11-01 13:30:00,3.521,3.57,3.519,3.568,34165.1
2024-11-01 14:00:00,3.568,3.583,3.556,3.582,34037.7
2024-11-01 14:30:00,3.582,3.587,3.55,3.566,8240.4
2024-11-01 15:00:00,3.566,3.575,3.53,3.535,61339.0
2024-11-01 15:30:00,3.535,3.536,3.423,3.459,96983.1
2024-11-01 16:00:00,3.459,3.511,3.45,3.492,27035.9
2024-11-01 16:30:00,3.492,3.507,3.48,3.506,2112.2
2024-11-01 17:00:00,3.506,3.512,3.483,3.506,7708.3
2024-11-01 17:30:00,3.506,3.508,3.486,3.502,12890.6
2024-11-01 18:00:00,3.502,3.502,3.477,3.485,9394.0
2024-11-01 18:30:00,3.485,3.492,3.474,3.477,3511.3
2024-11-01 19:00:00,3.477,3.482,3.457,3.458,6159.5
2024-11-01 19:30:00,3.458,3.477,3.454,3.47,6453.7
2024-11-01 20:00:00,3.47,3.48,3.468,3.48,4051.7
2024-11-01 20:30:00,3.48,3.486,3.471,3.476,1806.8
2024-11-01 21:00:00,3.476,3.476,3.439,3.44,9549.1
2024-11-01 21:30:00,3.44,3.465,3.424,3.465,12076.5
2024-11-01 22:00:00,3.465,3.474,3.453,3.456,4270.1
2024-11-01 22:30:00,3.456,3.461,3.444,3.454,1923.2
2024-11-01 23:00:00,3.454,3.467,3.447,3.463,1994.5
2024-11-01 23:30:00,3.463,3.472,3.46,3.47,7989.2
2024-11-02 00:00:00,3.47,3.497,3.467,3.493,12505.2
2024-11-02 00:30:00,3.493,3.495,3.487,3.488,10197.1
2024-11-02 01:00:00,3.488,3.491,3.48,3.491,9392.2
2024-11-02 01:30:00,3.491,3.492,3.485,3.487,1911.2
2024-11-02 02:00:00,3.487,3.505,3.487,3.505,7553.7
2024-11-02 02:30:00,3.505,3.507,3.487,3.487,4282.1
2024-11-02 03:00:00,3.487,3.492,3.473,3.477,8608.1
2024-11-02 03:30:00,3.477,3.483,3.465,3.467,2061.1
2024-11-02 04:00:00,3.467,3.475,3.466,3.47,1752.3
2024-11-02 04:30:00,3.47,3.47,3.46,3.462,2690.4
2024-11-02 05:00:00,3.462,3.471,3.448,3.465,3682.3
2024-11-02 05:30:00,3.465,3.483,3.464,3.474,1819.2
2024-11-02 06:00:00,3.474,3.479,3.465,3.469,1941.2
2024-11-02 06:30:00,3.469,3.473,3.462,3.472,1226.8
2024-11-02 07:00:00,3.472,3.481,3.461,3.48,12131.8
2024-11-02 07:30:00,3.48,3.487,3.474,3.481,3540.2
2024-11-02 08:00:00,3.481,3.491,3.473,3.473,3045.4
2024-11-02 08:30:00,3.473,3.479,3.467,3.47,28136.9
2024-11-02 09:00:00,3.47,3.481,3.467,3.481,48289.6
2024-11-02 09:30:00,3.481,3.482,3.466,3.471,5753.5
2024-11-02 10:00:00,3.471,3.48,3.462,3.474,5478.8
2024-11-02 10:30:00,3.474,3.483,3.473,3.482,3038.6
2024-11-02 11:00:00,3.482,3.487,3.479,3.487,2842.9
2024-11-02 11:30:00,3.487,3.487,3.47,3.475,7473.1
2024-11-02 12:00:00,3.475,3.481,3.453,3.454,6910.1
2024-11-02 12:30:00,3.454,3.462,3.428,3.437,23257.7
2024-11-02 13:00:00,3.437,3.458,3.43,3.454,4880.6
2024-11-02 13:30:00,3.454,3.456,3.407,3.409,24715.6
2024-11-02 14:00:00,3.409,3.435,3.407,3.43,16343.5
2024-11-02 14:30:00,3.43,3.43,3.41,3.43,11484.1
2024-11-02 15:00:00,3.43,3.43,3.401,3.424,41646.5
2024-11-02 15:30:00,3.424,3.434,3.411,3.424,3502.0
2024-11-02 16:00:00,3.424,3.438,3.417,3.424,4292.0
2024-11-02 16:30:00,3.424,3.449,3.424,3.445,4710.0
2024-11-02 17:00:00,3.445,3.446,3.427,3.428,6055.4
2024-11-02 17:30:00,3.428,3.432,3.402,3.41,4747.3
2024-11-02 18:00:00,3.41,3.414,3.388,3.399,13474.8
2024-11-02 18:30:00,3.399,3.414,3.398,3.403,3121.2
2024-11-02 19:00:00,3.403,3.417,3.399,3.411,27396.6
2024-11-02 19:30:00,3.411,3.424,3.408,3.422,3701.1
2024-11-02 20:00:00,3.422,3.429,3.418,3.423,5229.8
2024-11-02 20:30:00,3.423,3.435,3.422,3.433,3582.7
2024-11-02 21:00:00,3.433,3.435,3.426,3.43,15988.6
2024-11-02 21:30:00,3.43,3.438,3.429,3.431,3372.6
2024-11-02 22:00:00,3.431,3.439,3.42,3.427,3493.8
2024-11-02 22:30:00,3.427,3.43,3.423,3.423,1510.8
2024-11-02 23:00:00,3.423,3.423,3.407,3.413,2776.5
2024-11-02 23:30:00,3.413,3.431,3.41,3.431,4771.3
2024-11-03 00:00:00,3.431,3.438,3.429,3.434,4725.6
2024-11-03 00:30:00,3.434,3.438,3.418,3.418,6238.4
2024-11-03 01:00:00,3.418,3.419,3.407,3.417,3644.4
2024-11-03 01:30:00,3.417,3.417,3.384,3.384,11311.3
2024-11-03 02:00:00,3.384,3.406,3.366,3.37,115004.7
2024-11-03 02:30:00,3.37,3.37,3.287,3.32,176247.6
2024-11-03 03:00:00,3.32,3.339,3.284,3.331,22930.8
2024-11-03 03:30:00,3.331,3.353,3.321,3.342,14308.6
2024-11-03 04:00:00,3.342,3.364,3.338,3.361,10035.3
2024-11-03 04:30:00,3.361,3.375,3.361,3.373,20941.6
2024-11-03 05:00:00,3.373,3.376,3.364,3.368,10602.7
2024-11-03 05:30:00,3.368,3.373,3.351,3.354,41359.6
2024-11-03 06:00:00,3.354,3.371,3.352,3.364,3936.3
2024-11-03 06:30:00,3.364,3.392,3.364,3.383,9127.3
2024-11-03 07:00:00,3.383,3.388,3.368,3.371,17325.5
2024-11-03 07:30:00,3.371,3.379,3.365,3.374,3788.5
2024-11-03 08:00:00,3.374,3.376,3.365,3.376,2021.7
2024-11-03 08:30:00,3.376,3.385,3.37,3.378,2913.8
2024-11-03 09:00:00,3.378,3.379,3.362,3.364,5906.7
2024-11-03 09:30:00,3.364,3.366,3.341,3.343,21763.6
2024-11-03 10:00:00,3.343,3.374,3.343,3.374,7340.4
2024-11-03 10:30:00,3.374,3.374,3.353,3.355,84349.5
2024-11-03 11:00:00,3.355,3.364,3.348,3.352,3215.7
2024-11-03 11:30:00,3.352,3.352,3.33,3.332,12671.5
2024-11-03 12:00:00,3.332,3.349,3.332,3.348,2871.2
2024-11-03 12:30:00,3.348,3.348,3.316,3.321,8505.8
2024-11-03 13:00:00,3.321,3.327,3.3,3.315,71790.5
2024-11-03 13:30:00,3.315,3.317,3.266,3.278,54838.9
2024-11-03 14:00:00,3.278,3.297,3.25,3.267,53164.6
2024-11-03 14:30:00,3.267,3.291,3.252,3.265,11625.4
2024-11-03 15:00:00,3.265,3.268,3.237,3.265,73927.3
2024-11-03 15:30:00,3.265,3.295,3.246,3.294,13652.5
2024-11-03 16:00:00,3.294,3.316,3.281,3.307,12897.1
2024-11-03 16:30:00,3.307,3.307,3.284,3.298,11653.5
2024-11-03 17:00:00,3.298,3.321,3.298,3.31,3599.4
2024-11-03 17:30:00,3.31,3.325,3.309,3.315,3772.8
2024-11-03 18:00:00,3.315,3.32,3.305,3.305,2108.6
2024-11-03 18:30:00,3.305,3.305,3.262,3.273,33122.9
2024-11-03 19:00:00,3.273,3.321,3.269,3.315,14884.9
2024-11-03 19:30:00,3.315,3.329,3.309,3.327,3240.5
2024-11-03 20:00:00,3.327,3.336,3.318,3.332,50310.6
2024-11-03 20:30:00,3.332,3.349,3.329,3.345,12554.1
2024-11-03 21:00:00,3.345,3.369,3.344,3.366,7342.9
2024-11-03 21:30:00,3.366,3.366,3.35,3.357,7317.6
2024-11-03 22:00:00,3.357,3.363,3.354,3.354,3250.1
2024-11-03 22:30:00,3.354,3.355,3.338,3.346,55850.8
2024-11-03 23:00:00,3.346,3.346,3.328,3.34,30730.5
2024-11-03 23:30:00,3.34,3.346,3.331,3.339,2442.3
2024-11-04 00:00:00,3.339,3.34,3.321,3.321,31770.3
2024-11-04 00:30:00,3.321,3.326,3.301,3.326,5310.3
2024-11-04 01:00:00,3.326,3.365,3.321,3.352,10767.9
2024-11-04 01:30:00,3.352,3.36,3.34,3.355,9608.8
2024-11-04 02:00:00,3.355,3.363,3.343,3.361,1828.7
2024-11-04 02:30:00,3.361,3.373,3.358,3.373,15361.6
2024-11-04 03:00:00,3.373,3.388,3.358,3.361,4206.3
2024-11-04 03:30:00,3.361,3.366,3.35,3.35,43494.2
2024-11-04 04:00:00,3.35,3.371,3.35,3.371,7540.8
2024-11-04 04:30:00,3.371,3.374,3.355,3.36,3531.6
2024-11-04 05:00:00,3.36,3.363,3.34,3.341,16768.0
2024-11-04 05:30:00,3.341,3.346,3.327,3.333,24505.7
2024-11-04 06:00:00,3.333,3.363,3.332,3.363,4148.7
2024-11-04 06:30:00,3.363,3.364,3.347,3.362,2660.7
2024-11-04 07:00:00,3.362,3.364,3.352,3.354,21077.0
2024-11-04 07:30:00,3.354,3.355,3.335,3.338,46211.2
2024-11-04 08:00:00,3.338,3.347,3.336,3.344,1662.8
2024-11-04 08:30:00,3.344,3.344,3.312,3.321,7508.8
2024-11-04 09:00:00,3.321,3.348,3.321,3.342,3690.6
2024-11-04 09:30:00,3.342,3.342,3.318,3.337,7331.9
2024-11-04 10:00:00,3.337,3.378,3.331,3.367,7979.6
2024-11-04 10:30:00,3.367,3.386,3.362,3.383,3313.7
2024-11-04 11:00:00,3.383,3.403,3.372,3.386,9494.1
2024-11-04 11:30:00,3.386,3.397,3.38,3.388,4373.1
2024-11-04 12:00:00,3.388,3.404,3.38,3.396,11880.9
2024-11-04 12:30:00,3.396,3.399,3.378,3.387,11328.4
2024-11-04 13:00:00,3.387,3.403,3.381,3.384,8288.2
2024-11-04 13:30:00,3.384,3.39,3.361,3.361,26524.2
2024-11-04 14:00:00,3.361,3.376,3.358,3.372,14703.0
2024-11-04 14:30:00,3.372,3.373,3.348,3.362,39824.7
2024-11-04 15:00:00,3.362,3.372,3.34,3.357,39468.2
2024-11-04 15:30:00,3.357,3.361,3.341,3.354,14716.7
2024-11-04 16:00:00,3.354,3.356,3.33,3.333,6935.8
2024-11-04 16:30:00,3.333,3.336,3.308,3.322,12624.7
2024-11-04 17:00:00,3.322,3.337,3.315,3.336,2916.2
2024-11-04 17:30:00,3.336,3.349,3.328,3.33,7700.5
2024-11-04 18:00:00,3.33,3.345,3.319,3.339,7934.4
2024-11-04 18:30:00,3.339,3.339,3.319,3.323,1289.9
2024-11-04 19:00:00,3.323,3.342,3.323,3.329,2761.9
2024-11-04 19:30:00,3.329,3.33,3.319,3.319,6204.6
2024-11-04 20:00:00,3.319,3.324,3.312,3.319,6901.7
2024-11-04 20:30:00,3.319,3.321,3.284,3.289,37063.1
2024-11-04 21:00:00,3.289,3.306,3.254,3.282,52720.3
2024-11-04 21:30:00,3.282,3.282,3.197,3.208,121346.3
2024-11-04 22:00:00,3.208,3.253,3.2,3.239,26848.2
2024-11-04 22:30:00,3.239,3.289,3.229,3.279,10134.6
2024-11-04 23:00:00,3.279,3.284,3.262,3.272,26887.3
2024-11-04 23:30:00,3.272,3.28,3.262,3.272,1813.8
2024-11-05 00:00:00,3.272,3.302,3.272,3.297,14164.9
2024-11-05 00:30:00,3.297,3.313,3.289,3.302,5485.4
2024-11-05 01:00:00,3.302,3.305,3.274,3.275,10970.3
2024-11-05 01:30:00,3.275,3.306,3.267,3.301,3898.3
2024-11-05 02:00:00,3.301,3.308,3.292,3.298,3750.4
2024-11-05 02:30:00,3.298,3.304,3.281,3.292,3450.1
2024-11-05 03:00:00,3.292,3.313,3.292,3.313,4894.2
2024-11-05 03:30:00,3.313,3.316,3.304,3.316,8220.9
2024-11-05 04:00:00,3.316,3.338,3.312,3.335,5904.0
2024-11-05 04:30:00,3.335,3.345,3.33,3.334,4891.8
2024-11-05 05:00:00,3.334,3.336,3.326,3.336,9038.7
2024-11-05 05:30:00,3.336,3.352,3.329,3.349,5677.2
2024-11-05 06:00:00,3.349,3.353,3.334,3.334,3049.0
2024-11-05 06:30:00,3.334,3.344,3.332,3.341,16193.6
2024-11-05 07:00:00,3.341,3.342,3.327,3.328,10329.2
2024-11-05 07:30:00,3.328,3.354,3.328,3.346,26573.3
2024-11-05 08:00:00,3.346,3.351,3.338,3.34,1454.5
2024-11-05 08:30:00,3.34,3.351,3.335,3.351,5916.1
2024-11-05 09:00:00,3.351,3.364,3.345,3.345,7750.1
2024-11-05 09:30:00,3.345,3.354,3.338,3.342,9118.2
2024-11-05 10:00:00,3.342,3.342,3.326,3.335,14630.7
2024-11-05 10:30:00,3.335,3.338,3.32,3.325,2850.7
2024-11-05 11:00:00,3.325,3.331,3.322,3.323,5501.6
2024-11-05 11:30:00,3.323,3.334,3.322,3.327,2890.4
2024-11-05 12:00:00,3.327,3.336,3.32,3.324,4303.8
2024-11-05 12:30:00,3.324,3.346,3.321,3.341,11294.9
2024-11-05 13:00:00,3.341,3.344,3.316,3.325,12018.4
2024-11-05 13:30:00,3.325,3.339,3.325,3.336,5213.9
2024-11-05 14:00:00,3.336,3.387,3.331,3.383,30655.6
2024-11-05 14:30:00,3.383,3.44,3.382,3.41,107267.1
2024-11-05 15:00:00,3.41,3.416,3.374,3.374,48181.0
2024-11-05 15:30:00,3.374,3.394,3.363,3.387,5177.1
2024-11-05 16:00:00,3.387,3.404,3.384,3.402,4526.4
2024-11-05 16:30:00,3.402,3.427,3.402,3.416,22426.4
2024-11-05 17:00:00,3.416,3.432,3.416,3.417,6818.3
2024-11-05 17:30:00,3.417,3.419,3.402,3.403,15323.4
2024-11-05 18:00:00,3.403,3.408,3.388,3.404,4108.2
2024-11-05 18:30:00,3.404,3.405,3.395,3.396,3271.8
2024-11-05 19:00:00,3.396,3.402,3.378,3.394,6205.5
2024-11-05 19:30:00,3.394,3.395,3.33,3.345,92153.8
2024-11-05 20:00:00,3.345,3.386,3.337,3.386,70331.6
2024-11-05 20:30:00,3.386,3.407,3.383,3.403,4988.9
2024-11-05 21:00:00,3.403,3.405,3.389,3.392,18149.7
2024-11-05 21:30:00,3.392,3.397,3.372,3.376,7341.2
2024-11-05 22:00:00,3.376,3.389,3.362,3.38,5618.9
2024-11-05 22:30:00,3.38,3.405,3.38,3.404,3745.0
2024-11-05 23:00:00,3.404,3.407,3.393,3.404,7289.7
2024-11-05 23:30:00,3.404,3.408,3.388,3.391,3082.2
2024-11-06 00:00:00,3.391,3.437,3.389,3.432,51978.8
2024-11-06 00:30:00,3.432,3.47,3.432,3.463,29529.6
2024-11-06 01:00:00,3.463,3.485,3.442,3.47,20526.8
2024-11-06 01:30:00,3.47,3.485,3.467,3.477,15357.1
2024-11-06 02:00:00,3.477,3.519,3.467,3.519,46775.9
2024-11-06 02:30:00,3.519,3.548,3.519,3.538,94835.0
2024-11-06 03:00:00,3.538,3.613,3.526,3.558,77132.2
2024-11-06 03:30:00,3.558,3.588,3.547,3.582,44127.8
2024-11-06 04:00:00,3.582,3.619,3.581,3.608,31096.0
2024-11-06 04:30:00,3.608,3.636,3.603,3.614,35294.7
2024-11-06 05:00:00,3.614,3.617,3.578,3.608,22140.6
2024-11-06 05:30:00,3.608,3.634,3.602,3.627,29393.4
2024-11-06 06:00:00,3.627,3.654,3.623,3.627,20750.2
2024-11-06 06:30:00,3.627,3.651,3.608,3.609,47447.3
2024-11-06 07:00:00,3.609,3.658,3.609,3.654,8760.4
2024-11-06 07:30:00,3.654,3.664,3.591,3.612,36442.4
2024-11-06 08:00:00,3.612,3.619,3.539,3.568,69304.3
2024-11-06 08:30:00,3.568,3.6,3.554,3.597,10617.5
2024-11-06 09:00:00,3.597,3.613,3.594,3.613,13874.3
2024-11-06 09:30:00,3.613,3.632,3.61,3.62,2861.6
2024-11-06 10:00:00,3.62,3.623,3.603,3.613,21663.9
2024-11-06 10:30:00,3.613,3.635,3.606,3.629,15040.1
2024-11-06 11:00:00,3.629,3.634,3.615,3.628,5783.3
2024-11-06 11:30:00,3.628,3.63,3.612,3.618,14273.2
2024-11-06 12:00:00,3.618,3.632,3.618,3.62,29141.2
2024-11-06 12:30:00,3.62,3.624,3.607,3.607,14329.9
2024-11-06 13:00:00,3.607,3.618,3.585,3.601,14605.9
2024-11-06 13:30:00,3.601,3.608,3.593,3.6,2664.1
2024-11-06 14:00:00,3.6,3.608,3.586,3.602,7064.6
2024-11-06 14:30:00,3.602,3.611,3.563,3.567,81039.6
2024-11-06 15:00:00,3.567,3.605,3.563,3.604,30482.3
2024-11-06 15:30:00,3.604,3.605,3.587,3.6,17085.3
2024-11-06 16:00:00,3.6,3.608,3.586,3.607,10392.9
2024-11-06 16:30:00,3.607,3.625,3.602,3.624,7508.3
2024-11-06 17:00:00,3.624,3.625,3.61,3.614,12903.5
2024-11-06 17:30:00,3.614,3.623,3.608,3.623,5787.3
2024-11-06 18:00:00,3.623,3.638,3.623,3.635,9106.5
2024-11-06 18:30:00,3.635,3.643,3.631,3.637,18774.0
2024-11-06 19:00:00,3.637,3.643,3.632,3.638,8211.9
2024-11-06 19:30:00,3.638,3.656,3.634,3.654,38255.7
2024-11-06 20:00:00,3.654,3.67,3.644,3.648,29732.1
2024-11-06 20:30:00,3.648,3.665,3.64,3.661,26809.7
2024-11-06 21:00:00,3.661,3.666,3.654,3.663,8026.4
2024-11-06 21:30:00,3.663,3.685,3.661,3.682,39601.1
2024-11-06 22:00:00,3.682,3.689,3.671,3.681,12136.5
2024-11-06 22:30:00,3.681,3.752,3.68,3.742,81043.7
2024-11-06 23:00:00,3.742,3.75,3.726,3.741,13275.0
2024-11-06 23:30:00,3.741,3.741,3.709,3.714,26678.1
2024-11-07 00:00:00,3.714,3.729,3.71,3.712,21056.6
2024-11-07 00:30:00,3.712,3.715,3.691,3.713,17700.8
2024-11-07 01:00:00,3.713,3.785,3.709,3.78,26666.1
2024-11-07 01:30:00,3.78,3.814,3.775,3.809,71709.3
2024-11-07 02:00:00,3.809,3.826,3.791,3.803,26242.2
2024-11-07 02:30:00,3.803,3.828,3.793,3.826,22889.8
2024-11-07 03:00:00,3.826,3.829,3.802,3.824,13181.7
2024-11-07 03:30:00,3.824,3.828,3.775,3.782,26751.8
2024-11-07 04:00:00,3.782,3.791,3.76,3.763,19788.0
2024-11-07 04:30:00,3.763,3.772,3.738,3.761,17150.9
2024-11-07 05:00:00,3.761,3.767,3.752,3.761,6285.6
2024-11-07 05:30:00,3.761,3.771,3.755,3.767,3802.7
2024-11-07 06:00:00,3.767,3.769,3.728,3.744,11296.0
2024-11-07 06:30:00,3.744,3.744,3.694,3.728,28707.6
2024-11-07 07:00:00,3.728,3.736,3.721,3.733,4990.9
2024-11-07 07:30:00,3.733,3.736,3.717,3.72,39425.3
2024-11-07 08:00:00,3.72,3.755,3.719,3.739,23931.1
2024-11-07 08:30:00,3.739,3.743,3.728,3.736,11604.9
2024-11-07 09:00:00,3.736,3.749,3.714,3.722,47745.8
2024-11-07 09:30:00,3.722,3.724,3.707,3.711,4596.4
2024-11-07 10:00:00,3.711,3.714,3.691,3.697,21508.7
2024-11-07 10:30:00,3.697,3.717,3.683,3.716,11510.6
2024-11-07 11:00:00,3.716,3.721,3.711,3.715,2711.7
2024-11-07 11:30:00,3.715,3.715,3.696,3.697,7501.1
2024-11-07 12:00:00,3.697,3.726,3.697,3.722,10031.2
2024-11-07 12:30:00,3.722,3.74,3.722,3.734,25801.2
2024-11-07 13:00:00,3.734,3.737,3.715,3.719,8600.7
2024-11-07 13:30:00,3.719,3.719,3.682,3.684,18233.3
2024-11-07 14:00:00,3.684,3.716,3.683,3.716,5507.7
2024-11-07 14:30:00,3.716,3.724,3.67,3.712,23568.0
2024-11-07 15:00:00,3.712,3.747,3.699,3.745,7451.3
2024-11-07 15:30:00,3.745,3.771,3.731,3.771,7820.1
2024-11-07 16:00:00,3.771,3.78,3.737,3.743,24528.4
2024-11-07 16:30:00,3.743,3.783,3.743,3.769,11231.2
2024-11-07 17:00:00,3.769,3.774,3.747,3.771,11321.0
2024-11-07 17:30:00,3.771,3.772,3.754,3.756,13801.7
2024-11-07 18:00:00,3.756,3.759,3.723,3.756,37741.2
2024-11-07 18:30:00,3.756,3.765,3.747,3.754,6930.6
2024-11-07 19:00:00,3.754,3.768,3.73,3.749,37980.4
2024-11-07 19:30:00,3.749,3.763,3.732,3.762,11608.3
2024-11-07 20:00:00,3.762,3.779,3.757,3.763,37617.8
2024-11-07 20:30:00,3.763,3.791,3.763,3.786,8364.8
2024-11-07 21:00:00,3.786,3.799,3.779,3.796,21986.6
2024-11-07 21:30:00,3.796,3.798,3.782,3.787,7982.8
2024-11-07 22:00:00,3.787,3.796,3.746,3.765,49871.6
2024-11-07 22:30:00,3.765,3.78,3.755,3.765,7123.8
2024-11-07 23:00:00,3.765,3.778,3.741,3.751,3424.2
2024-11-07 23:30:00,3.751,3.782,3.747,3.771,5177.7
2024-11-08 00:00:00,3.771,3.823,3.77,3.809,21762.0
2024-11-08 00:30:00,3.809,3.812,3.783,3.783,11871.9
2024-11-08 01:00:00,3.783,3.799,3.775,3.776,12590.0
2024-11-08 01:30:00,3.776,3.776,3.732,3.749,31798.1
2024-11-08 02:00:00,3.749,3.751,3.707,3.712,17783.2
2024-11-08 02:30:00,3.712,3.724,3.697,3.702,6228.0
2024-11-08 03:00:00,3.702,3.72,3.684,3.706,21015.8
2024-11-08 03:30:00,3.706,3.721,3.705,3.714,16166.5
2024-11-08 04:00:00,3.714,3.725,3.708,3.724,3448.0
2024-11-08 04:30:00,3.724,3.732,3.712,3.717,3021.4
2024-11-08 05:00:00,3.717,3.736,3.714,3.729,5119.2
2024-11-08 05:30:00,3.729,3.734,3.722,3.725,34180.8
2024-11-08 06:00:00,3.725,3.739,3.707,3.738,6583.0
2024-11-08 06:30:00,3.738,3.74,3.718,3.726,17085.2
2024-11-08 07:00:00,3.726,3.729,3.701,3.728,12545.5
2024-11-08 07:30:00,3.728,3.738,3.712,3.715,7423.3
2024-11-08 08:00:00,3.715,3.717,3.69,3.706,16660.1
2024-11-08 08:30:00,3.706,3.711,3.695,3.702,94852.6
2024-11-08 09:00:00,3.702,3.727,3.699,3.727,85681.1
2024-11-08 09:30:00,3.727,3.732,3.711,3.72,7182.7
2024-11-08 10:00:00,3.72,3.72,3.704,3.715,9608.7
2024-11-08 10:30:00,3.715,3.726,3.7,3.721,3803.2
2024-11-08 11:00:00,3.721,3.727,3.715,3.717,10896.9
2024-11-08 11:30:00,3.717,3.721,3.71,3.719,9843.0
2024-11-08 12:00:00,3.719,3.733,3.719,3.725,49653.8
2024-11-08 12:30:00,3.725,3.777,3.725,3.774,39639.4
2024-11-08 13:00:00,3.774,3.774,3.749,3.755,8865.8
2024-11-08 13:30:00,3.755,3.776,3.746,3.775,28889.5
2024-11-08 14:00:00,3.775,3.898,3.765,3.891,235734.1
2024-11-08 14:30:00,3.891,3.969,3.81,3.826,444728.2
2024-11-08 15:00:00,3.826,3.891,3.805,3.874,97789.0
2024-11-08 15:30:00,3.874,3.91,3.853,3.887,104982.2
2024-11-08 16:00:00,3.887,3.918,3.881,3.892,57372.5
2024-11-08 16:30:00,3.892,3.893,3.82,3.827,108769.0
2024-11-08 17:00:00,3.827,3.84,3.765,3.785,209414.4
2024-11-08 17:30:00,3.785,3.86,3.785,3.858,94533.5
2024-11-08 18:00:00,3.858,3.884,3.849,3.869,10619.0
2024-11-08 18:30:00,3.869,3.898,3.859,3.88,41461.3
2024-11-08 19:00:00,3.88,3.914,3.873,3.913,75451.8
2024-11-08 19:30:00,3.913,3.926,3.894,3.911,17931.5
2024-11-08 20:00:00,3.911,3.928,3.873,3.875,152694.0
2024-11-08 20:30:00,3.875,3.891,3.863,3.878,10726.3
2024-11-08 21:00:00,3.878,3.892,3.833,3.841,41801.8
2024-11-08 21:30:00,3.841,3.877,3.839,3.865,11253.2
2024-11-08 22:00:00,3.865,3.919,3.865,3.918,26129.5
2024-11-08 22:30:00,3.918,3.923,3.889,3.889,13558.9
2024-11-08 23:00:00,3.889,3.932,3.883,3.93,92142.5
2024-11-08 23:30:00,3.93,3.931,3.899,3.916,30752.0
2024-11-09 00:00:00,3.916,3.916,3.899,3.9,23752.8
2024-11-09 00:30:00,3.9,3.9,3.873,3.874,37711.2
2024-11-09 01:00:00,3.874,3.882,3.842,3.842,23096.6
2024-11-09 01:30:00,3.842,3.853,3.831,3.831,50000.6
2024-11-09 02:00:00,3.831,3.834,3.806,3.82,31217.2
2024-11-09 02:30:00,3.82,3.831,3.807,3.827,4046.4
2024-11-09 03:00:00,3.827,3.837,3.794,3.801,12543.1
2024-11-09 03:30:00,3.801,3.808,3.788,3.799,11515.7
2024-11-09 04:00:00,3.799,3.821,3.798,3.817,8476.4
2024-11-09 04:30:00,3.817,3.828,3.813,3.827,5721.5
2024-11-09 05:00:00,3.827,3.84,3.817,3.834,47283.4
2024-11-09 05:30:00,3.834,3.9,3.826,3.9,20312.3
2024-11-09 06:00:00,3.9,3.914,3.889,3.904,22886.5
2024-11-09 06:30:00,3.904,3.906,3.873,3.894,18676.3
2024-11-09 07:00:00,3.894,3.894,3.867,3.871,49323.7
2024-11-09 07:30:00,3.871,3.9,3.861,3.898,7963.2
2024-11-09 08:00:00,3.898,3.925,3.88,3.922,11400.9
2024-11-09 08:30:00,3.922,3.928,3.901,3.913,12846.0
2024-11-09 09:00:00,3.913,3.931,3.897,3.899,16045.2
2024-11-09 09:30:00,3.899,3.908,3.885,3.901,32280.3
2024-11-09 10:00:00,3.901,3.913,3.886,3.887,18650.9
2024-11-09 10:30:00,3.887,3.905,3.876,3.895,6010.1
2024-11-09 11:00:00,3.895,3.931,3.888,3.918,70790.5
2024-11-09 11:30:00,3.918,3.982,3.915,3.961,81660.2
2024-11-09 12:00:00,3.961,3.963,3.909,3.928,32082.5
2024-11-09 12:30:00,3.928,3.93,3.886,3.89,21727.2
2024-11-09 13:00:00,3.89,3.914,3.89,3.913,46372.7
2024-11-09 13:30:00,3.913,3.92,3.893,3.897,56085.8
2024-11-09 14:00:00,3.897,3.904,3.869,3.88,27888.6
2024-11-09 14:30:00,3.88,3.88,3.842,3.875,95816.7
2024-11-09 15:00:00,3.875,3.875,3.856,3.873,11143.2
2024-11-09 15:30:00,3.873,3.889,3.864,3.878,11973.3
2024-11-09 16:00:00,3.878,3.881,3.846,3.858,10015.8
2024-11-09 16:30:00,3.858,3.878,3.853,3.864,10423.8
2024-11-09 17:00:00,3.864,3.867,3.812,3.85,30417.5
2024-11-09 17:30:00,3.85,3.86,3.838,3.857,13507.8
2024-11-09 18:00:00,3.857,3.866,3.845,3.862,10993.3
2024-11-09 18:30:00,3.862,3.874,3.857,3.871,21764.7
2024-11-09 19:00:00,3.871,3.893,3.86,3.885,13225.0
2024-11-09 19:30:00,3.885,3.885,3.862,3.877,17499.8
2024-11-09 20:00:00,3.877,3.907,3.87,3.907,5777.7
2024-11-09 20:30:00,3.907,3.918,3.903,3.918,26972.4
2024-11-09 21:00:00,3.918,3.935,3.907,3.935,14476.8
2024-11-09 21:30:00,3.935,3.95,3.924,3.932,6751.1
2024-11-09 22:00:00,3.932,3.95,3.919,3.948,47901.8
2024-11-09 22:30:00,3.948,3.98,3.948,3.978,25786.1
2024-11-09 23:00:00,3.978,4.045,3.973,4.035,68412.1
2024-11-09 23:30:00,4.035,4.078,4.027,4.054,81996.0
2024-11-10 00:00:00,4.054,4.062,4.012,4.019,47621.4
2024-11-10 00:30:00,4.019,4.041,3.998,4.017,17767.2
2024-11-10 01:00:00,4.017,4.05,4.001,4.045,33174.4
2024-11-10 01:30:00,4.045,4.051,4.029,4.048,21717.6
2024-11-10 02:00:00,4.048,4.081,4.046,4.065,19476.6
2024-11-10 02:30:00,4.065,4.089,4.05,4.061,45203.4
2024-11-10 03:00:00,4.061,4.096,4.05,4.091,117078.5
2024-11-10 03:30:00,4.091,4.093,4.067,4.071,29658.8
2024-11-10 04:00:00,4.071,4.089,4.06,4.079,6576.1
2024-11-10 04:30:00,4.079,4.143,4.076,4.114,163445.2
2024-11-10 05:00:00,4.114,4.131,4.095,4.124,45827.6
2024-11-10 05:30:00,4.124,4.16,4.096,4.109,31986.3
2024-11-10 06:00:00,4.109,4.119,4.082,4.093,27608.4
2024-11-10 06:30:00,4.093,4.101,4.073,4.091,23387.7
2024-11-10 07:00:00,4.091,4.132,4.089,4.106,18218.6
2024-11-10 07:30:00,4.106,4.113,4.096,4.104,31090.5
2024-11-10 08:00:00,4.104,4.139,4.103,4.129,49508.7
2024-11-10 08:30:00,4.129,4.148,4.115,4.147,33197.6
2024-11-10 09:00:00,4.147,4.173,4.134,4.17,23137.0
2024-11-10 09:30:00,4.17,4.189,4.155,4.167,56377.5
2024-11-10 10:00:00,4.167,4.224,4.163,4.181,38093.8
2024-11-10 10:30:00,4.181,4.217,4.165,4.176,155779.2
2024-11-10 11:00:00,4.176,4.195,4.156,4.158,88620.5
2024-11-10 11:30:00,4.158,4.21,4.158,4.191,60111.4
2024-11-10 12:00:00,4.191,4.203,4.123,4.132,114131.4
2024-11-10 12:30:00,4.132,4.237,4.129,4.236,41195.5
2024-11-10 13:00:00,4.236,4.273,4.207,4.23,71482.0
2024-11-10 13:30:00,4.23,4.287,4.201,4.241,64411.1
2024-11-10 14:00:00,4.241,4.268,4.219,4.259,32071.7
2024-11-10 14:30:00,4.259,4.274,4.155,4.209,155533.7
2024-11-10 15:00:00,4.209,4.238,4.178,4.201,43654.2
2024-11-10 15:30:00,4.201,4.242,4.197,4.233,36647.4
2024-11-10 16:00:00,4.233,4.343,4.2,4.336,211372.1
2024-11-10 16:30:00,4.336,4.391,4.277,4.318,199189.8
2024-11-10 17:00:00,4.318,4.371,4.311,4.357,33512.8
2024-11-10 17:30:00,4.357,4.382,4.346,4.349,42011.7
2024-11-10 18:00:00,4.349,4.425,4.345,4.403,44477.2
2024-11-10 18:30:00,4.403,4.428,4.375,4.386,127298.2
2024-11-10 19:00:00,4.386,4.397,4.325,4.365,97385.9
2024-11-10 19:30:00,4.365,4.385,4.232,4.294,88088.1
2024-11-10 20:00:00,4.294,4.317,4.213,4.255,37518.2
2024-11-10 20:30:00,4.255,4.292,4.161,4.161,80198.4
2024-11-10 21:00:00,4.161,4.191,4.028,4.186,215886.7
2024-11-10 21:30:00,4.186,4.221,4.166,4.209,30657.0
2024-11-10 22:00:00,4.209,4.311,4.205,4.252,48250.1
2024-11-10 22:30:00,4.252,4.276,4.195,4.258,29011.7
2024-11-10 23:00:00,4.258,4.27,4.237,4.245,39606.9
2024-11-10 23:30:00,4.245,4.273,4.225,4.27,19289.7
2024-11-11 00:00:00,4.27,4.328,4.264,4.327,24003.9
2024-11-11 00:30:00,4.327,4.341,4.279,4.293,31530.5
2024-11-11 01:00:00,4.293,4.304,4.266,4.285,7406.5
2024-11-11 01:30:00,4.285,4.323,4.271,4.285,15135.2
2024-11-11 02:00:00,4.285,4.361,4.272,4.352,51984.3
2024-11-11 02:30:00,4.352,4.364,4.322,4.359,21261.6
2024-11-11 03:00:00,4.359,4.373,4.297,4.298,91915.6
2024-11-11 03:30:00,4.298,4.336,4.294,4.336,17296.6
2024-11-11 04:00:00,4.336,4.344,4.243,4.244,140927.3
2024-11-11 04:30:00,4.244,4.302,4.244,4.294,104797.7
2024-11-11 05:00:00,4.294,4.303,4.193,4.213,109939.7
2024-11-11 05:30:00,4.213,4.24,4.117,4.162,59740.8
2024-11-11 06:00:00,4.162,4.195,4.125,4.188,47806.1
2024-11-11 06:30:00,4.188,4.203,4.133,4.176,9829.5
2024-11-11 07:00:00,4.176,4.19,4.128,4.132,16541.3
2024-11-11 07:30:00,4.132,4.194,4.13,4.177,35121.3
2024-11-11 08:00:00,4.177,4.194,4.172,4.175,35258.2
2024-11-11 08:30:00,4.175,4.199,4.157,4.194,25798.2
2024-11-11 09:00:00,4.194,4.194,4.157,4.166,39958.4
2024-11-11 09:30:00,4.166,4.265,4.153,4.226,306786.9
2024-11-11 10:00:00,4.226,4.257,4.19,4.218,50904.7
2024-11-11 10:30:00,4.218,4.233,4.199,4.213,13553.6
2024-11-11 11:00:00,4.213,4.244,4.197,4.24,17686.6
2024-11-11 11:30:00,4.24,4.268,4.228,4.249,30483.9
2024-11-11 12:00:00,4.249,4.262,4.17,4.204,104774.6
2024-11-11 12:30:00,4.204,4.231,4.198,4.204,43909.8
2024-11-11 13:00:00,4.204,4.207,4.136,4.184,64647.9
2024-11-11 13:30:00,4.184,4.187,4.15,4.166,12066.7
2024-11-11 14:00:00,4.166,4.191,4.12,4.148,37432.5
2024-11-11 14:30:00,4.148,4.202,4.138,4.2,43227.0
2024-11-11 15:00:00,4.2,4.265,4.18,4.247,39826.5
2024-11-11 15:30:00,4.247,4.282,4.211,4.238,76309.3
2024-11-11 16:00:00,4.238,4.277,4.212,4.258,14627.1
2024-11-11 16:30:00,4.258,4.287,4.214,4.24,151872.0
2024-11-11 17:00:00,4.24,4.273,4.232,4.248,38682.5
2024-11-11 17:30:00,4.248,4.267,4.241,4.252,15858.6
2024-11-11 18:00:00,4.252,4.253,4.205,4.241,33599.2
2024-11-11 18:30:00,4.241,4.289,4.236,4.279,53962.5
2024-11-11 19:00:00,4.279,4.304,4.244,4.248,46217.1
2024-11-11 19:30:00,4.248,4.271,4.228,4.251,250662.7
2024-11-11 20:00:00,4.251,4.287,4.245,4.275,24863.7
2024-11-11 20:30:00,4.275,4.34,4.266,4.304,45916.6
2024-11-11 21:00:00,4.304,4.34,4.287,4.323,28437.4
2024-11-11 21:30:00,4.323,4.325,4.246,4.289,89894.8
2024-11-11 22:00:00,4.289,4.304,4.233,4.255,228795.1
2024-11-11 22:30:00,4.255,4.342,4.238,4.34,16765.9
2024-11-11 23:00:00,4.34,4.37,4.314,4.344,50498.2
2024-11-11 23:30:00,4.344,4.418,4.34,4.416,49200.6
2024-11-12 00:00:00,4.416,4.439,4.296,4.413,341827.0
2024-11-12 00:30:00,4.413,4.496,4.343,4.487,211185.8
2024-11-12 01:00:00,4.487,4.489,4.405,4.417,34961.6
2024-11-12 01:30:00,4.417,4.477,4.414,4.454,68296.3
2024-11-12 02:00:00,4.454,4.525,4.443,4.495,64652.5
2024-11-12 02:30:00,4.495,4.499,4.417,4.474,25581.0
2024-11-12 03:00:00,4.474,4.481,4.426,4.479,23475.5
2024-11-12 03:30:00,4.479,4.511,4.463,4.5,10998.9
2024-11-12 04:00:00,4.5,4.506,4.419,4.443,115798.1
2024-11-12 04:30:00,4.443,4.456,4.41,4.421,82809.2
2024-11-12 05:00:00,4.421,4.485,4.393,4.449,67684.8
2024-11-12 05:30:00,4.449,4.477,4.404,4.461,55173.1
2024-11-12 06:00:00,4.461,4.51,4.452,4.485,50489.8
2024-11-12 06:30:00,4.485,4.571,4.461,4.516,113777.6
2024-11-12 07:00:00,4.516,4.536,4.501,4.516,20552.2
2024-11-12 07:30:00,4.516,4.544,4.498,4.508,125652.5
2024-11-12 08:00:00,4.508,4.54,4.507,4.525,25990.0
2024-11-12 08:30:00,4.525,4.61,4.525,4.605,75407.9
2024-11-12 09:00:00,4.605,4.659,4.526,4.557,115412.7
2024-11-12 09:30:00,4.557,4.565,4.406,4.406,186487.9
2024-11-12 10:00:00,4.406,4.457,4.285,4.365,107272.2
2024-11-12 10:30:00,4.365,4.39,4.112,4.279,326834.0
2024-11-12 11:00:00,4.279,4.317,4.235,4.309,58678.9
2024-11-12 11:30:00,4.309,4.336,4.245,4.28,37348.8
2024-11-12 12:00:00,4.28,4.337,4.25,4.275,59831.4
2024-11-12 12:30:00,4.275,4.301,4.184,4.24,49127.0
2024-11-12 13:00:00,4.24,4.278,4.175,4.266,47118.4
2024-11-12 13:30:00,4.266,4.281,4.135,4.242,88177.2
2024-11-12 14:00:00,4.242,4.267,4.188,4.225,41712.3
2024-11-12 14:30:00,4.225,4.298,4.173,4.293,36312.7
2024-11-12 15:00:00,4.293,4.294,4.222,4.232,31344.2
2024-11-12 15:30:00,4.232,4.273,4.184,4.195,24409.2
2024-11-12 16:00:00,4.195,4.221,4.1,4.157,235770.4
2024-11-12 16:30:00,4.157,4.208,4.149,4.178,34844.9
2024-11-12 17:00:00,4.178,4.21,4.172,4.201,9362.7
2024-11-12 17:30:00,4.201,4.245,4.179,4.183,11632.0
2024-11-12 18:00:00,4.183,4.249,4.173,4.248,43782.1
2024-11-12 18:30:00,4.248,4.269,4.237,4.258,19638.6
2024-11-12 19:00:00,4.258,4.28,4.248,4.263,13587.8
2024-11-12 19:30:00,4.263,4.281,4.235,4.239,36724.2
2024-11-12 20:00:00,4.239,4.255,4.217,4.244,68577.2
2024-11-12 20:30:00,4.244,4.265,4.215,4.217,9974.2
2024-11-12 21:00:00,4.217,4.239,4.18,4.21,16927.0
2024-11-12 21:30:00,4.21,4.249,4.208,4.244,4507.2
2024-11-12 22:00:00,4.244,4.263,4.213,4.251,10368.9
2024-11-12 22:30:00,4.251,4.333,4.251,4.323,34917.1
2024-11-12 23:00:00,4.323,4.328,4.242,4.274,40939.0
2024-11-12 23:30:00,4.274,4.286,4.22,4.226,17788.0
2024-11-13 00:00:00,4.226,4.276,4.218,4.271,38447.5
2024-11-13 00:30:00,4.271,4.3,4.229,4.233,18043.2
2024-11-13 01:00:00,4.233,4.261,4.146,4.177,38471.4
2024-11-13 01:30:00,4.177,4.214,4.141,4.201,30263.3
2024-11-13 02:00:00,4.201,4.214,4.083,4.128,54974.3
2024-11-13 02:30:00,4.128,4.147,4.066,4.143,37691.0
2024-11-13 03:00:00,4.143,4.155,4.044,4.049,35814.6
2024-11-13 03:30:00,4.049,4.084,4.011,4.018,65568.4
2024-11-13 04:00:00,4.018,4.073,4.011,4.013,59683.8
2024-11-13 04:30:00,4.013,4.023,3.865,3.955,272049.3
2024-11-13 05:00:00,3.955,3.985,3.904,3.967,43262.8
2024-11-13 05:30:00,3.967,3.975,3.901,3.912,18317.1
2024-11-13 06:00:00,3.912,4.011,3.898,3.914,316290.7
2024-11-13 06:30:00,3.914,3.939,3.856,3.909,72838.2
2024-11-13 07:00:00,3.909,3.976,3.901,3.955,31412.8
2024-11-13 07:30:00,3.955,3.973,3.922,3.967,20180.4
2024-11-13 08:00:00,3.967,3.979,3.931,3.976,55013.2
2024-11-13 08:30:00,3.976,3.994,3.932,3.945,35430.9
2024-11-13 09:00:00,3.945,3.965,3.919,3.947,13045.0
2024-11-13 09:30:00,3.947,3.963,3.915,3.938,36734.7
2024-11-13 10:00:00,3.938,3.946,3.914,3.944,10426.6
2024-11-13 10:30:00,3.944,3.987,3.928,3.981,13861.1
2024-11-13 11:00:00,3.981,4.006,3.964,3.977,61784.3
2024-11-13 11:30:00,3.977,3.977,3.958,3.966,43541.6
2024-11-13 12:00:00,3.966,3.989,3.94,3.941,91678.0
2024-11-13 12:30:00,3.941,3.981,3.918,3.969,88265.9
2024-11-13 13:00:00,3.969,4.012,3.941,3.999,28881.1
2024-11-13 13:30:00,3.999,4.076,3.985,4.051,183705.2
2024-11-13 14:00:00,4.051,4.13,4.013,4.101,87155.2
2024-11-13 14:30:00,4.101,4.241,4.088,4.224,179755.5
2024-11-13 15:00:00,4.224,4.224,4.132,4.207,61957.6
2024-11-13 15:30:00,4.207,4.215,4.151,4.196,30047.3
2024-11-13 16:00:00,4.196,4.22,4.166,4.199,16351.0
2024-11-13 16:30:00,4.199,4.224,4.155,4.189,78276.5
2024-11-13 17:00:00,4.189,4.272,4.189,4.22,61103.5
2024-11-13 17:30:00,4.22,4.25,4.205,4.237,14779.3
2024-11-13 18:00:00,4.237,4.266,4.219,4.253,16680.3
2024-11-13 18:30:00,4.253,4.258,4.192,4.22,32103.5
2024-11-13 19:00:00,4.22,4.232,4.041,4.101,175057.0
2024-11-13 19:30:00,4.101,4.104,4.022,4.047,98449.5
2024-11-13 20:00:00,4.047,4.077,3.965,4.067,130324.7
2024-11-13 20:30:00,4.067,4.102,4.029,4.041,127247.7
2024-11-13 21:00:00,4.041,4.042,3.932,3.999,121864.4
2024-11-13 21:30:00,3.999,4.043,3.997,4.008,41965.3
2024-11-13 22:00:00,4.008,4.076,3.993,4.071,15905.5
2024-11-13 22:30:00,4.071,4.087,4.043,4.051,27607.8
2024-11-13 23:00:00,4.051,4.071,4.017,4.071,14528.2
2024-11-13 23:30:00,4.071,4.088,4.063,4.08,11697.1
2024-11-14 00:00:00,4.08,4.1,4.068,4.093,11885.6
2024-11-14 00:30:00,4.093,4.102,4.012,4.019,18917.2
2024-11-14 01:00:00,4.019,4.065,4.008,4.014,8704.6
2024-11-14 01:30:00,4.014,4.084,4.002,4.077,6454.3
2024-11-14 02:00:00,4.077,4.099,4.04,4.05,6835.4
2024-11-14 02:30:00,4.05,4.077,4.041,4.07,41344.4
2024-11-14 03:00:00,4.07,4.076,3.997,4.033,23406.7
2024-11-14 03:30:00,4.033,4.094,4.025,4.093,14126.8
2024-11-14 04:00:00,4.093,4.093,4.067,4.069,28190.1
2024-11-14 04:30:00,4.069,4.144,4.061,4.144,50588.8
2024-11-14 05:00:00,4.144,4.148,4.111,4.127,10358.9
2024-11-14 05:30:00,4.127,4.149,4.116,4.144,33440.6
2024-11-14 06:00:00,4.144,4.218,4.137,4.187,89362.8
2024-11-14 06:30:00,4.187,4.187,4.065,4.072,44748.4
2024-11-14 07:00:00,4.072,4.095,4.043,4.086,27812.3
2024-11-14 07:30:00,4.086,4.133,4.062,4.119,56770.5
2024-11-14 08:00:00,4.119,4.137,4.098,4.118,21070.1
2024-11-14 08:30:00,4.118,4.126,4.084,4.105,12345.1
2024-11-14 09:00:00,4.105,4.14,4.096,4.12,35773.4
2024-11-14 09:30:00,4.12,4.13,4.085,4.122,29527.6
2024-11-14 10:00:00,4.122,4.133,4.103,4.103,7687.3
2024-11-14 10:30:00,4.103,4.115,4.034,4.039,69630.4
2024-11-14 11:00:00,4.039,4.05,3.967,4.034,123544.0
2024-11-14 11:30:00,4.034,4.042,3.987,4.035,35404.9
2024-11-14 12:00:00,4.035,4.035,3.998,4.024,8211.2
2024-11-14 12:30:00,4.024,4.035,4.004,4.027,6453.0
2024-11-14 13:00:00,4.027,4.053,4.023,4.032,19841.3
2024-11-14 13:30:00,4.032,4.047,3.972,3.988,63014.2
2024-11-14 14:00:00,3.988,4.029,3.982,4.027,12493.6
2024-11-14 14:30:00,4.027,4.039,3.886,3.904,81246.0
2024-11-14 15:00:00,3.904,3.952,3.85,3.9,328403.1
2024-11-14 15:30:00,3.9,3.902,3.847,3.886,33201.2
2024-11-14 16:00:00,3.886,3.919,3.856,3.914,46374.6
2024-11-14 16:30:00,3.914,3.969,3.912,3.957,33990.0
2024-11-14 17:00:00,3.957,3.961,3.918,3.92,22204.5
2024-11-14 17:30:00,3.92,3.952,3.919,3.943,15655.6
2024-11-14 18:00:00,3.943,3.96,3.936,3.947,12982.6
2024-11-14 18:30:00,3.947,3.962,3.921,3.934,9910.5
2024-11-14 19:00:00,3.934,3.961,3.932,3.954,5867.6
2024-11-14 19:30:00,3.954,3.962,3.931,3.958,10963.7
2024-11-14 20:00:00,3.958,3.958,3.902,3.942,7645.7
2024-11-14 20:30:00,3.942,3.945,3.908,3.917,45730.5
2024-11-14 21:00:00,3.917,3.953,3.907,3.949,40814.6
2024-11-14 21:30:00,3.949,3.979,3.93,3.977,55325.7
2024-11-14 22:00:00,3.977,3.984,3.943,3.95,16226.7
2024-11-14 22:30:00,3.95,3.959,3.889,3.915,34578.8
2024-11-14 23:00:00,3.915,3.932,3.838,3.884,28125.6
2024-11-14 23:30:00,3.884,3.884,3.802,3.86,126143.6
2024-11-15 00:00:00,3.86,3.914,3.854,3.895,31992.3
2024-11-15 00:30:00,3.895,3.926,3.852,3.855,13205.3
2024-11-15 01:00:00,3.855,3.892,3.815,3.835,16561.7
2024-11-15 01:30:00,3.835,3.903,3.829,3.89,6275.1
2024-11-15 02:00:00,3.89,3.895,3.841,3.866,4614.7
2024-11-15 02:30:00,3.866,3.91,3.866,3.906,12639.1
2024-11-15 03:00:00,3.906,3.909,3.873,3.887,10740.3
2024-11-15 03:30:00,3.887,3.903,3.88,3.891,3225.7
2024-11-15 04:00:00,3.891,3.894,3.832,3.85,13166.8
2024-11-15 04:30:00,3.85,3.85,3.785,3.821,32864.1
2024-11-15 05:00:00,3.821,3.859,3.8,3.859,10138.9
2024-11-15 05:30:00,3.859,3.887,3.852,3.885,17279.4
2024-11-15 06:00:00,3.885,3.934,3.883,3.923,28709.2
2024-11-15 06:30:00,3.923,3.929,3.884,3.918,8720.5
2024-11-15 07:00:00,3.918,3.926,3.905,3.911,38010.4
2024-11-15 07:30:00,3.911,3.92,3.885,3.889,5419.3
2024-11-15 08:00:00,3.889,3.897,3.847,3.89,17949.9
2024-11-15 08:30:00,3.89,3.934,3.89,3.932,12216.3
2024-11-15 09:00:00,3.932,3.974,3.922,3.965,21018.0
2024-11-15 09:30:00,3.965,3.973,3.942,3.959,7395.3
2024-11-15 10:00:00,3.959,3.968,3.945,3.963,18149.8
2024-11-15 10:30:00,3.963,3.963,3.947,3.952,9994.5
2024-11-15 11:00:00,3.952,3.98,3.945,3.98,8548.0
2024-11-15 11:30:00,3.98,3.994,3.97,3.993,13504.5
2024-11-15 12:00:00,3.993,4.022,3.981,3.99,24962.1
2024-11-15 12:30:00,3.99,4.003,3.965,4.002,25710.1
2024-11-15 13:00:00,4.002,4.043,3.995,4.03,86438.8
2024-11-15 13:30:00,4.03,4.081,4.007,4.077,191693.5
2024-11-15 14:00:00,4.077,4.148,4.043,4.056,119645.8
2024-11-15 14:30:00,4.056,4.118,4.015,4.083,172513.6
2024-11-15 15:00:00,4.083,4.083,3.968,4.013,187565.4
2024-11-15 15:30:00,4.013,4.016,3.943,3.997,32522.4
2024-11-15 16:00:00,3.997,4.093,3.973,4.077,61262.8
2024-11-15 16:30:00,4.077,4.084,4.001,4.05,42438.3
2024-11-15 17:00:00,4.05,4.104,4.044,4.104,63473.4
2024-11-15 17:30:00,4.104,4.248,4.103,4.138,167676.4
2024-11-15 18:00:00,4.138,4.224,4.117,4.177,124880.5
2024-11-15 18:30:00,4.177,4.195,4.141,4.178,20597.7
2024-11-15 19:00:00,4.178,4.216,4.177,4.214,14221.3
2024-11-15 19:30:00,4.214,4.242,4.183,4.216,47757.2
2024-11-15 20:00:00,4.216,4.253,4.209,4.247,21457.9
2024-11-15 20:30:00,4.247,4.26,4.224,4.238,50654.7
2024-11-15 21:00:00,4.238,4.248,4.205,4.208,21408.0
2024-11-15 21:30:00,4.208,4.227,4.193,4.197,12672.6
2024-11-15 22:00:00,4.197,4.217,4.186,4.206,14233.8
2024-11-15 22:30:00,4.206,4.215,4.188,4.204,72437.1
2024-11-15 23:00:00,4.204,4.227,4.201,4.213,86884.4
2024-11-15 23:30:00,4.213,4.234,4.19,4.207,196299.8
2024-11-16 00:00:00,4.207,4.215,4.169,4.186,61744.8
2024-11-16 00:30:00,4.186,4.21,4.159,4.168,27599.2
2024-11-16 01:00:00,4.168,4.191,4.155,4.189,5725.3
2024-11-16 01:30:00,4.189,4.219,4.185,4.191,11492.6
2024-11-16 02:00:00,4.191,4.199,4.179,4.183,5880.6
2024-11-16 02:30:00,4.183,4.2,4.177,4.182,27987.6
2024-11-16 03:00:00,4.182,4.203,4.175,4.198,29853.1
2024-11-16 03:30:00,4.198,4.206,4.176,4.197,20636.6
2024-11-16 04:00:00,4.197,4.201,4.178,4.186,14327.5
2024-11-16 04:30:00,4.186,4.19,4.163,4.173,35032.5
2024-11-16 05:00:00,4.173,4.23,4.17,4.205,49839.8
2024-11-16 05:30:00,4.205,4.238,4.201,4.222,17381.8
2024-11-16 06:00:00,4.222,4.226,4.174,4.195,29298.6
2024-11-16 06:30:00,4.195,4.196,4.158,4.175,27894.4
2024-11-16 07:00:00,4.175,4.2,4.171,4.188,18397.7
2024-11-16 07:30:00,4.188,4.204,4.179,4.199,31512.3
2024-11-16 08:00:00,4.199,4.289,4.199,4.256,41686.1
2024-11-16 08:30:00,4.256,4.279,4.232,4.272,32280.8
2024-11-16 09:00:00,4.272,4.288,4.235,4.244,56110.7
2024-11-16 09:30:00,4.244,4.324,4.241,4.317,63014.0
2024-11-16 10:00:00,4.317,4.349,4.279,4.344,45356.6
2024-11-16 10:30:00,4.344,4.367,4.335,4.336,49656.2
2024-11-16 11:00:00,4.336,4.445,4.33,4.428,43354.2
2024-11-16 11:30:00,4.428,4.511,4.398,4.486,126692.3
2024-11-16 12:00:00,4.486,4.52,4.367,4.41,98189.8
2024-11-16 12:30:00,4.41,4.445,4.38,4.428,39091.8
2024-11-16 13:00:00,4.428,4.443,4.41,4.42,43834.5
2024-11-16 13:30:00,4.42,4.429,4.381,4.426,52092.1
2024-11-16 14:00:00,4.426,4.467,4.413,4.464,57479.0
2024-11-16 14:30:00,4.464,4.568,4.446,4.558,72789.3
2024-11-16 15:00:00,4.558,4.565,4.47,4.475,134670.8
2024-11-16 15:30:00,4.475,4.558,4.431,4.524,80905.2
2024-11-16 16:00:00,4.524,4.6,4.481,4.561,179322.6
2024-11-16 16:30:00,4.561,4.633,4.551,4.579,65056.7
2024-11-16 17:00:00,4.579,4.612,4.529,4.547,21247.1
2024-11-16 17:30:00,4.547,4.564,4.514,4.532,33805.5
2024-11-16 18:00:00,4.532,4.804,4.532,4.73,153400.1
2024-11-16 18:30:00,4.73,4.731,4.639,4.639,39983.7
2024-11-16 19:00:00,4.639,4.643,4.593,4.612,48010.9
2024-11-16 19:30:00,4.612,4.684,4.601,4.666,30796.1
2024-11-16 20:00:00,4.666,4.694,4.618,4.625,13270.6
2024-11-16 20:30:00,4.625,4.788,4.625,4.726,45710.3
2024-11-16 21:00:00,4.726,4.768,4.707,4.747,143866.5
2024-11-16 21:30:00,4.747,4.805,4.736,4.795,36260.8
2024-11-16 22:00:00,4.795,4.827,4.746,4.759,70763.3
2024-11-16 22:30:00,4.759,4.82,4.743,4.771,35820.7
2024-11-16 23:00:00,4.771,4.821,4.713,4.73,51246.5
2024-11-16 23:30:00,4.73,4.773,4.72,4.748,33006.9
2024-11-17 00:00:00,4.748,4.805,4.715,4.753,31678.4
2024-11-17 00:30:00,4.753,4.884,4.746,4.825,38753.7
2024-11-17 01:00:00,4.825,4.832,4.756,4.782,45278.9
2024-11-17 01:30:00,4.782,4.782,4.573,4.615,143017.4
2024-11-17 02:00:00,4.615,4.617,4.486,4.541,121949.7
2024-11-17 02:30:00,4.541,4.59,4.518,4.535,108666.0
2024-11-17 03:00:00,4.535,4.579,4.51,4.549,40700.5
2024-11-17 03:30:00,4.549,4.617,4.548,4.605,41579.2
2024-11-17 04:00:00,4.605,4.627,4.53,4.581,34648.3
2024-11-17 04:30:00,4.581,4.608,4.546,4.597,49627.1
2024-11-17 05:00:00,4.597,4.597,4.524,4.539,17406.6
2024-11-17 05:30:00,4.539,4.543,4.471,4.487,31214.1
2024-11-17 06:00:00,4.487,4.535,4.48,4.526,19165.3
2024-11-17 06:30:00,4.526,4.614,4.525,4.595,13026.6
2024-11-17 07:00:00,4.595,4.631,4.562,4.606,45099.6
2024-11-17 07:30:00,4.606,4.622,4.567,4.576,18171.3
2024-11-17 08:00:00,4.576,4.661,4.539,4.617,47987.3
2024-11-17 08:30:00,4.617,4.622,4.58,4.588,43632.2
2024-11-17 09:00:00,4.588,4.622,4.583,4.583,76115.5
2024-11-17 09:30:00,4.583,4.635,4.567,4.582,72471.6
2024-11-17 10:00:00,4.582,4.588,4.547,4.582,122100.9
2024-11-17 10:30:00,4.582,4.583,4.53,4.549,148460.1
2024-11-17 11:00:00,4.549,4.552,4.441,4.496,86524.6
2024-11-17 11:30:00,4.496,4.496,4.438,4.438,51776.5
2024-11-17 12:00:00,4.438,4.479,4.429,4.471,38108.5
2024-11-17 12:30:00,4.471,4.503,4.463,4.494,22506.1
2024-11-17 13:00:00,4.494,4.494,4.438,4.467,44718.5
2024-11-17 13:30:00,4.467,4.479,4.423,4.472,24555.1
2024-11-17 14:00:00,4.472,4.496,4.442,4.447,25971.9
2024-11-17 14:30:00,4.447,4.48,4.43,4.456,32468.4
2024-11-17 15:00:00,4.456,4.461,4.411,4.426,36551.3
2024-11-17 15:30:00,4.426,4.431,4.371,4.402,62829.0
2024-11-17 16:00:00,4.402,4.445,4.386,4.421,25676.6
2024-11-17 16:30:00,4.421,4.458,4.419,4.449,15977.8
2024-11-17 17:00:00,4.449,4.458,4.417,4.453,26007.3
2024-11-17 17:30:00,4.453,4.47,4.445,4.455,7485.6
2024-11-17 18:00:00,4.455,4.455,4.384,4.398,50462.8
2024-11-17 18:30:00,4.398,4.41,4.356,4.361,51735.5
2024-11-17 19:00:00,4.361,4.383,4.335,4.359,82425.1
2024-11-17 19:30:00,4.359,4.389,4.352,4.367,91053.0
2024-11-17 20:00:00,4.367,4.389,4.31,4.325,62344.1
2024-11-17 20:30:00,4.325,4.367,4.318,4.35,38278.4
2024-11-17 21:00:00,4.35,4.358,4.312,4.344,82944.7
2024-11-17 21:30:00,4.344,4.347,4.28,4.282,70306.7
2024-11-17 22:00:00,4.282,4.348,4.254,4.328,108563.5
2024-11-17 22:30:00,4.328,4.337,4.301,4.323,38797.7
2024-11-17 23:00:00,4.323,4.328,4.284,4.319,29755.5
2024-11-17 23:30:00,4.319,4.348,4.31,4.344,26373.1
2024-11-18 00:00:00,4.344,4.359,4.32,4.357,13044.1
2024-11-18 00:30:00,4.357,4.418,4.357,4.399,26011.3
2024-11-18 01:00:00,4.399,4.45,4.391,4.423,17613.2
2024-11-18 01:30:00,4.423,4.5,4.423,4.496,97944.0
2024-11-18 02:00:00,4.496,4.51,4.468,4.492,39847.2
2024-11-18 02:30:00,4.492,4.583,4.492,4.56,103494.6
2024-11-18 03:00:00,4.56,4.567,4.511,4.518,78444.9
2024-11-18 03:30:00,4.518,4.583,4.511,4.568,41697.4
2024-11-18 04:00:00,4.568,4.595,4.549,4.571,29680.3
2024-11-18 04:30:00,4.571,4.581,4.539,4.551,18818.8
2024-11-18 05:00:00,4.551,4.599,4.551,4.592,14587.2
2024-11-18 05:30:00,4.592,4.638,4.563,4.635,45907.2
2024-11-18 06:00:00,4.635,4.656,4.591,4.603,83389.6
2024-11-18 06:30:00,4.603,4.616,4.576,4.597,39005.2
2024-11-18 07:00:00,4.597,4.611,4.556,4.585,32772.6
2024-11-18 07:30:00,4.585,4.613,4.569,4.613,20663.2
2024-11-18 08:00:00,4.613,4.624,4.59,4.603,69439.9
2024-11-18 08:30:00,4.603,4.607,4.557,4.571,31379.6
2024-11-18 09:00:00,4.571,4.625,4.566,4.6,30554.0
2024-11-18 09:30:00,4.6,4.607,4.547,4.559,179870.1
2024-11-18 10:00:00,4.559,4.599,4.548,4.564,63307.4
2024-11-18 10:30:00,4.564,4.576,4.554,4.57,14028.8
2024-11-18 11:00:00,4.57,4.572,4.5,4.521,62574.4
2024-11-18 11:30:00,4.521,4.521,4.41,4.436,150649.6
2024-11-18 12:00:00,4.436,4.459,4.384,4.452,98451.0
2024-11-18 12:30:00,4.452,4.476,4.452,4.458,62145.5
2024-11-18 13:00:00,4.458,4.469,4.344,4.354,83485.5
2024-11-18 13:30:00,4.354,4.389,4.334,4.344,24026.5
2024-11-18 14:00:00,4.344,4.437,4.327,4.418,97012.5
2024-11-18 14:30:00,4.418,4.43,4.356,4.381,124155.0
2024-11-18 15:00:00,4.381,4.442,4.372,4.427,50795.4
2024-11-18 15:30:00,4.427,4.508,4.427,4.492,56110.3
2024-11-18 16:00:00,4.492,4.556,4.464,4.556,35880.9
2024-11-18 16:30:00,4.556,4.575,4.476,4.512,47872.3
2024-11-18 17:00:00,4.512,4.539,4.475,4.53,18547.5
2024-11-18 17:30:00,4.53,4.541,4.475,4.519,11626.0
2024-11-18 18:00:00,4.519,4.529,4.491,4.512,13567.4
2024-11-18 18:30:00,4.512,4.516,4.433,4.455,21535.3
2024-11-18 19:00:00,4.455,4.473,4.349,4.385,35903.2
2024-11-18 19:30:00,4.385,4.451,4.365,4.428,18651.1
2024-11-18 20:00:00,4.428,4.49,4.392,4.467,18072.3
2024-11-18 20:30:00,4.467,4.473,4.411,4.429,14438.6
2024-11-18 21:00:00,4.429,4.518,4.425,4.498,38842.3
2024-11-18 21:30:00,4.498,4.518,4.476,4.485,11564.1
2024-11-18 22:00:00,4.485,4.549,4.485,4.549,15869.0
2024-11-18 22:30:00,4.549,4.562,4.515,4.518,36495.9
2024-11-18 23:00:00,4.518,4.54,4.457,4.467,13280.5
2024-11-18 23:30:00,4.467,4.541,4.465,4.541,19318.0
2024-11-19 00:00:00,4.541,4.554,4.492,4.533,23293.7
2024-11-19 00:30:00,4.533,4.566,4.509,4.545,14974.5
2024-11-19 01:00:00,4.545,4.589,4.529,4.572,45210.9
2024-11-19 01:30:00,4.572,4.572,4.516,4.52,29705.5
2024-11-19 02:00:00,4.52,4.539,4.51,4.534,7062.5
2024-11-19 02:30:00,4.534,4.534,4.493,4.516,11424.7
2024-11-19 03:00:00,4.516,4.523,4.502,4.515,9849.0
2024-11-19 03:30:00,4.515,4.559,4.508,4.533,10262.0
2024-11-19 04:00:00,4.533,4.544,4.46,4.461,23302.9
2024-11-19 04:30:00,4.461,4.493,4.427,4.448,26526.9
2024-11-19 05:00:00,4.448,4.493,4.431,4.48,21033.1
2024-11-19 05:30:00,4.48,4.518,4.458,4.504,8780.1
2024-11-19 06:00:00,4.504,4.524,4.493,4.509,19238.2
2024-11-19 06:30:00,4.509,4.515,4.465,4.498,12495.6
2024-11-19 07:00:00,4.498,4.53,4.48,4.5,96961.0
2024-11-19 07:30:00,4.5,4.505,4.465,4.466,22512.2
2024-11-19 08:00:00,4.466,4.472,4.411,4.421,167996.9
2024-11-19 08:30:00,4.421,4.444,4.417,4.434,10237.2
2024-11-19 09:00:00,4.434,4.453,4.391,4.395,40320.2
2024-11-19 09:30:00,4.395,4.416,4.38,4.407,22807.9
2024-11-19 10:00:00,4.407,4.417,4.374,4.413,17600.0
2024-11-19 10:30:00,4.413,4.42,4.403,4.415,19199.6
2024-11-19 11:00:00,4.415,4.441,4.405,4.408,16126.1
2024-11-19 11:30:00,4.408,4.463,4.406,4.462,17991.0
2024-11-19 12:00:00,4.462,4.538,4.462,4.53,27379.9
2024-11-19 12:30:00,4.53,4.531,4.464,4.472,20655.9
2024-11-19 13:00:00,4.472,4.479,4.412,4.431,30933.8
2024-11-19 13:30:00,4.431,4.44,4.365,4.372,53997.0
2024-11-19 14:00:00,4.372,4.429,4.361,4.403,24349.3
2024-11-19 14:30:00,4.403,4.455,4.376,4.41,105655.4
2024-11-19 15:00:00,4.41,4.45,4.408,4.419,20225.7
2024-11-19 15:30:00,4.419,4.46,4.41,4.449,8273.5
2024-11-19 16:00:00,4.449,4.45,4.402,4.445,15992.5
2024-11-19 16:30:00,4.445,4.451,4.407,4.41,11445.4
2024-11-19 17:00:00,4.41,4.423,4.396,4.417,10065.0
2024-11-19 17:30:00,4.417,4.452,4.414,4.424,6138.9
2024-11-19 18:00:00,4.424,4.492,4.422,4.485,28626.4
2024-11-19 18:30:00,4.485,4.513,4.462,4.503,23600.4
2024-11-19 19:00:00,4.503,4.536,4.488,4.508,21326.5
2024-11-19 19:30:00,4.508,4.512,4.457,4.461,20569.7
2024-11-19 20:00:00,4.461,4.491,4.424,4.439,26171.3
2024-11-19 20:30:00,4.439,4.44,4.33,4.371,40976.2
2024-11-19 21:00:00,4.371,4.372,4.286,4.337,137966.2
2024-11-19 21:30:00,4.337,4.364,4.298,4.356,47231.4
2024-11-19 22:00:00,4.356,4.383,4.326,4.327,9491.9
2024-11-19 22:30:00,4.327,4.391,4.303,4.386,10149.0
2024-11-19 23:00:00,4.386,4.418,4.374,4.412,7715.8
2024-11-19 23:30:00,4.412,4.444,4.407,4.432,15556.9
2024-11-20 00:00:00,4.432,4.438,4.38,4.381,13478.6
2024-11-20 00:30:00,4.381,4.417,4.375,4.386,6465.1
2024-11-20 01:00:00,4.386,4.425,4.349,4.354,9719.5
2024-11-20 01:30:00,4.354,4.384,4.341,4.361,5798.0
2024-11-20 02:00:00,4.361,4.381,4.333,4.369,11053.4
2024-11-20 02:30:00,4.369,4.369,4.33,4.338,12734.4
2024-11-20 03:00:00,4.338,4.338,4.258,4.277,48289.1
2024-11-20 03:30:00,4.277,4.316,4.234,4.316,87339.9
2024-11-20 04:00:00,4.316,4.317,4.271,4.315,10604.5
2024-11-20 04:30:00,4.315,4.325,4.299,4.315,7302.1
2024-11-20 05:00:00,4.315,4.356,4.29,4.35,14968.9
2024-11-20 05:30:00,4.35,4.362,4.331,4.352,8191.5
2024-11-20 06:00:00,4.352,4.389,4.348,4.352,23017.9
2024-11-20 06:30:00,4.352,4.361,4.32,4.332,36386.0
2024-11-20 07:00:00,4.332,4.355,4.318,4.344,6997.6
2024-11-20 07:30:00,4.344,4.355,4.335,4.35,12813.9
2024-11-20 08:00:00,4.35,4.38,4.341,4.378,10204.9
2024-11-20 08:30:00,4.378,4.414,4.365,4.399,7152.4
2024-11-20 09:00:00,4.399,4.482,4.384,4.438,57767.9
2024-11-20 09:30:00,4.438,4.473,4.422,4.453,97501.4
2024-11-20 10:00:00,4.453,4.462,4.42,4.42,88289.2
2024-11-20 10:30:00,4.42,4.435,4.404,4.407,6333.3
2024-11-20 11:00:00,4.407,4.407,4.341,4.366,28355.5
2024-11-20 11:30:00,4.366,4.385,4.351,4.365,17748.2
2024-11-20 12:00:00,4.365,4.381,4.328,4.357,21662.4
2024-11-20 12:30:00,4.357,4.364,4.302,4.334,26902.1
2024-11-20 13:00:00,4.334,4.42,4.308,4.42,31771.6
2024-11-20 13:30:00,4.42,4.479,4.418,4.462,82614.1
2024-11-20 14:00:00,4.462,4.535,4.462,4.49,57054.6
2024-11-20 14:30:00,4.49,4.496,4.416,4.437,38555.0
2024-11-20 15:00:00,4.437,4.456,4.403,4.42,31825.9
2024-11-20 15:30:00,4.42,4.445,4.403,4.438,59248.0
2024-11-20 16:00:00,4.438,4.449,4.307,4.31,85473.7
2024-11-20 16:30:00,4.31,4.33,4.282,4.324,147886.3
2024-11-20 17:00:00,4.324,4.347,4.261,4.291,33951.3
2024-11-20 17:30:00,4.291,4.302,4.226,4.226,50266.8
2024-11-20 18:00:00,4.226,4.226,4.137,4.182,117824.5
2024-11-20 18:30:00,4.182,4.218,4.171,4.19,16039.1
2024-11-20 19:00:00,4.19,4.191,4.119,4.151,36418.8
2024-11-20 19:30:00,4.151,4.189,4.15,4.169,14221.9
2024-11-20 20:00:00,4.169,4.233,4.141,4.221,21524.2
2024-11-20 20:30:00,4.221,4.258,4.221,4.24,18799.6
2024-11-20 21:00:00,4.24,4.265,4.222,4.245,10819.4
2024-11-20 21:30:00,4.245,4.262,4.219,4.248,19277.8
2024-11-20 22:00:00,4.248,4.288,4.245,4.273,8583.1
2024-11-20 22:30:00,4.273,4.276,4.241,4.264,4452.0
2024-11-20 23:00:00,4.264,4.274,4.241,4.252,12118.1
2024-11-20 23:30:00,4.252,4.276,4.232,4.246,13387.2
2024-11-21 00:00:00,4.246,4.323,4.237,4.318,26874.8
2024-11-21 00:30:00,4.318,4.318,4.28,4.283,45542.6
2024-11-21 01:00:00,4.283,4.3,4.255,4.291,20548.0
2024-11-21 01:30:00,4.291,4.291,4.248,4.25,12213.4
2024-11-21 02:00:00,4.25,4.25,4.108,4.112,86176.2
2024-11-21 02:30:00,4.112,4.142,4.076,4.139,67482.8
2024-11-21 03:00:00,4.139,4.256,4.124,4.256,36355.4
2024-11-21 03:30:00,4.256,4.268,4.21,4.216,26063.9
2024-11-21 04:00:00,4.216,4.324,4.216,4.324,16429.8
2024-11-21 04:30:00,4.324,4.391,4.314,4.364,70922.9
2024-11-21 05:00:00,4.364,4.429,4.358,4.405,40822.6
2024-11-21 05:30:00,4.405,4.414,4.337,4.351,67124.6
2024-11-21 06:00:00,4.351,4.429,4.327,4.423,102110.9
2024-11-21 06:30:00,4.423,4.52,4.405,4.499,118770.8
2024-11-21 07:00:00,4.499,4.526,4.467,4.483,68579.4
2024-11-21 07:30:00,4.483,4.498,4.45,4.489,21089.8
2024-11-21 08:00:00,4.489,4.52,4.461,4.517,28155.7
2024-11-21 08:30:00,4.517,4.525,4.492,4.513,24609.4
2024-11-21 09:00:00,4.513,4.518,4.484,4.484,14424.1
2024-11-21 09:30:00,4.484,4.493,4.443,4.443,30079.8
2024-11-21 10:00:00,4.443,4.476,4.402,4.408,66710.9
2024-11-21 10:30:00,4.408,4.469,4.408,4.449,5919.6
2024-11-21 11:00:00,4.449,4.498,4.444,4.481,25025.1
2024-11-21 11:30:00,4.481,4.591,4.479,4.556,76174.6
2024-11-21 12:00:00,4.556,4.67,4.556,4.641,93287.6
2024-11-21 12:30:00,4.641,4.672,4.572,4.573,43485.6
2024-11-21 13:00:00,4.573,4.62,4.573,4.614,30816.1
2024-11-21 13:30:00,4.614,4.62,4.574,4.579,17187.2
2024-11-21 14:00:00,4.579,4.636,4.579,4.606,37101.2
2024-11-21 14:30:00,4.606,4.606,4.517,4.544,52961.3
2024-11-21 15:00:00,4.544,4.545,4.443,4.448,75545.8
2024-11-21 15:30:00,4.448,4.501,4.427,4.476,19307.9
2024-11-21 16:00:00,4.476,4.539,4.463,4.536,16247.4
2024-11-21 16:30:00,4.536,4.544,4.48,4.492,16918.1
2024-11-21 17:00:00,4.492,4.51,4.472,4.507,31649.3
2024-11-21 17:30:00,4.507,4.528,4.502,4.524,55648.5
2024-11-21 18:00:00,4.524,4.536,4.48,4.503,20366.5
2024-11-21 18:30:00,4.503,4.546,4.498,4.543,20578.4
2024-11-21 19:00:00,4.543,4.557,4.488,4.509,43077.3
2024-11-21 19:30:00,4.509,4.535,4.486,4.502,11068.0
2024-11-21 20:00:00,4.502,4.532,4.496,4.519,20248.2
2024-11-21 20:30:00,4.519,4.519,4.467,4.496,122675.0
2024-11-21 21:00:00,4.496,4.499,4.46,4.49,7168.4
2024-11-21 21:30:00,4.49,4.513,4.478,4.51,92085.0
2024-11-21 22:00:00,4.51,4.557,4.508,4.554,17412.8
2024-11-21 22:30:00,4.554,4.565,4.548,4.558,13308.3
2024-11-21 23:00:00,4.558,4.565,4.537,4.552,16189.5
2024-11-21 23:30:00,4.552,4.556,4.529,4.535,14005.1
2024-11-22 00:00:00,4.535,4.564,4.525,4.552,35325.5
2024-11-22 00:30:00,4.552,4.552,4.456,4.487,98486.4
2024-11-22 01:00:00,4.487,4.565,4.47,4.545,16203.9
2024-11-22 01:30:00,4.545,4.622,4.518,4.602,157946.5
2024-11-22 02:00:00,4.602,4.675,4.592,4.663,70186.0
2024-11-22 02:30:00,4.663,4.67,4.588,4.637,32428.9
2024-11-22 03:00:00,4.637,4.688,4.622,4.664,17039.0
2024-11-22 03:30:00,4.664,4.677,4.639,4.655,7019.0
2024-11-22 04:00:00,4.655,4.73,4.654,4.711,21746.3
2024-11-22 04:30:00,4.711,4.75,4.7,4.709,26569.6
2024-11-22 05:00:00,4.709,4.724,4.679,4.692,39961.5
2024-11-22 05:30:00,4.692,4.737,4.681,4.71,14310.4
2024-11-22 06:00:00,4.71,4.717,4.669,4.686,16472.8
2024-11-22 06:30:00,4.686,4.686,4.642,4.684,68311.3
2024-11-22 07:00:00,4.684,4.69,4.654,4.663,29468.6
2024-11-22 07:30:00,4.663,4.675,4.612,4.62,27187.8
2024-11-22 08:00:00,4.62,4.641,4.617,4.638,32793.2
2024-11-22 08:30:00,4.638,4.66,4.611,4.645,78895.1
2024-11-22 09:00:00,4.645,4.654,4.616,4.619,7704.0
2024-11-22 09:30:00,4.619,4.64,4.603,4.621,7604.7
2024-11-22 10:00:00,4.621,4.637,4.574,4.59,35238.9
2024-11-22 10:30:00,4.59,4.621,4.585,4.594,65581.9
2024-11-22 11:00:00,4.594,4.635,4.563,4.632,63442.7
2024-11-22 11:30:00,4.632,4.719,4.625,4.703,27181.3
2024-11-22 12:00:00,4.703,4.731,4.656,4.723,14992.8
2024-11-22 12:30:00,4.723,4.744,4.688,4.717,35675.4
2024-11-22 13:00:00,4.717,4.717,4.5,4.514,104169.6
2024-11-22 13:30:00,4.514,4.602,4.513,4.547,45143.8
2024-11-22 14:00:00,4.547,4.601,4.527,4.553,27870.2
2024-11-22 14:30:00,4.553,4.637,4.538,4.58,34008.7
2024-11-22 15:00:00,4.58,4.655,4.567,4.616,84327.8
2024-11-22 15:30:00,4.616,4.722,4.611,4.705,42852.4
2024-11-22 16:00:00,4.705,4.789,4.68,4.745,67545.4
2024-11-22 16:30:00,4.745,4.752,4.694,4.716,78087.7
2024-11-22 17:00:00,4.716,4.767,4.694,4.712,23630.4
2024-11-22 17:30:00,4.712,4.752,4.689,4.731,54743.6
2024-11-22 18:00:00,4.731,4.762,4.716,4.727,6593.1
2024-11-22 18:30:00,4.727,4.753,4.66,4.67,68032.6
2024-11-22 19:00:00,4.67,4.749,4.65,4.749,101043.8
2024-11-22 19:30:00,4.749,4.749,4.675,4.73,21576.3
2024-11-22 20:00:00,4.73,4.786,4.714,4.767,21444.9
2024-11-22 20:30:00,4.767,4.809,4.751,4.798,110651.5
2024-11-22 21:00:00,4.798,4.833,4.767,4.828,36155.1
2024-11-22 21:30:00,4.828,4.916,4.815,4.834,46191.6
2024-11-22 22:00:00,4.834,4.846,4.78,4.787,18378.3
2024-11-22 22:30:00,4.787,4.797,4.762,4.772,31647.9
2024-11-22 23:00:00,4.772,4.858,4.772,4.858,42556.3
2024-11-22 23:30:00,4.858,4.973,4.805,4.938,49390.1
2024-11-23 00:00:00,4.938,4.941,4.871,4.919,46410.1
2024-11-23 00:30:00,4.919,4.99,4.879,4.931,52509.7
2024-11-23 01:00:00,4.931,5.102,4.929,5.072,126182.8
2024-11-23 01:30:00,5.072,5.129,4.994,5.043,30032.2
2024-11-23 02:00:00,5.043,5.054,4.929,4.945,34474.6
2024-11-23 02:30:00,4.945,4.951,4.841,4.874,78514.9
2024-11-23 03:00:00,4.874,4.928,4.864,4.921,16485.9
2024-11-23 03:30:00,4.921,4.965,4.887,4.957,13970.7
2024-11-23 04:00:00,4.957,4.963,4.858,4.877,54177.5
2024-11-23 04:30:00,4.877,4.946,4.877,4.942,13347.0
2024-11-23 05:00:00,4.942,4.964,4.93,4.944,56470.1
2024-11-23 05:30:00,4.944,4.995,4.91,4.995,85141.7
2024-11-23 06:00:00,4.995,5.1,4.972,5.089,85528.2
2024-11-23 06:30:00,5.089,5.123,5.051,5.092,55884.8
2024-11-23 07:00:00,5.092,5.162,5.072,5.158,24574.4
2024-11-23 07:30:00,5.158,5.198,5.11,5.186,27776.6
2024-11-23 08:00:00,5.186,5.203,5.101,5.111,41298.6
2024-11-23 08:30:00,5.111,5.228,5.105,5.195,129781.6
2024-11-23 09:00:00,5.195,5.213,5.143,5.165,64758.9
2024-11-23 09:30:00,5.165,5.195,5.116,5.141,46174.9
2024-11-23 10:00:00,5.141,5.19,5.132,5.168,34261.4
2024-11-23 10:30:00,5.168,5.172,5.101,5.122,47529.5
2024-11-23 11:00:00,5.122,5.158,5.121,5.133,11337.7
2024-11-23 11:30:00,5.133,5.222,5.132,5.213,26840.7
2024-11-23 12:00:00,5.213,5.244,5.164,5.237,33550.3
2024-11-23 12:30:00,5.237,5.306,5.187,5.2,94602.3
2024-11-23 13:00:00,5.2,5.283,5.184,5.27,151984.5
2024-11-23 13:30:00,5.27,5.399,5.264,5.294,183150.9
2024-11-23 14:00:00,5.294,5.346,5.272,5.29,277428.6
2024-11-23 14:30:00,5.29,5.332,5.253,5.33,191571.9
2024-11-23 15:00:00,5.33,5.389,5.262,5.379,45542.8
2024-11-23 15:30:00,5.379,5.458,5.361,5.391,119835.4
2024-11-23 16:00:00,5.391,5.677,5.189,5.255,559586.7
2024-11-23 16:30:00,5.255,5.45,5.234,5.44,265851.8
2024-11-23 17:00:00,5.44,5.484,5.28,5.423,195316.9
2024-11-23 17:30:00,5.423,5.564,5.408,5.562,140011.8
2024-11-23 18:00:00,5.562,5.627,5.466,5.49,220752.5
2024-11-23 18:30:00,5.49,5.522,5.441,5.481,62063.8
2024-11-23 19:00:00,5.481,5.566,5.464,5.492,22537.2
2024-11-23 19:30:00,5.492,5.551,5.421,5.536,58972.2
2024-11-23 20:00:00,5.536,5.536,5.356,5.384,61257.7
2024-11-23 20:30:00,5.384,5.53,5.379,5.461,98370.5
2024-11-23 21:00:00,5.461,5.566,5.461,5.524,76075.3
2024-11-23 21:30:00,5.524,5.616,5.517,5.566,51740.9
2024-11-23 22:00:00,5.566,5.592,5.491,5.514,49761.4
2024-11-23 22:30:00,5.514,5.546,5.47,5.512,34161.3
2024-11-23 23:00:00,5.512,5.536,5.396,5.425,61881.6
2024-11-23 23:30:00,5.425,5.436,5.34,5.376,54631.9
2024-11-24 00:00:00,5.376,5.613,5.349,5.574,46891.2
2024-11-24 00:30:00,5.574,5.677,5.513,5.637,126895.4
2024-11-24 01:00:00,5.637,5.657,5.537,5.565,116542.1
2024-11-24 01:30:00,5.565,5.587,5.528,5.559,18105.7
2024-11-24 02:00:00,5.559,5.808,5.552,5.761,108420.5
2024-11-24 02:30:00,5.761,5.921,5.757,5.832,78706.3
2024-11-24 03:00:00,5.832,6.045,5.79,6.044,216216.3
2024-11-24 03:30:00,6.044,6.142,5.956,6.0,124467.9
2024-11-24 04:00:00,6.0,6.116,5.983,6.03,50387.6
2024-11-24 04:30:00,6.03,6.077,5.836,5.934,109243.1
2024-11-24 05:00:00,5.934,5.97,5.866,5.887,63844.8
2024-11-24 05:30:00,5.887,5.929,5.817,5.862,27631.9
2024-11-24 06:00:00,5.862,5.92,5.78,5.843,49721.2
2024-11-24 06:30:00,5.843,5.87,5.798,5.869,19890.2
2024-11-24 07:00:00,5.869,5.937,5.848,5.899,42536.2
2024-11-24 07:30:00,5.899,5.955,5.818,5.921,53368.3
2024-11-24 08:00:00,5.921,6.006,5.818,5.836,98002.2
2024-11-24 08:30:00,5.836,5.836,5.704,5.726,99771.1
2024-11-24 09:00:00,5.726,5.785,5.696,5.74,48504.4
2024-11-24 09:30:00,5.74,5.76,5.686,5.748,50739.7
2024-11-24 10:00:00,5.748,5.812,5.703,5.791,42133.4
2024-11-24 10:30:00,5.791,5.81,5.65,5.739,63565.6
2024-11-24 11:00:00,5.739,5.767,5.55,5.626,189216.5
2024-11-24 11:30:00,5.626,5.66,5.51,5.514,145523.2
2024-11-24 12:00:00,5.514,5.598,5.458,5.493,125855.9
2024-11-24 12:30:00,5.493,5.493,5.173,5.34,396923.1
2024-11-24 13:00:00,5.34,5.498,5.304,5.487,152282.7
2024-11-24 13:30:00,5.487,5.487,5.398,5.447,76446.8
2024-11-24 14:00:00,5.447,5.447,5.306,5.338,145525.8
2024-11-24 14:30:00,5.338,5.44,5.328,5.42,85673.0
2024-11-24 15:00:00,5.42,5.432,5.288,5.345,176797.2
2024-11-24 15:30:00,5.345,5.374,5.235,5.242,87636.2
2024-11-24 16:00:00,5.242,5.458,5.211,5.42,118366.2
2024-11-24 16:30:00,5.42,5.445,5.358,5.384,57212.9
2024-11-24 17:00:00,5.384,5.388,5.309,5.375,71758.4
2024-11-24 17:30:00,5.375,5.448,5.342,5.443,42305.7
2024-11-24 18:00:00,5.443,5.514,5.428,5.504,69838.8
2024-11-24 18:30:00,5.504,5.542,5.476,5.514,82750.7
2024-11-24 19:00:00,5.514,5.514,5.433,5.455,52329.5
2024-11-24 19:30:00,5.455,5.477,5.436,5.447,18437.6
2024-11-24 20:00:00,5.447,5.559,5.424,5.556,34278.3
2024-11-24 20:30:00,5.556,5.598,5.541,5.587,28643.5
2024-11-24 21:00:00,5.587,5.602,5.544,5.584,17387.4
2024-11-24 21:30:00,5.584,5.718,5.554,5.682,31514.9
2024-11-24 22:00:00,5.682,5.783,5.645,5.74,83866.4
2024-11-24 22:30:00,5.74,5.762,5.664,5.743,39614.4
2024-11-24 23:00:00,5.743,5.767,5.711,5.755,118984.6
2024-11-24 23:30:00,5.755,5.776,5.666,5.73,84601.8
2024-11-25 00:00:00,5.73,5.753,5.631,5.687,51339.3
2024-11-25 00:30:00,5.687,5.696,5.582,5.596,48487.3
2024-11-25 01:00:00,5.596,5.607,5.403,5.466,100965.0
2024-11-25 01:30:00,5.466,5.479,5.408,5.454,54955.1
2024-11-25 02:00:00,5.454,5.552,5.454,5.516,42464.9
2024-11-25 02:30:00,5.516,5.538,5.482,5.507,18636.8
2024-11-25 03:00:00,5.507,5.582,5.507,5.558,37309.5
2024-11-25 03:30:00,5.558,5.618,5.537,5.598,21343.4
2024-11-25 04:00:00,5.598,5.684,5.585,5.628,30916.3
2024-11-25 04:30:00,5.628,5.651,5.587,5.589,17370.0
2024-11-25 05:00:00,5.589,5.657,5.589,5.609,13962.6
2024-11-25 05:30:00,5.609,5.65,5.607,5.624,8212.4
2024-11-25 06:00:00,5.624,5.63,5.564,5.574,43104.8
2024-11-25 06:30:00,5.574,5.587,5.525,5.548,39203.2
2024-11-25 07:00:00,5.548,5.589,5.513,5.566,55280.0
2024-11-25 07:30:00,5.566,5.683,5.563,5.627,41099.8
2024-11-25 08:00:00,5.627,5.68,5.623,5.649,36100.9
2024-11-25 08:30:00,5.649,5.721,5.64,5.697,19449.2
2024-11-25 09:00:00,5.697,5.762,5.693,5.745,86563.6
2024-11-25 09:30:00,5.745,5.84,5.742,5.794,81014.2
2024-11-25 10:00:00,5.794,5.828,5.722,5.765,85997.9
2024-11-25 10:30:00,5.765,5.863,5.744,5.827,40521.9
2024-11-25 11:00:00,5.827,5.84,5.777,5.829,33152.9
2024-11-25 11:30:00,5.829,5.829,5.7,5.726,78948.3
2024-11-25 12:00:00,5.726,5.806,5.699,5.777,49918.9
2024-11-25 12:30:00,5.777,5.781,5.703,5.703,103934.3
2024-11-25 13:00:00,5.703,5.752,5.564,5.627,239744.9
2024-11-25 13:30:00,5.627,5.682,5.591,5.614,52292.6
2024-11-25 14:00:00,5.614,5.698,5.613,5.645,41588.1
2024-11-25 14:30:00,5.645,5.678,5.436,5.448,310756.5
2024-11-25 15:00:00,5.448,5.561,5.367,5.556,259836.9
2024-11-25 15:30:00,5.556,5.658,5.532,5.602,54629.2
2024-11-25 16:00:00,5.602,5.693,5.562,5.638,60186.7
2024-11-25 16:30:00,5.638,5.671,5.556,5.648,69935.8
2024-11-25 17:00:00,5.648,5.651,5.515,5.522,27988.7
2024-11-25 17:30:00,5.522,5.575,5.48,5.56,37934.8
2024-11-25 18:00:00,5.56,5.706,5.558,5.658,48031.9
2024-11-25 18:30:00,5.658,5.678,5.573,5.632,16958.4
2024-11-25 19:00:00,5.632,5.716,5.589,5.716,23726.9
2024-11-25 19:30:00,5.716,5.763,5.694,5.723,88676.9
2024-11-25 20:00:00,5.723,5.765,5.67,5.679,23049.9
2024-11-25 20:30:00,5.679,5.763,5.635,5.673,46937.5
2024-11-25 21:00:00,5.673,5.709,5.609,5.609,15916.9
2024-11-25 21:30:00,5.609,5.613,5.475,5.549,45528.7
2024-11-25 22:00:00,5.549,5.568,5.431,5.436,141198.3
2024-11-25 22:30:00,5.436,5.6,5.35,5.561,227807.2
2024-11-25 23:00:00,5.561,5.568,5.478,5.508,68185.1
2024-11-25 23:30:00,5.508,5.519,5.439,5.464,48347.6
2024-11-26 00:00:00,5.464,5.576,5.418,5.576,44275.1
2024-11-26 00:30:00,5.576,5.608,5.485,5.485,41281.4
2024-11-26 01:00:00,5.485,5.589,5.485,5.582,107762.1
2024-11-26 01:30:00,5.582,5.651,5.57,5.641,39409.9
2024-11-26 02:00:00,5.641,5.661,5.613,5.627,15532.3
2024-11-26 02:30:00,5.627,5.677,5.621,5.622,13501.1
2024-11-26 03:00:00,5.622,5.628,5.523,5.544,35950.8
2024-11-26 03:30:00,5.544,5.603,5.527,5.579,18460.1
2024-11-26 04:00:00,5.579,5.585,5.514,5.538,23639.4
2024-11-26 04:30:00,5.538,5.634,5.533,5.6,14314.6
2024-11-26 05:00:00,5.6,5.676,5.589,5.673,142425.0
2024-11-26 05:30:00,5.673,5.746,5.668,5.729,81291.2
2024-11-26 06:00:00,5.729,5.771,5.696,5.707,43887.3
2024-11-26 06:30:00,5.707,5.718,5.634,5.653,22397.5
2024-11-26 07:00:00,5.653,5.658,5.545,5.634,116978.3
2024-11-26 07:30:00,5.634,5.654,5.561,5.63,31600.9
2024-11-26 08:00:00,5.63,5.657,5.462,5.479,102363.8
2024-11-26 08:30:00,5.479,5.518,5.423,5.482,64857.4
2024-11-26 09:00:00,5.482,5.581,5.463,5.556,38511.6
2024-11-26 09:30:00,5.556,5.589,5.429,5.532,73432.0
2024-11-26 10:00:00,5.532,5.553,5.402,5.451,44913.5
2024-11-26 10:30:00,5.451,5.479,5.304,5.313,241660.6
2024-11-26 11:00:00,5.313,5.403,5.214,5.217,181841.0
2024-11-26 11:30:00,5.217,5.324,5.2,5.304,119268.9
2024-11-26 12:00:00,5.304,5.36,5.259,5.299,36962.7
2024-11-26 12:30:00,5.299,5.302,5.201,5.252,50623.2
2024-11-26 13:00:00,5.252,5.358,5.215,5.308,35424.0
2024-11-26 13:30:00,5.308,5.335,5.276,5.284,14006.5
2024-11-26 14:00:00,5.284,5.319,5.21,5.295,62510.4
2024-11-26 14:30:00,5.295,5.412,5.231,5.367,223633.4
2024-11-26 15:00:00,5.367,5.387,5.235,5.294,145802.1
2024-11-26 15:30:00,5.294,5.317,5.258,5.258,23087.2
2024-11-26 16:00:00,5.258,5.418,5.224,5.403,150094.4
2024-11-26 16:30:00,5.403,5.451,5.373,5.391,133047.4
2024-11-26 17:00:00,5.391,5.423,5.35,5.409,65837.8
2024-11-26 17:30:00,5.409,5.413,5.367,5.381,20169.1
2024-11-26 18:00:00,5.381,5.384,5.223,5.223,97506.3
2024-11-26 18:30:00,5.223,5.265,5.159,5.201,190069.0
2024-11-26 19:00:00,5.201,5.259,5.173,5.215,25113.4
2024-11-26 19:30:00,5.215,5.272,5.181,5.266,24670.7
2024-11-26 20:00:00,5.266,5.349,5.257,5.325,20664.1
2024-11-26 20:30:00,5.325,5.448,5.301,5.394,32368.5
2024-11-26 21:00:00,5.394,5.453,5.347,5.429,29854.7
2024-11-26 21:30:00,5.429,5.429,5.35,5.376,52995.8
2024-11-26 22:00:00,5.376,5.454,5.365,5.419,18975.0
2024-11-26 22:30:00,5.419,5.445,5.389,5.391,83253.6
2024-11-26 23:00:00,5.391,5.434,5.371,5.394,31068.6
2024-11-26 23:30:00,5.394,5.446,5.388,5.44,53206.7
2024-11-27 00:00:00,5.44,5.515,5.37,5.437,49678.6
2024-11-27 00:30:00,5.437,5.443,5.307,5.318,26127.7
2024-11-27 01:00:00,5.318,5.413,5.292,5.395,24287.5
2024-11-27 01:30:00,5.395,5.418,5.369,5.394,13900.0
2024-11-27 02:00:00,5.394,5.409,5.314,5.407,14406.5
2024-11-27 02:30:00,5.407,5.418,5.363,5.409,14049.0
2024-11-27 03:00:00,5.409,5.427,5.363,5.384,53977.9
2024-11-27 03:30:00,5.384,5.392,5.357,5.366,20390.4
2024-11-27 04:00:00,5.366,5.523,5.362,5.495,39952.9
2024-11-27 04:30:00,5.495,5.505,5.441,5.456,47694.3
2024-11-27 05:00:00,5.456,5.459,5.384,5.432,35237.0
2024-11-27 05:30:00,5.432,5.504,5.43,5.446,55038.6
2024-11-27 06:00:00,5.446,5.547,5.435,5.517,32425.9
2024-11-27 06:30:00,5.517,5.549,5.483,5.49,23164.3
2024-11-27 07:00:00,5.49,5.522,5.473,5.498,16652.8
2024-11-27 07:30:00,5.498,5.552,5.498,5.536,17950.7
2024-11-27 08:00:00,5.536,5.539,5.492,5.506,56098.1
2024-11-27 08:30:00,5.506,5.541,5.478,5.486,100125.2
2024-11-27 09:00:00,5.486,5.49,5.413,5.434,47924.6
2024-11-27 09:30:00,5.434,5.496,5.406,5.486,54642.1
2024-11-27 10:00:00,5.486,5.531,5.486,5.51,77635.3
2024-11-27 10:30:00,5.51,5.636,5.509,5.567,74891.9
2024-11-27 11:00:00,5.567,5.576,5.504,5.527,31175.0
2024-11-27 11:30:00,5.527,5.544,5.484,5.514,43261.3
2024-11-27 12:00:00,5.514,5.523,5.386,5.387,74725.1
2024-11-27 12:30:00,5.387,5.435,5.35,5.428,90570.1
2024-11-27 13:00:00,5.428,5.501,5.412,5.499,43776.1
2024-11-27 13:30:00,5.499,5.554,5.459,5.551,53759.1
2024-11-27 14:00:00,5.551,5.583,5.512,5.555,21765.8
2024-11-27 14:30:00,5.555,5.583,5.515,5.575,31490.7
2024-11-27 15:00:00,5.575,5.599,5.541,5.577,28200.4
2024-11-27 15:30:00,5.577,5.668,5.577,5.632,75080.6
2024-11-27 16:00:00,5.632,5.659,5.59,5.629,68791.8
2024-11-27 16:30:00,5.629,5.677,5.588,5.627,59461.6
2024-11-27 17:00:00,5.627,5.635,5.555,5.608,122051.4
2024-11-27 17:30:00,5.608,5.649,5.606,5.624,13547.9
2024-11-27 18:00:00,5.624,5.658,5.599,5.634,17495.9
2024-11-27 18:30:00,5.634,5.661,5.623,5.635,17852.2
2024-11-27 19:00:00,5.635,5.678,5.624,5.677,16274.7
2024-11-27 19:30:00,5.677,5.698,5.656,5.668,26573.5
2024-11-27 20:00:00,5.668,5.794,5.665,5.761,176508.2
2024-11-27 20:30:00,5.761,5.763,5.705,5.732,63428.9
2024-11-27 21:00:00,5.732,5.76,5.703,5.706,210679.5
2024-11-27 21:30:00,5.706,5.758,5.689,5.757,114838.8
2024-11-27 22:00:00,5.757,5.809,5.746,5.794,24642.5
2024-11-27 22:30:00,5.794,5.814,5.751,5.759,112801.1
2024-11-27 23:00:00,5.759,5.845,5.759,5.834,179576.9
2024-11-27 23:30:00,5.834,5.854,5.805,5.817,39486.6
2024-11-28 00:00:00,5.817,5.824,5.726,5.789,58221.0
2024-11-28 00:30:00,5.789,5.82,5.764,5.816,8683.6
2024-11-28 01:00:00,5.816,5.867,5.769,5.867,32348.3
2024-11-28 01:30:00,5.867,5.899,5.832,5.86,39624.6
2024-11-28 02:00:00,5.86,5.87,5.795,5.795,46829.1
2024-11-28 02:30:00,5.795,5.803,5.706,5.726,33558.4
2024-11-28 03:00:00,5.726,5.748,5.657,5.673,27555.1
2024-11-28 03:30:00,5.673,5.722,5.643,5.701,16275.6
2024-11-28 04:00:00,5.701,5.773,5.686,5.766,19026.2
2024-11-28 04:30:00,5.766,5.796,5.74,5.749,17813.6
2024-11-28 05:00:00,5.749,5.781,5.724,5.74,34732.9
2024-11-28 05:30:00,5.74,5.75,5.709,5.735,12420.2
2024-11-28 06:00:00,5.735,5.758,5.679,5.755,34184.9
2024-11-28 06:30:00,5.755,5.769,5.724,5.734,10893.9
2024-11-28 07:00:00,5.734,5.756,5.72,5.72,13177.2
2024-11-28 07:30:00,5.72,5.729,5.642,5.661,33275.3
2024-11-28 08:00:00,5.661,5.698,5.612,5.698,42168.1
2024-11-28 08:30:00,5.698,5.725,5.669,5.705,16547.0
2024-11-28 09:00:00,5.705,5.714,5.646,5.672,21593.0
2024-11-28 09:30:00,5.672,5.693,5.607,5.612,32132.1
2024-11-28 10:00:00,5.612,5.616,5.573,5.607,69695.9
2024-11-28 10:30:00,5.607,5.627,5.555,5.569,58429.1
2024-11-28 11:00:00,5.569,5.602,5.535,5.594,102462.6
2024-11-28 11:30:00,5.594,5.685,5.576,5.652,191203.3
2024-11-28 12:00:00,5.652,5.698,5.641,5.677,32635.4
2024-11-28 12:30:00,5.677,5.722,5.64,5.715,25000.7
2024-11-28 13:00:00,5.715,5.718,5.662,5.678,12016.8
2024-11-28 13:30:00,5.678,5.681,5.634,5.654,18437.2
2024-11-28 14:00:00,5.654,5.737,5.634,5.651,33972.1
2024-11-28 14:30:00,5.651,5.703,5.643,5.655,14296.6
2024-11-28 15:00:00,5.655,5.678,5.561,5.614,74568.7
2024-11-28 15:30:00,5.614,5.614,5.512,5.54,82597.7
2024-11-28 16:00:00,5.54,5.628,5.54,5.574,35119.9
2024-11-28 16:30:00,5.574,5.596,5.531,5.562,20489.9
2024-11-28 17:00:00,5.562,5.664,5.562,5.645,59470.9
2024-11-28 17:30:00,5.645,5.707,5.631,5.635,14354.3
2024-11-28 18:00:00,5.635,5.732,5.631,5.73,12082.3
2024-11-28 18:30:00,5.73,5.772,5.728,5.751,55919.9
2024-11-28 19:00:00,5.751,5.765,5.714,5.75,77183.3
2024-11-28 19:30:00,5.75,5.759,5.725,5.751,49228.0
2024-11-28 20:00:00,5.751,5.774,5.703,5.707,64309.7
2024-11-28 20:30:00,5.707,5.747,5.707,5.729,36842.6
2024-11-28 21:00:00,5.729,5.801,5.728,5.758,33962.6
2024-11-28 21:30:00,5.758,5.764,5.733,5.747,30003.7
2024-11-28 22:00:00,5.747,5.793,5.737,5.782,29781.2
2024-11-28 22:30:00,5.782,5.8,5.759,5.798,32187.8
2024-11-28 23:00:00,5.798,5.816,5.768,5.81,22180.8
2024-11-28 23:30:00,5.81,5.846,5.804,5.813,13609.8
2024-11-29 00:00:00,5.813,5.855,5.763,5.824,98849.5
2024-11-29 00:30:00,5.824,5.832,5.742,5.75,32520.5
2024-11-29 01:00:00,5.75,5.82,5.747,5.817,31726.8
2024-11-29 01:30:00,5.817,5.818,5.758,5.789,26055.1
2024-11-29 02:00:00,5.789,5.858,5.789,5.825,13510.7
2024-11-29 02:30:00,5.825,5.83,5.797,5.803,9955.2
2024-11-29 03:00:00,5.803,5.805,5.748,5.762,50386.9
2024-11-29 03:30:00,5.762,5.797,5.735,5.742,23072.2
2024-11-29 04:00:00,5.742,5.749,5.703,5.707,46036.3
2024-11-29 04:30:00,5.707,5.739,5.691,5.723,12030.8
2024-11-29 05:00:00,5.723,5.73,5.692,5.717,5071.7
2024-11-29 05:30:00,5.717,5.73,5.677,5.681,37306.9
2024-11-29 06:00:00,5.681,5.714,5.665,5.694,33939.5
2024-11-29 06:30:00,5.694,5.705,5.671,5.701,31476.5
2024-11-29 07:00:00,5.701,5.715,5.661,5.688,46548.6
2024-11-29 07:30:00,5.688,5.696,5.626,5.637,62378.7
2024-11-29 08:00:00,5.637,5.688,5.636,5.685,27248.4
2024-11-29 08:30:00,5.685,5.694,5.669,5.683,12489.3
2024-11-29 09:00:00,5.683,5.723,5.68,5.712,22886.0
2024-11-29 09:30:00,5.712,5.734,5.709,5.729,17506.8
2024-11-29 10:00:00,5.729,5.816,5.722,5.77,46161.0
2024-11-29 10:30:00,5.77,5.851,5.768,5.815,61288.5
2024-11-29 11:00:00,5.815,5.886,5.814,5.852,68538.5
2024-11-29 11:30:00,5.852,5.853,5.815,5.838,72736.3
2024-11-29 12:00:00,5.838,5.93,5.838,5.91,31605.9
2024-11-29 12:30:00,5.91,5.911,5.858,5.87,51470.4
2024-11-29 13:00:00,5.87,5.931,5.846,5.929,50859.2
2024-11-29 13:30:00,5.929,5.956,5.904,5.94,86395.4
2024-11-29 14:00:00,5.94,5.997,5.933,5.994,21801.8
2024-11-29 14:30:00,5.994,6.046,5.964,6.04,60702.5
2024-11-29 15:00:00,6.04,6.136,6.027,6.053,130412.9
2024-11-29 15:30:00,6.053,6.053,5.959,6.004,88571.5
2024-11-29 16:00:00,6.004,6.053,5.935,5.992,60235.7
2024-11-29 16:30:00,5.992,6.02,5.941,5.968,14978.6
2024-11-29 17:00:00,5.968,5.989,5.943,5.972,12064.6
2024-11-29 17:30:00,5.972,6.037,5.968,5.984,19099.6
2024-11-29 18:00:00,5.984,6.028,5.984,5.992,25015.2
2024-11-29 18:30:00,5.992,6.023,5.971,6.004,31008.8
2024-11-29 19:00:00,6.004,6.028,5.951,6.018,20961.0
2024-11-29 19:30:00,6.018,6.059,6.015,6.04,25381.2
2024-11-29 20:00:00,6.04,6.066,6.031,6.064,15060.0
2024-11-29 20:30:00,6.064,6.064,6.026,6.04,8550.2
2024-11-29 21:00:00,6.04,6.064,6.004,6.03,41137.6
2024-11-29 21:30:00,6.03,6.173,6.028,6.157,73420.8
2024-11-29 22:00:00,6.157,6.174,6.119,6.125,28207.7
2024-11-29 22:30:00,6.125,6.163,6.082,6.087,59934.0
2024-11-29 23:00:00,6.087,6.11,6.067,6.097,19236.0
2024-11-29 23:30:00,6.097,6.172,6.095,6.144,20281.1
2024-11-30 00:00:00,6.144,6.254,6.1,6.226,64166.4
2024-11-30 00:30:00,6.226,6.23,6.107,6.142,42397.8
2024-11-30 01:00:00,6.142,6.193,6.068,6.181,91606.2
2024-11-30 01:30:00,6.181,6.288,6.181,6.204,147745.3
2024-11-30 02:00:00,6.204,6.268,6.182,6.232,12115.6
2024-11-30 02:30:00,6.232,6.237,6.142,6.191,22715.9
2024-11-30 03:00:00,6.191,6.237,6.135,6.144,21249.4
2024-11-30 03:30:00,6.144,6.158,6.123,6.149,15877.6
2024-11-30 04:00:00,6.149,6.189,6.125,6.157,21788.1
2024-11-30 04:30:00,6.157,6.185,6.14,6.162,17788.0
2024-11-30 05:00:00,6.162,6.191,6.128,6.181,26893.7
2024-11-30 05:30:00,6.181,6.184,6.139,6.167,25116.6
2024-11-30 06:00:00,6.167,6.186,6.13,6.163,23276.2
2024-11-30 06:30:00,6.163,6.165,6.088,6.09,35626.4
2024-11-30 07:00:00,6.09,6.148,6.086,6.142,49053.4
2024-11-30 07:30:00,6.142,6.198,6.121,6.179,22887.2
2024-11-30 08:00:00,6.179,6.281,6.178,6.216,34426.3
2024-11-30 08:30:00,6.216,6.243,6.168,6.229,42104.7
2024-11-30 09:00:00,6.229,6.233,6.187,6.217,17065.7
2024-11-30 09:30:00,6.217,6.258,6.179,6.247,20440.4
2024-11-30 10:00:00,6.247,6.26,6.141,6.155,27080.1
2024-11-30 10:30:00,6.155,6.184,6.102,6.113,30454.9
2024-11-30 11:00:00,6.113,6.303,6.103,6.294,52465.3
2024-11-30 11:30:00,6.294,6.314,6.261,6.271,46571.9
2024-11-30 12:00:00,6.271,6.424,6.24,6.404,124587.8
2024-11-30 12:30:00,6.404,6.422,6.314,6.373,40563.9
2024-11-30 13:00:00,6.373,6.427,6.32,6.419,43502.3
2024-11-30 13:30:00,6.419,6.477,6.396,6.403,85877.5
2024-11-30 14:00:00,6.403,6.568,6.403,6.505,220328.0
2024-11-30 14:30:00,6.505,6.563,6.432,6.448,72508.0
2024-11-30 15:00:00,6.448,6.53,6.44,6.482,57478.4
2024-11-30 15:30:00,6.482,6.655,6.481,6.631,211486.1
2024-11-30 16:00:00,6.631,6.678,6.517,6.524,99918.9
2024-11-30 16:30:00,6.524,6.574,6.504,6.568,21078.9
2024-11-30 17:00:00,6.568,6.636,6.544,6.632,31812.9
2024-11-30 17:30:00,6.632,6.669,6.598,6.648,18403.6
2024-11-30 18:00:00,6.648,6.771,6.642,6.729,241598.9
2024-11-30 18:30:00,6.729,6.936,6.699,6.927,155157.0
2024-11-30 19:00:00,6.927,7.06,6.876,6.897,193398.2
2024-11-30 19:30:00,6.897,7.063,6.877,6.975,270355.1
2024-11-30 20:00:00,6.975,7.122,6.949,7.055,201425.6
2024-11-30 20:30:00,7.055,7.25,7.05,7.233,153709.0
2024-11-30 21:00:00,7.233,7.233,7.148,7.199,223060.3
2024-11-30 21:30:00,7.199,7.224,7.093,7.216,566430.3
2024-11-30 22:00:00,7.216,7.331,7.166,7.17,305075.3
2024-11-30 22:30:00,7.17,7.171,7.057,7.109,254733.5
2024-11-30 23:00:00,7.109,7.135,7.038,7.115,82336.0
2024-11-30 23:30:00,7.115,7.168,7.036,7.08,130723.6
2024-12-01 00:00:00,7.08,7.098,6.981,7.032,153608.0
2024-12-01 00:30:00,7.032,7.056,6.894,6.905,171874.1
2024-12-01 01:00:00,6.905,6.917,6.727,6.809,92318.2
2024-12-01 01:30:00,6.809,6.866,6.772,6.78,45571.8
2024-12-01 02:00:00,6.78,6.796,6.69,6.744,110954.4
2024-12-01 02:30:00,6.744,6.747,6.651,6.682,105049.4
2024-12-01 03:00:00,6.682,6.797,6.682,6.761,167730.2
2024-12-01 03:30:00,6.761,6.84,6.761,6.806,124621.6
2024-12-01 04:00:00,6.806,6.867,6.77,6.862,219496.4
2024-12-01 04:30:00,6.862,6.894,6.825,6.885,328876.5
2024-12-01 05:00:00,6.885,6.963,6.851,6.955,87226.5
2024-12-01 05:30:00,6.955,6.961,6.853,6.865,80766.2
2024-12-01 06:00:00,6.865,6.918,6.845,6.852,36082.8
2024-12-01 06:30:00,6.852,6.904,6.845,6.853,15298.8
2024-12-01 07:00:00,6.853,6.86,6.811,6.859,21606.3
2024-12-01 07:30:00,6.859,6.861,6.761,6.775,194450.6
2024-12-01 08:00:00,6.775,6.827,6.742,6.811,87926.1
2024-12-01 08:30:00,6.811,6.869,6.773,6.849,34253.3
2024-12-01 09:00:00,6.849,6.92,6.831,6.846,33576.5
2024-12-01 09:30:00,6.846,6.872,6.827,6.87,63602.7
2024-12-01 10:00:00,6.87,6.894,6.834,6.84,43360.7
2024-12-01 10:30:00,6.84,6.845,6.772,6.837,172913.1
2024-12-01 11:00:00,6.837,6.906,6.816,6.897,95449.1
2024-12-01 11:30:00,6.897,6.902,6.817,6.845,309942.5
2024-12-01 12:00:00,6.845,6.845,6.782,6.785,81385.1
2024-12-01 12:30:00,6.785,6.825,6.765,6.793,44526.8
2024-12-01 13:00:00,6.793,6.864,6.782,6.841,53207.7
2024-12-01 13:30:00,6.841,6.846,6.776,6.782,38442.0
2024-12-01 14:00:00,6.782,6.883,6.772,6.878,40262.1
2024-12-01 14:30:00,6.878,6.902,6.841,6.9,21869.5
2024-12-01 15:00:00,6.9,6.927,6.857,6.904,72531.9
2024-12-01 15:30:00,6.904,6.926,6.867,6.887,52192.9
2024-12-01 16:00:00,6.887,6.89,6.817,6.832,48719.2
2024-12-01 16:30:00,6.832,6.842,6.77,6.775,30531.1
2024-12-01 17:00:00,6.775,6.796,6.706,6.72,104769.8
2024-12-01 17:30:00,6.72,6.763,6.711,6.751,26921.0
2024-12-01 18:00:00,6.751,6.791,6.742,6.785,15902.4
2024-12-01 18:30:00,6.785,6.794,6.755,6.78,43674.4
2024-12-01 19:00:00,6.78,6.852,6.751,6.839,34016.0
2024-12-01 19:30:00,6.839,6.86,6.777,6.816,154502.8
2024-12-01 20:00:00,6.816,6.821,6.701,6.711,175401.1
2024-12-01 20:30:00,6.711,6.875,6.706,6.863,57660.5
2024-12-01 21:00:00,6.863,6.906,6.841,6.863,52030.2
2024-12-01 21:30:00,6.863,6.867,6.81,6.828,41500.8
2024-12-01 22:00:00,6.828,6.875,6.813,6.82,24036.1
2024-12-01 22:30:00,6.82,6.867,6.82,6.852,10948.9
2024-12-01 23:00:00,6.852,6.938,6.852,6.909,39814.0
2024-12-01 23:30:00,6.909,6.956,6.869,6.869,51881.4
2024-12-02 00:00:00,6.869,6.946,6.847,6.916,40728.1
2024-12-02 00:30:00,6.916,7.143,6.898,7.134,150291.5
2024-12-02 01:00:00,7.134,7.382,7.097,7.373,507602.6
2024-12-02 01:30:00,7.373,7.373,7.181,7.308,130653.9
2024-12-02 02:00:00,7.308,7.331,7.155,7.285,139562.4
2024-12-02 02:30:00,7.285,7.333,7.236,7.294,71556.4
2024-12-02 03:00:00,7.294,7.497,7.253,7.439,205800.7
2024-12-02 03:30:00,7.439,7.444,7.058,7.108,271668.4
2024-12-02 04:00:00,7.108,7.16,6.962,7.061,262342.2
2024-12-02 04:30:00,7.061,7.163,7.057,7.14,42310.4
2024-12-02 05:00:00,7.14,7.279,7.129,7.237,61677.3
2024-12-02 05:30:00,7.237,7.262,7.159,7.261,66538.2
2024-12-02 06:00:00,7.261,7.277,7.075,7.128,89192.3
2024-12-02 06:30:00,7.128,7.248,7.105,7.228,29333.5
2024-12-02 07:00:00,7.228,7.241,7.056,7.092,100014.2
2024-12-02 07:30:00,7.092,7.101,7.021,7.066,60352.0
2024-12-02 08:00:00,7.066,7.139,6.912,6.925,215310.2
2024-12-02 08:30:00,6.925,6.995,6.687,6.762,402590.8
2024-12-02 09:00:00,6.762,6.863,6.717,6.818,131630.3
2024-12-02 09:30:00,6.818,6.899,6.727,6.892,30613.2
2024-12-02 10:00:00,6.892,6.912,6.762,6.78,128513.8
2024-12-02 10:30:00,6.78,6.787,6.62,6.652,348638.1
2024-12-02 11:00:00,6.652,6.829,6.634,6.816,121408.7
2024-12-02 11:30:00,6.816,6.819,6.745,6.799,53517.9
2024-12-02 12:00:00,6.799,6.898,6.763,6.893,123635.1
2024-12-02 12:30:00,6.893,6.901,6.787,6.815,43267.1
2024-12-02 13:00:00,6.815,7.149,6.81,7.098,94482.2
2024-12-02 13:30:00,7.098,7.102,7.011,7.09,145536.3
2024-12-02 14:00:00,7.09,7.128,7.021,7.05,68638.5
2024-12-02 14:30:00,7.05,7.252,7.049,7.144,160616.4
2024-12-02 15:00:00,7.144,7.257,7.073,7.19,125556.0
2024-12-02 15:30:00,7.19,7.2,7.103,7.172,61350.3
2024-12-02 16:00:00,7.172,7.214,7.047,7.048,129305.5
2024-12-02 16:30:00,7.048,7.129,6.938,7.107,157299.4
2024-12-02 17:00:00,7.107,7.154,6.96,7.026,125870.0
2024-12-02 17:30:00,7.026,7.07,6.912,6.951,162736.3
2024-12-02 18:00:00,6.951,7.217,6.951,7.211,135508.7
2024-12-02 18:30:00,7.211,7.258,7.18,7.227,147715.4
2024-12-02 19:00:00,7.227,7.227,7.09,7.155,139206.2
2024-12-02 19:30:00,7.155,7.356,7.146,7.339,111327.4
2024-12-02 20:00:00,7.339,7.44,7.318,7.352,212277.9
2024-12-02 20:30:00,7.352,7.363,7.214,7.24,203987.3
2024-12-02 21:00:00,7.24,7.327,7.198,7.257,84583.8
2024-12-02 21:30:00,7.257,7.472,7.24,7.47,358174.4
2024-12-02 22:00:00,7.47,7.489,7.348,7.364,140807.8
2024-12-02 22:30:00,7.364,7.364,7.294,7.299,70168.5
2024-12-02 23:00:00,7.299,7.333,7.239,7.293,78181.8
2024-12-02 23:30:00,7.293,7.34,7.259,7.286,52220.3
2024-12-03 00:00:00,7.286,7.288,7.163,7.172,58479.4
2024-12-03 00:30:00,7.172,7.259,7.154,7.247,44944.2
2024-12-03 01:00:00,7.247,7.4,7.207,7.227,78349.7
2024-12-03 01:30:00,7.227,7.292,7.155,7.157,42535.7
2024-12-03 02:00:00,7.157,7.21,7.123,7.205,112220.8
2024-12-03 02:30:00,7.205,7.285,7.191,7.266,12786.5
2024-12-03 03:00:00,7.266,7.39,7.256,7.363,30080.6
2024-12-03 03:30:00,7.363,7.465,7.362,7.422,67054.5
2024-12-03 04:00:00,7.422,7.456,7.36,7.401,51048.9
2024-12-03 04:30:00,7.401,7.431,7.338,7.421,45055.3
2024-12-03 05:00:00,7.421,7.566,7.42,7.557,84615.7
2024-12-03 05:30:00,7.557,7.649,7.535,7.54,384818.7
2024-12-03 06:00:00,7.54,7.588,7.474,7.479,93886.8
2024-12-03 06:30:00,7.479,7.482,7.25,7.305,234937.5
2024-12-03 07:00:00,7.305,7.335,7.211,7.25,181918.1
2024-12-03 07:30:00,7.25,7.292,7.214,7.282,53973.9
2024-12-03 08:00:00,7.282,7.355,7.261,7.331,69216.9
2024-12-03 08:30:00,7.331,7.354,7.239,7.349,36610.4
2024-12-03 09:00:00,7.349,7.412,7.274,7.312,51810.9
2024-12-03 09:30:00,7.312,7.429,7.3,7.348,339909.8
2024-12-03 10:00:00,7.348,7.412,7.338,7.37,53902.9
2024-12-03 10:30:00,7.37,7.402,7.162,7.209,252434.0
2024-12-03 11:00:00,7.209,7.384,7.195,7.356,125910.4
2024-12-03 11:30:00,7.356,7.436,7.306,7.401,98401.4
2024-12-03 12:00:00,7.401,7.467,7.332,7.373,136686.3
2024-12-03 12:30:00,7.373,7.463,7.364,7.398,91785.0
2024-12-03 13:00:00,7.398,7.418,7.297,7.322,57447.7
2024-12-03 13:30:00,7.322,7.326,6.866,6.967,907798.6
2024-12-03 14:00:00,6.967,7.121,6.894,6.894,377001.6
2024-12-03 14:30:00,6.894,7.007,6.684,6.976,485816.8
2024-12-03 15:00:00,6.976,7.078,6.948,6.968,251139.2
2024-12-03 15:30:00,6.968,7.067,6.955,7.01,133976.8
2024-12-03 16:00:00,7.01,7.17,6.988,7.096,262034.4
2024-12-03 16:30:00,7.096,7.117,6.945,6.956,99011.4
2024-12-03 17:00:00,6.956,6.973,6.855,6.874,91758.7
2024-12-03 17:30:00,6.874,7.059,6.862,7.054,77581.3
2024-12-03 18:00:00,7.054,7.072,7.012,7.058,134647.0
2024-12-03 18:30:00,7.058,7.104,7.019,7.04,28813.0
2024-12-03 19:00:00,7.04,7.04,6.888,6.943,226233.2
2024-12-03 19:30:00,6.943,7.005,6.91,6.983,50744.9
2024-12-03 20:00:00,6.983,7.086,6.971,7.069,61910.8
2024-12-03 20:30:00,7.069,7.181,7.069,7.151,58919.1
2024-12-03 21:00:00,7.151,7.271,7.144,7.262,52399.4
2024-12-03 21:30:00,7.262,7.265,7.178,7.187,52874.5
2024-12-03 22:00:00,7.187,7.273,7.092,7.214,128150.1
2024-12-03 22:30:00,7.214,7.309,7.176,7.266,45461.1
2024-12-03 23:00:00,7.266,7.423,7.266,7.304,67355.1
2024-12-03 23:30:00,7.304,7.42,7.304,7.316,57304.6
2024-12-04 00:00:00,7.316,7.442,7.301,7.422,69569.7
2024-12-04 00:30:00,7.422,7.571,7.38,7.418,64029.3
2024-12-04 01:00:00,7.418,7.474,7.36,7.422,55017.2
2024-12-04 01:30:00,7.422,7.597,7.382,7.562,56965.0
2024-12-04 02:00:00,7.562,7.61,7.408,7.494,67489.7
2024-12-04 02:30:00,7.494,7.582,7.423,7.485,40070.4
2024-12-04 03:00:00,7.485,7.69,7.485,7.635,95624.8
2024-12-04 03:30:00,7.635,7.846,7.635,7.746,119327.7
2024-12-04 04:00:00,7.746,7.802,7.701,7.723,86827.7
2024-12-04 04:30:00,7.723,7.752,7.628,7.688,199129.8
2024-12-04 05:00:00,7.688,7.761,7.685,7.723,78153.2
2024-12-04 05:30:00,7.723,7.875,7.723,7.862,52908.6
2024-12-04 06:00:00,7.862,7.932,7.782,7.821,262203.0
2024-12-04 06:30:00,7.821,8.109,7.821,8.083,164175.6
2024-12-04 07:00:00,8.083,8.088,7.911,7.934,134123.2
2024-12-04 07:30:00,7.934,7.961,7.875,7.923,70930.8
2024-12-04 08:00:00,7.923,7.997,7.882,7.943,67350.9
2024-12-04 08:30:00,7.943,7.947,7.846,7.889,140354.7
2024-12-04 09:00:00,7.889,7.944,7.87,7.91,42938.9
2024-12-04 09:30:00,7.91,7.912,7.785,7.843,69678.8
2024-12-04 10:00:00,7.843,7.899,7.83,7.882,46559.1
2024-12-04 10:30:00,7.882,7.967,7.877,7.933,85987.9
2024-12-04 11:00:00,7.933,8.028,7.883,8.009,91315.8
2024-12-04 11:30:00,8.009,8.017,7.948,7.948,64771.2
2024-12-04 12:00:00,7.948,8.095,7.856,7.903,204989.5
2024-12-04 12:30:00,7.903,8.22,7.885,8.18,117882.0
2024-12-04 13:00:00,8.18,8.311,8.142,8.261,113626.2
2024-12-04 13:30:00,8.261,8.357,8.157,8.264,185529.1
2024-12-04 14:00:00,8.264,8.287,8.04,8.089,154724.0
2024-12-04 14:30:00,8.089,8.204,8.022,8.057,203078.1
2024-12-04 15:00:00,8.057,8.222,7.996,8.171,125200.7
2024-12-04 15:30:00,8.171,8.187,8.027,8.157,76821.0
2024-12-04 16:00:00,8.157,8.189,7.935,8.058,110017.5
2024-12-04 16:30:00,8.058,8.11,7.76,7.804,277430.1
2024-12-04 17:00:00,7.804,7.996,7.804,7.99,118094.2
2024-12-04 17:30:00,7.99,8.12,7.941,8.084,131471.8
2024-12-04 18:00:00,8.084,8.25,8.03,8.25,70355.0
2024-12-04 18:30:00,8.25,8.392,8.156,8.194,223179.0
2024-12-04 19:00:00,8.194,8.315,8.113,8.251,206983.9
2024-12-04 19:30:00,8.251,8.282,8.165,8.165,40692.1
2024-12-04 20:00:00,8.165,8.262,8.125,8.125,73449.1
2024-12-04 20:30:00,8.125,8.153,7.939,8.04,108018.8
2024-12-04 21:00:00,8.04,8.078,7.949,8.024,51510.5
2024-12-04 21:30:00,8.024,8.213,8.011,8.2,27505.5
2024-12-04 22:00:00,8.2,8.437,8.192,8.304,118466.2
2024-12-04 22:30:00,8.304,8.315,8.167,8.222,82088.3
2024-12-04 23:00:00,8.222,8.235,7.972,7.973,128977.2
2024-12-04 23:30:00,7.973,8.122,7.968,8.095,49831.2
2024-12-05 00:00:00,8.095,8.197,7.931,7.964,65409.0
2024-12-05 00:30:00,7.964,8.049,7.933,7.967,27239.1
2024-12-05 01:00:00,7.967,7.967,7.64,7.718,283136.7
2024-12-05 01:30:00,7.718,7.826,7.667,7.716,53737.2
2024-12-05 02:00:00,7.716,7.881,7.708,7.881,34615.6
2024-12-05 02:30:00,7.881,8.05,7.846,7.903,96625.4
2024-12-05 03:00:00,7.903,8.074,7.894,8.032,46215.4
2024-12-05 03:30:00,8.032,8.046,7.815,7.903,52219.3
2024-12-05 04:00:00,7.903,8.198,7.845,8.173,42338.2
2024-12-05 04:30:00,8.173,8.29,8.111,8.111,73826.2
2024-12-05 05:00:00,8.111,8.129,8.038,8.069,61846.2
2024-12-05 05:30:00,8.069,8.088,7.917,7.995,65881.9
2024-12-05 06:00:00,7.995,8.142,7.99,8.121,34042.6
2024-12-05 06:30:00,8.121,8.174,8.042,8.116,26626.2
2024-12-05 07:00:00,8.116,8.227,8.096,8.178,29972.4
2024-12-05 07:30:00,8.178,8.193,8.113,8.123,27118.9
2024-12-05 08:00:00,8.123,8.146,8.064,8.111,31456.9
2024-12-05 08:30:00,8.111,8.154,8.051,8.061,33975.1
2024-12-05 09:00:00,8.061,8.08,7.987,8.029,78122.0
2024-12-05 09:30:00,8.029,8.055,7.972,7.99,45146.2
2024-12-05 10:00:00,7.99,7.999,7.937,7.977,58560.6
2024-12-05 10:30:00,7.977,7.992,7.911,7.962,44070.5
2024-12-05 11:00:00,7.962,8.062,7.918,8.006,37965.3
2024-12-05 11:30:00,8.006,8.057,7.975,8.008,27683.5
2024-12-05 12:00:00,8.008,8.024,7.944,7.986,48646.7
2024-12-05 12:30:00,7.986,8.005,7.875,7.952,130942.2
2024-12-05 13:00:00,7.952,8.005,7.917,7.926,453759.3
2024-12-05 13:30:00,7.926,7.985,7.896,7.932,51026.8
2024-12-05 14:00:00,7.932,8.011,7.888,7.922,50078.7
2024-12-05 14:30:00,7.922,7.962,7.859,7.889,64880.5
2024-12-05 15:00:00,7.889,7.932,7.799,7.928,88381.2
2024-12-05 15:30:00,7.928,8.021,7.909,8.001,176679.2
2024-12-05 16:00:00,8.001,8.02,7.912,8.0,42957.4
2024-12-05 16:30:00,8.0,8.081,7.932,8.019,51530.0
2024-12-05 17:00:00,8.019,8.068,7.992,8.038,37002.1
2024-12-05 17:30:00,8.038,8.096,8.016,8.029,117761.0
2024-12-05 18:00:00,8.029,8.059,7.956,8.011,55113.3
2024-12-05 18:30:00,8.011,8.042,7.896,7.928,102824.3
2024-12-05 19:00:00,7.928,7.942,7.85,7.881,62207.1
2024-12-05 19:30:00,7.881,7.939,7.788,7.834,51664.3
2024-12-05 20:00:00,7.834,7.864,7.704,7.731,79059.7
2024-12-05 20:30:00,7.731,7.827,7.692,7.779,36865.9
2024-12-05 21:00:00,7.779,7.947,7.747,7.917,23933.9
2024-12-05 21:30:00,7.917,7.964,7.89,7.945,22585.9
2024-12-05 22:00:00,7.945,7.958,7.46,7.588,153508.0
2024-12-05 22:30:00,7.588,7.805,7.588,7.757,257934.5
2024-12-05 23:00:00,7.757,7.815,7.603,7.796,63154.2
2024-12-05 23:30:00,7.796,7.816,7.683,7.705,34684.8
2024-12-06 00:00:00,7.705,7.83,7.656,7.774,56067.8
2024-12-06 00:30:00,7.774,7.905,7.766,7.88,27534.0
2024-12-06 01:00:00,7.88,7.996,7.848,7.996,51360.1
2024-12-06 01:30:00,7.996,7.999,7.92,7.93,49267.9
2024-12-06 02:00:00,7.93,7.937,7.844,7.917,35439.7
2024-12-06 02:30:00,7.917,7.966,7.885,7.934,61035.9
2024-12-06 03:00:00,7.934,7.934,7.826,7.841,33015.4
2024-12-06 03:30:00,7.841,7.943,7.838,7.926,16296.9
2024-12-06 04:00:00,7.926,7.971,7.901,7.957,35064.6
2024-12-06 04:30:00,7.957,8.027,7.957,8.012,33956.2
2024-12-06 05:00:00,8.012,8.019,7.96,7.975,46558.2
2024-12-06 05:30:00,7.975,7.99,7.939,7.96,86459.2
2024-12-06 06:00:00,7.96,8.005,7.942,7.978,15383.8
2024-12-06 06:30:00,7.978,7.999,7.893,7.94,32512.0
2024-12-06 07:00:00,7.94,7.948,7.892,7.926,28489.6
2024-12-06 07:30:00,7.926,7.971,7.916,7.931,13249.5
2024-12-06 08:00:00,7.931,8.04,7.925,8.024,22673.7
2024-12-06 08:30:00,8.024,8.055,7.927,7.935,76228.1
2024-12-06 09:00:00,7.935,7.94,7.751,7.779,175133.3
2024-12-06 09:30:00,7.779,7.882,7.734,7.85,70809.8
2024-12-06 10:00:00,7.85,7.885,7.69,7.72,243339.4
2024-12-06 10:30:00,7.72,7.814,7.678,7.805,52937.4
2024-12-06 11:00:00,7.805,7.846,7.746,7.828,27899.6
2024-12-06 11:30:00,7.828,7.84,7.752,7.791,11497.3
2024-12-06 12:00:00,7.791,7.932,7.791,7.856,114922.6
2024-12-06 12:30:00,7.856,7.885,7.625,7.661,202735.6
2024-12-06 13:00:00,7.661,7.732,7.579,7.683,208313.6
2024-12-06 13:30:00,7.683,7.862,7.662,7.79,100666.2
2024-12-06 14:00:00,7.79,7.897,7.72,7.883,153361.4
2024-12-06 14:30:00,7.883,7.981,7.844,7.98,57276.3
2024-12-06 15:00:00,7.98,8.086,7.915,8.07,93126.4
2024-12-06 15:30:00,8.07,8.161,7.991,8.002,96806.3
2024-12-06 16:00:00,8.002,8.075,7.969,7.993,43974.9
2024-12-06 16:30:00,7.993,8.096,7.991,8.012,35839.0
2024-12-06 17:00:00,8.012,8.09,8.004,8.061,18241.4
2024-12-06 17:30:00,8.061,8.103,8.012,8.023,51512.9
2024-12-06 18:00:00,8.023,8.073,8.001,8.042,30508.4
2024-12-06 18:30:00,8.042,8.082,8.024,8.061,18542.2
2024-12-06 19:00:00,8.061,8.173,8.042,8.163,32196.2
2024-12-06 19:30:00,8.163,8.273,8.139,8.27,28433.0
2024-12-06 20:00:00,8.27,8.31,8.186,8.239,45075.9
2024-12-06 20:30:00,8.239,8.263,8.137,8.166,43080.5
2024-12-06 21:00:00,8.166,8.227,8.153,8.17,93288.9
2024-12-06 21:30:00,8.17,8.195,8.092,8.096,56026.0
2024-12-06 22:00:00,8.096,8.133,8.057,8.125,25523.2
2024-12-06 22:30:00,8.125,8.188,8.106,8.159,16123.7
2024-12-06 23:00:00,8.159,8.194,8.03,8.033,83410.0
2024-12-06 23:30:00,8.033,8.131,8.033,8.084,17701.1
2024-12-07 00:00:00,8.084,8.093,8.026,8.038,45007.2
2024-12-07 00:30:00,8.038,8.071,7.956,7.997,47640.4
2024-12-07 01:00:00,7.997,8.032,7.954,7.972,34874.7
2024-12-07 01:30:00,7.972,8.008,7.957,7.969,21387.2
2024-12-07 02:00:00,7.969,8.018,7.938,7.99,15544.1
2024-12-07 02:30:00,7.99,8.046,7.979,8.041,13803.7
2024-12-07 03:00:00,8.041,8.076,7.911,7.969,35914.4
2024-12-07 03:30:00,7.969,8.035,7.962,8.033,17283.3
2024-12-07 04:00:00,8.033,8.086,7.991,8.048,14092.3
2024-12-07 04:30:00,8.048,8.082,8.037,8.06,12066.8
2024-12-07 05:00:00,8.06,8.087,8.027,8.039,20663.8
2024-12-07 05:30:00,8.039,8.04,7.989,7.997,10803.6
2024-12-07 06:00:00,7.997,8.056,7.993,8.053,15936.4
2024-12-07 06:30:00,8.053,8.08,8.031,8.059,36087.1
2024-12-07 07:00:00,8.059,8.059,7.99,7.996,32884.1
2024-12-07 07:30:00,7.996,8.012,7.915,7.974,79349.5
2024-12-07 08:00:00,7.974,8.002,7.918,7.997,118942.4
2024-12-07 08:30:00,7.997,8.005,7.891,7.904,37405.1
2024-12-07 09:00:00,7.904,7.939,7.899,7.918,172428.4
2024-12-07 09:30:00,7.918,7.936,7.851,7.873,51274.2
2024-12-07 10:00:00,7.873,7.887,7.842,7.861,27344.0
2024-12-07 10:30:00,7.861,7.89,7.82,7.872,43838.2
2024-12-07 11:00:00,7.872,7.92,7.862,7.915,21391.9
2024-12-07 11:30:00,7.915,7.952,7.897,7.898,35786.5
2024-12-07 12:00:00,7.898,7.95,7.882,7.942,29366.0
2024-12-07 12:30:00,7.942,7.959,7.912,7.952,14917.5
2024-12-07 13:00:00,7.952,7.986,7.935,7.96,18142.5
2024-12-07 13:30:00,7.96,7.998,7.934,7.986,499771.5
2024-12-07 14:00:00,7.986,8.0,7.916,7.938,151209.0
2024-12-07 14:30:00,7.938,8.009,7.938,7.98,30810.9
2024-12-07 15:00:00,7.98,7.999,7.928,7.938,70317.1
2024-12-07 15:30:00,7.938,7.971,7.931,7.954,49449.7
2024-12-07 16:00:00,7.954,7.983,7.86,7.868,89469.0
2024-12-07 16:30:00,7.868,7.888,7.83,7.865,84066.7
2024-12-07 17:00:00,7.865,7.872,7.783,7.813,100166.9
2024-12-07 17:30:00,7.813,7.82,7.709,7.764,186829.4
2024-12-07 18:00:00,7.764,7.831,7.76,7.822,70222.0
2024-12-07 18:30:00,7.822,7.872,7.807,7.861,36993.7
2024-12-07 19:00:00,7.861,7.896,7.855,7.869,53434.1
2024-12-07 19:30:00,7.869,7.87,7.8,7.804,84506.5
2024-12-07 20:00:00,7.804,7.867,7.798,7.841,30079.5
2024-12-07 20:30:00,7.841,7.867,7.832,7.852,22428.7
2024-12-07 21:00:00,7.852,7.877,7.812,7.871,22494.7
2024-12-07 21:30:00,7.871,7.882,7.82,7.823,41717.4
2024-12-07 22:00:00,7.823,7.841,7.79,7.832,34503.9
2024-12-07 22:30:00,7.832,7.844,7.816,7.816,18189.9
2024-12-07 23:00:00,7.816,7.875,7.804,7.848,39172.1
2024-12-07 23:30:00,7.848,7.883,7.832,7.832,31362.8
2024-12-08 00:00:00,7.832,7.921,7.788,7.893,45571.4
2024-12-08 00:30:00,7.893,7.95,7.888,7.927,30429.7
2024-12-08 01:00:00,7.927,7.96,7.896,7.925,47899.6
2024-12-08 01:30:00,7.925,7.931,7.843,7.856,24727.5
2024-12-08 02:00:00,7.856,7.866,7.813,7.837,96318.0
2024-12-08 02:30:00,7.837,7.866,7.822,7.841,17346.2
2024-12-08 03:00:00,7.841,7.922,7.84,7.919,10447.4
2024-12-08 03:30:00,7.919,7.92,7.837,7.839,45251.8
2024-12-08 04:00:00,7.839,7.855,7.762,7.771,37295.2
2024-12-08 04:30:00,7.771,7.79,7.753,7.753,32028.6
2024-12-08 05:00:00,7.753,7.766,7.681,7.71,208006.9
2024-12-08 05:30:00,7.71,7.738,7.665,7.72,69238.0
2024-12-08 06:00:00,7.72,7.758,7.684,7.739,62127.0
2024-12-08 06:30:00,7.739,7.79,7.735,7.788,27519.4
2024-12-08 07:00:00,7.788,7.837,7.785,7.818,20727.7
2024-12-08 07:30:00,7.818,7.821,7.779,7.78,20005.1
2024-12-08 08:00:00,7.78,7.782,7.696,7.725,85917.1
2024-12-08 08:30:00,7.725,7.746,7.647,7.647,88851.1
2024-12-08 09:00:00,7.647,7.731,7.647,7.72,85542.4
2024-12-08 09:30:00,7.72,7.731,7.585,7.628,111897.9
2024-12-08 10:00:00,7.628,7.705,7.626,7.674,51777.9
2024-12-08 10:30:00,7.674,7.714,7.662,7.699,115947.7
2024-12-08 11:00:00,7.699,7.754,7.676,7.75,104994.9
2024-12-08 11:30:00,7.75,7.768,7.728,7.734,103368.3
2024-12-08 12:00:00,7.734,7.746,7.664,7.728,63837.1
2024-12-08 12:30:00,7.728,7.814,7.706,7.813,49964.8
2024-12-08 13:00:00,7.813,7.87,7.803,7.829,84593.0
2024-12-08 13:30:00,7.829,7.857,7.815,7.848,41177.1
2024-12-08 14:00:00,7.848,7.848,7.788,7.798,37310.3
2024-12-08 14:30:00,7.798,7.825,7.731,7.738,64542.5
2024-12-08 15:00:00,7.738,7.76,7.68,7.75,179766.7
2024-12-08 15:30:00,7.75,7.791,7.732,7.762,127262.0
2024-12-08 16:00:00,7.762,7.789,7.728,7.748,30861.4
2024-12-08 16:30:00,7.748,7.762,7.677,7.696,53861.8
2024-12-08 17:00:00,7.696,7.726,7.661,7.705,20165.9
2024-12-08 17:30:00,7.705,7.767,7.703,7.759,33603.0
2024-12-08 18:00:00,7.759,7.797,7.724,7.752,60080.9
2024-12-08 18:30:00,7.752,7.765,7.726,7.726,23212.1
2024-12-08 19:00:00,7.726,7.756,7.696,7.701,22379.3
2024-12-08 19:30:00,7.701,7.782,7.7,7.768,21167.5
2024-12-08 20:00:00,7.768,7.785,7.726,7.755,10163.3
2024-12-08 20:30:00,7.755,7.759,7.717,7.721,12892.4
2024-12-08 21:00:00,7.721,7.759,7.698,7.756,14010.2
2024-12-08 21:30:00,7.756,7.837,7.756,7.82,66958.8
2024-12-08 22:00:00,7.82,7.859,7.789,7.849,12670.8
2024-12-08 22:30:00,7.849,7.871,7.833,7.864,23080.3
2024-12-08 23:00:00,7.864,7.867,7.818,7.844,16199.0
2024-12-08 23:30:00,7.844,7.906,7.829,7.879,67812.1
2024-12-09 00:00:00,7.879,7.879,7.784,7.802,74792.2
2024-12-09 00:30:00,7.802,7.833,7.706,7.739,163821.4
2024-12-09 01:00:00,7.739,7.816,7.7,7.763,36735.2
2024-12-09 01:30:00,7.763,7.78,7.651,7.676,86598.2
2024-12-09 02:00:00,7.676,7.733,7.623,7.634,75668.0
2024-12-09 02:30:00,7.634,7.664,7.556,7.614,161362.1
2024-12-09 03:00:00,7.614,7.661,7.583,7.593,26633.3
2024-12-09 03:30:00,7.593,7.595,7.432,7.529,382624.2
2024-12-09 04:00:00,7.529,7.583,7.448,7.506,86902.2
2024-12-09 04:30:00,7.506,7.566,7.491,7.565,25726.8
2024-12-09 05:00:00,7.565,7.606,7.558,7.565,55660.5
2024-12-09 05:30:00,7.565,7.58,7.535,7.542,60854.8
2024-12-09 06:00:00,7.542,7.549,7.404,7.41,246780.7
2024-12-09 06:30:00,7.41,7.439,7.35,7.384,253962.5
2024-12-09 07:00:00,7.384,7.394,7.242,7.283,246786.9
2024-12-09 07:30:00,7.283,7.402,7.266,7.368,77113.4
2024-12-09 08:00:00,7.368,7.371,7.29,7.304,39451.9
2024-12-09 08:30:00,7.304,7.304,7.125,7.14,862204.2
2024-12-09 09:00:00,7.14,7.231,7.072,7.073,380236.8
2024-12-09 09:30:00,7.073,7.169,7.041,7.11,211594.0
2024-12-09 10:00:00,7.11,7.197,7.106,7.136,108713.2
2024-12-09 10:30:00,7.136,7.205,7.128,7.2,72807.9
2024-12-09 11:00:00,7.2,7.2,7.095,7.111,28508.5
2024-12-09 11:30:00,7.111,7.132,7.01,7.026,147973.4
2024-12-09 12:00:00,7.026,7.119,6.965,7.118,131652.3
2024-12-09 12:30:00,7.118,7.123,7.028,7.12,44373.1
2024-12-09 13:00:00,7.12,7.26,7.064,7.247,174620.1
2024-12-09 13:30:00,7.247,7.257,7.196,7.212,58431.2
2024-12-09 14:00:00,7.212,7.218,7.143,7.168,42915.2
2024-12-09 14:30:00,7.168,7.308,7.162,7.288,56202.2
2024-12-09 15:00:00,7.288,7.308,7.1,7.131,186196.8
2024-12-09 15:30:00,7.131,7.166,7.027,7.071,204539.3
2024-12-09 16:00:00,7.071,7.158,7.033,7.118,86286.5
2024-12-09 16:30:00,7.118,7.14,7.075,7.079,28271.2
2024-12-09 17:00:00,7.079,7.135,7.055,7.083,21509.8
2024-12-09 17:30:00,7.083,7.098,7.016,7.017,21749.4
2024-12-09 18:00:00,7.017,7.1,7.017,7.095,18200.1
2024-12-09 18:30:00,7.095,7.102,7.044,7.05,19096.0
2024-12-09 19:00:00,7.05,7.089,7.005,7.081,14092.6
2024-12-09 19:30:00,7.081,7.089,7.019,7.021,16469.6
2024-12-09 20:00:00,7.021,7.034,6.774,6.799,624434.6
2024-12-09 20:30:00,6.799,6.906,6.301,6.495,1427652.9
2024-12-09 21:00:00,6.495,6.495,5.428,6.277,2235370.0
2024-12-09 21:30:00,6.277,6.373,6.123,6.135,371203.5
2024-12-09 22:00:00,6.135,6.191,5.585,6.076,1028342.2
2024-12-09 22:30:00,6.076,6.219,5.988,6.209,204208.6
2024-12-09 23:00:00,6.209,6.288,6.127,6.287,151747.6
2024-12-09 23:30:00,6.287,6.316,6.233,6.27,47041.2
2024-12-10 00:00:00,6.27,6.358,6.147,6.354,107401.6
2024-12-10 00:30:00,6.354,6.45,6.318,6.359,171780.5
2024-12-10 01:00:00,6.359,6.394,6.272,6.294,241105.8
2024-12-10 01:30:00,6.294,6.372,6.209,6.367,259740.5
2024-12-10 02:00:00,6.367,6.367,6.19,6.198,94463.2
2024-12-10 02:30:00,6.198,6.274,6.116,6.118,102851.2
2024-12-10 03:00:00,6.118,6.195,5.946,6.027,150593.8
2024-12-10 03:30:00,6.027,6.227,6.018,6.208,93446.6
2024-12-10 04:00:00,6.208,6.217,6.063,6.136,91932.5
2024-12-10 04:30:00,6.136,6.259,6.126,6.255,52401.7
2024-12-10 05:00:00,6.255,6.305,6.218,6.253,53459.3
2024-12-10 05:30:00,6.253,6.343,6.248,6.335,28462.4
2024-12-10 06:00:00,6.335,6.363,6.293,6.35,66652.5
2024-12-10 06:30:00,6.35,6.393,6.341,6.355,40040.0
2024-12-10 07:00:00,6.355,6.362,6.305,6.315,37142.1
2024-12-10 07:30:00,6.315,6.336,6.263,6.329,44205.9
2024-12-10 08:00:00,6.329,6.376,6.262,6.351,63412.7
2024-12-10 08:30:00,6.351,6.379,6.305,6.377,34193.5
2024-12-10 09:00:00,6.377,6.432,6.347,6.369,78077.0
2024-12-10 09:30:00,6.369,6.399,6.332,6.367,35227.1
2024-12-10 10:00:00,6.367,6.475,6.364,6.414,36198.6
2024-12-10 10:30:00,6.414,6.463,6.405,6.432,29668.2
2024-12-10 11:00:00,6.432,6.432,6.353,6.402,35989.5
2024-12-10 11:30:00,6.402,6.402,6.305,6.352,67569.5
2024-12-10 12:00:00,6.352,6.353,6.2,6.2,106724.6
2024-12-10 12:30:00,6.2,6.238,6.085,6.124,196670.3
2024-12-10 13:00:00,6.124,6.221,6.113,6.134,90212.1
2024-12-10 13:30:00,6.134,6.268,6.129,6.207,40541.9
2024-12-10 14:00:00,6.207,6.308,6.204,6.287,29295.5
2024-12-10 14:30:00,6.287,6.317,6.161,6.197,68781.1
2024-12-10 15:00:00,6.197,6.237,6.002,6.008,94620.9
2024-12-10 15:30:00,6.008,6.07,5.857,5.869,181159.5
2024-12-10 16:00:00,5.869,5.984,5.812,5.933,195727.0
2024-12-10 16:30:00,5.933,6.055,5.82,6.041,141388.4
2024-12-10 17:00:00,6.041,6.041,5.831,5.832,73833.3
2024-12-10 17:30:00,5.832,5.888,5.707,5.707,140871.9
2024-12-10 18:00:00,5.707,5.892,5.677,5.834,104588.6
2024-12-10 18:30:00,5.834,5.942,5.827,5.893,33182.9
2024-12-10 19:00:00,5.893,6.043,5.889,6.02,65355.7
2024-12-10 19:30:00,6.02,6.09,5.996,6.076,67391.3
2024-12-10 20:00:00,6.076,6.122,6.03,6.116,36613.8
2024-12-10 20:30:00,6.116,6.144,6.081,6.126,33884.0
2024-12-10 21:00:00,6.126,6.25,6.126,6.225,71165.7
2024-12-10 21:30:00,6.225,6.274,6.175,6.197,39472.0
2024-12-10 22:00:00,6.197,6.214,6.157,6.209,55391.3
2024-12-10 22:30:00,6.209,6.232,6.189,6.198,33141.0
2024-12-10 23:00:00,6.198,6.246,6.192,6.231,78196.5
2024-12-10 23:30:00,6.231,6.247,6.177,6.2,11646.5
2024-12-11 00:00:00,6.2,6.214,6.135,6.135,33366.1
2024-12-11 00:30:00,6.135,6.151,6.039,6.116,128023.7
2024-12-11 01:00:00,6.116,6.122,5.944,5.945,284174.9
2024-12-11 01:30:00,5.945,6.075,5.945,5.97,74343.2
2024-12-11 02:00:00,5.97,6.1,5.942,6.092,71538.7
2024-12-11 02:30:00,6.092,6.223,6.07,6.179,94873.3
2024-12-11 03:00:00,6.179,6.236,6.162,6.195,20659.3
2024-12-11 03:30:00,6.195,6.208,6.165,6.185,32420.0
2024-12-11 04:00:00,6.185,6.227,6.159,6.181,41046.8
2024-12-11 04:30:00,6.181,6.213,6.15,6.202,23436.7
2024-12-11 05:00:00,6.202,6.219,6.156,6.164,6530.1
2024-12-11 05:30:00,6.164,6.196,6.142,6.179,24599.4
2024-12-11 06:00:00,6.179,6.208,6.152,6.192,17404.0
2024-12-11 06:30:00,6.192,6.199,6.168,6.188,17925.1
2024-12-11 07:00:00,6.188,6.219,6.172,6.183,43215.7
2024-12-11 07:30:00,6.183,6.216,6.106,6.114,36987.9
2024-12-11 08:00:00,6.114,6.245,6.113,6.235,44252.7
2024-12-11 08:30:00,6.235,6.324,6.229,6.277,140838.5
2024-12-11 09:00:00,6.277,6.288,6.22,6.228,45904.7
2024-12-11 09:30:00,6.228,6.277,6.217,6.273,14005.3
2024-12-11 10:00:00,6.273,6.287,6.222,6.239,20039.6
2024-12-11 10:30:00,6.239,6.286,6.239,6.28,15678.3
2024-12-11 11:00:00,6.28,6.335,6.267,6.33,40888.8
2024-12-11 11:30:00,6.33,6.357,6.277,6.313,63720.5
2024-12-11 12:00:00,6.313,6.399,6.311,6.399,44524.8
2024-12-11 12:30:00,6.399,6.429,6.365,6.381,35430.5
2024-12-11 13:00:00,6.381,6.417,6.341,6.395,81502.2
2024-12-11 13:30:00,6.395,6.527,6.395,6.482,156231.7
2024-12-11 14:00:00,6.482,6.494,6.387,6.443,141564.6
2024-12-11 14:30:00,6.443,6.582,6.417,6.537,65723.7
2024-12-11 15:00:00,6.537,6.726,6.533,6.688,78166.1
2024-12-11 15:30:00,6.688,6.701,6.629,6.675,110750.5
2024-12-11 16:00:00,6.675,6.71,6.621,6.675,29557.9
2024-12-11 16:30:00,6.675,6.691,6.565,6.58,66742.9
2024-12-11 17:00:00,6.58,6.621,6.547,6.548,30691.2
2024-12-11 17:30:00,6.548,6.571,6.503,6.516,40906.3
2024-12-11 18:00:00,6.516,6.576,6.512,6.567,39199.3
2024-12-11 18:30:00,6.567,6.592,6.55,6.566,10131.3
2024-12-11 19:00:00,6.566,6.592,6.558,6.587,8672.8
2024-12-11 19:30:00,6.587,6.63,6.577,6.63,38193.7
2024-12-11 20:00:00,6.63,6.656,6.616,6.635,14560.1
2024-12-11 20:30:00,6.635,6.662,6.615,6.648,7964.9
2024-12-11 21:00:00,6.648,6.648,6.616,6.628,31623.4
2024-12-11 21:30:00,6.628,6.647,6.612,6.641,26671.4
2024-12-11 22:00:00,6.641,6.709,6.639,6.687,71847.7
2024-12-11 22:30:00,6.687,6.773,6.664,6.748,46764.0
2024-12-11 23:00:00,6.748,6.786,6.716,6.732,46281.2
2024-12-11 23:30:00,6.732,6.735,6.669,6.679,30667.0
2024-12-12 00:00:00,6.679,6.725,6.646,6.677,31428.0
2024-12-12 00:30:00,6.677,6.717,6.627,6.655,33245.8
2024-12-12 01:00:00,6.655,6.762,6.651,6.735,40357.7
2024-12-12 01:30:00,6.735,6.736,6.644,6.675,24569.2
2024-12-12 02:00:00,6.675,6.776,6.675,6.763,26128.9
2024-12-12 02:30:00,6.763,6.926,6.762,6.917,71517.5
2024-12-12 03:00:00,6.917,6.992,6.856,6.991,44225.9
2024-12-12 03:30:00,6.991,7.02,6.964,6.989,68459.5
2024-12-12 04:00:00,6.989,7.107,6.983,7.091,100814.1
2024-12-12 04:30:00,7.091,7.135,7.003,7.009,97197.2
2024-12-12 05:00:00,7.009,7.094,7.0,7.094,20496.2
2024-12-12 05:30:00,7.094,7.155,7.046,7.046,44841.1
2024-12-12 06:00:00,7.046,7.065,6.965,6.989,41516.1
2024-12-12 06:30:00,6.989,7.012,6.963,6.982,18245.1
2024-12-12 07:00:00,6.982,6.991,6.949,6.977,37060.1
2024-12-12 07:30:00,6.977,6.997,6.926,6.933,39928.8
2024-12-12 08:00:00,6.933,6.996,6.933,6.974,27294.2
2024-12-12 08:30:00,6.974,6.998,6.966,6.974,12773.5
2024-12-12 09:00:00,6.974,7.035,6.974,7.01,53059.9
2024-12-12 09:30:00,7.01,7.01,6.9,6.901,91938.9
2024-12-12 10:00:00,6.901,6.911,6.815,6.857,128646.7
2024-12-12 10:30:00,6.857,6.861,6.803,6.84,41435.2
2024-12-12 11:00:00,6.84,6.845,6.767,6.81,73972.3
2024-12-12 11:30:00,6.81,6.815,6.729,6.79,149989.2
2024-12-12 12:00:00,6.79,6.859,6.79,6.826,79224.9
2024-12-12 12:30:00,6.826,6.919,6.807,6.896,61666.3
2024-12-12 13:00:00,6.896,6.973,6.869,6.925,44958.5
2024-12-12 13:30:00,6.925,6.955,6.775,6.84,108241.4
2024-12-12 14:00:00,6.84,6.918,6.791,6.897,38074.3
2024-12-12 14:30:00,6.897,6.915,6.792,6.9,63334.3
2024-12-12 15:00:00,6.9,6.937,6.803,6.884,56279.5
2024-12-12 15:30:00,6.884,6.926,6.819,6.878,15426.5
2024-12-12 16:00:00,6.878,6.969,6.878,6.893,42895.4
2024-12-12 16:30:00,6.893,6.915,6.838,6.908,17011.9
2024-12-12 17:00:00,6.908,6.962,6.902,6.934,8718.8
2024-12-12 17:30:00,6.934,6.946,6.886,6.921,12513.6
2024-12-12 18:00:00,6.921,6.93,6.891,6.91,17334.8
2024-12-12 18:30:00,6.91,6.912,6.832,6.852,35292.3
2024-12-12 19:00:00,6.852,6.902,6.781,6.804,43173.1
2024-12-12 19:30:00,6.804,6.822,6.65,6.67,240015.7
2024-12-12 20:00:00,6.67,6.745,6.663,6.725,36449.8
2024-12-12 20:30:00,6.725,6.822,6.725,6.799,39410.5
2024-12-12 21:00:00,6.799,6.817,6.762,6.806,17016.7
2024-12-12 21:30:00,6.806,6.806,6.708,6.72,26430.4
2024-12-12 22:00:00,6.72,6.724,6.603,6.686,120131.2
2024-12-12 22:30:00,6.686,6.723,6.64,6.692,36913.4
2024-12-12 23:00:00,6.692,6.718,6.654,6.682,15895.0
2024-12-12 23:30:00,6.682,6.745,6.679,6.737,14406.7
2024-12-13 00:00:00,6.737,6.798,6.697,6.757,33602.5
2024-12-13 00:30:00,6.757,6.793,6.726,6.727,11295.0
2024-12-13 01:00:00,6.727,6.728,6.568,6.593,63959.6
2024-12-13 01:30:00,6.593,6.662,6.585,6.646,12768.7
2024-12-13 02:00:00,6.646,6.714,6.642,6.71,22896.3
2024-12-13 02:30:00,6.71,6.825,6.694,6.744,56932.1
2024-12-13 03:00:00,6.744,6.789,6.732,6.736,15539.4
2024-12-13 03:30:00,6.736,6.776,6.719,6.736,25383.8
2024-12-13 04:00:00,6.736,6.752,6.656,6.66,86727.7
2024-12-13 04:30:00,6.66,6.692,6.613,6.668,18952.0
2024-12-13 05:00:00,6.668,6.731,6.649,6.671,15241.5
2024-12-13 05:30:00,6.671,6.684,6.642,6.648,4822.5
2024-12-13 06:00:00,6.648,6.694,6.641,6.676,14465.2
2024-12-13 06:30:00,6.676,6.686,6.561,6.564,45254.6
2024-12-13 07:00:00,6.564,6.584,6.515,6.555,44485.5
2024-12-13 07:30:00,6.555,6.644,6.553,6.6,20351.0
2024-12-13 08:00:00,6.6,6.649,6.573,6.648,35613.9
2024-12-13 08:30:00,6.648,6.66,6.621,6.651,6962.2
2024-12-13 09:00:00,6.651,6.67,6.612,6.63,8930.1
2024-12-13 09:30:00,6.63,6.64,6.577,6.626,11431.4
2024-12-13 10:00:00,6.626,6.661,6.579,6.59,19240.3
2024-12-13 10:30:00,6.59,6.689,6.59,6.674,19663.9
2024-12-13 11:00:00,6.674,6.782,6.671,6.762,23420.9
2024-12-13 11:30:00,6.762,6.762,6.693,6.693,27705.4
2024-12-13 12:00:00,6.693,6.813,6.693,6.788,78254.0
2024-12-13 12:30:00,6.788,6.794,6.746,6.787,21530.3
2024-12-13 13:00:00,6.787,6.79,6.687,6.703,17713.5
2024-12-13 13:30:00,6.703,6.757,6.655,6.725,57208.5
2024-12-13 14:00:00,6.725,6.776,6.673,6.704,38661.9
2024-12-13 14:30:00,6.704,6.792,6.694,6.784,31913.0
2024-12-13 15:00:00,6.784,6.852,6.737,6.796,40731.6
2024-12-13 15:30:00,6.796,6.835,6.591,6.601,91522.2
2024-12-13 16:00:00,6.601,6.689,6.589,6.651,112056.4
2024-12-13 16:30:00,6.651,6.773,6.644,6.756,31392.7
2024-12-13 17:00:00,6.756,6.767,6.683,6.751,14925.7
2024-12-13 17:30:00,6.751,6.754,6.676,6.729,31980.7
2024-12-13 18:00:00,6.729,6.736,6.689,6.712,15463.2
2024-12-13 18:30:00,6.712,6.778,6.69,6.706,9724.5
2024-12-13 19:00:00,6.706,6.736,6.686,6.697,7703.7
2024-12-13 19:30:00,6.697,6.723,6.685,6.721,14694.7
2024-12-13 20:00:00,6.721,6.826,6.717,6.817,25096.2
2024-12-13 20:30:00,6.817,6.819,6.741,6.762,32726.0
2024-12-13 21:00:00,6.762,6.762,6.71,6.731,7305.2
2024-12-13 21:30:00,6.731,6.758,6.653,6.655,39237.1
2024-12-13 22:00:00,6.655,6.674,6.592,6.612,43766.6
2024-12-13 22:30:00,6.612,6.648,6.608,6.627,24596.6
2024-12-13 23:00:00,6.627,6.701,6.613,6.698,17405.4
2024-12-13 23:30:00,6.698,6.753,6.696,6.748,21182.4
2024-12-14 00:00:00,6.748,6.797,6.708,6.764,31704.4
2024-12-14 00:30:00,6.764,6.778,6.682,6.72,12803.3
2024-12-14 01:00:00,6.72,6.836,6.72,6.836,29881.3
2024-12-14 01:30:00,6.836,6.848,6.782,6.786,25029.3
2024-12-14 02:00:00,6.786,6.792,6.737,6.755,17205.4
2024-12-14 02:30:00,6.755,6.795,6.749,6.754,3251.1
2024-12-14 03:00:00,6.754,6.77,6.739,6.742,21061.3
2024-12-14 03:30:00,6.742,6.742,6.688,6.708,37764.9
2024-12-14 04:00:00,6.708,6.726,6.66,6.688,24140.7
2024-12-14 04:30:00,6.688,6.725,6.671,6.709,14042.5
2024-12-14 05:00:00,6.709,6.727,6.691,6.703,5376.1
2024-12-14 05:30:00,6.703,6.776,6.698,6.758,6533.8
2024-12-14 06:00:00,6.758,6.812,6.749,6.807,28204.4
2024-12-14 06:30:00,6.807,6.812,6.771,6.778,15824.2
2024-12-14 07:00:00,6.778,6.778,6.731,6.742,10211.1
2024-12-14 07:30:00,6.742,6.765,6.731,6.744,5926.6
2024-12-14 08:00:00,6.744,6.799,6.744,6.786,15940.7
2024-12-14 08:30:00,6.786,6.797,6.755,6.769,12567.1
2024-12-14 09:00:00,6.769,6.769,6.707,6.731,13054.4
2024-12-14 09:30:00,6.731,6.754,6.725,6.734,8200.0
2024-12-14 10:00:00,6.734,6.736,6.661,6.678,26734.0
2024-12-14 10:30:00,6.678,6.707,6.671,6.699,12827.6
2024-12-14 11:00:00,6.699,6.708,6.663,6.693,23603.3
2024-12-14 11:30:00,6.693,6.695,6.633,6.644,34026.0
2024-12-14 12:00:00,6.644,6.663,6.596,6.597,44122.8
2024-12-14 12:30:00,6.597,6.599,6.536,6.541,75086.3
2024-12-14 13:00:00,6.541,6.564,6.415,6.478,217287.2
2024-12-14 13:30:00,6.478,6.499,6.427,6.441,47588.6
2024-12-14 14:00:00,6.441,6.526,6.437,6.516,46123.7
2024-12-14 14:30:00,6.516,6.546,6.498,6.523,19395.5
2024-12-14 15:00:00,6.523,6.536,6.477,6.499,52523.6
2024-12-14 15:30:00,6.499,6.539,6.486,6.503,18676.4
2024-12-14 16:00:00,6.503,6.503,6.396,6.427,103162.0
2024-12-14 16:30:00,6.427,6.513,6.425,6.488,22507.4
2024-12-14 17:00:00,6.488,6.494,6.409,6.409,71158.9
2024-12-14 17:30:00,6.409,6.427,6.344,6.366,48902.2
2024-12-14 18:00:00,6.366,6.394,6.31,6.31,30138.3
2024-12-14 18:30:00,6.31,6.34,6.278,6.295,61659.9
2024-12-14 19:00:00,6.295,6.339,6.291,6.331,15420.6
2024-12-14 19:30:00,6.331,6.355,6.322,6.353,16900.6
2024-12-14 20:00:00,6.353,6.385,6.326,6.343,13466.9
2024-12-14 20:30:00,6.343,6.349,6.261,6.274,26545.3
2024-12-14 21:00:00,6.274,6.372,6.274,6.37,44085.5
2024-12-14 21:30:00,6.37,6.37,6.333,6.363,28152.5
2024-12-14 22:00:00,6.363,6.415,6.355,6.415,27147.1
2024-12-14 22:30:00,6.415,6.426,6.383,6.404,12942.4
2024-12-14 23:00:00,6.404,6.449,6.386,6.438,51305.6
2024-12-14 23:30:00,6.438,6.456,6.414,6.435,8616.2
2024-12-15 00:00:00,6.435,6.435,6.396,6.42,43630.9
2024-12-15 00:30:00,6.42,6.42,6.351,6.382,36731.8
2024-12-15 01:00:00,6.382,6.472,6.377,6.438,63671.0
2024-12-15 01:30:00,6.438,6.502,6.421,6.495,32062.6
2024-12-15 02:00:00,6.495,6.521,6.463,6.501,33543.1
2024-12-15 02:30:00,6.501,6.521,6.472,6.475,5694.3
2024-12-15 03:00:00,6.475,6.489,6.431,6.438,18212.3
2024-12-15 03:30:00,6.438,6.445,6.413,6.414,20122.8
2024-12-15 04:00:00,6.414,6.526,6.404,6.506,21672.1
2024-12-15 04:30:00,6.506,6.517,6.466,6.478,9961.3
2024-12-15 05:00:00,6.478,6.505,6.468,6.499,9090.5
2024-12-15 05:30:00,6.499,6.537,6.471,6.476,8469.5
2024-12-15 06:00:00,6.476,6.49,6.442,6.464,12288.4
2024-12-15 06:30:00,6.464,6.48,6.422,6.428,43103.7
2024-12-15 07:00:00,6.428,6.453,6.38,6.39,25998.2
2024-12-15 07:30:00,6.39,6.406,6.313,6.368,84966.0
2024-12-15 08:00:00,6.368,6.44,6.366,6.418,37752.9
2024-12-15 08:30:00,6.418,6.529,6.418,6.521,34397.5
2024-12-15 09:00:00,6.521,6.521,6.468,6.475,26359.8
2024-12-15 09:30:00,6.475,6.537,6.475,6.517,6472.6
2024-12-15 10:00:00,6.517,6.54,6.499,6.515,48734.6
2024-12-15 10:30:00,6.515,6.532,6.467,6.47,16081.8
2024-12-15 11:00:00,6.47,6.521,6.468,6.499,22448.2
2024-12-15 11:30:00,6.499,6.515,6.48,6.503,37797.4
2024-12-15 12:00:00,6.503,6.541,6.478,6.504,35789.6
2024-12-15 12:30:00,6.504,6.585,6.504,6.568,85927.8
2024-12-15 13:00:00,6.568,6.62,6.517,6.611,53029.3
2024-12-15 13:30:00,6.611,6.675,6.58,6.629,50978.0
2024-12-15 14:00:00,6.629,6.765,6.629,6.76,53222.4
2024-12-15 14:30:00,6.76,6.784,6.731,6.761,30028.1
2024-12-15 15:00:00,6.761,6.774,6.696,6.723,47923.6
2024-12-15 15:30:00,6.723,6.727,6.662,6.68,52486.3
2024-12-15 16:00:00,6.68,6.704,6.666,6.678,12410.9
2024-12-15 16:30:00,6.678,6.697,6.655,6.662,8657.4
2024-12-15 17:00:00,6.662,6.666,6.635,6.648,26159.3
2024-12-15 17:30:00,6.648,6.664,6.61,6.619,31931.7
2024-12-15 18:00:00,6.619,6.633,6.592,6.617,19156.7
2024-12-15 18:30:00,6.617,6.633,6.61,6.612,7515.0
2024-12-15 19:00:00,6.612,6.664,6.612,6.652,15310.6
2024-12-15 19:30:00,6.652,6.663,6.621,6.625,4432.8
2024-12-15 20:00:00,6.625,6.642,6.602,6.613,4828.9
2024-12-15 20:30:00,6.613,6.622,6.571,6.579,19171.5
2024-12-15 21:00:00,6.579,6.586,6.454,6.473,67070.4
2024-12-15 21:30:00,6.473,6.507,6.441,6.448,19537.2
2024-12-15 22:00:00,6.448,6.551,6.403,6.517,72250.6
2024-12-15 22:30:00,6.517,6.594,6.505,6.577,22727.2
2024-12-15 23:00:00,6.577,6.74,6.571,6.722,35156.6
2024-12-15 23:30:00,6.722,6.763,6.682,6.734,37016.6
2024-12-16 00:00:00,6.734,6.788,6.697,6.785,45968.4
2024-12-16 00:30:00,6.785,6.904,6.785,6.894,76906.9
2024-12-16 01:00:00,6.894,6.943,6.884,6.892,81589.3
2024-12-16 01:30:00,6.892,6.896,6.831,6.846,43512.1
2024-12-16 02:00:00,6.846,6.854,6.724,6.735,55108.8
2024-12-16 02:30:00,6.735,6.786,6.726,6.741,31470.3
2024-12-16 03:00:00,6.741,6.758,6.679,6.692,33262.7
2024-12-16 03:30:00,6.692,6.722,6.621,6.668,85783.2
2024-12-16 04:00:00,6.668,6.702,6.647,6.685,20825.6
2024-12-16 04:30:00,6.685,6.737,6.685,6.734,7800.2
2024-12-16 05:00:00,6.734,6.756,6.68,6.716,19623.0
2024-12-16 05:30:00,6.716,6.751,6.713,6.74,18363.0
2024-12-16 06:00:00,6.74,6.758,6.7,6.7,10177.9
2024-12-16 06:30:00,6.7,6.721,6.64,6.66,19963.6
2024-12-16 07:00:00,6.66,6.714,6.644,6.71,55523.5
2024-12-16 07:30:00,6.71,6.721,6.672,6.69,43363.1
2024-12-16 08:00:00,6.69,6.695,6.601,6.615,19431.2
2024-12-16 08:30:00,6.615,6.652,6.602,6.613,27253.6
2024-12-16 09:00:00,6.613,6.634,6.574,6.607,24256.5
2024-12-16 09:30:00,6.607,6.635,6.575,6.579,20737.6
2024-12-16 10:00:00,6.579,6.591,6.542,6.548,44625.2
2024-12-16 10:30:00,6.548,6.601,6.545,6.586,14747.0
2024-12-16 11:00:00,6.586,6.592,6.538,6.542,15571.4
2024-12-16 11:30:00,6.542,6.554,6.468,6.495,44072.4
2024-12-16 12:00:00,6.495,6.513,6.472,6.505,74736.7
2024-12-16 12:30:00,6.505,6.529,6.459,6.478,30537.3
2024-12-16 13:00:00,6.478,6.551,6.444,6.516,47108.3
2024-12-16 13:30:00,6.516,6.518,6.448,6.474,52964.6
2024-12-16 14:00:00,6.474,6.512,6.461,6.47,29879.1
2024-12-16 14:30:00,6.47,6.575,6.466,6.473,67170.5
2024-12-16 15:00:00,6.473,6.578,6.447,6.555,65105.3
2024-12-16 15:30:00,6.555,6.58,6.52,6.555,57020.9
2024-12-16 16:00:00,6.555,6.655,6.555,6.634,45887.2
2024-12-16 16:30:00,6.634,6.773,6.621,6.735,59578.0
2024-12-16 17:00:00,6.735,6.831,6.712,6.808,35150.8
2024-12-16 17:30:00,6.808,6.808,6.701,6.729,114832.0
2024-12-16 18:00:00,6.729,6.765,6.713,6.737,7852.3
2024-12-16 18:30:00,6.737,6.801,6.686,6.8,27819.0
2024-12-16 19:00:00,6.8,6.804,6.659,6.678,61652.6
2024-12-16 19:30:00,6.678,6.704,6.646,6.677,16257.1
2024-12-16 20:00:00,6.677,6.72,6.662,6.702,8622.7
2024-12-16 20:30:00,6.702,6.704,6.615,6.631,115996.6
2024-12-16 21:00:00,6.631,6.668,6.625,6.658,45159.8
2024-12-16 21:30:00,6.658,6.694,6.637,6.683,7888.9
2024-12-16 22:00:00,6.683,6.703,6.666,6.681,20310.4
2024-12-16 22:30:00,6.681,6.681,6.593,6.614,33244.4
2024-12-16 23:00:00,6.614,6.64,6.553,6.556,17828.6
2024-12-16 23:30:00,6.556,6.56,6.525,6.534,30817.0
2024-12-17 00:00:00,6.534,6.545,6.419,6.452,90141.0
2024-12-17 00:30:00,6.452,6.493,6.393,6.41,31716.2
2024-12-17 01:00:00,6.41,6.487,6.399,6.485,29537.8
2024-12-17 01:30:00,6.485,6.516,6.465,6.501,23151.4
2024-12-17 02:00:00,6.501,6.542,6.487,6.502,20858.7
2024-12-17 02:30:00,6.502,6.526,6.49,6.501,6832.0
2024-12-17 03:00:00,6.501,6.527,6.492,6.512,3462.9
2024-12-17 03:30:00,6.512,6.533,6.497,6.514,10803.9
2024-12-17 04:00:00,6.514,6.514,6.429,6.43,14771.7
2024-12-17 04:30:00,6.43,6.455,6.398,6.452,28174.3
2024-12-17 05:00:00,6.452,6.484,6.417,6.445,24396.8
2024-12-17 05:30:00,6.445,6.488,6.438,6.479,7845.5
2024-12-17 06:00:00,6.479,6.483,6.407,6.407,13861.9
2024-12-17 06:30:00,6.407,6.444,6.406,6.436,7842.5
2024-12-17 07:00:00,6.436,6.474,6.431,6.474,12969.9
2024-12-17 07:30:00,6.474,6.48,6.395,6.417,6061.0
2024-12-17 08:00:00,6.417,6.444,6.413,6.444,16081.7
2024-12-17 08:30:00,6.444,6.484,6.423,6.43,24858.7
2024-12-17 09:00:00,6.43,6.474,6.413,6.474,15131.2
2024-12-17 09:30:00,6.474,6.59,6.471,6.582,141157.1
2024-12-17 10:00:00,6.582,6.627,6.542,6.627,105903.9
2024-12-17 10:30:00,6.627,6.636,6.578,6.602,31612.8
2024-12-17 11:00:00,6.602,6.66,6.561,6.638,34374.7
2024-12-17 11:30:00,6.638,6.652,6.574,6.594,42879.1
2024-12-17 12:00:00,6.594,6.639,6.533,6.563,19649.4
2024-12-17 12:30:00,6.563,6.627,6.559,6.59,11918.4
2024-12-17 13:00:00,6.59,6.591,6.527,6.57,32044.4
2024-12-17 13:30:00,6.57,6.643,6.557,6.595,23946.5
2024-12-17 14:00:00,6.595,6.598,6.506,6.542,60073.5
2024-12-17 14:30:00,6.542,6.57,6.436,6.534,29036.6
2024-12-17 15:00:00,6.534,6.534,6.331,6.331,100052.2
2024-12-17 15:30:00,6.331,6.385,6.311,6.352,66923.3
2024-12-17 16:00:00,6.352,6.434,6.292,6.42,65863.4
2024-12-17 16:30:00,6.42,6.445,6.38,6.428,20428.5
2024-12-17 17:00:00,6.428,6.527,6.422,6.527,23991.6
2024-12-17 17:30:00,6.527,6.602,6.527,6.558,20403.6
2024-12-17 18:00:00,6.558,6.567,6.448,6.45,43515.1
2024-12-17 18:30:00,6.45,6.489,6.407,6.411,27973.9
2024-12-17 19:00:00,6.411,6.448,6.365,6.426,16496.6
2024-12-17 19:30:00,6.426,6.438,6.394,6.428,7264.8
2024-12-17 20:00:00,6.428,6.472,6.412,6.447,28930.0
2024-12-17 20:30:00,6.447,6.466,6.421,6.429,8152.0
2024-12-17 21:00:00,6.429,6.448,6.357,6.427,34818.7
2024-12-17 21:30:00,6.427,6.436,6.401,6.407,13719.2
2024-12-17 22:00:00,6.407,6.421,6.343,6.374,16137.3
2024-12-17 22:30:00,6.374,6.395,6.279,6.317,100450.2
2024-12-17 23:00:00,6.317,6.317,6.21,6.272,68859.3
2024-12-17 23:30:00,6.272,6.289,6.222,6.288,90423.3
2024-12-18 00:00:00,6.288,6.34,6.27,6.288,37960.6
2024-12-18 00:30:00,6.288,6.31,6.203,6.268,67553.9
2024-12-18 01:00:00,6.268,6.329,6.257,6.307,14497.8
2024-12-18 01:30:00,6.307,6.34,6.208,6.221,64632.2
2024-12-18 02:00:00,6.221,6.294,6.185,6.268,88441.2
2024-12-18 02:30:00,6.268,6.279,6.222,6.25,25094.0
2024-12-18 03:00:00,6.25,6.273,6.211,6.221,33069.7
2024-12-18 03:30:00,6.221,6.227,6.164,6.181,35517.7
2024-12-18 04:00:00,6.181,6.187,6.078,6.125,90316.0
2024-12-18 04:30:00,6.125,6.138,6.065,6.136,30849.7
2024-12-18 05:00:00,6.136,6.174,6.105,6.159,22721.4
2024-12-18 05:30:00,6.159,6.174,6.093,6.111,64693.7
2024-12-18 06:00:00,6.111,6.152,6.096,6.127,52272.1
2024-12-18 06:30:00,6.127,6.127,6.015,6.073,92237.0
2024-12-18 07:00:00,6.073,6.126,6.067,6.111,15696.9
2024-12-18 07:30:00,6.111,6.113,6.07,6.089,28687.7
2024-12-18 08:00:00,6.089,6.113,6.053,6.053,22148.7
2024-12-18 08:30:00,6.053,6.092,6.04,6.09,20919.5
2024-12-18 09:00:00,6.09,6.159,6.086,6.152,30995.6
2024-12-18 09:30:00,6.152,6.172,6.145,6.149,22976.2
2024-12-18 10:00:00,6.149,6.154,6.111,6.133,16427.6
2024-12-18 10:30:00,6.133,6.161,6.109,6.151,24914.0
2024-12-18 11:00:00,6.151,6.198,6.146,6.181,58916.3
2024-12-18 11:30:00,6.181,6.204,6.169,6.195,30564.7
2024-12-18 12:00:00,6.195,6.197,6.104,6.104,39121.6
2024-12-18 12:30:00,6.104,6.111,6.022,6.056,96220.9
2024-12-18 13:00:00,6.056,6.113,6.03,6.1,80062.7
2024-12-18 13:30:00,6.1,6.106,6.042,6.075,8206.4
2024-12-18 14:00:00,6.075,6.125,6.071,6.082,19604.5
2024-12-18 14:30:00,6.082,6.117,6.037,6.044,55556.9
2024-12-18 15:00:00,6.044,6.107,5.989,6.078,60085.7
2024-12-18 15:30:00,6.078,6.092,6.036,6.071,11107.4
2024-12-18 16:00:00,6.071,6.114,6.017,6.078,25083.0
2024-12-18 16:30:00,6.078,6.107,6.048,6.086,22763.7
2024-12-18 17:00:00,6.086,6.086,6.001,6.013,18131.1
2024-12-18 17:30:00,6.013,6.139,6.013,6.11,36964.5
2024-12-18 18:00:00,6.11,6.154,6.082,6.132,15257.0
2024-12-18 18:30:00,6.132,6.188,6.107,6.182,27757.8
2024-12-18 19:00:00,6.182,6.198,6.039,6.09,88215.4
2024-12-18 19:30:00,6.09,6.157,5.915,5.915,92246.6
2024-12-18 20:00:00,5.915,5.973,5.533,5.796,891484.7
2024-12-18 20:30:00,5.796,5.81,5.688,5.702,116041.6
2024-12-18 21:00:00,5.702,5.788,5.655,5.749,81231.8
2024-12-18 21:30:00,5.749,5.814,5.728,5.735,17470.1
2024-12-18 22:00:00,5.735,5.761,5.65,5.758,195795.5
2024-12-18 22:30:00,5.758,5.774,5.672,5.68,47524.5
2024-12-18 23:00:00,5.68,5.747,5.638,5.74,70264.1
2024-12-18 23:30:00,5.74,5.74,5.623,5.647,26338.5
2024-12-19 00:00:00,5.647,5.706,5.575,5.698,75614.4
2024-12-19 00:30:00,5.698,5.708,5.608,5.679,37448.6
2024-12-19 01:00:00,5.679,5.68,5.59,5.627,15491.1
2024-12-19 01:30:00,5.627,5.634,5.475,5.525,84149.5
2024-12-19 02:00:00,5.525,5.538,5.306,5.383,415632.5
2024-12-19 02:30:00,5.383,5.559,5.326,5.559,128588.1
2024-12-19 03:00:00,5.559,5.648,5.556,5.624,46290.4
2024-12-19 03:30:00,5.624,5.663,5.61,5.63,107769.5
2024-12-19 04:00:00,5.63,5.649,5.609,5.641,17159.3
2024-12-19 04:30:00,5.641,5.66,5.603,5.603,18228.7
2024-12-19 05:00:00,5.603,5.642,5.603,5.614,6098.6
2024-12-19 05:30:00,5.614,5.661,5.611,5.635,17157.6
2024-12-19 06:00:00,5.635,5.635,5.577,5.585,10690.8
2024-12-19 06:30:00,5.585,5.646,5.585,5.615,5186.4
2024-12-19 07:00:00,5.615,5.674,5.611,5.664,19624.8
2024-12-19 07:30:00,5.664,5.68,5.644,5.666,30704.6
2024-12-19 08:00:00,5.666,5.666,5.602,5.634,19490.5
2024-12-19 08:30:00,5.634,5.643,5.584,5.593,33330.4
2024-12-19 09:00:00,5.593,5.638,5.591,5.616,22164.2
2024-12-19 09:30:00,5.616,5.645,5.612,5.636,12391.2
2024-12-19 10:00:00,5.636,5.669,5.605,5.647,23306.7
2024-12-19 10:30:00,5.647,5.736,5.644,5.697,26294.8
2024-12-19 11:00:00,5.697,5.719,5.656,5.707,20600.8
2024-12-19 11:30:00,5.707,5.707,5.675,5.695,13099.6
2024-12-19 12:00:00,5.695,5.703,5.64,5.659,29036.1
2024-12-19 12:30:00,5.659,5.659,5.588,5.601,34136.4
2024-12-19 13:00:00,5.601,5.652,5.592,5.64,15265.1
2024-12-19 13:30:00,5.64,5.64,5.562,5.604,15292.7
2024-12-19 14:00:00,5.604,5.646,5.603,5.642,11995.0
2024-12-19 14:30:00,5.642,5.679,5.533,5.546,16550.5
2024-12-19 15:00:00,5.546,5.551,5.397,5.416,136315.3
2024-12-19 15:30:00,5.416,5.496,5.4,5.487,47861.8
2024-12-19 16:00:00,5.487,5.5,5.43,5.471,28405.5
2024-12-19 16:30:00,5.471,5.541,5.46,5.526,27730.1
2024-12-19 17:00:00,5.526,5.539,5.432,5.441,60137.3
2024-12-19 17:30:00,5.441,5.441,5.127,5.237,369929.7
2024-12-19 18:00:00,5.237,5.24,5.011,5.221,350685.7
2024-12-19 18:30:00,5.221,5.228,5.113,5.206,80967.6
2024-12-19 19:00:00,5.206,5.231,5.114,5.122,105011.0
2024-12-19 19:30:00,5.122,5.126,4.969,5.078,103598.1
2024-12-19 20:00:00,5.078,5.109,4.924,5.065,111131.8
2024-12-19 20:30:00,5.065,5.128,5.016,5.09,106128.4
2024-12-19 21:00:00,5.09,5.204,5.055,5.17,44602.7
2024-12-19 21:30:00,5.17,5.226,5.153,5.167,44168.1
2024-12-19 22:00:00,5.167,5.216,5.135,5.186,21479.9
2024-12-19 22:30:00,5.186,5.212,5.16,5.19,40869.6
2024-12-19 23:00:00,5.19,5.193,5.114,5.135,44153.8
2024-12-19 23:30:00,5.135,5.15,5.075,5.086,27861.0
2024-12-20 00:00:00,5.086,5.121,5.015,5.119,41874.0
2024-12-20 00:30:00,5.119,5.187,5.117,5.156,29239.1
2024-12-20 01:00:00,5.156,5.183,5.114,5.152,18405.8
2024-12-20 01:30:00,5.152,5.187,5.116,5.145,5854.2
2024-12-20 02:00:00,5.145,5.258,5.141,5.258,30234.2
2024-12-20 02:30:00,5.258,5.318,5.25,5.285,75920.9
2024-12-20 03:00:00,5.285,5.29,5.252,5.268,34432.1
2024-12-20 03:30:00,5.268,5.27,5.225,5.233,21817.9
2024-12-20 04:00:00,5.233,5.269,5.22,5.257,12738.9
2024-12-20 04:30:00,5.257,5.257,5.192,5.196,8978.3
2024-12-20 05:00:00,5.196,5.219,5.156,5.174,26401.3
2024-12-20 05:30:00,5.174,5.19,5.102,5.117,32671.4
2024-12-20 06:00:00,5.117,5.178,5.105,5.109,10352.0
2024-12-20 06:30:00,5.109,5.122,5.011,5.056,32987.3
2024-12-20 07:00:00,5.056,5.208,5.056,5.172,26960.9
2024-12-20 07:30:00,5.172,5.189,5.09,5.1,18342.4
2024-12-20 08:00:00,5.1,5.109,4.884,4.893,97279.8
2024-12-20 08:30:00,4.893,4.908,4.735,4.788,157560.7
2024-12-20 09:00:00,4.788,4.831,4.667,4.714,223327.1
2024-12-20 09:30:00,4.714,4.808,4.66,4.666,132793.4
2024-12-20 10:00:00,4.666,4.694,4.501,4.609,379167.8
2024-12-20 10:30:00,4.609,4.667,4.547,4.581,56296.0
2024-12-20 11:00:00,4.581,4.65,4.525,4.543,135617.6
2024-12-20 11:30:00,4.543,4.553,4.378,4.404,290848.7
2024-12-20 12:00:00,4.404,4.649,4.393,4.637,105042.5
2024-12-20 12:30:00,4.637,4.708,4.628,4.659,125586.7
2024-12-20 13:00:00,4.659,4.686,4.571,4.571,72713.6
2024-12-20 13:30:00,4.571,4.747,4.571,4.723,97169.5
2024-12-20 14:00:00,4.723,4.741,4.68,4.721,31674.6
2024-12-20 14:30:00,4.721,4.782,4.7,4.744,85396.9
2024-12-20 15:00:00,4.744,4.881,4.744,4.874,147412.1
2024-12-20 15:30:00,4.874,4.894,4.837,4.855,48775.0
2024-12-20 16:00:00,4.855,4.916,4.825,4.891,31210.8
2024-12-20 16:30:00,4.891,4.973,4.876,4.914,44699.9
2024-12-20 17:00:00,4.914,5.024,4.895,5.023,53850.9
2024-12-20 17:30:00,5.023,5.047,4.969,5.03,58626.6
2024-12-20 18:00:00,5.03,5.045,4.993,5.027,57342.9
2024-12-20 18:30:00,5.027,5.04,4.993,5.016,16464.9
2024-12-20 19:00:00,5.016,5.128,5.016,5.11,34560.2
2024-12-20 19:30:00,5.11,5.161,5.109,5.112,61560.8
2024-12-20 20:00:00,5.112,5.141,5.092,5.103,28690.8
2024-12-20 20:30:00,5.103,5.118,5.073,5.096,22374.3
2024-12-20 21:00:00,5.096,5.127,5.011,5.071,109310.1
2024-12-20 21:30:00,5.071,5.129,5.065,5.126,28626.2
2024-12-20 22:00:00,5.126,5.216,5.103,5.21,68834.4
2024-12-20 22:30:00,5.21,5.272,5.183,5.252,31707.8
2024-12-20 23:00:00,5.252,5.277,5.232,5.245,36788.8
2024-12-20 23:30:00,5.245,5.249,5.191,5.208,67754.1
2024-12-21 00:00:00,5.208,5.225,5.153,5.185,160044.8
2024-12-21 00:30:00,5.185,5.207,5.154,5.17,23977.2
2024-12-21 01:00:00,5.17,5.258,5.167,5.203,41808.8
2024-12-21 01:30:00,5.203,5.208,5.153,5.17,29365.2
2024-12-21 02:00:00,5.17,5.191,5.132,5.167,10993.7
2024-12-21 02:30:00,5.167,5.215,5.164,5.171,94768.3
2024-12-21 03:00:00,5.171,5.192,5.157,5.167,75140.2
2024-12-21 03:30:00,5.167,5.186,5.15,5.177,18537.9
2024-12-21 04:00:00,5.177,5.198,5.158,5.181,11772.0
2024-12-21 04:30:00,5.181,5.228,5.181,5.223,9213.2
2024-12-21 05:00:00,5.223,5.274,5.222,5.253,14619.2
2024-12-21 05:30:00,5.253,5.415,5.251,5.414,51718.8
2024-12-21 06:00:00,5.414,5.427,5.348,5.367,51537.1
2024-12-21 06:30:00,5.367,5.395,5.353,5.395,14009.1
2024-12-21 07:00:00,5.395,5.415,5.368,5.407,21044.5
2024-12-21 07:30:00,5.407,5.482,5.391,5.41,64324.0
2024-12-21 08:00:00,5.41,5.43,5.326,5.329,104928.1
2024-12-21 08:30:00,5.329,5.356,5.288,5.306,85471.8
2024-12-21 09:00:00,5.306,5.321,5.24,5.277,122391.6
2024-12-21 09:30:00,5.277,5.309,5.264,5.298,25317.8
2024-12-21 10:00:00,5.298,5.329,5.28,5.329,4970.1
2024-12-21 10:30:00,5.329,5.329,5.249,5.275,22316.0
2024-12-21 11:00:00,5.275,5.288,5.19,5.201,144653.4
2024-12-21 11:30:00,5.201,5.262,5.187,5.245,33298.2
2024-12-21 12:00:00,5.245,5.247,5.155,5.155,26123.4
2024-12-21 12:30:00,5.155,5.156,5.065,5.069,125718.5
2024-12-21 13:00:00,5.069,5.109,4.912,4.924,121220.3
2024-12-21 13:30:00,4.924,5.062,4.882,5.035,55680.2
2024-12-21 14:00:00,5.035,5.074,5.004,5.044,94585.6
2024-12-21 14:30:00,5.044,5.074,4.985,4.991,21938.8
2024-12-21 15:00:00,4.991,5.077,4.991,5.068,16280.8
2024-12-21 15:30:00,5.068,5.086,5.028,5.057,15777.1
2024-12-21 16:00:00,5.057,5.08,4.961,5.069,56104.3
2024-12-21 16:30:00,5.069,5.078,4.969,4.986,113330.0
2024-12-21 17:00:00,4.986,5.025,4.93,4.987,32941.2
2024-12-21 17:30:00,4.987,5.032,4.924,5.013,45769.7
2024-12-21 18:00:00,5.013,5.026,4.961,4.97,9636.4
2024-12-21 18:30:00,4.97,4.982,4.908,4.929,28103.7
2024-12-21 19:00:00,4.929,4.939,4.861,4.909,34175.1
2024-12-21 19:30:00,4.909,4.951,4.86,4.947,10748.0
2024-12-21 20:00:00,4.947,5.015,4.921,5.0,17090.7
2024-12-21 20:30:00,5.0,5.002,4.933,4.949,15379.2
2024-12-21 21:00:00,4.949,4.972,4.9,4.926,46966.3
2024-12-21 21:30:00,4.926,4.93,4.866,4.897,101775.7
2024-12-21 22:00:00,4.897,4.936,4.842,4.935,42407.0
2024-12-21 22:30:00,4.935,4.941,4.889,4.912,16776.4
2024-12-21 23:00:00,4.912,4.925,4.853,4.915,9310.3
2024-12-21 23:30:00,4.915,4.928,4.876,4.917,7964.3
2024-12-22 00:00:00,4.917,4.93,4.873,4.921,23306.4
2024-12-22 00:30:00,4.921,4.962,4.896,4.918,38205.0
2024-12-22 01:00:00,4.918,4.964,4.9,4.927,25159.5
2024-12-22 01:30:00,4.927,4.929,4.86,4.919,16448.0
2024-12-22 02:00:00,4.919,4.943,4.903,4.93,1502.7
2024-12-22 02:30:00,4.93,4.93,4.871,4.893,3394.3
2024-12-22 03:00:00,4.893,4.93,4.817,4.916,37958.0
2024-12-22 03:30:00,4.916,4.932,4.884,4.924,6156.7
2024-12-22 04:00:00,4.924,4.936,4.886,4.901,11816.6
2024-12-22 04:30:00,4.901,4.91,4.821,4.825,18245.6
2024-12-22 05:00:00,4.825,4.833,4.762,4.814,36446.5
2024-12-22 05:30:00,4.814,4.882,4.808,4.865,7101.2
2024-12-22 06:00:00,4.865,4.917,4.845,4.901,4621.0
2024-12-22 06:30:00,4.901,4.92,4.888,4.91,9193.3
2024-12-22 07:00:00,4.91,4.931,4.898,4.907,25094.8
2024-12-22 07:30:00,4.907,4.911,4.867,4.889,8624.8
2024-12-22 08:00:00,4.889,4.984,4.887,4.966,30829.2
2024-12-22 08:30:00,4.966,4.982,4.936,4.966,21912.6
2024-12-22 09:00:00,4.966,4.987,4.932,4.973,25350.7
2024-12-22 09:30:00,4.973,5.058,4.972,5.007,71649.6
2024-12-22 10:00:00,5.007,5.029,4.992,5.008,15295.0
2024-12-22 10:30:00,5.008,5.035,4.995,4.996,13345.9
2024-12-22 11:00:00,4.996,5.013,4.962,5.002,41322.4
2024-12-22 11:30:00,5.002,5.004,4.974,4.98,13867.2
2024-12-22 12:00:00,4.98,5.003,4.946,4.976,25679.5
2024-12-22 12:30:00,4.976,5.025,4.965,4.965,24720.1
2024-12-22 13:00:00,4.965,5.01,4.928,4.997,51049.6
2024-12-22 13:30:00,4.997,5.01,4.952,4.978,16764.9
2024-12-22 14:00:00,4.978,4.991,4.838,4.843,41034.8
2024-12-22 14:30:00,4.843,4.875,4.794,4.816,68399.9
2024-12-22 15:00:00,4.816,4.884,4.816,4.866,33257.6
2024-12-22 15:30:00,4.866,4.87,4.833,4.849,13704.0
2024-12-22 16:00:00,4.849,4.915,4.81,4.899,50488.8
2024-12-22 16:30:00,4.899,4.946,4.899,4.921,13885.0
2024-12-22 17:00:00,4.921,4.942,4.887,4.899,20580.8
2024-12-22 17:30:00,4.899,4.925,4.887,4.897,11259.7
2024-12-22 18:00:00,4.897,4.932,4.872,4.919,12987.1
2024-12-22 18:30:00,4.919,4.958,4.886,4.889,7963.9
2024-12-22 19:00:00,4.889,4.902,4.834,4.841,52467.9
2024-12-22 19:30:00,4.841,4.844,4.739,4.753,50980.1
2024-12-22 20:00:00,4.753,4.787,4.691,4.772,108485.9
2024-12-22 20:30:00,4.772,4.841,4.767,4.837,42743.6
2024-12-22 21:00:00,4.837,4.909,4.819,4.891,43519.8
2024-12-22 21:30:00,4.891,4.893,4.845,4.862,49387.2
2024-12-22 22:00:00,4.862,4.863,4.756,4.803,102838.0
2024-12-22 22:30:00,4.803,4.882,4.803,4.878,13705.2
2024-12-22 23:00:00,4.878,4.913,4.843,4.869,92154.4
2024-12-22 23:30:00,4.869,4.869,4.82,4.83,28892.8
2024-12-23 00:00:00,4.83,4.837,4.765,4.775,48840.4
2024-12-23 00:30:00,4.775,4.812,4.747,4.791,64599.5
2024-12-23 01:00:00,4.791,4.803,4.721,4.793,26684.6
2024-12-23 01:30:00,4.793,4.868,4.776,4.786,65822.1
2024-12-23 02:00:00,4.786,4.815,4.742,4.767,23986.9
2024-12-23 02:30:00,4.767,4.837,4.749,4.831,13040.0
2024-12-23 03:00:00,4.831,4.984,4.808,4.972,88654.0
2024-12-23 03:30:00,4.972,5.009,4.941,4.992,66062.1
2024-12-23 04:00:00,4.992,5.052,4.975,5.0,30926.5
2024-12-23 04:30:00,5.0,5.013,4.94,4.956,5557.6
2024-12-23 05:00:00,4.956,4.961,4.891,4.932,29255.9
2024-12-23 05:30:00,4.932,4.95,4.913,4.929,19650.2
2024-12-23 06:00:00,4.929,4.939,4.855,4.875,33045.6
2024-12-23 06:30:00,4.875,4.875,4.805,4.829,27576.3
2024-12-23 07:00:00,4.829,4.876,4.819,4.876,20427.3
2024-12-23 07:30:00,4.876,4.907,4.859,4.888,9201.6
2024-12-23 08:00:00,4.888,4.915,4.874,4.876,9307.8
2024-12-23 08:30:00,4.876,4.939,4.87,4.934,31367.8
2024-12-23 09:00:00,4.934,5.007,4.932,4.957,12679.8
2024-12-23 09:30:00,4.957,4.967,4.933,4.952,32446.3
2024-12-23 10:00:00,4.952,4.988,4.949,4.973,18994.8
2024-12-23 10:30:00,4.973,4.975,4.926,4.961,19598.5
2024-12-23 11:00:00,4.961,4.973,4.929,4.935,15840.6
2024-12-23 11:30:00,4.935,4.937,4.905,4.925,16512.3
2024-12-23 12:00:00,4.925,4.965,4.913,4.959,12184.1
2024-12-23 12:30:00,4.959,4.999,4.945,4.97,10368.3
2024-12-23 13:00:00,4.97,4.978,4.918,4.941,15908.3
2024-12-23 13:30:00,4.941,4.946,4.86,4.887,15834.6
2024-12-23 14:00:00,4.887,4.976,4.884,4.973,20284.4
2024-12-23 14:30:00,4.973,4.987,4.835,4.893,39053.8
2024-12-23 15:00:00,4.893,4.905,4.85,4.887,16805.3
2024-12-23 15:30:00,4.887,4.897,4.83,4.847,22947.8
2024-12-23 16:00:00,4.847,4.897,4.842,4.89,9964.3
2024-12-23 16:30:00,4.89,5.004,4.865,4.984,55534.0
2024-12-23 17:00:00,4.984,4.997,4.931,4.995,167262.3
2024-12-23 17:30:00,4.995,4.998,4.936,4.944,17016.2
2024-12-23 18:00:00,4.944,4.959,4.918,4.926,6040.6
2024-12-23 18:30:00,4.926,4.947,4.864,4.878,28627.0
2024-12-23 19:00:00,4.878,5.001,4.877,4.981,232055.5
2024-12-23 19:30:00,4.981,4.998,4.938,4.965,25083.2
2024-12-23 20:00:00,4.965,5.066,4.963,5.064,27070.0
2024-12-23 20:30:00,5.064,5.165,5.043,5.155,22932.6
2024-12-23 21:00:00,5.155,5.258,5.151,5.239,221693.9
2024-12-23 21:30:00,5.239,5.254,5.171,5.18,54068.2
2024-12-23 22:00:00,5.18,5.249,5.168,5.236,83199.6
2024-12-23 22:30:00,5.236,5.238,5.193,5.232,103296.3
2024-12-23 23:00:00,5.232,5.248,5.195,5.205,21047.5
2024-12-23 23:30:00,5.205,5.211,5.164,5.196,76597.0
2024-12-24 00:00:00,5.196,5.216,5.144,5.164,33093.8
2024-12-24 00:30:00,5.164,5.178,5.132,5.168,15330.7
2024-12-24 01:00:00,5.168,5.186,5.141,5.147,7987.0
2024-12-24 01:30:00,5.147,5.147,5.075,5.08,66221.9
2024-12-24 02:00:00,5.08,5.109,5.038,5.077,21701.6
2024-12-24 02:30:00,5.077,5.12,5.075,5.107,60318.5
2024-12-24 03:00:00,5.107,5.152,5.106,5.152,42079.3
2024-12-24 03:30:00,5.152,5.173,5.137,5.172,18031.5
2024-12-24 04:00:00,5.172,5.208,5.152,5.208,22195.3
2024-12-24 04:30:00,5.208,5.21,5.156,5.178,9644.5
2024-12-24 05:00:00,5.178,5.201,5.168,5.183,16030.5
2024-12-24 05:30:00,5.183,5.197,5.17,5.186,11502.6
2024-12-24 06:00:00,5.186,5.191,5.143,5.157,18015.9
2024-12-24 06:30:00,5.157,5.158,5.115,5.126,6343.7
2024-12-24 07:00:00,5.126,5.167,5.099,5.151,21872.5
2024-12-24 07:30:00,5.151,5.167,5.146,5.16,3933.3
2024-12-24 08:00:00,5.16,5.241,5.139,5.223,20256.3
2024-12-24 08:30:00,5.223,5.272,5.201,5.257,55333.5
2024-12-24 09:00:00,5.257,5.262,5.179,5.206,36815.5
2024-12-24 09:30:00,5.206,5.225,5.173,5.178,37506.6
2024-12-24 10:00:00,5.178,5.191,5.141,5.151,36876.2
2024-12-24 10:30:00,5.151,5.179,5.145,5.159,10940.2
2024-12-24 11:00:00,5.159,5.208,5.142,5.207,18041.7
2024-12-24 11:30:00,5.207,5.217,5.193,5.209,31696.2
2024-12-24 12:00:00,5.209,5.214,5.16,5.178,17743.5
2024-12-24 12:30:00,5.178,5.204,5.17,5.19,25369.4
2024-12-24 13:00:00,5.19,5.294,5.174,5.262,154206.6
2024-12-24 13:30:00,5.262,5.362,5.262,5.362,41438.2
2024-12-24 14:00:00,5.362,5.391,5.321,5.372,53709.1
2024-12-24 14:30:00,5.372,5.388,5.341,5.372,35531.2
2024-12-24 15:00:00,5.372,5.471,5.36,5.468,63334.0
2024-12-24 15:30:00,5.468,5.492,5.446,5.462,42554.8
2024-12-24 16:00:00,5.462,5.563,5.461,5.505,35520.5
2024-12-24 16:30:00,5.505,5.514,5.467,5.513,12711.4
2024-12-24 17:00:00,5.513,5.568,5.504,5.507,42696.1
2024-12-24 17:30:00,5.507,5.509,5.477,5.49,27081.7
2024-12-24 18:00:00,5.49,5.527,5.449,5.459,30025.8
2024-12-24 18:30:00,5.459,5.493,5.459,5.479,14084.0
2024-12-24 19:00:00,5.479,5.487,5.455,5.471,7614.0
2024-12-24 19:30:00,5.471,5.483,5.424,5.427,19052.8
2024-12-24 20:00:00,5.427,5.442,5.362,5.378,25715.0
2024-12-24 20:30:00,5.378,5.407,5.378,5.383,5905.4
2024-12-24 21:00:00,5.383,5.449,5.38,5.436,27913.1
2024-12-24 21:30:00,5.436,5.463,5.425,5.448,4954.2
2024-12-24 22:00:00,5.448,5.468,5.435,5.443,12859.4
2024-12-24 22:30:00,5.443,5.454,5.417,5.442,15859.5
2024-12-24 23:00:00,5.442,5.468,5.433,5.463,9650.0
2024-12-24 23:30:00,5.463,5.482,5.452,5.46,7005.2
2024-12-25 00:00:00,5.46,5.463,5.419,5.419,36083.3
2024-12-25 00:30:00,5.419,5.468,5.418,5.442,13224.2
2024-12-25 01:00:00,5.442,5.476,5.437,5.46,11955.2
2024-12-25 01:30:00,5.46,5.472,5.436,5.463,7756.0
2024-12-25 02:00:00,5.463,5.467,5.424,5.424,5593.6
2024-12-25 02:30:00,5.424,5.445,5.389,5.434,14347.4
2024-12-25 03:00:00,5.434,5.441,5.375,5.397,32918.4
2024-12-25 03:30:00,5.397,5.411,5.379,5.401,41618.6
2024-12-25 04:00:00,5.401,5.411,5.373,5.409,29103.2
2024-12-25 04:30:00,5.409,5.428,5.384,5.39,30720.4
2024-12-25 05:00:00,5.39,5.421,5.389,5.393,12137.0
2024-12-25 05:30:00,5.393,5.411,5.379,5.39,7558.1
2024-12-25 06:00:00,5.39,5.427,5.364,5.379,5650.5
2024-12-25 06:30:00,5.379,5.392,5.349,5.359,42755.3
2024-12-25 07:00:00,5.359,5.399,5.343,5.356,31199.3
2024-12-25 07:30:00,5.356,5.374,5.318,5.33,33220.8
2024-12-25 08:00:00,5.33,5.373,5.312,5.363,38146.1
2024-12-25 08:30:00,5.363,5.37,5.344,5.363,50810.2
2024-12-25 09:00:00,5.363,5.393,5.353,5.382,16455.3
2024-12-25 09:30:00,5.382,5.406,5.365,5.398,21416.9
2024-12-25 10:00:00,5.398,5.501,5.381,5.465,240287.5
2024-12-25 10:30:00,5.465,5.479,5.362,5.383,42979.0
2024-12-25 11:00:00,5.383,5.417,5.366,5.415,136138.6
2024-12-25 11:30:00,5.415,5.419,5.303,5.312,34403.3
2024-12-25 12:00:00,5.312,5.355,5.277,5.349,32679.0
2024-12-25 12:30:00,5.349,5.371,5.336,5.353,24576.4
2024-12-25 13:00:00,5.353,5.397,5.351,5.371,25336.9
2024-12-25 13:30:00,5.371,5.379,5.346,5.374,10085.7
2024-12-25 14:00:00,5.374,5.4,5.355,5.37,10679.8
2024-12-25 14:30:00,5.37,5.386,5.338,5.345,20703.4
2024-12-25 15:00:00,5.345,5.353,5.288,5.295,33941.9
2024-12-25 15:30:00,5.295,5.311,5.279,5.302,31397.2
2024-12-25 16:00:00,5.302,5.327,5.256,5.273,31723.8
2024-12-25 16:30:00,5.273,5.278,5.228,5.262,48251.6
2024-12-25 17:00:00,5.262,5.287,5.249,5.279,28255.7
2024-12-25 17:30:00,5.279,5.299,5.27,5.296,28940.2
2024-12-25 18:00:00,5.296,5.311,5.286,5.303,22203.4
2024-12-25 18:30:00,5.303,5.313,5.279,5.293,10821.8
2024-12-25 19:00:00,5.293,5.329,5.29,5.31,14108.8
2024-12-25 19:30:00,5.31,5.334,5.301,5.32,3516.3
2024-12-25 20:00:00,5.32,5.341,5.303,5.334,34060.5
2024-12-25 20:30:00,5.334,5.334,5.262,5.278,21098.6
2024-12-25 21:00:00,5.278,5.309,5.242,5.261,20861.0
2024-12-25 21:30:00,5.261,5.281,5.254,5.272,5499.2
2024-12-25 22:00:00,5.272,5.281,5.252,5.28,4736.2
2024-12-25 22:30:00,5.28,5.309,5.269,5.27,9960.8
2024-12-25 23:00:00,5.27,5.312,5.27,5.286,10073.7
2024-12-25 23:30:00,5.286,5.3,5.276,5.298,7489.4
2024-12-26 00:00:00,5.298,5.362,5.291,5.308,29449.6
2024-12-26 00:30:00,5.308,5.309,5.257,5.27,12144.8
2024-12-26 01:00:00,5.27,5.305,5.252,5.273,7319.9
2024-12-26 01:30:00,5.273,5.279,5.235,5.265,37593.9
2024-12-26 02:00:00,5.265,5.302,5.231,5.289,17530.2
2024-12-26 02:30:00,5.289,5.299,5.213,5.217,35687.0
2024-12-26 03:00:00,5.217,5.234,5.203,5.229,50505.9
2024-12-26 03:30:00,5.229,5.241,5.195,5.209,70934.1
2024-12-26 04:00:00,5.209,5.209,5.152,5.18,88193.6
2024-12-26 04:30:00,5.18,5.191,5.168,5.168,6918.2
2024-12-26 05:00:00,5.168,5.174,5.144,5.162,22568.4
2024-12-26 05:30:00,5.162,5.176,5.141,5.145,42553.3
2024-12-26 06:00:00,5.145,5.152,5.122,5.14,22553.2
2024-12-26 06:30:00,5.14,5.15,5.108,5.139,53831.8
2024-12-26 07:00:00,5.139,5.16,5.116,5.136,24870.1
2024-12-26 07:30:00,5.136,5.136,5.097,5.111,43109.1
2024-12-26 08:00:00,5.111,5.129,4.987,5.0,442121.5
2024-12-26 08:30:00,5.0,5.042,4.949,5.022,179344.5
2024-12-26 09:00:00,5.022,5.041,5.001,5.019,91727.1
2024-12-26 09:30:00,5.019,5.044,5.012,5.025,61967.5
2024-12-26 10:00:00,5.025,5.042,4.99,5.035,27317.6
2024-12-26 10:30:00,5.035,5.042,5.008,5.03,13547.8
2024-12-26 11:00:00,5.03,5.056,5.03,5.056,75652.8
2024-12-26 11:30:00,5.056,5.084,5.033,5.035,54626.9
2024-12-26 12:00:00,5.035,5.071,5.013,5.058,34443.5
2024-12-26 12:30:00,5.058,5.058,5.015,5.016,51252.8
2024-12-26 13:00:00,5.016,5.027,4.986,4.998,165965.7
2024-12-26 13:30:00,4.998,5.02,4.972,5.017,51649.5
2024-12-26 14:00:00,5.017,5.067,5.004,5.029,77402.5
2024-12-26 14:30:00,5.029,5.03,4.981,4.997,28288.4
2024-12-26 15:00:00,4.997,5.033,4.977,5.018,13953.2
2024-12-26 15:30:00,5.018,5.028,4.97,4.988,33608.8
2024-12-26 16:00:00,4.988,5.038,4.98,4.992,55411.7
2024-12-26 16:30:00,4.992,5.047,4.992,5.029,45514.9
2024-12-26 17:00:00,5.029,5.031,4.933,4.944,46491.2
2024-12-26 17:30:00,4.944,4.982,4.901,4.967,66422.8
2024-12-26 18:00:00,4.967,4.996,4.941,4.987,40631.8
2024-12-26 18:30:00,4.987,5.001,4.973,4.996,7062.0
2024-12-26 19:00:00,4.996,4.997,4.962,4.978,14954.2
2024-12-26 19:30:00,4.978,5.006,4.952,4.999,12248.1
2024-12-26 20:00:00,4.999,5.001,4.959,4.969,53617.7
2024-12-26 20:30:00,4.969,4.983,4.941,4.963,4791.5
2024-12-26 21:00:00,4.963,4.974,4.92,4.974,49543.6
2024-12-26 21:30:00,4.974,4.992,4.958,4.985,8318.8
2024-12-26 22:00:00,4.985,5.024,4.985,5.007,23268.4
2024-12-26 22:30:00,5.007,5.012,4.988,4.995,21279.8
2024-12-26 23:00:00,4.995,4.996,4.946,4.97,25383.4
2024-12-26 23:30:00,4.97,4.984,4.955,4.975,9282.5
2024-12-27 00:00:00,4.975,5.002,4.941,4.974,55187.2
2024-12-27 00:30:00,4.974,4.999,4.943,4.995,20927.2
2024-12-27 01:00:00,4.995,5.013,4.978,4.986,25033.6
2024-12-27 01:30:00,4.986,5.052,4.986,5.022,63481.8
2024-12-27 02:00:00,5.022,5.063,5.009,5.055,48761.9
2024-12-27 02:30:00,5.055,5.056,5.002,5.014,30802.2
2024-12-27 03:00:00,5.014,5.035,5.001,5.014,4556.6
2024-12-27 03:30:00,5.014,5.047,5.014,5.032,11137.7
2024-12-27 04:00:00,5.032,5.064,5.032,5.052,21703.7
2024-12-27 04:30:00,5.052,5.061,5.009,5.016,9869.5
2024-12-27 05:00:00,5.016,5.026,4.976,4.988,21136.8
2024-12-27 05:30:00,4.988,5.022,4.987,5.021,7231.7
2024-12-27 06:00:00,5.021,5.044,5.019,5.034,17646.3
2024-12-27 06:30:00,5.034,5.097,5.026,5.097,15279.4
2024-12-27 07:00:00,5.097,5.1,5.022,5.022,14379.9
2024-12-27 07:30:00,5.022,5.023,4.93,4.973,54302.6
2024-12-27 08:00:00,4.973,5.06,4.971,5.045,48478.5
2024-12-27 08:30:00,5.045,5.078,5.013,5.029,12900.4
2024-12-27 09:00:00,5.029,5.195,5.026,5.17,93648.3
2024-12-27 09:30:00,5.17,5.2,5.15,5.153,18141.9
2024-12-27 10:00:00,5.153,5.161,5.085,5.092,38368.1
2024-12-27 10:30:00,5.092,5.128,5.051,5.123,32140.5
2024-12-27 11:00:00,5.123,5.165,5.101,5.157,11415.1
2024-12-27 11:30:00,5.157,5.158,5.119,5.151,9128.8
2024-12-27 12:00:00,5.151,5.158,5.116,5.121,22857.9
2024-12-27 12:30:00,5.121,5.143,5.11,5.12,20842.4
2024-12-27 13:00:00,5.12,5.124,5.075,5.097,47595.2
2024-12-27 13:30:00,5.097,5.1,5.055,5.066,61901.9
2024-12-27 14:00:00,5.066,5.073,5.034,5.061,41207.1
2024-12-27 14:30:00,5.061,5.061,4.961,5.001,84232.2
2024-12-27 15:00:00,5.001,5.006,4.924,4.936,101338.2
2024-12-27 15:30:00,4.936,4.957,4.909,4.928,41055.9
2024-12-27 16:00:00,4.928,4.942,4.891,4.921,60251.4
2024-12-27 16:30:00,4.921,4.949,4.915,4.947,40691.1
2024-12-27 17:00:00,4.947,4.973,4.917,4.97,60113.2
2024-12-27 17:30:00,4.97,5.054,4.963,5.052,72052.6
2024-12-27 18:00:00,5.052,5.052,5.023,5.035,40668.7
2024-12-27 18:30:00,5.035,5.059,5.012,5.027,30526.6
2024-12-27 19:00:00,5.027,5.029,5.001,5.003,24651.8
2024-12-27 19:30:00,5.003,5.025,4.992,5.012,26628.5
2024-12-27 20:00:00,5.012,5.017,4.964,4.986,51523.9
2024-12-27 20:30:00,4.986,5.006,4.97,4.998,28619.7
2024-12-27 21:00:00,4.998,5.004,4.973,4.974,13711.3
2024-12-27 21:30:00,4.974,4.979,4.935,4.941,23246.8
2024-12-27 22:00:00,4.941,4.986,4.918,4.966,127939.8
2024-12-27 22:30:00,4.966,4.975,4.927,4.927,50003.8
2024-12-27 23:00:00,4.927,4.951,4.924,4.937,35850.9
2024-12-27 23:30:00,4.937,4.955,4.911,4.955,62453.0
2024-12-28 00:00:00,4.955,4.968,4.937,4.964,19500.4
2024-12-28 00:30:00,4.964,4.968,4.943,4.958,7823.6
2024-12-28 01:00:00,4.958,4.965,4.904,4.912,26838.7
2024-12-28 01:30:00,4.912,4.96,4.899,4.942,48878.0
2024-12-28 02:00:00,4.942,4.97,4.939,4.964,6416.1
2024-12-28 02:30:00,4.964,4.991,4.948,4.963,11293.3
2024-12-28 03:00:00,4.963,5.003,4.958,4.994,6526.7
2024-12-28 03:30:00,4.994,5.024,4.994,5.018,7335.8
2024-12-28 04:00:00,5.018,5.02,4.983,4.995,13051.0
2024-12-28 04:30:00,4.995,5.005,4.981,5.002,17800.3
2024-12-28 05:00:00,5.002,5.057,5.002,5.047,55584.3
2024-12-28 05:30:00,5.047,5.074,5.035,5.054,54412.8
2024-12-28 06:00:00,5.054,5.061,5.013,5.014,55913.8
2024-12-28 06:30:00,5.014,5.017,4.985,5.004,18507.1
2024-12-28 07:00:00,5.004,5.024,4.995,5.001,10634.2
2024-12-28 07:30:00,5.001,5.002,4.956,4.969,21204.7
2024-12-28 08:00:00,4.969,4.989,4.965,4.979,5570.2
2024-12-28 08:30:00,4.979,5.008,4.97,4.996,6531.8
2024-12-28 09:00:00,4.996,5.008,4.979,4.994,38672.8
2024-12-28 09:30:00,4.994,5.017,4.994,5.007,28952.9
2024-12-28 10:00:00,5.007,5.013,4.965,4.985,50559.9
2024-12-28 10:30:00,4.985,4.996,4.969,4.976,18021.0
2024-12-28 11:00:00,4.976,5.009,4.976,5.009,22055.0
2024-12-28 11:30:00,5.009,5.015,4.994,5.004,5694.5
2024-12-28 12:00:00,5.004,5.016,4.978,4.979,6823.7
2024-12-28 12:30:00,4.979,4.986,4.962,4.969,21642.9
2024-12-28 13:00:00,4.969,5.046,4.968,5.041,17721.7
2024-12-28 13:30:00,5.041,5.061,5.012,5.042,69230.0
2024-12-28 14:00:00,5.042,5.113,5.041,5.071,108910.4
2024-12-28 14:30:00,5.071,5.08,5.027,5.041,80475.6
2024-12-28 15:00:00,5.041,5.085,5.041,5.08,25008.1
2024-12-28 15:30:00,5.08,5.091,5.04,5.048,87333.5
2024-12-28 16:00:00,5.048,5.099,5.044,5.092,13178.0
2024-12-28 16:30:00,5.092,5.19,5.084,5.183,71034.6
2024-12-28 17:00:00,5.183,5.258,5.16,5.228,74558.4
2024-12-28 17:30:00,5.228,5.24,5.197,5.208,110967.6
2024-12-28 18:00:00,5.208,5.219,5.169,5.177,16276.3
2024-12-28 18:30:00,5.177,5.178,5.142,5.145,44413.0
2024-12-28 19:00:00,5.145,5.166,5.138,5.152,20371.0
2024-12-28 19:30:00,5.152,5.179,5.152,5.158,16595.0
2024-12-28 20:00:00,5.158,5.166,5.133,5.152,10025.6
2024-12-28 20:30:00,5.152,5.19,5.15,5.19,36343.6
2024-12-28 21:00:00,5.19,5.216,5.177,5.21,44367.0
2024-12-28 21:30:00,5.21,5.262,5.204,5.254,41179.0
2024-12-28 22:00:00,5.254,5.273,5.238,5.249,12828.9
2024-12-28 22:30:00,5.249,5.283,5.227,5.247,12294.9
2024-12-28 23:00:00,5.247,5.249,5.207,5.219,21235.8
2024-12-28 23:30:00,5.219,5.23,5.198,5.211,12921.0
2024-12-29 00:00:00,5.211,5.238,5.205,5.228,11513.7
2024-12-29 00:30:00,5.228,5.234,5.186,5.19,23502.3
2024-12-29 01:00:00,5.19,5.212,5.161,5.176,50736.9
2024-12-29 01:30:00,5.176,5.187,5.159,5.164,8602.7
2024-12-29 02:00:00,5.164,5.178,5.157,5.174,4517.6
2024-12-29 02:30:00,5.174,5.198,5.174,5.186,7496.0
2024-12-29 03:00:00,5.186,5.189,5.16,5.171,3988.9
2024-12-29 03:30:00,5.171,5.198,5.171,5.194,3879.9
2024-12-29 04:00:00,5.194,5.205,5.163,5.166,2303.7
2024-12-29 04:30:00,5.166,5.176,5.159,5.173,6403.1
2024-12-29 05:00:00,5.173,5.182,5.167,5.171,2350.0
2024-12-29 05:30:00,5.171,5.177,5.163,5.165,2689.2
2024-12-29 06:00:00,5.165,5.168,5.129,5.158,21203.6
2024-12-29 06:30:00,5.158,5.184,5.157,5.179,5649.2
2024-12-29 07:00:00,5.179,5.202,5.165,5.176,12399.0
2024-12-29 07:30:00,5.176,5.204,5.164,5.199,3503.5
2024-12-29 08:00:00,5.199,5.203,5.162,5.165,5618.0
2024-12-29 08:30:00,5.165,5.169,5.145,5.154,9066.8
2024-12-29 09:00:00,5.154,5.161,5.138,5.151,4226.8
2024-12-29 09:30:00,5.151,5.167,5.146,5.154,11142.0
2024-12-29 10:00:00,5.154,5.159,5.142,5.143,5233.9
2024-12-29 10:30:00,5.143,5.158,5.125,5.13,13460.2
2024-12-29 11:00:00,5.13,5.137,5.114,5.124,23690.8
2024-12-29 11:30:00,5.124,5.144,5.121,5.124,15772.9
2024-12-29 12:00:00,5.124,5.14,5.103,5.104,47471.1
2024-12-29 12:30:00,5.104,5.114,5.092,5.109,49477.3
2024-12-29 13:00:00,5.109,5.142,5.101,5.121,9342.3
2024-12-29 13:30:00,5.121,5.136,5.104,5.133,28009.2
2024-12-29 14:00:00,5.133,5.169,5.101,5.106,49357.3
2024-12-29 14:30:00,5.106,5.106,5.055,5.086,116469.1
2024-12-29 15:00:00,5.086,5.097,5.069,5.091,35351.7
2024-12-29 15:30:00,5.091,5.111,5.088,5.089,12687.3
2024-12-29 16:00:00,5.089,5.089,5.022,5.033,47067.3
2024-12-29 16:30:00,5.033,5.04,5.015,5.027,26314.1
2024-12-29 17:00:00,5.027,5.043,4.993,5.002,31901.3
2024-12-29 17:30:00,5.002,5.014,4.992,5.011,12869.8
2024-12-29 18:00:00,5.011,5.013,4.982,4.994,61745.0
2024-12-29 18:30:00,4.994,5.01,4.977,4.997,28269.0
2024-12-29 19:00:00,4.997,5.006,4.988,4.994,22928.8
2024-12-29 19:30:00,4.994,5.004,4.983,4.995,9660.1
2024-12-29 20:00:00,4.995,4.995,4.936,4.95,146047.9
2024-12-29 20:30:00,4.95,4.991,4.931,4.989,29980.0
2024-12-29 21:00:00,4.989,4.998,4.97,4.981,27124.2
2024-12-29 21:30:00,4.981,4.994,4.947,4.958,31998.0
2024-12-29 22:00:00,4.958,4.96,4.912,4.944,94571.5
2024-12-29 22:30:00,4.944,4.97,4.924,4.932,10118.8
2024-12-29 23:00:00,4.932,4.947,4.916,4.941,18397.7
2024-12-29 23:30:00,4.941,4.965,4.941,4.953,30673.8
2024-12-30 00:00:00,4.953,5.011,4.936,4.996,26839.4
2024-12-30 00:30:00,4.996,5.028,4.979,5.019,25244.9
2024-12-30 01:00:00,5.019,5.109,5.005,5.103,63910.9
2024-12-30 01:30:00,5.103,5.18,5.096,5.106,61657.3
2024-12-30 02:00:00,5.106,5.122,5.056,5.056,45412.6
2024-12-30 02:30:00,5.056,5.092,5.056,5.08,3198.1
2024-12-30 03:00:00,5.08,5.103,5.06,5.066,5560.3
2024-12-30 03:30:00,5.066,5.072,5.024,5.029,16229.6
2024-12-30 04:00:00,5.029,5.059,5.016,5.021,7638.2
2024-12-30 04:30:00,5.021,5.034,4.993,4.994,24228.1
2024-12-30 05:00:00,4.994,5.024,4.982,4.999,23362.8
2024-12-30 05:30:00,4.999,5.037,4.984,5.034,12811.6
2024-12-30 06:00:00,5.034,5.111,5.032,5.083,5309.7
2024-12-30 06:30:00,5.083,5.093,5.057,5.07,2493.6
2024-12-30 07:00:00,5.07,5.075,5.018,5.023,8048.3
2024-12-30 07:30:00,5.023,5.048,5.004,5.046,10760.0
2024-12-30 08:00:00,5.046,5.083,5.039,5.04,13880.0
2024-12-30 08:30:00,5.04,5.059,5.019,5.041,9321.1
2024-12-30 09:00:00,5.041,5.052,5.01,5.027,111586.9
2024-12-30 09:30:00,5.027,5.044,5.015,5.033,7693.1
2024-12-30 10:00:00,5.033,5.041,5.011,5.019,3572.7
2024-12-30 10:30:00,5.019,5.02,4.986,4.992,15026.2
2024-12-30 11:00:00,4.992,5.015,4.958,5.008,28311.1
2024-12-30 11:30:00,5.008,5.016,4.99,5.008,9792.5
2024-12-30 12:00:00,5.008,5.067,4.999,5.05,23539.4
2024-12-30 12:30:00,5.05,5.053,4.996,5.008,40246.8
2024-12-30 13:00:00,5.008,5.025,4.943,4.944,47336.4
2024-12-30 13:30:00,4.944,4.962,4.853,4.857,123349.2
2024-12-30 14:00:00,4.857,4.893,4.846,4.884,27326.6
2024-12-30 14:30:00,4.884,4.884,4.78,4.815,121782.6
2024-12-30 15:00:00,4.815,4.856,4.788,4.804,55290.1
2024-12-30 15:30:00,4.804,4.841,4.775,4.81,73352.2
2024-12-30 16:00:00,4.81,4.832,4.791,4.807,25855.5
2024-12-30 16:30:00,4.807,4.811,4.75,4.781,29797.0
2024-12-30 17:00:00,4.781,4.828,4.773,4.827,30504.7
2024-12-30 17:30:00,4.827,4.977,4.819,4.962,46871.8
2024-12-30 18:00:00,4.962,5.043,4.938,5.017,35017.2
2024-12-30 18:30:00,5.017,5.04,4.998,5.029,21870.3
2024-12-30 19:00:00,5.029,5.047,5.007,5.017,11667.4
2024-12-30 19:30:00,5.017,5.028,5.003,5.021,5409.0
2024-12-30 20:00:00,5.021,5.088,5.021,5.052,25223.2
2024-12-30 20:30:00,5.052,5.066,5.025,5.04,34446.7
2024-12-30 21:00:00,5.04,5.041,4.978,4.988,18335.1
2024-12-30 21:30:00,4.988,4.988,4.86,4.87,57914.6
2024-12-30 22:00:00,4.87,4.929,4.865,4.916,35245.9
2024-12-30 22:30:00,4.916,4.956,4.916,4.924,12854.3
2024-12-30 23:00:00,4.924,4.933,4.892,4.925,33799.3
2024-12-30 23:30:00,4.925,4.94,4.919,4.927,53239.4
2024-12-31 00:00:00,4.927,4.927,4.89,4.897,22154.2
2024-12-31 00:30:00,4.897,4.915,4.866,4.869,13470.6
2024-12-31 01:00:00,4.869,4.891,4.855,4.863,19437.8
2024-12-31 01:30:00,4.863,4.886,4.842,4.87,31298.3
2024-12-31 02:00:00,4.87,4.874,4.832,4.86,26377.6
2024-12-31 02:30:00,4.86,4.883,4.851,4.857,10339.2
2024-12-31 03:00:00,4.857,4.871,4.826,4.86,19153.7
2024-12-31 03:30:00,4.86,4.865,4.821,4.831,19880.3
2024-12-31 04:00:00,4.831,4.862,4.828,4.844,15831.8
2024-12-31 04:30:00,4.844,4.852,4.807,4.817,14479.0
2024-12-31 05:00:00,4.817,4.847,4.805,4.839,6714.0
2024-12-31 05:30:00,4.839,4.854,4.83,4.837,10094.9
2024-12-31 06:00:00,4.837,4.882,4.824,4.871,22881.7
2024-12-31 06:30:00,4.871,4.876,4.835,4.857,9662.7
2024-12-31 07:00:00,4.857,4.874,4.851,4.867,17795.6
2024-12-31 07:30:00,4.867,4.867,4.841,4.848,53899.0
2024-12-31 08:00:00,4.848,4.957,4.848,4.954,31120.8
2024-12-31 08:30:00,4.954,4.99,4.908,4.936,32752.1
2024-12-31 09:00:00,4.936,4.972,4.917,4.961,15464.1
2024-12-31 09:30:00,4.961,4.975,4.945,4.965,30305.4
2024-12-31 10:00:00,4.965,4.968,4.925,4.943,47905.3
2024-12-31 10:30:00,4.943,4.974,4.933,4.954,16305.0
2024-12-31 11:00:00,4.954,4.966,4.95,4.966,18354.3
2024-12-31 11:30:00,4.966,4.983,4.962,4.971,5540.3
2024-12-31 12:00:00,4.971,5.024,4.971,5.015,43873.0
2024-12-31 12:30:00,5.015,5.027,4.962,4.962,33626.7
2024-12-31 13:00:00,4.962,5.098,4.962,5.081,25337.0
2024-12-31 13:30:00,5.081,5.092,5.041,5.07,33607.5
2024-12-31 14:00:00,5.07,5.125,5.07,5.114,83483.6
2024-12-31 14:30:00,5.114,5.134,5.074,5.096,25828.8
2024-12-31 15:00:00,5.096,5.11,5.057,5.076,16598.3
2024-12-31 15:30:00,5.076,5.085,5.052,5.059,11064.5
2024-12-31 16:00:00,5.059,5.074,5.037,5.054,24589.3
2024-12-31 16:30:00,5.054,5.098,5.012,5.071,43153.1
2024-12-31 17:00:00,5.071,5.072,5.037,5.039,34654.7
2024-12-31 17:30:00,5.039,5.039,4.905,4.975,60566.0
2024-12-31 18:00:00,4.975,4.996,4.963,4.984,12643.5
2024-12-31 18:30:00,4.984,4.998,4.974,4.988,5301.5
2024-12-31 19:00:00,4.988,4.999,4.976,4.99,7404.2
2024-12-31 19:30:00,4.99,4.997,4.969,4.988,12435.2
2024-12-31 20:00:00,4.988,5.005,4.97,4.984,3931.0
2024-12-31 20:30:00,4.984,4.986,4.939,4.957,50359.2
2024-12-31 21:00:00,4.957,4.974,4.944,4.956,3793.3
2024-12-31 21:30:00,4.956,4.982,4.956,4.976,4199.2
2024-12-31 22:00:00,4.976,4.976,4.943,4.955,6858.8
2024-12-31 22:30:00,4.955,4.955,4.913,4.925,15325.1
2024-12-31 23:00:00,4.925,4.95,4.915,4.949,3463.8
2024-12-31 23:30:00,4.949,4.96,4.934,4.953,5327.9
2025-01-01 00:00:00,4.953,4.991,4.944,4.986,6119.7
2025-01-01 00:30:00,4.986,5.038,4.986,5.038,7802.7
2025-01-01 01:00:00,5.038,5.039,4.996,5.0,4477.5
2025-01-01 01:30:00,5.0,5.017,4.981,4.987,6195.8
2025-01-01 02:00:00,4.987,5.011,4.985,4.992,5210.5
2025-01-01 02:30:00,4.992,5.003,4.987,4.99,17742.4
2025-01-01 03:00:00,4.99,4.993,4.961,4.973,7984.5
2025-01-01 03:30:00,4.973,4.981,4.956,4.96,14404.9
2025-01-01 04:00:00,4.96,4.963,4.939,4.949,4447.4
2025-01-01 04:30:00,4.949,4.955,4.937,4.939,9926.6
2025-01-01 05:00:00,4.939,4.968,4.937,4.968,4972.4
2025-01-01 05:30:00,4.968,4.981,4.961,4.961,10374.6
2025-01-01 06:00:00,4.961,4.972,4.941,4.957,4106.5
2025-01-01 06:30:00,4.957,4.958,4.923,4.958,4194.4
2025-01-01 07:00:00,4.958,4.958,4.932,4.936,6295.2
2025-01-01 07:30:00,4.936,4.949,4.932,4.943,2957.0
2025-01-01 08:00:00,4.943,4.954,4.909,4.918,21235.7
2025-01-01 08:30:00,4.918,4.926,4.887,4.887,23266.8
2025-01-01 09:00:00,4.887,4.903,4.847,4.86,59722.1
2025-01-01 09:30:00,4.86,4.89,4.847,4.883,23808.2
2025-01-01 10:00:00,4.883,4.902,4.883,4.889,12134.2
2025-01-01 10:30:00,4.889,4.905,4.885,4.889,16724.0
2025-01-01 11:00:00,4.889,4.924,4.868,4.922,23025.5
2025-01-01 11:30:00,4.922,4.963,4.912,4.937,20305.7
2025-01-01 12:00:00,4.937,4.978,4.934,4.972,15556.3
2025-01-01 12:30:00,4.972,4.992,4.96,4.992,16904.6
2025-01-01 13:00:00,4.992,5.016,4.952,4.96,7652.5
2025-01-01 13:30:00,4.96,4.984,4.956,4.984,2352.9
2025-01-01 14:00:00,4.984,5.021,4.954,4.954,20375.2
2025-01-01 14:30:00,4.954,4.972,4.914,4.97,22108.8
2025-01-01 15:00:00,4.97,4.996,4.95,4.978,21805.4
2025-01-01 15:30:00,4.978,5.067,4.971,5.055,32251.3
2025-01-01 16:00:00,5.055,5.112,5.042,5.103,44880.1
2025-01-01 16:30:00,5.103,5.104,5.05,5.068,19694.9
2025-01-01 17:00:00,5.068,5.073,4.992,5.026,22171.8
2025-01-01 17:30:00,5.026,5.078,5.026,5.068,14504.1
2025-01-01 18:00:00,5.068,5.093,5.033,5.084,27114.4
2025-01-01 18:30:00,5.084,5.156,5.08,5.154,130936.3
2025-01-01 19:00:00,5.154,5.193,5.141,5.142,31361.0
2025-01-01 19:30:00,5.142,5.194,5.113,5.162,14342.0
2025-01-01 20:00:00,5.162,5.195,5.156,5.179,16039.5
2025-01-01 20:30:00,5.179,5.191,5.164,5.166,23623.4
2025-01-01 21:00:00,5.166,5.184,5.141,5.163,77459.9
2025-01-01 21:30:00,5.163,5.167,5.134,5.144,25052.8
2025-01-01 22:00:00,5.144,5.158,5.119,5.132,47241.4
2025-01-01 22:30:00,5.132,5.144,5.125,5.134,7573.6
2025-01-01 23:00:00,5.134,5.136,5.105,5.113,28980.1
2025-01-01 23:30:00,5.113,5.126,5.102,5.122,13458.7
2025-01-02 00:00:00,5.122,5.225,5.121,5.218,36659.4
2025-01-02 00:30:00,5.218,5.25,5.187,5.206,31268.6
2025-01-02 01:00:00,5.206,5.24,5.204,5.204,32616.2
2025-01-02 01:30:00,5.204,5.209,5.169,5.183,17108.7
2025-01-02 02:00:00,5.183,5.196,5.168,5.192,8920.7
2025-01-02 02:30:00,5.192,5.202,5.169,5.19,10441.9
2025-01-02 03:00:00,5.19,5.202,5.171,5.19,8343.4
2025-01-02 03:30:00,5.19,5.198,5.185,5.188,7434.5
2025-01-02 04:00:00,5.188,5.205,5.182,5.186,4644.7
2025-01-02 04:30:00,5.186,5.255,5.186,5.227,26458.1
2025-01-02 05:00:00,5.227,5.228,5.19,5.211,26762.4
2025-01-02 05:30:00,5.211,5.217,5.182,5.187,24393.3
2025-01-02 06:00:00,5.187,5.202,5.152,5.153,10209.6
2025-01-02 06:30:00,5.153,5.175,5.148,5.162,4191.1
2025-01-02 07:00:00,5.162,5.19,5.152,5.182,26970.9
2025-01-02 07:30:00,5.182,5.21,5.182,5.205,29197.8
2025-01-02 08:00:00,5.205,5.219,5.185,5.199,16770.9
2025-01-02 08:30:00,5.199,5.239,5.181,5.237,15798.3
2025-01-02 09:00:00,5.237,5.263,5.227,5.262,49199.2
2025-01-02 09:30:00,5.262,5.289,5.233,5.278,35799.1
2025-01-02 10:00:00,5.278,5.287,5.261,5.271,126814.7
2025-01-02 10:30:00,5.271,5.312,5.266,5.28,35197.3
2025-01-02 11:00:00,5.28,5.289,5.245,5.253,76316.5
2025-01-02 11:30:00,5.253,5.282,5.25,5.265,11707.9
2025-01-02 12:00:00,5.265,5.305,5.256,5.26,13299.5
2025-01-02 12:30:00,5.26,5.284,5.246,5.269,15988.3
2025-01-02 13:00:00,5.269,5.297,5.256,5.288,9978.6
2025-01-02 13:30:00,5.288,5.294,5.264,5.277,15637.9
2025-01-02 14:00:00,5.277,5.296,5.22,5.296,16930.2
2025-01-02 14:30:00,5.296,5.368,5.257,5.295,68039.4
2025-01-02 15:00:00,5.295,5.302,5.226,5.244,88955.5
2025-01-02 15:30:00,5.244,5.256,5.215,5.246,12009.3
2025-01-02 16:00:00,5.246,5.278,5.209,5.275,39116.7
2025-01-02 16:30:00,5.275,5.286,5.256,5.27,20593.8
2025-01-02 17:00:00,5.27,5.305,5.253,5.265,10768.9
2025-01-02 17:30:00,5.265,5.268,5.196,5.235,37971.1
2025-01-02 18:00:00,5.235,5.258,5.224,5.256,11177.2
2025-01-02 18:30:00,5.256,5.287,5.244,5.287,22273.4
2025-01-02 19:00:00,5.287,5.298,5.273,5.286,17072.1
2025-01-02 19:30:00,5.286,5.286,5.258,5.259,16199.1
2025-01-02 20:00:00,5.259,5.292,5.259,5.278,6630.4
2025-01-02 20:30:00,5.278,5.278,5.241,5.249,16519.7
2025-01-02 21:00:00,5.249,5.267,5.237,5.261,9521.4
2025-01-02 21:30:00,5.261,5.277,5.24,5.273,19585.5
2025-01-02 22:00:00,5.273,5.296,5.252,5.26,53786.2
2025-01-02 22:30:00,5.26,5.331,5.26,5.317,62689.5
2025-01-02 23:00:00,5.317,5.327,5.289,5.31,11680.6
2025-01-02 23:30:00,5.31,5.334,5.297,5.304,43696.8
2025-01-03 00:00:00,5.304,5.333,5.3,5.333,51237.7
2025-01-03 00:30:00,5.333,5.333,5.268,5.268,16414.5
2025-01-03 01:00:00,5.268,5.293,5.253,5.287,13718.6
2025-01-03 01:30:00,5.287,5.328,5.268,5.313,14465.6
2025-01-03 02:00:00,5.313,5.397,5.301,5.393,86033.2
2025-01-03 02:30:00,5.393,5.395,5.34,5.34,71534.0
2025-01-03 03:00:00,5.34,5.37,5.329,5.364,48929.8
2025-01-03 03:30:00,5.364,5.436,5.35,5.423,47831.2
2025-01-03 04:00:00,5.423,5.423,5.333,5.339,51036.5
2025-01-03 04:30:00,5.339,5.362,5.323,5.334,21057.7
2025-01-03 05:00:00,5.334,5.344,5.289,5.315,64964.4
2025-01-03 05:30:00,5.315,5.324,5.301,5.306,3372.3
2025-01-03 06:00:00,5.306,5.354,5.306,5.326,4911.5
2025-01-03 06:30:00,5.326,5.33,5.287,5.292,25644.9
2025-01-03 07:00:00,5.292,5.304,5.262,5.268,27339.2
2025-01-03 07:30:00,5.268,5.279,5.241,5.254,39957.4
2025-01-03 08:00:00,5.254,5.293,5.253,5.262,53994.7
2025-01-03 08:30:00,5.262,5.297,5.238,5.285,20404.2
2025-01-03 09:00:00,5.285,5.379,5.285,5.378,22910.6
2025-01-03 09:30:00,5.378,5.379,5.348,5.358,59052.7
2025-01-03 10:00:00,5.358,5.367,5.327,5.361,30011.8
2025-01-03 10:30:00,5.361,5.387,5.356,5.373,8478.2
2025-01-03 11:00:00,5.373,5.429,5.373,5.427,46246.9
2025-01-03 11:30:00,5.427,5.44,5.392,5.422,45027.4
2025-01-03 12:00:00,5.422,5.5,5.422,5.498,57726.6
2025-01-03 12:30:00,5.498,5.517,5.474,5.478,60368.2
2025-01-03 13:00:00,5.478,5.534,5.476,5.493,64299.0
2025-01-03 13:30:00,5.493,5.531,5.487,5.495,12840.4
2025-01-03 14:00:00,5.495,5.592,5.491,5.591,62637.5
2025-01-03 14:30:00,5.591,5.651,5.573,5.62,59087.7
2025-01-03 15:00:00,5.62,5.656,5.587,5.633,114745.3
2025-01-03 15:30:00,5.633,5.649,5.621,5.636,109581.3
2025-01-03 16:00:00,5.636,5.719,5.629,5.715,54737.1
2025-01-03 16:30:00,5.715,5.754,5.698,5.747,49727.7
2025-01-03 17:00:00,5.747,5.751,5.692,5.708,29182.0
2025-01-03 17:30:00,5.708,5.708,5.657,5.659,35375.5
2025-01-03 18:00:00,5.659,5.68,5.652,5.68,32158.2
2025-01-03 18:30:00,5.68,5.692,5.648,5.649,54121.0
2025-01-03 19:00:00,5.649,5.671,5.637,5.65,80923.0
2025-01-03 19:30:00,5.65,5.659,5.64,5.645,49773.5
2025-01-03 20:00:00,5.645,5.659,5.613,5.65,35009.8
2025-01-03 20:30:00,5.65,5.665,5.633,5.654,17671.5
2025-01-03 21:00:00,5.654,5.665,5.629,5.663,14256.3
2025-01-03 21:30:00,5.663,5.663,5.644,5.654,2858.0
2025-01-03 22:00:00,5.654,5.667,5.642,5.646,12712.2
2025-01-03 22:30:00,5.646,5.657,5.635,5.648,4562.5
2025-01-03 23:00:00,5.648,5.668,5.644,5.644,10953.1
2025-01-03 23:30:00,5.644,5.672,5.631,5.665,10400.7
2025-01-04 00:00:00,5.665,5.68,5.645,5.653,10875.5
2025-01-04 00:30:00,5.653,5.653,5.606,5.62,20612.6
2025-01-04 01:00:00,5.62,5.625,5.573,5.595,33197.0
2025-01-04 01:30:00,5.595,5.623,5.576,5.621,13115.4
2025-01-04 02:00:00,5.621,5.659,5.617,5.634,15840.9
2025-01-04 02:30:00,5.634,5.674,5.62,5.658,29088.9
2025-01-04 03:00:00,5.658,5.668,5.644,5.657,5799.2
2025-01-04 03:30:00,5.657,5.679,5.655,5.661,12956.8
2025-01-04 04:00:00,5.661,5.661,5.628,5.629,15413.8
2025-01-04 04:30:00,5.629,5.647,5.614,5.644,6660.7
2025-01-04 05:00:00,5.644,5.648,5.619,5.641,2314.1
2025-01-04 05:30:00,5.641,5.647,5.626,5.644,5258.3
2025-01-04 06:00:00,5.644,5.67,5.644,5.659,10386.5
2025-01-04 06:30:00,5.659,5.684,5.654,5.67,17094.0
2025-01-04 07:00:00,5.67,5.676,5.648,5.661,8447.3
2025-01-04 07:30:00,5.661,5.673,5.653,5.658,12650.1
2025-01-04 08:00:00,5.658,5.659,5.586,5.603,37627.2
2025-01-04 08:30:00,5.603,5.62,5.593,5.61,13642.6
2025-01-04 09:00:00,5.61,5.644,5.608,5.629,19898.0
2025-01-04 09:30:00,5.629,5.638,5.604,5.62,8723.3
2025-01-04 10:00:00,5.62,5.626,5.581,5.59,52526.0
2025-01-04 10:30:00,5.59,5.629,5.586,5.623,21594.8
2025-01-04 11:00:00,5.623,5.627,5.602,5.614,5267.1
2025-01-04 11:30:00,5.614,5.625,5.604,5.621,9492.8
2025-01-04 12:00:00,5.621,5.677,5.616,5.672,12171.2
2025-01-04 12:30:00,5.672,5.694,5.638,5.688,19282.7
2025-01-04 13:00:00,5.688,5.711,5.676,5.683,33266.0
2025-01-04 13:30:00,5.683,5.713,5.664,5.705,83879.4
2025-01-04 14:00:00,5.705,5.705,5.674,5.694,7512.2
2025-01-04 14:30:00,5.694,5.734,5.693,5.721,34110.4
2025-01-04 15:00:00,5.721,5.732,5.638,5.655,20183.5
2025-01-04 15:30:00,5.655,5.66,5.563,5.582,67269.9
2025-01-04 16:00:00,5.582,5.624,5.576,5.606,17513.0
2025-01-04 16:30:00,5.606,5.606,5.568,5.605,33868.8
2025-01-04 17:00:00,5.605,5.627,5.589,5.62,42645.8
2025-01-04 17:30:00,5.62,5.627,5.6,5.625,12275.6
2025-01-04 18:00:00,5.625,5.638,5.615,5.628,10773.9
2025-01-04 18:30:00,5.628,5.628,5.59,5.597,17725.6
2025-01-04 19:00:00,5.597,5.626,5.59,5.608,3381.3
2025-01-04 19:30:00,5.608,5.629,5.608,5.618,6621.0
2025-01-04 20:00:00,5.618,5.635,5.612,5.63,5670.8
2025-01-04 20:30:00,5.63,5.662,5.622,5.646,31592.0
2025-01-04 21:00:00,5.646,5.662,5.645,5.65,9430.4
2025-01-04 21:30:00,5.65,5.65,5.622,5.627,27452.4
2025-01-04 22:00:00,5.627,5.63,5.608,5.608,14198.8
2025-01-04 22:30:00,5.608,5.637,5.606,5.633,32991.7
2025-01-04 23:00:00,5.633,5.655,5.624,5.651,12369.1
2025-01-04 23:30:00,5.651,5.657,5.638,5.638,3928.3
2025-01-05 00:00:00,5.638,5.663,5.612,5.646,27209.7
2025-01-05 00:30:00,5.646,5.657,5.612,5.625,5384.9
2025-01-05 01:00:00,5.625,5.626,5.597,5.605,10885.0
2025-01-05 01:30:00,5.605,5.605,5.569,5.592,33522.2
2025-01-05 02:00:00,5.592,5.615,5.586,5.603,2502.5
2025-01-05 02:30:00,5.603,5.617,5.589,5.617,6858.5
2025-01-05 03:00:00,5.617,5.617,5.589,5.59,3694.7
2025-01-05 03:30:00,5.59,5.608,5.578,5.607,4877.7
2025-01-05 04:00:00,5.607,5.639,5.607,5.635,4468.0
2025-01-05 04:30:00,5.635,5.646,5.629,5.643,23845.6
2025-01-05 05:00:00,5.643,5.646,5.615,5.63,8870.3
2025-01-05 05:30:00,5.63,5.637,5.604,5.615,4488.2
2025-01-05 06:00:00,5.615,5.635,5.606,5.629,8881.6
2025-01-05 06:30:00,5.629,5.662,5.629,5.656,8848.3
2025-01-05 07:00:00,5.656,5.684,5.646,5.65,13003.2
2025-01-05 07:30:00,5.65,5.66,5.64,5.654,11847.5
2025-01-05 08:00:00,5.654,5.659,5.579,5.611,39576.3
2025-01-05 08:30:00,5.611,5.65,5.607,5.648,25797.4
2025-01-05 09:00:00,5.648,5.66,5.614,5.616,14437.6
2025-01-05 09:30:00,5.616,5.637,5.586,5.591,65596.8
2025-01-05 10:00:00,5.591,5.602,5.564,5.579,39950.1
2025-01-05 10:30:00,5.579,5.621,5.574,5.618,22563.9
2025-01-05 11:00:00,5.618,5.64,5.604,5.623,16157.1
2025-01-05 11:30:00,5.623,5.625,5.59,5.597,7061.4
2025-01-05 12:00:00,5.597,5.621,5.557,5.591,43320.8
2025-01-05 12:30:00,5.591,5.625,5.576,5.602,20172.9
2025-01-05 13:00:00,5.602,5.625,5.593,5.617,12197.0
2025-01-05 13:30:00,5.617,5.625,5.575,5.583,13923.5
2025-01-05 14:00:00,5.583,5.593,5.494,5.531,113004.5
2025-01-05 14:30:00,5.531,5.598,5.515,5.589,28590.5
2025-01-05 15:00:00,5.589,5.626,5.569,5.594,40956.0
2025-01-05 15:30:00,5.594,5.643,5.594,5.624,28267.9
2025-01-05 16:00:00,5.624,5.658,5.601,5.612,22224.3
2025-01-05 16:30:00,5.612,5.621,5.579,5.616,21226.6
2025-01-05 17:00:00,5.616,5.666,5.616,5.663,14400.4
2025-01-05 17:30:00,5.663,5.679,5.627,5.642,59196.2
2025-01-05 18:00:00,5.642,5.694,5.614,5.682,39144.9
2025-01-05 18:30:00,5.682,5.729,5.67,5.708,22460.7
2025-01-05 19:00:00,5.708,5.74,5.692,5.707,29086.3
2025-01-05 19:30:00,5.707,5.849,5.699,5.822,74153.3
2025-01-05 20:00:00,5.822,5.902,5.778,5.793,204931.6
2025-01-05 20:30:00,5.793,5.801,5.727,5.745,84461.5
2025-01-05 21:00:00,5.745,5.78,5.745,5.764,32833.2
2025-01-05 21:30:00,5.764,5.826,5.764,5.819,23275.1
2025-01-05 22:00:00,5.819,5.893,5.814,5.871,82930.3
2025-01-05 22:30:00,5.871,5.963,5.851,5.953,76379.8
2025-01-05 23:00:00,5.953,5.964,5.869,5.911,50834.7
2025-01-05 23:30:00,5.911,5.973,5.91,5.914,70108.0
2025-01-06 00:00:00,5.914,5.925,5.839,5.872,32284.9
2025-01-06 00:30:00,5.872,5.895,5.81,5.817,41636.8
2025-01-06 01:00:00,5.817,5.84,5.781,5.805,43838.8
2025-01-06 01:30:00,5.805,6.086,5.803,6.058,495410.8
2025-01-06 02:00:00,6.058,6.267,6.051,6.223,431218.7
2025-01-06 02:30:00,6.223,6.3,6.201,6.28,357695.3
2025-01-06 03:00:00,6.28,6.28,6.203,6.228,121067.8
2025-01-06 03:30:00,6.228,6.268,6.189,6.253,56756.2
2025-01-06 04:00:00,6.253,6.268,6.155,6.165,137222.2
2025-01-06 04:30:00,6.165,6.224,6.155,6.212,61817.3
2025-01-06 05:00:00,6.212,6.236,6.174,6.207,82236.9
2025-01-06 05:30:00,6.207,6.216,6.167,6.199,41789.3
2025-01-06 06:00:00,6.199,6.222,6.14,6.143,127854.4
2025-01-06 06:30:00,6.143,6.201,6.143,6.169,68140.5
2025-01-06 07:00:00,6.169,6.227,6.151,6.167,159886.2
2025-01-06 07:30:00,6.167,6.194,6.092,6.102,117618.8
2025-01-06 08:00:00,6.102,6.131,6.068,6.085,164203.5
2025-01-06 08:30:00,6.085,6.085,6.021,6.037,118254.1
2025-01-06 09:00:00,6.037,6.06,6.036,6.048,53923.6
2025-01-06 09:30:00,6.048,6.055,6.006,6.028,82567.3
2025-01-06 10:00:00,6.028,6.037,5.989,6.017,66579.9
2025-01-06 10:30:00,6.017,6.071,6.0,6.07,83470.2
2025-01-06 11:00:00,6.07,6.08,6.038,6.057,67244.3
2025-01-06 11:30:00,6.057,6.104,6.056,6.09,42078.8
2025-01-06 12:00:00,6.09,6.095,6.048,6.059,44177.8
2025-01-06 12:30:00,6.059,6.061,6.001,6.025,250752.5
2025-01-06 13:00:00,6.025,6.064,5.994,6.049,114657.5
2025-01-06 13:30:00,6.049,6.063,6.019,6.052,60812.0
2025-01-06 14:00:00,6.052,6.052,5.947,5.977,102194.0
2025-01-06 14:30:00,5.977,6.082,5.966,6.044,91444.7
2025-01-06 15:00:00,6.044,6.143,6.028,6.122,114827.9
2025-01-06 15:30:00,6.122,6.131,6.067,6.09,62807.9
2025-01-06 16:00:00,6.09,6.158,6.084,6.125,64717.4
2025-01-06 16:30:00,6.125,6.133,6.028,6.057,90760.5
2025-01-06 17:00:00,6.057,6.057,6.008,6.028,70691.2
2025-01-06 17:30:00,6.028,6.044,5.967,6.017,99724.8
2025-01-06 18:00:00,6.017,6.019,5.98,6.009,33615.0
2025-01-06 18:30:00,6.009,6.02,5.98,5.997,37264.6
2025-01-06 19:00:00,5.997,6.017,5.987,6.005,16039.8
2025-01-06 19:30:00,6.005,6.025,6.002,6.011,29680.7
2025-01-06 20:00:00,6.011,6.023,6.001,6.017,43715.5
2025-01-06 20:30:00,6.017,6.029,5.994,6.021,25132.0
2025-01-06 21:00:00,6.021,6.027,5.943,5.968,27480.9
2025-01-06 21:30:00,5.968,5.996,5.959,5.978,7659.7
2025-01-06 22:00:00,5.978,5.985,5.952,5.964,5798.6
2025-01-06 22:30:00,5.964,5.982,5.952,5.952,9934.3
2025-01-06 23:00:00,5.952,5.957,5.904,5.939,71940.0
2025-01-06 23:30:00,5.939,5.991,5.925,5.987,20906.6
2025-01-07 00:00:00,5.987,5.987,5.945,5.978,9431.3
2025-01-07 00:30:00,5.978,5.979,5.926,5.929,18339.4
2025-01-07 01:00:00,5.929,5.966,5.902,5.961,13400.8
2025-01-07 01:30:00,5.961,5.989,5.961,5.979,13389.2
2025-01-07 02:00:00,5.979,5.986,5.949,5.957,13018.1
2025-01-07 02:30:00,5.957,5.972,5.912,5.92,23528.9
2025-01-07 03:00:00,5.92,5.972,5.92,5.958,32238.0
2025-01-07 03:30:00,5.958,5.969,5.948,5.956,13809.7
2025-01-07 04:00:00,5.956,5.966,5.938,5.949,14395.7
2025-01-07 04:30:00,5.949,5.957,5.921,5.93,16367.8
2025-01-07 05:00:00,5.93,5.954,5.917,5.943,5498.4
2025-01-07 05:30:00,5.943,5.956,5.933,5.952,10265.1
2025-01-07 06:00:00,5.952,6.027,5.95,6.02,31548.7
2025-01-07 06:30:00,6.02,6.071,6.016,6.056,73208.4
2025-01-07 07:00:00,6.056,6.1,6.049,6.063,35018.7
2025-01-07 07:30:00,6.063,6.072,6.027,6.036,41264.6
2025-01-07 08:00:00,6.036,6.076,6.036,6.072,23091.8
2025-01-07 08:30:00,6.072,6.105,6.055,6.066,31687.1
2025-01-07 09:00:00,6.066,6.078,6.029,6.035,25290.7
2025-01-07 09:30:00,6.035,6.041,6.008,6.028,39454.6
2025-01-07 10:00:00,6.028,6.028,6.004,6.019,17092.6
2025-01-07 10:30:00,6.019,6.055,6.018,6.036,24516.2
2025-01-07 11:00:00,6.036,6.056,6.017,6.03,8758.7
2025-01-07 11:30:00,6.03,6.03,5.928,5.983,59720.2
2025-01-07 12:00:00,5.983,6.017,5.965,5.965,51419.8
2025-01-07 12:30:00,5.965,6.009,5.965,5.98,53797.3
2025-01-07 13:00:00,5.98,6.033,5.975,6.026,15804.1
2025-01-07 13:30:00,6.026,6.034,6.006,6.033,32458.2
2025-01-07 14:00:00,6.033,6.037,5.99,6.031,24135.0
2025-01-07 14:30:00,6.031,6.042,5.869,5.923,183428.4
2025-01-07 15:00:00,5.923,5.942,5.555,5.664,772359.8
2025-01-07 15:30:00,5.664,5.677,5.484,5.576,282221.6
2025-01-07 16:00:00,5.576,5.622,5.538,5.621,110426.3
2025-01-07 16:30:00,5.621,5.652,5.609,5.609,96952.8
2025-01-07 17:00:00,5.609,5.621,5.576,5.588,93227.8
2025-01-07 17:30:00,5.588,5.609,5.505,5.551,103311.4
2025-01-07 18:00:00,5.551,5.597,5.514,5.516,97737.2
2025-01-07 18:30:00,5.516,5.523,5.458,5.486,141681.9
2025-01-07 19:00:00,5.486,5.513,5.435,5.464,103763.2
2025-01-07 19:30:00,5.464,5.476,5.397,5.43,91426.0
2025-01-07 20:00:00,5.43,5.454,5.403,5.431,36916.2
2025-01-07 20:30:00,5.431,5.433,5.34,5.407,124748.0
2025-01-07 21:00:00,5.407,5.459,5.4,5.42,40413.1
2025-01-07 21:30:00,5.42,5.435,5.338,5.338,29854.5
2025-01-07 22:00:00,5.338,5.397,5.33,5.371,23812.0
2025-01-07 22:30:00,5.371,5.423,5.366,5.422,5693.4
2025-01-07 23:00:00,5.422,5.422,5.367,5.376,25018.2
2025-01-07 23:30:00,5.376,5.388,5.339,5.348,3881.2
2025-01-08 00:00:00,5.348,5.427,5.342,5.41,58649.9
2025-01-08 00:30:00,5.41,5.487,5.395,5.467,40392.4
2025-01-08 01:00:00,5.467,5.475,5.426,5.433,32435.2
2025-01-08 01:30:00,5.433,5.442,5.379,5.423,10913.3
2025-01-08 02:00:00,5.423,5.447,5.392,5.436,27273.5
2025-01-08 02:30:00,5.436,5.45,5.382,5.382,20119.7
2025-01-08 03:00:00,5.382,5.403,5.304,5.39,80040.2
2025-01-08 03:30:00,5.39,5.39,5.332,5.343,44728.7
2025-01-08 04:00:00,5.343,5.372,5.31,5.322,29451.7
2025-01-08 04:30:00,5.322,5.331,5.265,5.284,43129.7
2025-01-08 05:00:00,5.284,5.344,5.27,5.342,16010.4
2025-01-08 05:30:00,5.342,5.356,5.288,5.296,27799.3
2025-01-08 06:00:00,5.296,5.325,5.252,5.253,101311.3
2025-01-08 06:30:00,5.253,5.285,5.146,5.148,124132.6
2025-01-08 07:00:00,5.148,5.227,5.143,5.21,57352.0
2025-01-08 07:30:00,5.21,5.261,5.2,5.249,90154.6
2025-01-08 08:00:00,5.249,5.336,5.242,5.309,61456.5
2025-01-08 08:30:00,5.309,5.32,5.276,5.282,15841.5
2025-01-08 09:00:00,5.282,5.307,5.271,5.288,29932.7
2025-01-08 09:30:00,5.288,5.289,5.248,5.248,35848.7
2025-01-08 10:00:00,5.248,5.286,5.248,5.286,70142.3
2025-01-08 10:30:00,5.286,5.289,5.237,5.264,101506.9
2025-01-08 11:00:00,5.264,5.267,5.225,5.232,30209.6
2025-01-08 11:30:00,5.232,5.236,5.163,5.206,120513.3
2025-01-08 12:00:00,5.206,5.248,5.183,5.228,31945.4
2025-01-08 12:30:00,5.228,5.23,5.168,5.171,41366.8
2025-01-08 13:00:00,5.171,5.248,5.17,5.218,38493.3
2025-01-08 13:30:00,5.218,5.223,5.182,5.189,14519.0
2025-01-08 14:00:00,5.189,5.238,5.185,5.206,35005.0
2025-01-08 14:30:00,5.206,5.246,5.178,5.214,31860.1
2025-01-08 15:00:00,5.214,5.261,5.168,5.174,79258.6
2025-01-08 15:30:00,5.174,5.187,5.114,5.183,106608.9
2025-01-08 16:00:00,5.183,5.188,5.14,5.148,6593.3
2025-01-08 16:30:00,5.148,5.171,5.036,5.057,229812.7
2025-01-08 17:00:00,5.057,5.093,4.911,4.916,289111.7
2025-01-08 17:30:00,4.916,5.043,4.895,5.033,179159.9
2025-01-08 18:00:00,5.033,5.162,5.022,5.152,87300.9
2025-01-08 18:30:00,5.152,5.152,5.034,5.079,69356.6
2025-01-08 19:00:00,5.079,5.115,5.047,5.094,75842.6
2025-01-08 19:30:00,5.094,5.095,5.04,5.042,19549.0
2025-01-08 20:00:00,5.042,5.062,4.995,5.044,74958.7
2025-01-08 20:30:00,5.044,5.074,5.031,5.046,22077.3
2025-01-08 21:00:00,5.046,5.058,5.0,5.032,32245.5
2025-01-08 21:30:00,5.032,5.085,5.014,5.037,78414.0
2025-01-08 22:00:00,5.037,5.126,5.037,5.1,25534.5
2025-01-08 22:30:00,5.1,5.141,5.099,5.134,53726.2
2025-01-08 23:00:00,5.134,5.134,5.099,5.121,26059.9
2025-01-08 23:30:00,5.121,5.144,5.103,5.112,2522.5
2025-01-09 00:00:00,5.112,5.135,5.094,5.098,15980.4
2025-01-09 00:30:00,5.098,5.136,5.087,5.136,14839.3
2025-01-09 01:00:00,5.136,5.187,5.127,5.171,51081.9
2025-01-09 01:30:00,5.171,5.192,5.137,5.138,277937.7
2025-01-09 02:00:00,5.138,5.159,5.057,5.118,31555.0
2025-01-09 02:30:00,5.118,5.162,5.09,5.162,34391.4
2025-01-09 03:00:00,5.162,5.166,5.107,5.108,5288.4
2025-01-09 03:30:00,5.108,5.127,5.083,5.1,6806.4
2025-01-09 04:00:00,5.1,5.113,5.076,5.101,33853.6
2025-01-09 04:30:00,5.101,5.14,5.087,5.135,8617.1
2025-01-09 05:00:00,5.135,5.14,5.108,5.138,6669.9
2025-01-09 05:30:00,5.138,5.138,5.096,5.1,34585.4
2025-01-09 06:00:00,5.1,5.113,5.07,5.093,13830.5
2025-01-09 06:30:00,5.093,5.103,5.066,5.072,25067.8
2025-01-09 07:00:00,5.072,5.095,5.008,5.014,125686.9
2025-01-09 07:30:00,5.014,5.029,4.987,4.997,125468.7
2025-01-09 08:00:00,4.997,5.042,4.982,5.032,67111.8
2025-01-09 08:30:00,5.032,5.109,5.023,5.07,72138.5
2025-01-09 09:00:00,5.07,5.109,5.063,5.094,7696.0
2025-01-09 09:30:00,5.094,5.111,5.077,5.083,18932.9
2025-01-09 10:00:00,5.083,5.093,5.034,5.044,20811.6
2025-01-09 10:30:00,5.044,5.077,5.004,5.073,23420.8
2025-01-09 11:00:00,5.073,5.122,5.053,5.105,8495.2
2025-01-09 11:30:00,5.105,5.112,5.061,5.098,13818.8
2025-01-09 12:00:00,5.098,5.129,5.068,5.107,25014.5
2025-01-09 12:30:00,5.107,5.126,5.073,5.095,8454.6
2025-01-09 13:00:00,5.095,5.118,5.048,5.078,18445.9
2025-01-09 13:30:00,5.078,5.078,4.926,4.937,128508.7
2025-01-09 14:00:00,4.937,5.027,4.91,4.993,46666.9
2025-01-09 14:30:00,4.993,5.027,4.965,5.025,20576.4
2025-01-09 15:00:00,5.025,5.115,4.991,5.115,37588.3
2025-01-09 15:30:00,5.115,5.185,5.101,5.159,54308.6
2025-01-09 16:00:00,5.159,5.184,5.116,5.127,25595.8
2025-01-09 16:30:00,5.127,5.176,5.105,5.162,25928.4
2025-01-09 17:00:00,5.162,5.169,5.117,5.158,11690.4
2025-01-09 17:30:00,5.158,5.159,5.049,5.093,49934.6
2025-01-09 18:00:00,5.093,5.131,5.078,5.106,27346.8
2025-01-09 18:30:00,5.106,5.138,5.092,5.11,5494.5
2025-01-09 19:00:00,5.11,5.118,5.043,5.049,16365.9
2025-01-09 19:30:00,5.049,5.075,4.987,5.005,69024.2
2025-01-09 20:00:00,5.005,5.025,4.917,4.969,51566.7
2025-01-09 20:30:00,4.969,5.014,4.932,4.984,30795.4
2025-01-09 21:00:00,4.984,5.035,4.965,5.025,10040.1
2025-01-09 21:30:00,5.025,5.025,4.976,4.994,9170.0
2025-01-09 22:00:00,4.994,5.041,4.977,5.035,27048.6
2025-01-09 22:30:00,5.035,5.098,5.035,5.053,31195.4
2025-01-09 23:00:00,5.053,5.055,5.03,5.033,9763.4
2025-01-09 23:30:00,5.033,5.057,5.03,5.051,2437.0
2025-01-10 00:00:00,5.051,5.081,5.036,5.046,14896.8
2025-01-10 00:30:00,5.046,5.065,5.04,5.048,14100.1
2025-01-10 01:00:00,5.048,5.07,5.034,5.034,22371.9
2025-01-10 01:30:00,5.034,5.078,5.024,5.066,25419.1
2025-01-10 02:00:00,5.066,5.099,5.05,5.089,43358.8
2025-01-10 02:30:00,5.089,5.1,5.061,5.07,64220.0
2025-01-10 03:00:00,5.07,5.081,5.052,5.069,15706.3
2025-01-10 03:30:00,5.069,5.085,5.056,5.078,17121.7
2025-01-10 04:00:00,5.078,5.103,5.068,5.069,4963.1
2025-01-10 04:30:00,5.069,5.078,5.052,5.062,4473.4
2025-01-10 05:00:00,5.062,5.076,5.039,5.056,10199.8
2025-01-10 05:30:00,5.056,5.133,5.054,5.092,34431.6
2025-01-10 06:00:00,5.092,5.11,5.079,5.098,9164.7
2025-01-10 06:30:00,5.098,5.148,5.083,5.145,12479.7
2025-01-10 07:00:00,5.145,5.175,5.127,5.171,9547.0
2025-01-10 07:30:00,5.171,5.225,5.164,5.173,54069.4
2025-01-10 08:00:00,5.173,5.188,5.154,5.166,18356.9
2025-01-10 08:30:00,5.166,5.166,5.124,5.152,40601.1
2025-01-10 09:00:00,5.152,5.189,5.141,5.185,19242.9
2025-01-10 09:30:00,5.185,5.194,5.165,5.175,19816.6
2025-01-10 10:00:00,5.175,5.197,5.169,5.169,9155.9
2025-01-10 10:30:00,5.169,5.21,5.163,5.2,19689.9
2025-01-10 11:00:00,5.2,5.2,5.147,5.151,14362.6
2025-01-10 11:30:00,5.151,5.167,5.133,5.167,28261.1
2025-01-10 12:00:00,5.167,5.174,5.132,5.135,15346.8
2025-01-10 12:30:00,5.135,5.183,5.133,5.181,11766.4
2025-01-10 13:00:00,5.181,5.221,5.166,5.195,35146.0
2025-01-10 13:30:00,5.195,5.195,5.011,5.088,308428.4
2025-01-10 14:00:00,5.088,5.185,5.074,5.15,62080.9
2025-01-10 14:30:00,5.15,5.152,5.083,5.117,26777.8
2025-01-10 15:00:00,5.117,5.117,5.02,5.08,60376.1
2025-01-10 15:30:00,5.08,5.167,5.066,5.127,81273.8
2025-01-10 16:00:00,5.127,5.139,5.083,5.096,25916.3
2025-01-10 16:30:00,5.096,5.115,5.066,5.075,6080.3
2025-01-10 17:00:00,5.075,5.149,5.056,5.138,16099.3
2025-01-10 17:30:00,5.138,5.258,5.111,5.236,58190.6
2025-01-10 18:00:00,5.236,5.241,5.182,5.192,43265.1
2025-01-10 18:30:00,5.192,5.208,5.171,5.19,25116.4
2025-01-10 19:00:00,5.19,5.214,5.156,5.205,10859.5
2025-01-10 19:30:00,5.205,5.206,5.179,5.201,5981.1
2025-01-10 20:00:00,5.201,5.203,5.159,5.168,12950.1
2025-01-10 20:30:00,5.168,5.184,5.14,5.176,21679.7
2025-01-10 21:00:00,5.176,5.203,5.173,5.201,4710.8
2025-01-10 21:30:00,5.201,5.211,5.193,5.195,8608.2
2025-01-10 22:00:00,5.195,5.218,5.185,5.218,11193.6
2025-01-10 22:30:00,5.218,5.233,5.203,5.224,4378.3
2025-01-10 23:00:00,5.224,5.243,5.208,5.238,7111.5
2025-01-10 23:30:00,5.238,5.238,5.21,5.21,21404.1
2025-01-11 00:00:00,5.21,5.219,5.178,5.19,9806.7
2025-01-11 00:30:00,5.19,5.205,5.174,5.198,11638.2
2025-01-11 01:00:00,5.198,5.213,5.169,5.172,5610.4
2025-01-11 01:30:00,5.172,5.182,5.157,5.166,15225.0
2025-01-11 02:00:00,5.166,5.183,5.137,5.154,17451.3
2025-01-11 02:30:00,5.154,5.174,5.142,5.167,13010.3
2025-01-11 03:00:00,5.167,5.167,5.119,5.128,45833.9
2025-01-11 03:30:00,5.128,5.143,5.126,5.142,5577.5
2025-01-11 04:00:00,5.142,5.161,5.136,5.136,12815.7
2025-01-11 04:30:00,5.136,5.157,5.125,5.153,13003.5
2025-01-11 05:00:00,5.153,5.167,5.142,5.167,5346.2
2025-01-11 05:30:00,5.167,5.177,5.154,5.173,7001.9
2025-01-11 06:00:00,5.173,5.188,5.161,5.169,18877.2
2025-01-11 06:30:00,5.169,5.17,5.138,5.138,15528.8
2025-01-11 07:00:00,5.138,5.158,5.128,5.13,7516.6
2025-01-11 07:30:00,5.13,5.139,5.122,5.139,5460.5
2025-01-11 08:00:00,5.139,5.162,5.137,5.146,5494.3
2025-01-11 08:30:00,5.146,5.147,5.099,5.118,17324.6
2025-01-11 09:00:00,5.118,5.136,5.115,5.133,7181.2
2025-01-11 09:30:00,5.133,5.139,5.118,5.134,8834.4
2025-01-11 10:00:00,5.134,5.152,5.131,5.152,6898.0
2025-01-11 10:30:00,5.152,5.174,5.138,5.173,5916.7
2025-01-11 11:00:00,5.173,5.189,5.162,5.181,13965.5
2025-01-11 11:30:00,5.181,5.199,5.176,5.193,9911.7
2025-01-11 12:00:00,5.193,5.195,5.174,5.179,6090.7
2025-01-11 12:30:00,5.179,5.183,5.166,5.171,5282.0
2025-01-11 13:00:00,5.171,5.179,5.154,5.161,2374.6
2025-01-11 13:30:00,5.161,5.167,5.136,5.151,13889.5
2025-01-11 14:00:00,5.151,5.158,5.125,5.143,6475.7
2025-01-11 14:30:00,5.143,5.171,5.138,5.167,9166.2
2025-01-11 15:00:00,5.167,5.177,5.144,5.161,16477.6
2025-01-11 15:30:00,5.161,5.164,5.141,5.147,10897.6
2025-01-11 16:00:00,5.147,5.155,5.117,5.129,15159.6
2025-01-11 16:30:00,5.129,5.17,5.126,5.161,7061.5
2025-01-11 17:00:00,5.161,5.167,5.121,5.129,5176.9
2025-01-11 17:30:00,5.129,5.145,5.122,5.133,7262.2
2025-01-11 18:00:00,5.133,5.144,5.129,5.14,6923.9
2025-01-11 18:30:00,5.14,5.143,5.117,5.14,4227.9
2025-01-11 19:00:00,5.14,5.146,5.129,5.142,4917.6
2025-01-11 19:30:00,5.142,5.144,5.114,5.139,6482.7
2025-01-11 20:00:00,5.139,5.185,5.133,5.185,9715.5
2025-01-11 20:30:00,5.185,5.259,5.18,5.248,42482.9
2025-01-11 21:00:00,5.248,5.31,5.248,5.287,62073.7
2025-01-11 21:30:00,5.287,5.31,5.264,5.293,28432.5
2025-01-11 22:00:00,5.293,5.298,5.234,5.242,30851.2
2025-01-11 22:30:00,5.242,5.252,5.216,5.222,105065.3
2025-01-11 23:00:00,5.222,5.239,5.213,5.232,21684.1
2025-01-11 23:30:00,5.232,5.234,5.198,5.2,11925.4
2025-01-12 00:00:00,5.2,5.212,5.176,5.193,8764.2
2025-01-12 00:30:00,5.193,5.228,5.187,5.205,9478.3
2025-01-12 01:00:00,5.205,5.208,5.182,5.191,1460.7
2025-01-12 01:30:00,5.191,5.231,5.191,5.226,2575.5
2025-01-12 02:00:00,5.226,5.233,5.198,5.206,16565.3
2025-01-12 02:30:00,5.206,5.23,5.203,5.23,4274.0
2025-01-12 03:00:00,5.23,5.233,5.178,5.184,5482.2
2025-01-12 03:30:00,5.184,5.205,5.175,5.205,7967.5
2025-01-12 04:00:00,5.205,5.213,5.185,5.2,4509.9
2025-01-12 04:30:00,5.2,5.211,5.187,5.195,1126.1
2025-01-12 05:00:00,5.195,5.206,5.188,5.192,7821.5
2025-01-12 05:30:00,5.192,5.194,5.169,5.181,4549.7
2025-01-12 06:00:00,5.181,5.183,5.154,5.16,5171.0
2025-01-12 06:30:00,5.16,5.168,5.142,5.148,10534.3
2025-01-12 07:00:00,5.148,5.161,5.136,5.158,9334.6
2025-01-12 07:30:00,5.158,5.179,5.158,5.175,9297.5
2025-01-12 08:00:00,5.175,5.182,5.154,5.155,1720.0
2025-01-12 08:30:00,5.155,5.156,5.112,5.127,73802.9
2025-01-12 09:00:00,5.127,5.14,5.119,5.119,21672.1
2025-01-12 09:30:00,5.119,5.121,5.088,5.113,52611.8
2025-01-12 10:00:00,5.113,5.123,5.087,5.098,4450.0
2025-01-12 10:30:00,5.098,5.127,5.088,5.124,6056.0
2025-01-12 11:00:00,5.124,5.132,5.111,5.127,7792.6
2025-01-12 11:30:00,5.127,5.144,5.12,5.137,8184.8
2025-01-12 12:00:00,5.137,5.174,5.113,5.15,14940.9
2025-01-12 12:30:00,5.15,5.153,5.125,5.128,6251.8
2025-01-12 13:00:00,5.128,5.153,5.118,5.147,4449.4
2025-01-12 13:30:00,5.147,5.16,5.131,5.148,1990.1
2025-01-12 14:00:00,5.148,5.17,5.142,5.149,19876.8
2025-01-12 14:30:00,5.149,5.161,5.134,5.14,15783.4
2025-01-12 15:00:00,5.14,5.194,5.126,5.188,12205.2
2025-01-12 15:30:00,5.188,5.19,5.154,5.164,11726.5
2025-01-12 16:00:00,5.164,5.178,5.132,5.148,15741.4
2025-01-12 16:30:00,5.148,5.178,5.148,5.165,6992.9
2025-01-12 17:00:00,5.165,5.181,5.155,5.162,11664.0
2025-01-12 17:30:00,5.162,5.175,5.143,5.168,5328.4
2025-01-12 18:00:00,5.168,5.187,5.161,5.161,1976.8
2025-01-12 18:30:00,5.161,5.161,5.12,5.132,22424.6
2025-01-12 19:00:00,5.132,5.145,5.116,5.126,7620.6
2025-01-12 19:30:00,5.126,5.139,5.124,5.13,4817.9
2025-01-12 20:00:00,5.13,5.145,5.121,5.127,4621.9
2025-01-12 20:30:00,5.127,5.127,5.096,5.114,11147.6
2025-01-12 21:00:00,5.114,5.121,5.079,5.099,10484.5
2025-01-12 21:30:00,5.099,5.107,5.064,5.069,39339.0
2025-01-12 22:00:00,5.069,5.069,5.013,5.025,137569.2
2025-01-12 22:30:00,5.025,5.059,5.021,5.049,62967.0
2025-01-12 23:00:00,5.049,5.065,5.043,5.063,4734.0
2025-01-12 23:30:00,5.063,5.092,5.063,5.085,10099.8
2025-01-13 00:00:00,5.085,5.176,5.073,5.161,24012.4
2025-01-13 00:30:00,5.161,5.229,5.156,5.178,38850.4
2025-01-13 01:00:00,5.178,5.201,5.135,5.166,26658.6
2025-01-13 01:30:00,5.166,5.176,5.095,5.111,12060.7
2025-01-13 02:00:00,5.111,5.121,5.079,5.094,27297.2
2025-01-13 02:30:00,5.094,5.094,5.009,5.042,68243.7
2025-01-13 03:00:00,5.042,5.069,5.003,5.031,13498.5
2025-01-13 03:30:00,5.031,5.047,4.96,4.997,66252.5
2025-01-13 04:00:00,4.997,5.08,4.98,5.072,10310.8
2025-01-13 04:30:00,5.072,5.079,5.03,5.043,3399.0
2025-01-13 05:00:00,5.043,5.047,5.006,5.012,10849.7
2025-01-13 05:30:00,5.012,5.017,4.965,4.985,36953.4
2025-01-13 06:00:00,4.985,5.005,4.962,4.971,32692.8
2025-01-13 06:30:00,4.971,4.975,4.895,4.915,94302.3
2025-01-13 07:00:00,4.915,4.967,4.907,4.96,26958.8
2025-01-13 07:30:00,4.96,4.973,4.937,4.951,7778.8
2025-01-13 08:00:00,4.951,4.957,4.866,4.89,134310.7
2025-01-13 08:30:00,4.89,4.905,4.866,4.878,14165.1
2025-01-13 09:00:00,4.878,4.904,4.817,4.823,74435.6
2025-01-13 09:30:00,4.823,4.868,4.801,4.842,77938.5
2025-01-13 10:00:00,4.842,4.844,4.757,4.765,124033.3
2025-01-13 10:30:00,4.765,4.785,4.733,4.757,106311.0
2025-01-13 11:00:00,4.757,4.765,4.725,4.728,43458.8
2025-01-13 11:30:00,4.728,4.743,4.653,4.66,110142.7
2025-01-13 12:00:00,4.66,4.731,4.658,4.718,56606.0
2025-01-13 12:30:00,4.718,4.722,4.678,4.701,36492.0
2025-01-13 13:00:00,4.701,4.796,4.675,4.764,69477.1
2025-01-13 13:30:00,4.764,4.774,4.729,4.746,8845.4
2025-01-13 14:00:00,4.746,4.747,4.716,4.733,18459.4
2025-01-13 14:30:00,4.733,4.851,4.603,4.806,399247.4
2025-01-13 15:00:00,4.806,4.902,4.786,4.858,61385.7
2025-01-13 15:30:00,4.858,4.907,4.835,4.859,28329.6
2025-01-13 16:00:00,4.859,4.873,4.82,4.832,19269.7
2025-01-13 16:30:00,4.832,4.855,4.782,4.786,16766.5
2025-01-13 17:00:00,4.786,4.825,4.776,4.816,9970.7
2025-01-13 17:30:00,4.816,4.834,4.756,4.777,12604.6
2025-01-13 18:00:00,4.777,4.817,4.722,4.725,18404.5
2025-01-13 18:30:00,4.725,4.793,4.725,4.782,9645.3
2025-01-13 19:00:00,4.782,4.819,4.749,4.78,11161.8
2025-01-13 19:30:00,4.78,4.829,4.768,4.795,4386.4
2025-01-13 20:00:00,4.795,4.804,4.764,4.792,13276.6
2025-01-13 20:30:00,4.792,4.923,4.792,4.907,24392.6
2025-01-13 21:00:00,4.907,4.922,4.88,4.898,14988.1
2025-01-13 21:30:00,4.898,4.955,4.895,4.949,35794.4
2025-01-13 22:00:00,4.949,4.987,4.933,4.976,41907.2
2025-01-13 22:30:00,4.976,4.976,4.927,4.934,12848.6
2025-01-13 23:00:00,4.934,4.946,4.921,4.931,3191.3
2025-01-13 23:30:00,4.931,4.936,4.913,4.919,5808.2
2025-01-14 00:00:00,4.919,4.939,4.902,4.923,9189.1
2025-01-14 00:30:00,4.923,4.932,4.904,4.917,4273.1
2025-01-14 01:00:00,4.917,4.971,4.916,4.955,4575.7
2025-01-14 01:30:00,4.955,4.958,4.921,4.935,14149.1
2025-01-14 02:00:00,4.935,4.992,4.93,4.979,16832.7
2025-01-14 02:30:00,4.979,4.984,4.957,4.961,2760.7
2025-01-14 03:00:00,4.961,4.989,4.955,4.984,2858.3
2025-01-14 03:30:00,4.984,4.989,4.967,4.974,3642.1
2025-01-14 04:00:00,4.974,5.003,4.974,4.986,6366.4
2025-01-14 04:30:00,4.986,5.013,4.974,5.004,11380.0
2025-01-14 05:00:00,5.004,5.044,5.001,5.021,23079.3
2025-01-14 05:30:00,5.021,5.024,4.984,4.988,18766.0
2025-01-14 06:00:00,4.988,5.031,4.981,5.031,28489.7
2025-01-14 06:30:00,5.031,5.051,5.019,5.032,23008.0
2025-01-14 07:00:00,5.032,5.045,5.019,5.024,6766.1
2025-01-14 07:30:00,5.024,5.032,4.991,4.992,12445.7
2025-01-14 08:00:00,4.992,5.048,4.992,5.017,23129.6
2025-01-14 08:30:00,5.017,5.04,5.015,5.024,8524.3
2025-01-14 09:00:00,5.024,5.097,5.019,5.085,12266.8
2025-01-14 09:30:00,5.085,5.142,5.066,5.115,135626.8
2025-01-14 10:00:00,5.115,5.118,5.081,5.101,10154.5
2025-01-14 10:30:00,5.101,5.101,5.082,5.089,11585.5
2025-01-14 11:00:00,5.089,5.095,5.064,5.08,10836.1
2025-01-14 11:30:00,5.08,5.101,5.071,5.1,19285.6
2025-01-14 12:00:00,5.1,5.109,5.062,5.071,28264.8
2025-01-14 12:30:00,5.071,5.131,5.071,5.109,20683.0
2025-01-14 13:00:00,5.109,5.14,5.096,5.14,27434.8
2025-01-14 13:30:00,5.14,5.224,5.14,5.159,46231.4
2025-01-14 14:00:00,5.159,5.178,5.134,5.176,10382.8
2025-01-14 14:30:00,5.176,5.215,5.139,5.157,18259.9
2025-01-14 15:00:00,5.157,5.178,5.149,5.174,8789.9
2025-01-14 15:30:00,5.174,5.204,5.17,5.182,13960.7
2025-01-14 16:00:00,5.182,5.182,5.132,5.155,13280.7
2025-01-14 16:30:00,5.155,5.167,5.135,5.165,10852.5
2025-01-14 17:00:00,5.165,5.219,5.145,5.213,15497.2
2025-01-14 17:30:00,5.213,5.219,5.175,5.188,28248.6
2025-01-14 18:00:00,5.188,5.21,5.183,5.208,55831.0
2025-01-14 18:30:00,5.208,5.238,5.208,5.226,6842.2
2025-01-14 19:00:00,5.226,5.229,5.204,5.224,14579.3
2025-01-14 19:30:00,5.224,5.237,5.208,5.213,2488.3
2025-01-14 20:00:00,5.213,5.231,5.173,5.227,12360.0
2025-01-14 20:30:00,5.227,5.227,5.194,5.207,3364.9
2025-01-14 21:00:00,5.207,5.218,5.196,5.211,2331.4
2025-01-14 21:30:00,5.211,5.211,5.186,5.202,12423.9
2025-01-14 22:00:00,5.202,5.236,5.202,5.235,4517.6
2025-01-14 22:30:00,5.235,5.248,5.23,5.238,10901.7
2025-01-14 23:00:00,5.238,5.248,5.217,5.223,10043.0
2025-01-14 23:30:00,5.223,5.227,5.206,5.21,4554.6
2025-01-15 00:00:00,5.21,5.22,5.192,5.204,9519.7
2025-01-15 00:30:00,5.204,5.217,5.176,5.181,7812.8
2025-01-15 01:00:00,5.181,5.194,5.162,5.187,9171.1
2025-01-15 01:30:00,5.187,5.236,5.18,5.208,11408.9
2025-01-15 02:00:00,5.208,5.253,5.203,5.212,15819.2
2025-01-15 02:30:00,5.212,5.233,5.192,5.21,23349.8
2025-01-15 03:00:00,5.21,5.226,5.188,5.204,6746.7
2025-01-15 03:30:00,5.204,5.226,5.192,5.226,3135.2
2025-01-15 04:00:00,5.226,5.24,5.192,5.208,6289.9
2025-01-15 04:30:00,5.208,5.211,5.186,5.2,26786.7
2025-01-15 05:00:00,5.2,5.2,5.163,5.188,7614.4
2025-01-15 05:30:00,5.188,5.209,5.183,5.199,7511.9
2025-01-15 06:00:00,5.199,5.206,5.185,5.19,5711.3
2025-01-15 06:30:00,5.19,5.217,5.188,5.213,4440.4
2025-01-15 07:00:00,5.213,5.256,5.212,5.252,29371.8
2025-01-15 07:30:00,5.252,5.275,5.235,5.263,26396.5
2025-01-15 08:00:00,5.263,5.299,5.253,5.299,23720.7
2025-01-15 08:30:00,5.299,5.323,5.273,5.275,18661.0
2025-01-15 09:00:00,5.275,5.283,5.216,5.224,58454.1
2025-01-15 09:30:00,5.224,5.241,5.159,5.174,63086.9
2025-01-15 10:00:00,5.174,5.214,5.17,5.206,32798.6
2025-01-15 10:30:00,5.206,5.212,5.174,5.178,17074.2
2025-01-15 11:00:00,5.178,5.182,5.119,5.135,67615.0
2025-01-15 11:30:00,5.135,5.159,5.123,5.145,6578.2
2025-01-15 12:00:00,5.145,5.153,5.113,5.117,11431.0
2025-01-15 12:30:00,5.117,5.17,5.117,5.142,13302.9
2025-01-15 13:00:00,5.142,5.198,5.142,5.183,10746.2
2025-01-15 13:30:00,5.183,5.353,5.183,5.351,177258.2
2025-01-15 14:00:00,5.351,5.421,5.334,5.369,75096.1
2025-01-15 14:30:00,5.369,5.468,5.364,5.45,49857.1
2025-01-15 15:00:00,5.45,5.535,5.429,5.531,42836.7
2025-01-15 15:30:00,5.531,5.549,5.478,5.498,37170.5
2025-01-15 16:00:00,5.498,5.596,5.498,5.591,64956.3
2025-01-15 16:30:00,5.591,5.596,5.515,5.516,14892.1
2025-01-15 17:00:00,5.516,5.537,5.473,5.48,13396.9
2025-01-15 17:30:00,5.48,5.501,5.433,5.443,29996.5
2025-01-15 18:00:00,5.443,5.5,5.443,5.5,10674.5
2025-01-15 18:30:00,5.5,5.506,5.483,5.503,5466.4
2025-01-15 19:00:00,5.503,5.52,5.485,5.495,8063.5
2025-01-15 19:30:00,5.495,5.53,5.488,5.526,17312.6
2025-01-15 20:00:00,5.526,5.584,5.526,5.542,59440.3
2025-01-15 20:30:00,5.542,5.553,5.496,5.526,13798.8
2025-01-15 21:00:00,5.526,5.565,5.525,5.542,8179.3
2025-01-15 21:30:00,5.542,5.558,5.519,5.535,10592.9
2025-01-15 22:00:00,5.535,5.54,5.516,5.526,25645.6
2025-01-15 22:30:00,5.526,5.585,5.526,5.581,14551.9
2025-01-15 23:00:00,5.581,5.657,5.565,5.653,52099.3
2025-01-15 23:30:00,5.653,5.678,5.635,5.654,21715.4
2025-01-16 00:00:00,5.654,5.682,5.564,5.572,51175.9
2025-01-16 00:30:00,5.572,5.585,5.514,5.565,16018.9
2025-01-16 01:00:00,5.565,5.622,5.56,5.578,11226.8
2025-01-16 01:30:00,5.578,5.622,5.56,5.611,10932.8
2025-01-16 02:00:00,5.611,5.619,5.572,5.577,8858.6
2025-01-16 02:30:00,5.577,5.592,5.555,5.571,3246.6
2025-01-16 03:00:00,5.571,5.592,5.555,5.556,5045.8
2025-01-16 03:30:00,5.556,5.556,5.519,5.544,19896.3
2025-01-16 04:00:00,5.544,5.565,5.534,5.541,7402.4
2025-01-16 04:30:00,5.541,5.549,5.53,5.546,6356.8
2025-01-16 05:00:00,5.546,5.546,5.504,5.521,5809.8
2025-01-16 05:30:00,5.521,5.54,5.505,5.508,9384.9
2025-01-16 06:00:00,5.508,5.542,5.492,5.541,7760.0
2025-01-16 06:30:00,5.541,5.559,5.531,5.55,7456.8
2025-01-16 07:00:00,5.55,5.56,5.522,5.532,3867.4
2025-01-16 07:30:00,5.532,5.539,5.516,5.519,7074.4
2025-01-16 08:00:00,5.519,5.537,5.467,5.484,57207.5
2025-01-16 08:30:00,5.484,5.49,5.386,5.42,49021.9
2025-01-16 09:00:00,5.42,5.447,5.394,5.433,33873.0
2025-01-16 09:30:00,5.433,5.462,5.415,5.462,17238.4
2025-01-16 10:00:00,5.462,5.464,5.435,5.447,5339.0
2025-01-16 10:30:00,5.447,5.458,5.434,5.452,20368.7
2025-01-16 11:00:00,5.452,5.477,5.411,5.449,25638.8
2025-01-16 11:30:00,5.449,5.495,5.434,5.486,35567.9
2025-01-16 12:00:00,5.486,5.583,5.465,5.565,45941.7
2025-01-16 12:30:00,5.565,5.67,5.564,5.653,62650.5
2025-01-16 13:00:00,5.653,5.693,5.552,5.552,51188.3
2025-01-16 13:30:00,5.552,5.629,5.551,5.557,97939.9
2025-01-16 14:00:00,5.557,5.599,5.538,5.578,91127.1
2025-01-16 14:30:00,5.578,5.583,5.388,5.445,118159.6
2025-01-16 15:00:00,5.445,5.545,5.419,5.545,39396.1
2025-01-16 15:30:00,5.545,5.602,5.487,5.6,31295.3
2025-01-16 16:00:00,5.6,5.678,5.593,5.674,41459.5
2025-01-16 16:30:00,5.674,5.715,5.64,5.671,34895.7
2025-01-16 17:00:00,5.671,5.75,5.628,5.744,58155.8
2025-01-16 17:30:00,5.744,5.769,5.705,5.739,64377.6
2025-01-16 18:00:00,5.739,5.788,5.715,5.729,20219.5
2025-01-16 18:30:00,5.729,5.741,5.67,5.671,143333.4
2025-01-16 19:00:00,5.671,5.722,5.66,5.722,113314.5
2025-01-16 19:30:00,5.722,5.754,5.7,5.754,29364.4
2025-01-16 20:00:00,5.754,5.77,5.706,5.726,26636.9
2025-01-16 20:30:00,5.726,5.752,5.714,5.726,13621.4
2025-01-16 21:00:00,5.726,5.732,5.66,5.691,50291.9
2025-01-16 21:30:00,5.691,5.708,5.653,5.667,10049.9
2025-01-16 22:00:00,5.667,5.673,5.599,5.616,45653.1
2025-01-16 22:30:00,5.616,5.616,5.568,5.583,31769.2
2025-01-16 23:00:00,5.583,5.617,5.549,5.56,44537.2
2025-01-16 23:30:00,5.56,5.615,5.558,5.615,26843.6
2025-01-17 00:00:00,5.615,5.657,5.615,5.644,42772.9
2025-01-17 00:30:00,5.644,5.69,5.644,5.69,18101.6
2025-01-17 01:00:00,5.69,5.69,5.654,5.669,9363.4
2025-01-17 01:30:00,5.669,5.767,5.664,5.761,25287.5
2025-01-17 02:00:00,5.761,5.817,5.756,5.81,78253.0
2025-01-17 02:30:00,5.81,5.812,5.72,5.748,54569.7
2025-01-17 03:00:00,5.748,5.754,5.722,5.745,15829.6
2025-01-17 03:30:00,5.745,5.791,5.741,5.787,17431.6
2025-01-17 04:00:00,5.787,5.838,5.767,5.805,22983.0
2025-01-17 04:30:00,5.805,5.9,5.791,5.878,38141.9
2025-01-17 05:00:00,5.878,5.917,5.846,5.906,54232.1
2025-01-17 05:30:00,5.906,5.954,5.883,5.915,49648.1
2025-01-17 06:00:00,5.915,5.921,5.861,5.877,22022.8
2025-01-17 06:30:00,5.877,5.899,5.871,5.894,14767.4
2025-01-17 07:00:00,5.894,5.9,5.854,5.854,64417.1
2025-01-17 07:30:00,5.854,5.879,5.837,5.844,41908.4
2025-01-17 08:00:00,5.844,5.867,5.793,5.816,36762.6
2025-01-17 08:30:00,5.816,5.865,5.816,5.865,73894.2
2025-01-17 09:00:00,5.865,5.883,5.815,5.832,37149.8
2025-01-17 09:30:00,5.832,5.847,5.824,5.83,14206.9
2025-01-17 10:00:00,5.83,5.84,5.81,5.819,16635.5
2025-01-17 10:30:00,5.819,5.834,5.802,5.814,19560.3
2025-01-17 11:00:00,5.814,5.836,5.799,5.833,15882.9
2025-01-17 11:30:00,5.833,5.844,5.803,5.804,35159.5
2025-01-17 12:00:00,5.804,5.806,5.761,5.764,43019.5
2025-01-17 12:30:00,5.764,5.787,5.736,5.762,34628.6
2025-01-17 13:00:00,5.762,5.811,5.762,5.804,35714.9
2025-01-17 13:30:00,5.804,5.804,5.74,5.769,25529.4
2025-01-17 14:00:00,5.769,5.81,5.768,5.806,36448.1
2025-01-17 14:30:00,5.806,5.82,5.75,5.787,56298.8
2025-01-17 15:00:00,5.787,5.838,5.732,5.75,100408.6
2025-01-17 15:30:00,5.75,5.79,5.739,5.773,39223.9
2025-01-17 16:00:00,5.773,5.834,5.761,5.812,84216.2
2025-01-17 16:30:00,5.812,5.851,5.806,5.828,21363.0
2025-01-17 17:00:00,5.828,5.837,5.793,5.816,35589.1
2025-01-17 17:30:00,5.816,5.821,5.756,5.76,53554.8
2025-01-17 18:00:00,5.76,5.794,5.734,5.78,46475.4
2025-01-17 18:30:00,5.78,5.794,5.755,5.759,34889.0
2025-01-17 19:00:00,5.759,5.827,5.759,5.815,39222.2
2025-01-17 19:30:00,5.815,5.818,5.79,5.801,7450.7
2025-01-17 20:00:00,5.801,5.885,5.797,5.884,39025.0
2025-01-17 20:30:00,5.884,5.933,5.884,5.907,58443.3
2025-01-17 21:00:00,5.907,5.916,5.876,5.881,22918.7
2025-01-17 21:30:00,5.881,5.894,5.852,5.889,24592.6
2025-01-17 22:00:00,5.889,5.903,5.878,5.887,10059.4
2025-01-17 22:30:00,5.887,5.892,5.843,5.848,19123.1
2025-01-17 23:00:00,5.848,5.851,5.832,5.84,18165.3
2025-01-17 23:30:00,5.84,5.87,5.825,5.831,16774.7
2025-01-18 00:00:00,5.831,5.869,5.831,5.861,36945.2
2025-01-18 00:30:00,5.861,5.866,5.839,5.852,11876.1
2025-01-18 01:00:00,5.852,5.853,5.798,5.805,32877.7
2025-01-18 01:30:00,5.805,5.806,5.766,5.783,26374.3
2025-01-18 02:00:00,5.783,5.813,5.78,5.797,4647.9
2025-01-18 02:30:00,5.797,5.799,5.749,5.76,23154.7
2025-01-18 03:00:00,5.76,5.776,5.708,5.726,58222.5
2025-01-18 03:30:00,5.726,5.728,5.584,5.62,122000.2
2025-01-18 04:00:00,5.62,5.646,5.541,5.566,63932.7
2025-01-18 04:30:00,5.566,5.601,5.529,5.576,39470.4
2025-01-18 05:00:00,5.576,5.597,5.495,5.503,73239.6
2025-01-18 05:30:00,5.503,5.511,5.352,5.359,198270.0
2025-01-18 06:00:00,5.359,5.464,5.355,5.442,76169.9
2025-01-18 06:30:00,5.442,5.482,5.432,5.473,33172.8
2025-01-18 07:00:00,5.473,5.485,5.437,5.456,66631.6
2025-01-18 07:30:00,5.456,5.456,5.381,5.41,142837.5
2025-01-18 08:00:00,5.41,5.419,5.315,5.419,115809.5
2025-01-18 08:30:00,5.419,5.492,5.419,5.484,46612.1
2025-01-18 09:00:00,5.484,5.504,5.434,5.466,93840.6
2025-01-18 09:30:00,5.466,5.466,5.421,5.462,61630.8
2025-01-18 10:00:00,5.462,5.472,5.417,5.427,27365.7
2025-01-18 10:30:00,5.427,5.44,5.371,5.424,45293.4
2025-01-18 11:00:00,5.424,5.449,5.374,5.439,93075.5
2025-01-18 11:30:00,5.439,5.494,5.423,5.478,41485.9
2025-01-18 12:00:00,5.478,5.486,5.438,5.439,39835.5
2025-01-18 12:30:00,5.439,5.448,5.407,5.428,31427.6
2025-01-18 13:00:00,5.428,5.46,5.408,5.456,33504.2
2025-01-18 13:30:00,5.456,5.552,5.453,5.543,51022.2
2025-01-18 14:00:00,5.543,5.564,5.507,5.508,16389.9
2025-01-18 14:30:00,5.508,5.514,5.447,5.461,42140.9
2025-01-18 15:00:00,5.461,5.527,5.427,5.507,31107.3
2025-01-18 15:30:00,5.507,5.538,5.449,5.452,38527.2
2025-01-18 16:00:00,5.452,5.469,5.375,5.436,83386.6
2025-01-18 16:30:00,5.436,5.467,5.341,5.345,109409.2
2025-01-18 17:00:00,5.345,5.432,5.341,5.413,28566.1
2025-01-18 17:30:00,5.413,5.437,5.379,5.38,8317.4
2025-01-18 18:00:00,5.38,5.408,5.337,5.385,99635.3
2025-01-18 18:30:00,5.385,5.404,5.325,5.343,99445.5
2025-01-18 19:00:00,5.343,5.406,5.343,5.389,8636.5
2025-01-18 19:30:00,5.389,5.42,5.378,5.413,30314.0
2025-01-18 20:00:00,5.413,5.421,5.331,5.351,14655.7
2025-01-18 20:30:00,5.351,5.378,5.342,5.362,9007.5
2025-01-18 21:00:00,5.362,5.4,5.355,5.384,13918.0
2025-01-18 21:30:00,5.384,5.384,5.35,5.355,16285.9
2025-01-18 22:00:00,5.355,5.413,5.347,5.404,13647.0
2025-01-18 22:30:00,5.404,5.417,5.39,5.39,7694.6
2025-01-18 23:00:00,5.39,5.448,5.388,5.444,4781.5
2025-01-18 23:30:00,5.444,5.468,5.443,5.446,8995.0
2025-01-19 00:00:00,5.446,5.505,5.425,5.496,46818.5
2025-01-19 00:30:00,5.496,5.514,5.473,5.505,22789.8
2025-01-19 01:00:00,5.505,5.575,5.494,5.561,24146.8
2025-01-19 01:30:00,5.561,5.619,5.539,5.581,59659.9
2025-01-19 02:00:00,5.581,5.587,5.538,5.554,29164.9
2025-01-19 02:30:00,5.554,5.599,5.532,5.537,16815.1
2025-01-19 03:00:00,5.537,5.545,5.492,5.501,32682.5
2025-01-19 03:30:00,5.501,5.529,5.485,5.491,11112.6
2025-01-19 04:00:00,5.491,5.501,5.436,5.459,36126.4
2025-01-19 04:30:00,5.459,5.463,5.417,5.423,14694.8
2025-01-19 05:00:00,5.423,5.431,5.374,5.431,52861.0
2025-01-19 05:30:00,5.431,5.464,5.399,5.454,10311.2
2025-01-19 06:00:00,5.454,5.456,5.428,5.451,5836.5
2025-01-19 06:30:00,5.451,5.451,5.389,5.392,17679.1
2025-01-19 07:00:00,5.392,5.411,5.329,5.341,26982.0
2025-01-19 07:30:00,5.341,5.373,5.34,5.342,21357.3
2025-01-19 08:00:00,5.342,5.342,5.208,5.21,327263.5
2025-01-19 08:30:00,5.21,5.24,5.162,5.17,155166.1
2025-01-19 09:00:00,5.17,5.171,5.055,5.109,492970.2
2025-01-19 09:30:00,5.109,5.231,5.079,5.227,128082.4
2025-01-19 10:00:00,5.227,5.228,5.149,5.173,28134.9
2025-01-19 10:30:00,5.173,5.218,5.168,5.171,26099.8
2025-01-19 11:00:00,5.171,5.186,5.093,5.096,113417.2
2025-01-19 11:30:00,5.096,5.113,5.02,5.063,79228.9
2025-01-19 12:00:00,5.063,5.142,5.05,5.108,27845.3
2025-01-19 12:30:00,5.108,5.192,5.104,5.188,38544.6
2025-01-19 13:00:00,5.188,5.211,5.168,5.186,111029.7
2025-01-19 13:30:00,5.186,5.25,5.149,5.245,62162.3
2025-01-19 14:00:00,5.245,5.367,5.221,5.365,72743.7
2025-01-19 14:30:00,5.365,5.424,5.311,5.399,45325.5
2025-01-19 15:00:00,5.399,5.492,5.393,5.442,241649.1
2025-01-19 15:30:00,5.442,5.475,5.391,5.406,23413.3
2025-01-19 16:00:00,5.406,5.455,5.386,5.438,25630.3
2025-01-19 16:30:00,5.438,5.448,5.369,5.383,19060.4
2025-01-19 17:00:00,5.383,5.407,5.34,5.404,39516.7
2025-01-19 17:30:00,5.404,5.447,5.376,5.445,19446.1
2025-01-19 18:00:00,5.445,5.457,5.407,5.414,42467.2
2025-01-19 18:30:00,5.414,5.441,5.404,5.44,3475.0
2025-01-19 19:00:00,5.44,5.444,5.401,5.436,24354.0
2025-01-19 19:30:00,5.436,5.453,5.407,5.453,8259.7
2025-01-19 20:00:00,5.453,5.483,5.425,5.433,41922.5
2025-01-19 20:30:00,5.433,5.436,5.371,5.4,47094.3
2025-01-19 21:00:00,5.4,5.406,5.209,5.253,112830.1
2025-01-19 21:30:00,5.253,5.284,5.074,5.089,177036.2
2025-01-19 22:00:00,5.089,5.178,5.01,5.168,107883.7
2025-01-19 22:30:00,5.168,5.171,4.901,5.1,280791.7
2025-01-19 23:00:00,5.1,5.101,4.838,4.887,144556.5
2025-01-19 23:30:00,4.887,5.031,4.864,4.977,97649.9
2025-01-20 00:00:00,4.977,4.996,4.892,4.912,71201.6
2025-01-20 00:30:00,4.912,4.948,4.823,4.823,402686.3
2025-01-20 01:00:00,4.823,4.931,4.823,4.874,35329.3
2025-01-20 01:30:00,4.874,4.957,4.859,4.912,29944.3
2025-01-20 02:00:00,4.912,5.075,4.885,5.065,39658.0
2025-01-20 02:30:00,5.065,5.099,5.007,5.034,34980.2
2025-01-20 03:00:00,5.034,5.067,4.985,5.003,13654.5
2025-01-20 03:30:00,5.003,5.057,4.997,5.026,14152.4
2025-01-20 04:00:00,5.026,5.029,4.969,4.993,21548.9
2025-01-20 04:30:00,4.993,5.091,4.979,5.032,9127.5
2025-01-20 05:00:00,5.032,5.113,5.02,5.058,15188.8
2025-01-20 05:30:00,5.058,5.069,5.015,5.052,13872.8
2025-01-20 06:00:00,5.052,5.095,5.042,5.046,7221.2
2025-01-20 06:30:00,5.046,5.347,5.034,5.294,130623.9
2025-01-20 07:00:00,5.294,5.469,5.289,5.395,113685.2
2025-01-20 07:30:00,5.395,5.395,5.272,5.344,47111.8
2025-01-20 08:00:00,5.344,5.418,5.332,5.389,23111.6
2025-01-20 08:30:00,5.389,5.405,5.342,5.362,28064.1
2025-01-20 09:00:00,5.362,5.389,5.301,5.325,25267.2
2025-01-20 09:30:00,5.325,5.344,5.279,5.301,32892.4
2025-01-20 10:00:00,5.301,5.327,5.285,5.318,16969.5
2025-01-20 10:30:00,5.318,5.32,5.226,5.254,44287.1
2025-01-20 11:00:00,5.254,5.279,5.22,5.275,26257.1
2025-01-20 11:30:00,5.275,5.306,5.253,5.306,5400.6
2025-01-20 12:00:00,5.306,5.308,5.092,5.176,58326.9
2025-01-20 12:30:00,5.176,5.203,5.102,5.169,22141.0
2025-01-20 13:00:00,5.169,5.222,5.15,5.186,25045.0
2025-01-20 13:30:00,5.186,5.237,5.172,5.22,21444.5
2025-01-20 14:00:00,5.22,5.246,5.188,5.219,7305.2
2025-01-20 14:30:00,5.219,5.26,5.201,5.253,8484.3
2025-01-20 15:00:00,5.253,5.268,5.206,5.254,9396.3
2025-01-20 15:30:00,5.254,5.254,5.15,5.178,22860.5
2025-01-20 16:00:00,5.178,5.215,5.073,5.206,43805.7
2025-01-20 16:30:00,5.206,5.297,5.186,5.28,15043.1
2025-01-20 17:00:00,5.28,5.283,5.086,5.187,260152.7
2025-01-20 17:30:00,5.187,5.215,4.898,5.043,882247.9
2025-01-20 18:00:00,5.043,5.116,5.039,5.09,24441.7
2025-01-20 18:30:00,5.09,5.158,5.067,5.138,15739.5
2025-01-20 19:00:00,5.138,5.166,5.089,5.131,15114.6
2025-01-20 19:30:00,5.131,5.172,5.107,5.153,12738.8
2025-01-20 20:00:00,5.153,5.154,5.1,5.111,13411.8
2025-01-20 20:30:00,5.111,5.166,5.111,5.145,3500.0
2025-01-20 21:00:00,5.145,5.17,5.129,5.147,3473.1
2025-01-20 21:30:00,5.147,5.159,5.049,5.049,6994.4
2025-01-20 22:00:00,5.049,5.097,4.998,5.089,24317.4
2025-01-20 22:30:00,5.089,5.156,5.085,5.14,20501.2
2025-01-20 23:00:00,5.14,5.147,5.094,5.136,6343.5
2025-01-20 23:30:00,5.136,5.164,5.072,5.102,14085.3
2025-01-21 00:00:00,5.102,5.124,5.055,5.072,11971.7
2025-01-21 00:30:00,5.072,5.118,5.004,5.011,13326.4
2025-01-21 01:00:00,5.011,5.078,4.953,4.96,26182.0
2025-01-21 01:30:00,4.96,5.048,4.935,4.998,30955.2
2025-01-21 02:00:00,4.998,5.034,4.964,4.994,41358.2
2025-01-21 02:30:00,4.994,5.006,4.922,4.998,13046.0
2025-01-21 03:00:00,4.998,5.03,4.97,4.987,12103.5
2025-01-21 03:30:00,4.987,5.014,4.964,4.994,8145.6
2025-01-21 04:00:00,4.994,4.997,4.925,4.953,17626.6
2025-01-21 04:30:00,4.953,4.988,4.882,4.988,26740.0
2025-01-21 05:00:00,4.988,5.008,4.963,4.968,11158.1
2025-01-21 05:30:00,4.968,4.972,4.904,4.923,4547.1
2025-01-21 06:00:00,4.923,4.983,4.9,4.943,7884.6
2025-01-21 06:30:00,4.943,4.958,4.902,4.948,9705.7
2025-01-21 07:00:00,4.948,5.0,4.929,4.997,5860.6
2025-01-21 07:30:00,4.997,5.025,4.973,4.992,12513.9
2025-01-21 08:00:00,4.992,5.02,4.955,4.997,4437.2
2025-01-21 08:30:00,4.997,4.997,4.94,4.985,13544.7
2025-01-21 09:00:00,4.985,5.033,4.974,5.009,72675.5
2025-01-21 09:30:00,5.009,5.045,4.992,5.034,6568.1
2025-01-21 10:00:00,5.034,5.111,5.027,5.101,37776.4
2025-01-21 10:30:00,5.101,5.127,5.088,5.12,12586.8
2025-01-21 11:00:00,5.12,5.146,5.087,5.123,43127.6
2025-01-21 11:30:00,5.123,5.157,5.106,5.147,13764.5
2025-01-21 12:00:00,5.147,5.203,5.122,5.193,10704.2
2025-01-21 12:30:00,5.193,5.199,5.133,5.142,15681.2
2025-01-21 13:00:00,5.142,5.166,5.11,5.118,14872.8
2025-01-21 13:30:00,5.118,5.152,5.104,5.145,5967.5
2025-01-21 14:00:00,5.145,5.184,5.112,5.183,5234.0
2025-01-21 14:30:00,5.183,5.186,5.072,5.091,68445.1
2025-01-21 15:00:00,5.091,5.144,5.066,5.131,18896.1
2025-01-21 15:30:00,5.131,5.143,5.105,5.135,20635.4
2025-01-21 16:00:00,5.135,5.242,5.119,5.181,96826.4
2025-01-21 16:30:00,5.181,5.203,5.155,5.185,23748.4
2025-01-21 17:00:00,5.185,5.209,5.183,5.2,4824.0
2025-01-21 17:30:00,5.2,5.303,5.183,5.292,24625.6
2025-01-21 18:00:00,5.292,5.329,5.277,5.288,27282.7
2025-01-21 18:30:00,5.288,5.352,5.288,5.326,29120.6
2025-01-21 19:00:00,5.326,5.333,5.276,5.303,17955.1
2025-01-21 19:30:00,5.303,5.308,5.265,5.294,22145.1
2025-01-21 20:00:00,5.294,5.299,5.263,5.275,6926.4
2025-01-21 20:30:00,5.275,5.282,5.241,5.272,14476.3
2025-01-21 21:00:00,5.272,5.28,5.244,5.26,8413.6
2025-01-21 21:30:00,5.26,5.298,5.248,5.291,12050.8
2025-01-21 22:00:00,5.291,5.296,5.256,5.292,4467.0
2025-01-21 22:30:00,5.292,5.328,5.272,5.274,3698.0
2025-01-21 23:00:00,5.274,5.294,5.226,5.256,13187.5
2025-01-21 23:30:00,5.256,5.277,5.241,5.258,9723.7
2025-01-22 00:00:00,5.258,5.284,5.247,5.273,20689.6
2025-01-22 00:30:00,5.273,5.305,5.245,5.301,5872.1
2025-01-22 01:00:00,5.301,5.301,5.25,5.261,3748.8
2025-01-22 01:30:00,5.261,5.27,5.195,5.204,114003.6
2025-01-22 02:00:00,5.204,5.231,5.195,5.23,15562.6
2025-01-22 02:30:00,5.23,5.249,5.225,5.246,8447.5
2025-01-22 03:00:00,5.246,5.263,5.235,5.263,2921.4
2025-01-22 03:30:00,5.263,5.265,5.219,5.226,3455.0
2025-01-22 04:00:00,5.226,5.249,5.218,5.227,3842.1
2025-01-22 04:30:00,5.227,5.227,5.181,5.204,13377.3
2025-01-22 05:00:00,5.204,5.223,5.189,5.192,5814.7
2025-01-22 05:30:00,5.192,5.198,5.175,5.175,4294.0
2025-01-22 06:00:00,5.175,5.195,5.136,5.158,18873.9
2025-01-22 06:30:00,5.158,5.169,5.149,5.161,12733.9
2025-01-22 07:00:00,5.161,5.181,5.137,5.155,5220.0
2025-01-22 07:30:00,5.155,5.159,5.129,5.138,18579.8
2025-01-22 08:00:00,5.138,5.144,5.093,5.109,41180.1
2025-01-22 08:30:00,5.109,5.152,5.09,5.151,9656.8
2025-01-22 09:00:00,5.151,5.151,5.128,5.143,3543.6
2025-01-22 09:30:00,5.143,5.164,5.138,5.156,9233.6
2025-01-22 10:00:00,5.156,5.156,5.122,5.133,17638.6
2025-01-22 10:30:00,5.133,5.149,5.123,5.138,5541.1
2025-01-22 11:00:00,5.138,5.15,5.111,5.113,54619.2
2025-01-22 11:30:00,5.113,5.174,5.112,5.165,9889.5
2025-01-22 12:00:00,5.165,5.193,5.152,5.158,13303.2
2025-01-22 12:30:00,5.158,5.162,5.132,5.141,10838.4
2025-01-22 13:00:00,5.141,5.141,5.101,5.101,23288.3
2025-01-22 13:30:00,5.101,5.129,5.065,5.078,133282.3
2025-01-22 14:00:00,5.078,5.12,5.035,5.119,76442.3
2025-01-22 14:30:00,5.119,5.126,5.055,5.109,38448.3
2025-01-22 15:00:00,5.109,5.126,5.085,5.092,18685.3
2025-01-22 15:30:00,5.092,5.094,5.058,5.081,21675.3
2025-01-22 16:00:00,5.081,5.098,5.045,5.095,52461.8
2025-01-22 16:30:00,5.095,5.124,5.092,5.104,35743.0
2025-01-22 17:00:00,5.104,5.119,5.095,5.109,3647.6
2025-01-22 17:30:00,5.109,5.123,5.092,5.119,14642.0
2025-01-22 18:00:00,5.119,5.135,5.066,5.083,10288.5
2025-01-22 18:30:00,5.083,5.094,5.017,5.033,23870.5
2025-01-22 19:00:00,5.033,5.083,5.033,5.065,23808.2
2025-01-22 19:30:00,5.065,5.09,5.046,5.055,23157.5
2025-01-22 20:00:00,5.055,5.086,5.05,5.085,7796.8
2025-01-22 20:30:00,5.085,5.085,5.025,5.032,48782.4
2025-01-22 21:00:00,5.032,5.036,4.985,5.017,41539.5
2025-01-22 21:30:00,5.017,5.044,5.015,5.029,7169.2
2025-01-22 22:00:00,5.029,5.03,4.992,5.013,11059.3
2025-01-22 22:30:00,5.013,5.054,4.981,4.982,22312.0
2025-01-22 23:00:00,4.982,5.007,4.963,5.001,24276.5
2025-01-22 23:30:00,5.001,5.015,4.987,5.002,11785.7
2025-01-23 00:00:00,5.002,5.017,4.983,5.009,10890.3
2025-01-23 00:30:00,5.009,5.022,4.985,4.994,13163.6
2025-01-23 01:00:00,4.994,5.015,4.98,5.013,12804.6
2025-01-23 01:30:00,5.013,5.019,4.946,4.96,15524.9
2025-01-23 02:00:00,4.96,4.968,4.908,4.936,51170.0
2025-01-23 02:30:00,4.936,4.947,4.914,4.944,9465.9
2025-01-23 03:00:00,4.944,4.993,4.931,4.982,11356.0
2025-01-23 03:30:00,4.982,5.005,4.954,4.975,31687.7
2025-01-23 04:00:00,4.975,4.978,4.926,4.93,16973.1
2025-01-23 04:30:00,4.93,4.94,4.9,4.924,50289.8
2025-01-23 05:00:00,4.924,4.957,4.924,4.934,17503.5
2025-01-23 05:30:00,4.934,4.955,4.922,4.927,8330.6
2025-01-23 06:00:00,4.927,4.952,4.913,4.949,3837.5
2025-01-23 06:30:00,4.949,4.95,4.911,4.924,3523.0
2025-01-23 07:00:00,4.924,4.943,4.903,4.935,5775.8
2025-01-23 07:30:00,4.935,4.976,4.916,4.972,11955.3
2025-01-23 08:00:00,4.972,4.988,4.951,4.959,15385.4
2025-01-23 08:30:00,4.959,4.965,4.92,4.929,6463.7
2025-01-23 09:00:00,4.929,4.939,4.912,4.927,49598.3
2025-01-23 09:30:00,4.927,4.93,4.873,4.884,86146.0
2025-01-23 10:00:00,4.884,4.923,4.884,4.913,12866.2
2025-01-23 10:30:00,4.913,4.924,4.871,4.894,53402.1
2025-01-23 11:00:00,4.894,4.927,4.878,4.921,35570.9
2025-01-23 11:30:00,4.921,4.936,4.903,4.924,49201.1
2025-01-23 12:00:00,4.924,4.924,4.878,4.901,10936.1
2025-01-23 12:30:00,4.901,4.918,4.879,4.887,8953.3
2025-01-23 13:00:00,4.887,4.907,4.861,4.872,17588.8
2025-01-23 13:30:00,4.872,4.961,4.872,4.941,16307.4
2025-01-23 14:00:00,4.941,4.953,4.917,4.941,7290.5
2025-01-23 14:30:00,4.941,5.068,4.94,5.04,111785.2
2025-01-23 15:00:00,5.04,5.061,4.953,4.988,48368.4
2025-01-23 15:30:00,4.988,5.068,4.988,5.036,25867.8
2025-01-23 16:00:00,5.036,5.151,5.036,5.112,80981.6
2025-01-23 16:30:00,5.112,5.133,5.062,5.066,13035.3
2025-01-23 17:00:00,5.066,5.066,5.018,5.052,28239.4
2025-01-23 17:30:00,5.052,5.114,5.041,5.088,64222.7
2025-01-23 18:00:00,5.088,5.099,5.047,5.054,36811.8
2025-01-23 18:30:00,5.054,5.061,4.994,4.998,26160.1
2025-01-23 19:00:00,4.998,4.998,4.925,4.955,33283.2
2025-01-23 19:30:00,4.955,4.991,4.917,4.942,22462.1
2025-01-23 20:00:00,4.942,5.108,4.933,5.074,86900.8
2025-01-23 20:30:00,5.074,5.102,4.99,5.013,68567.0
2025-01-23 21:00:00,5.013,5.033,4.935,4.956,15131.9
2025-01-23 21:30:00,4.956,4.985,4.921,4.953,12839.6
2025-01-23 22:00:00,4.953,5.048,4.945,5.036,13903.3
2025-01-23 22:30:00,5.036,5.075,5.036,5.069,8709.3
2025-01-23 23:00:00,5.069,5.106,5.05,5.088,19544.1
2025-01-23 23:30:00,5.088,5.091,5.054,5.062,85420.5
2025-01-24 00:00:00,5.062,5.078,5.022,5.031,9970.8
2025-01-24 00:30:00,5.031,5.031,4.965,4.972,9007.6
2025-01-24 01:00:00,4.972,4.994,4.952,4.984,40340.6
2025-01-24 01:30:00,4.984,5.005,4.939,4.959,12476.4
2025-01-24 02:00:00,4.959,4.963,4.925,4.936,5659.3
2025-01-24 02:30:00,4.936,4.956,4.897,4.909,14666.4
2025-01-24 03:00:00,4.909,4.962,4.896,4.947,13639.0
2025-01-24 03:30:00,4.947,4.994,4.947,4.969,20829.7
2025-01-24 04:00:00,4.969,4.976,4.945,4.967,7975.9
2025-01-24 04:30:00,4.967,5.049,4.957,5.039,56685.3
2025-01-24 05:00:00,5.039,5.099,5.028,5.086,84713.8
2025-01-24 05:30:00,5.086,5.144,5.083,5.141,9926.0
2025-01-24 06:00:00,5.141,5.157,5.115,5.129,187709.9
2025-01-24 06:30:00,5.129,5.141,5.093,5.108,10797.2
2025-01-24 07:00:00,5.108,5.137,5.087,5.091,8134.8
2025-01-24 07:30:00,5.091,5.112,5.081,5.097,20274.4
2025-01-24 08:00:00,5.097,5.124,5.076,5.124,17842.4
2025-01-24 08:30:00,5.124,5.127,5.097,5.113,7697.6
2025-01-24 09:00:00,5.113,5.127,5.107,5.117,6751.0
2025-01-24 09:30:00,5.117,5.121,5.093,5.12,13146.9
2025-01-24 10:00:00,5.12,5.124,5.098,5.115,5324.8
2025-01-24 10:30:00,5.115,5.166,5.109,5.162,12157.8
2025-01-24 11:00:00,5.162,5.171,5.148,5.151,5724.8
2025-01-24 11:30:00,5.151,5.158,5.131,5.153,3898.7
2025-01-24 12:00:00,5.153,5.169,5.126,5.126,9053.1
2025-01-24 12:30:00,5.126,5.16,5.121,5.16,4682.0
2025-01-24 13:00:00,5.16,5.194,5.139,5.161,12715.5
2025-01-24 13:30:00,5.161,5.176,5.15,5.176,5323.1
2025-01-24 14:00:00,5.176,5.185,5.158,5.174,14598.5
2025-01-24 14:30:00,5.174,5.2,5.123,5.162,28678.8
2025-01-24 15:00:00,5.162,5.188,5.116,5.122,26202.7
2025-01-24 15:30:00,5.122,5.132,5.087,5.124,17031.9
2025-01-24 16:00:00,5.124,5.14,5.108,5.138,11704.3
2025-01-24 16:30:00,5.138,5.145,5.092,5.096,8779.4
2025-01-24 17:00:00,5.096,5.135,5.073,5.135,15736.6
2025-01-24 17:30:00,5.135,5.162,5.125,5.146,11097.7
2025-01-24 18:00:00,5.146,5.164,5.139,5.15,38993.8
2025-01-24 18:30:00,5.15,5.159,5.119,5.122,7941.5
2025-01-24 19:00:00,5.122,5.132,5.097,5.124,7737.9
2025-01-24 19:30:00,5.124,5.131,5.096,5.102,6871.1
2025-01-24 20:00:00,5.102,5.12,5.064,5.068,7408.9
2025-01-24 20:30:00,5.068,5.072,5.02,5.022,15507.3
2025-01-24 21:00:00,5.022,5.064,5.016,5.06,37412.7
2025-01-24 21:30:00,5.06,5.071,5.039,5.057,7113.3
2025-01-24 22:00:00,5.057,5.066,5.033,5.046,4648.4
2025-01-24 22:30:00,5.046,5.061,5.01,5.012,31670.3
2025-01-24 23:00:00,5.012,5.019,4.995,5.001,11596.6
2025-01-24 23:30:00,5.001,5.011,4.981,5.01,48388.0
2025-01-25 00:00:00,5.01,5.011,4.968,4.983,39999.3
2025-01-25 00:30:00,4.983,4.983,4.926,4.933,18318.7
2025-01-25 01:00:00,4.933,5.024,4.924,5.008,16636.3
2025-01-25 01:30:00,5.008,5.028,4.994,5.006,33416.5
2025-01-25 02:00:00,5.006,5.02,4.985,5.003,13332.7
2025-01-25 02:30:00,5.003,5.033,5.0,5.026,42448.5
2025-01-25 03:00:00,5.026,5.055,5.011,5.055,14420.4
2025-01-25 03:30:00,5.055,5.076,5.055,5.071,29811.5
2025-01-25 04:00:00,5.071,5.076,5.038,5.043,9866.0
2025-01-25 04:30:00,5.043,5.05,5.021,5.025,15439.2
2025-01-25 05:00:00,5.025,5.048,5.009,5.048,12210.7
2025-01-25 05:30:00,5.048,5.056,5.021,5.026,7639.8
2025-01-25 06:00:00,5.026,5.034,5.0,5.01,30759.8
2025-01-25 06:30:00,5.01,5.014,4.997,5.009,3447.3
2025-01-25 07:00:00,5.009,5.013,4.986,5.002,6962.7
2025-01-25 07:30:00,5.002,5.015,4.997,5.004,6844.8
2025-01-25 08:00:00,5.004,5.03,4.983,4.991,8052.8
2025-01-25 08:30:00,4.991,5.008,4.978,5.005,10865.7
2025-01-25 09:00:00,5.005,5.011,4.994,4.995,3702.7
2025-01-25 09:30:00,4.995,5.006,4.979,4.985,1126.8
2025-01-25 10:00:00,4.985,4.993,4.963,4.972,5045.3
2025-01-25 10:30:00,4.972,5.01,4.971,5.005,2304.0
2025-01-25 11:00:00,5.005,5.017,4.994,5.001,2297.2
2025-01-25 11:30:00,5.001,5.029,4.995,5.017,13151.6
2025-01-25 12:00:00,5.017,5.02,4.999,5.001,2151.6
2025-01-25 12:30:00,5.001,5.015,4.991,5.011,1209.3
2025-01-25 13:00:00,5.011,5.033,5.005,5.023,5681.1
2025-01-25 13:30:00,5.023,5.034,5.008,5.019,7210.3
2025-01-25 14:00:00,5.019,5.024,4.983,5.001,6625.6
2025-01-25 14:30:00,5.001,5.01,4.987,5.004,2300.5
2025-01-25 15:00:00,5.004,5.067,5.004,5.045,40733.0
2025-01-25 15:30:00,5.045,5.074,5.034,5.049,31735.9
2025-01-25 16:00:00,5.049,5.067,5.041,5.05,6897.9
2025-01-25 16:30:00,5.05,5.058,5.03,5.039,1967.7
2025-01-25 17:00:00,5.039,5.049,5.007,5.028,7054.0
2025-01-25 17:30:00,5.028,5.03,5.0,5.023,3999.9
2025-01-25 18:00:00,5.023,5.038,5.005,5.013,11990.2
2025-01-25 18:30:00,5.013,5.03,5.001,5.019,2218.5
2025-01-25 19:00:00,5.019,5.044,5.018,5.039,942.6
2025-01-25 19:30:00,5.039,5.048,5.02,5.029,3029.1
2025-01-25 20:00:00,5.029,5.064,5.029,5.053,10836.1
2025-01-25 20:30:00,5.053,5.058,5.022,5.023,4396.5
2025-01-25 21:00:00,5.023,5.028,5.003,5.019,1538.0
2025-01-25 21:30:00,5.019,5.03,5.003,5.023,5746.7
2025-01-25 22:00:00,5.023,5.044,5.023,5.033,3548.8
2025-01-25 22:30:00,5.033,5.035,5.012,5.024,1416.5
2025-01-25 23:00:00,5.024,5.03,4.999,5.006,2376.7
2025-01-25 23:30:00,5.006,5.007,4.976,4.979,23748.0
2025-01-26 00:00:00,4.979,5.012,4.966,5.009,5118.2
2025-01-26 00:30:00,5.009,5.016,4.986,4.989,3660.3
2025-01-26 01:00:00,4.989,5.015,4.979,5.014,4777.2
2025-01-26 01:30:00,5.014,5.019,4.981,4.987,3384.3
2025-01-26 02:00:00,4.987,4.987,4.951,4.973,51036.0
2025-01-26 02:30:00,4.973,4.976,4.953,4.975,7393.8
2025-01-26 03:00:00,4.975,4.996,4.972,4.988,3943.0
2025-01-26 03:30:00,4.988,5.028,4.988,5.007,14545.8
2025-01-26 04:00:00,5.007,5.053,5.0,5.053,7416.2
2025-01-26 04:30:00,5.053,5.054,5.032,5.037,15251.2
2025-01-26 05:00:00,5.037,5.043,5.022,5.028,3198.5
2025-01-26 05:30:00,5.028,5.039,5.019,5.025,1894.6
2025-01-26 06:00:00,5.025,5.028,5.002,5.009,2793.1
2025-01-26 06:30:00,5.009,5.022,5.007,5.02,1144.3
2025-01-26 07:00:00,5.02,5.025,5.011,5.013,4034.2
2025-01-26 07:30:00,5.013,5.022,4.995,5.02,5115.9
2025-01-26 08:00:00,5.02,5.042,5.007,5.007,3453.8
2025-01-26 08:30:00,5.007,5.013,4.997,5.013,8852.2
2025-01-26 09:00:00,5.013,5.014,4.973,4.982,25532.7
2025-01-26 09:30:00,4.982,4.985,4.945,4.963,29182.2
2025-01-26 10:00:00,4.963,4.975,4.954,4.971,12749.4
2025-01-26 10:30:00,4.971,4.993,4.962,4.993,17237.3
2025-01-26 11:00:00,4.993,5.011,4.989,4.998,17678.2
2025-01-26 11:30:00,4.998,5.017,4.997,5.014,32754.8
2025-01-26 12:00:00,5.014,5.015,4.991,5.007,29392.5
2025-01-26 12:30:00,5.007,5.01,4.989,5.008,19873.4
2025-01-26 13:00:00,5.008,5.023,5.002,5.012,2101.5
2025-01-26 13:30:00,5.012,5.019,5.001,5.013,4461.0
2025-01-26 14:00:00,5.013,5.014,4.984,4.992,21284.4
2025-01-26 14:30:00,4.992,5.028,4.992,5.026,10451.6
2025-01-26 15:00:00,5.026,5.041,5.018,5.033,3279.8
2025-01-26 15:30:00,5.033,5.049,5.032,5.039,5517.5
2025-01-26 16:00:00,5.039,5.051,5.014,5.051,13263.1
2025-01-26 16:30:00,5.051,5.075,5.051,5.072,15039.7
2025-01-26 17:00:00,5.072,5.092,5.07,5.077,55383.9
2025-01-26 17:30:00,5.077,5.131,5.076,5.117,17912.8
2025-01-26 18:00:00,5.117,5.194,5.111,5.177,80658.0
2025-01-26 18:30:00,5.177,5.184,5.134,5.136,16244.2
2025-01-26 19:00:00,5.136,5.144,5.12,5.133,23283.8
2025-01-26 19:30:00,5.133,5.142,5.124,5.126,21286.1
2025-01-26 20:00:00,5.126,5.139,5.122,5.132,15030.0
2025-01-26 20:30:00,5.132,5.132,5.082,5.086,24086.3
2025-01-26 21:00:00,5.086,5.089,5.047,5.065,33214.5
2025-01-26 21:30:00,5.065,5.073,5.025,5.025,13116.3
2025-01-26 22:00:00,5.025,5.03,4.999,5.025,14412.2
2025-01-26 22:30:00,5.025,5.047,4.997,5.012,17402.9
2025-01-26 23:00:00,5.012,5.012,4.867,4.891,207148.8
2025-01-26 23:30:00,4.891,4.893,4.848,4.859,62060.7
2025-01-27 00:00:00,4.859,4.861,4.728,4.805,124884.2
2025-01-27 00:30:00,4.805,4.805,4.739,4.749,29070.7
2025-01-27 01:00:00,4.749,4.762,4.696,4.719,108799.8
2025-01-27 01:30:00,4.719,4.754,4.709,4.716,20878.8
2025-01-27 02:00:00,4.716,4.716,4.632,4.682,102265.1
2025-01-27 02:30:00,4.682,4.695,4.66,4.68,12534.7
2025-01-27 03:00:00,4.68,4.751,4.677,4.738,12125.4
2025-01-27 03:30:00,4.738,4.738,4.704,4.718,7485.0
2025-01-27 04:00:00,4.718,4.719,4.663,4.676,25653.3
2025-01-27 04:30:00,4.676,4.691,4.648,4.656,11372.6
2025-01-27 05:00:00,4.656,4.675,4.64,4.666,27078.0
2025-01-27 05:30:00,4.666,4.666,4.595,4.64,64710.4
2025-01-27 06:00:00,4.64,4.658,4.594,4.614,72510.9
2025-01-27 06:30:00,4.614,4.614,4.511,4.548,111885.1
2025-01-27 07:00:00,4.548,4.569,4.34,4.358,278159.2
2025-01-27 07:30:00,4.358,4.515,4.358,4.493,82789.6
2025-01-27 08:00:00,4.493,4.493,4.432,4.464,36701.3
2025-01-27 08:30:00,4.464,4.473,4.389,4.47,37015.1
2025-01-27 09:00:00,4.47,4.524,4.441,4.442,32843.9
2025-01-27 09:30:00,4.442,4.489,4.439,4.482,5511.2
2025-01-27 10:00:00,4.482,4.491,4.437,4.442,9565.7
2025-01-27 10:30:00,4.442,4.445,4.376,4.401,19771.3
2025-01-27 11:00:00,4.401,4.474,4.401,4.469,11659.0
2025-01-27 11:30:00,4.469,4.479,4.419,4.419,28419.1
2025-01-27 12:00:00,4.419,4.48,4.415,4.44,8068.6
2025-01-27 12:30:00,4.44,4.588,4.428,4.562,63930.3
2025-01-27 13:00:00,4.562,4.62,4.534,4.581,54774.8
2025-01-27 13:30:00,4.581,4.592,4.516,4.543,17264.7
2025-01-27 14:00:00,4.543,4.551,4.515,4.543,23761.7
2025-01-27 14:30:00,4.543,4.654,4.52,4.634,41921.5
2025-01-27 15:00:00,4.634,4.653,4.598,4.64,54066.2
2025-01-27 15:30:00,4.64,4.649,4.602,4.607,8079.3
2025-01-27 16:00:00,4.607,4.627,4.584,4.614,7523.4
2025-01-27 16:30:00,4.614,4.614,4.503,4.521,27138.3
2025-01-27 17:00:00,4.521,4.553,4.485,4.52,24643.2
2025-01-27 17:30:00,4.52,4.542,4.484,4.492,12379.2
2025-01-27 18:00:00,4.492,4.525,4.472,4.474,14561.8
2025-01-27 18:30:00,4.474,4.49,4.439,4.463,9992.0
2025-01-27 19:00:00,4.463,4.519,4.463,4.516,14566.4
2025-01-27 19:30:00,4.516,4.518,4.47,4.486,26395.3
2025-01-27 20:00:00,4.486,4.548,4.486,4.54,61965.7
2025-01-27 20:30:00,4.54,4.638,4.54,4.628,27845.8
2025-01-27 21:00:00,4.628,4.725,4.627,4.675,92556.7
2025-01-27 21:30:00,4.675,4.677,4.619,4.632,25828.7
2025-01-27 22:00:00,4.632,4.65,4.611,4.628,7387.6
2025-01-27 22:30:00,4.628,4.673,4.624,4.644,8557.7
2025-01-27 23:00:00,4.644,4.657,4.624,4.627,34823.1
2025-01-27 23:30:00,4.627,4.66,4.627,4.657,2391.9
2025-01-28 00:00:00,4.657,4.708,4.643,4.663,12864.3
2025-01-28 00:30:00,4.663,4.663,4.62,4.63,3865.1
2025-01-28 01:00:00,4.63,4.636,4.59,4.591,11566.2
2025-01-28 01:30:00,4.591,4.634,4.589,4.622,13380.0
2025-01-28 02:00:00,4.622,4.665,4.619,4.65,1830.5
2025-01-28 02:30:00,4.65,4.675,4.642,4.672,23959.1
2025-01-28 03:00:00,4.672,4.677,4.642,4.662,2262.4
2025-01-28 03:30:00,4.662,4.692,4.655,4.668,13830.5
2025-01-28 04:00:00,4.668,4.689,4.668,4.683,2223.8
2025-01-28 04:30:00,4.683,4.725,4.683,4.702,35488.9
2025-01-28 05:00:00,4.702,4.716,4.688,4.713,19351.7
2025-01-28 05:30:00,4.713,4.721,4.686,4.697,19834.2
2025-01-28 06:00:00,4.697,4.697,4.668,4.682,30744.4
2025-01-28 06:30:00,4.682,4.693,4.647,4.652,4134.4
2025-01-28 07:00:00,4.652,4.69,4.636,4.679,14479.9
2025-01-28 07:30:00,4.679,4.68,4.64,4.651,6615.1
2025-01-28 08:00:00,4.651,4.659,4.631,4.645,7882.5
2025-01-28 08:30:00,4.645,4.647,4.621,4.645,4129.5
2025-01-28 09:00:00,4.645,4.648,4.605,4.609,11633.9
2025-01-28 09:30:00,4.609,4.645,4.608,4.643,15456.4
2025-01-28 10:00:00,4.643,4.657,4.63,4.652,4875.8
2025-01-28 10:30:00,4.652,4.655,4.624,4.629,1819.4
2025-01-28 11:00:00,4.629,4.653,4.623,4.625,2168.0
2025-01-28 11:30:00,4.625,4.631,4.6,4.623,6013.4
2025-01-28 12:00:00,4.623,4.639,4.6,4.601,8004.1
2025-01-28 12:30:00,4.601,4.604,4.563,4.573,33098.8
2025-01-28 13:00:00,4.573,4.623,4.573,4.621,24175.4
2025-01-28 13:30:00,4.621,4.621,4.587,4.597,29219.8
2025-01-28 14:00:00,4.597,4.597,4.555,4.586,22241.8
2025-01-28 14:30:00,4.586,4.62,4.58,4.599,29104.1
2025-01-28 15:00:00,4.599,4.653,4.589,4.638,34451.2
2025-01-28 15:30:00,4.638,4.663,4.606,4.625,47296.0
2025-01-28 16:00:00,4.625,4.627,4.557,4.563,21405.3
2025-01-28 16:30:00,4.563,4.588,4.527,4.554,19730.3
2025-01-28 17:00:00,4.554,4.607,4.554,4.59,5344.8
2025-01-28 17:30:00,4.59,4.597,4.552,4.565,4265.8
2025-01-28 18:00:00,4.565,4.577,4.537,4.558,2415.4
2025-01-28 18:30:00,4.558,4.564,4.494,4.512,76305.4
2025-01-28 19:00:00,4.512,4.522,4.487,4.519,43694.5
2025-01-28 19:30:00,4.519,4.528,4.497,4.524,18529.8
2025-01-28 20:00:00,4.524,4.537,4.497,4.497,15040.6
2025-01-28 20:30:00,4.497,4.501,4.435,4.441,38701.5
2025-01-28 21:00:00,4.441,4.481,4.44,4.473,29628.3
2025-01-28 21:30:00,4.473,4.473,4.352,4.353,88093.3
2025-01-28 22:00:00,4.353,4.409,4.324,4.359,106706.0
2025-01-28 22:30:00,4.359,4.405,4.343,4.395,23374.4
2025-01-28 23:00:00,4.395,4.419,4.366,4.366,15146.5
2025-01-28 23:30:00,4.366,4.396,4.34,4.384,26052.8
2025-01-29 00:00:00,4.384,4.417,4.376,4.388,43371.3
2025-01-29 00:30:00,4.388,4.431,4.373,4.41,34561.3
2025-01-29 01:00:00,4.41,4.442,4.41,4.438,14938.0
2025-01-29 01:30:00,4.438,4.467,4.433,4.462,10169.5
2025-01-29 02:00:00,4.462,4.509,4.462,4.472,11225.1
2025-01-29 02:30:00,4.472,4.484,4.458,4.462,3874.7
2025-01-29 03:00:00,4.462,4.494,4.452,4.47,8037.7
2025-01-29 03:30:00,4.47,4.499,4.461,4.493,23623.9
2025-01-29 04:00:00,4.493,4.508,4.476,4.508,7938.0
2025-01-29 04:30:00,4.508,4.516,4.49,4.501,13258.1
2025-01-29 05:00:00,4.501,4.513,4.488,4.499,8078.6
2025-01-29 05:30:00,4.499,4.512,4.484,4.512,6170.7
2025-01-29 06:00:00,4.512,4.542,4.511,4.53,36085.3
2025-01-29 06:30:00,4.53,4.564,4.53,4.564,14918.0
2025-01-29 07:00:00,4.564,4.564,4.531,4.546,6499.1
2025-01-29 07:30:00,4.546,4.565,4.535,4.558,3810.6
2025-01-29 08:00:00,4.558,4.575,4.537,4.546,6028.5
2025-01-29 08:30:00,4.546,4.553,4.518,4.523,9069.8
2025-01-29 09:00:00,4.523,4.524,4.484,4.489,29595.4
2025-01-29 09:30:00,4.489,4.511,4.486,4.495,12264.3
2025-01-29 10:00:00,4.495,4.525,4.478,4.52,13376.8
2025-01-29 10:30:00,4.52,4.531,4.517,4.529,27560.2
2025-01-29 11:00:00,4.529,4.536,4.514,4.528,5453.2
2025-01-29 11:30:00,4.528,4.538,4.515,4.524,25511.6
2025-01-29 12:00:00,4.524,4.532,4.497,4.501,8342.5
2025-01-29 12:30:00,4.501,4.508,4.484,4.49,11760.9
2025-01-29 13:00:00,4.49,4.497,4.426,4.431,77667.6
2025-01-29 13:30:00,4.431,4.465,4.425,4.442,26522.5
2025-01-29 14:00:00,4.442,4.471,4.437,4.468,19903.7
2025-01-29 14:30:00,4.468,4.472,4.408,4.438,30553.8
2025-01-29 15:00:00,4.438,4.485,4.437,4.444,22702.6
2025-01-29 15:30:00,4.444,4.462,4.431,4.451,5666.1
2025-01-29 16:00:00,4.451,4.46,4.411,4.434,16842.0
2025-01-29 16:30:00,4.434,4.449,4.42,4.433,3006.7
2025-01-29 17:00:00,4.433,4.489,4.433,4.486,10103.6
2025-01-29 17:30:00,4.486,4.505,4.461,4.464,24336.2
2025-01-29 18:00:00,4.464,4.474,4.432,4.469,11992.4
2025-01-29 18:30:00,4.469,4.526,4.469,4.516,21203.8
2025-01-29 19:00:00,4.516,4.516,4.366,4.38,64283.5
2025-01-29 19:30:00,4.38,4.563,4.372,4.526,103656.9
2025-01-29 20:00:00,4.526,4.635,4.47,4.613,81348.7
2025-01-29 20:30:00,4.613,4.646,4.561,4.577,31339.5
2025-01-29 21:00:00,4.577,4.62,4.536,4.62,26194.4
2025-01-29 21:30:00,4.62,4.643,4.586,4.607,20330.2
2025-01-29 22:00:00,4.607,4.607,4.549,4.577,27860.7
2025-01-29 22:30:00,4.577,4.612,4.548,4.552,5912.8
2025-01-29 23:00:00,4.552,4.58,4.541,4.556,14290.5
2025-01-29 23:30:00,4.556,4.556,4.502,4.512,11658.4
