date,open,high,low,close,volume
2024-07-26 10:00:00,6.894,6.907,6.893,6.907,81.7
2024-07-26 10:30:00,6.907,7.036,6.87,6.887,12090.6
2024-07-26 11:00:00,6.887,6.978,6.807,6.863,68245.5
2024-07-26 11:30:00,6.863,6.928,6.745,6.809,25698.0
2024-07-26 12:00:00,6.809,6.917,6.785,6.806,29793.4
2024-07-26 12:30:00,6.806,6.848,6.709,6.82,41578.6
2024-07-26 13:00:00,6.82,6.89,6.781,6.888,23725.4
2024-07-26 13:30:00,6.888,6.924,6.834,6.856,22389.8
2024-07-26 14:00:00,6.856,6.906,6.769,6.788,41959.9
2024-07-26 14:30:00,6.788,6.814,6.728,6.805,28475.2
2024-07-26 15:00:00,6.805,6.859,6.777,6.842,9770.8
2024-07-26 15:30:00,6.842,6.853,6.784,6.836,18861.4
2024-07-26 16:00:00,6.836,6.863,6.791,6.806,10936.3
2024-07-26 16:30:00,6.806,6.825,6.764,6.779,26289.7
2024-07-26 17:00:00,6.779,6.881,6.779,6.871,15223.5
2024-07-26 17:30:00,6.871,6.887,6.816,6.826,11020.9
2024-07-26 18:00:00,6.826,6.871,6.825,6.842,12233.9
2024-07-26 18:30:00,6.842,6.913,6.836,6.906,5928.8
2024-07-26 19:00:00,6.906,6.961,6.85,6.861,37007.2
2024-07-26 19:30:00,6.861,6.892,6.857,6.867,8549.8
2024-07-26 20:00:00,6.867,6.867,6.728,6.861,27628.1
2024-07-26 20:30:00,6.861,6.869,6.803,6.831,12030.0
2024-07-26 21:00:00,6.831,6.86,6.797,6.826,17508.5
2024-07-26 21:30:00,6.826,6.835,6.761,6.81,11624.0
2024-07-26 22:00:00,6.81,6.821,6.782,6.817,4520.4
2024-07-26 22:30:00,6.817,6.83,6.785,6.823,10488.8
2024-07-26 23:00:00,6.823,6.825,6.791,6.792,11598.1
2024-07-26 23:30:00,6.792,6.802,6.768,6.788,7011.3
2024-07-27 00:00:00,6.788,6.788,6.52,6.717,47227.4
2024-07-27 00:30:00,6.717,6.726,6.692,6.704,7684.8
2024-07-27 01:00:00,6.704,6.706,6.6,6.647,13286.2
2024-07-27 01:30:00,6.647,6.671,6.599,6.599,13854.9
2024-07-27 02:00:00,6.599,6.614,6.556,6.609,9284.2
2024-07-27 02:30:00,6.609,6.699,6.581,6.695,17043.1
2024-07-27 03:00:00,6.695,6.725,6.663,6.702,18636.3
2024-07-27 03:30:00,6.702,6.738,6.697,6.713,4209.4
2024-07-27 04:00:00,6.713,6.722,6.699,6.715,6318.3
2024-07-27 04:30:00,6.715,6.736,6.661,6.68,17809.2
2024-07-27 05:00:00,6.68,6.757,6.679,6.743,14967.9
2024-07-27 05:30:00,6.743,6.773,6.725,6.725,6582.8
2024-07-27 06:00:00,6.725,6.824,6.725,6.789,9691.3
2024-07-27 06:30:00,6.789,6.815,6.761,6.808,9722.2
2024-07-27 07:00:00,6.808,6.808,6.759,6.803,13990.0
2024-07-27 07:30:00,6.803,6.819,6.783,6.808,6614.6
2024-07-27 08:00:00,6.808,6.846,6.797,6.821,16063.9
2024-07-27 08:30:00,6.821,6.823,6.767,6.821,7345.2
2024-07-27 09:00:00,6.821,6.833,6.795,6.806,7964.1
2024-07-27 09:30:00,6.806,6.854,6.806,6.823,5981.0
2024-07-27 10:00:00,6.823,6.827,6.79,6.792,7322.7
2024-07-27 10:30:00,6.792,6.796,6.732,6.785,14946.3
2024-07-27 11:00:00,6.785,6.8,6.738,6.745,6958.8
2024-07-27 11:30:00,6.745,6.783,6.723,6.734,9167.1
2024-07-27 12:00:00,6.734,6.778,6.7,6.762,10525.8
2024-07-27 12:30:00,6.762,6.784,6.737,6.777,5865.7
2024-07-27 13:00:00,6.777,6.791,6.735,6.788,43220.0
2024-07-27 13:30:00,6.788,6.809,6.633,6.673,144908.3
2024-07-27 14:00:00,6.673,6.719,6.588,6.632,15151.9
2024-07-27 14:30:00,6.632,6.632,6.525,6.629,33574.0
2024-07-27 15:00:00,6.629,6.643,6.535,6.556,21132.3
2024-07-27 15:30:00,6.556,6.591,6.532,6.553,13884.1
2024-07-27 16:00:00,6.553,6.633,6.481,6.601,25130.4
2024-07-27 16:30:00,6.601,6.646,6.545,6.548,9280.5
2024-07-27 17:00:00,6.548,6.571,6.501,6.542,10629.7
2024-07-27 17:30:00,6.542,6.551,6.51,6.535,6142.7
2024-07-27 18:00:00,6.535,6.638,6.534,6.619,9217.5
2024-07-27 18:30:00,6.619,6.623,6.527,6.561,13467.1
2024-07-27 19:00:00,6.561,6.569,6.481,6.557,11943.9
2024-07-27 19:30:00,6.557,6.585,6.513,6.531,8710.9
2024-07-27 20:00:00,6.531,6.565,6.331,6.477,106046.7
2024-07-27 20:30:00,6.477,6.525,6.397,6.511,19121.4
2024-07-27 21:00:00,6.511,6.641,6.479,6.626,19246.8
2024-07-27 21:30:00,6.626,6.65,6.607,6.635,8222.9
2024-07-27 22:00:00,6.635,6.64,6.589,6.614,6120.8
2024-07-27 22:30:00,6.614,6.623,6.578,6.58,6538.3
2024-07-27 23:00:00,6.58,6.58,6.518,6.537,9114.4
2024-07-27 23:30:00,6.537,6.559,6.432,6.46,5152.3
2024-07-28 00:00:00,6.46,6.472,6.35,6.471,9211.0
2024-07-28 00:30:00,6.471,6.516,6.463,6.476,6619.4
2024-07-28 01:00:00,6.476,6.531,6.474,6.522,7596.0
2024-07-28 01:30:00,6.522,6.533,6.51,6.527,4936.9
2024-07-28 02:00:00,6.527,6.557,6.515,6.523,5931.9
2024-07-28 02:30:00,6.523,6.544,6.487,6.489,5889.7
2024-07-28 03:00:00,6.489,6.499,6.476,6.486,5831.0
2024-07-28 03:30:00,6.486,6.499,6.459,6.474,5519.3
2024-07-28 04:00:00,6.474,6.48,6.424,6.426,5441.4
2024-07-28 04:30:00,6.426,6.448,6.417,6.417,5958.1
2024-07-28 05:00:00,6.417,6.417,6.377,6.408,6836.8
2024-07-28 05:30:00,6.408,6.457,6.408,6.451,4453.7
2024-07-28 06:00:00,6.451,6.472,6.431,6.469,6468.6
2024-07-28 06:30:00,6.469,6.471,6.443,6.457,6767.3
2024-07-28 07:00:00,6.457,6.461,6.432,6.446,8964.8
2024-07-28 07:30:00,6.446,6.501,6.438,6.496,3241.3
2024-07-28 08:00:00,6.496,6.532,6.461,6.499,4442.8
2024-07-28 08:30:00,6.499,6.502,6.451,6.499,4697.6
2024-07-28 09:00:00,6.499,6.503,6.433,6.441,8856.4
2024-07-28 09:30:00,6.441,6.473,6.43,6.441,5431.2
2024-07-28 10:00:00,6.441,6.473,6.426,6.46,6467.4
2024-07-28 10:30:00,6.46,6.472,6.432,6.433,13717.7
2024-07-28 11:00:00,6.433,6.47,6.432,6.467,10249.7
2024-07-28 11:30:00,6.467,6.467,6.38,6.413,55696.4
2024-07-28 12:00:00,6.413,6.448,6.391,6.448,11042.4
2024-07-28 12:30:00,6.448,6.487,6.442,6.467,14822.6
2024-07-28 13:00:00,6.467,6.468,6.393,6.43,12873.3
2024-07-28 13:30:00,6.43,6.534,6.413,6.448,77085.3
2024-07-28 14:00:00,6.448,6.448,6.255,6.317,51487.5
2024-07-28 14:30:00,6.317,6.334,6.2,6.273,47456.9
2024-07-28 15:00:00,6.273,6.296,6.158,6.238,32997.4
2024-07-28 15:30:00,6.238,6.293,6.226,6.293,10530.7
2024-07-28 16:00:00,6.293,6.358,6.271,6.329,20941.5
2024-07-28 16:30:00,6.329,6.353,6.299,6.3,10306.0
2024-07-28 17:00:00,6.3,6.335,6.271,6.322,9678.6
2024-07-28 17:30:00,6.322,6.343,6.303,6.331,9905.2
2024-07-28 18:00:00,6.331,6.347,6.308,6.34,10539.1
2024-07-28 18:30:00,6.34,6.375,6.308,6.334,9568.2
2024-07-28 19:00:00,6.334,6.342,6.289,6.323,8712.0
2024-07-28 19:30:00,6.323,6.34,6.252,6.295,13787.4
2024-07-28 20:00:00,6.295,6.354,6.262,6.343,17575.8
2024-07-28 20:30:00,6.343,6.367,6.3,6.302,8495.3
2024-07-28 21:00:00,6.302,6.323,6.254,6.276,5900.6
2024-07-28 21:30:00,6.276,6.298,6.256,6.287,5935.9
2024-07-28 22:00:00,6.287,6.323,6.231,6.293,7058.7
2024-07-28 22:30:00,6.293,6.309,6.238,6.257,6574.9
2024-07-28 23:00:00,6.257,6.284,6.235,6.272,7697.1
2024-07-28 23:30:00,6.272,6.295,6.209,6.269,12985.8
2024-07-29 00:00:00,6.269,6.417,6.222,6.38,16978.6
2024-07-29 00:30:00,6.38,6.414,6.359,6.362,7811.4
2024-07-29 01:00:00,6.362,6.435,6.361,6.426,14702.9
2024-07-29 01:30:00,6.426,6.446,6.387,6.414,8171.6
2024-07-29 02:00:00,6.414,6.454,6.384,6.424,11065.2
2024-07-29 02:30:00,6.424,6.482,6.407,6.459,9060.7
2024-07-29 03:00:00,6.459,6.498,6.442,6.459,10147.3
2024-07-29 03:30:00,6.459,6.474,6.425,6.454,12350.6
2024-07-29 04:00:00,6.454,6.482,6.412,6.482,7417.9
2024-07-29 04:30:00,6.482,6.498,6.457,6.495,9021.9
2024-07-29 05:00:00,6.495,6.501,6.48,6.49,8328.7
2024-07-29 05:30:00,6.49,6.508,6.479,6.507,14574.5
2024-07-29 06:00:00,6.507,6.51,6.458,6.5,19786.1
2024-07-29 06:30:00,6.5,6.546,6.487,6.499,15822.0
2024-07-29 07:00:00,6.499,6.546,6.49,6.524,24612.6
2024-07-29 07:30:00,6.524,6.604,6.523,6.551,18089.3
2024-07-29 08:00:00,6.551,6.595,6.542,6.574,6214.0
2024-07-29 08:30:00,6.574,6.578,6.524,6.526,6238.1
2024-07-29 09:00:00,6.526,6.558,6.501,6.549,4200.9
2024-07-29 09:30:00,6.549,6.644,6.547,6.641,31399.8
2024-07-29 10:00:00,6.641,6.658,6.584,6.594,17539.4
2024-07-29 10:30:00,6.594,6.642,6.594,6.613,12072.7
2024-07-29 11:00:00,6.613,6.629,6.576,6.609,16571.0
2024-07-29 11:30:00,6.609,6.643,6.599,6.625,12025.9
2024-07-29 12:00:00,6.625,6.632,6.56,6.594,13790.6
2024-07-29 12:30:00,6.594,6.606,6.515,6.596,35100.7
2024-07-29 13:00:00,6.596,6.612,6.502,6.521,11197.3
2024-07-29 13:30:00,6.521,6.534,6.404,6.45,44744.2
2024-07-29 14:00:00,6.45,6.482,6.414,6.436,23525.2
2024-07-29 14:30:00,6.436,6.5,6.414,6.445,13722.5
2024-07-29 15:00:00,6.445,6.448,6.309,6.389,44900.0
2024-07-29 15:30:00,6.389,6.46,6.343,6.457,23532.0
2024-07-29 16:00:00,6.457,6.51,6.319,6.346,365488.7
2024-07-29 16:30:00,6.346,6.378,6.243,6.253,274772.2
2024-07-29 17:00:00,6.253,6.271,6.122,6.224,417422.6
2024-07-29 17:30:00,6.224,6.316,6.224,6.291,11551.9
2024-07-29 18:00:00,6.291,6.305,6.238,6.25,10731.7
2024-07-29 18:30:00,6.25,6.259,6.212,6.246,12965.1
2024-07-29 19:00:00,6.246,6.257,6.207,6.253,6991.9
2024-07-29 19:30:00,6.253,6.275,6.231,6.245,20753.6
2024-07-29 20:00:00,6.245,6.266,6.216,6.241,5714.3
2024-07-29 20:30:00,6.241,6.251,6.225,6.247,5875.1
2024-07-29 21:00:00,6.247,6.254,6.185,6.211,7440.4
2024-07-29 21:30:00,6.211,6.242,6.185,6.235,8831.2
2024-07-29 22:00:00,6.235,6.238,6.164,6.224,11336.8
2024-07-29 22:30:00,6.224,6.241,6.2,6.212,5943.2
2024-07-29 23:00:00,6.212,6.237,6.133,6.175,17420.6
2024-07-29 23:30:00,6.175,6.195,6.15,6.15,12191.8
2024-07-30 00:00:00,6.15,6.157,6.092,6.148,18023.2
2024-07-30 00:30:00,6.148,6.241,6.148,6.233,30022.5
2024-07-30 01:00:00,6.233,6.295,6.23,6.278,5808.4
2024-07-30 01:30:00,6.278,6.28,6.152,6.185,16832.2
2024-07-30 02:00:00,6.185,6.207,6.115,6.116,8027.9
2024-07-30 02:30:00,6.116,6.166,6.102,6.165,4414.3
2024-07-30 03:00:00,6.165,6.242,6.155,6.231,7982.1
2024-07-30 03:30:00,6.231,6.256,6.207,6.255,4326.7
2024-07-30 04:00:00,6.255,6.268,6.225,6.234,6253.2
2024-07-30 04:30:00,6.234,6.266,6.223,6.266,6730.1
2024-07-30 05:00:00,6.266,6.273,6.12,6.15,23992.0
2024-07-30 05:30:00,6.15,6.184,6.138,6.17,15321.1
2024-07-30 06:00:00,6.17,6.204,6.146,6.2,8198.4
2024-07-30 06:30:00,6.2,6.227,6.183,6.219,6949.1
2024-07-30 07:00:00,6.219,6.258,6.218,6.231,11205.7
2024-07-30 07:30:00,6.231,6.241,6.212,6.228,6136.5
2024-07-30 08:00:00,6.228,6.257,6.187,6.211,14825.9
2024-07-30 08:30:00,6.211,6.298,6.21,6.277,20027.1
2024-07-30 09:00:00,6.277,6.289,6.211,6.211,28910.7
2024-07-30 09:30:00,6.211,6.241,6.208,6.221,11516.4
2024-07-30 10:00:00,6.221,6.231,6.175,6.211,10562.6
2024-07-30 10:30:00,6.211,6.221,6.174,6.182,10012.0
2024-07-30 11:00:00,6.182,6.203,6.15,6.187,12233.4
2024-07-30 11:30:00,6.187,6.221,6.167,6.195,7647.0
2024-07-30 12:00:00,6.195,6.211,6.124,6.124,15397.0
2024-07-30 12:30:00,6.124,6.203,6.124,6.202,9365.2
2024-07-30 13:00:00,6.202,6.226,6.183,6.197,12017.9
2024-07-30 13:30:00,6.197,6.244,6.159,6.159,28789.3
2024-07-30 14:00:00,6.159,6.202,6.142,6.185,11734.9
2024-07-30 14:30:00,6.185,6.203,6.137,6.144,14589.8
2024-07-30 15:00:00,6.144,6.197,6.119,6.188,13506.0
2024-07-30 15:30:00,6.188,6.189,6.15,6.168,20828.2
2024-07-30 16:00:00,6.168,6.191,6.147,6.169,6347.4
2024-07-30 16:30:00,6.169,6.179,6.13,6.149,16507.5
2024-07-30 17:00:00,6.149,6.153,6.1,6.108,12841.8
2024-07-30 17:30:00,6.108,6.117,6.044,6.077,34906.9
2024-07-30 18:00:00,6.077,6.089,6.011,6.025,34230.1
2024-07-30 18:30:00,6.025,6.079,6.0,6.053,17605.3
2024-07-30 19:00:00,6.053,6.053,5.941,5.964,23376.2
2024-07-30 19:30:00,5.964,6.024,5.953,5.999,7798.9
2024-07-30 20:00:00,5.999,6.048,5.925,6.014,46498.6
2024-07-30 20:30:00,6.014,6.035,6.001,6.021,4730.2
2024-07-30 21:00:00,6.021,6.025,5.988,6.009,17230.7
2024-07-30 21:30:00,6.009,6.036,5.968,6.011,19710.1
2024-07-30 22:00:00,6.011,6.056,5.993,6.045,5578.4
2024-07-30 22:30:00,6.045,6.046,5.995,6.013,19228.6
2024-07-30 23:00:00,6.013,6.033,6.0,6.011,7760.7
2024-07-30 23:30:00,6.011,6.023,5.995,6.013,4534.8
2024-07-31 00:00:00,6.013,6.046,6.002,6.018,6921.8
2024-07-31 00:30:00,6.018,6.172,6.018,6.15,8576.4
2024-07-31 01:00:00,6.15,6.182,6.055,6.066,8552.8
2024-07-31 01:30:00,6.066,6.13,6.054,6.114,9283.5
2024-07-31 02:00:00,6.114,6.122,6.079,6.099,7330.5
2024-07-31 02:30:00,6.099,6.109,6.05,6.051,3251.6
2024-07-31 03:00:00,6.051,6.084,6.014,6.016,4036.6
2024-07-31 03:30:00,6.016,6.037,5.985,6.011,5154.4
2024-07-31 04:00:00,6.011,6.017,5.819,5.914,112847.1
2024-07-31 04:30:00,5.914,5.915,5.843,5.875,10455.6
2024-07-31 05:00:00,5.875,5.879,5.732,5.841,33093.7
2024-07-31 05:30:00,5.841,6.002,5.84,5.996,18842.9
2024-07-31 06:00:00,5.996,6.049,5.984,6.034,15072.9
2024-07-31 06:30:00,6.034,6.043,6.026,6.036,6050.0
2024-07-31 07:00:00,6.036,6.057,6.0,6.006,17449.2
2024-07-31 07:30:00,6.006,6.017,5.981,5.992,8853.2
2024-07-31 08:00:00,5.992,6.026,5.815,5.882,75968.5
2024-07-31 08:30:00,5.882,5.92,5.881,5.909,18373.7
2024-07-31 09:00:00,5.909,5.927,5.855,5.917,19576.1
2024-07-31 09:30:00,5.917,5.95,5.91,5.942,9459.1
2024-07-31 10:00:00,5.942,5.943,5.868,5.885,7098.9
2024-07-31 10:30:00,5.885,5.899,5.862,5.878,8481.1
2024-07-31 11:00:00,5.878,5.914,5.869,5.881,13701.9
2024-07-31 11:30:00,5.881,5.918,5.877,5.913,10978.9
2024-07-31 12:00:00,5.913,5.923,5.894,5.902,6698.1
2024-07-31 12:30:00,5.902,5.931,5.897,5.899,8184.7
2024-07-31 13:00:00,5.899,5.973,5.895,5.96,6218.6
2024-07-31 13:30:00,5.96,6.048,5.957,5.994,22700.8
2024-07-31 14:00:00,5.994,6.053,5.937,5.95,17792.3
2024-07-31 14:30:00,5.95,5.958,5.9,5.903,7601.0
2024-07-31 15:00:00,5.903,5.916,5.868,5.896,14540.4
2024-07-31 15:30:00,5.896,5.917,5.869,5.875,9226.9
2024-07-31 16:00:00,5.875,5.98,5.846,5.94,16397.3
2024-07-31 16:30:00,5.94,5.954,5.887,5.9,28465.2
2024-07-31 17:00:00,5.9,5.95,5.87,5.93,17844.6
2024-07-31 17:30:00,5.93,5.972,5.915,5.94,11084.7
2024-07-31 18:00:00,5.94,5.965,5.863,5.876,23507.4
2024-07-31 18:30:00,5.876,5.964,5.872,5.943,15216.9
2024-07-31 19:00:00,5.943,5.976,5.846,5.865,53964.8
2024-07-31 19:30:00,5.865,5.885,5.762,5.802,43497.0
2024-07-31 20:00:00,5.802,5.815,5.697,5.737,57604.7
2024-07-31 20:30:00,5.737,5.753,5.7,5.702,10718.7
2024-07-31 21:00:00,5.702,5.79,5.697,5.717,16150.1
2024-07-31 21:30:00,5.717,5.772,5.712,5.77,9998.0
2024-07-31 22:00:00,5.77,5.77,5.695,5.709,12512.9
2024-07-31 22:30:00,5.709,5.774,5.695,5.758,17960.7
2024-07-31 23:00:00,5.758,5.763,5.722,5.755,6262.6
2024-07-31 23:30:00,5.755,5.774,5.73,5.737,4419.6
2024-08-01 00:00:00,5.737,5.8,5.737,5.781,9320.1
2024-08-01 00:30:00,5.781,5.879,5.779,5.864,10150.6
2024-08-01 01:00:00,5.864,5.893,5.797,5.839,8521.8
2024-08-01 01:30:00,5.839,5.842,5.782,5.818,6451.0
2024-08-01 02:00:00,5.818,5.824,5.763,5.766,9304.4
2024-08-01 02:30:00,5.766,5.787,5.745,5.766,9075.5
2024-08-01 03:00:00,5.766,5.766,5.701,5.748,11909.6
2024-08-01 03:30:00,5.748,5.755,5.702,5.716,7877.4
2024-08-01 04:00:00,5.716,5.723,5.606,5.623,23932.7
2024-08-01 04:30:00,5.623,5.633,5.516,5.552,53658.4
2024-08-01 05:00:00,5.552,5.657,5.5,5.65,39226.9
2024-08-01 05:30:00,5.65,5.719,5.642,5.698,12784.5
2024-08-01 06:00:00,5.698,5.761,5.665,5.721,33409.7
2024-08-01 06:30:00,5.721,5.754,5.604,5.636,206128.4
2024-08-01 07:00:00,5.636,5.637,5.587,5.617,22047.2
2024-08-01 07:30:00,5.617,5.617,5.546,5.556,12527.0
2024-08-01 08:00:00,5.556,5.635,5.556,5.629,7912.7
2024-08-01 08:30:00,5.629,5.654,5.61,5.644,15178.2
2024-08-01 09:00:00,5.644,5.697,5.629,5.659,12634.3
2024-08-01 09:30:00,5.659,5.66,5.569,5.586,10516.9
2024-08-01 10:00:00,5.586,5.603,5.556,5.587,16364.3
2024-08-01 10:30:00,5.587,5.608,5.564,5.608,6754.4
2024-08-01 11:00:00,5.608,5.624,5.48,5.515,61187.9
2024-08-01 11:30:00,5.515,5.564,5.495,5.502,120704.3
2024-08-01 12:00:00,5.502,5.645,5.48,5.57,56281.0
2024-08-01 12:30:00,5.57,5.614,5.54,5.614,41756.7
2024-08-01 13:00:00,5.614,5.614,5.547,5.554,18740.5
2024-08-01 13:30:00,5.554,5.643,5.493,5.604,183716.5
2024-08-01 14:00:00,5.604,5.607,5.402,5.403,149297.3
2024-08-01 14:30:00,5.403,5.452,5.276,5.276,110545.2
2024-08-01 15:00:00,5.276,5.302,5.16,5.195,623748.1
2024-08-01 15:30:00,5.195,5.264,5.161,5.187,155710.3
2024-08-01 16:00:00,5.187,5.225,5.112,5.161,85450.8
2024-08-01 16:30:00,5.161,5.182,5.113,5.182,39122.7
2024-08-01 17:00:00,5.182,5.227,5.155,5.204,22432.4
2024-08-01 17:30:00,5.204,5.345,5.167,5.336,28138.3
2024-08-01 18:00:00,5.336,5.489,5.258,5.407,55591.2
2024-08-01 18:30:00,5.407,5.414,5.301,5.371,43858.4
2024-08-01 19:00:00,5.371,5.41,5.332,5.339,32866.6
2024-08-01 19:30:00,5.339,5.353,5.288,5.304,22890.3
2024-08-01 20:00:00,5.304,5.335,5.261,5.293,13409.1
2024-08-01 20:30:00,5.293,5.491,5.288,5.491,33339.2
2024-08-01 21:00:00,5.491,5.519,5.441,5.517,26706.4
2024-08-01 21:30:00,5.517,5.578,5.483,5.495,14637.2
2024-08-01 22:00:00,5.495,5.568,5.482,5.565,17317.4
2024-08-01 22:30:00,5.565,5.627,5.557,5.6,26512.1
2024-08-01 23:00:00,5.6,5.637,5.573,5.629,14545.3
2024-08-01 23:30:00,5.629,5.684,5.596,5.601,23439.1
2024-08-02 00:00:00,5.601,5.642,5.563,5.575,28956.5
2024-08-02 00:30:00,5.575,5.595,5.508,5.508,16144.6
2024-08-02 01:00:00,5.508,5.509,5.401,5.413,29914.4
2024-08-02 01:30:00,5.413,5.471,5.384,5.413,24376.1
2024-08-02 02:00:00,5.413,5.463,5.345,5.354,24070.9
2024-08-02 02:30:00,5.354,5.428,5.307,5.419,47019.3
2024-08-02 03:00:00,5.419,5.47,5.401,5.466,15749.5
2024-08-02 03:30:00,5.466,5.484,5.432,5.442,14292.4
2024-08-02 04:00:00,5.442,5.526,5.418,5.49,20760.5
2024-08-02 04:30:00,5.49,5.52,5.459,5.495,14282.8
2024-08-02 05:00:00,5.495,5.5,5.435,5.461,11500.0
2024-08-02 05:30:00,5.461,5.467,5.364,5.391,18029.5
2024-08-02 06:00:00,5.391,5.461,5.378,5.378,49318.9
2024-08-02 06:30:00,5.378,5.472,5.378,5.436,21051.6
2024-08-02 07:00:00,5.436,5.449,5.375,5.418,25869.1
2024-08-02 07:30:00,5.418,5.424,5.377,5.382,10203.1
2024-08-02 08:00:00,5.382,5.396,5.337,5.385,16858.2
2024-08-02 08:30:00,5.385,5.447,5.385,5.437,14546.6
2024-08-02 09:00:00,5.437,5.45,5.386,5.389,6475.2
2024-08-02 09:30:00,5.389,5.412,5.37,5.378,6141.0
2024-08-02 10:00:00,5.378,5.39,5.337,5.355,10034.6
2024-08-02 10:30:00,5.355,5.362,5.329,5.333,12604.7
2024-08-02 11:00:00,5.333,5.345,5.275,5.319,25708.4
2024-08-02 11:30:00,5.319,5.329,5.263,5.307,15598.9
2024-08-02 12:00:00,5.307,5.353,5.286,5.289,13869.3
2024-08-02 12:30:00,5.289,5.317,5.219,5.275,67326.3
2024-08-02 13:00:00,5.275,5.284,5.183,5.245,42080.7
2024-08-02 13:30:00,5.245,5.353,5.245,5.272,26268.6
2024-08-02 14:00:00,5.272,5.274,5.196,5.23,29479.8
2024-08-02 14:30:00,5.23,5.236,4.94,4.981,132348.8
2024-08-02 15:00:00,4.981,5.003,4.891,4.934,68557.0
2024-08-02 15:30:00,4.934,5.128,4.927,5.105,34337.0
2024-08-02 16:00:00,5.105,5.132,5.024,5.029,20888.7
2024-08-02 16:30:00,5.029,5.116,5.024,5.077,19422.3
2024-08-02 17:00:00,5.077,5.113,5.045,5.07,18638.3
2024-08-02 17:30:00,5.07,5.095,5.033,5.033,11273.7
2024-08-02 18:00:00,5.033,5.059,4.999,5.03,32325.1
2024-08-02 18:30:00,5.03,5.048,4.964,4.99,36586.7
2024-08-02 19:00:00,4.99,5.024,4.939,4.993,32452.3
2024-08-02 19:30:00,4.993,5.004,4.883,4.92,41976.1
2024-08-02 20:00:00,4.92,4.966,4.855,4.893,32780.2
2024-08-02 20:30:00,4.893,4.967,4.869,4.921,31986.2
2024-08-02 21:00:00,4.921,4.945,4.837,4.849,32958.8
2024-08-02 21:30:00,4.849,4.969,4.826,4.959,35388.3
2024-08-02 22:00:00,4.959,4.98,4.908,4.927,25043.3
2024-08-02 22:30:00,4.927,4.94,4.864,4.9,14564.2
2024-08-02 23:00:00,4.9,4.983,4.871,4.98,10995.2
2024-08-02 23:30:00,4.98,4.981,4.911,4.931,12019.2
2024-08-03 00:00:00,4.931,4.994,4.917,4.978,25772.1
2024-08-03 00:30:00,4.978,4.981,4.873,4.901,26297.7
2024-08-03 01:00:00,4.901,4.906,4.759,4.81,72586.8
2024-08-03 01:30:00,4.81,4.88,4.796,4.879,35524.7
2024-08-03 02:00:00,4.879,4.907,4.844,4.85,21056.5
2024-08-03 02:30:00,4.85,4.85,4.795,4.833,11421.5
2024-08-03 03:00:00,4.833,4.924,4.8,4.896,48099.7
2024-08-03 03:30:00,4.896,4.995,4.885,4.986,17965.8
2024-08-03 04:00:00,4.986,4.99,4.935,4.947,8990.0
2024-08-03 04:30:00,4.947,4.957,4.899,4.902,7840.9
2024-08-03 05:00:00,4.902,4.979,4.901,4.958,15715.0
2024-08-03 05:30:00,4.958,4.985,4.948,4.972,5025.5
2024-08-03 06:00:00,4.972,5.046,4.971,5.027,11064.7
2024-08-03 06:30:00,5.027,5.088,5.021,5.084,6201.0
2024-08-03 07:00:00,5.084,5.132,5.071,5.12,11139.4
2024-08-03 07:30:00,5.12,5.151,5.108,5.132,17537.7
2024-08-03 08:00:00,5.132,5.154,5.07,5.14,18841.6
2024-08-03 08:30:00,5.14,5.14,5.054,5.085,41640.6
2024-08-03 09:00:00,5.085,5.085,5.015,5.037,13271.8
2024-08-03 09:30:00,5.037,5.071,5.037,5.067,6212.7
2024-08-03 10:00:00,5.067,5.13,5.055,5.127,19077.5
2024-08-03 10:30:00,5.127,5.155,5.077,5.137,36479.6
2024-08-03 11:00:00,5.137,5.146,5.117,5.124,10730.6
2024-08-03 11:30:00,5.124,5.149,5.102,5.146,23667.7
2024-08-03 12:00:00,5.146,5.184,5.12,5.176,12815.9
2024-08-03 12:30:00,5.176,5.184,5.106,5.119,7994.8
2024-08-03 13:00:00,5.119,5.156,5.114,5.129,15129.5
2024-08-03 13:30:00,5.129,5.164,5.107,5.158,32044.9
2024-08-03 14:00:00,5.158,5.237,5.158,5.221,40077.9
2024-08-03 14:30:00,5.221,5.325,5.211,5.249,91759.8
2024-08-03 15:00:00,5.249,5.294,5.132,5.14,87006.6
2024-08-03 15:30:00,5.14,5.18,5.001,5.027,117000.6
2024-08-03 16:00:00,5.027,5.06,4.924,4.998,76520.0
2024-08-03 16:30:00,4.998,5.107,4.931,4.965,142290.2
2024-08-03 17:00:00,4.965,4.983,4.805,4.825,81535.3
2024-08-03 17:30:00,4.825,4.903,4.79,4.822,53644.8
2024-08-03 18:00:00,4.822,4.871,4.803,4.834,41937.1
2024-08-03 18:30:00,4.834,4.848,4.783,4.816,25955.9
2024-08-03 19:00:00,4.816,4.82,4.78,4.789,35158.8
2024-08-03 19:30:00,4.789,4.888,4.786,4.803,21732.4
2024-08-03 20:00:00,4.803,4.909,4.777,4.901,18090.5
2024-08-03 20:30:00,4.901,4.988,4.901,4.971,64853.0
2024-08-03 21:00:00,4.971,5.064,4.891,5.047,63884.2
2024-08-03 21:30:00,5.047,5.085,4.997,5.019,58578.0
2024-08-03 22:00:00,5.019,5.028,4.909,4.968,57896.6
2024-08-03 22:30:00,4.968,5.002,4.927,4.947,21212.9
2024-08-03 23:00:00,4.947,4.966,4.867,4.94,37064.3
2024-08-03 23:30:00,4.94,4.954,4.884,4.95,18096.4
2024-08-04 00:00:00,4.95,4.95,4.868,4.872,18360.0
2024-08-04 00:30:00,4.872,4.991,4.871,4.96,29780.6
2024-08-04 01:00:00,4.96,4.985,4.887,4.929,46218.6
2024-08-04 01:30:00,4.929,4.952,4.865,4.933,15520.0
2024-08-04 02:00:00,4.933,5.053,4.919,5.047,28357.1
2024-08-04 02:30:00,5.047,5.078,5.001,5.063,24575.7
2024-08-04 03:00:00,5.063,5.072,5.016,5.029,15368.1
2024-08-04 03:30:00,5.029,5.043,4.993,5.016,11730.2
2024-08-04 04:00:00,5.016,5.05,4.974,5.034,12586.8
2024-08-04 04:30:00,5.034,5.039,4.937,4.95,15943.7
2024-08-04 05:00:00,4.95,4.979,4.921,4.979,15381.8
2024-08-04 05:30:00,4.979,5.02,4.972,5.005,12510.9
2024-08-04 06:00:00,5.005,5.03,4.955,5.024,20036.5
2024-08-04 06:30:00,5.024,5.033,4.97,4.973,10013.7
2024-08-04 07:00:00,4.973,4.975,4.91,4.939,25785.2
2024-08-04 07:30:00,4.939,4.941,4.839,4.897,38403.9
2024-08-04 08:00:00,4.897,4.913,4.83,4.897,24096.2
2024-08-04 08:30:00,4.897,4.968,4.896,4.959,15450.4
2024-08-04 09:00:00,4.959,4.96,4.921,4.926,19039.2
2024-08-04 09:30:00,4.926,4.95,4.901,4.935,4793.6
2024-08-04 10:00:00,4.935,4.96,4.893,4.93,17773.7
2024-08-04 10:30:00,4.93,4.95,4.902,4.943,13678.4
2024-08-04 11:00:00,4.943,4.977,4.916,4.97,7763.3
2024-08-04 11:30:00,4.97,4.979,4.908,4.913,9125.2
2024-08-04 12:00:00,4.913,4.949,4.905,4.913,7032.7
2024-08-04 12:30:00,4.913,4.957,4.913,4.944,13845.8
2024-08-04 13:00:00,4.944,4.954,4.88,4.921,10028.6
2024-08-04 13:30:00,4.921,4.949,4.909,4.909,7501.5
2024-08-04 14:00:00,4.909,4.919,4.761,4.769,31949.2
2024-08-04 14:30:00,4.769,4.785,4.607,4.621,150552.8
2024-08-04 15:00:00,4.621,4.625,4.502,4.513,116239.3
2024-08-04 15:30:00,4.513,4.571,4.475,4.505,67289.4
2024-08-04 16:00:00,4.505,4.541,4.469,4.508,71066.4
2024-08-04 16:30:00,4.508,4.547,4.494,4.507,25936.3
2024-08-04 17:00:00,4.507,4.512,4.402,4.471,93485.0
2024-08-04 17:30:00,4.471,4.483,4.3,4.478,100070.3
2024-08-04 18:00:00,4.478,4.547,4.462,4.535,56112.3
2024-08-04 18:30:00,4.535,4.648,4.525,4.637,28117.8
2024-08-04 19:00:00,4.637,4.757,4.598,4.751,51381.6
2024-08-04 19:30:00,4.751,4.762,4.709,4.709,18743.8
2024-08-04 20:00:00,4.709,4.757,4.673,4.724,26806.0
2024-08-04 20:30:00,4.724,4.747,4.642,4.709,26769.7
2024-08-04 21:00:00,4.709,4.722,4.645,4.646,25258.5
2024-08-04 21:30:00,4.646,4.728,4.646,4.685,13241.0
2024-08-04 22:00:00,4.685,4.76,4.647,4.736,19259.0
2024-08-04 22:30:00,4.736,4.761,4.663,4.672,12322.4
2024-08-04 23:00:00,4.672,4.672,4.575,4.586,11493.0
2024-08-04 23:30:00,4.586,4.595,4.503,4.532,43373.6
2024-08-05 00:00:00,4.532,4.601,4.439,4.445,48051.9
2024-08-05 00:30:00,4.445,4.461,4.251,4.294,83358.0
2024-08-05 01:00:00,4.294,4.309,3.826,4.114,367084.2
2024-08-05 01:30:00,4.114,4.167,4.033,4.045,54874.3
2024-08-05 02:00:00,4.045,4.068,3.905,4.004,62276.1
2024-08-05 02:30:00,4.004,4.112,3.955,4.078,55039.9
2024-08-05 03:00:00,4.078,4.078,3.964,3.998,51408.3
2024-08-05 03:30:00,3.998,4.027,3.937,3.937,27281.5
2024-08-05 04:00:00,3.937,4.033,3.931,3.959,31671.4
2024-08-05 04:30:00,3.959,3.981,3.933,3.946,52870.1
2024-08-05 05:00:00,3.946,3.951,3.761,3.872,114432.1
2024-08-05 05:30:00,3.872,3.912,3.746,3.756,128574.3
2024-08-05 06:00:00,3.756,3.77,3.416,3.432,220032.1
2024-08-05 06:30:00,3.432,3.649,3.432,3.649,132649.2
2024-08-05 07:00:00,3.649,3.908,3.626,3.908,158159.1
2024-08-05 07:30:00,3.908,4.173,3.885,4.125,123844.6
2024-08-05 08:00:00,4.125,4.282,4.065,4.203,126715.3
2024-08-05 08:30:00,4.203,4.244,4.083,4.145,71248.6
2024-08-05 09:00:00,4.145,4.181,4.099,4.121,33512.5
2024-08-05 09:30:00,4.121,4.151,4.018,4.089,50664.9
2024-08-05 10:00:00,4.089,4.089,3.853,3.861,56680.7
2024-08-05 10:30:00,3.861,3.965,3.817,3.84,96273.0
2024-08-05 11:00:00,3.84,3.843,3.689,3.71,70407.6
2024-08-05 11:30:00,3.71,3.821,3.643,3.783,107562.1
2024-08-05 12:00:00,3.783,3.856,3.67,3.688,91681.2
2024-08-05 12:30:00,3.688,3.741,3.564,3.573,109428.9
2024-08-05 13:00:00,3.573,3.693,3.518,3.528,93098.0
2024-08-05 13:30:00,3.528,3.99,3.523,3.967,236891.2
2024-08-05 14:00:00,3.967,4.208,3.967,4.085,560622.9
2024-08-05 14:30:00,4.085,4.294,4.083,4.239,166618.0
2024-08-05 15:00:00,4.239,4.311,4.137,4.267,82662.7
2024-08-05 15:30:00,4.267,4.363,4.242,4.307,78154.7
2024-08-05 16:00:00,4.307,4.508,4.279,4.497,66169.3
2024-08-05 16:30:00,4.497,4.512,4.229,4.243,320814.8
2024-08-05 17:00:00,4.243,4.338,4.181,4.268,108529.8
2024-08-05 17:30:00,4.268,4.342,4.262,4.297,51237.2
2024-08-05 18:00:00,4.297,4.3,4.174,4.198,51725.7
2024-08-05 18:30:00,4.198,4.202,4.075,4.079,58978.2
2024-08-05 19:00:00,4.079,4.155,4.046,4.118,74056.3
2024-08-05 19:30:00,4.118,4.146,4.057,4.11,77319.6
2024-08-05 20:00:00,4.11,4.215,4.105,4.181,61589.7
2024-08-05 20:30:00,4.181,4.223,4.124,4.223,54205.9
2024-08-05 21:00:00,4.223,4.259,4.145,4.176,58497.4
2024-08-05 21:30:00,4.176,4.18,4.094,4.123,40040.7
2024-08-05 22:00:00,4.123,4.231,4.109,4.224,54307.2
2024-08-05 22:30:00,4.224,4.248,4.178,4.201,36810.8
2024-08-05 23:00:00,4.201,4.314,4.163,4.171,46671.6
2024-08-05 23:30:00,4.171,4.189,4.125,4.13,29560.2
2024-08-06 00:00:00,4.13,4.387,4.116,4.378,59229.6
2024-08-06 00:30:00,4.378,4.417,4.321,4.403,43608.3
2024-08-06 01:00:00,4.403,4.514,4.387,4.44,57361.6
2024-08-06 01:30:00,4.44,4.443,4.325,4.386,56650.7
2024-08-06 02:00:00,4.386,4.42,4.362,4.391,29505.9
2024-08-06 02:30:00,4.391,4.417,4.356,4.411,36001.4
2024-08-06 03:00:00,4.411,4.431,4.361,4.424,31966.1
2024-08-06 03:30:00,4.424,4.495,4.417,4.448,30364.3
2024-08-06 04:00:00,4.448,4.498,4.399,4.491,27701.7
2024-08-06 04:30:00,4.491,4.584,4.462,4.554,38429.6
2024-08-06 05:00:00,4.554,4.637,4.539,4.616,54246.8
2024-08-06 05:30:00,4.616,4.757,4.607,4.744,162621.8
2024-08-06 06:00:00,4.744,4.791,4.664,4.739,300990.5
2024-08-06 06:30:00,4.739,4.782,4.728,4.752,45117.2
2024-08-06 07:00:00,4.752,4.763,4.667,4.719,62436.4
2024-08-06 07:30:00,4.719,4.809,4.714,4.782,57561.5
2024-08-06 08:00:00,4.782,4.786,4.693,4.702,48154.6
2024-08-06 08:30:00,4.702,4.711,4.563,4.621,92692.9
2024-08-06 09:00:00,4.621,4.626,4.546,4.607,35674.7
2024-08-06 09:30:00,4.607,4.663,4.569,4.648,40133.8
2024-08-06 10:00:00,4.648,4.663,4.554,4.601,26594.8
2024-08-06 10:30:00,4.601,4.67,4.582,4.617,37386.0
2024-08-06 11:00:00,4.617,4.64,4.559,4.566,34499.2
2024-08-06 11:30:00,4.566,4.617,4.565,4.606,21986.2
2024-08-06 12:00:00,4.606,4.692,4.576,4.69,30948.0
2024-08-06 12:30:00,4.69,4.696,4.617,4.645,27700.0
2024-08-06 13:00:00,4.645,4.681,4.57,4.651,48144.9
2024-08-06 13:30:00,4.651,4.704,4.512,4.623,53836.0
2024-08-06 14:00:00,4.623,4.872,4.599,4.812,67504.9
2024-08-06 14:30:00,4.812,4.844,4.751,4.775,61726.7
2024-08-06 15:00:00,4.775,4.806,4.667,4.673,63809.6
2024-08-06 15:30:00,4.673,4.793,4.656,4.785,34271.8
2024-08-06 16:00:00,4.785,4.839,4.755,4.807,23864.8
2024-08-06 16:30:00,4.807,4.848,4.796,4.822,21128.7
2024-08-06 17:00:00,4.822,4.857,4.8,4.829,19166.6
2024-08-06 17:30:00,4.829,4.835,4.78,4.79,11740.8
2024-08-06 18:00:00,4.79,4.854,4.771,4.833,14027.3
2024-08-06 18:30:00,4.833,4.847,4.791,4.791,15278.5
2024-08-06 19:00:00,4.791,4.796,4.725,4.755,27608.9
2024-08-06 19:30:00,4.755,4.804,4.743,4.76,13150.1
2024-08-06 20:00:00,4.76,4.815,4.729,4.758,21841.8
2024-08-06 20:30:00,4.758,4.804,4.724,4.772,13904.5
2024-08-06 21:00:00,4.772,4.779,4.719,4.751,14559.5
2024-08-06 21:30:00,4.751,4.777,4.728,4.743,5478.7
2024-08-06 22:00:00,4.743,4.806,4.663,4.671,33820.4
2024-08-06 22:30:00,4.671,4.721,4.662,4.7,20354.1
2024-08-06 23:00:00,4.7,4.76,4.662,4.669,12722.1
2024-08-06 23:30:00,4.669,4.679,4.633,4.676,8538.2
2024-08-07 00:00:00,4.676,4.676,4.594,4.61,20647.2
2024-08-07 00:30:00,4.61,4.689,4.567,4.638,30939.7
2024-08-07 01:00:00,4.638,4.675,4.567,4.608,25932.0
2024-08-07 01:30:00,4.608,4.784,4.594,4.771,36874.0
2024-08-07 02:00:00,4.771,4.863,4.722,4.856,25366.1
2024-08-07 02:30:00,4.856,4.891,4.748,4.804,32162.6
2024-08-07 03:00:00,4.804,4.863,4.767,4.82,29976.5
2024-08-07 03:30:00,4.82,4.847,4.788,4.829,20012.7
2024-08-07 04:00:00,4.829,4.947,4.807,4.92,48139.9
2024-08-07 04:30:00,4.92,4.937,4.88,4.908,13661.1
2024-08-07 05:00:00,4.908,4.974,4.874,4.92,34012.0
2024-08-07 05:30:00,4.92,4.974,4.864,4.917,52845.1
2024-08-07 06:00:00,4.917,4.945,4.859,4.879,39841.6
2024-08-07 06:30:00,4.879,4.884,4.799,4.851,31237.0
2024-08-07 07:00:00,4.851,4.851,4.775,4.807,21590.7
2024-08-07 07:30:00,4.807,4.86,4.784,4.8,19401.1
2024-08-07 08:00:00,4.8,4.868,4.795,4.841,23677.0
2024-08-07 08:30:00,4.841,4.872,4.796,4.872,11002.0
2024-08-07 09:00:00,4.872,4.917,4.826,4.884,23924.4
2024-08-07 09:30:00,4.884,4.922,4.869,4.9,15274.4
2024-08-07 10:00:00,4.9,4.923,4.869,4.884,9286.3
2024-08-07 10:30:00,4.884,4.913,4.831,4.833,9683.6
2024-08-07 11:00:00,4.833,4.84,4.773,4.789,19780.2
2024-08-07 11:30:00,4.789,4.816,4.746,4.772,23135.2
2024-08-07 12:00:00,4.772,4.832,4.741,4.78,27425.9
2024-08-07 12:30:00,4.78,4.885,4.769,4.858,27047.6
2024-08-07 13:00:00,4.858,4.896,4.812,4.874,16096.4
2024-08-07 13:30:00,4.874,4.929,4.81,4.838,26148.0
2024-08-07 14:00:00,4.838,4.87,4.656,4.665,39309.3
2024-08-07 14:30:00,4.665,4.678,4.476,4.559,77905.6
2024-08-07 15:00:00,4.559,4.62,4.52,4.586,38494.1
2024-08-07 15:30:00,4.586,4.694,4.559,4.659,31325.9
2024-08-07 16:00:00,4.659,4.682,4.624,4.646,19753.1
2024-08-07 16:30:00,4.646,4.65,4.56,4.582,27268.0
2024-08-07 17:00:00,4.582,4.601,4.498,4.528,21579.5
2024-08-07 17:30:00,4.528,4.553,4.503,4.503,16381.8
2024-08-07 18:00:00,4.503,4.515,4.44,4.442,55541.8
2024-08-07 18:30:00,4.442,4.446,4.368,4.38,33343.6
2024-08-07 19:00:00,4.38,4.446,4.38,4.416,14404.9
2024-08-07 19:30:00,4.416,4.419,4.381,4.389,9449.1
2024-08-07 20:00:00,4.389,4.475,4.368,4.399,19892.8
2024-08-07 20:30:00,4.399,4.403,4.29,4.379,28277.8
2024-08-07 21:00:00,4.379,4.4,4.319,4.321,16709.2
2024-08-07 21:30:00,4.321,4.448,4.32,4.424,20891.3
2024-08-07 22:00:00,4.424,4.427,4.305,4.334,21029.6
2024-08-07 22:30:00,4.334,4.439,4.326,4.421,25972.7
2024-08-07 23:00:00,4.421,4.433,4.38,4.38,11178.8
2024-08-07 23:30:00,4.38,4.394,4.356,4.372,6570.1
2024-08-08 00:00:00,4.372,4.408,4.294,4.302,16821.6
2024-08-08 00:30:00,4.302,4.378,4.262,4.375,79871.8
2024-08-08 01:00:00,4.375,4.551,4.358,4.509,62034.6
2024-08-08 01:30:00,4.509,4.687,4.49,4.682,39511.3
2024-08-08 02:00:00,4.682,4.72,4.671,4.7,26204.9
2024-08-08 02:30:00,4.7,4.7,4.612,4.622,29259.4
2024-08-08 03:00:00,4.622,4.67,4.615,4.655,16318.2
2024-08-08 03:30:00,4.655,4.698,4.611,4.611,20551.9
2024-08-08 04:00:00,4.611,4.707,4.604,4.69,159135.8
2024-08-08 04:30:00,4.69,4.69,4.524,4.556,22869.3
2024-08-08 05:00:00,4.556,4.621,4.553,4.61,13934.6
2024-08-08 05:30:00,4.61,4.639,4.575,4.607,12278.2
2024-08-08 06:00:00,4.607,4.639,4.574,4.632,13677.9
2024-08-08 06:30:00,4.632,4.639,4.572,4.582,11775.2
2024-08-08 07:00:00,4.582,4.584,4.506,4.518,21417.1
2024-08-08 07:30:00,4.518,4.534,4.491,4.497,17660.6
2024-08-08 08:00:00,4.497,4.499,4.431,4.465,26550.3
2024-08-08 08:30:00,4.465,4.521,4.46,4.508,17770.4
2024-08-08 09:00:00,4.508,4.517,4.467,4.517,8400.3
2024-08-08 09:30:00,4.517,4.578,4.508,4.543,18621.2
2024-08-08 10:00:00,4.543,4.566,4.522,4.553,14767.0
2024-08-08 10:30:00,4.553,4.553,4.524,4.533,23506.5
2024-08-08 11:00:00,4.533,4.545,4.496,4.519,21816.2
2024-08-08 11:30:00,4.519,4.57,4.513,4.545,10688.5
2024-08-08 12:00:00,4.545,4.574,4.515,4.535,16155.6
2024-08-08 12:30:00,4.535,4.72,4.535,4.642,55109.6
2024-08-08 13:00:00,4.642,4.707,4.602,4.636,39960.6
2024-08-08 13:30:00,4.636,4.645,4.501,4.546,47600.3
2024-08-08 14:00:00,4.546,4.66,4.538,4.653,45507.6
2024-08-08 14:30:00,4.653,4.786,4.653,4.777,50193.7
2024-08-08 15:00:00,4.777,4.792,4.696,4.722,39415.4
2024-08-08 15:30:00,4.722,4.789,4.72,4.785,23094.8
2024-08-08 16:00:00,4.785,4.842,4.756,4.798,34226.1
2024-08-08 16:30:00,4.798,4.801,4.764,4.796,21268.9
2024-08-08 17:00:00,4.796,4.829,4.766,4.822,16831.3
2024-08-08 17:30:00,4.822,4.822,4.752,4.755,27254.8
2024-08-08 18:00:00,4.755,4.781,4.742,4.755,16213.1
2024-08-08 18:30:00,4.755,4.776,4.733,4.764,15181.0
2024-08-08 19:00:00,4.764,4.839,4.762,4.819,19006.9
2024-08-08 19:30:00,4.819,4.822,4.746,4.778,40724.9
2024-08-08 20:00:00,4.778,4.832,4.778,4.81,14855.3
2024-08-08 20:30:00,4.81,4.935,4.806,4.917,35895.1
2024-08-08 21:00:00,4.917,4.973,4.899,4.938,53952.2
2024-08-08 21:30:00,4.938,5.019,4.937,5.005,63136.8
2024-08-08 22:00:00,5.005,5.039,4.979,5.003,61588.4
2024-08-08 22:30:00,5.003,5.066,4.99,5.043,18417.9
2024-08-08 23:00:00,5.043,5.072,4.99,5.028,61827.7
2024-08-08 23:30:00,5.028,5.063,5.012,5.042,23868.2
2024-08-09 00:00:00,5.042,5.088,4.982,5.082,271362.1
2024-08-09 00:30:00,5.082,5.12,4.993,5.015,51001.5
2024-08-09 01:00:00,5.015,5.016,4.931,5.007,21687.5
2024-08-09 01:30:00,5.007,5.053,4.996,5.011,11409.7
2024-08-09 02:00:00,5.011,5.072,4.985,5.007,43159.6
2024-08-09 02:30:00,5.007,5.033,4.994,4.996,7814.6
2024-08-09 03:00:00,4.996,5.042,4.996,5.028,16855.2
2024-08-09 03:30:00,5.028,5.041,4.995,5.025,11529.1
2024-08-09 04:00:00,5.025,5.031,4.987,4.991,14322.8
2024-08-09 04:30:00,4.991,5.015,4.957,4.966,18823.8
2024-08-09 05:00:00,4.966,4.969,4.885,4.891,27512.7
2024-08-09 05:30:00,4.891,4.91,4.842,4.878,25794.0
2024-08-09 06:00:00,4.878,4.883,4.827,4.834,13482.4
2024-08-09 06:30:00,4.834,4.9,4.831,4.876,17791.3
2024-08-09 07:00:00,4.876,4.955,4.868,4.944,17228.9
2024-08-09 07:30:00,4.944,4.945,4.874,4.886,15981.1
2024-08-09 08:00:00,4.886,4.912,4.865,4.903,22906.5
2024-08-09 08:30:00,4.903,4.947,4.892,4.944,6376.5
2024-08-09 09:00:00,4.944,4.95,4.899,4.903,8703.7
2024-08-09 09:30:00,4.903,4.91,4.85,4.883,12411.1
2024-08-09 10:00:00,4.883,4.886,4.804,4.874,33625.0
2024-08-09 10:30:00,4.874,4.874,4.809,4.853,27021.8
2024-08-09 11:00:00,4.853,4.879,4.834,4.836,10707.0
2024-08-09 11:30:00,4.836,4.902,4.819,4.894,17808.8
2024-08-09 12:00:00,4.894,4.898,4.849,4.85,7449.5
2024-08-09 12:30:00,4.85,4.914,4.843,4.894,10424.5
2024-08-09 13:00:00,4.894,4.944,4.854,4.889,15993.3
2024-08-09 13:30:00,4.889,4.893,4.808,4.891,38758.6
2024-08-09 14:00:00,4.891,5.002,4.88,4.909,49574.7
2024-08-09 14:30:00,4.909,4.918,4.809,4.883,43760.5
2024-08-09 15:00:00,4.883,4.921,4.851,4.864,23741.1
2024-08-09 15:30:00,4.864,4.871,4.807,4.813,17486.8
2024-08-09 16:00:00,4.813,4.872,4.8,4.844,19118.8
2024-08-09 16:30:00,4.844,4.866,4.828,4.859,13857.4
2024-08-09 17:00:00,4.859,4.903,4.836,4.84,18316.6
2024-08-09 17:30:00,4.84,4.899,4.84,4.866,27757.2
2024-08-09 18:00:00,4.866,4.893,4.833,4.858,7933.3
2024-08-09 18:30:00,4.858,4.895,4.851,4.892,13290.1
2024-08-09 19:00:00,4.892,4.895,4.808,4.838,161384.4
2024-08-09 19:30:00,4.838,4.861,4.823,4.837,10911.9
2024-08-09 20:00:00,4.837,4.887,4.829,4.844,6963.7
2024-08-09 20:30:00,4.844,4.875,4.835,4.861,21492.3
2024-08-09 21:00:00,4.861,4.861,4.805,4.822,17074.1
2024-08-09 21:30:00,4.822,4.878,4.807,4.873,14898.4
2024-08-09 22:00:00,4.873,4.9,4.842,4.894,8077.6
2024-08-09 22:30:00,4.894,4.917,4.846,4.851,14696.6
2024-08-09 23:00:00,4.851,4.864,4.812,4.84,17228.5
2024-08-09 23:30:00,4.84,4.865,4.821,4.851,29248.0
2024-08-10 00:00:00,4.851,4.917,4.814,4.852,37737.1
2024-08-10 00:30:00,4.852,4.855,4.804,4.808,26566.1
2024-08-10 01:00:00,4.808,4.846,4.797,4.803,22285.2
2024-08-10 01:30:00,4.803,4.823,4.782,4.806,9266.1
2024-08-10 02:00:00,4.806,4.84,4.789,4.817,7483.0
2024-08-10 02:30:00,4.817,4.832,4.81,4.814,4485.9
2024-08-10 03:00:00,4.814,4.816,4.769,4.777,20555.2
2024-08-10 03:30:00,4.777,4.81,4.763,4.795,8685.6
2024-08-10 04:00:00,4.795,4.795,4.75,4.756,18850.3
2024-08-10 04:30:00,4.756,4.774,4.738,4.773,17949.0
2024-08-10 05:00:00,4.773,4.783,4.748,4.775,11116.9
2024-08-10 05:30:00,4.775,4.781,4.757,4.762,4877.5
2024-08-10 06:00:00,4.762,4.783,4.757,4.763,13792.2
2024-08-10 06:30:00,4.763,4.796,4.757,4.76,19884.4
2024-08-10 07:00:00,4.76,4.79,4.751,4.775,7587.5
2024-08-10 07:30:00,4.775,4.82,4.767,4.82,9476.6
2024-08-10 08:00:00,4.82,4.823,4.793,4.806,6847.5
2024-08-10 08:30:00,4.806,4.811,4.793,4.803,5048.5
2024-08-10 09:00:00,4.803,4.824,4.8,4.809,6544.0
2024-08-10 09:30:00,4.809,4.849,4.806,4.824,12088.9
2024-08-10 10:00:00,4.824,4.849,4.813,4.825,9532.7
2024-08-10 10:30:00,4.825,4.845,4.813,4.84,13195.7
2024-08-10 11:00:00,4.84,4.889,4.839,4.883,6963.5
2024-08-10 11:30:00,4.883,4.896,4.865,4.889,8114.1
2024-08-10 12:00:00,4.889,4.895,4.867,4.877,9751.3
2024-08-10 12:30:00,4.877,4.893,4.845,4.86,11710.7
2024-08-10 13:00:00,4.86,4.864,4.826,4.849,8619.9
2024-08-10 13:30:00,4.849,4.861,4.813,4.815,6975.9
2024-08-10 14:00:00,4.815,4.844,4.81,4.827,7702.1
2024-08-10 14:30:00,4.827,4.849,4.824,4.826,6684.1
2024-08-10 15:00:00,4.826,4.858,4.813,4.848,10569.6
2024-08-10 15:30:00,4.848,4.854,4.821,4.821,8213.8
2024-08-10 16:00:00,4.821,4.838,4.807,4.83,17970.7
2024-08-10 16:30:00,4.83,4.845,4.796,4.807,19547.6
2024-08-10 17:00:00,4.807,4.82,4.796,4.817,6561.9
2024-08-10 17:30:00,4.817,4.843,4.795,4.843,5467.2
2024-08-10 18:00:00,4.843,4.889,4.837,4.852,5388.5
2024-08-10 18:30:00,4.852,4.908,4.836,4.864,29008.0
2024-08-10 19:00:00,4.864,4.883,4.843,4.873,4801.6
2024-08-10 19:30:00,4.873,4.895,4.868,4.876,5664.3
2024-08-10 20:00:00,4.876,4.887,4.863,4.868,8873.3
2024-08-10 20:30:00,4.868,4.905,4.865,4.898,8262.0
2024-08-10 21:00:00,4.898,4.948,4.898,4.926,12709.5
2024-08-10 21:30:00,4.926,4.932,4.909,4.923,6049.6
2024-08-10 22:00:00,4.923,4.939,4.893,4.911,11477.9
2024-08-10 22:30:00,4.911,4.936,4.899,4.906,8541.1
2024-08-10 23:00:00,4.906,4.918,4.884,4.917,16770.3
2024-08-10 23:30:00,4.917,4.925,4.881,4.894,16697.5
2024-08-11 00:00:00,4.894,4.935,4.876,4.899,8931.5
2024-08-11 00:30:00,4.899,4.924,4.89,4.924,5934.2
2024-08-11 01:00:00,4.924,4.928,4.895,4.905,6619.8
2024-08-11 01:30:00,4.905,4.94,4.893,4.935,7677.5
2024-08-11 02:00:00,4.935,4.94,4.891,4.893,7757.3
2024-08-11 02:30:00,4.893,4.925,4.886,4.906,9360.4
2024-08-11 03:00:00,4.906,5.057,4.902,5.053,14724.9
2024-08-11 03:30:00,5.053,5.119,5.006,5.012,24395.0
2024-08-11 04:00:00,5.012,5.05,4.929,4.968,18054.8
2024-08-11 04:30:00,4.968,4.981,4.915,4.929,7375.3
2024-08-11 05:00:00,4.929,4.947,4.924,4.93,9896.8
2024-08-11 05:30:00,4.93,4.993,4.928,4.988,9541.1
2024-08-11 06:00:00,4.988,4.996,4.943,4.946,6843.3
2024-08-11 06:30:00,4.946,5.0,4.944,4.983,7438.5
2024-08-11 07:00:00,4.983,5.013,4.962,4.968,9796.1
2024-08-11 07:30:00,4.968,5.007,4.967,4.983,10002.6
2024-08-11 08:00:00,4.983,5.001,4.965,4.98,9754.6
2024-08-11 08:30:00,4.98,4.998,4.953,4.958,12038.6
2024-08-11 09:00:00,4.958,5.02,4.958,4.986,19332.9
2024-08-11 09:30:00,4.986,5.013,4.898,4.908,45829.1
2024-08-11 10:00:00,4.908,4.927,4.868,4.9,41252.6
2024-08-11 10:30:00,4.9,4.922,4.826,4.856,36504.2
2024-08-11 11:00:00,4.856,4.862,4.806,4.823,32984.1
2024-08-11 11:30:00,4.823,4.838,4.801,4.831,11871.1
2024-08-11 12:00:00,4.831,4.837,4.769,4.795,20205.4
2024-08-11 12:30:00,4.795,4.802,4.756,4.781,29438.5
2024-08-11 13:00:00,4.781,4.781,4.714,4.725,30560.3
2024-08-11 13:30:00,4.725,4.793,4.716,4.771,20338.1
2024-08-11 14:00:00,4.771,4.787,4.75,4.774,9982.1
2024-08-11 14:30:00,4.774,4.787,4.68,4.706,16664.1
2024-08-11 15:00:00,4.706,4.706,4.654,4.687,15171.1
2024-08-11 15:30:00,4.687,4.689,4.636,4.643,10621.9
2024-08-11 16:00:00,4.643,4.672,4.617,4.661,11403.8
2024-08-11 16:30:00,4.661,4.715,4.659,4.69,26862.6
2024-08-11 17:00:00,4.69,4.708,4.655,4.659,14777.2
2024-08-11 17:30:00,4.659,4.678,4.65,4.655,17821.7
2024-08-11 18:00:00,4.655,4.673,4.637,4.637,15984.1
2024-08-11 18:30:00,4.637,4.659,4.631,4.658,9508.7
2024-08-11 19:00:00,4.658,4.658,4.538,4.547,30351.8
2024-08-11 19:30:00,4.547,4.559,4.512,4.524,28523.7
2024-08-11 20:00:00,4.524,4.534,4.456,4.479,44025.0
2024-08-11 20:30:00,4.479,4.522,4.473,4.505,14375.7
2024-08-11 21:00:00,4.505,4.537,4.469,4.516,17476.1
2024-08-11 21:30:00,4.516,4.553,4.501,4.537,9392.2
2024-08-11 22:00:00,4.537,4.552,4.491,4.491,8615.9
2024-08-11 22:30:00,4.491,4.523,4.472,4.515,13814.7
2024-08-11 23:00:00,4.515,4.515,4.474,4.489,7934.4
2024-08-11 23:30:00,4.489,4.499,4.473,4.476,6410.5
2024-08-12 00:00:00,4.476,4.542,4.476,4.494,22600.4
2024-08-12 00:30:00,4.494,4.526,4.46,4.502,24752.0
2024-08-12 01:00:00,4.502,4.546,4.491,4.517,10463.2
2024-08-12 01:30:00,4.517,4.525,4.499,4.519,6201.2
2024-08-12 02:00:00,4.519,4.524,4.486,4.489,14434.1
2024-08-12 02:30:00,4.489,4.534,4.482,4.532,13080.0
2024-08-12 03:00:00,4.532,4.541,4.506,4.521,21137.3
2024-08-12 03:30:00,4.521,4.544,4.514,4.52,9653.5
2024-08-12 04:00:00,4.52,4.538,4.497,4.513,12109.8
2024-08-12 04:30:00,4.513,4.513,4.484,4.484,8907.4
2024-08-12 05:00:00,4.484,4.504,4.482,4.497,6247.5
2024-08-12 05:30:00,4.497,4.514,4.477,4.513,14878.4
2024-08-12 06:00:00,4.513,4.515,4.484,4.5,5887.7
2024-08-12 06:30:00,4.5,4.502,4.473,4.488,25546.6
2024-08-12 07:00:00,4.488,4.506,4.42,4.494,41700.9
2024-08-12 07:30:00,4.494,4.59,4.487,4.577,25247.7
2024-08-12 08:00:00,4.577,4.628,4.573,4.606,26810.0
2024-08-12 08:30:00,4.606,4.617,4.536,4.555,19429.5
2024-08-12 09:00:00,4.555,4.579,4.54,4.558,20440.2
2024-08-12 09:30:00,4.558,4.578,4.539,4.551,11109.3
2024-08-12 10:00:00,4.551,4.658,4.525,4.647,21890.4
2024-08-12 10:30:00,4.647,4.677,4.613,4.673,33999.0
2024-08-12 11:00:00,4.673,4.75,4.658,4.741,33395.8
2024-08-12 11:30:00,4.741,4.759,4.714,4.75,12981.8
2024-08-12 12:00:00,4.75,4.752,4.695,4.733,14515.8
2024-08-12 12:30:00,4.733,4.751,4.695,4.723,14346.3
2024-08-12 13:00:00,4.723,4.762,4.705,4.723,13232.9
2024-08-12 13:30:00,4.723,4.748,4.53,4.54,45248.9
2024-08-12 14:00:00,4.54,4.681,4.479,4.656,51375.1
2024-08-12 14:30:00,4.656,4.772,4.635,4.742,25773.0
2024-08-12 15:00:00,4.742,4.761,4.636,4.669,24292.6
2024-08-12 15:30:00,4.669,4.711,4.64,4.672,16004.2
2024-08-12 16:00:00,4.672,4.69,4.637,4.665,37873.3
2024-08-12 16:30:00,4.665,4.695,4.646,4.666,23246.6
2024-08-12 17:00:00,4.666,4.701,4.655,4.666,5731.5
2024-08-12 17:30:00,4.666,4.69,4.636,4.637,7264.3
2024-08-12 18:00:00,4.637,4.651,4.593,4.612,10967.6
2024-08-12 18:30:00,4.612,4.616,4.553,4.559,12032.3
2024-08-12 19:00:00,4.559,4.627,4.559,4.605,13652.4
2024-08-12 19:30:00,4.605,4.621,4.576,4.591,20404.2
2024-08-12 20:00:00,4.591,4.631,4.588,4.599,8056.3
2024-08-12 20:30:00,4.599,4.638,4.579,4.581,11789.8
2024-08-12 21:00:00,4.581,4.586,4.542,4.58,27371.6
2024-08-12 21:30:00,4.58,4.616,4.579,4.598,12172.6
2024-08-12 22:00:00,4.598,4.623,4.591,4.613,8809.2
2024-08-12 22:30:00,4.613,4.616,4.593,4.608,7714.1
2024-08-12 23:00:00,4.608,4.729,4.607,4.673,11346.3
2024-08-12 23:30:00,4.673,4.723,4.666,4.705,7229.4
2024-08-13 00:00:00,4.705,4.706,4.613,4.652,35208.3
2024-08-13 00:30:00,4.652,4.686,4.622,4.644,15396.1
2024-08-13 01:00:00,4.644,4.675,4.628,4.648,10095.5
2024-08-13 01:30:00,4.648,4.704,4.643,4.684,6304.6
2024-08-13 02:00:00,4.684,4.695,4.616,4.65,16645.7
2024-08-13 02:30:00,4.65,4.66,4.632,4.644,6489.9
2024-08-13 03:00:00,4.644,4.647,4.576,4.576,78961.8
2024-08-13 03:30:00,4.576,4.592,4.538,4.55,5226.9
2024-08-13 04:00:00,4.55,4.58,4.52,4.574,7427.0
2024-08-13 04:30:00,4.574,4.6,4.564,4.594,6705.8
2024-08-13 05:00:00,4.594,4.626,4.578,4.623,10233.2
2024-08-13 05:30:00,4.623,4.635,4.606,4.633,12900.8
2024-08-13 06:00:00,4.633,4.645,4.607,4.625,5270.3
2024-08-13 06:30:00,4.625,4.68,4.617,4.677,5456.6
2024-08-13 07:00:00,4.677,4.68,4.63,4.636,9034.9
2024-08-13 07:30:00,4.636,4.66,4.621,4.639,7279.8
2024-08-13 08:00:00,4.639,4.659,4.605,4.618,4721.5
2024-08-13 08:30:00,4.618,4.624,4.594,4.617,7290.6
2024-08-13 09:00:00,4.617,4.622,4.577,4.602,16870.9
2024-08-13 09:30:00,4.602,4.622,4.587,4.607,18297.7
2024-08-13 10:00:00,4.607,4.617,4.559,4.591,26243.2
2024-08-13 10:30:00,4.591,4.612,4.584,4.593,28124.7
2024-08-13 11:00:00,4.593,4.608,4.577,4.596,10082.5
2024-08-13 11:30:00,4.596,4.617,4.591,4.607,6714.5
2024-08-13 12:00:00,4.607,4.626,4.587,4.605,4111.5
2024-08-13 12:30:00,4.605,4.661,4.603,4.653,26671.8
2024-08-13 13:00:00,4.653,4.677,4.621,4.642,7785.3
2024-08-13 13:30:00,4.642,4.738,4.631,4.735,28391.7
2024-08-13 14:00:00,4.735,4.759,4.701,4.704,21319.2
2024-08-13 14:30:00,4.704,4.722,4.649,4.692,28621.2
2024-08-13 15:00:00,4.692,4.706,4.663,4.684,22371.0
2024-08-13 15:30:00,4.684,4.698,4.666,4.69,8051.4
2024-08-13 16:00:00,4.69,4.749,4.684,4.701,30018.6
2024-08-13 16:30:00,4.701,4.871,4.696,4.864,60234.9
2024-08-13 17:00:00,4.864,4.877,4.823,4.855,29689.2
2024-08-13 17:30:00,4.855,4.862,4.809,4.813,14921.9
2024-08-13 18:00:00,4.813,4.821,4.768,4.781,19720.4
2024-08-13 18:30:00,4.781,4.8,4.761,4.786,11508.3
2024-08-13 19:00:00,4.786,4.79,4.707,4.768,21424.4
2024-08-13 19:30:00,4.768,4.788,4.75,4.788,19428.1
2024-08-13 20:00:00,4.788,4.799,4.749,4.764,16433.4
2024-08-13 20:30:00,4.764,4.79,4.75,4.754,10717.3
2024-08-13 21:00:00,4.754,4.791,4.746,4.785,10431.4
2024-08-13 21:30:00,4.785,4.866,4.779,4.862,12905.7
2024-08-13 22:00:00,4.862,4.869,4.789,4.808,7177.6
2024-08-13 22:30:00,4.808,4.833,4.797,4.813,5481.4
2024-08-13 23:00:00,4.813,4.827,4.801,4.824,4096.6
2024-08-13 23:30:00,4.824,4.85,4.806,4.828,7854.8
2024-08-14 00:00:00,4.828,4.86,4.811,4.848,31218.9
2024-08-14 00:30:00,4.848,4.872,4.831,4.854,15963.0
2024-08-14 01:00:00,4.854,4.854,4.758,4.777,11311.8
2024-08-14 01:30:00,4.777,4.81,4.762,4.774,6549.1
2024-08-14 02:00:00,4.774,4.799,4.761,4.792,6425.5
2024-08-14 02:30:00,4.792,4.818,4.785,4.809,6348.9
2024-08-14 03:00:00,4.809,4.826,4.804,4.821,7680.7
2024-08-14 03:30:00,4.821,4.833,4.773,4.778,8339.1
2024-08-14 04:00:00,4.778,4.795,4.769,4.792,7361.0
2024-08-14 04:30:00,4.792,4.799,4.773,4.784,4828.1
2024-08-14 05:00:00,4.784,4.817,4.767,4.783,17445.1
2024-08-14 05:30:00,4.783,4.796,4.762,4.764,11248.8
2024-08-14 06:00:00,4.764,4.808,4.744,4.787,20020.8
2024-08-14 06:30:00,4.787,4.795,4.769,4.781,15716.5
2024-08-14 07:00:00,4.781,4.793,4.763,4.771,9094.0
2024-08-14 07:30:00,4.771,4.824,4.771,4.821,15037.1
2024-08-14 08:00:00,4.821,4.839,4.79,4.827,23995.1
2024-08-14 08:30:00,4.827,4.834,4.79,4.83,7090.7
2024-08-14 09:00:00,4.83,4.864,4.821,4.863,17456.8
2024-08-14 09:30:00,4.863,4.889,4.811,4.825,15182.0
2024-08-14 10:00:00,4.825,4.94,4.812,4.919,128153.2
2024-08-14 10:30:00,4.919,4.921,4.843,4.848,33386.3
2024-08-14 11:00:00,4.848,4.889,4.824,4.879,34756.3
2024-08-14 11:30:00,4.879,4.91,4.87,4.881,13406.6
2024-08-14 12:00:00,4.881,4.933,4.87,4.933,16198.9
2024-08-14 12:30:00,4.933,4.954,4.838,4.869,126438.5
2024-08-14 13:00:00,4.869,4.931,4.829,4.902,88846.2
2024-08-14 13:30:00,4.902,4.909,4.739,4.758,57885.6
2024-08-14 14:00:00,4.758,4.79,4.696,4.79,69750.6
2024-08-14 14:30:00,4.79,4.794,4.736,4.777,13208.1
2024-08-14 15:00:00,4.777,4.809,4.744,4.751,20022.7
2024-08-14 15:30:00,4.751,4.912,4.74,4.825,89419.9
2024-08-14 16:00:00,4.825,4.827,4.762,4.774,28214.5
2024-08-14 16:30:00,4.774,4.787,4.736,4.768,14164.1
2024-08-14 17:00:00,4.768,4.797,4.744,4.746,3620.4
2024-08-14 17:30:00,4.746,4.764,4.735,4.735,4863.8
2024-08-14 18:00:00,4.735,4.794,4.731,4.777,5543.0
2024-08-14 18:30:00,4.777,4.786,4.704,4.733,13248.0
2024-08-14 19:00:00,4.733,4.737,4.67,4.686,16234.6
2024-08-14 19:30:00,4.686,4.707,4.678,4.685,7490.8
2024-08-14 20:00:00,4.685,4.695,4.671,4.671,7346.6
2024-08-14 20:30:00,4.671,4.702,4.663,4.692,9118.0
2024-08-14 21:00:00,4.692,4.711,4.677,4.711,6172.6
2024-08-14 21:30:00,4.711,4.713,4.675,4.68,5135.2
2024-08-14 22:00:00,4.68,4.683,4.631,4.679,10757.7
2024-08-14 22:30:00,4.679,4.724,4.678,4.716,6220.0
2024-08-14 23:00:00,4.716,4.72,4.703,4.708,5552.6
2024-08-14 23:30:00,4.708,4.717,4.69,4.696,5272.1
2024-08-15 00:00:00,4.696,4.718,4.693,4.71,3972.8
2024-08-15 00:30:00,4.71,4.747,4.71,4.737,6035.6
2024-08-15 01:00:00,4.737,4.74,4.707,4.71,4466.9
2024-08-15 01:30:00,4.71,4.716,4.653,4.661,11360.7
2024-08-15 02:00:00,4.661,4.682,4.638,4.659,16427.9
2024-08-15 02:30:00,4.659,4.686,4.649,4.661,6681.9
2024-08-15 03:00:00,4.661,4.686,4.651,4.682,4928.7
2024-08-15 03:30:00,4.682,4.696,4.673,4.674,4968.3
2024-08-15 04:00:00,4.674,4.68,4.649,4.652,21465.3
2024-08-15 04:30:00,4.652,4.661,4.63,4.657,5409.9
2024-08-15 05:00:00,4.657,4.693,4.628,4.682,25322.3
2024-08-15 05:30:00,4.682,4.705,4.633,4.638,9735.3
2024-08-15 06:00:00,4.638,4.679,4.619,4.639,9581.0
2024-08-15 06:30:00,4.639,4.648,4.601,4.609,6756.5
2024-08-15 07:00:00,4.609,4.618,4.564,4.567,13118.0
2024-08-15 07:30:00,4.567,4.631,4.559,4.622,7449.5
2024-08-15 08:00:00,4.622,4.651,4.604,4.643,8662.2
2024-08-15 08:30:00,4.643,4.69,4.633,4.689,6501.6
2024-08-15 09:00:00,4.689,4.701,4.661,4.677,8466.7
2024-08-15 09:30:00,4.677,4.683,4.633,4.642,7216.0
2024-08-15 10:00:00,4.642,4.65,4.566,4.585,8655.9
2024-08-15 10:30:00,4.585,4.59,4.541,4.561,18841.6
2024-08-15 11:00:00,4.561,4.61,4.557,4.602,10286.8
2024-08-15 11:30:00,4.602,4.611,4.578,4.591,12242.5
2024-08-15 12:00:00,4.591,4.626,4.581,4.609,12278.6
2024-08-15 12:30:00,4.609,4.702,4.608,4.611,35722.4
2024-08-15 13:00:00,4.611,4.735,4.592,4.698,24520.6
2024-08-15 13:30:00,4.698,4.747,4.681,4.732,35226.4
2024-08-15 14:00:00,4.732,4.753,4.689,4.695,20831.1
2024-08-15 14:30:00,4.695,4.738,4.684,4.697,10327.4
2024-08-15 15:00:00,4.697,4.715,4.67,4.687,14379.6
2024-08-15 15:30:00,4.687,4.714,4.667,4.681,6493.7
2024-08-15 16:00:00,4.681,4.715,4.668,4.702,5925.2
2024-08-15 16:30:00,4.702,4.703,4.638,4.643,15967.7
2024-08-15 17:00:00,4.643,4.648,4.6,4.616,8421.5
2024-08-15 17:30:00,4.616,4.616,4.518,4.519,19586.5
2024-08-15 18:00:00,4.519,4.525,4.469,4.513,31042.5
2024-08-15 18:30:00,4.513,4.52,4.486,4.513,13729.6
2024-08-15 19:00:00,4.513,4.513,4.46,4.483,14196.7
2024-08-15 19:30:00,4.483,4.536,4.47,4.529,16111.0
2024-08-15 20:00:00,4.529,4.529,4.476,4.504,23964.7
2024-08-15 20:30:00,4.504,4.513,4.464,4.482,19996.2
2024-08-15 21:00:00,4.482,4.502,4.475,4.493,13363.8
2024-08-15 21:30:00,4.493,4.539,4.478,4.539,10824.6
2024-08-15 22:00:00,4.539,4.539,4.485,4.534,10757.8
2024-08-15 22:30:00,4.534,4.599,4.524,4.554,22784.5
2024-08-15 23:00:00,4.554,4.569,4.526,4.545,15309.4
2024-08-15 23:30:00,4.545,4.551,4.53,4.541,5400.4
2024-08-16 00:00:00,4.541,4.55,4.522,4.526,5187.2
2024-08-16 00:30:00,4.526,4.542,4.514,4.517,4646.4
2024-08-16 01:00:00,4.517,4.532,4.475,4.491,7221.6
2024-08-16 01:30:00,4.491,4.493,4.457,4.48,6975.7
2024-08-16 02:00:00,4.48,4.504,4.46,4.504,12088.0
2024-08-16 02:30:00,4.504,4.558,4.499,4.528,12916.8
2024-08-16 03:00:00,4.528,4.54,4.5,4.505,6259.3
2024-08-16 03:30:00,4.505,4.511,4.49,4.499,8610.9
2024-08-16 04:00:00,4.499,4.518,4.487,4.513,8603.1
2024-08-16 04:30:00,4.513,4.531,4.499,4.526,4544.0
2024-08-16 05:00:00,4.526,4.535,4.504,4.507,5212.8
2024-08-16 05:30:00,4.507,4.541,4.505,4.527,6396.8
2024-08-16 06:00:00,4.527,4.609,4.512,4.56,24595.4
2024-08-16 06:30:00,4.56,4.619,4.554,4.612,9039.3
2024-08-16 07:00:00,4.612,4.614,4.57,4.577,7929.7
2024-08-16 07:30:00,4.577,4.597,4.57,4.589,4113.1
2024-08-16 08:00:00,4.589,4.606,4.578,4.582,4763.6
2024-08-16 08:30:00,4.582,4.587,4.543,4.547,10115.8
2024-08-16 09:00:00,4.547,4.559,4.531,4.545,10608.6
2024-08-16 09:30:00,4.545,4.564,4.532,4.558,5521.3
2024-08-16 10:00:00,4.558,4.562,4.512,4.53,7734.3
2024-08-16 10:30:00,4.53,4.545,4.522,4.536,11903.7
2024-08-16 11:00:00,4.536,4.542,4.512,4.531,6898.5
2024-08-16 11:30:00,4.531,4.533,4.491,4.513,5609.9
2024-08-16 12:00:00,4.513,4.519,4.444,4.451,9259.2
2024-08-16 12:30:00,4.451,4.451,4.352,4.386,37894.3
2024-08-16 13:00:00,4.386,4.494,4.378,4.451,23527.2
2024-08-16 13:30:00,4.451,4.499,4.382,4.435,20949.1
2024-08-16 14:00:00,4.435,4.46,4.351,4.376,11292.2
2024-08-16 14:30:00,4.376,4.402,4.325,4.344,18597.6
2024-08-16 15:00:00,4.344,4.383,4.311,4.318,23116.0
2024-08-16 15:30:00,4.318,4.365,4.3,4.359,13404.2
2024-08-16 16:00:00,4.359,4.452,4.353,4.441,33202.1
2024-08-16 16:30:00,4.441,4.452,4.376,4.407,11701.5
2024-08-16 17:00:00,4.407,4.407,4.332,4.374,19228.8
2024-08-16 17:30:00,4.374,4.478,4.369,4.453,15979.7
2024-08-16 18:00:00,4.453,4.49,4.43,4.47,23941.3
2024-08-16 18:30:00,4.47,4.491,4.449,4.463,8556.3
2024-08-16 19:00:00,4.463,4.508,4.463,4.497,9042.0
2024-08-16 19:30:00,4.497,4.508,4.473,4.491,4766.8
2024-08-16 20:00:00,4.491,4.533,4.485,4.533,9522.8
2024-08-16 20:30:00,4.533,4.533,4.484,4.495,5807.3
2024-08-16 21:00:00,4.495,4.502,4.455,4.465,7849.7
2024-08-16 21:30:00,4.465,4.474,4.449,4.456,5102.5
2024-08-16 22:00:00,4.456,4.503,4.454,4.495,7722.6
2024-08-16 22:30:00,4.495,4.502,4.47,4.475,6153.7
2024-08-16 23:00:00,4.475,4.494,4.453,4.492,8446.0
2024-08-16 23:30:00,4.492,4.513,4.463,4.498,7615.5
2024-08-17 00:00:00,4.498,4.502,4.456,4.479,7369.6
2024-08-17 00:30:00,4.479,4.526,4.46,4.526,13505.6
2024-08-17 01:00:00,4.526,4.563,4.521,4.544,11783.4
2024-08-17 01:30:00,4.544,4.544,4.518,4.528,7338.7
2024-08-17 02:00:00,4.528,4.553,4.515,4.53,6308.4
2024-08-17 02:30:00,4.53,4.543,4.512,4.523,6803.0
2024-08-17 03:00:00,4.523,4.541,4.495,4.496,7495.0
2024-08-17 03:30:00,4.496,4.507,4.47,4.491,6712.4
2024-08-17 04:00:00,4.491,4.505,4.475,4.498,5275.8
2024-08-17 04:30:00,4.498,4.508,4.488,4.498,4457.2
2024-08-17 05:00:00,4.498,4.499,4.479,4.495,4352.8
2024-08-17 05:30:00,4.495,4.51,4.489,4.493,5169.0
2024-08-17 06:00:00,4.493,4.516,4.486,4.496,5673.1
2024-08-17 06:30:00,4.496,4.508,4.48,4.487,5213.1
2024-08-17 07:00:00,4.487,4.497,4.463,4.473,4321.7
2024-08-17 07:30:00,4.473,4.494,4.461,4.486,5006.3
2024-08-17 08:00:00,4.486,4.49,4.44,4.441,5029.4
2024-08-17 08:30:00,4.441,4.453,4.436,4.45,4871.5
2024-08-17 09:00:00,4.45,4.459,4.443,4.454,6448.5
2024-08-17 09:30:00,4.454,4.494,4.433,4.448,13538.1
2024-08-17 10:00:00,4.448,4.466,4.437,4.443,12355.8
2024-08-17 10:30:00,4.443,4.469,4.432,4.437,11470.3
2024-08-17 11:00:00,4.437,4.437,4.39,4.416,72182.5
2024-08-17 11:30:00,4.416,4.433,4.4,4.431,5410.6
2024-08-17 12:00:00,4.431,4.447,4.414,4.445,8041.1
2024-08-17 12:30:00,4.445,4.461,4.429,4.45,14442.2
2024-08-17 13:00:00,4.45,4.461,4.44,4.453,17861.1
2024-08-17 13:30:00,4.453,4.457,4.421,4.443,5971.4
2024-08-17 14:00:00,4.443,4.468,4.429,4.436,6132.7
2024-08-17 14:30:00,4.436,4.494,4.431,4.488,7824.6
2024-08-17 15:00:00,4.488,4.53,4.473,4.496,28342.1
2024-08-17 15:30:00,4.496,4.516,4.486,4.486,14638.1
2024-08-17 16:00:00,4.486,4.55,4.485,4.533,13776.4
2024-08-17 16:30:00,4.533,4.534,4.491,4.53,14328.4
2024-08-17 17:00:00,4.53,4.547,4.504,4.52,17516.5
2024-08-17 17:30:00,4.52,4.534,4.498,4.499,13016.1
2024-08-17 18:00:00,4.499,4.508,4.477,4.49,17085.0
2024-08-17 18:30:00,4.49,4.508,4.469,4.504,7747.7
2024-08-17 19:00:00,4.504,4.515,4.491,4.504,4485.4
2024-08-17 19:30:00,4.504,4.543,4.496,4.535,8369.4
2024-08-17 20:00:00,4.535,4.536,4.5,4.5,6400.9
2024-08-17 20:30:00,4.5,4.513,4.491,4.499,6897.4
2024-08-17 21:00:00,4.499,4.513,4.48,4.5,8151.6
2024-08-17 21:30:00,4.5,4.506,4.484,4.501,7639.0
2024-08-17 22:00:00,4.501,4.528,4.501,4.511,9193.6
2024-08-17 22:30:00,4.511,4.519,4.499,4.508,7855.4
2024-08-17 23:00:00,4.508,4.519,4.498,4.503,7954.8
2024-08-17 23:30:00,4.503,4.522,4.5,4.515,7338.8
2024-08-18 00:00:00,4.515,4.524,4.499,4.524,8493.5
2024-08-18 00:30:00,4.524,4.549,4.519,4.537,6399.4
2024-08-18 01:00:00,4.537,4.542,4.497,4.52,6120.0
2024-08-18 01:30:00,4.52,4.529,4.491,4.497,5237.4
2024-08-18 02:00:00,4.497,4.503,4.489,4.498,5364.7
2024-08-18 02:30:00,4.498,4.549,4.49,4.543,8122.9
2024-08-18 03:00:00,4.543,4.562,4.505,4.517,8273.5
2024-08-18 03:30:00,4.517,4.519,4.488,4.489,7784.6
2024-08-18 04:00:00,4.489,4.504,4.479,4.479,12731.0
2024-08-18 04:30:00,4.479,4.494,4.472,4.488,6509.0
2024-08-18 05:00:00,4.488,4.503,4.477,4.481,5474.3
2024-08-18 05:30:00,4.481,4.492,4.467,4.467,7034.9
2024-08-18 06:00:00,4.467,4.499,4.462,4.495,8784.9
2024-08-18 06:30:00,4.495,4.506,4.489,4.494,10126.4
2024-08-18 07:00:00,4.494,4.499,4.477,4.49,9270.8
2024-08-18 07:30:00,4.49,4.492,4.475,4.481,12830.3
2024-08-18 08:00:00,4.481,4.49,4.471,4.485,9912.1
2024-08-18 08:30:00,4.485,4.494,4.479,4.485,7120.4
2024-08-18 09:00:00,4.485,4.52,4.482,4.51,7209.2
2024-08-18 09:30:00,4.51,4.539,4.491,4.534,6959.9
2024-08-18 10:00:00,4.534,4.553,4.526,4.541,16898.0
2024-08-18 10:30:00,4.541,4.573,4.533,4.544,15158.9
2024-08-18 11:00:00,4.544,4.553,4.532,4.545,10668.7
2024-08-18 11:30:00,4.545,4.576,4.53,4.556,30352.9
2024-08-18 12:00:00,4.556,4.574,4.548,4.574,7012.6
2024-08-18 12:30:00,4.574,4.603,4.563,4.569,13711.1
2024-08-18 13:00:00,4.569,4.631,4.56,4.595,7108.2
2024-08-18 13:30:00,4.595,4.605,4.549,4.553,7514.9
2024-08-18 14:00:00,4.553,4.585,4.553,4.577,5312.5
2024-08-18 14:30:00,4.577,4.58,4.546,4.557,8680.1
2024-08-18 15:00:00,4.557,4.566,4.544,4.555,7710.7
2024-08-18 15:30:00,4.555,4.586,4.541,4.578,17475.8
2024-08-18 16:00:00,4.578,4.619,4.571,4.608,10113.9
2024-08-18 16:30:00,4.608,4.619,4.575,4.583,7118.5
2024-08-18 17:00:00,4.583,4.596,4.539,4.55,9679.3
2024-08-18 17:30:00,4.55,4.569,4.548,4.555,6024.1
2024-08-18 18:00:00,4.555,4.575,4.551,4.575,3864.3
2024-08-18 18:30:00,4.575,4.589,4.563,4.572,10629.8
2024-08-18 19:00:00,4.572,4.59,4.56,4.582,6033.1
2024-08-18 19:30:00,4.582,4.597,4.574,4.592,5087.2
2024-08-18 20:00:00,4.592,4.601,4.574,4.576,19438.6
2024-08-18 20:30:00,4.576,4.593,4.571,4.585,7247.6
2024-08-18 21:00:00,4.585,4.59,4.573,4.574,4457.5
2024-08-18 21:30:00,4.574,4.578,4.55,4.56,8419.6
2024-08-18 22:00:00,4.56,4.584,4.554,4.577,7186.0
2024-08-18 22:30:00,4.577,4.577,4.536,4.54,10461.4
2024-08-18 23:00:00,4.54,4.563,4.522,4.529,6633.6
2024-08-18 23:30:00,4.529,4.534,4.487,4.49,8010.3
2024-08-19 00:00:00,4.49,4.499,4.447,4.467,27414.2
2024-08-19 00:30:00,4.467,4.47,4.422,4.425,19684.8
2024-08-19 01:00:00,4.425,4.443,4.412,4.428,16039.7
2024-08-19 01:30:00,4.428,4.457,4.425,4.441,17452.0
2024-08-19 02:00:00,4.441,4.455,4.426,4.451,7098.1
2024-08-19 02:30:00,4.451,4.467,4.441,4.454,5631.7
2024-08-19 03:00:00,4.454,4.454,4.435,4.448,11005.7
2024-08-19 03:30:00,4.448,4.463,4.44,4.453,4999.8
2024-08-19 04:00:00,4.453,4.457,4.445,4.454,5668.5
2024-08-19 04:30:00,4.454,4.455,4.43,4.437,8988.4
2024-08-19 05:00:00,4.437,4.438,4.408,4.41,9464.1
2024-08-19 05:30:00,4.41,4.421,4.4,4.417,14546.1
2024-08-19 06:00:00,4.417,4.431,4.404,4.424,8317.8
2024-08-19 06:30:00,4.424,4.452,4.423,4.438,7635.6
2024-08-19 07:00:00,4.438,4.458,4.425,4.429,5104.3
2024-08-19 07:30:00,4.429,4.449,4.412,4.422,5257.7
2024-08-19 08:00:00,4.422,4.448,4.414,4.445,4885.3
2024-08-19 08:30:00,4.445,4.453,4.435,4.441,5575.3
2024-08-19 09:00:00,4.441,4.467,4.44,4.466,13158.8
2024-08-19 09:30:00,4.466,4.486,4.388,4.393,24356.9
2024-08-19 10:00:00,4.393,4.407,4.345,4.389,60895.6
2024-08-19 10:30:00,4.389,4.392,4.347,4.353,18686.6
2024-08-19 11:00:00,4.353,4.358,4.314,4.318,82362.7
2024-08-19 11:30:00,4.318,4.38,4.315,4.375,30656.4
2024-08-19 12:00:00,4.375,4.389,4.361,4.379,7708.3
2024-08-19 12:30:00,4.379,4.398,4.365,4.391,7618.5
2024-08-19 13:00:00,4.391,4.439,4.391,4.422,14889.4
2024-08-19 13:30:00,4.422,4.44,4.361,4.372,28853.8
2024-08-19 14:00:00,4.372,4.377,4.325,4.345,23493.1
2024-08-19 14:30:00,4.345,4.398,4.336,4.395,13241.1
2024-08-19 15:00:00,4.395,4.415,4.375,4.398,7926.1
2024-08-19 15:30:00,4.398,4.411,4.393,4.396,10853.0
2024-08-19 16:00:00,4.396,4.41,4.385,4.394,7680.1
2024-08-19 16:30:00,4.394,4.402,4.356,4.395,17581.1
2024-08-19 17:00:00,4.395,4.408,4.378,4.397,12521.5
2024-08-19 17:30:00,4.397,4.492,4.392,4.424,18213.2
2024-08-19 18:00:00,4.424,4.429,4.392,4.418,6392.5
2024-08-19 18:30:00,4.418,4.453,4.411,4.423,9637.9
2024-08-19 19:00:00,4.423,4.435,4.393,4.416,6851.0
2024-08-19 19:30:00,4.416,4.432,4.396,4.423,21573.5
2024-08-19 20:00:00,4.423,4.465,4.422,4.454,18237.4
2024-08-19 20:30:00,4.454,4.538,4.454,4.492,13330.0
2024-08-19 21:00:00,4.492,4.518,4.485,4.491,7156.1
2024-08-19 21:30:00,4.491,4.515,4.473,4.475,13400.6
2024-08-19 22:00:00,4.475,4.525,4.473,4.506,21352.3
2024-08-19 22:30:00,4.506,4.558,4.504,4.523,42798.6
2024-08-19 23:00:00,4.523,4.559,4.513,4.538,13366.8
2024-08-19 23:30:00,4.538,4.611,4.538,4.611,91552.9
2024-08-20 00:00:00,4.611,4.638,4.598,4.632,15290.0
2024-08-20 00:30:00,4.632,4.678,4.598,4.634,303978.0
2024-08-20 01:00:00,4.634,4.645,4.599,4.603,13784.1
2024-08-20 01:30:00,4.603,4.614,4.585,4.596,12520.2
2024-08-20 02:00:00,4.596,4.606,4.581,4.588,8270.3
2024-08-20 02:30:00,4.588,4.605,4.584,4.585,7198.6
2024-08-20 03:00:00,4.585,4.605,4.583,4.594,5252.6
2024-08-20 03:30:00,4.594,4.597,4.566,4.584,18635.0
2024-08-20 04:00:00,4.584,4.62,4.578,4.601,17989.4
2024-08-20 04:30:00,4.601,4.621,4.587,4.615,8647.4
2024-08-20 05:00:00,4.615,4.715,4.612,4.673,114359.8
2024-08-20 05:30:00,4.673,4.689,4.659,4.68,26339.8
2024-08-20 06:00:00,4.68,4.688,4.626,4.643,55687.4
2024-08-20 06:30:00,4.643,4.668,4.643,4.651,12657.3
2024-08-20 07:00:00,4.651,4.673,4.639,4.668,9296.0
2024-08-20 07:30:00,4.668,4.683,4.644,4.665,7232.6
2024-08-20 08:00:00,4.665,4.683,4.645,4.651,9587.9
2024-08-20 08:30:00,4.651,4.662,4.631,4.633,11340.7
2024-08-20 09:00:00,4.633,4.675,4.633,4.672,21823.7
2024-08-20 09:30:00,4.672,4.676,4.644,4.659,8588.8
2024-08-20 10:00:00,4.659,4.668,4.609,4.621,122186.2
2024-08-20 10:30:00,4.621,4.625,4.573,4.585,28414.8
2024-08-20 11:00:00,4.585,4.594,4.552,4.576,48350.2
2024-08-20 11:30:00,4.576,4.58,4.542,4.552,13081.4
2024-08-20 12:00:00,4.552,4.593,4.552,4.581,7529.2
2024-08-20 12:30:00,4.581,4.586,4.567,4.582,23067.1
2024-08-20 13:00:00,4.582,4.588,4.552,4.566,51341.6
2024-08-20 13:30:00,4.566,4.605,4.551,4.6,23607.8
2024-08-20 14:00:00,4.6,4.606,4.497,4.511,35396.2
2024-08-20 14:30:00,4.511,4.513,4.433,4.448,73876.5
2024-08-20 15:00:00,4.448,4.46,4.374,4.444,66091.6
2024-08-20 15:30:00,4.444,4.463,4.432,4.437,9289.7
2024-08-20 16:00:00,4.437,4.469,4.424,4.466,8799.7
2024-08-20 16:30:00,4.466,4.477,4.445,4.46,19608.9
2024-08-20 17:00:00,4.46,4.473,4.453,4.467,5754.4
2024-08-20 17:30:00,4.467,4.496,4.463,4.488,7213.3
2024-08-20 18:00:00,4.488,4.518,4.48,4.507,14250.7
2024-08-20 18:30:00,4.507,4.52,4.488,4.502,11085.1
2024-08-20 19:00:00,4.502,4.521,4.495,4.513,8879.9
2024-08-20 19:30:00,4.513,4.514,4.5,4.513,11493.1
2024-08-20 20:00:00,4.513,4.559,4.508,4.529,10125.4
2024-08-20 20:30:00,4.529,4.534,4.513,4.515,8548.8
2024-08-20 21:00:00,4.515,4.518,4.473,4.49,8909.8
2024-08-20 21:30:00,4.49,4.503,4.483,4.492,8516.4
2024-08-20 22:00:00,4.492,4.519,4.487,4.509,8430.7
2024-08-20 22:30:00,4.509,4.524,4.502,4.519,4665.5
2024-08-20 23:00:00,4.519,4.521,4.496,4.496,3828.3
2024-08-20 23:30:00,4.496,4.503,4.486,4.487,4671.7
2024-08-21 00:00:00,4.487,4.525,4.487,4.519,6466.9
2024-08-21 00:30:00,4.519,4.519,4.475,4.476,6334.6
2024-08-21 01:00:00,4.476,4.494,4.464,4.476,6292.1
2024-08-21 01:30:00,4.476,4.502,4.465,4.501,10738.4
2024-08-21 02:00:00,4.501,4.511,4.494,4.509,6088.5
2024-08-21 02:30:00,4.509,4.523,4.504,4.515,6770.6
2024-08-21 03:00:00,4.515,4.53,4.51,4.519,5806.5
2024-08-21 03:30:00,4.519,4.52,4.502,4.51,7515.2
2024-08-21 04:00:00,4.51,4.527,4.493,4.496,17068.4
2024-08-21 04:30:00,4.496,4.502,4.496,4.501,4320.2
2024-08-21 05:00:00,4.501,4.503,4.496,4.497,3927.9
2024-08-21 05:30:00,4.497,4.515,4.49,4.51,17025.8
2024-08-21 06:00:00,4.51,4.545,4.502,4.543,11553.3
2024-08-21 06:30:00,4.543,4.544,4.516,4.52,9431.5
2024-08-21 07:00:00,4.52,4.545,4.52,4.542,6829.3
2024-08-21 07:30:00,4.542,4.55,4.527,4.543,7705.0
2024-08-21 08:00:00,4.543,4.564,4.51,4.523,8854.8
2024-08-21 08:30:00,4.523,4.556,4.521,4.539,7176.3
2024-08-21 09:00:00,4.539,4.54,4.491,4.497,10857.0
2024-08-21 09:30:00,4.497,4.519,4.49,4.507,7164.5
2024-08-21 10:00:00,4.507,4.515,4.49,4.49,4832.7
2024-08-21 10:30:00,4.49,4.529,4.488,4.521,8624.8
2024-08-21 11:00:00,4.521,4.533,4.5,4.508,8670.4
2024-08-21 11:30:00,4.508,4.521,4.497,4.509,6911.2
2024-08-21 12:00:00,4.509,4.513,4.484,4.511,8675.4
2024-08-21 12:30:00,4.511,4.52,4.496,4.496,14375.9
2024-08-21 13:00:00,4.496,4.516,4.488,4.495,7373.0
2024-08-21 13:30:00,4.495,4.531,4.399,4.528,49391.3
2024-08-21 14:00:00,4.528,4.59,4.494,4.53,54936.2
2024-08-21 14:30:00,4.53,4.559,4.489,4.503,15576.8
2024-08-21 15:00:00,4.503,4.538,4.494,4.524,9358.3
2024-08-21 15:30:00,4.524,4.555,4.516,4.523,7240.3
2024-08-21 16:00:00,4.523,4.555,4.515,4.55,4791.2
2024-08-21 16:30:00,4.55,4.595,4.542,4.592,18900.1
2024-08-21 17:00:00,4.592,4.622,4.564,4.622,18374.2
2024-08-21 17:30:00,4.622,4.623,4.567,4.579,13136.0
2024-08-21 18:00:00,4.579,4.654,4.57,4.647,28881.2
2024-08-21 18:30:00,4.647,4.666,4.622,4.662,18787.1
2024-08-21 19:00:00,4.662,4.69,4.641,4.661,18206.0
2024-08-21 19:30:00,4.661,4.697,4.66,4.69,33910.3
2024-08-21 20:00:00,4.69,4.722,4.674,4.682,30650.2
2024-08-21 20:30:00,4.682,4.7,4.654,4.675,15700.5
2024-08-21 21:00:00,4.675,4.686,4.662,4.68,8080.4
2024-08-21 21:30:00,4.68,4.731,4.674,4.709,11642.4
2024-08-21 22:00:00,4.709,4.803,4.701,4.781,17972.2
2024-08-21 22:30:00,4.781,4.856,4.779,4.81,20491.1
2024-08-21 23:00:00,4.81,4.835,4.79,4.795,26209.9
2024-08-21 23:30:00,4.795,4.795,4.756,4.782,14960.7
2024-08-22 00:00:00,4.782,4.81,4.769,4.805,12487.8
2024-08-22 00:30:00,4.805,4.818,4.765,4.765,8722.3
2024-08-22 01:00:00,4.765,4.81,4.745,4.799,13423.7
2024-08-22 01:30:00,4.799,4.807,4.754,4.783,8184.2
2024-08-22 02:00:00,4.783,4.787,4.734,4.734,6204.0
2024-08-22 02:30:00,4.734,4.76,4.709,4.755,20397.0
2024-08-22 03:00:00,4.755,4.829,4.731,4.825,19649.5
2024-08-22 03:30:00,4.825,4.832,4.806,4.819,11005.7
2024-08-22 04:00:00,4.819,4.829,4.795,4.815,7242.5
2024-08-22 04:30:00,4.815,4.825,4.803,4.823,16559.6
2024-08-22 05:00:00,4.823,4.831,4.809,4.823,8774.1
2024-08-22 05:30:00,4.823,4.829,4.796,4.812,9427.5
2024-08-22 06:00:00,4.812,4.856,4.803,4.849,22829.9
2024-08-22 06:30:00,4.849,4.879,4.838,4.86,13092.5
2024-08-22 07:00:00,4.86,4.885,4.841,4.843,15928.2
2024-08-22 07:30:00,4.843,4.917,4.837,4.913,17499.1
2024-08-22 08:00:00,4.913,4.946,4.894,4.946,25081.5
2024-08-22 08:30:00,4.946,4.99,4.924,4.974,25973.3
2024-08-22 09:00:00,4.974,4.983,4.898,4.937,17764.2
2024-08-22 09:30:00,4.937,4.982,4.913,4.962,35143.3
2024-08-22 10:00:00,4.962,5.0,4.93,4.988,41437.3
2024-08-22 10:30:00,4.988,5.044,4.972,5.025,21355.5
2024-08-22 11:00:00,5.025,5.025,4.97,4.99,9610.1
2024-08-22 11:30:00,4.99,5.006,4.962,4.99,11422.1
2024-08-22 12:00:00,4.99,5.024,4.971,4.991,15967.3
2024-08-22 12:30:00,4.991,5.002,4.928,4.981,23003.8
2024-08-22 13:00:00,4.981,4.991,4.96,4.983,15105.7
2024-08-22 13:30:00,4.983,5.062,4.983,5.03,60319.8
2024-08-22 14:00:00,5.03,5.035,4.97,4.998,22078.5
2024-08-22 14:30:00,4.998,5.018,4.982,5.001,14474.5
2024-08-22 15:00:00,5.001,5.041,4.995,5.013,15675.3
2024-08-22 15:30:00,5.013,5.029,4.974,5.023,13710.0
2024-08-22 16:00:00,5.023,5.034,4.984,5.021,28965.0
2024-08-22 16:30:00,5.021,5.09,4.994,5.002,47550.6
2024-08-22 17:00:00,5.002,5.026,4.989,5.006,13065.2
2024-08-22 17:30:00,5.006,5.012,4.912,4.934,35986.0
2024-08-22 18:00:00,4.934,5.005,4.929,4.989,29438.5
2024-08-22 18:30:00,4.989,5.0,4.948,4.954,10939.3
2024-08-22 19:00:00,4.954,4.976,4.95,4.966,12630.5
2024-08-22 19:30:00,4.966,4.981,4.952,4.967,7875.6
2024-08-22 20:00:00,4.967,4.987,4.956,4.96,5729.7
2024-08-22 20:30:00,4.96,5.037,4.955,5.037,23986.4
2024-08-22 21:00:00,5.037,5.037,5.005,5.026,19229.7
2024-08-22 21:30:00,5.026,5.037,4.999,5.014,14578.7
2024-08-22 22:00:00,5.014,5.039,5.006,5.038,8535.4
2024-08-22 22:30:00,5.038,5.039,5.01,5.023,7326.6
2024-08-22 23:00:00,5.023,5.033,4.998,5.012,4425.4
2024-08-22 23:30:00,5.012,5.053,5.006,5.05,10044.9
2024-08-23 00:00:00,5.05,5.168,5.041,5.148,31256.4
2024-08-23 00:30:00,5.148,5.253,5.14,5.178,71575.3
2024-08-23 01:00:00,5.178,5.187,5.148,5.151,11170.3
2024-08-23 01:30:00,5.151,5.163,5.105,5.112,15688.2
2024-08-23 02:00:00,5.112,5.14,5.097,5.137,14685.9
2024-08-23 02:30:00,5.137,5.146,5.11,5.124,11279.0
2024-08-23 03:00:00,5.124,5.151,5.113,5.135,9101.8
2024-08-23 03:30:00,5.135,5.151,5.129,5.147,10129.6
2024-08-23 04:00:00,5.147,5.193,5.134,5.175,22799.0
2024-08-23 04:30:00,5.175,5.186,5.113,5.148,13476.9
2024-08-23 05:00:00,5.148,5.197,5.142,5.186,16805.9
2024-08-23 05:30:00,5.186,5.21,5.171,5.199,19789.6
2024-08-23 06:00:00,5.199,5.219,5.176,5.209,9722.3
2024-08-23 06:30:00,5.209,5.216,5.185,5.202,18692.3
2024-08-23 07:00:00,5.202,5.214,5.189,5.197,5563.5
2024-08-23 07:30:00,5.197,5.197,5.173,5.187,21665.0
2024-08-23 08:00:00,5.187,5.204,5.184,5.184,13988.1
2024-08-23 08:30:00,5.184,5.214,5.178,5.214,26811.4
2024-08-23 09:00:00,5.214,5.214,5.187,5.204,14545.2
2024-08-23 09:30:00,5.204,5.228,5.19,5.208,11535.5
2024-08-23 10:00:00,5.208,5.226,5.2,5.211,14267.7
2024-08-23 10:30:00,5.211,5.228,5.206,5.226,8625.9
2024-08-23 11:00:00,5.226,5.228,5.154,5.161,37512.0
2024-08-23 11:30:00,5.161,5.188,5.148,5.151,11631.7
2024-08-23 12:00:00,5.151,5.187,5.151,5.183,9157.9
2024-08-23 12:30:00,5.183,5.227,5.175,5.22,9819.8
2024-08-23 13:00:00,5.22,5.249,5.204,5.249,11070.0
2024-08-23 13:30:00,5.249,5.26,5.22,5.251,41090.3
2024-08-23 14:00:00,5.251,5.462,5.245,5.336,128453.6
2024-08-23 14:30:00,5.336,5.347,5.214,5.276,61510.3
2024-08-23 15:00:00,5.276,5.323,5.25,5.313,25030.2
2024-08-23 15:30:00,5.313,5.362,5.309,5.338,25042.0
2024-08-23 16:00:00,5.338,5.37,5.324,5.361,14859.6
2024-08-23 16:30:00,5.361,5.405,5.342,5.401,37987.2
2024-08-23 17:00:00,5.401,5.415,5.377,5.381,49739.2
2024-08-23 17:30:00,5.381,5.636,5.373,5.624,101526.8
2024-08-23 18:00:00,5.624,5.765,5.585,5.671,135730.0
2024-08-23 18:30:00,5.671,5.686,5.534,5.551,66693.3
2024-08-23 19:00:00,5.551,5.684,5.535,5.647,62974.7
2024-08-23 19:30:00,5.647,5.651,5.584,5.617,22172.7
2024-08-23 20:00:00,5.617,5.694,5.615,5.665,12187.5
2024-08-23 20:30:00,5.665,5.687,5.636,5.672,7791.6
2024-08-23 21:00:00,5.672,5.723,5.65,5.673,20339.0
2024-08-23 21:30:00,5.673,5.687,5.635,5.682,18019.8
2024-08-23 22:00:00,5.682,5.704,5.636,5.669,25578.6
2024-08-23 22:30:00,5.669,5.721,5.618,5.638,25154.8
2024-08-23 23:00:00,5.638,5.666,5.602,5.612,7708.7
2024-08-23 23:30:00,5.612,5.624,5.576,5.593,8880.8
2024-08-24 00:00:00,5.593,5.652,5.561,5.568,14713.0
2024-08-24 00:30:00,5.568,5.618,5.543,5.583,26837.2
2024-08-24 01:00:00,5.583,5.584,5.473,5.478,35260.1
2024-08-24 01:30:00,5.478,5.525,5.44,5.52,22932.9
2024-08-24 02:00:00,5.52,5.55,5.505,5.516,9964.3
2024-08-24 02:30:00,5.516,5.553,5.504,5.551,7153.9
2024-08-24 03:00:00,5.551,5.553,5.508,5.529,6380.9
2024-08-24 03:30:00,5.529,5.539,5.515,5.524,8872.5
2024-08-24 04:00:00,5.524,5.53,5.488,5.515,7283.4
2024-08-24 04:30:00,5.515,5.53,5.507,5.513,6900.7
2024-08-24 05:00:00,5.513,5.58,5.507,5.578,11236.1
2024-08-24 05:30:00,5.578,5.594,5.563,5.577,13253.6
2024-08-24 06:00:00,5.577,5.594,5.56,5.583,10977.5
2024-08-24 06:30:00,5.583,5.626,5.57,5.582,10692.9
2024-08-24 07:00:00,5.582,5.627,5.578,5.621,16007.8
2024-08-24 07:30:00,5.621,5.684,5.619,5.682,18713.8
2024-08-24 08:00:00,5.682,5.719,5.664,5.713,31818.1
2024-08-24 08:30:00,5.713,5.878,5.695,5.874,97416.3
2024-08-24 09:00:00,5.874,5.874,5.822,5.867,44963.1
2024-08-24 09:30:00,5.867,5.884,5.831,5.863,22664.8
2024-08-24 10:00:00,5.863,5.904,5.844,5.889,14257.8
2024-08-24 10:30:00,5.889,5.898,5.852,5.86,26536.6
2024-08-24 11:00:00,5.86,5.88,5.802,5.806,26968.1
2024-08-24 11:30:00,5.806,5.813,5.74,5.748,39419.0
2024-08-24 12:00:00,5.748,5.875,5.738,5.87,28184.0
2024-08-24 12:30:00,5.87,6.011,5.814,5.987,88194.7
2024-08-24 13:00:00,5.987,6.127,5.96,6.119,78268.1
2024-08-24 13:30:00,6.119,6.208,6.106,6.158,123306.5
2024-08-24 14:00:00,6.158,6.303,6.137,6.281,117002.6
2024-08-24 14:30:00,6.281,6.295,6.146,6.164,102523.8
2024-08-24 15:00:00,6.164,6.237,6.125,6.19,56998.9
2024-08-24 15:30:00,6.19,6.257,6.172,6.181,53509.8
2024-08-24 16:00:00,6.181,6.285,6.176,6.267,42784.4
2024-08-24 16:30:00,6.267,6.296,6.199,6.287,40809.6
2024-08-24 17:00:00,6.287,6.294,6.227,6.238,42502.5
2024-08-24 17:30:00,6.238,6.31,6.202,6.226,74460.3
2024-08-24 18:00:00,6.226,6.355,6.2,6.342,48420.7
2024-08-24 18:30:00,6.342,6.376,6.25,6.282,58333.8
2024-08-24 19:00:00,6.282,6.341,6.279,6.339,28342.5
2024-08-24 19:30:00,6.339,6.346,6.268,6.272,27262.6
2024-08-24 20:00:00,6.272,6.352,6.272,6.307,12361.9
2024-08-24 20:30:00,6.307,6.317,6.205,6.208,46017.8
2024-08-24 21:00:00,6.208,6.218,6.122,6.153,50329.6
2024-08-24 21:30:00,6.153,6.18,6.112,6.126,55625.3
2024-08-24 22:00:00,6.126,6.163,6.112,6.136,28727.0
2024-08-24 22:30:00,6.136,6.201,6.136,6.162,12822.5
2024-08-24 23:00:00,6.162,6.193,6.159,6.177,9329.7
2024-08-24 23:30:00,6.177,6.213,6.156,6.201,23527.2
2024-08-25 00:00:00,6.201,6.22,6.163,6.21,27781.9
2024-08-25 00:30:00,6.21,6.212,6.109,6.131,33200.8
2024-08-25 01:00:00,6.131,6.18,6.117,6.117,31288.5
2024-08-25 01:30:00,6.117,6.127,6.082,6.095,46391.0
2024-08-25 02:00:00,6.095,6.234,6.095,6.211,52807.3
2024-08-25 02:30:00,6.211,6.295,6.209,6.275,51071.6
2024-08-25 03:00:00,6.275,6.306,6.206,6.225,70168.3
2024-08-25 03:30:00,6.225,6.226,6.156,6.202,55317.0
2024-08-25 04:00:00,6.202,6.211,6.116,6.193,29406.2
2024-08-25 04:30:00,6.193,6.245,6.168,6.23,15332.4
2024-08-25 05:00:00,6.23,6.287,6.202,6.28,35406.4
2024-08-25 05:30:00,6.28,6.346,6.211,6.25,115299.8
2024-08-25 06:00:00,6.25,6.252,6.191,6.204,35068.6
2024-08-25 06:30:00,6.204,6.286,6.192,6.214,83615.4
2024-08-25 07:00:00,6.214,6.232,6.142,6.168,139912.7
2024-08-25 07:30:00,6.168,6.174,6.116,6.162,64543.7
2024-08-25 08:00:00,6.162,6.178,6.098,6.175,38340.7
2024-08-25 08:30:00,6.175,6.179,6.141,6.152,13557.6
2024-08-25 09:00:00,6.152,6.166,6.111,6.161,19082.0
2024-08-25 09:30:00,6.161,6.204,6.14,6.158,49517.4
2024-08-25 10:00:00,6.158,6.167,6.135,6.159,34594.7
2024-08-25 10:30:00,6.159,6.172,6.13,6.146,21392.2
2024-08-25 11:00:00,6.146,6.179,6.143,6.164,24447.1
2024-08-25 11:30:00,6.164,6.178,6.143,6.149,14345.9
2024-08-25 12:00:00,6.149,6.179,6.144,6.149,10508.8
2024-08-25 12:30:00,6.149,6.178,6.147,6.178,7069.1
2024-08-25 13:00:00,6.178,6.342,6.173,6.277,93133.4
2024-08-25 13:30:00,6.277,6.33,6.235,6.299,60473.5
2024-08-25 14:00:00,6.299,6.363,6.27,6.273,46541.3
2024-08-25 14:30:00,6.273,6.396,6.263,6.351,98967.8
2024-08-25 15:00:00,6.351,6.493,6.315,6.445,100908.8
2024-08-25 15:30:00,6.445,6.448,6.221,6.287,84707.9
2024-08-25 16:00:00,6.287,6.341,6.226,6.251,90587.0
2024-08-25 16:30:00,6.251,6.274,6.182,6.217,46601.3
2024-08-25 17:00:00,6.217,6.267,6.192,6.201,23944.1
2024-08-25 17:30:00,6.201,6.29,6.19,6.288,25294.7
2024-08-25 18:00:00,6.288,6.304,6.223,6.229,24993.9
2024-08-25 18:30:00,6.229,6.327,6.219,6.313,35533.7
2024-08-25 19:00:00,6.313,6.34,6.273,6.318,57787.8
2024-08-25 19:30:00,6.318,6.339,6.287,6.317,30595.4
2024-08-25 20:00:00,6.317,6.341,6.251,6.284,42270.4
2024-08-25 20:30:00,6.284,6.312,6.267,6.274,13468.8
2024-08-25 21:00:00,6.274,6.333,6.271,6.333,26823.0
2024-08-25 21:30:00,6.333,6.419,6.309,6.413,82260.1
2024-08-25 22:00:00,6.413,6.468,6.363,6.388,43405.9
2024-08-25 22:30:00,6.388,6.435,6.342,6.433,32459.4
2024-08-25 23:00:00,6.433,6.455,6.368,6.429,56889.3
2024-08-25 23:30:00,6.429,6.438,6.308,6.318,51337.2
2024-08-26 00:00:00,6.318,6.368,6.284,6.359,43878.0
2024-08-26 00:30:00,6.359,6.397,6.268,6.341,70207.1
2024-08-26 01:00:00,6.341,6.357,6.299,6.35,23437.5
2024-08-26 01:30:00,6.35,6.35,6.213,6.232,60356.2
2024-08-26 02:00:00,6.232,6.238,6.168,6.221,54091.9
2024-08-26 02:30:00,6.221,6.309,6.221,6.308,18895.8
2024-08-26 03:00:00,6.308,6.324,6.297,6.308,7849.8
2024-08-26 03:30:00,6.308,6.35,6.298,6.342,8192.6
2024-08-26 04:00:00,6.342,6.422,6.34,6.395,21522.5
2024-08-26 04:30:00,6.395,6.401,6.347,6.373,15561.7
2024-08-26 05:00:00,6.373,6.392,6.315,6.316,38915.1
2024-08-26 05:30:00,6.316,6.353,6.316,6.329,7291.3
2024-08-26 06:00:00,6.329,6.349,6.239,6.266,41823.4
2024-08-26 06:30:00,6.266,6.304,6.258,6.268,17367.6
2024-08-26 07:00:00,6.268,6.279,6.21,6.251,36589.6
2024-08-26 07:30:00,6.251,6.267,6.203,6.209,9491.9
2024-08-26 08:00:00,6.209,6.306,6.18,6.298,36317.3
2024-08-26 08:30:00,6.298,6.321,6.268,6.279,31973.4
2024-08-26 09:00:00,6.279,6.283,6.218,6.242,20863.3
2024-08-26 09:30:00,6.242,6.307,6.211,6.301,13749.1
2024-08-26 10:00:00,6.301,6.363,6.289,6.304,45053.1
2024-08-26 10:30:00,6.304,6.317,6.239,6.249,38602.8
2024-08-26 11:00:00,6.249,6.295,6.242,6.264,37140.9
2024-08-26 11:30:00,6.264,6.295,6.252,6.265,13363.0
2024-08-26 12:00:00,6.265,6.295,6.249,6.258,44308.2
2024-08-26 12:30:00,6.258,6.26,6.182,6.219,90618.7
2024-08-26 13:00:00,6.219,6.267,6.175,6.246,46610.2
2024-08-26 13:30:00,6.246,6.249,6.154,6.203,65919.0
2024-08-26 14:00:00,6.203,6.25,6.11,6.129,85284.1
2024-08-26 14:30:00,6.129,6.146,6.11,6.134,45186.5
2024-08-26 15:00:00,6.134,6.137,5.958,6.021,126084.6
2024-08-26 15:30:00,6.021,6.063,5.991,6.021,32742.0
2024-08-26 16:00:00,6.021,6.077,5.974,6.067,58851.4
2024-08-26 16:30:00,6.067,6.147,6.051,6.134,47754.1
2024-08-26 17:00:00,6.134,6.134,6.103,6.115,28452.6
2024-08-26 17:30:00,6.115,6.125,6.023,6.068,98117.5
2024-08-26 18:00:00,6.068,6.081,5.991,6.069,27726.4
2024-08-26 18:30:00,6.069,6.162,6.069,6.118,31913.0
2024-08-26 19:00:00,6.118,6.126,6.028,6.044,28242.4
2024-08-26 19:30:00,6.044,6.061,6.018,6.043,23448.2
2024-08-26 20:00:00,6.043,6.092,6.016,6.089,38722.3
2024-08-26 20:30:00,6.089,6.174,6.083,6.112,68422.1
2024-08-26 21:00:00,6.112,6.161,6.092,6.104,46054.4
2024-08-26 21:30:00,6.104,6.168,6.096,6.142,20831.4
2024-08-26 22:00:00,6.142,6.221,6.142,6.148,67527.6
2024-08-26 22:30:00,6.148,6.195,6.137,6.167,35666.1
2024-08-26 23:00:00,6.167,6.248,6.151,6.183,41402.3
2024-08-26 23:30:00,6.183,6.2,6.132,6.16,21207.0
2024-08-27 00:00:00,6.16,6.26,6.153,6.248,41369.2
2024-08-27 00:30:00,6.248,6.301,6.211,6.234,42242.9
2024-08-27 01:00:00,6.234,6.327,6.229,6.31,40410.0
2024-08-27 01:30:00,6.31,6.35,6.276,6.319,16026.6
2024-08-27 02:00:00,6.319,6.382,6.3,6.359,22781.2
2024-08-27 02:30:00,6.359,6.37,6.257,6.299,29404.2
2024-08-27 03:00:00,6.299,6.299,6.223,6.267,21779.4
2024-08-27 03:30:00,6.267,6.349,6.267,6.338,17348.3
2024-08-27 04:00:00,6.338,6.374,6.308,6.314,21273.4
2024-08-27 04:30:00,6.314,6.38,6.303,6.329,28782.2
2024-08-27 05:00:00,6.329,6.43,6.306,6.425,35172.0
2024-08-27 05:30:00,6.425,6.578,6.413,6.572,48148.7
2024-08-27 06:00:00,6.572,6.578,6.367,6.373,78511.8
2024-08-27 06:30:00,6.373,6.373,6.125,6.155,125436.1
2024-08-27 07:00:00,6.155,6.238,6.15,6.227,65974.0
2024-08-27 07:30:00,6.227,6.248,6.129,6.141,52849.7
2024-08-27 08:00:00,6.141,6.186,6.055,6.093,43149.9
2024-08-27 08:30:00,6.093,6.141,6.03,6.125,36262.4
2024-08-27 09:00:00,6.125,6.176,6.062,6.137,34900.3
2024-08-27 09:30:00,6.137,6.144,6.055,6.082,21176.3
2024-08-27 10:00:00,6.082,6.082,5.995,6.024,54895.6
2024-08-27 10:30:00,6.024,6.065,5.99,6.053,39817.5
2024-08-27 11:00:00,6.053,6.135,6.033,6.126,28645.4
2024-08-27 11:30:00,6.126,6.128,6.074,6.09,17561.5
2024-08-27 12:00:00,6.09,6.12,6.036,6.078,28945.7
2024-08-27 12:30:00,6.078,6.108,6.013,6.094,28097.5
2024-08-27 13:00:00,6.094,6.113,6.026,6.102,16569.9
2024-08-27 13:30:00,6.102,6.113,6.032,6.032,19909.2
2024-08-27 14:00:00,6.032,6.036,5.904,6.001,95565.5
2024-08-27 14:30:00,6.001,6.04,5.92,5.956,52430.2
2024-08-27 15:00:00,5.956,6.042,5.919,6.0,39405.9
2024-08-27 15:30:00,6.0,6.003,5.942,5.971,31670.3
2024-08-27 16:00:00,5.971,6.083,5.937,6.034,49594.9
2024-08-27 16:30:00,6.034,6.034,5.853,5.86,45876.9
2024-08-27 17:00:00,5.86,5.897,5.823,5.861,79278.4
2024-08-27 17:30:00,5.861,5.901,5.826,5.901,20718.2
2024-08-27 18:00:00,5.901,6.007,5.895,5.996,38120.1
2024-08-27 18:30:00,5.996,6.041,5.989,6.03,38016.1
2024-08-27 19:00:00,6.03,6.065,6.023,6.04,51449.3
2024-08-27 19:30:00,6.04,6.04,5.969,6.004,40502.5
2024-08-27 20:00:00,6.004,6.008,5.951,5.999,24658.8
2024-08-27 20:30:00,5.999,6.001,5.951,5.959,21072.6
2024-08-27 21:00:00,5.959,5.992,5.859,5.866,48859.7
2024-08-27 21:30:00,5.866,5.885,5.716,5.788,118394.9
2024-08-27 22:00:00,5.788,5.788,5.561,5.656,124717.3
2024-08-27 22:30:00,5.656,5.746,5.588,5.737,69893.5
2024-08-27 23:00:00,5.737,5.768,5.683,5.734,89769.1
2024-08-27 23:30:00,5.734,5.746,5.696,5.714,29927.7
2024-08-28 00:00:00,5.714,5.718,5.627,5.646,27265.7
2024-08-28 00:30:00,5.646,5.709,5.633,5.651,10406.5
2024-08-28 01:00:00,5.651,5.655,5.575,5.583,44581.6
2024-08-28 01:30:00,5.583,5.694,5.58,5.689,24195.9
2024-08-28 02:00:00,5.689,5.736,5.668,5.703,19411.8
2024-08-28 02:30:00,5.703,5.73,5.659,5.716,9245.5
2024-08-28 03:00:00,5.716,5.828,5.695,5.808,31647.6
2024-08-28 03:30:00,5.808,5.907,5.806,5.899,16603.4
2024-08-28 04:00:00,5.899,5.97,5.893,5.945,24303.6
2024-08-28 04:30:00,5.945,5.959,5.822,5.831,17327.6
2024-08-28 05:00:00,5.831,5.904,5.818,5.863,16131.2
2024-08-28 05:30:00,5.863,5.902,5.834,5.842,12210.6
2024-08-28 06:00:00,5.842,5.887,5.822,5.837,11288.9
2024-08-28 06:30:00,5.837,5.846,5.799,5.804,9774.7
2024-08-28 07:00:00,5.804,5.84,5.786,5.811,22419.5
2024-08-28 07:30:00,5.811,5.827,5.628,5.642,57816.4
2024-08-28 08:00:00,5.642,5.824,5.597,5.81,54555.7
2024-08-28 08:30:00,5.81,5.829,5.746,5.769,34724.3
2024-08-28 09:00:00,5.769,5.814,5.713,5.804,25230.3
2024-08-28 09:30:00,5.804,5.97,5.804,5.932,38829.1
2024-08-28 10:00:00,5.932,5.956,5.808,5.956,54375.5
2024-08-28 10:30:00,5.956,5.995,5.895,5.995,53920.2
2024-08-28 11:00:00,5.995,6.144,5.995,6.079,62455.3
2024-08-28 11:30:00,6.079,6.116,6.014,6.085,38690.1
2024-08-28 12:00:00,6.085,6.126,6.035,6.099,58147.9
2024-08-28 12:30:00,6.099,6.115,6.02,6.037,51600.4
2024-08-28 13:00:00,6.037,6.059,5.965,6.006,48352.3
2024-08-28 13:30:00,6.006,6.016,5.852,5.863,41717.8
2024-08-28 14:00:00,5.863,5.994,5.843,5.919,88500.8
2024-08-28 14:30:00,5.919,5.945,5.776,5.851,54765.7
2024-08-28 15:00:00,5.851,5.851,5.663,5.725,126780.4
2024-08-28 15:30:00,5.725,5.736,5.666,5.729,47490.7
2024-08-28 16:00:00,5.729,5.731,5.581,5.659,49922.9
2024-08-28 16:30:00,5.659,5.881,5.593,5.879,50929.3
2024-08-28 17:00:00,5.879,5.945,5.816,5.896,83948.0
2024-08-28 17:30:00,5.896,5.934,5.831,5.839,26453.3
2024-08-28 18:00:00,5.839,5.902,5.801,5.814,79391.3
2024-08-28 18:30:00,5.814,5.915,5.783,5.863,55609.3
2024-08-28 19:00:00,5.863,5.975,5.841,5.887,52778.3
2024-08-28 19:30:00,5.887,5.907,5.783,5.802,57616.1
2024-08-28 20:00:00,5.802,5.992,5.511,5.625,266051.8
2024-08-28 20:30:00,5.625,5.715,5.511,5.667,172299.2
2024-08-28 21:00:00,5.667,5.726,5.554,5.671,103131.3
2024-08-28 21:30:00,5.671,5.745,5.559,5.582,55934.8
2024-08-28 22:00:00,5.582,5.622,5.501,5.503,81332.6
2024-08-28 22:30:00,5.503,5.507,5.433,5.486,131893.5
2024-08-28 23:00:00,5.486,5.522,5.462,5.52,42506.0
2024-08-28 23:30:00,5.52,5.595,5.508,5.516,24043.0
2024-08-29 00:00:00,5.516,5.59,5.511,5.535,20513.8
2024-08-29 00:30:00,5.535,5.675,5.469,5.667,112822.3
2024-08-29 01:00:00,5.667,5.677,5.541,5.568,56256.9
2024-08-29 01:30:00,5.568,5.579,5.516,5.558,21122.1
2024-08-29 02:00:00,5.558,5.635,5.558,5.612,41312.9
2024-08-29 02:30:00,5.612,5.641,5.592,5.633,7924.5
2024-08-29 03:00:00,5.633,5.662,5.622,5.658,15343.3
2024-08-29 03:30:00,5.658,5.721,5.623,5.628,21878.3
2024-08-29 04:00:00,5.628,5.642,5.603,5.641,9022.8
2024-08-29 04:30:00,5.641,5.641,5.576,5.596,22818.7
2024-08-29 05:00:00,5.596,5.641,5.565,5.579,20697.6
2024-08-29 05:30:00,5.579,5.651,5.572,5.643,17905.5
2024-08-29 06:00:00,5.643,5.675,5.611,5.642,28573.7
2024-08-29 06:30:00,5.642,5.697,5.63,5.63,11646.0
2024-08-29 07:00:00,5.63,5.674,5.58,5.593,23809.9
2024-08-29 07:30:00,5.593,5.673,5.593,5.6,15891.7
2024-08-29 08:00:00,5.6,5.618,5.565,5.603,21581.4
2024-08-29 08:30:00,5.603,5.616,5.569,5.579,8590.0
2024-08-29 09:00:00,5.579,5.595,5.562,5.595,14741.2
2024-08-29 09:30:00,5.595,5.596,5.54,5.553,11805.7
2024-08-29 10:00:00,5.553,5.579,5.544,5.56,9978.8
2024-08-29 10:30:00,5.56,5.575,5.528,5.537,10407.2
2024-08-29 11:00:00,5.537,5.634,5.518,5.627,14764.0
2024-08-29 11:30:00,5.627,5.703,5.627,5.634,74880.0
2024-08-29 12:00:00,5.634,5.729,5.613,5.712,41453.1
2024-08-29 12:30:00,5.712,5.809,5.623,5.674,178843.3
2024-08-29 13:00:00,5.674,5.717,5.665,5.675,38698.9
2024-08-29 13:30:00,5.675,5.745,5.664,5.745,32836.1
2024-08-29 14:00:00,5.745,5.805,5.657,5.679,70098.3
2024-08-29 14:30:00,5.679,5.721,5.669,5.684,14971.5
2024-08-29 15:00:00,5.684,5.721,5.672,5.708,13032.2
2024-08-29 15:30:00,5.708,5.761,5.659,5.678,41934.3
2024-08-29 16:00:00,5.678,5.699,5.563,5.583,60091.8
2024-08-29 16:30:00,5.583,5.608,5.534,5.56,23321.6
2024-08-29 17:00:00,5.56,5.578,5.494,5.554,21357.6
2024-08-29 17:30:00,5.554,5.599,5.554,5.585,13501.2
2024-08-29 18:00:00,5.585,5.588,5.414,5.438,67829.8
2024-08-29 18:30:00,5.438,5.443,5.284,5.315,62549.4
2024-08-29 19:00:00,5.315,5.37,5.256,5.361,40350.2
2024-08-29 19:30:00,5.361,5.406,5.31,5.323,32995.8
2024-08-29 20:00:00,5.323,5.362,5.298,5.314,18475.4
2024-08-29 20:30:00,5.314,5.327,5.262,5.276,30906.8
2024-08-29 21:00:00,5.276,5.299,5.226,5.26,92176.7
2024-08-29 21:30:00,5.26,5.287,5.218,5.226,30425.0
2024-08-29 22:00:00,5.226,5.272,5.166,5.251,35991.0
2024-08-29 22:30:00,5.251,5.28,5.237,5.253,17785.9
2024-08-29 23:00:00,5.253,5.263,5.213,5.216,11236.9
2024-08-29 23:30:00,5.216,5.253,5.206,5.246,10166.5
2024-08-30 00:00:00,5.246,5.276,5.212,5.276,9546.6
2024-08-30 00:30:00,5.276,5.316,5.231,5.24,13501.3
2024-08-30 01:00:00,5.24,5.258,5.196,5.199,23237.8
2024-08-30 01:30:00,5.199,5.246,5.185,5.237,10252.2
2024-08-30 02:00:00,5.237,5.253,5.192,5.216,7945.7
2024-08-30 02:30:00,5.216,5.238,5.208,5.222,8464.7
2024-08-30 03:00:00,5.222,5.222,5.194,5.196,9914.8
2024-08-30 03:30:00,5.196,5.2,5.157,5.169,49474.5
2024-08-30 04:00:00,5.169,5.22,5.167,5.187,18153.6
2024-08-30 04:30:00,5.187,5.214,5.184,5.194,8148.3
2024-08-30 05:00:00,5.194,5.195,5.138,5.176,28661.7
2024-08-30 05:30:00,5.176,5.229,5.176,5.181,18102.4
2024-08-30 06:00:00,5.181,5.221,5.166,5.208,9104.2
2024-08-30 06:30:00,5.208,5.266,5.206,5.262,12376.4
2024-08-30 07:00:00,5.262,5.3,5.248,5.28,25555.4
2024-08-30 07:30:00,5.28,5.281,5.212,5.222,23700.2
2024-08-30 08:00:00,5.222,5.264,5.218,5.262,13478.7
2024-08-30 08:30:00,5.262,5.281,5.226,5.25,8894.6
2024-08-30 09:00:00,5.25,5.268,5.228,5.25,7305.5
2024-08-30 09:30:00,5.25,5.276,5.234,5.256,8904.0
2024-08-30 10:00:00,5.256,5.269,5.237,5.243,12508.0
2024-08-30 10:30:00,5.243,5.259,5.206,5.22,28693.6
2024-08-30 11:00:00,5.22,5.239,5.207,5.235,8666.0
2024-08-30 11:30:00,5.235,5.241,5.186,5.19,43328.6
2024-08-30 12:00:00,5.19,5.243,5.185,5.217,26030.1
2024-08-30 12:30:00,5.217,5.268,5.199,5.207,30557.5
2024-08-30 13:00:00,5.207,5.247,5.18,5.221,14569.7
2024-08-30 13:30:00,5.221,5.256,5.125,5.243,98520.7
2024-08-30 14:00:00,5.243,5.28,5.159,5.194,66413.9
2024-08-30 14:30:00,5.194,5.198,5.05,5.059,103440.2
2024-08-30 15:00:00,5.059,5.081,4.958,4.966,88495.6
2024-08-30 15:30:00,4.966,4.986,4.884,4.929,66542.8
2024-08-30 16:00:00,4.929,5.013,4.907,4.977,37902.5
2024-08-30 16:30:00,4.977,5.061,4.952,5.04,45344.0
2024-08-30 17:00:00,5.04,5.088,5.024,5.079,34231.5
2024-08-30 17:30:00,5.079,5.107,5.043,5.08,18436.5
2024-08-30 18:00:00,5.08,5.203,5.075,5.203,17043.6
2024-08-30 18:30:00,5.203,5.233,5.166,5.187,43814.4
2024-08-30 19:00:00,5.187,5.192,5.129,5.167,18153.8
2024-08-30 19:30:00,5.167,5.182,5.143,5.148,12294.9
2024-08-30 20:00:00,5.148,5.195,5.148,5.177,18640.1
2024-08-30 20:30:00,5.177,5.205,5.161,5.202,14637.1
2024-08-30 21:00:00,5.202,5.23,5.183,5.211,8768.5
2024-08-30 21:30:00,5.211,5.233,5.202,5.209,17080.0
2024-08-30 22:00:00,5.209,5.249,5.193,5.226,15587.9
2024-08-30 22:30:00,5.226,5.234,5.208,5.219,6310.1
2024-08-30 23:00:00,5.219,5.268,5.216,5.265,16601.0
2024-08-30 23:30:00,5.265,5.276,5.221,5.234,10809.7
2024-08-31 00:00:00,5.234,5.287,5.22,5.262,8409.5
2024-08-31 00:30:00,5.262,5.283,5.228,5.235,11395.7
2024-08-31 01:00:00,5.235,5.279,5.218,5.277,13751.8
2024-08-31 01:30:00,5.277,5.336,5.273,5.301,22495.7
2024-08-31 02:00:00,5.301,5.313,5.275,5.299,8199.7
2024-08-31 02:30:00,5.299,5.307,5.239,5.247,25618.1
2024-08-31 03:00:00,5.247,5.267,5.238,5.265,9778.7
2024-08-31 03:30:00,5.265,5.282,5.249,5.252,11751.8
2024-08-31 04:00:00,5.252,5.269,5.238,5.266,19937.3
2024-08-31 04:30:00,5.266,5.282,5.253,5.253,7689.2
2024-08-31 05:00:00,5.253,5.253,5.212,5.213,6987.3
2024-08-31 05:30:00,5.213,5.241,5.201,5.205,7931.7
2024-08-31 06:00:00,5.205,5.24,5.198,5.234,6770.9
2024-08-31 06:30:00,5.234,5.241,5.198,5.206,12779.2
2024-08-31 07:00:00,5.206,5.221,5.185,5.187,10748.1
2024-08-31 07:30:00,5.187,5.208,5.18,5.181,7439.6
2024-08-31 08:00:00,5.181,5.201,5.178,5.184,8777.4
2024-08-31 08:30:00,5.184,5.184,5.101,5.101,19522.3
2024-08-31 09:00:00,5.101,5.149,5.099,5.126,12029.3
2024-08-31 09:30:00,5.126,5.127,5.103,5.111,11406.8
2024-08-31 10:00:00,5.111,5.151,5.105,5.13,16981.7
2024-08-31 10:30:00,5.13,5.17,5.129,5.154,8307.1
2024-08-31 11:00:00,5.154,5.159,5.132,5.133,7892.9
2024-08-31 11:30:00,5.133,5.143,5.093,5.11,20904.7
2024-08-31 12:00:00,5.11,5.111,5.075,5.1,19264.1
2024-08-31 12:30:00,5.1,5.106,5.089,5.092,6130.1
2024-08-31 13:00:00,5.092,5.111,5.085,5.106,10126.1
2024-08-31 13:30:00,5.106,5.116,5.045,5.047,27194.2
2024-08-31 14:00:00,5.047,5.079,5.042,5.063,19218.2
2024-08-31 14:30:00,5.063,5.076,5.024,5.049,44656.5
2024-08-31 15:00:00,5.049,5.07,5.032,5.032,10711.7
2024-08-31 15:30:00,5.032,5.087,5.031,5.083,11077.1
2024-08-31 16:00:00,5.083,5.085,5.057,5.067,9341.4
2024-08-31 16:30:00,5.067,5.083,5.012,5.037,10089.4
2024-08-31 17:00:00,5.037,5.039,4.997,5.007,13388.4
2024-08-31 17:30:00,5.007,5.018,4.966,5.004,12232.6
2024-08-31 18:00:00,5.004,5.036,4.993,5.03,17480.3
2024-08-31 18:30:00,5.03,5.052,4.985,4.989,15147.5
2024-08-31 19:00:00,4.989,4.999,4.971,4.973,12166.6
2024-08-31 19:30:00,4.973,4.984,4.962,4.97,11884.5
2024-08-31 20:00:00,4.97,4.978,4.954,4.958,6081.3
2024-08-31 20:30:00,4.958,4.987,4.953,4.985,12991.7
2024-08-31 21:00:00,4.985,4.99,4.96,4.979,8200.0
2024-08-31 21:30:00,4.979,5.054,4.978,5.017,14215.1
2024-08-31 22:00:00,5.017,5.039,5.0,5.018,8070.3
2024-08-31 22:30:00,5.018,5.033,5.007,5.016,9195.8
2024-08-31 23:00:00,5.016,5.016,4.975,4.995,7103.9
2024-08-31 23:30:00,4.995,5.003,4.986,4.992,5907.1
2024-09-01 00:00:00,4.992,5.014,4.965,4.975,10351.6
2024-09-01 00:30:00,4.975,4.999,4.962,4.985,10866.7
2024-09-01 01:00:00,4.985,5.001,4.968,4.985,8608.3
2024-09-01 01:30:00,4.985,4.985,4.934,4.936,17175.8
2024-09-01 02:00:00,4.936,4.941,4.904,4.924,9777.1
2024-09-01 02:30:00,4.924,4.956,4.924,4.952,11310.4
2024-09-01 03:00:00,4.952,4.981,4.938,4.975,5079.8
2024-09-01 03:30:00,4.975,4.977,4.951,4.964,11865.2
2024-09-01 04:00:00,4.964,4.979,4.948,4.977,14659.3
2024-09-01 04:30:00,4.977,4.989,4.956,4.962,7830.9
2024-09-01 05:00:00,4.962,5.048,4.949,4.971,31236.7
2024-09-01 05:30:00,4.971,4.987,4.917,4.932,29566.6
2024-09-01 06:00:00,4.932,5.026,4.931,5.019,15471.1
2024-09-01 06:30:00,5.019,5.055,4.994,5.049,17921.1
2024-09-01 07:00:00,5.049,5.055,5.026,5.048,9033.0
2024-09-01 07:30:00,5.048,5.098,5.045,5.093,11512.1
2024-09-01 08:00:00,5.093,5.139,5.072,5.086,20928.1
2024-09-01 08:30:00,5.086,5.087,5.018,5.027,12192.2
2024-09-01 09:00:00,5.027,5.062,5.012,5.045,30281.4
2024-09-01 09:30:00,5.045,5.081,5.02,5.027,18427.9
2024-09-01 10:00:00,5.027,5.035,4.964,4.994,61132.2
2024-09-01 10:30:00,4.994,5.018,4.972,4.98,22405.8
2024-09-01 11:00:00,4.98,5.016,4.968,4.999,22685.3
2024-09-01 11:30:00,4.999,5.016,4.982,5.003,15410.4
2024-09-01 12:00:00,5.003,5.043,4.961,4.983,73355.2
2024-09-01 12:30:00,4.983,5.004,4.95,4.961,6320.5
2024-09-01 13:00:00,4.961,4.997,4.955,4.957,22583.6
2024-09-01 13:30:00,4.957,4.992,4.89,4.99,30546.8
2024-09-01 14:00:00,4.99,4.992,4.859,4.894,55055.5
2024-09-01 14:30:00,4.894,4.979,4.894,4.935,26841.1
2024-09-01 15:00:00,4.935,4.972,4.918,4.936,15809.9
2024-09-01 15:30:00,4.936,5.086,4.922,5.053,59213.8
2024-09-01 16:00:00,5.053,5.103,5.025,5.03,24631.6
2024-09-01 16:30:00,5.03,5.046,4.983,4.99,21498.2
2024-09-01 17:00:00,4.99,5.014,4.939,4.951,18290.2
2024-09-01 17:30:00,4.951,4.962,4.914,4.962,15556.1
2024-09-01 18:00:00,4.962,5.105,4.937,5.071,45025.4
2024-09-01 18:30:00,5.071,5.107,5.031,5.079,30638.2
2024-09-01 19:00:00,5.079,5.133,5.062,5.068,35471.4
2024-09-01 19:30:00,5.068,5.114,5.048,5.111,11642.0
2024-09-01 20:00:00,5.111,5.16,5.095,5.121,28263.4
2024-09-01 20:30:00,5.121,5.124,5.056,5.075,18171.4
2024-09-01 21:00:00,5.075,5.08,5.0,5.01,26821.6
2024-09-01 21:30:00,5.01,5.058,4.993,5.047,17769.6
2024-09-01 22:00:00,5.047,5.058,4.917,4.938,41069.6
2024-09-01 22:30:00,4.938,4.938,4.787,4.827,53170.4
2024-09-01 23:00:00,4.827,4.888,4.816,4.846,50695.1
2024-09-01 23:30:00,4.846,4.87,4.821,4.821,9460.9
2024-09-02 00:00:00,4.821,4.842,4.772,4.823,27348.1
2024-09-02 00:30:00,4.823,4.883,4.79,4.847,16784.3
2024-09-02 01:00:00,4.847,4.908,4.836,4.878,11355.4
2024-09-02 01:30:00,4.878,4.913,4.869,4.905,17344.8
2024-09-02 02:00:00,4.905,4.957,4.894,4.9,7915.7
2024-09-02 02:30:00,4.9,4.905,4.857,4.882,6462.2
2024-09-02 03:00:00,4.882,4.926,4.882,4.892,5974.7
2024-09-02 03:30:00,4.892,4.917,4.875,4.909,11489.5
2024-09-02 04:00:00,4.909,4.922,4.871,4.882,9627.7
2024-09-02 04:30:00,4.882,4.891,4.826,4.831,17095.7
2024-09-02 05:00:00,4.831,4.864,4.831,4.862,5269.8
2024-09-02 05:30:00,4.862,4.938,4.833,4.905,11955.6
2024-09-02 06:00:00,4.905,4.927,4.861,4.863,12742.6
2024-09-02 06:30:00,4.863,4.888,4.855,4.863,10541.3
2024-09-02 07:00:00,4.863,4.885,4.823,4.826,17872.2
2024-09-02 07:30:00,4.826,4.845,4.781,4.804,22699.5
2024-09-02 08:00:00,4.804,4.932,4.801,4.915,101077.5
2024-09-02 08:30:00,4.915,4.949,4.885,4.886,23067.4
2024-09-02 09:00:00,4.886,4.906,4.869,4.901,17904.8
2024-09-02 09:30:00,4.901,5.009,4.882,4.997,35213.8
2024-09-02 10:00:00,4.997,5.062,4.975,5.053,25310.4
2024-09-02 10:30:00,5.053,5.074,5.019,5.054,38475.9
2024-09-02 11:00:00,5.054,5.057,4.994,5.041,23767.4
2024-09-02 11:30:00,5.041,5.047,4.982,4.991,9495.0
2024-09-02 12:00:00,4.991,5.032,4.985,5.009,22376.6
2024-09-02 12:30:00,5.009,5.011,4.963,4.985,36204.6
2024-09-02 13:00:00,4.985,5.006,4.958,4.968,8820.2
2024-09-02 13:30:00,4.968,4.974,4.919,4.923,10252.9
2024-09-02 14:00:00,4.923,4.952,4.884,4.943,48072.3
2024-09-02 14:30:00,4.943,5.017,4.941,4.972,40753.2
2024-09-02 15:00:00,4.972,5.013,4.959,4.964,23632.3
2024-09-02 15:30:00,4.964,5.017,4.964,4.984,12173.8
2024-09-02 16:00:00,4.984,5.046,4.984,4.995,5800.7
2024-09-02 16:30:00,4.995,5.011,4.936,4.948,15144.7
2024-09-02 17:00:00,4.948,4.999,4.946,4.999,23430.6
2024-09-02 17:30:00,4.999,5.014,4.975,5.005,16771.4
2024-09-02 18:00:00,5.005,5.018,4.976,4.986,10659.0
2024-09-02 18:30:00,4.986,4.996,4.949,4.98,10757.9
2024-09-02 19:00:00,4.98,4.993,4.957,4.981,6299.3
2024-09-02 19:30:00,4.981,4.991,4.965,4.978,8155.9
2024-09-02 20:00:00,4.978,5.011,4.967,4.994,9199.4
2024-09-02 20:30:00,4.994,5.148,4.986,5.114,26851.1
2024-09-02 21:00:00,5.114,5.158,5.065,5.096,29112.5
2024-09-02 21:30:00,5.096,5.105,5.049,5.077,8693.6
2024-09-02 22:00:00,5.077,5.105,5.066,5.1,8504.9
2024-09-02 22:30:00,5.1,5.121,5.079,5.109,10099.2
2024-09-02 23:00:00,5.109,5.121,5.081,5.1,32030.0
2024-09-02 23:30:00,5.1,5.116,5.077,5.088,9763.3
2024-09-03 00:00:00,5.088,5.099,5.063,5.089,18553.1
2024-09-03 00:30:00,5.089,5.115,5.065,5.112,7328.6
2024-09-03 01:00:00,5.112,5.141,5.085,5.095,29222.5
2024-09-03 01:30:00,5.095,5.13,5.079,5.127,8746.3
2024-09-03 02:00:00,5.127,5.196,5.104,5.173,17555.4
2024-09-03 02:30:00,5.173,5.199,5.12,5.121,15852.8
2024-09-03 03:00:00,5.121,5.139,5.094,5.105,11610.5
2024-09-03 03:30:00,5.105,5.121,5.096,5.104,7051.2
2024-09-03 04:00:00,5.104,5.111,5.059,5.065,9622.0
2024-09-03 04:30:00,5.065,5.1,5.056,5.071,6319.4
2024-09-03 05:00:00,5.071,5.106,5.048,5.106,4760.7
2024-09-03 05:30:00,5.106,5.111,5.081,5.104,4891.0
2024-09-03 06:00:00,5.104,5.104,5.033,5.049,10491.4
2024-09-03 06:30:00,5.049,5.061,5.012,5.023,26676.2
2024-09-03 07:00:00,5.023,5.052,5.021,5.041,13503.9
2024-09-03 07:30:00,5.041,5.081,5.037,5.065,6712.1
2024-09-03 08:00:00,5.065,5.074,5.046,5.058,7726.2
2024-09-03 08:30:00,5.058,5.058,4.979,4.997,10804.7
2024-09-03 09:00:00,4.997,5.027,4.992,4.994,9812.6
2024-09-03 09:30:00,4.994,5.009,4.988,4.994,9158.4
2024-09-03 10:00:00,4.994,5.047,4.984,5.038,10717.9
2024-09-03 10:30:00,5.038,5.046,4.983,5.007,10106.7
2024-09-03 11:00:00,5.007,5.035,5.0,5.025,8600.1
2024-09-03 11:30:00,5.025,5.035,5.003,5.02,18107.6
2024-09-03 12:00:00,5.02,5.049,5.01,5.038,25387.9
2024-09-03 12:30:00,5.038,5.062,5.027,5.03,12543.3
2024-09-03 13:00:00,5.03,5.066,5.009,5.011,60519.0
2024-09-03 13:30:00,5.011,5.011,4.874,4.908,49800.5
2024-09-03 14:00:00,4.908,4.908,4.833,4.867,26903.1
2024-09-03 14:30:00,4.867,4.876,4.817,4.82,16270.5
2024-09-03 15:00:00,4.82,4.847,4.789,4.804,16214.0
2024-09-03 15:30:00,4.804,4.817,4.769,4.778,29411.0
2024-09-03 16:00:00,4.778,4.826,4.768,4.793,14721.9
2024-09-03 16:30:00,4.793,4.82,4.787,4.804,11374.1
2024-09-03 17:00:00,4.804,4.834,4.799,4.823,16349.3
2024-09-03 17:30:00,4.823,4.826,4.783,4.784,10710.8
2024-09-03 18:00:00,4.784,4.799,4.752,4.791,14113.5
2024-09-03 18:30:00,4.791,4.818,4.787,4.805,14699.4
2024-09-03 19:00:00,4.805,4.846,4.8,4.81,17090.0
2024-09-03 19:30:00,4.81,4.819,4.793,4.807,9036.3
2024-09-03 20:00:00,4.807,4.83,4.776,4.816,73101.3
2024-09-03 20:30:00,4.816,4.83,4.784,4.808,10445.6
2024-09-03 21:00:00,4.808,4.821,4.786,4.787,20525.1
2024-09-03 21:30:00,4.787,4.815,4.785,4.806,12380.8
2024-09-03 22:00:00,4.806,4.813,4.782,4.798,6742.1
2024-09-03 22:30:00,4.798,4.808,4.772,4.775,8239.4
2024-09-03 23:00:00,4.775,4.786,4.74,4.745,20575.7
2024-09-03 23:30:00,4.745,4.755,4.699,4.704,16180.1
2024-09-04 00:00:00,4.704,4.777,4.7,4.742,15634.7
2024-09-04 00:30:00,4.742,4.764,4.64,4.65,35394.1
2024-09-04 01:00:00,4.65,4.67,4.523,4.666,98713.7
2024-09-04 01:30:00,4.666,4.762,4.663,4.76,32437.2
2024-09-04 02:00:00,4.76,4.765,4.701,4.743,11561.5
2024-09-04 02:30:00,4.743,4.783,4.738,4.763,6935.1
2024-09-04 03:00:00,4.763,4.805,4.752,4.801,11806.3
2024-09-04 03:30:00,4.801,4.802,4.77,4.784,9583.9
2024-09-04 04:00:00,4.784,4.803,4.771,4.773,6995.3
2024-09-04 04:30:00,4.773,4.803,4.772,4.798,6646.6
2024-09-04 05:00:00,4.798,4.805,4.758,4.761,12217.6
2024-09-04 05:30:00,4.761,4.767,4.718,4.73,20437.8
2024-09-04 06:00:00,4.73,4.804,4.73,4.8,10349.7
2024-09-04 06:30:00,4.8,4.801,4.768,4.773,10711.7
2024-09-04 07:00:00,4.773,4.828,4.768,4.796,10731.9
2024-09-04 07:30:00,4.796,4.859,4.796,4.834,16843.4
2024-09-04 08:00:00,4.834,4.845,4.82,4.829,7226.4
2024-09-04 08:30:00,4.829,4.834,4.803,4.822,7841.7
2024-09-04 09:00:00,4.822,4.834,4.788,4.811,14742.4
2024-09-04 09:30:00,4.811,4.822,4.776,4.778,11383.9
2024-09-04 10:00:00,4.778,4.807,4.765,4.802,7080.8
2024-09-04 10:30:00,4.802,4.809,4.735,4.741,13251.8
2024-09-04 11:00:00,4.741,4.777,4.738,4.768,12254.4
2024-09-04 11:30:00,4.768,4.791,4.758,4.769,21078.9
2024-09-04 12:00:00,4.769,4.787,4.737,4.758,10771.7
2024-09-04 12:30:00,4.758,4.786,4.738,4.746,8338.7
2024-09-04 13:00:00,4.746,4.76,4.722,4.73,9282.9
2024-09-04 13:30:00,4.73,4.771,4.723,4.748,13774.9
2024-09-04 14:00:00,4.748,4.815,4.721,4.765,24678.2
2024-09-04 14:30:00,4.765,4.925,4.758,4.908,40028.4
2024-09-04 15:00:00,4.908,4.964,4.893,4.904,44072.6
2024-09-04 15:30:00,4.904,5.007,4.882,4.981,23759.5
2024-09-04 16:00:00,4.981,5.022,4.965,5.006,11831.4
2024-09-04 16:30:00,5.006,5.054,4.973,4.987,38891.5
2024-09-04 17:00:00,4.987,5.002,4.918,4.92,13156.5
2024-09-04 17:30:00,4.92,4.941,4.895,4.899,20652.9
2024-09-04 18:00:00,4.899,4.912,4.867,4.886,10612.1
2024-09-04 18:30:00,4.886,4.935,4.857,4.872,48205.5
2024-09-04 19:00:00,4.872,4.893,4.867,4.885,20415.4
2024-09-04 19:30:00,4.885,4.902,4.867,4.89,10613.7
2024-09-04 20:00:00,4.89,4.919,4.874,4.892,5147.3
2024-09-04 20:30:00,4.892,4.918,4.892,4.903,14744.8
2024-09-04 21:00:00,4.903,4.912,4.885,4.901,4553.6
2024-09-04 21:30:00,4.901,4.937,4.893,4.925,54925.5
2024-09-04 22:00:00,4.925,4.944,4.905,4.909,11629.1
2024-09-04 22:30:00,4.909,4.932,4.906,4.927,12588.7
2024-09-04 23:00:00,4.927,4.952,4.919,4.927,11669.5
2024-09-04 23:30:00,4.927,4.941,4.903,4.913,4912.8
2024-09-05 00:00:00,4.913,4.96,4.905,4.953,7080.2
2024-09-05 00:30:00,4.953,4.953,4.885,4.886,31721.4
2024-09-05 01:00:00,4.886,4.918,4.88,4.908,12948.5
2024-09-05 01:30:00,4.908,4.954,4.907,4.944,11671.0
2024-09-05 02:00:00,4.944,4.955,4.894,4.906,9671.2
2024-09-05 02:30:00,4.906,4.912,4.864,4.875,59248.2
2024-09-05 03:00:00,4.875,4.875,4.818,4.83,67739.7
2024-09-05 03:30:00,4.83,4.838,4.805,4.816,12240.4
2024-09-05 04:00:00,4.816,4.869,4.809,4.857,26697.0
2024-09-05 04:30:00,4.857,4.897,4.84,4.875,8250.2
2024-09-05 05:00:00,4.875,4.88,4.847,4.876,11912.3
2024-09-05 05:30:00,4.876,4.876,4.827,4.835,9993.2
2024-09-05 06:00:00,4.835,4.849,4.773,4.812,18235.1
2024-09-05 06:30:00,4.812,4.831,4.785,4.825,7852.4
2024-09-05 07:00:00,4.825,4.898,4.819,4.892,16834.1
2024-09-05 07:30:00,4.892,4.904,4.878,4.883,8947.9
2024-09-05 08:00:00,4.883,4.893,4.874,4.878,6343.1
2024-09-05 08:30:00,4.878,4.885,4.833,4.866,20937.9
2024-09-05 09:00:00,4.866,4.866,4.833,4.84,7640.1
2024-09-05 09:30:00,4.84,4.878,4.833,4.85,11270.0
2024-09-05 10:00:00,4.85,4.856,4.817,4.825,14866.0
2024-09-05 10:30:00,4.825,4.851,4.817,4.827,7668.0
2024-09-05 11:00:00,4.827,4.831,4.809,4.819,18101.7
2024-09-05 11:30:00,4.819,4.839,4.811,4.816,16920.5
2024-09-05 12:00:00,4.816,4.842,4.795,4.826,11740.5
2024-09-05 12:30:00,4.826,4.855,4.79,4.823,29781.0
2024-09-05 13:00:00,4.823,4.85,4.821,4.848,11561.6
2024-09-05 13:30:00,4.848,4.895,4.825,4.864,23603.4
2024-09-05 14:00:00,4.864,4.907,4.831,4.853,54780.1
2024-09-05 14:30:00,4.853,4.871,4.775,4.786,36630.1
2024-09-05 15:00:00,4.786,4.818,4.731,4.733,62163.2
2024-09-05 15:30:00,4.733,4.884,4.708,4.759,143559.3
2024-09-05 16:00:00,4.759,4.799,4.743,4.752,77546.6
2024-09-05 16:30:00,4.752,4.785,4.727,4.763,17003.6
2024-09-05 17:00:00,4.763,4.777,4.737,4.75,7705.5
2024-09-05 17:30:00,4.75,4.778,4.733,4.777,8270.8
2024-09-05 18:00:00,4.777,4.787,4.756,4.77,8575.6
2024-09-05 18:30:00,4.77,4.778,4.752,4.756,5585.1
2024-09-05 19:00:00,4.756,4.762,4.683,4.72,44667.4
2024-09-05 19:30:00,4.72,4.723,4.647,4.668,56036.6
2024-09-05 20:00:00,4.668,4.687,4.66,4.68,10547.2
2024-09-05 20:30:00,4.68,4.699,4.66,4.669,8245.8
2024-09-05 21:00:00,4.669,4.702,4.66,4.696,6019.7
2024-09-05 21:30:00,4.696,4.717,4.657,4.716,13698.7
2024-09-05 22:00:00,4.716,4.731,4.626,4.664,15386.5
2024-09-05 22:30:00,4.664,4.701,4.661,4.687,21018.8
2024-09-05 23:00:00,4.687,4.698,4.661,4.671,6329.9
2024-09-05 23:30:00,4.671,4.694,4.661,4.675,7846.1
2024-09-06 00:00:00,4.675,4.697,4.67,4.687,10092.9
2024-09-06 00:30:00,4.687,4.698,4.656,4.69,12129.9
2024-09-06 01:00:00,4.69,4.692,4.655,4.678,8135.7
2024-09-06 01:30:00,4.678,4.74,4.678,4.708,20695.2
2024-09-06 02:00:00,4.708,4.749,4.7,4.747,10408.1
2024-09-06 02:30:00,4.747,4.772,4.742,4.755,16017.2
2024-09-06 03:00:00,4.755,4.779,4.749,4.774,9128.1
2024-09-06 03:30:00,4.774,4.78,4.753,4.756,17665.0
2024-09-06 04:00:00,4.756,4.772,4.748,4.76,12818.9
2024-09-06 04:30:00,4.76,4.772,4.74,4.745,11112.4
2024-09-06 05:00:00,4.745,4.755,4.691,4.697,13746.0
2024-09-06 05:30:00,4.697,4.757,4.692,4.737,35888.5
2024-09-06 06:00:00,4.737,4.744,4.722,4.726,6779.3
2024-09-06 06:30:00,4.726,4.754,4.724,4.753,7173.1
2024-09-06 07:00:00,4.753,4.756,4.633,4.682,25099.3
2024-09-06 07:30:00,4.682,4.705,4.656,4.693,12386.0
2024-09-06 08:00:00,4.693,4.722,4.691,4.705,11328.0
2024-09-06 08:30:00,4.705,4.714,4.671,4.681,6019.4
2024-09-06 09:00:00,4.681,4.693,4.664,4.678,7994.5
2024-09-06 09:30:00,4.678,4.703,4.673,4.691,16415.8
2024-09-06 10:00:00,4.691,4.714,4.677,4.704,12368.5
2024-09-06 10:30:00,4.704,4.719,4.685,4.688,11103.1
2024-09-06 11:00:00,4.688,4.708,4.675,4.678,10470.8
2024-09-06 11:30:00,4.678,4.713,4.678,4.707,9144.8
2024-09-06 12:00:00,4.707,4.746,4.692,4.725,18858.8
2024-09-06 12:30:00,4.725,4.932,4.721,4.913,117797.8
2024-09-06 13:00:00,4.913,4.93,4.863,4.883,77937.1
2024-09-06 13:30:00,4.883,4.908,4.767,4.777,103802.6
2024-09-06 14:00:00,4.777,4.795,4.692,4.703,93766.6
2024-09-06 14:30:00,4.703,4.75,4.691,4.727,29902.3
2024-09-06 15:00:00,4.727,4.766,4.64,4.705,62229.3
2024-09-06 15:30:00,4.705,4.75,4.702,4.724,36932.8
2024-09-06 16:00:00,4.724,4.736,4.682,4.718,24891.9
2024-09-06 16:30:00,4.718,4.718,4.637,4.675,37559.8
2024-09-06 17:00:00,4.675,4.729,4.661,4.709,19422.2
2024-09-06 17:30:00,4.709,4.709,4.641,4.674,33322.5
2024-09-06 18:00:00,4.674,4.68,4.63,4.635,13749.1
2024-09-06 18:30:00,4.635,4.655,4.588,4.588,42793.8
2024-09-06 19:00:00,4.588,4.634,4.583,4.605,15101.2
2024-09-06 19:30:00,4.605,4.65,4.569,4.609,61224.0
2024-09-06 20:00:00,4.609,4.634,4.587,4.611,34182.9
2024-09-06 20:30:00,4.611,4.613,4.479,4.496,102531.1
2024-09-06 21:00:00,4.496,4.575,4.44,4.573,48849.9
2024-09-06 21:30:00,4.573,4.617,4.562,4.617,23680.4
2024-09-06 22:00:00,4.617,4.653,4.595,4.65,14572.1
2024-09-06 22:30:00,4.65,4.669,4.627,4.633,9157.5
2024-09-06 23:00:00,4.633,4.667,4.627,4.654,14614.5
2024-09-06 23:30:00,4.654,4.683,4.645,4.677,9451.3
2024-09-07 00:00:00,4.677,4.705,4.67,4.704,10539.4
2024-09-07 00:30:00,4.704,4.748,4.695,4.719,14335.1
2024-09-07 01:00:00,4.719,4.745,4.704,4.711,10156.2
2024-09-07 01:30:00,4.711,4.713,4.672,4.692,13317.4
2024-09-07 02:00:00,4.692,4.726,4.677,4.713,15400.6
2024-09-07 02:30:00,4.713,4.744,4.708,4.718,4839.6
2024-09-07 03:00:00,4.718,4.732,4.711,4.73,12487.0
2024-09-07 03:30:00,4.73,4.738,4.702,4.706,13671.6
2024-09-07 04:00:00,4.706,4.73,4.703,4.723,8188.2
2024-09-07 04:30:00,4.723,4.759,4.719,4.759,13944.1
2024-09-07 05:00:00,4.759,4.816,4.741,4.762,38928.1
2024-09-07 05:30:00,4.762,4.803,4.761,4.799,10285.5
2024-09-07 06:00:00,4.799,4.825,4.792,4.825,11878.3
2024-09-07 06:30:00,4.825,4.827,4.802,4.808,5511.9
2024-09-07 07:00:00,4.808,4.828,4.791,4.821,29361.9
2024-09-07 07:30:00,4.821,4.84,4.81,4.821,13640.4
2024-09-07 08:00:00,4.821,4.829,4.788,4.82,18790.8
2024-09-07 08:30:00,4.82,4.836,4.8,4.816,9946.6
2024-09-07 09:00:00,4.816,4.822,4.773,4.777,10955.1
2024-09-07 09:30:00,4.777,4.79,4.768,4.778,6346.1
2024-09-07 10:00:00,4.778,4.806,4.778,4.8,12048.4
2024-09-07 10:30:00,4.8,4.817,4.792,4.794,5299.0
2024-09-07 11:00:00,4.794,4.807,4.789,4.807,6058.0
2024-09-07 11:30:00,4.807,4.809,4.78,4.792,11387.8
2024-09-07 12:00:00,4.792,4.805,4.789,4.798,4845.1
2024-09-07 12:30:00,4.798,4.835,4.797,4.818,10136.4
2024-09-07 13:00:00,4.818,4.836,4.811,4.826,10994.4
2024-09-07 13:30:00,4.826,4.837,4.788,4.797,18145.7
2024-09-07 14:00:00,4.797,4.812,4.787,4.81,12256.4
2024-09-07 14:30:00,4.81,4.827,4.794,4.825,7589.7
2024-09-07 15:00:00,4.825,4.888,4.822,4.886,16477.0
2024-09-07 15:30:00,4.886,4.886,4.847,4.848,15539.9
2024-09-07 16:00:00,4.848,4.869,4.824,4.825,13863.7
2024-09-07 16:30:00,4.825,4.828,4.789,4.799,25944.3
2024-09-07 17:00:00,4.799,4.816,4.782,4.793,10545.6
2024-09-07 17:30:00,4.793,4.795,4.728,4.739,53835.8
2024-09-07 18:00:00,4.739,4.769,4.713,4.764,25833.7
2024-09-07 18:30:00,4.764,4.784,4.75,4.769,14199.3
2024-09-07 19:00:00,4.769,4.798,4.766,4.787,9450.6
2024-09-07 19:30:00,4.787,4.817,4.773,4.796,15383.3
2024-09-07 20:00:00,4.796,4.796,4.754,4.765,8238.9
2024-09-07 20:30:00,4.765,4.769,4.737,4.737,22284.4
2024-09-07 21:00:00,4.737,4.752,4.714,4.74,28645.6
2024-09-07 21:30:00,4.74,4.742,4.702,4.711,28042.2
2024-09-07 22:00:00,4.711,4.728,4.692,4.699,9786.5
2024-09-07 22:30:00,4.699,4.7,4.678,4.68,16684.7
2024-09-07 23:00:00,4.68,4.711,4.663,4.71,12382.6
2024-09-07 23:30:00,4.71,4.725,4.686,4.715,12733.6
2024-09-08 00:00:00,4.715,4.744,4.711,4.729,6163.6
2024-09-08 00:30:00,4.729,4.746,4.701,4.735,12153.0
2024-09-08 01:00:00,4.735,4.772,4.733,4.751,16065.1
2024-09-08 01:30:00,4.751,4.76,4.74,4.752,7682.3
2024-09-08 02:00:00,4.752,4.778,4.749,4.777,7086.7
2024-09-08 02:30:00,4.777,4.777,4.755,4.773,5216.4
2024-09-08 03:00:00,4.773,4.787,4.76,4.764,7291.6
2024-09-08 03:30:00,4.764,4.783,4.751,4.783,4057.0
2024-09-08 04:00:00,4.783,4.801,4.777,4.795,7055.3
2024-09-08 04:30:00,4.795,4.813,4.777,4.801,8438.0
2024-09-08 05:00:00,4.801,4.806,4.781,4.792,6929.4
2024-09-08 05:30:00,4.792,4.798,4.754,4.757,9925.3
2024-09-08 06:00:00,4.757,4.774,4.756,4.764,9325.9
2024-09-08 06:30:00,4.764,4.769,4.747,4.754,10106.6
2024-09-08 07:00:00,4.754,4.819,4.752,4.788,12548.6
2024-09-08 07:30:00,4.788,4.852,4.785,4.829,21620.8
2024-09-08 08:00:00,4.829,4.842,4.806,4.819,6914.1
2024-09-08 08:30:00,4.819,4.873,4.816,4.867,49704.7
2024-09-08 09:00:00,4.867,4.916,4.857,4.9,31975.7
2024-09-08 09:30:00,4.9,4.906,4.853,4.873,11872.8
2024-09-08 10:00:00,4.873,4.9,4.873,4.891,9275.7
2024-09-08 10:30:00,4.891,4.897,4.875,4.891,8248.4
2024-09-08 11:00:00,4.891,4.898,4.866,4.872,16315.9
2024-09-08 11:30:00,4.872,4.89,4.855,4.862,14860.8
2024-09-08 12:00:00,4.862,4.885,4.827,4.833,11390.5
2024-09-08 12:30:00,4.833,4.85,4.784,4.81,22947.1
2024-09-08 13:00:00,4.81,4.822,4.773,4.822,18607.4
2024-09-08 13:30:00,4.822,4.838,4.802,4.831,8320.2
2024-09-08 14:00:00,4.831,4.837,4.8,4.807,14299.1
2024-09-08 14:30:00,4.807,4.818,4.788,4.789,40468.7
2024-09-08 15:00:00,4.789,4.806,4.76,4.766,13422.5
2024-09-08 15:30:00,4.766,4.792,4.733,4.738,14211.9
2024-09-08 16:00:00,4.738,4.764,4.714,4.747,47222.6
2024-09-08 16:30:00,4.747,4.785,4.742,4.761,9348.2
2024-09-08 17:00:00,4.761,4.808,4.758,4.804,12078.9
2024-09-08 17:30:00,4.804,4.817,4.79,4.811,11354.6
2024-09-08 18:00:00,4.811,4.827,4.794,4.794,18721.7
2024-09-08 18:30:00,4.794,4.813,4.792,4.802,16381.4
2024-09-08 19:00:00,4.802,4.826,4.788,4.806,36619.2
2024-09-08 19:30:00,4.806,4.826,4.802,4.811,10391.7
2024-09-08 20:00:00,4.811,4.816,4.795,4.803,9970.1
2024-09-08 20:30:00,4.803,4.807,4.789,4.802,13966.0
2024-09-08 21:00:00,4.802,4.865,4.802,4.82,14128.2
2024-09-08 21:30:00,4.82,4.848,4.818,4.829,10064.0
2024-09-08 22:00:00,4.829,4.939,4.813,4.931,28712.5
2024-09-08 22:30:00,4.931,4.933,4.825,4.829,50570.7
2024-09-08 23:00:00,4.829,4.879,4.817,4.874,20844.2
2024-09-08 23:30:00,4.874,4.886,4.854,4.87,11554.1
2024-09-09 00:00:00,4.87,4.917,4.866,4.889,9588.1
2024-09-09 00:30:00,4.889,4.91,4.859,4.898,10725.0
2024-09-09 01:00:00,4.898,4.927,4.879,4.888,14853.4
2024-09-09 01:30:00,4.888,4.909,4.852,4.887,4709.7
2024-09-09 02:00:00,4.887,4.887,4.841,4.842,5220.0
2024-09-09 02:30:00,4.842,4.863,4.837,4.862,9469.3
2024-09-09 03:00:00,4.862,4.863,4.804,4.819,19110.3
2024-09-09 03:30:00,4.819,4.848,4.816,4.836,13206.4
2024-09-09 04:00:00,4.836,4.846,4.803,4.81,10727.5
2024-09-09 04:30:00,4.81,4.832,4.805,4.822,10118.1
2024-09-09 05:00:00,4.822,4.836,4.803,4.816,36575.3
2024-09-09 05:30:00,4.816,4.837,4.791,4.799,21644.5
2024-09-09 06:00:00,4.799,4.822,4.795,4.807,15041.9
2024-09-09 06:30:00,4.807,4.835,4.806,4.833,11064.0
2024-09-09 07:00:00,4.833,4.842,4.823,4.839,11123.9
2024-09-09 07:30:00,4.839,4.891,4.835,4.879,8657.1
2024-09-09 08:00:00,4.879,4.917,4.872,4.894,7979.8
2024-09-09 08:30:00,4.894,4.913,4.878,4.91,11767.9
2024-09-09 09:00:00,4.91,4.957,4.907,4.924,21546.0
2024-09-09 09:30:00,4.924,4.949,4.884,4.897,24657.4
2024-09-09 10:00:00,4.897,4.948,4.886,4.948,9648.8
2024-09-09 10:30:00,4.948,4.957,4.938,4.939,17278.5
2024-09-09 11:00:00,4.939,4.945,4.911,4.938,30013.4
2024-09-09 11:30:00,4.938,4.938,4.887,4.898,33221.3
2024-09-09 12:00:00,4.898,4.898,4.843,4.853,27772.6
2024-09-09 12:30:00,4.853,4.914,4.85,4.905,21940.8
2024-09-09 13:00:00,4.905,4.925,4.871,4.907,31881.9
2024-09-09 13:30:00,4.907,4.983,4.884,4.97,17315.2
2024-09-09 14:00:00,4.97,4.97,4.858,4.865,52152.7
2024-09-09 14:30:00,4.865,4.865,4.816,4.822,28286.1
2024-09-09 15:00:00,4.822,4.89,4.82,4.876,41248.5
2024-09-09 15:30:00,4.876,4.902,4.865,4.881,13959.3
2024-09-09 16:00:00,4.881,4.988,4.881,4.964,89919.4
2024-09-09 16:30:00,4.964,5.017,4.924,5.001,91101.4
2024-09-09 17:00:00,5.001,5.042,4.998,5.039,18403.2
2024-09-09 17:30:00,5.039,5.086,5.007,5.04,78145.1
2024-09-09 18:00:00,5.04,5.075,5.029,5.052,16646.9
2024-09-09 18:30:00,5.052,5.073,5.021,5.057,12658.1
2024-09-09 19:00:00,5.057,5.106,5.046,5.099,30457.2
2024-09-09 19:30:00,5.099,5.176,5.099,5.17,39171.0
2024-09-09 20:00:00,5.17,5.173,5.132,5.158,39682.6
2024-09-09 20:30:00,5.158,5.163,5.146,5.152,30033.4
2024-09-09 21:00:00,5.152,5.254,5.146,5.174,89036.1
2024-09-09 21:30:00,5.174,5.209,5.15,5.191,99283.1
2024-09-09 22:00:00,5.191,5.207,5.161,5.171,21196.3
2024-09-09 22:30:00,5.171,5.19,5.151,5.183,9534.2
2024-09-09 23:00:00,5.183,5.19,5.16,5.186,10061.0
2024-09-09 23:30:00,5.186,5.191,5.153,5.162,3470.8
2024-09-10 00:00:00,5.162,5.179,5.076,5.08,32400.8
2024-09-10 00:30:00,5.08,5.12,5.077,5.111,11345.3
2024-09-10 01:00:00,5.111,5.12,5.067,5.073,11750.0
2024-09-10 01:30:00,5.073,5.081,5.03,5.059,43201.2
2024-09-10 02:00:00,5.059,5.059,5.014,5.021,14377.4
2024-09-10 02:30:00,5.021,5.055,5.021,5.046,23678.3
2024-09-10 03:00:00,5.046,5.049,5.018,5.045,11560.4
2024-09-10 03:30:00,5.045,5.047,5.012,5.016,8298.0
2024-09-10 04:00:00,5.016,5.062,5.016,5.05,29746.7
2024-09-10 04:30:00,5.05,5.05,5.0,5.025,33730.5
2024-09-10 05:00:00,5.025,5.098,5.017,5.094,19103.0
2024-09-10 05:30:00,5.094,5.113,5.069,5.113,12610.8
2024-09-10 06:00:00,5.113,5.113,5.058,5.078,14214.8
2024-09-10 06:30:00,5.078,5.096,5.07,5.082,10085.6
2024-09-10 07:00:00,5.082,5.137,5.063,5.126,44979.9
2024-09-10 07:30:00,5.126,5.165,5.118,5.136,16352.3
2024-09-10 08:00:00,5.136,5.172,5.124,5.156,16426.1
2024-09-10 08:30:00,5.156,5.16,5.108,5.116,12131.8
2024-09-10 09:00:00,5.116,5.162,5.094,5.154,16788.6
2024-09-10 09:30:00,5.154,5.2,5.141,5.176,14425.3
2024-09-10 10:00:00,5.176,5.22,5.155,5.215,19273.3
2024-09-10 10:30:00,5.215,5.237,5.199,5.221,25376.6
2024-09-10 11:00:00,5.221,5.24,5.205,5.219,9101.2
2024-09-10 11:30:00,5.219,5.267,5.191,5.252,17205.8
2024-09-10 12:00:00,5.252,5.333,5.249,5.297,156819.6
2024-09-10 12:30:00,5.297,5.331,5.274,5.279,105063.1
2024-09-10 13:00:00,5.279,5.28,5.15,5.163,108522.5
2024-09-10 13:30:00,5.163,5.206,5.151,5.177,17816.4
2024-09-10 14:00:00,5.177,5.229,5.144,5.227,20390.5
2024-09-10 14:30:00,5.227,5.246,5.145,5.18,323558.1
2024-09-10 15:00:00,5.18,5.202,5.153,5.198,27696.3
2024-09-10 15:30:00,5.198,5.223,5.129,5.129,26300.8
2024-09-10 16:00:00,5.129,5.171,5.129,5.149,16744.4
2024-09-10 16:30:00,5.149,5.179,5.14,5.157,12396.3
2024-09-10 17:00:00,5.157,5.234,5.153,5.197,13074.9
2024-09-10 17:30:00,5.197,5.223,5.197,5.208,8929.4
2024-09-10 18:00:00,5.208,5.266,5.208,5.263,42600.4
2024-09-10 18:30:00,5.263,5.309,5.224,5.241,28618.7
2024-09-10 19:00:00,5.241,5.25,5.214,5.244,13085.4
2024-09-10 19:30:00,5.244,5.302,5.239,5.277,17141.8
2024-09-10 20:00:00,5.277,5.32,5.247,5.305,15538.0
2024-09-10 20:30:00,5.305,5.322,5.278,5.28,12412.0
2024-09-10 21:00:00,5.28,5.317,5.262,5.287,33207.3
2024-09-10 21:30:00,5.287,5.292,5.246,5.257,26717.7
2024-09-10 22:00:00,5.257,5.297,5.234,5.25,12363.6
2024-09-10 22:30:00,5.25,5.274,5.245,5.269,7085.7
2024-09-10 23:00:00,5.269,5.292,5.255,5.281,10680.8
2024-09-10 23:30:00,5.281,5.287,5.254,5.264,5592.4
2024-09-11 00:00:00,5.264,5.275,5.226,5.234,14063.0
2024-09-11 00:30:00,5.234,5.288,5.227,5.277,8287.4
2024-09-11 01:00:00,5.277,5.277,5.202,5.202,14619.1
2024-09-11 01:30:00,5.202,5.208,5.115,5.144,55129.9
2024-09-11 02:00:00,5.144,5.191,5.142,5.171,13594.7
2024-09-11 02:30:00,5.171,5.182,5.142,5.151,7066.0
2024-09-11 03:00:00,5.151,5.16,5.114,5.127,14552.3
2024-09-11 03:30:00,5.127,5.148,5.109,5.12,12267.0
2024-09-11 04:00:00,5.12,5.121,5.046,5.08,20302.5
2024-09-11 04:30:00,5.08,5.085,5.02,5.045,20530.4
2024-09-11 05:00:00,5.045,5.047,4.957,4.978,31954.7
2024-09-11 05:30:00,4.978,5.004,4.962,4.991,14340.7
2024-09-11 06:00:00,4.991,5.046,4.979,5.033,9851.7
2024-09-11 06:30:00,5.033,5.057,5.007,5.008,7348.0
2024-09-11 07:00:00,5.008,5.062,5.006,5.054,10412.9
2024-09-11 07:30:00,5.054,5.077,5.038,5.068,39882.1
2024-09-11 08:00:00,5.068,5.101,5.028,5.06,66637.3
2024-09-11 08:30:00,5.06,5.06,5.004,5.011,14493.8
2024-09-11 09:00:00,5.011,5.049,5.002,5.031,14482.5
2024-09-11 09:30:00,5.031,5.051,5.006,5.015,10204.0
2024-09-11 10:00:00,5.015,5.016,4.965,4.986,25692.1
2024-09-11 10:30:00,4.986,5.007,4.961,4.984,34186.1
2024-09-11 11:00:00,4.984,5.022,4.982,5.007,47846.9
2024-09-11 11:30:00,5.007,5.03,5.002,5.013,7841.4
2024-09-11 12:00:00,5.013,5.029,4.972,5.014,24334.9
2024-09-11 12:30:00,5.014,5.049,4.962,5.047,61494.8
2024-09-11 13:00:00,5.047,5.127,5.038,5.085,43018.7
2024-09-11 13:30:00,5.085,5.085,4.906,4.908,59653.4
2024-09-11 14:00:00,4.908,4.923,4.823,4.869,75235.6
2024-09-11 14:30:00,4.869,4.875,4.815,4.875,64980.6
2024-09-11 15:00:00,4.875,4.945,4.858,4.932,42123.5
2024-09-11 15:30:00,4.932,5.028,4.925,4.968,40838.5
2024-09-11 16:00:00,4.968,5.038,4.961,5.015,27633.5
2024-09-11 16:30:00,5.015,5.056,4.996,5.035,14912.3
2024-09-11 17:00:00,5.035,5.09,5.026,5.058,23931.7
2024-09-11 17:30:00,5.058,5.075,5.021,5.052,8549.5
2024-09-11 18:00:00,5.052,5.087,5.047,5.077,8568.1
2024-09-11 18:30:00,5.077,5.081,5.003,5.011,20267.8
2024-09-11 19:00:00,5.011,5.022,4.984,5.016,13900.3
2024-09-11 19:30:00,5.016,5.087,5.012,5.076,10775.8
2024-09-11 20:00:00,5.076,5.112,5.063,5.072,15507.9
2024-09-11 20:30:00,5.072,5.085,5.049,5.061,7520.1
2024-09-11 21:00:00,5.061,5.078,5.031,5.031,5771.4
2024-09-11 21:30:00,5.031,5.048,5.028,5.047,33681.6
2024-09-11 22:00:00,5.047,5.07,5.04,5.059,4046.7
2024-09-11 22:30:00,5.059,5.081,5.052,5.079,3560.2
2024-09-11 23:00:00,5.079,5.086,5.065,5.074,7777.9
2024-09-11 23:30:00,5.074,5.099,5.072,5.084,5300.7
2024-09-12 00:00:00,5.084,5.14,5.083,5.132,27515.9
2024-09-12 00:30:00,5.132,5.175,5.125,5.133,63691.7
2024-09-12 01:00:00,5.133,5.182,5.127,5.181,6086.4
2024-09-12 01:30:00,5.181,5.209,5.154,5.199,18187.5
2024-09-12 02:00:00,5.199,5.243,5.141,5.159,21777.6
2024-09-12 02:30:00,5.159,5.183,5.137,5.153,11264.1
2024-09-12 03:00:00,5.153,5.183,5.145,5.172,11605.7
2024-09-12 03:30:00,5.172,5.192,5.151,5.186,15250.9
2024-09-12 04:00:00,5.186,5.242,5.176,5.233,27929.6
2024-09-12 04:30:00,5.233,5.234,5.17,5.18,17807.4
2024-09-12 05:00:00,5.18,5.183,5.153,5.17,7941.0
2024-09-12 05:30:00,5.17,5.215,5.147,5.191,22703.6
2024-09-12 06:00:00,5.191,5.215,5.18,5.188,9969.4
2024-09-12 06:30:00,5.188,5.2,5.168,5.184,8410.4
2024-09-12 07:00:00,5.184,5.209,5.177,5.203,7302.8
2024-09-12 07:30:00,5.203,5.224,5.191,5.221,10532.3
2024-09-12 08:00:00,5.221,5.278,5.208,5.274,20182.8
2024-09-12 08:30:00,5.274,5.321,5.269,5.282,17265.6
2024-09-12 09:00:00,5.282,5.309,5.255,5.281,15423.2
2024-09-12 09:30:00,5.281,5.314,5.24,5.251,23119.6
2024-09-12 10:00:00,5.251,5.252,5.227,5.231,13926.3
2024-09-12 10:30:00,5.231,5.243,5.211,5.216,17249.4
2024-09-12 11:00:00,5.216,5.276,5.211,5.275,8876.2
2024-09-12 11:30:00,5.275,5.293,5.255,5.261,18233.1
2024-09-12 12:00:00,5.261,5.287,5.237,5.252,13948.6
2024-09-12 12:30:00,5.252,5.252,5.161,5.172,65078.5
2024-09-12 13:00:00,5.172,5.207,5.164,5.207,29288.3
2024-09-12 13:30:00,5.207,5.231,5.136,5.165,26923.1
2024-09-12 14:00:00,5.165,5.26,5.154,5.254,19359.1
2024-09-12 14:30:00,5.254,5.28,5.146,5.146,21712.4
2024-09-12 15:00:00,5.146,5.201,5.134,5.144,18173.4
2024-09-12 15:30:00,5.144,5.154,5.089,5.108,32527.7
2024-09-12 16:00:00,5.108,5.163,5.094,5.141,17832.7
2024-09-12 16:30:00,5.141,5.188,5.116,5.181,16533.2
2024-09-12 17:00:00,5.181,5.21,5.139,5.167,50780.5
2024-09-12 17:30:00,5.167,5.223,5.16,5.218,14584.9
2024-09-12 18:00:00,5.218,5.227,5.186,5.208,32751.9
2024-09-12 18:30:00,5.208,5.227,5.164,5.179,18484.5
2024-09-12 19:00:00,5.179,5.22,5.178,5.207,26944.6
2024-09-12 19:30:00,5.207,5.232,5.199,5.229,22511.6
2024-09-12 20:00:00,5.229,5.231,5.191,5.228,16814.8
2024-09-12 20:30:00,5.228,5.27,5.221,5.232,101319.8
2024-09-12 21:00:00,5.232,5.246,5.167,5.182,25631.1
2024-09-12 21:30:00,5.182,5.223,5.175,5.19,12809.5
2024-09-12 22:00:00,5.19,5.245,5.186,5.244,4830.4
2024-09-12 22:30:00,5.244,5.268,5.234,5.262,8566.8
2024-09-12 23:00:00,5.262,5.263,5.226,5.242,5435.9
2024-09-12 23:30:00,5.242,5.253,5.237,5.242,6646.4
2024-09-13 00:00:00,5.242,5.277,5.22,5.227,16625.9
2024-09-13 00:30:00,5.227,5.25,5.21,5.212,5546.1
2024-09-13 01:00:00,5.212,5.219,5.169,5.199,6531.5
2024-09-13 01:30:00,5.199,5.236,5.192,5.219,11953.5
2024-09-13 02:00:00,5.219,5.228,5.187,5.193,4729.6
2024-09-13 02:30:00,5.193,5.198,5.168,5.168,7422.4
2024-09-13 03:00:00,5.168,5.186,5.167,5.176,5763.0
2024-09-13 03:30:00,5.176,5.178,5.138,5.139,12504.7
2024-09-13 04:00:00,5.139,5.166,5.133,5.164,10333.4
2024-09-13 04:30:00,5.164,5.165,5.115,5.116,12487.0
2024-09-13 05:00:00,5.116,5.138,5.109,5.113,11471.0
2024-09-13 05:30:00,5.113,5.131,5.11,5.122,9751.2
2024-09-13 06:00:00,5.122,5.124,5.09,5.109,8453.0
2024-09-13 06:30:00,5.109,5.112,5.09,5.096,10903.6
2024-09-13 07:00:00,5.096,5.114,5.091,5.107,8420.5
2024-09-13 07:30:00,5.107,5.126,5.067,5.12,16680.4
2024-09-13 08:00:00,5.12,5.126,5.097,5.103,10060.5
2024-09-13 08:30:00,5.103,5.107,5.066,5.069,12700.7
2024-09-13 09:00:00,5.069,5.108,5.062,5.096,11882.8
2024-09-13 09:30:00,5.096,5.11,5.085,5.087,7762.3
2024-09-13 10:00:00,5.087,5.107,5.075,5.09,8517.6
2024-09-13 10:30:00,5.09,5.122,5.09,5.113,24249.8
2024-09-13 11:00:00,5.113,5.115,5.076,5.087,18229.6
2024-09-13 11:30:00,5.087,5.097,5.037,5.046,24179.5
2024-09-13 12:00:00,5.046,5.061,4.997,5.013,65794.9
2024-09-13 12:30:00,5.013,5.049,5.0,5.045,31261.0
2024-09-13 13:00:00,5.045,5.053,5.011,5.013,8084.6
2024-09-13 13:30:00,5.013,5.069,5.008,5.055,17852.8
2024-09-13 14:00:00,5.055,5.091,5.034,5.055,25381.4
2024-09-13 14:30:00,5.055,5.109,5.025,5.09,22277.0
2024-09-13 15:00:00,5.09,5.207,5.087,5.186,30617.8
2024-09-13 15:30:00,5.186,5.248,5.186,5.212,49633.5
2024-09-13 16:00:00,5.212,5.27,5.212,5.257,56202.0
2024-09-13 16:30:00,5.257,5.272,5.188,5.203,28197.2
2024-09-13 17:00:00,5.203,5.242,5.203,5.22,12691.8
2024-09-13 17:30:00,5.22,5.256,5.197,5.199,15608.2
2024-09-13 18:00:00,5.199,5.233,5.181,5.203,19173.0
2024-09-13 18:30:00,5.203,5.238,5.196,5.229,11849.3
2024-09-13 19:00:00,5.229,5.259,5.226,5.259,7260.3
2024-09-13 19:30:00,5.259,5.262,5.19,5.201,21583.5
2024-09-13 20:00:00,5.201,5.233,5.196,5.223,11512.0
2024-09-13 20:30:00,5.223,5.243,5.214,5.228,7143.1
2024-09-13 21:00:00,5.228,5.296,5.228,5.29,23488.2
2024-09-13 21:30:00,5.29,5.313,5.263,5.293,25134.8
2024-09-13 22:00:00,5.293,5.307,5.268,5.271,19097.9
2024-09-13 22:30:00,5.271,5.282,5.246,5.263,7966.5
2024-09-13 23:00:00,5.263,5.269,5.21,5.217,18133.0
2024-09-13 23:30:00,5.217,5.243,5.202,5.233,21310.5
2024-09-14 00:00:00,5.233,5.275,5.232,5.265,85360.9
2024-09-14 00:30:00,5.265,5.282,5.242,5.273,25350.2
2024-09-14 01:00:00,5.273,5.298,5.263,5.297,14261.9
2024-09-14 01:30:00,5.297,5.305,5.274,5.275,19113.3
2024-09-14 02:00:00,5.275,5.309,5.274,5.306,6664.3
2024-09-14 02:30:00,5.306,5.307,5.257,5.261,15394.8
2024-09-14 03:00:00,5.261,5.298,5.26,5.285,14569.3
2024-09-14 03:30:00,5.285,5.31,5.282,5.305,6584.8
2024-09-14 04:00:00,5.305,5.357,5.302,5.344,8779.2
2024-09-14 04:30:00,5.344,5.368,5.339,5.343,13604.9
2024-09-14 05:00:00,5.343,5.381,5.315,5.317,20442.2
2024-09-14 05:30:00,5.317,5.343,5.306,5.311,8332.9
2024-09-14 06:00:00,5.311,5.342,5.299,5.322,14897.8
2024-09-14 06:30:00,5.322,5.34,5.295,5.326,8219.1
2024-09-14 07:00:00,5.326,5.329,5.296,5.311,8865.8
2024-09-14 07:30:00,5.311,5.33,5.299,5.309,6758.7
2024-09-14 08:00:00,5.309,5.319,5.274,5.282,7016.1
2024-09-14 08:30:00,5.282,5.294,5.238,5.26,14235.7
2024-09-14 09:00:00,5.26,5.287,5.251,5.254,8847.2
2024-09-14 09:30:00,5.254,5.278,5.232,5.273,6918.8
2024-09-14 10:00:00,5.273,5.273,5.231,5.244,10910.4
2024-09-14 10:30:00,5.244,5.245,5.212,5.222,10500.0
2024-09-14 11:00:00,5.222,5.225,5.194,5.21,13916.2
2024-09-14 11:30:00,5.21,5.228,5.177,5.209,18003.9
2024-09-14 12:00:00,5.209,5.25,5.194,5.249,9237.6
2024-09-14 12:30:00,5.249,5.26,5.232,5.256,7703.7
2024-09-14 13:00:00,5.256,5.341,5.251,5.291,31348.0
2024-09-14 13:30:00,5.291,5.293,5.266,5.285,12328.9
2024-09-14 14:00:00,5.285,5.305,5.25,5.303,9033.5
2024-09-14 14:30:00,5.303,5.333,5.29,5.321,11653.3
2024-09-14 15:00:00,5.321,5.336,5.292,5.304,8037.5
2024-09-14 15:30:00,5.304,5.313,5.291,5.298,6167.0
2024-09-14 16:00:00,5.298,5.333,5.289,5.298,10684.8
2024-09-14 16:30:00,5.298,5.315,5.29,5.302,6731.6
2024-09-14 17:00:00,5.302,5.303,5.264,5.265,12757.2
2024-09-14 17:30:00,5.265,5.269,5.248,5.256,6889.1
2024-09-14 18:00:00,5.256,5.258,5.194,5.222,28906.8
2024-09-14 18:30:00,5.222,5.258,5.222,5.246,5204.4
2024-09-14 19:00:00,5.246,5.25,5.216,5.248,4766.2
2024-09-14 19:30:00,5.248,5.248,5.217,5.218,4111.7
2024-09-14 20:00:00,5.218,5.275,5.213,5.26,7337.6
2024-09-14 20:30:00,5.26,5.266,5.235,5.242,7219.2
2024-09-14 21:00:00,5.242,5.266,5.236,5.258,4656.8
2024-09-14 21:30:00,5.258,5.259,5.222,5.229,7115.9
2024-09-14 22:00:00,5.229,5.239,5.208,5.213,7922.2
2024-09-14 22:30:00,5.213,5.237,5.213,5.227,6855.2
2024-09-14 23:00:00,5.227,5.243,5.222,5.229,6089.3
2024-09-14 23:30:00,5.229,5.241,5.225,5.234,4044.0
2024-09-15 00:00:00,5.234,5.245,5.225,5.244,4022.2
2024-09-15 00:30:00,5.244,5.251,5.22,5.22,6950.5
2024-09-15 01:00:00,5.22,5.265,5.217,5.26,8819.7
2024-09-15 01:30:00,5.26,5.27,5.258,5.267,7643.6
2024-09-15 02:00:00,5.267,5.267,5.206,5.214,16417.8
2024-09-15 02:30:00,5.214,5.256,5.214,5.25,8830.3
2024-09-15 03:00:00,5.25,5.259,5.232,5.236,6190.4
2024-09-15 03:30:00,5.236,5.243,5.227,5.227,4189.7
2024-09-15 04:00:00,5.227,5.238,5.208,5.212,5959.6
2024-09-15 04:30:00,5.212,5.216,5.194,5.195,6075.0
2024-09-15 05:00:00,5.195,5.22,5.184,5.22,11966.9
2024-09-15 05:30:00,5.22,5.22,5.2,5.2,4616.8
2024-09-15 06:00:00,5.2,5.224,5.2,5.212,10592.0
2024-09-15 06:30:00,5.212,5.232,5.209,5.231,15326.7
2024-09-15 07:00:00,5.231,5.233,5.213,5.221,22350.4
2024-09-15 07:30:00,5.221,5.294,5.22,5.25,96061.4
2024-09-15 08:00:00,5.25,5.255,5.206,5.211,24922.6
2024-09-15 08:30:00,5.211,5.23,5.206,5.208,8384.4
2024-09-15 09:00:00,5.208,5.224,5.201,5.206,7579.2
2024-09-15 09:30:00,5.206,5.216,5.196,5.205,10075.7
2024-09-15 10:00:00,5.205,5.212,5.18,5.183,5389.5
2024-09-15 10:30:00,5.183,5.19,5.148,5.166,18835.3
2024-09-15 11:00:00,5.166,5.169,5.136,5.159,30425.6
2024-09-15 11:30:00,5.159,5.175,5.142,5.16,10903.0
2024-09-15 12:00:00,5.16,5.182,5.151,5.178,5030.8
2024-09-15 12:30:00,5.178,5.189,5.171,5.187,5290.6
2024-09-15 13:00:00,5.187,5.224,5.184,5.201,19939.8
2024-09-15 13:30:00,5.201,5.212,5.164,5.171,13046.0
2024-09-15 14:00:00,5.171,5.184,5.121,5.146,17524.6
2024-09-15 14:30:00,5.146,5.173,5.14,5.17,4472.4
2024-09-15 15:00:00,5.17,5.19,5.157,5.182,17728.5
2024-09-15 15:30:00,5.182,5.193,5.172,5.179,6433.6
2024-09-15 16:00:00,5.179,5.183,5.109,5.12,13984.8
2024-09-15 16:30:00,5.12,5.145,5.092,5.093,26990.6
2024-09-15 17:00:00,5.093,5.111,5.064,5.067,21624.8
2024-09-15 17:30:00,5.067,5.068,5.037,5.049,25316.9
2024-09-15 18:00:00,5.049,5.069,5.04,5.067,12348.9
2024-09-15 18:30:00,5.067,5.104,5.042,5.076,15240.6
2024-09-15 19:00:00,5.076,5.11,5.058,5.063,10221.6
2024-09-15 19:30:00,5.063,5.074,5.056,5.056,8380.9
2024-09-15 20:00:00,5.056,5.07,5.03,5.042,26800.7
2024-09-15 20:30:00,5.042,5.071,5.039,5.055,19600.9
2024-09-15 21:00:00,5.055,5.057,4.99,5.008,72541.5
2024-09-15 21:30:00,5.008,5.019,4.99,5.016,7942.7
2024-09-15 22:00:00,5.016,5.016,4.984,4.995,7937.3
2024-09-15 22:30:00,4.995,5.006,4.985,4.992,6979.5
2024-09-15 23:00:00,4.992,4.992,4.893,4.971,71750.1
2024-09-15 23:30:00,4.971,4.973,4.935,4.942,13005.9
2024-09-16 00:00:00,4.942,4.952,4.898,4.924,32893.3
2024-09-16 00:30:00,4.924,4.924,4.887,4.892,15385.8
2024-09-16 01:00:00,4.892,4.901,4.85,4.895,42373.7
2024-09-16 01:30:00,4.895,4.906,4.858,4.872,17417.6
2024-09-16 02:00:00,4.872,4.882,4.858,4.871,10196.1
2024-09-16 02:30:00,4.871,4.883,4.828,4.843,72529.5
2024-09-16 03:00:00,4.843,4.875,4.833,4.866,15022.8
2024-09-16 03:30:00,4.866,4.892,4.861,4.891,7439.5
2024-09-16 04:00:00,4.891,4.902,4.883,4.898,12299.0
2024-09-16 04:30:00,4.898,4.905,4.885,4.889,8307.6
2024-09-16 05:00:00,4.889,4.931,4.886,4.917,11475.0
2024-09-16 05:30:00,4.917,4.949,4.902,4.944,15675.0
2024-09-16 06:00:00,4.944,4.951,4.905,4.906,55849.3
2024-09-16 06:30:00,4.906,4.909,4.876,4.88,17695.3
2024-09-16 07:00:00,4.88,4.927,4.872,4.922,74303.3
2024-09-16 07:30:00,4.922,4.95,4.913,4.943,14284.9
2024-09-16 08:00:00,4.943,4.997,4.93,4.986,12384.3
2024-09-16 08:30:00,4.986,4.987,4.946,4.967,13633.5
2024-09-16 09:00:00,4.967,4.992,4.935,4.944,8813.7
2024-09-16 09:30:00,4.944,4.944,4.888,4.894,10036.0
2024-09-16 10:00:00,4.894,4.909,4.878,4.896,29671.8
2024-09-16 10:30:00,4.896,4.952,4.882,4.925,17211.0
2024-09-16 11:00:00,4.925,4.936,4.912,4.929,21886.8
2024-09-16 11:30:00,4.929,4.937,4.9,4.907,21563.3
2024-09-16 12:00:00,4.907,4.93,4.887,4.895,40354.0
2024-09-16 12:30:00,4.895,4.901,4.843,4.85,27138.8
2024-09-16 13:00:00,4.85,4.88,4.843,4.864,13057.8
2024-09-16 13:30:00,4.864,4.877,4.821,4.877,24237.4
2024-09-16 14:00:00,4.877,4.882,4.76,4.768,32492.0
2024-09-16 14:30:00,4.768,4.801,4.732,4.789,29030.5
2024-09-16 15:00:00,4.789,4.828,4.784,4.827,14915.0
2024-09-16 15:30:00,4.827,4.851,4.791,4.794,11647.5
2024-09-16 16:00:00,4.794,4.831,4.784,4.82,17921.3
2024-09-16 16:30:00,4.82,4.824,4.767,4.769,9941.8
2024-09-16 17:00:00,4.769,4.775,4.715,4.731,24242.8
2024-09-16 17:30:00,4.731,4.804,4.715,4.785,13535.4
2024-09-16 18:00:00,4.785,4.785,4.707,4.719,20380.6
2024-09-16 18:30:00,4.719,4.737,4.702,4.717,9709.6
2024-09-16 19:00:00,4.717,4.724,4.687,4.718,19385.1
2024-09-16 19:30:00,4.718,4.732,4.707,4.711,5264.3
2024-09-16 20:00:00,4.711,4.733,4.701,4.703,28421.2
2024-09-16 20:30:00,4.703,4.716,4.676,4.679,25373.3
2024-09-16 21:00:00,4.679,4.73,4.674,4.717,9752.4
2024-09-16 21:30:00,4.717,4.74,4.705,4.74,11568.0
2024-09-16 22:00:00,4.74,4.74,4.714,4.723,55338.0
2024-09-16 22:30:00,4.723,4.727,4.701,4.715,8269.0
2024-09-16 23:00:00,4.715,4.75,4.713,4.745,9184.2
2024-09-16 23:30:00,4.745,4.763,4.733,4.737,11759.4
2024-09-17 00:00:00,4.737,4.767,4.725,4.753,10419.7
2024-09-17 00:30:00,4.753,4.763,4.692,4.694,13275.8
2024-09-17 01:00:00,4.694,4.718,4.685,4.704,6348.2
2024-09-17 01:30:00,4.704,4.722,4.698,4.708,5328.4
2024-09-17 02:00:00,4.708,4.728,4.705,4.716,9074.7
2024-09-17 02:30:00,4.716,4.731,4.673,4.684,15100.8
2024-09-17 03:00:00,4.684,4.69,4.652,4.674,18936.5
2024-09-17 03:30:00,4.674,4.684,4.662,4.674,8328.9
2024-09-17 04:00:00,4.674,4.712,4.669,4.711,7445.5
2024-09-17 04:30:00,4.711,4.734,4.7,4.728,27999.9
2024-09-17 05:00:00,4.728,4.753,4.719,4.751,15343.1
2024-09-17 05:30:00,4.751,4.813,4.749,4.794,117299.3
2024-09-17 06:00:00,4.794,4.8,4.747,4.753,39769.2
2024-09-17 06:30:00,4.753,4.78,4.75,4.755,38667.4
2024-09-17 07:00:00,4.755,4.765,4.745,4.753,27861.0
2024-09-17 07:30:00,4.753,4.779,4.751,4.771,12335.8
2024-09-17 08:00:00,4.771,4.81,4.761,4.767,41702.7
2024-09-17 08:30:00,4.767,4.798,4.767,4.775,48738.4
2024-09-17 09:00:00,4.775,4.785,4.741,4.744,37830.1
2024-09-17 09:30:00,4.744,4.797,4.733,4.792,36852.4
2024-09-17 10:00:00,4.792,4.825,4.775,4.789,39845.8
2024-09-17 10:30:00,4.789,4.864,4.782,4.843,187581.5
2024-09-17 11:00:00,4.843,4.855,4.793,4.816,23614.5
2024-09-17 11:30:00,4.816,4.839,4.808,4.822,13381.0
2024-09-17 12:00:00,4.822,4.881,4.822,4.866,67833.2
2024-09-17 12:30:00,4.866,4.881,4.839,4.86,21846.0
2024-09-17 13:00:00,4.86,4.881,4.847,4.869,29699.6
2024-09-17 13:30:00,4.869,4.88,4.763,4.778,66110.6
2024-09-17 14:00:00,4.778,4.965,4.774,4.933,265484.6
2024-09-17 14:30:00,4.933,4.933,4.816,4.846,163352.1
2024-09-17 15:00:00,4.846,4.953,4.839,4.922,148133.1
2024-09-17 15:30:00,4.922,4.927,4.849,4.892,47184.3
2024-09-17 16:00:00,4.892,4.925,4.831,4.848,52460.0
2024-09-17 16:30:00,4.848,4.85,4.781,4.8,27159.9
2024-09-17 17:00:00,4.8,4.826,4.736,4.789,95367.4
2024-09-17 17:30:00,4.789,4.811,4.776,4.791,23722.5
2024-09-17 18:00:00,4.791,4.807,4.778,4.793,8587.5
2024-09-17 18:30:00,4.793,4.798,4.743,4.763,35401.1
2024-09-17 19:00:00,4.763,4.785,4.75,4.77,11186.4
2024-09-17 19:30:00,4.77,4.782,4.702,4.753,108546.7
2024-09-17 20:00:00,4.753,4.766,4.734,4.746,18606.6
2024-09-17 20:30:00,4.746,4.762,4.722,4.74,13232.4
2024-09-17 21:00:00,4.74,4.794,4.738,4.787,9604.0
2024-09-17 21:30:00,4.787,4.791,4.774,4.787,8474.1
2024-09-17 22:00:00,4.787,4.787,4.749,4.758,7599.6
2024-09-17 22:30:00,4.758,4.781,4.754,4.768,9553.8
2024-09-17 23:00:00,4.768,4.768,4.742,4.747,10707.5
2024-09-17 23:30:00,4.747,4.767,4.743,4.766,10889.1
2024-09-18 00:00:00,4.766,4.767,4.693,4.7,37500.1
2024-09-18 00:30:00,4.7,4.745,4.679,4.737,18432.2
2024-09-18 01:00:00,4.737,4.738,4.692,4.721,6074.8
2024-09-18 01:30:00,4.721,4.735,4.707,4.724,5340.8
2024-09-18 02:00:00,4.724,4.749,4.715,4.742,9596.7
2024-09-18 02:30:00,4.742,4.776,4.735,4.773,13024.9
2024-09-18 03:00:00,4.773,4.788,4.767,4.785,9352.2
2024-09-18 03:30:00,4.785,4.79,4.768,4.779,17582.1
2024-09-18 04:00:00,4.779,4.786,4.762,4.768,47699.2
2024-09-18 04:30:00,4.768,4.768,4.705,4.723,20052.3
2024-09-18 05:00:00,4.723,4.726,4.697,4.722,20637.4
2024-09-18 05:30:00,4.722,4.738,4.719,4.731,11833.8
2024-09-18 06:00:00,4.731,4.745,4.722,4.741,14635.3
2024-09-18 06:30:00,4.741,4.756,4.728,4.75,14934.2
2024-09-18 07:00:00,4.75,4.769,4.734,4.743,11891.0
2024-09-18 07:30:00,4.743,4.754,4.734,4.74,5382.1
2024-09-18 08:00:00,4.74,4.74,4.692,4.692,20898.8
2024-09-18 08:30:00,4.692,4.707,4.683,4.683,9086.1
2024-09-18 09:00:00,4.683,4.691,4.655,4.676,34066.3
2024-09-18 09:30:00,4.676,4.68,4.619,4.627,56453.7
2024-09-18 10:00:00,4.627,4.647,4.599,4.644,68467.9
2024-09-18 10:30:00,4.644,4.681,4.642,4.678,21471.4
2024-09-18 11:00:00,4.678,4.703,4.672,4.698,16106.6
2024-09-18 11:30:00,4.698,4.708,4.666,4.668,16173.2
2024-09-18 12:00:00,4.668,4.687,4.647,4.687,18111.0
2024-09-18 12:30:00,4.687,4.708,4.686,4.691,17285.4
2024-09-18 13:00:00,4.691,4.721,4.68,4.69,11789.1
2024-09-18 13:30:00,4.69,4.695,4.626,4.646,63169.1
2024-09-18 14:00:00,4.646,4.668,4.629,4.658,19094.0
2024-09-18 14:30:00,4.658,4.681,4.636,4.645,22253.0
2024-09-18 15:00:00,4.645,4.671,4.637,4.653,14531.0
2024-09-18 15:30:00,4.653,4.656,4.605,4.634,19092.3
2024-09-18 16:00:00,4.634,4.661,4.592,4.637,26469.1
2024-09-18 16:30:00,4.637,4.669,4.63,4.662,18667.2
2024-09-18 17:00:00,4.662,4.668,4.624,4.664,40561.0
2024-09-18 17:30:00,4.664,4.726,4.659,4.694,52856.1
2024-09-18 18:00:00,4.694,4.816,4.681,4.76,120911.3
2024-09-18 18:30:00,4.76,4.859,4.747,4.793,63862.3
2024-09-18 19:00:00,4.793,4.799,4.698,4.777,60185.5
2024-09-18 19:30:00,4.777,4.786,4.735,4.74,15596.6
2024-09-18 20:00:00,4.74,4.75,4.685,4.743,27134.2
2024-09-18 20:30:00,4.743,4.808,4.733,4.8,25231.3
2024-09-18 21:00:00,4.8,4.829,4.796,4.819,23597.1
2024-09-18 21:30:00,4.819,4.843,4.809,4.809,22474.5
2024-09-18 22:00:00,4.809,4.853,4.8,4.853,17503.4
2024-09-18 22:30:00,4.853,4.86,4.83,4.848,10738.9
2024-09-18 23:00:00,4.848,4.921,4.848,4.916,24043.1
2024-09-18 23:30:00,4.916,4.993,4.9,4.988,25947.2
2024-09-19 00:00:00,4.988,5.122,4.981,5.099,367054.5
2024-09-19 00:30:00,5.099,5.167,5.062,5.118,98814.4
2024-09-19 01:00:00,5.118,5.128,5.016,5.018,27584.2
2024-09-19 01:30:00,5.018,5.055,4.978,5.051,32307.9
2024-09-19 02:00:00,5.051,5.09,5.032,5.086,13697.4
2024-09-19 02:30:00,5.086,5.125,5.073,5.12,11651.2
2024-09-19 03:00:00,5.12,5.145,5.086,5.14,22545.1
2024-09-19 03:30:00,5.14,5.152,5.106,5.113,14783.6
2024-09-19 04:00:00,5.113,5.122,5.083,5.09,9820.3
2024-09-19 04:30:00,5.09,5.144,5.083,5.133,11383.3
2024-09-19 05:00:00,5.133,5.141,5.114,5.133,11206.2
2024-09-19 05:30:00,5.133,5.141,5.095,5.109,20715.7
2024-09-19 06:00:00,5.109,5.113,5.073,5.092,8429.9
2024-09-19 06:30:00,5.092,5.113,5.087,5.089,9393.1
2024-09-19 07:00:00,5.089,5.127,5.084,5.106,16989.3
2024-09-19 07:30:00,5.106,5.169,5.093,5.149,21999.8
2024-09-19 08:00:00,5.149,5.187,5.129,5.134,102418.7
2024-09-19 08:30:00,5.134,5.142,5.083,5.087,14684.8
2024-09-19 09:00:00,5.087,5.136,5.071,5.11,8369.5
2024-09-19 09:30:00,5.11,5.135,5.1,5.125,15025.6
2024-09-19 10:00:00,5.125,5.176,5.123,5.167,14454.6
2024-09-19 10:30:00,5.167,5.171,5.123,5.126,23302.5
2024-09-19 11:00:00,5.126,5.159,5.121,5.155,37023.6
2024-09-19 11:30:00,5.155,5.166,5.145,5.16,18172.1
2024-09-19 12:00:00,5.16,5.2,5.142,5.142,33020.2
2024-09-19 12:30:00,5.142,5.179,5.124,5.137,16797.9
2024-09-19 13:00:00,5.137,5.194,5.116,5.192,16169.3
2024-09-19 13:30:00,5.192,5.192,5.108,5.156,46445.0
2024-09-19 14:00:00,5.156,5.24,5.151,5.237,49906.6
2024-09-19 14:30:00,5.237,5.248,5.164,5.165,28033.9
2024-09-19 15:00:00,5.165,5.216,5.157,5.206,27980.8
2024-09-19 15:30:00,5.206,5.221,5.191,5.204,13644.2
2024-09-19 16:00:00,5.204,5.266,5.204,5.264,36402.2
2024-09-19 16:30:00,5.264,5.277,5.242,5.25,16274.8
2024-09-19 17:00:00,5.25,5.276,5.214,5.221,15855.3
2024-09-19 17:30:00,5.221,5.259,5.215,5.234,13796.7
2024-09-19 18:00:00,5.234,5.257,5.23,5.233,8894.5
2024-09-19 18:30:00,5.233,5.244,5.209,5.223,12020.0
2024-09-19 19:00:00,5.223,5.223,5.17,5.171,32774.9
2024-09-19 19:30:00,5.171,5.193,5.153,5.164,20699.9
2024-09-19 20:00:00,5.164,5.184,5.159,5.18,22554.9
2024-09-19 20:30:00,5.18,5.198,5.16,5.16,16831.5
2024-09-19 21:00:00,5.16,5.162,5.112,5.114,70213.1
2024-09-19 21:30:00,5.114,5.136,5.082,5.084,28350.5
2024-09-19 22:00:00,5.084,5.103,5.074,5.081,27296.5
2024-09-19 22:30:00,5.081,5.142,5.076,5.135,41076.4
2024-09-19 23:00:00,5.135,5.15,5.115,5.135,13712.3
2024-09-19 23:30:00,5.135,5.142,5.117,5.128,13308.2
2024-09-20 00:00:00,5.128,5.151,5.102,5.104,10463.3
2024-09-20 00:30:00,5.104,5.118,5.082,5.091,15634.8
2024-09-20 01:00:00,5.091,5.099,5.039,5.059,31783.3
2024-09-20 01:30:00,5.059,5.11,5.059,5.099,7937.0
2024-09-20 02:00:00,5.099,5.123,5.071,5.085,10276.8
2024-09-20 02:30:00,5.085,5.133,5.085,5.126,16861.2
2024-09-20 03:00:00,5.126,5.197,5.12,5.197,22437.6
2024-09-20 03:30:00,5.197,5.254,5.194,5.254,50877.0
2024-09-20 04:00:00,5.254,5.323,5.253,5.317,34677.5
2024-09-20 04:30:00,5.317,5.334,5.287,5.328,47695.7
2024-09-20 05:00:00,5.328,5.41,5.328,5.402,31713.9
2024-09-20 05:30:00,5.402,5.406,5.297,5.336,34098.6
2024-09-20 06:00:00,5.336,5.367,5.315,5.346,42577.9
2024-09-20 06:30:00,5.346,5.448,5.331,5.444,30626.5
2024-09-20 07:00:00,5.444,5.444,5.371,5.4,20445.5
2024-09-20 07:30:00,5.4,5.426,5.372,5.409,26399.4
2024-09-20 08:00:00,5.409,5.413,5.337,5.338,29813.4
2024-09-20 08:30:00,5.338,5.399,5.32,5.388,26212.2
2024-09-20 09:00:00,5.388,5.431,5.379,5.412,15147.4
2024-09-20 09:30:00,5.412,5.423,5.381,5.405,26204.4
2024-09-20 10:00:00,5.405,5.426,5.403,5.411,10605.6
2024-09-20 10:30:00,5.411,5.429,5.388,5.405,47304.5
2024-09-20 11:00:00,5.405,5.416,5.33,5.332,32321.8
2024-09-20 11:30:00,5.332,5.338,5.264,5.305,38751.7
2024-09-20 12:00:00,5.305,5.352,5.303,5.338,35775.8
2024-09-20 12:30:00,5.338,5.348,5.305,5.315,34628.3
2024-09-20 13:00:00,5.315,5.319,5.208,5.241,75142.0
2024-09-20 13:30:00,5.241,5.259,5.184,5.209,53954.8
2024-09-20 14:00:00,5.209,5.27,5.174,5.256,65041.9
2024-09-20 14:30:00,5.256,5.291,5.212,5.215,37909.1
2024-09-20 15:00:00,5.215,5.232,5.179,5.212,22316.4
2024-09-20 15:30:00,5.212,5.268,5.202,5.257,19399.4
2024-09-20 16:00:00,5.257,5.282,5.233,5.248,27572.0
2024-09-20 16:30:00,5.248,5.248,5.201,5.229,25921.4
2024-09-20 17:00:00,5.229,5.239,5.178,5.183,28170.8
2024-09-20 17:30:00,5.183,5.198,5.157,5.168,23453.8
2024-09-20 18:00:00,5.168,5.173,5.113,5.144,30030.5
2024-09-20 18:30:00,5.144,5.2,5.136,5.189,21546.1
2024-09-20 19:00:00,5.189,5.206,5.167,5.204,18033.8
2024-09-20 19:30:00,5.204,5.212,5.191,5.191,16365.3
2024-09-20 20:00:00,5.191,5.221,5.191,5.206,9527.5
2024-09-20 20:30:00,5.206,5.232,5.201,5.218,8418.8
2024-09-20 21:00:00,5.218,5.298,5.216,5.276,60536.8
2024-09-20 21:30:00,5.276,5.281,5.245,5.266,20152.0
2024-09-20 22:00:00,5.266,5.309,5.263,5.292,11960.6
2024-09-20 22:30:00,5.292,5.305,5.282,5.295,19444.0
2024-09-20 23:00:00,5.295,5.296,5.266,5.287,6977.8
2024-09-20 23:30:00,5.287,5.297,5.253,5.279,16235.1
2024-09-21 00:00:00,5.279,5.297,5.236,5.282,11652.2
2024-09-21 00:30:00,5.282,5.318,5.248,5.299,20604.5
2024-09-21 01:00:00,5.299,5.329,5.276,5.321,12917.3
2024-09-21 01:30:00,5.321,5.345,5.275,5.275,17122.2
2024-09-21 02:00:00,5.275,5.312,5.274,5.302,8445.4
2024-09-21 02:30:00,5.302,5.31,5.287,5.292,12439.1
2024-09-21 03:00:00,5.292,5.317,5.281,5.283,17718.3
2024-09-21 03:30:00,5.283,5.29,5.243,5.244,13853.7
2024-09-21 04:00:00,5.244,5.256,5.178,5.198,23405.2
2024-09-21 04:30:00,5.198,5.208,5.158,5.2,26091.9
2024-09-21 05:00:00,5.2,5.235,5.181,5.232,16569.0
2024-09-21 05:30:00,5.232,5.246,5.217,5.226,20299.3
2024-09-21 06:00:00,5.226,5.276,5.219,5.275,13170.7
2024-09-21 06:30:00,5.275,5.276,5.235,5.24,8989.5
2024-09-21 07:00:00,5.24,5.263,5.231,5.236,11455.7
2024-09-21 07:30:00,5.236,5.276,5.227,5.259,9015.5
2024-09-21 08:00:00,5.259,5.275,5.252,5.263,10459.8
2024-09-21 08:30:00,5.263,5.267,5.23,5.235,12362.7
2024-09-21 09:00:00,5.235,5.279,5.23,5.279,7611.6
2024-09-21 09:30:00,5.279,5.283,5.247,5.249,10216.6
2024-09-21 10:00:00,5.249,5.249,5.201,5.209,14056.1
2024-09-21 10:30:00,5.209,5.212,5.193,5.197,10676.1
2024-09-21 11:00:00,5.197,5.252,5.197,5.237,9171.1
2024-09-21 11:30:00,5.237,5.261,5.234,5.25,7521.2
2024-09-21 12:00:00,5.25,5.265,5.24,5.24,10176.3
2024-09-21 12:30:00,5.24,5.297,5.24,5.297,13826.4
2024-09-21 13:00:00,5.297,5.315,5.274,5.3,27367.6
2024-09-21 13:30:00,5.3,5.376,5.296,5.363,81933.2
2024-09-21 14:00:00,5.363,5.394,5.342,5.352,32007.1
2024-09-21 14:30:00,5.352,5.396,5.35,5.383,20107.5
2024-09-21 15:00:00,5.383,5.386,5.302,5.349,43279.9
2024-09-21 15:30:00,5.349,5.359,5.321,5.338,12045.6
2024-09-21 16:00:00,5.338,5.376,5.331,5.346,24385.6
2024-09-21 16:30:00,5.346,5.38,5.325,5.376,20224.8
2024-09-21 17:00:00,5.376,5.467,5.365,5.422,43567.6
2024-09-21 17:30:00,5.422,5.497,5.42,5.488,37713.7
2024-09-21 18:00:00,5.488,5.496,5.439,5.478,56279.0
2024-09-21 18:30:00,5.478,5.515,5.466,5.515,32704.9
2024-09-21 19:00:00,5.515,5.544,5.47,5.475,31171.0
2024-09-21 19:30:00,5.475,5.477,5.425,5.436,36440.1
2024-09-21 20:00:00,5.436,5.47,5.433,5.453,12312.8
2024-09-21 20:30:00,5.453,5.493,5.441,5.443,47319.7
2024-09-21 21:00:00,5.443,5.451,5.407,5.413,13375.5
2024-09-21 21:30:00,5.413,5.439,5.412,5.428,30427.5
2024-09-21 22:00:00,5.428,5.47,5.427,5.46,14326.6
2024-09-21 22:30:00,5.46,5.502,5.458,5.501,12497.2
2024-09-21 23:00:00,5.501,5.568,5.492,5.561,34373.8
2024-09-21 23:30:00,5.561,5.637,5.56,5.602,33106.2
2024-09-22 00:00:00,5.602,5.637,5.548,5.561,65232.9
2024-09-22 00:30:00,5.561,5.582,5.531,5.578,36023.4
2024-09-22 01:00:00,5.578,5.604,5.541,5.549,15808.0
2024-09-22 01:30:00,5.549,5.578,5.511,5.515,11313.6
2024-09-22 02:00:00,5.515,5.53,5.464,5.514,53684.9
2024-09-22 02:30:00,5.514,5.519,5.455,5.492,7163.5
2024-09-22 03:00:00,5.492,5.526,5.485,5.513,9946.1
2024-09-22 03:30:00,5.513,5.623,5.51,5.621,91427.2
2024-09-22 04:00:00,5.621,5.736,5.618,5.701,135276.6
2024-09-22 04:30:00,5.701,5.737,5.672,5.699,55657.2
2024-09-22 05:00:00,5.699,5.704,5.613,5.622,42882.3
2024-09-22 05:30:00,5.622,5.649,5.582,5.584,12447.7
2024-09-22 06:00:00,5.584,5.649,5.577,5.649,14315.5
2024-09-22 06:30:00,5.649,5.649,5.534,5.553,31845.7
2024-09-22 07:00:00,5.553,5.617,5.547,5.608,19102.7
2024-09-22 07:30:00,5.608,5.609,5.577,5.591,8855.4
2024-09-22 08:00:00,5.591,5.656,5.58,5.639,15629.1
2024-09-22 08:30:00,5.639,5.677,5.606,5.67,13012.5
2024-09-22 09:00:00,5.67,5.682,5.574,5.582,50370.6
2024-09-22 09:30:00,5.582,5.631,5.552,5.56,19358.3
2024-09-22 10:00:00,5.56,5.603,5.555,5.586,13307.1
2024-09-22 10:30:00,5.586,5.587,5.497,5.549,138369.3
2024-09-22 11:00:00,5.549,5.56,5.494,5.545,17393.3
2024-09-22 11:30:00,5.545,5.572,5.524,5.532,17203.9
2024-09-22 12:00:00,5.532,5.557,5.513,5.52,5380.9
2024-09-22 12:30:00,5.52,5.549,5.489,5.542,11161.2
2024-09-22 13:00:00,5.542,5.581,5.527,5.531,20500.6
2024-09-22 13:30:00,5.531,5.534,5.467,5.484,16585.1
2024-09-22 14:00:00,5.484,5.528,5.429,5.44,23394.1
2024-09-22 14:30:00,5.44,5.466,5.42,5.458,23356.8
2024-09-22 15:00:00,5.458,5.479,5.421,5.441,16916.3
2024-09-22 15:30:00,5.441,5.468,5.426,5.438,14365.0
2024-09-22 16:00:00,5.438,5.451,5.376,5.445,81652.1
2024-09-22 16:30:00,5.445,5.525,5.428,5.483,41677.4
2024-09-22 17:00:00,5.483,5.568,5.481,5.531,116404.3
2024-09-22 17:30:00,5.531,5.575,5.528,5.573,27176.9
2024-09-22 18:00:00,5.573,5.576,5.485,5.538,122206.3
2024-09-22 18:30:00,5.538,5.56,5.522,5.539,67321.7
2024-09-22 19:00:00,5.539,5.549,5.472,5.476,23388.0
2024-09-22 19:30:00,5.476,5.691,5.476,5.648,73672.2
2024-09-22 20:00:00,5.648,5.671,5.599,5.651,81355.4
2024-09-22 20:30:00,5.651,5.661,5.575,5.586,33586.7
2024-09-22 21:00:00,5.586,5.644,5.581,5.609,27988.8
2024-09-22 21:30:00,5.609,5.609,5.453,5.458,147574.7
2024-09-22 22:00:00,5.458,5.503,5.404,5.498,88185.0
2024-09-22 22:30:00,5.498,5.679,5.496,5.66,69118.5
2024-09-22 23:00:00,5.66,5.668,5.601,5.621,16699.9
2024-09-22 23:30:00,5.621,5.646,5.597,5.63,14282.3
2024-09-23 00:00:00,5.63,5.638,5.492,5.615,60154.8
2024-09-23 00:30:00,5.615,5.747,5.59,5.687,51815.6
2024-09-23 01:00:00,5.687,5.807,5.68,5.762,50277.0
2024-09-23 01:30:00,5.762,5.804,5.76,5.772,11941.1
2024-09-23 02:00:00,5.772,5.864,5.747,5.813,36172.4
2024-09-23 02:30:00,5.813,5.862,5.794,5.857,21417.3
2024-09-23 03:00:00,5.857,6.049,5.851,5.998,171970.2
2024-09-23 03:30:00,5.998,6.02,5.942,6.008,53094.6
2024-09-23 04:00:00,6.008,6.063,5.932,5.94,69141.7
2024-09-23 04:30:00,5.94,6.02,5.926,6.015,28867.3
2024-09-23 05:00:00,6.015,6.064,5.969,6.053,35277.2
2024-09-23 05:30:00,6.053,6.087,6.018,6.043,58653.1
2024-09-23 06:00:00,6.043,6.138,6.023,6.138,18725.5
2024-09-23 06:30:00,6.138,6.194,6.122,6.138,48172.8
2024-09-23 07:00:00,6.138,6.141,6.046,6.083,78756.0
2024-09-23 07:30:00,6.083,6.093,6.012,6.081,28147.7
2024-09-23 08:00:00,6.081,6.252,6.052,6.208,121275.0
2024-09-23 08:30:00,6.208,6.236,6.081,6.081,49469.2
2024-09-23 09:00:00,6.081,6.15,6.041,6.145,34034.1
2024-09-23 09:30:00,6.145,6.147,6.089,6.141,26682.4
2024-09-23 10:00:00,6.141,6.189,6.126,6.171,26994.8
2024-09-23 10:30:00,6.171,6.179,6.126,6.136,15865.6
2024-09-23 11:00:00,6.136,6.159,6.013,6.08,31597.7
2024-09-23 11:30:00,6.08,6.099,6.035,6.042,22767.4
2024-09-23 12:00:00,6.042,6.072,5.995,6.069,40083.5
2024-09-23 12:30:00,6.069,6.069,5.993,6.042,18404.2
2024-09-23 13:00:00,6.042,6.113,6.027,6.106,26504.2
2024-09-23 13:30:00,6.106,6.122,6.063,6.113,38485.7
2024-09-23 14:00:00,6.113,6.301,6.109,6.29,185999.2
2024-09-23 14:30:00,6.29,6.298,6.205,6.28,109170.2
2024-09-23 15:00:00,6.28,6.311,6.194,6.271,84333.9
2024-09-23 15:30:00,6.271,6.314,6.253,6.294,33340.1
2024-09-23 16:00:00,6.294,6.309,6.193,6.224,33138.2
2024-09-23 16:30:00,6.224,6.252,6.186,6.191,17804.1
2024-09-23 17:00:00,6.191,6.214,6.103,6.142,45939.7
2024-09-23 17:30:00,6.142,6.195,6.141,6.192,30980.5
2024-09-23 18:00:00,6.192,6.223,6.165,6.172,26859.2
2024-09-23 18:30:00,6.172,6.197,6.164,6.169,12084.5
2024-09-23 19:00:00,6.169,6.219,6.165,6.201,13861.0
2024-09-23 19:30:00,6.201,6.219,6.184,6.196,16962.8
2024-09-23 20:00:00,6.196,6.246,6.196,6.217,24108.6
2024-09-23 20:30:00,6.217,6.223,6.188,6.188,10879.8
2024-09-23 21:00:00,6.188,6.233,6.152,6.179,23481.8
2024-09-23 21:30:00,6.179,6.226,6.176,6.219,9708.7
2024-09-23 22:00:00,6.219,6.219,6.172,6.197,6131.1
2024-09-23 22:30:00,6.197,6.224,6.173,6.197,12151.9
2024-09-23 23:00:00,6.197,6.228,6.17,6.193,14765.7
2024-09-23 23:30:00,6.193,6.259,6.192,6.207,16193.5
2024-09-24 00:00:00,6.207,6.224,6.171,6.212,10678.3
2024-09-24 00:30:00,6.212,6.241,6.138,6.143,32353.7
2024-09-24 01:00:00,6.143,6.156,6.071,6.1,27281.4
2024-09-24 01:30:00,6.1,6.106,6.04,6.064,32776.4
2024-09-24 02:00:00,6.064,6.07,6.011,6.037,22913.6
2024-09-24 02:30:00,6.037,6.1,6.011,6.096,7665.2
2024-09-24 03:00:00,6.096,6.107,6.068,6.068,8092.9
2024-09-24 03:30:00,6.068,6.102,6.055,6.083,15396.4
2024-09-24 04:00:00,6.083,6.092,6.053,6.075,14634.8
2024-09-24 04:30:00,6.075,6.077,6.016,6.041,11876.3
2024-09-24 05:00:00,6.041,6.093,6.039,6.082,12156.5
2024-09-24 05:30:00,6.082,6.124,6.063,6.114,8764.5
2024-09-24 06:00:00,6.114,6.148,6.105,6.117,24803.5
2024-09-24 06:30:00,6.117,6.18,6.114,6.139,40228.3
2024-09-24 07:00:00,6.139,6.188,6.133,6.162,13482.5
2024-09-24 07:30:00,6.162,6.175,6.136,6.162,13192.3
2024-09-24 08:00:00,6.162,6.198,6.148,6.178,17722.5
2024-09-24 08:30:00,6.178,6.252,6.17,6.214,19025.4
2024-09-24 09:00:00,6.214,6.223,6.136,6.156,19198.8
2024-09-24 09:30:00,6.156,6.164,6.094,6.094,25108.8
2024-09-24 10:00:00,6.094,6.159,6.094,6.152,10320.4
2024-09-24 10:30:00,6.152,6.171,6.128,6.148,9671.9
2024-09-24 11:00:00,6.148,6.151,6.099,6.129,12302.9
2024-09-24 11:30:00,6.129,6.161,6.113,6.123,34764.9
2024-09-24 12:00:00,6.123,6.198,6.121,6.15,16232.4
2024-09-24 12:30:00,6.15,6.205,6.142,6.162,16802.1
2024-09-24 13:00:00,6.162,6.181,6.131,6.138,14729.7
2024-09-24 13:30:00,6.138,6.188,6.097,6.098,16438.4
2024-09-24 14:00:00,6.098,6.113,5.976,5.987,77950.1
2024-09-24 14:30:00,5.987,6.06,5.952,6.053,44983.2
2024-09-24 15:00:00,6.053,6.093,6.027,6.056,19289.1
2024-09-24 15:30:00,6.056,6.092,6.023,6.071,15450.0
2024-09-24 16:00:00,6.071,6.12,6.068,6.079,24932.0
2024-09-24 16:30:00,6.079,6.136,6.068,6.118,9820.2
2024-09-24 17:00:00,6.118,6.211,6.097,6.176,78892.6
2024-09-24 17:30:00,6.176,6.202,6.131,6.14,37648.8
2024-09-24 18:00:00,6.14,6.183,6.1,6.114,57413.9
2024-09-24 18:30:00,6.114,6.15,6.093,6.127,27136.4
2024-09-24 19:00:00,6.127,6.167,6.115,6.152,9237.7
2024-09-24 19:30:00,6.152,6.205,6.12,6.201,38850.0
2024-09-24 20:00:00,6.201,6.279,6.177,6.279,40456.8
2024-09-24 20:30:00,6.279,6.281,6.206,6.21,19375.7
2024-09-24 21:00:00,6.21,6.245,6.193,6.208,17195.8
2024-09-24 21:30:00,6.208,6.211,6.165,6.17,38503.4
2024-09-24 22:00:00,6.17,6.293,6.17,6.265,51785.8
2024-09-24 22:30:00,6.265,6.322,6.227,6.289,104440.1
2024-09-24 23:00:00,6.289,6.307,6.239,6.279,14731.9
2024-09-24 23:30:00,6.279,6.281,6.246,6.257,6284.4
2024-09-25 00:00:00,6.257,6.285,6.192,6.212,27967.0
2024-09-25 00:30:00,6.212,6.263,6.186,6.202,19923.5
2024-09-25 01:00:00,6.202,6.257,6.181,6.248,44042.2
2024-09-25 01:30:00,6.248,6.262,6.191,6.212,17077.1
2024-09-25 02:00:00,6.212,6.259,6.201,6.222,5750.7
2024-09-25 02:30:00,6.222,6.268,6.209,6.219,5073.6
2024-09-25 03:00:00,6.219,6.226,6.149,6.18,25954.5
2024-09-25 03:30:00,6.18,6.257,6.167,6.222,10529.3
2024-09-25 04:00:00,6.222,6.243,6.17,6.177,19918.1
2024-09-25 04:30:00,6.177,6.184,6.116,6.118,21564.0
2024-09-25 05:00:00,6.118,6.161,6.115,6.147,83639.2
2024-09-25 05:30:00,6.147,6.203,6.117,6.14,23176.8
2024-09-25 06:00:00,6.14,6.153,6.083,6.107,19276.0
2024-09-25 06:30:00,6.107,6.118,6.05,6.063,28670.6
2024-09-25 07:00:00,6.063,6.073,6.009,6.052,21081.7
2024-09-25 07:30:00,6.052,6.054,6.02,6.049,11206.8
2024-09-25 08:00:00,6.049,6.09,6.036,6.077,23978.6
2024-09-25 08:30:00,6.077,6.102,6.064,6.072,10922.2
2024-09-25 09:00:00,6.072,6.147,6.067,6.094,17049.3
2024-09-25 09:30:00,6.094,6.114,6.061,6.063,5783.6
2024-09-25 10:00:00,6.063,6.124,6.055,6.113,14048.7
2024-09-25 10:30:00,6.113,6.147,6.101,6.134,10138.4
2024-09-25 11:00:00,6.134,6.142,6.076,6.13,7185.0
2024-09-25 11:30:00,6.13,6.178,6.115,6.175,20253.0
2024-09-25 12:00:00,6.175,6.181,6.11,6.11,22811.2
2024-09-25 12:30:00,6.11,6.123,6.086,6.087,15874.0
2024-09-25 13:00:00,6.087,6.149,6.077,6.126,13528.7
2024-09-25 13:30:00,6.126,6.182,6.12,6.182,11988.6
2024-09-25 14:00:00,6.182,6.232,6.179,6.195,22911.4
2024-09-25 14:30:00,6.195,6.257,6.18,6.253,19958.9
2024-09-25 15:00:00,6.253,6.289,6.226,6.275,31105.5
2024-09-25 15:30:00,6.275,6.275,6.138,6.157,32131.7
2024-09-25 16:00:00,6.157,6.195,6.134,6.189,13395.0
2024-09-25 16:30:00,6.189,6.196,6.155,6.165,10296.8
2024-09-25 17:00:00,6.165,6.216,6.096,6.098,37479.9
2024-09-25 17:30:00,6.098,6.117,6.048,6.061,41422.0
2024-09-25 18:00:00,6.061,6.138,6.06,6.104,18884.2
2024-09-25 18:30:00,6.104,6.117,6.094,6.105,10897.4
2024-09-25 19:00:00,6.105,6.14,6.098,6.112,6126.9
2024-09-25 19:30:00,6.112,6.121,6.014,6.023,148866.3
2024-09-25 20:00:00,6.023,6.037,5.986,6.004,28733.4
2024-09-25 20:30:00,6.004,6.095,6.004,6.082,16126.4
2024-09-25 21:00:00,6.082,6.086,6.037,6.062,29590.0
2024-09-25 21:30:00,6.062,6.065,6.026,6.029,12609.5
2024-09-25 22:00:00,6.029,6.037,5.971,5.987,22081.4
2024-09-25 22:30:00,5.987,6.004,5.937,5.992,51800.4
2024-09-25 23:00:00,5.992,6.002,5.913,5.932,37914.8
2024-09-25 23:30:00,5.932,5.935,5.881,5.917,41123.1
2024-09-26 00:00:00,5.917,5.964,5.917,5.945,21386.2
2024-09-26 00:30:00,5.945,5.949,5.833,5.869,39516.4
2024-09-26 01:00:00,5.869,5.905,5.837,5.863,44559.4
2024-09-26 01:30:00,5.863,5.947,5.84,5.945,13084.3
2024-09-26 02:00:00,5.945,5.967,5.928,5.954,19473.1
2024-09-26 02:30:00,5.954,5.995,5.952,5.982,40433.9
2024-09-26 03:00:00,5.982,6.032,5.972,5.981,23582.5
2024-09-26 03:30:00,5.981,6.107,5.975,6.09,18078.3
2024-09-26 04:00:00,6.09,6.102,6.057,6.094,9402.7
2024-09-26 04:30:00,6.094,6.098,6.015,6.027,17467.7
2024-09-26 05:00:00,6.027,6.1,6.018,6.099,15421.2
2024-09-26 05:30:00,6.099,6.179,6.096,6.128,27202.7
2024-09-26 06:00:00,6.128,6.147,6.103,6.13,21525.7
2024-09-26 06:30:00,6.13,6.164,6.114,6.147,31310.5
2024-09-26 07:00:00,6.147,6.175,6.124,6.162,11246.1
2024-09-26 07:30:00,6.162,6.186,6.131,6.143,15944.6
2024-09-26 08:00:00,6.143,6.152,6.093,6.11,13736.6
2024-09-26 08:30:00,6.11,6.14,6.069,6.078,19969.2
2024-09-26 09:00:00,6.078,6.147,6.066,6.108,49588.2
2024-09-26 09:30:00,6.108,6.152,6.104,6.14,17878.9
2024-09-26 10:00:00,6.14,6.187,6.134,6.177,15311.4
2024-09-26 10:30:00,6.177,6.229,6.175,6.222,20198.9
2024-09-26 11:00:00,6.222,6.247,6.196,6.221,16851.2
2024-09-26 11:30:00,6.221,6.245,6.212,6.224,9784.3
2024-09-26 12:00:00,6.224,6.237,6.167,6.213,50934.4
2024-09-26 12:30:00,6.213,6.243,6.165,6.198,34365.4
2024-09-26 13:00:00,6.198,6.222,6.173,6.195,15667.3
2024-09-26 13:30:00,6.195,6.231,6.181,6.213,27982.7
2024-09-26 14:00:00,6.213,6.334,6.205,6.223,147903.1
2024-09-26 14:30:00,6.223,6.323,6.188,6.226,57274.0
2024-09-26 15:00:00,6.226,6.396,6.195,6.372,120329.2
2024-09-26 15:30:00,6.372,6.493,6.365,6.452,131915.5
2024-09-26 16:00:00,6.452,6.501,6.409,6.45,53144.0
2024-09-26 16:30:00,6.45,6.496,6.448,6.456,74134.6
2024-09-26 17:00:00,6.456,6.496,6.394,6.415,29878.7
2024-09-26 17:30:00,6.415,6.426,6.306,6.306,68903.2
2024-09-26 18:00:00,6.306,6.358,6.297,6.32,32576.6
2024-09-26 18:30:00,6.32,6.362,6.28,6.361,29286.8
2024-09-26 19:00:00,6.361,6.387,6.338,6.368,18427.7
2024-09-26 19:30:00,6.368,6.395,6.302,6.31,22324.2
2024-09-26 20:00:00,6.31,6.338,6.196,6.203,23642.5
2024-09-26 20:30:00,6.203,6.23,6.174,6.18,34989.4
2024-09-26 21:00:00,6.18,6.335,6.179,6.301,87220.9
2024-09-26 21:30:00,6.301,6.329,6.269,6.329,22859.2
2024-09-26 22:00:00,6.329,6.387,6.316,6.326,25806.7
2024-09-26 22:30:00,6.326,6.365,6.326,6.35,5275.8
2024-09-26 23:00:00,6.35,6.35,6.236,6.28,17637.6
2024-09-26 23:30:00,6.28,6.333,6.266,6.318,17230.9
2024-09-27 00:00:00,6.318,6.378,6.302,6.35,13204.7
2024-09-27 00:30:00,6.35,6.393,6.342,6.392,12343.0
2024-09-27 01:00:00,6.392,6.399,6.33,6.381,13331.7
2024-09-27 01:30:00,6.381,6.393,6.334,6.379,11532.8
2024-09-27 02:00:00,6.379,6.385,6.292,6.293,10038.7
2024-09-27 02:30:00,6.293,6.321,6.291,6.296,7782.2
2024-09-27 03:00:00,6.296,6.336,6.273,6.33,23670.3
2024-09-27 03:30:00,6.33,6.408,6.329,6.408,14662.2
2024-09-27 04:00:00,6.408,6.434,6.386,6.391,32411.8
2024-09-27 04:30:00,6.391,6.433,6.379,6.423,12093.7
2024-09-27 05:00:00,6.423,6.434,6.382,6.387,12966.0
2024-09-27 05:30:00,6.387,6.439,6.347,6.431,14411.5
2024-09-27 06:00:00,6.431,6.454,6.413,6.426,15819.1
2024-09-27 06:30:00,6.426,6.462,6.418,6.421,20842.0
2024-09-27 07:00:00,6.421,6.448,6.402,6.445,15988.5
2024-09-27 07:30:00,6.445,6.452,6.406,6.408,29749.7
2024-09-27 08:00:00,6.408,6.424,6.372,6.403,13137.8
2024-09-27 08:30:00,6.403,6.406,6.36,6.372,8441.5
2024-09-27 09:00:00,6.372,6.449,6.37,6.381,23389.0
2024-09-27 09:30:00,6.381,6.4,6.355,6.37,20742.5
2024-09-27 10:00:00,6.37,6.38,6.303,6.34,40012.5
2024-09-27 10:30:00,6.34,6.351,6.306,6.306,18650.0
2024-09-27 11:00:00,6.306,6.359,6.289,6.296,24692.4
2024-09-27 11:30:00,6.296,6.366,6.296,6.365,11341.7
2024-09-27 12:00:00,6.365,6.383,6.305,6.345,21939.4
2024-09-27 12:30:00,6.345,6.428,6.345,6.423,26931.4
2024-09-27 13:00:00,6.423,6.455,6.382,6.455,16028.3
2024-09-27 13:30:00,6.455,6.455,6.342,6.412,26139.4
2024-09-27 14:00:00,6.412,6.617,6.393,6.576,72227.4
2024-09-27 14:30:00,6.576,6.65,6.543,6.62,54006.5
2024-09-27 15:00:00,6.62,6.655,6.575,6.65,31125.1
2024-09-27 15:30:00,6.65,6.672,6.576,6.576,13912.9
2024-09-27 16:00:00,6.576,6.68,6.567,6.667,20964.5
2024-09-27 16:30:00,6.667,6.785,6.642,6.774,50079.6
2024-09-27 17:00:00,6.774,6.827,6.611,6.626,162677.2
2024-09-27 17:30:00,6.626,6.689,6.585,6.685,24985.4
2024-09-27 18:00:00,6.685,6.697,6.621,6.655,25735.4
2024-09-27 18:30:00,6.655,6.754,6.645,6.744,25855.2
2024-09-27 19:00:00,6.744,6.774,6.682,6.684,37452.1
2024-09-27 19:30:00,6.684,6.75,6.638,6.728,18579.9
2024-09-27 20:00:00,6.728,6.748,6.691,6.699,7150.4
2024-09-27 20:30:00,6.699,6.756,6.69,6.701,24788.8
2024-09-27 21:00:00,6.701,6.707,6.645,6.687,28316.0
2024-09-27 21:30:00,6.687,6.695,6.64,6.655,16365.7
2024-09-27 22:00:00,6.655,6.769,6.655,6.765,14134.5
2024-09-27 22:30:00,6.765,6.795,6.715,6.716,21598.7
2024-09-27 23:00:00,6.716,6.739,6.695,6.707,9767.0
2024-09-27 23:30:00,6.707,6.719,6.689,6.691,15763.0
2024-09-28 00:00:00,6.691,6.719,6.664,6.685,62284.6
2024-09-28 00:30:00,6.685,6.706,6.668,6.688,11810.1
2024-09-28 01:00:00,6.688,6.71,6.664,6.692,15650.2
2024-09-28 01:30:00,6.692,6.71,6.666,6.694,10795.4
2024-09-28 02:00:00,6.694,6.748,6.676,6.746,9974.2
2024-09-28 02:30:00,6.746,6.79,6.724,6.726,38049.9
2024-09-28 03:00:00,6.726,6.76,6.687,6.687,19835.0
2024-09-28 03:30:00,6.687,6.72,6.678,6.711,8337.4
2024-09-28 04:00:00,6.711,6.715,6.671,6.703,8346.5
2024-09-28 04:30:00,6.703,6.722,6.686,6.689,9771.5
2024-09-28 05:00:00,6.689,6.696,6.604,6.607,25207.2
2024-09-28 05:30:00,6.607,6.634,6.587,6.594,19483.7
2024-09-28 06:00:00,6.594,6.638,6.571,6.619,31806.2
2024-09-28 06:30:00,6.619,6.629,6.537,6.55,16201.4
2024-09-28 07:00:00,6.55,6.585,6.55,6.568,6265.2
2024-09-28 07:30:00,6.568,6.595,6.531,6.542,9022.5
2024-09-28 08:00:00,6.542,6.548,6.49,6.53,18897.2
2024-09-28 08:30:00,6.53,6.543,6.501,6.516,6522.5
2024-09-28 09:00:00,6.516,6.53,6.419,6.505,201015.1
2024-09-28 09:30:00,6.505,6.549,6.498,6.547,43669.0
2024-09-28 10:00:00,6.547,6.611,6.522,6.57,74209.7
2024-09-28 10:30:00,6.57,6.629,6.57,6.604,19649.9
2024-09-28 11:00:00,6.604,6.608,6.576,6.577,8213.2
2024-09-28 11:30:00,6.577,6.618,6.562,6.616,28640.1
2024-09-28 12:00:00,6.616,6.617,6.506,6.526,103536.7
2024-09-28 12:30:00,6.526,6.541,6.496,6.505,19358.6
2024-09-28 13:00:00,6.505,6.534,6.474,6.53,19205.3
2024-09-28 13:30:00,6.53,6.535,6.491,6.494,19226.3
2024-09-28 14:00:00,6.494,6.597,6.494,6.569,13238.3
2024-09-28 14:30:00,6.569,6.585,6.531,6.539,3617.3
2024-09-28 15:00:00,6.539,6.545,6.511,6.539,13214.9
2024-09-28 15:30:00,6.539,6.548,6.514,6.529,6943.5
2024-09-28 16:00:00,6.529,6.531,6.434,6.469,15799.7
2024-09-28 16:30:00,6.469,6.471,6.403,6.411,28966.3
2024-09-28 17:00:00,6.411,6.495,6.41,6.483,8671.8
2024-09-28 17:30:00,6.483,6.49,6.452,6.472,11683.5
2024-09-28 18:00:00,6.472,6.509,6.462,6.498,19058.2
2024-09-28 18:30:00,6.498,6.5,6.471,6.475,6532.9
2024-09-28 19:00:00,6.475,6.5,6.47,6.482,9498.9
2024-09-28 19:30:00,6.482,6.495,6.476,6.491,5047.6
2024-09-28 20:00:00,6.491,6.5,6.476,6.476,7063.6
2024-09-28 20:30:00,6.476,6.481,6.451,6.452,11000.1
2024-09-28 21:00:00,6.452,6.462,6.38,6.436,31622.2
2024-09-28 21:30:00,6.436,6.462,6.429,6.46,7609.7
2024-09-28 22:00:00,6.46,6.494,6.445,6.487,9579.0
2024-09-28 22:30:00,6.487,6.523,6.479,6.516,15587.0
2024-09-28 23:00:00,6.516,6.519,6.47,6.483,10598.8
2024-09-28 23:30:00,6.483,6.551,6.483,6.538,12169.8
2024-09-29 00:00:00,6.538,6.558,6.508,6.533,16851.3
2024-09-29 00:30:00,6.533,6.535,6.439,6.445,18357.1
2024-09-29 01:00:00,6.445,6.475,6.437,6.457,4155.9
2024-09-29 01:30:00,6.457,6.528,6.443,6.523,3032.2
2024-09-29 02:00:00,6.523,6.556,6.51,6.553,6994.2
2024-09-29 02:30:00,6.553,6.558,6.491,6.491,6615.4
2024-09-29 03:00:00,6.491,6.516,6.472,6.504,3589.7
2024-09-29 03:30:00,6.504,6.532,6.489,6.513,3613.2
2024-09-29 04:00:00,6.513,6.516,6.446,6.461,3572.0
2024-09-29 04:30:00,6.461,6.468,6.44,6.456,4729.3
2024-09-29 05:00:00,6.456,6.509,6.441,6.503,5305.8
2024-09-29 05:30:00,6.503,6.503,6.414,6.428,14804.1
2024-09-29 06:00:00,6.428,6.437,6.385,6.42,14913.9
2024-09-29 06:30:00,6.42,6.432,6.381,6.396,13482.9
2024-09-29 07:00:00,6.396,6.428,6.356,6.377,18015.3
2024-09-29 07:30:00,6.377,6.386,6.34,6.357,11113.8
2024-09-29 08:00:00,6.357,6.406,6.333,6.344,81742.6
2024-09-29 08:30:00,6.344,6.392,6.344,6.376,28922.2
2024-09-29 09:00:00,6.376,6.441,6.376,6.429,12555.5
2024-09-29 09:30:00,6.429,6.442,6.402,6.407,3806.2
2024-09-29 10:00:00,6.407,6.41,6.351,6.353,8851.3
2024-09-29 10:30:00,6.353,6.39,6.351,6.386,4795.3
2024-09-29 11:00:00,6.386,6.422,6.375,6.417,9947.8
2024-09-29 11:30:00,6.417,6.444,6.395,6.438,7181.6
2024-09-29 12:00:00,6.438,6.45,6.405,6.416,29592.8
2024-09-29 12:30:00,6.416,6.429,6.363,6.379,8829.1
2024-09-29 13:00:00,6.379,6.471,6.345,6.442,40318.1
2024-09-29 13:30:00,6.442,6.509,6.435,6.506,21932.1
2024-09-29 14:00:00,6.506,6.555,6.483,6.542,21304.5
2024-09-29 14:30:00,6.542,6.547,6.502,6.54,38283.6
2024-09-29 15:00:00,6.54,6.567,6.494,6.509,20067.8
2024-09-29 15:30:00,6.509,6.594,6.505,6.574,17448.0
2024-09-29 16:00:00,6.574,6.748,6.565,6.676,54168.3
2024-09-29 16:30:00,6.676,6.708,6.602,6.676,32275.8
2024-09-29 17:00:00,6.676,6.72,6.658,6.68,23440.0
2024-09-29 17:30:00,6.68,6.704,6.653,6.66,14437.3
2024-09-29 18:00:00,6.66,6.685,6.647,6.656,9767.5
2024-09-29 18:30:00,6.656,6.714,6.654,6.695,5588.3
2024-09-29 19:00:00,6.695,6.759,6.694,6.757,15198.2
2024-09-29 19:30:00,6.757,6.814,6.737,6.797,29262.8
2024-09-29 20:00:00,6.797,6.818,6.723,6.744,118840.3
2024-09-29 20:30:00,6.744,6.788,6.727,6.745,14313.6
2024-09-29 21:00:00,6.745,6.795,6.744,6.747,12708.0
2024-09-29 21:30:00,6.747,6.76,6.717,6.729,9911.1
2024-09-29 22:00:00,6.729,6.768,6.675,6.691,10425.8
2024-09-29 22:30:00,6.691,6.721,6.666,6.669,6521.2
2024-09-29 23:00:00,6.669,6.686,6.617,6.62,15755.8
2024-09-29 23:30:00,6.62,6.69,6.609,6.668,10241.9
2024-09-30 00:00:00,6.668,6.681,6.445,6.494,1018246.1
2024-09-30 00:30:00,6.494,6.579,6.454,6.574,72457.0
2024-09-30 01:00:00,6.574,6.584,6.491,6.528,31864.2
2024-09-30 01:30:00,6.528,6.549,6.407,6.419,40880.1
2024-09-30 02:00:00,6.419,6.459,6.377,6.412,27613.7
2024-09-30 02:30:00,6.412,6.424,6.355,6.356,28132.3
2024-09-30 03:00:00,6.356,6.409,6.325,6.405,40533.0
2024-09-30 03:30:00,6.405,6.448,6.4,6.445,20283.8
2024-09-30 04:00:00,6.445,6.447,6.367,6.386,12426.2
2024-09-30 04:30:00,6.386,6.639,6.377,6.612,104503.4
2024-09-30 05:00:00,6.612,6.718,6.581,6.716,104996.3
2024-09-30 05:30:00,6.716,6.721,6.642,6.697,23761.6
2024-09-30 06:00:00,6.697,6.787,6.691,6.715,43034.5
2024-09-30 06:30:00,6.715,6.736,6.619,6.623,44109.8
2024-09-30 07:00:00,6.623,6.737,6.621,6.69,17761.0
2024-09-30 07:30:00,6.69,6.7,6.644,6.672,28426.5
2024-09-30 08:00:00,6.672,6.685,6.576,6.595,25020.3
2024-09-30 08:30:00,6.595,6.63,6.56,6.586,18693.8
2024-09-30 09:00:00,6.586,6.586,6.478,6.503,47548.4
2024-09-30 09:30:00,6.503,6.53,6.413,6.413,23327.8
2024-09-30 10:00:00,6.413,6.474,6.379,6.457,60940.2
2024-09-30 10:30:00,6.457,6.458,6.406,6.452,31666.9
2024-09-30 11:00:00,6.452,6.52,6.409,6.52,49290.4
2024-09-30 11:30:00,6.52,6.538,6.448,6.531,31794.4
2024-09-30 12:00:00,6.531,6.59,6.514,6.577,37418.4
2024-09-30 12:30:00,6.577,6.612,6.524,6.606,33666.4
2024-09-30 13:00:00,6.606,6.65,6.586,6.607,46137.2
2024-09-30 13:30:00,6.607,6.647,6.582,6.584,22162.9
2024-09-30 14:00:00,6.584,6.598,6.504,6.551,38459.7
2024-09-30 14:30:00,6.551,6.668,6.548,6.626,64096.3
2024-09-30 15:00:00,6.626,6.649,6.576,6.622,64978.8
2024-09-30 15:30:00,6.622,6.627,6.442,6.444,31334.8
2024-09-30 16:00:00,6.444,6.543,6.444,6.531,30874.8
2024-09-30 16:30:00,6.531,6.533,6.476,6.498,11963.2
2024-09-30 17:00:00,6.498,6.534,6.474,6.503,11418.6
2024-09-30 17:30:00,6.503,6.538,6.472,6.538,11559.7
2024-09-30 18:00:00,6.538,6.574,6.47,6.476,26110.6
2024-09-30 18:30:00,6.476,6.572,6.456,6.545,38861.4
2024-09-30 19:00:00,6.545,6.551,6.483,6.525,8098.2
2024-09-30 19:30:00,6.525,6.546,6.5,6.507,10393.6
2024-09-30 20:00:00,6.507,6.616,6.5,6.586,24038.9
2024-09-30 20:30:00,6.586,6.62,6.555,6.603,9721.6
2024-09-30 21:00:00,6.603,6.624,6.586,6.62,8704.9
2024-09-30 21:30:00,6.62,6.636,6.554,6.623,11720.6
2024-09-30 22:00:00,6.623,6.656,6.543,6.548,9559.2
2024-09-30 22:30:00,6.548,6.594,6.523,6.525,12194.4
2024-09-30 23:00:00,6.525,6.545,6.473,6.479,16537.8
2024-09-30 23:30:00,6.479,6.48,6.362,6.44,62080.9
2024-10-01 00:00:00,6.44,6.52,6.362,6.421,22102.7
2024-10-01 00:30:00,6.421,6.543,6.404,6.541,26705.8
2024-10-01 01:00:00,6.541,6.625,6.521,6.617,41845.2
2024-10-01 01:30:00,6.617,6.625,6.558,6.561,18920.7
2024-10-01 02:00:00,6.561,6.561,6.456,6.499,19672.2
2024-10-01 02:30:00,6.499,6.519,6.468,6.502,14129.1
2024-10-01 03:00:00,6.502,6.633,6.483,6.583,20337.6
2024-10-01 03:30:00,6.583,6.651,6.568,6.638,12597.3
2024-10-01 04:00:00,6.638,6.64,6.581,6.598,15227.9
2024-10-01 04:30:00,6.598,6.635,6.586,6.603,66311.0
2024-10-01 05:00:00,6.603,6.603,6.553,6.556,8227.7
2024-10-01 05:30:00,6.556,6.563,6.53,6.539,13635.8
2024-10-01 06:00:00,6.539,6.633,6.536,6.633,16222.4
2024-10-01 06:30:00,6.633,6.698,6.629,6.678,39346.9
2024-10-01 07:00:00,6.678,6.688,6.608,6.642,10527.2
2024-10-01 07:30:00,6.642,6.679,6.638,6.641,7075.0
2024-10-01 08:00:00,6.641,6.672,6.606,6.615,7120.9
2024-10-01 08:30:00,6.615,6.63,6.577,6.591,11430.6
2024-10-01 09:00:00,6.591,6.663,6.584,6.633,14566.8
2024-10-01 09:30:00,6.633,6.645,6.614,6.615,9395.7
2024-10-01 10:00:00,6.615,6.636,6.594,6.633,14954.7
2024-10-01 10:30:00,6.633,6.682,6.615,6.682,9458.6
2024-10-01 11:00:00,6.682,6.708,6.658,6.676,17092.4
2024-10-01 11:30:00,6.676,6.683,6.633,6.641,15348.1
2024-10-01 12:00:00,6.641,6.707,6.63,6.687,12037.5
2024-10-01 12:30:00,6.687,6.688,6.624,6.628,16167.2
2024-10-01 13:00:00,6.628,6.635,6.49,6.49,36479.7
2024-10-01 13:30:00,6.49,6.501,6.326,6.412,83658.1
2024-10-01 14:00:00,6.412,6.466,6.343,6.361,44044.7
2024-10-01 14:30:00,6.361,6.378,6.128,6.145,111863.4
2024-10-01 15:00:00,6.145,6.153,5.88,6.076,282907.8
2024-10-01 15:30:00,6.076,6.202,6.059,6.129,160887.6
2024-10-01 16:00:00,6.129,6.181,6.031,6.07,88559.5
2024-10-01 16:30:00,6.07,6.08,5.885,6.012,151648.0
2024-10-01 17:00:00,6.012,6.012,5.561,5.783,263990.9
2024-10-01 17:30:00,5.783,5.996,5.712,5.954,137990.6
2024-10-01 18:00:00,5.954,6.079,5.928,6.07,103802.9
2024-10-01 18:30:00,6.07,6.08,5.877,5.903,94805.5
2024-10-01 19:00:00,5.903,5.958,5.818,5.916,68020.4
2024-10-01 19:30:00,5.916,5.916,5.809,5.812,41271.9
2024-10-01 20:00:00,5.812,5.827,5.684,5.707,48513.1
2024-10-01 20:30:00,5.707,5.872,5.662,5.85,66476.7
2024-10-01 21:00:00,5.85,5.882,5.809,5.838,31124.9
2024-10-01 21:30:00,5.838,5.954,5.805,5.915,47117.8
2024-10-01 22:00:00,5.915,5.915,5.825,5.847,151247.0
2024-10-01 22:30:00,5.847,5.848,5.787,5.817,54997.7
2024-10-01 23:00:00,5.817,5.854,5.767,5.773,40951.2
2024-10-01 23:30:00,5.773,5.834,5.771,5.796,17627.7
2024-10-02 00:00:00,5.796,5.814,5.716,5.802,48002.1
2024-10-02 00:30:00,5.802,5.863,5.768,5.788,9997.8
2024-10-02 01:00:00,5.788,5.909,5.77,5.896,10699.8
2024-10-02 01:30:00,5.896,5.913,5.847,5.905,23571.9
2024-10-02 02:00:00,5.905,5.967,5.893,5.953,14121.0
2024-10-02 02:30:00,5.953,6.031,5.93,6.012,19584.8
2024-10-02 03:00:00,6.012,6.065,5.959,5.96,28277.2
2024-10-02 03:30:00,5.96,6.017,5.948,5.987,60176.0
2024-10-02 04:00:00,5.987,5.989,5.902,5.921,46816.1
2024-10-02 04:30:00,5.921,5.921,5.88,5.893,8436.3
2024-10-02 05:00:00,5.893,5.945,5.88,5.895,9289.1
2024-10-02 05:30:00,5.895,5.913,5.859,5.885,10063.3
2024-10-02 06:00:00,5.885,5.935,5.876,5.924,11507.1
2024-10-02 06:30:00,5.924,6.023,5.924,5.977,18270.6
2024-10-02 07:00:00,5.977,5.995,5.909,5.979,24048.4
2024-10-02 07:30:00,5.979,6.047,5.958,5.966,14854.7
2024-10-02 08:00:00,5.966,6.0,5.949,5.987,11680.6
2024-10-02 08:30:00,5.987,6.048,5.987,6.018,9667.8
2024-10-02 09:00:00,6.018,6.026,5.916,5.932,18264.2
2024-10-02 09:30:00,5.932,5.944,5.822,5.855,39220.6
2024-10-02 10:00:00,5.855,5.924,5.827,5.915,13018.5
2024-10-02 10:30:00,5.915,5.937,5.812,5.816,14842.3
2024-10-02 11:00:00,5.816,5.868,5.756,5.854,30167.9
2024-10-02 11:30:00,5.854,5.873,5.794,5.796,17684.7
2024-10-02 12:00:00,5.796,5.81,5.661,5.661,34970.6
2024-10-02 12:30:00,5.661,5.73,5.607,5.623,43574.3
2024-10-02 13:00:00,5.623,5.664,5.586,5.617,29544.0
2024-10-02 13:30:00,5.617,5.738,5.54,5.707,73434.9
2024-10-02 14:00:00,5.707,5.756,5.655,5.684,56676.4
2024-10-02 14:30:00,5.684,5.764,5.663,5.665,40503.4
2024-10-02 15:00:00,5.665,5.773,5.65,5.746,24941.2
2024-10-02 15:30:00,5.746,5.773,5.724,5.74,29741.2
2024-10-02 16:00:00,5.74,5.851,5.725,5.75,49881.6
2024-10-02 16:30:00,5.75,5.762,5.652,5.654,44052.3
2024-10-02 17:00:00,5.654,5.682,5.615,5.648,24883.2
2024-10-02 17:30:00,5.648,5.656,5.593,5.637,34489.2
2024-10-02 18:00:00,5.637,5.641,5.466,5.549,116244.9
2024-10-02 18:30:00,5.549,5.553,5.43,5.43,40565.2
2024-10-02 19:00:00,5.43,5.471,5.357,5.389,92561.2
2024-10-02 19:30:00,5.389,5.428,5.35,5.375,73241.6
2024-10-02 20:00:00,5.375,5.427,5.37,5.405,24528.2
2024-10-02 20:30:00,5.405,5.518,5.404,5.497,35551.1
2024-10-02 21:00:00,5.497,5.511,5.407,5.452,29461.6
2024-10-02 21:30:00,5.452,5.47,5.424,5.446,16083.8
2024-10-02 22:00:00,5.446,5.446,5.372,5.407,17699.8
2024-10-02 22:30:00,5.407,5.491,5.402,5.488,18247.7
2024-10-02 23:00:00,5.488,5.5,5.453,5.456,6315.3
2024-10-02 23:30:00,5.456,5.462,5.422,5.431,18936.0
2024-10-03 00:00:00,5.431,5.475,5.41,5.453,9366.9
2024-10-03 00:30:00,5.453,5.541,5.453,5.512,17153.0
2024-10-03 01:00:00,5.512,5.566,5.506,5.562,15604.2
2024-10-03 01:30:00,5.562,5.585,5.526,5.559,10647.5
2024-10-03 02:00:00,5.559,5.615,5.551,5.586,40319.6
2024-10-03 02:30:00,5.586,5.6,5.567,5.583,13908.3
2024-10-03 03:00:00,5.583,5.613,5.559,5.595,9900.6
2024-10-03 03:30:00,5.595,5.625,5.576,5.616,16947.4
2024-10-03 04:00:00,5.616,5.617,5.543,5.56,22623.5
2024-10-03 04:30:00,5.56,5.604,5.541,5.55,13686.5
2024-10-03 05:00:00,5.55,5.576,5.536,5.538,18650.6
2024-10-03 05:30:00,5.538,5.542,5.5,5.511,10636.0
2024-10-03 06:00:00,5.511,5.539,5.5,5.522,15477.0
2024-10-03 06:30:00,5.522,5.538,5.508,5.522,6759.1
2024-10-03 07:00:00,5.522,5.538,5.425,5.44,21583.1
2024-10-03 07:30:00,5.44,5.453,5.294,5.298,49035.0
2024-10-03 08:00:00,5.298,5.316,5.173,5.197,116230.3
2024-10-03 08:30:00,5.197,5.248,5.15,5.181,53724.3
2024-10-03 09:00:00,5.181,5.244,5.119,5.222,39206.5
2024-10-03 09:30:00,5.222,5.234,5.192,5.234,11390.1
2024-10-03 10:00:00,5.234,5.239,5.176,5.176,8283.6
2024-10-03 10:30:00,5.176,5.285,5.176,5.284,12752.4
2024-10-03 11:00:00,5.284,5.293,5.217,5.225,26258.8
2024-10-03 11:30:00,5.225,5.263,5.196,5.197,19286.2
2024-10-03 12:00:00,5.197,5.202,5.128,5.174,32774.1
2024-10-03 12:30:00,5.174,5.221,5.156,5.182,22009.8
2024-10-03 13:00:00,5.182,5.23,5.084,5.216,51275.0
2024-10-03 13:30:00,5.216,5.229,5.145,5.198,21946.6
2024-10-03 14:00:00,5.198,5.302,5.168,5.179,131911.8
2024-10-03 14:30:00,5.179,5.225,5.121,5.122,25441.6
2024-10-03 15:00:00,5.122,5.153,5.045,5.055,43805.1
2024-10-03 15:30:00,5.055,5.185,5.03,5.162,52466.7
2024-10-03 16:00:00,5.162,5.183,5.051,5.051,23632.1
2024-10-03 16:30:00,5.051,5.099,5.041,5.073,27484.8
2024-10-03 17:00:00,5.073,5.176,5.027,5.162,27971.9
2024-10-03 17:30:00,5.162,5.183,5.1,5.18,15244.1
2024-10-03 18:00:00,5.18,5.233,5.16,5.211,32394.9
2024-10-03 18:30:00,5.211,5.243,5.184,5.228,29817.7
2024-10-03 19:00:00,5.228,5.258,5.182,5.248,21713.1
2024-10-03 19:30:00,5.248,5.3,5.243,5.295,14162.9
2024-10-03 20:00:00,5.295,5.295,5.23,5.241,17504.5
2024-10-03 20:30:00,5.241,5.245,5.208,5.234,16982.7
2024-10-03 21:00:00,5.234,5.247,5.18,5.233,29599.5
2024-10-03 21:30:00,5.233,5.257,5.22,5.24,13771.3
2024-10-03 22:00:00,5.24,5.251,5.208,5.248,15535.3
2024-10-03 22:30:00,5.248,5.268,5.217,5.247,15414.0
2024-10-03 23:00:00,5.247,5.27,5.205,5.221,6866.0
2024-10-03 23:30:00,5.221,5.251,5.22,5.247,9203.4
2024-10-04 00:00:00,5.247,5.282,5.233,5.253,10396.2
2024-10-04 00:30:00,5.253,5.268,5.209,5.214,8961.8
2024-10-04 01:00:00,5.214,5.353,5.213,5.335,14707.3
2024-10-04 01:30:00,5.335,5.365,5.304,5.349,12879.0
2024-10-04 02:00:00,5.349,5.368,5.308,5.341,14620.8
2024-10-04 02:30:00,5.341,5.372,5.336,5.356,8660.1
2024-10-04 03:00:00,5.356,5.364,5.279,5.283,12628.7
2024-10-04 03:30:00,5.283,5.311,5.28,5.305,8372.7
2024-10-04 04:00:00,5.305,5.368,5.298,5.36,9224.3
2024-10-04 04:30:00,5.36,5.378,5.305,5.325,17247.3
2024-10-04 05:00:00,5.325,5.383,5.311,5.38,7893.6
2024-10-04 05:30:00,5.38,5.436,5.373,5.427,15853.3
2024-10-04 06:00:00,5.427,5.46,5.401,5.443,12288.3
2024-10-04 06:30:00,5.443,5.484,5.405,5.407,31911.8
2024-10-04 07:00:00,5.407,5.464,5.395,5.461,11647.5
2024-10-04 07:30:00,5.461,5.503,5.448,5.502,9679.2
2024-10-04 08:00:00,5.502,5.577,5.47,5.553,24868.5
2024-10-04 08:30:00,5.553,5.604,5.533,5.557,30503.1
2024-10-04 09:00:00,5.557,5.597,5.527,5.53,16564.2
2024-10-04 09:30:00,5.53,5.541,5.457,5.477,32988.8
2024-10-04 10:00:00,5.477,5.52,5.473,5.489,14458.4
2024-10-04 10:30:00,5.489,5.551,5.479,5.487,16658.7
2024-10-04 11:00:00,5.487,5.539,5.487,5.514,19256.7
2024-10-04 11:30:00,5.514,5.582,5.506,5.565,12614.4
2024-10-04 12:00:00,5.565,5.577,5.533,5.576,24754.1
2024-10-04 12:30:00,5.576,5.687,5.498,5.687,77307.6
2024-10-04 13:00:00,5.687,5.76,5.634,5.696,121345.5
2024-10-04 13:30:00,5.696,5.798,5.679,5.681,98493.6
2024-10-04 14:00:00,5.681,5.691,5.528,5.551,54151.4
2024-10-04 14:30:00,5.551,5.654,5.534,5.626,29755.4
2024-10-04 15:00:00,5.626,5.779,5.626,5.714,40662.0
2024-10-04 15:30:00,5.714,5.8,5.69,5.792,17415.5
2024-10-04 16:00:00,5.792,5.845,5.776,5.839,28227.0
2024-10-04 16:30:00,5.839,5.879,5.789,5.797,39898.6
2024-10-04 17:00:00,5.797,5.837,5.743,5.765,21625.4
2024-10-04 17:30:00,5.765,5.784,5.715,5.734,15221.8
2024-10-04 18:00:00,5.734,5.744,5.704,5.726,10873.4
2024-10-04 18:30:00,5.726,5.781,5.725,5.776,16455.1
2024-10-04 19:00:00,5.776,5.785,5.727,5.74,14850.4
2024-10-04 19:30:00,5.74,5.754,5.714,5.734,10258.4
2024-10-04 20:00:00,5.734,5.756,5.701,5.709,11053.4
2024-10-04 20:30:00,5.709,5.745,5.696,5.716,9653.8
2024-10-04 21:00:00,5.716,5.745,5.702,5.735,10253.6
2024-10-04 21:30:00,5.735,5.792,5.705,5.705,10769.4
2024-10-04 22:00:00,5.705,5.713,5.658,5.673,32153.2
2024-10-04 22:30:00,5.673,5.681,5.646,5.675,16395.4
2024-10-04 23:00:00,5.675,5.68,5.64,5.642,9967.5
2024-10-04 23:30:00,5.642,5.699,5.639,5.672,11367.7
2024-10-05 00:00:00,5.672,5.722,5.67,5.705,17990.9
2024-10-05 00:30:00,5.705,5.75,5.7,5.743,8062.0
2024-10-05 01:00:00,5.743,5.746,5.664,5.664,14711.8
2024-10-05 01:30:00,5.664,5.703,5.657,5.686,7166.2
2024-10-05 02:00:00,5.686,5.69,5.651,5.664,11325.8
2024-10-05 02:30:00,5.664,5.673,5.603,5.611,16999.8
2024-10-05 03:00:00,5.611,5.64,5.582,5.626,11455.7
2024-10-05 03:30:00,5.626,5.631,5.597,5.601,8796.6
2024-10-05 04:00:00,5.601,5.645,5.583,5.642,8570.1
2024-10-05 04:30:00,5.642,5.679,5.631,5.641,43009.1
2024-10-05 05:00:00,5.641,5.717,5.641,5.698,8387.7
2024-10-05 05:30:00,5.698,5.739,5.682,5.72,12527.8
2024-10-05 06:00:00,5.72,5.724,5.672,5.708,56000.1
2024-10-05 06:30:00,5.708,5.759,5.705,5.75,14424.8
2024-10-05 07:00:00,5.75,5.76,5.709,5.711,13396.2
2024-10-05 07:30:00,5.711,5.729,5.696,5.702,13966.5
2024-10-05 08:00:00,5.702,5.746,5.698,5.733,5225.6
2024-10-05 08:30:00,5.733,5.756,5.702,5.728,5564.7
2024-10-05 09:00:00,5.728,5.756,5.717,5.743,9179.8
2024-10-05 09:30:00,5.743,5.777,5.735,5.771,10946.9
2024-10-05 10:00:00,5.771,5.775,5.715,5.726,15745.0
2024-10-05 10:30:00,5.726,5.731,5.694,5.699,8995.0
2024-10-05 11:00:00,5.699,5.744,5.687,5.727,7291.5
2024-10-05 11:30:00,5.727,5.738,5.705,5.71,9101.7
2024-10-05 12:00:00,5.71,5.742,5.708,5.722,9710.8
2024-10-05 12:30:00,5.722,5.739,5.714,5.731,6558.8
2024-10-05 13:00:00,5.731,5.746,5.688,5.689,11378.1
2024-10-05 13:30:00,5.689,5.692,5.604,5.604,37393.8
2024-10-05 14:00:00,5.604,5.634,5.553,5.56,38840.4
2024-10-05 14:30:00,5.56,5.593,5.527,5.57,25674.9
2024-10-05 15:00:00,5.57,5.578,5.515,5.555,16664.1
2024-10-05 15:30:00,5.555,5.571,5.544,5.545,11188.7
2024-10-05 16:00:00,5.545,5.548,5.459,5.517,42878.1
2024-10-05 16:30:00,5.517,5.527,5.442,5.454,29210.4
2024-10-05 17:00:00,5.454,5.473,5.422,5.451,26646.8
2024-10-05 17:30:00,5.451,5.502,5.451,5.496,25983.7
2024-10-05 18:00:00,5.496,5.507,5.426,5.449,23733.4
2024-10-05 18:30:00,5.449,5.456,5.404,5.417,13830.4
2024-10-05 19:00:00,5.417,5.426,5.38,5.411,19499.8
2024-10-05 19:30:00,5.411,5.416,5.387,5.401,13808.0
2024-10-05 20:00:00,5.401,5.423,5.379,5.407,19091.7
2024-10-05 20:30:00,5.407,5.418,5.358,5.367,17076.2
2024-10-05 21:00:00,5.367,5.448,5.352,5.43,17709.7
2024-10-05 21:30:00,5.43,5.458,5.402,5.402,37372.5
2024-10-05 22:00:00,5.402,5.457,5.402,5.447,11567.3
2024-10-05 22:30:00,5.447,5.483,5.445,5.472,9798.0
2024-10-05 23:00:00,5.472,5.477,5.426,5.433,9864.2
2024-10-05 23:30:00,5.433,5.448,5.427,5.446,5056.7
2024-10-06 00:00:00,5.446,5.447,5.402,5.436,14417.9
2024-10-06 00:30:00,5.436,5.438,5.413,5.419,6559.6
2024-10-06 01:00:00,5.419,5.498,5.415,5.493,12749.0
2024-10-06 01:30:00,5.493,5.5,5.463,5.486,21971.8
2024-10-06 02:00:00,5.486,5.495,5.453,5.461,9397.8
2024-10-06 02:30:00,5.461,5.467,5.43,5.44,5864.7
2024-10-06 03:00:00,5.44,5.468,5.433,5.454,4855.1
2024-10-06 03:30:00,5.454,5.463,5.406,5.41,5681.0
2024-10-06 04:00:00,5.41,5.434,5.409,5.425,5499.9
2024-10-06 04:30:00,5.425,5.429,5.38,5.405,13997.9
2024-10-06 05:00:00,5.405,5.442,5.393,5.417,5900.1
2024-10-06 05:30:00,5.417,5.427,5.401,5.404,11697.9
2024-10-06 06:00:00,5.404,5.446,5.401,5.44,4104.2
2024-10-06 06:30:00,5.44,5.442,5.404,5.41,4651.0
2024-10-06 07:00:00,5.41,5.439,5.41,5.428,8091.5
2024-10-06 07:30:00,5.428,5.438,5.418,5.435,5230.4
2024-10-06 08:00:00,5.435,5.459,5.417,5.454,14782.5
2024-10-06 08:30:00,5.454,5.474,5.439,5.457,8631.6
2024-10-06 09:00:00,5.457,5.485,5.452,5.479,7092.5
2024-10-06 09:30:00,5.479,5.498,5.47,5.473,11387.7
2024-10-06 10:00:00,5.473,5.482,5.452,5.458,10581.6
2024-10-06 10:30:00,5.458,5.468,5.446,5.462,5423.0
2024-10-06 11:00:00,5.462,5.489,5.443,5.476,28572.5
2024-10-06 11:30:00,5.476,5.531,5.474,5.515,47838.3
2024-10-06 12:00:00,5.515,5.544,5.502,5.526,18307.8
2024-10-06 12:30:00,5.526,5.562,5.524,5.559,27704.7
2024-10-06 13:00:00,5.559,5.591,5.558,5.581,44802.3
2024-10-06 13:30:00,5.581,5.61,5.548,5.553,39673.3
2024-10-06 14:00:00,5.553,5.595,5.535,5.568,21462.9
2024-10-06 14:30:00,5.568,5.623,5.555,5.57,56824.2
2024-10-06 15:00:00,5.57,5.584,5.487,5.496,68423.1
2024-10-06 15:30:00,5.496,5.503,5.449,5.462,86806.1
2024-10-06 16:00:00,5.462,5.479,5.406,5.424,74207.0
2024-10-06 16:30:00,5.424,5.46,5.412,5.417,30536.0
2024-10-06 17:00:00,5.417,5.476,5.416,5.469,42479.4
2024-10-06 17:30:00,5.469,5.47,5.407,5.416,29970.0
2024-10-06 18:00:00,5.416,5.444,5.413,5.426,16391.9
2024-10-06 18:30:00,5.426,5.434,5.417,5.421,48752.9
2024-10-06 19:00:00,5.421,5.472,5.42,5.456,54130.4
2024-10-06 19:30:00,5.456,5.46,5.352,5.36,82561.4
2024-10-06 20:00:00,5.36,5.397,5.323,5.379,64929.9
2024-10-06 20:30:00,5.379,5.387,5.36,5.379,8588.0
2024-10-06 21:00:00,5.379,5.389,5.313,5.33,46003.5
2024-10-06 21:30:00,5.33,5.374,5.297,5.305,119475.0
2024-10-06 22:00:00,5.305,5.374,5.305,5.351,21089.9
2024-10-06 22:30:00,5.351,5.404,5.343,5.357,89588.3
2024-10-06 23:00:00,5.357,5.416,5.355,5.41,32426.8
2024-10-06 23:30:00,5.41,5.454,5.391,5.436,16085.7
2024-10-07 00:00:00,5.436,5.474,5.376,5.447,39537.2
2024-10-07 00:30:00,5.447,5.624,5.4,5.595,99079.3
2024-10-07 01:00:00,5.595,5.62,5.555,5.602,79272.2
2024-10-07 01:30:00,5.602,5.637,5.579,5.622,22950.7
2024-10-07 02:00:00,5.622,5.674,5.621,5.665,29013.3
2024-10-07 02:30:00,5.665,5.667,5.559,5.568,42578.7
2024-10-07 03:00:00,5.568,5.598,5.529,5.538,33563.3
2024-10-07 03:30:00,5.538,5.54,5.48,5.527,29666.8
2024-10-07 04:00:00,5.527,5.565,5.525,5.54,30244.8
2024-10-07 04:30:00,5.54,5.542,5.477,5.481,20710.2
2024-10-07 05:00:00,5.481,5.552,5.476,5.514,39484.4
2024-10-07 05:30:00,5.514,5.517,5.489,5.499,21488.7
2024-10-07 06:00:00,5.499,5.576,5.488,5.553,43765.8
2024-10-07 06:30:00,5.553,5.594,5.547,5.579,28389.0
2024-10-07 07:00:00,5.579,5.584,5.517,5.542,20331.0
2024-10-07 07:30:00,5.542,5.558,5.5,5.527,15660.8
2024-10-07 08:00:00,5.527,5.573,5.52,5.532,25184.5
2024-10-07 08:30:00,5.532,5.558,5.527,5.543,20965.7
2024-10-07 09:00:00,5.543,5.553,5.413,5.418,93682.6
2024-10-07 09:30:00,5.418,5.436,5.354,5.403,69171.5
2024-10-07 10:00:00,5.403,5.403,5.317,5.345,47453.8
2024-10-07 10:30:00,5.345,5.411,5.336,5.368,29769.8
2024-10-07 11:00:00,5.368,5.42,5.33,5.389,49664.2
2024-10-07 11:30:00,5.389,5.459,5.384,5.457,50599.6
2024-10-07 12:00:00,5.457,5.457,5.409,5.449,31608.6
2024-10-07 12:30:00,5.449,5.453,5.379,5.39,24659.9
2024-10-07 13:00:00,5.39,5.452,5.385,5.442,25163.5
2024-10-07 13:30:00,5.442,5.478,5.401,5.445,59322.3
2024-10-07 14:00:00,5.445,5.613,5.442,5.542,193770.8
2024-10-07 14:30:00,5.542,5.604,5.495,5.506,51019.5
2024-10-07 15:00:00,5.506,5.514,5.44,5.485,31253.8
2024-10-07 15:30:00,5.485,5.528,5.446,5.467,25367.2
2024-10-07 16:00:00,5.467,5.498,5.408,5.473,58672.6
2024-10-07 16:30:00,5.473,5.529,5.46,5.516,42715.7
2024-10-07 17:00:00,5.516,5.533,5.473,5.514,31256.6
2024-10-07 17:30:00,5.514,5.613,5.482,5.605,28539.6
2024-10-07 18:00:00,5.605,5.631,5.46,5.514,44036.2
2024-10-07 18:30:00,5.514,5.515,5.354,5.387,74220.0
2024-10-07 19:00:00,5.387,5.452,5.385,5.403,33774.2
2024-10-07 19:30:00,5.403,5.457,5.397,5.443,21993.5
2024-10-07 20:00:00,5.443,5.453,5.407,5.428,23396.3
2024-10-07 20:30:00,5.428,5.428,5.364,5.37,41661.2
2024-10-07 21:00:00,5.37,5.447,5.362,5.446,41139.3
2024-10-07 21:30:00,5.446,5.478,5.436,5.456,14612.9
2024-10-07 22:00:00,5.456,5.457,5.394,5.422,36613.3
2024-10-07 22:30:00,5.422,5.427,5.33,5.336,44119.7
2024-10-07 23:00:00,5.336,5.341,5.252,5.296,73341.3
2024-10-07 23:30:00,5.296,5.318,5.232,5.241,26021.2
2024-10-08 00:00:00,5.241,5.335,5.237,5.301,29038.4
2024-10-08 00:30:00,5.301,5.339,5.301,5.329,7099.1
2024-10-08 01:00:00,5.329,5.338,5.271,5.294,17497.7
2024-10-08 01:30:00,5.294,5.341,5.279,5.309,9830.8
2024-10-08 02:00:00,5.309,5.336,5.282,5.299,4601.9
2024-10-08 02:30:00,5.299,5.337,5.278,5.335,6743.0
2024-10-08 03:00:00,5.335,5.341,5.294,5.299,7644.8
2024-10-08 03:30:00,5.299,5.317,5.297,5.317,9533.4
2024-10-08 04:00:00,5.317,5.363,5.309,5.36,10490.9
2024-10-08 04:30:00,5.36,5.364,5.301,5.324,10644.6
2024-10-08 05:00:00,5.324,5.333,5.23,5.234,23579.8
2024-10-08 05:30:00,5.234,5.259,5.209,5.257,35849.7
2024-10-08 06:00:00,5.257,5.259,5.198,5.219,33085.2
2024-10-08 06:30:00,5.219,5.275,5.219,5.253,12276.3
2024-10-08 07:00:00,5.253,5.258,5.153,5.182,42960.5
2024-10-08 07:30:00,5.182,5.225,5.167,5.204,28894.1
2024-10-08 08:00:00,5.204,5.229,5.181,5.216,18990.2
2024-10-08 08:30:00,5.216,5.238,5.21,5.217,6747.5
2024-10-08 09:00:00,5.217,5.237,5.184,5.221,21845.6
2024-10-08 09:30:00,5.221,5.265,5.211,5.254,14139.6
2024-10-08 10:00:00,5.254,5.271,5.218,5.221,11825.5
2024-10-08 10:30:00,5.221,5.252,5.214,5.243,9812.0
2024-10-08 11:00:00,5.243,5.258,5.22,5.235,11097.1
2024-10-08 11:30:00,5.235,5.288,5.23,5.281,19688.7
2024-10-08 12:00:00,5.281,5.287,5.219,5.238,21993.4
2024-10-08 12:30:00,5.238,5.243,5.192,5.198,17832.4
2024-10-08 13:00:00,5.198,5.25,5.165,5.232,31820.3
2024-10-08 13:30:00,5.232,5.308,5.222,5.305,23123.9
2024-10-08 14:00:00,5.305,5.343,5.231,5.24,60389.4
2024-10-08 14:30:00,5.24,5.316,5.216,5.305,42957.9
2024-10-08 15:00:00,5.305,5.317,5.21,5.21,63604.5
2024-10-08 15:30:00,5.21,5.289,5.166,5.234,65480.1
2024-10-08 16:00:00,5.234,5.255,5.175,5.253,41067.2
2024-10-08 16:30:00,5.253,5.305,5.244,5.276,20372.7
2024-10-08 17:00:00,5.276,5.282,5.217,5.222,17637.7
2024-10-08 17:30:00,5.222,5.244,5.193,5.242,10023.5
2024-10-08 18:00:00,5.242,5.284,5.233,5.244,20939.3
2024-10-08 18:30:00,5.244,5.245,5.194,5.223,10928.0
2024-10-08 19:00:00,5.223,5.23,5.174,5.215,24250.1
2024-10-08 19:30:00,5.215,5.253,5.213,5.239,38852.2
2024-10-08 20:00:00,5.239,5.264,5.219,5.257,32904.6
2024-10-08 20:30:00,5.257,5.317,5.257,5.3,19283.4
2024-10-08 21:00:00,5.3,5.351,5.286,5.34,23871.5
2024-10-08 21:30:00,5.34,5.372,5.319,5.371,28277.1
2024-10-08 22:00:00,5.371,5.377,5.307,5.315,14485.6
2024-10-08 22:30:00,5.315,5.331,5.289,5.294,15309.2
2024-10-08 23:00:00,5.294,5.303,5.266,5.271,6261.2
2024-10-08 23:30:00,5.271,5.359,5.271,5.344,22388.8
2024-10-09 00:00:00,5.344,5.385,5.333,5.362,15281.7
2024-10-09 00:30:00,5.362,5.374,5.298,5.35,29583.5
2024-10-09 01:00:00,5.35,5.421,5.336,5.414,16446.9
2024-10-09 01:30:00,5.414,5.431,5.372,5.386,12128.7
2024-10-09 02:00:00,5.386,5.394,5.355,5.385,8437.8
2024-10-09 02:30:00,5.385,5.396,5.347,5.349,7311.0
2024-10-09 03:00:00,5.349,5.385,5.328,5.361,8331.8
2024-10-09 03:30:00,5.361,5.378,5.346,5.346,5874.7
2024-10-09 04:00:00,5.346,5.354,5.326,5.342,7486.4
2024-10-09 04:30:00,5.342,5.351,5.299,5.309,24839.2
2024-10-09 05:00:00,5.309,5.354,5.306,5.344,8565.5
2024-10-09 05:30:00,5.344,5.375,5.331,5.371,4228.2
2024-10-09 06:00:00,5.371,5.376,5.332,5.34,19093.4
2024-10-09 06:30:00,5.34,5.345,5.291,5.31,14958.6
2024-10-09 07:00:00,5.31,5.31,5.23,5.26,51671.0
2024-10-09 07:30:00,5.26,5.282,5.252,5.261,5868.5
2024-10-09 08:00:00,5.261,5.294,5.257,5.284,22488.5
2024-10-09 08:30:00,5.284,5.298,5.261,5.277,32650.5
2024-10-09 09:00:00,5.277,5.29,5.246,5.275,12962.2
2024-10-09 09:30:00,5.275,5.294,5.272,5.285,11523.4
2024-10-09 10:00:00,5.285,5.287,5.252,5.258,5341.1
2024-10-09 10:30:00,5.258,5.286,5.255,5.278,7156.3
2024-10-09 11:00:00,5.278,5.298,5.27,5.285,8445.1
2024-10-09 11:30:00,5.285,5.313,5.278,5.304,13749.5
2024-10-09 12:00:00,5.304,5.308,5.239,5.246,29836.0
2024-10-09 12:30:00,5.246,5.25,5.176,5.214,48417.5
2024-10-09 13:00:00,5.214,5.243,5.161,5.177,25905.6
2024-10-09 13:30:00,5.177,5.196,5.112,5.12,57705.7
2024-10-09 14:00:00,5.12,5.178,5.106,5.162,30608.6
2024-10-09 14:30:00,5.162,5.167,5.106,5.129,21345.2
2024-10-09 15:00:00,5.129,5.245,5.123,5.229,29453.5
2024-10-09 15:30:00,5.229,5.247,5.201,5.224,18172.7
2024-10-09 16:00:00,5.224,5.23,5.115,5.132,40052.9
2024-10-09 16:30:00,5.132,5.152,5.115,5.133,14923.8
2024-10-09 17:00:00,5.133,5.166,5.11,5.136,18758.8
2024-10-09 17:30:00,5.136,5.159,5.118,5.134,9446.5
2024-10-09 18:00:00,5.134,5.154,5.083,5.13,41000.0
2024-10-09 18:30:00,5.13,5.135,5.085,5.096,14871.0
2024-10-09 19:00:00,5.096,5.139,5.08,5.099,18719.5
2024-10-09 19:30:00,5.099,5.138,5.099,5.135,9451.6
2024-10-09 20:00:00,5.135,5.135,5.005,5.047,74280.5
2024-10-09 20:30:00,5.047,5.074,4.995,5.006,33871.4
2024-10-09 21:00:00,5.006,5.081,4.993,5.072,14231.6
2024-10-09 21:30:00,5.072,5.098,5.06,5.087,24586.0
2024-10-09 22:00:00,5.087,5.087,5.033,5.046,16185.2
2024-10-09 22:30:00,5.046,5.074,5.043,5.059,12934.2
2024-10-09 23:00:00,5.059,5.073,5.051,5.065,18548.0
2024-10-09 23:30:00,5.065,5.079,5.062,5.069,9204.0
2024-10-10 00:00:00,5.069,5.091,5.035,5.049,16509.6
2024-10-10 00:30:00,5.049,5.104,5.045,5.09,21305.4
2024-10-10 01:00:00,5.09,5.132,5.087,5.122,18730.3
2024-10-10 01:30:00,5.122,5.147,5.118,5.125,5395.2
2024-10-10 02:00:00,5.125,5.145,5.121,5.134,9182.9
2024-10-10 02:30:00,5.134,5.148,5.127,5.142,5923.0
2024-10-10 03:00:00,5.142,5.158,5.13,5.157,10831.7
2024-10-10 03:30:00,5.157,5.168,5.137,5.142,6504.3
2024-10-10 04:00:00,5.142,5.158,5.122,5.145,5673.2
2024-10-10 04:30:00,5.145,5.158,5.135,5.139,6164.0
2024-10-10 05:00:00,5.139,5.147,5.121,5.13,13431.6
2024-10-10 05:30:00,5.13,5.175,5.117,5.164,15749.6
2024-10-10 06:00:00,5.164,5.174,5.146,5.157,7756.4
2024-10-10 06:30:00,5.157,5.175,5.156,5.171,5381.4
2024-10-10 07:00:00,5.171,5.177,5.142,5.142,12519.6
2024-10-10 07:30:00,5.142,5.165,5.134,5.151,9632.8
2024-10-10 08:00:00,5.151,5.163,5.117,5.158,25653.5
2024-10-10 08:30:00,5.158,5.16,5.081,5.085,14882.5
2024-10-10 09:00:00,5.085,5.099,5.02,5.041,17613.9
2024-10-10 09:30:00,5.041,5.101,5.039,5.09,11189.9
2024-10-10 10:00:00,5.09,5.153,5.089,5.136,16754.5
2024-10-10 10:30:00,5.136,5.152,5.125,5.143,12413.1
2024-10-10 11:00:00,5.143,5.155,5.13,5.15,12078.5
2024-10-10 11:30:00,5.15,5.192,5.149,5.18,12122.2
2024-10-10 12:00:00,5.18,5.207,5.177,5.202,8484.9
2024-10-10 12:30:00,5.202,5.202,5.072,5.101,41787.5
2024-10-10 13:00:00,5.101,5.152,5.077,5.127,15812.8
2024-10-10 13:30:00,5.127,5.129,5.034,5.075,36801.2
2024-10-10 14:00:00,5.075,5.108,5.035,5.058,28001.4
2024-10-10 14:30:00,5.058,5.081,5.035,5.063,12393.7
2024-10-10 15:00:00,5.063,5.088,5.035,5.04,14849.2
2024-10-10 15:30:00,5.04,5.127,5.024,5.126,18821.3
2024-10-10 16:00:00,5.126,5.161,5.063,5.065,22757.4
2024-10-10 16:30:00,5.065,5.092,5.033,5.038,9442.7
2024-10-10 17:00:00,5.038,5.055,4.994,5.007,20965.6
2024-10-10 17:30:00,5.007,5.02,4.902,4.92,147286.4
2024-10-10 18:00:00,4.92,4.953,4.9,4.944,55271.2
2024-10-10 18:30:00,4.944,4.998,4.936,4.994,121200.3
2024-10-10 19:00:00,4.994,4.997,4.972,4.99,13205.4
2024-10-10 19:30:00,4.99,4.998,4.977,4.987,25447.7
2024-10-10 20:00:00,4.987,5.004,4.943,4.952,26461.4
2024-10-10 20:30:00,4.952,4.984,4.948,4.982,19787.7
2024-10-10 21:00:00,4.982,4.983,4.967,4.983,12286.0
2024-10-10 21:30:00,4.983,5.039,4.979,5.039,26383.9
2024-10-10 22:00:00,5.039,5.046,5.008,5.027,10734.8
2024-10-10 22:30:00,5.027,5.06,5.022,5.057,28120.8
2024-10-10 23:00:00,5.057,5.087,5.057,5.077,29174.1
2024-10-10 23:30:00,5.077,5.088,5.071,5.086,42680.5
2024-10-11 00:00:00,5.086,5.134,5.084,5.099,20097.1
2024-10-11 00:30:00,5.099,5.123,5.089,5.091,7069.5
2024-10-11 01:00:00,5.091,5.098,5.06,5.063,13549.8
2024-10-11 01:30:00,5.063,5.139,5.047,5.12,30228.0
2024-10-11 02:00:00,5.12,5.123,5.095,5.113,11272.1
2024-10-11 02:30:00,5.113,5.151,5.11,5.131,11691.8
2024-10-11 03:00:00,5.131,5.157,5.131,5.147,6237.6
2024-10-11 03:30:00,5.147,5.149,5.128,5.132,7105.7
2024-10-11 04:00:00,5.132,5.152,5.13,5.135,3996.5
2024-10-11 04:30:00,5.135,5.147,5.108,5.119,16241.9
2024-10-11 05:00:00,5.119,5.142,5.108,5.11,11124.3
2024-10-11 05:30:00,5.11,5.15,5.084,5.125,9201.1
2024-10-11 06:00:00,5.125,5.152,5.117,5.147,6956.6
2024-10-11 06:30:00,5.147,5.175,5.136,5.156,17890.6
2024-10-11 07:00:00,5.156,5.17,5.146,5.154,20073.6
2024-10-11 07:30:00,5.154,5.165,5.142,5.147,18609.9
2024-10-11 08:00:00,5.147,5.188,5.146,5.172,22336.6
2024-10-11 08:30:00,5.172,5.18,5.144,5.153,9431.5
2024-10-11 09:00:00,5.153,5.206,5.151,5.188,12912.7
2024-10-11 09:30:00,5.188,5.219,5.171,5.21,20603.5
2024-10-11 10:00:00,5.21,5.257,5.206,5.228,17136.7
2024-10-11 10:30:00,5.228,5.256,5.22,5.249,7211.5
2024-10-11 11:00:00,5.249,5.259,5.234,5.245,19647.9
2024-10-11 11:30:00,5.245,5.295,5.245,5.27,12231.2
2024-10-11 12:00:00,5.27,5.307,5.266,5.302,19302.9
2024-10-11 12:30:00,5.302,5.34,5.282,5.323,27759.9
2024-10-11 13:00:00,5.323,5.338,5.291,5.307,15167.3
2024-10-11 13:30:00,5.307,5.397,5.305,5.383,65080.8
2024-10-11 14:00:00,5.383,5.409,5.343,5.351,58225.8
2024-10-11 14:30:00,5.351,5.377,5.322,5.351,44645.9
2024-10-11 15:00:00,5.351,5.43,5.351,5.372,42319.0
2024-10-11 15:30:00,5.372,5.413,5.344,5.4,17646.7
2024-10-11 16:00:00,5.4,5.425,5.355,5.385,24062.7
2024-10-11 16:30:00,5.385,5.405,5.359,5.375,15460.6
2024-10-11 17:00:00,5.375,5.391,5.347,5.38,12251.1
2024-10-11 17:30:00,5.38,5.409,5.371,5.39,9913.2
2024-10-11 18:00:00,5.39,5.4,5.357,5.366,16511.0
2024-10-11 18:30:00,5.366,5.403,5.359,5.375,39421.8
2024-10-11 19:00:00,5.375,5.44,5.373,5.4,20962.9
2024-10-11 19:30:00,5.4,5.409,5.372,5.393,17024.2
2024-10-11 20:00:00,5.393,5.403,5.384,5.402,11323.6
2024-10-11 20:30:00,5.402,5.415,5.389,5.407,12728.7
2024-10-11 21:00:00,5.407,5.442,5.407,5.421,27159.0
2024-10-11 21:30:00,5.421,5.435,5.398,5.402,6812.7
2024-10-11 22:00:00,5.402,5.43,5.372,5.383,32623.9
2024-10-11 22:30:00,5.383,5.402,5.368,5.372,12089.0
2024-10-11 23:00:00,5.372,5.397,5.357,5.385,12758.0
2024-10-11 23:30:00,5.385,5.4,5.356,5.398,7438.8
2024-10-12 00:00:00,5.398,5.438,5.392,5.436,10698.2
2024-10-12 00:30:00,5.436,5.483,5.435,5.471,19686.6
2024-10-12 01:00:00,5.471,5.491,5.445,5.472,14829.2
2024-10-12 01:30:00,5.472,5.489,5.47,5.481,7261.9
2024-10-12 02:00:00,5.481,5.493,5.451,5.474,13917.7
2024-10-12 02:30:00,5.474,5.475,5.416,5.421,20693.1
2024-10-12 03:00:00,5.421,5.451,5.407,5.423,11074.0
2024-10-12 03:30:00,5.423,5.452,5.423,5.436,8707.5
2024-10-12 04:00:00,5.436,5.489,5.436,5.483,12867.6
2024-10-12 04:30:00,5.483,5.495,5.452,5.455,11853.3
2024-10-12 05:00:00,5.455,5.468,5.439,5.457,13167.2
2024-10-12 05:30:00,5.457,5.484,5.453,5.482,8926.3
2024-10-12 06:00:00,5.482,5.509,5.474,5.483,29678.1
2024-10-12 06:30:00,5.483,5.497,5.471,5.471,8532.4
2024-10-12 07:00:00,5.471,5.504,5.448,5.5,10891.2
2024-10-12 07:30:00,5.5,5.542,5.491,5.509,32142.1
2024-10-12 08:00:00,5.509,5.526,5.488,5.524,15463.1
2024-10-12 08:30:00,5.524,5.527,5.499,5.515,9900.1
2024-10-12 09:00:00,5.515,5.519,5.474,5.499,36577.0
2024-10-12 09:30:00,5.499,5.521,5.491,5.52,25797.8
2024-10-12 10:00:00,5.52,5.569,5.506,5.559,20496.7
2024-10-12 10:30:00,5.559,5.573,5.544,5.561,17819.6
2024-10-12 11:00:00,5.561,5.597,5.553,5.576,36357.3
2024-10-12 11:30:00,5.576,5.587,5.524,5.529,22310.8
2024-10-12 12:00:00,5.529,5.544,5.49,5.51,43046.5
2024-10-12 12:30:00,5.51,5.552,5.505,5.543,14767.6
2024-10-12 13:00:00,5.543,5.56,5.511,5.522,13568.2
2024-10-12 13:30:00,5.522,5.532,5.479,5.52,14473.1
2024-10-12 14:00:00,5.52,5.604,5.515,5.596,34789.2
2024-10-12 14:30:00,5.596,5.612,5.561,5.569,41490.6
2024-10-12 15:00:00,5.569,5.58,5.542,5.552,36663.1
2024-10-12 15:30:00,5.552,5.555,5.489,5.513,26749.2
2024-10-12 16:00:00,5.513,5.555,5.508,5.525,19645.4
2024-10-12 16:30:00,5.525,5.537,5.491,5.491,8536.0
2024-10-12 17:00:00,5.491,5.507,5.446,5.502,63119.9
2024-10-12 17:30:00,5.502,5.502,5.442,5.451,30941.6
2024-10-12 18:00:00,5.451,5.468,5.401,5.43,44715.2
2024-10-12 18:30:00,5.43,5.45,5.412,5.412,14821.9
2024-10-12 19:00:00,5.412,5.435,5.397,5.427,17755.4
2024-10-12 19:30:00,5.427,5.449,5.41,5.443,14467.5
2024-10-12 20:00:00,5.443,5.459,5.436,5.451,8890.6
2024-10-12 20:30:00,5.451,5.489,5.443,5.474,45462.1
2024-10-12 21:00:00,5.474,5.493,5.47,5.478,24171.4
2024-10-12 21:30:00,5.478,5.518,5.469,5.484,23052.6
2024-10-12 22:00:00,5.484,5.487,5.447,5.474,21013.5
2024-10-12 22:30:00,5.474,5.511,5.471,5.502,9418.7
2024-10-12 23:00:00,5.502,5.524,5.461,5.467,41961.5
2024-10-12 23:30:00,5.467,5.467,5.44,5.446,29509.9
2024-10-13 00:00:00,5.446,5.48,5.445,5.465,63951.7
2024-10-13 00:30:00,5.465,5.482,5.456,5.459,34903.2
2024-10-13 01:00:00,5.459,5.461,5.361,5.387,35878.2
2024-10-13 01:30:00,5.387,5.413,5.37,5.384,15848.8
2024-10-13 02:00:00,5.384,5.408,5.379,5.401,10860.6
2024-10-13 02:30:00,5.401,5.421,5.398,5.421,7776.4
2024-10-13 03:00:00,5.421,5.424,5.335,5.356,23692.3
2024-10-13 03:30:00,5.356,5.362,5.337,5.348,8780.5
2024-10-13 04:00:00,5.348,5.374,5.343,5.369,16899.0
2024-10-13 04:30:00,5.369,5.393,5.363,5.388,9300.4
2024-10-13 05:00:00,5.388,5.444,5.384,5.44,14976.4
2024-10-13 05:30:00,5.44,5.441,5.408,5.418,9944.1
2024-10-13 06:00:00,5.418,5.454,5.416,5.419,13202.3
2024-10-13 06:30:00,5.419,5.446,5.418,5.435,25913.8
2024-10-13 07:00:00,5.435,5.452,5.392,5.398,19960.2
2024-10-13 07:30:00,5.398,5.408,5.376,5.403,11438.7
2024-10-13 08:00:00,5.403,5.446,5.397,5.423,40904.8
2024-10-13 08:30:00,5.423,5.439,5.355,5.373,69263.0
2024-10-13 09:00:00,5.373,5.41,5.368,5.389,12217.8
2024-10-13 09:30:00,5.389,5.396,5.373,5.389,9411.9
2024-10-13 10:00:00,5.389,5.395,5.369,5.376,10482.4
2024-10-13 10:30:00,5.376,5.389,5.322,5.328,22852.9
2024-10-13 11:00:00,5.328,5.353,5.293,5.301,54425.0
2024-10-13 11:30:00,5.301,5.32,5.283,5.296,18306.0
2024-10-13 12:00:00,5.296,5.346,5.29,5.336,15439.8
2024-10-13 12:30:00,5.336,5.342,5.288,5.303,19175.1
2024-10-13 13:00:00,5.303,5.331,5.294,5.325,12929.4
2024-10-13 13:30:00,5.325,5.327,5.285,5.304,12361.3
2024-10-13 14:00:00,5.304,5.305,5.26,5.281,23598.1
2024-10-13 14:30:00,5.281,5.296,5.221,5.24,42513.6
2024-10-13 15:00:00,5.24,5.273,5.179,5.187,63383.1
2024-10-13 15:30:00,5.187,5.237,5.18,5.216,80298.9
2024-10-13 16:00:00,5.216,5.272,5.201,5.258,31331.7
2024-10-13 16:30:00,5.258,5.343,5.256,5.312,47905.0
2024-10-13 17:00:00,5.312,5.323,5.277,5.296,10887.8
2024-10-13 17:30:00,5.296,5.301,5.232,5.255,23058.7
2024-10-13 18:00:00,5.255,5.264,5.212,5.25,32954.6
2024-10-13 18:30:00,5.25,5.266,5.226,5.243,15432.6
2024-10-13 19:00:00,5.243,5.285,5.24,5.259,14850.3
2024-10-13 19:30:00,5.259,5.293,5.259,5.287,14422.1
2024-10-13 20:00:00,5.287,5.302,5.276,5.302,20042.5
2024-10-13 20:30:00,5.302,5.318,5.296,5.307,16068.5
2024-10-13 21:00:00,5.307,5.343,5.303,5.34,17354.8
2024-10-13 21:30:00,5.34,5.384,5.336,5.362,43520.2
2024-10-13 22:00:00,5.362,5.448,5.362,5.367,47364.0
2024-10-13 22:30:00,5.367,5.39,5.351,5.373,14742.1
2024-10-13 23:00:00,5.373,5.376,5.341,5.363,11967.2
2024-10-13 23:30:00,5.363,5.388,5.362,5.384,23341.9
2024-10-14 00:00:00,5.384,5.415,5.346,5.392,27108.2
2024-10-14 00:30:00,5.392,5.404,5.331,5.349,16010.5
2024-10-14 01:00:00,5.349,5.433,5.349,5.417,9651.3
2024-10-14 01:30:00,5.417,5.425,5.366,5.381,8661.0
2024-10-14 02:00:00,5.381,5.393,5.341,5.382,9657.2
2024-10-14 02:30:00,5.382,5.396,5.359,5.387,7656.0
2024-10-14 03:00:00,5.387,5.515,5.383,5.506,42058.3
2024-10-14 03:30:00,5.506,5.593,5.467,5.584,63506.7
2024-10-14 04:00:00,5.584,5.602,5.532,5.559,37936.9
2024-10-14 04:30:00,5.559,5.587,5.549,5.552,52874.9
2024-10-14 05:00:00,5.552,5.57,5.493,5.503,24228.3
2024-10-14 05:30:00,5.503,5.513,5.463,5.49,14646.4
2024-10-14 06:00:00,5.49,5.551,5.485,5.545,19387.4
2024-10-14 06:30:00,5.545,5.553,5.521,5.521,17462.7
2024-10-14 07:00:00,5.521,5.526,5.497,5.517,30005.6
2024-10-14 07:30:00,5.517,5.57,5.507,5.558,21784.2
2024-10-14 08:00:00,5.558,5.574,5.516,5.534,20806.4
2024-10-14 08:30:00,5.534,5.542,5.514,5.519,15179.7
2024-10-14 09:00:00,5.519,5.533,5.493,5.522,14920.1
2024-10-14 09:30:00,5.522,5.601,5.516,5.58,27888.9
2024-10-14 10:00:00,5.58,5.644,5.568,5.615,33987.0
2024-10-14 10:30:00,5.615,5.695,5.597,5.631,51551.2
2024-10-14 11:00:00,5.631,5.638,5.591,5.634,28926.3
2024-10-14 11:30:00,5.634,5.662,5.619,5.644,32217.0
2024-10-14 12:00:00,5.644,5.686,5.604,5.608,21628.3
2024-10-14 12:30:00,5.608,5.643,5.602,5.616,13219.1
2024-10-14 13:00:00,5.616,5.619,5.567,5.572,33218.1
2024-10-14 13:30:00,5.572,5.653,5.557,5.623,40488.7
2024-10-14 14:00:00,5.623,5.737,5.607,5.717,70737.5
2024-10-14 14:30:00,5.717,5.717,5.643,5.653,60725.1
2024-10-14 15:00:00,5.653,5.704,5.643,5.698,39792.0
2024-10-14 15:30:00,5.698,5.716,5.667,5.691,54754.0
2024-10-14 16:00:00,5.691,5.718,5.622,5.637,68750.5
2024-10-14 16:30:00,5.637,5.656,5.604,5.618,35431.5
2024-10-14 17:00:00,5.618,5.65,5.616,5.631,20838.2
2024-10-14 17:30:00,5.631,5.657,5.63,5.643,17226.5
2024-10-14 18:00:00,5.643,5.648,5.615,5.623,21511.0
2024-10-14 18:30:00,5.623,5.637,5.582,5.6,45672.7
2024-10-14 19:00:00,5.6,5.647,5.6,5.614,13948.9
2024-10-14 19:30:00,5.614,5.626,5.595,5.6,6606.4
2024-10-14 20:00:00,5.6,5.617,5.589,5.605,14152.9
2024-10-14 20:30:00,5.605,5.612,5.547,5.566,78886.8
2024-10-14 21:00:00,5.566,5.585,5.536,5.538,53459.0
2024-10-14 21:30:00,5.538,5.546,5.529,5.536,18087.3
2024-10-14 22:00:00,5.536,5.586,5.534,5.579,91191.8
2024-10-14 22:30:00,5.579,5.647,5.572,5.644,92346.9
2024-10-14 23:00:00,5.644,5.653,5.592,5.617,45530.6
2024-10-14 23:30:00,5.617,5.619,5.577,5.594,7130.2
2024-10-15 00:00:00,5.594,5.679,5.582,5.676,24140.7
2024-10-15 00:30:00,5.676,5.676,5.576,5.579,19481.5
2024-10-15 01:00:00,5.579,5.61,5.546,5.576,32326.9
2024-10-15 01:30:00,5.576,5.578,5.539,5.569,12574.0
2024-10-15 02:00:00,5.569,5.605,5.547,5.597,79885.1
2024-10-15 02:30:00,5.597,5.607,5.561,5.572,9941.1
2024-10-15 03:00:00,5.572,5.577,5.52,5.532,47030.4
2024-10-15 03:30:00,5.532,5.532,5.482,5.494,57420.2
2024-10-15 04:00:00,5.494,5.573,5.492,5.564,29799.4
2024-10-15 04:30:00,5.564,5.586,5.552,5.58,9454.7
2024-10-15 05:00:00,5.58,5.581,5.497,5.497,53931.9
2024-10-15 05:30:00,5.497,5.506,5.458,5.479,50942.4
2024-10-15 06:00:00,5.479,5.517,5.464,5.509,43130.2
2024-10-15 06:30:00,5.509,5.552,5.492,5.546,29737.6
2024-10-15 07:00:00,5.546,5.618,5.546,5.563,31641.5
2024-10-15 07:30:00,5.563,5.609,5.55,5.599,16197.2
2024-10-15 08:00:00,5.599,5.633,5.583,5.611,91914.7
2024-10-15 08:30:00,5.611,5.683,5.603,5.669,37813.2
2024-10-15 09:00:00,5.669,5.674,5.586,5.643,42429.1
2024-10-15 09:30:00,5.643,5.683,5.586,5.591,59649.4
2024-10-15 10:00:00,5.591,5.679,5.589,5.651,72791.8
2024-10-15 10:30:00,5.651,5.683,5.622,5.642,33091.3
2024-10-15 11:00:00,5.642,5.645,5.478,5.536,87997.8
2024-10-15 11:30:00,5.536,5.574,5.386,5.437,141262.0
2024-10-15 12:00:00,5.437,5.517,5.415,5.512,37464.2
2024-10-15 12:30:00,5.512,5.577,5.505,5.538,54675.9
2024-10-15 13:00:00,5.538,5.588,5.538,5.561,49934.9
2024-10-15 13:30:00,5.561,5.755,5.542,5.746,99350.7
2024-10-15 14:00:00,5.746,5.787,5.571,5.579,122716.1
2024-10-15 14:30:00,5.579,5.598,5.402,5.447,184056.6
2024-10-15 15:00:00,5.447,5.503,5.353,5.489,151674.3
2024-10-15 15:30:00,5.489,5.555,5.448,5.455,65732.0
2024-10-15 16:00:00,5.455,5.548,5.455,5.546,82081.5
2024-10-15 16:30:00,5.546,5.631,5.529,5.548,156085.7
2024-10-15 17:00:00,5.548,5.567,5.48,5.5,63254.1
2024-10-15 17:30:00,5.5,5.54,5.48,5.497,33747.5
2024-10-15 18:00:00,5.497,5.557,5.49,5.522,32773.2
2024-10-15 18:30:00,5.522,5.531,5.495,5.496,15048.6
2024-10-15 19:00:00,5.496,5.508,5.432,5.438,35792.7
2024-10-15 19:30:00,5.438,5.515,5.428,5.502,22022.7
2024-10-15 20:00:00,5.502,5.502,5.4,5.403,18173.8
2024-10-15 20:30:00,5.403,5.433,5.347,5.363,33761.1
2024-10-15 21:00:00,5.363,5.426,5.324,5.414,25090.5
2024-10-15 21:30:00,5.414,5.426,5.378,5.415,13317.3
2024-10-15 22:00:00,5.415,5.432,5.383,5.415,16089.2
2024-10-15 22:30:00,5.415,5.451,5.415,5.427,9984.8
2024-10-15 23:00:00,5.427,5.448,5.427,5.438,6730.9
2024-10-15 23:30:00,5.438,5.485,5.435,5.478,12914.7
2024-10-16 00:00:00,5.478,5.497,5.44,5.451,11380.4
2024-10-16 00:30:00,5.451,5.455,5.399,5.404,21896.6
2024-10-16 01:00:00,5.404,5.503,5.373,5.501,13715.5
2024-10-16 01:30:00,5.501,5.504,5.453,5.501,8480.4
2024-10-16 02:00:00,5.501,5.562,5.487,5.525,17734.2
2024-10-16 02:30:00,5.525,5.551,5.502,5.511,8674.5
2024-10-16 03:00:00,5.511,5.517,5.478,5.513,7248.2
2024-10-16 03:30:00,5.513,5.539,5.5,5.528,9279.6
2024-10-16 04:00:00,5.528,5.563,5.486,5.492,9114.7
2024-10-16 04:30:00,5.492,5.496,5.443,5.477,19771.4
2024-10-16 05:00:00,5.477,5.508,5.47,5.506,6358.5
2024-10-16 05:30:00,5.506,5.534,5.485,5.516,12677.4
2024-10-16 06:00:00,5.516,5.532,5.433,5.436,14023.2
2024-10-16 06:30:00,5.436,5.49,5.426,5.471,16916.6
2024-10-16 07:00:00,5.471,5.471,5.395,5.408,21684.6
2024-10-16 07:30:00,5.408,5.419,5.361,5.368,16169.8
2024-10-16 08:00:00,5.368,5.399,5.354,5.396,18933.9
2024-10-16 08:30:00,5.396,5.428,5.383,5.419,14854.0
2024-10-16 09:00:00,5.419,5.462,5.412,5.447,9908.6
2024-10-16 09:30:00,5.447,5.481,5.429,5.452,15354.5
2024-10-16 10:00:00,5.452,5.468,5.402,5.445,32034.9
2024-10-16 10:30:00,5.445,5.463,5.419,5.425,19231.2
2024-10-16 11:00:00,5.425,5.498,5.4,5.492,32070.3
2024-10-16 11:30:00,5.492,5.535,5.431,5.431,54835.7
2024-10-16 12:00:00,5.431,5.482,5.414,5.449,50197.7
2024-10-16 12:30:00,5.449,5.451,5.417,5.429,22372.0
2024-10-16 13:00:00,5.429,5.459,5.391,5.394,13928.5
2024-10-16 13:30:00,5.394,5.418,5.346,5.384,30827.6
2024-10-16 14:00:00,5.384,5.475,5.38,5.403,21384.4
2024-10-16 14:30:00,5.403,5.413,5.344,5.377,19893.8
2024-10-16 15:00:00,5.377,5.385,5.301,5.358,54202.7
2024-10-16 15:30:00,5.358,5.378,5.322,5.343,17112.3
2024-10-16 16:00:00,5.343,5.359,5.288,5.315,31280.8
2024-10-16 16:30:00,5.315,5.339,5.26,5.338,35567.0
2024-10-16 17:00:00,5.338,5.362,5.316,5.345,14612.0
2024-10-16 17:30:00,5.345,5.358,5.323,5.324,11618.8
2024-10-16 18:00:00,5.324,5.348,5.322,5.335,4680.8
2024-10-16 18:30:00,5.335,5.349,5.329,5.333,8453.7
2024-10-16 19:00:00,5.333,5.357,5.326,5.341,22302.7
2024-10-16 19:30:00,5.341,5.355,5.338,5.35,7924.9
2024-10-16 20:00:00,5.35,5.387,5.341,5.386,15209.9
2024-10-16 20:30:00,5.386,5.423,5.383,5.389,25204.6
2024-10-16 21:00:00,5.389,5.418,5.388,5.407,10810.1
2024-10-16 21:30:00,5.407,5.41,5.378,5.391,11238.6
2024-10-16 22:00:00,5.391,5.444,5.39,5.44,12294.3
2024-10-16 22:30:00,5.44,5.464,5.422,5.44,21379.7
2024-10-16 23:00:00,5.44,5.442,5.385,5.395,12723.1
2024-10-16 23:30:00,5.395,5.401,5.358,5.366,9804.5
2024-10-17 00:00:00,5.366,5.419,5.366,5.38,21635.4
2024-10-17 00:30:00,5.38,5.393,5.353,5.361,7858.1
2024-10-17 01:00:00,5.361,5.381,5.335,5.335,14783.8
2024-10-17 01:30:00,5.335,5.402,5.307,5.399,16488.7
2024-10-17 02:00:00,5.399,5.4,5.326,5.335,12454.9
2024-10-17 02:30:00,5.335,5.346,5.3,5.301,24425.1
2024-10-17 03:00:00,5.301,5.337,5.3,5.333,8949.8
2024-10-17 03:30:00,5.333,5.349,5.322,5.332,7234.6
2024-10-17 04:00:00,5.332,5.333,5.311,5.315,7483.5
2024-10-17 04:30:00,5.315,5.317,5.266,5.266,17114.7
2024-10-17 05:00:00,5.266,5.296,5.264,5.289,11310.0
2024-10-17 05:30:00,5.289,5.313,5.251,5.27,18245.7
2024-10-17 06:00:00,5.27,5.295,5.246,5.289,25063.8
2024-10-17 06:30:00,5.289,5.303,5.25,5.25,9638.8
2024-10-17 07:00:00,5.25,5.277,5.214,5.243,30384.7
2024-10-17 07:30:00,5.243,5.258,5.224,5.253,11085.5
2024-10-17 08:00:00,5.253,5.264,5.223,5.253,13339.5
2024-10-17 08:30:00,5.253,5.302,5.252,5.295,16037.7
2024-10-17 09:00:00,5.295,5.307,5.272,5.281,18122.0
2024-10-17 09:30:00,5.281,5.281,5.24,5.244,9307.4
2024-10-17 10:00:00,5.244,5.26,5.232,5.235,14181.4
2024-10-17 10:30:00,5.235,5.251,5.186,5.242,75343.7
2024-10-17 11:00:00,5.242,5.25,5.191,5.205,21133.3
2024-10-17 11:30:00,5.205,5.212,5.181,5.182,14442.9
2024-10-17 12:00:00,5.182,5.219,5.157,5.212,32016.8
2024-10-17 12:30:00,5.212,5.242,5.201,5.231,13055.4
2024-10-17 13:00:00,5.231,5.257,5.198,5.209,16512.1
2024-10-17 13:30:00,5.209,5.265,5.175,5.216,23959.6
2024-10-17 14:00:00,5.216,5.228,5.178,5.206,15529.8
2024-10-17 14:30:00,5.206,5.242,5.191,5.229,122217.0
2024-10-17 15:00:00,5.229,5.255,5.202,5.255,15377.0
2024-10-17 15:30:00,5.255,5.289,5.242,5.267,26864.5
2024-10-17 16:00:00,5.267,5.272,5.191,5.242,22120.9
2024-10-17 16:30:00,5.242,5.242,5.197,5.229,25769.2
2024-10-17 17:00:00,5.229,5.251,5.182,5.198,20685.8
2024-10-17 17:30:00,5.198,5.224,5.183,5.191,20971.9
2024-10-17 18:00:00,5.191,5.193,5.106,5.135,81402.1
2024-10-17 18:30:00,5.135,5.152,5.111,5.132,22629.7
2024-10-17 19:00:00,5.132,5.183,5.114,5.173,9361.1
2024-10-17 19:30:00,5.173,5.202,5.165,5.169,11906.3
2024-10-17 20:00:00,5.169,5.222,5.165,5.218,20062.7
2024-10-17 20:30:00,5.218,5.224,5.187,5.191,27398.9
2024-10-17 21:00:00,5.191,5.222,5.187,5.221,13195.5
2024-10-17 21:30:00,5.221,5.236,5.207,5.226,9038.1
2024-10-17 22:00:00,5.226,5.241,5.217,5.223,9262.8
2024-10-17 22:30:00,5.223,5.238,5.222,5.234,8278.7
2024-10-17 23:00:00,5.234,5.237,5.21,5.213,8897.2
2024-10-17 23:30:00,5.213,5.22,5.198,5.22,8596.5
2024-10-18 00:00:00,5.22,5.229,5.195,5.208,8439.4
2024-10-18 00:30:00,5.208,5.209,5.175,5.176,12629.8
2024-10-18 01:00:00,5.176,5.246,5.175,5.246,7230.6
2024-10-18 01:30:00,5.246,5.319,5.24,5.305,32732.4
2024-10-18 02:00:00,5.305,5.321,5.273,5.28,13069.0
2024-10-18 02:30:00,5.28,5.315,5.28,5.298,6740.3
2024-10-18 03:00:00,5.298,5.305,5.251,5.261,10696.0
2024-10-18 03:30:00,5.261,5.268,5.235,5.236,7414.3
2024-10-18 04:00:00,5.236,5.281,5.234,5.268,10896.9
2024-10-18 04:30:00,5.268,5.286,5.266,5.275,13016.2
2024-10-18 05:00:00,5.275,5.289,5.26,5.285,11814.8
2024-10-18 05:30:00,5.285,5.317,5.282,5.313,14448.1
2024-10-18 06:00:00,5.313,5.362,5.312,5.342,17574.4
2024-10-18 06:30:00,5.342,5.363,5.325,5.34,43232.2
2024-10-18 07:00:00,5.34,5.366,5.33,5.352,15841.2
2024-10-18 07:30:00,5.352,5.363,5.319,5.357,8574.7
2024-10-18 08:00:00,5.357,5.37,5.342,5.353,21243.0
2024-10-18 08:30:00,5.353,5.382,5.346,5.364,15879.4
2024-10-18 09:00:00,5.364,5.378,5.348,5.35,10363.3
2024-10-18 09:30:00,5.35,5.356,5.313,5.322,25676.0
2024-10-18 10:00:00,5.322,5.36,5.321,5.352,16671.2
2024-10-18 10:30:00,5.352,5.369,5.348,5.351,17681.7
2024-10-18 11:00:00,5.351,5.374,5.339,5.342,9743.5
2024-10-18 11:30:00,5.342,5.356,5.31,5.31,11474.7
2024-10-18 12:00:00,5.31,5.333,5.291,5.296,11885.7
2024-10-18 12:30:00,5.296,5.302,5.252,5.266,15724.5
2024-10-18 13:00:00,5.266,5.304,5.261,5.274,30572.1
2024-10-18 13:30:00,5.274,5.331,5.263,5.313,8706.7
2024-10-18 14:00:00,5.313,5.363,5.285,5.334,22786.8
2024-10-18 14:30:00,5.334,5.367,5.318,5.333,16016.6
2024-10-18 15:00:00,5.333,5.353,5.303,5.333,32353.0
2024-10-18 15:30:00,5.333,5.374,5.333,5.362,26774.5
2024-10-18 16:00:00,5.362,5.384,5.316,5.373,15404.2
2024-10-18 16:30:00,5.373,5.427,5.362,5.421,33677.4
2024-10-18 17:00:00,5.421,5.434,5.377,5.383,17927.0
2024-10-18 17:30:00,5.383,5.404,5.375,5.38,25947.7
2024-10-18 18:00:00,5.38,5.439,5.363,5.429,22973.0
2024-10-18 18:30:00,5.429,5.441,5.406,5.43,13548.3
2024-10-18 19:00:00,5.43,5.45,5.407,5.414,17329.7
2024-10-18 19:30:00,5.414,5.421,5.383,5.391,25606.1
2024-10-18 20:00:00,5.391,5.402,5.376,5.383,18612.7
2024-10-18 20:30:00,5.383,5.393,5.375,5.38,12465.9
2024-10-18 21:00:00,5.38,5.395,5.373,5.374,10519.6
2024-10-18 21:30:00,5.374,5.398,5.355,5.362,12488.8
2024-10-18 22:00:00,5.362,5.363,5.332,5.358,18362.2
2024-10-18 22:30:00,5.358,5.38,5.352,5.37,11084.8
2024-10-18 23:00:00,5.37,5.415,5.369,5.411,35013.1
2024-10-18 23:30:00,5.411,5.42,5.403,5.409,6649.5
2024-10-19 00:00:00,5.409,5.422,5.398,5.419,9417.3
2024-10-19 00:30:00,5.419,5.437,5.41,5.421,6819.8
2024-10-19 01:00:00,5.421,5.452,5.416,5.443,8656.3
2024-10-19 01:30:00,5.443,5.448,5.422,5.424,6607.6
2024-10-19 02:00:00,5.424,5.45,5.421,5.445,14701.2
2024-10-19 02:30:00,5.445,5.47,5.433,5.439,264420.7
2024-10-19 03:00:00,5.439,5.467,5.431,5.45,105034.8
2024-10-19 03:30:00,5.45,5.485,5.43,5.47,118019.4
2024-10-19 04:00:00,5.47,5.478,5.438,5.442,12079.4
2024-10-19 04:30:00,5.442,5.444,5.405,5.407,8955.3
2024-10-19 05:00:00,5.407,5.437,5.405,5.43,4043.7
2024-10-19 05:30:00,5.43,5.451,5.428,5.435,4641.8
2024-10-19 06:00:00,5.435,5.444,5.423,5.43,7603.9
2024-10-19 06:30:00,5.43,5.454,5.43,5.44,19176.2
2024-10-19 07:00:00,5.44,5.448,5.41,5.432,12651.7
2024-10-19 07:30:00,5.432,5.435,5.381,5.397,13368.5
2024-10-19 08:00:00,5.397,5.412,5.357,5.388,78894.4
2024-10-19 08:30:00,5.388,5.394,5.37,5.384,15794.7
2024-10-19 09:00:00,5.384,5.399,5.382,5.388,7817.1
2024-10-19 09:30:00,5.388,5.395,5.37,5.371,13224.3
2024-10-19 10:00:00,5.371,5.38,5.333,5.348,15237.8
2024-10-19 10:30:00,5.348,5.367,5.322,5.331,13300.7
2024-10-19 11:00:00,5.331,5.352,5.325,5.331,7513.4
2024-10-19 11:30:00,5.331,5.333,5.282,5.283,42759.1
2024-10-19 12:00:00,5.283,5.32,5.281,5.314,15115.3
2024-10-19 12:30:00,5.314,5.338,5.309,5.315,10916.6
2024-10-19 13:00:00,5.315,5.318,5.29,5.304,12364.2
2024-10-19 13:30:00,5.304,5.312,5.289,5.297,11298.5
2024-10-19 14:00:00,5.297,5.333,5.297,5.329,4751.7
2024-10-19 14:30:00,5.329,5.366,5.323,5.365,16318.6
2024-10-19 15:00:00,5.365,5.374,5.339,5.348,32416.0
2024-10-19 15:30:00,5.348,5.353,5.319,5.335,10666.5
2024-10-19 16:00:00,5.335,5.336,5.295,5.308,17078.9
2024-10-19 16:30:00,5.308,5.336,5.289,5.295,94247.2
2024-10-19 17:00:00,5.295,5.326,5.29,5.319,6707.7
2024-10-19 17:30:00,5.319,5.324,5.298,5.303,8396.2
2024-10-19 18:00:00,5.303,5.335,5.302,5.334,3666.7
2024-10-19 18:30:00,5.334,5.334,5.31,5.32,27016.2
2024-10-19 19:00:00,5.32,5.336,5.305,5.329,5538.2
2024-10-19 19:30:00,5.329,5.338,5.295,5.304,5706.5
2024-10-19 20:00:00,5.304,5.32,5.299,5.317,6701.3
2024-10-19 20:30:00,5.317,5.331,5.314,5.319,26972.8
2024-10-19 21:00:00,5.319,5.355,5.315,5.354,7994.6
2024-10-19 21:30:00,5.354,5.359,5.32,5.321,16275.1
2024-10-19 22:00:00,5.321,5.337,5.317,5.327,6113.6
2024-10-19 22:30:00,5.327,5.372,5.325,5.367,12608.8
2024-10-19 23:00:00,5.367,5.379,5.353,5.364,36252.3
2024-10-19 23:30:00,5.364,5.374,5.349,5.364,6551.9
2024-10-20 00:00:00,5.364,5.397,5.362,5.371,14374.5
2024-10-20 00:30:00,5.371,5.374,5.335,5.339,40012.9
2024-10-20 01:00:00,5.339,5.344,5.318,5.342,5650.2
2024-10-20 01:30:00,5.342,5.342,5.3,5.302,8725.8
2024-10-20 02:00:00,5.302,5.32,5.29,5.297,7772.7
2024-10-20 02:30:00,5.297,5.309,5.261,5.273,12284.2
2024-10-20 03:00:00,5.273,5.281,5.256,5.262,10702.3
2024-10-20 03:30:00,5.262,5.306,5.262,5.305,13385.1
2024-10-20 04:00:00,5.305,5.327,5.286,5.325,7943.2
2024-10-20 04:30:00,5.325,5.334,5.307,5.312,5647.8
2024-10-20 05:00:00,5.312,5.346,5.309,5.316,5783.0
2024-10-20 05:30:00,5.316,5.322,5.305,5.315,5232.7
2024-10-20 06:00:00,5.315,5.33,5.294,5.327,13694.0
2024-10-20 06:30:00,5.327,5.351,5.315,5.344,7839.3
2024-10-20 07:00:00,5.344,5.356,5.335,5.34,9781.0
2024-10-20 07:30:00,5.34,5.35,5.318,5.323,7482.7
2024-10-20 08:00:00,5.323,5.342,5.318,5.338,15100.4
2024-10-20 08:30:00,5.338,5.338,5.3,5.308,9502.9
2024-10-20 09:00:00,5.308,5.328,5.3,5.322,8291.3
2024-10-20 09:30:00,5.322,5.351,5.319,5.346,15675.2
2024-10-20 10:00:00,5.346,5.357,5.335,5.336,9108.5
2024-10-20 10:30:00,5.336,5.343,5.301,5.305,7371.9
2024-10-20 11:00:00,5.305,5.331,5.303,5.328,6431.1
2024-10-20 11:30:00,5.328,5.338,5.313,5.334,7654.5
2024-10-20 12:00:00,5.334,5.36,5.33,5.339,8680.0
2024-10-20 12:30:00,5.339,5.339,5.29,5.29,24527.1
2024-10-20 13:00:00,5.29,5.32,5.27,5.318,21932.1
2024-10-20 13:30:00,5.318,5.354,5.318,5.352,10711.1
2024-10-20 14:00:00,5.352,5.423,5.349,5.412,76393.7
2024-10-20 14:30:00,5.412,5.467,5.409,5.429,113393.3
2024-10-20 15:00:00,5.429,5.435,5.353,5.39,34384.7
2024-10-20 15:30:00,5.39,5.438,5.386,5.431,21565.0
2024-10-20 16:00:00,5.431,5.456,5.418,5.444,14087.8
2024-10-20 16:30:00,5.444,5.451,5.408,5.415,71485.2
2024-10-20 17:00:00,5.415,5.435,5.39,5.404,11545.6
2024-10-20 17:30:00,5.404,5.413,5.383,5.406,10286.9
2024-10-20 18:00:00,5.406,5.429,5.403,5.423,23127.3
2024-10-20 18:30:00,5.423,5.427,5.405,5.416,8521.8
2024-10-20 19:00:00,5.416,5.416,5.371,5.371,19376.7
2024-10-20 19:30:00,5.371,5.391,5.36,5.382,25559.3
2024-10-20 20:00:00,5.382,5.4,5.366,5.382,26749.2
2024-10-20 20:30:00,5.382,5.478,5.378,5.451,79221.5
2024-10-20 21:00:00,5.451,5.468,5.435,5.435,12913.8
2024-10-20 21:30:00,5.435,5.45,5.421,5.449,37049.5
2024-10-20 22:00:00,5.449,5.506,5.428,5.502,40674.0
2024-10-20 22:30:00,5.502,5.561,5.48,5.528,24531.8
2024-10-20 23:00:00,5.528,5.559,5.528,5.533,24538.4
2024-10-20 23:30:00,5.533,5.541,5.496,5.518,15861.1
2024-10-21 00:00:00,5.518,5.596,5.513,5.58,73891.2
2024-10-21 00:30:00,5.58,5.602,5.547,5.572,109831.5
2024-10-21 01:00:00,5.572,5.593,5.555,5.593,10779.4
2024-10-21 01:30:00,5.593,5.6,5.563,5.568,8260.2
2024-10-21 02:00:00,5.568,5.582,5.532,5.552,13698.7
2024-10-21 02:30:00,5.552,5.558,5.483,5.492,84209.3
2024-10-21 03:00:00,5.492,5.514,5.467,5.507,20149.9
2024-10-21 03:30:00,5.507,5.519,5.499,5.516,8637.6
2024-10-21 04:00:00,5.516,5.519,5.481,5.494,6036.4
2024-10-21 04:30:00,5.494,5.525,5.489,5.522,7112.9
2024-10-21 05:00:00,5.522,5.548,5.499,5.536,24210.8
2024-10-21 05:30:00,5.536,5.536,5.513,5.517,16687.4
2024-10-21 06:00:00,5.517,5.551,5.5,5.536,14762.9
2024-10-21 06:30:00,5.536,5.549,5.471,5.488,56958.0
2024-10-21 07:00:00,5.488,5.512,5.475,5.493,14646.9
2024-10-21 07:30:00,5.493,5.493,5.437,5.448,24112.2
2024-10-21 08:00:00,5.448,5.489,5.441,5.45,13443.0
2024-10-21 08:30:00,5.45,5.454,5.407,5.409,33871.0
2024-10-21 09:00:00,5.409,5.442,5.403,5.408,45576.8
2024-10-21 09:30:00,5.408,5.411,5.349,5.394,29912.7
2024-10-21 10:00:00,5.394,5.411,5.37,5.373,14661.8
2024-10-21 10:30:00,5.373,5.387,5.355,5.358,14523.6
2024-10-21 11:00:00,5.358,5.394,5.323,5.386,22444.1
2024-10-21 11:30:00,5.386,5.394,5.371,5.375,16097.5
2024-10-21 12:00:00,5.375,5.42,5.375,5.393,25124.9
2024-10-21 12:30:00,5.393,5.407,5.346,5.368,12754.3
2024-10-21 13:00:00,5.368,5.392,5.272,5.316,48543.6
2024-10-21 13:30:00,5.316,5.319,5.194,5.233,101677.3
2024-10-21 14:00:00,5.233,5.295,5.223,5.27,52146.4
2024-10-21 14:30:00,5.27,5.289,5.245,5.277,20726.5
2024-10-21 15:00:00,5.277,5.277,5.232,5.26,27704.6
2024-10-21 15:30:00,5.26,5.295,5.253,5.293,18607.6
2024-10-21 16:00:00,5.293,5.293,5.226,5.231,15202.5
2024-10-21 16:30:00,5.231,5.287,5.218,5.274,17839.3
2024-10-21 17:00:00,5.274,5.313,5.271,5.3,17036.8
2024-10-21 17:30:00,5.3,5.325,5.298,5.313,14742.5
2024-10-21 18:00:00,5.313,5.313,5.279,5.295,14300.9
2024-10-21 18:30:00,5.295,5.309,5.278,5.297,9878.3
2024-10-21 19:00:00,5.297,5.32,5.294,5.316,10226.5
2024-10-21 19:30:00,5.316,5.348,5.29,5.335,32828.1
2024-10-21 20:00:00,5.335,5.351,5.303,5.313,16329.8
2024-10-21 20:30:00,5.313,5.329,5.306,5.316,5346.6
2024-10-21 21:00:00,5.316,5.351,5.316,5.333,6905.2
2024-10-21 21:30:00,5.333,5.335,5.301,5.315,7718.5
2024-10-21 22:00:00,5.315,5.334,5.301,5.323,11477.0
2024-10-21 22:30:00,5.323,5.329,5.294,5.312,21947.2
2024-10-21 23:00:00,5.312,5.312,5.253,5.253,14856.2
2024-10-21 23:30:00,5.253,5.256,5.233,5.238,12222.2
2024-10-22 00:00:00,5.238,5.262,5.212,5.213,12932.3
2024-10-22 00:30:00,5.213,5.25,5.155,5.237,92107.3
2024-10-22 01:00:00,5.237,5.279,5.211,5.272,10586.5
2024-10-22 01:30:00,5.272,5.289,5.248,5.275,20029.7
2024-10-22 02:00:00,5.275,5.302,5.267,5.274,8489.0
2024-10-22 02:30:00,5.274,5.294,5.241,5.246,6996.6
2024-10-22 03:00:00,5.246,5.275,5.237,5.272,8485.2
2024-10-22 03:30:00,5.272,5.289,5.255,5.286,6676.6
2024-10-22 04:00:00,5.286,5.288,5.247,5.279,9172.1
2024-10-22 04:30:00,5.279,5.279,5.247,5.27,8707.0
2024-10-22 05:00:00,5.27,5.311,5.259,5.29,16679.8
2024-10-22 05:30:00,5.29,5.312,5.29,5.303,9053.5
2024-10-22 06:00:00,5.303,5.333,5.299,5.325,14584.7
2024-10-22 06:30:00,5.325,5.336,5.311,5.312,6795.7
2024-10-22 07:00:00,5.312,5.343,5.312,5.331,20549.5
2024-10-22 07:30:00,5.331,5.34,5.291,5.297,25028.1
2024-10-22 08:00:00,5.297,5.317,5.256,5.259,29111.2
2024-10-22 08:30:00,5.259,5.276,5.222,5.227,30690.4
2024-10-22 09:00:00,5.227,5.231,5.183,5.197,24181.2
2024-10-22 09:30:00,5.197,5.218,5.166,5.214,18068.6
2024-10-22 10:00:00,5.214,5.228,5.175,5.21,16954.5
2024-10-22 10:30:00,5.21,5.233,5.21,5.224,6770.9
2024-10-22 11:00:00,5.224,5.244,5.212,5.227,12141.6
2024-10-22 11:30:00,5.227,5.239,5.19,5.192,12573.0
2024-10-22 12:00:00,5.192,5.231,5.147,5.172,47136.9
2024-10-22 12:30:00,5.172,5.181,5.124,5.151,31492.8
2024-10-22 13:00:00,5.151,5.178,5.125,5.166,21194.8
2024-10-22 13:30:00,5.166,5.172,5.087,5.149,59068.2
2024-10-22 14:00:00,5.149,5.236,5.139,5.152,27202.2
2024-10-22 14:30:00,5.152,5.244,5.152,5.237,22779.7
2024-10-22 15:00:00,5.237,5.253,5.162,5.181,39031.1
2024-10-22 15:30:00,5.181,5.225,5.178,5.207,14394.3
2024-10-22 16:00:00,5.207,5.217,5.174,5.187,13871.9
2024-10-22 16:30:00,5.187,5.206,5.151,5.156,23157.9
2024-10-22 17:00:00,5.156,5.22,5.147,5.214,13227.7
2024-10-22 17:30:00,5.214,5.223,5.2,5.218,13616.4
2024-10-22 18:00:00,5.218,5.241,5.205,5.233,8672.9
2024-10-22 18:30:00,5.233,5.238,5.19,5.195,7307.5
2024-10-22 19:00:00,5.195,5.245,5.188,5.237,10098.2
2024-10-22 19:30:00,5.237,5.249,5.222,5.228,7823.4
2024-10-22 20:00:00,5.228,5.238,5.201,5.211,14138.7
2024-10-22 20:30:00,5.211,5.23,5.211,5.225,7186.1
2024-10-22 21:00:00,5.225,5.23,5.208,5.218,17439.1
2024-10-22 21:30:00,5.218,5.241,5.206,5.23,9138.6
2024-10-22 22:00:00,5.23,5.253,5.223,5.248,9671.3
2024-10-22 22:30:00,5.248,5.265,5.241,5.248,18410.4
2024-10-22 23:00:00,5.248,5.251,5.212,5.213,22663.8
2024-10-22 23:30:00,5.213,5.219,5.193,5.219,15085.0
2024-10-23 00:00:00,5.219,5.227,5.178,5.193,15331.6
2024-10-23 00:30:00,5.193,5.196,5.171,5.178,8798.4
2024-10-23 01:00:00,5.178,5.221,5.176,5.212,5039.6
2024-10-23 01:30:00,5.212,5.213,5.178,5.188,6775.6
2024-10-23 02:00:00,5.188,5.195,5.143,5.143,10343.3
2024-10-23 02:30:00,5.143,5.161,5.132,5.132,8126.5
2024-10-23 03:00:00,5.132,5.154,5.1,5.112,11090.0
2024-10-23 03:30:00,5.112,5.149,5.1,5.137,8955.4
2024-10-23 04:00:00,5.137,5.148,5.118,5.136,8922.5
2024-10-23 04:30:00,5.136,5.15,5.125,5.143,7033.4
2024-10-23 05:00:00,5.143,5.146,5.106,5.11,6905.4
2024-10-23 05:30:00,5.11,5.128,5.102,5.124,9376.4
2024-10-23 06:00:00,5.124,5.169,5.114,5.162,9595.6
2024-10-23 06:30:00,5.162,5.168,5.116,5.121,11685.1
2024-10-23 07:00:00,5.121,5.14,5.105,5.128,6587.6
2024-10-23 07:30:00,5.128,5.128,5.075,5.098,17694.0
2024-10-23 08:00:00,5.098,5.131,5.075,5.083,14417.9
2024-10-23 08:30:00,5.083,5.098,5.055,5.064,25734.0
2024-10-23 09:00:00,5.064,5.088,5.05,5.083,40576.2
2024-10-23 09:30:00,5.083,5.12,5.082,5.115,34662.6
2024-10-23 10:00:00,5.115,5.133,5.109,5.127,5723.5
2024-10-23 10:30:00,5.127,5.131,5.091,5.095,11529.3
2024-10-23 11:00:00,5.095,5.121,5.082,5.115,14992.3
2024-10-23 11:30:00,5.115,5.12,5.068,5.079,15643.1
2024-10-23 12:00:00,5.079,5.095,5.055,5.061,26902.2
2024-10-23 12:30:00,5.061,5.118,5.051,5.096,22674.8
2024-10-23 13:00:00,5.096,5.12,5.088,5.115,10275.9
2024-10-23 13:30:00,5.115,5.153,5.105,5.14,22479.4
2024-10-23 14:00:00,5.14,5.142,5.105,5.131,10489.9
2024-10-23 14:30:00,5.131,5.143,5.085,5.09,32649.4
2024-10-23 15:00:00,5.09,5.09,5.033,5.043,35913.7
2024-10-23 15:30:00,5.043,5.079,5.023,5.074,34094.4
2024-10-23 16:00:00,5.074,5.078,5.025,5.029,24624.2
2024-10-23 16:30:00,5.029,5.057,5.001,5.008,31953.5
2024-10-23 17:00:00,5.008,5.07,5.0,5.056,38443.6
2024-10-23 17:30:00,5.056,5.056,4.978,4.99,44740.7
2024-10-23 18:00:00,4.99,4.991,4.915,4.964,86982.7
2024-10-23 18:30:00,4.964,5.037,4.952,5.025,30490.7
2024-10-23 19:00:00,5.025,5.061,5.019,5.052,29080.4
2024-10-23 19:30:00,5.052,5.096,5.028,5.09,20017.8
2024-10-23 20:00:00,5.09,5.098,5.066,5.091,10597.6
2024-10-23 20:30:00,5.091,5.132,5.091,5.129,12624.3
2024-10-23 21:00:00,5.129,5.131,5.094,5.103,15539.2
2024-10-23 21:30:00,5.103,5.105,5.07,5.08,9175.5
2024-10-23 22:00:00,5.08,5.096,5.058,5.059,12705.7
2024-10-23 22:30:00,5.059,5.095,5.057,5.079,10751.9
2024-10-23 23:00:00,5.079,5.106,5.068,5.1,8079.7
2024-10-23 23:30:00,5.1,5.118,5.085,5.1,5620.1
2024-10-24 00:00:00,5.1,5.117,5.065,5.071,18303.9
2024-10-24 00:30:00,5.071,5.16,5.071,5.155,22878.5
2024-10-24 01:00:00,5.155,5.22,5.14,5.165,95054.2
2024-10-24 01:30:00,5.165,5.18,5.153,5.168,27737.2
2024-10-24 02:00:00,5.168,5.182,5.143,5.179,24530.2
2024-10-24 02:30:00,5.179,5.22,5.174,5.214,19201.2
2024-10-24 03:00:00,5.214,5.226,5.199,5.207,6704.4
2024-10-24 03:30:00,5.207,5.209,5.182,5.183,4174.0
2024-10-24 04:00:00,5.183,5.219,5.176,5.212,32596.9
2024-10-24 04:30:00,5.212,5.229,5.201,5.221,5901.5
2024-10-24 05:00:00,5.221,5.239,5.212,5.219,10093.4
2024-10-24 05:30:00,5.219,5.224,5.198,5.205,10607.2
2024-10-24 06:00:00,5.205,5.225,5.196,5.204,17143.4
2024-10-24 06:30:00,5.204,5.209,5.16,5.161,18133.2
2024-10-24 07:00:00,5.161,5.182,5.144,5.155,12270.2
2024-10-24 07:30:00,5.155,5.163,5.126,5.133,16807.4
2024-10-24 08:00:00,5.133,5.166,5.12,5.137,18703.9
2024-10-24 08:30:00,5.137,5.152,5.065,5.065,22284.3
2024-10-24 09:00:00,5.065,5.084,5.041,5.075,19843.6
2024-10-24 09:30:00,5.075,5.081,5.045,5.077,9732.4
2024-10-24 10:00:00,5.077,5.128,5.075,5.125,34856.4
2024-10-24 10:30:00,5.125,5.14,5.108,5.12,17984.7
2024-10-24 11:00:00,5.12,5.137,5.117,5.131,18560.3
2024-10-24 11:30:00,5.131,5.149,5.122,5.148,26333.7
2024-10-24 12:00:00,5.148,5.182,5.146,5.152,19793.2
2024-10-24 12:30:00,5.152,5.168,5.132,5.158,15665.6
2024-10-24 13:00:00,5.158,5.176,5.14,5.154,19767.6
2024-10-24 13:30:00,5.154,5.191,5.136,5.176,23002.0
2024-10-24 14:00:00,5.176,5.182,5.12,5.137,26776.3
2024-10-24 14:30:00,5.137,5.182,5.136,5.15,27321.8
2024-10-24 15:00:00,5.15,5.183,5.147,5.164,11387.6
2024-10-24 15:30:00,5.164,5.197,5.155,5.171,23692.8
2024-10-24 16:00:00,5.171,5.193,5.158,5.191,12517.3
2024-10-24 16:30:00,5.191,5.204,5.166,5.172,7339.2
2024-10-24 17:00:00,5.172,5.177,5.156,5.161,9875.5
2024-10-24 17:30:00,5.161,5.184,5.159,5.163,10154.1
2024-10-24 18:00:00,5.163,5.196,5.16,5.19,11747.9
2024-10-24 18:30:00,5.19,5.198,5.175,5.18,7632.2
2024-10-24 19:00:00,5.18,5.214,5.168,5.211,9565.2
2024-10-24 19:30:00,5.211,5.233,5.196,5.222,15435.6
2024-10-24 20:00:00,5.222,5.226,5.207,5.207,13294.9
2024-10-24 20:30:00,5.207,5.235,5.19,5.229,21858.4
2024-10-24 21:00:00,5.229,5.286,5.226,5.256,50349.3
2024-10-24 21:30:00,5.256,5.28,5.229,5.233,30640.8
2024-10-24 22:00:00,5.233,5.266,5.228,5.231,16996.5
2024-10-24 22:30:00,5.231,5.236,5.216,5.217,29708.0
2024-10-24 23:00:00,5.217,5.221,5.175,5.202,94789.2
2024-10-24 23:30:00,5.202,5.211,5.19,5.2,13806.6
2024-10-25 00:00:00,5.2,5.24,5.2,5.222,24842.3
2024-10-25 00:30:00,5.222,5.223,5.175,5.185,8676.5
2024-10-25 01:00:00,5.185,5.188,5.164,5.182,19683.0
2024-10-25 01:30:00,5.182,5.186,5.147,5.155,24234.2
2024-10-25 02:00:00,5.155,5.17,5.111,5.138,9018.5
2024-10-25 02:30:00,5.138,5.155,5.134,5.147,9246.0
2024-10-25 03:00:00,5.147,5.21,5.147,5.202,19250.6
2024-10-25 03:30:00,5.202,5.204,5.165,5.171,8646.9
2024-10-25 04:00:00,5.171,5.183,5.084,5.086,23049.6
2024-10-25 04:30:00,5.086,5.124,5.075,5.089,16325.5
2024-10-25 05:00:00,5.089,5.114,5.068,5.108,16536.0
2024-10-25 05:30:00,5.108,5.139,5.106,5.12,10831.2
2024-10-25 06:00:00,5.12,5.147,5.11,5.112,12433.8
2024-10-25 06:30:00,5.112,5.119,5.096,5.11,7549.5
2024-10-25 07:00:00,5.11,5.127,5.061,5.078,14825.4
2024-10-25 07:30:00,5.078,5.097,5.073,5.095,12782.7
2024-10-25 08:00:00,5.095,5.103,5.039,5.093,20050.2
2024-10-25 08:30:00,5.093,5.137,5.089,5.121,20383.3
2024-10-25 09:00:00,5.121,5.135,5.109,5.121,11049.7
2024-10-25 09:30:00,5.121,5.161,5.113,5.157,8904.1
2024-10-25 10:00:00,5.157,5.16,5.129,5.159,10219.7
2024-10-25 10:30:00,5.159,5.172,5.149,5.16,16490.3
2024-10-25 11:00:00,5.16,5.183,5.15,5.163,9617.3
2024-10-25 11:30:00,5.163,5.183,5.156,5.166,13269.8
2024-10-25 12:00:00,5.166,5.199,5.154,5.172,14487.9
2024-10-25 12:30:00,5.172,5.172,5.14,5.144,8382.9
2024-10-25 13:00:00,5.144,5.168,5.13,5.141,9671.5
2024-10-25 13:30:00,5.141,5.181,5.11,5.173,22878.9
2024-10-25 14:00:00,5.173,5.198,5.151,5.19,22999.0
2024-10-25 14:30:00,5.19,5.209,5.145,5.15,30282.0
2024-10-25 15:00:00,5.15,5.174,5.114,5.115,13252.9
2024-10-25 15:30:00,5.115,5.13,5.0,5.042,231879.4
2024-10-25 16:00:00,5.042,5.075,4.993,5.035,51576.3
2024-10-25 16:30:00,5.035,5.078,5.003,5.057,26758.1
2024-10-25 17:00:00,5.057,5.074,4.998,5.005,38146.2
2024-10-25 17:30:00,5.005,5.014,4.936,4.949,56767.7
2024-10-25 18:00:00,4.949,5.016,4.853,5.001,124180.2
2024-10-25 18:30:00,5.001,5.004,4.935,4.937,42030.4
2024-10-25 19:00:00,4.937,4.956,4.9,4.938,40607.1
2024-10-25 19:30:00,4.938,4.959,4.928,4.946,23607.9
2024-10-25 20:00:00,4.946,4.964,4.926,4.948,22615.5
2024-10-25 20:30:00,4.948,4.956,4.905,4.931,23980.2
2024-10-25 21:00:00,4.931,4.968,4.931,4.956,19520.2
2024-10-25 21:30:00,4.956,4.977,4.947,4.976,8412.6
2024-10-25 22:00:00,4.976,4.978,4.921,4.923,11041.0
2024-10-25 22:30:00,4.923,4.941,4.879,4.883,22602.1
2024-10-25 23:00:00,4.883,4.893,4.329,4.519,1445657.1
2024-10-25 23:30:00,4.519,4.63,4.499,4.612,86398.0
2024-10-26 00:00:00,4.612,4.632,4.536,4.63,67964.7
2024-10-26 00:30:00,4.63,4.715,4.629,4.671,153339.4
2024-10-26 01:00:00,4.671,4.721,4.663,4.712,129344.5
2024-10-26 01:30:00,4.712,4.721,4.678,4.699,16480.7
2024-10-26 02:00:00,4.699,4.727,4.664,4.715,27166.6
2024-10-26 02:30:00,4.715,4.754,4.689,4.71,172802.6
2024-10-26 03:00:00,4.71,4.725,4.691,4.723,17219.1
2024-10-26 03:30:00,4.723,4.759,4.721,4.751,13365.1
2024-10-26 04:00:00,4.751,4.764,4.743,4.755,10418.0
2024-10-26 04:30:00,4.755,4.765,4.739,4.758,15482.4
2024-10-26 05:00:00,4.758,4.795,4.756,4.794,10443.2
2024-10-26 05:30:00,4.794,4.798,4.779,4.786,6877.2
2024-10-26 06:00:00,4.786,4.789,4.756,4.786,25334.0
2024-10-26 06:30:00,4.786,4.82,4.779,4.806,13829.3
2024-10-26 07:00:00,4.806,4.806,4.777,4.782,24015.4
2024-10-26 07:30:00,4.782,4.793,4.775,4.777,10145.0
2024-10-26 08:00:00,4.777,4.799,4.77,4.793,47400.9
2024-10-26 08:30:00,4.793,4.809,4.784,4.8,5521.7
2024-10-26 09:00:00,4.8,4.816,4.787,4.804,8256.7
2024-10-26 09:30:00,4.804,4.808,4.785,4.786,6536.9
2024-10-26 10:00:00,4.786,4.817,4.785,4.81,12975.8
2024-10-26 10:30:00,4.81,4.818,4.792,4.803,6300.7
2024-10-26 11:00:00,4.803,4.818,4.798,4.808,9968.6
2024-10-26 11:30:00,4.808,4.845,4.805,4.842,17457.9
2024-10-26 12:00:00,4.842,4.867,4.83,4.848,20567.7
2024-10-26 12:30:00,4.848,4.861,4.833,4.837,17378.3
2024-10-26 13:00:00,4.837,4.844,4.79,4.823,47690.7
2024-10-26 13:30:00,4.823,4.83,4.759,4.761,39524.4
2024-10-26 14:00:00,4.761,4.78,4.73,4.757,28861.8
2024-10-26 14:30:00,4.757,4.757,4.675,4.684,30142.0
2024-10-26 15:00:00,4.684,4.739,4.676,4.727,27361.0
2024-10-26 15:30:00,4.727,4.74,4.698,4.719,38830.5
2024-10-26 16:00:00,4.719,4.763,4.712,4.761,10172.0
2024-10-26 16:30:00,4.761,4.8,4.753,4.794,13915.9
2024-10-26 17:00:00,4.794,4.8,4.773,4.78,19167.0
2024-10-26 17:30:00,4.78,4.82,4.78,4.789,22531.8
2024-10-26 18:00:00,4.789,4.813,4.782,4.795,15122.7
2024-10-26 18:30:00,4.795,4.797,4.775,4.776,8870.2
2024-10-26 19:00:00,4.776,4.818,4.776,4.814,6814.6
2024-10-26 19:30:00,4.814,4.817,4.795,4.808,19090.5
2024-10-26 20:00:00,4.808,4.864,4.802,4.861,20629.7
2024-10-26 20:30:00,4.861,4.864,4.823,4.837,17525.7
2024-10-26 21:00:00,4.837,4.843,4.817,4.818,14185.0
2024-10-26 21:30:00,4.818,4.83,4.801,4.807,19971.1
2024-10-26 22:00:00,4.807,4.826,4.8,4.805,9211.9
2024-10-26 22:30:00,4.805,4.812,4.796,4.805,10896.1
2024-10-26 23:00:00,4.805,4.81,4.788,4.797,13388.6
2024-10-26 23:30:00,4.797,4.812,4.788,4.791,9660.8
2024-10-27 00:00:00,4.791,4.796,4.775,4.788,8904.6
2024-10-27 00:30:00,4.788,4.788,4.762,4.78,16571.1
2024-10-27 01:00:00,4.78,4.781,4.759,4.773,5027.6
2024-10-27 01:30:00,4.773,4.826,4.768,4.826,8742.2
2024-10-27 02:00:00,4.826,4.839,4.803,4.805,7406.5
2024-10-27 02:30:00,4.805,4.814,4.79,4.793,5573.9
2024-10-27 03:00:00,4.793,4.836,4.791,4.835,7712.1
2024-10-27 03:30:00,4.835,4.848,4.83,4.842,21250.5
2024-10-27 04:00:00,4.842,4.85,4.82,4.823,13038.8
2024-10-27 04:30:00,4.823,4.827,4.81,4.816,6952.3
2024-10-27 05:00:00,4.816,4.835,4.81,4.835,4407.6
2024-10-27 05:30:00,4.835,4.841,4.823,4.828,6769.6
2024-10-27 06:00:00,4.828,4.83,4.804,4.813,6307.0
2024-10-27 06:30:00,4.813,4.82,4.798,4.811,4749.3
2024-10-27 07:00:00,4.811,4.827,4.805,4.816,7422.9
2024-10-27 07:30:00,4.816,4.821,4.808,4.818,6709.8
2024-10-27 08:00:00,4.818,4.849,4.815,4.835,21292.6
2024-10-27 08:30:00,4.835,4.852,4.83,4.847,6784.9
2024-10-27 09:00:00,4.847,4.848,4.804,4.813,7670.2
2024-10-27 09:30:00,4.813,4.825,4.803,4.825,13306.2
2024-10-27 10:00:00,4.825,4.834,4.798,4.806,8146.9
2024-10-27 10:30:00,4.806,4.814,4.789,4.796,7566.8
2024-10-27 11:00:00,4.796,4.828,4.79,4.814,5830.5
2024-10-27 11:30:00,4.814,4.818,4.791,4.797,11049.8
2024-10-27 12:00:00,4.797,4.844,4.794,4.843,12048.5
2024-10-27 12:30:00,4.843,4.855,4.819,4.82,10897.1
2024-10-27 13:00:00,4.82,4.884,4.82,4.867,15800.8
2024-10-27 13:30:00,4.867,4.874,4.841,4.848,14656.0
2024-10-27 14:00:00,4.848,4.879,4.845,4.873,15678.1
2024-10-27 14:30:00,4.873,4.893,4.863,4.876,11414.6
2024-10-27 15:00:00,4.876,4.884,4.853,4.864,59990.4
2024-10-27 15:30:00,4.864,4.882,4.854,4.872,11650.6
2024-10-27 16:00:00,4.872,4.91,4.868,4.871,13175.7
2024-10-27 16:30:00,4.871,4.903,4.869,4.882,31757.4
2024-10-27 17:00:00,4.882,4.887,4.86,4.865,7217.1
2024-10-27 17:30:00,4.865,4.887,4.834,4.836,16006.1
2024-10-27 18:00:00,4.836,4.846,4.825,4.844,8791.3
2024-10-27 18:30:00,4.844,4.847,4.817,4.821,11392.5
2024-10-27 19:00:00,4.821,4.844,4.805,4.839,9655.9
2024-10-27 19:30:00,4.839,4.855,4.838,4.85,12094.3
2024-10-27 20:00:00,4.85,4.874,4.849,4.871,7231.3
2024-10-27 20:30:00,4.871,4.877,4.844,4.847,16647.9
2024-10-27 21:00:00,4.847,4.887,4.846,4.883,7459.6
2024-10-27 21:30:00,4.883,4.912,4.874,4.896,8108.9
2024-10-27 22:00:00,4.896,4.951,4.895,4.928,39606.3
2024-10-27 22:30:00,4.928,4.93,4.895,4.897,16439.7
2024-10-27 23:00:00,4.897,4.92,4.888,4.896,6844.8
2024-10-27 23:30:00,4.896,4.899,4.863,4.874,7206.5
2024-10-28 00:00:00,4.874,4.891,4.864,4.88,17205.9
2024-10-28 00:30:00,4.88,4.885,4.851,4.864,10148.9
2024-10-28 01:00:00,4.864,4.875,4.829,4.838,10749.6
2024-10-28 01:30:00,4.838,4.849,4.821,4.826,5541.9
2024-10-28 02:00:00,4.826,4.843,4.815,4.839,9183.7
2024-10-28 02:30:00,4.839,4.839,4.801,4.807,15850.9
2024-10-28 03:00:00,4.807,4.832,4.803,4.817,9518.5
2024-10-28 03:30:00,4.817,4.823,4.748,4.757,39131.3
2024-10-28 04:00:00,4.757,4.788,4.731,4.745,9421.0
2024-10-28 04:30:00,4.745,4.771,4.735,4.765,8368.8
2024-10-28 05:00:00,4.765,4.766,4.725,4.731,24142.5
2024-10-28 05:30:00,4.731,4.778,4.702,4.765,24526.6
2024-10-28 06:00:00,4.765,4.77,4.738,4.753,9826.8
2024-10-28 06:30:00,4.753,4.779,4.74,4.777,15323.8
2024-10-28 07:00:00,4.777,4.865,4.775,4.86,22296.7
2024-10-28 07:30:00,4.86,4.863,4.82,4.828,9873.1
2024-10-28 08:00:00,4.828,4.861,4.824,4.845,7831.0
2024-10-28 08:30:00,4.845,4.845,4.823,4.832,8620.9
2024-10-28 09:00:00,4.832,4.847,4.807,4.81,13539.9
2024-10-28 09:30:00,4.81,4.874,4.792,4.861,13198.5
2024-10-28 10:00:00,4.861,4.864,4.836,4.846,5384.0
2024-10-28 10:30:00,4.846,4.869,4.845,4.851,8874.4
2024-10-28 11:00:00,4.851,4.854,4.83,4.848,7445.6
2024-10-28 11:30:00,4.848,4.861,4.835,4.857,6420.4
2024-10-28 12:00:00,4.857,4.868,4.821,4.855,25164.1
2024-10-28 12:30:00,4.855,4.873,4.836,4.844,12519.1
2024-10-28 13:00:00,4.844,4.859,4.821,4.84,8340.9
2024-10-28 13:30:00,4.84,4.868,4.8,4.802,11979.8
2024-10-28 14:00:00,4.802,4.828,4.761,4.766,26723.2
2024-10-28 14:30:00,4.766,4.808,4.758,4.777,18943.7
2024-10-28 15:00:00,4.777,4.78,4.716,4.733,22190.0
2024-10-28 15:30:00,4.733,4.742,4.705,4.707,12631.1
2024-10-28 16:00:00,4.707,4.753,4.698,4.741,39257.4
2024-10-28 16:30:00,4.741,4.742,4.691,4.697,42940.3
2024-10-28 17:00:00,4.697,4.714,4.63,4.708,49860.9
2024-10-28 17:30:00,4.708,4.748,4.693,4.705,15829.3
2024-10-28 18:00:00,4.705,4.75,4.701,4.731,9782.7
2024-10-28 18:30:00,4.731,4.747,4.708,4.743,6078.6
2024-10-28 19:00:00,4.743,4.816,4.74,4.812,16601.8
2024-10-28 19:30:00,4.812,4.826,4.78,4.813,28813.3
2024-10-28 20:00:00,4.813,4.826,4.783,4.783,9017.0
2024-10-28 20:30:00,4.783,4.802,4.782,4.794,11794.8
2024-10-28 21:00:00,4.794,4.819,4.787,4.805,9102.8
2024-10-28 21:30:00,4.805,4.897,4.805,4.897,36397.4
2024-10-28 22:00:00,4.897,4.991,4.897,4.936,79470.4
2024-10-28 22:30:00,4.936,4.977,4.932,4.952,27078.1
2024-10-28 23:00:00,4.952,4.982,4.913,4.921,16440.9
2024-10-28 23:30:00,4.921,4.934,4.901,4.909,9386.4
2024-10-29 00:00:00,4.909,4.927,4.884,4.913,18565.3
2024-10-29 00:30:00,4.913,4.977,4.899,4.966,12370.6
2024-10-29 01:00:00,4.966,4.978,4.932,4.947,12269.5
2024-10-29 01:30:00,4.947,4.978,4.934,4.976,5346.5
2024-10-29 02:00:00,4.976,5.094,4.959,5.075,30016.9
2024-10-29 02:30:00,5.075,5.083,5.045,5.071,14573.5
2024-10-29 03:00:00,5.071,5.097,5.06,5.076,9245.9
2024-10-29 03:30:00,5.076,5.106,5.057,5.064,24873.2
2024-10-29 04:00:00,5.064,5.082,5.059,5.071,9254.4
2024-10-29 04:30:00,5.071,5.076,5.053,5.076,8093.0
2024-10-29 05:00:00,5.076,5.077,5.019,5.024,13770.7
2024-10-29 05:30:00,5.024,5.03,5.006,5.006,13820.0
2024-10-29 06:00:00,5.006,5.04,4.988,5.0,10834.9
2024-10-29 06:30:00,5.0,5.026,4.998,5.016,10171.9
2024-10-29 07:00:00,5.016,5.027,4.996,5.017,9632.8
2024-10-29 07:30:00,5.017,5.025,5.0,5.025,8333.1
2024-10-29 08:00:00,5.025,5.045,5.025,5.042,20600.1
2024-10-29 08:30:00,5.042,5.066,5.039,5.042,14775.7
2024-10-29 09:00:00,5.042,5.08,5.04,5.075,7759.2
2024-10-29 09:30:00,5.075,5.085,5.059,5.08,12358.5
2024-10-29 10:00:00,5.08,5.086,5.03,5.034,27404.3
2024-10-29 10:30:00,5.034,5.062,5.033,5.048,8109.6
2024-10-29 11:00:00,5.048,5.068,5.041,5.046,12816.9
2024-10-29 11:30:00,5.046,5.069,5.041,5.05,18509.7
2024-10-29 12:00:00,5.05,5.069,5.03,5.045,12442.1
2024-10-29 12:30:00,5.045,5.051,5.0,5.012,19965.5
2024-10-29 13:00:00,5.012,5.055,5.008,5.053,18745.9
2024-10-29 13:30:00,5.053,5.073,5.021,5.064,27758.9
2024-10-29 14:00:00,5.064,5.081,5.015,5.032,20181.0
2024-10-29 14:30:00,5.032,5.048,5.024,5.04,6254.2
2024-10-29 15:00:00,5.04,5.046,5.018,5.035,8895.0
2024-10-29 15:30:00,5.035,5.076,5.017,5.07,14750.1
2024-10-29 16:00:00,5.07,5.13,5.069,5.116,56121.8
2024-10-29 16:30:00,5.116,5.188,5.109,5.148,79460.5
2024-10-29 17:00:00,5.148,5.175,5.124,5.149,54993.5
2024-10-29 17:30:00,5.149,5.16,5.093,5.109,39609.1
2024-10-29 18:00:00,5.109,5.136,5.107,5.125,39344.9
2024-10-29 18:30:00,5.125,5.163,5.119,5.157,23665.0
2024-10-29 19:00:00,5.157,5.185,5.084,5.085,87903.8
2024-10-29 19:30:00,5.085,5.102,5.041,5.052,44421.6
2024-10-29 20:00:00,5.052,5.066,4.972,5.006,65660.4
2024-10-29 20:30:00,5.006,5.058,4.993,5.055,20377.3
2024-10-29 21:00:00,5.055,5.088,5.037,5.064,18109.8
2024-10-29 21:30:00,5.064,5.09,5.064,5.089,14934.6
2024-10-29 22:00:00,5.089,5.189,5.077,5.157,128594.8
2024-10-29 22:30:00,5.157,5.208,5.157,5.195,47934.2
2024-10-29 23:00:00,5.195,5.199,5.155,5.164,16909.5
2024-10-29 23:30:00,5.164,5.179,5.145,5.149,11429.9
2024-10-30 00:00:00,5.149,5.149,5.094,5.098,16101.2
2024-10-30 00:30:00,5.098,5.105,5.05,5.061,24563.5
2024-10-30 01:00:00,5.061,5.064,5.006,5.048,26017.0
2024-10-30 01:30:00,5.048,5.079,5.044,5.077,12629.0
2024-10-30 02:00:00,5.077,5.1,5.073,5.079,18548.0
2024-10-30 02:30:00,5.079,5.088,5.065,5.071,10644.8
2024-10-30 03:00:00,5.071,5.086,5.061,5.069,8944.6
2024-10-30 03:30:00,5.069,5.103,5.064,5.083,6830.9
2024-10-30 04:00:00,5.083,5.108,5.08,5.107,7095.1
2024-10-30 04:30:00,5.107,5.116,5.093,5.103,6461.2
2024-10-30 05:00:00,5.103,5.117,5.093,5.104,10745.1
2024-10-30 05:30:00,5.104,5.106,5.085,5.092,12790.9
2024-10-30 06:00:00,5.092,5.161,5.09,5.108,21366.8
2024-10-30 06:30:00,5.108,5.122,5.069,5.069,19113.4
2024-10-30 07:00:00,5.069,5.1,5.063,5.08,16001.2
2024-10-30 07:30:00,5.08,5.084,5.044,5.058,26382.2
2024-10-30 08:00:00,5.058,5.091,5.05,5.067,9069.9
2024-10-30 08:30:00,5.067,5.073,5.006,5.008,13543.3
2024-10-30 09:00:00,5.008,5.057,5.006,5.052,12925.1
2024-10-30 09:30:00,5.052,5.062,5.028,5.046,11911.0
2024-10-30 10:00:00,5.046,5.068,5.031,5.054,32332.1
2024-10-30 10:30:00,5.054,5.056,5.015,5.019,26033.3
2024-10-30 11:00:00,5.019,5.024,4.968,4.99,59185.3
2024-10-30 11:30:00,4.99,5.018,4.975,4.98,28532.9
2024-10-30 12:00:00,4.98,4.995,4.939,4.983,57632.7
2024-10-30 12:30:00,4.983,5.005,4.95,5.003,30978.7
2024-10-30 13:00:00,5.003,5.006,4.975,4.983,9092.1
2024-10-30 13:30:00,4.983,5.048,4.962,5.04,37682.2
2024-10-30 14:00:00,5.04,5.118,5.026,5.079,79435.0
2024-10-30 14:30:00,5.079,5.115,5.067,5.087,35745.4
2024-10-30 15:00:00,5.087,5.099,4.977,5.015,92299.9
2024-10-30 15:30:00,5.015,5.027,4.992,5.002,28650.8
2024-10-30 16:00:00,5.002,5.023,4.984,5.019,24435.4
2024-10-30 16:30:00,5.019,5.046,5.003,5.028,17709.2
2024-10-30 17:00:00,5.028,5.03,4.991,5.002,16696.8
2024-10-30 17:30:00,5.002,5.02,4.976,5.004,12725.2
2024-10-30 18:00:00,5.004,5.021,4.999,5.013,7426.8
2024-10-30 18:30:00,5.013,5.021,4.988,4.998,16274.2
2024-10-30 19:00:00,4.998,5.003,4.978,4.989,8149.6
2024-10-30 19:30:00,4.989,5.001,4.973,4.974,5170.0
2024-10-30 20:00:00,4.974,5.024,4.946,4.987,25645.5
2024-10-30 20:30:00,4.987,5.035,4.978,5.035,11672.8
2024-10-30 21:00:00,5.035,5.048,4.992,5.001,17913.7
2024-10-30 21:30:00,5.001,5.013,4.973,5.009,8875.4
2024-10-30 22:00:00,5.009,5.024,4.981,5.02,7049.6
2024-10-30 22:30:00,5.02,5.022,4.989,5.002,11223.2
2024-10-30 23:00:00,5.002,5.024,4.998,5.023,10792.8
2024-10-30 23:30:00,5.023,5.024,4.976,4.979,12568.1
2024-10-31 00:00:00,4.979,5.005,4.975,4.995,6453.6
2024-10-31 00:30:00,4.995,4.996,4.952,4.959,31986.1
2024-10-31 01:00:00,4.959,4.978,4.952,4.975,11194.4
2024-10-31 01:30:00,4.975,4.977,4.894,4.948,76616.8
2024-10-31 02:00:00,4.948,4.952,4.913,4.937,42998.4
2024-10-31 02:30:00,4.937,4.964,4.873,4.908,199396.1
2024-10-31 03:00:00,4.908,4.928,4.892,4.893,68649.0
2024-10-31 03:30:00,4.893,4.904,4.882,4.888,18789.5
2024-10-31 04:00:00,4.888,4.915,4.884,4.913,21573.0
2024-10-31 04:30:00,4.913,4.93,4.906,4.914,11007.2
2024-10-31 05:00:00,4.914,4.935,4.909,4.921,10439.1
2024-10-31 05:30:00,4.921,4.932,4.917,4.922,10743.2
2024-10-31 06:00:00,4.922,4.926,4.912,4.913,8560.3
2024-10-31 06:30:00,4.913,4.915,4.877,4.894,22115.6
2024-10-31 07:00:00,4.894,4.908,4.878,4.905,5994.3
2024-10-31 07:30:00,4.905,4.922,4.905,4.912,14688.7
2024-10-31 08:00:00,4.912,4.917,4.853,4.868,36200.6
2024-10-31 08:30:00,4.868,4.878,4.856,4.876,10147.9
2024-10-31 09:00:00,4.876,4.894,4.871,4.892,7842.5
2024-10-31 09:30:00,4.892,4.929,4.885,4.889,15141.0
2024-10-31 10:00:00,4.889,4.9,4.858,4.862,12838.9
2024-10-31 10:30:00,4.862,4.92,4.857,4.912,8855.2
2024-10-31 11:00:00,4.912,4.913,4.872,4.877,10926.2
2024-10-31 11:30:00,4.877,4.887,4.874,4.876,6961.0
2024-10-31 12:00:00,4.876,4.89,4.844,4.862,23653.4
2024-10-31 12:30:00,4.862,4.874,4.844,4.853,21989.2
2024-10-31 13:00:00,4.853,4.868,4.812,4.82,25188.9
2024-10-31 13:30:00,4.82,4.843,4.805,4.827,32990.3
2024-10-31 14:00:00,4.827,4.827,4.74,4.782,62238.2
2024-10-31 14:30:00,4.782,4.796,4.752,4.781,30180.1
2024-10-31 15:00:00,4.781,4.818,4.77,4.805,14644.9
2024-10-31 15:30:00,4.805,4.81,4.777,4.797,13523.7
2024-10-31 16:00:00,4.797,4.8,4.76,4.784,31575.5
2024-10-31 16:30:00,4.784,4.789,4.77,4.78,15469.2
2024-10-31 17:00:00,4.78,4.794,4.76,4.762,15690.7
2024-10-31 17:30:00,4.762,4.77,4.719,4.762,32622.0
2024-10-31 18:00:00,4.762,4.762,4.663,4.702,129677.7
2024-10-31 18:30:00,4.702,4.719,4.673,4.706,33129.4
2024-10-31 19:00:00,4.706,4.718,4.693,4.698,12776.0
2024-10-31 19:30:00,4.698,4.713,4.666,4.672,33316.6
2024-10-31 20:00:00,4.672,4.724,4.671,4.713,27536.6
2024-10-31 20:30:00,4.713,4.733,4.664,4.732,44587.1
2024-10-31 21:00:00,4.732,4.75,4.702,4.747,20970.6
2024-10-31 21:30:00,4.747,4.755,4.74,4.742,12076.3
2024-10-31 22:00:00,4.742,4.752,4.706,4.717,21150.5
2024-10-31 22:30:00,4.717,4.761,4.715,4.756,5362.5
2024-10-31 23:00:00,4.756,4.791,4.748,4.782,15927.9
2024-10-31 23:30:00,4.782,4.794,4.771,4.777,6140.9
2024-11-01 00:00:00,4.777,4.793,4.766,4.79,11969.6
2024-11-01 00:30:00,4.79,4.798,4.768,4.786,9115.6
2024-11-01 01:00:00,4.786,4.787,4.737,4.74,12000.1
2024-11-01 01:30:00,4.74,4.783,4.714,4.74,15033.7
2024-11-01 02:00:00,4.74,4.759,4.684,4.759,38587.4
2024-11-01 02:30:00,4.759,4.768,4.726,4.763,18764.1
2024-11-01 03:00:00,4.763,4.8,4.759,4.8,9695.3
2024-11-01 03:30:00,4.8,4.8,4.767,4.773,4874.4
2024-11-01 04:00:00,4.773,4.788,4.768,4.781,5258.4
2024-11-01 04:30:00,4.781,4.792,4.771,4.777,5686.5
2024-11-01 05:00:00,4.777,4.782,4.751,4.764,7629.6
2024-11-01 05:30:00,4.764,4.768,4.747,4.751,5567.4
2024-11-01 06:00:00,4.751,4.752,4.705,4.728,12133.0
2024-11-01 06:30:00,4.728,4.739,4.696,4.699,7130.3
2024-11-01 07:00:00,4.699,4.724,4.674,4.717,11886.4
2024-11-01 07:30:00,4.717,4.724,4.688,4.709,7055.0
2024-11-01 08:00:00,4.709,4.735,4.697,4.728,7088.0
2024-11-01 08:30:00,4.728,4.735,4.713,4.72,6207.5
2024-11-01 09:00:00,4.72,4.75,4.711,4.743,8936.7
2024-11-01 09:30:00,4.743,4.762,4.739,4.758,7540.9
2024-11-01 10:00:00,4.758,4.781,4.751,4.78,7990.1
2024-11-01 10:30:00,4.78,4.798,4.77,4.787,16193.4
2024-11-01 11:00:00,4.787,4.81,4.785,4.801,12490.8
2024-11-01 11:30:00,4.801,4.802,4.778,4.784,10090.7
2024-11-01 12:00:00,4.784,4.808,4.78,4.794,17572.9
2024-11-01 12:30:00,4.794,4.846,4.783,4.845,31496.7
2024-11-01 13:00:00,4.845,4.847,4.809,4.817,14828.9
2024-11-01 13:30:00,4.817,4.945,4.814,4.939,58706.6
2024-11-01 14:00:00,4.939,4.96,4.904,4.933,41330.7
2024-11-01 14:30:00,4.933,4.947,4.868,4.898,23682.1
2024-11-01 15:00:00,4.898,4.908,4.831,4.849,26461.2
2024-11-01 15:30:00,4.849,4.849,4.68,4.723,84153.0
2024-11-01 16:00:00,4.723,4.832,4.712,4.799,34447.9
2024-11-01 16:30:00,4.799,4.81,4.751,4.799,18553.7
2024-11-01 17:00:00,4.799,4.824,4.757,4.794,20413.0
2024-11-01 17:30:00,4.794,4.795,4.76,4.772,9304.1
2024-11-01 18:00:00,4.772,4.776,4.751,4.766,7119.8
2024-11-01 18:30:00,4.766,4.774,4.736,4.74,8990.4
2024-11-01 19:00:00,4.74,4.755,4.71,4.728,18337.0
2024-11-01 19:30:00,4.728,4.756,4.722,4.739,14202.3
2024-11-01 20:00:00,4.739,4.747,4.729,4.734,8371.6
2024-11-01 20:30:00,4.734,4.739,4.7,4.702,12866.8
2024-11-01 21:00:00,4.702,4.707,4.642,4.645,22041.4
2024-11-01 21:30:00,4.645,4.697,4.618,4.691,19817.9
2024-11-01 22:00:00,4.691,4.703,4.668,4.671,10975.6
2024-11-01 22:30:00,4.671,4.703,4.667,4.677,16333.2
2024-11-01 23:00:00,4.677,4.696,4.668,4.689,10702.6
2024-11-01 23:30:00,4.689,4.704,4.686,4.694,11112.1
2024-11-02 00:00:00,4.694,4.737,4.687,4.729,10176.7
2024-11-02 00:30:00,4.729,4.736,4.717,4.73,7441.9
2024-11-02 01:00:00,4.73,4.74,4.708,4.723,11350.4
2024-11-02 01:30:00,4.723,4.725,4.707,4.72,7143.3
2024-11-02 02:00:00,4.72,4.741,4.713,4.737,7567.5
2024-11-02 02:30:00,4.737,4.738,4.698,4.699,23248.3
2024-11-02 03:00:00,4.699,4.707,4.684,4.686,15479.0
2024-11-02 03:30:00,4.686,4.695,4.67,4.681,9124.5
2024-11-02 04:00:00,4.681,4.701,4.676,4.683,5379.4
2024-11-02 04:30:00,4.683,4.685,4.666,4.67,7266.3
2024-11-02 05:00:00,4.67,4.69,4.651,4.676,6135.9
2024-11-02 05:30:00,4.676,4.706,4.673,4.696,7483.6
2024-11-02 06:00:00,4.696,4.704,4.683,4.692,9665.4
2024-11-02 06:30:00,4.692,4.719,4.678,4.703,18342.0
2024-11-02 07:00:00,4.703,4.704,4.685,4.697,5186.7
2024-11-02 07:30:00,4.697,4.71,4.691,4.702,9877.5
2024-11-02 08:00:00,4.702,4.709,4.671,4.676,7299.1
2024-11-02 08:30:00,4.676,4.681,4.66,4.663,11401.3
2024-11-02 09:00:00,4.663,4.689,4.653,4.688,5178.1
2024-11-02 09:30:00,4.688,4.701,4.666,4.674,20133.8
2024-11-02 10:00:00,4.674,4.679,4.661,4.665,10910.6
2024-11-02 10:30:00,4.665,4.682,4.66,4.681,8165.9
2024-11-02 11:00:00,4.681,4.693,4.675,4.691,10357.5
2024-11-02 11:30:00,4.691,4.696,4.666,4.67,14820.1
2024-11-02 12:00:00,4.67,4.681,4.635,4.637,9182.5
2024-11-02 12:30:00,4.637,4.657,4.607,4.616,17009.9
2024-11-02 13:00:00,4.616,4.635,4.607,4.62,9963.0
2024-11-02 13:30:00,4.62,4.62,4.527,4.541,102611.9
2024-11-02 14:00:00,4.541,4.579,4.54,4.571,16968.9
2024-11-02 14:30:00,4.571,4.582,4.542,4.58,11560.2
2024-11-02 15:00:00,4.58,4.581,4.536,4.566,14460.1
2024-11-02 15:30:00,4.566,4.587,4.553,4.568,7054.2
2024-11-02 16:00:00,4.568,4.585,4.554,4.575,16870.9
2024-11-02 16:30:00,4.575,4.612,4.575,4.607,17018.3
2024-11-02 17:00:00,4.607,4.607,4.574,4.58,7386.3
2024-11-02 17:30:00,4.58,4.592,4.543,4.554,12273.9
2024-11-02 18:00:00,4.554,4.565,4.528,4.539,7224.7
2024-11-02 18:30:00,4.539,4.568,4.535,4.56,5371.1
2024-11-02 19:00:00,4.56,4.576,4.553,4.575,7346.7
2024-11-02 19:30:00,4.575,4.594,4.569,4.577,11863.1
2024-11-02 20:00:00,4.577,4.6,4.571,4.591,8785.6
2024-11-02 20:30:00,4.591,4.604,4.582,4.598,10575.4
2024-11-02 21:00:00,4.598,4.603,4.589,4.599,7825.3
2024-11-02 21:30:00,4.599,4.632,4.598,4.608,26340.8
2024-11-02 22:00:00,4.608,4.621,4.578,4.586,8392.8
2024-11-02 22:30:00,4.586,4.59,4.573,4.574,6764.2
2024-11-02 23:00:00,4.574,4.578,4.555,4.56,8164.9
2024-11-02 23:30:00,4.56,4.598,4.56,4.598,7408.5
2024-11-03 00:00:00,4.598,4.617,4.594,4.611,8098.0
2024-11-03 00:30:00,4.611,4.618,4.58,4.58,9350.0
2024-11-03 01:00:00,4.58,4.591,4.561,4.584,7574.8
2024-11-03 01:30:00,4.584,4.584,4.52,4.52,25013.0
2024-11-03 02:00:00,4.52,4.56,4.512,4.524,23917.1
2024-11-03 02:30:00,4.524,4.53,4.407,4.451,77762.2
2024-11-03 03:00:00,4.451,4.483,4.4,4.453,33439.4
2024-11-03 03:30:00,4.453,4.501,4.451,4.484,18215.4
2024-11-03 04:00:00,4.484,4.524,4.482,4.524,13704.2
2024-11-03 04:30:00,4.524,4.536,4.516,4.534,9907.4
2024-11-03 05:00:00,4.534,4.543,4.51,4.513,5732.9
2024-11-03 05:30:00,4.513,4.516,4.483,4.483,8430.8
2024-11-03 06:00:00,4.483,4.506,4.482,4.493,5032.2
2024-11-03 06:30:00,4.493,4.544,4.492,4.516,6942.4
2024-11-03 07:00:00,4.516,4.527,4.501,4.501,10554.1
2024-11-03 07:30:00,4.501,4.509,4.487,4.495,17638.1
2024-11-03 08:00:00,4.495,4.499,4.476,4.497,12144.2
2024-11-03 08:30:00,4.497,4.506,4.482,4.498,6473.8
2024-11-03 09:00:00,4.498,4.504,4.464,4.467,11813.6
2024-11-03 09:30:00,4.467,4.474,4.432,4.436,24576.6
2024-11-03 10:00:00,4.436,4.493,4.436,4.493,9110.0
2024-11-03 10:30:00,4.493,4.493,4.463,4.465,8909.5
2024-11-03 11:00:00,4.465,4.484,4.452,4.456,7980.5
2024-11-03 11:30:00,4.456,4.456,4.424,4.436,22302.5
2024-11-03 12:00:00,4.436,4.456,4.435,4.452,13077.9
2024-11-03 12:30:00,4.452,4.454,4.417,4.419,10078.3
2024-11-03 13:00:00,4.419,4.427,4.372,4.398,30158.0
2024-11-03 13:30:00,4.398,4.4,4.306,4.313,54456.2
2024-11-03 14:00:00,4.313,4.321,4.244,4.258,62176.0
2024-11-03 14:30:00,4.258,4.294,4.211,4.226,37796.6
2024-11-03 15:00:00,4.226,4.269,4.192,4.258,54149.0
2024-11-03 15:30:00,4.258,4.317,4.231,4.302,41189.3
2024-11-03 16:00:00,4.302,4.382,4.291,4.357,45789.6
2024-11-03 16:30:00,4.357,4.357,4.304,4.348,24927.4
2024-11-03 17:00:00,4.348,4.404,4.346,4.399,25099.5
2024-11-03 17:30:00,4.399,4.413,4.382,4.389,19395.3
2024-11-03 18:00:00,4.389,4.398,4.354,4.357,6213.3
2024-11-03 18:30:00,4.357,4.357,4.292,4.319,31345.9
2024-11-03 19:00:00,4.319,4.385,4.313,4.374,15539.5
2024-11-03 19:30:00,4.374,4.403,4.366,4.403,9214.6
2024-11-03 20:00:00,4.403,4.417,4.376,4.388,9982.9
2024-11-03 20:30:00,4.388,4.449,4.385,4.441,14325.5
2024-11-03 21:00:00,4.441,4.491,4.44,4.479,13802.2
2024-11-03 21:30:00,4.479,4.485,4.443,4.464,9876.5
2024-11-03 22:00:00,4.464,4.479,4.453,4.457,8470.6
2024-11-03 22:30:00,4.457,4.467,4.436,4.462,8907.3
2024-11-03 23:00:00,4.462,4.462,4.425,4.456,7604.2
2024-11-03 23:30:00,4.456,4.463,4.439,4.447,4237.8
2024-11-04 00:00:00,4.447,4.447,4.418,4.421,8119.1
2024-11-04 00:30:00,4.421,4.423,4.377,4.405,8922.6
2024-11-04 01:00:00,4.405,4.486,4.396,4.449,339062.6
2024-11-04 01:30:00,4.449,4.463,4.421,4.423,12774.7
2024-11-04 02:00:00,4.423,4.48,4.418,4.478,317569.4
2024-11-04 02:30:00,4.478,4.485,4.461,4.482,5472.3
2024-11-04 03:00:00,4.482,4.519,4.466,4.475,15963.7
2024-11-04 03:30:00,4.475,4.478,4.441,4.443,11442.9
2024-11-04 04:00:00,4.443,4.481,4.443,4.477,6364.0
2024-11-04 04:30:00,4.477,4.484,4.45,4.454,10102.0
2024-11-04 05:00:00,4.454,4.46,4.397,4.399,15961.7
2024-11-04 05:30:00,4.399,4.416,4.392,4.398,10518.8
2024-11-04 06:00:00,4.398,4.435,4.397,4.433,9192.6
2024-11-04 06:30:00,4.433,4.445,4.415,4.441,5441.7
2024-11-04 07:00:00,4.441,4.452,4.429,4.436,5987.9
2024-11-04 07:30:00,4.436,4.439,4.392,4.396,10982.6
2024-11-04 08:00:00,4.396,4.416,4.391,4.404,13033.7
2024-11-04 08:30:00,4.404,4.404,4.358,4.373,19165.1
2024-11-04 09:00:00,4.373,4.416,4.372,4.401,9274.5
2024-11-04 09:30:00,4.401,4.401,4.361,4.395,8612.9
2024-11-04 10:00:00,4.395,4.469,4.385,4.448,17007.2
2024-11-04 10:30:00,4.448,4.457,4.42,4.436,13532.8
2024-11-04 11:00:00,4.436,4.486,4.418,4.447,10289.9
2024-11-04 11:30:00,4.447,4.463,4.444,4.444,5744.4
2024-11-04 12:00:00,4.444,4.477,4.424,4.455,7978.2
2024-11-04 12:30:00,4.455,4.465,4.426,4.438,4832.5
2024-11-04 13:00:00,4.438,4.481,4.436,4.444,6932.8
2024-11-04 13:30:00,4.444,4.456,4.391,4.391,9522.8
2024-11-04 14:00:00,4.391,4.416,4.38,4.394,13570.2
2024-11-04 14:30:00,4.394,4.399,4.358,4.376,12826.9
2024-11-04 15:00:00,4.376,4.392,4.35,4.384,14240.2
2024-11-04 15:30:00,4.384,4.385,4.341,4.36,8742.5
2024-11-04 16:00:00,4.36,4.362,4.295,4.296,31005.5
2024-11-04 16:30:00,4.296,4.299,4.239,4.26,22738.5
2024-11-04 17:00:00,4.26,4.27,4.225,4.258,20942.9
2024-11-04 17:30:00,4.258,4.29,4.25,4.257,27186.9
2024-11-04 18:00:00,4.257,4.286,4.236,4.268,9838.5
2024-11-04 18:30:00,4.268,4.27,4.235,4.241,7329.2
2024-11-04 19:00:00,4.241,4.276,4.241,4.261,7119.6
2024-11-04 19:30:00,4.261,4.266,4.244,4.255,7812.6
2024-11-04 20:00:00,4.255,4.261,4.235,4.258,6101.1
2024-11-04 20:30:00,4.258,4.26,4.201,4.211,16201.8
2024-11-04 21:00:00,4.211,4.239,4.155,4.197,61982.5
2024-11-04 21:30:00,4.197,4.2,4.116,4.134,61436.8
2024-11-04 22:00:00,4.134,4.215,4.118,4.175,23814.0
2024-11-04 22:30:00,4.175,4.256,4.162,4.226,10633.8
2024-11-04 23:00:00,4.226,4.226,4.189,4.211,9981.9
2024-11-04 23:30:00,4.211,4.233,4.197,4.22,4606.2
2024-11-05 00:00:00,4.22,4.282,4.22,4.275,22454.5
2024-11-05 00:30:00,4.275,4.293,4.264,4.272,5915.8
2024-11-05 01:00:00,4.272,4.284,4.23,4.238,6451.5
2024-11-05 01:30:00,4.238,4.302,4.232,4.29,13198.3
2024-11-05 02:00:00,4.29,4.309,4.283,4.296,7761.1
2024-11-05 02:30:00,4.296,4.302,4.257,4.27,7902.7
2024-11-05 03:00:00,4.27,4.304,4.27,4.298,6557.1
2024-11-05 03:30:00,4.298,4.302,4.28,4.296,5572.1
2024-11-05 04:00:00,4.296,4.324,4.291,4.316,10305.9
2024-11-05 04:30:00,4.316,4.337,4.307,4.318,7705.2
2024-11-05 05:00:00,4.318,4.33,4.308,4.328,5354.9
2024-11-05 05:30:00,4.328,4.352,4.323,4.348,8881.0
2024-11-05 06:00:00,4.348,4.357,4.323,4.33,7020.4
2024-11-05 06:30:00,4.33,4.339,4.326,4.337,5514.2
2024-11-05 07:00:00,4.337,4.343,4.313,4.315,6590.3
2024-11-05 07:30:00,4.315,4.353,4.315,4.342,5576.6
2024-11-05 08:00:00,4.342,4.355,4.328,4.331,6124.1
2024-11-05 08:30:00,4.331,4.362,4.326,4.359,9063.8
2024-11-05 09:00:00,4.359,4.392,4.356,4.359,19440.5
2024-11-05 09:30:00,4.359,4.371,4.345,4.35,6811.5
2024-11-05 10:00:00,4.35,4.353,4.326,4.351,8534.4
2024-11-05 10:30:00,4.351,4.354,4.333,4.338,5202.3
2024-11-05 11:00:00,4.338,4.359,4.335,4.35,5220.3
2024-11-05 11:30:00,4.35,4.386,4.347,4.365,8596.2
2024-11-05 12:00:00,4.365,4.376,4.353,4.359,9314.7
2024-11-05 12:30:00,4.359,4.406,4.352,4.388,14595.8
2024-11-05 13:00:00,4.388,4.395,4.353,4.367,10006.6
2024-11-05 13:30:00,4.367,4.388,4.367,4.38,15441.6
2024-11-05 14:00:00,4.38,4.46,4.37,4.447,21181.0
2024-11-05 14:30:00,4.447,4.547,4.441,4.485,236347.2
2024-11-05 15:00:00,4.485,4.501,4.426,4.428,21253.1
2024-11-05 15:30:00,4.428,4.46,4.407,4.436,18964.3
2024-11-05 16:00:00,4.436,4.456,4.433,4.448,8569.6
2024-11-05 16:30:00,4.448,4.465,4.433,4.458,16766.0
2024-11-05 17:00:00,4.458,4.483,4.448,4.458,12958.0
2024-11-05 17:30:00,4.458,4.458,4.417,4.42,63027.2
2024-11-05 18:00:00,4.42,4.437,4.406,4.429,15131.5
2024-11-05 18:30:00,4.429,4.443,4.422,4.427,8923.8
2024-11-05 19:00:00,4.427,4.438,4.399,4.422,10436.9
2024-11-05 19:30:00,4.422,4.422,4.315,4.335,32624.0
2024-11-05 20:00:00,4.335,4.4,4.319,4.392,15953.9
2024-11-05 20:30:00,4.392,4.417,4.381,4.405,7279.9
2024-11-05 21:00:00,4.405,4.408,4.383,4.406,4782.0
2024-11-05 21:30:00,4.406,4.412,4.366,4.378,4689.2
2024-11-05 22:00:00,4.378,4.391,4.356,4.389,10209.0
2024-11-05 22:30:00,4.389,4.43,4.389,4.428,15647.0
2024-11-05 23:00:00,4.428,4.437,4.412,4.434,18331.9
2024-11-05 23:30:00,4.434,4.442,4.41,4.419,5019.1
2024-11-06 00:00:00,4.419,4.513,4.419,4.506,9735.1
2024-11-06 00:30:00,4.506,4.596,4.505,4.588,66541.4
2024-11-06 01:00:00,4.588,4.646,4.553,4.602,79454.7
2024-11-06 01:30:00,4.602,4.643,4.577,4.597,19461.0
2024-11-06 02:00:00,4.597,4.716,4.57,4.712,38628.9
2024-11-06 02:30:00,4.712,4.812,4.711,4.801,48253.9
2024-11-06 03:00:00,4.801,4.961,4.783,4.819,136934.2
2024-11-06 03:30:00,4.819,4.883,4.799,4.875,83497.2
2024-11-06 04:00:00,4.875,4.984,4.811,4.977,301468.5
2024-11-06 04:30:00,4.977,5.039,4.948,4.948,150512.9
2024-11-06 05:00:00,4.948,4.96,4.843,4.909,75076.6
2024-11-06 05:30:00,4.909,4.945,4.884,4.939,19985.6
2024-11-06 06:00:00,4.939,4.996,4.913,4.944,28729.7
2024-11-06 06:30:00,4.944,4.974,4.883,4.889,54368.2
2024-11-06 07:00:00,4.889,4.972,4.887,4.94,20237.9
2024-11-06 07:30:00,4.94,4.98,4.841,4.868,75312.0
2024-11-06 08:00:00,4.868,4.886,4.747,4.778,68337.9
2024-11-06 08:30:00,4.778,4.836,4.745,4.826,21102.6
2024-11-06 09:00:00,4.826,4.896,4.825,4.882,28810.2
2024-11-06 09:30:00,4.882,4.899,4.865,4.876,22354.0
2024-11-06 10:00:00,4.876,4.886,4.842,4.876,22828.9
2024-11-06 10:30:00,4.876,4.933,4.863,4.912,21206.5
2024-11-06 11:00:00,4.912,4.935,4.887,4.927,10265.0
2024-11-06 11:30:00,4.927,4.942,4.904,4.938,15403.8
2024-11-06 12:00:00,4.938,4.97,4.934,4.942,15353.4
2024-11-06 12:30:00,4.942,4.949,4.896,4.908,70293.3
2024-11-06 13:00:00,4.908,4.932,4.874,4.898,44493.3
2024-11-06 13:30:00,4.898,4.929,4.888,4.916,19613.1
2024-11-06 14:00:00,4.916,4.928,4.878,4.909,48752.9
2024-11-06 14:30:00,4.909,4.938,4.818,4.836,38970.9
2024-11-06 15:00:00,4.836,4.911,4.829,4.889,29712.1
2024-11-06 15:30:00,4.889,4.9,4.854,4.878,16687.3
2024-11-06 16:00:00,4.878,4.9,4.858,4.88,10851.4
2024-11-06 16:30:00,4.88,4.96,4.877,4.957,44625.1
2024-11-06 17:00:00,4.957,4.975,4.929,4.935,41392.6
2024-11-06 17:30:00,4.935,4.949,4.914,4.929,14401.5
2024-11-06 18:00:00,4.929,4.989,4.927,4.989,48704.2
2024-11-06 18:30:00,4.989,5.015,4.979,5.001,14406.6
2024-11-06 19:00:00,5.001,5.005,4.973,4.985,21532.6
2024-11-06 19:30:00,4.985,5.003,4.961,4.999,26922.0
2024-11-06 20:00:00,4.999,5.027,4.983,5.016,27230.0
2024-11-06 20:30:00,5.016,5.043,5.003,5.027,20877.5
2024-11-06 21:00:00,5.027,5.047,5.006,5.025,41964.8
2024-11-06 21:30:00,5.025,5.073,5.023,5.065,30357.5
2024-11-06 22:00:00,5.065,5.082,5.039,5.074,14530.8
2024-11-06 22:30:00,5.074,5.152,5.059,5.128,13708.7
2024-11-06 23:00:00,5.128,5.142,5.082,5.099,17969.0
2024-11-06 23:30:00,5.099,5.1,5.053,5.054,16367.7
2024-11-07 00:00:00,5.054,5.095,5.04,5.082,18323.0
2024-11-07 00:30:00,5.082,5.094,5.03,5.069,30022.0
2024-11-07 01:00:00,5.069,5.187,5.058,5.171,20009.3
2024-11-07 01:30:00,5.171,5.228,5.146,5.173,58913.9
2024-11-07 02:00:00,5.173,5.238,5.165,5.213,8712.1
2024-11-07 02:30:00,5.213,5.263,5.193,5.254,24105.6
2024-11-07 03:00:00,5.254,5.257,5.196,5.227,24465.6
2024-11-07 03:30:00,5.227,5.227,5.156,5.169,11448.3
2024-11-07 04:00:00,5.169,5.179,5.113,5.116,24599.1
2024-11-07 04:30:00,5.116,5.13,5.065,5.105,31283.2
2024-11-07 05:00:00,5.105,5.115,5.058,5.09,16588.5
2024-11-07 05:30:00,5.09,5.1,5.075,5.091,8277.5
2024-11-07 06:00:00,5.091,5.094,5.033,5.054,17586.8
2024-11-07 06:30:00,5.054,5.064,4.988,5.02,23491.4
2024-11-07 07:00:00,5.02,5.04,5.0,5.035,12439.6
2024-11-07 07:30:00,5.035,5.048,5.019,5.029,9332.1
2024-11-07 08:00:00,5.029,5.083,5.023,5.075,15078.0
2024-11-07 08:30:00,5.075,5.078,5.054,5.068,96429.3
2024-11-07 09:00:00,5.068,5.071,5.019,5.03,11511.9
2024-11-07 09:30:00,5.03,5.033,5.007,5.027,20564.6
2024-11-07 10:00:00,5.027,5.03,4.995,4.997,20584.8
2024-11-07 10:30:00,4.997,5.007,4.969,5.003,34267.1
2024-11-07 11:00:00,5.003,5.009,4.992,4.996,15318.6
2024-11-07 11:30:00,4.996,5.005,4.973,4.973,25555.2
2024-11-07 12:00:00,4.973,5.019,4.973,5.005,12912.6
2024-11-07 12:30:00,5.005,5.027,4.996,5.009,14770.2
2024-11-07 13:00:00,5.009,5.02,4.98,4.987,11984.0
2024-11-07 13:30:00,4.987,4.987,4.934,4.934,26861.2
2024-11-07 14:00:00,4.934,4.988,4.934,4.985,20871.2
2024-11-07 14:30:00,4.985,5.004,4.919,4.964,34263.1
2024-11-07 15:00:00,4.964,5.031,4.948,5.029,25289.5
2024-11-07 15:30:00,5.029,5.105,5.011,5.105,20451.0
2024-11-07 16:00:00,5.105,5.113,5.039,5.068,25614.6
2024-11-07 16:30:00,5.068,5.147,5.063,5.144,72414.6
2024-11-07 17:00:00,5.144,5.156,5.071,5.096,41462.6
2024-11-07 17:30:00,5.096,5.121,5.081,5.106,17796.7
2024-11-07 18:00:00,5.106,5.121,5.052,5.088,22727.2
2024-11-07 18:30:00,5.088,5.127,5.077,5.108,40391.8
2024-11-07 19:00:00,5.108,5.108,5.019,5.056,47992.8
2024-11-07 19:30:00,5.056,5.096,5.019,5.094,19120.8
2024-11-07 20:00:00,5.094,5.132,5.074,5.092,33700.0
2024-11-07 20:30:00,5.092,5.114,5.086,5.1,29538.4
2024-11-07 21:00:00,5.1,5.136,5.093,5.119,37463.0
2024-11-07 21:30:00,5.119,5.119,5.05,5.06,26988.6
2024-11-07 22:00:00,5.06,5.068,4.969,4.993,26234.4
2024-11-07 22:30:00,4.993,5.018,4.98,4.991,24455.4
2024-11-07 23:00:00,4.991,5.013,4.954,4.99,18898.5
2024-11-07 23:30:00,4.99,5.042,4.989,5.029,47372.8
2024-11-08 00:00:00,5.029,5.112,5.029,5.107,48518.3
2024-11-08 00:30:00,5.107,5.139,5.095,5.107,9504.4
2024-11-08 01:00:00,5.107,5.14,5.091,5.13,19931.2
2024-11-08 01:30:00,5.13,5.13,5.04,5.06,29867.8
2024-11-08 02:00:00,5.06,5.065,4.99,4.991,43478.7
2024-11-08 02:30:00,4.991,5.011,4.951,4.951,52557.2
2024-11-08 03:00:00,4.951,4.997,4.942,4.987,26089.8
2024-11-08 03:30:00,4.987,5.008,4.974,5.005,8018.6
2024-11-08 04:00:00,5.005,5.037,4.997,5.017,10774.1
2024-11-08 04:30:00,5.017,5.02,4.978,4.994,9560.9
2024-11-08 05:00:00,4.994,5.02,4.988,5.017,7162.9
2024-11-08 05:30:00,5.017,5.03,5.002,5.007,9380.9
2024-11-08 06:00:00,5.007,5.023,4.98,5.015,11458.1
2024-11-08 06:30:00,5.015,5.017,4.986,4.993,11157.4
2024-11-08 07:00:00,4.993,5.001,4.938,4.992,27167.7
2024-11-08 07:30:00,4.992,5.011,4.98,4.993,15537.1
2024-11-08 08:00:00,4.993,4.993,4.931,4.96,15994.3
2024-11-08 08:30:00,4.96,4.969,4.936,4.942,14074.4
2024-11-08 09:00:00,4.942,4.996,4.936,4.994,15302.4
2024-11-08 09:30:00,4.994,5.002,4.974,4.983,23671.2
2024-11-08 10:00:00,4.983,4.991,4.959,4.988,22770.6
2024-11-08 10:30:00,4.988,5.031,4.98,5.025,17603.2
2024-11-08 11:00:00,5.025,5.033,4.996,5.008,18534.6
2024-11-08 11:30:00,5.008,5.023,4.988,4.988,25581.9
2024-11-08 12:00:00,4.988,5.014,4.988,4.993,10780.2
2024-11-08 12:30:00,4.993,5.047,4.993,5.034,34905.6
2024-11-08 13:00:00,5.034,5.04,4.999,5.008,20247.9
2024-11-08 13:30:00,5.008,5.051,4.981,5.046,15671.4
2024-11-08 14:00:00,5.046,5.061,5.017,5.059,25797.1
2024-11-08 14:30:00,5.059,5.068,4.934,4.942,34806.1
2024-11-08 15:00:00,4.942,5.003,4.913,4.987,46729.8
2024-11-08 15:30:00,4.987,5.003,4.904,4.941,52579.8
2024-11-08 16:00:00,4.941,4.976,4.928,4.948,21357.4
2024-11-08 16:30:00,4.948,4.953,4.854,4.871,50362.2
2024-11-08 17:00:00,4.871,4.885,4.795,4.811,53498.8
2024-11-08 17:30:00,4.811,4.891,4.805,4.879,34066.2
2024-11-08 18:00:00,4.879,4.887,4.859,4.88,28751.4
2024-11-08 18:30:00,4.88,4.927,4.872,4.919,54049.9
2024-11-08 19:00:00,4.919,4.95,4.912,4.944,27374.8
2024-11-08 19:30:00,4.944,4.977,4.934,4.949,36156.8
2024-11-08 20:00:00,4.949,4.963,4.888,4.892,26141.5
2024-11-08 20:30:00,4.892,4.919,4.884,4.916,8217.2
2024-11-08 21:00:00,4.916,4.93,4.88,4.902,17324.9
2024-11-08 21:30:00,4.902,4.933,4.897,4.927,6045.9
2024-11-08 22:00:00,4.927,4.958,4.914,4.958,9748.7
2024-11-08 22:30:00,4.958,4.958,4.934,4.952,13625.0
2024-11-08 23:00:00,4.952,4.956,4.934,4.943,7580.0
2024-11-08 23:30:00,4.943,4.984,4.938,4.975,37917.0
2024-11-09 00:00:00,4.975,5.017,4.974,5.008,20696.6
2024-11-09 00:30:00,5.008,5.025,4.977,4.997,13678.5
2024-11-09 01:00:00,4.997,5.001,4.93,4.931,21109.0
2024-11-09 01:30:00,4.931,4.959,4.918,4.929,17509.0
2024-11-09 02:00:00,4.929,4.932,4.89,4.917,15309.5
2024-11-09 02:30:00,4.917,4.936,4.904,4.935,19566.5
2024-11-09 03:00:00,4.935,4.95,4.877,4.889,91614.4
2024-11-09 03:30:00,4.889,4.899,4.866,4.881,16576.9
2024-11-09 04:00:00,4.881,4.92,4.881,4.912,8537.6
2024-11-09 04:30:00,4.912,4.926,4.901,4.918,14289.1
2024-11-09 05:00:00,4.918,4.965,4.918,4.944,11746.0
2024-11-09 05:30:00,4.944,5.057,4.94,5.051,15358.8
2024-11-09 06:00:00,5.051,5.1,5.042,5.087,25697.8
2024-11-09 06:30:00,5.087,5.092,5.039,5.065,32823.1
2024-11-09 07:00:00,5.065,5.09,5.033,5.09,31355.7
2024-11-09 07:30:00,5.09,5.131,5.053,5.124,25450.9
2024-11-09 08:00:00,5.124,5.187,5.112,5.179,26096.8
2024-11-09 08:30:00,5.179,5.21,5.173,5.186,24275.5
2024-11-09 09:00:00,5.186,5.21,5.171,5.177,18267.1
2024-11-09 09:30:00,5.177,5.244,5.177,5.224,21895.7
2024-11-09 10:00:00,5.224,5.241,5.191,5.202,52691.3
2024-11-09 10:30:00,5.202,5.224,5.18,5.215,38938.4
2024-11-09 11:00:00,5.215,5.235,5.19,5.198,22901.9
2024-11-09 11:30:00,5.198,5.214,5.181,5.206,20070.7
2024-11-09 12:00:00,5.206,5.234,5.121,5.14,67578.7
2024-11-09 12:30:00,5.14,5.144,5.085,5.086,33249.6
2024-11-09 13:00:00,5.086,5.137,5.086,5.132,16876.5
2024-11-09 13:30:00,5.132,5.159,5.122,5.129,18234.0
2024-11-09 14:00:00,5.129,5.129,5.071,5.097,28905.1
2024-11-09 14:30:00,5.097,5.098,5.03,5.073,117165.7
2024-11-09 15:00:00,5.073,5.074,5.03,5.057,16173.5
2024-11-09 15:30:00,5.057,5.12,5.056,5.106,35095.8
2024-11-09 16:00:00,5.106,5.128,5.059,5.084,15406.3
2024-11-09 16:30:00,5.084,5.138,5.069,5.117,9864.0
2024-11-09 17:00:00,5.117,5.118,5.012,5.102,38536.2
2024-11-09 17:30:00,5.102,5.127,5.077,5.124,24091.1
2024-11-09 18:00:00,5.124,5.133,5.103,5.124,13621.5
2024-11-09 18:30:00,5.124,5.142,5.111,5.125,20373.2
2024-11-09 19:00:00,5.125,5.166,5.102,5.127,19132.2
2024-11-09 19:30:00,5.127,5.13,5.088,5.111,13659.2
2024-11-09 20:00:00,5.111,5.141,5.1,5.138,8411.1
2024-11-09 20:30:00,5.138,5.171,5.125,5.167,24433.4
2024-11-09 21:00:00,5.167,5.193,5.16,5.189,79029.7
2024-11-09 21:30:00,5.189,5.19,5.155,5.172,20627.1
2024-11-09 22:00:00,5.172,5.241,5.168,5.24,13444.3
2024-11-09 22:30:00,5.24,5.438,5.239,5.408,126689.4
2024-11-09 23:00:00,5.408,5.412,5.348,5.351,72618.0
2024-11-09 23:30:00,5.351,5.386,5.299,5.317,44661.4
2024-11-10 00:00:00,5.317,5.386,5.285,5.371,51331.9
2024-11-10 00:30:00,5.371,5.38,5.32,5.337,25048.1
2024-11-10 01:00:00,5.337,5.359,5.29,5.297,18861.0
2024-11-10 01:30:00,5.297,5.309,5.249,5.282,106878.6
2024-11-10 02:00:00,5.282,5.35,5.279,5.336,25011.3
2024-11-10 02:30:00,5.336,5.358,5.312,5.313,16624.9
2024-11-10 03:00:00,5.313,5.371,5.29,5.365,12812.7
2024-11-10 03:30:00,5.365,5.383,5.353,5.367,11593.8
2024-11-10 04:00:00,5.367,5.369,5.326,5.35,24718.0
2024-11-10 04:30:00,5.35,5.459,5.347,5.425,26535.6
2024-11-10 05:00:00,5.425,5.47,5.399,5.459,15816.2
2024-11-10 05:30:00,5.459,5.487,5.367,5.398,41240.4
2024-11-10 06:00:00,5.398,5.414,5.357,5.377,28888.6
2024-11-10 06:30:00,5.377,5.404,5.358,5.404,20929.6
2024-11-10 07:00:00,5.404,5.428,5.392,5.402,21826.2
2024-11-10 07:30:00,5.402,5.423,5.392,5.417,18825.1
2024-11-10 08:00:00,5.417,5.454,5.416,5.432,36183.4
2024-11-10 08:30:00,5.432,5.46,5.406,5.459,24104.8
2024-11-10 09:00:00,5.459,5.481,5.447,5.478,68558.8
2024-11-10 09:30:00,5.478,5.535,5.468,5.516,28425.5
2024-11-10 10:00:00,5.516,5.545,5.497,5.504,27804.4
2024-11-10 10:30:00,5.504,5.561,5.5,5.55,17444.1
2024-11-10 11:00:00,5.55,5.582,5.519,5.524,38903.2
2024-11-10 11:30:00,5.524,5.592,5.518,5.577,43518.0
2024-11-10 12:00:00,5.577,5.601,5.453,5.459,115717.5
2024-11-10 12:30:00,5.459,5.58,5.448,5.579,55830.5
2024-11-10 13:00:00,5.579,5.597,5.54,5.581,42639.4
2024-11-10 13:30:00,5.581,5.642,5.548,5.639,70140.9
2024-11-10 14:00:00,5.639,5.706,5.602,5.689,49473.1
2024-11-10 14:30:00,5.689,5.7,5.467,5.543,148851.5
2024-11-10 15:00:00,5.543,5.626,5.508,5.561,96899.6
2024-11-10 15:30:00,5.561,5.734,5.561,5.723,126284.9
2024-11-10 16:00:00,5.723,5.744,5.626,5.709,79754.4
2024-11-10 16:30:00,5.709,5.773,5.697,5.75,63589.7
2024-11-10 17:00:00,5.75,5.835,5.73,5.824,56564.4
2024-11-10 17:30:00,5.824,5.958,5.824,5.881,166346.6
2024-11-10 18:00:00,5.881,5.914,5.849,5.877,43371.8
2024-11-10 18:30:00,5.877,5.969,5.846,5.897,66030.6
2024-11-10 19:00:00,5.897,5.897,5.739,5.775,137631.8
2024-11-10 19:30:00,5.775,5.805,5.6,5.684,100648.2
2024-11-10 20:00:00,5.684,5.725,5.574,5.632,67685.7
2024-11-10 20:30:00,5.632,5.665,5.484,5.489,96902.5
2024-11-10 21:00:00,5.489,5.515,5.275,5.512,358099.7
2024-11-10 21:30:00,5.512,5.616,5.49,5.593,187136.2
2024-11-10 22:00:00,5.593,5.775,5.58,5.694,52864.7
2024-11-10 22:30:00,5.694,5.718,5.542,5.652,270203.9
2024-11-10 23:00:00,5.652,5.666,5.593,5.635,23864.7
2024-11-10 23:30:00,5.635,5.686,5.6,5.642,61295.4
2024-11-11 00:00:00,5.642,5.773,5.621,5.767,154577.1
2024-11-11 00:30:00,5.767,5.808,5.728,5.754,46403.2
2024-11-11 01:00:00,5.754,5.825,5.71,5.82,31481.8
2024-11-11 01:30:00,5.82,5.851,5.783,5.821,31225.4
2024-11-11 02:00:00,5.821,5.924,5.778,5.918,31098.1
2024-11-11 02:30:00,5.918,6.15,5.889,6.133,378424.6
2024-11-11 03:00:00,6.133,6.133,5.93,5.933,93999.1
2024-11-11 03:30:00,5.933,6.026,5.929,6.015,82245.3
2024-11-11 04:00:00,6.015,6.038,5.896,5.896,73556.6
2024-11-11 04:30:00,5.896,6.062,5.895,6.056,47930.9
2024-11-11 05:00:00,6.056,6.059,5.882,5.913,57932.7
2024-11-11 05:30:00,5.913,5.969,5.758,5.857,130233.1
2024-11-11 06:00:00,5.857,5.923,5.782,5.914,51863.7
2024-11-11 06:30:00,5.914,5.942,5.836,5.896,33533.6
2024-11-11 07:00:00,5.896,5.96,5.878,5.924,22924.8
2024-11-11 07:30:00,5.924,6.157,5.917,6.12,114986.4
2024-11-11 08:00:00,6.12,6.239,6.023,6.035,264443.6
2024-11-11 08:30:00,6.035,6.049,5.962,6.024,84781.7
2024-11-11 09:00:00,6.024,6.074,5.981,6.024,212556.1
2024-11-11 09:30:00,6.024,6.177,6.024,6.14,52486.2
2024-11-11 10:00:00,6.14,6.194,6.109,6.125,57607.8
2024-11-11 10:30:00,6.125,6.186,6.103,6.144,155711.2
2024-11-11 11:00:00,6.144,6.231,6.135,6.19,109731.7
2024-11-11 11:30:00,6.19,6.225,6.138,6.203,24690.9
2024-11-11 12:00:00,6.203,6.233,6.001,6.086,150484.1
2024-11-11 12:30:00,6.086,6.184,6.074,6.148,34768.4
2024-11-11 13:00:00,6.148,6.156,6.008,6.09,41755.5
2024-11-11 13:30:00,6.09,6.157,6.039,6.139,161439.8
2024-11-11 14:00:00,6.139,6.273,6.12,6.152,64268.9
2024-11-11 14:30:00,6.152,6.267,6.129,6.25,52176.9
2024-11-11 15:00:00,6.25,6.313,6.22,6.275,76561.3
2024-11-11 15:30:00,6.275,6.279,6.143,6.194,113632.6
2024-11-11 16:00:00,6.194,6.254,6.126,6.217,77585.3
2024-11-11 16:30:00,6.217,6.295,6.154,6.23,250521.4
2024-11-11 17:00:00,6.23,6.424,6.224,6.41,88475.9
2024-11-11 17:30:00,6.41,6.485,6.353,6.363,123783.3
2024-11-11 18:00:00,6.363,6.416,6.317,6.403,42068.4
2024-11-11 18:30:00,6.403,6.488,6.377,6.483,50099.7
2024-11-11 19:00:00,6.483,6.528,6.373,6.404,155068.0
2024-11-11 19:30:00,6.404,6.49,6.398,6.456,46706.1
2024-11-11 20:00:00,6.456,6.596,6.454,6.515,66138.8
2024-11-11 20:30:00,6.515,6.636,6.495,6.596,79693.7
2024-11-11 21:00:00,6.596,6.777,6.543,6.745,152650.7
2024-11-11 21:30:00,6.745,6.809,6.549,6.594,307946.4
2024-11-11 22:00:00,6.594,6.714,6.506,6.531,366338.0
2024-11-11 22:30:00,6.531,6.781,6.474,6.762,166950.9
2024-11-11 23:00:00,6.762,6.976,6.743,6.915,152504.3
2024-11-11 23:30:00,6.915,7.111,6.835,6.936,192485.7
2024-11-12 00:00:00,6.936,6.961,6.646,6.881,269526.5
2024-11-12 00:30:00,6.881,6.958,6.743,6.894,54372.3
2024-11-12 01:00:00,6.894,6.901,6.779,6.819,74564.3
2024-11-12 01:30:00,6.819,7.0,6.814,6.935,93735.1
2024-11-12 02:00:00,6.935,7.419,6.934,7.255,190626.9
2024-11-12 02:30:00,7.255,7.261,7.086,7.147,105747.1
2024-11-12 03:00:00,7.147,7.309,7.086,7.186,79609.9
2024-11-12 03:30:00,7.186,7.405,7.156,7.392,157266.0
2024-11-12 04:00:00,7.392,7.507,7.274,7.331,178432.1
2024-11-12 04:30:00,7.331,7.442,7.181,7.181,76364.1
2024-11-12 05:00:00,7.181,7.267,7.123,7.134,63591.8
2024-11-12 05:30:00,7.134,7.268,7.07,7.258,73917.3
2024-11-12 06:00:00,7.258,7.476,7.239,7.335,247080.0
2024-11-12 06:30:00,7.335,7.458,7.302,7.428,463016.0
2024-11-12 07:00:00,7.428,7.561,7.382,7.433,247296.9
2024-11-12 07:30:00,7.433,7.457,7.3,7.356,84559.2
2024-11-12 08:00:00,7.356,7.429,7.22,7.258,243561.6
2024-11-12 08:30:00,7.258,7.428,7.255,7.416,55002.9
2024-11-12 09:00:00,7.416,7.568,7.311,7.516,113237.5
2024-11-12 09:30:00,7.516,7.595,7.089,7.096,340515.4
2024-11-12 10:00:00,7.096,7.298,6.823,6.986,526098.3
2024-11-12 10:30:00,6.986,7.095,6.464,6.9,700178.6
2024-11-12 11:00:00,6.9,7.082,6.808,7.066,345437.2
2024-11-12 11:30:00,7.066,7.166,6.866,6.941,210696.5
2024-11-12 12:00:00,6.941,7.075,6.816,6.845,208842.9
2024-11-12 12:30:00,6.845,6.88,6.633,6.735,252296.4
2024-11-12 13:00:00,6.735,6.867,6.608,6.808,212691.3
2024-11-12 13:30:00,6.808,6.854,6.516,6.742,187337.6
2024-11-12 14:00:00,6.742,6.904,6.7,6.885,118704.6
2024-11-12 14:30:00,6.885,7.072,6.743,7.051,137515.9
2024-11-12 15:00:00,7.051,7.105,6.861,6.907,206725.5
2024-11-12 15:30:00,6.907,7.03,6.837,6.93,87683.4
2024-11-12 16:00:00,6.93,7.017,6.74,6.88,192104.1
2024-11-12 16:30:00,6.88,7.058,6.827,6.951,121516.3
2024-11-12 17:00:00,6.951,6.983,6.876,6.947,56026.4
2024-11-12 17:30:00,6.947,7.047,6.894,6.915,147653.0
2024-11-12 18:00:00,6.915,7.186,6.915,7.122,78190.0
2024-11-12 18:30:00,7.122,7.2,7.062,7.147,141297.5
2024-11-12 19:00:00,7.147,7.36,7.118,7.308,174522.7
2024-11-12 19:30:00,7.308,7.318,7.145,7.156,70168.5
2024-11-12 20:00:00,7.156,7.212,7.076,7.128,88857.1
2024-11-12 20:30:00,7.128,7.226,7.077,7.12,113096.8
2024-11-12 21:00:00,7.12,7.16,7.017,7.151,101192.3
2024-11-12 21:30:00,7.151,7.211,7.101,7.18,48864.5
2024-11-12 22:00:00,7.18,7.234,7.072,7.181,46590.1
2024-11-12 22:30:00,7.181,7.498,7.181,7.476,239861.8
2024-11-12 23:00:00,7.476,7.517,7.253,7.315,103860.4
2024-11-12 23:30:00,7.315,7.359,7.183,7.212,69714.7
2024-11-13 00:00:00,7.212,7.266,7.019,7.118,75587.7
2024-11-13 00:30:00,7.118,7.182,6.978,7.002,284083.1
2024-11-13 01:00:00,7.002,7.1,6.91,6.97,106140.8
2024-11-13 01:30:00,6.97,7.066,6.915,7.026,27350.5
2024-11-13 02:00:00,7.026,7.029,6.796,6.858,47677.4
2024-11-13 02:30:00,6.858,6.858,6.748,6.844,45910.9
2024-11-13 03:00:00,6.844,6.866,6.69,6.695,25899.7
2024-11-13 03:30:00,6.695,6.747,6.586,6.6,70324.7
2024-11-13 04:00:00,6.6,6.746,6.591,6.606,116698.1
2024-11-13 04:30:00,6.606,6.617,6.351,6.562,106296.7
2024-11-13 05:00:00,6.562,6.65,6.454,6.65,92307.1
2024-11-13 05:30:00,6.65,6.663,6.46,6.482,75650.9
2024-11-13 06:00:00,6.482,6.593,6.458,6.463,34290.7
2024-11-13 06:30:00,6.463,6.51,6.348,6.434,106024.7
2024-11-13 07:00:00,6.434,6.625,6.412,6.592,102192.8
2024-11-13 07:30:00,6.592,6.731,6.543,6.707,84371.0
2024-11-13 08:00:00,6.707,6.767,6.66,6.757,34250.2
2024-11-13 08:30:00,6.757,6.781,6.67,6.716,75520.8
2024-11-13 09:00:00,6.716,6.757,6.676,6.683,30178.7
2024-11-13 09:30:00,6.683,6.689,6.605,6.62,41774.4
2024-11-13 10:00:00,6.62,6.666,6.572,6.656,16930.3
2024-11-13 10:30:00,6.656,6.92,6.611,6.909,71780.7
2024-11-13 11:00:00,6.909,7.053,6.863,6.901,93469.4
2024-11-13 11:30:00,6.901,6.957,6.887,6.946,12969.6
2024-11-13 12:00:00,6.946,7.02,6.864,6.864,55922.8
2024-11-13 12:30:00,6.864,6.916,6.816,6.843,29004.3
2024-11-13 13:00:00,6.843,6.973,6.8,6.944,30953.6
2024-11-13 13:30:00,6.944,7.243,6.936,7.15,300522.7
2024-11-13 14:00:00,7.15,7.227,7.035,7.086,81463.0
2024-11-13 14:30:00,7.086,7.416,7.079,7.352,182576.5
2024-11-13 15:00:00,7.352,7.442,7.09,7.442,432119.9
2024-11-13 15:30:00,7.442,7.511,7.316,7.479,139426.4
2024-11-13 16:00:00,7.479,7.479,7.222,7.268,113596.1
2024-11-13 16:30:00,7.268,7.311,7.107,7.147,85115.2
2024-11-13 17:00:00,7.147,7.278,7.13,7.152,89839.2
2024-11-13 17:30:00,7.152,7.222,7.114,7.204,49324.9
2024-11-13 18:00:00,7.204,7.286,7.181,7.198,38470.7
2024-11-13 18:30:00,7.198,7.213,7.054,7.095,77392.0
2024-11-13 19:00:00,7.095,7.108,6.775,6.931,359824.9
2024-11-13 19:30:00,6.931,6.947,6.781,6.847,95801.4
2024-11-13 20:00:00,6.847,6.985,6.717,6.947,89620.2
2024-11-13 20:30:00,6.947,7.049,6.895,6.935,115361.5
2024-11-13 21:00:00,6.935,6.947,6.768,6.926,90502.2
2024-11-13 21:30:00,6.926,7.013,6.914,6.925,37626.0
2024-11-13 22:00:00,6.925,7.036,6.895,7.024,86040.8
2024-11-13 22:30:00,7.024,7.078,6.995,7.058,45371.1
2024-11-13 23:00:00,7.058,7.096,6.963,7.064,85393.2
2024-11-13 23:30:00,7.064,7.087,6.994,7.009,37878.7
2024-11-14 00:00:00,7.009,7.016,6.912,6.985,36157.6
2024-11-14 00:30:00,6.985,7.001,6.85,6.859,34514.4
2024-11-14 01:00:00,6.859,6.896,6.805,6.83,69388.3
2024-11-14 01:30:00,6.83,6.907,6.821,6.901,20869.2
2024-11-14 02:00:00,6.901,6.938,6.792,6.827,26171.4
2024-11-14 02:30:00,6.827,6.881,6.782,6.856,26133.8
2024-11-14 03:00:00,6.856,6.882,6.74,6.855,15019.8
2024-11-14 03:30:00,6.855,6.94,6.815,6.929,15345.3
2024-11-14 04:00:00,6.929,7.045,6.884,7.003,29508.9
2024-11-14 04:30:00,7.003,7.043,6.942,7.002,69735.3
2024-11-14 05:00:00,7.002,7.047,6.989,7.031,14370.1
2024-11-14 05:30:00,7.031,7.108,7.009,7.105,22473.1
2024-11-14 06:00:00,7.105,7.268,7.07,7.211,62885.7
2024-11-14 06:30:00,7.211,7.214,7.01,7.012,115717.3
2024-11-14 07:00:00,7.012,7.093,6.916,7.093,106325.9
2024-11-14 07:30:00,7.093,7.165,7.025,7.124,32993.1
2024-11-14 08:00:00,7.124,7.17,7.074,7.136,50320.9
2024-11-14 08:30:00,7.136,7.195,7.071,7.154,31217.3
2024-11-14 09:00:00,7.154,7.188,7.091,7.149,38299.8
2024-11-14 09:30:00,7.149,7.189,7.034,7.121,27323.7
2024-11-14 10:00:00,7.121,7.174,7.107,7.123,16727.6
2024-11-14 10:30:00,7.123,7.145,6.94,6.955,44575.0
2024-11-14 11:00:00,6.955,6.983,6.822,6.934,60824.1
2024-11-14 11:30:00,6.934,7.019,6.846,7.008,53987.1
2024-11-14 12:00:00,7.008,7.039,6.915,7.025,47312.6
2024-11-14 12:30:00,7.025,7.025,6.925,6.988,30982.3
2024-11-14 13:00:00,6.988,7.071,6.984,7.008,23539.0
2024-11-14 13:30:00,7.008,7.065,6.888,6.891,26893.1
2024-11-14 14:00:00,6.891,7.005,6.878,6.99,89440.2
2024-11-14 14:30:00,6.99,7.043,6.655,6.705,313933.2
2024-11-14 15:00:00,6.705,6.817,6.647,6.746,56063.0
2024-11-14 15:30:00,6.746,6.758,6.674,6.713,34786.3
2024-11-14 16:00:00,6.713,6.852,6.671,6.842,65054.3
2024-11-14 16:30:00,6.842,7.203,6.839,7.164,175498.1
2024-11-14 17:00:00,7.164,7.19,7.068,7.068,56407.4
2024-11-14 17:30:00,7.068,7.095,6.993,7.053,23281.7
2024-11-14 18:00:00,7.053,7.168,7.036,7.081,54176.1
2024-11-14 18:30:00,7.081,7.104,6.978,7.011,32873.5
2024-11-14 19:00:00,7.011,7.044,6.979,6.996,25142.5
2024-11-14 19:30:00,6.996,7.004,6.916,6.98,25269.8
2024-11-14 20:00:00,6.98,6.98,6.852,6.916,45143.0
2024-11-14 20:30:00,6.916,6.922,6.806,6.811,32925.9
2024-11-14 21:00:00,6.811,6.869,6.754,6.836,167303.8
2024-11-14 21:30:00,6.836,6.866,6.75,6.843,37578.5
2024-11-14 22:00:00,6.843,6.88,6.75,6.758,168811.5
2024-11-14 22:30:00,6.758,6.825,6.67,6.724,77487.7
2024-11-14 23:00:00,6.724,6.747,6.551,6.616,82945.8
2024-11-14 23:30:00,6.616,6.622,6.492,6.574,92039.3
2024-11-15 00:00:00,6.574,6.727,6.531,6.688,67328.9
2024-11-15 00:30:00,6.688,6.746,6.604,6.612,69214.2
2024-11-15 01:00:00,6.612,6.685,6.522,6.559,66200.6
2024-11-15 01:30:00,6.559,6.675,6.543,6.647,17418.0
2024-11-15 02:00:00,6.647,6.653,6.556,6.594,23186.4
2024-11-15 02:30:00,6.594,6.705,6.594,6.685,16058.0
2024-11-15 03:00:00,6.685,6.692,6.571,6.598,15404.2
2024-11-15 03:30:00,6.598,6.644,6.587,6.599,11385.0
2024-11-15 04:00:00,6.599,6.603,6.472,6.5,37137.0
2024-11-15 04:30:00,6.5,6.5,6.374,6.436,85440.4
2024-11-15 05:00:00,6.436,6.496,6.385,6.49,58896.8
2024-11-15 05:30:00,6.49,6.55,6.49,6.548,19636.9
2024-11-15 06:00:00,6.548,6.737,6.543,6.707,23277.0
2024-11-15 06:30:00,6.707,6.803,6.639,6.774,43747.3
2024-11-15 07:00:00,6.774,6.774,6.718,6.733,26655.9
2024-11-15 07:30:00,6.733,6.754,6.647,6.659,23528.7
2024-11-15 08:00:00,6.659,6.68,6.563,6.63,98032.4
2024-11-15 08:30:00,6.63,6.736,6.626,6.722,40504.8
2024-11-15 09:00:00,6.722,6.86,6.708,6.829,22340.7
2024-11-15 09:30:00,6.829,6.845,6.738,6.75,53835.6
2024-11-15 10:00:00,6.75,6.75,6.674,6.727,26607.2
2024-11-15 10:30:00,6.727,6.737,6.678,6.708,30335.6
2024-11-15 11:00:00,6.708,6.726,6.672,6.694,21867.3
2024-11-15 11:30:00,6.694,6.743,6.688,6.733,11585.1
2024-11-15 12:00:00,6.733,6.808,6.711,6.729,50161.4
2024-11-15 12:30:00,6.729,6.755,6.679,6.733,17995.7
2024-11-15 13:00:00,6.733,6.799,6.717,6.748,34193.2
2024-11-15 13:30:00,6.748,6.826,6.715,6.811,88084.5
2024-11-15 14:00:00,6.811,6.82,6.637,6.641,48155.4
2024-11-15 14:30:00,6.641,6.689,6.541,6.612,43089.5
2024-11-15 15:00:00,6.612,6.612,6.488,6.548,62084.6
2024-11-15 15:30:00,6.548,6.56,6.488,6.542,26260.4
2024-11-15 16:00:00,6.542,6.682,6.505,6.672,24361.5
2024-11-15 16:30:00,6.672,6.679,6.523,6.609,36690.7
2024-11-15 17:00:00,6.609,6.666,6.599,6.61,41561.7
2024-11-15 17:30:00,6.61,6.697,6.581,6.618,68564.2
2024-11-15 18:00:00,6.618,6.653,6.56,6.622,110447.6
2024-11-15 18:30:00,6.622,6.65,6.595,6.632,35697.2
2024-11-15 19:00:00,6.632,6.654,6.601,6.649,23058.2
2024-11-15 19:30:00,6.649,6.736,6.637,6.702,30615.4
2024-11-15 20:00:00,6.702,6.914,6.699,6.857,53823.6
2024-11-15 20:30:00,6.857,6.883,6.813,6.883,30907.6
2024-11-15 21:00:00,6.883,6.981,6.842,6.937,28771.5
2024-11-15 21:30:00,6.937,7.144,6.936,7.075,81507.3
2024-11-15 22:00:00,7.075,7.1,6.985,7.036,68910.1
2024-11-15 22:30:00,7.036,7.145,6.983,7.053,79297.4
2024-11-15 23:00:00,7.053,7.065,7.0,7.004,32024.1
2024-11-15 23:30:00,7.004,7.028,6.897,6.921,113887.0
2024-11-16 00:00:00,6.921,6.93,6.836,6.857,80263.3
2024-11-16 00:30:00,6.857,6.944,6.857,6.924,70877.5
2024-11-16 01:00:00,6.924,7.104,6.919,7.094,84340.8
2024-11-16 01:30:00,7.094,7.207,7.073,7.173,93715.3
2024-11-16 02:00:00,7.173,7.223,7.139,7.168,30191.3
2024-11-16 02:30:00,7.168,7.184,7.117,7.145,25899.7
2024-11-16 03:00:00,7.145,7.317,7.145,7.317,24603.9
2024-11-16 03:30:00,7.317,7.468,7.278,7.453,53686.2
2024-11-16 04:00:00,7.453,7.467,7.248,7.279,44953.8
2024-11-16 04:30:00,7.279,7.285,7.163,7.253,24327.1
2024-11-16 05:00:00,7.253,7.3,7.225,7.25,22068.4
2024-11-16 05:30:00,7.25,7.262,7.195,7.195,14777.1
2024-11-16 06:00:00,7.195,7.197,7.106,7.144,35384.8
2024-11-16 06:30:00,7.144,7.151,7.044,7.063,48209.7
2024-11-16 07:00:00,7.063,7.135,7.063,7.101,21559.5
2024-11-16 07:30:00,7.101,7.123,7.073,7.105,12708.5
2024-11-16 08:00:00,7.105,7.158,7.069,7.134,24186.5
2024-11-16 08:30:00,7.134,7.194,7.114,7.193,15784.3
2024-11-16 09:00:00,7.193,7.207,7.069,7.09,20672.8
2024-11-16 09:30:00,7.09,7.138,7.06,7.067,20252.5
2024-11-16 10:00:00,7.067,7.204,7.056,7.183,17664.7
2024-11-16 10:30:00,7.183,7.184,7.121,7.124,18622.0
2024-11-16 11:00:00,7.124,7.124,7.038,7.077,22578.9
2024-11-16 11:30:00,7.077,7.129,7.024,7.129,18794.9
2024-11-16 12:00:00,7.129,7.202,6.986,7.036,66196.3
2024-11-16 12:30:00,7.036,7.097,7.007,7.038,18389.8
2024-11-16 13:00:00,7.038,7.119,7.024,7.103,16855.1
2024-11-16 13:30:00,7.103,7.103,6.999,7.015,28461.9
2024-11-16 14:00:00,7.015,7.065,6.956,7.036,34688.7
2024-11-16 14:30:00,7.036,7.037,6.939,6.955,42662.1
2024-11-16 15:00:00,6.955,6.964,6.848,6.848,86911.6
2024-11-16 15:30:00,6.848,6.888,6.757,6.852,138181.1
2024-11-16 16:00:00,6.852,6.889,6.764,6.889,30378.4
2024-11-16 16:30:00,6.889,6.909,6.827,6.87,27215.0
2024-11-16 17:00:00,6.87,6.922,6.838,6.909,23338.4
2024-11-16 17:30:00,6.909,6.971,6.906,6.945,33714.8
2024-11-16 18:00:00,6.945,7.029,6.927,7.026,37892.0
2024-11-16 18:30:00,7.026,7.063,7.007,7.051,32494.1
2024-11-16 19:00:00,7.051,7.052,6.98,6.997,50322.2
2024-11-16 19:30:00,6.997,7.012,6.967,7.0,24072.1
2024-11-16 20:00:00,7.0,7.008,6.881,6.889,20565.2
2024-11-16 20:30:00,6.889,6.979,6.889,6.913,14371.1
2024-11-16 21:00:00,6.913,7.0,6.901,6.998,26409.8
2024-11-16 21:30:00,6.998,7.1,6.998,7.097,24262.8
2024-11-16 22:00:00,7.097,7.097,7.059,7.077,24583.3
2024-11-16 22:30:00,7.077,7.077,6.956,6.964,41412.5
2024-11-16 23:00:00,6.964,7.02,6.93,6.989,21762.4
2024-11-16 23:30:00,6.989,7.066,6.979,7.036,21692.4
2024-11-17 00:00:00,7.036,7.102,7.0,7.097,17902.0
2024-11-17 00:30:00,7.097,7.097,6.993,7.039,9439.1
2024-11-17 01:00:00,7.039,7.06,7.006,7.006,6745.0
2024-11-17 01:30:00,7.006,7.006,6.804,6.849,67733.5
2024-11-17 02:00:00,6.849,6.849,6.628,6.737,152355.5
2024-11-17 02:30:00,6.737,6.763,6.683,6.733,21189.7
2024-11-17 03:00:00,6.733,6.788,6.689,6.78,14195.7
2024-11-17 03:30:00,6.78,6.857,6.768,6.857,12527.9
2024-11-17 04:00:00,6.857,7.016,6.843,6.996,34106.4
2024-11-17 04:30:00,6.996,7.033,6.943,6.984,36472.7
2024-11-17 05:00:00,6.984,7.07,6.966,6.993,27714.5
2024-11-17 05:30:00,6.993,7.029,6.964,7.001,16695.3
2024-11-17 06:00:00,7.001,7.068,6.974,7.005,13261.6
2024-11-17 06:30:00,7.005,7.191,7.005,7.159,109873.5
2024-11-17 07:00:00,7.159,7.171,7.086,7.135,76938.4
2024-11-17 07:30:00,7.135,7.18,7.105,7.18,75743.1
2024-11-17 08:00:00,7.18,7.209,7.129,7.179,37799.8
2024-11-17 08:30:00,7.179,7.251,7.155,7.182,65667.8
2024-11-17 09:00:00,7.182,7.211,7.133,7.189,49090.7
2024-11-17 09:30:00,7.189,7.231,7.144,7.185,19109.6
2024-11-17 10:00:00,7.185,7.218,7.156,7.192,19263.4
2024-11-17 10:30:00,7.192,7.231,7.186,7.202,14967.7
2024-11-17 11:00:00,7.202,7.214,7.104,7.159,34771.0
2024-11-17 11:30:00,7.159,7.163,7.007,7.012,188638.8
2024-11-17 12:00:00,7.012,7.1,7.008,7.081,128467.3
2024-11-17 12:30:00,7.081,7.162,7.054,7.155,44721.4
2024-11-17 13:00:00,7.155,7.159,7.017,7.078,130353.0
2024-11-17 13:30:00,7.078,7.095,7.0,7.047,74476.2
2024-11-17 14:00:00,7.047,7.096,6.975,6.982,127727.2
2024-11-17 14:30:00,6.982,7.03,6.91,7.018,29371.4
2024-11-17 15:00:00,7.018,7.057,6.972,7.052,53443.0
2024-11-17 15:30:00,7.052,7.19,7.043,7.178,156621.0
2024-11-17 16:00:00,7.178,7.195,7.105,7.151,28353.9
2024-11-17 16:30:00,7.151,7.263,7.134,7.249,43957.6
2024-11-17 17:00:00,7.249,7.289,7.203,7.266,44837.4
2024-11-17 17:30:00,7.266,7.355,7.257,7.273,48889.5
2024-11-17 18:00:00,7.273,7.279,7.057,7.073,74968.5
2024-11-17 18:30:00,7.073,7.115,7.032,7.057,81945.7
2024-11-17 19:00:00,7.057,7.093,6.982,7.022,129016.8
2024-11-17 19:30:00,7.022,7.183,7.003,7.158,30378.2
2024-11-17 20:00:00,7.158,7.207,7.033,7.046,77886.1
2024-11-17 20:30:00,7.046,7.144,7.031,7.116,17936.2
2024-11-17 21:00:00,7.116,7.166,7.055,7.151,83397.3
2024-11-17 21:30:00,7.151,7.164,6.976,6.997,32830.5
2024-11-17 22:00:00,6.997,7.108,6.923,7.044,154278.0
2024-11-17 22:30:00,7.044,7.044,6.941,6.989,67399.5
2024-11-17 23:00:00,6.989,7.141,6.922,7.13,111387.8
2024-11-17 23:30:00,7.13,7.165,7.072,7.088,19145.1
2024-11-18 00:00:00,7.088,7.138,7.046,7.091,27368.4
2024-11-18 00:30:00,7.091,7.203,7.091,7.175,129448.9
2024-11-18 01:00:00,7.175,7.279,7.171,7.274,56726.4
2024-11-18 01:30:00,7.274,7.342,7.262,7.288,51182.0
2024-11-18 02:00:00,7.288,7.32,7.222,7.277,57472.3
2024-11-18 02:30:00,7.277,7.424,7.277,7.42,32738.1
2024-11-18 03:00:00,7.42,7.491,7.344,7.486,132425.6
2024-11-18 03:30:00,7.486,7.877,7.465,7.773,278288.5
2024-11-18 04:00:00,7.773,7.785,7.562,7.596,47722.5
2024-11-18 04:30:00,7.596,7.671,7.453,7.483,77025.3
2024-11-18 05:00:00,7.483,7.704,7.483,7.693,59753.6
2024-11-18 05:30:00,7.693,7.701,7.58,7.674,103008.3
2024-11-18 06:00:00,7.674,7.762,7.664,7.69,115996.4
2024-11-18 06:30:00,7.69,7.762,7.642,7.684,41927.3
2024-11-18 07:00:00,7.684,7.729,7.513,7.568,73291.2
2024-11-18 07:30:00,7.568,7.638,7.546,7.635,16599.1
2024-11-18 08:00:00,7.635,7.649,7.53,7.574,22392.7
2024-11-18 08:30:00,7.574,7.664,7.519,7.654,23545.5
2024-11-18 09:00:00,7.654,7.715,7.619,7.644,43342.5
2024-11-18 09:30:00,7.644,7.741,7.594,7.719,36112.9
2024-11-18 10:00:00,7.719,7.86,7.676,7.824,37700.3
2024-11-18 10:30:00,7.824,8.079,7.81,7.895,209720.0
2024-11-18 11:00:00,7.895,7.938,7.703,7.738,97381.3
2024-11-18 11:30:00,7.738,7.756,7.571,7.628,109926.6
2024-11-18 12:00:00,7.628,7.703,7.544,7.622,58150.2
2024-11-18 12:30:00,7.622,7.698,7.572,7.589,51984.7
2024-11-18 13:00:00,7.589,7.608,7.46,7.556,82350.9
2024-11-18 13:30:00,7.556,7.697,7.544,7.668,54739.0
2024-11-18 14:00:00,7.668,7.994,7.635,7.887,168694.4
2024-11-18 14:30:00,7.887,7.984,7.809,7.97,164151.1
2024-11-18 15:00:00,7.97,8.037,7.856,7.908,188321.2
2024-11-18 15:30:00,7.908,8.108,7.908,7.981,209342.1
2024-11-18 16:00:00,7.981,8.102,7.9,8.096,154931.5
2024-11-18 16:30:00,8.096,8.1,7.835,7.888,149310.8
2024-11-18 17:00:00,7.888,7.956,7.696,7.766,98302.6
2024-11-18 17:30:00,7.766,7.79,7.709,7.772,70524.6
2024-11-18 18:00:00,7.772,7.85,7.766,7.819,47319.4
2024-11-18 18:30:00,7.819,7.88,7.753,7.856,38434.2
2024-11-18 19:00:00,7.856,7.858,7.558,7.629,108462.2
2024-11-18 19:30:00,7.629,7.642,7.561,7.598,63277.3
2024-11-18 20:00:00,7.598,7.68,7.529,7.657,65085.1
2024-11-18 20:30:00,7.657,7.689,7.541,7.616,33978.9
2024-11-18 21:00:00,7.616,7.742,7.594,7.726,49428.0
2024-11-18 21:30:00,7.726,7.729,7.61,7.659,19194.1
2024-11-18 22:00:00,7.659,7.72,7.658,7.698,30146.7
2024-11-18 22:30:00,7.698,7.744,7.643,7.668,16238.8
2024-11-18 23:00:00,7.668,7.698,7.549,7.566,31994.6
2024-11-18 23:30:00,7.566,7.745,7.566,7.679,29453.2
2024-11-19 00:00:00,7.679,7.68,7.586,7.596,36826.8
2024-11-19 00:30:00,7.596,7.66,7.566,7.614,26503.3
2024-11-19 01:00:00,7.614,7.726,7.609,7.709,19842.4
2024-11-19 01:30:00,7.709,7.72,7.552,7.56,17858.8
2024-11-19 02:00:00,7.56,7.665,7.556,7.665,14486.9
2024-11-19 02:30:00,7.665,7.668,7.606,7.629,6069.2
2024-11-19 03:00:00,7.629,7.677,7.507,7.542,36106.7
2024-11-19 03:30:00,7.542,7.552,7.517,7.519,17555.6
2024-11-19 04:00:00,7.519,7.539,7.431,7.45,73580.6
2024-11-19 04:30:00,7.45,7.504,7.396,7.429,34568.9
2024-11-19 05:00:00,7.429,7.47,7.404,7.437,22969.6
2024-11-19 05:30:00,7.437,7.487,7.407,7.474,36185.7
2024-11-19 06:00:00,7.474,7.504,7.46,7.495,29538.7
2024-11-19 06:30:00,7.495,7.538,7.484,7.533,39481.4
2024-11-19 07:00:00,7.533,7.549,7.503,7.523,28852.6
2024-11-19 07:30:00,7.523,7.567,7.483,7.541,63683.0
2024-11-19 08:00:00,7.541,7.656,7.541,7.608,26567.5
2024-11-19 08:30:00,7.608,7.703,7.592,7.702,22746.2
2024-11-19 09:00:00,7.702,7.743,7.64,7.651,46988.7
2024-11-19 09:30:00,7.651,7.712,7.587,7.681,47702.2
2024-11-19 10:00:00,7.681,7.771,7.659,7.727,20608.4
2024-11-19 10:30:00,7.727,7.76,7.703,7.732,29080.2
2024-11-19 11:00:00,7.732,7.869,7.722,7.847,61515.0
2024-11-19 11:30:00,7.847,7.972,7.832,7.931,71207.4
2024-11-19 12:00:00,7.931,8.24,7.907,8.213,157253.9
2024-11-19 12:30:00,8.213,8.289,8.123,8.208,152046.6
2024-11-19 13:00:00,8.208,8.211,7.965,8.029,99383.1
2024-11-19 13:30:00,8.029,8.075,7.913,7.929,106799.6
2024-11-19 14:00:00,7.929,7.982,7.869,7.955,101021.1
2024-11-19 14:30:00,7.955,8.132,7.853,7.997,233662.9
2024-11-19 15:00:00,7.997,8.132,7.862,7.901,98911.3
2024-11-19 15:30:00,7.901,8.064,7.86,8.027,28116.1
2024-11-19 16:00:00,8.027,8.162,8.02,8.152,82231.0
2024-11-19 16:30:00,8.152,8.173,8.051,8.07,34968.5
2024-11-19 17:00:00,8.07,8.14,8.036,8.089,17914.6
2024-11-19 17:30:00,8.089,8.115,7.974,8.041,41858.5
2024-11-19 18:00:00,8.041,8.101,7.976,8.071,29871.9
2024-11-19 18:30:00,8.071,8.205,8.045,8.177,59288.9
2024-11-19 19:00:00,8.177,8.308,8.092,8.156,68949.6
2024-11-19 19:30:00,8.156,8.182,8.068,8.097,28683.1
2024-11-19 20:00:00,8.097,8.172,8.032,8.152,160103.7
2024-11-19 20:30:00,8.152,8.175,7.944,8.001,59227.7
2024-11-19 21:00:00,8.001,8.021,7.769,7.858,117602.4
2024-11-19 21:30:00,7.858,7.959,7.761,7.939,145049.7
2024-11-19 22:00:00,7.939,7.967,7.767,7.779,104677.8
2024-11-19 22:30:00,7.779,7.865,7.707,7.828,125905.9
2024-11-19 23:00:00,7.828,7.893,7.802,7.875,47824.5
2024-11-19 23:30:00,7.875,7.917,7.856,7.881,14350.5
2024-11-20 00:00:00,7.881,7.938,7.705,7.724,183585.0
2024-11-20 00:30:00,7.724,7.841,7.714,7.783,22984.3
2024-11-20 01:00:00,7.783,7.856,7.723,7.752,30093.3
2024-11-20 01:30:00,7.752,7.85,7.735,7.774,10673.2
2024-11-20 02:00:00,7.774,7.871,7.722,7.847,13745.3
2024-11-20 02:30:00,7.847,7.85,7.684,7.725,30054.2
2024-11-20 03:00:00,7.725,7.74,7.644,7.704,52445.6
2024-11-20 03:30:00,7.704,7.897,7.65,7.886,37068.1
2024-11-20 04:00:00,7.886,7.929,7.773,7.913,34284.3
2024-11-20 04:30:00,7.913,8.088,7.897,8.051,77186.0
2024-11-20 05:00:00,8.051,8.051,7.927,7.976,106256.5
2024-11-20 05:30:00,7.976,8.06,7.929,8.01,19834.7
2024-11-20 06:00:00,8.01,8.141,8.0,8.138,41202.1
2024-11-20 06:30:00,8.138,8.21,8.067,8.11,65132.0
2024-11-20 07:00:00,8.11,8.138,8.033,8.071,38526.1
2024-11-20 07:30:00,8.071,8.141,8.052,8.102,21431.9
2024-11-20 08:00:00,8.102,8.16,8.069,8.098,37298.6
2024-11-20 08:30:00,8.098,8.182,8.069,8.118,40555.4
2024-11-20 09:00:00,8.118,8.221,8.109,8.126,39019.3
2024-11-20 09:30:00,8.126,8.138,8.024,8.037,59932.8
2024-11-20 10:00:00,8.037,8.05,7.99,8.003,35587.3
2024-11-20 10:30:00,8.003,8.064,7.967,7.983,24058.4
2024-11-20 11:00:00,7.983,7.989,7.852,7.912,190604.8
2024-11-20 11:30:00,7.912,7.984,7.904,7.967,157514.0
2024-11-20 12:00:00,7.967,7.984,7.886,7.959,26878.7
2024-11-20 12:30:00,7.959,7.992,7.822,7.894,38859.2
2024-11-20 13:00:00,7.894,7.983,7.875,7.977,37513.6
2024-11-20 13:30:00,7.977,7.984,7.846,7.948,57553.6
2024-11-20 14:00:00,7.948,8.159,7.948,8.034,145490.9
2024-11-20 14:30:00,8.034,8.059,7.833,7.89,132153.0
2024-11-20 15:00:00,7.89,7.93,7.83,7.859,57471.0
2024-11-20 15:30:00,7.859,8.024,7.851,8.016,60869.8
2024-11-20 16:00:00,8.016,8.093,7.77,7.803,192865.1
2024-11-20 16:30:00,7.803,7.867,7.706,7.837,101935.4
2024-11-20 17:00:00,7.837,7.869,7.68,7.745,60305.8
2024-11-20 17:30:00,7.745,7.76,7.609,7.609,37641.2
2024-11-20 18:00:00,7.609,7.723,7.523,7.616,147718.3
2024-11-20 18:30:00,7.616,7.633,7.523,7.576,61836.5
2024-11-20 19:00:00,7.576,7.576,7.439,7.512,95505.5
2024-11-20 19:30:00,7.512,7.621,7.512,7.555,34885.3
2024-11-20 20:00:00,7.555,7.651,7.49,7.648,30336.4
2024-11-20 20:30:00,7.648,7.731,7.59,7.707,65748.8
2024-11-20 21:00:00,7.707,7.873,7.662,7.741,175566.8
2024-11-20 21:30:00,7.741,7.741,7.625,7.653,100164.1
2024-11-20 22:00:00,7.653,7.77,7.633,7.662,85663.2
2024-11-20 22:30:00,7.662,7.662,7.524,7.544,82341.1
2024-11-20 23:00:00,7.544,7.574,7.42,7.43,42426.4
2024-11-20 23:30:00,7.43,7.5,7.327,7.352,140553.6
2024-11-21 00:00:00,7.352,7.526,7.32,7.505,34427.1
2024-11-21 00:30:00,7.505,7.53,7.439,7.465,22750.3
2024-11-21 01:00:00,7.465,7.478,7.393,7.455,25315.9
2024-11-21 01:30:00,7.455,7.462,7.368,7.383,37482.3
2024-11-21 02:00:00,7.383,7.384,7.11,7.121,164872.6
2024-11-21 02:30:00,7.121,7.184,7.062,7.172,65206.0
2024-11-21 03:00:00,7.172,7.315,7.144,7.315,70898.3
2024-11-21 03:30:00,7.315,7.317,7.206,7.217,38456.6
2024-11-21 04:00:00,7.217,7.287,7.157,7.259,54348.5
2024-11-21 04:30:00,7.259,7.503,7.257,7.384,118330.1
2024-11-21 05:00:00,7.384,7.429,7.35,7.37,46769.0
2024-11-21 05:30:00,7.37,7.409,7.292,7.347,44417.6
2024-11-21 06:00:00,7.347,7.354,7.286,7.295,26365.9
2024-11-21 06:30:00,7.295,7.32,7.223,7.287,90479.3
2024-11-21 07:00:00,7.287,7.368,7.279,7.333,26544.6
2024-11-21 07:30:00,7.333,7.401,7.333,7.394,19956.6
2024-11-21 08:00:00,7.394,7.416,7.323,7.353,33044.5
2024-11-21 08:30:00,7.353,7.41,7.332,7.388,42722.3
2024-11-21 09:00:00,7.388,7.446,7.34,7.342,26497.1
2024-11-21 09:30:00,7.342,7.343,7.218,7.221,33687.2
2024-11-21 10:00:00,7.221,7.262,7.129,7.141,59614.9
2024-11-21 10:30:00,7.141,7.252,7.136,7.212,27331.6
2024-11-21 11:00:00,7.212,7.243,7.145,7.188,53695.2
2024-11-21 11:30:00,7.188,7.253,7.177,7.226,21979.7
2024-11-21 12:00:00,7.226,7.524,7.216,7.518,102840.9
2024-11-21 12:30:00,7.518,7.575,7.424,7.428,115144.3
2024-11-21 13:00:00,7.428,7.655,7.423,7.541,139612.1
2024-11-21 13:30:00,7.541,7.603,7.481,7.489,50526.1
2024-11-21 14:00:00,7.489,7.579,7.47,7.518,133316.1
2024-11-21 14:30:00,7.518,7.523,7.345,7.501,202991.6
2024-11-21 15:00:00,7.501,7.507,7.249,7.253,89772.5
2024-11-21 15:30:00,7.253,7.387,7.206,7.334,90963.9
2024-11-21 16:00:00,7.334,7.436,7.322,7.404,29471.8
2024-11-21 16:30:00,7.404,7.445,7.358,7.404,34139.8
2024-11-21 17:00:00,7.404,7.443,7.347,7.437,31407.7
2024-11-21 17:30:00,7.437,7.456,7.39,7.428,33041.1
2024-11-21 18:00:00,7.428,7.446,7.349,7.409,44861.8
2024-11-21 18:30:00,7.409,7.433,7.373,7.423,20382.1
2024-11-21 19:00:00,7.423,7.485,7.376,7.383,65403.1
2024-11-21 19:30:00,7.383,7.411,7.279,7.325,59045.5
2024-11-21 20:00:00,7.325,7.368,7.31,7.348,37574.5
2024-11-21 20:30:00,7.348,7.351,7.253,7.283,33250.6
2024-11-21 21:00:00,7.283,7.298,7.236,7.294,30420.5
2024-11-21 21:30:00,7.294,7.33,7.213,7.247,33351.9
2024-11-21 22:00:00,7.247,7.326,7.238,7.32,26546.7
2024-11-21 22:30:00,7.32,7.398,7.32,7.374,18907.4
2024-11-21 23:00:00,7.374,7.397,7.35,7.368,19917.8
2024-11-21 23:30:00,7.368,7.394,7.349,7.352,13171.3
2024-11-22 00:00:00,7.352,7.424,7.323,7.38,34357.1
2024-11-22 00:30:00,7.38,7.38,7.211,7.248,40407.0
2024-11-22 01:00:00,7.248,7.31,7.212,7.293,17873.8
2024-11-22 01:30:00,7.293,7.341,7.25,7.319,10314.7
2024-11-22 02:00:00,7.319,7.462,7.31,7.443,30038.5
2024-11-22 02:30:00,7.443,7.46,7.308,7.349,47595.0
2024-11-22 03:00:00,7.349,7.461,7.325,7.432,21074.9
2024-11-22 03:30:00,7.432,7.45,7.375,7.423,17841.9
2024-11-22 04:00:00,7.423,7.481,7.36,7.469,33500.7
2024-11-22 04:30:00,7.469,7.488,7.405,7.417,67974.0
2024-11-22 05:00:00,7.417,7.423,7.361,7.363,31762.0
2024-11-22 05:30:00,7.363,7.436,7.34,7.402,34078.1
2024-11-22 06:00:00,7.402,7.422,7.332,7.358,32401.1
2024-11-22 06:30:00,7.358,7.388,7.272,7.385,35851.1
2024-11-22 07:00:00,7.385,7.398,7.339,7.378,9106.6
2024-11-22 07:30:00,7.378,7.39,7.284,7.296,20703.5
2024-11-22 08:00:00,7.296,7.356,7.296,7.343,22540.6
2024-11-22 08:30:00,7.343,7.362,7.319,7.36,14094.9
2024-11-22 09:00:00,7.36,7.36,7.285,7.288,22873.6
2024-11-22 09:30:00,7.288,7.318,7.249,7.307,31555.0
2024-11-22 10:00:00,7.307,7.338,7.226,7.273,27489.3
2024-11-22 10:30:00,7.273,7.305,7.258,7.261,16775.7
2024-11-22 11:00:00,7.261,7.28,7.19,7.264,63000.4
2024-11-22 11:30:00,7.264,7.321,7.262,7.321,20794.8
2024-11-22 12:00:00,7.321,7.42,7.292,7.381,83045.1
2024-11-22 12:30:00,7.381,7.453,7.319,7.348,81833.6
2024-11-22 13:00:00,7.348,7.35,6.953,7.006,261921.0
2024-11-22 13:30:00,7.006,7.169,7.002,7.114,130238.7
2024-11-22 14:00:00,7.114,7.195,7.08,7.102,36414.7
2024-11-22 14:30:00,7.102,7.181,7.094,7.119,20309.5
2024-11-22 15:00:00,7.119,7.211,7.096,7.192,40549.8
2024-11-22 15:30:00,7.192,7.286,7.176,7.236,33189.7
2024-11-22 16:00:00,7.236,7.236,7.173,7.19,22969.8
2024-11-22 16:30:00,7.19,7.246,7.138,7.215,17885.9
2024-11-22 17:00:00,7.215,7.277,7.188,7.244,32504.1
2024-11-22 17:30:00,7.244,7.252,7.17,7.18,33331.3
2024-11-22 18:00:00,7.18,7.257,7.177,7.205,26162.2
2024-11-22 18:30:00,7.205,7.243,7.132,7.148,38636.4
2024-11-22 19:00:00,7.148,7.246,7.123,7.244,22550.9
2024-11-22 19:30:00,7.244,7.246,7.124,7.204,34394.3
2024-11-22 20:00:00,7.204,7.26,7.184,7.248,47868.8
2024-11-22 20:30:00,7.248,7.338,7.23,7.327,38985.3
2024-11-22 21:00:00,7.327,7.365,7.28,7.309,104188.3
2024-11-22 21:30:00,7.309,7.435,7.29,7.422,72780.8
2024-11-22 22:00:00,7.422,7.432,7.354,7.362,28702.1
2024-11-22 22:30:00,7.362,7.406,7.353,7.386,57896.2
2024-11-22 23:00:00,7.386,7.486,7.364,7.486,67336.1
2024-11-22 23:30:00,7.486,7.592,7.468,7.588,90047.8
2024-11-23 00:00:00,7.588,7.682,7.516,7.601,127625.4
2024-11-23 00:30:00,7.601,7.658,7.534,7.54,127736.0
2024-11-23 01:00:00,7.54,7.663,7.54,7.651,74106.2
2024-11-23 01:30:00,7.651,7.779,7.602,7.763,171634.9
2024-11-23 02:00:00,7.763,7.769,7.637,7.65,35861.4
2024-11-23 02:30:00,7.65,7.666,7.491,7.563,102700.4
2024-11-23 03:00:00,7.563,7.63,7.504,7.622,36184.3
2024-11-23 03:30:00,7.622,7.639,7.592,7.621,9495.4
2024-11-23 04:00:00,7.621,7.764,7.608,7.718,37633.3
2024-11-23 04:30:00,7.718,7.874,7.704,7.847,119809.5
2024-11-23 05:00:00,7.847,7.87,7.727,7.759,64412.9
2024-11-23 05:30:00,7.759,7.779,7.681,7.748,59940.0
2024-11-23 06:00:00,7.748,7.835,7.742,7.765,46775.7
2024-11-23 06:30:00,7.765,7.852,7.727,7.841,33275.4
2024-11-23 07:00:00,7.841,7.955,7.838,7.902,71587.6
2024-11-23 07:30:00,7.902,7.964,7.827,7.936,33591.6
2024-11-23 08:00:00,7.936,8.0,7.915,7.968,76710.3
2024-11-23 08:30:00,7.968,7.99,7.885,7.912,35678.9
2024-11-23 09:00:00,7.912,7.956,7.845,7.889,58138.5
2024-11-23 09:30:00,7.889,7.922,7.879,7.883,13001.4
2024-11-23 10:00:00,7.883,7.89,7.817,7.838,64829.2
2024-11-23 10:30:00,7.838,7.841,7.776,7.811,24014.3
2024-11-23 11:00:00,7.811,7.855,7.796,7.851,12761.9
2024-11-23 11:30:00,7.851,7.851,7.733,7.746,67510.1
2024-11-23 12:00:00,7.746,7.761,7.701,7.752,38892.2
2024-11-23 12:30:00,7.752,7.831,7.746,7.765,112269.7
2024-11-23 13:00:00,7.765,7.913,7.765,7.9,52275.4
2024-11-23 13:30:00,7.9,7.989,7.898,7.924,56666.6
2024-11-23 14:00:00,7.924,8.003,7.869,7.998,53696.1
2024-11-23 14:30:00,7.998,8.095,7.989,8.092,76833.8
2024-11-23 15:00:00,8.092,8.16,8.008,8.16,73738.6
2024-11-23 15:30:00,8.16,8.225,8.042,8.074,123577.6
2024-11-23 16:00:00,8.074,8.162,7.601,7.771,353292.2
2024-11-23 16:30:00,7.771,7.878,7.71,7.834,110095.7
2024-11-23 17:00:00,7.834,7.894,7.652,7.894,85726.8
2024-11-23 17:30:00,7.894,7.928,7.826,7.881,72797.2
2024-11-23 18:00:00,7.881,7.881,7.757,7.837,44799.0
2024-11-23 18:30:00,7.837,7.897,7.78,7.882,27129.3
2024-11-23 19:00:00,7.882,7.926,7.816,7.826,25444.1
2024-11-23 19:30:00,7.826,7.839,7.71,7.744,23103.9
2024-11-23 20:00:00,7.744,7.744,7.533,7.551,59063.5
2024-11-23 20:30:00,7.551,7.697,7.537,7.697,60114.1
2024-11-23 21:00:00,7.697,7.757,7.666,7.755,35504.9
2024-11-23 21:30:00,7.755,7.858,7.746,7.826,24622.9
2024-11-23 22:00:00,7.826,7.908,7.821,7.84,28885.2
2024-11-23 22:30:00,7.84,7.84,7.713,7.74,33432.7
2024-11-23 23:00:00,7.74,7.756,7.602,7.655,76026.1
2024-11-23 23:30:00,7.655,7.712,7.603,7.672,44964.9
2024-11-24 00:00:00,7.672,7.909,7.628,7.903,79158.2
2024-11-24 00:30:00,7.903,7.915,7.82,7.898,25724.5
2024-11-24 01:00:00,7.898,7.987,7.892,7.947,27226.9
2024-11-24 01:30:00,7.947,8.017,7.942,7.998,53326.3
2024-11-24 02:00:00,7.998,8.038,7.965,7.995,27219.0
2024-11-24 02:30:00,7.995,8.017,7.96,7.994,55474.1
2024-11-24 03:00:00,7.994,8.005,7.92,7.954,68904.4
2024-11-24 03:30:00,7.954,8.032,7.941,8.013,45187.8
2024-11-24 04:00:00,8.013,8.044,7.926,7.991,27749.7
2024-11-24 04:30:00,7.991,8.009,7.805,7.924,35576.7
2024-11-24 05:00:00,7.924,8.035,7.902,8.031,11596.0
2024-11-24 05:30:00,8.031,8.064,7.915,8.01,29843.7
2024-11-24 06:00:00,8.01,8.059,7.94,8.012,30686.7
2024-11-24 06:30:00,8.012,8.072,7.957,8.014,11463.9
2024-11-24 07:00:00,8.014,8.032,7.953,7.956,11738.5
2024-11-24 07:30:00,7.956,8.135,7.913,8.104,59044.5
2024-11-24 08:00:00,8.104,8.135,8.028,8.08,40361.0
2024-11-24 08:30:00,8.08,8.122,7.888,7.89,74979.6
2024-11-24 09:00:00,7.89,7.986,7.824,7.888,44342.1
2024-11-24 09:30:00,7.888,8.04,7.816,8.014,32450.5
2024-11-24 10:00:00,8.014,8.082,7.957,8.049,19609.2
2024-11-24 10:30:00,8.049,8.069,7.828,7.92,35724.7
2024-11-24 11:00:00,7.92,7.943,7.683,7.741,75350.2
2024-11-24 11:30:00,7.741,7.811,7.63,7.644,36201.0
2024-11-24 12:00:00,7.644,7.767,7.607,7.636,42750.7
2024-11-24 12:30:00,7.636,7.636,7.24,7.428,322092.0
2024-11-24 13:00:00,7.428,7.586,7.375,7.572,75479.8
2024-11-24 13:30:00,7.572,7.583,7.472,7.536,76408.1
2024-11-24 14:00:00,7.536,7.536,7.318,7.374,95664.4
2024-11-24 14:30:00,7.374,7.553,7.347,7.538,100313.1
2024-11-24 15:00:00,7.538,7.542,7.419,7.473,35385.6
2024-11-24 15:30:00,7.473,7.488,7.267,7.298,49153.6
2024-11-24 16:00:00,7.298,7.464,7.264,7.464,62343.8
2024-11-24 16:30:00,7.464,7.534,7.42,7.469,53807.8
2024-11-24 17:00:00,7.469,7.47,7.362,7.43,19298.4
2024-11-24 17:30:00,7.43,7.459,7.367,7.432,43007.5
2024-11-24 18:00:00,7.432,7.536,7.414,7.526,37289.0
2024-11-24 18:30:00,7.526,7.652,7.513,7.627,24633.7
2024-11-24 19:00:00,7.627,7.628,7.518,7.544,38634.9
2024-11-24 19:30:00,7.544,7.616,7.541,7.585,15765.2
2024-11-24 20:00:00,7.585,7.725,7.563,7.722,38172.9
2024-11-24 20:30:00,7.722,7.891,7.699,7.874,77601.3
2024-11-24 21:00:00,7.874,7.916,7.792,7.82,51428.7
2024-11-24 21:30:00,7.82,7.885,7.814,7.862,20913.9
2024-11-24 22:00:00,7.862,8.056,7.862,7.982,79305.1
2024-11-24 22:30:00,7.982,7.993,7.88,7.989,37555.8
2024-11-24 23:00:00,7.989,8.1,7.97,8.088,63984.0
2024-11-24 23:30:00,8.088,8.093,7.92,8.046,143308.6
2024-11-25 00:00:00,8.046,8.134,7.925,8.093,77905.5
2024-11-25 00:30:00,8.093,8.099,7.933,8.015,67460.5
2024-11-25 01:00:00,8.015,8.038,7.742,7.865,120683.7
2024-11-25 01:30:00,7.865,7.93,7.815,7.878,26627.8
2024-11-25 02:00:00,7.878,8.103,7.875,8.024,33124.8
2024-11-25 02:30:00,8.024,8.038,7.888,7.917,20869.9
2024-11-25 03:00:00,7.917,8.007,7.914,7.947,19999.6
2024-11-25 03:30:00,7.947,8.049,7.918,8.011,16242.9
2024-11-25 04:00:00,8.011,8.16,8.011,8.084,46050.9
2024-11-25 04:30:00,8.084,8.088,7.957,7.969,26759.2
2024-11-25 05:00:00,7.969,8.024,7.962,7.982,19751.7
2024-11-25 05:30:00,7.982,8.036,7.981,7.993,17731.7
2024-11-25 06:00:00,7.993,8.032,7.94,7.941,16692.8
2024-11-25 06:30:00,7.941,7.985,7.883,7.896,24826.4
2024-11-25 07:00:00,7.896,7.944,7.883,7.922,44174.0
2024-11-25 07:30:00,7.922,8.004,7.915,7.979,20236.7
2024-11-25 08:00:00,7.979,8.047,7.961,8.001,22168.2
2024-11-25 08:30:00,8.001,8.048,7.939,8.039,15617.3
2024-11-25 09:00:00,8.039,8.221,8.034,8.219,49155.2
2024-11-25 09:30:00,8.219,8.294,8.133,8.151,121279.6
2024-11-25 10:00:00,8.151,8.157,7.952,7.981,95883.2
2024-11-25 10:30:00,7.981,8.065,7.951,8.036,31564.9
2024-11-25 11:00:00,8.036,8.038,7.946,8.023,35602.4
2024-11-25 11:30:00,8.023,8.023,7.832,7.9,110972.2
2024-11-25 12:00:00,7.9,7.92,7.853,7.902,38762.2
2024-11-25 12:30:00,7.902,7.908,7.816,7.867,52569.5
2024-11-25 13:00:00,7.867,7.921,7.741,7.833,138848.0
2024-11-25 13:30:00,7.833,7.909,7.782,7.794,88837.7
2024-11-25 14:00:00,7.794,7.939,7.794,7.884,37201.2
2024-11-25 14:30:00,7.884,7.986,7.662,7.662,179156.7
2024-11-25 15:00:00,7.662,7.846,7.516,7.83,250977.7
2024-11-25 15:30:00,7.83,8.004,7.77,7.909,88799.2
2024-11-25 16:00:00,7.909,8.08,7.904,7.922,62194.4
2024-11-25 16:30:00,7.922,7.981,7.788,7.856,64579.3
2024-11-25 17:00:00,7.856,7.857,7.687,7.705,30232.8
2024-11-25 17:30:00,7.705,7.777,7.66,7.769,40658.4
2024-11-25 18:00:00,7.769,7.85,7.737,7.795,33569.0
2024-11-25 18:30:00,7.795,7.815,7.621,7.688,29800.5
2024-11-25 19:00:00,7.688,7.776,7.64,7.776,37587.0
2024-11-25 19:30:00,7.776,7.872,7.735,7.771,44992.6
2024-11-25 20:00:00,7.771,7.85,7.732,7.807,14164.0
2024-11-25 20:30:00,7.807,7.852,7.735,7.8,38154.6
2024-11-25 21:00:00,7.8,7.819,7.688,7.71,18905.1
2024-11-25 21:30:00,7.71,7.713,7.541,7.639,87520.0
2024-11-25 22:00:00,7.639,7.684,7.488,7.503,54461.1
2024-11-25 22:30:00,7.503,7.638,7.353,7.628,139507.1
2024-11-25 23:00:00,7.628,7.668,7.558,7.586,30474.5
2024-11-25 23:30:00,7.586,7.59,7.472,7.506,89082.0
2024-11-26 00:00:00,7.506,7.698,7.447,7.69,56510.1
2024-11-26 00:30:00,7.69,7.693,7.574,7.574,24671.7
2024-11-26 01:00:00,7.574,7.698,7.573,7.69,9064.4
2024-11-26 01:30:00,7.69,7.717,7.655,7.695,11340.3
2024-11-26 02:00:00,7.695,7.714,7.669,7.685,12845.4
2024-11-26 02:30:00,7.685,7.72,7.68,7.693,8729.4
2024-11-26 03:00:00,7.693,7.707,7.59,7.616,17169.5
2024-11-26 03:30:00,7.616,7.709,7.597,7.698,15648.2
2024-11-26 04:00:00,7.698,7.705,7.595,7.637,12314.8
2024-11-26 04:30:00,7.637,7.702,7.618,7.642,25391.6
2024-11-26 05:00:00,7.642,7.68,7.621,7.653,33808.3
2024-11-26 05:30:00,7.653,7.739,7.644,7.735,31516.2
2024-11-26 06:00:00,7.735,7.766,7.687,7.762,28907.9
2024-11-26 06:30:00,7.762,7.762,7.672,7.703,16008.0
2024-11-26 07:00:00,7.703,7.719,7.592,7.688,20400.8
2024-11-26 07:30:00,7.688,7.695,7.531,7.589,25611.2
2024-11-26 08:00:00,7.589,7.59,7.39,7.397,45259.0
2024-11-26 08:30:00,7.397,7.468,7.355,7.466,60725.4
2024-11-26 09:00:00,7.466,7.566,7.436,7.555,38672.7
2024-11-26 09:30:00,7.555,7.569,7.4,7.516,47478.0
2024-11-26 10:00:00,7.516,7.554,7.39,7.453,28579.3
2024-11-26 10:30:00,7.453,7.467,7.285,7.293,61171.0
2024-11-26 11:00:00,7.293,7.347,7.146,7.15,127289.9
2024-11-26 11:30:00,7.15,7.295,7.105,7.291,124141.7
2024-11-26 12:00:00,7.291,7.376,7.208,7.299,97316.3
2024-11-26 12:30:00,7.299,7.323,7.115,7.17,116336.9
2024-11-26 13:00:00,7.17,7.301,7.118,7.231,32143.3
2024-11-26 13:30:00,7.231,7.275,7.194,7.222,19537.3
2024-11-26 14:00:00,7.222,7.275,7.122,7.24,45464.4
2024-11-26 14:30:00,7.24,7.39,7.165,7.353,47924.8
2024-11-26 15:00:00,7.353,7.382,7.215,7.29,45097.1
2024-11-26 15:30:00,7.29,7.307,7.204,7.209,12747.4
2024-11-26 16:00:00,7.209,7.403,7.164,7.388,55511.2
2024-11-26 16:30:00,7.388,7.42,7.339,7.383,30158.3
2024-11-26 17:00:00,7.383,7.431,7.309,7.427,19778.3
2024-11-26 17:30:00,7.427,7.432,7.358,7.364,13426.4
2024-11-26 18:00:00,7.364,7.382,7.201,7.202,25538.3
2024-11-26 18:30:00,7.202,7.251,7.105,7.178,53479.3
2024-11-26 19:00:00,7.178,7.256,7.144,7.198,22586.3
2024-11-26 19:30:00,7.198,7.263,7.149,7.26,24462.4
2024-11-26 20:00:00,7.26,7.345,7.241,7.282,32295.1
2024-11-26 20:30:00,7.282,7.369,7.225,7.33,35591.5
2024-11-26 21:00:00,7.33,7.375,7.257,7.334,42085.4
2024-11-26 21:30:00,7.334,7.338,7.272,7.303,34778.3
2024-11-26 22:00:00,7.303,7.392,7.28,7.387,49261.5
2024-11-26 22:30:00,7.387,7.402,7.35,7.35,23369.8
2024-11-26 23:00:00,7.35,7.406,7.32,7.374,17030.5
2024-11-26 23:30:00,7.374,7.459,7.371,7.445,38636.5
2024-11-27 00:00:00,7.445,7.509,7.409,7.452,68979.3
2024-11-27 00:30:00,7.452,7.46,7.35,7.36,22791.2
2024-11-27 01:00:00,7.36,7.463,7.33,7.43,29943.7
2024-11-27 01:30:00,7.43,7.507,7.408,7.493,25521.8
2024-11-27 02:00:00,7.493,7.519,7.401,7.505,37591.8
2024-11-27 02:30:00,7.505,7.527,7.478,7.519,14326.6
2024-11-27 03:00:00,7.519,7.527,7.43,7.455,24482.5
2024-11-27 03:30:00,7.455,7.462,7.423,7.431,11466.5
2024-11-27 04:00:00,7.431,7.533,7.419,7.527,17104.0
2024-11-27 04:30:00,7.527,7.532,7.417,7.435,14129.4
2024-11-27 05:00:00,7.435,7.448,7.362,7.407,20901.7
2024-11-27 05:30:00,7.407,7.45,7.386,7.4,5651.9
2024-11-27 06:00:00,7.4,7.497,7.398,7.465,16778.4
2024-11-27 06:30:00,7.465,7.493,7.422,7.431,13045.1
2024-11-27 07:00:00,7.431,7.509,7.426,7.49,20762.3
2024-11-27 07:30:00,7.49,7.542,7.489,7.517,12717.1
2024-11-27 08:00:00,7.517,7.53,7.477,7.512,23370.9
2024-11-27 08:30:00,7.512,7.54,7.495,7.52,16951.7
2024-11-27 09:00:00,7.52,7.525,7.451,7.464,27592.2
2024-11-27 09:30:00,7.464,7.513,7.409,7.509,70853.7
2024-11-27 10:00:00,7.509,7.563,7.459,7.556,15586.8
2024-11-27 10:30:00,7.556,7.661,7.553,7.602,28476.1
2024-11-27 11:00:00,7.602,7.605,7.531,7.563,15514.3
2024-11-27 11:30:00,7.563,7.587,7.515,7.531,19130.6
2024-11-27 12:00:00,7.531,7.541,7.403,7.403,54379.7
2024-11-27 12:30:00,7.403,7.517,7.403,7.502,21778.4
2024-11-27 13:00:00,7.502,7.574,7.492,7.558,27550.3
2024-11-27 13:30:00,7.558,7.592,7.513,7.591,30133.2
2024-11-27 14:00:00,7.591,7.616,7.538,7.566,15972.6
2024-11-27 14:30:00,7.566,7.634,7.526,7.624,21164.0
2024-11-27 15:00:00,7.624,7.648,7.558,7.618,40498.3
2024-11-27 15:30:00,7.618,7.711,7.605,7.672,41005.1
2024-11-27 16:00:00,7.672,7.732,7.657,7.713,27831.9
2024-11-27 16:30:00,7.713,7.817,7.683,7.796,64415.9
2024-11-27 17:00:00,7.796,7.881,7.706,7.871,56070.0
2024-11-27 17:30:00,7.871,7.943,7.842,7.926,74386.9
2024-11-27 18:00:00,7.926,7.989,7.878,7.938,55830.1
2024-11-27 18:30:00,7.938,7.938,7.881,7.904,29603.9
2024-11-27 19:00:00,7.904,7.953,7.842,7.891,79872.4
2024-11-27 19:30:00,7.891,7.93,7.871,7.894,13207.5
2024-11-27 20:00:00,7.894,7.952,7.889,7.943,110851.2
2024-11-27 20:30:00,7.943,7.961,7.879,7.896,28116.3
2024-11-27 21:00:00,7.896,7.948,7.835,7.855,22421.4
2024-11-27 21:30:00,7.855,7.884,7.839,7.863,15459.2
2024-11-27 22:00:00,7.863,7.911,7.836,7.911,26730.0
2024-11-27 22:30:00,7.911,7.929,7.857,7.88,16646.8
2024-11-27 23:00:00,7.88,7.92,7.824,7.873,22236.2
2024-11-27 23:30:00,7.873,8.005,7.851,7.922,30984.2
2024-11-28 00:00:00,7.922,8.079,7.909,8.048,63771.9
2024-11-28 00:30:00,8.048,8.092,8.032,8.086,24008.7
2024-11-28 01:00:00,8.086,8.114,8.05,8.063,20131.8
2024-11-28 01:30:00,8.063,8.107,8.034,8.105,18917.2
2024-11-28 02:00:00,8.105,8.301,8.093,8.24,48186.2
2024-11-28 02:30:00,8.24,8.262,8.14,8.176,27249.6
2024-11-28 03:00:00,8.176,8.245,8.045,8.075,39038.3
2024-11-28 03:30:00,8.075,8.304,8.006,8.293,38408.7
2024-11-28 04:00:00,8.293,8.36,8.177,8.235,40830.0
2024-11-28 04:30:00,8.235,8.43,8.231,8.395,44793.5
2024-11-28 05:00:00,8.395,8.483,8.261,8.266,41481.9
2024-11-28 05:30:00,8.266,8.338,8.259,8.296,75054.9
2024-11-28 06:00:00,8.296,8.302,8.146,8.184,24835.3
2024-11-28 06:30:00,8.184,8.237,8.154,8.18,11875.7
2024-11-28 07:00:00,8.18,8.274,8.152,8.224,47235.9
2024-11-28 07:30:00,8.224,8.262,8.122,8.162,65525.5
2024-11-28 08:00:00,8.162,8.204,8.093,8.204,28346.1
2024-11-28 08:30:00,8.204,8.229,8.126,8.153,23324.0
2024-11-28 09:00:00,8.153,8.183,8.09,8.164,15997.9
2024-11-28 09:30:00,8.164,8.19,8.03,8.045,32479.0
2024-11-28 10:00:00,8.045,8.088,8.005,8.077,23137.7
2024-11-28 10:30:00,8.077,8.127,8.023,8.045,36994.1
2024-11-28 11:00:00,8.045,8.058,7.956,7.988,39896.0
2024-11-28 11:30:00,7.988,8.147,7.961,8.121,29349.1
2024-11-28 12:00:00,8.121,8.211,8.08,8.132,61729.8
2024-11-28 12:30:00,8.132,8.159,8.059,8.135,27042.6
2024-11-28 13:00:00,8.135,8.136,8.029,8.074,26412.8
2024-11-28 13:30:00,8.074,8.153,8.007,8.121,28184.1
2024-11-28 14:00:00,8.121,8.209,8.1,8.152,51254.0
2024-11-28 14:30:00,8.152,8.245,8.124,8.151,26061.3
2024-11-28 15:00:00,8.151,8.23,8.069,8.195,40416.6
2024-11-28 15:30:00,8.195,8.196,8.083,8.156,55277.7
2024-11-28 16:00:00,8.156,8.323,8.149,8.287,88846.2
2024-11-28 16:30:00,8.287,8.349,8.223,8.3,89150.9
2024-11-28 17:00:00,8.3,8.423,8.3,8.41,73003.5
2024-11-28 17:30:00,8.41,8.518,8.358,8.468,140121.9
2024-11-28 18:00:00,8.468,8.538,8.446,8.527,50810.1
2024-11-28 18:30:00,8.527,8.639,8.475,8.586,83426.3
2024-11-28 19:00:00,8.586,8.69,8.482,8.499,173128.5
2024-11-28 19:30:00,8.499,8.527,8.423,8.46,62304.0
2024-11-28 20:00:00,8.46,8.566,8.413,8.423,86771.8
2024-11-28 20:30:00,8.423,8.496,8.41,8.488,53314.2
2024-11-28 21:00:00,8.488,8.632,8.488,8.626,50356.4
2024-11-28 21:30:00,8.626,8.635,8.552,8.577,43606.8
2024-11-28 22:00:00,8.577,8.804,8.568,8.721,78239.7
2024-11-28 22:30:00,8.721,8.791,8.697,8.763,56086.3
2024-11-28 23:00:00,8.763,8.763,8.625,8.671,82902.3
2024-11-28 23:30:00,8.671,8.674,8.544,8.548,37978.5
2024-11-29 00:00:00,8.548,8.579,8.457,8.48,60621.8
2024-11-29 00:30:00,8.48,8.509,8.416,8.416,34461.9
2024-11-29 01:00:00,8.416,8.486,8.416,8.448,14059.5
2024-11-29 01:30:00,8.448,8.448,8.376,8.392,25757.6
2024-11-29 02:00:00,8.392,8.464,8.373,8.464,24271.6
2024-11-29 02:30:00,8.464,8.495,8.448,8.471,21000.3
2024-11-29 03:00:00,8.471,8.529,8.458,8.516,15558.5
2024-11-29 03:30:00,8.516,8.565,8.471,8.487,21013.4
2024-11-29 04:00:00,8.487,8.554,8.462,8.531,20392.3
2024-11-29 04:30:00,8.531,8.66,8.496,8.655,22017.6
2024-11-29 05:00:00,8.655,8.754,8.638,8.695,32724.9
2024-11-29 05:30:00,8.695,8.721,8.618,8.648,25758.6
2024-11-29 06:00:00,8.648,8.782,8.641,8.758,66545.2
2024-11-29 06:30:00,8.758,8.768,8.728,8.767,30839.8
2024-11-29 07:00:00,8.767,8.786,8.651,8.705,28879.9
2024-11-29 07:30:00,8.705,8.737,8.632,8.633,27600.7
2024-11-29 08:00:00,8.633,8.804,8.633,8.78,48201.0
2024-11-29 08:30:00,8.78,8.792,8.735,8.754,39322.0
2024-11-29 09:00:00,8.754,8.823,8.696,8.801,61466.1
2024-11-29 09:30:00,8.801,8.913,8.766,8.862,134453.0
2024-11-29 10:00:00,8.862,8.888,8.823,8.856,64935.2
2024-11-29 10:30:00,8.856,8.902,8.847,8.877,64096.2
2024-11-29 11:00:00,8.877,8.992,8.841,8.955,112994.9
2024-11-29 11:30:00,8.955,8.982,8.826,8.835,55562.2
2024-11-29 12:00:00,8.835,8.905,8.804,8.811,34360.5
2024-11-29 12:30:00,8.811,8.817,8.661,8.717,59994.8
2024-11-29 13:00:00,8.717,8.742,8.659,8.708,30664.6
2024-11-29 13:30:00,8.708,8.778,8.704,8.776,53450.3
2024-11-29 14:00:00,8.776,8.832,8.747,8.8,81123.6
2024-11-29 14:30:00,8.8,8.869,8.774,8.853,41861.9
2024-11-29 15:00:00,8.853,8.945,8.811,8.886,174595.7
2024-11-29 15:30:00,8.886,8.963,8.802,8.888,82440.2
2024-11-29 16:00:00,8.888,8.951,8.818,8.943,42884.8
2024-11-29 16:30:00,8.943,8.99,8.779,8.792,36529.0
2024-11-29 17:00:00,8.792,8.824,8.72,8.722,42759.1
2024-11-29 17:30:00,8.722,8.893,8.721,8.879,25966.4
2024-11-29 18:00:00,8.879,8.954,8.86,8.897,37942.9
2024-11-29 18:30:00,8.897,8.918,8.848,8.882,14342.5
2024-11-29 19:00:00,8.882,8.886,8.766,8.856,27895.3
2024-11-29 19:30:00,8.856,8.863,8.777,8.8,10631.4
2024-11-29 20:00:00,8.8,8.811,8.764,8.786,19245.7
2024-11-29 20:30:00,8.786,8.795,8.716,8.732,37174.5
2024-11-29 21:00:00,8.732,8.77,8.667,8.69,52903.0
2024-11-29 21:30:00,8.69,8.706,8.66,8.706,33785.1
2024-11-29 22:00:00,8.706,8.781,8.701,8.775,34390.9
2024-11-29 22:30:00,8.775,8.826,8.772,8.786,26885.2
2024-11-29 23:00:00,8.786,8.823,8.751,8.808,11596.9
2024-11-29 23:30:00,8.808,8.822,8.74,8.744,17160.3
2024-11-30 00:00:00,8.744,8.801,8.698,8.785,19835.2
2024-11-30 00:30:00,8.785,8.822,8.75,8.809,16006.7
2024-11-30 01:00:00,8.809,8.861,8.74,8.777,36634.1
2024-11-30 01:30:00,8.777,8.818,8.732,8.773,12899.2
2024-11-30 02:00:00,8.773,8.845,8.738,8.807,17346.6
2024-11-30 02:30:00,8.807,8.823,8.743,8.816,8024.7
2024-11-30 03:00:00,8.816,8.839,8.765,8.79,14108.9
2024-11-30 03:30:00,8.79,8.899,8.79,8.871,12648.9
2024-11-30 04:00:00,8.871,8.92,8.842,8.907,8228.9
2024-11-30 04:30:00,8.907,8.912,8.801,8.815,14169.4
2024-11-30 05:00:00,8.815,8.85,8.729,8.744,33647.4
2024-11-30 05:30:00,8.744,8.785,8.73,8.759,10313.7
2024-11-30 06:00:00,8.759,8.79,8.724,8.782,23841.3
2024-11-30 06:30:00,8.782,8.787,8.692,8.712,19960.0
2024-11-30 07:00:00,8.712,8.854,8.682,8.846,31076.9
2024-11-30 07:30:00,8.846,8.873,8.815,8.859,15515.7
2024-11-30 08:00:00,8.859,8.889,8.832,8.86,18832.5
2024-11-30 08:30:00,8.86,8.873,8.798,8.815,17711.8
2024-11-30 09:00:00,8.815,8.837,8.723,8.736,51199.0
2024-11-30 09:30:00,8.736,8.849,8.715,8.84,34318.0
2024-11-30 10:00:00,8.84,8.901,8.753,8.773,74629.3
2024-11-30 10:30:00,8.773,8.803,8.658,8.673,48423.7
2024-11-30 11:00:00,8.673,8.756,8.662,8.723,32839.9
2024-11-30 11:30:00,8.723,8.738,8.676,8.69,37657.2
2024-11-30 12:00:00,8.69,8.8,8.688,8.788,53551.0
2024-11-30 12:30:00,8.788,8.847,8.74,8.777,26526.6
2024-11-30 13:00:00,8.777,8.78,8.703,8.725,64618.1
2024-11-30 13:30:00,8.725,8.786,8.704,8.753,27776.7
2024-11-30 14:00:00,8.753,8.901,8.745,8.864,81594.7
2024-11-30 14:30:00,8.864,8.924,8.741,8.759,96247.4
2024-11-30 15:00:00,8.759,8.842,8.727,8.82,23597.2
2024-11-30 15:30:00,8.82,8.915,8.809,8.9,31158.4
2024-11-30 16:00:00,8.9,8.972,8.833,8.833,73584.6
2024-11-30 16:30:00,8.833,8.898,8.823,8.836,66880.6
2024-11-30 17:00:00,8.836,8.865,8.753,8.848,51520.9
2024-11-30 17:30:00,8.848,8.949,8.848,8.942,26315.1
2024-11-30 18:00:00,8.942,8.973,8.836,8.905,44961.6
2024-11-30 18:30:00,8.905,8.931,8.872,8.919,24009.4
2024-11-30 19:00:00,8.919,9.017,8.915,9.008,54763.9
2024-11-30 19:30:00,9.008,9.127,8.991,9.085,88586.3
2024-11-30 20:00:00,9.085,9.154,9.069,9.096,69093.9
2024-11-30 20:30:00,9.096,9.098,9.034,9.062,64938.3
2024-11-30 21:00:00,9.062,9.071,8.997,9.011,49417.9
2024-11-30 21:30:00,9.011,9.049,8.97,9.035,49999.6
2024-11-30 22:00:00,9.035,9.079,8.941,8.945,34090.9
2024-11-30 22:30:00,8.945,8.955,8.832,8.864,69929.2
2024-11-30 23:00:00,8.864,8.936,8.85,8.861,51533.7
2024-11-30 23:30:00,8.861,8.918,8.857,8.89,26248.4
2024-12-01 00:00:00,8.89,8.913,8.838,8.89,28573.5
2024-12-01 00:30:00,8.89,8.955,8.761,8.767,43977.0
2024-12-01 01:00:00,8.767,8.844,8.708,8.836,49292.1
2024-12-01 01:30:00,8.836,8.888,8.766,8.788,15585.2
2024-12-01 02:00:00,8.788,8.812,8.716,8.754,35654.8
2024-12-01 02:30:00,8.754,8.754,8.632,8.666,195909.8
2024-12-01 03:00:00,8.666,8.814,8.662,8.764,93533.4
2024-12-01 03:30:00,8.764,8.785,8.745,8.77,11520.6
2024-12-01 04:00:00,8.77,8.802,8.713,8.794,16385.5
2024-12-01 04:30:00,8.794,8.886,8.789,8.851,84234.1
2024-12-01 05:00:00,8.851,8.858,8.764,8.78,30816.2
2024-12-01 05:30:00,8.78,8.808,8.714,8.714,16748.7
2024-12-01 06:00:00,8.714,8.833,8.708,8.821,50553.0
2024-12-01 06:30:00,8.821,8.85,8.804,8.804,15765.6
2024-12-01 07:00:00,8.804,8.817,8.779,8.806,14337.9
2024-12-01 07:30:00,8.806,8.83,8.782,8.786,28088.9
2024-12-01 08:00:00,8.786,8.87,8.767,8.828,24411.3
2024-12-01 08:30:00,8.828,8.895,8.81,8.88,78007.2
2024-12-01 09:00:00,8.88,8.891,8.812,8.818,26030.7
2024-12-01 09:30:00,8.818,8.853,8.812,8.836,23945.5
2024-12-01 10:00:00,8.836,8.836,8.758,8.795,18798.0
2024-12-01 10:30:00,8.795,8.809,8.703,8.798,89116.7
2024-12-01 11:00:00,8.798,8.88,8.793,8.873,15740.2
2024-12-01 11:30:00,8.873,8.873,8.825,8.83,18282.9
2024-12-01 12:00:00,8.83,8.842,8.785,8.796,29322.5
2024-12-01 12:30:00,8.796,8.874,8.767,8.845,16991.2
2024-12-01 13:00:00,8.845,8.935,8.803,8.906,91526.0
2024-12-01 13:30:00,8.906,8.914,8.853,8.88,31114.0
2024-12-01 14:00:00,8.88,8.894,8.847,8.862,30827.3
2024-12-01 14:30:00,8.862,8.885,8.838,8.867,32964.0
2024-12-01 15:00:00,8.867,8.894,8.835,8.888,34360.2
2024-12-01 15:30:00,8.888,8.932,8.857,8.886,43723.7
2024-12-01 16:00:00,8.886,8.903,8.812,8.83,177530.6
2024-12-01 16:30:00,8.83,8.842,8.762,8.767,80389.9
2024-12-01 17:00:00,8.767,8.79,8.719,8.745,74327.6
2024-12-01 17:30:00,8.745,8.797,8.745,8.78,64827.4
2024-12-01 18:00:00,8.78,8.799,8.741,8.766,66000.5
2024-12-01 18:30:00,8.766,8.777,8.723,8.741,10235.8
2024-12-01 19:00:00,8.741,8.787,8.714,8.74,28260.1
2024-12-01 19:30:00,8.74,8.761,8.678,8.754,45036.6
2024-12-01 20:00:00,8.754,8.763,8.638,8.647,92926.0
2024-12-01 20:30:00,8.647,8.748,8.634,8.721,48383.2
2024-12-01 21:00:00,8.721,8.772,8.683,8.746,58893.9
2024-12-01 21:30:00,8.746,8.761,8.715,8.749,23651.4
2024-12-01 22:00:00,8.749,8.798,8.717,8.727,33080.3
2024-12-01 22:30:00,8.727,8.794,8.718,8.766,33801.0
2024-12-01 23:00:00,8.766,8.818,8.758,8.793,20800.7
2024-12-01 23:30:00,8.793,8.798,8.703,8.731,27359.8
2024-12-02 00:00:00,8.731,8.746,8.672,8.733,47771.8
2024-12-02 00:30:00,8.733,8.781,8.66,8.696,47873.0
2024-12-02 01:00:00,8.696,8.759,8.666,8.754,38790.9
2024-12-02 01:30:00,8.754,8.846,8.698,8.835,41392.6
2024-12-02 02:00:00,8.835,8.847,8.566,8.597,278031.3
2024-12-02 02:30:00,8.597,8.628,8.569,8.621,45105.7
2024-12-02 03:00:00,8.621,8.674,8.612,8.613,112536.9
2024-12-02 03:30:00,8.613,8.613,8.312,8.358,156884.2
2024-12-02 04:00:00,8.358,8.449,8.26,8.334,115448.3
2024-12-02 04:30:00,8.334,8.467,8.32,8.457,51211.6
2024-12-02 05:00:00,8.457,8.504,8.434,8.469,35058.7
2024-12-02 05:30:00,8.469,8.47,8.388,8.444,76861.6
2024-12-02 06:00:00,8.444,8.457,8.364,8.441,31654.2
2024-12-02 06:30:00,8.441,8.541,8.432,8.537,63476.2
2024-12-02 07:00:00,8.537,8.563,8.442,8.462,33970.4
2024-12-02 07:30:00,8.462,8.502,8.406,8.492,28433.3
2024-12-02 08:00:00,8.492,8.538,8.335,8.356,55914.3
2024-12-02 08:30:00,8.356,8.413,8.044,8.265,550553.5
2024-12-02 09:00:00,8.265,8.368,8.222,8.347,35757.2
2024-12-02 09:30:00,8.347,8.396,8.273,8.39,29685.5
2024-12-02 10:00:00,8.39,8.396,8.28,8.31,41506.9
2024-12-02 10:30:00,8.31,8.311,8.152,8.166,64507.9
2024-12-02 11:00:00,8.166,8.283,8.133,8.275,32832.1
2024-12-02 11:30:00,8.275,8.282,8.225,8.259,26789.7
2024-12-02 12:00:00,8.259,8.332,8.224,8.328,18530.0
2024-12-02 12:30:00,8.328,8.336,8.193,8.23,49920.1
2024-12-02 13:00:00,8.23,8.414,8.218,8.403,33701.9
2024-12-02 13:30:00,8.403,8.421,8.367,8.415,38106.0
2024-12-02 14:00:00,8.415,8.433,8.343,8.397,21604.7
2024-12-02 14:30:00,8.397,8.515,8.396,8.471,47476.5
2024-12-02 15:00:00,8.471,8.574,8.406,8.546,37981.6
2024-12-02 15:30:00,8.546,8.59,8.504,8.547,42425.6
2024-12-02 16:00:00,8.547,8.571,8.376,8.38,34706.5
2024-12-02 16:30:00,8.38,8.442,8.281,8.384,72161.9
2024-12-02 17:00:00,8.384,8.449,8.3,8.319,58220.9
2024-12-02 17:30:00,8.319,8.331,8.172,8.201,56536.7
2024-12-02 18:00:00,8.201,8.35,8.2,8.337,31579.0
2024-12-02 18:30:00,8.337,8.343,8.31,8.328,18193.2
2024-12-02 19:00:00,8.328,8.329,8.26,8.318,32300.5
2024-12-02 19:30:00,8.318,8.361,8.311,8.34,37733.1
2024-12-02 20:00:00,8.34,8.381,8.333,8.373,19159.2
2024-12-02 20:30:00,8.373,8.415,8.362,8.374,28071.5
2024-12-02 21:00:00,8.374,8.492,8.319,8.48,79454.8
2024-12-02 21:30:00,8.48,8.576,8.442,8.568,42953.7
2024-12-02 22:00:00,8.568,8.657,8.524,8.617,54470.8
2024-12-02 22:30:00,8.617,8.617,8.494,8.523,32812.7
2024-12-02 23:00:00,8.523,8.601,8.514,8.586,16274.2
2024-12-02 23:30:00,8.586,8.782,8.57,8.753,49476.6
2024-12-03 00:00:00,8.753,8.893,8.731,8.853,77712.3
2024-12-03 00:30:00,8.853,9.011,8.816,8.998,113175.7
2024-12-03 01:00:00,8.998,9.007,8.84,8.885,60506.5
2024-12-03 01:30:00,8.885,8.967,8.862,8.863,25832.3
2024-12-03 02:00:00,8.863,8.907,8.809,8.907,21508.0
2024-12-03 02:30:00,8.907,9.085,8.899,9.075,20133.8
2024-12-03 03:00:00,9.075,9.298,9.032,9.246,101375.7
2024-12-03 03:30:00,9.246,9.274,9.198,9.214,63100.8
2024-12-03 04:00:00,9.214,9.264,9.168,9.232,71253.9
2024-12-03 04:30:00,9.232,9.24,9.177,9.184,27226.5
2024-12-03 05:00:00,9.184,9.191,9.075,9.112,51228.8
2024-12-03 05:30:00,9.112,9.163,9.089,9.09,13640.9
2024-12-03 06:00:00,9.09,9.233,9.058,9.22,77477.8
2024-12-03 06:30:00,9.22,9.262,8.971,9.03,103739.2
2024-12-03 07:00:00,9.03,9.102,8.909,8.971,84533.2
2024-12-03 07:30:00,8.971,9.115,8.953,9.099,104128.4
2024-12-03 08:00:00,9.099,9.167,9.038,9.063,40598.6
2024-12-03 08:30:00,9.063,9.079,8.899,8.934,101041.4
2024-12-03 09:00:00,8.934,8.988,8.847,8.913,50370.3
2024-12-03 09:30:00,8.913,8.982,8.885,8.915,43544.6
2024-12-03 10:00:00,8.915,9.013,8.91,8.928,55178.0
2024-12-03 10:30:00,8.928,8.946,8.754,8.771,75449.1
2024-12-03 11:00:00,8.771,8.889,8.76,8.865,31742.1
2024-12-03 11:30:00,8.865,8.869,8.795,8.869,35751.5
2024-12-03 12:00:00,8.869,8.885,8.79,8.854,38035.4
2024-12-03 12:30:00,8.854,8.97,8.826,8.945,51576.2
2024-12-03 13:00:00,8.945,8.986,8.835,8.841,42007.3
2024-12-03 13:30:00,8.841,8.846,8.265,8.462,493862.1
2024-12-03 14:00:00,8.462,8.59,8.4,8.428,89707.3
2024-12-03 14:30:00,8.428,8.682,8.2,8.651,260589.1
2024-12-03 15:00:00,8.651,8.794,8.624,8.663,71464.7
2024-12-03 15:30:00,8.663,8.762,8.632,8.728,36359.2
2024-12-03 16:00:00,8.728,8.828,8.697,8.726,144687.5
2024-12-03 16:30:00,8.726,8.734,8.542,8.574,47164.9
2024-12-03 17:00:00,8.574,8.597,8.44,8.488,51055.4
2024-12-03 17:30:00,8.488,8.657,8.469,8.652,27704.6
2024-12-03 18:00:00,8.652,8.691,8.61,8.657,22293.9
2024-12-03 18:30:00,8.657,8.743,8.65,8.702,60415.3
2024-12-03 19:00:00,8.702,8.703,8.55,8.633,104177.9
2024-12-03 19:30:00,8.633,8.676,8.601,8.672,36711.8
2024-12-03 20:00:00,8.672,8.806,8.662,8.79,41687.7
2024-12-03 20:30:00,8.79,8.873,8.784,8.837,78567.9
2024-12-03 21:00:00,8.837,8.979,8.82,8.929,58866.3
2024-12-03 21:30:00,8.929,9.017,8.903,8.922,140601.2
2024-12-03 22:00:00,8.922,8.977,8.81,8.93,60776.9
2024-12-03 22:30:00,8.93,9.004,8.894,9.004,36169.3
2024-12-03 23:00:00,9.004,9.045,8.96,8.979,25744.4
2024-12-03 23:30:00,8.979,9.046,8.921,8.928,22225.4
2024-12-04 00:00:00,8.928,9.04,8.899,8.97,96216.8
2024-12-04 00:30:00,8.97,9.017,8.904,8.944,26968.5
2024-12-04 01:00:00,8.944,9.018,8.907,8.91,29939.5
2024-12-04 01:30:00,8.91,8.993,8.876,8.955,22082.3
2024-12-04 02:00:00,8.955,8.964,8.762,8.83,47191.6
2024-12-04 02:30:00,8.83,8.846,8.736,8.79,50919.2
2024-12-04 03:00:00,8.79,8.85,8.777,8.843,40129.3
2024-12-04 03:30:00,8.843,8.858,8.806,8.812,99051.3
2024-12-04 04:00:00,8.812,8.882,8.81,8.864,12734.2
2024-12-04 04:30:00,8.864,8.938,8.837,8.933,33793.8
2024-12-04 05:00:00,8.933,9.009,8.933,8.996,30618.2
2024-12-04 05:30:00,8.996,9.007,8.938,8.938,33264.4
2024-12-04 06:00:00,8.938,8.938,8.813,8.84,36542.6
2024-12-04 06:30:00,8.84,8.938,8.811,8.938,29444.5
2024-12-04 07:00:00,8.938,8.943,8.869,8.873,20767.3
2024-12-04 07:30:00,8.873,8.913,8.851,8.904,26715.5
2024-12-04 08:00:00,8.904,8.977,8.9,8.93,42826.6
2024-12-04 08:30:00,8.93,8.937,8.871,8.908,29526.7
2024-12-04 09:00:00,8.908,9.037,8.901,9.033,98009.3
2024-12-04 09:30:00,9.033,9.055,8.949,8.978,62030.2
2024-12-04 10:00:00,8.978,9.049,8.951,9.014,40029.6
2024-12-04 10:30:00,9.014,9.065,8.98,9.023,30554.7
2024-12-04 11:00:00,9.023,9.104,9.012,9.096,38064.8
2024-12-04 11:30:00,9.096,9.124,9.002,9.006,37987.3
2024-12-04 12:00:00,9.006,9.031,8.763,8.841,227249.6
2024-12-04 12:30:00,8.841,8.936,8.823,8.92,57100.2
2024-12-04 13:00:00,8.92,8.969,8.842,8.843,99010.4
2024-12-04 13:30:00,8.843,8.891,8.777,8.861,57520.5
2024-12-04 14:00:00,8.861,8.868,8.649,8.81,176164.4
2024-12-04 14:30:00,8.81,8.96,8.775,8.889,96199.4
2024-12-04 15:00:00,8.889,9.092,8.803,9.074,77885.1
2024-12-04 15:30:00,9.074,9.124,8.944,9.007,129855.7
2024-12-04 16:00:00,9.007,9.025,8.636,8.695,150829.4
2024-12-04 16:30:00,8.695,8.743,8.46,8.557,223254.7
2024-12-04 17:00:00,8.557,8.667,8.513,8.636,106976.2
2024-12-04 17:30:00,8.636,8.748,8.597,8.74,47909.7
2024-12-04 18:00:00,8.74,8.872,8.727,8.795,40654.3
2024-12-04 18:30:00,8.795,8.807,8.723,8.774,16357.2
2024-12-04 19:00:00,8.774,8.919,8.743,8.892,22911.9
2024-12-04 19:30:00,8.892,8.93,8.863,8.873,26879.7
2024-12-04 20:00:00,8.873,8.972,8.857,8.87,48348.4
2024-12-04 20:30:00,8.87,8.898,8.648,8.746,90178.4
2024-12-04 21:00:00,8.746,8.804,8.67,8.788,87911.3
2024-12-04 21:30:00,8.788,8.826,8.736,8.756,54467.8
2024-12-04 22:00:00,8.756,8.826,8.75,8.779,21823.2
2024-12-04 22:30:00,8.779,8.804,8.684,8.7,33992.1
2024-12-04 23:00:00,8.7,8.724,8.538,8.546,46020.3
2024-12-04 23:30:00,8.546,8.696,8.532,8.681,35282.1
2024-12-05 00:00:00,8.681,8.7,8.536,8.587,31973.7
2024-12-05 00:30:00,8.587,8.64,8.543,8.562,23157.9
2024-12-05 01:00:00,8.562,8.568,8.181,8.296,441124.5
2024-12-05 01:30:00,8.296,8.374,8.241,8.308,120224.3
2024-12-05 02:00:00,8.308,8.412,8.297,8.412,58976.9
2024-12-05 02:30:00,8.412,8.604,8.412,8.51,50136.5
2024-12-05 03:00:00,8.51,11.15,8.51,10.882,1858846.2
2024-12-05 03:30:00,10.882,11.869,10.669,10.913,1273711.8
2024-12-05 04:00:00,10.913,11.479,9.941,10.112,1824254.3
2024-12-05 04:30:00,10.112,10.161,9.693,9.704,513194.0
2024-12-05 05:00:00,9.704,9.809,9.526,9.698,371760.0
2024-12-05 05:30:00,9.698,9.951,9.65,9.766,278691.2
2024-12-05 06:00:00,9.766,9.938,9.611,9.72,279195.2
2024-12-05 06:30:00,9.72,9.788,9.636,9.777,166340.4
2024-12-05 07:00:00,9.777,9.908,9.709,9.766,184671.4
2024-12-05 07:30:00,9.766,9.889,9.705,9.809,93294.1
2024-12-05 08:00:00,9.809,10.259,9.757,9.99,462305.0
2024-12-05 08:30:00,9.99,10.375,9.95,10.275,278772.9
2024-12-05 09:00:00,10.275,10.678,10.176,10.547,470764.8
2024-12-05 09:30:00,10.547,10.547,10.077,10.15,600643.6
2024-12-05 10:00:00,10.15,10.15,9.962,10.073,211578.1
2024-12-05 10:30:00,10.073,10.134,10.006,10.027,103877.4
2024-12-05 11:00:00,10.027,10.08,9.941,9.999,121344.1
2024-12-05 11:30:00,9.999,10.198,9.981,10.135,137420.0
2024-12-05 12:00:00,10.135,10.277,10.079,10.13,195003.1
2024-12-05 12:30:00,10.13,10.186,10.056,10.122,83421.5
2024-12-05 13:00:00,10.122,10.217,10.057,10.151,115160.0
2024-12-05 13:30:00,10.151,10.234,10.096,10.132,75322.3
2024-12-05 14:00:00,10.132,10.148,9.837,9.895,244031.8
2024-12-05 14:30:00,9.895,9.965,9.825,9.919,128781.3
2024-12-05 15:00:00,9.919,10.011,9.738,9.836,304858.5
2024-12-05 15:30:00,9.836,9.927,9.77,9.912,162931.5
2024-12-05 16:00:00,9.912,9.986,9.87,9.937,56419.3
2024-12-05 16:30:00,9.937,10.107,9.794,10.076,281633.4
2024-12-05 17:00:00,10.076,10.079,9.944,10.033,109631.3
2024-12-05 17:30:00,10.033,10.193,10.025,10.088,211173.9
2024-12-05 18:00:00,10.088,10.197,10.055,10.127,107580.1
2024-12-05 18:30:00,10.127,10.149,9.961,9.976,66993.7
2024-12-05 19:00:00,9.976,10.054,9.916,10.013,55992.4
2024-12-05 19:30:00,10.013,10.044,9.713,9.774,284715.6
2024-12-05 20:00:00,9.774,9.84,9.562,9.625,192944.9
2024-12-05 20:30:00,9.625,9.832,9.56,9.803,91275.7
2024-12-05 21:00:00,9.803,9.965,9.745,9.934,49563.6
2024-12-05 21:30:00,9.934,10.102,9.91,10.029,57484.2
2024-12-05 22:00:00,10.029,10.101,9.49,9.608,348749.0
2024-12-05 22:30:00,9.608,10.07,9.593,10.005,296749.1
2024-12-05 23:00:00,10.005,10.397,9.888,10.244,204897.4
2024-12-05 23:30:00,10.244,10.29,10.006,10.109,211653.2
2024-12-06 00:00:00,10.109,10.114,9.829,9.898,332221.3
2024-12-06 00:30:00,9.898,10.152,9.897,10.09,92931.5
2024-12-06 01:00:00,10.09,10.494,9.961,10.368,236098.8
2024-12-06 01:30:00,10.368,10.542,10.291,10.479,143022.1
2024-12-06 02:00:00,10.479,10.558,10.32,10.404,90530.4
2024-12-06 02:30:00,10.404,10.433,10.313,10.394,26051.1
2024-12-06 03:00:00,10.394,10.476,10.267,10.355,49773.0
2024-12-06 03:30:00,10.355,10.65,10.354,10.559,110342.8
2024-12-06 04:00:00,10.559,10.683,10.376,10.407,143590.7
2024-12-06 04:30:00,10.407,10.501,10.371,10.47,106273.5
2024-12-06 05:00:00,10.47,10.87,10.467,10.761,131908.1
2024-12-06 05:30:00,10.761,10.784,10.463,10.575,280871.8
2024-12-06 06:00:00,10.575,10.659,10.552,10.584,134128.4
2024-12-06 06:30:00,10.584,10.629,10.421,10.455,95188.6
2024-12-06 07:00:00,10.455,10.467,10.332,10.359,56812.1
2024-12-06 07:30:00,10.359,10.45,10.349,10.426,59162.9
2024-12-06 08:00:00,10.426,10.505,10.426,10.488,67648.7
2024-12-06 08:30:00,10.488,10.558,10.42,10.473,49936.5
2024-12-06 09:00:00,10.473,10.625,10.35,10.516,128939.1
2024-12-06 09:30:00,10.516,10.611,10.373,10.394,68968.5
2024-12-06 10:00:00,10.394,10.457,10.295,10.338,108085.8
2024-12-06 10:30:00,10.338,10.396,10.222,10.339,80156.7
2024-12-06 11:00:00,10.339,10.437,10.285,10.332,41524.2
2024-12-06 11:30:00,10.332,10.349,10.204,10.27,62278.0
2024-12-06 12:00:00,10.27,10.385,10.217,10.232,31786.8
2024-12-06 12:30:00,10.232,10.252,10.016,10.037,143667.4
2024-12-06 13:00:00,10.037,10.217,10.033,10.176,102234.9
2024-12-06 13:30:00,10.176,10.444,10.147,10.344,120195.8
2024-12-06 14:00:00,10.344,10.422,10.281,10.388,48745.2
2024-12-06 14:30:00,10.388,10.487,10.307,10.444,50817.3
2024-12-06 15:00:00,10.444,10.496,10.333,10.491,138870.8
2024-12-06 15:30:00,10.491,10.558,10.36,10.438,76044.8
2024-12-06 16:00:00,10.438,10.651,10.434,10.582,37246.5
2024-12-06 16:30:00,10.582,10.743,10.545,10.672,89838.0
2024-12-06 17:00:00,10.672,10.734,10.633,10.68,43487.8
2024-12-06 17:30:00,10.68,10.87,10.669,10.804,72749.5
2024-12-06 18:00:00,10.804,11.006,10.78,11.005,125653.3
2024-12-06 18:30:00,11.005,11.005,10.79,10.807,66666.0
2024-12-06 19:00:00,10.807,10.823,10.673,10.692,77451.6
2024-12-06 19:30:00,10.692,10.731,10.6,10.646,106746.5
2024-12-06 20:00:00,10.646,10.718,10.528,10.551,104409.6
2024-12-06 20:30:00,10.551,10.573,10.466,10.488,52027.9
2024-12-06 21:00:00,10.488,10.567,10.478,10.559,52536.0
2024-12-06 21:30:00,10.559,10.572,10.487,10.502,35503.3
2024-12-06 22:00:00,10.502,10.517,10.424,10.493,50936.5
2024-12-06 22:30:00,10.493,10.575,10.492,10.51,72745.7
2024-12-06 23:00:00,10.51,10.584,10.454,10.505,53633.9
2024-12-06 23:30:00,10.505,10.527,10.464,10.491,28877.4
2024-12-07 00:00:00,10.491,10.573,10.448,10.493,47134.2
2024-12-07 00:30:00,10.493,10.518,10.384,10.453,39463.7
2024-12-07 01:00:00,10.453,10.49,10.348,10.362,45698.8
2024-12-07 01:30:00,10.362,10.399,10.333,10.385,36786.8
2024-12-07 02:00:00,10.385,10.446,10.35,10.446,41713.4
2024-12-07 02:30:00,10.446,10.455,10.39,10.4,11072.2
2024-12-07 03:00:00,10.4,10.412,10.312,10.378,65953.1
2024-12-07 03:30:00,10.378,10.427,10.35,10.352,21126.0
2024-12-07 04:00:00,10.352,10.419,10.332,10.406,36336.5
2024-12-07 04:30:00,10.406,10.449,10.39,10.427,19524.1
2024-12-07 05:00:00,10.427,10.447,10.362,10.393,15371.1
2024-12-07 05:30:00,10.393,10.396,10.336,10.349,41344.5
2024-12-07 06:00:00,10.349,10.383,10.325,10.347,40234.9
2024-12-07 06:30:00,10.347,10.359,10.323,10.33,8268.2
2024-12-07 07:00:00,10.33,10.34,10.301,10.315,22395.2
2024-12-07 07:30:00,10.315,10.366,10.251,10.311,56926.1
2024-12-07 08:00:00,10.311,10.356,10.275,10.304,13763.4
2024-12-07 08:30:00,10.304,10.304,10.192,10.287,73790.6
2024-12-07 09:00:00,10.287,10.39,10.278,10.361,18789.0
2024-12-07 09:30:00,10.361,10.376,10.284,10.303,26911.8
2024-12-07 10:00:00,10.303,10.323,10.254,10.314,50522.1
2024-12-07 10:30:00,10.314,10.324,10.24,10.313,19565.5
2024-12-07 11:00:00,10.313,10.345,10.302,10.338,10648.8
2024-12-07 11:30:00,10.338,10.373,10.3,10.3,57514.0
2024-12-07 12:00:00,10.3,10.355,10.278,10.303,26615.5
2024-12-07 12:30:00,10.303,10.306,10.25,10.257,33206.4
2024-12-07 13:00:00,10.257,10.268,10.234,10.254,15161.8
2024-12-07 13:30:00,10.254,10.276,10.236,10.272,57890.9
2024-12-07 14:00:00,10.272,10.281,10.192,10.238,30257.2
2024-12-07 14:30:00,10.238,10.396,10.238,10.372,44141.6
2024-12-07 15:00:00,10.372,10.377,10.297,10.311,16843.8
2024-12-07 15:30:00,10.311,10.334,10.284,10.326,11784.2
2024-12-07 16:00:00,10.326,10.334,10.271,10.281,12856.9
2024-12-07 16:30:00,10.281,10.302,10.23,10.294,35005.3
2024-12-07 17:00:00,10.294,10.294,10.225,10.268,23829.1
2024-12-07 17:30:00,10.268,10.277,10.174,10.241,60576.9
2024-12-07 18:00:00,10.241,10.316,10.238,10.312,21609.6
2024-12-07 18:30:00,10.312,10.352,10.269,10.334,25775.6
2024-12-07 19:00:00,10.334,10.371,10.334,10.347,25613.4
2024-12-07 19:30:00,10.347,10.351,10.3,10.317,60614.5
2024-12-07 20:00:00,10.317,10.352,10.297,10.301,48848.8
2024-12-07 20:30:00,10.301,10.366,10.3,10.353,15883.5
2024-12-07 21:00:00,10.353,10.4,10.311,10.37,34906.0
2024-12-07 21:30:00,10.37,10.4,10.314,10.395,14833.0
2024-12-07 22:00:00,10.395,10.428,10.353,10.361,26143.0
2024-12-07 22:30:00,10.361,10.389,10.304,10.304,15211.0
2024-12-07 23:00:00,10.304,10.374,10.3,10.351,24985.3
2024-12-07 23:30:00,10.351,10.39,10.263,10.282,32337.0
2024-12-08 00:00:00,10.282,10.384,10.239,10.384,38237.9
2024-12-08 00:30:00,10.384,10.465,10.357,10.442,31460.8
2024-12-08 01:00:00,10.442,10.496,10.393,10.404,13754.3
2024-12-08 01:30:00,10.404,10.404,10.332,10.359,21844.7
2024-12-08 02:00:00,10.359,10.442,10.34,10.439,11897.9
2024-12-08 02:30:00,10.439,10.488,10.42,10.471,7891.1
2024-12-08 03:00:00,10.471,10.529,10.46,10.501,16026.0
2024-12-08 03:30:00,10.501,10.514,10.453,10.458,16825.7
2024-12-08 04:00:00,10.458,10.505,10.416,10.422,13125.2
2024-12-08 04:30:00,10.422,10.444,10.324,10.337,26068.7
2024-12-08 05:00:00,10.337,10.36,10.118,10.156,102931.9
2024-12-08 05:30:00,10.156,10.18,10.066,10.108,59711.3
2024-12-08 06:00:00,10.108,10.235,10.086,10.227,16885.7
2024-12-08 06:30:00,10.227,10.249,10.188,10.211,8540.1
2024-12-08 07:00:00,10.211,10.247,10.199,10.243,9663.0
2024-12-08 07:30:00,10.243,10.28,10.22,10.232,7580.2
2024-12-08 08:00:00,10.232,10.25,10.111,10.148,17244.7
2024-12-08 08:30:00,10.148,10.154,10.052,10.054,29369.7
2024-12-08 09:00:00,10.054,10.152,10.052,10.126,21725.2
2024-12-08 09:30:00,10.126,10.135,9.952,10.021,85143.1
2024-12-08 10:00:00,10.021,10.107,10.021,10.081,13017.7
2024-12-08 10:30:00,10.081,10.138,10.067,10.102,14993.6
2024-12-08 11:00:00,10.102,10.136,10.068,10.13,9514.8
2024-12-08 11:30:00,10.13,10.172,10.111,10.151,27168.7
2024-12-08 12:00:00,10.151,10.164,10.1,10.159,16365.8
2024-12-08 12:30:00,10.159,10.234,10.148,10.205,23820.6
2024-12-08 13:00:00,10.205,10.302,10.179,10.302,28533.7
2024-12-08 13:30:00,10.302,10.335,10.267,10.307,41480.8
2024-12-08 14:00:00,10.307,10.309,10.218,10.228,37264.9
2024-12-08 14:30:00,10.228,10.26,10.155,10.157,28035.8
2024-12-08 15:00:00,10.157,10.204,10.093,10.198,53595.8
2024-12-08 15:30:00,10.198,10.223,10.174,10.189,13457.0
2024-12-08 16:00:00,10.189,10.22,10.167,10.184,10546.1
2024-12-08 16:30:00,10.184,10.195,10.089,10.108,51408.2
2024-12-08 17:00:00,10.108,10.168,10.086,10.147,20363.0
2024-12-08 17:30:00,10.147,10.209,10.143,10.197,15055.0
2024-12-08 18:00:00,10.197,10.233,10.088,10.124,28109.4
2024-12-08 18:30:00,10.124,10.189,10.11,10.151,15531.9
2024-12-08 19:00:00,10.151,10.188,10.125,10.147,12652.7
2024-12-08 19:30:00,10.147,10.194,10.145,10.175,7220.0
2024-12-08 20:00:00,10.175,10.195,10.159,10.181,6348.8
2024-12-08 20:30:00,10.181,10.207,10.151,10.156,3910.8
2024-12-08 21:00:00,10.156,10.208,10.139,10.2,9962.7
2024-12-08 21:30:00,10.2,10.25,10.198,10.229,17306.6
2024-12-08 22:00:00,10.229,10.25,10.212,10.247,10860.0
2024-12-08 22:30:00,10.247,10.296,10.242,10.29,16243.6
2024-12-08 23:00:00,10.29,10.296,10.238,10.243,11808.0
2024-12-08 23:30:00,10.243,10.313,10.236,10.281,16178.4
2024-12-09 00:00:00,10.281,10.285,10.117,10.129,34796.3
2024-12-09 00:30:00,10.129,10.167,10.069,10.093,40010.1
2024-12-09 01:00:00,10.093,10.171,10.074,10.128,9571.0
2024-12-09 01:30:00,10.128,10.136,9.973,10.015,80543.6
2024-12-09 02:00:00,10.015,10.07,9.966,9.975,13415.8
2024-12-09 02:30:00,9.975,10.022,9.938,10.001,51865.2
2024-12-09 03:00:00,10.001,10.067,9.963,9.982,34209.0
2024-12-09 03:30:00,9.982,9.987,9.83,9.949,129376.8
2024-12-09 04:00:00,9.949,10.015,9.898,9.95,15151.9
2024-12-09 04:30:00,9.95,10.038,9.936,10.032,14277.6
2024-12-09 05:00:00,10.032,10.041,10.006,10.028,20802.7
2024-12-09 05:30:00,10.028,10.061,9.991,10.059,9791.2
2024-12-09 06:00:00,10.059,10.062,9.909,9.91,16322.3
2024-12-09 06:30:00,9.91,9.951,9.836,9.902,36768.7
2024-12-09 07:00:00,9.902,9.912,9.706,9.784,141194.8
2024-12-09 07:30:00,9.784,9.916,9.744,9.887,32778.2
2024-12-09 08:00:00,9.887,9.887,9.753,9.77,46372.9
2024-12-09 08:30:00,9.77,9.77,9.55,9.584,147283.0
2024-12-09 09:00:00,9.584,9.687,9.501,9.502,74831.3
2024-12-09 09:30:00,9.502,9.61,9.429,9.555,136350.2
2024-12-09 10:00:00,9.555,9.659,9.548,9.605,25416.0
2024-12-09 10:30:00,9.605,9.694,9.6,9.685,16375.0
2024-12-09 11:00:00,9.685,9.689,9.517,9.535,21719.3
2024-12-09 11:30:00,9.535,9.543,9.387,9.426,73509.5
2024-12-09 12:00:00,9.426,9.53,9.325,9.524,61848.5
2024-12-09 12:30:00,9.524,9.579,9.452,9.579,20793.2
2024-12-09 13:00:00,9.579,9.728,9.538,9.723,79611.1
2024-12-09 13:30:00,9.723,9.772,9.681,9.733,31442.7
2024-12-09 14:00:00,9.733,9.736,9.641,9.656,49115.9
2024-12-09 14:30:00,9.656,9.817,9.626,9.773,92453.8
2024-12-09 15:00:00,9.773,9.808,9.517,9.534,86691.1
2024-12-09 15:30:00,9.534,9.586,9.387,9.442,66029.1
2024-12-09 16:00:00,9.442,9.609,9.391,9.596,43230.2
2024-12-09 16:30:00,9.596,9.604,9.48,9.483,15589.5
2024-12-09 17:00:00,9.483,9.544,9.45,9.496,9780.6
2024-12-09 17:30:00,9.496,9.517,9.416,9.416,17026.5
2024-12-09 18:00:00,9.416,9.561,9.416,9.555,22731.0
2024-12-09 18:30:00,9.555,9.555,9.487,9.503,22398.2
2024-12-09 19:00:00,9.503,9.515,9.45,9.506,18630.1
2024-12-09 19:30:00,9.506,9.513,9.405,9.42,21082.5
2024-12-09 20:00:00,9.42,9.438,9.099,9.141,183189.9
2024-12-09 20:30:00,9.141,9.257,8.79,8.846,429485.1
2024-12-09 21:00:00,8.846,8.946,7.478,8.85,1974192.7
2024-12-09 21:30:00,8.85,9.087,8.73,8.73,266627.3
2024-12-09 22:00:00,8.73,8.784,7.95,8.513,586915.3
2024-12-09 22:30:00,8.513,8.795,8.433,8.776,219113.2
2024-12-09 23:00:00,8.776,8.921,8.685,8.914,107951.6
2024-12-09 23:30:00,8.914,8.986,8.874,8.913,61396.0
2024-12-10 00:00:00,8.913,8.985,8.657,8.978,136262.9
2024-12-10 00:30:00,8.978,9.105,8.942,9.021,57485.1
2024-12-10 01:00:00,9.021,9.057,8.892,8.932,36926.0
2024-12-10 01:30:00,8.932,8.942,8.809,8.918,40067.9
2024-12-10 02:00:00,8.918,8.921,8.672,8.675,34520.4
2024-12-10 02:30:00,8.675,8.747,8.517,8.517,67818.1
2024-12-10 03:00:00,8.517,8.585,8.219,8.334,125908.2
2024-12-10 03:30:00,8.334,8.51,8.276,8.485,44643.0
2024-12-10 04:00:00,8.485,8.496,8.292,8.457,54920.2
2024-12-10 04:30:00,8.457,8.672,8.442,8.666,34213.6
2024-12-10 05:00:00,8.666,8.749,8.596,8.618,61130.2
2024-12-10 05:30:00,8.618,8.715,8.58,8.694,40363.1
2024-12-10 06:00:00,8.694,8.794,8.643,8.792,36715.5
2024-12-10 06:30:00,8.792,8.858,8.786,8.844,32457.5
2024-12-10 07:00:00,8.844,8.849,8.748,8.781,29647.0
2024-12-10 07:30:00,8.781,8.795,8.709,8.769,18931.4
2024-12-10 08:00:00,8.769,8.772,8.635,8.73,62861.7
2024-12-10 08:30:00,8.73,8.77,8.648,8.747,23321.5
2024-12-10 09:00:00,8.747,8.896,8.738,8.805,44938.8
2024-12-10 09:30:00,8.805,8.846,8.76,8.835,25194.1
2024-12-10 10:00:00,8.835,8.961,8.829,8.906,25083.7
2024-12-10 10:30:00,8.906,9.008,8.906,8.962,15924.9
2024-12-10 11:00:00,8.962,8.981,8.877,8.957,38918.8
2024-12-10 11:30:00,8.957,8.963,8.788,8.876,43466.6
2024-12-10 12:00:00,8.876,8.896,8.64,8.64,90593.3
2024-12-10 12:30:00,8.64,8.7,8.418,8.471,151988.5
2024-12-10 13:00:00,8.471,8.668,8.471,8.541,82264.4
2024-12-10 13:30:00,8.541,8.712,8.541,8.64,37382.2
2024-12-10 14:00:00,8.64,8.825,8.63,8.797,26477.9
2024-12-10 14:30:00,8.797,8.844,8.621,8.708,57056.4
2024-12-10 15:00:00,8.708,8.771,8.47,8.474,52363.8
2024-12-10 15:30:00,8.474,8.611,8.286,8.293,104946.7
2024-12-10 16:00:00,8.293,8.469,8.174,8.397,163016.2
2024-12-10 16:30:00,8.397,8.556,8.17,8.516,98178.8
2024-12-10 17:00:00,8.516,8.52,8.175,8.175,94883.2
2024-12-10 17:30:00,8.175,8.323,8.115,8.167,79877.4
2024-12-10 18:00:00,8.167,8.363,8.051,8.279,106019.6
2024-12-10 18:30:00,8.279,8.445,8.264,8.32,79417.0
2024-12-10 19:00:00,8.32,8.479,8.303,8.444,19921.3
2024-12-10 19:30:00,8.444,8.532,8.398,8.509,44415.8
2024-12-10 20:00:00,8.509,8.591,8.436,8.573,28356.9
2024-12-10 20:30:00,8.573,8.62,8.505,8.567,33639.2
2024-12-10 21:00:00,8.567,8.733,8.554,8.715,47653.3
2024-12-10 21:30:00,8.715,8.774,8.635,8.673,35813.8
2024-12-10 22:00:00,8.673,8.754,8.658,8.715,39376.6
2024-12-10 22:30:00,8.715,8.758,8.692,8.732,13206.9
2024-12-10 23:00:00,8.732,8.825,8.732,8.782,20506.8
2024-12-10 23:30:00,8.782,8.817,8.704,8.715,39177.4
2024-12-11 00:00:00,8.715,8.808,8.687,8.701,47362.5
2024-12-11 00:30:00,8.701,8.733,8.55,8.662,55632.7
2024-12-11 01:00:00,8.662,8.663,8.412,8.417,40216.4
2024-12-11 01:30:00,8.417,8.591,8.389,8.392,24625.8
2024-12-11 02:00:00,8.392,8.563,8.37,8.55,18707.0
2024-12-11 02:30:00,8.55,8.702,8.535,8.641,32309.6
2024-12-11 03:00:00,8.641,8.745,8.622,8.716,17484.2
2024-12-11 03:30:00,8.716,8.74,8.668,8.722,20202.3
2024-12-11 04:00:00,8.722,8.777,8.7,8.772,13578.3
2024-12-11 04:30:00,8.772,8.823,8.738,8.808,12861.7
2024-12-11 05:00:00,8.808,8.867,8.784,8.804,28948.1
2024-12-11 05:30:00,8.804,8.804,8.718,8.784,25735.8
2024-12-11 06:00:00,8.784,8.888,8.751,8.812,21773.0
2024-12-11 06:30:00,8.812,8.867,8.773,8.85,5753.7
2024-12-11 07:00:00,8.85,8.927,8.843,8.859,20485.7
2024-12-11 07:30:00,8.859,8.899,8.722,8.725,28258.0
2024-12-11 08:00:00,8.725,8.953,8.721,8.952,32604.7
2024-12-11 08:30:00,8.952,9.128,8.938,9.083,148266.9
2024-12-11 09:00:00,9.083,9.109,9.002,9.035,14342.5
2024-12-11 09:30:00,9.035,9.247,9.018,9.247,31495.9
2024-12-11 10:00:00,9.247,9.315,9.196,9.283,50036.9
2024-12-11 10:30:00,9.283,9.396,9.219,9.276,83042.3
2024-12-11 11:00:00,9.276,9.394,9.26,9.374,105353.4
2024-12-11 11:30:00,9.374,9.385,9.256,9.33,54635.1
2024-12-11 12:00:00,9.33,9.452,9.312,9.421,44969.7
2024-12-11 12:30:00,9.421,9.62,9.414,9.588,65709.4
2024-12-11 13:00:00,9.588,9.702,9.49,9.635,115633.4
2024-12-11 13:30:00,9.635,9.815,9.593,9.733,129736.9
2024-12-11 14:00:00,9.733,9.739,9.581,9.664,54808.9
2024-12-11 14:30:00,9.664,9.735,9.591,9.709,42533.1
2024-12-11 15:00:00,9.709,9.987,9.7,9.962,77337.4
2024-12-11 15:30:00,9.962,9.99,9.796,9.833,77915.1
2024-12-11 16:00:00,9.833,9.944,9.807,9.888,52363.2
2024-12-11 16:30:00,9.888,9.915,9.727,9.778,56667.4
2024-12-11 17:00:00,9.778,9.854,9.766,9.767,26245.5
2024-12-11 17:30:00,9.767,9.776,9.601,9.606,69718.1
2024-12-11 18:00:00,9.606,9.706,9.582,9.699,25501.7
2024-12-11 18:30:00,9.699,9.717,9.634,9.651,17507.2
2024-12-11 19:00:00,9.651,9.672,9.574,9.651,28821.8
2024-12-11 19:30:00,9.651,9.694,9.589,9.694,16449.8
2024-12-11 20:00:00,9.694,9.763,9.662,9.699,26252.0
2024-12-11 20:30:00,9.699,9.721,9.638,9.67,17972.6
2024-12-11 21:00:00,9.67,9.676,9.616,9.621,31558.0
2024-12-11 21:30:00,9.621,9.668,9.589,9.642,11884.2
2024-12-11 22:00:00,9.642,9.719,9.642,9.697,10504.4
2024-12-11 22:30:00,9.697,9.699,9.627,9.648,14139.6
2024-12-11 23:00:00,9.648,9.668,9.599,9.619,24133.5
2024-12-11 23:30:00,9.619,9.623,9.558,9.61,35619.4
2024-12-12 00:00:00,9.61,9.62,9.514,9.519,29652.8
2024-12-12 00:30:00,9.519,9.584,9.485,9.541,22337.0
2024-12-12 01:00:00,9.541,9.629,9.534,9.621,14658.1
2024-12-12 01:30:00,9.621,9.628,9.5,9.534,14875.4
2024-12-12 02:00:00,9.534,9.661,9.525,9.636,11675.7
2024-12-12 02:30:00,9.636,9.848,9.629,9.846,30665.8
2024-12-12 03:00:00,9.846,9.909,9.714,9.897,29216.7
2024-12-12 03:30:00,9.897,9.916,9.791,9.831,30535.5
2024-12-12 04:00:00,9.831,9.895,9.825,9.849,15858.5
2024-12-12 04:30:00,9.849,9.875,9.734,9.783,20683.7
2024-12-12 05:00:00,9.783,9.931,9.783,9.931,22888.3
2024-12-12 05:30:00,9.931,10.0,9.864,9.864,26173.5
2024-12-12 06:00:00,9.864,9.937,9.807,9.896,19773.3
2024-12-12 06:30:00,9.896,9.922,9.873,9.892,11423.0
2024-12-12 07:00:00,9.892,9.926,9.864,9.894,21692.4
2024-12-12 07:30:00,9.894,9.909,9.839,9.876,21051.9
2024-12-12 08:00:00,9.876,9.998,9.876,9.976,30794.9
2024-12-12 08:30:00,9.976,10.065,9.967,10.053,88612.6
2024-12-12 09:00:00,10.053,10.101,10.016,10.031,28692.4
2024-12-12 09:30:00,10.031,10.031,9.905,9.928,21420.0
2024-12-12 10:00:00,9.928,9.936,9.765,9.827,45799.2
2024-12-12 10:30:00,9.827,9.847,9.729,9.757,32904.1
2024-12-12 11:00:00,9.757,9.778,9.659,9.715,39983.3
2024-12-12 11:30:00,9.715,9.727,9.612,9.724,28625.3
2024-12-12 12:00:00,9.724,9.843,9.724,9.784,40689.6
2024-12-12 12:30:00,9.784,9.92,9.76,9.9,53045.4
2024-12-12 13:00:00,9.9,9.986,9.846,9.935,28247.5
2024-12-12 13:30:00,9.935,9.976,9.706,9.759,46405.8
2024-12-12 14:00:00,9.759,9.914,9.71,9.874,42935.6
2024-12-12 14:30:00,9.874,9.918,9.71,9.904,90782.3
2024-12-12 15:00:00,9.904,9.918,9.73,9.804,90724.4
2024-12-12 15:30:00,9.804,9.861,9.744,9.825,10326.5
2024-12-12 16:00:00,9.825,9.98,9.818,9.874,32774.0
2024-12-12 16:30:00,9.874,9.9,9.795,9.806,15766.8
2024-12-12 17:00:00,9.806,9.888,9.805,9.851,11005.4
2024-12-12 17:30:00,9.851,9.902,9.832,9.877,15933.1
2024-12-12 18:00:00,9.877,9.892,9.848,9.848,5950.0
2024-12-12 18:30:00,9.848,9.848,9.747,9.758,12578.0
2024-12-12 19:00:00,9.758,9.789,9.604,9.625,23748.4
2024-12-12 19:30:00,9.625,9.668,9.426,9.478,204213.6
2024-12-12 20:00:00,9.478,9.558,9.462,9.494,36501.7
2024-12-12 20:30:00,9.494,9.615,9.494,9.558,18199.6
2024-12-12 21:00:00,9.558,9.585,9.488,9.584,27816.8
2024-12-12 21:30:00,9.584,9.601,9.47,9.517,17418.5
2024-12-12 22:00:00,9.517,9.529,9.352,9.456,102876.7
2024-12-12 22:30:00,9.456,9.519,9.397,9.463,25951.2
2024-12-12 23:00:00,9.463,9.474,9.384,9.423,19922.9
2024-12-12 23:30:00,9.423,9.504,9.423,9.499,10058.8
2024-12-13 00:00:00,9.499,9.622,9.473,9.561,20461.2
2024-12-13 00:30:00,9.561,9.633,9.523,9.525,18040.0
2024-12-13 01:00:00,9.525,9.525,9.277,9.312,59041.3
2024-12-13 01:30:00,9.312,9.411,9.307,9.39,12473.3
2024-12-13 02:00:00,9.39,9.425,9.367,9.405,5998.8
2024-12-13 02:30:00,9.405,9.54,9.383,9.441,16482.7
2024-12-13 03:00:00,9.441,9.499,9.432,9.437,11820.0
2024-12-13 03:30:00,9.437,9.505,9.436,9.456,10260.1
2024-12-13 04:00:00,9.456,9.471,9.339,9.345,23195.2
2024-12-13 04:30:00,9.345,9.359,9.282,9.331,16149.9
2024-12-13 05:00:00,9.331,9.399,9.307,9.324,6023.9
2024-12-13 05:30:00,9.324,9.349,9.292,9.313,4465.2
2024-12-13 06:00:00,9.313,9.359,9.301,9.315,7136.3
2024-12-13 06:30:00,9.315,9.328,9.135,9.149,55349.4
2024-12-13 07:00:00,9.149,9.186,9.09,9.122,43790.4
2024-12-13 07:30:00,9.122,9.254,9.118,9.22,31022.3
2024-12-13 08:00:00,9.22,9.376,9.189,9.361,15032.3
2024-12-13 08:30:00,9.361,9.38,9.304,9.35,16366.4
2024-12-13 09:00:00,9.35,9.388,9.3,9.314,31296.7
2024-12-13 09:30:00,9.314,9.314,9.241,9.303,30823.0
2024-12-13 10:00:00,9.303,9.329,9.198,9.213,20819.2
2024-12-13 10:30:00,9.213,9.352,9.213,9.315,31886.4
2024-12-13 11:00:00,9.315,9.425,9.3,9.396,19474.9
2024-12-13 11:30:00,9.396,9.396,9.307,9.308,25957.3
2024-12-13 12:00:00,9.308,9.413,9.307,9.387,25713.1
2024-12-13 12:30:00,9.387,9.391,9.331,9.369,15474.1
2024-12-13 13:00:00,9.369,9.374,9.26,9.293,38052.2
2024-12-13 13:30:00,9.293,9.38,9.267,9.341,15600.0
2024-12-13 14:00:00,9.341,9.379,9.24,9.283,31531.7
2024-12-13 14:30:00,9.283,9.414,9.275,9.413,17361.5
2024-12-13 15:00:00,9.413,9.483,9.355,9.428,79714.1
2024-12-13 15:30:00,9.428,9.476,9.182,9.211,77710.3
2024-12-13 16:00:00,9.211,9.331,9.196,9.253,119967.7
2024-12-13 16:30:00,9.253,9.397,9.252,9.335,38198.0
2024-12-13 17:00:00,9.335,9.385,9.303,9.334,13080.1
2024-12-13 17:30:00,9.334,9.366,9.248,9.343,44345.5
2024-12-13 18:00:00,9.343,9.368,9.295,9.324,9096.0
2024-12-13 18:30:00,9.324,9.396,9.268,9.281,10956.7
2024-12-13 19:00:00,9.281,9.329,9.271,9.287,6549.3
2024-12-13 19:30:00,9.287,9.364,9.286,9.355,22729.3
2024-12-13 20:00:00,9.355,9.49,9.355,9.445,94158.8
2024-12-13 20:30:00,9.445,9.461,9.35,9.383,51317.4
2024-12-13 21:00:00,9.383,9.406,9.333,9.351,12155.0
2024-12-13 21:30:00,9.351,9.404,9.338,9.342,8280.7
2024-12-13 22:00:00,9.342,9.342,9.243,9.257,39415.4
2024-12-13 22:30:00,9.257,9.307,9.25,9.28,8179.1
2024-12-13 23:00:00,9.28,9.36,9.256,9.306,35632.1
2024-12-13 23:30:00,9.306,9.418,9.306,9.411,4476.6
2024-12-14 00:00:00,9.411,9.457,9.365,9.42,24341.6
2024-12-14 00:30:00,9.42,9.443,9.333,9.425,16075.9
2024-12-14 01:00:00,9.425,9.53,9.411,9.521,22155.4
2024-12-14 01:30:00,9.521,9.532,9.451,9.454,15496.3
2024-12-14 02:00:00,9.454,9.467,9.357,9.371,10987.6
2024-12-14 02:30:00,9.371,9.431,9.365,9.389,22110.9
2024-12-14 03:00:00,9.389,9.419,9.384,9.389,5473.0
2024-12-14 03:30:00,9.389,9.395,9.328,9.353,14151.2
2024-12-14 04:00:00,9.353,9.358,9.309,9.313,7619.2
2024-12-14 04:30:00,9.313,9.355,9.281,9.342,16077.0
2024-12-14 05:00:00,9.342,9.342,9.302,9.322,5657.2
2024-12-14 05:30:00,9.322,9.367,9.311,9.356,5936.5
2024-12-14 06:00:00,9.356,9.405,9.335,9.395,27739.2
2024-12-14 06:30:00,9.395,9.402,9.366,9.383,8982.5
2024-12-14 07:00:00,9.383,9.386,9.306,9.351,18784.6
2024-12-14 07:30:00,9.351,9.371,9.308,9.312,19402.6
2024-12-14 08:00:00,9.312,9.364,9.301,9.329,5735.3
2024-12-14 08:30:00,9.329,9.351,9.307,9.338,17257.5
2024-12-14 09:00:00,9.338,9.344,9.244,9.271,14335.7
2024-12-14 09:30:00,9.271,9.282,9.228,9.234,16794.9
2024-12-14 10:00:00,9.234,9.247,9.16,9.171,52222.2
2024-12-14 10:30:00,9.171,9.22,9.171,9.209,19043.9
2024-12-14 11:00:00,9.209,9.225,9.173,9.201,7593.0
2024-12-14 11:30:00,9.201,9.22,9.17,9.177,7594.4
2024-12-14 12:00:00,9.177,9.195,9.102,9.112,89460.2
2024-12-14 12:30:00,9.112,9.115,9.038,9.039,85401.1
2024-12-14 13:00:00,9.039,9.087,8.921,8.987,120037.4
2024-12-14 13:30:00,8.987,9.05,8.983,8.998,130928.1
2024-12-14 14:00:00,8.998,9.096,8.994,9.093,44766.1
2024-12-14 14:30:00,9.093,9.122,9.026,9.089,45514.9
2024-12-14 15:00:00,9.089,9.141,9.049,9.098,29086.3
2024-12-14 15:30:00,9.098,9.122,9.04,9.061,19509.0
2024-12-14 16:00:00,9.061,9.061,8.958,8.998,53300.4
2024-12-14 16:30:00,8.998,9.095,8.998,9.072,11583.8
2024-12-14 17:00:00,9.072,9.091,8.989,8.996,24159.2
2024-12-14 17:30:00,8.996,9.009,8.881,8.92,66399.8
2024-12-14 18:00:00,8.92,8.955,8.852,8.865,66282.2
2024-12-14 18:30:00,8.865,8.905,8.812,8.834,38004.2
2024-12-14 19:00:00,8.834,8.907,8.833,8.899,49259.8
2024-12-14 19:30:00,8.899,8.946,8.889,8.939,33487.1
2024-12-14 20:00:00,8.939,8.984,8.897,8.906,29562.1
2024-12-14 20:30:00,8.906,8.926,8.798,8.822,61089.9
2024-12-14 21:00:00,8.822,8.954,8.822,8.951,12433.8
2024-12-14 21:30:00,8.951,8.972,8.905,8.97,9195.4
2024-12-14 22:00:00,8.97,9.077,8.953,9.075,20316.8
2024-12-14 22:30:00,9.075,9.129,9.017,9.086,104046.3
2024-12-14 23:00:00,9.086,9.112,9.047,9.105,21947.6
2024-12-14 23:30:00,9.105,9.116,9.065,9.071,13168.5
2024-12-15 00:00:00,9.071,9.128,9.04,9.128,15295.7
2024-12-15 00:30:00,9.128,9.133,9.018,9.096,16531.6
2024-12-15 01:00:00,9.096,9.217,9.09,9.141,45404.1
2024-12-15 01:30:00,9.141,9.224,9.126,9.206,14508.6
2024-12-15 02:00:00,9.206,9.21,9.165,9.172,5796.0
2024-12-15 02:30:00,9.172,9.214,9.128,9.128,13106.2
2024-12-15 03:00:00,9.128,9.144,9.057,9.064,10485.1
2024-12-15 03:30:00,9.064,9.072,9.026,9.026,8903.4
2024-12-15 04:00:00,9.026,9.173,9.026,9.13,11530.9
2024-12-15 04:30:00,9.13,9.136,9.086,9.102,4534.1
2024-12-15 05:00:00,9.102,9.124,9.08,9.106,4369.3
2024-12-15 05:30:00,9.106,9.139,9.086,9.097,5167.2
2024-12-15 06:00:00,9.097,9.122,9.033,9.038,10444.7
2024-12-15 06:30:00,9.038,9.063,8.972,8.977,21034.7
2024-12-15 07:00:00,8.977,9.007,8.934,8.934,32965.3
2024-12-15 07:30:00,8.934,8.957,8.834,8.931,61088.6
2024-12-15 08:00:00,8.931,8.968,8.903,8.944,12492.4
2024-12-15 08:30:00,8.944,9.045,8.942,9.042,9901.8
2024-12-15 09:00:00,9.042,9.045,8.991,9.018,10545.9
2024-12-15 09:30:00,9.018,9.065,9.018,9.039,9689.6
2024-12-15 10:00:00,9.039,9.057,9.028,9.045,7979.6
2024-12-15 10:30:00,9.045,9.051,9.005,9.006,8300.3
2024-12-15 11:00:00,9.006,9.022,8.98,8.98,9772.0
2024-12-15 11:30:00,8.98,9.008,8.946,8.997,7273.8
2024-12-15 12:00:00,8.997,9.046,8.968,8.985,76278.0
2024-12-15 12:30:00,8.985,9.103,8.985,9.087,88534.3
2024-12-15 13:00:00,9.087,9.174,9.025,9.166,40115.1
2024-12-15 13:30:00,9.166,9.221,9.129,9.186,28876.8
2024-12-15 14:00:00,9.186,9.275,9.186,9.256,47000.1
2024-12-15 14:30:00,9.256,9.333,9.24,9.33,15562.3
2024-12-15 15:00:00,9.33,9.331,9.248,9.326,17150.1
2024-12-15 15:30:00,9.326,9.338,9.266,9.279,25953.4
2024-12-15 16:00:00,9.279,9.329,9.279,9.302,13254.8
2024-12-15 16:30:00,9.302,9.348,9.291,9.294,19476.8
2024-12-15 17:00:00,9.294,9.294,9.2,9.219,33475.9
2024-12-15 17:30:00,9.219,9.238,9.183,9.21,13961.0
2024-12-15 18:00:00,9.21,9.216,9.141,9.18,11236.2
2024-12-15 18:30:00,9.18,9.205,9.166,9.171,17585.8
2024-12-15 19:00:00,9.171,9.244,9.171,9.237,18260.7
2024-12-15 19:30:00,9.237,9.238,9.188,9.19,15860.8
2024-12-15 20:00:00,9.19,9.218,9.159,9.202,12835.3
2024-12-15 20:30:00,9.202,9.223,9.162,9.173,11191.6
2024-12-15 21:00:00,9.173,9.186,8.933,8.967,88777.4
2024-12-15 21:30:00,8.967,9.036,8.934,8.946,33168.7
2024-12-15 22:00:00,8.946,9.098,8.89,9.026,87498.3
2024-12-15 22:30:00,9.026,9.101,9.011,9.082,13874.7
2024-12-15 23:00:00,9.082,9.312,9.076,9.295,45355.8
2024-12-15 23:30:00,9.295,9.388,9.233,9.326,120421.9
2024-12-16 00:00:00,9.326,9.553,9.318,9.503,99957.2
2024-12-16 00:30:00,9.503,9.706,9.503,9.65,125743.6
2024-12-16 01:00:00,9.65,9.675,9.505,9.525,28437.1
2024-12-16 01:30:00,9.525,9.57,9.5,9.531,14769.1
2024-12-16 02:00:00,9.531,9.54,9.364,9.377,21086.6
2024-12-16 02:30:00,9.377,9.444,9.343,9.357,15392.5
2024-12-16 03:00:00,9.357,9.396,9.283,9.293,50796.5
2024-12-16 03:30:00,9.293,9.334,9.192,9.263,34791.4
2024-12-16 04:00:00,9.263,9.268,9.21,9.229,18576.5
2024-12-16 04:30:00,9.229,9.263,9.211,9.255,9492.2
2024-12-16 05:00:00,9.255,9.282,9.184,9.21,31991.6
2024-12-16 05:30:00,9.21,9.246,9.21,9.24,17809.9
2024-12-16 06:00:00,9.24,9.296,9.228,9.251,11503.3
2024-12-16 06:30:00,9.251,9.308,9.186,9.204,21423.2
2024-12-16 07:00:00,9.204,9.31,9.187,9.303,16726.5
2024-12-16 07:30:00,9.303,9.308,9.235,9.253,21264.0
2024-12-16 08:00:00,9.253,9.264,9.083,9.115,80288.6
2024-12-16 08:30:00,9.115,9.157,9.056,9.057,12295.3
2024-12-16 09:00:00,9.057,9.13,9.019,9.065,39809.5
2024-12-16 09:30:00,9.065,9.137,9.034,9.034,22046.2
2024-12-16 10:00:00,9.034,9.041,8.913,8.913,51104.9
2024-12-16 10:30:00,8.913,8.967,8.913,8.944,29755.6
2024-12-16 11:00:00,8.944,8.975,8.857,8.897,83446.4
2024-12-16 11:30:00,8.897,8.915,8.784,8.822,112679.0
2024-12-16 12:00:00,8.822,8.912,8.813,8.875,36657.6
2024-12-16 12:30:00,8.875,8.915,8.819,8.858,46331.0
2024-12-16 13:00:00,8.858,8.939,8.818,8.93,28158.7
2024-12-16 13:30:00,8.93,8.93,8.87,8.89,30138.4
2024-12-16 14:00:00,8.89,8.927,8.884,8.911,16246.1
2024-12-16 14:30:00,8.911,9.028,8.895,8.915,52389.1
2024-12-16 15:00:00,8.915,9.028,8.881,8.991,35166.7
2024-12-16 15:30:00,8.991,8.996,8.928,8.975,38167.1
2024-12-16 16:00:00,8.975,9.08,8.971,9.01,30579.9
2024-12-16 16:30:00,9.01,9.129,8.982,9.074,41472.7
2024-12-16 17:00:00,9.074,9.21,9.074,9.21,27160.6
2024-12-16 17:30:00,9.21,9.219,9.083,9.155,63731.4
2024-12-16 18:00:00,9.155,9.189,9.132,9.154,18540.4
2024-12-16 18:30:00,9.154,9.216,9.086,9.214,43263.5
2024-12-16 19:00:00,9.214,9.214,9.043,9.063,43027.7
2024-12-16 19:30:00,9.063,9.114,9.036,9.078,13448.6
2024-12-16 20:00:00,9.078,9.119,9.048,9.072,7722.5
2024-12-16 20:30:00,9.072,9.072,8.953,8.959,38444.2
2024-12-16 21:00:00,8.959,9.036,8.959,9.014,43281.3
2024-12-16 21:30:00,9.014,9.052,8.997,9.036,21408.0
2024-12-16 22:00:00,9.036,9.058,9.016,9.044,13370.7
2024-12-16 22:30:00,9.044,9.045,8.961,8.982,17104.5
2024-12-16 23:00:00,8.982,9.008,8.885,8.889,19358.4
2024-12-16 23:30:00,8.889,8.916,8.861,8.903,19520.4
2024-12-17 00:00:00,8.903,8.934,8.761,8.855,48673.2
2024-12-17 00:30:00,8.855,8.897,8.787,8.787,25379.6
2024-12-17 01:00:00,8.787,8.872,8.776,8.869,32906.6
2024-12-17 01:30:00,8.869,8.91,8.855,8.896,9470.9
2024-12-17 02:00:00,8.896,8.96,8.885,8.933,21043.8
2024-12-17 02:30:00,8.933,8.94,8.879,8.889,11697.7
2024-12-17 03:00:00,8.889,8.942,8.886,8.908,4846.7
2024-12-17 03:30:00,8.908,8.929,8.888,8.91,9406.5
2024-12-17 04:00:00,8.91,8.918,8.831,8.835,11633.7
2024-12-17 04:30:00,8.835,8.847,8.789,8.829,18585.5
2024-12-17 05:00:00,8.829,8.876,8.763,8.823,55827.8
2024-12-17 05:30:00,8.823,8.877,8.82,8.863,6872.5
2024-12-17 06:00:00,8.863,8.867,8.785,8.785,10770.9
2024-12-17 06:30:00,8.785,8.838,8.774,8.827,7242.6
2024-12-17 07:00:00,8.827,8.901,8.825,8.893,17406.7
2024-12-17 07:30:00,8.893,8.893,8.773,8.8,36961.6
2024-12-17 08:00:00,8.8,8.835,8.799,8.816,5802.6
2024-12-17 08:30:00,8.816,8.86,8.796,8.817,13496.0
2024-12-17 09:00:00,8.817,8.901,8.784,8.881,11714.5
2024-12-17 09:30:00,8.881,9.025,8.872,8.991,37954.5
2024-12-17 10:00:00,8.991,9.031,8.954,9.012,13586.4
2024-12-17 10:30:00,9.012,9.017,8.961,9.006,7686.6
2024-12-17 11:00:00,9.006,9.042,8.98,9.042,15904.4
2024-12-17 11:30:00,9.042,9.054,8.961,8.987,14354.6
2024-12-17 12:00:00,8.987,9.022,8.923,9.001,29769.2
2024-12-17 12:30:00,9.001,9.057,9.001,9.035,21565.2
2024-12-17 13:00:00,9.035,9.044,8.961,8.986,27092.3
2024-12-17 13:30:00,8.986,9.02,8.973,8.98,11995.5
2024-12-17 14:00:00,8.98,8.99,8.861,8.916,53062.2
2024-12-17 14:30:00,8.916,8.956,8.801,8.925,159314.5
2024-12-17 15:00:00,8.925,8.925,8.645,8.658,177801.9
2024-12-17 15:30:00,8.658,8.746,8.638,8.722,47508.0
2024-12-17 16:00:00,8.722,8.88,8.626,8.78,42234.0
2024-12-17 16:30:00,8.78,8.869,8.77,8.86,12741.5
2024-12-17 17:00:00,8.86,8.896,8.83,8.848,9862.1
2024-12-17 17:30:00,8.848,8.883,8.837,8.874,9839.7
2024-12-17 18:00:00,8.874,8.889,8.76,8.775,17854.1
2024-12-17 18:30:00,8.775,8.836,8.729,8.742,43964.7
2024-12-17 19:00:00,8.742,8.77,8.651,8.744,56186.1
2024-12-17 19:30:00,8.744,8.77,8.707,8.744,21744.9
2024-12-17 20:00:00,8.744,8.797,8.708,8.711,9598.5
2024-12-17 20:30:00,8.711,8.764,8.701,8.712,20235.2
2024-12-17 21:00:00,8.712,8.732,8.65,8.712,10501.6
2024-12-17 21:30:00,8.712,8.723,8.67,8.683,8053.3
2024-12-17 22:00:00,8.683,8.686,8.534,8.552,92700.4
2024-12-17 22:30:00,8.552,8.575,8.47,8.505,55578.0
2024-12-17 23:00:00,8.505,8.546,8.411,8.525,84937.8
2024-12-17 23:30:00,8.525,8.555,8.476,8.521,51105.1
2024-12-18 00:00:00,8.521,8.59,8.467,8.49,33063.6
2024-12-18 00:30:00,8.49,8.578,8.432,8.523,48646.8
2024-12-18 01:00:00,8.523,8.576,8.516,8.541,16609.6
2024-12-18 01:30:00,8.541,8.563,8.417,8.446,16354.8
2024-12-18 02:00:00,8.446,8.511,8.412,8.491,10543.5
2024-12-18 02:30:00,8.491,8.51,8.457,8.493,7048.6
2024-12-18 03:00:00,8.493,8.507,8.461,8.475,12677.4
2024-12-18 03:30:00,8.475,8.49,8.434,8.473,17072.4
2024-12-18 04:00:00,8.473,8.475,8.31,8.36,58809.7
2024-12-18 04:30:00,8.36,8.365,8.262,8.36,85476.3
2024-12-18 05:00:00,8.36,8.439,8.326,8.415,23716.3
2024-12-18 05:30:00,8.415,8.432,8.329,8.347,14117.3
2024-12-18 06:00:00,8.347,8.412,8.329,8.381,14029.2
2024-12-18 06:30:00,8.381,8.381,8.28,8.327,11298.2
2024-12-18 07:00:00,8.327,8.399,8.31,8.389,22042.3
2024-12-18 07:30:00,8.389,8.391,8.341,8.374,9256.9
2024-12-18 08:00:00,8.374,8.383,8.313,8.317,9519.5
2024-12-18 08:30:00,8.317,8.375,8.29,8.358,18745.0
2024-12-18 09:00:00,8.358,8.451,8.358,8.435,12509.1
2024-12-18 09:30:00,8.435,8.464,8.408,8.409,11641.5
2024-12-18 10:00:00,8.409,8.422,8.374,8.407,7889.8
2024-12-18 10:30:00,8.407,8.438,8.384,8.434,7925.4
2024-12-18 11:00:00,8.434,8.471,8.423,8.452,11934.5
2024-12-18 11:30:00,8.452,8.477,8.433,8.445,14086.4
2024-12-18 12:00:00,8.445,8.488,8.388,8.391,16405.7
2024-12-18 12:30:00,8.391,8.392,8.268,8.311,28297.3
2024-12-18 13:00:00,8.311,8.376,8.263,8.356,25254.6
2024-12-18 13:30:00,8.356,8.378,8.284,8.342,27808.7
2024-12-18 14:00:00,8.342,8.406,8.328,8.348,39811.0
2024-12-18 14:30:00,8.348,8.377,8.26,8.269,26683.0
2024-12-18 15:00:00,8.269,8.35,8.214,8.306,82970.9
2024-12-18 15:30:00,8.306,8.341,8.272,8.328,20521.2
2024-12-18 16:00:00,8.328,8.367,8.244,8.319,14388.8
2024-12-18 16:30:00,8.319,8.37,8.283,8.346,9341.3
2024-12-18 17:00:00,8.346,8.355,8.267,8.283,31232.3
2024-12-18 17:30:00,8.283,8.452,8.283,8.425,17974.2
2024-12-18 18:00:00,8.425,8.46,8.389,8.405,19382.0
2024-12-18 18:30:00,8.405,8.514,8.405,8.506,18266.6
2024-12-18 19:00:00,8.506,8.529,8.35,8.418,56231.9
2024-12-18 19:30:00,8.418,8.506,8.176,8.176,54140.2
2024-12-18 20:00:00,8.176,8.246,7.607,7.97,692384.9
2024-12-18 20:30:00,7.97,8.023,7.809,7.899,93110.4
2024-12-18 21:00:00,7.899,8.034,7.833,7.978,50242.8
2024-12-18 21:30:00,7.978,8.07,7.96,7.973,27530.0
2024-12-18 22:00:00,7.973,8.01,7.881,8.008,41136.2
2024-12-18 22:30:00,8.008,8.017,7.868,7.878,21906.2
2024-12-18 23:00:00,7.878,7.92,7.809,7.908,29804.1
2024-12-18 23:30:00,7.908,7.908,7.745,7.773,38870.0
2024-12-19 00:00:00,7.773,7.885,7.659,7.865,43686.2
2024-12-19 00:30:00,7.865,7.906,7.779,7.856,40034.9
2024-12-19 01:00:00,7.856,7.86,7.722,7.789,31826.3
2024-12-19 01:30:00,7.789,7.795,7.576,7.642,60574.5
2024-12-19 02:00:00,7.642,7.665,7.312,7.427,347719.2
2024-12-19 02:30:00,7.427,7.691,7.365,7.691,65083.3
2024-12-19 03:00:00,7.691,7.845,7.682,7.839,41705.5
2024-12-19 03:30:00,7.839,7.937,7.813,7.927,33806.3
2024-12-19 04:00:00,7.927,7.936,7.824,7.882,19682.9
2024-12-19 04:30:00,7.882,7.934,7.835,7.835,17732.7
2024-12-19 05:00:00,7.835,7.904,7.835,7.859,11007.1
2024-12-19 05:30:00,7.859,7.93,7.856,7.901,10415.1
2024-12-19 06:00:00,7.901,7.902,7.807,7.819,15782.1
2024-12-19 06:30:00,7.819,7.888,7.818,7.825,8665.4
2024-12-19 07:00:00,7.825,7.899,7.825,7.885,11683.7
2024-12-19 07:30:00,7.885,7.908,7.846,7.873,20207.9
2024-12-19 08:00:00,7.873,7.873,7.77,7.832,22023.1
2024-12-19 08:30:00,7.832,7.849,7.769,7.791,11849.0
2024-12-19 09:00:00,7.791,7.849,7.786,7.818,11303.7
2024-12-19 09:30:00,7.818,7.876,7.81,7.87,16447.4
2024-12-19 10:00:00,7.87,7.915,7.809,7.901,11697.2
2024-12-19 10:30:00,7.901,8.02,7.894,7.981,17477.4
2024-12-19 11:00:00,7.981,7.995,7.911,7.98,18915.3
2024-12-19 11:30:00,7.98,7.988,7.935,7.979,18815.7
2024-12-19 12:00:00,7.979,7.989,7.917,7.928,8328.0
2024-12-19 12:30:00,7.928,7.93,7.793,7.813,29120.0
2024-12-19 13:00:00,7.813,7.883,7.802,7.856,8513.2
2024-12-19 13:30:00,7.856,7.862,7.743,7.804,14819.2
2024-12-19 14:00:00,7.804,7.904,7.804,7.881,9807.2
2024-12-19 14:30:00,7.881,7.975,7.767,7.788,28679.9
2024-12-19 15:00:00,7.788,7.796,7.516,7.553,99506.8
2024-12-19 15:30:00,7.553,7.705,7.513,7.694,41652.5
2024-12-19 16:00:00,7.694,7.694,7.581,7.632,40248.9
2024-12-19 16:30:00,7.632,7.741,7.598,7.695,24807.2
2024-12-19 17:00:00,7.695,7.695,7.504,7.511,38620.0
2024-12-19 17:30:00,7.511,7.516,7.105,7.298,227673.4
2024-12-19 18:00:00,7.298,7.312,6.92,7.197,296875.5
2024-12-19 18:30:00,7.197,7.201,7.039,7.191,75757.8
2024-12-19 19:00:00,7.191,7.278,7.136,7.138,34414.1
2024-12-19 19:30:00,7.138,7.139,6.92,7.072,128119.8
2024-12-19 20:00:00,7.072,7.104,6.868,7.02,113508.7
2024-12-19 20:30:00,7.02,7.181,6.973,7.116,42876.9
2024-12-19 21:00:00,7.116,7.349,7.066,7.305,56032.4
2024-12-19 21:30:00,7.305,7.411,7.272,7.317,37038.7
2024-12-19 22:00:00,7.317,7.382,7.292,7.313,51501.8
2024-12-19 22:30:00,7.313,7.376,7.262,7.356,33690.3
2024-12-19 23:00:00,7.356,7.356,7.252,7.286,41718.9
2024-12-19 23:30:00,7.286,7.314,7.236,7.237,12615.7
2024-12-20 00:00:00,7.237,7.277,7.1,7.243,66183.5
2024-12-20 00:30:00,7.243,7.314,7.219,7.257,48854.9
2024-12-20 01:00:00,7.257,7.307,7.193,7.273,17118.1
2024-12-20 01:30:00,7.273,7.33,7.224,7.282,11516.2
2024-12-20 02:00:00,7.282,7.431,7.271,7.418,28408.3
2024-12-20 02:30:00,7.418,7.508,7.406,7.474,18428.7
2024-12-20 03:00:00,7.474,7.49,7.411,7.422,24877.8
2024-12-20 03:30:00,7.422,7.425,7.349,7.365,16997.2
2024-12-20 04:00:00,7.365,7.4,7.324,7.368,10052.0
2024-12-20 04:30:00,7.368,7.368,7.276,7.285,15490.1
2024-12-20 05:00:00,7.285,7.32,7.228,7.255,6465.2
2024-12-20 05:30:00,7.255,7.278,7.151,7.151,22619.3
2024-12-20 06:00:00,7.151,7.231,7.12,7.125,25499.7
2024-12-20 06:30:00,7.125,7.144,6.997,7.064,75618.7
2024-12-20 07:00:00,7.064,7.296,7.064,7.265,21381.7
2024-12-20 07:30:00,7.265,7.294,7.16,7.179,22875.5
2024-12-20 08:00:00,7.179,7.193,6.887,6.893,51039.1
2024-12-20 08:30:00,6.893,6.93,6.666,6.726,189540.3
2024-12-20 09:00:00,6.726,6.8,6.584,6.678,113710.8
2024-12-20 09:30:00,6.678,6.787,6.584,6.592,40255.3
2024-12-20 10:00:00,6.592,6.631,6.314,6.474,270706.9
2024-12-20 10:30:00,6.474,6.576,6.403,6.439,103187.9
2024-12-20 11:00:00,6.439,6.539,6.334,6.365,122861.6
2024-12-20 11:30:00,6.365,6.373,6.083,6.094,208657.6
2024-12-20 12:00:00,6.094,6.496,6.091,6.488,149349.4
2024-12-20 12:30:00,6.488,6.606,6.452,6.538,72552.9
2024-12-20 13:00:00,6.538,6.595,6.423,6.437,74459.3
2024-12-20 13:30:00,6.437,6.84,6.437,6.739,132377.3
2024-12-20 14:00:00,6.739,6.822,6.656,6.785,56974.1
2024-12-20 14:30:00,6.785,6.85,6.722,6.801,69493.6
2024-12-20 15:00:00,6.801,6.973,6.801,6.972,43772.4
2024-12-20 15:30:00,6.972,7.065,6.938,7.009,89444.9
2024-12-20 16:00:00,7.009,7.132,6.953,7.065,50782.9
2024-12-20 16:30:00,7.065,7.18,7.028,7.093,55631.2
2024-12-20 17:00:00,7.093,7.242,7.061,7.237,27354.6
2024-12-20 17:30:00,7.237,7.303,7.185,7.273,88036.5
2024-12-20 18:00:00,7.273,7.338,7.264,7.304,38966.1
2024-12-20 18:30:00,7.304,7.306,7.215,7.227,58015.2
2024-12-20 19:00:00,7.227,7.404,7.221,7.373,64219.1
2024-12-20 19:30:00,7.373,7.446,7.354,7.365,46987.0
2024-12-20 20:00:00,7.365,7.387,7.315,7.334,36663.7
2024-12-20 20:30:00,7.334,7.339,7.252,7.273,33331.1
2024-12-20 21:00:00,7.273,7.342,7.13,7.205,101031.4
2024-12-20 21:30:00,7.205,7.299,7.197,7.298,24264.7
2024-12-20 22:00:00,7.298,7.386,7.245,7.349,47010.1
2024-12-20 22:30:00,7.349,7.425,7.301,7.389,42076.5
2024-12-20 23:00:00,7.389,7.462,7.376,7.443,58284.6
2024-12-20 23:30:00,7.443,7.451,7.36,7.375,42210.3
2024-12-21 00:00:00,7.375,7.402,7.289,7.36,27014.9
2024-12-21 00:30:00,7.36,7.417,7.325,7.362,55930.9
2024-12-21 01:00:00,7.362,7.607,7.355,7.577,42821.1
2024-12-21 01:30:00,7.577,7.577,7.477,7.53,16246.1
2024-12-21 02:00:00,7.53,7.573,7.455,7.492,27198.7
2024-12-21 02:30:00,7.492,7.574,7.482,7.482,21307.3
2024-12-21 03:00:00,7.482,7.514,7.425,7.451,27832.2
2024-12-21 03:30:00,7.451,7.48,7.406,7.448,24261.1
2024-12-21 04:00:00,7.448,7.534,7.448,7.532,29316.5
2024-12-21 04:30:00,7.532,7.615,7.515,7.609,16478.7
2024-12-21 05:00:00,7.609,7.723,7.598,7.648,35145.3
2024-12-21 05:30:00,7.648,7.899,7.637,7.892,53414.1
2024-12-21 06:00:00,7.892,7.91,7.802,7.822,30700.0
2024-12-21 06:30:00,7.822,7.92,7.81,7.92,12789.3
2024-12-21 07:00:00,7.92,7.982,7.9,7.943,33120.8
2024-12-21 07:30:00,7.943,8.057,7.92,7.923,71542.0
2024-12-21 08:00:00,7.923,7.962,7.733,7.737,98786.8
2024-12-21 08:30:00,7.737,7.786,7.69,7.69,48746.7
2024-12-21 09:00:00,7.69,7.726,7.618,7.671,40111.1
2024-12-21 09:30:00,7.671,7.721,7.636,7.673,38661.2
2024-12-21 10:00:00,7.673,7.794,7.668,7.791,18288.2
2024-12-21 10:30:00,7.791,7.795,7.632,7.669,23899.1
2024-12-21 11:00:00,7.669,7.697,7.539,7.555,26455.5
2024-12-21 11:30:00,7.555,7.652,7.532,7.625,33307.2
2024-12-21 12:00:00,7.625,7.634,7.498,7.512,44605.5
2024-12-21 12:30:00,7.512,7.514,7.36,7.366,79262.0
2024-12-21 13:00:00,7.366,7.437,7.175,7.193,89521.8
2024-12-21 13:30:00,7.193,7.371,7.106,7.299,99252.2
2024-12-21 14:00:00,7.299,7.411,7.273,7.32,44183.9
2024-12-21 14:30:00,7.32,7.36,7.205,7.211,44882.1
2024-12-21 15:00:00,7.211,7.328,7.211,7.301,15349.0
2024-12-21 15:30:00,7.301,7.339,7.251,7.317,23945.4
2024-12-21 16:00:00,7.317,7.336,7.152,7.3,49397.2
2024-12-21 16:30:00,7.3,7.319,7.161,7.186,40228.5
2024-12-21 17:00:00,7.186,7.228,7.105,7.165,46411.3
2024-12-21 17:30:00,7.165,7.241,7.092,7.203,34981.5
2024-12-21 18:00:00,7.203,7.24,7.146,7.164,16407.4
2024-12-21 18:30:00,7.164,7.185,7.043,7.089,41488.4
2024-12-21 19:00:00,7.089,7.099,6.973,7.023,78516.2
2024-12-21 19:30:00,7.023,7.074,6.958,7.074,33416.8
2024-12-21 20:00:00,7.074,7.197,7.042,7.189,41930.3
2024-12-21 20:30:00,7.189,7.189,7.091,7.111,32158.4
2024-12-21 21:00:00,7.111,7.154,7.04,7.087,34371.9
2024-12-21 21:30:00,7.087,7.104,7.02,7.067,29843.4
2024-12-21 22:00:00,7.067,7.111,6.976,7.111,16961.3
2024-12-21 22:30:00,7.111,7.124,7.038,7.075,28577.4
2024-12-21 23:00:00,7.075,7.094,6.976,7.089,25558.2
2024-12-21 23:30:00,7.089,7.118,7.029,7.102,11542.7
2024-12-22 00:00:00,7.102,7.138,7.027,7.134,18929.0
2024-12-22 00:30:00,7.134,7.207,7.095,7.139,13209.8
2024-12-22 01:00:00,7.139,7.195,7.102,7.145,10952.1
2024-12-22 01:30:00,7.145,7.145,7.028,7.106,23060.4
2024-12-22 02:00:00,7.106,7.133,7.035,7.08,6207.8
2024-12-22 02:30:00,7.08,7.081,6.988,7.027,7690.8
2024-12-22 03:00:00,7.027,7.113,6.94,7.08,31688.7
2024-12-22 03:30:00,7.08,7.099,7.006,7.059,8014.9
2024-12-22 04:00:00,7.059,7.082,7.013,7.038,4432.1
2024-12-22 04:30:00,7.038,7.049,6.931,6.931,16595.0
2024-12-22 05:00:00,6.931,6.936,6.83,6.903,67050.6
2024-12-22 05:30:00,6.903,7.034,6.886,6.999,17768.9
2024-12-22 06:00:00,6.999,7.127,6.968,7.08,20513.6
2024-12-22 06:30:00,7.08,7.129,7.058,7.108,15310.6
2024-12-22 07:00:00,7.108,7.137,7.08,7.098,18342.6
2024-12-22 07:30:00,7.098,7.107,7.036,7.096,14462.0
2024-12-22 08:00:00,7.096,7.216,7.096,7.175,28741.4
2024-12-22 08:30:00,7.175,7.188,7.124,7.144,14767.9
2024-12-22 09:00:00,7.144,7.176,7.098,7.164,30536.9
2024-12-22 09:30:00,7.164,7.338,7.164,7.262,38103.5
2024-12-22 10:00:00,7.262,7.352,7.256,7.317,16742.1
2024-12-22 10:30:00,7.317,7.369,7.315,7.342,19854.4
2024-12-22 11:00:00,7.342,7.349,7.252,7.319,14669.7
2024-12-22 11:30:00,7.319,7.32,7.236,7.254,11924.2
2024-12-22 12:00:00,7.254,7.299,7.208,7.271,17609.4
2024-12-22 12:30:00,7.271,7.349,7.237,7.237,15683.0
2024-12-22 13:00:00,7.237,7.304,7.198,7.287,23225.5
2024-12-22 13:30:00,7.287,7.318,7.212,7.243,14635.6
2024-12-22 14:00:00,7.243,7.268,7.059,7.073,45149.6
2024-12-22 14:30:00,7.073,7.113,6.993,7.01,62242.6
2024-12-22 15:00:00,7.01,7.122,7.01,7.095,54980.4
2024-12-22 15:30:00,7.095,7.099,7.026,7.029,17750.7
2024-12-22 16:00:00,7.029,7.144,6.961,7.12,29516.2
2024-12-22 16:30:00,7.12,7.186,7.093,7.129,17478.6
2024-12-22 17:00:00,7.129,7.138,7.058,7.08,15618.3
2024-12-22 17:30:00,7.08,7.128,7.056,7.056,4393.4
2024-12-22 18:00:00,7.056,7.12,7.025,7.114,24748.8
2024-12-22 18:30:00,7.114,7.164,7.06,7.076,31702.3
2024-12-22 19:00:00,7.076,7.094,6.992,7.004,19935.0
2024-12-22 19:30:00,7.004,7.013,6.878,6.905,38283.1
2024-12-22 20:00:00,6.905,6.964,6.822,6.939,51909.2
2024-12-22 20:30:00,6.939,7.048,6.932,7.039,34790.5
2024-12-22 21:00:00,7.039,7.129,7.012,7.109,16398.1
2024-12-22 21:30:00,7.109,7.118,7.026,7.04,16532.2
2024-12-22 22:00:00,7.04,7.042,6.9,6.966,39413.9
2024-12-22 22:30:00,6.966,7.089,6.966,7.081,15986.7
2024-12-22 23:00:00,7.081,7.142,7.033,7.053,19467.8
2024-12-22 23:30:00,7.053,7.059,6.995,7.029,13584.3
2024-12-23 00:00:00,7.029,7.037,6.933,6.946,30224.1
2024-12-23 00:30:00,6.946,6.97,6.902,6.94,13024.2
2024-12-23 01:00:00,6.94,6.983,6.844,6.962,22437.5
2024-12-23 01:30:00,6.962,7.068,6.934,6.948,27763.6
2024-12-23 02:00:00,6.948,6.99,6.882,6.924,15562.5
2024-12-23 02:30:00,6.924,7.023,6.899,7.01,12399.1
2024-12-23 03:00:00,7.01,7.255,6.979,7.25,23286.8
2024-12-23 03:30:00,7.25,7.313,7.202,7.288,31591.3
2024-12-23 04:00:00,7.288,7.332,7.257,7.267,22150.1
2024-12-23 04:30:00,7.267,7.291,7.192,7.204,21351.9
2024-12-23 05:00:00,7.204,7.228,7.076,7.151,39184.4
2024-12-23 05:30:00,7.151,7.164,7.085,7.101,18891.6
2024-12-23 06:00:00,7.101,7.128,7.006,7.044,14316.2
2024-12-23 06:30:00,7.044,7.053,6.942,6.971,21743.8
2024-12-23 07:00:00,6.971,7.025,6.94,7.01,18269.7
2024-12-23 07:30:00,7.01,7.077,6.981,7.038,24037.3
2024-12-23 08:00:00,7.038,7.094,7.027,7.037,16046.7
2024-12-23 08:30:00,7.037,7.107,7.028,7.098,18281.9
2024-12-23 09:00:00,7.098,7.22,7.095,7.151,43438.0
2024-12-23 09:30:00,7.151,7.176,7.133,7.16,6240.3
2024-12-23 10:00:00,7.16,7.212,7.149,7.174,10235.2
2024-12-23 10:30:00,7.174,7.204,7.117,7.183,24655.8
2024-12-23 11:00:00,7.183,7.195,7.144,7.147,10160.9
2024-12-23 11:30:00,7.147,7.16,7.109,7.136,9423.1
2024-12-23 12:00:00,7.136,7.177,7.119,7.173,8508.0
2024-12-23 12:30:00,7.173,7.218,7.15,7.186,7582.0
2024-12-23 13:00:00,7.186,7.21,7.128,7.141,40658.3
2024-12-23 13:30:00,7.141,7.148,7.023,7.046,22636.5
2024-12-23 14:00:00,7.046,7.152,7.039,7.146,14517.8
2024-12-23 14:30:00,7.146,7.164,6.946,7.021,39685.9
2024-12-23 15:00:00,7.021,7.049,6.965,7.018,21682.3
2024-12-23 15:30:00,7.018,7.029,6.928,6.937,20162.3
2024-12-23 16:00:00,6.937,7.031,6.925,7.023,18772.2
2024-12-23 16:30:00,7.023,7.197,6.983,7.161,36590.3
2024-12-23 17:00:00,7.161,7.211,7.1,7.196,17430.5
2024-12-23 17:30:00,7.196,7.198,7.078,7.111,22253.4
2024-12-23 18:00:00,7.111,7.173,7.099,7.145,9052.5
2024-12-23 18:30:00,7.145,7.171,7.049,7.066,18051.8
2024-12-23 19:00:00,7.066,7.268,7.065,7.238,27136.0
2024-12-23 19:30:00,7.238,7.273,7.183,7.211,27188.9
2024-12-23 20:00:00,7.211,7.413,7.207,7.412,36858.3
2024-12-23 20:30:00,7.412,7.61,7.393,7.583,60238.9
2024-12-23 21:00:00,7.583,7.75,7.583,7.718,103530.7
2024-12-23 21:30:00,7.718,7.746,7.607,7.615,162218.2
2024-12-23 22:00:00,7.615,7.738,7.577,7.726,52586.9
2024-12-23 22:30:00,7.726,7.752,7.646,7.742,42173.7
2024-12-23 23:00:00,7.742,7.771,7.658,7.665,32820.5
2024-12-23 23:30:00,7.665,7.674,7.612,7.656,15654.0
2024-12-24 00:00:00,7.656,7.68,7.58,7.61,23582.0
2024-12-24 00:30:00,7.61,7.688,7.597,7.676,22045.1
2024-12-24 01:00:00,7.676,7.739,7.669,7.679,15564.7
2024-12-24 01:30:00,7.679,7.679,7.581,7.588,22106.3
2024-12-24 02:00:00,7.588,7.658,7.51,7.539,27862.9
2024-12-24 02:30:00,7.539,7.626,7.529,7.567,8782.8
2024-12-24 03:00:00,7.567,7.613,7.561,7.599,8718.0
2024-12-24 03:30:00,7.599,7.69,7.599,7.683,6774.5
2024-12-24 04:00:00,7.683,7.735,7.618,7.735,14615.6
2024-12-24 04:30:00,7.735,7.759,7.678,7.756,12324.8
2024-12-24 05:00:00,7.756,7.855,7.721,7.794,46057.9
2024-12-24 05:30:00,7.794,7.817,7.759,7.785,12145.0
2024-12-24 06:00:00,7.785,7.846,7.721,7.736,18132.1
2024-12-24 06:30:00,7.736,7.757,7.652,7.662,9387.3
2024-12-24 07:00:00,7.662,7.735,7.623,7.721,17486.0
2024-12-24 07:30:00,7.721,7.754,7.687,7.699,11238.8
2024-12-24 08:00:00,7.699,7.794,7.659,7.75,33305.6
2024-12-24 08:30:00,7.75,7.793,7.73,7.785,10786.8
2024-12-24 09:00:00,7.785,7.797,7.692,7.745,36179.0
2024-12-24 09:30:00,7.745,7.784,7.708,7.734,23254.2
2024-12-24 10:00:00,7.734,7.745,7.62,7.624,15556.1
2024-12-24 10:30:00,7.624,7.667,7.589,7.624,41673.9
2024-12-24 11:00:00,7.624,7.738,7.589,7.738,13035.0
2024-12-24 11:30:00,7.738,7.762,7.706,7.751,22114.0
2024-12-24 12:00:00,7.751,7.754,7.662,7.709,11102.2
2024-12-24 12:30:00,7.709,7.727,7.669,7.679,5921.6
2024-12-24 13:00:00,7.679,7.789,7.649,7.75,16636.2
2024-12-24 13:30:00,7.75,7.913,7.75,7.906,39172.3
2024-12-24 14:00:00,7.906,7.948,7.821,7.931,39585.9
2024-12-24 14:30:00,7.931,7.934,7.863,7.89,22772.4
2024-12-24 15:00:00,7.89,7.978,7.85,7.956,36332.1
2024-12-24 15:30:00,7.956,7.994,7.913,7.936,26255.4
2024-12-24 16:00:00,7.936,7.983,7.912,7.935,13658.1
2024-12-24 16:30:00,7.935,7.937,7.827,7.847,35685.8
2024-12-24 17:00:00,7.847,7.923,7.842,7.858,14547.8
2024-12-24 17:30:00,7.858,7.877,7.81,7.861,18135.8
2024-12-24 18:00:00,7.861,7.989,7.842,7.846,21701.5
2024-12-24 18:30:00,7.846,7.882,7.846,7.859,11251.1
2024-12-24 19:00:00,7.859,7.859,7.8,7.808,15529.0
2024-12-24 19:30:00,7.808,7.821,7.722,7.725,31124.5
2024-12-24 20:00:00,7.725,7.734,7.641,7.681,29402.6
2024-12-24 20:30:00,7.681,7.736,7.681,7.705,10019.4
2024-12-24 21:00:00,7.705,7.78,7.695,7.772,17960.8
2024-12-24 21:30:00,7.772,7.807,7.764,7.798,17203.6
2024-12-24 22:00:00,7.798,7.845,7.777,7.79,19016.9
2024-12-24 22:30:00,7.79,7.852,7.756,7.834,18179.9
2024-12-24 23:00:00,7.834,7.852,7.813,7.837,10254.7
2024-12-24 23:30:00,7.837,7.884,7.808,7.814,17274.4
2024-12-25 00:00:00,7.814,7.819,7.753,7.753,14244.1
2024-12-25 00:30:00,7.753,7.831,7.742,7.777,10616.8
2024-12-25 01:00:00,7.777,7.824,7.777,7.792,5796.8
2024-12-25 01:30:00,7.792,7.816,7.764,7.798,4581.7
2024-12-25 02:00:00,7.798,7.835,7.771,7.798,4653.8
2024-12-25 02:30:00,7.798,7.848,7.773,7.837,7472.1
2024-12-25 03:00:00,7.837,7.841,7.748,7.788,9172.2
2024-12-25 03:30:00,7.788,7.804,7.76,7.779,6427.2
2024-12-25 04:00:00,7.779,7.786,7.728,7.784,22921.6
2024-12-25 04:30:00,7.784,7.801,7.746,7.77,4168.8
2024-12-25 05:00:00,7.77,7.82,7.76,7.785,4562.2
2024-12-25 05:30:00,7.785,7.813,7.753,7.786,14869.8
2024-12-25 06:00:00,7.786,7.842,7.744,7.754,9293.4
2024-12-25 06:30:00,7.754,7.779,7.704,7.715,23801.5
2024-12-25 07:00:00,7.715,7.789,7.683,7.718,10433.6
2024-12-25 07:30:00,7.718,7.748,7.656,7.676,9135.7
2024-12-25 08:00:00,7.676,7.725,7.665,7.72,7041.1
2024-12-25 08:30:00,7.72,7.727,7.641,7.666,24432.6
2024-12-25 09:00:00,7.666,7.687,7.62,7.656,14376.1
2024-12-25 09:30:00,7.656,7.674,7.63,7.645,10983.3
2024-12-25 10:00:00,7.645,7.812,7.627,7.75,30931.5
2024-12-25 10:30:00,7.75,7.78,7.63,7.66,22044.9
2024-12-25 11:00:00,7.66,7.707,7.641,7.681,8848.7
2024-12-25 11:30:00,7.681,7.683,7.53,7.542,53353.6
2024-12-25 12:00:00,7.542,7.594,7.506,7.577,19147.1
2024-12-25 12:30:00,7.577,7.602,7.543,7.574,21244.8
2024-12-25 13:00:00,7.574,7.635,7.568,7.597,10619.3
2024-12-25 13:30:00,7.597,7.601,7.536,7.587,10498.0
2024-12-25 14:00:00,7.587,7.627,7.563,7.598,11228.8
2024-12-25 14:30:00,7.598,7.646,7.584,7.606,9795.0
2024-12-25 15:00:00,7.606,7.618,7.508,7.523,20065.6
2024-12-25 15:30:00,7.523,7.559,7.495,7.522,26047.3
2024-12-25 16:00:00,7.522,7.566,7.462,7.492,23843.9
2024-12-25 16:30:00,7.492,7.515,7.421,7.507,50000.5
2024-12-25 17:00:00,7.507,7.528,7.462,7.512,12756.7
2024-12-25 17:30:00,7.512,7.555,7.491,7.553,10762.1
2024-12-25 18:00:00,7.553,7.561,7.519,7.531,14071.2
2024-12-25 18:30:00,7.531,7.56,7.507,7.531,10572.0
2024-12-25 19:00:00,7.531,7.579,7.527,7.554,7016.6
2024-12-25 19:30:00,7.554,7.586,7.536,7.571,7104.3
2024-12-25 20:00:00,7.571,7.606,7.567,7.592,8774.6
2024-12-25 20:30:00,7.592,7.592,7.485,7.506,15479.5
2024-12-25 21:00:00,7.506,7.544,7.426,7.455,16468.0
2024-12-25 21:30:00,7.455,7.501,7.452,7.49,11449.7
2024-12-25 22:00:00,7.49,7.494,7.432,7.472,7017.0
2024-12-25 22:30:00,7.472,7.524,7.472,7.481,18417.2
2024-12-25 23:00:00,7.481,7.547,7.477,7.522,5550.9
2024-12-25 23:30:00,7.522,7.568,7.508,7.544,6575.4
2024-12-26 00:00:00,7.544,7.66,7.529,7.54,19321.8
2024-12-26 00:30:00,7.54,7.54,7.45,7.472,9367.7
2024-12-26 01:00:00,7.472,7.527,7.432,7.458,7474.2
2024-12-26 01:30:00,7.458,7.477,7.409,7.448,21037.7
2024-12-26 02:00:00,7.448,7.511,7.402,7.492,14887.6
2024-12-26 02:30:00,7.492,7.508,7.414,7.418,3952.2
2024-12-26 03:00:00,7.418,7.444,7.398,7.433,14234.6
2024-12-26 03:30:00,7.433,7.442,7.388,7.409,7233.5
2024-12-26 04:00:00,7.409,7.413,7.314,7.355,33574.2
2024-12-26 04:30:00,7.355,7.37,7.327,7.338,20357.7
2024-12-26 05:00:00,7.338,7.356,7.298,7.34,9493.4
2024-12-26 05:30:00,7.34,7.355,7.328,7.332,4741.3
2024-12-26 06:00:00,7.332,7.354,7.3,7.318,10043.1
2024-12-26 06:30:00,7.318,7.318,7.267,7.3,13916.7
2024-12-26 07:00:00,7.3,7.343,7.272,7.309,10927.1
2024-12-26 07:30:00,7.309,7.312,7.275,7.286,4491.4
2024-12-26 08:00:00,7.286,7.302,7.133,7.147,63110.7
2024-12-26 08:30:00,7.147,7.217,7.09,7.169,72871.0
2024-12-26 09:00:00,7.169,7.206,7.151,7.164,11846.7
2024-12-26 09:30:00,7.164,7.178,7.141,7.156,15520.5
2024-12-26 10:00:00,7.156,7.214,7.129,7.202,12017.6
2024-12-26 10:30:00,7.202,7.21,7.163,7.185,11005.3
2024-12-26 11:00:00,7.185,7.241,7.182,7.241,15250.6
2024-12-26 11:30:00,7.241,7.284,7.216,7.218,21352.2
2024-12-26 12:00:00,7.218,7.24,7.171,7.225,22041.7
2024-12-26 12:30:00,7.225,7.226,7.182,7.187,7764.0
2024-12-26 13:00:00,7.187,7.201,7.15,7.166,31782.9
2024-12-26 13:30:00,7.166,7.195,7.122,7.177,31529.4
2024-12-26 14:00:00,7.177,7.258,7.164,7.207,25230.5
2024-12-26 14:30:00,7.207,7.212,7.133,7.173,33044.5
2024-12-26 15:00:00,7.173,7.234,7.15,7.214,8619.5
2024-12-26 15:30:00,7.214,7.229,7.151,7.182,6278.3
2024-12-26 16:00:00,7.182,7.243,7.174,7.175,6816.8
2024-12-26 16:30:00,7.175,7.252,7.162,7.229,14867.6
2024-12-26 17:00:00,7.229,7.238,7.122,7.128,14894.6
2024-12-26 17:30:00,7.128,7.16,7.068,7.118,39338.1
2024-12-26 18:00:00,7.118,7.141,7.087,7.121,12285.5
2024-12-26 18:30:00,7.121,7.144,7.097,7.133,4037.5
2024-12-26 19:00:00,7.133,7.145,7.091,7.118,20481.7
2024-12-26 19:30:00,7.118,7.137,7.066,7.123,8507.9
2024-12-26 20:00:00,7.123,7.137,7.057,7.073,30142.6
2024-12-26 20:30:00,7.073,7.092,7.028,7.07,15847.4
2024-12-26 21:00:00,7.07,7.089,7.003,7.087,19857.1
2024-12-26 21:30:00,7.087,7.131,7.067,7.122,12095.1
2024-12-26 22:00:00,7.122,7.166,7.122,7.138,25918.7
2024-12-26 22:30:00,7.138,7.187,7.117,7.15,23897.1
2024-12-26 23:00:00,7.15,7.155,7.052,7.097,27218.7
2024-12-26 23:30:00,7.097,7.118,7.07,7.116,8463.5
2024-12-27 00:00:00,7.116,7.155,7.05,7.09,21268.1
2024-12-27 00:30:00,7.09,7.14,7.048,7.133,13275.8
2024-12-27 01:00:00,7.133,7.162,7.114,7.136,10755.6
2024-12-27 01:30:00,7.136,7.211,7.136,7.169,9850.5
2024-12-27 02:00:00,7.169,7.261,7.146,7.248,21856.1
2024-12-27 02:30:00,7.248,7.254,7.153,7.178,16379.6
2024-12-27 03:00:00,7.178,7.205,7.161,7.183,7839.5
2024-12-27 03:30:00,7.183,7.237,7.178,7.222,9027.8
2024-12-27 04:00:00,7.222,7.285,7.22,7.252,6632.0
2024-12-27 04:30:00,7.252,7.263,7.195,7.222,18617.0
2024-12-27 05:00:00,7.222,7.238,7.137,7.151,6184.3
2024-12-27 05:30:00,7.151,7.241,7.146,7.216,4635.0
2024-12-27 06:00:00,7.216,7.244,7.188,7.199,14426.1
2024-12-27 06:30:00,7.199,7.29,7.195,7.286,16732.1
2024-12-27 07:00:00,7.286,7.289,7.181,7.182,11828.5
2024-12-27 07:30:00,7.182,7.19,7.039,7.095,34411.4
2024-12-27 08:00:00,7.095,7.235,7.095,7.228,19160.9
2024-12-27 08:30:00,7.228,7.276,7.196,7.218,8422.7
2024-12-27 09:00:00,7.218,7.528,7.216,7.493,39820.9
2024-12-27 09:30:00,7.493,7.517,7.422,7.44,16483.7
2024-12-27 10:00:00,7.44,7.457,7.339,7.348,21575.6
2024-12-27 10:30:00,7.348,7.416,7.278,7.41,18225.1
2024-12-27 11:00:00,7.41,7.431,7.362,7.398,13189.0
2024-12-27 11:30:00,7.398,7.422,7.346,7.419,7983.0
2024-12-27 12:00:00,7.419,7.432,7.368,7.371,11276.1
2024-12-27 12:30:00,7.371,7.397,7.323,7.327,7053.5
2024-12-27 13:00:00,7.327,7.343,7.277,7.298,14675.1
2024-12-27 13:30:00,7.298,7.307,7.228,7.265,14061.8
2024-12-27 14:00:00,7.265,7.265,7.207,7.237,16856.0
2024-12-27 14:30:00,7.237,7.237,7.058,7.14,62553.8
2024-12-27 15:00:00,7.14,7.146,7.005,7.021,46255.2
2024-12-27 15:30:00,7.021,7.065,6.986,7.051,34978.9
2024-12-27 16:00:00,7.051,7.076,6.953,6.989,28341.5
2024-12-27 16:30:00,6.989,7.044,6.988,7.012,23698.2
2024-12-27 17:00:00,7.012,7.087,6.999,7.066,33021.9
2024-12-27 17:30:00,7.066,7.183,7.063,7.167,54557.5
2024-12-27 18:00:00,7.167,7.176,7.121,7.14,25255.8
2024-12-27 18:30:00,7.14,7.176,7.118,7.141,7114.7
2024-12-27 19:00:00,7.141,7.141,7.089,7.095,7175.0
2024-12-27 19:30:00,7.095,7.129,7.088,7.102,8448.4
2024-12-27 20:00:00,7.102,7.111,7.024,7.047,17876.1
2024-12-27 20:30:00,7.047,7.081,7.037,7.057,4499.6
2024-12-27 21:00:00,7.057,7.078,7.03,7.03,8974.1
2024-12-27 21:30:00,7.03,7.05,6.997,7.002,12217.7
2024-12-27 22:00:00,7.002,7.039,6.956,7.025,25884.5
2024-12-27 22:30:00,7.025,7.044,6.979,6.987,6666.3
2024-12-27 23:00:00,6.987,7.01,6.973,6.988,11692.7
2024-12-27 23:30:00,6.988,7.005,6.954,7.004,18016.3
2024-12-28 00:00:00,7.004,7.023,6.978,7.018,15403.1
2024-12-28 00:30:00,7.018,7.027,6.977,7.007,16366.9
2024-12-28 01:00:00,7.007,7.019,6.922,6.929,16109.8
2024-12-28 01:30:00,6.929,6.99,6.899,6.96,31035.4
2024-12-28 02:00:00,6.96,6.996,6.96,6.98,6025.7
2024-12-28 02:30:00,6.98,7.006,6.937,6.943,5185.7
2024-12-28 03:00:00,6.943,6.984,6.942,6.969,10914.1
2024-12-28 03:30:00,6.969,7.006,6.969,6.979,4852.8
2024-12-28 04:00:00,6.979,6.983,6.928,6.936,6998.7
2024-12-28 04:30:00,6.936,6.942,6.902,6.906,6727.0
2024-12-28 05:00:00,6.906,6.96,6.905,6.942,8961.4
2024-12-28 05:30:00,6.942,6.973,6.927,6.942,6559.9
2024-12-28 06:00:00,6.942,6.956,6.894,6.896,7167.0
2024-12-28 06:30:00,6.896,6.912,6.853,6.87,18847.1
2024-12-28 07:00:00,6.87,6.906,6.863,6.876,8163.8
2024-12-28 07:30:00,6.876,6.881,6.821,6.835,44395.4
2024-12-28 08:00:00,6.835,6.886,6.832,6.88,8630.3
2024-12-28 08:30:00,6.88,6.949,6.867,6.938,7486.5
2024-12-28 09:00:00,6.938,6.957,6.914,6.937,16760.6
2024-12-28 09:30:00,6.937,6.973,6.937,6.959,17043.6
2024-12-28 10:00:00,6.959,6.972,6.914,6.936,9019.4
2024-12-28 10:30:00,6.936,6.938,6.887,6.887,5984.9
2024-12-28 11:00:00,6.887,6.946,6.887,6.946,4521.7
2024-12-28 11:30:00,6.946,6.992,6.933,6.987,5100.9
2024-12-28 12:00:00,6.987,6.99,6.911,6.911,18510.9
2024-12-28 12:30:00,6.911,6.941,6.906,6.914,6511.6
2024-12-28 13:00:00,6.914,7.014,6.91,7.001,9733.1
2024-12-28 13:30:00,7.001,7.06,6.991,7.057,18913.3
2024-12-28 14:00:00,7.057,7.13,7.033,7.077,22027.5
2024-12-28 14:30:00,7.077,7.088,6.996,7.026,54805.9
2024-12-28 15:00:00,7.026,7.127,7.025,7.126,18544.1
2024-12-28 15:30:00,7.126,7.134,7.028,7.039,18351.9
2024-12-28 16:00:00,7.039,7.068,7.024,7.053,23794.5
2024-12-28 16:30:00,7.053,7.128,7.049,7.126,8350.1
2024-12-28 17:00:00,7.126,7.231,7.122,7.199,25259.2
2024-12-28 17:30:00,7.199,7.209,7.145,7.156,21497.1
2024-12-28 18:00:00,7.156,7.177,7.113,7.149,11244.6
2024-12-28 18:30:00,7.149,7.153,7.1,7.116,11314.8
2024-12-28 19:00:00,7.116,7.138,7.103,7.109,7973.2
2024-12-28 19:30:00,7.109,7.144,7.108,7.133,15378.4
2024-12-28 20:00:00,7.133,7.151,7.102,7.109,6686.2
2024-12-28 20:30:00,7.109,7.124,7.101,7.109,7432.1
2024-12-28 21:00:00,7.109,7.128,7.081,7.097,10085.8
2024-12-28 21:30:00,7.097,7.157,7.095,7.156,13673.8
2024-12-28 22:00:00,7.156,7.169,7.134,7.164,9583.5
2024-12-28 22:30:00,7.164,7.224,7.138,7.195,24541.8
2024-12-28 23:00:00,7.195,7.196,7.138,7.143,10604.6
2024-12-28 23:30:00,7.143,7.163,7.133,7.147,6624.2
2024-12-29 00:00:00,7.147,7.17,7.09,7.091,16326.8
2024-12-29 00:30:00,7.091,7.108,7.072,7.096,8445.3
2024-12-29 01:00:00,7.096,7.136,7.071,7.087,16830.6
2024-12-29 01:30:00,7.087,7.093,7.044,7.054,12783.0
2024-12-29 02:00:00,7.054,7.095,7.054,7.089,6070.1
2024-12-29 02:30:00,7.089,7.125,7.089,7.105,15257.1
2024-12-29 03:00:00,7.105,7.115,7.079,7.106,18611.8
2024-12-29 03:30:00,7.106,7.136,7.105,7.136,4830.0
2024-12-29 04:00:00,7.136,7.149,7.088,7.094,11930.2
2024-12-29 04:30:00,7.094,7.105,7.078,7.088,7082.6
2024-12-29 05:00:00,7.088,7.095,7.066,7.079,5548.7
2024-12-29 05:30:00,7.079,7.094,7.07,7.086,4157.8
2024-12-29 06:00:00,7.086,7.092,7.054,7.086,4446.5
2024-12-29 06:30:00,7.086,7.136,7.086,7.135,16929.2
2024-12-29 07:00:00,7.135,7.168,7.122,7.131,6351.7
2024-12-29 07:30:00,7.131,7.16,7.116,7.159,5331.0
2024-12-29 08:00:00,7.159,7.166,7.121,7.125,4803.1
2024-12-29 08:30:00,7.125,7.135,7.096,7.1,7223.4
2024-12-29 09:00:00,7.1,7.118,7.079,7.114,24769.7
2024-12-29 09:30:00,7.114,7.148,7.112,7.146,9389.5
2024-12-29 10:00:00,7.146,7.165,7.129,7.155,8013.0
2024-12-29 10:30:00,7.155,7.174,7.145,7.151,6254.4
2024-12-29 11:00:00,7.151,7.164,7.127,7.141,6765.0
2024-12-29 11:30:00,7.141,7.175,7.118,7.119,6824.3
2024-12-29 12:00:00,7.119,7.134,7.085,7.087,13756.0
2024-12-29 12:30:00,7.087,7.087,7.054,7.058,17128.7
2024-12-29 13:00:00,7.058,7.087,7.022,7.053,49883.6
2024-12-29 13:30:00,7.053,7.114,7.038,7.105,10484.2
2024-12-29 14:00:00,7.105,7.171,7.041,7.051,36971.7
2024-12-29 14:30:00,7.051,7.063,6.971,7.017,73852.7
2024-12-29 15:00:00,7.017,7.036,6.994,7.029,10918.5
2024-12-29 15:30:00,7.029,7.064,7.018,7.04,8967.6
2024-12-29 16:00:00,7.04,7.046,6.957,6.958,14986.6
2024-12-29 16:30:00,6.958,6.97,6.934,6.954,40687.8
2024-12-29 17:00:00,6.954,6.988,6.923,6.949,27845.1
2024-12-29 17:30:00,6.949,6.974,6.943,6.965,19380.8
2024-12-29 18:00:00,6.965,6.965,6.9,6.912,82253.5
2024-12-29 18:30:00,6.912,6.943,6.892,6.912,34630.3
2024-12-29 19:00:00,6.912,6.915,6.887,6.904,15604.4
2024-12-29 19:30:00,6.904,6.92,6.876,6.906,6956.5
2024-12-29 20:00:00,6.906,6.906,6.822,6.842,28698.3
2024-12-29 20:30:00,6.842,6.909,6.815,6.905,27735.7
2024-12-29 21:00:00,6.905,6.926,6.873,6.895,12953.9
2024-12-29 21:30:00,6.895,6.907,6.83,6.85,30934.0
2024-12-29 22:00:00,6.85,6.856,6.757,6.794,39704.6
2024-12-29 22:30:00,6.794,6.847,6.77,6.783,30958.1
2024-12-29 23:00:00,6.783,6.813,6.736,6.809,20343.5
2024-12-29 23:30:00,6.809,6.859,6.804,6.837,19317.5
2024-12-30 00:00:00,6.837,6.921,6.8,6.891,20336.7
2024-12-30 00:30:00,6.891,6.937,6.855,6.917,8745.6
2024-12-30 01:00:00,6.917,7.067,6.915,7.067,78277.1
2024-12-30 01:30:00,7.067,7.1,7.009,7.04,26894.6
2024-12-30 02:00:00,7.04,7.071,6.988,7.004,12551.0
2024-12-30 02:30:00,7.004,7.045,6.973,7.016,35850.8
2024-12-30 03:00:00,7.016,7.063,6.99,7.005,11114.3
2024-12-30 03:30:00,7.005,7.015,6.947,6.955,9813.2
2024-12-30 04:00:00,6.955,7.013,6.931,6.941,10187.4
2024-12-30 04:30:00,6.941,6.946,6.887,6.894,34729.0
2024-12-30 05:00:00,6.894,6.934,6.879,6.888,8381.1
2024-12-30 05:30:00,6.888,6.947,6.873,6.941,9636.4
2024-12-30 06:00:00,6.941,7.045,6.941,7.013,11093.7
2024-12-30 06:30:00,7.013,7.023,6.986,7.007,6461.1
2024-12-30 07:00:00,7.007,7.017,6.942,6.951,8872.8
2024-12-30 07:30:00,6.951,6.968,6.908,6.954,20450.9
2024-12-30 08:00:00,6.954,7.011,6.952,6.952,7398.1
2024-12-30 08:30:00,6.952,6.963,6.915,6.943,7327.5
2024-12-30 09:00:00,6.943,6.946,6.883,6.906,14187.5
2024-12-30 09:30:00,6.906,6.925,6.888,6.908,12411.5
2024-12-30 10:00:00,6.908,6.921,6.891,6.904,8192.7
2024-12-30 10:30:00,6.904,6.911,6.865,6.873,9531.2
2024-12-30 11:00:00,6.873,6.913,6.822,6.905,14025.5
2024-12-30 11:30:00,6.905,6.931,6.891,6.917,15986.6
2024-12-30 12:00:00,6.917,7.007,6.912,6.973,15611.9
2024-12-30 12:30:00,6.973,6.979,6.895,6.915,5751.5
2024-12-30 13:00:00,6.915,6.936,6.796,6.8,25348.9
2024-12-30 13:30:00,6.8,6.828,6.674,6.691,64057.2
2024-12-30 14:00:00,6.691,6.784,6.681,6.784,48096.3
2024-12-30 14:30:00,6.784,6.785,6.656,6.68,65697.6
2024-12-30 15:00:00,6.68,6.728,6.63,6.65,40078.7
2024-12-30 15:30:00,6.65,6.721,6.624,6.684,31804.6
2024-12-30 16:00:00,6.684,6.702,6.65,6.665,19794.5
2024-12-30 16:30:00,6.665,6.678,6.616,6.665,17773.0
2024-12-30 17:00:00,6.665,6.721,6.65,6.718,17792.4
2024-12-30 17:30:00,6.718,6.909,6.703,6.888,52704.3
2024-12-30 18:00:00,6.888,6.956,6.852,6.92,51270.4
2024-12-30 18:30:00,6.92,6.953,6.904,6.947,13649.0
2024-12-30 19:00:00,6.947,7.004,6.923,6.974,46920.6
2024-12-30 19:30:00,6.974,6.995,6.952,6.966,13329.5
2024-12-30 20:00:00,6.966,7.068,6.966,7.029,20281.3
2024-12-30 20:30:00,7.029,7.039,6.97,6.986,14901.1
2024-12-30 21:00:00,6.986,6.993,6.909,6.927,17708.9
2024-12-30 21:30:00,6.927,6.927,6.758,6.772,48758.5
2024-12-30 22:00:00,6.772,6.865,6.763,6.859,41210.4
2024-12-30 22:30:00,6.859,6.883,6.82,6.825,12427.2
2024-12-30 23:00:00,6.825,6.833,6.778,6.827,17425.8
2024-12-30 23:30:00,6.827,6.848,6.81,6.834,9080.9
2024-12-31 00:00:00,6.834,6.841,6.783,6.792,9795.2
2024-12-31 00:30:00,6.792,6.807,6.732,6.738,16690.0
2024-12-31 01:00:00,6.738,6.758,6.696,6.698,23538.7
2024-12-31 01:30:00,6.698,6.744,6.681,6.723,9916.4
2024-12-31 02:00:00,6.723,6.744,6.707,6.725,6645.1
2024-12-31 02:30:00,6.725,6.761,6.72,6.745,5699.0
2024-12-31 03:00:00,6.745,6.755,6.702,6.745,18992.9
2024-12-31 03:30:00,6.745,6.755,6.715,6.722,9640.2
2024-12-31 04:00:00,6.722,6.784,6.721,6.756,11837.9
2024-12-31 04:30:00,6.756,6.772,6.692,6.697,16902.1
2024-12-31 05:00:00,6.697,6.766,6.69,6.74,6782.4
2024-12-31 05:30:00,6.74,6.776,6.73,6.76,6601.9
2024-12-31 06:00:00,6.76,6.829,6.741,6.777,22791.8
2024-12-31 06:30:00,6.777,6.78,6.701,6.744,30222.2
2024-12-31 07:00:00,6.744,6.782,6.74,6.763,12518.3
2024-12-31 07:30:00,6.763,6.773,6.74,6.76,10157.1
2024-12-31 08:00:00,6.76,6.911,6.754,6.903,14095.3
2024-12-31 08:30:00,6.903,6.956,6.833,6.865,27091.9
2024-12-31 09:00:00,6.865,6.907,6.83,6.873,13115.2
2024-12-31 09:30:00,6.873,6.9,6.852,6.874,5079.2
2024-12-31 10:00:00,6.874,6.881,6.802,6.836,13681.2
2024-12-31 10:30:00,6.836,6.888,6.825,6.848,12202.2
2024-12-31 11:00:00,6.848,6.862,6.823,6.859,12215.6
2024-12-31 11:30:00,6.859,6.867,6.841,6.857,10903.2
2024-12-31 12:00:00,6.857,6.943,6.857,6.919,18129.4
2024-12-31 12:30:00,6.919,6.946,6.858,6.859,8906.9
2024-12-31 13:00:00,6.859,7.032,6.855,7.021,17041.5
2024-12-31 13:30:00,7.021,7.046,6.958,7.021,21980.8
2024-12-31 14:00:00,7.021,7.115,7.021,7.095,22738.1
2024-12-31 14:30:00,7.095,7.123,7.024,7.102,41984.2
2024-12-31 15:00:00,7.102,7.121,6.985,7.008,37230.5
2024-12-31 15:30:00,7.008,7.024,6.979,6.986,12291.4
2024-12-31 16:00:00,6.986,7.008,6.953,6.954,21200.8
2024-12-31 16:30:00,6.954,7.0,6.897,6.986,27242.0
2024-12-31 17:00:00,6.986,7.016,6.956,6.976,28931.2
2024-12-31 17:30:00,6.976,6.985,6.794,6.885,73010.8
2024-12-31 18:00:00,6.885,6.928,6.85,6.867,21080.9
2024-12-31 18:30:00,6.867,6.896,6.862,6.873,7807.0
2024-12-31 19:00:00,6.873,6.893,6.843,6.862,10931.4
2024-12-31 19:30:00,6.862,6.88,6.827,6.855,19836.0
2024-12-31 20:00:00,6.855,6.894,6.85,6.878,10386.5
2024-12-31 20:30:00,6.878,6.878,6.815,6.849,18647.9
2024-12-31 21:00:00,6.849,6.876,6.826,6.836,13418.7
2024-12-31 21:30:00,6.836,6.885,6.836,6.866,7995.6
2024-12-31 22:00:00,6.866,6.866,6.809,6.826,23273.3
2024-12-31 22:30:00,6.826,6.832,6.776,6.795,11522.6
2024-12-31 23:00:00,6.795,6.815,6.774,6.804,7322.3
2024-12-31 23:30:00,6.804,6.816,6.774,6.791,9826.4
2025-01-01 00:00:00,6.791,6.85,6.78,6.821,17370.3
2025-01-01 00:30:00,6.821,6.911,6.816,6.911,10778.9
2025-01-01 01:00:00,6.911,6.911,6.83,6.832,8441.3
2025-01-01 01:30:00,6.832,6.851,6.8,6.801,9287.5
2025-01-01 02:00:00,6.801,6.839,6.794,6.804,7265.6
2025-01-01 02:30:00,6.804,6.846,6.801,6.836,9264.9
2025-01-01 03:00:00,6.836,6.841,6.773,6.783,11272.7
2025-01-01 03:30:00,6.783,6.8,6.78,6.788,5826.5
2025-01-01 04:00:00,6.788,6.789,6.749,6.756,10259.2
2025-01-01 04:30:00,6.756,6.763,6.737,6.746,8364.7
2025-01-01 05:00:00,6.746,6.765,6.731,6.757,8100.3
2025-01-01 05:30:00,6.757,6.773,6.737,6.752,7738.2
2025-01-01 06:00:00,6.752,6.765,6.723,6.737,5706.5
2025-01-01 06:30:00,6.737,6.74,6.71,6.733,6460.9
2025-01-01 07:00:00,6.733,6.748,6.717,6.73,6091.9
2025-01-01 07:30:00,6.73,6.749,6.723,6.726,15022.5
2025-01-01 08:00:00,6.726,6.769,6.702,6.711,11279.0
2025-01-01 08:30:00,6.711,6.735,6.686,6.686,18923.9
2025-01-01 09:00:00,6.686,6.703,6.629,6.642,18227.4
2025-01-01 09:30:00,6.642,6.698,6.632,6.696,12165.9
2025-01-01 10:00:00,6.696,6.725,6.687,6.719,7686.7
2025-01-01 10:30:00,6.719,6.742,6.711,6.725,9629.7
2025-01-01 11:00:00,6.725,6.763,6.692,6.759,7267.0
2025-01-01 11:30:00,6.759,6.81,6.748,6.76,4138.8
2025-01-01 12:00:00,6.76,6.792,6.738,6.783,6396.5
2025-01-01 12:30:00,6.783,6.808,6.763,6.806,6497.6
2025-01-01 13:00:00,6.806,6.847,6.744,6.759,30163.8
2025-01-01 13:30:00,6.759,6.791,6.752,6.777,9102.4
2025-01-01 14:00:00,6.777,6.832,6.773,6.788,13491.5
2025-01-01 14:30:00,6.788,6.831,6.755,6.824,10740.1
2025-01-01 15:00:00,6.824,6.849,6.808,6.83,6777.5
2025-01-01 15:30:00,6.83,6.925,6.826,6.921,10603.1
2025-01-01 16:00:00,6.921,6.941,6.865,6.92,9226.8
2025-01-01 16:30:00,6.92,6.921,6.87,6.903,6223.5
2025-01-01 17:00:00,6.903,6.916,6.853,6.892,8920.9
2025-01-01 17:30:00,6.892,6.937,6.891,6.936,6636.7
2025-01-01 18:00:00,6.936,6.99,6.894,6.979,7903.7
2025-01-01 18:30:00,6.979,7.053,6.973,7.042,40205.5
2025-01-01 19:00:00,7.042,7.099,7.042,7.057,15506.4
2025-01-01 19:30:00,7.057,7.124,7.022,7.072,27102.8
2025-01-01 20:00:00,7.072,7.124,7.072,7.119,13294.4
2025-01-01 20:30:00,7.119,7.14,7.096,7.138,17821.4
2025-01-01 21:00:00,7.138,7.211,7.13,7.196,47683.2
2025-01-01 21:30:00,7.196,7.264,7.174,7.224,19840.0
2025-01-01 22:00:00,7.224,7.25,7.194,7.219,14594.5
2025-01-01 22:30:00,7.219,7.254,7.204,7.211,27122.6
2025-01-01 23:00:00,7.211,7.214,7.171,7.199,22621.6
2025-01-01 23:30:00,7.199,7.203,7.163,7.175,13696.8
2025-01-02 00:00:00,7.175,7.3,7.156,7.257,31641.0
2025-01-02 00:30:00,7.257,7.33,7.226,7.282,39634.4
2025-01-02 01:00:00,7.282,7.343,7.257,7.265,14922.9
2025-01-02 01:30:00,7.265,7.265,7.217,7.236,12363.2
2025-01-02 02:00:00,7.236,7.306,7.235,7.305,12270.4
2025-01-02 02:30:00,7.305,7.333,7.278,7.33,8031.2
2025-01-02 03:00:00,7.33,7.359,7.28,7.315,24090.7
2025-01-02 03:30:00,7.315,7.366,7.314,7.348,11148.6
2025-01-02 04:00:00,7.348,7.4,7.338,7.382,15469.9
2025-01-02 04:30:00,7.382,7.469,7.382,7.417,107925.2
2025-01-02 05:00:00,7.417,7.423,7.358,7.405,24143.4
2025-01-02 05:30:00,7.405,7.426,7.391,7.404,5425.6
2025-01-02 06:00:00,7.404,7.442,7.339,7.346,14348.2
2025-01-02 06:30:00,7.346,7.411,7.342,7.403,10208.0
2025-01-02 07:00:00,7.403,7.462,7.402,7.446,35849.7
2025-01-02 07:30:00,7.446,7.498,7.434,7.497,15269.0
2025-01-02 08:00:00,7.497,7.543,7.493,7.539,52945.1
2025-01-02 08:30:00,7.539,7.607,7.513,7.6,19884.7
2025-01-02 09:00:00,7.6,7.669,7.554,7.667,31226.2
2025-01-02 09:30:00,7.667,7.745,7.629,7.72,29601.9
2025-01-02 10:00:00,7.72,7.802,7.704,7.763,55794.9
2025-01-02 10:30:00,7.763,7.88,7.745,7.838,42210.2
2025-01-02 11:00:00,7.838,7.851,7.682,7.731,67920.7
2025-01-02 11:30:00,7.731,7.779,7.724,7.733,53284.5
2025-01-02 12:00:00,7.733,7.788,7.693,7.714,21891.9
2025-01-02 12:30:00,7.714,7.726,7.69,7.714,16683.3
2025-01-02 13:00:00,7.714,7.73,7.653,7.693,26441.5
2025-01-02 13:30:00,7.693,7.693,7.622,7.639,21988.5
2025-01-02 14:00:00,7.639,7.679,7.551,7.679,50263.7
2025-01-02 14:30:00,7.679,7.752,7.623,7.675,34385.0
2025-01-02 15:00:00,7.675,7.679,7.56,7.593,20024.7
2025-01-02 15:30:00,7.593,7.6,7.536,7.572,16923.5
2025-01-02 16:00:00,7.572,7.666,7.539,7.666,21802.2
2025-01-02 16:30:00,7.666,7.689,7.636,7.638,12276.9
2025-01-02 17:00:00,7.638,7.7,7.621,7.656,9472.6
2025-01-02 17:30:00,7.656,7.656,7.607,7.646,23833.3
2025-01-02 18:00:00,7.646,7.684,7.617,7.669,19336.4
2025-01-02 18:30:00,7.669,7.697,7.647,7.676,8875.1
2025-01-02 19:00:00,7.676,7.692,7.655,7.683,6802.2
2025-01-02 19:30:00,7.683,7.713,7.639,7.708,24380.6
2025-01-02 20:00:00,7.708,7.778,7.707,7.773,15746.5
2025-01-02 20:30:00,7.773,7.773,7.67,7.689,27934.4
2025-01-02 21:00:00,7.689,7.719,7.656,7.684,14978.0
2025-01-02 21:30:00,7.684,7.697,7.636,7.693,22289.6
2025-01-02 22:00:00,7.693,7.693,7.546,7.585,55931.4
2025-01-02 22:30:00,7.585,7.628,7.585,7.617,13627.7
2025-01-02 23:00:00,7.617,7.666,7.586,7.666,10092.3
2025-01-02 23:30:00,7.666,7.685,7.627,7.632,19377.0
2025-01-03 00:00:00,7.632,7.696,7.624,7.656,48969.3
2025-01-03 00:30:00,7.656,7.679,7.6,7.603,18642.6
2025-01-03 01:00:00,7.603,7.623,7.559,7.583,11331.3
2025-01-03 01:30:00,7.583,7.633,7.531,7.617,22780.8
2025-01-03 02:00:00,7.617,7.716,7.585,7.71,11974.9
2025-01-03 02:30:00,7.71,7.71,7.651,7.652,9365.1
2025-01-03 03:00:00,7.652,7.656,7.594,7.618,20906.8
2025-01-03 03:30:00,7.618,7.709,7.616,7.687,11460.8
2025-01-03 04:00:00,7.687,7.687,7.597,7.619,8693.4
2025-01-03 04:30:00,7.619,7.638,7.577,7.582,10984.3
2025-01-03 05:00:00,7.582,7.612,7.557,7.601,6317.9
2025-01-03 05:30:00,7.601,7.611,7.576,7.606,8047.7
2025-01-03 06:00:00,7.606,7.673,7.598,7.603,10663.1
2025-01-03 06:30:00,7.603,7.63,7.56,7.561,10793.1
2025-01-03 07:00:00,7.561,7.577,7.506,7.515,32324.7
2025-01-03 07:30:00,7.515,7.522,7.471,7.506,29120.8
2025-01-03 08:00:00,7.506,7.56,7.504,7.525,12180.7
2025-01-03 08:30:00,7.525,7.56,7.479,7.535,16617.6
2025-01-03 09:00:00,7.535,7.679,7.535,7.673,40430.0
2025-01-03 09:30:00,7.673,7.675,7.624,7.624,17124.7
2025-01-03 10:00:00,7.624,7.663,7.592,7.656,21547.0
2025-01-03 10:30:00,7.656,7.695,7.656,7.671,21776.3
2025-01-03 11:00:00,7.671,7.812,7.667,7.797,40268.7
2025-01-03 11:30:00,7.797,7.873,7.77,7.871,34028.2
2025-01-03 12:00:00,7.871,7.888,7.807,7.871,41846.8
2025-01-03 12:30:00,7.871,7.899,7.775,7.78,28465.3
2025-01-03 13:00:00,7.78,7.846,7.739,7.755,19801.7
2025-01-03 13:30:00,7.755,7.841,7.753,7.8,12505.3
2025-01-03 14:00:00,7.8,7.895,7.8,7.875,75680.7
2025-01-03 14:30:00,7.875,7.947,7.838,7.898,75477.1
2025-01-03 15:00:00,7.898,7.981,7.88,7.973,38277.6
2025-01-03 15:30:00,7.973,8.073,7.937,8.063,66560.3
2025-01-03 16:00:00,8.063,8.143,8.03,8.068,96016.6
2025-01-03 16:30:00,8.068,8.134,8.017,8.048,97856.4
2025-01-03 17:00:00,8.048,8.099,8.028,8.03,22965.9
2025-01-03 17:30:00,8.03,8.043,7.969,7.986,59491.9
2025-01-03 18:00:00,7.986,8.052,7.973,8.052,50751.4
2025-01-03 18:30:00,8.052,8.09,8.045,8.069,73537.1
2025-01-03 19:00:00,8.069,8.074,8.026,8.036,16134.8
2025-01-03 19:30:00,8.036,8.074,8.034,8.054,18442.6
2025-01-03 20:00:00,8.054,8.063,7.96,8.022,68866.2
2025-01-03 20:30:00,8.022,8.031,7.989,8.018,12812.5
2025-01-03 21:00:00,8.018,8.059,7.991,8.044,12998.9
2025-01-03 21:30:00,8.044,8.047,7.986,8.013,26659.9
2025-01-03 22:00:00,8.013,8.075,8.007,8.061,27743.7
2025-01-03 22:30:00,8.061,8.084,8.047,8.048,15164.4
2025-01-03 23:00:00,8.048,8.08,8.047,8.061,21794.8
2025-01-03 23:30:00,8.061,8.064,8.029,8.058,24420.5
2025-01-04 00:00:00,8.058,8.111,8.023,8.026,66008.2
2025-01-04 00:30:00,8.026,8.026,7.976,7.988,26125.1
2025-01-04 01:00:00,7.988,8.002,7.922,7.98,38180.3
2025-01-04 01:30:00,7.98,8.039,7.963,8.009,97422.8
2025-01-04 02:00:00,8.009,8.024,7.973,7.983,9751.0
2025-01-04 02:30:00,7.983,8.057,7.962,8.019,19924.2
2025-01-04 03:00:00,8.019,8.035,7.997,8.007,17741.6
2025-01-04 03:30:00,8.007,8.05,7.999,8.036,8094.2
2025-01-04 04:00:00,8.036,8.043,7.973,7.976,8493.1
2025-01-04 04:30:00,7.976,8.038,7.958,8.029,7587.9
2025-01-04 05:00:00,8.029,8.047,7.979,8.024,7127.8
2025-01-04 05:30:00,8.024,8.033,7.995,8.021,8811.4
2025-01-04 06:00:00,8.021,8.063,8.015,8.042,8884.6
2025-01-04 06:30:00,8.042,8.086,8.022,8.078,7203.1
2025-01-04 07:00:00,8.078,8.078,8.015,8.039,7406.7
2025-01-04 07:30:00,8.039,8.085,8.039,8.083,12772.4
2025-01-04 08:00:00,8.083,8.099,7.978,8.015,14319.4
2025-01-04 08:30:00,8.015,8.059,7.961,7.968,15487.7
2025-01-04 09:00:00,7.968,8.041,7.966,8.023,8598.2
2025-01-04 09:30:00,8.023,8.028,7.993,8.003,5366.3
2025-01-04 10:00:00,8.003,8.016,7.934,7.968,24341.5
2025-01-04 10:30:00,7.968,8.036,7.96,8.016,21958.1
2025-01-04 11:00:00,8.016,8.032,7.98,8.01,9313.4
2025-01-04 11:30:00,8.01,8.092,8.002,8.073,66311.4
2025-01-04 12:00:00,8.073,8.14,8.04,8.13,39273.2
2025-01-04 12:30:00,8.13,8.194,8.124,8.182,71061.0
2025-01-04 13:00:00,8.182,8.251,8.167,8.178,87318.0
2025-01-04 13:30:00,8.178,8.221,8.138,8.201,24992.5
2025-01-04 14:00:00,8.201,8.216,8.159,8.198,22674.0
2025-01-04 14:30:00,8.198,8.237,8.176,8.219,15316.9
2025-01-04 15:00:00,8.219,8.248,8.064,8.129,57629.5
2025-01-04 15:30:00,8.129,8.13,7.937,7.992,163206.8
2025-01-04 16:00:00,7.992,8.071,7.979,8.018,25820.6
2025-01-04 16:30:00,8.018,8.036,7.966,8.021,34038.0
2025-01-04 17:00:00,8.021,8.057,8.006,8.035,19251.8
2025-01-04 17:30:00,8.035,8.087,8.026,8.08,14516.6
2025-01-04 18:00:00,8.08,8.129,8.053,8.093,8218.4
2025-01-04 18:30:00,8.093,8.135,8.067,8.093,9614.4
2025-01-04 19:00:00,8.093,8.146,8.058,8.1,23740.1
2025-01-04 19:30:00,8.1,8.128,8.066,8.107,23095.7
2025-01-04 20:00:00,8.107,8.14,8.103,8.129,22722.0
2025-01-04 20:30:00,8.129,8.136,8.084,8.087,13594.7
2025-01-04 21:00:00,8.087,8.132,8.078,8.109,14608.3
2025-01-04 21:30:00,8.109,8.109,8.05,8.059,8446.8
2025-01-04 22:00:00,8.059,8.069,8.014,8.036,21168.0
2025-01-04 22:30:00,8.036,8.112,8.036,8.08,74785.7
2025-01-04 23:00:00,8.08,8.09,8.042,8.086,8936.2
2025-01-04 23:30:00,8.086,8.091,8.057,8.071,18123.0
2025-01-05 00:00:00,8.071,8.084,8.028,8.059,6179.4
2025-01-05 00:30:00,8.059,8.073,8.034,8.071,6543.9
2025-01-05 01:00:00,8.071,8.08,8.034,8.063,4950.2
2025-01-05 01:30:00,8.063,8.066,7.993,8.045,13255.7
2025-01-05 02:00:00,8.045,8.069,8.021,8.04,5487.2
2025-01-05 02:30:00,8.04,8.062,8.019,8.059,6498.6
2025-01-05 03:00:00,8.059,8.06,8.027,8.046,5212.0
2025-01-05 03:30:00,8.046,8.09,8.038,8.082,6598.6
2025-01-05 04:00:00,8.082,8.11,8.067,8.089,13274.1
2025-01-05 04:30:00,8.089,8.108,8.084,8.089,5471.2
2025-01-05 05:00:00,8.089,8.1,8.049,8.073,6952.3
2025-01-05 05:30:00,8.073,8.093,8.034,8.051,12216.1
2025-01-05 06:00:00,8.051,8.066,8.028,8.063,9018.2
2025-01-05 06:30:00,8.063,8.116,8.06,8.098,14905.4
2025-01-05 07:00:00,8.098,8.122,8.081,8.082,5340.0
2025-01-05 07:30:00,8.082,8.16,8.076,8.092,20618.9
2025-01-05 08:00:00,8.092,8.114,7.991,8.039,60901.3
2025-01-05 08:30:00,8.039,8.078,8.029,8.057,19293.6
2025-01-05 09:00:00,8.057,8.072,8.024,8.026,12785.8
2025-01-05 09:30:00,8.026,8.039,7.977,7.979,16602.7
2025-01-05 10:00:00,7.979,8.018,7.966,7.992,8804.5
2025-01-05 10:30:00,7.992,8.053,7.991,8.044,11375.0
2025-01-05 11:00:00,8.044,8.071,8.014,8.023,7319.6
2025-01-05 11:30:00,8.023,8.029,7.99,8.004,8046.2
2025-01-05 12:00:00,8.004,8.056,7.974,8.02,13446.6
2025-01-05 12:30:00,8.02,8.057,8.002,8.023,7416.9
2025-01-05 13:00:00,8.023,8.075,8.012,8.075,7120.2
2025-01-05 13:30:00,8.075,8.098,8.008,8.013,10142.1
2025-01-05 14:00:00,8.013,8.035,7.909,7.937,47493.7
2025-01-05 14:30:00,7.937,8.05,7.914,8.039,14108.0
2025-01-05 15:00:00,8.039,8.085,7.99,8.019,11684.3
2025-01-05 15:30:00,8.019,8.101,8.019,8.07,32694.2
2025-01-05 16:00:00,8.07,8.137,8.031,8.052,39632.2
2025-01-05 16:30:00,8.052,8.068,8.001,8.05,14238.9
2025-01-05 17:00:00,8.05,8.09,8.024,8.072,17225.0
2025-01-05 17:30:00,8.072,8.077,7.987,8.017,18121.9
2025-01-05 18:00:00,8.017,8.033,7.967,8.011,26609.8
2025-01-05 18:30:00,8.011,8.052,8.005,8.048,9714.3
2025-01-05 19:00:00,8.048,8.104,8.027,8.077,19239.5
2025-01-05 19:30:00,8.077,8.122,8.064,8.121,16973.9
2025-01-05 20:00:00,8.121,8.174,8.08,8.166,36642.7
2025-01-05 20:30:00,8.166,8.167,8.098,8.147,25247.4
2025-01-05 21:00:00,8.147,8.258,8.145,8.212,42545.9
2025-01-05 21:30:00,8.212,8.329,8.191,8.317,43836.4
2025-01-05 22:00:00,8.317,8.378,8.282,8.372,46330.6
2025-01-05 22:30:00,8.372,8.45,8.332,8.413,116380.8
2025-01-05 23:00:00,8.413,8.431,8.292,8.348,45643.8
2025-01-05 23:30:00,8.348,8.364,8.267,8.277,19075.1
2025-01-06 00:00:00,8.277,8.331,8.185,8.228,47982.2
2025-01-06 00:30:00,8.228,8.243,8.112,8.116,35045.4
2025-01-06 01:00:00,8.116,8.154,8.086,8.138,56096.0
2025-01-06 01:30:00,8.138,8.319,8.135,8.265,37434.8
2025-01-06 02:00:00,8.265,8.356,8.261,8.335,34816.2
2025-01-06 02:30:00,8.335,8.387,8.294,8.329,10115.3
2025-01-06 03:00:00,8.329,8.347,8.263,8.312,29596.4
2025-01-06 03:30:00,8.312,8.347,8.273,8.276,10005.7
2025-01-06 04:00:00,8.276,8.313,8.246,8.25,20339.0
2025-01-06 04:30:00,8.25,8.276,8.218,8.266,19556.8
2025-01-06 05:00:00,8.266,8.311,8.231,8.307,8011.6
2025-01-06 05:30:00,8.307,8.344,8.282,8.299,19941.6
2025-01-06 06:00:00,8.299,8.393,8.295,8.386,16874.2
2025-01-06 06:30:00,8.386,8.469,8.351,8.428,35189.9
2025-01-06 07:00:00,8.428,8.493,8.374,8.471,45479.4
2025-01-06 07:30:00,8.471,8.519,8.415,8.435,141661.9
2025-01-06 08:00:00,8.435,8.58,8.435,8.545,66842.6
2025-01-06 08:30:00,8.545,8.556,8.472,8.472,62297.5
2025-01-06 09:00:00,8.472,8.583,8.471,8.513,21460.2
2025-01-06 09:30:00,8.513,8.658,8.496,8.647,48394.1
2025-01-06 10:00:00,8.647,8.699,8.585,8.601,75692.2
2025-01-06 10:30:00,8.601,8.632,8.541,8.583,44392.5
2025-01-06 11:00:00,8.583,8.664,8.565,8.633,49451.9
2025-01-06 11:30:00,8.633,8.732,8.621,8.722,48706.5
2025-01-06 12:00:00,8.722,8.826,8.692,8.693,74925.6
2025-01-06 12:30:00,8.693,8.785,8.61,8.644,107557.2
2025-01-06 13:00:00,8.644,8.712,8.585,8.672,62547.8
2025-01-06 13:30:00,8.672,8.745,8.668,8.718,34541.3
2025-01-06 14:00:00,8.718,8.795,8.67,8.735,47648.3
2025-01-06 14:30:00,8.735,8.88,8.68,8.796,91200.2
2025-01-06 15:00:00,8.796,8.987,8.754,8.983,125802.8
2025-01-06 15:30:00,8.983,8.999,8.878,8.938,112696.3
2025-01-06 16:00:00,8.938,9.028,8.919,8.963,75748.4
2025-01-06 16:30:00,8.963,9.018,8.854,8.912,101055.2
2025-01-06 17:00:00,8.912,8.934,8.859,8.9,43529.6
2025-01-06 17:30:00,8.9,8.932,8.784,8.916,45112.2
2025-01-06 18:00:00,8.916,8.983,8.876,8.953,18510.9
2025-01-06 18:30:00,8.953,9.004,8.885,8.906,24386.7
2025-01-06 19:00:00,8.906,8.922,8.869,8.893,15390.6
2025-01-06 19:30:00,8.893,8.93,8.878,8.912,17567.5
2025-01-06 20:00:00,8.912,8.959,8.912,8.949,17355.5
2025-01-06 20:30:00,8.949,8.949,8.832,8.864,43847.3
2025-01-06 21:00:00,8.864,8.872,8.781,8.806,45021.6
2025-01-06 21:30:00,8.806,8.843,8.759,8.787,67304.6
2025-01-06 22:00:00,8.787,8.837,8.765,8.816,37752.2
2025-01-06 22:30:00,8.816,8.879,8.803,8.872,12655.7
2025-01-06 23:00:00,8.872,8.883,8.805,8.872,11452.0
2025-01-06 23:30:00,8.872,8.91,8.832,8.909,19787.1
2025-01-07 00:00:00,8.909,8.919,8.843,8.887,16211.5
2025-01-07 00:30:00,8.887,8.889,8.78,8.781,12858.2
2025-01-07 01:00:00,8.781,8.796,8.721,8.778,27187.8
2025-01-07 01:30:00,8.778,8.806,8.761,8.774,18504.8
2025-01-07 02:00:00,8.774,8.792,8.726,8.745,14043.3
2025-01-07 02:30:00,8.745,8.756,8.657,8.669,41999.1
2025-01-07 03:00:00,8.669,8.684,8.649,8.665,9920.4
2025-01-07 03:30:00,8.665,8.785,8.659,8.769,9017.5
2025-01-07 04:00:00,8.769,8.77,8.694,8.716,10582.7
2025-01-07 04:30:00,8.716,8.76,8.687,8.689,20875.3
2025-01-07 05:00:00,8.689,8.702,8.632,8.651,27553.8
2025-01-07 05:30:00,8.651,8.701,8.647,8.677,9580.0
2025-01-07 06:00:00,8.677,8.688,8.64,8.687,10921.5
2025-01-07 06:30:00,8.687,8.729,8.683,8.705,26120.8
2025-01-07 07:00:00,8.705,8.753,8.651,8.664,19615.2
2025-01-07 07:30:00,8.664,8.68,8.638,8.656,10942.6
2025-01-07 08:00:00,8.656,8.702,8.632,8.68,16011.0
2025-01-07 08:30:00,8.68,8.726,8.672,8.677,14508.2
2025-01-07 09:00:00,8.677,8.698,8.639,8.665,7410.4
2025-01-07 09:30:00,8.665,8.667,8.61,8.646,26937.8
2025-01-07 10:00:00,8.646,8.676,8.621,8.66,7990.0
2025-01-07 10:30:00,8.66,8.671,8.616,8.625,18780.7
2025-01-07 11:00:00,8.625,8.655,8.614,8.628,22602.1
2025-01-07 11:30:00,8.628,8.629,8.505,8.575,59927.9
2025-01-07 12:00:00,8.575,8.607,8.548,8.551,20137.9
2025-01-07 12:30:00,8.551,8.582,8.526,8.565,26040.7
2025-01-07 13:00:00,8.565,8.707,8.557,8.702,25759.6
2025-01-07 13:30:00,8.702,8.708,8.625,8.64,34657.5
2025-01-07 14:00:00,8.64,8.718,8.629,8.683,16175.9
2025-01-07 14:30:00,8.683,8.714,8.532,8.583,79139.4
2025-01-07 15:00:00,8.583,8.644,8.281,8.502,430500.3
2025-01-07 15:30:00,8.502,8.526,8.236,8.39,169425.1
2025-01-07 16:00:00,8.39,8.485,8.328,8.484,61848.3
2025-01-07 16:30:00,8.484,8.549,8.412,8.423,41741.2
2025-01-07 17:00:00,8.423,8.447,8.33,8.333,34440.9
2025-01-07 17:30:00,8.333,8.39,8.236,8.35,132554.8
2025-01-07 18:00:00,8.35,8.412,8.317,8.321,37182.8
2025-01-07 18:30:00,8.321,8.356,8.24,8.328,34468.0
2025-01-07 19:00:00,8.328,8.381,8.254,8.281,32290.3
2025-01-07 19:30:00,8.281,8.288,8.106,8.147,126168.9
2025-01-07 20:00:00,8.147,8.212,8.106,8.152,31330.7
2025-01-07 20:30:00,8.152,8.198,8.053,8.198,51416.5
2025-01-07 21:00:00,8.198,8.286,8.181,8.215,29698.6
2025-01-07 21:30:00,8.215,8.259,8.084,8.084,33710.2
2025-01-07 22:00:00,8.084,8.227,8.03,8.193,51617.3
2025-01-07 22:30:00,8.193,8.24,8.166,8.212,13425.5
2025-01-07 23:00:00,8.212,8.212,8.118,8.18,20217.9
2025-01-07 23:30:00,8.18,8.2,8.093,8.097,7540.4
2025-01-08 00:00:00,8.097,8.196,8.044,8.167,41649.0
2025-01-08 00:30:00,8.167,8.246,8.134,8.212,24537.3
2025-01-08 01:00:00,8.212,8.226,8.128,8.177,16105.6
2025-01-08 01:30:00,8.177,8.197,8.052,8.131,33469.5
2025-01-08 02:00:00,8.131,8.212,8.096,8.168,30102.0
2025-01-08 02:30:00,8.168,8.183,8.06,8.064,21069.5
2025-01-08 03:00:00,8.064,8.105,7.951,8.068,79489.9
2025-01-08 03:30:00,8.068,8.07,7.936,7.992,26714.6
2025-01-08 04:00:00,7.992,8.039,7.912,7.957,27914.5
2025-01-08 04:30:00,7.957,7.97,7.895,7.897,33810.8
2025-01-08 05:00:00,7.897,7.995,7.895,7.983,14975.1
2025-01-08 05:30:00,7.983,7.996,7.855,7.88,25178.0
2025-01-08 06:00:00,7.88,7.929,7.765,7.767,54863.0
2025-01-08 06:30:00,7.767,7.782,7.559,7.572,106995.4
2025-01-08 07:00:00,7.572,7.717,7.566,7.676,49698.4
2025-01-08 07:30:00,7.676,7.873,7.661,7.841,39823.9
2025-01-08 08:00:00,7.841,8.035,7.805,7.985,91399.8
2025-01-08 08:30:00,7.985,8.035,7.947,7.95,33274.8
2025-01-08 09:00:00,7.95,7.968,7.9,7.907,25174.9
2025-01-08 09:30:00,7.907,7.919,7.823,7.823,35750.0
2025-01-08 10:00:00,7.823,7.938,7.811,7.936,33590.0
2025-01-08 10:30:00,7.936,7.94,7.852,7.869,39320.0
2025-01-08 11:00:00,7.869,7.879,7.775,7.785,74864.5
2025-01-08 11:30:00,7.785,7.797,7.687,7.73,60470.0
2025-01-08 12:00:00,7.73,7.802,7.68,7.754,36808.8
2025-01-08 12:30:00,7.754,7.76,7.641,7.648,25546.0
2025-01-08 13:00:00,7.648,7.807,7.648,7.775,36274.4
2025-01-08 13:30:00,7.775,7.775,7.706,7.714,20425.3
2025-01-08 14:00:00,7.714,7.765,7.686,7.737,16776.9
2025-01-08 14:30:00,7.737,7.774,7.63,7.666,50092.4
2025-01-08 15:00:00,7.666,7.775,7.605,7.611,33280.5
2025-01-08 15:30:00,7.611,7.659,7.565,7.625,30787.4
2025-01-08 16:00:00,7.625,7.627,7.549,7.574,22762.4
2025-01-08 16:30:00,7.574,7.608,7.46,7.484,49092.0
2025-01-08 17:00:00,7.484,7.514,7.15,7.161,225003.6
2025-01-08 17:30:00,7.161,7.447,7.111,7.447,133006.7
2025-01-08 18:00:00,7.447,7.639,7.415,7.632,95439.3
2025-01-08 18:30:00,7.632,7.633,7.355,7.442,84685.5
2025-01-08 19:00:00,7.442,7.549,7.409,7.496,81850.5
2025-01-08 19:30:00,7.496,7.497,7.415,7.422,19748.5
2025-01-08 20:00:00,7.422,7.454,7.355,7.386,59638.6
2025-01-08 20:30:00,7.386,7.447,7.378,7.41,27206.6
2025-01-08 21:00:00,7.41,7.429,7.318,7.363,41535.5
2025-01-08 21:30:00,7.363,7.442,7.333,7.392,66533.3
2025-01-08 22:00:00,7.392,7.558,7.389,7.504,52146.2
2025-01-08 22:30:00,7.504,7.63,7.5,7.614,47202.4
2025-01-08 23:00:00,7.614,7.615,7.541,7.595,25717.6
2025-01-08 23:30:00,7.595,7.617,7.549,7.564,16796.1
2025-01-09 00:00:00,7.564,7.564,7.494,7.504,34262.8
2025-01-09 00:30:00,7.504,7.577,7.485,7.567,9724.3
2025-01-09 01:00:00,7.567,7.638,7.532,7.605,25050.7
2025-01-09 01:30:00,7.605,7.605,7.494,7.499,13603.8
2025-01-09 02:00:00,7.499,7.54,7.344,7.473,85655.0
2025-01-09 02:30:00,7.473,7.506,7.419,7.501,16423.0
2025-01-09 03:00:00,7.501,7.513,7.4,7.41,16439.7
2025-01-09 03:30:00,7.41,7.42,7.357,7.384,10724.6
2025-01-09 04:00:00,7.384,7.417,7.338,7.375,14863.6
2025-01-09 04:30:00,7.375,7.449,7.347,7.442,17578.9
2025-01-09 05:00:00,7.442,7.463,7.418,7.44,12429.6
2025-01-09 05:30:00,7.44,7.441,7.382,7.399,26551.8
2025-01-09 06:00:00,7.399,7.418,7.349,7.38,24489.4
2025-01-09 06:30:00,7.38,7.402,7.326,7.329,13405.4
2025-01-09 07:00:00,7.329,7.373,7.228,7.228,50130.1
2025-01-09 07:30:00,7.228,7.248,7.156,7.186,13781.6
2025-01-09 08:00:00,7.186,7.225,7.158,7.188,60249.8
2025-01-09 08:30:00,7.188,7.318,7.165,7.241,55850.5
2025-01-09 09:00:00,7.241,7.359,7.235,7.337,13344.0
2025-01-09 09:30:00,7.337,7.349,7.261,7.276,23750.5
2025-01-09 10:00:00,7.276,7.299,7.167,7.174,34802.5
2025-01-09 10:30:00,7.174,7.255,7.131,7.233,45474.9
2025-01-09 11:00:00,7.233,7.328,7.195,7.274,37538.3
2025-01-09 11:30:00,7.274,7.276,7.197,7.225,16197.6
2025-01-09 12:00:00,7.225,7.263,7.178,7.236,39117.5
2025-01-09 12:30:00,7.236,7.257,7.15,7.184,15775.2
2025-01-09 13:00:00,7.184,7.225,7.123,7.158,24228.8
2025-01-09 13:30:00,7.158,7.158,6.943,6.945,110664.2
2025-01-09 14:00:00,6.945,7.103,6.896,7.043,101201.3
2025-01-09 14:30:00,7.043,7.086,6.965,7.083,61780.2
2025-01-09 15:00:00,7.083,7.222,7.045,7.221,42344.6
2025-01-09 15:30:00,7.221,7.388,7.202,7.326,83409.5
2025-01-09 16:00:00,7.326,7.416,7.235,7.277,100376.6
2025-01-09 16:30:00,7.277,7.375,7.229,7.338,35847.1
2025-01-09 17:00:00,7.338,7.343,7.23,7.267,65327.6
2025-01-09 17:30:00,7.267,7.267,7.062,7.119,151716.2
2025-01-09 18:00:00,7.119,7.181,7.093,7.127,40910.4
2025-01-09 18:30:00,7.127,7.195,7.1,7.122,23786.7
2025-01-09 19:00:00,7.122,7.15,7.049,7.07,30213.1
2025-01-09 19:30:00,7.07,7.114,6.99,7.007,45828.3
2025-01-09 20:00:00,7.007,7.052,6.894,6.957,50085.6
2025-01-09 20:30:00,6.957,7.066,6.922,7.034,37212.8
2025-01-09 21:00:00,7.034,7.089,7.012,7.056,65424.2
2025-01-09 21:30:00,7.056,7.056,6.984,7.015,69452.6
2025-01-09 22:00:00,7.015,7.038,6.966,7.029,24533.6
2025-01-09 22:30:00,7.029,7.11,7.029,7.047,25470.7
2025-01-09 23:00:00,7.047,7.059,7.007,7.014,22842.6
2025-01-09 23:30:00,7.014,7.053,7.005,7.025,27220.1
2025-01-10 00:00:00,7.025,7.137,7.025,7.09,23569.0
2025-01-10 00:30:00,7.09,7.135,7.03,7.076,23367.4
2025-01-10 01:00:00,7.076,7.102,7.039,7.059,8989.8
2025-01-10 01:30:00,7.059,7.177,7.041,7.166,9428.1
2025-01-10 02:00:00,7.166,7.279,7.166,7.274,27135.3
2025-01-10 02:30:00,7.274,7.288,7.224,7.237,26675.3
2025-01-10 03:00:00,7.237,7.254,7.181,7.203,28712.1
2025-01-10 03:30:00,7.203,7.263,7.2,7.254,25748.6
2025-01-10 04:00:00,7.254,7.334,7.254,7.288,37592.6
2025-01-10 04:30:00,7.288,7.312,7.249,7.257,11228.4
2025-01-10 05:00:00,7.257,7.342,7.257,7.338,23088.2
2025-01-10 05:30:00,7.338,7.733,7.332,7.349,167907.5
2025-01-10 06:00:00,7.349,7.411,7.313,7.356,56018.7
2025-01-10 06:30:00,7.356,7.492,7.338,7.481,51958.0
2025-01-10 07:00:00,7.481,7.563,7.456,7.52,48100.3
2025-01-10 07:30:00,7.52,7.618,7.474,7.583,55908.5
2025-01-10 08:00:00,7.583,7.609,7.517,7.558,80509.1
2025-01-10 08:30:00,7.558,7.558,7.472,7.521,30677.7
2025-01-10 09:00:00,7.521,7.58,7.47,7.58,24460.8
2025-01-10 09:30:00,7.58,7.607,7.548,7.553,30157.4
2025-01-10 10:00:00,7.553,7.647,7.546,7.586,22717.1
2025-01-10 10:30:00,7.586,7.621,7.546,7.611,31391.0
2025-01-10 11:00:00,7.611,7.624,7.489,7.492,30724.7
2025-01-10 11:30:00,7.492,7.528,7.442,7.495,49346.6
2025-01-10 12:00:00,7.495,7.52,7.378,7.384,42789.3
2025-01-10 12:30:00,7.384,7.446,7.367,7.428,16257.5
2025-01-10 13:00:00,7.428,7.448,7.375,7.384,69244.7
2025-01-10 13:30:00,7.384,7.384,7.096,7.231,271396.0
2025-01-10 14:00:00,7.231,7.417,7.202,7.321,67458.8
2025-01-10 14:30:00,7.321,7.329,7.209,7.25,78784.1
2025-01-10 15:00:00,7.25,7.25,7.105,7.196,53554.6
2025-01-10 15:30:00,7.196,7.343,7.181,7.275,63184.6
2025-01-10 16:00:00,7.275,7.301,7.197,7.213,15268.7
2025-01-10 16:30:00,7.213,7.244,7.171,7.192,13314.9
2025-01-10 17:00:00,7.192,7.301,7.159,7.294,53941.4
2025-01-10 17:30:00,7.294,7.504,7.243,7.484,91753.3
2025-01-10 18:00:00,7.484,7.49,7.362,7.368,72243.7
2025-01-10 18:30:00,7.368,7.402,7.332,7.377,15127.3
2025-01-10 19:00:00,7.377,7.41,7.317,7.394,25717.9
2025-01-10 19:30:00,7.394,7.416,7.357,7.39,22077.1
2025-01-10 20:00:00,7.39,7.402,7.312,7.334,25237.1
2025-01-10 20:30:00,7.334,7.347,7.274,7.321,22591.1
2025-01-10 21:00:00,7.321,7.337,7.301,7.334,9727.8
2025-01-10 21:30:00,7.334,7.347,7.304,7.305,14894.7
2025-01-10 22:00:00,7.305,7.34,7.279,7.34,13572.3
2025-01-10 22:30:00,7.34,7.357,7.31,7.345,11723.2
2025-01-10 23:00:00,7.345,7.35,7.298,7.332,9202.3
2025-01-10 23:30:00,7.332,7.34,7.278,7.288,11723.5
2025-01-11 00:00:00,7.288,7.312,7.194,7.222,24235.6
2025-01-11 00:30:00,7.222,7.256,7.205,7.246,7093.8
2025-01-11 01:00:00,7.246,7.281,7.187,7.192,10976.5
2025-01-11 01:30:00,7.192,7.201,7.14,7.168,15121.2
2025-01-11 02:00:00,7.168,7.204,7.132,7.154,17628.3
2025-01-11 02:30:00,7.154,7.207,7.14,7.187,11764.9
2025-01-11 03:00:00,7.187,7.189,7.11,7.115,11086.4
2025-01-11 03:30:00,7.115,7.145,7.109,7.12,4571.4
2025-01-11 04:00:00,7.12,7.155,7.084,7.09,12963.2
2025-01-11 04:30:00,7.09,7.131,7.063,7.128,46666.8
2025-01-11 05:00:00,7.128,7.159,7.104,7.132,17040.5
2025-01-11 05:30:00,7.132,7.178,7.116,7.175,19320.3
2025-01-11 06:00:00,7.175,7.206,7.162,7.188,12202.6
2025-01-11 06:30:00,7.188,7.19,7.131,7.131,18166.8
2025-01-11 07:00:00,7.131,7.154,7.104,7.107,9837.7
2025-01-11 07:30:00,7.107,7.134,7.094,7.134,6105.9
2025-01-11 08:00:00,7.134,7.173,7.131,7.157,19395.8
2025-01-11 08:30:00,7.157,7.157,7.073,7.093,10924.2
2025-01-11 09:00:00,7.093,7.16,7.092,7.144,17960.0
2025-01-11 09:30:00,7.144,7.166,7.132,7.161,8089.0
2025-01-11 10:00:00,7.161,7.201,7.154,7.178,13527.3
2025-01-11 10:30:00,7.178,7.206,7.149,7.206,8950.7
2025-01-11 11:00:00,7.206,7.239,7.183,7.215,14631.8
2025-01-11 11:30:00,7.215,7.271,7.203,7.239,19508.8
2025-01-11 12:00:00,7.239,7.26,7.217,7.23,18648.4
2025-01-11 12:30:00,7.23,7.23,7.188,7.193,14833.7
2025-01-11 13:00:00,7.193,7.208,7.138,7.15,17443.8
2025-01-11 13:30:00,7.15,7.157,7.118,7.139,8753.1
2025-01-11 14:00:00,7.139,7.154,7.096,7.125,11715.1
2025-01-11 14:30:00,7.125,7.191,7.125,7.186,19398.4
2025-01-11 15:00:00,7.186,7.186,7.126,7.159,10489.1
2025-01-11 15:30:00,7.159,7.169,7.111,7.123,20776.4
2025-01-11 16:00:00,7.123,7.155,7.1,7.141,17530.6
2025-01-11 16:30:00,7.141,7.186,7.131,7.172,13252.9
2025-01-11 17:00:00,7.172,7.179,7.124,7.149,8621.7
2025-01-11 17:30:00,7.149,7.161,7.12,7.139,7103.2
2025-01-11 18:00:00,7.139,7.234,7.133,7.206,16473.2
2025-01-11 18:30:00,7.206,7.209,7.16,7.184,12232.1
2025-01-11 19:00:00,7.184,7.21,7.158,7.204,9623.2
2025-01-11 19:30:00,7.204,7.206,7.153,7.189,9018.8
2025-01-11 20:00:00,7.189,7.259,7.175,7.255,11214.5
2025-01-11 20:30:00,7.255,7.412,7.249,7.389,34393.0
2025-01-11 21:00:00,7.389,7.491,7.385,7.447,31008.1
2025-01-11 21:30:00,7.447,7.527,7.395,7.499,80501.4
2025-01-11 22:00:00,7.499,7.536,7.415,7.426,56988.7
2025-01-11 22:30:00,7.426,7.445,7.371,7.378,27945.7
2025-01-11 23:00:00,7.378,7.41,7.345,7.402,18699.8
2025-01-11 23:30:00,7.402,7.403,7.336,7.353,23594.8
2025-01-12 00:00:00,7.353,7.367,7.29,7.308,17450.4
2025-01-12 00:30:00,7.308,7.347,7.3,7.321,7234.5
2025-01-12 01:00:00,7.321,7.33,7.275,7.281,21487.5
2025-01-12 01:30:00,7.281,7.376,7.281,7.367,26303.0
2025-01-12 02:00:00,7.367,7.376,7.306,7.322,24862.9
2025-01-12 02:30:00,7.322,7.361,7.308,7.34,19970.5
2025-01-12 03:00:00,7.34,7.361,7.263,7.266,12248.7
2025-01-12 03:30:00,7.266,7.312,7.252,7.312,5498.8
2025-01-12 04:00:00,7.312,7.323,7.276,7.313,5952.5
2025-01-12 04:30:00,7.313,7.325,7.281,7.302,6647.2
2025-01-12 05:00:00,7.302,7.322,7.274,7.293,8922.0
2025-01-12 05:30:00,7.293,7.295,7.267,7.288,5249.8
2025-01-12 06:00:00,7.288,7.308,7.255,7.27,18079.1
2025-01-12 06:30:00,7.27,7.279,7.219,7.221,12745.6
2025-01-12 07:00:00,7.221,7.253,7.205,7.247,12564.9
2025-01-12 07:30:00,7.247,7.271,7.239,7.261,8267.7
2025-01-12 08:00:00,7.261,7.293,7.233,7.24,14637.7
2025-01-12 08:30:00,7.24,7.243,7.188,7.201,9110.6
2025-01-12 09:00:00,7.201,7.23,7.191,7.191,15768.1
2025-01-12 09:30:00,7.191,7.196,7.145,7.171,24509.2
2025-01-12 10:00:00,7.171,7.195,7.14,7.149,9055.8
2025-01-12 10:30:00,7.149,7.181,7.124,7.165,9129.9
2025-01-12 11:00:00,7.165,7.192,7.153,7.184,6071.2
2025-01-12 11:30:00,7.184,7.211,7.163,7.19,11073.7
2025-01-12 12:00:00,7.19,7.249,7.152,7.215,15031.7
2025-01-12 12:30:00,7.215,7.236,7.187,7.19,11918.0
2025-01-12 13:00:00,7.19,7.245,7.17,7.242,12024.1
2025-01-12 13:30:00,7.242,7.278,7.208,7.267,20906.6
2025-01-12 14:00:00,7.267,7.311,7.254,7.264,19610.1
2025-01-12 14:30:00,7.264,7.282,7.227,7.243,6403.7
2025-01-12 15:00:00,7.243,7.348,7.221,7.321,7601.7
2025-01-12 15:30:00,7.321,7.333,7.262,7.301,8732.4
2025-01-12 16:00:00,7.301,7.329,7.247,7.257,6632.4
2025-01-12 16:30:00,7.257,7.308,7.257,7.288,11115.2
2025-01-12 17:00:00,7.288,7.318,7.269,7.274,8473.5
2025-01-12 17:30:00,7.274,7.304,7.245,7.285,6073.0
2025-01-12 18:00:00,7.285,7.324,7.279,7.282,4576.7
2025-01-12 18:30:00,7.282,7.282,7.227,7.243,5122.4
2025-01-12 19:00:00,7.243,7.261,7.208,7.211,10196.7
2025-01-12 19:30:00,7.211,7.224,7.18,7.192,17316.2
2025-01-12 20:00:00,7.192,7.229,7.19,7.197,6095.2
2025-01-12 20:30:00,7.197,7.197,7.151,7.175,19283.7
2025-01-12 21:00:00,7.175,7.192,7.112,7.147,23775.4
2025-01-12 21:30:00,7.147,7.16,7.096,7.103,16426.1
2025-01-12 22:00:00,7.103,7.105,7.009,7.009,56309.9
2025-01-12 22:30:00,7.009,7.082,7.009,7.05,58955.4
2025-01-12 23:00:00,7.05,7.086,7.048,7.078,6988.7
2025-01-12 23:30:00,7.078,7.121,7.078,7.114,11751.9
2025-01-13 00:00:00,7.114,7.25,7.087,7.217,31075.2
2025-01-13 00:30:00,7.217,7.312,7.213,7.22,19089.9
2025-01-13 01:00:00,7.22,7.234,7.117,7.157,40564.0
2025-01-13 01:30:00,7.157,7.184,7.06,7.074,14131.4
2025-01-13 02:00:00,7.074,7.102,6.998,7.03,34605.1
2025-01-13 02:30:00,7.03,7.03,6.908,6.975,38188.6
2025-01-13 03:00:00,6.975,7.026,6.948,6.977,17151.8
2025-01-13 03:30:00,6.977,6.99,6.874,6.93,35701.1
2025-01-13 04:00:00,6.93,7.033,6.907,7.023,11481.9
2025-01-13 04:30:00,7.023,7.038,6.97,6.981,9223.2
2025-01-13 05:00:00,6.981,6.988,6.919,6.935,14177.8
2025-01-13 05:30:00,6.935,6.939,6.872,6.876,21729.9
2025-01-13 06:00:00,6.876,6.907,6.833,6.848,63878.2
2025-01-13 06:30:00,6.848,6.862,6.75,6.792,67730.6
2025-01-13 07:00:00,6.792,6.848,6.761,6.843,25462.6
2025-01-13 07:30:00,6.843,6.87,6.81,6.825,21539.8
2025-01-13 08:00:00,6.825,6.83,6.704,6.745,50653.9
2025-01-13 08:30:00,6.745,6.773,6.725,6.743,25672.6
2025-01-13 09:00:00,6.743,6.762,6.662,6.671,28637.7
2025-01-13 09:30:00,6.671,6.72,6.635,6.677,46296.7
2025-01-13 10:00:00,6.677,6.681,6.568,6.571,57399.0
2025-01-13 10:30:00,6.571,6.607,6.549,6.581,39889.8
2025-01-13 11:00:00,6.581,6.581,6.506,6.508,60852.0
2025-01-13 11:30:00,6.508,6.518,6.412,6.417,54148.7
2025-01-13 12:00:00,6.417,6.553,6.389,6.513,124732.2
2025-01-13 12:30:00,6.513,6.542,6.469,6.509,34333.5
2025-01-13 13:00:00,6.509,6.67,6.471,6.601,56623.0
2025-01-13 13:30:00,6.601,6.615,6.525,6.56,43937.4
2025-01-13 14:00:00,6.56,6.569,6.508,6.543,14249.1
2025-01-13 14:30:00,6.543,6.751,6.368,6.684,292308.6
2025-01-13 15:00:00,6.684,6.875,6.658,6.772,94229.3
2025-01-13 15:30:00,6.772,6.852,6.728,6.784,64175.5
2025-01-13 16:00:00,6.784,6.863,6.742,6.755,39090.5
2025-01-13 16:30:00,6.755,6.802,6.668,6.671,36306.0
2025-01-13 17:00:00,6.671,6.739,6.651,6.726,14751.7
2025-01-13 17:30:00,6.726,6.745,6.615,6.642,79991.0
2025-01-13 18:00:00,6.642,6.702,6.541,6.547,33883.8
2025-01-13 18:30:00,6.547,6.694,6.547,6.662,50880.2
2025-01-13 19:00:00,6.662,6.726,6.616,6.671,45535.5
2025-01-13 19:30:00,6.671,6.748,6.645,6.683,27145.0
2025-01-13 20:00:00,6.683,6.7,6.635,6.68,16811.2
2025-01-13 20:30:00,6.68,6.903,6.677,6.855,57961.7
2025-01-13 21:00:00,6.855,6.882,6.793,6.836,49626.3
2025-01-13 21:30:00,6.836,6.917,6.808,6.914,23019.8
2025-01-13 22:00:00,6.914,7.01,6.914,6.989,65564.0
2025-01-13 22:30:00,6.989,6.991,6.92,6.956,50548.8
2025-01-13 23:00:00,6.956,6.969,6.926,6.942,16171.4
2025-01-13 23:30:00,6.942,6.97,6.942,6.959,4443.2
2025-01-14 00:00:00,6.959,6.986,6.92,6.937,11959.5
2025-01-14 00:30:00,6.937,6.938,6.868,6.894,24369.3
2025-01-14 01:00:00,6.894,7.012,6.893,6.957,36770.8
2025-01-14 01:30:00,6.957,6.965,6.895,6.907,6459.9
2025-01-14 02:00:00,6.907,7.044,6.895,7.012,16724.3
2025-01-14 02:30:00,7.012,7.016,6.975,7.0,18489.6
2025-01-14 03:00:00,7.0,7.065,7.0,7.059,52992.2
2025-01-14 03:30:00,7.059,7.067,6.979,6.982,75970.7
2025-01-14 04:00:00,6.982,7.031,6.982,7.004,12321.9
2025-01-14 04:30:00,7.004,7.049,6.984,7.04,5731.1
2025-01-14 05:00:00,7.04,7.083,7.015,7.04,11019.9
2025-01-14 05:30:00,7.04,7.04,6.958,6.977,27157.4
2025-01-14 06:00:00,6.977,7.022,6.962,7.008,9909.8
2025-01-14 06:30:00,7.008,7.037,6.984,7.003,27726.5
2025-01-14 07:00:00,7.003,7.032,6.99,7.002,9282.3
2025-01-14 07:30:00,7.002,7.029,6.945,6.949,15215.0
2025-01-14 08:00:00,6.949,7.071,6.949,7.027,43844.8
2025-01-14 08:30:00,7.027,7.091,7.021,7.064,36284.0
2025-01-14 09:00:00,7.064,7.195,7.04,7.168,40095.9
2025-01-14 09:30:00,7.168,7.279,7.152,7.234,72375.2
2025-01-14 10:00:00,7.234,7.237,7.159,7.191,29030.2
2025-01-14 10:30:00,7.191,7.192,7.146,7.187,26218.7
2025-01-14 11:00:00,7.187,7.19,7.122,7.155,18426.3
2025-01-14 11:30:00,7.155,7.195,7.124,7.165,38586.9
2025-01-14 12:00:00,7.165,7.195,7.065,7.09,54443.3
2025-01-14 12:30:00,7.09,7.155,7.084,7.103,33790.7
2025-01-14 13:00:00,7.103,7.127,7.022,7.027,26013.2
2025-01-14 13:30:00,7.027,7.186,7.027,7.131,81977.8
2025-01-14 14:00:00,7.131,7.19,7.085,7.182,21253.4
2025-01-14 14:30:00,7.182,7.244,7.106,7.12,58432.4
2025-01-14 15:00:00,7.12,7.203,7.108,7.145,31042.7
2025-01-14 15:30:00,7.145,7.148,7.067,7.067,21807.2
2025-01-14 16:00:00,7.067,7.075,6.98,6.98,70634.4
2025-01-14 16:30:00,6.98,7.002,6.915,6.975,32986.2
2025-01-14 17:00:00,6.975,7.058,6.954,7.045,22474.7
2025-01-14 17:30:00,7.045,7.052,6.983,7.021,10231.8
2025-01-14 18:00:00,7.021,7.043,6.994,7.024,10610.1
2025-01-14 18:30:00,7.024,7.059,7.011,7.037,19449.9
2025-01-14 19:00:00,7.037,7.041,7.003,7.02,14401.0
2025-01-14 19:30:00,7.02,7.059,7.005,7.017,24297.5
2025-01-14 20:00:00,7.017,7.028,6.943,7.009,19638.9
2025-01-14 20:30:00,7.009,7.01,6.963,7.0,8002.9
2025-01-14 21:00:00,7.0,7.058,6.996,7.047,15036.8
2025-01-14 21:30:00,7.047,7.047,7.002,7.019,10688.1
2025-01-14 22:00:00,7.019,7.081,7.018,7.078,12797.9
2025-01-14 22:30:00,7.078,7.116,7.072,7.106,13332.2
2025-01-14 23:00:00,7.106,7.112,7.032,7.039,64267.3
2025-01-14 23:30:00,7.039,7.047,7.005,7.021,60777.7
2025-01-15 00:00:00,7.021,7.052,6.974,7.024,65597.9
2025-01-15 00:30:00,7.024,7.047,6.954,6.959,47739.9
2025-01-15 01:00:00,6.959,6.988,6.921,6.971,23283.3
2025-01-15 01:30:00,6.971,7.013,6.935,6.952,51274.9
2025-01-15 02:00:00,6.952,6.99,6.892,6.899,28474.1
2025-01-15 02:30:00,6.899,6.944,6.873,6.877,17664.5
2025-01-15 03:00:00,6.877,6.923,6.855,6.885,16152.7
2025-01-15 03:30:00,6.885,6.946,6.883,6.944,25466.4
2025-01-15 04:00:00,6.944,6.988,6.903,6.93,8767.3
2025-01-15 04:30:00,6.93,6.961,6.913,6.956,8917.5
2025-01-15 05:00:00,6.956,6.962,6.903,6.93,9916.3
2025-01-15 05:30:00,6.93,6.964,6.919,6.956,15122.4
2025-01-15 06:00:00,6.956,6.972,6.903,6.906,10650.1
2025-01-15 06:30:00,6.906,6.974,6.892,6.954,18808.4
2025-01-15 07:00:00,6.954,7.069,6.95,7.069,54711.7
2025-01-15 07:30:00,7.069,7.07,6.986,7.006,10267.5
2025-01-15 08:00:00,7.006,7.037,6.985,7.026,8186.7
2025-01-15 08:30:00,7.026,7.03,6.94,6.944,34131.3
2025-01-15 09:00:00,6.944,6.96,6.9,6.9,19841.1
2025-01-15 09:30:00,6.9,6.927,6.813,6.838,33054.5
2025-01-15 10:00:00,6.838,6.899,6.838,6.891,24444.9
2025-01-15 10:30:00,6.891,6.897,6.821,6.836,32762.3
2025-01-15 11:00:00,6.836,6.844,6.761,6.782,47336.9
2025-01-15 11:30:00,6.782,6.815,6.758,6.809,22660.7
2025-01-15 12:00:00,6.809,6.832,6.756,6.78,26534.3
2025-01-15 12:30:00,6.78,6.854,6.778,6.812,18617.1
2025-01-15 13:00:00,6.812,6.914,6.811,6.897,21094.9
2025-01-15 13:30:00,6.897,7.278,6.897,7.274,320963.7
2025-01-15 14:00:00,7.274,7.365,7.176,7.204,115009.0
2025-01-15 14:30:00,7.204,7.293,7.186,7.277,65748.9
2025-01-15 15:00:00,7.277,7.348,7.249,7.347,86314.5
2025-01-15 15:30:00,7.347,7.386,7.29,7.305,67887.4
2025-01-15 16:00:00,7.305,7.46,7.305,7.457,105367.8
2025-01-15 16:30:00,7.457,7.458,7.336,7.336,41274.1
2025-01-15 17:00:00,7.336,7.379,7.319,7.336,21030.7
2025-01-15 17:30:00,7.336,7.373,7.267,7.283,20860.2
2025-01-15 18:00:00,7.283,7.374,7.283,7.366,10063.2
2025-01-15 18:30:00,7.366,7.448,7.358,7.443,13957.9
2025-01-15 19:00:00,7.443,7.481,7.415,7.468,30254.2
2025-01-15 19:30:00,7.468,7.536,7.45,7.522,36235.6
2025-01-15 20:00:00,7.522,7.638,7.512,7.561,52976.7
2025-01-15 20:30:00,7.561,7.577,7.465,7.468,58487.7
2025-01-15 21:00:00,7.468,7.557,7.468,7.54,24096.6
2025-01-15 21:30:00,7.54,7.548,7.485,7.488,26803.5
2025-01-15 22:00:00,7.488,7.512,7.466,7.497,24043.9
2025-01-15 22:30:00,7.497,7.623,7.497,7.622,61054.0
2025-01-15 23:00:00,7.622,7.628,7.563,7.612,20138.8
2025-01-15 23:30:00,7.612,7.687,7.579,7.668,27772.9
2025-01-16 00:00:00,7.668,7.723,7.554,7.591,86738.6
2025-01-16 00:30:00,7.591,7.601,7.476,7.506,44724.2
2025-01-16 01:00:00,7.506,7.582,7.494,7.537,42890.9
2025-01-16 01:30:00,7.537,7.552,7.51,7.54,5765.3
2025-01-16 02:00:00,7.54,7.545,7.481,7.501,27963.2
2025-01-16 02:30:00,7.501,7.515,7.466,7.49,9340.0
2025-01-16 03:00:00,7.49,7.515,7.434,7.437,31700.6
2025-01-16 03:30:00,7.437,7.459,7.398,7.434,39212.3
2025-01-16 04:00:00,7.434,7.47,7.433,7.445,4209.9
2025-01-16 04:30:00,7.445,7.472,7.441,7.472,4784.9
2025-01-16 05:00:00,7.472,7.475,7.426,7.456,9485.7
2025-01-16 05:30:00,7.456,7.488,7.448,7.448,12102.0
2025-01-16 06:00:00,7.448,7.477,7.431,7.473,6979.2
2025-01-16 06:30:00,7.473,7.488,7.45,7.484,17722.8
2025-01-16 07:00:00,7.484,7.509,7.465,7.479,22363.0
2025-01-16 07:30:00,7.479,7.486,7.45,7.468,10193.6
2025-01-16 08:00:00,7.468,7.484,7.384,7.407,21348.1
2025-01-16 08:30:00,7.407,7.419,7.27,7.319,55692.3
2025-01-16 09:00:00,7.319,7.348,7.287,7.324,27852.8
2025-01-16 09:30:00,7.324,7.38,7.299,7.374,22812.6
2025-01-16 10:00:00,7.374,7.377,7.321,7.351,21105.5
2025-01-16 10:30:00,7.351,7.365,7.327,7.36,22754.9
2025-01-16 11:00:00,7.36,7.443,7.317,7.386,39740.2
2025-01-16 11:30:00,7.386,7.507,7.366,7.5,44930.5
2025-01-16 12:00:00,7.5,7.621,7.472,7.549,73393.5
2025-01-16 12:30:00,7.549,7.646,7.548,7.604,78977.6
2025-01-16 13:00:00,7.604,7.606,7.433,7.456,68029.6
2025-01-16 13:30:00,7.456,7.563,7.453,7.473,42865.0
2025-01-16 14:00:00,7.473,7.527,7.435,7.505,16921.7
2025-01-16 14:30:00,7.505,7.505,7.274,7.305,101060.8
2025-01-16 15:00:00,7.305,7.418,7.279,7.403,49017.4
2025-01-16 15:30:00,7.403,7.441,7.334,7.441,41930.0
2025-01-16 16:00:00,7.441,7.553,7.429,7.523,74032.7
2025-01-16 16:30:00,7.523,7.546,7.472,7.518,105880.8
2025-01-16 17:00:00,7.518,7.579,7.478,7.572,14349.6
2025-01-16 17:30:00,7.572,7.624,7.531,7.548,30850.5
2025-01-16 18:00:00,7.548,7.603,7.49,7.493,31365.0
2025-01-16 18:30:00,7.493,7.507,7.464,7.487,48259.5
2025-01-16 19:00:00,7.487,7.553,7.471,7.547,12106.1
2025-01-16 19:30:00,7.547,7.628,7.527,7.616,22971.9
2025-01-16 20:00:00,7.616,7.643,7.57,7.6,35099.1
2025-01-16 20:30:00,7.6,7.644,7.583,7.616,23692.1
2025-01-16 21:00:00,7.616,7.63,7.508,7.553,38068.3
2025-01-16 21:30:00,7.553,7.619,7.539,7.57,19722.0
2025-01-16 22:00:00,7.57,7.574,7.465,7.477,31189.2
2025-01-16 22:30:00,7.477,7.477,7.414,7.436,28923.2
2025-01-16 23:00:00,7.436,7.49,7.416,7.43,28785.5
2025-01-16 23:30:00,7.43,7.506,7.429,7.487,18534.8
2025-01-17 00:00:00,7.487,7.508,7.443,7.465,101558.7
2025-01-17 00:30:00,7.465,7.509,7.452,7.504,8962.5
2025-01-17 01:00:00,7.504,7.539,7.486,7.539,13931.0
2025-01-17 01:30:00,7.539,7.673,7.531,7.652,48604.6
2025-01-17 02:00:00,7.652,7.675,7.629,7.653,62216.0
2025-01-17 02:30:00,7.653,7.658,7.543,7.562,56173.3
2025-01-17 03:00:00,7.562,7.59,7.537,7.566,56023.2
2025-01-17 03:30:00,7.566,7.58,7.532,7.553,25829.9
2025-01-17 04:00:00,7.553,7.568,7.529,7.562,12228.4
2025-01-17 04:30:00,7.562,7.651,7.541,7.644,19817.5
2025-01-17 05:00:00,7.644,7.648,7.612,7.636,13537.8
2025-01-17 05:30:00,7.636,7.673,7.617,7.647,19772.4
2025-01-17 06:00:00,7.647,7.712,7.643,7.695,25505.7
2025-01-17 06:30:00,7.695,7.695,7.658,7.675,23708.9
2025-01-17 07:00:00,7.675,7.703,7.663,7.691,29480.7
2025-01-17 07:30:00,7.691,7.781,7.691,7.748,30439.3
2025-01-17 08:00:00,7.748,7.824,7.748,7.823,29967.4
2025-01-17 08:30:00,7.823,7.877,7.749,7.824,56983.0
2025-01-17 09:00:00,7.824,7.926,7.809,7.857,91977.0
2025-01-17 09:30:00,7.857,7.883,7.83,7.859,10366.5
2025-01-17 10:00:00,7.859,7.924,7.832,7.887,22136.8
2025-01-17 10:30:00,7.887,7.968,7.879,7.967,23627.5
2025-01-17 11:00:00,7.967,7.996,7.919,7.99,24722.2
2025-01-17 11:30:00,7.99,8.02,7.948,7.95,28116.4
2025-01-17 12:00:00,7.95,7.994,7.913,7.914,46494.2
2025-01-17 12:30:00,7.914,7.919,7.842,7.869,62730.8
2025-01-17 13:00:00,7.869,7.978,7.869,7.94,28745.8
2025-01-17 13:30:00,7.94,7.958,7.858,7.87,26655.4
2025-01-17 14:00:00,7.87,7.937,7.868,7.929,17245.2
2025-01-17 14:30:00,7.929,7.938,7.801,7.873,58421.6
2025-01-17 15:00:00,7.873,7.975,7.836,7.887,128709.3
2025-01-17 15:30:00,7.887,7.925,7.842,7.883,15801.4
2025-01-17 16:00:00,7.883,8.024,7.879,8.018,22319.4
2025-01-17 16:30:00,8.018,8.022,7.956,7.978,95623.0
2025-01-17 17:00:00,7.978,7.997,7.912,7.945,31694.5
2025-01-17 17:30:00,7.945,7.946,7.812,7.833,36924.0
2025-01-17 18:00:00,7.833,7.911,7.817,7.894,26209.9
2025-01-17 18:30:00,7.894,7.919,7.852,7.857,7909.7
2025-01-17 19:00:00,7.857,7.951,7.857,7.912,13766.5
2025-01-17 19:30:00,7.912,7.914,7.862,7.879,23712.4
2025-01-17 20:00:00,7.879,7.982,7.863,7.976,22182.2
2025-01-17 20:30:00,7.976,8.05,7.968,8.028,34252.3
2025-01-17 21:00:00,8.028,8.044,7.957,7.981,18012.4
2025-01-17 21:30:00,7.981,7.981,7.911,7.949,25155.6
2025-01-17 22:00:00,7.949,8.006,7.94,8.0,11542.2
2025-01-17 22:30:00,8.0,8.003,7.948,7.979,11282.0
2025-01-17 23:00:00,7.979,8.002,7.947,7.979,18116.1
2025-01-17 23:30:00,7.979,8.008,7.96,7.961,6756.1
2025-01-18 00:00:00,7.961,8.214,7.961,8.081,63147.6
2025-01-18 00:30:00,8.081,8.111,8.044,8.067,12157.4
2025-01-18 01:00:00,8.067,8.068,7.95,7.95,22413.4
2025-01-18 01:30:00,7.95,7.956,7.894,7.912,41094.5
2025-01-18 02:00:00,7.912,7.935,7.882,7.896,15036.1
2025-01-18 02:30:00,7.896,7.906,7.849,7.89,27472.4
2025-01-18 03:00:00,7.89,7.937,7.816,7.848,23453.9
2025-01-18 03:30:00,7.848,7.851,7.687,7.726,80667.2
2025-01-18 04:00:00,7.726,7.801,7.676,7.696,21623.9
2025-01-18 04:30:00,7.696,7.773,7.681,7.734,20657.3
2025-01-18 05:00:00,7.734,7.764,7.631,7.685,34454.8
2025-01-18 05:30:00,7.685,7.7,7.465,7.471,160239.2
2025-01-18 06:00:00,7.471,7.635,7.465,7.59,37921.8
2025-01-18 06:30:00,7.59,7.657,7.551,7.593,39558.2
2025-01-18 07:00:00,7.593,7.604,7.527,7.557,39210.9
2025-01-18 07:30:00,7.557,7.558,7.46,7.493,31120.7
2025-01-18 08:00:00,7.493,7.494,7.37,7.47,87530.9
2025-01-18 08:30:00,7.47,7.525,7.47,7.503,26044.6
2025-01-18 09:00:00,7.503,7.533,7.465,7.49,78911.3
2025-01-18 09:30:00,7.49,7.49,7.413,7.472,18721.7
2025-01-18 10:00:00,7.472,7.518,7.44,7.469,25126.6
2025-01-18 10:30:00,7.469,7.511,7.407,7.494,32734.3
2025-01-18 11:00:00,7.494,7.501,7.423,7.477,20309.1
2025-01-18 11:30:00,7.477,7.569,7.453,7.534,40371.4
2025-01-18 12:00:00,7.534,7.559,7.495,7.499,33524.6
2025-01-18 12:30:00,7.499,7.522,7.45,7.45,11992.9
2025-01-18 13:00:00,7.45,7.485,7.405,7.465,28155.7
2025-01-18 13:30:00,7.465,7.524,7.461,7.519,18404.6
2025-01-18 14:00:00,7.519,7.547,7.484,7.485,9989.8
2025-01-18 14:30:00,7.485,7.502,7.408,7.409,19097.1
2025-01-18 15:00:00,7.409,7.498,7.354,7.492,34438.7
2025-01-18 15:30:00,7.492,7.55,7.445,7.445,28116.7
2025-01-18 16:00:00,7.445,7.529,7.367,7.431,90222.3
2025-01-18 16:30:00,7.431,7.468,7.311,7.311,76754.4
2025-01-18 17:00:00,7.311,7.414,7.311,7.38,77011.8
2025-01-18 17:30:00,7.38,7.405,7.332,7.332,17532.1
2025-01-18 18:00:00,7.332,7.383,7.306,7.377,12279.0
2025-01-18 18:30:00,7.377,7.416,7.327,7.347,11136.1
2025-01-18 19:00:00,7.347,7.409,7.342,7.4,7646.2
2025-01-18 19:30:00,7.4,7.471,7.39,7.462,6643.8
2025-01-18 20:00:00,7.462,7.478,7.361,7.375,12443.2
2025-01-18 20:30:00,7.375,7.403,7.332,7.366,14091.1
2025-01-18 21:00:00,7.366,7.421,7.363,7.414,12792.7
2025-01-18 21:30:00,7.414,7.415,7.361,7.362,5724.6
2025-01-18 22:00:00,7.362,7.432,7.353,7.428,9085.8
2025-01-18 22:30:00,7.428,7.442,7.412,7.42,47310.8
2025-01-18 23:00:00,7.42,7.528,7.419,7.521,5812.2
2025-01-18 23:30:00,7.521,7.562,7.47,7.474,15690.4
2025-01-19 00:00:00,7.474,7.546,7.437,7.541,16158.1
2025-01-19 00:30:00,7.541,7.575,7.497,7.501,30173.4
2025-01-19 01:00:00,7.501,7.609,7.499,7.568,11592.8
2025-01-19 01:30:00,7.568,7.62,7.551,7.598,24871.3
2025-01-19 02:00:00,7.598,7.632,7.578,7.626,10788.9
2025-01-19 02:30:00,7.626,7.634,7.527,7.539,16951.3
2025-01-19 03:00:00,7.539,7.552,7.466,7.488,19256.3
2025-01-19 03:30:00,7.488,7.524,7.449,7.45,8911.3
2025-01-19 04:00:00,7.45,7.49,7.385,7.431,19286.9
2025-01-19 04:30:00,7.431,7.434,7.362,7.383,6996.8
2025-01-19 05:00:00,7.383,7.388,7.299,7.372,60800.1
2025-01-19 05:30:00,7.372,7.375,7.288,7.375,23866.1
2025-01-19 06:00:00,7.375,7.375,7.323,7.351,6311.4
2025-01-19 06:30:00,7.351,7.351,7.286,7.295,12152.6
2025-01-19 07:00:00,7.295,7.305,7.207,7.231,126284.1
2025-01-19 07:30:00,7.231,7.302,7.226,7.245,9404.8
2025-01-19 08:00:00,7.245,7.249,7.09,7.09,72236.0
2025-01-19 08:30:00,7.09,7.146,7.046,7.066,71886.3
2025-01-19 09:00:00,7.066,7.076,6.93,6.979,102251.7
2025-01-19 09:30:00,6.979,7.137,6.943,7.121,59401.5
2025-01-19 10:00:00,7.121,7.121,7.009,7.039,37102.4
2025-01-19 10:30:00,7.039,7.126,7.026,7.028,19980.6
2025-01-19 11:00:00,7.028,7.068,6.956,6.957,20119.3
2025-01-19 11:30:00,6.957,6.976,6.882,6.93,45792.0
2025-01-19 12:00:00,6.93,7.024,6.927,6.984,26969.8
2025-01-19 12:30:00,6.984,7.094,6.976,7.08,34381.0
2025-01-19 13:00:00,7.08,7.136,7.057,7.125,59129.2
2025-01-19 13:30:00,7.125,7.212,7.114,7.212,23371.4
2025-01-19 14:00:00,7.212,7.363,7.177,7.352,89126.5
2025-01-19 14:30:00,7.352,7.353,7.252,7.33,46373.0
2025-01-19 15:00:00,7.33,7.433,7.315,7.332,57555.4
2025-01-19 15:30:00,7.332,7.387,7.3,7.324,40180.3
2025-01-19 16:00:00,7.324,7.351,7.272,7.307,40308.0
2025-01-19 16:30:00,7.307,7.314,7.267,7.286,15071.4
2025-01-19 17:00:00,7.286,7.308,7.222,7.301,34297.3
2025-01-19 17:30:00,7.301,7.407,7.27,7.4,15965.5
2025-01-19 18:00:00,7.4,7.436,7.378,7.389,36270.4
2025-01-19 18:30:00,7.389,7.406,7.336,7.391,54698.2
2025-01-19 19:00:00,7.391,7.427,7.35,7.418,21740.8
2025-01-19 19:30:00,7.418,7.442,7.352,7.397,18337.2
2025-01-19 20:00:00,7.397,7.456,7.374,7.386,36919.1
2025-01-19 20:30:00,7.386,7.388,7.267,7.308,48921.5
2025-01-19 21:00:00,7.308,7.317,7.071,7.124,103347.9
2025-01-19 21:30:00,7.124,7.153,6.892,6.903,104125.1
2025-01-19 22:00:00,6.903,7.019,6.79,7.006,150007.4
2025-01-19 22:30:00,7.006,7.007,6.616,6.842,194340.2
2025-01-19 23:00:00,6.842,6.842,6.53,6.583,101710.7
2025-01-19 23:30:00,6.583,6.744,6.554,6.694,81455.2
2025-01-20 00:00:00,6.694,6.699,6.551,6.569,81727.0
2025-01-20 00:30:00,6.569,6.613,6.442,6.463,89427.0
2025-01-20 01:00:00,6.463,6.61,6.463,6.545,27855.1
2025-01-20 01:30:00,6.545,6.643,6.507,6.58,48275.2
2025-01-20 02:00:00,6.58,6.828,6.571,6.821,83207.1
2025-01-20 02:30:00,6.821,6.865,6.669,6.694,87461.1
2025-01-20 03:00:00,6.694,6.786,6.657,6.715,53625.6
2025-01-20 03:30:00,6.715,6.789,6.702,6.759,55874.6
2025-01-20 04:00:00,6.759,6.759,6.668,6.707,28615.0
2025-01-20 04:30:00,6.707,6.837,6.694,6.741,19634.4
2025-01-20 05:00:00,6.741,6.881,6.735,6.766,21299.0
2025-01-20 05:30:00,6.766,6.805,6.712,6.803,30836.4
2025-01-20 06:00:00,6.803,6.871,6.791,6.82,55327.1
2025-01-20 06:30:00,6.82,7.234,6.79,7.178,91773.8
2025-01-20 07:00:00,7.178,7.542,7.17,7.275,169162.3
2025-01-20 07:30:00,7.275,7.281,7.121,7.208,45328.9
2025-01-20 08:00:00,7.208,7.304,7.178,7.25,35098.3
2025-01-20 08:30:00,7.25,7.287,7.209,7.245,15727.9
2025-01-20 09:00:00,7.245,7.303,7.19,7.217,25111.2
2025-01-20 09:30:00,7.217,7.25,7.141,7.189,30489.5
2025-01-20 10:00:00,7.189,7.228,7.166,7.225,13806.9
2025-01-20 10:30:00,7.225,7.23,7.071,7.104,33874.0
2025-01-20 11:00:00,7.104,7.134,7.031,7.109,28461.4
2025-01-20 11:30:00,7.109,7.162,7.104,7.147,13317.3
2025-01-20 12:00:00,7.147,7.171,6.865,6.97,92167.2
2025-01-20 12:30:00,6.97,7.007,6.869,6.931,62887.1
2025-01-20 13:00:00,6.931,7.003,6.903,6.956,29451.6
2025-01-20 13:30:00,6.956,7.023,6.913,7.0,37049.0
2025-01-20 14:00:00,7.0,7.021,6.954,6.974,29127.7
2025-01-20 14:30:00,6.974,7.021,6.946,7.001,32982.2
2025-01-20 15:00:00,7.001,7.001,6.909,6.976,43650.3
2025-01-20 15:30:00,6.976,6.976,6.842,6.879,39076.2
2025-01-20 16:00:00,6.879,6.929,6.736,6.876,46064.0
2025-01-20 16:30:00,6.876,6.991,6.849,6.983,43318.2
2025-01-20 17:00:00,6.983,6.99,6.71,6.809,214924.7
2025-01-20 17:30:00,6.809,6.85,6.505,6.69,233355.1
2025-01-20 18:00:00,6.69,6.811,6.68,6.781,38594.3
2025-01-20 18:30:00,6.781,6.876,6.761,6.838,21449.3
2025-01-20 19:00:00,6.838,6.846,6.77,6.798,38556.1
2025-01-20 19:30:00,6.798,6.839,6.762,6.8,26883.2
2025-01-20 20:00:00,6.8,6.807,6.745,6.768,25480.2
2025-01-20 20:30:00,6.768,6.863,6.768,6.808,25102.1
2025-01-20 21:00:00,6.808,6.849,6.79,6.81,12696.7
2025-01-20 21:30:00,6.81,6.85,6.689,6.693,20731.1
2025-01-20 22:00:00,6.693,6.758,6.626,6.735,44598.3
2025-01-20 22:30:00,6.735,6.837,6.735,6.815,15135.5
2025-01-20 23:00:00,6.815,6.816,6.722,6.787,33910.5
2025-01-20 23:30:00,6.787,6.805,6.703,6.731,16700.8
2025-01-21 00:00:00,6.731,6.746,6.649,6.657,37159.4
2025-01-21 00:30:00,6.657,6.717,6.596,6.603,34295.1
2025-01-21 01:00:00,6.603,6.7,6.577,6.577,29906.2
2025-01-21 01:30:00,6.577,6.683,6.553,6.621,50779.1
2025-01-21 02:00:00,6.621,6.641,6.553,6.59,15775.2
2025-01-21 02:30:00,6.59,6.62,6.516,6.618,11506.2
2025-01-21 03:00:00,6.618,6.649,6.557,6.56,13867.5
2025-01-21 03:30:00,6.56,6.6,6.534,6.58,7357.3
2025-01-21 04:00:00,6.58,6.58,6.501,6.522,19049.6
2025-01-21 04:30:00,6.522,6.594,6.449,6.594,28087.6
2025-01-21 05:00:00,6.594,6.622,6.55,6.612,25789.8
2025-01-21 05:30:00,6.612,6.632,6.521,6.522,10470.2
2025-01-21 06:00:00,6.522,6.615,6.498,6.575,20959.8
2025-01-21 06:30:00,6.575,6.648,6.559,6.626,13080.2
2025-01-21 07:00:00,6.626,6.672,6.597,6.672,17879.4
2025-01-21 07:30:00,6.672,6.677,6.618,6.64,8218.0
2025-01-21 08:00:00,6.64,6.688,6.589,6.671,24688.1
2025-01-21 08:30:00,6.671,6.671,6.581,6.621,7112.8
2025-01-21 09:00:00,6.621,6.694,6.603,6.635,8448.6
2025-01-21 09:30:00,6.635,6.655,6.597,6.65,6653.4
2025-01-21 10:00:00,6.65,6.759,6.635,6.753,16668.2
2025-01-21 10:30:00,6.753,6.802,6.705,6.784,18627.5
2025-01-21 11:00:00,6.784,6.878,6.761,6.861,21864.1
2025-01-21 11:30:00,6.861,6.861,6.771,6.841,54149.2
2025-01-21 12:00:00,6.841,6.889,6.8,6.858,24285.2
2025-01-21 12:30:00,6.858,6.86,6.787,6.794,17995.4
2025-01-21 13:00:00,6.794,6.861,6.744,6.805,29081.3
2025-01-21 13:30:00,6.805,6.852,6.772,6.839,8701.4
2025-01-21 14:00:00,6.839,6.897,6.791,6.897,14727.3
2025-01-21 14:30:00,6.897,6.897,6.74,6.757,35941.9
2025-01-21 15:00:00,6.757,6.809,6.708,6.792,23949.9
2025-01-21 15:30:00,6.792,6.815,6.75,6.81,10096.5
2025-01-21 16:00:00,6.81,6.986,6.805,6.907,49608.7
2025-01-21 16:30:00,6.907,6.943,6.868,6.909,22581.2
2025-01-21 17:00:00,6.909,6.992,6.9,6.978,23907.5
2025-01-21 17:30:00,6.978,7.302,6.961,7.263,88869.6
2025-01-21 18:00:00,7.263,7.365,7.172,7.195,91104.0
2025-01-21 18:30:00,7.195,7.33,7.19,7.289,53041.4
2025-01-21 19:00:00,7.289,7.291,7.16,7.195,65690.9
2025-01-21 19:30:00,7.195,7.201,7.121,7.168,45349.9
2025-01-21 20:00:00,7.168,7.239,7.143,7.148,28697.0
2025-01-21 20:30:00,7.148,7.154,7.086,7.114,45184.2
2025-01-21 21:00:00,7.114,7.132,7.036,7.065,16810.0
2025-01-21 21:30:00,7.065,7.188,7.05,7.168,22550.2
2025-01-21 22:00:00,7.168,7.275,7.113,7.274,48094.6
2025-01-21 22:30:00,7.274,7.387,7.238,7.238,140665.1
2025-01-21 23:00:00,7.238,7.278,7.141,7.17,60505.6
2025-01-21 23:30:00,7.17,7.264,7.17,7.237,23872.7
2025-01-22 00:00:00,7.237,7.373,7.155,7.191,51814.0
2025-01-22 00:30:00,7.191,7.242,7.125,7.235,15863.7
2025-01-22 01:00:00,7.235,7.235,7.127,7.14,14996.2
2025-01-22 01:30:00,7.14,7.171,7.092,7.117,15494.1
2025-01-22 02:00:00,7.117,7.134,7.093,7.118,5899.4
2025-01-22 02:30:00,7.118,7.168,7.115,7.158,12244.6
2025-01-22 03:00:00,7.158,7.185,7.116,7.173,37396.8
2025-01-22 03:30:00,7.173,7.173,7.105,7.112,10752.2
2025-01-22 04:00:00,7.112,7.162,7.108,7.129,5709.8
2025-01-22 04:30:00,7.129,7.144,7.072,7.135,8436.2
2025-01-22 05:00:00,7.135,7.178,7.129,7.13,16014.5
2025-01-22 05:30:00,7.13,7.152,7.115,7.133,8116.3
2025-01-22 06:00:00,7.133,7.198,7.097,7.11,12929.2
2025-01-22 06:30:00,7.11,7.163,7.11,7.162,10019.0
2025-01-22 07:00:00,7.162,7.2,7.142,7.177,9818.4
2025-01-22 07:30:00,7.177,7.205,7.139,7.139,7945.7
2025-01-22 08:00:00,7.139,7.155,7.04,7.061,27056.2
2025-01-22 08:30:00,7.061,7.104,7.019,7.102,15260.6
2025-01-22 09:00:00,7.102,7.126,7.059,7.119,14520.1
2025-01-22 09:30:00,7.119,7.151,7.102,7.127,11955.1
2025-01-22 10:00:00,7.127,7.14,7.101,7.13,8371.6
2025-01-22 10:30:00,7.13,7.201,7.113,7.176,17070.6
2025-01-22 11:00:00,7.176,7.232,7.154,7.19,35203.2
2025-01-22 11:30:00,7.19,7.259,7.185,7.227,55454.2
2025-01-22 12:00:00,7.227,7.28,7.219,7.24,14793.1
2025-01-22 12:30:00,7.24,7.249,7.182,7.226,17226.9
2025-01-22 13:00:00,7.226,7.245,7.167,7.178,13817.9
2025-01-22 13:30:00,7.178,7.219,7.102,7.123,32612.0
2025-01-22 14:00:00,7.123,7.211,7.069,7.209,31616.4
2025-01-22 14:30:00,7.209,7.236,7.104,7.167,21124.7
2025-01-22 15:00:00,7.167,7.189,7.111,7.122,11496.3
2025-01-22 15:30:00,7.122,7.215,7.085,7.193,38575.1
2025-01-22 16:00:00,7.193,7.206,7.123,7.199,41071.7
2025-01-22 16:30:00,7.199,7.235,7.169,7.187,12287.4
2025-01-22 17:00:00,7.187,7.225,7.172,7.202,27516.6
2025-01-22 17:30:00,7.202,7.26,7.174,7.254,14031.2
2025-01-22 18:00:00,7.254,7.306,7.146,7.178,14298.7
2025-01-22 18:30:00,7.178,7.207,7.072,7.078,28083.5
2025-01-22 19:00:00,7.078,7.166,7.076,7.15,16413.5
2025-01-22 19:30:00,7.15,7.227,7.117,7.182,18925.3
2025-01-22 20:00:00,7.182,7.245,7.162,7.241,16763.5
2025-01-22 20:30:00,7.241,7.253,7.162,7.175,5960.7
2025-01-22 21:00:00,7.175,7.183,7.066,7.071,30013.8
2025-01-22 21:30:00,7.071,7.136,7.071,7.087,14166.4
2025-01-22 22:00:00,7.087,7.116,7.043,7.085,15378.5
2025-01-22 22:30:00,7.085,7.157,7.04,7.041,17863.9
2025-01-22 23:00:00,7.041,7.079,7.001,7.051,26764.1
2025-01-22 23:30:00,7.051,7.059,7.02,7.053,7206.9
2025-01-23 00:00:00,7.053,7.076,7.021,7.052,7897.9
2025-01-23 00:30:00,7.052,7.079,6.956,7.001,58836.8
2025-01-23 01:00:00,7.001,7.045,6.969,7.044,12075.9
2025-01-23 01:30:00,7.044,7.054,6.931,6.941,22538.6
2025-01-23 02:00:00,6.941,6.96,6.87,6.896,49808.4
2025-01-23 02:30:00,6.896,6.935,6.881,6.911,12124.4
2025-01-23 03:00:00,6.911,6.978,6.896,6.951,41795.0
2025-01-23 03:30:00,6.951,6.965,6.886,6.909,10612.9
2025-01-23 04:00:00,6.909,6.923,6.857,6.865,35485.4
2025-01-23 04:30:00,6.865,6.894,6.835,6.868,17860.6
2025-01-23 05:00:00,6.868,6.926,6.868,6.903,6425.4
2025-01-23 05:30:00,6.903,6.945,6.892,6.924,9383.5
2025-01-23 06:00:00,6.924,6.957,6.894,6.941,11019.9
2025-01-23 06:30:00,6.941,6.947,6.873,6.886,9228.4
2025-01-23 07:00:00,6.886,6.953,6.865,6.923,8004.8
2025-01-23 07:30:00,6.923,6.989,6.9,6.976,14133.5
2025-01-23 08:00:00,6.976,6.979,6.926,6.939,9911.0
2025-01-23 08:30:00,6.939,6.953,6.868,6.871,10803.0
2025-01-23 09:00:00,6.871,6.921,6.86,6.91,13359.5
2025-01-23 09:30:00,6.91,6.917,6.815,6.835,24431.4
2025-01-23 10:00:00,6.835,6.86,6.826,6.844,7964.6
2025-01-23 10:30:00,6.844,6.853,6.785,6.814,22583.6
2025-01-23 11:00:00,6.814,6.861,6.796,6.84,8845.0
2025-01-23 11:30:00,6.84,6.894,6.84,6.879,9050.4
2025-01-23 12:00:00,6.879,6.879,6.761,6.793,13040.2
2025-01-23 12:30:00,6.793,6.82,6.751,6.776,19500.7
2025-01-23 13:00:00,6.776,6.802,6.729,6.739,20236.8
2025-01-23 13:30:00,6.739,6.882,6.739,6.858,18219.0
2025-01-23 14:00:00,6.858,6.859,6.794,6.824,9894.1
2025-01-23 14:30:00,6.824,7.025,6.814,6.973,71415.1
2025-01-23 15:00:00,6.973,7.022,6.819,6.894,71982.3
2025-01-23 15:30:00,6.894,7.0,6.891,6.958,15100.2
2025-01-23 16:00:00,6.958,7.124,6.951,7.046,100116.4
2025-01-23 16:30:00,7.046,7.088,6.985,6.997,48685.7
2025-01-23 17:00:00,6.997,6.997,6.911,6.975,48551.4
2025-01-23 17:30:00,6.975,7.062,6.96,7.022,18968.7
2025-01-23 18:00:00,7.022,7.06,6.952,6.982,20825.9
2025-01-23 18:30:00,6.982,6.993,6.888,6.89,28706.3
2025-01-23 19:00:00,6.89,6.893,6.788,6.834,45064.3
2025-01-23 19:30:00,6.834,6.866,6.761,6.793,28924.1
2025-01-23 20:00:00,6.793,7.047,6.759,6.999,65251.5
2025-01-23 20:30:00,6.999,7.029,6.835,6.87,49387.7
2025-01-23 21:00:00,6.87,6.906,6.758,6.796,22476.8
2025-01-23 21:30:00,6.796,6.829,6.752,6.794,11369.9
2025-01-23 22:00:00,6.794,6.952,6.78,6.941,26071.9
2025-01-23 22:30:00,6.941,7.013,6.939,7.004,30244.6
2025-01-23 23:00:00,7.004,7.07,6.95,7.033,37787.7
2025-01-23 23:30:00,7.033,7.093,7.023,7.062,13415.1
2025-01-24 00:00:00,7.062,7.097,7.044,7.058,15377.4
2025-01-24 00:30:00,7.058,7.06,6.92,6.933,34427.2
2025-01-24 01:00:00,6.933,6.979,6.897,6.978,30022.7
2025-01-24 01:30:00,6.978,6.98,6.864,6.878,10861.7
2025-01-24 02:00:00,6.878,6.881,6.809,6.837,24222.1
2025-01-24 02:30:00,6.837,6.847,6.781,6.807,17695.3
2025-01-24 03:00:00,6.807,6.901,6.789,6.877,13022.6
2025-01-24 03:30:00,6.877,6.954,6.874,6.913,31063.7
2025-01-24 04:00:00,6.913,6.956,6.866,6.947,11228.2
2025-01-24 04:30:00,6.947,7.059,6.932,7.044,24857.5
2025-01-24 05:00:00,7.044,7.123,7.018,7.108,44800.0
2025-01-24 05:30:00,7.108,7.222,7.095,7.205,25503.1
2025-01-24 06:00:00,7.205,7.218,7.135,7.144,47159.5
2025-01-24 06:30:00,7.144,7.154,7.09,7.103,18388.3
2025-01-24 07:00:00,7.103,7.157,7.068,7.078,8490.1
2025-01-24 07:30:00,7.078,7.086,7.053,7.058,4586.6
2025-01-24 08:00:00,7.058,7.158,7.042,7.158,24010.5
2025-01-24 08:30:00,7.158,7.191,7.132,7.182,35920.7
2025-01-24 09:00:00,7.182,7.199,7.148,7.153,30967.3
2025-01-24 09:30:00,7.153,7.162,7.114,7.149,26793.0
2025-01-24 10:00:00,7.149,7.185,7.137,7.166,18878.6
2025-01-24 10:30:00,7.166,7.241,7.163,7.236,38065.9
2025-01-24 11:00:00,7.236,7.28,7.214,7.225,18697.0
2025-01-24 11:30:00,7.225,7.225,7.177,7.201,16221.1
2025-01-24 12:00:00,7.201,7.226,7.139,7.141,17253.1
2025-01-24 12:30:00,7.141,7.192,7.131,7.192,19754.7
2025-01-24 13:00:00,7.192,7.234,7.16,7.19,19913.4
2025-01-24 13:30:00,7.19,7.215,7.173,7.21,11754.4
2025-01-24 14:00:00,7.21,7.227,7.171,7.222,32708.9
2025-01-24 14:30:00,7.222,7.248,7.146,7.187,23652.0
2025-01-24 15:00:00,7.187,7.225,7.125,7.138,13873.8
2025-01-24 15:30:00,7.138,7.138,7.061,7.122,26801.3
2025-01-24 16:00:00,7.122,7.14,7.092,7.123,8589.0
2025-01-24 16:30:00,7.123,7.132,7.061,7.065,13184.7
2025-01-24 17:00:00,7.065,7.125,7.044,7.121,21669.7
2025-01-24 17:30:00,7.121,7.159,7.106,7.13,32392.8
2025-01-24 18:00:00,7.13,7.148,7.096,7.12,19625.9
2025-01-24 18:30:00,7.12,7.128,7.066,7.079,10919.5
2025-01-24 19:00:00,7.079,7.1,7.054,7.08,9041.6
2025-01-24 19:30:00,7.08,7.094,7.029,7.038,18339.8
2025-01-24 20:00:00,7.038,7.065,6.983,6.987,19674.4
2025-01-24 20:30:00,6.987,6.999,6.908,6.909,19899.1
2025-01-24 21:00:00,6.909,6.966,6.9,6.954,16474.4
2025-01-24 21:30:00,6.954,6.97,6.911,6.923,47437.7
2025-01-24 22:00:00,6.923,7.002,6.897,6.935,132246.5
2025-01-24 22:30:00,6.935,6.95,6.885,6.888,14654.3
2025-01-24 23:00:00,6.888,6.897,6.841,6.851,38249.7
2025-01-24 23:30:00,6.851,6.886,6.837,6.88,9569.0
2025-01-25 00:00:00,6.88,6.88,6.812,6.822,9998.3
2025-01-25 00:30:00,6.822,6.83,6.782,6.79,21996.0
2025-01-25 01:00:00,6.79,6.906,6.784,6.891,12117.0
2025-01-25 01:30:00,6.891,6.913,6.889,6.895,5873.2
2025-01-25 02:00:00,6.895,6.924,6.864,6.901,5631.9
2025-01-25 02:30:00,6.901,6.92,6.885,6.898,5365.5
2025-01-25 03:00:00,6.898,6.925,6.877,6.92,10635.7
2025-01-25 03:30:00,6.92,6.963,6.919,6.948,7113.0
2025-01-25 04:00:00,6.948,6.948,6.895,6.908,4927.1
2025-01-25 04:30:00,6.908,6.91,6.882,6.891,5034.8
2025-01-25 05:00:00,6.891,6.902,6.862,6.897,3680.4
2025-01-25 05:30:00,6.897,6.913,6.881,6.883,5379.9
2025-01-25 06:00:00,6.883,6.909,6.855,6.857,6637.2
2025-01-25 06:30:00,6.857,6.866,6.833,6.847,10662.5
2025-01-25 07:00:00,6.847,6.856,6.824,6.834,7158.4
2025-01-25 07:30:00,6.834,6.852,6.816,6.825,6960.2
2025-01-25 08:00:00,6.825,6.844,6.781,6.805,30671.3
2025-01-25 08:30:00,6.805,6.81,6.773,6.792,16674.7
2025-01-25 09:00:00,6.792,6.796,6.744,6.746,12751.3
2025-01-25 09:30:00,6.746,6.765,6.721,6.74,8948.5
2025-01-25 10:00:00,6.74,6.777,6.715,6.749,8878.1
2025-01-25 10:30:00,6.749,6.811,6.747,6.805,7690.8
2025-01-25 11:00:00,6.805,6.825,6.794,6.804,8583.8
2025-01-25 11:30:00,6.804,6.86,6.796,6.84,15181.2
2025-01-25 12:00:00,6.84,6.848,6.821,6.827,8846.6
2025-01-25 12:30:00,6.827,6.876,6.816,6.875,9804.1
2025-01-25 13:00:00,6.875,6.924,6.872,6.908,23294.0
2025-01-25 13:30:00,6.908,6.922,6.878,6.888,11641.9
2025-01-25 14:00:00,6.888,6.899,6.842,6.88,11142.7
2025-01-25 14:30:00,6.88,6.893,6.844,6.887,9348.6
2025-01-25 15:00:00,6.887,6.977,6.887,6.938,13734.6
2025-01-25 15:30:00,6.938,6.99,6.937,6.983,7950.3
2025-01-25 16:00:00,6.983,7.014,6.949,6.97,33182.0
2025-01-25 16:30:00,6.97,6.979,6.918,6.979,14612.5
2025-01-25 17:00:00,6.979,6.997,6.951,6.992,25969.2
2025-01-25 17:30:00,6.992,7.009,6.953,7.007,12583.3
2025-01-25 18:00:00,7.007,7.043,6.963,6.988,32887.8
2025-01-25 18:30:00,6.988,7.014,6.965,6.995,7611.6
2025-01-25 19:00:00,6.995,7.015,6.967,6.971,9415.3
2025-01-25 19:30:00,6.971,7.01,6.971,6.993,11398.6
2025-01-25 20:00:00,6.993,7.015,6.97,7.001,6240.4
2025-01-25 20:30:00,7.001,7.012,6.949,6.951,9309.1
2025-01-25 21:00:00,6.951,6.979,6.928,6.97,17353.7
2025-01-25 21:30:00,6.97,6.992,6.946,6.978,6643.8
2025-01-25 22:00:00,6.978,7.043,6.977,7.021,53687.1
2025-01-25 22:30:00,7.021,7.023,6.995,7.012,16177.9
2025-01-25 23:00:00,7.012,7.042,6.985,7.016,55019.1
2025-01-25 23:30:00,7.016,7.016,6.957,6.972,12608.5
2025-01-26 00:00:00,6.972,7.015,6.933,7.013,14626.7
2025-01-26 00:30:00,7.013,7.042,6.992,7.017,12374.3
2025-01-26 01:00:00,7.017,7.028,6.992,7.02,3918.1
2025-01-26 01:30:00,7.02,7.025,6.973,6.981,2874.1
2025-01-26 02:00:00,6.981,6.984,6.943,6.968,4096.6
2025-01-26 02:30:00,6.968,6.982,6.951,6.98,4184.2
2025-01-26 03:00:00,6.98,7.028,6.977,7.028,6276.4
2025-01-26 03:30:00,7.028,7.072,7.01,7.048,8469.0
2025-01-26 04:00:00,7.048,7.128,7.027,7.11,24377.9
2025-01-26 04:30:00,7.11,7.12,7.066,7.078,23926.0
2025-01-26 05:00:00,7.078,7.084,7.012,7.019,5216.7
2025-01-26 05:30:00,7.019,7.056,7.015,7.047,8582.7
2025-01-26 06:00:00,7.047,7.051,7.02,7.034,7960.4
2025-01-26 06:30:00,7.034,7.058,7.032,7.053,6443.6
2025-01-26 07:00:00,7.053,7.08,7.05,7.054,7578.4
2025-01-26 07:30:00,7.054,7.145,7.035,7.132,31197.5
2025-01-26 08:00:00,7.132,7.171,7.107,7.107,23937.8
2025-01-26 08:30:00,7.107,7.118,7.075,7.085,18634.3
2025-01-26 09:00:00,7.085,7.091,7.016,7.034,27130.7
2025-01-26 09:30:00,7.034,7.037,6.989,7.028,20439.5
2025-01-26 10:00:00,7.028,7.058,7.012,7.04,8370.9
2025-01-26 10:30:00,7.04,7.044,6.973,7.023,14237.6
2025-01-26 11:00:00,7.023,7.052,7.007,7.019,17590.3
2025-01-26 11:30:00,7.019,7.074,7.016,7.058,9073.4
2025-01-26 12:00:00,7.058,7.059,7.018,7.038,13807.5
2025-01-26 12:30:00,7.038,7.066,7.017,7.062,10539.4
2025-01-26 13:00:00,7.062,7.095,7.05,7.071,58288.0
2025-01-26 13:30:00,7.071,7.105,7.062,7.085,8563.7
2025-01-26 14:00:00,7.085,7.085,7.019,7.02,15152.0
2025-01-26 14:30:00,7.02,7.035,6.969,6.969,18758.5
2025-01-26 15:00:00,6.969,6.993,6.93,6.983,20263.0
2025-01-26 15:30:00,6.983,6.995,6.939,6.952,7874.1
2025-01-26 16:00:00,6.952,6.956,6.914,6.95,18090.8
2025-01-26 16:30:00,6.95,6.986,6.95,6.972,10835.3
2025-01-26 17:00:00,6.972,6.989,6.942,6.944,12484.6
2025-01-26 17:30:00,6.944,7.012,6.941,6.985,9885.3
2025-01-26 18:00:00,6.985,7.025,6.962,7.012,11035.1
2025-01-26 18:30:00,7.012,7.018,6.992,7.0,13063.8
2025-01-26 19:00:00,7.0,7.009,6.973,6.981,6875.0
2025-01-26 19:30:00,6.981,7.008,6.974,7.002,19988.8
2025-01-26 20:00:00,7.002,7.015,6.988,7.005,22349.2
2025-01-26 20:30:00,7.005,7.01,6.917,6.94,127935.0
2025-01-26 21:00:00,6.94,6.942,6.886,6.903,74983.9
2025-01-26 21:30:00,6.903,6.92,6.854,6.855,12461.4
2025-01-26 22:00:00,6.855,6.858,6.805,6.853,26621.6
2025-01-26 22:30:00,6.853,6.891,6.824,6.839,11838.2
2025-01-26 23:00:00,6.839,6.839,6.736,6.784,58856.0
2025-01-26 23:30:00,6.784,6.784,6.726,6.731,25728.5
2025-01-27 00:00:00,6.731,6.767,6.624,6.705,61445.7
2025-01-27 00:30:00,6.705,6.705,6.625,6.635,23178.4
2025-01-27 01:00:00,6.635,6.661,6.56,6.589,44998.5
2025-01-27 01:30:00,6.589,6.631,6.514,6.518,66626.9
2025-01-27 02:00:00,6.518,6.533,6.457,6.467,71696.7
2025-01-27 02:30:00,6.467,6.486,6.427,6.44,27960.8
2025-01-27 03:00:00,6.44,6.547,6.431,6.53,25549.6
2025-01-27 03:30:00,6.53,6.53,6.476,6.492,8503.2
2025-01-27 04:00:00,6.492,6.493,6.376,6.384,23952.8
2025-01-27 04:30:00,6.384,6.405,6.327,6.332,34868.4
2025-01-27 05:00:00,6.332,6.371,6.285,6.309,32430.5
2025-01-27 05:30:00,6.309,6.312,6.211,6.289,97015.0
2025-01-27 06:00:00,6.289,6.322,6.23,6.238,30602.1
2025-01-27 06:30:00,6.238,6.238,6.126,6.127,114435.0
2025-01-27 07:00:00,6.127,6.163,5.866,5.878,216243.5
2025-01-27 07:30:00,5.878,6.09,5.865,6.064,88074.1
2025-01-27 08:00:00,6.064,6.067,5.946,6.023,51716.1
2025-01-27 08:30:00,6.023,6.023,5.918,6.005,39790.2
2025-01-27 09:00:00,6.005,6.103,5.978,6.022,58460.8
2025-01-27 09:30:00,6.022,6.086,6.018,6.078,19985.0
2025-01-27 10:00:00,6.078,6.078,5.984,5.988,29238.6
2025-01-27 10:30:00,5.988,5.988,5.891,5.906,82716.0
2025-01-27 11:00:00,5.906,6.005,5.901,5.991,48382.3
2025-01-27 11:30:00,5.991,6.029,5.89,5.891,42603.5
2025-01-27 12:00:00,5.891,5.931,5.807,5.83,64118.8
2025-01-27 12:30:00,5.83,6.073,5.821,6.047,63076.9
2025-01-27 13:00:00,6.047,6.174,6.004,6.087,99033.9
2025-01-27 13:30:00,6.087,6.126,6.006,6.02,55003.3
2025-01-27 14:00:00,6.02,6.039,5.974,5.998,32471.7
2025-01-27 14:30:00,5.998,6.287,5.969,6.255,77270.9
2025-01-27 15:00:00,6.255,6.315,6.167,6.261,75232.6
2025-01-27 15:30:00,6.261,6.36,6.248,6.347,42259.1
2025-01-27 16:00:00,6.347,6.354,6.176,6.176,81821.6
2025-01-27 16:30:00,6.176,6.177,6.029,6.065,69204.8
2025-01-27 17:00:00,6.065,6.115,5.99,6.044,39289.2
2025-01-27 17:30:00,6.044,6.102,5.981,5.999,32050.8
2025-01-27 18:00:00,5.999,6.041,5.97,5.981,26549.4
2025-01-27 18:30:00,5.981,5.999,5.924,5.932,32138.6
2025-01-27 19:00:00,5.932,6.046,5.932,6.044,34578.2
2025-01-27 19:30:00,6.044,6.046,5.976,6.036,25908.6
2025-01-27 20:00:00,6.036,6.129,6.014,6.098,24323.5
2025-01-27 20:30:00,6.098,6.277,6.098,6.25,75357.6
2025-01-27 21:00:00,6.25,6.322,6.24,6.243,53802.5
2025-01-27 21:30:00,6.243,6.255,6.169,6.204,44434.5
2025-01-27 22:00:00,6.204,6.236,6.172,6.199,26107.2
2025-01-27 22:30:00,6.199,6.271,6.192,6.221,19684.8
2025-01-27 23:00:00,6.221,6.244,6.187,6.196,10107.1
2025-01-27 23:30:00,6.196,6.227,6.176,6.223,20802.1
2025-01-28 00:00:00,6.223,6.299,6.207,6.241,54507.9
2025-01-28 00:30:00,6.241,6.242,6.174,6.184,16564.2
2025-01-28 01:00:00,6.184,6.194,6.112,6.112,11397.2
2025-01-28 01:30:00,6.112,6.199,6.111,6.171,13338.5
2025-01-28 02:00:00,6.171,6.23,6.159,6.205,20636.7
2025-01-28 02:30:00,6.205,6.237,6.189,6.23,18028.7
2025-01-28 03:00:00,6.23,6.24,6.184,6.225,10115.9
2025-01-28 03:30:00,6.225,6.254,6.209,6.223,5859.1
2025-01-28 04:00:00,6.223,6.248,6.222,6.241,8275.1
2025-01-28 04:30:00,6.241,6.295,6.24,6.265,45432.9
2025-01-28 05:00:00,6.265,6.304,6.26,6.288,7866.9
2025-01-28 05:30:00,6.288,6.319,6.264,6.269,15111.4
2025-01-28 06:00:00,6.269,6.27,6.184,6.193,14420.9
2025-01-28 06:30:00,6.193,6.211,6.142,6.154,19732.2
2025-01-28 07:00:00,6.154,6.176,6.126,6.16,12973.6
2025-01-28 07:30:00,6.16,6.161,6.055,6.075,37789.3
2025-01-28 08:00:00,6.075,6.078,6.03,6.035,24143.5
2025-01-28 08:30:00,6.035,6.047,5.991,6.046,37374.3
2025-01-28 09:00:00,6.046,6.049,5.975,5.978,25748.8
2025-01-28 09:30:00,5.978,6.063,5.978,6.054,24424.9
2025-01-28 10:00:00,6.054,6.064,6.015,6.036,37245.6
2025-01-28 10:30:00,6.036,6.041,6.005,6.005,10935.3
2025-01-28 11:00:00,6.005,6.027,5.966,5.973,23449.6
2025-01-28 11:30:00,5.973,5.999,5.93,5.974,40016.7
2025-01-28 12:00:00,5.974,6.007,5.937,5.945,41571.5
2025-01-28 12:30:00,5.945,5.945,5.88,5.905,74408.9
2025-01-28 13:00:00,5.905,6.057,5.905,6.046,70181.6
2025-01-28 13:30:00,6.046,6.046,5.975,5.996,29906.4
2025-01-28 14:00:00,5.996,5.996,5.901,5.949,44331.9
2025-01-28 14:30:00,5.949,6.022,5.933,5.966,86523.7
2025-01-28 15:00:00,5.966,6.055,5.963,6.048,63217.8
2025-01-28 15:30:00,6.048,6.086,5.976,6.002,52963.5
2025-01-28 16:00:00,6.002,6.01,5.905,5.919,43615.1
2025-01-28 16:30:00,5.919,5.945,5.874,5.897,54764.1
2025-01-28 17:00:00,5.897,5.963,5.891,5.924,30716.2
2025-01-28 17:30:00,5.924,5.926,5.852,5.883,31856.5
2025-01-28 18:00:00,5.883,5.9,5.843,5.859,49430.0
2025-01-28 18:30:00,5.859,5.873,5.768,5.776,86139.1
2025-01-28 19:00:00,5.776,5.792,5.717,5.776,84980.4
2025-01-28 19:30:00,5.776,5.788,5.729,5.761,28815.9
2025-01-28 20:00:00,5.761,5.766,5.701,5.742,39009.0
2025-01-28 20:30:00,5.742,5.742,5.576,5.579,136844.2
2025-01-28 21:00:00,5.579,5.705,5.578,5.662,45493.0
2025-01-28 21:30:00,5.662,5.666,5.503,5.506,96212.5
2025-01-28 22:00:00,5.506,5.563,5.46,5.477,156128.8
2025-01-28 22:30:00,5.477,5.536,5.459,5.528,40201.5
2025-01-28 23:00:00,5.528,5.553,5.481,5.489,16898.4
2025-01-28 23:30:00,5.489,5.555,5.46,5.539,21370.6
2025-01-29 00:00:00,5.539,5.661,5.517,5.618,51287.2
2025-01-29 00:30:00,5.618,5.661,5.594,5.631,15270.5
2025-01-29 01:00:00,5.631,5.684,5.631,5.669,64540.6
2025-01-29 01:30:00,5.669,5.721,5.668,5.69,30530.3
2025-01-29 02:00:00,5.69,5.756,5.68,5.702,27455.3
2025-01-29 02:30:00,5.702,5.718,5.679,5.694,12248.6
2025-01-29 03:00:00,5.694,5.745,5.69,5.716,14839.2
2025-01-29 03:30:00,5.716,5.761,5.697,5.751,15399.6
2025-01-29 04:00:00,5.751,5.799,5.738,5.778,27732.3
2025-01-29 04:30:00,5.778,5.803,5.772,5.793,11979.5
2025-01-29 05:00:00,5.793,5.806,5.765,5.768,12052.4
2025-01-29 05:30:00,5.768,5.783,5.752,5.78,13713.2
2025-01-29 06:00:00,5.78,5.8,5.764,5.798,11329.8
2025-01-29 06:30:00,5.798,5.874,5.798,5.857,37700.8
2025-01-29 07:00:00,5.857,5.88,5.841,5.873,19658.4
2025-01-29 07:30:00,5.873,5.932,5.848,5.924,30631.6
2025-01-29 08:00:00,5.924,5.963,5.905,5.919,23240.5
2025-01-29 08:30:00,5.919,5.942,5.863,5.875,81624.0
2025-01-29 09:00:00,5.875,5.875,5.784,5.789,24834.5
2025-01-29 09:30:00,5.789,5.836,5.771,5.786,17818.7
2025-01-29 10:00:00,5.786,5.861,5.757,5.843,11946.8
2025-01-29 10:30:00,5.843,5.845,5.795,5.815,7625.4
2025-01-29 11:00:00,5.815,5.868,5.792,5.822,17292.1
2025-01-29 11:30:00,5.822,5.845,5.807,5.823,6773.4
2025-01-29 12:00:00,5.823,5.842,5.777,5.786,13006.4
2025-01-29 12:30:00,5.786,5.794,5.727,5.737,18040.6
2025-01-29 13:00:00,5.737,5.748,5.649,5.658,41602.4
2025-01-29 13:30:00,5.658,5.72,5.591,5.6,40788.6
2025-01-29 14:00:00,5.6,5.614,5.572,5.594,40251.0
2025-01-29 14:30:00,5.594,5.598,5.511,5.519,69236.5
2025-01-29 15:00:00,5.519,5.574,5.502,5.511,64177.8
2025-01-29 15:30:00,5.511,5.545,5.486,5.512,24517.7
2025-01-29 16:00:00,5.512,5.515,5.4,5.434,133454.9
2025-01-29 16:30:00,5.434,5.45,5.33,5.382,94336.2
2025-01-29 17:00:00,5.382,5.495,5.376,5.491,56194.6
2025-01-29 17:30:00,5.491,5.527,5.461,5.467,31144.9
2025-01-29 18:00:00,5.467,5.487,5.397,5.446,53406.2
2025-01-29 18:30:00,5.446,5.584,5.444,5.577,90097.4
2025-01-29 19:00:00,5.577,5.577,5.306,5.32,141051.9
2025-01-29 19:30:00,5.32,5.707,5.314,5.592,177093.2
2025-01-29 20:00:00,5.592,5.812,5.5,5.79,114148.7
2025-01-29 20:30:00,5.79,5.834,5.675,5.698,95421.2
2025-01-29 21:00:00,5.698,5.752,5.636,5.752,77349.0
2025-01-29 21:30:00,5.752,5.784,5.676,5.676,45813.2
2025-01-29 22:00:00,5.676,5.678,5.567,5.622,91561.6
2025-01-29 22:30:00,5.622,5.665,5.55,5.55,37219.6
2025-01-29 23:00:00,5.55,5.575,5.521,5.536,49832.3
2025-01-29 23:30:00,5.536,5.538,5.463,5.479,14532.6
2025-01-30 00:00:00,5.479,5.506,5.416,5.43,37621.2
2025-01-30 00:30:00,5.43,5.516,5.415,5.504,21052.9
2025-01-30 01:00:00,5.504,5.567,5.475,5.549,53658.0
2025-01-30 01:30:00,5.549,5.612,5.545,5.591,36336.5
2025-01-30 02:00:00,5.591,5.653,5.561,5.642,22770.6
2025-01-30 02:30:00,5.642,5.651,5.577,5.632,27772.7
2025-01-30 03:00:00,5.632,5.66,5.62,5.65,34953.9
2025-01-30 03:30:00,5.65,5.699,5.628,5.699,24707.4
2025-01-30 04:00:00,5.699,5.746,5.657,5.728,37120.0
2025-01-30 04:30:00,5.728,5.736,5.674,5.723,16755.4
2025-01-30 05:00:00,5.723,5.725,5.679,5.685,27919.4
2025-01-30 05:30:00,5.685,5.705,5.655,5.699,19688.0
2025-01-30 06:00:00,5.699,5.752,5.693,5.715,28090.8
2025-01-30 06:30:00,5.715,5.74,5.7,5.709,14407.1
2025-01-30 07:00:00,5.709,5.728,5.653,5.66,25534.0
2025-01-30 07:30:00,5.66,5.693,5.621,5.69,12542.4
2025-01-30 08:00:00,5.69,5.713,5.65,5.7,34211.9
2025-01-30 08:30:00,5.7,5.776,5.684,5.767,35067.2
2025-01-30 09:00:00,5.767,5.822,5.745,5.81,47870.5
2025-01-30 09:30:00,5.81,5.838,5.784,5.801,53981.7
2025-01-30 10:00:00,5.801,5.804,5.751,5.779,26313.4
2025-01-30 10:30:00,5.779,5.84,5.775,5.82,25055.6
2025-01-30 11:00:00,5.82,5.822,5.771,5.781,14931.5
2025-01-30 11:30:00,5.781,5.829,5.774,5.813,10235.9
2025-01-30 12:00:00,5.813,5.827,5.728,5.743,34746.0
2025-01-30 12:30:00,5.743,5.769,5.723,5.746,54454.2
2025-01-30 13:00:00,5.746,5.812,5.726,5.812,26926.2
2025-01-30 13:30:00,5.812,5.827,5.763,5.8,57898.4
2025-01-30 14:00:00,5.8,5.826,5.775,5.808,24201.9
2025-01-30 14:30:00,5.808,5.934,5.799,5.924,84595.0
2025-01-30 15:00:00,5.924,5.959,5.869,5.882,59917.5
2025-01-30 15:30:00,5.882,5.94,5.864,5.871,48352.7
2025-01-30 16:00:00,5.871,5.922,5.85,5.907,33796.0
